{"ceb":{"0":" sa ","1":"ang ","2":" ang","3":" nga","4":"nga ","5":" ug ","6":"mga ","7":" mga","8":"ong ","9":" pag","10":" kin","11":" kan","12":" ka ","13":"iya ","14":"han ","15":" ni ","16":"lang","17":" nag","18":"ini ","19":"kina","20":"iini","21":"lan ","22":"anga","23":"anan","24":" kat","25":"gon ","26":" usa","27":"ngan","28":"iyan","29":" nii","30":"niin","31":"tang","32":"etro","33":"metr","34":"usa ","35":"yang","36":"ila ","37":"ngon","38":"kasa","39":"ingo","40":" iya","41":"ihan","42":"alan","43":" mag","44":"ulan","45":" kas","46":" mao","47":"kani","48":"tan ","49":"utan","50":"nan ","51":"yon ","52":"bot ","53":"tro ","54":" ako","55":" si ","56":"ahim","57":"ing ","58":"ala ","59":"sod ","60":"gan ","61":"siya","62":"riya","63":"mong","64":"oriy","65":" nah","66":" siy","67":"kate","68":"egor","69":"gori","70":"tego","71":"ateg","72":"libo","73":" pan","74":"pan ","75":"agat","76":"alib","77":"kong","78":"adto","79":"agpa","80":"wala","81":"nahi","82":" wal","83":" nas","84":"kan ","85":"ibot","86":"ahan","87":"ili ","88":"ako ","89":"gang","90":"pagk","91":"niya","92":"tawo","93":"ahin","94":"pali","95":" \u00b0c ","96":" pal","97":"aron","98":"mao ","99":" mak","100":"naso","101":"dili","102":"tana","103":"imon","104":"atan","105":"ohan","106":"ron ","107":"uban","108":"agka","109":"kay ","110":"dto ","111":"asod","112":" kay","113":"atag","114":"anak","115":"kini","116":"nang","117":" mil","118":" kam","119":"hang","120":"ilan","121":"anon","122":" jeh","123":"ova ","124":"mata","125":"inab","126":"jeho","127":" dil","128":"ehov","129":"hova","130":"hin ","131":" tan","132":"ran ","133":" kon","134":"aran","135":" bah","136":"akon","137":"bahi","138":" taw","139":"apit","140":" sil","141":" bul","142":"mili","143":" mat","144":"maka","145":"kang","146":"tag ","147":"pit ","148":"bang","149":"ilim","150":" ila","151":"sila","152":"bula","153":" man","154":"kana","155":" kah","156":"ton ","157":"baba","158":"lime","159":"imet","160":" km ","161":"imo ","162":" ala","163":"himu","164":"alay","165":"himo","166":"diha","167":"awo ","168":"nay ","169":" dag","170":"apan","171":" gih","172":" kal","173":"lay ","174":"tong","175":" dih","176":"init","177":"muta","178":"ikan","179":" bas","180":"imut","181":"ado ","182":"rang","183":" ana","184":" gik","185":"san ","186":" imo","187":" tin","188":" sub","189":"pang","190":"non ","191":"ana ","192":"basi","193":"sara","194":" uba","195":"gika","196":"lala","197":"siha","198":"laka","199":"tung","200":" gi ","201":"asih","202":"ning","203":"asar","204":" mah","205":" nan","206":"gata","207":"suba","208":"ayon","209":"ungo","210":"abaw","211":"abog","212":"maga","213":"pagp","214":"uba ","215":"nila","216":"ita ","217":"nak ","218":"baw ","219":"naga","220":" apa","221":"habo","222":"nabu","223":"hana","224":" lal","225":"yuta","226":" bal","227":"alag","228":"inyo","229":"aan ","230":" dap","231":"baga","232":"iha ","233":"nawa","234":"dapi","235":"gala","236":"sang","237":"syon","238":" kab","239":"long","240":"naha","241":"pana","242":"kata","243":"abag","244":"akan","245":"unsa","246":"asad","247":"ayo ","248":"kamo","249":"adpa","250":"man ","251":"kita","252":"uta ","253":"yong","254":" nak","255":"bala","256":"god ","257":" iba","258":"ban ","259":"unay","260":"dpan","261":"sadp","262":"duna","263":" met","264":" hab","265":"ibab","266":"ngad","267":"haba","268":"gadt","269":"wan ","270":"awan","271":"agha","272":"aton","273":" yut","274":"itan","275":" kar","276":"aayo","277":" uns","278":"aniy","279":" ing","280":" ulo","281":"ngal","282":"idla","283":"loha","284":"awa ","285":"sidl","286":"dlak","287":"mahi","288":"ngto","289":"inin","290":"ling","291":"inah","292":"ngod","293":" nia","294":"agi ","295":"gat ","296":"miha","297":" mas","298":"amat","299":"ero ","300":"auga","301":" pa ","302":"uloh","303":" est","304":" ika","305":"daga","306":"iyam","307":"ahab","308":"agsa","309":"giha","310":"may ","311":" gin","312":"aagi","313":" kad","314":" gip","315":" niy","316":"say ","317":"kali","318":"kon ","319":" ami","320":" bis","321":"kabu","322":"isan","323":"boga","324":"amih","325":"nyo ","326":"kaha","327":"lima","328":"kada","329":" bat","330":"tuig","331":"ima ","332":"esta","333":" gii","334":"uhat","335":"karo","336":" na ","337":"hon ","338":" tun","339":"aon ","340":"anag","341":"nsa ","342":"ulon","343":"aban","344":"amga","345":"yamg","346":"bisa","347":"nagp","348":"paga","349":"nong","350":" aro","351":"amo ","352":"anaw","353":" pin","354":"akit","355":" may","356":" tui","357":"pulo","358":"uig ","359":" lan","360":"ros ","361":"gipa","362":"giin","363":"pagt","364":"iing","365":"stad","366":"anil","367":" ko ","368":"hari","369":"tado","370":"tros","371":"iton","372":"gula","373":"asyo","374":"bung","375":"ugna","376":"abug","377":"kaw ","378":" nal","379":"alak","380":"hata","381":"buha","382":"lake","383":"pagh","384":"buki","385":"mang","386":"usab","387":" diy","388":"ake ","389":"naka","390":"ghan","391":"inai","392":"ener","393":"kop ","394":"ada ","395":"basa","396":"gnaw","397":"alin","398":"bugn","399":" kli","400":"sab ","401":"una ","402":"diyo","403":"klim","404":"iyos","405":"ahon","406":"ungt","407":" dun","408":"adla","409":"aghi","410":"kama","411":"gaha","412":"yos ","413":"buta","414":"dlaw","415":" esp","416":"asin","417":"nako","418":"dagh","419":"igan","420":"naba","421":" kau","422":"gali","423":"tay ","424":"nimo","425":" dak","426":"iyon","427":" kaa","428":"aing","429":"aini","430":" adl","431":"nito","432":"agtu","433":" o ","434":"kaba","435":"bato","436":"angl","437":"dton","438":"ulo ","439":" sak","440":"nain","441":" pul","442":"angi","443":" mii","444":"nita","445":"hano","446":" tub","447":"miin","448":"dios","449":"pina","450":"uha ","451":" sam","452":"iana","453":"kala","454":"pata","455":" ula","456":"way ","457":"mas ","458":" dio","459":"pay ","460":" hin","461":"pon ","462":"lung","463":" maa","464":"ios ","465":"hat ","466":"abuh","467":" tal","468":"lawi","469":"ato ","470":"anim","471":"ataw","472":"pags","473":"nero","474":"ari ","475":"dala","476":"pagu","477":"agul","478":"kapa","479":"hiyo","480":"maha","481":"nana","482":"niny","483":" ban","484":" hul","485":"agad","486":" har","487":"law ","488":"abas","489":"buhi","490":"tuba","491":"ugah","492":"pag ","493":"tinu","494":"iran","495":" lun","496":"ngka","497":"nian","498":"ting","499":"sing","500":"mala","501":"oga ","502":" kil","503":"otan","504":"atay","505":"agsu","506":"sto ","507":"dan ","508":"akap","509":"was ","510":"ikaw","511":"tod ","512":"agap","513":" bun","514":"alaw","515":"ansi","516":"naug","517":" ato","518":" say","519":"naw ","520":"adun","521":"paki","522":"bre ","523":"agla","524":"tubi","525":"ubig","526":"ungs","527":"ngla","528":"inau","529":"sama","530":"agba","531":" bab","532":" ba ","533":"ngso","534":"bana","535":"iadt","536":"kahi","537":"ogan","538":"glan","539":"awig","540":"asan","541":"gawa","542":" kap","543":"agta","544":"oan ","545":"abay","546":"sala","547":"inga","548":"hala","549":"pada","550":"yan ","551":"dako","552":"kasi","553":"lawa","554":"gong","555":"gsod","556":"uhi ","557":"ghim","558":"asaa","559":"saan","560":"kilo","561":"wiga","562":"maay","563":"mot ","564":"kaay","565":"rado","566":"mana","567":"mon ","568":"awas","569":"lyo ","570":" sul","571":" jes","572":"ilom","573":"ata ","574":"omet","575":" una","576":" sal","577":" git","578":"jesu","579":"lome","580":"maoy","581":"anin","582":"aoy ","583":"apon","584":"ehiy","585":"sulo","586":" ene","587":" hal","588":"tala","589":"labi","590":"nyon","591":"nod ","592":"inaa","593":" but","594":"oon ","595":"ael ","596":"pani","597":" gib","598":"ama ","599":"naag","600":" min","601":"gayo","602":" nat","603":"ysay","604":"aysa","605":"says","606":"aman","607":"uod ","608":" reh","609":"rael","610":"gtod","611":" kom","612":"isra","613":"srae","614":" isr","615":"dad ","616":"lana","617":"rehi","618":"land","619":"hapo","620":"nya ","621":"oran","622":"pagb","623":"gapa","624":"embr","625":"bag ","626":"balo","627":"rist","628":"abuk","629":"lag ","630":" nin","631":"hula","632":"unod","633":"akab","634":"anah","635":"ging","636":"agan","637":"ugal","638":"naho","639":" gay","640":"gpan","641":"anka","642":" mis","643":"sult","644":"yag ","645":"huly","646":"ulyo","647":" bus","648":" sid","649":"ihap","650":"aong","651":"sus ","652":"lat ","653":" hap","654":"ukir","655":"kira","656":"bos ","657":"nsid","658":"mbre","659":"huna","660":"isto","661":"akig","662":"gita","663":"uman","664":"ount","665":"amot","666":"laga","667":" buh","668":"sula","669":"nkas","670":"ulag","671":"alis","672":"esus","673":"ingk","674":"agwa","675":" mal","676":"amon","677":"nato","678":" pro","679":" pat","680":" paa","681":" lab","682":"hing","683":"busa","684":"atub","685":"atin","686":"nsan","687":" gis","688":" iny","689":"gad ","690":"ulti","691":"ayan","692":"ipon","693":"kaug","694":" did","695":"idto","696":"yemb","697":"didt","698":"maon","699":"nali","700":"hinu","701":"agda","702":"alig","703":"niad","704":"nag ","705":"saon","706":"ngit","707":"nagt","708":"bata","709":"gkam","710":"sta ","711":"adra","712":"sugo","713":" kwa","714":"suno","715":" \u200b ","716":"paag","717":"nsay","718":"ubos","719":"ibal","720":"wadr","721":"drad","722":"nalu","723":"lama","724":"kwad","725":"inun","726":"nia ","727":"lain","728":"anta","729":"anay","730":"angu","731":"gway","732":"anhi","733":"luko","734":" nor","735":"hapi","736":"matu","737":"ukop","738":" bib","739":"gsal","740":" lak","741":"gkas","742":" kit","743":"and ","744":"ista","745":"liya","746":"lod ","747":"angk","748":"bibl","749":"ngha","750":"aluk","751":"ahit","752":"taga","753":"agma","754":"baye","755":" san","756":"ming","757":"pula","758":"ulat","759":"ulod","760":" buk","761":"kasu","762":"kami","763":" par","764":"nhi ","765":"nagh","766":"unta","767":"ahib","768":"bliy","769":"omon","770":"ogon","771":"tali","772":"ugma","773":" mos","774":" han","775":"abot","776":"ansa","777":"gina","778":" mo ","779":"ibli","780":" adu","781":"tok ","782":"uran","783":" nil","784":"log ","785":"ian ","786":"tabo","787":"alip","788":"osto","789":"gano","790":"but ","791":"amah","792":" kri","793":"agab","794":"alo ","795":" ama","796":"era ","797":"ayag","798":"ilin","799":"katu","800":" de ","801":" ubo","802":"lagw","803":"ina ","804":"asal","805":" uny","806":"unya","807":"pasa","808":"duha","809":"list","810":" atu","811":"igsa","812":"kris","813":"nags","814":"lasy","815":"alam","816":"lags","817":"hila","818":"ngay","819":"akop","820":" gam","821":"inad","822":"kins","823":" tag","824":"aye ","825":"salu","826":"gama","827":"insa","828":"gpak","829":"mtan","830":"kond","831":"akak","832":"iyak","833":"abut","834":"hiba","835":" hun","836":"lipa","837":"kod ","838":"agah","839":" lam","840":"gsao","841":"sako","842":"isul","843":"lti ","844":"magp","845":"alad","846":"yaka","847":"pahi","848":"ukid","849":"unga","850":"nagl","851":"yaw ","852":"gana","853":"agbu","854":"awon","855":"alaa","856":"atar","857":"gdan","858":"awoh","859":"woha","860":" amo","861":"apag","862":" pop","863":"uyo ","864":"atok","865":"pagl","866":"umal","867":"iyap","868":"aro ","869":" sum","870":" mit","871":"ipay","872":"akat","873":"aria","874":"bali","875":"ugo ","876":" bot","877":"opul","878":"rong","879":"popu","880":" hil","881":"gay ","882":"bili","883":" dis","884":" pay","885":"alur","886":"pyo ","887":"lura","888":"gugm","889":"abo ","890":"agal","891":"espe","892":"komo","893":"bigs","894":"taba","895":" gid","896":"espi","897":"aas ","898":"dos ","899":"abil","900":" mar","901":"gog ","902":" nam","903":"spir","904":"taas","905":"anal","906":"apos","907":"nala","908":"ngog","909":"spes","910":"laro","911":"kid ","912":" tib","913":"gihu","914":"ulas","915":" cou","916":"ias ","917":"angh","918":"aday","919":"asa ","920":"pesy","921":" map","922":"abun","923":"gisu","924":"piri","925":"ulog","926":"mali","927":"irit","928":"bans","929":"klar","930":"inoo","931":"liwa","932":"yod ","933":"aliw","934":"ung ","935":"coun","936":"ingh","937":"kati","938":"alik","939":"atuo","940":" dal","941":"nadu","942":"ion ","943":"yapa","944":"isip","945":"nte ","946":"ali ","947":"ritu","948":"ania","949":"pong","950":"unty","951":"nty ","952":" on ","953":"onga","954":" sin","955":"tina","956":"itab","957":"pagd","958":" gil","959":"dayo","960":"sye ","961":"gkla","962":"ano ","963":"agkl","964":"amay","965":"agai","966":"gka ","967":" dug","968":"dula","969":"hita","970":" mam","971":"kuha","972":"agos","973":"esye","974":" law","975":"isyo","976":"adul","977":"bota","978":"apul","979":"ami ","980":"angg","981":"iver","982":"paha","983":"ilab","984":"akad","985":"angt","986":"ver ","987":"anaa","988":"sali","989":"onan","990":"onda","991":"asag","992":"aksi","993":"nahu","994":"nta ","995":"toha","996":"gain","997":"indo","998":"tini","999":"ngaw","1000":"unah","1001":" riv","1002":"gsul","1003":"gkat","1004":"lin ","1005":"akas","1006":" ago","1007":"laan","1008":"ain ","1009":"ahun","1010":"bogo","1011":"ayod","1012":"awha","1013":"duga","1014":"abin","1015":"unan","1016":" pam","1017":"don ","1018":" lai","1019":"aya ","1020":"nagk","1021":"agas","1022":"inuo","1023":"rive","1024":"bong","1025":"nada","1026":"hong","1027":"anat","1028":"alap","1029":"abal","1030":"nsiy","1031":"atap","1032":"gihi","1033":"wat ","1034":"ingt","1035":"mati","1036":"ati ","1037":"apat","1038":" mia","1039":"abat","1040":"hene","1041":"suma","1042":" tig","1043":"gost","1044":"tans","1045":"iko ","1046":"gtuo","1047":"inip","1048":"gtor","1049":"gino","1050":"nto ","1051":"dung","1052":"nipo","1053":"aghu","1054":"iak ","1055":" kag","1056":" sia","1057":"tulo","1058":"dado","1059":"tamb","1060":"siak","1061":"gida","1062":"ula ","1063":"ahen","1064":" cre","1065":"gton","1066":"nom ","1067":"ihul","1068":"ihab","1069":"asul","1070":"ngin","1071":"nera","1072":"awat","1073":"soon","1074":" pas","1075":"apas","1076":"ihat","1077":"sent","1078":"ghar","1079":"gpas","1080":"gsoo","1081":"gatu","1082":"iyem","1083":"yng ","1084":"ebre","1085":"uol ","1086":"kadu","1087":"pala","1088":"nhon","1089":"ahay","1090":" pun","1091":"entr","1092":"tibo","1093":" jer","1094":"whan","1095":"mama","1096":"tawh","1097":"udlo","1098":"git ","1099":" med","1100":"hina","1101":"alog","1102":"tano","1103":"ntro","1104":" nap","1105":"ngko","1106":"mit ","1107":"ugan","1108":"laki","1109":"pasi","1110":"tank","1111":"ksi ","1112":" mai","1113":"gibu","1114":"igso","1115":"tora","1116":"pama","1117":" mab","1118":"naa ","1119":"walo","1120":"gma ","1121":" moa","1122":"amin","1123":"gabu","1124":"inat","1125":"ampo","1126":" sen","1127":"pila","1128":" jud","1129":" fyl","1130":"ikal","1131":"lke ","1132":"fylk","1133":"saks","1134":"agin","1135":"ylke","1136":"son ","1137":"wag ","1138":"laba","1139":"lig ","1140":"mosu","1141":"hato","1142":"kahe","1143":"lad ","1144":"maki","1145":" mol","1146":" an ","1147":"kadt","1148":"rian","1149":"kit ","1150":"apah","1151":"dam ","1152":"ayud","1153":"ubag","1154":"yud ","1155":"amit","1156":"nung","1157":"ayng","1158":"sinu","1159":"disy","1160":"inum","1161":"tuod","1162":" car","1163":"giba","1164":"stoh","1165":"abih","1166":"kaon","1167":"kapi","1168":" ipa","1169":"ibut","1170":"nagb","1171":"gtud","1172":"saga","1173":"agli","1174":"gila","1175":"ndog","1176":" mot","1177":"eng ","1178":"ando","1179":"nans","1180":"gaw ","1181":"ayaw","1182":"biha","1183":"lya ","1184":"kaka","1185":"duol","1186":" ani","1187":"tawa","1188":"magt","1189":"ngga","1190":"alem","1191":" lib","1192":"nal ","1193":"panu","1194":"prov","1195":"akaw","1196":"asay","1197":"misu","1198":"loan","1199":"daut","1200":"aang","1201":"anda","1202":"kapu","1203":"napa","1204":"adal","1205":"dog ","1206":"bel ","1207":"ente","1208":"ipil","1209":"ria ","1210":" moi","1211":" pak","1212":"muni","1213":"udad","1214":"nuod","1215":"ote ","1216":" lin","1217":" lat","1218":"isye","1219":" bag","1220":"gban","1221":"tud ","1222":" bug","1223":"ndon","1224":"ahat","1225":" dav","1226":"lon ","1227":"naki","1228":"auta","1229":"agar","1230":"davi","1231":"itun","1232":"namo","1233":"daya","1234":"imba","1235":"wong","1236":" mad","1237":"unyo","1238":"higa","1239":"dong","1240":" uni","1241":"gami","1242":"eek ","1243":" duh","1244":"puyo","1245":"ndad","1246":"isug","1247":"nagi","1248":"ngda","1249":"akah","1250":"gara","1251":"avid","1252":"bing","1253":"ebel","1254":"prin","1255":"ika ","1256":"ensi","1257":"vid ","1258":"lasa","1259":"saki","1260":"igug","1261":" pab","1262":" kun","1263":"gpah","1264":"reek","1265":"kaga","1266":"tags","1267":"tudl","1268":"ngtu","1269":"rero","1270":" lon","1271":"lita","1272":"huny","1273":"big ","1274":" him","1275":" taa","1276":"idad","1277":" per","1278":"cree","1279":"bati","1280":"rro ","1281":" gaw","1282":"sipy","1283":"nata","1284":"sina","1285":"ipyo","1286":"ster","1287":" igs","1288":"nank","1289":"layo","1290":"tuo ","1291":"anid","1292":" las","1293":"lika","1294":" mun","1295":"unda","1296":"glag","1297":"syem","1298":" nab","1299":"brer","1300":"agpu","1301":"dawa","1302":"ses ","1303":"ook ","1304":"mapa","1305":" sun","1306":"ukod","1307":" gan","1308":"ahul","1309":"baya","1310":"gpad","1311":" peb","1312":"pebr","1313":"ashi","1314":"atun","1315":"adlo","1316":"gpat","1317":"ntay","1318":"gani","1319":"gayu","1320":" bin","1321":"away","1322":"apus","1323":"adag","1324":"akal","1325":" asa","1326":"inul","1327":"bay ","1328":" mou","1329":"anho","1330":"agak","1331":"got ","1332":"kalu","1333":"nagd","1334":"kal ","1335":"sawa","1336":" was","1337":"mily","1338":"shin","1339":"ega ","1340":"ahig","1341":"nati","1342":"gitu","1343":"ovin","1344":"anam","1345":"kto ","1346":"mano","1347":"guba","1348":"ungd","1349":"magb","1350":"ipan","1351":"daot","1352":" pip","1353":"wash","1354":"sya ","1355":"agti","1356":"gna ","1357":"pano","1358":" suk","1359":"alit","1360":"mpo ","1361":" adt","1362":"alon","1363":" cer","1364":"lit ","1365":" din","1366":"osan","1367":" hig","1368":"itu ","1369":"mitu","1370":"haan","1371":"higu","1372":" tab","1373":"idae","1374":" can","1375":"pipi","1376":" leb","1377":"nid ","1378":"ito ","1379":"uwas","1380":"tind","1381":"lak ","1382":"dae ","1383":"iwal","1384":" day","1385":"atal","1386":"dlo ","1387":"rovi","1388":" ong","1389":"tapo","1390":"ulay","1391":"uot ","1392":"ibo ","1393":" of ","1394":"amta","1395":"ruwe","1396":"andi","1397":"ianh","1398":"angy","1399":"taro","1400":"bant","1401":"ento","1402":"ani ","1403":"sund","1404":"dyo ","1405":"inap","1406":"paka","1407":" mid","1408":"unis","1409":"erro","1410":" aya","1411":"ngli","1412":"agam","1413":"rung","1414":" dc ","1415":"hian","1416":"luwa","1417":"cerr","1418":" pri","1419":"masa","1420":"nasu","1421":"aho ","1422":"lok ","1423":"gini","1424":"hima","1425":"kaki","1426":"arun","1427":"huma","1428":"taru","1429":"wega","1430":"oruw","1431":"ahad","1432":"medy","1433":"adan","1434":"nulo","1435":"ngat","1436":"gaba","1437":"noru","1438":"uweg","1439":"lebe","1440":"book","1441":"bat ","1442":"tigu","1443":"rdot","1444":"gkad","1445":"haya","1446":"dote","1447":"nuna","1448":"orea","1449":"edyo","1450":"tus ","1451":"erdo","1452":"nit ","1453":"kahu","1454":" iga","1455":"anun","1456":"ulaw","1457":"kaho","1458":" bay","1459":"napu","1460":"mada","1461":"sale","1462":"nisi","1463":"ark ","1464":"ipah","1465":"amba","1466":"pati","1467":"nama","1468":"noo ","1469":"dlok","1470":"dang","1471":"agna","1472":"erus","1473":"agsi","1474":"anom","1475":"ara ","1476":"agdu","1477":"hadl","1478":"gkah","1479":"amil","1480":"gbal","1481":"tibu","1482":"iste","1483":" nim","1484":"oong","1485":" dam","1486":"juda","1487":"ment","1488":"asuk","1489":"iboo","1490":" tim","1491":"sata","1492":"ngut","1493":"awag","1494":"unid","1495":"papa","1496":"ukan","1497":"gbuh","1498":"ine ","1499":"iin ","1500":"guta","1501":"suka","1502":"uda ","1503":"pami","1504":"diin","1505":"asaw","1506":"hay ","1507":"asig","1508":"ekto","1509":"gahi","1510":" bar","1511":"asab","1512":"lem ","1513":" abr","1514":"nog ","1515":" and","1516":" tum","1517":"asak","1518":"oise","1519":"mois","1520":"blo ","1521":"usal","1522":"asun","1523":"osun","1524":"gaka","1525":"molu","1526":"ablo","1527":"agaa","1528":"kad ","1529":"aila","1530":"ugda","1531":"atab","1532":"ilya","1533":" tra","1534":" oh ","1535":"rusa","1536":"glit","1537":"moun","1538":"ises","1539":" rel","1540":" dii","1541":"ihim","1542":"lina","1543":"pabl","1544":"igon","1545":" hum","1546":"ambo","1547":"agaw","1548":"jeru","1549":"stra","1550":"los ","1551":"eal ","1552":"magh","1553":"lata","1554":"simb","1555":"real","1556":"agon","1557":"pat ","1558":"ghat","1559":"uok ","1560":"inla","1561":"samt","1562":"ntin","1563":" ind","1564":"siyo","1565":"usto","1566":"biya","1567":"aglu","1568":"inal","1569":"apla","1570":"nika","1571":"main","1572":" mon","1573":" tam","1574":" ina","1575":"mag ","1576":"tuma","1577":" ini","1578":"tuko","1579":"pika","1580":"sayo","1581":"ahum","1582":"ahi ","1583":"kont","1584":"adon","1585":"ipat","1586":"lahi","1587":"hitu","1588":"arti","1589":"lagl","1590":"sace","1591":"aki ","1592":"suko","1593":"bore","1594":"tapu","1595":"aala","1596":"usan","1597":" lim","1598":"acer","1599":"lara","1600":"uon ","1601":"anap","1602":"ral ","1603":"gaho","1604":"itag","1605":"ados","1606":" bra","1607":" sug","1608":"hisg","1609":"vinc","1610":"ino ","1611":"daku","1612":"tugo","1613":" sac","1614":"idos","1615":" new","1616":"gtan","1617":" ciu","1618":"anas","1619":"apad","1620":"ango","1621":"nido","1622":"mina","1623":"lano","1624":" ita","1625":"iban","1626":"ilis","1627":"iuda","1628":"lipo","1629":"ciud","1630":" uno","1631":"bug ","1632":"uwal","1633":"unog","1634":"nas ","1635":"lik ","1636":"buok","1637":"hod ","1638":"ipas","1639":"gkab","1640":"ago ","1641":"nuno","1642":"cerd","1643":"abah","1644":" gia","1645":"ikul","1646":"ngba","1647":"park","1648":"berg","1649":"mulo","1650":" por","1651":"isgo","1652":"gsug","1653":"sog ","1654":" pil","1655":"alab","1656":"natu","1657":"ismo","1658":"plag","1659":"ukad","1660":"ubat","1661":"yona","1662":"guha","1663":"nguh","1664":"ter ","1665":"magm","1666":"nda ","1667":" mop","1668":" anh","1669":" tul","1670":"ibuo","1671":"ndil","1672":"ring","1673":"nggo","1674":"ubli","1675":"para","1676":"aka ","1677":"wal ","1678":"inci","1679":"kapl","1680":"atig","1681":"song","1682":"maya","1683":"ahal","1684":"arne","1685":"anad","1686":"pabi","1687":" apo","1688":"inas","1689":"pili","1690":"lant","1691":"ahoy","1692":"ubo ","1693":"ona ","1694":"sgot","1695":"goan","1696":"aha ","1697":"apin","1698":"maba","1699":"slan","1700":"auba","1701":"ondi","1702":"gahu","1703":"tion","1704":"inik","1705":"rso ","1706":"kawa","1707":"ingu","1708":" ter","1709":"mbag","1710":" mob","1711":"punt","1712":"sago","1713":" art","1714":"anto","1715":"tos ","1716":"anya","1717":"numd","1718":"inan","1719":" dur","1720":"raba","1721":"aham","1722":"bog ","1723":"ilon","1724":"apal","1725":"kanu","1726":"nghu","1727":"akaa","1728":"atum","1729":"atul","1730":" tro","1731":" mod","1732":"buot","1733":"inug","1734":" el ","1735":"agay","1736":"ate ","1737":"mayo","1738":" sep","1739":"ante","1740":" sag","1741":" gra","1742":"itub","1743":" uga","1744":"pinu","1745":"alom","1746":"puno","1747":"kara","1748":"gkal","1749":"kulo","1750":"inhi","1751":"gasa","1752":"gasi","1753":"imta","1754":"tiye","1755":"mba ","1756":"puka","1757":"lema","1758":"aad ","1759":"greg","1760":"hulo","1761":"ibuh","1762":"ahil","1763":"ulah","1764":"hag ","1765":"ipto","1766":"tayo","1767":"agol","1768":" moh","1769":"nce ","1770":"port","1771":"baha","1772":"lida","1773":"mari","1774":"aga ","1775":" aw ","1776":" jos","1777":"gpam","1778":" uma","1779":"anha","1780":"pasu","1781":"mani","1782":" sta","1783":" cha","1784":"ngas","1785":"ggam","1786":"gdal","1787":"pos ","1788":"ikap","1789":"tuwa","1790":"gtag","1791":"nawo","1792":"uora","1793":"mog ","1794":" lag","1795":"ugod","1796":"nghi","1797":"apak","1798":"nhia","1799":"gyaw","1800":"gda ","1801":"pagm","1802":"luha","1803":"epti","1804":"kat ","1805":"ngsi","1806":"sept","1807":"oman","1808":"gpal","1809":"ulta","1810":"cana","1811":" dau","1812":"noon","1813":"mags","1814":" mor","1815":"alim","1816":"ugot","1817":"istr","1818":"orma","1819":"kom ","1820":"stri","1821":"ikas","1822":"ryo ","1823":"oma ","1824":"tol ","1825":"inag","1826":"dinh","1827":"rner","1828":"yana","1829":"asug","1830":"uko ","1831":"ptiy","1832":"rtik","1833":"onal","1834":" gat","1835":"ngya","1836":" ra ","1837":" res","1838":"huko","1839":"reli","1840":"gabi","1841":"ukom","1842":"mahu","1843":"posa","1844":" bil","1845":"tuon","1846":"new ","1847":"uhaa","1848":"igay","1849":"won ","1850":"dugo","1851":"tas ","1852":"iman","1853":"issi","1854":"kanh","1855":" hat","1856":"liko","1857":"sabo","1858":"pain","1859":"les ","1860":"dana","1861":"nlan","1862":"isti","1863":"unon","1864":" bak","1865":"atik","1866":"inub","1867":"tin ","1868":"arta","1869":"mini","1870":" ped","1871":"ahom","1872":" imp","1873":"isla","1874":"tima","1875":"publ","1876":"arso","1877":"alas","1878":"ingp","1879":"igda","1880":"gasu","1881":"pito","1882":"ema ","1883":"gapu","1884":"obiy","1885":"gota","1886":"trab","1887":"liho","1888":"yog ","1889":"awal","1890":"enti","1891":"igul","1892":"baho","1893":"uli ","1894":"ehan","1895":"mars","1896":" the","1897":"hand","1898":"asah","1899":"ulip","1900":"gas ","1901":" tii","1902":"olo ","1903":" poi","1904":"int ","1905":"tuor","1906":"ulak","1907":"tiku","1908":"tiil","1909":"anti","1910":"laya","1911":"hoy ","1912":"angs","1913":"lisa","1914":"alao","1915":"bulo","1916":"bina","1917":"ugay","1918":"inse","1919":" mih","1920":"oint","1921":"upyo","1922":"taho","1923":"der ","1924":"akai","1925":"lot ","1926":"himt","1927":" isl","1928":"atus","1929":"atio","1930":"sant","1931":"mopa","1932":"poin","1933":"apuk","1934":"cia ","1935":"ason","1936":"lond","1937":"tain","1938":"elih","1939":"kun ","1940":"siye","1941":"mbon","1942":"lupy","1943":" mip","1944":"idal","1945":"agki","1946":"amal","1947":"gust","1948":"gada","1949":"stor","1950":"libu","1951":"hawa","1952":"hemi","1953":"imay","1954":" gah","1955":" col","1956":"blik","1957":" reg","1958":"lapi","1959":"lihi","1960":"gin ","1961":" uli","1962":"gsa ","1963":"ntal","1964":" isa","1965":"sisy","1966":" que","1967":"pahu","1968":"ora ","1969":" ant","1970":"aduh","1971":" unt","1972":"atas","1973":"taha","1974":"ipak","1975":"asud","1976":" nad","1977":"salo","1978":"patu","1979":"sud ","1980":"nent","1981":" gub","1982":"imal","1983":"ibor","1984":"smo ","1985":" mik","1986":"anla","1987":"nima","1988":"lagi","1989":"olup","1990":"inen","1991":"ilal","1992":" hem","1993":" os ","1994":"lia ","1995":" pai","1996":"post","1997":"gasy","1998":"ntai","1999":"ndam","2000":"ihiy","2001":"ugon","2002":"tere","2003":"akba","2004":" nob","2005":"las ","2006":"ituw","2007":" ins","2008":"kog ","2009":" buo","2010":"malu","2011":"adaw","2012":" gug","2013":"aduo","2014":"ril ","2015":"stat","2016":"kbay","2017":" sim","2018":"ungh","2019":"aba ","2020":"stol","2021":"inak","2022":"ongo","2023":"gsan","2024":"dano","2025":"dakb","2026":"uan ","2027":" naw","2028":"wata","2029":"gpab","2030":"ndi ","2031":"the ","2032":"hum ","2033":"esya","2034":"ibon","2035":"upat","2036":"hika","2037":"lamo","2038":"oson","2039":"mapu","2040":"agku","2041":" la ","2042":"gisa","2043":" cor","2044":" des","2045":"brad","2046":"adau","2047":"gkin","2048":"gbat","2049":"yano","2050":"sig ","2051":"lum ","2052":"gsid","2053":"api ","2054":"ayeg","2055":"ogra","2056":"ipad","2057":"ico ","2058":"ihok","2059":" oo ","2060":"mand","2061":"utay","2062":"bayo","2063":"kaub","2064":" mib","2065":"gian","2066":"pagg","2067":"posi","2068":"hom ","2069":"huga","2070":"porm","2071":"iwat","2072":"pto ","2073":"ikad","2074":"tori","2075":"alar","2076":" pap","2077":"adao","2078":"nter","2079":"yop ","2080":"gtin","2081":"anyo","2082":"inte","2083":"pita","2084":"nasa","2085":"mabu","2086":"gpuy","2087":"nsek","2088":"gkon","2089":"biye","2090":"inta","2091":"tine","2092":" egi","2093":"mida","2094":"imog","2095":"ingn","2096":"yal ","2097":"wasa","2098":"aota","2099":"kaya","2100":"egip","2101":" kak","2102":"ibil","2103":"agag","2104":"trop","2105":"gipt","2106":"enta","2107":"sekt","2108":"iyaa","2109":" gab","2110":"tago","2111":" pos","2112":"lam ","2113":"ikay","2114":" pah","2115":" og ","2116":"sis ","2117":" gig","2118":"glib","2119":" chi","2120":"usog","2121":"iyal","2122":"pas ","2123":"tera","2124":"aluw","2125":"ataa","2126":"ill ","2127":"gkao","2128":"nobi","2129":" cal","2130":"auma","2131":" gus","2132":" awa","2133":"lapa","2134":"inam","2135":"tral","2136":"nort","2137":"yaha","2138":"sag ","2139":"rega","2140":"pekt","2141":"masu","2142":"onti","2143":" kai","2144":"eman","2145":"ropi","2146":" kus","2147":"abri","2148":"magl","2149":"alum","2150":"ungg","2151":"agga","2152":" rom","2153":"mibo","2154":"aot ","2155":"apil","2156":"gol ","2157":"anum","2158":"hiko","2159":"sugi","2160":"carn","2161":"mdom","2162":"ipal","2163":"emib","2164":"saul","2165":"gos ","2166":"anul","2167":"umdo","2168":"lis ","2169":"igal","2170":"umah","2171":"erso","2172":" ber","2173":"amul","2174":"ince","2175":"hok ","2176":"wis ","2177":"bal ","2178":"stan","2179":"pamu","2180":"nist","2181":"hino","2182":"ilha","2183":"mita","2184":"ham ","2185":"ndal","2186":"iyas","2187":"mato","2188":"eta ","2189":"igum","2190":"gsat","2191":"tate","2192":"ital","2193":"orth","2194":"logo","2195":"unoa","2196":"alya","2197":" sig","2198":"ayop","2199":"pusa","2200":"hill","2201":"ingg","2202":"ncia","2203":"apay","2204":"miad","2205":"egas","2206":"tery","2207":"aawa","2208":"itaw","2209":"inaw","2210":" meh","2211":"nggi","2212":"haw ","2213":" spr","2214":" rep","2215":"edro","2216":"liso","2217":" int","2218":"insi","2219":"spri","2220":"ongr","2221":"moab","2222":"gpit","2223":"akuh","2224":" pad","2225":" naa","2226":"tolo","2227":"mont","2228":"ambi","2229":"kung","2230":"giku","2231":"nida","2232":"mota","2233":"tumo","2234":"dro ","2235":"ngre","2236":" tug","2237":" sau","2238":"west","2239":"abon","2240":"bon ","2241":"rito","2242":"saad","2243":"nap ","2244":"ston","2245":"iyat","2246":"ksiy","2247":" gre","2248":"dnga","2249":"pres","2250":"unho","2251":"ghug","2252":"kuso","2253":"kunh","2254":" ser","2255":"iyah","2256":"lar ","2257":"ghun","2258":"bril","2259":"ladn","2260":" a ","2261":"moon","2262":"kagu","2263":"adng","2264":"inig","2265":"ersi","2266":"awis","2267":"ugaw","2268":"ligo","2269":"rika","2270":"mosa","2271":" pra","2272":"kaum","2273":"dali","2274":"igka","2275":" daw","2276":"opik","2277":"daye","2278":"amad","2279":"yent","2280":"ngab","2281":"ura ","2282":"ilyo","2283":"hini","2284":"akip","2285":"labo","2286":"agmi","2287":"inis","2288":"gkod","2289":"mila","2290":"ngul","2291":"aabo","2292":"ilap","2293":"ikon","2294":"wng ","2295":" tri","2296":"dasi","2297":" gal","2298":" dao","2299":"ehik","2300":"awng","2301":"kip ","2302":"ainl","2303":"agko","2304":"yas ","2305":"mehi","2306":"agus","2307":"uno ","2308":"tal ","2309":"goon","2310":"lagm","2311":"akun","2312":"iyut","2313":"nlai","2314":"moba","2315":"mipa","2316":" mau","2317":" dep","2318":"ubda","2319":" con","2320":"aylo","2321":"imoo","2322":"pers","2323":"umpa","2324":"nubd","2325":"kaaw","2326":"ica ","2327":"bdan","2328":"magd","2329":"tika","2330":"ebra","2331":"dlan","2332":"ait ","2333":"sen ","2334":"luyo","2335":"amen","2336":"glo ","2337":"lom ","2338":"nhod","2339":"laha","2340":"ity ","2341":"baka","2342":"yuda","2343":"ater","2344":"atak","2345":"cris","2346":"rada","2347":"dom ","2348":"ranc","2349":"dagk","2350":"adug","2351":"gmao","2352":"abi ","2353":"bad ","2354":"tuyo","2355":"ausa","2356":"wang","2357":"aca ","2358":"indi","2359":"dist","2360":"iyud","2361":"ikuh","2362":"sia ","2363":"part","2364":" ben","2365":"too ","2366":"ngpi","2367":"uloa","2368":" pol","2369":"idag","2370":"erg ","2371":" jac","2372":"nhaw","2373":"siyu","2374":"ngna","2375":"uaw ","2376":"oktu","2377":"dalo","2378":"ilo ","2379":"taan","2380":" okt","2381":"alih","2382":"gnan","2383":"len ","2384":"ondo","2385":"tern","2386":"ntan","2387":"magk","2388":"angp","2389":"sip ","2390":"rio ","2391":"lhan","2392":"apdo","2393":"lla ","2394":"ubre","2395":"auli","2396":"tubr","2397":"ktub","2398":"lira","2399":"glak","2400":"mora","2401":"motu","2402":"ipam","2403":"umba","2404":"onia","2405":"tubo","2406":"gkap","2407":"tar ","2408":"mat ","2409":" del","2410":"ahis","2411":"rmas","2412":"gtab","2413":"ings","2414":"gusa","2415":"nagm","2416":"eae ","2417":"raha","2418":"gman","2419":"itas","2420":" ale","2421":"saha","2422":"kigs","2423":"uyon","2424":"ihay","2425":"acea","2426":" jua","2427":"aula","2428":"lapd","2429":"juan","2430":"kalo","2431":"ahug","2432":" lev","2433":"manu","2434":" upa","2435":"iyai","2436":"rida","2437":" tem","2438":"ikat","2439":"saka","2440":"ghaa","2441":"espa","2442":"ayla","2443":"pin ","2444":"oslo","2445":"bisy","2446":"ndo ","2447":"moha","2448":"ern ","2449":"ilag","2450":" osl","2451":"loga","2452":"iyo ","2453":"lapu","2454":"isal","2455":"ceae","2456":" ham","2457":"asid","2458":"slo ","2459":"ras ","2460":"sin ","2461":"orda","2462":"aul ","2463":"apa ","2464":" eli","2465":"roma","2466":"pedr","2467":"abra","2468":"tes ","2469":"amha","2470":"pdon","2471":"este","2472":"buga","2473":"noa ","2474":"masi","2475":"gulo","2476":"aod ","2477":"guna","2478":"mate","2479":"mhan","2480":" rus","2481":"uswa","2482":"erna","2483":"pad ","2484":"gha ","2485":"mant","2486":"lomo","2487":"kili","2488":"oron","2489":"akao","2490":"igo ","2491":"saho","2492":"atud","2493":"iano","2494":"res ","2495":"tasa","2496":"gen ","2497":"piya","2498":"regi","2499":" ayo","2500":"aryo","2501":" sus","2502":"gitn","2503":" tak","2504":"hadu","2505":"tura","2506":"huno","2507":"tubu","2508":"ibat","2509":"kaul","2510":"aiya","2511":" ara","2512":"gkit","2513":"kaal","2514":"igpa","2515":"naan","2516":"mika","2517":"masy","2518":"ruha","2519":"tagd","2520":"syo ","2521":" pit","2522":" far","2523":" isi","2524":"ibul","2525":"swag","2526":"itin","2527":" kor","2528":"gati","2529":"aluy","2530":" pre","2531":"yata","2532":" wes","2533":"isda","2534":"amag","2535":"kail","2536":"ugoa","2537":"araa","2538":"miny","2539":"itug","2540":"nsao","2541":"diyu","2542":"akau","2543":"ampa","2544":"ggan","2545":"pot ","2546":"ola ","2547":"tory","2548":"tipi","2549":"apun","2550":"iel ","2551":"mexi","2552":"alil","2553":" pla","2554":"ilak","2555":"undo","2556":"pak ","2557":"libr","2558":"hona","2559":"alal","2560":"giya","2561":" mex","2562":"akus","2563":"tili","2564":"uebr","2565":"tiha","2566":"sigl","2567":"ones","2568":"rsiy","2569":"temp","2570":" wil","2571":"nha ","2572":"labu","2573":"xico","2574":"bunt","2575":"raan","2576":"biga","2577":"gion","2578":"upo ","2579":"queb","2580":"onta","2581":"ahiu","2582":"tlan","2583":"ngki","2584":"inil","2585":"abak","2586":"gsun","2587":"liba","2588":"galu","2589":" hay","2590":"ingb","2591":"laod","2592":"duru","2593":"bit ","2594":"apuy","2595":"gaan","2596":"madu","2597":" iha","2598":"taw ","2599":"lagn","2600":"kigd","2601":"iila","2602":"des ","2603":"lyon","2604":"maan","2605":" lum","2606":"mark","2607":"kos ","2608":"iusa","2609":"teo ","2610":"ugya","2611":" tuo","2612":"hiya","2613":"ngpa","2614":"bro ","2615":"miba","2616":"gpap","2617":"dina","2618":"ogoo","2619":"iang","2620":" vac","2621":"kag ","2622":"alen","2623":"ipik","2624":"levi","2625":"exic","2626":" cam","2627":"gkak","2628":"rese","2629":"atim","2630":"adak","2631":"gtuk","2632":"dia ","2633":"ane ","2634":" hus","2635":"haug","2636":"iyen","2637":"pail","2638":"ghin","2639":"ihon","2640":"uruh","2641":"iglo","2642":"esa ","2643":" mic","2644":"nord","2645":"akay","2646":"tigo","2647":"uuk ","2648":" heb","2649":"daan","2650":"ngam","2651":"gamh","2652":"nugd","2653":"sung","2654":"alid","2655":"isod","2656":"umot","2657":"anch","2658":"plan","2659":"vaca","2660":"anis","2661":"gom ","2662":"yaan","2663":"ingi","2664":"agbi","2665":"maku","2666":"ahia","2667":"gsim","2668":"bud ","2669":"gbas","2670":"gaya","2671":"mber","2672":"umon","2673":" k\u016bh","2674":"pus ","2675":"ngah","2676":"gmat","2677":"ipe ","2678":"uso ","2679":"acob","2680":"bii ","2681":" sis","2682":"gdum","2683":"ort ","2684":" sir","2685":"luuk","2686":" dan","2687":" luu","2688":"ndan","2689":"amar","2690":" ost","2691":"yoha","2692":" sap","2693":"agau","2694":"uyog","2695":"atod","2696":"abii","2697":"iabu","2698":"gayn","2699":"k\u016bhe","2700":"numa","2701":"\u016bhe ","2702":"edit","2703":"alah","2704":"yoso","2705":" amp","2706":"tism","2707":"gyan","2708":"bilo","2709":"gsus","2710":"daw ","2711":"jaco","2712":"eryo","2713":"medi","2714":" mig","2715":"atil","2716":"yeg ","2717":"cob ","2718":" kaw","2719":"repu","2720":"duma","2721":"uang","2722":"akag","2723":"atam","2724":" sab","2725":"tutu","2726":"isag","2727":"jord","2728":"ngta","2729":"dait","2730":"sayl","2731":"ubud","2732":" giu","2733":"misa","2734":"ilay","2735":" lit","2736":"mpor","2737":"colo","2738":"gtut","2739":"aput","2740":"tand","2741":"desi","2742":"miss","2743":" sat","2744":"nna ","2745":"onon","2746":"amut","2747":"banh","2748":" abi","2749":"tad ","2750":"imbo","2751":"ular","2752":" his","2753":"payo","2754":"moy ","2755":"esis","2756":" duo","2757":"aris","2758":"hust","2759":"olan","2760":"bran","2761":"eral","2762":" eks","2763":" fil","2764":"kaus","2765":"babi","2766":"epub","2767":"ltih","2768":"mplo","2769":" dul","2770":"ghis","2771":"iyag","2772":"lta ","2773":"igam","2774":"est ","2775":"ganh","2776":"num ","2777":"lamp","2778":"rth ","2779":"aom ","2780":"gdai","2781":" tor","2782":"rans","2783":" sar","2784":" hua","2785":"moda","2786":" bor","2787":"glal","2788":"rinc","2789":"rson","2790":"empl","2791":"ador","2792":"ngo ","2793":" lis","2794":"bok ","2795":" tap","2796":"oyan","2797":"bona","2798":" sou","2799":"dibi","2800":"andu","2801":"rgan","2802":"epek","2803":"epar","2804":" sto","2805":" bri","2806":" apr","2807":"giga","2808":"sist","2809":"gum ","2810":" mes","2811":"esul","2812":"toto","2813":"nday","2814":"egon","2815":"bini","2816":"lili","2817":"igom","2818":"ustr","2819":"kato","2820":" cri","2821":"nabo","2822":"agbo","2823":"lus ","2824":"balh","2825":"sti ","2826":"akya","2827":"tino","2828":"den ","2829":"dulo","2830":"okan","2831":"eyn ","2832":"ble ","2833":"erey","2834":"niko","2835":"atah","2836":"ario","2837":"ikin","2838":"reyn","2839":"anig","2840":"tric","2841":"teng","2842":"ugos","2843":"utaa","2844":"atuy","2845":"bubu","2846":"awit","2847":"giki","2848":"mad ","2849":"tik ","2850":"nig ","2851":" nai","2852":"ahaw","2853":"ubay","2854":"rapi","2855":"ibis","2856":"acha","2857":"kadi","2858":"aku ","2859":"tagn","2860":"taya","2861":"grap","2862":"bulu","2863":" abo","2864":"ber ","2865":"arin","2866":"camp","2867":"kas ","2868":" sek","2869":"gyo ","2870":"impo","2871":"upan","2872":"egio","2873":"nes ","2874":"gmit","2875":"atuk","2876":"tame","2877":"ghil","2878":"atha","2879":"uiga","2880":"gtam","2881":" hor","2882":"plo ","2883":"alun","2884":" kla","2885":"ntar","2886":"gawi","2887":"pugo","2888":"orsi","2889":"rus ","2890":"ntos","2891":"ayoh","2892":"dani","2893":"erbi","2894":"binu","2895":"alhi","2896":"dor ","2897":"erno","2898":" sha","2899":"iter","2900":"giw ","2901":"ast ","2902":"ilid","2903":"ongb","2904":"pisy","2905":" mok","2906":"tor ","2907":"agpi","2908":"duaw","2909":" dia","2910":"salm","2911":"ram ","2912":"inut","2913":" i ","2914":"imot","2915":"gtul","2916":" ten","2917":"depa","2918":"sano","2919":"anik","2920":"amas","2921":"alia","2922":"nam ","2923":"ingl","2924":"jose","2925":" isu","2926":"sagb","2927":"inon","2928":"mayn","2929":"laom","2930":"aug ","2931":"rdan","2932":" asi","2933":"lupa","2934":"ray ","2935":"ippi","2936":"aloa","2937":"ghig","2938":"ohat","2939":"igaw","2940":"gmay","2941":" put","2942":"yala","2943":"bist","2944":"aias","2945":"dura","2946":"atia","2947":"ibro","2948":"rta ","2949":"sapa","2950":"ltah","2951":"resu","2952":"ken ","2953":"huba","2954":"ihag","2955":" hud","2956":"ugil","2957":"agto","2958":"isai","2959":"ndia","2960":"aluh","2961":"saba","2962":"rusy","2963":" gas","2964":"brah","2965":"orga","2966":"sasa","2967":"pagi","2968":"lago","2969":"teha","2970":"ntag","2971":"ukma","2972":"susi","2973":"hebr","2974":"kabi","2975":"arro","2976":"usya","2977":"rati","2978":"ible","2979":"tian","2980":"uluh","2981":"ono ","2982":"agiw","2983":" men","2984":"bia ","2985":"tumb","2986":"fili","2987":"sion","2988":"gsab","2989":" kul","2990":"aust","2991":"kula","2992":"pult","2993":" str","2994":"ahe ","2995":"ppi ","2996":"abus","2997":"paba","2998":"miti","2999":"hali","3000":"nuko","3001":" cap","3002":"ella","3003":" bet","3004":" sem","3005":"lac ","3006":"moad","3007":"agia","3008":"gkob","3009":"oadt","3010":" gen","3011":"iay ","3012":" she","3013":"yoan","3014":"prob","3015":"uyoa","3016":"mban","3017":"asil","3018":"oble","3019":"gand","3020":"ium ","3021":"udla","3022":"rtam","3023":"kasy","3024":"iso ","3025":"nsis","3026":"r\u00edo ","3027":"illa","3028":"palu","3029":"ncip","3030":"olsa","3031":"olor","3032":"mbal","3033":"loma","3034":"lalu","3035":"gols","3036":"ligi","3037":"ntaw","3038":" kut","3039":"bila","3040":"mpa ","3041":"iria","3042":"komp","3043":"btan","3044":" lap","3045":"taly","3046":"ains","3047":"pil ","3048":"apri","3049":"ris ","3050":"inlo","3051":"naiy","3052":"atib","3053":"tema","3054":"alup","3055":"nisa","3056":" sav","3057":"miab","3058":"ngag","3059":"ork ","3060":"hist","3061":"ssip","3062":"rya ","3063":" lac","3064":"ose ","3065":"loni","3066":"anna","3067":"blem","3068":" mem","3069":"tiya","3070":"lsag","3071":"ikwa","3072":"ssis","3073":"aaro","3074":"uyan","3075":"awi ","3076":"ganl","3077":"inus","3078":"bara","3079":"rana","3080":"ggit","3081":"midu","3082":"sika","3083":"ggo ","3084":"tog ","3085":" umo","3086":"maal","3087":"iyac","3088":"igsu","3089":"ase ","3090":"ngun","3091":" cit","3092":" aus","3093":"ell ","3094":"nani","3095":"likw","3096":"arra","3097":"hinl","3098":"outh","3099":"abta","3100":"olon","3101":"auge","3102":"atol","3103":"rono","3104":"maab","3105":"paul","3106":"pod ","3107":"nten","3108":"city","3109":"beth","3110":"agub","3111":"daho","3112":"siss","3113":"ther","3114":"kob ","3115":"umog","3116":"elig","3117":"mine","3118":" ott","3119":" fin","3120":"cipe","3121":"aana","3122":"alai","3123":"yain","3124":"rawa","3125":"ihog","3126":"tugy","3127":"char","3128":"ngyo","3129":"ugen","3130":"dera","3131":"mich","3132":"robl","3133":" sud","3134":"timb","3135":"tron","3136":"rali","3137":"sout","3138":"than","3139":"ylo ","3140":"igas","3141":"anit","3142":"pari","3143":"agdi","3144":"sipp","3145":"utla","3146":" tuk","3147":"spad","3148":"rge ","3149":"apiy","3150":"stre","3151":"gtug","3152":"almo","3153":"many","3154":"sona","3155":"mogo","3156":"avan","3157":"akam","3158":"onom","3159":"mias","3160":"nind","3161":"ulos","3162":"amgo","3163":" aga","3164":"hibu","3165":"eder","3166":"kway","3167":"dal ","3168":"tako","3169":" lig","3170":"asam","3171":"ulot","3172":"abub","3173":"gbot","3174":"ena ","3175":"chan","3176":" pea","3177":"rela","3178":"wak ","3179":"kolo","3180":"ard ","3181":"bern","3182":"iil ","3183":"suli","3184":"mpos","3185":"wit ","3186":" sel","3187":"atui","3188":" sit","3189":"susa","3190":"gram","3191":"gam ","3192":"baku","3193":"esto","3194":"uth ","3195":"vann","3196":"inih","3197":"akar","3198":"chia","3199":"nagg","3200":"stem","3201":"orin","3202":"lle ","3203":"tona","3204":"onte","3205":"limb","3206":"ayba","3207":"ntas","3208":"loya","3209":"prik","3210":"bago","3211":"jell","3212":"usta","3213":" dum","3214":"ilad","3215":"hayo","3216":"giti","3217":" aar","3218":"ghag","3219":"amer","3220":" hen","3221":"awti","3222":"pint","3223":"trit","3224":"line","3225":"unom","3226":" mog","3227":" kol","3228":"brit","3229":"iro ","3230":"akpa","3231":"gbut","3232":"over","3233":"mito","3234":"tuli","3235":"itar","3236":"eya ","3237":"lalo","3238":" sol","3239":"wtis","3240":"nasi","3241":" che","3242":"bert","3243":" esk","3244":"apai","3245":"ilip","3246":"gadu","3247":"kig ","3248":"ande","3249":"antu","3250":"bus ","3251":" her","3252":"luto","3253":"igro","3254":"ubon","3255":" had","3256":"bawt","3257":"ooy ","3258":"liga","3259":"hug ","3260":"mola","3261":"eran","3262":" nau","3263":"halo","3264":"nch ","3265":"hal ","3266":"kain","3267":" org","3268":"mbia","3269":"silo","3270":"orni","3271":"uel ","3272":"orge","3273":"rabe","3274":"apel","3275":"atug","3276":"angb","3277":"aut ","3278":"ligr","3279":"cali","3280":"sava","3281":"lian","3282":"kaag","3283":"ding","3284":"noan","3285":"tiko","3286":"emia","3287":"saya","3288":"plin","3289":"cas ","3290":"uti ","3291":"ubdi","3292":" kha","3293":"impl","3294":"nula","3295":"gsin","3296":"luna","3297":"gkaa","3298":" al ","3299":"daug","3300":"trat","3301":"gipu","3302":"glao","3303":"subt","3304":"ihig","3305":"ostr","3306":"sigk","3307":"oab ","3308":"gles","3309":"otta","3310":"rra ","3311":"rasy","3312":"ota ","3313":"subd","3314":"ghuk","3315":"\u00e5sen","3316":"utos","3317":"poli","3318":"kaku","3319":"gilu","3320":"lado","3321":"rego","3322":"ubtr","3323":"dale","3324":"gkag","3325":"peli","3326":" tot","3327":"resy","3328":" ili","3329":" pon","3330":"padu","3331":"hudi","3332":" ali","3333":"ngub","3334":"aulo","3335":"awak","3336":"lmo ","3337":"looy","3338":"ulir","3339":"uloy","3340":"sabt","3341":"saia","3342":" abu","3343":"fjel","3344":"osib","3345":"esti","3346":"nary","3347":"sper","3348":"btro","3349":"kpan","3350":"dio ","3351":"idan","3352":" bur","3353":" bit","3354":"viha","3355":" tha","3356":"akos","3357":"egur","3358":"sida","3359":"anus","3360":"kusg","3361":" lar","3362":"komb","3363":"ombi","3364":"kak ","3365":"esia","3366":" jor","3367":"agde","3368":"nump","3369":" joa","3370":"gkuh","3371":"bdib","3372":" ta ","3373":"usam","3374":"akog","3375":"del ","3376":"elia","3377":"itud","3378":"ttaw","3379":"olom","3380":"ubad","3381":"dya ","3382":"pond","3383":" utl","3384":"amaa","3385":"otol","3386":"sora","3387":"breo","3388":"asub","3389":"aben","3390":"sabu","3391":"tama","3392":" r\u00edo","3393":"upad","3394":" b ","3395":"ers ","3396":"inay","3397":"itaa","3398":" bro","3399":"eter","3400":" ada","3401":"evih","3402":"haon","3403":"gal ","3404":"lini","3405":"gtad","3406":"gdon","3407":"rto ","3408":"dila","3409":"iyab","3410":"orid","3411":"isaa","3412":"ngdo","3413":"king","3414":"kigh","3415":"erem","3416":"into","3417":"nus ","3418":"piko","3419":"anab","3420":"ghal","3421":"rea ","3422":"wali","3423":"men ","3424":"bita","3425":"grab","3426":"uai ","3427":"rowa","3428":"ange","3429":" epe","3430":"oria","3431":"roha","3432":" dok","3433":" di ","3434":"gtum","3435":"ska ","3436":"ighi","3437":" dad","3438":"segu","3439":"syal","3440":"nica","3441":"moin","3442":"olun","3443":"apab","3444":"st\u0101n","3445":"erto","3446":"umta","3447":"ifor","3448":"huai","3449":"pors","3450":"alos","3451":"pini","3452":"gant","3453":"rog ","3454":"muot","3455":"dapa","3456":"uto ","3457":"ubut","3458":"steh","3459":"tig ","3460":"eoha","3461":"uhao","3462":"kman","3463":"klas","3464":" ran","3465":" cen","3466":"umul","3467":"esiy","3468":"lora","3469":"judi","3470":" los","3471":"eres","3472":"reoh","3473":"tukm","3474":"udio","3475":"aiso","3476":"uton","3477":"oral","3478":"yogr","3479":"mamu","3480":"usay","3481":"lifo","3482":"opa ","3483":"lino","3484":"guro","3485":" ibu","3486":"roga","3487":"usi ","3488":"kuta","3489":"gday","3490":"ligy","3491":" jab","3492":"seo ","3493":"hog ","3494":"osis","3495":"usga","3496":"kdan","3497":"ord ","3498":"usah","3499":"ikod","3500":"gilo","3501":"pran","3502":"araw","3503":"heyo","3504":"gub ","3505":"igya","3506":"eyog","3507":"riti","3508":"tata","3509":" hey","3510":"lob ","3511":"apam","3512":"ugto","3513":"done","3514":" air","3515":"ensa","3516":"rich","3517":"sipa","3518":"edad","3519":" tel","3520":"meri","3521":"domi","3522":"eksi","3523":"doma","3524":"agun","3525":"higd","3526":"isya","3527":"timo","3528":"sayu","3529":"aska","3530":"ungk","3531":"adi ","3532":"usla","3533":"alif","3534":"inuk","3535":"dumo","3536":"lubo","3537":"dulu","3538":"peak","3539":"lumb","3540":"adas","3541":"hisa","3542":"bayb","3543":"gtah","3544":"ybay","3545":"ihis","3546":"ayen","3547":"snon","3548":"oha ","3549":"raly","3550":"yanh","3551":"anol","3552":"ite ","3553":"angd","3554":"gpaa","3555":"onar","3556":"miku","3557":"namu","3558":"siri","3559":"napo","3560":"rnia","3561":"alul","3562":"umaa","3563":"oona","3564":"mbit","3565":" for","3566":"uhin","3567":"aisi","3568":"atba","3569":"gsak","3570":"inho","3571":"gagi","3572":"usti","3573":"aguo","3574":" num","3575":"eon ","3576":"gibi","3577":"ontr","3578":"erra","3579":"erya","3580":"duki","3581":"uhan","3582":"aste","3583":"eak ","3584":" igo","3585":"isig","3586":"nomi","3587":"itis","3588":"itam","3589":"forn","3590":"daog","3591":"gmal","3592":"prop","3593":" lub","3594":"udiy","3595":"sgan","3596":"adap","3597":"sasy","3598":"obra","3599":"galo","3600":"stro","3601":" api","3602":" pum","3603":"hilu","3604":"cent","3605":"gpot","3606":"lhon","3607":"mism","3608":"tele","3609":"ock ","3610":" itu","3611":"elle","3612":"duro","3613":"elin","3614":"osta","3615":"bers","3616":"lhin","3617":"iona","3618":"seks","3619":"kans","3620":"gili","3621":"olin","3622":"nagu","3623":"ilho","3624":"dge ","3625":"aadt","3626":" ste","3627":"aser","3628":"asoy","3629":"estr","3630":" kuh","3631":"gaku","3632":"memb","3633":"ubit","3634":"bec ","3635":"ekta","3636":"serv","3637":"aand","3638":" arc","3639":"anie","3640":"ober","3641":" sch","3642":"auno","3643":"lase","3644":"osul","3645":"bron","3646":"teri","3647":"lami","3648":"resp","3649":"sol ","3650":"mbro","3651":"uwen","3652":"bil ","3653":"obal","3654":"gtub","3655":"akin","3656":" roc","3657":"olik","3658":"iden","3659":"ile ","3660":"achi","3661":"ound","3662":"sili","3663":"abul","3664":"pilo","3665":" sib","3666":"ira ","3667":"gagm","3668":"igah","3669":"rint","3670":"tom ","3671":"nos ","3672":" ame","3673":"nath","3674":"magu","3675":" gor","3676":"nnes","3677":"rina","3678":"rany","3679":"tagb","3680":"rins","3681":"unto","3682":"ailh","3683":" cat","3684":"nun ","3685":"gaga","3686":"guol","3687":"ilaw","3688":" eph","3689":"aloh","3690":" pub","3691":"abia","3692":"gkaw","3693":"dian","3694":" ilh","3695":"diay","3696":"lap ","3697":"qu\u00e9b","3698":"gtaw","3699":"owan","3700":"nsip","3701":" mac","3702":"hamu","3703":"nago","3704":"u\u00e9be","3705":"adil","3706":"tahu","3707":"nese","3708":"umbe","3709":"iber","3710":"sda ","3711":"utlo","3712":"\u00e9bec","3713":" ati","3714":"alus","3715":"gro ","3716":"ley ","3717":"tnon","3718":" hol","3719":"gmad","3720":"tigp","3721":"ihin","3722":"oton","3723":" tah","3724":"aber","3725":"hadi","3726":" obl","3727":"elas","3728":"eser","3729":"pig ","3730":"limo","3731":"inuh","3732":" qu\u00e9","3733":"ille","3734":" gru","3735":"ausw","3736":"soy ","3737":"rica","3738":"asno","3739":"hupa","3740":"nudl","3741":"orta","3742":"ond ","3743":"one ","3744":"kayu","3745":" wad","3746":"ipaa","3747":"mgo ","3748":"luya","3749":"elli","3750":"ent ","3751":"loon","3752":"inar","3753":"aag ","3754":"taso","3755":"ish ","3756":"igi ","3757":"erge","3758":"kano","3759":"ndot","3760":"dot ","3761":" ira","3762":" nay","3763":"nber","3764":"kaig","3765":"iagi","3766":"auna","3767":"gig ","3768":"serb","3769":"hili","3770":" saa","3771":"ngil","3772":"urow","3773":"gtoo","3774":"ntia","3775":"putl","3776":"mbin","3777":"gpug","3778":"dokt","3779":" vin","3780":"andr","3781":"jere","3782":"ient","3783":"phra","3784":"nusa","3785":"itng","3786":" aso","3787":"uma ","3788":" any","3789":"usyo","3790":" jon","3791":"ukto","3792":"puli","3793":"orre","3794":"dlon","3795":" gob","3796":"atch","3797":"gpau","3798":"mbah","3799":"nesi","3800":"orya","3801":"aggi","3802":"let ","3803":"nyos","3804":"osyo","3805":"nayn","3806":"agit","3807":"set ","3808":"nami","3809":"awto","3810":"nasy","3811":"elo ","3812":"moka","3813":"stud","3814":"rita","3815":"isun","3816":"tngi","3817":"gtig","3818":"anuk","3819":"arke","3820":" awt","3821":"aken","3822":"hius","3823":"uga ","3824":"inst","3825":" kra","3826":"karn","3827":"ryal","3828":"yuni","3829":"elan","3830":"kigb","3831":"yant","3832":"muyo","3833":"rope","3834":"yawa","3835":"glin","3836":"ulto","3837":"rand","3838":" ray","3839":"dak ","3840":"illi","3841":"ilot","3842":"paty","3843":"agiy","3844":"nggu","3845":"jaba","3846":"imuo","3847":"imoa","3848":"gbaw","3849":"inha","3850":"cori","3851":"rat ","3852":"rock","3853":"gya ","3854":"umoy","3855":"stru","3856":" are","3857":" pen","3858":"agom","3859":"ndur","3860":"adih","3861":"kyas","3862":"fara","3863":"otab","3864":"kuwa","3865":"mihi","3866":"baro","3867":"ermi","3868":"sor ","3869":"igdu","3870":"last","3871":"arao","3872":"ugat","3873":"ayog","3874":"liha","3875":"idun","3876":"kiga","3877":"arog","3878":"anci","3879":" ona","3880":"tari","3881":"onya","3882":"hubo","3883":"onsa","3884":"ngot","3885":"oing","3886":" mi ","3887":"torr","3888":"term","3889":"oth ","3890":"gamp","3891":"arat","3892":"alac","3893":"utud","3894":"sudl","3895":"all ","3896":"ekon","3897":"ipab","3898":"niel","3899":"mais","3900":"more","3901":"aloo","3902":"lati","3903":"yot ","3904":"uhad","3905":"rag ","3906":"dela","3907":"aim ","3908":"ugso","3909":"numb","3910":"ulob","3911":"rupo","3912":"aigs","3913":"ngpo","3914":"mian","3915":"sahe","3916":"isin","3917":"remi","3918":"asip","3919":"fran","3920":"alle","3921":"ggaw","3922":" dir","3923":"toon","3924":"hion","3925":"rpor","3926":"oteo","3927":"hias","3928":"enne","3929":"ihal","3930":"mpre","3931":"riba","3932":"igle","3933":"mote","3934":"gran","3935":"ordl","3936":"kore","3937":"pusl","3938":"wens","3939":"ikag","3940":"omin","3941":"sana","3942":"miag","3943":"kuka","3944":"tran","3945":"ndin","3946":"mok ","3947":"asik","3948":"laag","3949":"raon","3950":"carr","3951":" hai","3952":"iba ","3953":"ngis","3954":"ahas","3955":"ndel","3956":"umol","3957":"igba","3958":"hibi","3959":" inc","3960":" kuw","3961":"iyad","3962":"unt ","3963":"apli","3964":"agig","3965":"kken","3966":"rade","3967":"bra ","3968":" hub","3969":"sibl","3970":" bol","3971":"akuk","3972":" yor","3973":"icho","3974":"grup","3975":"mod ","3976":"nyag","3977":"upak","3978":" hiy","3979":"har ","3980":"aso ","3981":"parr","3982":"tany","3983":"tero","3984":"mesa","3985":"rre ","3986":"awad","3987":"anth","3988":" com","3989":"rove","3990":"idak","3991":"sar ","3992":"ayra","3993":"his ","3994":" neg","3995":"pabu","3996":"ntra","3997":"amuy","3998":"nton","3999":"toro","4000":" yan","4001":"gene","4002":"gamu","4003":"lumo","4004":"lund","4005":"peru","4006":"mawa","4007":"adis","4008":"ibog","4009":"wtor","4010":" sas","4011":"gsaa","4012":"yoon","4013":"esen","4014":"york","4015":"spon","4016":"mnon","4017":"opan","4018":"itno","4019":" wat","4020":"migu","4021":" bel","4022":"mdum","4023":"ida ","4024":"umdu","4025":"nlo ","4026":"kono","4027":" val","4028":"ilil","4029":"omun","4030":"ihad","4031":"arag","4032":"eria","4033":"tudy","4034":"atur","4035":"misi","4036":"osa ","4037":"uron","4038":"ice ","4039":"lahu","4040":" pur","4041":" geo","4042":"gkau","4043":"inom","4044":"susu","4045":"kora","4046":"echi","4047":"kart","4048":"isas","4049":"asiu","4050":" gim","4051":"apug","4052":"espo","4053":"ayut","4054":"mohi","4055":"sado","4056":"hel ","4057":" gag","4058":"rdla","4059":"asib","4060":"kand","4061":"atyo","4062":" agi","4063":"rato","4064":"abwa","4065":" ans","4066":"hamp","4067":" mus","4068":" anc","4069":"her ","4070":"oles","4071":"supa","4072":"halu","4073":"ghul","4074":"tyon","4075":"lid ","4076":"life","4077":"suod","4078":"iago","4079":"ksan","4080":"ghub","4081":" bos","4082":"roms","4083":"gora","4084":"laci","4085":" job","4086":"kons","4087":"atua","4088":"buto","4089":"airp","4090":"und ","4091":"ahub","4092":" ata","4093":" pis","4094":"arca","4095":"hisu","4096":"upay","4097":"tida","4098":"ugas","4099":" eda","4100":"arbo","4101":"gaon","4102":"mpak","4103":"oban","4104":"toan","4105":"nder","4106":"umbi","4107":"tiga","4108":"akul","4109":"gato","4110":"yaon","4111":"dada","4112":"uya ","4113":"tia ","4114":"east","4115":"verb","4116":"ahau","4117":"keng","4118":"llin","4119":"cien","4120":"trol","4121":"not ","4122":"tiag","4123":"giis","4124":"iga ","4125":"amak","4126":"kabo","4127":"uhon","4128":"muel","4129":"asor","4130":"inia","4131":"ohon","4132":"ten ","4133":" igl","4134":"sil ","4135":"cong","4136":"yad ","4137":"ales","4138":"gut ","4139":"yran","4140":"isam","4141":" ori","4142":"ahup","4143":"pisi","4144":"iseo","4145":"hus ","4146":"pluw","4147":"icha","4148":"gipi","4149":"sema","4150":"guto","4151":"eksp","4152":" ves","4153":"buka","4154":" lik","4155":"sdan","4156":" bla","4157":"rras","4158":"cata","4159":"odes","4160":"sal ","4161":"eric","4162":" tek","4163":"ntip","4164":"aanh","4165":"enja","4166":"aog ","4167":"hatu","4168":"esu ","4169":"estu","4170":"jona","4171":"olum","4172":"erik","4173":"elag","4174":"ilir","4175":"ela ","4176":"min ","4177":"ius ","4178":"maun","4179":" ras","4180":"ler ","4181":"orag","4182":"moan","4183":" sob","4184":"uki ","4185":"lias","4186":"ife ","4187":"orad","4188":"irpo","4189":"ateo","4190":"tara","4191":"buan","4192":"tuga","4193":"bras","4194":"sita","4195":"niha","4196":"rasa","4197":"ower","4198":"samo","4199":"niho","4200":"gdul","4201":"low ","4202":"ingd","4203":"vest","4204":"yaba","4205":"rmin","4206":" fra","4207":"yama","4208":" tur","4209":"tagi","4210":"itor","4211":"dapl","4212":"ridg","4213":"rman","4214":"wer ","4215":"gidu","4216":"day ","4217":"redi","4218":"idge","4219":"kap ","4220":"yeng","4221":"iniu","4222":"late","4223":"rias","4224":"adad","4225":"ituk","4226":" ano","4227":" eze","4228":"lali","4229":"cus ","4230":"ahik","4231":"lber","4232":"tole","4233":"buho","4234":"moti","4235":"job ","4236":"aani","4237":"luwe","4238":"dloa","4239":"beng","4240":"mplu","4241":" seg","4242":"cha ","4243":"yra ","4244":"agoa","4245":"kot ","4246":"nesy","4247":"lilh","4248":" pau","4249":"kin ","4250":"gpai","4251":" maw","4252":"lolo","4253":"utom","4254":" joh","4255":"ytay","4256":"ugin","4257":"udya","4258":"chin","4259":"igut","4260":"nuha","4261":"tra ","4262":"trom","4263":"ayad","4264":"tuto","4265":"nado","4266":"llet","4267":"gar ","4268":"ayta","4269":"uwar","4270":"tant","4271":"angw","4272":"arab","4273":"ggub","4274":"ath ","4275":"alde","4276":"toli","4277":"isa ","4278":"stag","4279":" luc","4280":"nail","4281":"ores","4282":"eban","4283":" vir","4284":"ands","4285":"anud","4286":"gisi","4287":"sidu","4288":"usag","4289":"stiy","4290":"akis","4291":"aara","4292":"samu","4293":"rca ","4294":"ahuk","4295":"acon","4296":"loka","4297":"hamt","4298":"ylap","4299":"prof","4300":"gbul","4301":"iduk","4302":"buko","4303":" opi","4304":"kus ","4305":"mabi","4306":"depe","4307":" hel","4308":"laho","4309":" lug","4310":" rin","4311":" ach","4312":"nanu","4313":"gmin","4314":"bas ","4315":"ach ","4316":"kayl","4317":"dyan","4318":"colu","4319":"nds ","4320":"wad ","4321":"oabu","4322":"asir","4323":"pede","4324":"naku","4325":"ginl","4326":" tar","4327":"ghib","4328":"note","4329":"ephr","4330":"rofe","4331":"tua ","4332":" gul","4333":"huhu","4334":"amap","4335":"tasy","4336":"gag ","4337":"ghuh","4338":"mens","4339":"ipod","4340":"iayo","4341":"ylan","4342":"pund","4343":"ggul","4344":"phil","4345":"bio ","4346":"arai","4347":"arka","4348":"gder","4349":" ide","4350":"dit ","4351":"til ","4352":"pons","4353":"ilus","4354":"mohu","4355":"mapi","4356":"ungl","4357":"wadi","4358":"klad","4359":"glun","4360":" biy","4361":" cas","4362":"alat","4363":"nglo","4364":" jaw","4365":"ulso","4366":"olar","4367":"myra","4368":"glab","4369":"iyar","4370":"ikau","4371":" uyo","4372":"umin","4373":"dumi","4374":"iyer","4375":"nakp","4376":" blu","4377":"giun","4378":"lesi","4379":"lusy","4380":"apar","4381":"ens ","4382":" too","4383":"dite","4384":" bea","4385":"paab","4386":" dar","4387":"otno","4388":"reha","4389":"moa ","4390":"rbio","4391":"rma ","4392":"amda","4393":" lah","4394":"cian","4395":"tult","4396":"gpag","4397":" ken","4398":"gpul","4399":"modu","4400":"mbok","4401":"red ","4402":"abig","4403":"gmam","4404":"r\u00f8nd","4405":"tnot","4406":"oloh","4407":" eas","4408":"holm","4409":"luoy","4410":"subo","4411":" hik","4412":"ngwa","4413":"siga","4414":"erat","4415":"imat","4416":"amue","4417":"sibo","4418":"imul","4419":"ert ","4420":"nghe","4421":"gdaw","4422":" tip","4423":"aluo","4424":"norg","4425":" ros","4426":" foo","4427":"gari","4428":"ktor","4429":"nase","4430":" pic","4431":"ipap","4432":"ulom","4433":" pel","4434":"isog","4435":"ggoa","4436":"eset","4437":" yaw","4438":" imb","4439":"amis","4440":"maul","4441":" noe","4442":"hilo","4443":"mode","4444":"dens","4445":"abos","4446":"gola","4447":"llow","4448":"amum","4449":"sibi","4450":"hoga","4451":"nius","4452":"namd","4453":"glat","4454":"ames","4455":"chil","4456":"akti","4457":"agra","4458":" eko","4459":" ele","4460":"chis","4461":"iuyo","4462":"tr\u00f8n","4463":" sur","4464":" det","4465":" jak","4466":"nyoo","4467":"eru ","4468":"gduh","4469":"skar","4470":"suga","4471":" uta","4472":"pero","4473":"rno ","4474":"area","4475":"etra","4476":"ipig","4477":"obye","4478":"ulin","4479":"elis","4480":"siug","4481":"luma","4482":"mes ","4483":"gdao","4484":"ryon","4485":"sumu","4486":"ltol","4487":"paya","4488":"iugd","4489":"olus","4490":"jami","4491":"ikah","4492":" sic","4493":"nsi ","4494":" ven","4495":"\u00f8nde","4496":"hayl","4497":"gbiy","4498":"misy","4499":"anca","4500":"ibay","4501":"ibiy","4502":"igap","4503":"solo","4504":" div","4505":"igab","4506":"puro","4507":"njam","4508":"gpil","4509":" ram","4510":"rget","4511":"aril","4512":"ikar","4513":"limn","4514":"ser ","4515":"paub","4516":"kape","4517":"payu","4518":"rama","4519":"kaan","4520":"gdas","4521":"lump","4522":"amab","4523":"blas","4524":"nora","4525":"cred","4526":" asn","4527":"enes","4528":"ubog","4529":" igp","4530":"benj","4531":"ades","4532":"dago","4533":"ipin","4534":"doni","4535":"umar","4536":"iisi","4537":"ligu","4538":"dman","4539":"lony","4540":"apek","4541":" gar","4542":"vino","4543":"sugd","4544":"nsah","4545":"hoka","4546":"lipi","4547":"imno","4548":" gua","4549":"mut ","4550":"foot","4551":" amb","4552":" teo","4553":"obla","4554":"uraw","4555":" rid","4556":"ure ","4557":"ren ","4558":"glaw","4559":"apau","4560":"kidu","4561":"uoy ","4562":" big","4563":"inde","4564":"erba","4565":"omi ","4566":"ibuk","4567":" cro","4568":"nstr","4569":"rigo","4570":"ture","4571":"sas ","4572":"lisd","4573":"ayao","4574":"ech ","4575":" haw","4576":"ayun","4577":"yani","4578":"paus","4579":"rte ","4580":"adya","4581":"luka","4582":"lulo","4583":"damg","4584":"gent","4585":"mpag","4586":"ropa","4587":"most","4588":"ituo","4589":"ugta","4590":"yern","4591":" tai","4592":"humo","4593":"iche","4594":"ngbo","4595":"pyah","4596":"terr","4597":"idey","4598":"grad","4599":"ngai","4600":" fie","4601":"idaa","4602":"pung","4603":"lech","4604":"mbol","4605":"itik","4606":"admi","4607":"aliy","4608":"kaam","4609":"ader","4610":"hain","4611":"binh","4612":"zamb","4613":"rasi","4614":"jawa","4615":"ihun","4616":"alol","4617":" inu","4618":"amel","4619":"apya","4620":" awo","4621":"tle ","4622":"lapy","4623":"akto","4624":"lans","4625":"maus","4626":"isio","4627":"irek","4628":"\u0101ne ","4629":"isay","4630":"bano","4631":"toma","4632":"jaka","4633":"kapo","4634":"rgin","4635":"gtra","4636":"lsol","4637":"mdan","4638":"ale ","4639":"inud","4640":"loi ","4641":"lohi","4642":"ntus","4643":"ootn","4644":"fjor","4645":"nuls","4646":"ukas","4647":"erma","4648":"oras","4649":"nuti","4650":"ukor","4651":"ukaw","4652":" ont","4653":"pera","4654":"eriy","4655":"edon","4656":"paky","4657":"vill","4658":" lom","4659":"puy ","4660":"utok","4661":"deya","4662":"ulun","4663":"nuig","4664":"unit","4665":"nir ","4666":"get ","4667":"gson","4668":"ngao","4669":" hit","4670":"mara","4671":"badl","4672":"ahut","4673":"udan","4674":"sue ","4675":"iniy","4676":"lto ","4677":"ende","4678":"moli","4679":"irgi","4680":"uoha","4681":" baw","4682":"yahe","4683":"kso ","4684":" amm","4685":"ngap","4686":"rise","4687":" gla","4688":" gun","4689":" hag","4690":"myun","4691":"ret ","4692":"uyla","4693":"wart","4694":"puto","4695":" puy","4696":"gko ","4697":"myan","4698":"agib","4699":"oder","4700":" alb","4701":"agik","4702":"paad","4703":"dini","4704":"asti","4705":"adma","4706":"huta","4707":"ping","4708":"augm","4709":"apaa","4710":"gwat","4711":"indu","4712":"rdal","4713":" rob","4714":"lamb","4715":"gluk","4716":"mula","4717":"ntog","4718":"ahar","4719":"ethe","4720":"ome ","4721":"unir","4722":" leo","4723":"dok ","4724":"mumu","4725":"tte ","4726":"hig ","4727":"ean ","4728":"esyo","4729":"mami","4730":"kome","4731":"gaub","4732":"nego","4733":"ochi","4734":"opis","4735":"josu","4736":" chr","4737":"emen","4738":" tre","4739":"pako","4740":"sagu","4741":"tum ","4742":"asco","4743":"gres","4744":" dom","4745":"virg","4746":"taka","4747":"lion","4748":"vins","4749":" sup","4750":"apha","4751":"olot","4752":"ayi ","4753":"gkan","4754":"ben ","4755":"aina","4756":"abli","4757":"osni","4758":" bre","4759":"tuno","4760":"bosn","4761":"dumu","4762":"bin ","4763":"balu","4764":" mir","4765":"omos","4766":"upot","4767":"naya","4768":"tis ","4769":"aeli","4770":"hero","4771":"hern","4772":"sco ","4773":"ayup","4774":"anui","4775":"usar","4776":"nolu","4777":"desa","4778":"agtr","4779":"ight","4780":"hia ","4781":"nde ","4782":"gdau","4783":"nuon","4784":"sogo","4785":"sens","4786":"gbab","4787":"kuyo","4788":"sumb","4789":"tabl","4790":"adum","4791":"mmon","4792":" hug","4793":"onat","4794":"gbun","4795":"imaa","4796":"llo ","4797":"dara","4798":"imbe","4799":"akta","4800":"hem ","4801":" bad","4802":" miu","4803":" mel","4804":"mail","4805":"rict","4806":"arte","4807":" isd","4808":"stis","4809":"pre ","4810":"gayt","4811":"urop","4812":"skuy","4813":" igd","4814":"ker ","4815":"ryen","4816":"yami","4817":"esse","4818":" sad","4819":"alma","4820":"aret","4821":"robo","4822":"ngsa","4823":"yam ","4824":"ural","4825":"sirk","4826":"onse","4827":"ilit","4828":"rinu","4829":"peta","4830":"ukog","4831":"ngak","4832":"fiel","4833":"leng","4834":"serd","4835":"linh","4836":" son","4837":"ammo","4838":"kuyl","4839":" ora","4840":"ides","4841":"asia","4842":"ktib","4843":"iuns","4844":" war","4845":"anau","4846":"sand","4847":"oso ","4848":"miko","4849":"osno","4850":"idaw","4851":"enos","4852":"divi","4853":"raw ","4854":" luw","4855":"yelo","4856":"ivis","4857":"ndok","4858":"mino","4859":"bnga","4860":"gtun","4861":"diya","4862":" kum","4863":"rais","4864":"raim","4865":"icia","4866":" ngi","4867":"guma","4868":"kna ","4869":"gid ","4870":"lor ","4871":"umil","4872":"sul ","4873":"eorg","4874":"mart","4875":"mus ","4876":"paw ","4877":"kult","4878":"nili","4879":"gmas","4880":"aamg","4881":"hall","4882":"ilum","4883":"esku","4884":"old ","4885":"bekk","4886":"ubng","4887":"geor","4888":"enso","4889":"talo","4890":"kar ","4891":"atid","4892":"uigo","4893":"finl","4894":"miga","4895":"pel ","4896":"osue","4897":"ibsi","4898":"haun","4899":"vers","4900":"asus","4901":"agre","4902":"net ","4903":"ghup","4904":"regu","4905":"lubn","4906":"hubi","4907":"uhuk","4908":"iens","4909":"gima","4910":"asap","4911":"ekke","4912":" kp ","4913":"sase","4914":"gtat","4915":"bsib","4916":"dire","4917":"koy ","4918":"samb","4919":" kop","4920":"aggu","4921":"epis","4922":"elyo","4923":"yego","4924":"abok","4925":"idug","4926":" luy","4927":" gut","4928":"eam ","4929":"dent","4930":"trig","4931":"ombe","4932":"ntil","4933":"yasa","4934":"sayr","4935":"ner ","4936":"ibug","4937":"amoy","4938":"unaw","4939":"nult","4940":" saw","4941":" gyo","4942":"saph","4943":"kigp","4944":"trea","4945":"oluy","4946":"gsay","4947":"bubo","4948":" alt","4949":"roso","4950":"span","4951":"mbo ","4952":"eso ","4953":"osco","4954":"iduo","4955":"visi","4956":" ino","4957":"kord","4958":"paan","4959":"okto","4960":"itay","4961":"mos ","4962":"itul","4963":" lif","4964":"ubsa","4965":"rook","4966":"lipd","4967":"goga","4968":"uloo","4969":"amau","4970":"kito","4971":"egul","4972":"ire ","4973":"isik","4974":"hrai","4975":"onic","4976":"epen","4977":"tban","4978":" kru","4979":"unot","4980":"sla ","4981":"dum ","4982":"rlin","4983":"nono","4984":"igpu","4985":"ict ","4986":"rke ","4987":"rago","4988":"hida","4989":"gue ","4990":"isak","4991":"ttle","4992":"eron","4993":"nser","4994":"komu","4995":"nina","4996":"loch","4997":"ugno","4998":"mer ","4999":"tuaw"}}