{"cha":{"0":" y ","1":" ya ","2":" gui","3":"ija ","4":" na ","5":" man","6":"gui ","7":"sija","8":" sij","9":"yan ","10":" yan","11":" ni ","12":"anma","13":"iya ","14":"nae ","15":" si ","16":" g\u00fci","17":"anae","18":" par","19":"manm","20":"para","21":" est","22":"ara ","23":"leg\u00f1","24":"ago ","25":"anga","26":" ile","27":"ileg","28":" ti ","29":" sa ","30":"g\u00f1a ","31":"aota","32":"otao","33":"g\u00fce ","34":"taot","35":"ayo ","36":" gua","37":"mana","38":"\u00f1ija","39":"g\u00fciy","40":"\u00fciya","41":" tao","42":"tao ","43":" ayo","44":"eg\u00f1a","45":"ngan","46":"guaj","47":"gue ","48":"todo","49":"inas","50":" tod","51":" ana","52":"lao ","53":" jam","54":"guin","55":"tina","56":" nu ","57":"guiy","58":"uiya","59":"yuus","60":" lao","61":"odo ","62":" uma","63":"jamy","64":"amyo","65":"este","66":"myo ","67":" yuu","68":"jana","69":"ajo ","70":"uus ","71":" min","72":" tae","73":"ato ","74":"mina","75":"nas ","76":" jag","77":" jaf","78":"ste ","79":"ane ","80":"pot ","81":"ungo","82":" mat","83":" ufa","84":"maga","85":" g\u00fce","86":"ano ","87":"aja ","88":" pot","89":"ong ","90":"ulo ","91":"jafa","92":"nina","93":"a\u00f1a ","94":"inag","95":" mag","96":"sta ","97":"ngo ","98":"alag","99":"esta","100":"fanm","101":" jeo","102":"eova","103":"jeov","104":"ova ","105":" jes","106":"jesu","107":"uajo","108":" jaa","109":"esus","110":"sus ","111":" jan","112":" nae","113":"mang","114":"nao ","115":"nman","116":"jago","117":"aye ","118":"alo ","119":" un ","120":"ufan","121":"inan","122":"inin","123":" tin","124":"lang","125":"mato","126":"sang","127":"gan ","128":"afan","129":"g\u00fcij","130":"alom","131":"jao ","132":"atin","133":"mata","134":"anao","135":"mama","136":" sin","137":" cha","138":"aela","139":"tano","140":"lie ","141":"acho","142":"mala","143":"\u00fcije","144":"ije ","145":"ang ","146":" jum","147":" tan","148":"nafa","149":"afa ","150":" as ","151":"mano","152":"nang","153":"iyo ","154":"nana","155":" n ","156":"jaan","157":"inaj","158":"g\u00fcin","159":" nin","160":" jal","161":" fin","162":"tata","163":"nmat","164":"uin ","165":"polo","166":"olo ","167":"g\u00f1ij","168":"agaj","169":"uman","170":" can","171":"lom ","172":"sina","173":"jalo","174":"ilo ","175":"agan","176":"julo","177":"i\u00f1a ","178":"aegu","179":"miyo","180":"gaeg","181":"gane","182":"si\u00f1a","183":"aeg\u00fc","184":"ange","185":"uini","186":"egue","187":" mal","188":" se\u00f1","189":"ngog","190":" qui","191":"ag\u00fce","192":" tat","193":"taeg","194":"fati","195":"jet ","196":"uaja","197":"o\u00f1a ","198":"gang","199":"uno ","200":"gaje","201":"manj","202":"enta","203":"amo ","204":"oja ","205":"nin ","206":"tung","207":" o ","208":"ajet","209":"eg\u00f1i","210":" lin","211":"agas","212":" ma\u00f1","213":"nama","214":"cue ","215":"anja","216":"sion","217":" yo ","218":"aane","219":"talo","220":"locu","221":" loc","222":"ocue","223":" ina","224":"alan","225":"nago","226":" jay","227":" jao","228":"ion ","229":"naga","230":" mas","231":"ingo","232":" mam","233":"gog ","234":"elay","235":"aje ","236":"laye","237":"yong","238":"se\u00f1o","239":" laj","240":"aya ","241":"e\u00f1ot","242":"jilo","243":" jil","244":"naan","245":"cho ","246":"angc","247":" mun","248":" uno","249":"naja","250":"ajul","251":"u\u00f1a ","252":" tay","253":"eg\u00fci","254":"agui","255":"angu","256":"uleg","257":"aga ","258":"taya","259":" pal","260":"aule","261":" fan","262":"egae","263":"gae ","264":"lago","265":"juma","266":"culo","267":"atan","268":" sum","269":"anag","270":"cana","271":" jat","272":"fina","273":"laji","274":"yagu","275":"ason","276":" yag","277":"asta","278":"\u00f1ot ","279":"gcul","280":"inat","281":"ngcu","282":" gae","283":"saga","284":"leg ","285":"mega","286":"dang","287":" pat","288":"mafa","289":"asio","290":"inal","291":" san","292":"jaye","293":"atun","294":"aba ","295":"eyo ","296":" uja","297":" jus","298":" jua","299":"agua","300":"gas ","301":"mago","302":"asan","303":"lag ","304":"ntra","305":"uyon","306":"nala","307":"inen","308":"\u00fcina","309":"omo ","310":"tae ","311":" con","312":"agof","313":"jung","314":" ast","315":"lala","316":"tago","317":" jas","318":"malo","319":"maul","320":"tro ","321":"ina ","322":"nggu","323":" tum","324":"ggue","325":"disi","326":" naa","327":"cont","328":"anan","329":"jam ","330":"umat","331":"uan ","332":" meg","333":"nmal","334":" lan","335":"nasi","336":" jin","337":" jud","338":"jine","339":"ase ","340":"atae","341":"chon","342":"suma","343":"acha","344":" inf","345":"infa","346":"nget","347":" jac","348":"nmam","349":"guim","350":"inae","351":"mapo","352":"isip","353":"ine ","354":"fama","355":"mena","356":" map","357":"tan ","358":" ent","359":" tal","360":"get ","361":"iemp","362":" des","363":"afat","364":" dis","365":"umal","366":"ocho","367":"anti","368":"jusa","369":"guat","370":"usan","371":"inec","372":" men","373":" che","374":"ajin","375":"jin ","376":"ontr","377":"sipu","378":"ipul","379":"apa ","380":"fana","381":"n\u00f1a ","382":" si\u00f1","383":"eja ","384":"neco","385":"ento","386":"amag","387":"tos ","388":"cham","389":"umag","390":"ntos","391":"hong","392":"alie","393":"tra ","394":"agag","395":" dan","396":"lina","397":"ango","398":"dos ","399":" cor","400":"e\u00f1a ","401":" jun","402":" ant","403":"fang","404":"non ","405":"gaga","406":"tini","407":"masa","408":"uine","409":"gof ","410":"ame ","411":"ma\u00f1a","412":"nfan","413":"oyo ","414":" jaj","415":" esp","416":"jaso","417":"cog ","418":"ule ","419":"uda ","420":"gao ","421":"ada ","422":"ijo ","423":"taej","424":"enao","425":"raso","426":"alil","427":"lu\u00f1a","428":"o\u00f1ij","429":"mas ","430":" ine","431":" mau","432":"anaf","433":"qui ","434":"juyo","435":" otr","436":"aeji","437":"ecog","438":"caju","439":"alal","440":"aso ","441":"otro","442":"matu","443":"papa","444":"nmiy","445":"rasi","446":"mand","447":"ejin","448":"oras","449":" fam","450":"cora","451":" jap","452":"ajan","453":"aa\u00f1a","454":"uima","455":"anda","456":"enan","457":" maf","458":"uent","459":"anto","460":"jali","461":"jaja","462":"magu","463":"ata ","464":"imon","465":"tag\u00fc","466":" dos","467":"nge ","468":"acon","469":"apos","470":"uato","471":"ana ","472":"ita ","473":"muna","474":" pag","475":"nmo ","476":"a\u00f1ao","477":"amae","478":"ngae","479":" sen","480":"stag","481":"jasa","482":"espi","483":"ela ","484":"ope ","485":"adaj","486":" tie","487":"chal","488":"eman","489":"pago","490":"jatu","491":"aema","492":"entr","493":"aan ","494":"spir","495":"daje","496":"apol","497":"irit","498":"jina","499":"unas","500":"nael","501":"asag","502":"empo","503":"quil","504":"timo","505":"one ","506":"atsa","507":"jon ","508":"quin","509":"ajya","510":"afta","511":"chul","512":"piri","513":" una","514":"inet","515":"hala","516":"aman","517":"ale ","518":"a\u00f1ij","519":"an\u00f1a","520":"taem","521":"ongg","522":"tiem","523":"ritu","524":" mac","525":"mali","526":"nali","527":"nata","528":" pol","529":" mae","530":"anta","531":"jyan","532":"maes","533":"jaga","534":"mach","535":"sen ","536":" pap","537":"alab","538":"gon ","539":"n\u00f1ij","540":"hule","541":"juna","542":"nta ","543":"ufat","544":"lili","545":"tent","546":"fanj","547":"\u00f1ao ","548":"ibre","549":"ojo ","550":"njo ","551":"amal","552":"nan ","553":"tael","554":"adog","555":"nag\u00fc","556":" ped","557":"cone","558":"esen","559":"nope","560":"alao","561":"nmag","562":"mati","563":"manu","564":"\u00fcine","565":"tach","566":"pala","567":"ntag","568":"inaa","569":"sant","570":"anjo","571":" unn","572":"libr","573":"judi","574":" ten","575":"echo","576":"eta ","577":"ngui","578":" pin","579":" pro","580":"aeya","581":"isao","582":"udio","583":"najy","584":"ula ","585":"anop","586":"oda ","587":"dro ","588":"mpo ","589":" maa","590":"aase","591":" fum","592":" ena","593":"oan ","594":"emo ","595":"fuma","596":"ajun","597":"njan","598":"sibe","599":"iuda","600":"etno","601":"edro","602":"esti","603":"aoan","604":"laoa","605":" chu","606":"lan ","607":"cha ","608":"ntal","609":"aguo","610":"nto ","611":"ias ","612":"pat ","613":"pedr","614":"atac","615":"riya","616":"ient","617":"hamo","618":"mann","619":"ujo ","620":"ibe ","621":" ata","622":"anmo","623":"unna","624":"inam","625":"mael","626":"ute ","627":"choc","628":"anom","629":"maa\u00f1","630":"mame","631":"tuma","632":"esib","633":"pos ","634":"atag","635":"anna","636":"oriy","637":"ngga","638":"ague","639":"anam","640":"man ","641":" rae","642":"raen","643":"sia ","644":"oco ","645":"anaa","646":" juy","647":"laba","648":" jer","649":"juan","650":"anal","651":"mon ","652":"pare","653":"maja","654":" bae","655":"guon","656":" jul","657":"inaf","658":"aeno","659":"asi\u00f1","660":"umas","661":"ntre","662":"lon ","663":"chec","664":"anin","665":"hoch","666":"das ","667":"segu","668":"bae ","669":"arej","670":"yute","671":"igue","672":"aese","673":"atat","674":"alem","675":" ray","676":"jong","677":"tado","678":"pulu","679":"blo ","680":"unja","681":"eg\u00fce","682":"ite ","683":"njal","684":"mamo","685":"a\u00f1ag","686":"siud","687":"itu ","688":"lem ","689":" siu","690":"sale","691":"palo","692":"hech","693":"usal","694":" iya","695":"dong","696":"resi","697":" juf","698":"achu","699":"jufa","700":"ayan","701":"da\u00f1a","702":" caj","703":"nite","704":"ofan","705":"jaju","706":"erus","707":"rejo","708":"gat ","709":"satb","710":"noja","711":"rusa","712":"yang","713":"jeru","714":"bre ","715":"liga","716":"mayu","717":" cum","718":"rofe","719":"nom ","720":"prof","721":"ofet","722":"taba","723":"test","724":"jumu","725":"ejo ","726":"naso","727":"tgon","728":"que ","729":" ach","730":"ayon","731":"ses ","732":"pabl","733":"sto ","734":"lofa","735":" pab","736":"\u00e2l\u00e2 ","737":"igao","738":"chum","739":"ngua","740":"ablo","741":"stab","742":"fan ","743":" jut","744":"naas","745":"son ","746":"atit","747":" sie","748":" tes","749":"angg","750":"ulu\u00f1","751":"tujo","752":"ente","753":"na\u00f1a","754":" nas","755":"atba","756":" ori","757":"feta","758":"sao ","759":"uilo","760":"atad","761":"nnae","762":"ora ","763":"mung","764":" gum","765":"male","766":"atgo","767":"sde ","768":"esde","769":"desd","770":" iyo","771":"tutu","772":"umaj","773":"aaga","774":"cala","775":"inil","776":"pach","777":" inj","778":"se\u00f1a","779":"angj","780":"ray ","781":"jata","782":"yona","783":"maco","784":" ada","785":"nmaa","786":"fa\u00f1a","787":"onae","788":"guan","789":"jaya","790":"rist","791":" cal","792":"agao","793":"uina","794":"alof","795":"ulon","796":"jaco","797":" maj","798":" tas","799":"soda","800":"njay","801":"tijo","802":"umun","803":"n\u00e2l\u00e2","804":" naf","805":"lin\u00e2","806":"agpa","807":"in\u00e2l","808":"eses","809":"uyut","810":"log ","811":"nlie","812":"idas","813":"aeta","814":"cuen","815":"tase","816":"sita","817":"nae\u00f1","818":"s\u00f1a ","819":" isa","820":"yuyu","821":"engg","822":"anju","823":"chin","824":"ujon","825":"laje","826":"umo ","827":"aden","828":"anun","829":" chi","830":"neng","831":" sat","832":"ugua","833":"ma\u00f1e","834":"aejo","835":"ugat","836":"luga","837":"isto","838":" di ","839":" lug","840":" gue","841":"nese","842":"esij","843":"ntin","844":"eya ","845":"tnon","846":"patg","847":"puno","848":"isio","849":"nada","850":"anmi","851":" isr","852":"jano","853":"bend","854":"srae","855":"rael","856":"ayuy","857":"anat","858":"seo ","859":"ael ","860":" aga","861":" ugu","862":"nati","863":"iyan","864":"isra","865":" ang","866":" pan","867":" gen","868":"aesa","869":"ues ","870":"goja","871":"pulo","872":"nmac","873":"fato","874":"onio","875":"ma\u00f1o","876":"ntij","877":" int","878":"odos","879":"utun","880":"res ","881":"go\u00f1a","882":"stes","883":"pan ","884":"asia","885":"amam","886":"iyon","887":"moni","888":"ueng","889":"titi","890":"baba","891":"japo","892":"tuna","893":"jijo","894":"stim","895":"uida","896":"sesi","897":"amat","898":"guma","899":"esit","900":"alib","901":" far","902":"les ","903":" ade","904":"ting","905":"ae\u00f1a","906":"utuj","907":"tesi","908":"aris","909":"ago\u00f1","910":"deng","911":"anac","912":"anas","913":"anli","914":"gago","915":" juj","916":"jame","917":"jach","918":"l\u00e2l\u00e2","919":"ila ","920":"migu","921":" nam","922":"bula","923":" bin","924":"sagu","925":"goco","926":"enge","927":"amaj","928":"jaft","929":"ima ","930":"jgue","931":" nan","932":" pas","933":"ngoc","934":"agom","935":"ojgu","936":"ftae","937":"munj","938":"agoj","939":"etae","940":"odon","941":"nseg","942":"enon","943":"dio ","944":"naet","945":"tta ","946":"anoj","947":"puen","948":"nmap","949":"apun","950":" ens","951":"ajas","952":"gomo","953":"aqui","954":" gra","955":" cad","956":"ense","957":"cant","958":"egui","959":"guid","960":"alog","961":"oso ","962":" yle","963":"inti","964":"umap","965":" unf","966":"etgo","967":"chet","968":"iseo","969":"chat","970":"tgot","971":"aan\u00f1","972":"fine","973":"gmo ","974":"rise","975":"manl","976":" tro","977":" juc","978":"ng\u00f1a","979":"fari","980":"uon ","981":" pac","982":"a\u00f1el","983":"onmi","984":"yleg","985":"netn","986":"nena","987":"endi","988":"nga ","989":"itin","990":"gjo ","991":"guae","992":"afa\u00f1","993":" tre","994":"tsa ","995":"men ","996":"ajam","997":" sag","998":"unfa","999":"naca","1000":"faes","1001":"umac","1002":"tron","1003":"ning","1004":"mani","1005":"on\u00f1i","1006":"onjo","1007":"anji","1008":"ico ","1009":"unaf","1010":"esa ","1011":"umae","1012":"nda\u00f1","1013":"ena ","1014":"chot","1015":"ugue","1016":"mine","1017":"atli","1018":" pue","1019":"nma\u00f1","1020":" lay","1021":"anue","1022":"amiy","1023":"imo ","1024":"sja ","1025":"desp","1026":"ilig","1027":"didi","1028":"bale","1029":"chag","1030":"alin","1031":" sim","1032":"cano","1033":"naey","1034":"tres","1035":"dan ","1036":"pues","1037":"ino ","1038":"anaj","1039":"con ","1040":"manb","1041":"afae","1042":"init","1043":"umaa","1044":"cada","1045":"nfat","1046":"rega","1047":"jats","1048":" sal","1049":"g\u00fcen","1050":"gach","1051":" sil","1052":" lal","1053":"rese","1054":"ulan","1055":"hami","1056":"ante","1057":"smo ","1058":" tra","1059":" pum","1060":"lo\u00f1a","1061":"elo ","1062":"gras","1063":"treg","1064":"nuna","1065":"iyaj","1066":"enda","1067":"gual","1068":"sigu","1069":"tsag","1070":"asod","1071":"ngaj","1072":" gal","1073":"najo","1074":"umuy","1075":" num","1076":"ene ","1077":"ijot","1078":"ualu","1079":"sso ","1080":"asja","1081":"yaja","1082":"aria","1083":"anad","1084":" mar","1085":"alua","1086":"ntes","1087":"mans","1088":"jot ","1089":"dada","1090":"ding","1091":"ese ","1092":"nayu","1093":"cris","1094":" din","1095":"pang","1096":"ega ","1097":"alaj","1098":"dala","1099":" ora","1100":"ling","1101":"ajla","1102":"ria ","1103":"yon ","1104":"atut","1105":"dog ","1106":" cat","1107":"atco","1108":"as\u00f1a","1109":"gong","1110":"luan","1111":"mari","1112":"mapu","1113":"jita","1114":"aata","1115":"ensi","1116":"manp","1117":"maju","1118":"ejam","1119":"ngjo","1120":"pre ","1121":"agon","1122":"pini","1123":"simo","1124":"joja","1125":"glo ","1126":"eco ","1127":"nsia","1128":"ineg","1129":"sanj","1130":"empl","1131":"inig","1132":"jlao","1133":"unae","1134":"ede ","1135":"muyo","1136":"mplo","1137":"mpre","1138":"anit","1139":"sent","1140":"fanl","1141":"tumu","1142":"gaea","1143":"naej","1144":"majl","1145":"nagu","1146":"nglo","1147":"og\u00fce","1148":"ayej","1149":"yeja","1150":"ejao","1151":"nog ","1152":"angl","1153":" bat","1154":"temp","1155":"maas","1156":"mant","1157":" tun","1158":"basi","1159":"jutu","1160":" tem","1161":"ndis","1162":"ngue","1163":"t\u00f1a ","1164":"ilo\u00f1","1165":"onse","1166":"siem","1167":"empr","1168":"taqu","1169":"ise ","1170":"alap","1171":"numa","1172":"mane","1173":"tog ","1174":"andi","1175":"on\u00f1a","1176":"dise","1177":" jab","1178":"unog","1179":"\u00e2g\u00e2 ","1180":"sila","1181":" sab","1182":"entu","1183":"spue","1184":"ojam","1185":"hina","1186":"ngje","1187":"ira ","1188":"aco ","1189":"espu","1190":"fanu","1191":"guef","1192":"abab","1193":"ache","1194":"nio ","1195":"tbas","1196":"tugu","1197":" tri","1198":"agae","1199":"son\u00f1","1200":"alat","1201":"send","1202":"gpan","1203":"una ","1204":"uma ","1205":" jij","1206":" inn","1207":"nte ","1208":"ande","1209":"cung","1210":"gali","1211":"ayut","1212":"tien","1213":"lile","1214":"juja","1215":"umay","1216":"agap","1217":"sala","1218":"ecun","1219":"gene","1220":"tlie","1221":"saba","1222":"amas","1223":"jit ","1224":"sede","1225":" cua","1226":"chel","1227":"lea ","1228":"ujan","1229":"gapa","1230":"gaju","1231":"batc","1232":"a\u00f1oc","1233":"gyo ","1234":"gcha","1235":"igo ","1236":"inad","1237":"ganm","1238":"etbe","1239":"ipe ","1240":"\u00f1och","1241":"ndal","1242":"gga ","1243":"natu","1244":"nalo","1245":"tto ","1246":"cat ","1247":"aomi","1248":"gjet","1249":"ejon","1250":"nach","1251":"e\u00f1ij","1252":"nue ","1253":"tanm","1254":"inay","1255":"umaf","1256":"ata\u00f1","1257":"mlo ","1258":"ilis","1259":"ple ","1260":"mple","1261":"pila","1262":"ngac","1263":"eras","1264":"ueja","1265":"mada","1266":"helu","1267":"sine","1268":"njon","1269":"aque","1270":"uaey","1271":"ios ","1272":"uiqu","1273":"ener","1274":"osij","1275":"iba ","1276":"iqui","1277":"quiq","1278":"cha\u00f1","1279":" usa","1280":" uta","1281":"naem","1282":"gasj","1283":" unj","1284":" ani","1285":"nera","1286":"naom","1287":"bira","1288":" jup","1289":" gag","1290":" dav","1291":"vid ","1292":"davi","1293":" dum","1294":"used","1295":"tco ","1296":"naft","1297":"ftan","1298":"omlo","1299":"aest","1300":"aemo","1301":"atog","1302":"avid","1303":"lo\u00f1i","1304":"anme","1305":"ica ","1306":"joml","1307":"nasa","1308":"icho","1309":"ansa","1310":"nimi","1311":"unam","1312":"aani","1313":"suse","1314":"umpl","1315":"jan ","1316":"namo","1317":"aro ","1318":"stro","1319":" pil","1320":"e\u00f1at","1321":"tes ","1322":"nen ","1323":"umes","1324":"podo","1325":"plo ","1326":"maso","1327":"asa ","1328":"atug","1329":"ttim","1330":"moca","1331":" eni","1332":" jad","1333":"aanm","1334":"agog","1335":"asga","1336":"\u00fcena","1337":" jug","1338":"\u00f1ago","1339":" jui","1340":"comp","1341":"chos","1342":"sga ","1343":"enim","1344":"imig","1345":"sasa","1346":"imen","1347":"utti","1348":"mois","1349":"lach","1350":"dich","1351":" jit","1352":"jom ","1353":"tojg","1354":" moi","1355":"uja ","1356":"mpar","1357":"oise","1358":"inna","1359":"ises","1360":"dios","1361":"nepe","1362":"cump","1363":"ique","1364":"alam","1365":"tumo","1366":"sgas","1367":"lini","1368":"guej","1369":"ta\u00f1a","1370":" lum","1371":"ulie","1372":"yuda","1373":" unt","1374":"nagp","1375":"netg","1376":"gua ","1377":"ao\u00f1a","1378":"juis","1379":"acan","1380":"gala","1381":"ide ","1382":"ompa","1383":"yula","1384":"inli","1385":"ocat","1386":"\u00f1aga","1387":" mum","1388":"hoso","1389":" inl","1390":" bul","1391":"epe ","1392":"aoja","1393":"ngon","1394":"an\u00f1i","1395":"adin","1396":"riba","1397":"estr","1398":"ga\u00f1a","1399":"tmo ","1400":"ngco","1401":"uisi","1402":" esc","1403":"tbe ","1404":"juju","1405":"pon ","1406":" mad","1407":" ins","1408":"nton","1409":"idid","1410":"umue","1411":"ya\u00f1a","1412":"nigu","1413":"fino","1414":"ndan","1415":"pine","1416":"guaf","1417":"guag","1418":"omin","1419":"umam","1420":"mien","1421":"tde ","1422":"ejoj","1423":"uafe","1424":"ado ","1425":"nas\u00f1","1426":"cumu","1427":"acaj","1428":" pet","1429":"lato","1430":"apas","1431":"naju","1432":"nilo","1433":"ate ","1434":"pina","1435":"ares","1436":"ilea","1437":"sias","1438":"dina","1439":" nes","1440":"scri","1441":"fres","1442":"unal","1443":"unga","1444":"escr","1445":" did","1446":"diqu","1447":"aban","1448":"dora","1449":"jayo","1450":"uagu","1451":"usso","1452":"cho\u00f1","1453":" lam","1454":"crib","1455":" ben","1456":"afe ","1457":"uecu","1458":"uuss","1459":"mapa","1460":" cri","1461":"dalo","1462":"tala","1463":"usga","1464":"\u00f1at ","1465":"ngoj","1466":"acum","1467":"atam","1468":"gasg","1469":"nijo","1470":"apre","1471":"chom","1472":"pas ","1473":"gso ","1474":"ajon","1475":"bado","1476":"ojao","1477":"acom","1478":"sonj","1479":"iaje","1480":"ble ","1481":"majo","1482":"inib","1483":"gujo","1484":"njaj","1485":"atbo","1486":"adan","1487":"aeja","1488":"abal","1489":"biaj","1490":" ala","1491":"tafa","1492":"rong","1493":"ongc","1494":"aga\u00f1","1495":" gos","1496":"ecue","1497":"inga","1498":"ida ","1499":"ten ","1500":"legm","1501":"ogja","1502":"gja ","1503":"anes","1504":"ase\u00f1","1505":"juda","1506":"j\u00e2g\u00e2","1507":" sus","1508":"got ","1509":"eng ","1510":"adad","1511":"ilat","1512":"aras","1513":"cand","1514":"cob ","1515":"migo","1516":"nado","1517":"eda ","1518":"sisi","1519":"anla","1520":"\u00f1elu","1521":"atga","1522":"gojo","1523":"uime","1524":"nses","1525":"ayud","1526":"acob","1527":" ses","1528":"inac","1529":"onmo","1530":" bia","1531":"inau","1532":"use ","1533":"gayo","1534":"uchu","1535":" asa","1536":"song","1537":"ena\u00f1","1538":" mie","1539":"eno ","1540":"egch","1541":"unma","1542":"ajao","1543":" her","1544":" unm","1545":"atao","1546":"tre ","1547":"mjom","1548":"upol","1549":"nine","1550":"umad","1551":" ban","1552":"tons","1553":"atde","1554":"latd","1555":"nde ","1556":"ende","1557":"chog","1558":" utt","1559":"ggan","1560":"gu\u00f1a","1561":"otoj","1562":"inep","1563":" nal","1564":"yut ","1565":"jeng","1566":"lujo","1567":"ufa\u00f1","1568":"ngyo","1569":"het ","1570":"iguj","1571":"ma\u00f1i","1572":"ufam","1573":"tras","1574":"ajat","1575":"esie","1576":"asie","1577":"apon","1578":"atne","1579":"saul","1580":"tang","1581":" j\u00e2g","1582":"amau","1583":" aco","1584":"iluu","1585":"ntie","1586":"ana\u00f1","1587":"luus","1588":"elu\u00f1","1589":"tamo","1590":"uilu","1591":"echa","1592":"bini","1593":"ades","1594":"muno","1595":" cam","1596":" uni","1597":"dica","1598":"lalo","1599":"ansi","1600":"dide","1601":"macu","1602":"humo","1603":"ujas","1604":"enma","1605":"etta","1606":"gco ","1607":"gaja","1608":"lele","1609":"lagu","1610":"bach","1611":"atta","1612":"usag","1613":"ot\u00f1a","1614":"nten","1615":"tme ","1616":"sie ","1617":"itme","1618":"aeyo","1619":"lis ","1620":"gcon","1621":"goga","1622":"jusg","1623":"hero","1624":"juch","1625":"tga ","1626":"ong\u00f1","1627":"nats","1628":"iene","1629":"maba","1630":"aojo","1631":"inji","1632":"jeja","1633":"unoj","1634":"setb","1635":"erto","1636":" sem","1637":"redi","1638":"pred","1639":"erod","1640":"naul","1641":"amaa","1642":"nueb","1643":"inij","1644":" taf","1645":"pase","1646":"njin","1647":" uch","1648":" ume","1649":" fat","1650":"pres","1651":"tatn","1652":"tayu","1653":"tba ","1654":"tine","1655":"fitm","1656":"njas","1657":"jaad","1658":"jing","1659":"nnaf","1660":"ataj","1661":" apo","1662":"desi","1663":"abad","1664":"aean","1665":"luma","1666":"unat","1667":"sonm","1668":"miya","1669":"rabi","1670":"ma\u00f1u","1671":"unin","1672":"rto ","1673":"sesa","1674":" eli","1675":"alig","1676":"fini","1677":" jae","1678":"iste","1679":"enem","1680":"iert","1681":"tajo","1682":" may","1683":"jude","1684":"lape","1685":"amen","1686":"ras ","1687":" pri","1688":"adal","1689":"tate","1690":"amco","1691":"jaag","1692":"sier","1693":"gode","1694":"inef","1695":"catn","1696":"juta","1697":"nila","1698":"ona ","1699":"sare","1700":" ene","1701":"ador","1702":"anch","1703":"ndet","1704":" unp","1705":"gan\u00f1","1706":"iete","1707":"naco","1708":"emig","1709":"esca","1710":"anpa","1711":"a\u00f1an","1712":" an ","1713":"nemi","1714":"goyo","1715":"umen","1716":"iya\u00f1","1717":"hagu","1718":"raha","1719":" jos","1720":"prin","1721":"edic","1722":"aena","1723":"catg","1724":"taye","1725":"\u00f1ule","1726":" rum","1727":" ing","1728":" nue","1729":"tagp","1730":"ajal","1731":"ji\u00f1a","1732":"bio ","1733":"mco ","1734":"amte","1735":"emiy","1736":"patt","1737":"ete ","1738":"faga","1739":"otto","1740":" jar","1741":"tsot","1742":" sad","1743":"ayuu","1744":"dose","1745":"aji\u00f1","1746":"lay ","1747":"ose ","1748":"insi","1749":"chae","1750":"namc","1751":" nga","1752":"abra","1753":"isij","1754":"aada","1755":"jagu","1756":" que","1757":"etmo","1758":"s\u00f1ij","1759":"naoj","1760":"ausa","1761":"jala","1762":"omjo","1763":"jugu","1764":"aomo","1765":"umon","1766":"gagu","1767":"nsa ","1768":"asen","1769":"ines","1770":"det ","1771":"rume","1772":"ura ","1773":"inem","1774":"ean ","1775":"ape ","1776":"ntay","1777":"rode","1778":"ego ","1779":"clar","1780":"muma","1781":"mam ","1782":"hatl","1783":"manf","1784":" unl","1785":"ngag","1786":"sot ","1787":"jare","1788":"al\u00e2l","1789":"pmam","1790":"njen","1791":"agay","1792":" unc","1793":"tqui","1794":"maca","1795":"anen","1796":"brah","1797":"aoyo","1798":"agal","1799":"ang\u00f1","1800":"nnam","1801":"a\u00f1ot","1802":" cau","1803":"sinc","1804":"naat","1805":"alen","1806":"ham ","1807":"utut","1808":"a\u00f1as","1809":"senm","1810":" abr","1811":"maag","1812":" lag","1813":"semi","1814":"des ","1815":"odes","1816":" bar","1817":"rins","1818":"ujun","1819":"guen","1820":"nmaf","1821":"aham","1822":"band","1823":"\u00f1asa","1824":"inje","1825":"hago","1826":"nsin","1827":"uang","1828":"inab","1829":" fel","1830":"a\u00f1ae","1831":"feli","1832":"maeg","1833":"bia ","1834":"ron ","1835":"ngca","1836":"efre","1837":"imay","1838":"tane","1839":"aego","1840":"caus","1841":"ilan","1842":"stot","1843":"cons","1844":"negc","1845":"nene","1846":"atng","1847":"huma","1848":"onra","1849":" ay ","1850":"ode ","1851":"asar","1852":" mab","1853":" cue","1854":"ungg","1855":"nsip","1856":"otta","1857":"abia","1858":" a\u00f1o","1859":"egso","1860":"atqu","1861":"\u00f1elo","1862":"abir","1863":"ntur","1864":"iomo","1865":"uada","1866":"tnga","1867":"nefr","1868":"inel","1869":" apa","1870":"nmau","1871":"udea","1872":"nmas","1873":"etsi","1874":"eque","1875":"sipe","1876":"tnot","1877":"adon","1878":"hae ","1879":"aato","1880":"jaat","1881":"enam","1882":"dea ","1883":"asmo","1884":"ujal","1885":" egs","1886":"amob","1887":"esat","1888":"oga ","1889":"\u00f1aja","1890":"os\u00e9 ","1891":"tut ","1892":"pett","1893":"lama","1894":"inis","1895":"gaej","1896":"jos\u00e9","1897":"gaan","1898":"ebo ","1899":"juad","1900":" uga","1901":"dagu","1902":"untu","1903":"mesi","1904":"aali","1905":" ini","1906":"aent","1907":"lom\u00f1","1908":"ionm","1909":"jula","1910":"eso ","1911":"asas","1912":"oble","1913":"nra ","1914":" sio","1915":"naa\u00f1","1916":"nyo ","1917":"eleg","1918":"nia ","1919":"tens","1920":"ueyo","1921":" bet","1922":"jaal","1923":"cuma","1924":"jupo","1925":"alo\u00f1","1926":"uye ","1927":"pa\u00f1a","1928":"uebo","1929":"semo","1930":" pre","1931":"nja ","1932":"titu","1933":"jumo","1934":"siet","1935":"dumi","1936":"ha\u00f1a","1937":"inco","1938":"nnin","1939":"sio ","1940":"gent","1941":"nelo","1942":"hot\u00f1","1943":"naes","1944":"ero ","1945":"aja\u00f1","1946":"laym","1947":"ganj","1948":"uipo","1949":"tao\u00f1","1950":"nsan","1951":"ipot","1952":"cao ","1953":" mon","1954":" inp","1955":"enti","1956":"apat","1957":"paga","1958":"nest","1959":"ijej","1960":"pada","1961":"dia ","1962":" cao","1963":"espa","1964":"esia","1965":"mten","1966":"t\u00f1ij","1967":"iles","1968":"mapr","1969":"unan","1970":"fala","1971":"jila","1972":"guip","1973":" cla","1974":"anay","1975":"san ","1976":"igui","1977":"bas ","1978":"tris","1979":"maal","1980":"asem","1981":"alae","1982":"jayu","1983":"sin ","1984":"lumo","1985":"juca","1986":"trab","1987":"anis","1988":"list","1989":"ales","1990":"lomo","1991":"esto","1992":"lomt","1993":"trib","1994":"tile","1995":"bans","1996":"gase","1997":"ho\u00f1a","1998":"ario","1999":"ntil","2000":"ujaa","2001":"reyo","2002":"brey","2003":"uaga","2004":"umoc","2005":"juli","2006":" las","2007":"ntan","2008":"omta","2009":"dese","2010":"spad","2011":"apac","2012":"ima\u00f1","2013":"cama","2014":"muen","2015":"gosm","2016":"ujat","2017":"mtan","2018":" bac","2019":"mase","2020":"unaj","2021":" diq","2022":"ufal","2023":" bab","2024":"madi","2025":"atal","2026":"uje ","2027":"g\u00e2g\u00e2","2028":"fann","2029":"japa","2030":" bum","2031":"yoja","2032":"\u00f1ots","2033":"ijij","2034":"apag","2035":"juag","2036":"jabi","2037":"umoj","2038":"otso","2039":" ilu","2040":" yum","2041":"nco ","2042":"ncat","2043":" seg","2044":"uat ","2045":"taet","2046":"njil","2047":"ton ","2048":"amoc","2049":" sac","2050":"era ","2051":"unli","2052":"gues","2053":" uns","2054":"lag\u00f1","2055":"ymo ","2056":"lamt","2057":"ito ","2058":"tuse","2059":"jual","2060":"nlib","2061":"ampe","2062":"umul","2063":"aymo","2064":"caba","2065":"hetn","2066":"japr","2067":" uli","2068":"sien","2069":"\u00f1aen","2070":"njuy","2071":"inja","2072":" ung","2073":"rio ","2074":" g\u00e2g","2075":"ubli","2076":"agu\u00f1","2077":"eng\u00f1","2078":"elio","2079":"atte","2080":"joyo","2081":"lipe","2082":"etna","2083":"matq","2084":"nasm","2085":"apet","2086":"ilel","2087":"tole","2088":"gua\u00f1","2089":"oles","2090":"pula","2091":"lefa","2092":"onto","2093":"publ","2094":"i\u00f1ij","2095":" ual","2096":"jini","2097":"ja\u00f1a","2098":"ment","2099":"nant","2100":"gmiy","2101":"anfi","2102":"elip","2103":"pale","2104":"asto","2105":"\u00f1os ","2106":" uju","2107":"ae\u00f1i","2108":" com","2109":"fanb","2110":"anba","2111":"sea ","2112":"fa\u00f1o","2113":"trar","2114":"metg","2115":"osto","2116":"apma","2117":"ongj","2118":"nano","2119":"nnan","2120":"stol","2121":"omiy","2122":"stig","2123":"maat","2124":"dot ","2125":"dosi","2126":"la\u00f1a","2127":"dog\u00f1","2128":"fand","2129":"eto ","2130":"post","2131":"ucan","2132":"isia","2133":" pub","2134":"ag\u00f1a","2135":"nda ","2136":"ualo","2137":"ada\u00f1","2138":"a\u00f1os","2139":"ntia","2140":"jiji","2141":"lio ","2142":"ng\u00f1i","2143":"atay","2144":"njun","2145":"lumi","2146":"njul","2147":"npar","2148":"eren","2149":"egaa","2150":"dao ","2151":"maaa","2152":"ayen","2153":"jiyo","2154":"naba","2155":"nisa","2156":"mae ","2157":"cuat","2158":"ngja","2159":"neja","2160":"iago","2161":"maey","2162":"ntun","2163":"nges","2164":"ga\u00f1i","2165":"eluj","2166":"lame","2167":"efta","2168":"atdi","2169":"ges ","2170":"aael","2171":"anso","2172":"\u00e2l\u00e2\u00f1","2173":"ueft","2174":"yini","2175":"unac","2176":"ucho","2177":"amig","2178":"sado","2179":"ua\u00f1a","2180":" dic","2181":"afaj","2182":"rion","2183":" ega","2184":"udas","2185":"reso","2186":"puma","2187":"trat","2188":"suja","2189":"teja","2190":" tab","2191":"usa ","2192":"tiag","2193":"aben","2194":"no\u00f1a","2195":"guec","2196":"isig","2197":"ngmo","2198":"moch","2199":"npin","2200":"gyon","2201":"aren","2202":"pog ","2203":"agat","2204":"saja","2205":"aanj","2206":"esea","2207":" ere","2208":"taoj","2209":"fani","2210":"eset","2211":"humu","2212":"ujaf","2213":"oma ","2214":"ndic","2215":"sat ","2216":"maen","2217":"ntus","2218":"tuno","2219":"gamo","2220":"mpe ","2221":"jaca","2222":"blic","2223":" sam","2224":"laro","2225":" yin","2226":" usi","2227":"anbe","2228":"uto ","2229":"atoj","2230":"bla ","2231":"ngos","2232":"aeas","2233":"neyo","2234":"toja","2235":"\u00f1a\u00f1a","2236":"lapo","2237":"ha\u00f1i","2238":"hats","2239":"ojon","2240":"pto ","2241":"hini","2242":"agyo","2243":" uca","2244":"seaj","2245":"jajo","2246":"not ","2247":"etbi","2248":"eaja","2249":"anog","2250":"gipt","2251":"egip","2252":"ayey","2253":"nmay","2254":"pen ","2255":" egi","2256":"engj","2257":"rens","2258":"fans","2259":"mong","2260":" inc","2261":"ipto","2262":"lica","2263":"guey","2264":"njom","2265":"ftaq","2266":"nlal","2267":"eca ","2268":"\u00e2\u00f1a ","2269":"jaro","2270":"chan","2271":" upo","2272":"osma","2273":"dogm","2274":"anse","2275":"ala ","2276":"mag ","2277":"emjo","2278":"pumo","2279":"sgae","2280":" jue","2281":"ogch","2282":"ayul","2283":"aso\u00f1","2284":"betb","2285":"elia","2286":"ajaj","2287":" sau","2288":"enca","2289":"atda","2290":"ayoj","2291":"apot","2292":"faja","2293":"yumu","2294":"ncho","2295":"go\u00f1i","2296":"inii","2297":"matl","2298":"yamo","2299":"engy","2300":"a\u00f1is","2301":"na\u00f1i","2302":"gpa\u00f1","2303":"inse","2304":"gana","2305":" die","2306":" pod","2307":"\u00f1isi","2308":"mojo","2309":"nchi","2310":"ajom","2311":"ujaj","2312":"tayo","2313":"aulo","2314":"mojg","2315":"chud","2316":"ntod","2317":"napo","2318":"yajo","2319":"huda","2320":" ami","2321":"don ","2322":"nbul","2323":"ilie","2324":"umut","2325":"obet","2326":"sume","2327":"ot\u00f1i","2328":"tdao","2329":"ucaj","2330":" saj","2331":"taom","2332":"nibu","2333":"amin","2334":" nij","2335":" nat","2336":"loja","2337":"nfin","2338":"ujuy","2339":"ulag","2340":"ease","2341":" leb","2342":"ined","2343":"ugae","2344":"bayo","2345":"mare","2346":"moto","2347":"asal","2348":"ures","2349":"nres","2350":"bino","2351":" tut","2352":"egur","2353":"usta","2354":"pupu","2355":"atro","2356":"naqu","2357":" cab","2358":"atos","2359":"dayo","2360":"ogso","2361":"daso","2362":"aca ","2363":"pata","2364":" cos","2365":" atd","2366":" asi","2367":"han ","2368":"geli","2369":"achi","2370":"\u00fcija","2371":"ijan","2372":"ribu","2373":"sobe","2374":"rico","2375":"anbu","2376":"dies","2377":"cheg","2378":"ajij","2379":"gcan","2380":"uese","2381":" nob","2382":"gjao","2383":"i\u00f1an","2384":"cuan","2385":" cap","2386":" nii","2387":"ngel","2388":"mobl","2389":"tte ","2390":"g\u00fcey","2391":"japu","2392":"ogmo","2393":"tna ","2394":"lias","2395":"asyo","2396":"\u00f1ant","2397":"tigu","2398":" apm","2399":"asao","2400":"gson","2401":"nii ","2402":"mona","2403":"ania","2404":"nent","2405":"lant","2406":"nie ","2407":"plan","2408":"rari","2409":"pets","2410":"tigo","2411":"\u00f1ala","2412":"nije","2413":"egmo","2414":"unta","2415":"jetm","2416":" fa\u00f1","2417":"usod","2418":" uny","2419":"ayeg","2420":"manc","2421":"nsen","2422":"afag","2423":"maye","2424":"oro ","2425":"adot","2426":"buen","2427":"ngso","2428":"ies ","2429":"amar","2430":"made","2431":"insa","2432":"ilon","2433":"igon","2434":"past","2435":"nmaj","2436":" taq","2437":"inap","2438":"ucha","2439":"\u00f1an ","2440":"paja","2441":"l\u00e2\u00f1a","2442":"bijo","2443":"lasa","2444":"jasp","2445":"ano\u00f1","2446":" umo","2447":"abio","2448":"prom","2449":" und","2450":"gof\u00f1","2451":"m\u00f1a ","2452":"spog","2453":"anot","2454":"enaj","2455":"aspo","2456":"sott","2457":"unad","2458":" utu","2459":"ile ","2460":"agoy","2461":"\u00f1aej","2462":"bios","2463":"onma","2464":" sig","2465":" mit","2466":"medi","2467":" na\u00f1","2468":"labi","2469":" car","2470":"modo","2471":"yeng","2472":"gumo","2473":"a\u00f1ul","2474":"syo ","2475":"ian ","2476":"lico","2477":"plac","2478":"cari","2479":"alef","2480":" sec","2481":"lae ","2482":"ao\u00f1i","2483":"ques","2484":"ina\u00f1","2485":"aope","2486":"otba","2487":"yomo","2488":" lab","2489":"ican","2490":"edid","2491":"pasc","2492":"tne ","2493":"ejit","2494":" seb","2495":" tiy","2496":"totb","2497":"tiya","2498":"bble","2499":"sucr","2500":"lal\u00e2","2501":"loyo","2502":"esuc","2503":"umuj","2504":"nobi","2505":"nogc","2506":"ijaj","2507":"ama ","2508":"uon\u00f1","2509":"aula","2510":"seng","2511":"lomj","2512":"aeni","2513":"scua","2514":"mini","2515":"cret","2516":"ran ","2517":"yo\u00f1a","2518":"ascu","2519":"rome","2520":"mpon","2521":" aje","2522":"gen ","2523":"uro ","2524":"orot","2525":" jom","2526":" moj","2527":"uant","2528":"tbor","2529":"oto ","2530":"otmo","2531":"uatr","2532":"bang","2533":"enin","2534":" paj","2535":"ucri","2536":"boro","2537":"amod","2538":"tabe","2539":"ota ","2540":" uba","2541":"ugui","2542":"os\u00f1a","2543":"aaat","2544":"ipen","2545":"aado","2546":"tana","2547":"lent","2548":"ajaf","2549":"aasi","2550":"aaso","2551":"lonm","2552":"tbio","2553":"agod","2554":"peyo","2555":"mit ","2556":"mese","2557":"mequ","2558":"masq","2559":"sque","2560":"nega","2561":"acat","2562":"aecu","2563":" yuj","2564":"obbl","2565":"manr","2566":"jada","2567":"uera","2568":"gogj","2569":" pup","2570":"uusm","2571":"jade","2572":"umab","2573":"opol","2574":"ubas","2575":"engm","2576":"uust","2577":"iyo\u00f1","2578":"hott","2579":"\u00e1pla","2580":"yuna","2581":"atma","2582":" ogs","2583":"yuje","2584":"erna","2585":"yama","2586":" bot","2587":"uela","2588":"guit","2589":"isga","2590":"eres","2591":" jem","2592":"nife","2593":"a\u00f1uj","2594":" ecu","2595":"asqu","2596":"unpo","2597":"\u00f1oda","2598":"anfa","2599":"onia","2600":"nque","2601":"jomj","2602":" gus","2603":"npol","2604":"umot","2605":"umop","2606":"iija","2607":"om\u00f1a","2608":"jemj","2609":"unsa","2610":"naye","2611":"no\u00f1i","2612":"agam","2613":"a\u00f1od","2614":"sama","2615":"many","2616":"siom","2617":"hogj","2618":"famo","2619":" med","2620":" ilo","2621":"umim","2622":"ayos","2623":"ibo ","2624":"guse","2625":"abos","2626":"homo","2627":"nase","2628":" l\u00e2l","2629":"ores","2630":"ndad","2631":"omoc","2632":"abay","2633":"lolo","2634":"ulo\u00f1","2635":"nme ","2636":"ajes","2637":"noto","2638":"jacu","2639":"jadi","2640":"jaen","2641":" ras","2642":"mule","2643":"tiet","2644":"coni","2645":"egmi","2646":"nat ","2647":" tig","2648":"labo","2649":"naeg","2650":"ajit","2651":"elon","2652":"reto","2653":"asti","2654":" ufi","2655":"gogo","2656":"tbo ","2657":"njiy","2658":"cua ","2659":"ajar","2660":"ogco","2661":"momo","2662":"guer","2663":"yosi","2664":"engc","2665":"boso","2666":"coco","2667":"lebl","2668":"uday","2669":"udan","2670":"\u00fceyo","2671":"cost","2672":"as\u00f1i","2673":" bas","2674":"upue","2675":"obie","2676":"gmam","2677":"fafa","2678":"nasu","2679":"ietn","2680":"alol","2681":"secr","2682":"rea ","2683":"saca","2684":"urio","2685":"yeyo","2686":" cho","2687":"g\u00fcej","2688":"saqu","2689":"gaen","2690":"asus","2691":"ho\u00f1i","2692":"dena","2693":"maya","2694":"atom","2695":"gobi","2696":"rato","2697":"gaya","2698":"fata","2699":"omes","2700":"\u00f1i\u00f1i","2701":"rita","2702":"nyut","2703":"dodo","2704":"tsig","2705":"jes ","2706":"ndag","2707":"tufo","2708":"ebal","2709":"ebe ","2710":"turi","2711":"ionj","2712":"uia ","2713":"tuye","2714":"ufon","2715":"jabe","2716":" joy","2717":"ndiq","2718":"fach","2719":"taja","2720":"efa ","2721":"aaa\u00f1","2722":"amom","2723":"itao","2724":"ecre","2725":"ucon","2726":"ostu","2727":" oro","2728":"njij","2729":"jaba","2730":"umie","2731":" ofi","2732":"maad","2733":"igua","2734":"jues","2735":"nato","2736":"ngge","2737":"apla","2738":"auti","2739":" tit","2740":"biet","2741":"ijit","2742":"tola","2743":"juso","2744":"tgue","2745":"nnal","2746":" gas","2747":"nnaj","2748":"ilu\u00f1","2749":" umi","2750":"abet","2751":"tot ","2752":"apan","2753":" tag","2754":" tac","2755":"tjo ","2756":"en\u00f1i","2757":"teyo","2758":"reno","2759":"\u00f1u\u00f1u","2760":"elum","2761":" ure","2762":"uca ","2763":"jaop","2764":"gonm","2765":"aipe","2766":"enat","2767":"agos","2768":"sgue","2769":" nen","2770":"ueil","2771":"umog","2772":"afaa","2773":"utay","2774":"utag","2775":"utaf","2776":"fano","2777":"inie","2778":"unch","2779":"eyam","2780":"seda","2781":"eyan","2782":"acue","2783":"aeba","2784":"uonm","2785":"ungu","2786":" mai","2787":"afam","2788":"inqu","2789":" oda","2790":" bue","2791":"uene","2792":"guro","2793":" cas","2794":"mjo ","2795":"aalo","2796":"fong","2797":"fisi","2798":"u\u00f1ul","2799":"mie ","2800":"salm","2801":" dia","2802":"afit","2803":"mbre","2804":"leja","2805":"eile","2806":"aang","2807":"asau","2808":"ayig","2809":"cast","2810":"quei","2811":"a\u00f1u\u00f1","2812":"alas","2813":"autu","2814":"nqui","2815":"nist","2816":"nsed","2817":"anni","2818":"ajoj","2819":"natb","2820":"ogyo","2821":"ofis","2822":"nfam","2823":"a\u00f1aj","2824":"polu","2825":"choj","2826":"rama","2827":"chac","2828":"igu\u00f1","2829":"unyu","2830":"igum","2831":"rang","2832":"nose","2833":"iyay","2834":"faae","2835":"otjo","2836":"mopo","2837":"chas","2838":"\u00f1uja","2839":"barn","2840":"usi\u00f1","2841":"aala","2842":"enen","2843":"cans","2844":"asij","2845":"quia","2846":"fa\u00f1u","2847":"uala","2848":"iiyo","2849":"i\u00f1a\u00f1","2850":"baja","2851":"ongo","2852":"osea","2853":"nanm","2854":"ingu","2855":"nmae","2856":" jor","2857":"mesa","2858":" mis","2859":"esar","2860":"afot","2861":"esaj","2862":" naj","2863":"muec","2864":"umis","2865":"cume","2866":"stum","2867":"sao\u00f1","2868":"ufin","2869":"a\u00f1o ","2870":"sata","2871":"imam","2872":"etin","2873":" nos","2874":"ila\u00f1","2875":"aeti","2876":"nafi","2877":"rnab","2878":"iban","2879":"toyo","2880":"aret","2881":"tyo ","2882":"tran","2883":"aset","2884":"dogc","2885":"siat","2886":" uyu","2887":"\u00e2yo ","2888":"nab\u00e9","2889":"ngas","2890":"bina","2891":"acac","2892":"atfi","2893":"arna","2894":"chic","2895":"ab\u00e9 ","2896":"liij","2897":" bij","2898":"layo","2899":"nso ","2900":"hog\u00fc","2901":"ajuj","2902":"jama","2903":"dito","2904":" sob","2905":"nuno","2906":" saq","2907":"bote","2908":"ndit","2909":"teco","2910":"hasa","2911":"tani","2912":"gajo","2913":"saom","2914":" upa","2915":"sapa","2916":"biud","2917":"tu\u00f1a","2918":"ipoc","2919":"soco","2920":"bon ","2921":"mere","2922":" mil","2923":"edon","2924":"so\u00f1i","2925":" yya","2926":"nani","2927":"sajy","2928":"ugag","2929":"duma","2930":"almo","2931":"luda","2932":" ram","2933":"sese","2934":"bast","2935":"alud","2936":"jane","2937":"tumb","2938":"tale","2939":" pla","2940":"engs","2941":"ama\u00f1","2942":"bana","2943":"enmi","2944":"iyom","2945":"quen","2946":"sian","2947":"enra","2948":"anbi","2949":"matd","2950":"anre","2951":" uin","2952":"tfin","2953":"l\u00e2yo","2954":"pocr","2955":"ituy","2956":"napa","2957":"scan","2958":"bumo","2959":"juto","2960":"andr","2961":"tamp","2962":"osgu","2963":"atuf","2964":"etie","2965":"nabu","2966":"iloj","2967":"gant","2968":"ra\u00f1a","2969":"asot","2970":"esga","2971":"ilia","2972":"etsa","2973":" dal","2974":"nnes","2975":"nal\u00e2","2976":"hipo","2977":"mog ","2978":"om\u00f1i","2979":"nos ","2980":"alac","2981":"iga ","2982":"asuj","2983":"nag ","2984":"nacu","2985":"naag","2986":"gani","2987":"fanf","2988":"fant","2989":"\u00e2l\u00e2y","2990":"hach","2991":"gos ","2992":"g\u00fcem","2993":"\u00fciji","2994":"m\u00f1ij","2995":"og\u00f1a","2996":"og\u00f1i","2997":" lib","2998":"opey","2999":"mute","3000":"odot","3001":"yaye","3002":"ayog","3003":"umet","3004":"umbr","3005":"\u00fcemo","3006":" tir","3007":"tioq","3008":"hot ","3009":"elun","3010":"jgua","3011":"ntas","3012":"desc","3013":"abul","3014":"uali","3015":"atpa","3016":"soja","3017":"ag\u00fci","3018":"ntio","3019":"ngo\u00f1","3020":"neg\u00fc","3021":"olae","3022":" res","3023":"aefe","3024":"acul","3025":"yeg ","3026":"adur","3027":"las ","3028":" sas","3029":"naum","3030":"pida","3031":"tos\u00f1","3032":"lat ","3033":"aeca","3034":"tun ","3035":"tdia","3036":"ttan","3037":"late","3038":"jija","3039":"\u00e2jo ","3040":"nenr","3041":"stra","3042":"isai","3043":"aapa","3044":"ibum","3045":"imiy","3046":" hip","3047":"name","3048":"eten","3049":"nami","3050":"asoj","3051":"etan","3052":" inq","3053":" nif","3054":"aosg","3055":"umeq","3056":"inta","3057":"abas","3058":" mao","3059":"aola","3060":"dura","3061":" lis","3062":"oron","3063":"obio","3064":"oqui","3065":"ioqu","3066":"gjam","3067":"\u00e1bal","3068":"liiy","3069":"raja","3070":"abor","3071":"ifen","3072":"ista","3073":"anut","3074":"econ","3075":"itun","3076":"ote ","3077":"iye ","3078":"apro","3079":" gac","3080":"gone","3081":"unju","3082":"gas\u00f1","3083":"sumo","3084":"teya","3085":"bore","3086":" \u00e1pl","3087":"gonj","3088":"leco","3089":" ayu","3090":"petb","3091":" atc","3092":"laec","3093":"taeb","3094":"\u00e2l\u00e2j","3095":"asii","3096":"eban","3097":"ebbl","3098":"boni","3099":"tbos","3100":"ocri","3101":"\u00fceja","3102":"ebot","3103":"eblo","3104":"ndes","3105":"gpap","3106":"gaoj","3107":"orda","3108":"nga\u00f1","3109":"bara","3110":"niti","3111":"nito","3112":"idon","3113":" fal","3114":"auda","3115":"otey","3116":"udae","3117":" fit","3118":"isi\u00f1","3119":"osso","3120":"eton","3121":"usat","3122":"ered","3123":"osmo","3124":"ayam","3125":"nlil","3126":"nl\u00e2l","3127":"aye\u00f1","3128":"etbo","3129":"onsi","3130":" jai","3131":" jur","3132":"inpi","3133":"ino\u00f1","3134":"ujap","3135":"osna","3136":"omam","3137":"niom","3138":"uapa","3139":" uda","3140":"tisi","3141":"juco","3142":"jord","3143":" tor","3144":" tom","3145":"anej","3146":" tim","3147":"pari","3148":"best","3149":"ngoy","3150":"trig","3151":" sis","3152":"jase","3153":"arec","3154":"nias","3155":"tuca","3156":"area","3157":"uyul","3158":"hile","3159":" rom","3160":"fen ","3161":"anl\u00e2","3162":"atoy","3163":"anon","3164":"uan\u00f1","3165":"nini","3166":"egua","3167":"ntae","3168":"baye","3169":"mili","3170":"agma","3171":"ajgu","3172":"adag","3173":"can ","3174":"crit","3175":"ronu","3176":"aeis","3177":"caca","3178":"nao\u00f1","3179":"aes ","3180":"abue","3181":"aenc","3182":"nasj","3183":"roma","3184":"masu","3185":"moyo","3186":"ncan","3187":"mamu","3188":"acas","3189":"rias","3190":"somo","3191":"cata","3192":"nabo","3193":"abaj","3194":"chil","3195":"rech","3196":"chad","3197":"quel","3198":"saes","3199":"rdan","3200":" unb","3201":"asaj","3202":"onie","3203":"falo","3204":"uado","3205":"seja","3206":"paca","3207":"tasi","3208":"eisa","3209":"gtog","3210":"anne","3211":" yne","3212":"lech","3213":" umu","3214":"uare","3215":"imos","3216":" iba","3217":"umol","3218":" igo","3219":"onit","3220":"lasy","3221":"alis","3222":"f\u00f1a ","3223":"lajo","3224":"rigo","3225":"ari\u00f1","3226":"jato","3227":" sir","3228":"dibi","3229":"doco","3230":" uso","3231":"tsis","3232":"adod","3233":"arie","3234":"acal","3235":"atie","3236":"igos","3237":"rine","3238":"laso","3239":"rien","3240":"nomo","3241":"ofre","3242":"bbla","3243":" gay","3244":" tad","3245":"of\u00f1a","3246":"lanm","3247":"gupo","3248":"flec","3249":"at\u00f1a","3250":"mofe","3251":"mog\u00fc","3252":" cop","3253":"upot","3254":"ieti","3255":"egla","3256":"edas","3257":"boto","3258":"rasa","3259":"peda","3260":"lojo","3261":"tmon","3262":"maud","3263":"ajag","3264":"iat ","3265":"bue ","3266":"njuj","3267":"ajus","3268":"gmat","3269":"daco","3270":" lim","3271":"badu","3272":"cumo","3273":"babu","3274":"copa","3275":"tira","3276":"bida","3277":" nap","3278":"nanu","3279":"lun ","3280":"suel","3281":"iro ","3282":"alit","3283":"olu\u00f1","3284":"dini","3285":"ion\u00f1","3286":"gg\u00fce","3287":"anyo","3288":"sumu","3289":" met","3290":"abag","3291":"uit ","3292":" la\u00f1","3293":"gofj","3294":"hom ","3295":"i\u00f1aj","3296":"elan","3297":"yao ","3298":"ri\u00f1o","3299":"nmin","3300":"inch","3301":"aleg","3302":"tali","3303":"anab","3304":"umec","3305":"ibun","3306":"gon\u00f1","3307":"njam","3308":"masi","3309":"anqu","3310":"noyo","3311":"eche","3312":" ame","3313":" jub","3314":"nbid","3315":"anap","3316":"egun","3317":"ayun","3318":"maje","3319":" and","3320":"rent","3321":"sco ","3322":"tico","3323":"arab","3324":" tel","3325":"tiye","3326":"jeto","3327":"fali","3328":"fany","3329":"utal","3330":"utae","3331":"omon","3332":"fami","3333":"fea ","3334":"rona","3335":"tnec","3336":"tlii","3337":"upun","3338":"fatt","3339":"jaec","3340":"dida","3341":"ban ","3342":"espr","3343":" jon","3344":"njat","3345":"onyo","3346":"debo","3347":"udo ","3348":" onr","3349":"ulic","3350":"ituj","3351":"sdan","3352":"ujus","3353":"saia","3354":"inpe","3355":"a\u00f1at","3356":"afac","3357":"salu","3358":"dale","3359":"maut","3360":"mend","3361":"io\u00f1a","3362":"saoj","3363":"itde","3364":"coyo","3365":"enja","3366":"anpi","3367":"trin","3368":"jasu","3369":"natg","3370":"alum","3371":"bela","3372":"cuar","3373":"nigo","3374":"emog","3375":"et\u00f1a","3376":" sae","3377":"umeg","3378":"nii\u00f1","3379":"unaa","3380":"cang","3381":"man\u00e1","3382":"man\u00f1","3383":"onja","3384":"mitd","3385":"jaap","3386":"maqu","3387":"umin","3388":" pid","3389":"uaef","3390":"anca","3391":" mes","3392":"icha","3393":"tdis","3394":"\u00f1amo","3395":"spre","3396":"\u00f1ang","3397":"nadi","3398":"lagy","3399":"nben","3400":"tela","3401":"ocoy","3402":"rini","3403":"g\u00fce\u00f1","3404":"taft","3405":"g\u00fci ","3406":"tat ","3407":"limo","3408":"peta","3409":"aber","3410":"amil","3411":"naen","3412":"gost","3413":"gun ","3414":"gumi","3415":"neda","3416":" bal","3417":"aias","3418":"rieg","3419":"bos ","3420":"nbac","3421":"gran","3422":"so\u00f1a","3423":"tanj","3424":"tbay","3425":"areg","3426":"lan\u00f1","3427":"efe ","3428":"lesi","3429":"ynep","3430":" ate","3431":"gott","3432":"ret ","3433":" \u00f1al","3434":"yig ","3435":"ateg","3436":"amoy","3437":" agu","3438":" amu","3439":"\u00fce\u00f1a","3440":"buli","3441":"pelo","3442":"ggel","3443":"homa","3444":"olao","3445":"juga","3446":"ocog","3447":"ncon","3448":"asoc","3449":" udo","3450":" aca","3451":"regl","3452":"tiro","3453":"natl","3454":"mula","3455":" miy","3456":"afal","3457":"sadu","3458":"sag\u00fc","3459":"oca ","3460":"gelo","3461":" inr","3462":"misi","3463":"cura","3464":"mism","3465":"duse","3466":"rayo","3467":"reta","3468":"umus","3469":"chig","3470":"odor","3471":"grie","3472":" att","3473":"mape","3474":" nac","3475":"agda","3476":"ipa ","3477":"buna","3478":"io\u00f1i","3479":" igl","3480":" atp","3481":"osen","3482":"umit","3483":"jaay","3484":"reda","3485":"dama","3486":"gosd","3487":"sami","3488":"istr","3489":"taf ","3490":"gofy","3491":"uda\u00f1","3492":"amet","3493":"\u00f1oso","3494":"opa ","3495":" oli","3496":"ebla","3497":"ulum","3498":"gles","3499":"\u00f1ila","3500":"remi","3501":"mila","3502":"ituc","3503":"liti","3504":"liya","3505":"gogy","3506":"inre","3507":"njus","3508":"\u00f1ayo","3509":"gdal","3510":"itic","3511":"reja","3512":"ncue","3513":"i\u00f1am","3514":"nmet","3515":"susu","3516":"capa","3517":"i\u00f1os","3518":"ajay","3519":"otgu","3520":"uesa","3521":"asig","3522":"ismo","3523":"uero","3524":"neca","3525":"cape","3526":"osda","3527":"inej","3528":" gri","3529":"atol","3530":"guad","3531":"angy","3532":"a\u00f1il","3533":"yen ","3534":"smiy","3535":"palu","3536":" sid","3537":"tegt","3538":" son","3539":"ttat","3540":"aron","3541":"egto","3542":"sido","3543":"atri","3544":"nibo","3545":"apo ","3546":"ando","3547":"adig","3548":"aral","3549":"aum ","3550":"igno","3551":"mume","3552":"pern","3553":"iel ","3554":"iend","3555":"magm","3556":"useo","3557":"juyu","3558":"higu","3559":"bern","3560":"egco","3561":" da\u00f1","3562":"che ","3563":"igle","3564":"ratu","3565":" sue","3566":"angm","3567":"magd","3568":"bine","3569":"efes","3570":"onbi","3571":"unag","3572":" bir","3573":"ofyo","3574":" efe","3575":"beja","3576":"rnau","3577":"rota","3578":"unda","3579":"fyo ","3580":"tura","3581":"rali","3582":"etog","3583":"ilec","3584":"olib","3585":"laol","3586":"jaip","3587":"yog ","3588":"unni","3589":"seyo","3590":"aper","3591":"nalu","3592":"unjo","3593":"coja","3594":"adus","3595":"hojo","3596":"jon\u00f1","3597":"gla ","3598":" dam","3599":"aog\u00fc","3600":"nsat","3601":"ujac","3602":"usin","3603":"utis","3604":"hon ","3605":"reco","3606":"agac","3607":" eda","3608":"fest","3609":"agri","3610":"atto","3611":"\u00fcent","3612":"atra","3613":"nsej","3614":"utan","3615":"ujay","3616":"nmad","3617":"n\u00f1ae","3618":"mpma","3619":"fia ","3620":"salo","3621":"a\u00f1a\u00f1","3622":"utej","3623":"osga","3624":"hico","3625":"muju","3626":"usmo","3627":"char","3628":"mobb","3629":"heg ","3630":" aso","3631":"eya\u00f1","3632":"gotm","3633":" atb","3634":"inao","3635":"nojo","3636":" fle","3637":"ilaj","3638":"ilal","3639":"yoco","3640":"umer","3641":"asco","3642":"ca\u00f1a","3643":"apap","3644":"nnat","3645":"nnas","3646":"iluj","3647":"uus\u00f1","3648":" bau","3649":"ilom","3650":"yya ","3651":"yutt","3652":"grip","3653":"moja","3654":"aten","3655":"rono","3656":"gno ","3657":"mosn","3658":"ulal","3659":"mumu","3660":"astr","3661":"fjo ","3662":"mimi","3663":"upul","3664":"ul\u00e2l","3665":"ripa","3666":"npel","3667":"upod","3668":"\u00f1etb","3669":"cuer","3670":"yano","3671":"yan\u00f1","3672":" joc","3673":"mone","3674":"umar","3675":"fot ","3676":"ya\u00f1i","3677":" fes","3678":"molo","3679":" agr","3680":"mimo","3681":"ajej","3682":"anpr","3683":"pet ","3684":"aepe","3685":"biyo","3686":"nfa\u00f1","3687":"amun","3688":"jaaa","3689":" pel","3690":" pec","3691":"pe\u00f1a","3692":"nesi","3693":"ampm","3694":"masc","3695":"uco ","3696":"iyoc","3697":"iyas","3698":"ta\u00f1i","3699":"tas ","3700":"nemo","3701":"en\u00f1a","3702":"legc","3703":"lena","3704":"jure","3705":"eney","3706":"nisg","3707":"uatd","3708":"japl","3709":"nibr","3710":"setm","3711":" set","3712":"tpa ","3713":"dig ","3714":"sida","3715":"beta","3716":"dign","3717":"pade","3718":"tanc","3719":" rab","3720":"baut","3721":"betn","3722":"jony","3723":"juap","3724":"ti\u00f1a","3725":"alon","3726":"tist","3727":"pech","3728":"sipo","3729":"sman","3730":"elat","3731":"os\u00f1i","3732":" sea","3733":"nbas","3734":"saro","3735":"bume","3736":"nan\u00f1","3737":"pott","3738":"nlin","3739":"ncha","3740":"naoy","3741":"popo","3742":"maay","3743":"stir","3744":"libo","3745":"potg","3746":"aaye","3747":" no ","3748":"stej","3749":"nlii","3750":"lia ","3751":"liba","3752":"gle ","3753":"ajut","3754":"fanp","3755":"asos","3756":"joco","3757":"ocon","3758":"ibut","3759":"gche","3760":"ngg\u00fc","3761":"n\u00e1ma","3762":"tnac","3763":"lmon","3764":"pato","3765":"rocu","3766":" dig","3767":"pong","3768":"buto","3769":"utto","3770":"ngen","3771":"fayo","3772":"hura","3773":"leyo","3774":"nse ","3775":"dume","3776":"alul","3777":"iin ","3778":"chuc","3779":"luye","3780":"ng\u00fce","3781":"sg\u00fce","3782":"jech","3783":"chaj","3784":"ompo","3785":"l\u00e2jo","3786":"upo ","3787":"nale","3788":"adis","3789":"elis","3790":"mori","3791":"elig","3792":"alut","3793":"iego","3794":"aney","3795":"jimo","3796":"apul","3797":"idic","3798":"tong","3799":"jisg","3800":"chur","3801":"tomp","3802":"ajuy","3803":" uje","3804":"ngam","3805":"proc","3806":"laml","3807":"ogod","3808":"ampa","3809":"pren","3810":"arta","3811":"atca","3812":"resp","3813":"guet","3814":"prem","3815":" bon","3816":"mabe","3817":"lara","3818":"ofjo","3819":"coje","3820":"ysaa","3821":"pino","3822":" vis","3823":" ya\u00f1","3824":"amla","3825":"gro ","3826":"asat","3827":"amof","3828":"spet","3829":" ysa","3830":"gae\u00f1","3831":"doni","3832":"ased","3833":"asej","3834":"dogj","3835":"ajim","3836":"resc","3837":"echu","3838":" deb","3839":"aseg","3840":"lisa","3841":"te\u00f1a","3842":"visi","3843":"hari","3844":"ojit","3845":" ali","3846":"amu\u00f1","3847":"flie","3848":"oje ","3849":"teri","3850":"hadi","3851":"ebre","3852":"yaya","3853":"teo ","3854":"g\u00fcet","3855":" upu","3856":" amp","3857":"nets","3858":"ecat","3859":"como","3860":"lagj","3861":"agmo","3862":"taga","3863":"ariu","3864":"aac ","3865":"mutu","3866":"reo ","3867":"nsue","3868":"iraj","3869":"lulo","3870":"uequ","3871":"sens","3872":" gap","3873":" rin","3874":"da\u00f1o","3875":"osta","3876":"alej","3877":"daja","3878":"pumu","3879":"sedo","3880":"roto","3881":" jec","3882":"itaj","3883":"catt","3884":"nio\u00f1","3885":"unay","3886":"saac","3887":"ilog","3888":"mlam","3889":"rta ","3890":"imaj","3891":"etmi","3892":"espe","3893":" pun","3894":"jafo","3895":"njis","3896":" gup","3897":"esmo","3898":"enyo","3899":"aesi","3900":"queq","3901":"apa\u00f1","3902":"nmab","3903":"ilas","3904":"anyu","3905":"erio","3906":"nast","3907":"nita","3908":"namp","3909":" pes","3910":"inaq","3911":"umij","3912":" sap","3913":"a\u00f1e\u00f1","3914":"ipol","3915":"pune","3916":"mayo","3917":"sach","3918":"jamo","3919":" ind","3920":" dac","3921":"guie","3922":"ye\u00f1a","3923":"ajuc","3924":"ogjo","3925":"amad","3926":"ngal","3927":"udal","3928":"of\u00f1i","3929":"amot","3930":"uebe","3931":"hegc","3932":" ul\u00e2","3933":"cado","3934":"raba","3935":"nti\u00f1","3936":"yaco","3937":"acag","3938":"emio","3939":"yasi","3940":" isc","3941":" upi","3942":"anpo","3943":"mira","3944":" ja ","3945":"f\u00f1ij","3946":"riot","3947":"lagm","3948":"ntit","3949":" une","3950":"naya","3951":"cojo","3952":"guot","3953":"lam ","3954":"otle","3955":"conb","3956":"bani","3957":"yeye","3958":"uma\u00f1","3959":"cag\u00fc","3960":"atgu","3961":"jaos","3962":"ajng","3963":"naaa","3964":"\u00f1aoy","3965":"abi ","3966":"\u00f1ats","3967":"gomi","3968":"ndre","3969":"ndoc","3970":"nutt","3971":"uesm","3972":" alo","3973":"gofm","3974":"casa","3975":"lisi","3976":"ndin","3977":"uet ","3978":" ale","3979":"a\u00f1et","3980":"ocoj","3981":"dres","3982":"taca","3983":"samo","3984":"stiy","3985":"\u00f1otj","3986":"isca","3987":"ioss","3988":"iote","3989":"nchu","3990":"du\u00f1a","3991":"eron","3992":"ggaj","3993":"ecla","3994":"itu\u00f1","3995":"nech","3996":"nuej","3997":"gaca","3998":"gaco","3999":"doja","4000":"ntri","4001":"dolo","4002":"mime","4003":"la\u00f1i","4004":"aetn","4005":"ojuy","4006":"ulul","4007":"aoju","4008":"cade","4009":"esis","4010":"antr","4011":"scar","4012":"botl","4013":"iton","4014":"anu ","4015":"got\u00f1","4016":"iteg","4017":"aofr","4018":"itan","4019":"ases","4020":"ntut","4021":"\u00f1ag\u00fc","4022":"asey","4023":"necu","4024":"epe\u00f1","4025":"mets","4026":"ligr","4027":"u\u00f1ij","4028":"egag","4029":"nal ","4030":"idu\u00f1","4031":"anij","4032":"ro\u00f1a","4033":"tosm","4034":"nafo","4035":"sena","4036":"tomo","4037":"nile","4038":"toma","4039":"usus","4040":"omba","4041":"anet","4042":"unco","4043":"uta ","4044":"atse","4045":"bets","4046":"fas ","4047":"nnag","4048":"osg\u00fc","4049":" tis","4050":"siin","4051":"ejna","4052":"ibon","4053":"dimo","4054":"jona","4055":"sini","4056":"jnge","4057":" pul","4058":"ura\u00f1","4059":"mos ","4060":"eyac","4061":"nico","4062":"unmi","4063":"ijom","4064":"bede","4065":"eyen","4066":"iisa","4067":"jasi","4068":"ilag","4069":" ser","4070":"dibe","4071":"beca","4072":"uran","4073":"upa ","4074":"not\u00f1","4075":"upin","4076":"siam","4077":"pao ","4078":"aefa","4079":"to\u00f1a","4080":"jet\u00f1","4081":"apop","4082":"jeyo","4083":" ric","4084":"angi","4085":" ga\u00f1","4086":"igro","4087":" heb","4088":"tomb","4089":"anco","4090":"sech","4091":"iao ","4092":" ubi","4093":"olof","4094":"olos","4095":"jujo","4096":"uata","4097":"huch","4098":"peli","4099":"nsid","4100":"uyud","4101":"fefe","4102":"nsob","4103":"dine","4104":"jaes","4105":"atmo","4106":"feso","4107":" der","4108":"iamo","4109":"lilo","4110":"niin","4111":"ufli","4112":"punt","4113":"gogm","4114":"isit","4115":"nu\u00f1a","4116":"nyin","4117":"umil","4118":"taes","4119":"\u00f1e\u00f1e","4120":"rene","4121":"isla","4122":"iso ","4123":"ife ","4124":"nnac","4125":"uben","4126":"\u00f1aqu","4127":"une ","4128":"mamp","4129":"iet ","4130":"sio\u00f1","4131":"natr","4132":"nume","4133":"sia\u00f1","4134":"hale","4135":"nche","4136":"nade","4137":"meme","4138":"nasg","4139":"loni","4140":"long","4141":"jape","4142":"nnaa","4143":"pose","4144":"nido","4145":"rite","4146":"ii\u00f1a","4147":"sebe","4148":"isab","4149":"pajo","4150":"nmof","4151":"lot\u00f1","4152":"ufag","4153":"uila","4154":"ugon","4155":"nojg","4156":"hebr","4157":"ig\u00fce","4158":"mumo","4159":"tgen","4160":"staj","4161":"pana","4162":"onas","4163":"sanc","4164":"julu","4165":"sla ","4166":"mart","4167":"uot ","4168":"ongs","4169":"isib","4170":"n\u00e1ba","4171":"pamo","4172":"quep","4173":"li\u00f1a","4174":"taei","4175":"muja","4176":"ppe ","4177":"mate","4178":"scat","4179":"mu\u00f1a","4180":"ngma","4181":"maep","4182":"ingg","4183":"lag\u00fc","4184":"piao","4185":"onsu","4186":"ofef","4187":"mado","4188":"huli","4189":"sonr","4190":"ichi","4191":"omas","4192":"guem","4193":"jnal","4194":"onu\u00f1","4195":"lanj","4196":"utin","4197":"nmej","4198":"utib","4199":"yidu","4200":"lamo","4201":"nero","4202":"mas\u00f1","4203":"tmad","4204":"nset","4205":"udaj","4206":"gupa","4207":"sili","4208":"gufl","4209":"gue\u00f1","4210":"iner","4211":"tja ","4212":"sabe","4213":"nend","4214":"opao","4215":"miji","4216":"itiy","4217":"ueji","4218":"itge","4219":"mot ","4220":"uemo","4221":"nrec","4222":"idol","4223":"ngob","4224":"umor","4225":"plin","4226":"midi","4227":"umid","4228":"jale","4229":"ilic","4230":"oppe","4231":"plat","4232":"odoj","4233":"rnac","4234":"i\u00f1ay","4235":"nbab","4236":"gta ","4237":"\u00e1man","4238":"incu","4239":"misa","4240":"uyun","4241":"pume","4242":"usis","4243":"oloy","4244":"inca","4245":"tan\u00f1","4246":"nmim","4247":"senc","4248":"uleb","4249":"tore","4250":"ongy","4251":"tog\u00fc","4252":"jopp","4253":" put","4254":"acae","4255":" vos","4256":"aume","4257":" eba","4258":"aaro","4259":"a\u00f1aq","4260":" isl","4261":"amac","4262":"a\u00f1ac","4263":"gama","4264":" jau","4265":" cae","4266":"cach","4267":"amap","4268":"dand","4269":"anaq","4270":"abil","4271":"etda","4272":"agup","4273":"buma","4274":"aopa","4275":"fili","4276":"bet ","4277":"anbo","4278":" ari","4279":"atuj","4280":" tap","4281":"gast","4282":"bumi","4283":" biu","4284":"gapo","4285":"aayi","4286":"ali\u00f1","4287":"efas","4288":"anid","4289":"atot","4290":" usu","4291":"ftaf","4292":"bebe","4293":"decl","4294":" ujo","4295":" uti","4296":"bisi","4297":"egay","4298":"deja","4299":"ayay","4300":"epen","4301":"ayao","4302":"esma","4303":"alay","4304":"deo ","4305":"arca","4306":"coro","4307":"ani\u00f1","4308":"elo\u00f1","4309":"gaet","4310":"edeo","4311":"fotg","4312":"anii","4313":"bide","4314":" och","4315":"gaem","4316":" jop","4317":" ope","4318":"eon ","4319":"ameg","4320":" pao","4321":"aech","4322":"e\u00f1et","4323":"etso","4324":"capo","4325":"aloj","4326":"anri","4327":"gca ","4328":" pia","4329":"apam","4330":"apal","4331":" fil","4332":"cale","4333":" cot","4334":"anug","4335":"cule","4336":" fac","4337":"alot","4338":" ich","4339":" udi","4340":"efma","4341":"bag ","4342":" cul","4343":"anos","4344":"enes","4345":"ebed","4346":" aar","4347":"efea","4348":"asna","4349":"ejan","4350":"gaye","4351":"ebad","4352":" uco","4353":"dudo","4354":"trad","4355":"ajoy","4356":"sa\u00f1a","4357":"dian","4358":"elef","4359":"nfaf","4360":"idib","4361":"dija","4362":"elea","4363":" jiy","4364":"uelo","4365":"\u00e2\u00f1ij","4366":"idij","4367":"ia\u00f1a","4368":"tita","4369":"faye","4370":"g\u00fcec","4371":"nbeb","4372":"nino","4373":"ido ","4374":"yayo","4375":"jucu","4376":"ebue","4377":"fanc","4378":"tlea","4379":"ecoj","4380":"anpe","4381":"itas","4382":"eint","4383":"fuet","4384":"otgo","4385":"aduc","4386":" g\u00fca","4387":"abot","4388":"ital","4389":"ayec","4390":"sape","4391":"iesi","4392":"cos ","4393":"ucue","4394":"sulo","4395":"adul","4396":"uchi","4397":"isya","4398":"asap","4399":"ataq","4400":"calo","4401":"nbel","4402":"ucum","4403":"gusi","4404":"lulu","4405":"rano","4406":"ayet","4407":" ama","4408":"teg ","4409":" dib","4410":"sas ","4411":"yeco","4412":"set ","4413":"duco","4414":"nmeg","4415":"umau","4416":"ibu\u00f1","4417":"anya","4418":"musg","4419":"a\u00f1o\u00f1","4420":" iny","4421":"mabi","4422":"hem ","4423":"uaag","4424":"amum","4425":" unr","4426":" unq","4427":"plas","4428":" ido","4429":"come","4430":"lomi","4431":"ehem","4432":" pon","4433":"esad","4434":"jumi","4435":"yag ","4436":"netb","4437":"obec","4438":"juaa","4439":"yas ","4440":"eben","4441":"hipr","4442":"egsa","4443":"codo","4444":"nesg","4445":"rend","4446":"ipre","4447":" inb","4448":"ibid","4449":"blon","4450":"ogmi","4451":"jupu","4452":"rca ","4453":"nfag","4454":"otyo","4455":"maip","4456":"lisy","4457":"feti","4458":"ni\u00f1a","4459":"anoy","4460":"babi","4461":"ococ","4462":"basn","4463":"fane","4464":"hine","4465":"luta","4466":" fag","4467":"ibad","4468":"tleh","4469":"cae ","4470":"reju","4471":" tet","4472":"nare","4473":"sejo","4474":"scap","4475":"ibej","4476":"hatf","4477":" rat","4478":"anyi","4479":"lix ","4480":"osja","4481":"sema","4482":"uamo","4483":"omet","4484":"juat","4485":"jupa","4486":"caef","4487":"isa ","4488":"hajo","4489":" pli","4490":"aloa","4491":"jati","4492":"apit","4493":"paop","4494":"ros ","4495":"etde","4496":"chen","4497":"meto","4498":"uefm","4499":"dajo","4500":"unop","4501":"tiga","4502":"sirc","4503":"beyo","4504":"risi","4505":"daej","4506":"lagn","4507":"dae ","4508":"agno","4509":"tdas","4510":"uetd","4511":"najg","4512":"ubul","4513":"mope","4514":"ang\u00fc","4515":"quie","4516":"utug","4517":"ujut","4518":"uets","4519":"bu\u00f1a","4520":"simi","4521":"eno\u00f1","4522":"co\u00f1a","4523":"mero","4524":"posg","4525":"ubab","4526":"prob","4527":"n\u00f1al","4528":" yut","4529":"caye","4530":"onta","4531":"jand","4532":"ndid","4533":"smam","4534":" tar","4535":"enas","4536":"unsi","4537":"apaj","4538":"uiyo","4539":"smag","4540":"cuet","4541":"apar","4542":"etis","4543":"iman","4544":"sna ","4545":"snag","4546":"tima","4547":"\u00fcini","4548":"atu\u00f1","4549":"aguj","4550":"etle","4551":"npre","4552":"acoc","4553":"betl","4554":"etse","4555":"breo","4556":"\u00fceco","4557":"uebu","4558":"uefa","4559":"at\u00f1i","4560":"unpu","4561":"betd","4562":" abi","4563":"syan","4564":"unqu","4565":"npet","4566":"robe","4567":"anec","4568":"ujad","4569":"chip","4570":" lie","4571":"guij","4572":"mast","4573":"gaes","4574":"udog","4575":"adet","4576":"bilo","4577":"gueg","4578":"pagy","4579":"pent","4580":"itum","4581":"f\u00e1fa","4582":"elix","4583":"radi","4584":"sung","4585":"nsi\u00f1","4586":"itij","4587":"mba ","4588":"eson","4589":" ubu","4590":"tcos","4591":"nien","4592":" cay","4593":"uloj","4594":"ribo","4595":"moro","4596":"ocur","4597":"aati","4598":"da\u00f1i","4599":"sumi","4600":"matr","4601":"niga","4602":"aida","4603":"faca","4604":"bech","4605":"siga","4606":"nbij","4607":"tisa","4608":"udin","4609":"iten","4610":"uyan","4611":"lehe","4612":"uegu","4613":"niim","4614":"aaag","4615":"ulej","4616":" peb","4617":"ing ","4618":"alel","4619":"fa\u00f1e","4620":"saoy","4621":"agro","4622":"lomm","4623":"sanm","4624":"imie","4625":"cola","4626":"etra","4627":"laoj","4628":" uqu","4629":"igan","4630":"yina","4631":"inif","4632":"agpo","4633":"olot","4634":"licu","4635":"oane","4636":"nape","4637":"nili","4638":"\u00e2g\u00e2\u00f1","4639":"ubin","4640":"ngom","4641":"nutu","4642":"ubir","4643":" col","4644":"otna","4645":" faf","4646":" bay","4647":"agto","4648":"jugo","4649":"teba","4650":"ataf","4651":"lami","4652":"balu","4653":"balo","4654":"rnel","4655":"cats","4656":"lon\u00f1","4657":"bali","4658":"ngpa","4659":"unre","4660":" bee","4661":"los ","4662":"inid","4663":"unca","4664":" nay","4665":"ubiy","4666":" bit","4667":"nfit","4668":"pebb","4669":"inda","4670":"nari","4671":"angp","4672":" sui","4673":"sae ","4674":"naog","4675":"tlil","4676":" suj","4677":"icue","4678":"leba","4679":"ebub","4680":"casi","4681":"nyul","4682":"sueg","4683":"sada","4684":"ig\u00fci","4685":"nin\u00e1","4686":"etal","4687":"sacu","4688":"nggo","4689":"agen","4690":"beet","4691":"lado","4692":"idan","4693":"ebie","4694":"es\u00f1a","4695":"yetd","4696":"anie","4697":"romp","4698":"idin","4699":" bes","4700":"efay","4701":"lagr","4702":"tmiy","4703":"faba","4704":" nie","4705":"nubi","4706":"ue\u00f1a","4707":"asom","4708":"blan","4709":"loan","4710":"esio","4711":"iebi","4712":"stri","4713":"eets","4714":"edri","4715":"sajo","4716":"sajg","4717":"etdo","4718":"clas","4719":"yon\u00f1","4720":" nub","4721":"bieb","4722":"juse","4723":"ego\u00f1","4724":"said","4725":"fapo","4726":"tdom","4727":"niso","4728":"nugu","4729":"tene","4730":"ngad","4731":" bec","4732":"sebu","4733":"lter","4734":"guam","4735":"soso","4736":"rag\u00fc","4737":"ulog","4738":"gtos","4739":" ons","4740":"gaei","4741":"mote","4742":"ore ","4743":"gsam","4744":"gsae","4745":"apod","4746":"adib","4747":"meco","4748":"mecu","4749":"nedr","4750":"gpo ","4751":"adeg","4752":"\u00f1otm","4753":"\u00f1ott","4754":"ulay","4755":"amay","4756":"tiba","4757":"nbir","4758":"onan","4759":"uutu","4760":"orne","4761":"alad","4762":" juo","4763":"dias","4764":"nemj","4765":"asir","4766":"corn","4767":" amo","4768":"manq","4769":"dero","4770":" den","4771":"\u00f1etn","4772":"gura","4773":"taji","4774":"mpo\u00f1","4775":"epod","4776":"nem ","4777":"mapl","4778":"neli","4779":"\u00f1ina","4780":"funa","4781":"ompe","4782":"tsai","4783":"ulte","4784":" \u00f1in","4785":"tite","4786":"tars","4787":" liy","4788":"\u00fcaey","4789":" ado","4790":" ucu","4791":"utey","4792":"cucu","4793":"mion","4794":"ongm","4795":"moda","4796":"us\u00f1i","4797":"tset","4798":"cude","4799":"nric","4800":"mita","4801":"ttay","4802":"bub ","4803":"gili","4804":"puti","4805":" ele","4806":"npro","4807":"ggon","4808":"ggen","4809":"geng","4810":"ench","4811":"ndo ","4812":"gosn","4813":"ujar","4814":"bren","4815":"mont","4816":"jaut","4817":"uegr","4818":"quet","4819":"apiy","4820":"tion","4821":"mes ","4822":"iyid","4823":"mesc","4824":"tseb","4825":"brej","4826":"sioc","4827":"gog\u00fc","4828":"mete","4829":"acud","4830":"ujom","4831":"aonr","4832":"siri","4833":"gnos","4834":"utio","4835":"aori","4836":"janm","4837":"jang","4838":"milo","4839":"g\u00fcae","4840":"amer","4841":"ogan","4842":"ajey","4843":"aafu","4844":"ejal","4845":"aere","4846":"drio","4847":"aepa","4848":"cajo","4849":"pita","4850":"piyi","4851":"\u00f1ach","4852":"maae","4853":"hich","4854":"heto","4855":"ostr","4856":"ude ","4857":"oman","4858":"rcon","4859":"mabo","4860":"umig","4861":" in\u00e1","4862":"nesc","4863":"tiyo","4864":"maec","4865":"tae\u00f1","4866":"irco","4867":"ugan","4868":"uepo","4869":"trei","4870":"tbon","4871":"\u00e2l\u00e2l","4872":"\u00e2l\u00e2m","4873":"rein","4874":"umum","4875":"dult","4876":"bag\u00fc","4877":"stid","4878":"otde","4879":"lula","4880":"stey","4881":"fen\u00f1","4882":"taen","4883":"oluy","4884":"sayo","4885":"lunm","4886":"esal","4887":"uael","4888":"ajen","4889":"steb","4890":"atec","4891":"ios\u00f1","4892":"umos","4893":"plom","4894":"efen","4895":"rata","4896":"ntat","4897":"tros","4898":"aega","4899":"isag","4900":"seno","4901":" de ","4902":" jen","4903":"nmen","4904":"nmer","4905":"fona","4906":" api","4907":"imot","4908":"poli","4909":"odia","4910":"ofea","4911":" cob","4912":"inma","4913":" yaj","4914":"pesc","4915":"agus","4916":"ncoj","4917":"aina","4918":"payo","4919":"toig","4920":"quej","4921":"epre","4922":"ubo ","4923":"quem","4924":"utot","4925":"pia ","4926":"embe","4927":"ofon","4928":"esag","4929":"inic","4930":"emet","4931":"uque","4932":"nere","4933":"bubo","4934":"nden","4935":" oga","4936":"tati","4937":"taco","4938":"ne\u00f1i","4939":"enar","4940":"boru","4941":"ndeb","4942":"in\u00e1b","4943":"amey","4944":"erep","4945":"inyi","4946":"rarc","4947":"jusu","4948":"ndim","4949":"pese","4950":" fij","4951":"bitg","4952":"us\u00f1a","4953":"iojo","4954":"esin","4955":"inim","4956":"p\u00e1pa","4957":"pien","4958":"bre\u00f1","4959":"laja","4960":"asmi","4961":"patm","4962":"nate","4963":"insu","4964":"ranm","4965":"amit","4966":"jen ","4967":"inon","4968":"epar","4969":"tasa","4970":"nayo","4971":"potl","4972":"jeri","4973":"ineb","4974":"tas\u00f1","4975":"inoj","4976":"aies","4977":"vos ","4978":"bien","4979":"tner","4980":"repe","4981":"naot","4982":"am\u00f3m","4983":"capi","4984":"ra\u00f1i","4985":"neg ","4986":" doc","4987":"upac","4988":"upad","4989":"jetn","4990":"amja","4991":"iti\u00f1","4992":"nbiu","4993":"iria","4994":"plum","4995":"ogaa","4996":"joca","4997":"egra","4998":" \u00e1ba","4999":"asit"}}