{"fij":{"0":" na ","1":"vaka","2":" e ","3":" ni ","4":" vak","5":"ena ","6":" ena","7":"aka ","8":" vei","9":"ina ","10":"aki ","11":" o ","12":" me ","13":" kei","14":"dua ","15":" ga ","16":"kei ","17":" dua","18":"era ","19":"kina","20":"taki","21":" sa ","22":" kin","23":"ira ","24":"taka","25":"ale ","26":"ava ","27":" ka ","28":"mata","29":"atak","30":" era","31":"akat","32":" ira","33":"caka","34":"awa ","35":"ata ","36":"ivak","37":"ega ","38":" tal","39":"iko ","40":" tik","41":"akar","42":" dau","43":"ona ","44":"tiko","45":"rawa","46":"tale","47":"eda ","48":" nod","49":" iva","50":" seg","51":"sega","52":"una ","53":" mai","54":"mai ","55":" a ","56":"akav","57":"kalo","58":"dina","59":"vola","60":"akac","61":"kaya","62":"yalo","63":" cak","64":"itak","65":"nona","66":" non","67":"qai ","68":"rau ","69":"inak","70":" qai","71":"oya ","72":"alou","73":"kata","74":"ova ","75":" raw","76":"dra ","77":"vina","78":"kaca","79":"loma","80":"ula ","81":" se ","82":"kara","83":"cava","84":"naka","85":"lou ","86":" kal","87":" mat","88":"levu","89":"ani ","90":"ala ","91":"vei ","92":"tuku","93":"kena","94":"evu ","95":" ken","96":"dau ","97":" i ","98":" jio","99":"iova","100":"jiov","101":"ara ","102":"lata","103":"ivol","104":"odra","105":"ika ","106":"vura","107":"nodr","108":"bula","109":"auta","110":" yal","111":" \u200b ","112":" vin","113":"veiv","114":"amat","115":"auna","116":"bale","117":"gaun","118":" ia ","119":"koya","120":" bul","121":"utak","122":"akad","123":"lai ","124":"akay","125":"kila","126":" au ","127":" gau","128":"ana ","129":"oqo ","130":" koy","131":"akal","132":" oqo","133":"aita","134":" ivo","135":"vuli","136":"tabu","137":"sara","138":" sar","139":" cav","140":"abu ","141":" cat","142":"tani","143":"tama","144":"ica ","145":"vosa","146":"arau","147":" lev","148":"cate","149":"egor","150":"ateg","151":"atab","152":"tego","153":"gory","154":" lom","155":" rai","156":"ori ","157":"aga ","158":" kil","159":" mer","160":" vos","161":"akam","162":"olat","163":"akai","164":"ila ","165":"osa ","166":"uta ","167":"akas","168":" itu","169":"yaco","170":" din","171":" tam","172":"oda ","173":" kau","174":"mera","175":" tu ","176":"noda","177":" eda","178":"kama","179":"kavu","180":" vol","181":"vata","182":"avi ","183":"aya ","184":"ravu","185":"oni ","186":"qori","187":"kava","188":"ola ","189":"rai ","190":"arai","191":"adin","192":" ked","193":" jis","194":"jisu","195":"isu ","196":" tau","197":"ati ","198":"ura ","199":"acak","200":" yac","201":"yaga","202":"uku ","203":"anua","204":"oma ","205":"vanu","206":" med","207":"meda","208":" bal","209":"atan","210":"eiva","211":"nua ","212":"lewa","213":"iti ","214":"vale","215":"taba","216":"avur","217":"uli ","218":"alo ","219":"urav","220":"arav","221":"tou ","222":"akab","223":"qara","224":"alet","225":"donu","226":"otu ","227":"kasa","228":" ra ","229":"sito","230":"vala","231":"risi","232":" tuk","233":"gata","234":" vuk","235":" tab","236":"lotu","237":"ito ","238":" vul","239":"veik","240":"ada ","241":"vua ","242":" lew","243":"vuna","244":"ukun","245":" so ","246":"cala","247":"rait","248":"anum","249":" kay","250":"wili","251":"anit","252":" vua","253":"eika","254":"oti ","255":"ilai","256":"isit","257":"toka","258":"aris","259":"keda","260":"mada","261":"ewa ","262":"alat","263":"vaki","264":" vur","265":"leta","266":" qor","267":"kale","268":"mani","269":" val","270":"kari","271":"uni ","272":"eta ","273":"acav","274":"kece","275":" kec","276":"itu ","277":"eita","278":" gon","279":"mate","280":"ayal","281":"ayag","282":" lot","283":" mar","284":"sala","285":"onu ","286":"nitu","287":" van","288":"abak","289":" rau","290":"raic","291":"ravi","292":"dodo","293":"kadi","294":"nira","295":"rato","296":"kua ","297":"kai ","298":" nir","299":"kaua","300":"odon","301":" nom","302":"nomu","303":" tar","304":"atou","305":"raut","306":" ke ","307":" mo ","308":"numa","309":"ulic","310":"wai ","311":"tala","312":"kato","313":"baki","314":"maca","315":"uri ","316":"ida ","317":"agat","318":"veis","319":"tuva","320":"awat","321":"eti ","322":" vun","323":"acal","324":"aco ","325":"utuk","326":" oya","327":"eli ","328":"ece ","329":"ita ","330":"ama ","331":"oka ","332":"rara","333":"oman","334":"iga ","335":"ukut","336":" mad","337":"ate ","338":"mara","339":"kuna","340":" ina","341":"adua","342":"kutu","343":"araw","344":"nanu","345":"aica","346":" qo ","347":"eka ","348":"soqo","349":"yala","350":"bibi","351":"ini ","352":"kaba","353":"agi ","354":" lai","355":"tubu","356":" iya","357":"kawa","358":"lolo","359":"muri","360":"siga","361":" ko ","362":"ival","363":"lewe","364":" wil","365":"veit","366":"omu ","367":" ca ","368":"malu","369":"alev","370":"tiki","371":"alav","372":" vat","373":"eso ","374":"kau ","375":"auka","376":"abau","377":" ita","378":"imat","379":" man","380":"manu","381":"ibi ","382":"sama","383":" sol","384":"vuke","385":"aila","386":"gone","387":"oqu ","388":" yag","389":" noq","390":"noqu","391":"lawa","392":"yaba","393":"soli","394":"kati","395":"uma ","396":"lava","397":"baut","398":"nadi","399":"aban","400":"nida","401":"asam","402":" oti","403":" nid","404":" eso","405":"ukau","406":"aira","407":"tawa","408":"rua ","409":"inad","410":"aval","411":"wata","412":"alum","413":"wati","414":"tara","415":"alai","416":"oli ","417":"kauk","418":" ito","419":"taro","420":"avak","421":"oso ","422":"dauv","423":"lako","424":"irai","425":"tata","426":" bib","427":"eira","428":"olom","429":"ituk","430":"irau","431":"amac","432":"uvak","433":"ici ","434":"rogo","435":"lia ","436":"oro ","437":"vuku","438":" luv","439":"tovo","440":" nan","441":"bana","442":"luve","443":"via ","444":" yab","445":"ituv","446":"ilik","447":" sal","448":"eima","449":"lika","450":"leqa","451":" qar","452":"isau","453":"iyal","454":"taga","455":"lagi","456":"unau","457":"siti","458":"kana","459":"anu ","460":"ria ","461":"katu","462":" dod","463":"tauv","464":"kani","465":" iko","466":"leka","467":" ila","468":"ali ","469":"atai","470":"uti ","471":"akil","472":"drau","473":"veil","474":"ere ","475":"one ","476":"akaw","477":"aura","478":"akan","479":" tok","480":"atat","481":"omal","482":"iuta","483":"lica","484":"avut","485":"rair","486":"sota","487":"dre ","488":"alew","489":"ako ","490":" ki ","491":" rar","492":"vole","493":"ase ","494":"teki","495":"alod","496":"olo ","497":" mur","498":"muni","499":"sava","500":"sivi","501":"meu ","502":" meu","503":"avul","504":" par","505":" kua","506":"lavo","507":" ika","508":"vuta","509":"uvat","510":"auva","511":"maki","512":"kala","513":"kivu","514":"lail","515":" yan","516":"eito","517":" sot","518":"oyal","519":"mana","520":"voli","521":"gona","522":"tura","523":"avun","524":"uqet","525":"ukei","526":"cake","527":"saga","528":"tavi","529":"loya","530":" kor","531":"lumu","532":"uvei","533":"toto","534":"iqar","535":"nau ","536":"aca ","537":"ake ","538":" da ","539":"ili ","540":"dou ","541":" kai","542":"ekiv","543":"aleb","544":"leba","545":"wale","546":"ebal","547":"ibal","548":"eisa","549":"eiqa","550":"akau","551":"veiq","552":"aloy","553":" sig","554":" dra","555":"umi ","556":"vava","557":"eva ","558":"aula","559":" wai","560":" kar","561":" taw","562":"niti","563":"avuv","564":"qeti","565":"adre","566":"koro","567":"auve","568":" rua","569":"koso","570":"uria","571":"keir","572":"sau ","573":"wara","574":"adra","575":"avin","576":"edra","577":" lak","578":"viti","579":"okai","580":"ivi ","581":"naki","582":"dred","583":"redr","584":"cegu","585":"kait","586":"kade","587":"edre","588":"beka","589":"lala","590":"wase","591":"alag","592":" nei","593":"veim","594":"atau","595":"raga","596":"dike","597":"ovo ","598":"itov","599":"ayac","600":"urag","601":" rat","602":"eivu","603":"vako","604":"aram","605":"ivu ","606":"ubu ","607":"itav","608":"ikin","609":"veiy","610":"itik","611":"eiya","612":"asu ","613":"isi ","614":"abul","615":" soq","616":"maka","617":"eqa ","618":" sau","619":"karo","620":"oryv","621":"ital","622":"ewe ","623":"iwai","624":"alom","625":" wal","626":" pau","627":"tini","628":"uadu","629":"keva","630":"duad","631":"uval","632":"paul","633":" bek","634":"buli","635":"akos","636":"aini","637":" ulu","638":"oqor","639":"tolo","640":" vit","641":"yale","642":"lici","643":"gadr","644":"aua ","645":"taci","646":" rog","647":"auni","648":"kavi","649":"eivo","650":"vuva","651":" sit","652":"aba ","653":" yav","654":"kado","655":"auai","656":"pita","657":"oko ","658":"rama","659":"yavu","660":"nia ","661":"coko","662":"awar","663":"yanu","664":"acor","665":"tua ","666":" via","667":" mas","668":"avu ","669":"matu","670":" mac","671":" niu","672":"ivav","673":"auma","674":"karu","675":"atua","676":"uman","677":"aro ","678":"masu","679":"sai ","680":" uqe","681":"uka ","682":" leq","683":"iliu","684":" dre","685":" kem","686":"yago","687":" les","688":"liut","689":"tai ","690":"tui ","691":"vuvu","692":"isai","693":"agan","694":"olek","695":"kace","696":" tur","697":"paro","698":"qase","699":"ilav","700":"gane","701":"luma","702":"kemu","703":" mal","704":"olia","705":"iki ","706":"tion","707":"vou ","708":"dusi","709":"evak","710":"reli","711":" ima","712":"oca ","713":"mala","714":"esu ","715":"umu ","716":"ivos","717":"vula","718":"eniv","719":" tek","720":"niu ","721":"bera","722":"uvul","723":"ane ","724":"valu","725":" tag","726":"uita","727":"iwil","728":" ber","729":" was","730":" oka","731":"itok","732":"aceg","733":"atam","734":"yaca","735":"leni","736":"lesi","737":"otav","738":"itou","739":"alei","740":"qoma","741":"ewen","742":"uait","743":"ivan","744":"nuya","745":"tava","746":"alu ","747":"alen","748":"arof","749":"kabu","750":"atin","751":" vu ","752":"kuni","753":"liu ","754":"avo ","755":"otak","756":"lodi","757":" isi","758":"qaqa","759":" sam","760":"liwa","761":"rofi","762":"odin","763":"vica","764":"ivuk","765":"ogoc","766":" tin","767":" dui","768":"avat","769":"kaiv","770":"umal","771":"tina","772":" vic","773":"luta","774":"ion ","775":" kak","776":"arua","777":"alol","778":"niva","779":" kat","780":"aivo","781":" cal","782":"doka","783":"aqa ","784":"okal","785":" wat","786":"saum","787":"utu ","788":"yani","789":"asa ","790":"lati","791":"drev","792":"vuni","793":"ovi ","794":"butu","795":"aliw","796":"mali","797":" tui","798":"irel","799":"rava","800":"kadu","801":" lau","802":"dei ","803":"uke ","804":" liu","805":"nai ","806":"utub","807":"ora ","808":" gad","809":"nisi","810":"arog","811":"isig","812":" lol","813":"isir","814":"kere","815":"sia ","816":" qas","817":" tan","818":"tauc","819":"asav","820":"sire","821":"cavu","822":"ago ","823":"ota ","824":"kedr","825":"seni","826":" nik","827":"rika","828":"taut","829":" dou","830":" iso","831":"ulu ","832":" nui","833":"itub","834":"dui ","835":"ubut","836":"voso","837":"rusa","838":"acov","839":"atok","840":"itab","841":" sag","842":"niku","843":"olu ","844":"sere","845":"ikua","846":"laya","847":" tot","848":"alay","849":" tac","850":" yad","851":"ami ","852":"ame ","853":"etak","854":"rata","855":"olai","856":" mak","857":"ogo ","858":"ede ","859":"peli","860":"reva","861":"gani","862":"aipe","863":"okan","864":"asiv","865":"utag","866":"ulut","867":"yaya","868":"aia ","869":"duid","870":"idui","871":"kali","872":"uidu","873":" vuv","874":" tev","875":"ikev","876":"tule","877":"atal","878":"roro","879":"kita","880":"aleg","881":"vatu","882":"iyay","883":"lega","884":"ilak","885":"leit","886":"ulew","887":" vou","888":" ker","889":"utau","890":"saqa","891":"saki","892":"kune","893":"asal","894":"atul","895":"urai","896":"leti","897":"tolu","898":"raka","899":"uca ","900":" nai","901":"keit","902":"lesu","903":"atag","904":"oci ","905":"uven","906":"ipel","907":"ivia","908":" biu","909":"laur","910":"alaw","911":"yasa","912":" \u2060 ","913":"osit","914":"eili","915":"same","916":"okat","917":"erau","918":" iba","919":"papi","920":" set","921":" va ","922":" pap","923":"arak","924":"osot","925":"imam","926":"dewa","927":"koti","928":"erik","929":" isa","930":"atav","931":"ioni","932":"numi","933":"cori","934":" ser","935":"soro","936":" tub","937":" kun","938":"eni ","939":"auco","940":" dik","941":"caca","942":"goca","943":"ikot","944":"ogi ","945":"nui ","946":"ucok","947":"awal","948":"uqa ","949":"lion","950":"mudu","951":"auca","952":"tei ","953":"vuqa","954":"evi ","955":"aman","956":"uata","957":"ulai","958":"egu ","959":"wala","960":"yau ","961":"atar","962":"aiva","963":"vasa","964":"atio","965":"olav","966":"toko","967":"ouga","968":"uya ","969":" lal","970":"loug","971":"ugat","972":" the","973":"kail","974":"deit","975":"avas","976":"para","977":"eisi","978":" jon","979":"weka","980":"osak","981":" tis","982":"qata","983":"gede","984":"tais","985":"esi ","986":"etan","987":" dok","988":" law","989":"vita","990":"taur","991":"kaut","992":"emun","993":"adod","994":"veiw","995":"acac","996":"acan","997":"ela ","998":"moni","999":"veig","1000":"seta","1001":"vena","1002":"omak","1003":"saip","1004":"iles","1005":"meri","1006":"ibul","1007":"arat","1008":"enit","1009":"rere","1010":"bau ","1011":"ataw","1012":"mami","1013":"nivu","1014":"oga ","1015":"veib","1016":"ilaw","1017":"adei","1018":"udou","1019":"eiga","1020":"oqon","1021":"ele ","1022":"arar","1023":"okon","1024":"inui","1025":"aleq","1026":"inat","1027":"taqo","1028":"aqom","1029":"tisa","1030":"veid","1031":"ataq","1032":"erat","1033":"qoni","1034":" tim","1035":"waqa","1036":"otik","1037":"uva ","1038":"avei","1039":"aiso","1040":"taqa","1041":" dus","1042":" kaw","1043":"iliw","1044":" siv","1045":" mil","1046":"aror","1047":"soti","1048":"the ","1049":"tia ","1050":"nata","1051":"ilio","1052":"nei ","1053":"lei ","1054":"akit","1055":"auvi","1056":"kaib","1057":"ete ","1058":"kasi","1059":"tagi","1060":"uasi","1061":"aiba","1062":"apos","1063":"amar","1064":" kev","1065":"aqat","1066":" of ","1067":"raba","1068":" ya ","1069":" de ","1070":"udru","1071":"ope ","1072":"agil","1073":" sai","1074":"tau ","1075":"eceg","1076":"posi","1077":"obu ","1078":"sima","1079":" b ","1080":"avol","1081":"anuy","1082":"uyan","1083":"tutu","1084":"vuka","1085":"iva ","1086":"osoq","1087":"alan","1088":"liwi","1089":"ioti","1090":"ikau","1091":"aqal","1092":"inia","1093":" bau","1094":"omad","1095":"acid","1096":"adon","1097":"toso","1098":"toro","1099":"cega","1100":"adew","1101":" sok","1102":"udu ","1103":"roma","1104":"itol","1105":"mili","1106":"nuit","1107":"omun","1108":"qali","1109":"weni","1110":"ivei","1111":"evit","1112":"nivo","1113":"didi","1114":"anan","1115":"liga","1116":" vuq","1117":" iwa","1118":" sen","1119":"taum","1120":"eri ","1121":"iyau","1122":"umat","1123":" taq","1124":" mos","1125":"umad","1126":"kaka","1127":" bas","1128":"olit","1129":" yap","1130":"arab","1131":"cova","1132":"yapo","1133":" sav","1134":"kabi","1135":"soka","1136":"otok","1137":" io ","1138":"sucu","1139":"alia","1140":"wasa","1141":"tevi","1142":"and ","1143":"joni","1144":"asi ","1145":"laka","1146":" dro","1147":"auwa","1148":"ikar","1149":"egui","1150":"agon","1151":"abib","1152":"gui ","1153":"itai","1154":"qoso","1155":"oqos","1156":" tol","1157":"leca","1158":"otol","1159":"aici","1160":"sea ","1161":"ivul","1162":" jer","1163":"apit","1164":" rom","1165":"wain","1166":"amu ","1167":"digi","1168":"ewai","1169":"udra","1170":"isor","1171":"itar","1172":"amud","1173":"reti","1174":"anis","1175":"peri","1176":"amak","1177":"lasu","1178":"drat","1179":"ryvu","1180":"nita","1181":"akua","1182":"orys","1183":"erek","1184":"aqu ","1185":"atur","1186":"mudo","1187":"fita","1188":"ofit","1189":"vutu","1190":"roko","1191":" las","1192":"biut","1193":"auya","1194":"kuri","1195":" ei ","1196":"aumi","1197":"aulo","1198":" rer","1199":"ucu ","1200":"curu","1201":" iti","1202":" kur","1203":"bala","1204":"alal","1205":"cora","1206":"imak","1207":"cudr","1208":"enis","1209":"isoq","1210":"amer","1211":"igan","1212":"sulu","1213":"cida","1214":"auti","1215":"koni","1216":"usim","1217":" tos","1218":"drav","1219":"atu ","1220":" suc","1221":"oryk","1222":"orog","1223":"osi ","1224":"ing ","1225":"yadu","1226":"keim","1227":"yaki","1228":" gal","1229":"tobu","1230":" kan","1231":"guma","1232":"roni","1233":"kova","1234":"umut","1235":"adid","1236":"iuri","1237":"uci ","1238":"iso ","1239":"abui","1240":"tuni","1241":"nika","1242":"ovol","1243":"olol","1244":" tor","1245":"cere","1246":"aloq","1247":"sasa","1248":"ike ","1249":"asag","1250":"uvi ","1251":"imal","1252":"iqom","1253":"mama","1254":"madr","1255":" don","1256":"vora","1257":"saut","1258":"idik","1259":"ciqo","1260":"qito","1261":"kauw","1262":"univ","1263":"lita","1264":"uwa ","1265":"omat","1266":" dei","1267":"ekan","1268":"revi","1269":"covi","1270":"raki","1271":"uki ","1272":"loni","1273":"utun","1274":"roka","1275":"ekat","1276":"daun","1277":"atot","1278":"vesu","1279":"mesa","1280":"orym","1281":"maci","1282":"itei","1283":"kaci","1284":" iwi","1285":" int","1286":" ciq","1287":" dig","1288":"vuti","1289":"sini","1290":"inte","1291":"aciu","1292":"roga","1293":"tiur","1294":" pit","1295":"neir","1296":"pain","1297":"itiu","1298":"ciu ","1299":" jos","1300":"vota","1301":"ryka","1302":"aqar","1303":"usa ","1304":"gole","1305":"ofis","1306":"ole ","1307":"vure","1308":"eile","1309":"fisa","1310":"timo","1311":"uai ","1312":"okot","1313":"anoa","1314":"ese ","1315":"laki","1316":"idus","1317":"nima","1318":"wena","1319":"alot","1320":"acin","1321":"kate","1322":" sas","1323":"ilom","1324":"lavu","1325":" yas","1326":"erev","1327":"jiu ","1328":"loqa","1329":"basi","1330":"tauk","1331":"auke","1332":"oryi","1333":"rea ","1334":"cece","1335":"mari","1336":"oqaq","1337":"toma","1338":"atol","1339":" uas","1340":"bsk ","1341":"abag","1342":"eive","1343":" kab","1344":"kiri","1345":" jiu","1346":"aina","1347":" bsk","1348":" waq","1349":"iniv","1350":"uava","1351":"akao","1352":"arus","1353":"yava","1354":"kavo","1355":" mon","1356":"inav","1357":"navi","1358":"kini","1359":"nama","1360":"kea ","1361":"duav","1362":" ais","1363":"lodo","1364":" ai ","1365":" ivu","1366":" tom","1367":"ecer","1368":"awas","1369":"amal","1370":"reki","1371":"avot","1372":"nisa","1373":"lano","1374":"une ","1375":"niwa","1376":"atov","1377":"cani","1378":"iwa ","1379":"iwal","1380":" lig","1381":"isul","1382":"iris","1383":" and","1384":"iper","1385":"sana","1386":"unit","1387":"arot","1388":"imoc","1389":"nica","1390":"alek","1391":"atuv","1392":"ryma","1393":"awam","1394":"rini","1395":"adi ","1396":" qit","1397":"cini","1398":"asik","1399":"eca ","1400":"yvua","1401":"rysi","1402":"onuy","1403":"kaku","1404":" kac","1405":" cur","1406":"gaga","1407":"noa ","1408":"uyav","1409":"sese","1410":"tauy","1411":"siko","1412":" pol","1413":"fika","1414":"ania","1415":"loka","1416":"ine ","1417":"ysit","1418":"iuli","1419":"isa ","1420":"nive","1421":"lair","1422":" oni","1423":" tak","1424":"wamu","1425":"lele","1426":" cec","1427":"gunu","1428":"eiwe","1429":"ewat","1430":"raun","1431":"eki ","1432":" gol","1433":"cei ","1434":"niya","1435":" vaq","1436":"gila","1437":"itau","1438":"nter","1439":"roi ","1440":"sewa","1441":"isol","1442":"bete","1443":"qele","1444":"domo","1445":"isin","1446":" per","1447":"naut","1448":" sik","1449":"laiv","1450":"asew","1451":"iwek","1452":"iraw","1453":"unis","1454":"uru ","1455":"itut","1456":"alon","1457":"alok","1458":" cei","1459":"mose","1460":"cabo","1461":" pai","1462":"tave","1463":"eba ","1464":"ykau","1465":"tito","1466":"dede","1467":"epar","1468":"vuki","1469":"nuin","1470":" but","1471":"moci","1472":"autu","1473":"aoca","1474":"bago","1475":" cok","1476":"sika","1477":"vaqa","1478":"uinu","1479":"riu ","1480":"irat","1481":"eriu","1482":"ilec","1483":" gag","1484":"kadr","1485":"drai","1486":"eiwa","1487":"odod","1488":"vedr","1489":"mita","1490":"oses","1491":"gita","1492":"ivur","1493":" tuv","1494":" le ","1495":" ame","1496":"cawa","1497":"koto","1498":" cud","1499":"avuk","1500":"iwas","1501":"omon","1502":"saia","1503":"ulab","1504":"emud","1505":"onui","1506":"asan","1507":"kura","1508":"lave","1509":"erea","1510":"tage","1511":"atei","1512":"itac","1513":"oki ","1514":"awak","1515":"duka","1516":"olei","1517":" isu","1518":"vana","1519":"tern","1520":"imur","1521":"oron","1522":" epa","1523":"inan","1524":"otio","1525":"ipi ","1526":"akap","1527":"rabu","1528":"liul","1529":"gala","1530":"urab","1531":"aged","1532":" lag","1533":" lum","1534":"usia","1535":"bata","1536":"dege","1537":"asaq","1538":" vor","1539":"dia ","1540":"suka","1541":" vo ","1542":"aile","1543":"alak","1544":"eged","1545":"rogi","1546":"ewas","1547":"uliu","1548":"atuk","1549":"edeg","1550":"inic","1551":"uved","1552":"tiot","1553":"okov","1554":" qaq","1555":"labu","1556":"cagi","1557":"maro","1558":"aciv","1559":"yawa","1560":"turi","1561":" bet","1562":"orok","1563":"acaw","1564":"sila","1565":"aiti","1566":"kola","1567":"uniw","1568":"kori","1569":"sale","1570":"esia","1571":"lima","1572":"orat","1573":"ima ","1574":"avua","1575":"orin","1576":"init","1577":" jut","1578":"emi ","1579":"liva","1580":"voro","1581":"cina","1582":"ulat","1583":"bogi","1584":"erus","1585":"lemi","1586":"losi","1587":"usal","1588":"itob","1589":"ato ","1590":"sipi","1591":"otom","1592":"ilos","1593":"aniv","1594":"keli","1595":"ikur","1596":" ica","1597":" ite","1598":"buto","1599":"ilag","1600":" mud","1601":" cau","1602":"inim","1603":" bog","1604":"uret","1605":"oroi","1606":"alem","1607":"inis","1608":"erei","1609":"eise","1610":"auri","1611":"jeru","1612":"dru ","1613":"vaku","1614":" vau","1615":"otia","1616":"cana","1617":" sip","1618":"sile","1619":"olak","1620":"asau","1621":" wek","1622":"cola","1623":"ecav","1624":"aise","1625":" qel","1626":" vag","1627":"daut","1628":" ili","1629":"ikoy","1630":"atit","1631":"akid","1632":"eibu","1633":"oniv","1634":" iku","1635":"osav","1636":"muti","1637":"cata","1638":"alas","1639":"isea","1640":"ravo","1641":"riti","1642":"sure","1643":"kamu","1644":"akol","1645":"isal","1646":"lar ","1647":"ent ","1648":"all ","1649":"kidu","1650":"vitu","1651":"taiv","1652":"votu","1653":"kili","1654":" dom","1655":"tomu","1656":"tavu","1657":"lau ","1658":"tali","1659":"liti","1660":"bita","1661":"ure ","1662":"ceva","1663":"esil","1664":"alau","1665":"aoti","1666":"tana","1667":"site","1668":"qati","1669":" nam","1670":"omit","1671":"nea ","1672":"omur","1673":"ikat","1674":"ons ","1675":"ovat","1676":" gan","1677":" fil","1678":"usai","1679":"ulot","1680":"idua","1681":"niso","1682":"sobu","1683":"elev","1684":"kaul","1685":" lel","1686":"solo","1687":"jose","1688":"ivut","1689":"ives","1690":"lait","1691":"igau","1692":"ther","1693":"rei ","1694":"oryt","1695":"vima","1696":" gui","1697":"aika","1698":"oney","1699":"ilew","1700":"civa","1701":"liki","1702":"ical","1703":"lasi","1704":"sisi","1705":"sita","1706":"kiti","1707":"arov","1708":"uve ","1709":"uvim","1710":"agad","1711":"amad","1712":"neya","1713":"eyal","1714":"daul","1715":" del","1716":"unu ","1717":"soma","1718":"bai ","1719":"equ ","1720":"ladi","1721":"iyas","1722":"kota","1723":"aivi","1724":"mati","1725":"arok","1726":"meca","1727":"ose ","1728":"idre","1729":"asom","1730":"ekal","1731":"kona","1732":"dela","1733":" con","1734":"ulia","1735":"tic ","1736":"gilo","1737":"sema","1738":"sefa","1739":"emu ","1740":"alut","1741":" mus","1742":"mosi","1743":"waso","1744":"tevo","1745":"evor","1746":"auat","1747":" agi","1748":"okar","1749":"eqat","1750":"yadr","1751":" ded","1752":"poli","1753":"esai","1754":" gum","1755":" gun","1756":" vut","1757":"esa ","1758":"rota","1759":"revu","1760":"iwat","1761":"sula","1762":"isik","1763":" mec","1764":"evul","1765":"alua","1766":"avou","1767":"metr","1768":"wali","1769":"usi ","1770":"laga","1771":"ment","1772":"abat","1773":"eite","1774":"eiti","1775":"avos","1776":" tav","1777":"uto ","1778":"awai","1779":"isil","1780":"tusa","1781":"aket","1782":" cev","1783":" kot","1784":"bulu","1785":"anil","1786":"reke","1787":"lua ","1788":"uniy","1789":"dauk","1790":"sele","1791":"avan","1792":" inu","1793":"abe ","1794":" ata","1795":"bui ","1796":" bar","1797":"unea","1798":"ter ","1799":"ryvi","1800":"eqai","1801":"kada","1802":"vauc","1803":"aisi","1804":"roti","1805":" imu","1806":"aitu","1807":" sur","1808":"eina","1809":"olev","1810":" mam","1811":" sor","1812":"ucak","1813":"kave","1814":"olad","1815":"igit","1816":"lola","1817":" lek","1818":"atek","1819":"urop","1820":"lona","1821":"eiba","1822":"eidu","1823":"cati","1824":"maqu","1825":"guil","1826":" lim","1827":"uken","1828":"alov","1829":"udei","1830":" wit","1831":"oryd","1832":"osef","1833":" jam","1834":"ryva","1835":"tude","1836":"ilon","1837":"nana","1838":"ciwa","1839":"luke","1840":"oto ","1841":"soso","1842":"ics ","1843":" cag","1844":"goci","1845":" lav","1846":" luk","1847":"ikel","1848":"emat","1849":"afer","1850":"uali","1851":"ory ","1852":"her ","1853":"polo","1854":" kea","1855":"uile","1856":"dola","1857":"feri","1858":"rope","1859":"efa ","1860":"ikov","1861":"kovi","1862":"uvan","1863":"boko","1864":" oko","1865":"kosi","1866":"nati","1867":" rok","1868":"itin","1869":"ivun","1870":"biu ","1871":"ikal","1872":"naba","1873":"olog","1874":"lomo","1875":"veic","1876":"droi","1877":"teni","1878":" kir","1879":" vv ","1880":"idei","1881":"uide","1882":"rui ","1883":"auci","1884":"fili","1885":"pilo","1886":" jai","1887":"olik","1888":"tova","1889":"drak","1890":" iot","1891":" mes","1892":"waki","1893":" ipe","1894":"obul","1895":"vemu","1896":"saur","1897":"yali","1898":"omet","1899":"lovi","1900":"ono ","1901":"kilo","1902":"vara","1903":" hal","1904":"ies ","1905":"itan","1906":"alik","1907":"icav","1908":"jain","1909":"ote ","1910":"nuid","1911":"apil","1912":"idra","1913":"yvit","1914":"uvem","1915":"hall","1916":"ewal","1917":" nw ","1918":"rova","1919":" afe","1920":"vaca","1921":"ibit","1922":"buit","1923":" ceg","1924":"iku ","1925":"ulun","1926":"ovin","1927":" bec","1928":"eila","1929":"lota","1930":"lutu","1931":"asut","1932":"amau","1933":"buta","1934":" lin","1935":"usu ","1936":"itek","1937":"aiwa","1938":"musu","1939":" cab","1940":" car","1941":"omav","1942":" bro","1943":"juta","1944":"lani","1945":"acau","1946":"ramu","1947":"rita","1948":" jop","1949":"liku","1950":"sipe","1951":"iyab","1952":"uvu ","1953":"jama","1954":"peni","1955":"rati","1956":" fik","1957":"otov","1958":"aria","1959":"kame","1960":"bani","1961":"rovi","1962":"evut","1963":"abai","1964":"jope","1965":"anak","1966":"omi ","1967":" buc","1968":"rica","1969":"oliv","1970":"apol","1971":"neit","1972":"ile ","1973":"roca","1974":"sawa","1975":" com","1976":"kaot","1977":"eke ","1978":"teit","1979":"asis","1980":"jeme","1981":"asaw","1982":" jem","1983":" tud","1984":" bra","1985":"kudr","1986":"iri ","1987":"sei ","1988":"nevu","1989":"onev","1990":" suk","1991":"vual","1992":"king","1993":"oata","1994":"net ","1995":"dai ","1996":"eilo","1997":"kais","1998":"gusu","1999":"okor","2000":" kol","2001":"nal ","2002":"avac","2003":"ucau","2004":"nada","2005":"latu","2006":"dabe","2007":" col","2008":" esi","2009":" bil","2010":" ile","2011":"auvo","2012":"lea ","2013":"iona","2014":" ilo","2015":" sk ","2016":"ilal","2017":"emes","2018":" bat","2019":" yaw","2020":"ous ","2021":" new","2022":"anam","2023":"cauc","2024":"duat","2025":"ilo ","2026":"toli","2027":"caut","2028":"amaq","2029":"male","2030":"wado","2031":"iuti","2032":"imi ","2033":"qeta","2034":" uni","2035":"vudr","2036":" geo","2037":"damu","2038":" tov","2039":"ekit","2040":"beit","2041":"gai ","2042":"emai","2043":"erne","2044":"tavo","2045":"eitu","2046":"line","2047":" nak","2048":"ive ","2049":"etic","2050":"ari ","2051":" pen","2052":" dia","2053":"urum","2054":"moto","2055":"avud","2056":"ble ","2057":"tuka","2058":"ijip","2059":"vela","2060":"susu","2061":"dom ","2062":" kos","2063":"bole","2064":" iji","2065":"urev","2066":"vodo","2067":"toki","2068":" \u25aa ","2069":" idi","2070":"cal ","2071":" tat","2072":"aqaq","2073":"braz","2074":"olea","2075":"razi","2076":"yman","2077":" cre","2078":"rnet","2079":"tics","2080":"ary ","2081":" sta","2082":"oini","2083":"azil","2084":"roin","2085":"evur","2086":"igi ","2087":"ilat","2088":"muta","2089":" pas","2090":" mol","2091":"iyac","2092":"nuta","2093":" buk","2094":"akir","2095":"kevi","2096":"ivot","2097":" kom","2098":"misi","2099":"kapo","2100":"ukud","2101":"aqas","2102":"ausa","2103":"sua ","2104":" sob","2105":"yara","2106":"maia","2107":"onut","2108":"ocak","2109":"zil ","2110":"urar","2111":"idin","2112":"ses ","2113":"oroc","2114":"atub","2115":"efes","2116":"ions","2117":"laid","2118":"sion","2119":"asul","2120":" saq","2121":"lili","2122":"okoc","2123":" efe","2124":"feso","2125":"luni","2126":"aliu","2127":"aidr","2128":"taya","2129":"buka","2130":" dol","2131":"dret","2132":"uela","2133":"tako","2134":"ulak","2135":"edit","2136":"eci ","2137":" war","2138":"caur","2139":" bol","2140":"somi","2141":"yvak","2142":"ovak","2143":"esit","2144":"ator","2145":"kete","2146":"toni","2147":"tuba","2148":"veni","2149":"olos","2150":"mau ","2151":"land","2152":"dauc","2153":"veiu","2154":"olis","2155":"onal","2156":"obut","2157":"ruar","2158":" sem","2159":"vulu","2160":"auqe","2161":"aisa","2162":"odo ","2163":"icak","2164":"koco","2165":"agav","2166":" bei","2167":"avit","2168":"avel","2169":"anad","2170":"uaru","2171":"mini","2172":"abor","2173":"mona","2174":"ite ","2175":" dar","2176":"ayak","2177":"kare","2178":"awan","2179":"ian ","2180":"tuta","2181":"iali","2182":" sil","2183":"kolo","2184":"othe","2185":"ingd","2186":"qoro","2187":"beri","2188":"icat","2189":"ctio","2190":"ngdo","2191":"roya","2192":" tit","2193":"reta","2194":"uba ","2195":"lomi","2196":" ves","2197":" wik","2198":"gdom","2199":"nilo","2200":"ipit","2201":"iqu ","2202":" sel","2203":"wiki","2204":"imu ","2205":"amam","2206":"raiv","2207":"asen","2208":"gia ","2209":"les ","2210":"omud","2211":"veir","2212":"saus","2213":"ikil","2214":"liso","2215":"usaq","2216":"auas","2217":"oryp","2218":"aten","2219":"vein","2220":"urak","2221":"eido","2222":"usau","2223":" tai","2224":" sim","2225":"celi","2226":"try ","2227":"ilot","2228":"new ","2229":"yatu","2230":"atad","2231":"gavu","2232":"asai","2233":"niel","2234":"aiya","2235":"isia","2236":"vere","2237":" mom","2238":"idia","2239":"waka","2240":"olar","2241":"dram","2242":"ted ","2243":" nab","2244":"ness","2245":"asea","2246":"kauq","2247":"lial","2248":"ity ","2249":"tadr","2250":"mavo","2251":"dro ","2252":"tea ","2253":"anie","2254":" ibu","2255":"aran","2256":" lia","2257":" min","2258":"gaca","2259":"vaga","2260":"uber","2261":"ilig","2262":"oyak","2263":"ubal","2264":"otog","2265":"tube","2266":"nus ","2267":" sus","2268":" mot","2269":"ilip","2270":"ibai","2271":"baka","2272":"bati","2273":"ymat","2274":"umak","2275":" ivi","2276":" pec","2277":"amua","2278":"mamu","2279":"tete","2280":"samu","2281":"mava","2282":"ting","2283":"buci","2284":"illi","2285":"kain","2286":"yame","2287":"aser","2288":"qawa","2289":" rui","2290":" wer","2291":"ucin","2292":" igu","2293":"timi","2294":"acab","2295":"pere","2296":"aeni","2297":" rus","2298":"ave ","2299":"were","2300":"saun","2301":"oroy","2302":"erem","2303":"orol","2304":"ulum","2305":"ecel","2306":" in ","2307":"sera","2308":"livo","2309":" ise","2310":"dolu","2311":"asei","2312":"ocao","2313":"maoc","2314":"akin","2315":"caoc","2316":"udol","2317":" li ","2318":"ers ","2319":"sola","2320":"saen","2321":" yau","2322":"eric","2323":"asua","2324":"anib","2325":" wav","2326":"kaip","2327":"omao","2328":"lali","2329":" ver","2330":"kabe","2331":"cici","2332":"ikor","2333":"redi","2334":"pola","2335":"iulu","2336":"tes ","2337":"suta","2338":"pece","2339":"comm","2340":" uro","2341":"laba","2342":"awaq","2343":"ntin","2344":" to ","2345":"jipi","2346":"noat","2347":"etry","2348":"alil","2349":"jere","2350":"neim","2351":"sike","2352":"kuta","2353":"muel","2354":" eli","2355":"vequ","2356":"akaj","2357":"daku","2358":"bobu","2359":"uveq","2360":"liuc","2361":" jul","2362":"saul","2363":" gen","2364":"erel","2365":"wawa","2366":"yaka","2367":" lok","2368":"kalu","2369":"ial ","2370":"aida","2371":"vers","2372":"awad","2373":"osom","2374":"logy","2375":"ogy ","2376":"daid","2377":" gus","2378":"adau","2379":"rema","2380":"unei","2381":"aliv","2382":"igu ","2383":"agas","2384":" san","2385":"avoa","2386":"idai","2387":"amea","2388":"niba","2389":"beci","2390":" for","2391":"acti","2392":"libu","2393":"mare","2394":" rav","2395":"mea ","2396":"nce ","2397":"onit","2398":"sait","2399":"cred","2400":"kumu","2401":" mis","2402":"ilad","2403":" vod","2404":" ror","2405":"edai","2406":" vot","2407":"enik","2408":"ukal","2409":"sili","2410":"eper","2411":"kaid","2412":" kas","2413":"ukea","2414":"elom","2415":" lut","2416":"iter","2417":" kam","2418":"uana","2419":"aras","2420":" tut","2421":" ono","2422":"tabo","2423":"kase","2424":"eter","2425":"ulib","2426":" kit","2427":" sub","2428":"wele","2429":"isel","2430":"ugum","2431":"iela","2432":"daus","2433":" ico","2434":"rist","2435":" cor","2436":" vir","2437":"abal","2438":"itic","2439":" kad","2440":"uciw","2441":"bura","2442":"aluv","2443":"kacu","2444":"dit ","2445":"muai","2446":"udua","2447":"ulol","2448":" por","2449":"moli","2450":"kaiy","2451":"kida","2452":"ilev","2453":" pla","2454":"amue","2455":"elav","2456":" kid","2457":"nite","2458":"losa","2459":"waiw","2460":"ium ","2461":"walu","2462":"keta","2463":"ubul","2464":"onis","2465":"ikav","2466":"savo","2467":"taud","2468":"qosa","2469":"avor","2470":"aqos","2471":"fomu","2472":"tamu","2473":" uca","2474":" uci","2475":"eker","2476":"itis","2477":"ract","2478":"iuca","2479":"adui","2480":"sses","2481":"iliv","2482":"ivin","2483":"bara","2484":" ua ","2485":" sos","2486":"ukan","2487":"moce","2488":"inik","2489":"ilia","2490":" rek","2491":"tive","2492":"utob","2493":"lisi","2494":"usuk","2495":"elet","2496":"bisi","2497":"ukit","2498":"ueri","2499":"duit","2500":"maqo","2501":"lasa","2502":" yam","2503":" sov","2504":"asar","2505":"ulev","2506":"cili","2507":"enad","2508":"role","2509":"doni","2510":" koi","2511":"ulti","2512":"titi","2513":"roth","2514":"mete","2515":" duk","2516":" bis","2517":"bail","2518":"ible","2519":"atia","2520":"lavi","2521":"nise","2522":"idok","2523":"brot","2524":"crit","2525":"atch","2526":"ema ","2527":"ukam","2528":"isot","2529":"nic ","2530":" epe","2531":"igia","2532":"alis","2533":"are ","2534":"umun","2535":"ard ","2536":"auvu","2537":"diac","2538":"omam","2539":"ovot","2540":"peru","2541":"erna","2542":"esse","2543":"koci","2544":"son ","2545":"iacr","2546":"tuya","2547":" dav","2548":"riva","2549":"awav","2550":"omas","2551":"acri","2552":"arik","2553":"uduk","2554":"aji ","2555":"areq","2556":"ruku","2557":"uvai","2558":"rusi","2559":"civi","2560":"jeko","2561":"eres","2562":"bora","2563":"beca","2564":"ruci","2565":"wani","2566":"ekop","2567":"jula","2568":"uvun","2569":"basa","2570":"gase","2571":"kope","2572":"isam","2573":"abok","2574":"nibu","2575":" ose","2576":"rami","2577":"res ","2578":"amai","2579":" jek","2580":"unik","2581":"onai","2582":" ovi","2583":" pal","2584":"acol","2585":" jan","2586":"audr","2587":"atet","2588":"gugu","2589":"pai ","2590":"atut","2591":"aci ","2592":"ower","2593":"koi ","2594":"kapa","2595":"baca","2596":"wael","2597":"uila","2598":"aku ","2599":"eiso","2600":" vav","2601":"eica","2602":"aelo","2603":"osov","2604":"icia","2605":"akur","2606":"ewae","2607":"iloi","2608":"mmon","2609":"rydu","2610":" bos","2611":"suki","2612":"oudo","2613":"suva","2614":"eome","2615":" tus","2616":"vai ","2617":"buca","2618":"amun","2619":"meke","2620":"amus","2621":"ryta","2622":"orov","2623":"oryb","2624":"timu","2625":" pro","2626":"oryg","2627":"idi ","2628":"ore ","2629":"eqet","2630":"hova","2631":"avuq","2632":"tema","2633":" mav","2634":"ydua","2635":"galu","2636":" cic","2637":" chi","2638":"iser","2639":"towe","2640":"ruma","2641":"ise ","2642":"musi","2643":"mult","2644":" mek","2645":"sova","2646":"arer","2647":"uvol","2648":"irit","2649":"viri","2650":"geom","2651":"omo ","2652":" ruc","2653":"itus","2654":"jeho","2655":"neta","2656":"arag","2657":"resi","2658":"druv","2659":"atim","2660":"ibas","2661":"ecay","2662":"tail","2663":"dara","2664":" qiq","2665":"kaso","2666":"ehov","2667":"caya","2668":"drom","2669":"rani","2670":" gug","2671":" jeh","2672":"iba ","2673":"sata","2674":"acag","2675":"elan","2676":" rab","2677":"doud","2678":"arit","2679":" sev","2680":"emen","2681":"ukad","2682":"ukaw","2683":"abet","2684":"lic ","2685":"ade ","2686":"loa ","2687":" bac","2688":"kuai","2689":"wer ","2690":"maik","2691":"wana","2692":"lipa","2693":"aduk","2694":"stro","2695":"teba","2696":"vari","2697":"qavu","2698":"aqav","2699":"ipai","2700":"akoy","2701":" mul","2702":"rumu","2703":"ekad","2704":"rabe","2705":" rum","2706":"luvu","2707":"atik","2708":"tnes","2709":"keni","2710":"ewad","2711":"iyar","2712":"enil","2713":"ugi ","2714":"piut","2715":" map","2716":" bok","2717":"isem","2718":" inf","2719":"watc","2720":" wor","2721":"ovah","2722":"uda ","2723":"trop","2724":" yat","2725":"mere","2726":" dab","2727":"vivi","2728":"alel","2729":" s ","2730":"ommo","2731":"iteb","2732":"gali","2733":"away","2734":"ster","2735":"tika","2736":"witn","2737":"gica","2738":"kasu","2739":"taun","2740":"itne","2741":"agod","2742":"cula","2743":"itat","2744":"qomi","2745":"otur","2746":"koul","2747":"vuai","2748":"cial","2749":"ubuk","2750":"iati","2751":"itaq","2752":"ited","2753":"vahs","2754":"tere","2755":"ersi","2756":"ivuv","2757":"auso","2758":"avus","2759":"savu","2760":"rotu","2761":"uasu","2762":"osat","2763":" nep","2764":"suas","2765":" ass","2766":" noa","2767":"kite","2768":"aqan","2769":"ikiv","2770":"nius","2771":" sep","2772":"eida","2773":"togi","2774":"vusa","2775":"reqe","2776":"iver","2777":"itie","2778":"ger ","2779":"akov","2780":"ater","2781":"iolo","2782":"ange","2783":" cha","2784":"abon","2785":"igad","2786":" fom","2787":"madu","2788":"oryc","2789":"soci","2790":" maq","2791":"utia","2792":"mons","2793":"tisi","2794":"agai","2795":"lad ","2796":"wavo","2797":"udam","2798":" kum","2799":"ahs ","2800":"ryiv","2801":"oula","2802":"ragi","2803":"astr","2804":"luva","2805":"ence","2806":"cadr","2807":" nat","2808":"sui ","2809":"rus ","2810":" bes","2811":"atas","2812":"oilo","2813":"loil","2814":"unuv","2815":"anui","2816":"taub","2817":"aciq","2818":"ilol","2819":"bose","2820":" web","2821":"kami","2822":"ues ","2823":" sin","2824":"stan","2825":"moma","2826":"ulit","2827":"tuki","2828":"cau ","2829":"utut","2830":"itio","2831":"eavu","2832":"poro","2833":"duan","2834":"waya","2835":"odro","2836":"orot","2837":"ount","2838":" ant","2839":"uaba","2840":"ogra","2841":"nani","2842":"ulub","2843":"ovis","2844":"soko","2845":" bob","2846":"kanu","2847":"bili","2848":"uyak","2849":"vuav","2850":"ryve","2851":"nili","2852":"esen","2853":"teri","2854":"voto","2855":" rev","2856":"bibl","2857":"trac","2858":" tra","2859":"pite","2860":"masi","2861":"yiva","2862":" gra","2863":"akak","2864":"anti","2865":" ero","2866":"asak","2867":" mua","2868":"visa","2869":"avar","2870":"ovos","2871":" met","2872":" ana","2873":"agau","2874":" rep","2875":" waw","2876":"qaco","2877":" kou","2878":"rako","2879":"daud","2880":"cabe","2881":"komp","2882":"amur","2883":" acc","2884":"diva","2885":"aded","2886":"okad","2887":"lly ","2888":" bai","2889":" sea","2890":"osip","2891":"aoqo","2892":"dauq","2893":"apai","2894":"okos","2895":"enti","2896":"anic","2897":"ensi","2898":"kaki","2899":"aija","2900":"idab","2901":"ock ","2902":"abek","2903":"aqe ","2904":"anik","2905":"ular","2906":"usic","2907":"raph","2908":"kabo","2909":"sain","2910":"veta","2911":"usid","2912":"cons","2913":"roso","2914":"oryn","2915":"orav","2916":"est ","2917":"kele","2918":"sidu","2919":"idon","2920":" kov","2921":"duab","2922":"inai","2923":"keu ","2924":"eiuq","2925":" tad","2926":"ames","2927":" var","2928":"eini","2929":"eral","2930":" keu","2931":"aled","2932":"grap","2933":"ryik","2934":"naqu","2935":"agal","2936":"nadr","2937":"jona","2938":" kon","2939":"auba","2940":"atao","2941":"inaq","2942":"emak","2943":"nome","2944":"cidr","2945":"chil","2946":" idu","2947":" ret","2948":"maji","2949":"iuqe","2950":"amas","2951":"voa ","2952":"icov","2953":"uro ","2954":"sic ","2955":" is ","2956":"reve","2957":"dudu","2958":" joh","2959":"tora","2960":"sina","2961":"ompi","2962":"taot","2963":"simi","2964":"tipl","2965":"iman","2966":" ruk","2967":"atui","2968":" ben","2969":"aton","2970":"ipen","2971":"tian","2972":"sela","2973":" pet","2974":"omaq","2975":"ton ","2976":"iria","2977":"kaoq","2978":"garo","2979":" sak","2980":" den","2981":" ast","2982":"adud","2983":"eiko","2984":"iuro","2985":"ius ","2986":"iusi","2987":"vali","2988":"nile","2989":" mok","2990":" tob","2991":" maj","2992":"lora","2993":"elei","2994":"juti","2995":" ari","2996":"mpiu","2997":"outa","2998":"boi ","2999":"aine","3000":"yada","3001":"asol","3002":" liv","3003":"mena","3004":" far","3005":"caki","3006":"caga","3007":"eret","3008":" ang","3009":"ltip","3010":"poly","3011":"ris ","3012":"isti","3013":"odi ","3014":"lodr","3015":"alor","3016":" udo","3017":"edia","3018":"lomu","3019":"komi","3020":"ally","3021":" aua","3022":"avet","3023":"tise","3024":"imon","3025":"ruvi","3026":"orld","3027":"ture","3028":"avia","3029":"blue","3030":"oros","3031":"ruru","3032":"oraw","3033":"eles","3034":"stra","3035":" oca","3036":"malo","3037":"gana","3038":"tein","3039":"laca","3040":"edi ","3041":" fin","3042":"enom","3043":"ente","3044":"usul","3045":"atid","3046":"ico ","3047":"tila","3048":"aidi","3049":"lana","3050":"drok","3051":"ikan","3052":"pasi","3053":"wave","3054":"sake","3055":" chr","3056":"epa ","3057":"yika","3058":"omod","3059":"sis ","3060":"opul","3061":"uriv","3062":"akoc","3063":" sek","3064":"ulag","3065":"ilis","3066":"toga","3067":"coun","3068":"oce ","3069":"fari","3070":"evuk","3071":"yvei","3072":"ayaw","3073":"ctor","3074":"worl","3075":" dam","3076":"ape ","3077":"avui","3078":"eisu","3079":"eiki","3080":"bese","3081":"voni","3082":"lues","3083":"eria","3084":"yvul","3085":"ciqu","3086":"urug","3087":"vagu","3088":" ind","3089":"ija ","3090":"wait","3091":"adik","3092":"vain","3093":"iyak","3094":"eris","3095":"vuca","3096":"arti","3097":"asit","3098":"ased","3099":"aqaw","3100":"idro","3101":"oryw","3102":"aqac","3103":"idig","3104":"rain","3105":" arc","3106":"ano ","3107":"ated","3108":"plic","3109":"ovu ","3110":"vonu","3111":" spe","3112":" iur","3113":"wiri","3114":"ulus","3115":" idr","3116":"ess ","3117":"ican","3118":"adav","3119":"unil","3120":" her","3121":"llio","3122":"daum","3123":"with","3124":"itim","3125":"ikit","3126":"fere","3127":"isur","3128":"agit","3129":"enib","3130":"cara","3131":"usug","3132":"tron","3133":"tric","3134":"stic","3135":"itia","3136":"isos","3137":"druk","3138":" mit","3139":" kul","3140":"enus","3141":"kaji","3142":"keba","3143":"kaic","3144":"soni","3145":"tege","3146":"kein","3147":" kis","3148":" \u25cf ","3149":"lais","3150":" kel","3151":"eger","3152":"siri","3153":"ubur","3154":"simo","3155":"abur","3156":"siki","3157":"duri","3158":"janu","3159":"acat","3160":"oryl","3161":"kivi","3162":"ryte","3163":" fra","3164":" ref","3165":"nthe","3166":" tei","3167":"tom ","3168":"ism ","3169":"ipli","3170":" dan","3171":" dak","3172":"ocok","3173":"alim","3174":"avav","3175":"rgan","3176":"nteg","3177":" suv","3178":" bub","3179":"onet","3180":"tiqu","3181":" blu","3182":"audi","3183":" pop","3184":"heti","3185":"oqui","3186":"thet","3187":" ban","3188":"anai","3189":"omen","3190":" div","3191":"rld ","3192":"ajiu","3193":"mici","3194":"ryna","3195":"uvin","3196":"bia ","3197":"irus","3198":"nari","3199":"irik","3200":" tet","3201":"sole","3202":"nila","3203":"tona","3204":" dur","3205":"iseb","3206":"ist ","3207":"hris","3208":"qiri","3209":"qana","3210":"isaq","3211":"uani","3212":"josu","3213":"isak","3214":"phen","3215":"john","3216":"sote","3217":"sovo","3218":"port","3219":"arch","3220":"ivar","3221":"iqo ","3222":"popu","3223":"evon","3224":"spec","3225":"qiqo","3226":"tita","3227":"star","3228":"toa ","3229":"suti","3230":"esin","3231":"atiq","3232":"pete","3233":"usut","3234":"ryvo","3235":"meli","3236":"bubu","3237":"asse","3238":"boro","3239":"bilo","3240":"rugu","3241":"ngel","3242":"baqe","3243":"nisu","3244":"ropo","3245":"vani","3246":"nts ","3247":"nuer","3248":"vau ","3249":"osob","3250":"riko","3251":"olac","3252":"ight","3253":"onia","3254":"aude","3255":"reka","3256":"veip","3257":"orga","3258":"can ","3259":"udin","3260":"ieli","3261":"cent","3262":"elia","3263":"elen","3264":"pepa","3265":"kevu","3266":"kia ","3267":"peci","3268":"eipa","3269":"viet","3270":"kisi","3271":"ukev","3272":"pase","3273":"paia","3274":"rans","3275":"levo","3276":"liat","3277":"sede","3278":"seba","3279":"seav","3280":"live","3281":"cycl","3282":"lori","3283":"lout","3284":"lulu","3285":"luti","3286":"chri","3287":"mape","3288":"api ","3289":"qale","3290":" by ","3291":" you","3292":"ytei","3293":"agac","3294":"anue","3295":" tha","3296":" uma","3297":" str","3298":" tea","3299":" pan","3300":" pat","3301":" did","3302":" as ","3303":" sul","3304":" usu","3305":" dew","3306":" boi","3307":" eke","3308":" bor","3309":" sae","3310":" keb","3311":" phe","3312":" ta ","3313":" roc","3314":"akaf","3315":"aono","3316":"adri","3317":"andr","3318":" yak","3319":" mel","3320":" gat","3321":" ike","3322":" ama","3323":"abit","3324":" enc","3325":" kui","3326":"acco","3327":" cil","3328":"aive","3329":" cin","3330":"aili","3331":" pre","3332":"tran","3333":"vovo","3334":"ului","3335":"otar","3336":"cavi","3337":"omab","3338":"tain","3339":"ikic","3340":" ram","3341":"kaon","3342":"drod","3343":"tor ","3344":"acad","3345":"kuro","3346":"nidi","3347":"ssio","3348":" bur","3349":"uthe","3350":"osua","3351":"raud","3352":"take","3353":"agum","3354":"stal","3355":"nepa","3356":"sepi","3357":"mabi","3358":" gar","3359":"unti","3360":" koc","3361":"oqa ","3362":" nas","3363":"red ","3364":"iai ","3365":"ivai","3366":"heno","3367":"hile","3368":"loko","3369":"loku","3370":" bel","3371":"reat","3372":"orit","3373":"saka","3374":"viav","3375":"name","3376":" soc","3377":"upai","3378":"dium","3379":"dani","3380":"iavi","3381":"renc","3382":"agic","3383":"acud","3384":"ters","3385":"icol","3386":"osim","3387":" lab","3388":"vigi","3389":"mua ","3390":"stat","3391":" sua","3392":"itui","3393":"icab","3394":"laco","3395":"ivig","3396":"loga","3397":"osai","3398":"davi","3399":" sis","3400":"dauw","3401":"muda","3402":" qua","3403":"rasa","3404":" act","3405":" aka","3406":"mer ","3407":"eve ","3408":"kodi","3409":"evel","3410":"pher","3411":" uto","3412":"mes ","3413":"kora","3414":"rypo","3415":"oco ","3416":"odok","3417":"kafi","3418":" oi ","3419":"nuva","3420":"ates","3421":"aviv","3422":" lor","3423":"esti","3424":"uavu","3425":"ales","3426":"etag","3427":" vai","3428":"etio","3429":" pel","3430":"awi ","3431":"ofi ","3432":"iqaw","3433":"nten","3434":"nuiq","3435":"ukiv","3436":"ipap","3437":"sity","3438":"plan","3439":"ric ","3440":"abac","3441":"qui ","3442":"form","3443":"jiut","3444":"kula","3445":"oba ","3446":"epit","3447":"uiqa","3448":"isip","3449":"irog","3450":"imed","3451":"mill","3452":"tupa","3453":"imic","3454":"lis ","3455":" osi","3456":"epal","3457":"rock","3458":"anci","3459":" lis","3460":"rodr","3461":" ido","3462":"erit","3463":"exic","3464":"rith","3465":" gas","3466":"aubu","3467":"sugi","3468":"chur","3469":"avok","3470":" org","3471":"auda","3472":"kaco","3473":"audo","3474":"iubi","3475":"amen","3476":"cies","3477":"aule","3478":"als ","3479":" fis","3480":"mawi","3481":"naik","3482":"kauv","3483":"kauy","3484":" oso","3485":"ilet","3486":"rywa","3487":"tan ","3488":"imos","3489":"pali","3490":"pala","3491":"ithm","3492":" rap","3493":"atay","3494":"ith ","3495":"otuy","3496":"akaa","3497":"iten","3498":"imac","3499":"boni","3500":"bini","3501":"serv","3502":"itay","3503":"bly ","3504":"lauc","3505":"imas","3506":"ibut","3507":"igid","3508":"igat","3509":"alec","3510":"mudr","3511":"tch ","3512":"char","3513":"ativ","3514":" gac","3515":"medi","3516":"ccou","3517":"itiq","3518":"tate","3519":"ral ","3520":"ance","3521":" rt ","3522":"mexi","3523":"athe","3524":"wava","3525":" ale","3526":"anim","3527":"akor","3528":"leda","3529":"ypol","3530":"olym","3531":"uaiv","3532":"gidi","3533":" j ","3534":" tem","3535":" bri","3536":"yclo","3537":"ell ","3538":"qasa","3539":"evat","3540":" mex","3541":"ynab","3542":"goro","3543":"apan","3544":" bot","3545":"onid","3546":"dio ","3547":" vid","3548":"enan","3549":"iwan","3550":"ency","3551":"ogor","3552":" mic","3553":"for ","3554":"olot","3555":" dis","3556":"okit","3557":"japa","3558":"lusu","3559":"voki","3560":"gade","3561":"ever","3562":"urau","3563":"ukuv","3564":"aoga","3565":"ean ","3566":"ulav","3567":"ulaw","3568":"acam","3569":"ekel","3570":" moc","3571":" tow","3572":" syn","3573":" tao","3574":"olic","3575":"logi","3576":"atus","3577":" d ","3578":"dawa","3579":"teta","3580":"tidr","3581":"daru","3582":"hat ","3583":"equi","3584":"dali","3585":"eron","3586":"asae","3587":"eren","3588":"ens ","3589":"arur","3590":"tin ","3591":"eqal","3592":"titu","3593":" sui","3594":"aru ","3595":"adok","3596":"laij","3597":"saru","3598":"tiqa","3599":"mica","3600":"vago","3601":"auqi","3602":"riba","3603":"epel","3604":" une","3605":" whi","3606":" wel","3607":"eiul","3608":" dai","3609":"inal","3610":" jes","3611":"tus ","3612":"aphy","3613":" ucu","3614":" co ","3615":"okuc","3616":"egat","3617":"uitu","3618":" or ","3619":"fiji","3620":"xico","3621":" wak","3622":"ube ","3623":"uaga","3624":"seva","3625":"ubiu","3626":"enai","3627":"avic","3628":"sevi","3629":"koga","3630":"phy ","3631":" fij","3632":"embl","3633":"enta","3634":"erot","3635":"awel","3636":"kuil","3637":"rnat","3638":"auwi","3639":"ipa ","3640":"ogan","3641":"ekod","3642":"meti","3643":"indi","3644":"maso","3645":"iner","3646":"iniy","3647":"ekes","3648":"elec","3649":"udak","3650":"mede","3651":"ude ","3652":"ayas","3653":"rio ","3654":"uaka","3655":"elek","3656":"nsis","3657":"cota","3658":"aber","3659":"der ","3660":"age ","3661":"lami","3662":"adak","3663":" sym","3664":"icil","3665":"iciv","3666":"liac","3667":"acur","3668":"icom","3669":"nera","3670":"usok","3671":"acot","3672":"idiv","3673":"usti","3674":" lec","3675":" asi","3676":"webs","3677":"kesi","3678":"kaud","3679":"han ","3680":" som","3681":"oria","3682":"coqa","3683":"lain","3684":" sou","3685":"cont","3686":"hmet","3687":"clop","3688":"goda","3689":" baq","3690":"adom","3691":"afik","3692":"rumi","3693":"refe","3694":"daur","3695":"dave","3696":"unic","3697":"dens","3698":"iaca","3699":"uwil","3700":"taon","3701":"otor","3702":"bote","3703":"east","3704":" han","3705":"lato","3706":"ovit","3707":"ilas","3708":" ino","3709":"ryfi","3710":"ebsi","3711":"ukos","3712":"aire","3713":"ecie","3714":"uvos","3715":"miti","3716":"biub","3717":"aito","3718":" cen","3719":"semb","3720":"gen ","3721":"ryda","3722":"gene","3723":"kico","3724":"drui","3725":" are","3726":"tori","3727":"oui ","3728":"moko","3729":"duag","3730":"tame","3731":"kuvi","3732":"raur","3733":"talo","3734":" apo","3735":"genu","3736":"tal ","3737":"seko","3738":"bsit","3739":"sco ","3740":" rec","3741":"buko","3742":"ish ","3743":"eqas","3744":"plas","3745":"itot","3746":"aoni","3747":"itam","3748":" on ","3749":"luna","3750":"iyag","3751":"make","3752":"ivit","3753":"lui ","3754":"seqa","3755":"aseq","3756":"sore","3757":"asir","3758":"vuat","3759":"qaqi","3760":"vui ","3761":" off","3762":"aron","3763":"itir","3764":"ssem","3765":"atom","3766":"leiw","3767":"romo","3768":" bio","3769":"romu","3770":"fisi","3771":"roqo","3772":"anal","3773":"caba","3774":"viqa","3775":" lat","3776":"baqa","3777":" ala","3778":"abob","3779":" art","3780":" adu","3781":" dov","3782":"vidi","3783":" la ","3784":" one","3785":"asip","3786":"usit","3787":"ough","3788":"ffic","3789":"orbi","3790":"ista","3791":"laia","3792":"ctur","3793":" ele","3794":"rype","3795":" nav","3796":" chu","3797":" cit","3798":"salo","3799":"thme","3800":" rig","3801":"vait","3802":"efer","3803":"tati","3804":"iqel","3805":"ovut","3806":"otui","3807":"iqat","3808":"aviq","3809":"ukuu","3810":"ome ","3811":"wau ","3812":"loda","3813":"dovu","3814":"kuuk","3815":"unek","3816":"ids ","3817":" gre","3818":"onar","3819":"tine","3820":"iema","3821":"don ","3822":"oned","3823":"iwau","3824":"lope","3825":"baga","3826":"saya","3827":" pho","3828":"pedi","3829":"loqu","3830":"tnam","3831":"wade","3832":"sifi","3833":"sus ","3834":" mag","3835":"dini","3836":"ydau","3837":"los ","3838":"ivat","3839":"keri","3840":" log","3841":"man ","3842":"omar","3843":"gary","3844":"abaq","3845":" oli","3846":"mbly","3847":"niko","3848":"aric","3849":"ncyc","3850":"daub","3851":"uwai","3852":"iyat","3853":"omob","3854":" pea","3855":"aniw","3856":"ietn","3857":"idew","3858":"idio","3859":" mor","3860":" oga","3861":"sani","3862":"ark ","3863":"nder","3864":"tomi","3865":"sutu","3866":"aisu","3867":"uqit","3868":"basu","3869":"bill","3870":"seti","3871":"orya","3872":" kav","3873":" vie","3874":"aste","3875":" | ","3876":" r ","3877":" \u00a9 ","3878":"ruka","3879":"uawa","3880":"ort ","3881":"vuan","3882":" ven","3883":"beni","3884":" inc","3885":"etes","3886":"kawe","3887":"ast ","3888":"etna","3889":"ikac","3890":"oryf","3891":"amic","3892":"mobu","3893":"usag","3894":"ucud","3895":"ikog","3896":"itua","3897":"list","3898":"rch ","3899":"rasi","3900":"icag","3901":"ents","3902":"ries","3903":"akae","3904":"ert ","3905":"madi","3906":"eru ","3907":"kor ","3908":"bert","3909":"oryr","3910":"uuku","3911":"late","3912":"cila","3913":"vule","3914":"osiv","3915":"buaw","3916":"neku","3917":"tuli","3918":"mira","3919":"evei","3920":"sive","3921":"josa","3922":"nanc","3923":"eidi","3924":"ekun","3925":"ork ","3926":"comp","3927":"uabu","3928":"bava","3929":" ext","3930":"aloa","3931":"soi ","3932":"sphe","3933":"nam ","3934":" ato","3935":"ces ","3936":"kovu","3937":"asay","3938":"pote","3939":"eliu","3940":" lam","3941":"ciet","3942":"uneu","3943":" eri","3944":"tima","3945":"orak","3946":"rana","3947":"htow","3948":" har","3949":"pea ","3950":" seu","3951":"onst","3952":" sup","3953":"idac","3954":"tiri","3955":"akut","3956":"imar","3957":"chin","3958":" lit","3959":"tcht","3960":" spa","3961":" sha","3962":"osea","3963":"pani","3964":"chto","3965":"tera","3966":"beta","3967":"mich","3968":"adro","3969":" nuk","3970":"itoa","3971":"levi","3972":"kequ","3973":"lade","3974":"tenn","3975":" alb","3976":"synt","3977":"usol","3978":"ivau","3979":" est","3980":"tell","3981":"daca","3982":"midi","3983":"liai","3984":"itos","3985":"here","3986":"tado","3987":"atic","3988":"daka","3989":"anda","3990":"hyen","3991":"ruer","3992":"vial","3993":"dabu","3994":"tica","3995":" bab","3996":"unio","3997":"isuk","3998":"agol","3999":"isto","4000":"davu","4001":"idiu","4002":"ande","4003":"uqu ","4004":"itor","4005":"iale","4006":"nala","4007":"vid ","4008":"part","4009":"opic","4010":"ansl","4011":" iro","4012":"keke","4013":"cell","4014":"yena","4015":"kair","4016":"llar","4017":"ohn ","4018":"ekam","4019":"nove","4020":" cou","4021":"voui","4022":"maiv","4023":" qir","4024":"enna","4025":"stem","4026":"over","4027":"irar","4028":"vira","4029":"maut","4030":"eibe","4031":"amil","4032":"tuca","4033":"ante","4034":"ling","4035":"aves","4036":"erue","4037":"momo","4038":"avid","4039":"loso","4040":"igil","4041":"fica","4042":"fici","4043":"ubtr","4044":" keq","4045":"subt","4046":"ute ","4047":"fepe","4048":"arac","4049":"mail","4050":"math","4051":" vka","4052":"esuv","4053":"mart","4054":" cul","4055":"stri","4056":"ikao","4057":" hol","4058":" que","4059":" let","4060":" rak","4061":"iro ","4062":"ilab","4063":"auga","4064":"etil","4065":"masa","4066":"aide","4067":"offi","4068":"even","4069":"pulo","4070":"krai","4071":"liya","4072":"eune","4073":"ilan","4074":"iqi ","4075":"isim","4076":"nuku","4077":" may","4078":"taiw","4079":"igus","4080":"ety ","4081":"luba","4082":"elit","4083":"lasm","4084":" cir","4085":"alle","4086":"call","4087":"mbus","4088":"witi","4089":" lon","4090":" tep","4091":"kaqu","4092":"lect","4093":"anat","4094":" ran","4095":"rytu","4096":"ailo","4097":"anet","4098":"utur","4099":"llus","4100":"geor","4101":"kaja","4102":"ays ","4103":"anes","4104":"sma ","4105":"godr","4106":"tar ","4107":"neun","4108":"umar","4109":" rob","4110":"wan ","4111":"neti","4112":"divi","4113":"usud","4114":"ding","4115":"asma","4116":"rail","4117":"ense","4118":" los","4119":"abot","4120":"nnar","4121":" vov","4122":"ocie","4123":" rip","4124":"suda","4125":"ovou","4126":" ces","4127":"ropi","4128":" cel","4129":" tuc","4130":"ectr","4131":"fran","4132":"isco","4133":"ukra","4134":"iyan","4135":"outh","4136":"trat","4137":"iety","4138":"vkai","4139":"omin","4140":"eorg","4141":" igi","4142":"ifik","4143":" fer","4144":"ocat","4145":" ton","4146":"ites","4147":" vuc","4148":"itit","4149":"airo","4150":" eas","4151":"its ","4152":"asuk","4153":" rol","4154":"iji ","4155":" ros","4156":"camu","4157":" m ","4158":"cali","4159":" leo","4160":"ife ","4161":"vesi","4162":"oton","4163":"yper","4164":"ifor","4165":"idav","4166":"lari","4167":"ikad","4168":"igam","4169":"osph","4170":"rybu","4171":" nov","4172":"buku","4173":"ynth","4174":"osoy","4175":"aico","4176":"lan ","4177":" sch","4178":"our ","4179":"asif","4180":"ratu","4181":"buya","4182":"loki","4183":"qiqi","4184":"sogo","4185":"nsla","4186":"sime","4187":" \u25c6 ","4188":"ezue","4189":" ubi","4190":" uab","4191":"lini","4192":"kitu","4193":"kuci","4194":" cla","4195":" ciw","4196":"rolo","4197":"jame","4198":"leki","4199":"olet","4200":"fina","4201":"abec","4202":"tter","4203":"olin","4204":"olon","4205":"ukil","4206":"zuel","4207":"aboc","4208":"ecak","4209":" jap","4210":"ukum","4211":" tri","4212":"gale","4213":"omai","4214":"nta ","4215":"nini","4216":"lubu","4217":"rnal","4218":"erab","4219":"riri","4220":" jun","4221":"uce ","4222":"ocab","4223":" vud","4224":"sout","4225":" von","4226":"rimu","4227":"enin","4228":"enij","4229":"eser","4230":"enez","4231":"ener","4232":" dem","4233":"koca","4234":" viv","4235":"lela","4236":"nuat","4237":"soya","4238":"emur","4239":"odom","4240":"nto ","4241":"eteo","4242":"kote","4243":"eteq","4244":"livi","4245":"uasa","4246":"sari","4247":"ella","4248":" can","4249":"omid","4250":"nigu","4251":"adol","4252":"ivaq","4253":"qona","4254":"hing","4255":"naud","4256":"adru","4257":"west","4258":"ruas","4259":"croc","4260":"ruat","4261":"anni","4262":"urch","4263":"ymer","4264":"teor","4265":" neo","4266":"nale","4267":"colo","4268":"coll","4269":"hurc","4270":" isl","4271":" bea","4272":"oroq","4273":"naia","4274":"rucu","4275":"ytab","4276":"lome","4277":"tedi","4278":" siq","4279":"rchi","4280":"ncia","4281":"ladr","4282":"ople","4283":"oped","4284":"slat","4285":" mod","4286":"roug","4287":"ario","4288":"acil","4289":"ulom","4290":"glai","4291":" bua","4292":"ulou","4293":"kuvu","4294":"nezu","4295":"uluq","4296":" t ","4297":"yste","4298":"ice ","4299":"ong ","4300":"tivi","4301":"guta","4302":"anta","4303":"tio ","4304":"ndra","4305":"hara","4306":"unib","4307":"lyme","4308":"ars ","4309":"ivev","4310":"dava","4311":" bir","4312":"ties","4313":"tiel","4314":"onic","4315":"bori","4316":"eoro","4317":"baba","4318":"kaia","4319":"pers","4320":"ipol","4321":"amet","4322":"atis","4323":"radi","4324":"pati","4325":"irak","4326":"boca","4327":"mbia","4328":"saba","4329":"baci","4330":"penn","4331":" fre","4332":"bele","4333":" fep","4334":"pal ","4335":"lose","4336":"alos","4337":"ming","4338":"laut","4339":"meni","4340":"isla","4341":"vene","4342":" loa","4343":" lo ","4344":"audu","4345":"ambi","4346":" ins","4347":"per ","4348":"leva","4349":"atil","4350":"vaqu","4351":"kamo","4352":"let ","4353":"stio","4354":"ione","4355":"mase","4356":"alif","4357":"mic ","4358":"vent","4359":" pep","4360":"atri","4361":"ryga","4362":"beat","4363":"pica","4364":"rala","4365":"amav","4366":"imaw","4367":"ryit","4368":"isen","4369":"rygu","4370":"rese","4371":"anau","4372":"duru","4373":"pta ","4374":"izat","4375":" nie","4376":"kaiu","4377":"chae","4378":"veva","4379":"omoi","4380":"icha","4381":"duiv","4382":"drin","4383":"osep","4384":"druc","4385":"usan","4386":"lova","4387":"mina","4388":"ges ","4389":"ioya","4390":"niem","4391":"acar","4392":" gut","4393":"eapi","4394":"mpto","4395":"idau","4396":"osto","4397":"aren","4398":"ipot","4399":"stin","4400":"olov","4401":"kaik","4402":"ecor","4403":" tua","4404":"ipta","4405":"osta","4406":"agla","4407":"able","4408":"fore","4409":"alig","4410":"edet","4411":"abi ","4412":" cer","4413":"lus ","4414":"kuli","4415":"own ","4416":"illa","4417":"edab","4418":"llin","4419":"usiv","4420":"yfik","4421":"cesa","4422":"osof","4423":"ceri","4424":"abuy","4425":"osoi","4426":"perc","4427":"lvan","4428":"ear ","4429":"waca","4430":"wabo","4431":"aboi","4432":"gamu","4433":"nion","4434":"osoo","4435":"asin","4436":" tro","4437":"anus","4438":"ebra","4439":"awab","4440":"ecal","4441":"tres","4442":"tria","4443":"icto","4444":" lod","4445":"umau","4446":"raim","4447":"inea","4448":"symm","4449":"maku","4450":"soga","4451":"zati","4452":"aeve","4453":"heri","4454":"ines","4455":"vake","4456":"symp","4457":"dard","4458":"tici","4459":"arth","4460":"iuku","4461":" kno","4462":"arte","4463":"adiu","4464":"daug","4465":"waic","4466":"asco","4467":"tem ","4468":"sylv","4469":"sofi","4470":"beda","4471":"rtin","4472":"hoto","4473":"ans ","4474":"ymme","4475":"soos","4476":" kud","4477":"orea","4478":"baya","4479":"coro","4480":"than","4481":"that","4482":"midr","4483":"nary","4484":"nasa","4485":"them","4486":"theo","4487":"urea","4488":"rali","4489":"lago","4490":"reci","4491":" kop","4492":"akek","4493":"seph","4494":"inau","4495":"opa ","4496":"rugi","4497":"lyn ","4498":"ivor","4499":"rela","4500":"dict","4501":"ympt","4502":"june","4503":"inok","4504":"rena","4505":"atea","4506":"tle ","4507":"vika","4508":"guya","4509":" ii ","4510":" sir","4511":"azz ","4512":"abed","4513":"sura","4514":"cian","4515":"scen","4516":" box","4517":"kaun","4518":"onel","4519":"muna","4520":"nes ","4521":"tobo","4522":"neda","4523":"deta","4524":" nad","4525":"uniu","4526":"urim","4527":"ooso","4528":"teiv","4529":"akui","4530":" ste","4531":"ivil","4532":"ung ","4533":"iaki","4534":"rsio","4535":"syst","4536":"demo","4537":"stia","4538":"time","4539":"loca","4540":"ivoi","4541":"rum ","4542":"ant ","4543":"rsit","4544":"tioy","4545":" equ","4546":"ook ","4547":"ukai","4548":" son","4549":"tasa","4550":"auto","4551":" reg","4552":" rio","4553":"ubuq","4554":" cro","4555":"ver ","4556":"vuso","4557":"ekut","4558":"ugua","4559":"sivo","4560":"road","4561":"ocer","4562":"qani","4563":"blic","4564":"lena","4565":"ound","4566":"leku","4567":"ileq","4568":" dat","4569":"rian","4570":"ero ","4571":"ewan","4572":"koki","4573":"amot","4574":" cow","4575":"jazz","4576":"tait","4577":"tuvu","4578":"kape","4579":" ukr","4580":"kaev","4581":"ogit","4582":"ston","4583":"pisa","4584":"ylva","4585":"amed","4586":"ryca","4587":"ler ","4588":"esuk","4589":"voat","4590":"aqai","4591":"mmet","4592":"ene ","4593":"aion","4594":"maru","4595":"etea","4596":"righ","4597":" res","4598":"amid","4599":"ntia","4600":"etol","4601":"amis","4602":"igen","4603":"enns","4604":"ery ","4605":"ogic","4606":"amin","4607":"exte","4608":"aute","4609":"asos","4610":"out ","4611":"utei","4612":"modr","4613":" apa","4614":"etre","4615":"nsyl","4616":"ire ","4617":"roat","4618":"box ","4619":"noki","4620":"oveb","4621":"uvuc","4622":"siqe","4623":"eguy","4624":"kiul","4625":"itiv","4626":"erec","4627":"stel","4628":"ercu","4629":"uina","4630":"epor","4631":"uivo","4632":"ple ","4633":"veba","4634":"ywai","4635":"ripo","4636":"tari","4637":"olan","4638":"ptom","4639":"kuda","4640":"avir","4641":"phil","4642":"egai","4643":"abav","4644":"nnsy","4645":"subs","4646":"roid","4647":" rou","4648":"ovar","4649":"lous","4650":"filo","4651":"jipt","4652":" = ","4653":"item","4654":"kuit","4655":"eimu","4656":"ygun","4657":"ill ","4658":" agl","4659":"aima","4660":" dal","4661":"maum","4662":"qalo","4663":"phot","4664":"ikiu","4665":"ved ","4666":" out","4667":"ndi ","4668":"uqor","4669":"baiv","4670":"unip","4671":" yor","4672":"litu","4673":"lifo","4674":"enim","4675":"esal","4676":"life","4677":"enig","4678":"amey","4679":"ubli","4680":"akus","4681":" dep","4682":"teve","4683":"crea","4684":"rkey","4685":"uea ","4686":"auil","4687":"ndon","4688":"peal","4689":"tilo","4690":"apen","4691":"udro","4692":" ace","4693":"ood ","4694":"yvos","4695":"tese","4696":" dec","4697":"rmat","4698":"stit","4699":"york","4700":"aucu","4701":"loi ","4702":"epi ","4703":" daw","4704":" bin","4705":"baso","4706":"ydro","4707":"uqaq","4708":" vus","4709":"ern ","4710":"isei","4711":"base","4712":"oalo","4713":"hia ","4714":" hea","4715":"oami","4716":" nau","4717":" wa ","4718":" kof","4719":"hili","4720":" kok","4721":"vugo","4722":"leu ","4723":"eniu","4724":" emo","4725":"nces","4726":"adil","4727":"eptu","4728":"ocov","4729":"meya","4730":"eniy","4731":"ctiv","4732":"erve","4733":"ring","4734":"nava","4735":"erti","4736":"erse","4737":"data","4738":"ball","4739":"hema","4740":"opoa","4741":"ocia","4742":"opod","4743":"entr","4744":"band","4745":"infl","4746":"set ","4747":"qoli","4748":"esth","4749":"uga ","4750":" ble","4751":"eimo","4752":"turk","4753":"eyam","4754":"maui","4755":" cov","4756":"avai","4757":"gaog","4758":"tuwa","4759":" cam","4760":"pera","4761":"eali","4762":"riak","4763":"wood","4764":"ulau","4765":"publ","4766":"gasa","4767":"viru","4768":"siwa","4769":" olo","4770":" til","4771":"voi ","4772":" jac","4773":"omic","4774":"slan","4775":"gele","4776":"pent","4777":"sper","4778":" jef","4779":"rich","4780":"lin ","4781":"uika","4782":"iqa ","4783":"ron ","4784":" ceu","4785":"oliy","4786":"oll ","4787":"ukav","4788":"olec","4789":"kui ","4790":"trus","4791":" ida","4792":"roll","4793":"forn","4794":"sudr","4795":"rge ","4796":"ecos","4797":"tuak","4798":" dru","4799":"noca","4800":"abad","4801":"abos","4802":"abou","4803":"ael ","4804":"olve","4805":"niqe","4806":"sant","4807":"perm","4808":"eat ","4809":"arge","4810":"acec","4811":"raia","4812":"dual","4813":"acro","4814":"will","4815":"mass","4816":"rnia","4817":"vite","4818":"fini","4819":"aqi ","4820":" flo","4821":"inst","4822":"san ","4823":"loal","4824":"etit","4825":"stru","4826":"raca","4827":"ner ","4828":"emis","4829":"nequ","4830":" boo","4831":"key ","4832":"emog","4833":"apak","4834":"leto","4835":" swi","4836":"esus","4837":" joe","4838":"tira","4839":"mark","4840":"aust","4841":"gori","4842":"onen","4843":"uala","4844":"acen","4845":" moi","4846":"elai","4847":"qumi","4848":"elat","4849":"veli","4850":"ariv","4851":"ghts","4852":" fro","4853":"droa","4854":"achi","4855":"xter","4856":" ter","4857":"jesu","4858":"gina","4859":"nsti","4860":"vele","4861":"acim","4862":"ayar","4863":"ytup","4864":"ogen","4865":"aciw","4866":" tay","4867":"vili","4868":"dome","4869":"kuya","4870":"ogar","4871":"ogao","4872":"suma","4873":"oluv","4874":" phi","4875":"asil","4876":"comb","4877":"asev","4878":"come","4879":"asig","4880":"cia ","4881":" eng","4882":"leve","4883":"rdin","4884":" lad","4885":"ibat","4886":"city","4887":"ilim","4888":"urek","4889":" red","4890":"otuk","4891":"aneq","4892":"rydr","4893":"assi","4894":"poam","4895":"ceni","4896":"sthe","4897":"iana","4898":"pora","4899":"iani","4900":"ime ","4901":"bra ","4902":"tall","4903":"ikid","4904":"orni","4905":"ient","4906":" she","4907":"taik","4908":"asog","4909":"itud","4910":"rang","4911":" gu ","4912":"aino","4913":"cale","4914":"imau","4915":"ley ","4916":"bstr","4917":"ain ","4918":"ikai","4919":"mine","4920":" ese","4921":"urke","4922":"wate","4923":"chel","4924":" pot","4925":"ranc","4926":"mogr","4927":"moic","4928":"afa ","4929":"orth","4930":"nait","4931":"ier ","4932":"muan","4933":"hts ","4934":"tele","4935":"ciol","4936":"igun","4937":"cimu","4938":"bin ","4939":"otel","4940":" ara","4941":"asuc","4942":"corb","4943":"nami","4944":"ryla","4945":"ruva","4946":"mus ","4947":"cost","4948":"orge","4949":"biol","4950":"potu","4951":"angu","4952":" rib","4953":"itom","4954":"bota","4955":"kan ","4956":" nin","4957":"cart","4958":"owir","4959":"rbin","4960":"oryu","4961":"buqo","4962":"tasu","4963":"tequ","4964":"atev","4965":" rub","4966":"nene","4967":" sys","4968":"onat","4969":"nflu","4970":"roa ","4971":"sauc","4972":" tas","4973":"luen","4974":"prot","4975":" aus","4976":" usa","4977":"yido","4978":"eton","4979":" mov","4980":"tyle","4981":"oid ","4982":"dral","4983":"dian","4984":"lian","4985":"leon","4986":"love","4987":"kaui","4988":" tel","4989":"anth","4990":"ioli","4991":"arap","4992":" und","4993":" teb","4994":"tebe","4995":"vuda","4996":" guc","4997":"ondo","4998":"bleu","4999":"nena"}}