{"haw":{"0":" ka ","1":" i ","2":" a ","3":"ana ","4":" mea","5":"mea ","6":" ma ","7":" e ","8":" mai","9":" n\u0101 ","10":" o ","11":" ho\u02bb","12":" ke ","13":"mai ","14":"kou ","15":"hana","16":"ho\u02bbo","17":"naka","18":" aku","19":"aka ","20":" me ","21":" \u02bbo ","22":"kahi","23":" hel","24":" ia ","25":" mak","26":"ona ","27":"ahi ","28":" ua ","29":"ole ","30":"hele","31":"iki ","32":"\u0101kou","33":"anak","34":"aku ","35":"ak\u0101 ","36":"helu","37":" hak","38":" he ","39":"elu ","40":" k\u0101n","41":"ohan","42":"haka","43":"maka","44":"nui ","45":"\u02bbole","46":"ele ","47":" kon","48":"akak","49":"kak\u0101","50":" i\u0101 ","51":"kona","52":"kala","53":" l\u0101k","54":"l\u0101ko","55":"hiki","56":" pa\u02bb","57":"o\u02bboh","58":"k\u0101na","59":"ka\u02bbi","60":"ani ","61":" nui","62":"kana","63":"ala ","64":" no ","65":"\u02bboha","66":"lana","67":"ale ","68":"\u02bbana","69":" kan","70":"elo ","71":"ama ","72":"\u02bbia ","73":"lelo","74":"aika","75":" kah","76":"ila ","77":"\u014dlel","78":"\u0101nak","79":"ika\u02bb","80":"make","81":"una ","82":"\u02bb\u014dle","83":" m\u0101h","84":"\u0101hel","85":"a\u02bbi ","86":"pa\u02bba","87":"m\u0101he","88":" mau","89":" \u02bb\u014dl","90":"ula ","91":"hale","92":"ela ","93":" ai ","94":"akah","95":"ho\u02bbi","96":"maik","97":" \u02bbia","98":"ahik","99":"o\u02bbi ","100":"mau ","101":"kik\u012b","102":"ik\u012b ","103":"pala","104":" pah","105":" han","106":"a\u02bbak","107":"akik","108":" puk","109":" in\u0101","110":"in\u0101 ","111":"lani","112":" n\u014d ","113":"ina ","114":"\u02bbaki","115":" po\u02bb","116":"hai ","117":"ike ","118":"kula","119":" ko ","120":" \u02bba\u02bb","121":"aila","122":"puka","123":"o\u02bbe ","124":"po\u02bbe","125":"mana","126":"akua","127":"kua ","128":" k\u016bl","129":"alan","130":"\u02bba\u02bbo","131":"\u016blan","132":"k\u016bla","133":"a\u02bbal","134":"pana","135":"ukal","136":" iho","137":"ukou","138":"ouko","139":" loa","140":"komo","141":" kom","142":"pahu","143":"ola ","144":"hopu","145":"ika ","146":" \u02bban","147":"anal","148":"opu ","149":" pal","150":"ahuh","151":"huho","152":"a\u02bbla","153":"\u02bbika","154":"uhop","155":"a\u02bbik","156":"a\u02bbu ","157":"akau","158":" ana","159":" pau","160":"\u02bbouk","161":"\u02bboe ","162":" \u02bboe","163":" \u02bbou","164":"pau ","165":"ake ","166":"auha","167":" ma\u02bb","168":"nal\u0101","169":" l\u0101 ","170":"kauh","171":"uhal","172":"a\u02bbol","173":" ai\u02bb","174":" kau","175":"luna","176":"aha ","177":"akan","178":"lama","179":"i\u02bbi ","180":"nei ","181":"ova ","182":"loa ","183":"hova","184":"\u0113hov","185":"i\u0113ho","186":" i\u0113h","187":"i\u02bbol","188":" ua\u02bb","189":" wah","190":"uni ","191":" au ","192":"loko","193":" man","194":"\u0101na ","195":"akul","196":"puni","197":"oko ","198":"\u02bbike","199":"ai\u02bbo","200":"iha ","201":"piha","202":"\u0113ia ","203":" pih","204":"ki\u02bbe","205":"hou ","206":" lok","207":" lun","208":" k\u0113i","209":"k\u0113ia","210":"ena ","211":" ali","212":"ekah","213":" kek","214":"keka","215":"\u02bbela","216":" hal","217":"kema","218":"mua ","219":" hik","220":"wai ","221":"upun","222":"ine ","223":"la\u02bba","224":"\u0101au ","225":"l\u0101au","226":"emak","227":" kap","228":"al\u0101a","229":"alam","230":"iho ","231":"ane ","232":"li\u02bbi","233":"wahi","234":"akem","235":" kei","236":" mua","237":"a\u02bbel","238":"ali\u02bb","239":" w\u0101\u02bb","240":" ia\u02bb","241":" nei","242":"aia ","243":"ia\u02bbu","244":"hine","245":"ahai","246":"o\u02bbok","247":" lai","248":"mail","249":"kau ","250":"kele","251":"lail","252":" a\u02bbe","253":"eiki","254":"keik","255":"nau ","256":" \u02bboi","257":"anah","258":" pan","259":"ahin","260":"epan","261":"a\u02bbma","262":"hola","263":"eaka","264":"shai","265":"\u02bbau ","266":"lsha","267":"alsh","268":"\u02bbla\u02bb","269":"pa\u02bbl","270":"\u02bbals","271":" wai","272":"apa ","273":"ohe ","274":"omo ","275":"aupu","276":"ihol","277":"ma\u02bbi","278":"nia ","279":"h\u0101na","280":"\u0101nau","281":"alak","282":" aup","283":"hane","284":"\u0101ina","285":" kou","286":"oho ","287":"anu ","288":"noho","289":"ikal","290":" kel","291":"awa ","292":" h\u014d\u02bb","293":"oli ","294":"ima ","295":"uhan","296":" kul","297":" \u02bb\u012b ","298":" hou","299":"\u0101\u02bban","300":"ania","301":"\u02bbmai","302":"\u0101kau","303":"ihan","304":"oiha","305":"a\u02bba ","306":"moha","307":"kanu","308":" hau","309":"aua ","310":"omoh","311":"\u02bboih","312":"kela","313":"naha","314":"ono ","315":"o\u02bbu ","316":"meak","317":"laki","318":"apal","319":" \u02bbol","320":"kama","321":"like","322":"lapa","323":"a\u02bbo ","324":" ki\u02bb","325":"pono","326":" kai","327":"mole","328":"\u02bb\u0101in","329":" leo","330":"o\u02bbol","331":" noh","332":"alap","333":"kaik","334":"o\u02bbop","335":" na ","336":"w\u0101\u02bba","337":" lik","338":" m\u0101k","339":"lawe","340":" ak\u0101","341":" na\u02bb","342":"pika","343":"aena","344":"apik","345":" lak","346":"kapi","347":" \u02bbik","348":"sepa","349":"\u02bblan","350":"waen","351":"ua\u02bbl","352":"pani","353":"uaka","354":"kiwi","355":" law","356":"o\u02bbom","357":"ana\u02bb","358":"l\u0101\u02bba","359":"moku","360":"iwik","361":" k\u0101k","362":"ili ","363":" k\u016bm","364":"\u0101\u02bbau","365":"maku","366":" cas","367":"\u016bmol","368":"k\u016bmo","369":"ik\u0101 ","370":"a\u02bbe ","371":"cast","372":" kiw","373":" sep","374":"wik\u0101","375":"awe ","376":" mok","377":"oha ","378":" ola","379":"lima","380":"\u016bawa","381":"maha","382":"ua\u02bba","383":"kani","384":"ma\u02bba","385":"wale","386":"ille","387":"eki\u02bb","388":"i\u02bbek","389":"\u02bbeki","390":"\u0113l\u0101 ","391":"i\u02bbe ","392":"lle ","393":"till","394":" \u02bbai","395":"asti","396":"ewa ","397":"stil","398":"leon","399":"h\u014d\u02bbi","400":" pon","401":"akil","402":"ema ","403":"lako","404":"kaua","405":"eon ","406":" \u00eao ","407":"k\u0101ne","408":"kila","409":"\u0101ne ","410":"akou","411":"haku","412":" uha","413":" kam","414":" ko\u02bb","415":"lua ","416":"ekel","417":"pili","418":" h\u0101\u02bb","419":"aina","420":"sera","421":" h\u0101n","422":" wok","423":" | ","424":"m\u0101ko","425":"\u02bbal\u02bb","426":"iser","427":" \u02bb\u0101i","428":" wae","429":" mao","430":"ko\u02bbu","431":" alo","432":" nek","433":"\u014d\u02bbik","434":"okel","435":"awai","436":"elep","437":"\u02bbai ","438":"aka\u02bb","439":"neke","440":" \u02bbis","441":"nawa","442":"anau","443":" \u02bb\u0101k","444":"woke","445":"hewa","446":"\u02bbohe","447":"na\u02bba","448":"maol","449":"aoli","450":"\u02bboka","451":"amai","452":"elek","453":" aia","454":"paha","455":" ho\u00ea","456":"oia ","457":"\u02bbise","458":"mele","459":"ilo ","460":"\u02bboma","461":"mala","462":"anaw","463":"auna","464":"al\u0101\u02bb","465":" hop","466":"eles","467":"era\u02bb","468":"\u02bb\u0101ka","469":"ra\u02bbe","470":" mel","471":" n\u0101n","472":" oia","473":"na\u02bbo","474":"hawa","475":"lohe","476":"\u02bbawi","477":"wama","478":"holo","479":" la ","480":" mal","481":"hala","482":"a\u02bboh","483":"\u0101lam","484":"ria ","485":"hope","486":" pil","487":" wal","488":"\u012bama","489":"aman","490":"\u0101\u02bbaw","491":" lim","492":"h\u0101\u02bba","493":" hew","494":"\u02bbama","495":"awi ","496":"awam","497":"uama","498":"ino ","499":"lilo","500":"i\u02bbo ","501":"akam","502":" wau","503":" k\u0101 ","504":"wau ","505":" hem","506":"hua ","507":" ka\u02bb","508":"uana","509":"humb","510":" p\u016b ","511":"kiah","512":" ala","513":" p\u014d ","514":"ama\u02bb","515":"thum","516":"ulu ","517":"ian ","518":" k\u0101u","519":"pene","520":"ope ","521":"lele","522":"loha","523":"alo ","524":" k\u012bw","525":"aloh","526":"hui ","527":"k\u0101ko","528":" pen","529":"u\u02bbu ","530":"ene ","531":"ahou","532":"lepa","533":" kal","534":"kahu","535":"burg","536":" ona","537":"\u02bbi\u02bbo","538":"gos ","539":" bur","540":" k\u0113l","541":"k\u0113l\u0101","542":" m\u0101l","543":"a\u02bban","544":" \u02bbel","545":"urgo","546":"lema","547":"uli ","548":" ha\u02bb","549":"rgos","550":"auan","551":"ku\u02bbu","552":"a\u02bbia","553":"papa","554":"noa ","555":"maia","556":" kia","557":"k\u0101u ","558":"uia ","559":" hua","560":" lil","561":"kaha","562":" cat","563":"inoa","564":"elem","565":"m\u0101la","566":" thu","567":"a\u02bbau","568":" ino","569":"haum","570":"hema","571":"aho ","572":"ikua","573":" mar","574":" de ","575":"\u02bboli","576":"honu","577":"egor","578":"alah","579":"cate","580":"\u02bbala","581":"gory","582":"tego","583":"ateg","584":"kumu","585":"a\u012bam","586":" ku\u02bb","587":"ora ","588":"\u02bbopa","589":"oloh","590":"ano ","591":"kia ","592":" mam","593":"waho","594":"imi ","595":"uka ","596":" pap","597":"amo ","598":"n\u0101wa","599":"ai\u02bba","600":"akal","601":"eleh","602":"ka\u02bbu","603":"kapa","604":"ua\u02bbm","605":"iaka","606":"oryp","607":"rypa","608":"ypan","609":"ahan","610":"\u02bbkal","611":"loa\u02bb","612":"w\u0101\u02bbk","613":"\u0101\u02bbka","614":" kum","615":"ahu ","616":"oa\u02bba","617":"lika","618":"\u02bbolo","619":" hoa","620":"upen","621":"omi ","622":"lesi","623":"okah","624":"mai\u02bb","625":"meha","626":"lahi","627":"uaha","628":" pun","629":"kamu","630":"puna","631":" hui","632":"mupe","633":"n\u0101na","634":" hol","635":" pel","636":"amup","637":" a\u02bbo","638":"a\u016baw","639":"ho\u00eao","640":"k\u012bwa","641":"ali ","642":"ight","643":"amor","644":"\u0101ua ","645":"\u012baua","646":"m\u0101na","647":"olu ","648":"righ","649":" pep","650":"aiku","651":"\u02bbako","652":"ameh","653":"iahi","654":"komi","655":"mamo","656":"ha\u02bba","657":"ita ","658":" uam","659":"kai ","660":"wana","661":"elea","662":"i\u02bbma","663":"o\u02bbon","664":"eia ","665":"e\u02bbe ","666":" haw","667":"i\u016baw","668":"al\u02bbm","669":"l\u02bbma","670":"pepe","671":" ama","672":"a\u02bbam","673":" w\u0101 ","674":"elen","675":"\u014dnui","676":"akom","677":" hon","678":"ikai","679":"\u0101wai","680":"mora","681":"k\u0101ka","682":"awan","683":"i\u02bbak","684":"n\u0101la","685":"ini ","686":"waih","687":"ehan","688":"aiho","689":"ida ","690":" sal","691":"amal","692":"alel","693":"ho\u02bb\u0101","694":"sia ","695":"esi\u016b","696":"si\u016ba","697":"n\u014dnu","698":"aeha","699":"en\u014dn","700":"anei","701":"pen\u014d","702":"ka\u016ba","703":"maua","704":" k\u016b\u02bb","705":" kok","706":"liki","707":"umb|","708":"laka","709":"kua\u02bb","710":"muia","711":"m\u014dha","712":" ane","713":"naua","714":" m\u014dh","715":" mah","716":"nua ","717":"ikia","718":"pele","719":"hili","720":"\u014dhai","721":"eluh","722":"luhe","723":"uhel","724":"ai\u02bbm","725":"kauw","726":"alka","727":"ule ","728":" p\u0101\u02bb","729":" pol","730":"sala","731":"lka ","732":"na\u02bbm","733":"naeh","734":"kuna","735":"nca ","736":"onua","737":"huna","738":"kuah","739":"lona","740":"kina","741":"akia","742":" ier","743":" l\u0101u","744":"l\u0101ua","745":" k\u016b ","746":"rama","747":"olo ","748":"\u02bbma ","749":"aum\u0101","750":"elik","751":"\u02bbaha","752":"al\u02bba","753":"akoi","754":"oil ","755":"koil","756":"um\u0101n","757":"o\u02bbo ","758":"ilik","759":"vida","760":"l\u02bban","761":"\u02bbili","762":"nian","763":"anca","764":"\u02bboi ","765":"\u02bbino","766":" p\u0113l","767":"eha ","768":"manc","769":"hea ","770":"maun","771":"okun","772":"ahua","773":"uku ","774":"ka\u012ba","775":" ame","776":"uma ","777":"zamo","778":" lal","779":" zam","780":"kolu","781":"uhi ","782":" k\u0101l","783":"w\u0101wa","784":" \u02bboh","785":"ah\u0101n","786":"p\u0113l\u0101","787":"uan\u0101","788":"uw\u0101 ","789":"hau\u00ea","790":"au\u00eaa","791":"ikam","792":"ha\u02bbi","793":"auoh","794":" iud","795":"era ","796":"mari","797":"\u02bbolu","798":"umu ","799":"amel","800":"an\u0101l","801":"ma\u02bbm","802":"kauo","803":"uoha","804":" lan","805":"auw\u0101","806":"hina","807":"auak","808":"kuma","809":"lalo","810":"iuda","811":"ipa ","812":"auma","813":" eia","814":" ies","815":"kupu","816":"kaum","817":"\u0101uan","818":"u\u00eaal","819":"meli","820":"\u00eaalk","821":"iaho","822":"iona","823":"leka","824":"mahi","825":"amau","826":"naun","827":"ika\u012b","828":" p\u0101h","829":"omai","830":"koko","831":"elua","832":"uala","833":"k\u0101la","834":"alem","835":"\u02bbao ","836":"e\u00f3n ","837":" le\u00f3","838":"le\u00f3n","839":"k\u012bw\u012b","840":"leak","841":"wa\u02bbm","842":"\u0101hil","843":" lua","844":"ia\u02bbi","845":"p\u0101hi","846":" k\u0101h","847":" loh","848":"malu","849":"oku\u02bb","850":"k\u0101n\u0101","851":"d\u0101vi","852":" d\u0101v","853":"\u0101vid","854":"\u0101n\u0101w","855":"hama","856":"\u02bbao\u02bb","857":" \u02bb\u0113 ","858":"iwai","859":"o\u02bbao","860":"ao\u02bba","861":"\u012bw\u012b ","862":"ika\u016b","863":"ki\u02bbi","864":"iko ","865":"ehi ","866":"es\u016b ","867":" k\u016bk","868":"eako","869":"\u02bboia","870":"koke","871":" \u02bbao","872":"mawa","873":"ies\u016b","874":" aha","875":"\u0101l\u0101 ","876":"oke ","877":"\u02bbmak","878":"lia ","879":" l\u0101\u02bb","880":"nani","881":"\u02bbuha","882":"\u02bboko","883":"wae ","884":"waha","885":"o\u02bbou","886":"oria","887":"uane","888":"ahal","889":"sale","890":" poe","891":"ka\u02bba","892":" dra","893":"olol","894":"ikin","895":"unah","896":"poe ","897":"ane\u02bb","898":" sor","899":" w\u0101w","900":"\u012bana","901":"dram","902":"\u02bbano","903":"olok","904":"kulu","905":" o\u02bbu","906":"pehi","907":"hoah","908":"e\u02bbi ","909":" kua","910":"leki","911":"\u02bbm\u014d ","912":"auah","913":"pu\u02bbu","914":"wai\u02bb","915":"epeh","916":"naho","917":"rusa","918":"\u02bbmah","919":" ao ","920":"hipa","921":"sori","922":"usal","923":"ne\u02bbi","924":"erus","925":"iana","926":"kane","927":"sawa","928":"uda ","929":"ho\u00eai","930":"o\u00eai ","931":"polo","932":"elel","933":" \u02bbuh","934":"amah","935":"ose ","936":"ohol","937":" uka","938":" \u02bbeh","939":"ieru","940":"nah\u0101","941":"\u0101la ","942":" hip","943":"\u00eaole","944":"ah\u0101 ","945":"elew","946":" a\u02bbu","947":" pu\u02bb","948":"loli","949":"ouna","950":"ekol","951":" \u0101na","952":"a\u02bbi\u02bb","953":"\u02bb\u0101pa","954":"i\u0101na","955":"\u02bbiak","956":"kali","957":"alun","958":" mos","959":"auka","960":"ai\u02bbi","961":"\u02bbono","962":"napu","963":"nama","964":" ika","965":"\u012bwa\u02bb","966":"ua\u02bbi","967":"uke ","968":" h\u0101m","969":"\u014dnae","970":"umam","971":"hiku","972":" \u02bbah","973":"and ","974":"kuak","975":"\u0101pan","976":" mul","977":" nel","978":"opa\u02bb","979":"n\u0101n\u0101","980":"aria","981":"unia","982":"aula","983":"aha\u02bb","984":"nele","985":"\u0101lua","986":"eri ","987":"anui","988":"mam\u0101","989":"oah\u0101","990":"mose","991":" \u02bb\u0101n","992":"\u02bbman","993":"\u02bbelu","994":"sana","995":" non","996":"\u0101nai","997":"wiki","998":"alik","999":" kea","1000":"\u02bba\u02bba","1001":"\u02bbohi","1002":"umah","1003":"\u0101lai","1004":"land","1005":"keak","1006":"uahi","1007":"kel ","1008":" \u02bb\u0101p","1009":"okal","1010":"p\u0101\u02bbo","1011":"kuhi","1012":"opon","1013":" ou ","1014":"alu ","1015":" hah","1016":"okup","1017":"\u0101\u02bboi","1018":"ho\u02bb\u014d","1019":"\u012buan","1020":" aua","1021":"ahak","1022":"ihi ","1023":"hame","1024":"\u0101n\u0101 ","1025":"aela","1026":"\u0101lan","1027":"muli","1028":" ahi","1029":"\u012bawa","1030":"\u016bsia","1031":"eham","1032":"aiwa","1033":"kolo","1034":"kael","1035":"olel","1036":"\u02bbumi","1037":"ara ","1038":"koa ","1039":"\u02bboun","1040":"m\u0101ku","1041":"ukae","1042":"uman","1043":" hul","1044":"leh\u0101","1045":"iama","1046":" kin","1047":"pio ","1048":"\u0101wae","1049":" \u02bbam","1050":"puki","1051":"ikan","1052":" moe","1053":"\u02bbale","1054":"mia ","1055":"ukik","1056":"\u0101kua","1057":"k\u016bku","1058":"pita","1059":"oia\u02bb","1060":"lewa","1061":" par","1062":"\u016bkul","1063":"aigu","1064":"r\u016bsi","1065":"igup","1066":"upit","1067":"gupi","1068":" r\u016bs","1069":"aun\u0101","1070":"nala","1071":"nain","1072":"kena","1073":"opa ","1074":" maw","1075":"okok","1076":"kame","1077":"\u02bboku","1078":"unap","1079":" \u00eaa\u00ea","1080":"haun","1081":" p\u0101 ","1082":"waiw","1083":"kino","1084":"loka","1085":"epa ","1086":"ahaw","1087":"mona","1088":"ekik","1089":"kan\u0101","1090":"a\u02bbah","1091":"huli","1092":"auni","1093":"u\u0101ha","1094":"ght|","1095":"moe ","1096":"mapa","1097":"aiak","1098":"anai","1099":"neri","1100":"nona","1101":"\u02bbka ","1102":"h\u0101ua","1103":"\u012buak","1104":" ber","1105":"pale","1106":" po\u00ea","1107":"\u0101uak","1108":" \u02bbek","1109":"\u012baha","1110":"iku ","1111":"u\u0101ma","1112":"\u02bboki","1113":" kao","1114":"haha","1115":"ght ","1116":"amak","1117":"ipi ","1118":"\u014duna","1119":"kike","1120":"na\u02bbe","1121":"oman","1122":"\u00eaa\u00eao","1123":"ame ","1124":"aual","1125":"\u00eaia ","1126":"lena","1127":" isl","1128":"\u0101hin","1129":"awae","1130":"eh\u0101n","1131":"isla","1132":"nana","1133":"ahia","1134":"ada ","1135":"erik","1136":" \u02bbum","1137":" k\u016bp","1138":"slan","1139":"\u02bbaig","1140":"puma","1141":"hiko","1142":"u\u02bb\u0101i","1143":"uahu","1144":"umb ","1145":"oki ","1146":"pake","1147":"iken","1148":"apum","1149":"usan","1150":"aba ","1151":"amu ","1152":"ira ","1153":"aner","1154":"e\u02bba ","1155":"hua\u02bb","1156":" san","1157":"ak\u0101u","1158":"lene","1159":"ku\u02bb\u0101","1160":"p\u014dma","1161":"ah\u0101u","1162":"po\u00eae","1163":"li\u02bbk","1164":"i\u02bbka","1165":"ma\u02bb\u014d","1166":"au\u0101 ","1167":"mali","1168":"olon","1169":"o\u00eae ","1170":"ahau","1171":" goi","1172":"leo ","1173":" nan","1174":"asa ","1175":"rist","1176":"anam","1177":"lio ","1178":" c\u012ba","1179":"hapa","1180":"oi\u00e1s","1181":"goi\u00e1","1182":" \u00eaia","1183":"luku","1184":"i\u00e1s ","1185":"ausa","1186":" no\u02bb","1187":"aona","1188":"\u02bbeli","1189":"k\u016b\u02bb\u0113","1190":"seri","1191":"\u02bbina","1192":"sani","1193":"\u0101hui","1194":"pi\u02bbi","1195":" \u02bbin","1196":" l\u0101h","1197":"alig","1198":"hau\u0101","1199":"noi ","1200":"nan ","1201":"m\u0101ka","1202":"k\u0101l\u0101","1203":" lep","1204":"\u016b\u02bb\u0113 ","1205":"ahun","1206":"ma\u02bbe","1207":"a\u00eaol","1208":"weli","1209":"wali","1210":"ign=","1211":"lign","1212":"\u012bkan","1213":"o\u02bb\u014dl","1214":"oni ","1215":"\u00eaana","1216":"rika","1217":"po\u02bbo","1218":"n=ri","1219":"onoh","1220":"o\u02bboi","1221":" tau","1222":"lamu","1223":" \u00eaan","1224":"gn=r","1225":"=rig","1226":"pa\u02bbi","1227":"c\u012bau","1228":"enek","1229":"okom","1230":"kian","1231":" \u02bbab","1232":"\u012bnau","1233":" aka","1234":"\u0101kia","1235":"taus","1236":"|rig","1237":"\u02bbele","1238":"akin","1239":"kal ","1240":"oana","1241":"l\u0101hu","1242":"\u02bbom\u0101","1243":"mo\u02bbo","1244":"\u02bbona","1245":"\u014dmai","1246":"akai","1247":"\u02bb\u014dla","1248":"laha","1249":"wain","1250":"n\u012bna","1251":"awal","1252":"pule","1253":"\u02bbi\u0101u","1254":"u\u02bbol","1255":"nai ","1256":"ala\u012b","1257":" min","1258":" l\u0101l","1259":"kaul","1260":" kup","1261":"la\u012ba","1262":"le\u02bba","1263":"an\u0101 ","1264":"aiki","1265":" \u02bbal","1266":"aio ","1267":" n\u012bn","1268":"pai ","1269":"\u014dla ","1270":"uki ","1271":"me\u02bbe","1272":" hap","1273":"lehu","1274":"h\u0101me","1275":"\u0101man","1276":"ala\u02bb","1277":"\u0101me\u02bb","1278":"ma\u016ba","1279":"ahel","1280":"nako","1281":"lau ","1282":"una\u02bb","1283":"ak\u0101n","1284":" mo\u02bb","1285":"onui","1286":"maum","1287":"\u014dhak","1288":"p\u014dha","1289":"lei ","1290":"rio ","1291":"nika","1292":"akel","1293":" ke\u02bb","1294":" p\u014dh","1295":"loho","1296":"laia","1297":"k\u016b\u02bba","1298":"eka ","1299":"lela","1300":"paul","1301":" wel","1302":"a\u02bbo\u02bb","1303":"eli ","1304":"hau ","1305":"ili\u02bb","1306":"hain","1307":" koe","1308":" eik","1309":"sto ","1310":"a\u016bsa","1311":"wah\u0101","1312":"akaw","1313":"inu ","1314":"uali","1315":"\u02bbopi","1316":" \u02bbi\u02bb","1317":" \u02bben","1318":"emi ","1319":" d\u012bu","1320":"ok\u014d ","1321":"lina","1322":"pahi","1323":"oba ","1324":"apan","1325":"\u02bbola","1326":"d\u012bua","1327":"h\u014d\u02bbo","1328":"\u02bbopu","1329":"\u02bbo\u02bbi","1330":"\u016bana","1331":"iaua","1332":" pi\u02bb","1333":"ele\u02bb","1334":"hao ","1335":"eika","1336":"a\u02bbin","1337":" \u02bbim","1338":" noi","1339":"a\u016ba ","1340":"rona","1341":"ata ","1342":"\u0101lau","1343":"\u02bbok\u014d","1344":"a\u02bbaw","1345":"pali","1346":"ele\u014d","1347":" ios","1348":" car","1349":"\u02bbawa","1350":" \u02bbau","1351":"aki ","1352":"isto","1353":"\u02bbeko","1354":" \u02bbok","1355":"u\u02bbia","1356":"\u016b\u02bbai","1357":"kauk","1358":"\u02bbimi","1359":"\u02bbene","1360":"kan ","1361":" hoo","1362":" p\u014dm","1363":"akon","1364":"liwa","1365":" pul","1366":"ilok","1367":"hila","1368":"kawa","1369":" luk","1370":"enei","1371":"uwah","1372":"oh\u014dk","1373":"olil","1374":"p\u016bna","1375":"kini","1376":"\u014dk\u0101l","1377":"|px|","1378":"\u02bbule","1379":"h\u014dk\u0101","1380":"\u02bboh\u014d","1381":"kiko","1382":"emau","1383":"o\u02bbi\u02bb","1384":" u\u012ba","1385":"am\u0101l","1386":" ilo","1387":"\u02bbulu","1388":"h\u0101\u02bbu","1389":"\u0113ika","1390":" pio","1391":" nah","1392":"n\u0101ka","1393":"\u0101mai","1394":"lese","1395":"aham","1396":" aki","1397":"ukan","1398":"ndo ","1399":"kris","1400":" \u0101u ","1401":" kri","1402":" kuh","1403":"\u02bbail","1404":"uwai","1405":" hoi","1406":"e\u014dna","1407":"aumi","1408":"k\u012bua","1409":"emap","1410":"bipi","1411":"hemo","1412":"\u0101\u02bbm\u014d","1413":"ek\u012b ","1414":"iako","1415":" hil","1416":" bip","1417":"\u014d\u02bbin","1418":"\u00eaela","1419":"\u02bbopo","1420":"ukau","1421":"umik","1422":"eser","1423":"\u016baha","1424":" ole","1425":"laua","1426":"apa\u02bb","1427":"\u012bala","1428":"\u0101hak","1429":" \u0113ik","1430":"\u0113uma","1431":"un\u0101 ","1432":"luak","1433":"\u02bbani","1434":" \u0113um","1435":"ekia","1436":"ekan","1437":"wela","1438":"aian","1439":"lole","1440":"kaka","1441":" sam","1442":"moan","1443":" c\u012bu","1444":"m\u012bau","1445":"umi ","1446":"le\u014dn","1447":"inai","1448":"n\u0101\u02bbm","1449":" iak","1450":"auam","1451":"\u02bbm\u012ba","1452":"\u0101kal","1453":"\u0101wah","1454":"nek\u012b","1455":"kaon","1456":"o\u00eau ","1457":"uw\u0113 ","1458":"aima","1459":"eira","1460":"ak\u0101i","1461":"umui","1462":" kik","1463":"naki","1464":"i\u00eai ","1465":"\u016bnae","1466":"a\u02bbm\u012b","1467":" wo\u016b","1468":"\u0101\u02bbul","1469":" sau","1470":"mb|r","1471":"hia ","1472":"oma ","1473":"aumu","1474":"\u016bmui","1475":"a\u00eau ","1476":"ohik","1477":"mika","1478":"para","1479":"eta ","1480":"na\u02bbi","1481":"\u02bbuwa","1482":" ba\u02bb","1483":"i\u02bbil","1484":"olom","1485":"alua","1486":"akob","1487":"olei","1488":"un\u0101\u02bb","1489":"umia","1490":"inal","1491":"o\u016bmu","1492":" gul","1493":"lemi","1494":"gula","1495":"b|ri","1496":" p\u016bk","1497":"wo\u016bm","1498":"enem","1499":"al\u0101 ","1500":"nini","1501":"wapa","1502":"am\u0101k","1503":"\u02bbame","1504":" sil","1505":"okol","1506":"u\u02bbuw","1507":"\u012bmau","1508":"\u016bka\u02bb","1509":"koma","1510":"k\u0101iu","1511":" kak","1512":" kol","1513":"li\u02bbo","1514":"wala","1515":"no\u02bbo","1516":"liku","1517":"opau","1518":"kule","1519":"p\u016bka","1520":"rena","1521":"ario","1522":"a\u02bbai","1523":"kal\u0101","1524":"lehe","1525":"k\u0101ua","1526":"oli\u02bb","1527":" lau","1528":"lai ","1529":"peli","1530":" inu","1531":" huh","1532":"\u0101nal","1533":"\u016bsan","1534":" w\u0101h","1535":" moa","1536":"o\u00eaop","1537":"a\u016bah","1538":"\u0101mal","1539":"iuwa","1540":"\u0101iuw","1541":" k\u012ba","1542":"ulan","1543":"oko\u02bb","1544":"\u016baka","1545":"am\u0101 ","1546":"uwap","1547":"h\u0101pa","1548":"onia","1549":" rim","1550":"uao ","1551":"o\u02bb\u0101n","1552":"lou ","1553":"aiam","1554":" po\u012b","1555":" rap","1556":"\u00eaoe ","1557":" lio","1558":"\u02bbihi","1559":"kaia","1560":"eana","1561":"o\u012bma","1562":"l\u0101ma","1563":"\u0101hea","1564":"nemi","1565":" \u014dle","1566":" do ","1567":"oku ","1568":"he\u02bbe","1569":"po\u012bm","1570":" \u00eaoe","1571":"i\u02bbia","1572":"auao","1573":"il\u02bba","1574":"o\u02bbow","1575":"ail\u02bb","1576":" kun","1577":"\u02bb\u0101n\u014d","1578":"\u0101lak","1579":"\u0101ula","1580":"nak\u0101","1581":"ak\u0101l","1582":"une ","1583":"\u0101n\u014d ","1584":"k\u0101ul","1585":"omon","1586":"nahi","1587":"hano","1588":"wak\u0101","1589":"koba","1590":"anik","1591":" r\u0101h","1592":" h\u0101l","1593":"iaha","1594":"epei","1595":"maki","1596":"alia","1597":"elim","1598":" wik","1599":"\u02bbisa","1600":"\u0101kan","1601":"ehe ","1602":"w\u0101hi","1603":"elun","1604":"kale","1605":"nalu","1606":"rapa","1607":"lepo","1608":"opak","1609":" \u014dma","1610":"\u0101pai","1611":" me\u0101","1612":" lap","1613":"\u0101hu\u0101","1614":"elia","1615":"k\u0101he","1616":"mimi","1617":"koe ","1618":"ehu ","1619":"kuni","1620":" ko\u00ea","1621":"no\u02bbu","1622":"p\u0101\u02bba","1623":"umuh","1624":"a\u00eai ","1625":"im\u012bk","1626":" ina","1627":"uhin","1628":" kip","1629":" s\u012bu","1630":"iuia","1631":"omak","1632":"m\u012bk ","1633":"ilin","1634":"anan","1635":" hea","1636":"panu","1637":"am\u0101h","1638":"l\u0101l\u0101","1639":"akum","1640":"\u02bbaua","1641":"saul","1642":" \u02bbep","1643":"k\u0101hu","1644":"ulo ","1645":"kuwa","1646":"wehe","1647":"mai\u0101","1648":" iwa","1649":"aw\u0101m","1650":" k\u014dk","1651":"ero ","1652":"la\u016bs","1653":"kiau","1654":"m\u0101li","1655":"akio","1656":"rim\u012b","1657":"tia ","1658":"\u0101uah","1659":"\u0101no ","1660":"\u02bbahu","1661":"nahe","1662":"ela\u016b","1663":" ako","1664":"levi","1665":"keli","1666":"\u02bb\u0101no","1667":"ama\u016b","1668":"muha","1669":"ekem","1670":"\u014d\u02bbih","1671":"bera","1672":"rede","1673":"ai\u0101n","1674":" koa","1675":"iwak","1676":"l\u014d\u02bbi","1677":"emim","1678":"u\u0101la","1679":"k\u0101lu","1680":"u\u02bbma","1681":"uh\u016b ","1682":"nou ","1683":"iuki","1684":"ht|p","1685":"a\u00eael","1686":"\u02bbabe","1687":" leh","1688":"iani","1689":"opun","1690":"hu\u0101m","1691":" and","1692":"al\u0101m","1693":"o\u02bba ","1694":"r\u0101hu","1695":" n\u0101k","1696":"t|px","1697":"\u0101hun","1698":"haia","1699":"ko\u00eau","1700":"la\u02bbm","1701":"uaia","1702":"ehon","1703":"\u02bbehi","1704":"n\u0101ki","1705":" na\u012b","1706":"pera","1707":"miku","1708":"ala\u016b","1709":"lep\u016b","1710":"pena","1711":" bab","1712":"hak\u0101","1713":"peia","1714":"opo ","1715":"la\u016ba","1716":"\u0101mau","1717":"\u02bbeha","1718":"tana","1719":"emol","1720":"ehik","1721":"ikum","1722":"\u0101wa ","1723":" nou","1724":"kiou","1725":"ukiu","1726":"anua","1727":"uah\u0101","1728":"nopo","1729":"\u0101nan","1730":"alau","1731":"kima","1732":"\u0101wal","1733":"u\u0101na","1734":" ouk","1735":" h\u014dk","1736":"oaba","1737":"ou\u02bbm","1738":"koni","1739":"anas","1740":" p\u0101k","1741":"kahe","1742":"luhi","1743":"a\u02bb\u012ba","1744":" nin","1745":"aulo","1746":"rita","1747":"\u02bbaka","1748":"k\u014dku","1749":"\u016baki","1750":"ikeh","1751":"pine","1752":"hona","1753":"hoik","1754":" don","1755":"enan","1756":"inuk","1757":"iou\u02bb","1758":"huh\u016b","1759":"ko\u02bba","1760":"ikah","1761":"okan","1762":"oike","1763":"poni","1764":"\u014dkua","1765":" mil","1766":"ai\u016ba","1767":"kau\u0101","1768":"l\u02bbam","1769":"popo","1770":" r\u012ba","1771":"ep\u016bn","1772":" sol","1773":"minu","1774":" ieh","1775":"a\u012bka","1776":"au\u0101l","1777":"u\u0101ka","1778":"ema\u02bb","1779":"a\u02bbm\u014d","1780":"kowa","1781":"akol","1782":"amui","1783":"kea ","1784":"keho","1785":"\u02bbowa","1786":"\u02bbain","1787":"ouli","1788":"w\u0101na","1789":" lev","1790":"ikio","1791":"i\u016bak","1792":"a\u016bai","1793":"s\u012bua","1794":"m\u0101hi","1795":" pai","1796":" dan","1797":"onan","1798":"\u016bala","1799":"eren","1800":" nal","1801":" koh","1802":"hula","1803":"a\u02bb\u014d ","1804":"aopo","1805":" the","1806":"\u012bau\u0101","1807":" l\u014d\u02bb","1808":"opop","1809":"esia","1810":"i\u014dun","1811":"ak\u012bu","1812":"akoa","1813":" ipu","1814":"ikow","1815":"aron","1816":"k\u0101ha","1817":"ama\u012b","1818":" \u0101in","1819":" v\u012ba","1820":"nai\u016b","1821":" zu\u0101","1822":"v\u012bau","1823":"zu\u0101n","1824":"onop","1825":"nalo","1826":"kam\u0101","1827":"au\u0101h","1828":"iano","1829":" p\u0101p","1830":"mai\u014d","1831":"\u012bkau","1832":"\u0101hau","1833":"\u014d\u02bbai","1834":"e\u0101ua","1835":" ioa","1836":"ai\u014du","1837":"es\u012ba","1838":"lepu","1839":"c\u012bua","1840":"na\u012bk","1841":" p\u014d\u02bb","1842":"ahe ","1843":"nak\u012b","1844":" \u02bbil","1845":"kiui","1846":"nuke","1847":"me\u0101u","1848":"manu","1849":"lak\u0101","1850":"maop","1851":"evi ","1852":"raun","1853":"i\u0101u ","1854":"s\u012bam","1855":"ota ","1856":"\u02bbomo","1857":" h\u0101p","1858":"nha ","1859":"kia\u02bb","1860":"\u016baia","1861":"eiao","1862":" tv ","1863":"kipa","1864":"iset","1865":"solo","1866":"\u02bb\u0101la","1867":" hai","1868":"b\u0101la","1869":"mani","1870":"n\u012baw","1871":"owae","1872":" n\u012ba","1873":"k\u016bk\u0101","1874":"hihi","1875":"alim","1876":"\u00e5ima","1877":" e\u00e5i","1878":"\u012bamu","1879":" weh","1880":"imak","1881":" r\u0101u","1882":" b\u0101l","1883":"upal","1884":"lulu","1885":"olu\u02bb","1886":"ura ","1887":"kion","1888":"a\u02bbi\u0101","1889":"peke","1890":"oika","1891":"e\u00e5im","1892":"r\u0101ua","1893":" \u02bbas","1894":"les\u012b","1895":" un\u0101","1896":" b\u012ba","1897":" uku","1898":"un\u0101k","1899":"\u02bbepe","1900":" n\u0101w","1901":" \u02bbeu","1902":"hoa ","1903":"maui","1904":" k\u0101m","1905":"eter","1906":"ke\u02bbe","1907":"andr","1908":"u\u012bah","1909":"amar","1910":"alen","1911":"aza ","1912":" fer","1913":"\u00eaouk","1914":" hin","1915":"a\u02bbar","1916":"lila","1917":"oka\u02bb","1918":"ne\u02bbe","1919":"beri","1920":"eh\u0101 ","1921":"aki\u0101","1922":"bere","1923":"iak\u0101","1924":"poli","1925":"\u012bwam","1926":" ka\u016b","1927":" a\u00eae","1928":"naia","1929":"the ","1930":"\u02bbaro","1931":" ik\u0101","1932":"dona","1933":"hini","1934":"lopa","1935":"i\u0101la","1936":"weha","1937":"ihon","1938":"au\u02bbo","1939":"sua ","1940":"\u014dun\u0101","1941":"a\u012bna","1942":"eimi","1943":"ailo","1944":"\u02bb\u012bam","1945":" peh","1946":"lion","1947":"alai","1948":"uria","1949":"k\u016bpu","1950":"paia","1951":"om\u0101k","1952":"w\u0101ma","1953":"un\u0101r","1954":" pa\u016b","1955":"n\u0101ra","1956":"owal","1957":" \u00eaou","1958":"ik\u0101h","1959":"aweh","1960":"iawa","1961":"m\u0101ki","1962":"waii","1963":"seti","1964":"nela","1965":"\u012buah","1966":"ial\u0101","1967":"\u0101rau","1968":"n\u0101\u02bbi","1969":"ikea","1970":" \u02bb\u014dp","1971":"\u016bial","1972":"\u012bna ","1973":"ono\u02bb","1974":"puwa","1975":"na\u02bbu","1976":"walu","1977":"alih","1978":" lol","1979":"mau\u0101","1980":"\u0101la\u02bb","1981":"au\u0101k","1982":"akuw","1983":"inia","1984":"ilis","1985":"h\u014d\u02bba","1986":"etia","1987":"a\u02bb\u014du","1988":"oili","1989":"keia","1990":"u\u012bal","1991":" am\u0101","1992":" p\u014dp","1993":"mina","1994":"ike\u02bb","1995":" mei","1996":"pa\u016ba","1997":"lise","1998":"\u02bb\u014dun","1999":"apuw","2000":"\u0101haw","2001":" mor","2002":"ede ","2003":" red","2004":"t\u016bia","2005":"s\u012bka","2006":"liwe","2007":" z\u016ba","2008":"m\u0101lu","2009":" oi\u0101","2010":"unak","2011":" s\u012bk","2012":"h\u014dk\u016b","2013":" t\u016bi","2014":"nau\u0101","2015":"inha","2016":" m\u014d\u02bb","2017":"koho","2018":" mon","2019":"hau\u02bb","2020":"iala","2021":"ulon","2022":"\u014d\u02bbol","2023":"art ","2024":" pin","2025":"okau","2026":"oi\u0101n","2027":"\u014dmau","2028":"ke\u02bbo","2029":"lomo","2030":" kep","2031":" uw\u0113","2032":"\u0101kiu","2033":"w\u0101n\u012b","2034":"e\u012bka","2035":"bulo","2036":"a\u02bbha","2037":"iwel","2038":"au\u0101m","2039":" iki","2040":"nali","2041":" uhi","2042":"eulo","2043":" bar","2044":"ilon","2045":" ham","2046":"lu\u02bbo","2047":"ko\u02bbi","2048":"ulop","2049":"r\u012ban","2050":" s\u012ba","2051":"iho\u02bb","2052":"li\u00eai","2053":"haw\u0101","2054":"ehal","2055":"\u0101nel","2056":"loi ","2057":"o\u00eaok","2058":"\u02bbeh\u0101","2059":"iwi ","2060":"\u02bbham","2061":"mei ","2062":"k\u012bah","2063":" bu\u012b","2064":"d\u0101ua","2065":"abul","2066":"e\u02bbia","2067":" d\u0101u","2068":"ki\u0101l","2069":"sama","2070":"dia ","2071":"la\u02bbh","2072":"z\u016bak","2073":"huah","2074":" ser","2075":"\u02bbohu","2076":"okum","2077":"wao ","2078":" lui","2079":"oako","2080":" na\u00ea","2081":"bu\u012ba","2082":" ia\u00ea","2083":"babu","2084":"iwal","2085":"aliw","2086":"\u02bb\u0101ne","2087":"ipu ","2088":"em\u0101 ","2089":" pua","2090":"ke\u02bba","2091":"u\u00eau ","2092":" lou","2093":"erit","2094":" su\u0101","2095":"b\u012bau","2096":"kupa","2097":"\u016bpun","2098":"\u02bboh\u0101","2099":"ulu\u02bb","2100":"lian","2101":"su\u0101h","2102":" ale","2103":"ia\u00eau","2104":" k\u00e5l","2105":"an\u0101\u02bb","2106":"eliw","2107":"aoa ","2108":"isai","2109":"a\u02bb\u016ba","2110":"o\u02bb\u0101k","2111":"ha\u02bb\u012b","2112":" men","2113":"epup","2114":"kapu","2115":"cia ","2116":"\u0101ma ","2117":"lanu","2118":"\u02bbiho","2119":"\u02bbena","2120":"pupa","2121":"oka ","2122":"alao","2123":"lala","2124":"uawa","2125":"ki\u00eae","2126":"\u02bbema","2127":"iula","2128":"u\u012ban","2129":"h\u016ba ","2130":"h\u0101wa","2131":" \u02bbak","2132":"reda","2133":"iw\u0101n","2134":"waik","2135":"\u012bual","2136":"\u02bb\u0101ko","2137":"ohi ","2138":"o\u02bbih","2139":"\u02bboil","2140":" w\u0101n","2141":" h\u016bn","2142":" wao","2143":" kem","2144":"na\u02bb\u016b","2145":"epel","2146":"on\u0101u","2147":"\u0101koa","2148":"adem","2149":"k\u016blo","2150":"h\u0101ma","2151":"aumo","2152":"koak","2153":"\u0101ka ","2154":"len\u0101","2155":"niua","2156":"iii ","2157":"lihi","2158":"e\u02bbo ","2159":"a\u02bbiw","2160":"mare","2161":"\u012bwal","2162":"nual","2163":"lapu","2164":"k\u00e5la","2165":"\u02bb\u016ban","2166":"man ","2167":"ianu","2168":"epo ","2169":"\u012bh\u016ba","2170":"onu ","2171":"\u00e5lan","2172":"\u02bbiw\u0101","2173":"pehe","2174":"ba\u02bbi","2175":"uwal","2176":"n\u012bh\u016b","2177":" pet","2178":" b\u012bu","2179":"wam\u0101","2180":"\u0101n\u012bh","2181":"ma\u012bn","2182":"ehea","2183":"a\u02bbem","2184":" \u00eaol","2185":"ieho","2186":"e\u02bben","2187":" wa\u02bb","2188":"ilah","2189":"owah","2190":"eke ","2191":"s\u0113\u02bbi","2192":"l\u0101wa","2193":"n\u0101uk","2194":"ahil","2195":" s\u0113\u02bb","2196":"l\u0101la","2197":"ah\u0101w","2198":"suri","2199":"isaw","2200":"ali\u00ea","2201":"\u0113\u02bbis","2202":"amin","2203":"ila\u02bb","2204":"hali","2205":"kipi","2206":"ra\u02bbo","2207":"omoa","2208":"|thu","2209":"daio","2210":" per","2211":"udai","2212":"uaki","2213":"isa ","2214":"nata","2215":"oki\u02bb","2216":" ulu","2217":"res ","2218":"aber","2219":"h\u0101l\u0101","2220":"napa","2221":" \u02bbon","2222":"olua","2223":"m\u016bal","2224":"ulel","2225":"aii ","2226":"b\u012bua","2227":"kiuk","2228":"kao ","2229":"umok","2230":"laun","2231":"\u02bbeul","2232":" hae","2233":"tero","2234":"\u014dk\u016b ","2235":"laoa","2236":"kie ","2237":" ben","2238":" mek","2239":"ehel","2240":" hao","2241":"apel","2242":" m\u016ba","2243":"n\u0101ma","2244":"ara\u02bb","2245":"mama","2246":" n\u0101u","2247":"el\u016b ","2248":"hule","2249":"lel\u016b","2250":"ored","2251":"que ","2252":"zana","2253":" bet","2254":"\u0101uki","2255":"ko\u02bbo","2256":"open","2257":"lah\u0101","2258":"eper","2259":"ales","2260":"\u0101uka","2261":"\u0101\u02bbi\u0101","2262":"opil","2263":" \u02bbap","2264":"ku\u00eau","2265":"ikim","2266":"ado ","2267":"\u02bbauh","2268":"i\u02bban","2269":"azan","2270":"\u02bbula","2271":"osa ","2272":" me\u012b","2273":" que","2274":"are ","2275":"awad","2276":"dem\u0101","2277":"lewi","2278":"tika","2279":"wade","2280":"mean","2281":"ehul","2282":" \u00eais","2283":" ku\u00ea","2284":"h\u0101li","2285":"iro ","2286":"\u0101l\u0101w","2287":"eni ","2288":"\u02bboik","2289":"olan","2290":"eiro","2291":"ale\u02bb","2292":"puhi","2293":"onoi","2294":"haua","2295":"lai\u02bb","2296":"atan","2297":" hun","2298":"a\u00eaa ","2299":"i\u0101uk","2300":"amap","2301":" p\u016b\u02bb","2302":"ekal","2303":"\u014d\u02bb\u012b ","2304":"a\u00eae ","2305":"sant","2306":"nio ","2307":"nipu","2308":"iose","2309":"ipun","2310":"osep","2311":"\u02bboke","2312":"ega ","2313":"pua ","2314":"iao ","2315":"ai\u02bb\u0101","2316":" k\u0101\u02bb","2317":"ewik","2318":"aule","2319":"kepa","2320":"ku\u02bbi","2321":"leke","2322":"unip","2323":"i\u02bb\u0101i","2324":"ilan","2325":" amo","2326":"k\u016bpa","2327":" da ","2328":"lean","2329":"moza","2330":"azar","2331":" val","2332":"son ","2333":" puh","2334":"lie ","2335":"awel","2336":"epal","2337":"ahah","2338":"seke","2339":"leha","2340":"alek","2341":"p\u014dpi","2342":"elaw","2343":"ka\u00eai","2344":"\u014dpil","2345":"m\u014d\u02bb\u012b","2346":" glo","2347":"los ","2348":" iul","2349":"pa\u02bbu","2350":" hia","2351":"enia","2352":" \u014dna","2353":"omah","2354":"lea ","2355":"\u00eaike","2356":"iami","2357":" p\u016bn","2358":"me\u012bk","2359":"hulu","2360":" sek","2361":"ulai","2362":"erai","2363":"lobo","2364":"oni\u02bb","2365":" moz","2366":"nten","2367":"onal","2368":"e\u02bban","2369":"imua","2370":"oku\u0101","2371":" \u00eaik","2372":"inan","2373":" uah","2374":"nas ","2375":"kuai","2376":"na\u00eaa","2377":"oloi","2378":"niah","2379":"bala","2380":"ulea","2381":"piki","2382":"uleh","2383":"mian","2384":" ne\u02bb","2385":"inte","2386":"osua","2387":"\u02bbu\u02bbu","2388":"hae ","2389":" hih","2390":"heu ","2391":"\u02bbauk","2392":" la\u02bb","2393":"pete","2394":"an\u0101w","2395":"\u02bbea ","2396":"lowa","2397":"saza","2398":"eber","2399":" \u02bbae","2400":"apai","2401":" lam","2402":"\u0101\u02bbo ","2403":"ati ","2404":" mik","2405":" hoh","2406":"hono","2407":"bert","2408":"enak","2409":" imu","2410":" gra","2411":"omal","2412":"\u02bboni","2413":"elei","2414":"i\u02bbel","2415":"les ","2416":"\u00eaopa","2417":"o\u02bb\u0101l","2418":"elan","2419":"ozar","2420":"zart","2421":"kuku","2422":"ter ","2423":" \u00eael","2424":"lem\u0101","2425":"\u016baza","2426":"\u0101kah","2427":"eono","2428":"ina\u02bb","2429":"nono","2430":" kuk","2431":"me\u02bba","2432":"iosu","2433":"olit","2434":"ente","2435":" cha","2436":"sai ","2437":"awak","2438":"hoho","2439":"uliw","2440":"kalu","2441":" li\u02bb","2442":"lihu","2443":"n\u0113ia","2444":"hahe","2445":"ess ","2446":"\u016bpa\u02bb","2447":"\u0101hai","2448":"apo ","2449":" sim","2450":"erah","2451":"ihin","2452":"pa\u00eaa","2453":"raha","2454":"wia ","2455":"\u00eaise","2456":"rto ","2457":"glob","2458":"opio","2459":"moab","2460":" \u00eaai","2461":"alow","2462":"\u02bbabi","2463":"rian","2464":" ior","2465":"\u02bbae ","2466":"a\u00eaau","2467":"ka\u02bbo","2468":"u\u02bbuk","2469":"ohau","2470":"hiam","2471":" gil","2472":"hune","2473":"bati","2474":"kaw\u0101","2475":" ha\u016b","2476":"a\u02bb\u014dl","2477":" kar","2478":"doma","2479":"\u02bbane","2480":" ros","2481":" \u02bb\u014dh","2482":"dani","2483":"endo","2484":"eba ","2485":"nte ","2486":"hani","2487":"en\u0101 ","2488":" me\u02bb","2489":"p\u014d\u02bbi","2490":"ias ","2491":"reir","2492":"omao","2493":"epin","2494":"ahul","2495":"auik","2496":"uak\u0101","2497":"ilih","2498":"aris","2499":"inin","2500":"epak","2501":"puke","2502":"u\u02bbu\u02bb","2503":"\u02bbok\u016b","2504":"waia","2505":"ole\u02bb","2506":"hiak","2507":"keke","2508":" mun","2509":" buk","2510":"\u00eaoha","2511":"kene","2512":"\u0101hua","2513":" hor","2514":"e\u02bbel","2515":"ahao","2516":"ion ","2517":"ke\u02bbi","2518":"liti","2519":"ahe\u02bb","2520":" ike","2521":"ulia","2522":"iui ","2523":"itik","2524":"uaku","2525":"ardo","2526":"neki","2527":"luig","2528":"keim","2529":"kake","2530":" px|","2531":" kil","2532":"ika\u00ea","2533":"auwa","2534":"erna","2535":"tion","2536":" p\u014dl","2537":" pou","2538":"dane","2539":"key ","2540":"\u02bbu\u02bbi","2541":"wema","2542":"ohon","2543":"era\u00ea","2544":" now","2545":"tele","2546":" s\u0101b","2547":" pae","2548":"ra\u00eae","2549":"awia","2550":"buke","2551":"bita","2552":" sem","2553":"palu","2554":"uigi","2555":"\u0101liu","2556":"igi ","2557":" por","2558":"mini","2559":"ki\u014d ","2560":"ku\u0101i","2561":"liu ","2562":"ukak","2563":"o\u00eaom","2564":"wili","2565":" \u02bbes","2566":"aw\u0101w","2567":"pae ","2568":"ma\u012ba","2569":"leme","2570":"iwa ","2571":"u\u0101in","2572":"anap","2573":"a\u00eao ","2574":"uani","2575":"neka","2576":"abri","2577":" heb","2578":"ni\u02bbi","2579":"ni\u02bbo","2580":" \u0113 ","2581":"a\u02bba\u02bb","2582":"illa","2583":"ami ","2584":"ite ","2585":"o\u02bbia","2586":"meni","2587":"k\u0101ma","2588":" \u02bb\u0101l","2589":"nada","2590":"m\u0101hu","2591":" dia","2592":"h\u014d\u02bbe","2593":"a\u016ban","2594":"mb|p","2595":"iua ","2596":"leku","2597":"px| ","2598":"nuia","2599":" ken","2600":"aui ","2601":"imia","2602":" \u02bbar","2603":"hi\u02bbo","2604":"\u016bbit","2605":"hora","2606":"ipak","2607":"\u0101hik","2608":"oena","2609":" ili","2610":"\u0101bat","2611":"ekam","2612":"edan","2613":" k\u016bb","2614":"noha","2615":" ion","2616":"k\u016bbi","2617":"kain","2618":"\u02bbamo","2619":" \u02bbu\u02bb","2620":"anel","2621":" as ","2622":" del","2623":"aniu","2624":"oala","2625":"\u02bb\u0101ki","2626":"owem","2627":"\u0101pa\u02bb","2628":" pak","2629":"ani\u02bb","2630":"wele","2631":"\u0101lie","2632":"anto","2633":"lla ","2634":"oneo","2635":" aw\u0101","2636":"ael ","2637":" on\u0101","2638":"nowe","2639":" uma","2640":"anoh","2641":"emia","2642":"i\u02bbon","2643":"s\u0101ba","2644":"awah","2645":" bal","2646":"\u016blou","2647":"na\u012ba","2648":"lu\u02bbu","2649":"tend","2650":"pela","2651":"anta","2652":"apu ","2653":"elis","2654":"a\u012ban","2655":"iel ","2656":"emai","2657":"iki\u014d","2658":"paku","2659":"oama","2660":"marc","2661":" her","2662":"aupa","2663":"carl","2664":"eron","2665":"eawe","2666":"awa\u016b","2667":"iore","2668":"sila","2669":"raim","2670":"epek","2671":"anda","2672":"onat","2673":"oliv","2674":"oha\u02bb","2675":" k\u014d ","2676":"mera","2677":"eini","2678":"oma\u02bb","2679":"aike","2680":"one ","2681":"hebe","2682":"ki\u02bbm","2683":" cor","2684":"imon","2685":"usa ","2686":"an\u0101h","2687":"amaw","2688":"aoul","2689":" con","2690":"a\u02bbul","2691":"oh\u0101l","2692":" iun","2693":"oopa","2694":"ako ","2695":"niam","2696":"ia\u02bbo","2697":"esa ","2698":"\u00eaoli","2699":"\u02bbaku","2700":"nint","2701":"oina","2702":" act","2703":"o\u00eaoh","2704":"saka","2705":"eone","2706":" ki\u00ea","2707":"hoal","2708":"oeko","2709":"lual","2710":" gal","2711":"u\u02bbi ","2712":"ezer","2713":"\u02bb\u014dhu","2714":"nal ","2715":"m\u0101ni","2716":"lo\u02bbo","2717":"em\u0101n","2718":"u\u02bbul","2719":"iamo","2720":"port","2721":"h\u016bn\u0101","2722":"k\u016bm\u0101","2723":"zion","2724":"\u02bbia\u02bb","2725":"\u02bbeon","2726":"pila","2727":" \u02bbeo","2728":" k\u012b\u02bb","2729":"neli","2730":"mela","2731":"u\u02bbel","2732":"konu","2733":"ndes","2734":"auhe","2735":"ola\u02bb","2736":"nda ","2737":"moek","2738":" rig","2739":"ulou","2740":"home","2741":"\u0101h\u0101 ","2742":"mor ","2743":"bena","2744":"p\u0101la","2745":"auau","2746":"p\u0101ka","2747":"ile ","2748":"silv","2749":"iune","2750":"dera","2751":"iuni","2752":"m\u014dun","2753":" n\u0101\u02bb","2754":"ilio","2755":" hok","2756":"\u02bbuku","2757":"beni","2758":"loul","2759":" m\u012bk","2760":"ase ","2761":"eman","2762":"kui ","2763":"ehai","2764":"lisa","2765":"uila","2766":"le\u02bbe","2767":"ekau","2768":"awa\u012b","2769":"mb|n","2770":"koen","2771":" ram","2772":" neb","2773":"kuli","2774":"\u0101pal","2775":" vid","2776":"bete","2777":" uaw","2778":"uaua","2779":"\u0101lim","2780":"n\u0101ha","2781":"ok\u012bw","2782":"\u0101nah","2783":" mom","2784":"kako","2785":"\u02bbape","2786":" mou","2787":"rdo ","2788":"apet","2789":"\u0101nia","2790":"upap","2791":"n\u0101u ","2792":"tro ","2793":"p\u0101p\u0101","2794":" k\u016bs","2795":"poul","2796":"a\u02bboi","2797":"akap","2798":" rod","2799":"abel","2800":"pama","2801":"eza ","2802":"\u016bn\u0101 ","2803":"pelu","2804":" gab","2805":"oulo","2806":"uika","2807":"moni","2808":"asaw","2809":"neha","2810":"anki","2811":"\u00eaoma","2812":"emik","2813":"leaw","2814":"w\u0101ha","2815":" zio","2816":"s\u012ban","2817":"lek\u0101","2818":"\u016bika","2819":"amoe","2820":"ai\u0101 ","2821":" wil","2822":"erto","2823":"erre","2824":"au\u02bba","2825":"luam","2826":"tos ","2827":"tera","2828":"zera","2829":"\u02bboho","2830":"eona","2831":"neo ","2832":" ian","2833":"sapa","2834":" mes","2835":"\u012baka","2836":" mic","2837":"gile","2838":" oe ","2839":"alul","2840":"i\u00eao ","2841":"i\u02bba ","2842":"hoi ","2843":"ihun","2844":"lili","2845":"ikau","2846":"elil","2847":"elio","2848":"ong ","2849":"gran","2850":"nepi","2851":" dai","2852":"emel","2853":"ohul","2854":"ande","2855":"man\u0101","2856":"ht|t","2857":"ando","2858":"nase","2859":"ailu","2860":"dian","2861":" mus","2862":"b|px","2863":"ilia","2864":"ing ","2865":"am\u0101n","2866":" oli","2867":"am\u014du","2868":"\u016bk\u0101 ","2869":"aiau","2870":"\u02bbop\u014d","2871":"olul","2872":"umum","2873":"kili","2874":"besa","2875":"aial","2876":" hom","2877":"kong","2878":" auw","2879":"auw\u0113","2880":" pam","2881":"edom","2882":"\u014d\u02bbil","2883":"apam","2884":"fran","2885":"kika","2886":"limi","2887":"dos ","2888":"\u016bama","2889":" jos","2890":"drig","2891":" mol","2892":" lah","2893":" \u0101ka","2894":"ba\u02bba","2895":"rosa","2896":"woki","2897":"sema","2898":"arlo","2899":"o\u00eaol","2900":"\u014d\u02bbul","2901":"\u014dp\u014d ","2902":" \u02bb\u014d ","2903":"aua\u02bb","2904":"guer","2905":"bela","2906":"a\u012bma","2907":"\u012bun\u0101","2908":"onek","2909":"h\u014d\u02bbu","2910":"rodr","2911":"k\u012b\u02bba","2912":"odri","2913":"erem","2914":" ha\u00ea","2915":"\u012b\u02bbah","2916":"t|th","2917":"a\u016bna","2918":"uike","2919":"au\u012ba","2920":"abes","2921":"uhia","2922":"ewal","2923":"mara","2924":"oiai","2925":"neon","2926":"lho ","2927":"k\u016bsi","2928":"eda ","2929":"ewai","2930":"iai ","2931":"\u00e5wah","2932":"pia ","2933":"\u014dpio","2934":" eka","2935":" mat","2936":"nes ","2937":" sar","2938":" pri","2939":"ualk","2940":" tup","2941":"\u0113heu","2942":"ment","2943":"uki\u02bb","2944":"akei","2945":"k\u0101k\u016b","2946":"\u016bpon","2947":" eme","2948":"k\u00e5wa","2949":"k\u016bpo","2950":"hue ","2951":"kemi","2952":"elal","2953":"laul","2954":"ice ","2955":"\u02bbahi","2956":"samu","2957":"na\u00eao","2958":"upu ","2959":"loma","2960":" fra","2961":" k\u00e5w","2962":"\u016bk\u0101k","2963":"pepa","2964":"ouse","2965":"\u0101k\u016bk","2966":"ana\u00ea","2967":" gui","2968":"p\u014dp\u014d","2969":"undo","2970":" uki","2971":"\u02bbase","2972":"oho\u02bb","2973":"rana","2974":"tupi","2975":"\u02bbo\u02bbo","2976":"lan ","2977":"halo","2978":"\u012ban\u0101","2979":"eaou","2980":"\u02bb\u0113he","2981":"edek","2982":"apua","2983":"atio","2984":" lel","2985":"risa","2986":" loi","2987":"emei","2988":"tor ","2989":"uniu","2990":"asur","2991":"mu\u02bbe","2992":" of ","2993":"rque","2994":"hook","2995":"igue","2996":"\u0101lik","2997":"sara","2998":" com","2999":"\u00eaeki","3000":"mili","3001":"\u012bsaw","3002":"\u014dlan","3003":"sun\u0101","3004":"\u012baza","3005":"hi\u02bba","3006":" iwi","3007":"amao","3008":"boam","3009":"olah","3010":"ha\u00eaa","3011":"iuli","3012":"lawa","3013":"hoki","3014":"a\u016bma","3015":" \u00eaoh","3016":"akea","3017":"nand","3018":"pari","3019":"oboa","3020":"kaup","3021":"\u02bbeka","3022":"inep","3023":"ser ","3024":"pere","3025":"mahe","3026":"rnan","3027":"malo","3028":"ioab","3029":" gar","3030":"zawa","3031":"anin","3032":"fern","3033":" keu","3034":" p\u0113n","3035":"lva ","3036":"eset","3037":" hei","3038":"ferr","3039":"keao","3040":" tel","3041":"spai","3042":"aiah","3043":" \u00eaam","3044":"iapa","3045":"iaki","3046":"kasa","3047":"puan","3048":" nun","3049":"\u012bsun","3050":"ap\u014d ","3051":"imi\u0101","3052":" \u02bb\u0113h","3053":"sand","3054":" tur","3055":"i\u02bbm\u012b","3056":"mund","3057":"\u02bbm\u012bs","3058":"umea","3059":"si\u02bbm","3060":"anao","3061":"l\u0101na","3062":"\u02bban\u0101","3063":"zara","3064":"m\u012bsu","3065":"a\u02bb\u0101i","3066":"\u02bbalu","3067":" pat","3068":"\u0101pon","3069":"s\u0101na","3070":"ioan","3071":" m\u012ba","3072":"onke","3073":" est","3074":"i\u00eae ","3075":"ap\u012ba","3076":"des ","3077":"nto ","3078":"ooma","3079":" nas","3080":"use ","3081":" poh","3082":"\u00e7\u00e3o ","3083":"map\u012b","3084":"n\u0101pa","3085":" ka\u00ea","3086":"ster","3087":"uper","3088":"i\u00eaek","3089":"ende","3090":"\u014d\u02bboi","3091":" eli","3092":"\u016bsi\u02bb","3093":"dea ","3094":"iolo","3095":"o\u02bbik","3096":"del ","3097":"hiol","3098":"eki\u00ea","3099":"poin","3100":" k\u0101p","3101":"anie","3102":"aup\u014d","3103":"up\u014d ","3104":"\u02bbaup","3105":"ato ","3106":"iopi","3107":"\u00eai\u00eao","3108":"m\u0101ua","3109":"ele\u0101","3110":"mene","3111":"ewel","3112":" p\u0101l","3113":"upi ","3114":"na\u016ba","3115":"m\u012baw","3116":" \u00e9 ","3117":"sta ","3118":"aimi","3119":"a\u00eaal","3120":" sea","3121":"ome ","3122":"paon","3123":"arti","3124":"px|r","3125":" seg","3126":"mume","3127":"waka","3128":"eada","3129":"uina","3130":"o\u02bb\u0101\u02bb","3131":"nho ","3132":" ant","3133":"davi","3134":" \u02bbul","3135":"uian","3136":" h\u016bi","3137":"lead","3138":"n\u0101h\u0101","3139":"x|ri","3140":"keu ","3141":"uapa","3142":"\u014dlol","3143":" n\u00e4\u0081","3144":"ikiw","3145":"\u00eaau ","3146":"nkie","3147":"idia","3148":"bok\u012b","3149":" nap","3150":"|nek","3151":"kiun","3152":"ach ","3153":"le\u02bb\u0101","3154":"anha","3155":"mao ","3156":"kiaw","3157":"onas","3158":"\u02bb\u0101po","3159":"ahi\u02bb","3160":"aw\u0101h","3161":" hue","3162":"kilo","3163":"\u02bb\u0101\u02bbo","3164":"ikuh","3165":"remi","3166":"uhik","3167":"am\u012ba","3168":"piop","3169":" mag","3170":"opuk","3171":"obok","3172":"k\u0101hi","3173":"erra","3174":"helo","3175":" bel","3176":"eus ","3177":"\u014dman","3178":"rrei","3179":" \u02bb\u0101\u02bb","3180":"inik","3181":"aulu","3182":"lemo","3183":"kola","3184":"angu","3185":"\u012bma\u016b","3186":"onte","3187":"\u02bb\u014dpi","3188":"p\u014dlo","3189":"enai","3190":"ica ","3191":" m\u0101\u02bb","3192":"kiam","3193":"\u02bb\u0101na","3194":"sona","3195":"ico ","3196":"lepe","3197":"niki","3198":"elam","3199":"un\u0101l","3200":"alil","3201":" ii ","3202":"o\u02bbo\u02bb","3203":" kue","3204":" bol","3205":"oluh","3206":"n\u016bpe","3207":"inho","3208":"laur","3209":" neo","3210":"eto ","3211":"\u0101\u02bb\u012b ","3212":" son","3213":"ueir","3214":" n\u0101p","3215":"ohel","3216":" \u02bbea","3217":" h\u016b ","3218":"a\u02bbap","3219":"a\u012bau","3220":"haki","3221":"\u02bbon\u0101","3222":"c\u012bun","3223":"pimi","3224":"\u014dsaw","3225":"ispa","3226":" pek","3227":"b|ne","3228":"\u02bbonu","3229":"mart","3230":"oane","3231":"n\u00e4\u0081 ","3232":" \u02bbed","3233":"hoom","3234":"ton ","3235":"nail","3236":"k\u012ba\u02bb","3237":"apah","3238":"uhau","3239":"las ","3240":"eneh","3241":"oke\u02bb","3242":" n\u0101h","3243":"enin","3244":"\u02bbiko","3245":"huki","3246":"ete ","3247":"aele","3248":"ilea","3249":"amon","3250":"amu\u02bb","3251":"apia","3252":"\u02bbali","3253":" dav","3254":"azaw","3255":"ikip","3256":"imo ","3257":"hian","3258":"k\u0101le","3259":"mous","3260":"hang","3261":"le\u02bbi","3262":"ress","3263":" wa\u012b","3264":"obo ","3265":"kile","3266":"\u00f3ria","3267":"riel","3268":"gada","3269":"erod","3270":"iola","3271":"cess","3272":"\u00eaai ","3273":" awa","3274":"kepi","3275":"iere","3276":"rcia","3277":"haip","3278":"rlos","3279":"aluh","3280":"\u00eaale","3281":"ukui","3282":"eder","3283":"ehew","3284":" sur","3285":" vil","3286":"ngue","3287":"atro","3288":"ssa ","3289":"alom","3290":"eiaw","3291":"lam\u014d","3292":" \u00eaah","3293":"sega","3294":"\u0101\u02bbil","3295":"kuke","3296":"ek\u012bu","3297":"eal ","3298":" cam","3299":" bra","3300":"ipik","3301":"arro","3302":"iual","3303":" ani","3304":"olin","3305":"\u00eaoka","3306":"live","3307":"\u0101kai","3308":"\u02bb\u0101\u02bb\u012b","3309":"kimi","3310":"opoi","3311":" \u02bbaw","3312":"seba","3313":"onio","3314":" ped","3315":"simo","3316":"iko\u02bb","3317":"quer","3318":" ake","3319":"euan","3320":"elet","3321":" l\u0101n","3322":"kisa","3323":" mas","3324":"napi","3325":"ros ","3326":" aho","3327":"\u016bpep","3328":"ana\u012b","3329":"ctor","3330":"eloh","3331":"i\u0101pa","3332":"tama","3333":"koli","3334":"nna ","3335":"kihi","3336":" new","3337":"\u02bbese","3338":"ikep","3339":"film","3340":" fil","3341":"arle","3342":"wa\u02bba","3343":"poep","3344":"abia","3345":"a\u00eaak","3346":"toni","3347":"opih","3348":"peti","3349":"ekul","3350":"seta","3351":"ian\u0101","3352":"okuk","3353":"aka\u012b","3354":"an\u016ba","3355":"oepo","3356":"epoe","3357":"ilva","3358":"char","3359":"kap\u014d","3360":"ake\u02bb","3361":"\u02bbei ","3362":"hehe","3363":"uro ","3364":"vill","3365":"k\u0101pa","3366":"zia ","3367":"mau\u02bb","3368":"mdb ","3369":" imd","3370":"nolu","3371":"imdb","3372":"\u014dp\u016b ","3373":"leba","3374":"gabr","3375":"pini","3376":" koi","3377":"ves ","3378":"waim","3379":"niho","3380":" m\u0101n","3381":"\u00eaohe","3382":"cio ","3383":"mein","3384":"heze","3385":"onol","3386":" ele","3387":"mek\u012b","3388":"ire ","3389":"meia","3390":"erda","3391":"e\u02bbal","3392":"ahim","3393":"ade ","3394":"eres","3395":"her ","3396":"o\u00eao ","3397":"p\u014dla","3398":"hiap","3399":" \u02bb\u014dn","3400":" \u02bbo\u02bb","3401":"emon","3402":"hool","3403":"p\u0101na","3404":"aola","3405":"arol","3406":"haza","3407":"voc\u00ea","3408":"hosa","3409":"op\u014dm","3410":"ekin","3411":"a\u012ba ","3412":"esal","3413":"os\u00e9 ","3414":"hara","3415":"\u0101mik","3416":" col","3417":" pa\u00ea","3418":" ahu","3419":" m\u0101u","3420":" m\u0101m","3421":"k\u0101\u02bbe","3422":" sup","3423":" hez","3424":" alc","3425":"san ","3426":"\u02bb\u014dp\u016b","3427":" voc","3428":"ilai","3429":"uan ","3430":"iuan","3431":" um ","3432":"brie","3433":" rob","3434":" l\u016bl","3435":"jos\u00e9","3436":" p\u012bp","3437":"iva ","3438":"lomu","3439":"na\u02bb\u014d","3440":"rte ","3441":"liah","3442":" kio","3443":"dro ","3444":" ver","3445":" net","3446":"suer","3447":" a\u016bn","3448":"\u0101\u02bbei","3449":"\u0101p\u0101 ","3450":"i\u016bia","3451":"ka\u00eau","3452":" chi","3453":"rra ","3454":" lei","3455":"\u014dlik","3456":"as\u016ba","3457":"humu","3458":"iki\u02bb","3459":"eran","3460":"m\u0101\u02bbo","3461":"u\u02bbik","3462":" bap","3463":"p\u016b\u02bbu","3464":"\u0101k\u0101k","3465":" i\u02bba","3466":"tes ","3467":"\u02bb\u0101k\u0101","3468":"\u0101h\u0101u","3469":"pame","3470":"n\u016bka","3471":"anaz","3472":" tem","3473":"waua","3474":"ldo ","3475":"astr","3476":"icke","3477":"k\u016b\u02bbo","3478":"niel","3479":"aste","3480":" nic","3481":" kih","3482":"llo ","3483":"emo ","3484":"gala","3485":" ked","3486":"epil","3487":"aewe","3488":" h\u012ba","3489":"ange","3490":"ntos","3491":" pir","3492":"unuh","3493":"anna","3494":"naew","3495":"stro","3496":" g\u014dl","3497":"l\u016bl\u016b","3498":"p\u014d\u02bba","3499":"li\u02bbu","3500":"aura","3501":" ma\u00ea","3502":"paki","3503":"px|t","3504":" alb","3505":"lson","3506":"\u016bl\u016b ","3507":"ezek","3508":"momo","3509":"k\u0101\u02bbi","3510":"onic","3511":"\u02bbop\u0101","3512":"hael","3513":"ones","3514":"salo","3515":"e\u0101na","3516":"omau","3517":"\u012bsaz","3518":"igo ","3519":"edo ","3520":"paim","3521":"uliu","3522":"g\u014dli","3523":"i\u0101hi","3524":"nas\u0101","3525":"bape","3526":"aiap","3527":"lica","3528":"nhan","3529":"pire","3530":"illi","3531":"ames","3532":" kui","3533":"shi ","3534":"a\u012bsa","3535":"ahas","3536":"ul\u0101 ","3537":" wen","3538":"wa\u016ba","3539":" eu ","3540":"ese ","3541":"upao","3542":"\u0101mua","3543":"nuhi","3544":" unu","3545":"viii","3546":" ri\u016b","3547":"imin","3548":"ues ","3549":"aliu","3550":"\u00eaili","3551":"nam\u0101","3552":"a\u016bam","3553":"e\u00eae ","3554":" i\u0101p","3555":"mea\u02bb","3556":"amua","3557":"each","3558":"\u0101nam","3559":"rtin","3560":"t\u0101le","3561":"ento","3562":"okek","3563":" har","3564":"kial","3565":" p\u0101n","3566":" \u00eaoi","3567":"ires","3568":"\u0101len","3569":"kii ","3570":"\u0101lep","3571":"mar ","3572":"e\u02bbok","3573":"okim","3574":"cant","3575":" cri","3576":"alle","3577":"iapi","3578":"p\u0113n\u0113","3579":" ric","3580":" h\u016ba","3581":"uasa","3582":"\u0113n\u0113i","3583":"donk","3584":"naw\u0101","3585":"la\u02bbu","3586":"inak","3587":"\u02bbi\u02bbi","3588":"aiua","3589":"ahaz","3590":"nebu","3591":" oki","3592":"ella","3593":"opi\u02bb","3594":"\u02bbedo","3595":"\u02bbasu","3596":"\u012blio","3597":"wa\u012ba","3598":"gera","3599":"idon","3600":"m\u0101m\u0101","3601":"\u012bk\u02bba","3602":"\u02bbasa","3603":"iero","3604":"\u0101hi ","3605":"aven","3606":"ihi\u02bb","3607":" s\u0101n","3608":"wina","3609":" xxx","3610":" nat","3611":"\u02bbewa","3612":"nkey","3613":"\u012bpuk","3614":"robo","3615":" n\u0101m","3616":"moke","3617":" m\u00e1r","3618":" n\u0113i","3619":"uha\u02bb","3620":"\u0101hew","3621":" wan","3622":"ula\u02bb","3623":" t\u0101l","3624":"rinh","3625":"oc\u00ea ","3626":"aul\u0101","3627":"gali","3628":"vent","3629":"dana","3630":"oda ","3631":"m\u012bk\u02bb","3632":"k\u02bban","3633":"a\u014dle","3634":"pedr","3635":"arab","3636":"x|th","3637":"bia ","3638":"u\u02bbam","3639":" k\u014dl","3640":"\u0101na\u02bb","3641":"huak","3642":"\u016b\u02bbul","3643":" h ","3644":"ranc","3645":"ukum","3646":" d\u012bm","3647":"awin","3648":"ipul","3649":" emi","3650":"veir","3651":"arci","3652":" ela","3653":"h\u016bik","3654":" des","3655":"h\u012bme","3656":"stel","3657":"inam","3658":" s\u0101l","3659":"apat","3660":"kiol","3661":"ohio","3662":"h\u0113na","3663":"uza ","3664":"d\u012bma","3665":"\u0101\u02bbon","3666":"esau","3667":"a\u012baw","3668":"ki\u02bbo","3669":"imen","3670":"tine","3671":" fel","3672":"honi","3673":"buka","3674":"ipe ","3675":"ana\u016b","3676":"\u0101m\u0101 ","3677":"z\u0101ua","3678":"estr","3679":"naz\u0101","3680":"uiz ","3681":" ger","3682":"supe","3683":" \u02bbad","3684":" h\u012bm","3685":" \u02bb\u012bp","3686":"uben","3687":" rom","3688":" hen","3689":"ekai","3690":" sou","3691":"luiz","3692":"ebuk","3693":"anez","3694":"etel","3695":"arco","3696":" sei","3697":" tom","3698":" nih","3699":" reu","3700":"w\u0101mi","3701":"leni","3702":"uera","3703":"akiu","3704":"mes ","3705":"unal","3706":" ave","3707":"as\u0101 ","3708":"\u00eaoki","3709":" lin","3710":"sabe","3711":" le\u02bb","3712":"ito ","3713":"\u012bau ","3714":"\u02bb\u012bpu","3715":" k\u016ba","3716":"oshi","3717":"\u02bb\u012bli","3718":"alea","3719":"tch ","3720":"alex","3721":"a\u00e7\u00e3o","3722":" pea","3723":"han ","3724":" olo","3725":"mile","3726":"om\u0101h","3727":"ni\u02bbe","3728":"omer","3729":" nak","3730":" nai","3731":"more","3732":"der ","3733":"saio","3734":"az\u0101u","3735":"molo","3736":"ehe\u02bb","3737":"hail","3738":"\u014dho ","3739":"aipu","3740":" n\u016ba","3741":"\u012bmen","3742":" anh","3743":" oka","3744":"elli","3745":"ahab","3746":"\u012bman","3747":"tas ","3748":"jo\u00e3o","3749":"ka\u02bbm","3750":" km ","3751":"\u02bb\u014dho","3752":"iba ","3753":" jo\u00e3","3754":"lapi","3755":"zeki","3756":"nasa","3757":"amia","3758":"seto","3759":"o\u02bb\u0101h","3760":" uli","3761":"p\u0101p\u016b","3762":"iau ","3763":"iria","3764":"sete","3765":"\u02bb\u0101he","3766":"p\u0101ma","3767":"doni","3768":"o\u00e3o ","3769":"hiah","3770":"ia\u00eai","3771":"ras ","3772":"hero","3773":"o\u02bb\u014dh","3774":"\u0101kea","3775":" kaw","3776":" can","3777":" p\u0101m","3778":"gust","3779":"ohua","3780":"ohal","3781":" mer","3782":"sime","3783":"reta","3784":"ekil","3785":" \u02bb\u012bl","3786":"pian","3787":"ehoi","3788":"amas","3789":"\u016bian","3790":" esp","3791":"neia","3792":"tres","3793":" mir","3794":"aiui","3795":"mi\u0101 ","3796":"desa","3797":"on\u0101 ","3798":"o\u02bb\u0101p","3799":"lu\u02bbi","3800":" reg","3801":"haba","3802":"\u0101p\u016b ","3803":"paio","3804":"erub","3805":"an\u016bk","3806":" nam","3807":"\u014d\u02bbea","3808":"toad","3809":"ckey","3810":" seb","3811":"bano","3812":"\u016bw\u0101m","3813":"ha\u016bw","3814":"nald","3815":"part","3816":"rota","3817":"itch","3818":"acto","3819":"yosh","3820":"dio ","3821":"ista","3822":"kede","3823":" pra","3824":" ha ","3825":"uiki","3826":"seal","3827":"meah","3828":"e\u02bbik","3829":"sso ","3830":"mano","3831":"tura","3832":"wa\u012bm","3833":"ki\u00eai","3834":"paua","3835":"per ","3836":"mik\u016b","3837":"duar","3838":" qua","3839":"nane","3840":"sau ","3841":"hasa","3842":"ante","3843":"garc","3844":"akim","3845":"apau","3846":"huik","3847":"akop","3848":"nami","3849":"okak","3850":"okam","3851":"olia","3852":"peta","3853":"kopa","3854":" \u00eauh","3855":"erat","3856":"\u0101ka\u02bb","3857":"ik\u016bm","3858":" \u00eaal","3859":"nie ","3860":" \u00eaab","3861":"rinc","3862":"\u02bb\u014dna","3863":"\u00eaopo","3864":"p\u016b\u02bba","3865":"\u00eauha","3866":" war","3867":"liul","3868":"liuk","3869":"a\u016bw\u0101","3870":" bla","3871":"a\u02bbil","3872":"uoka","3873":"imel","3874":"arce","3875":"\u00eaaha","3876":"neza","3877":" \u014d ","3878":"iman","3879":"ari ","3880":"\u0101mia","3881":"nos ","3882":"ilm ","3883":"\u00eaaua","3884":" uil","3885":"\u00eaele","3886":" \u016bma","3887":"ener","3888":"niak","3889":"n\u0101\u02bba","3890":"illo","3891":"\u0101ia ","3892":" toa","3893":"ieri","3894":"auai","3895":"lino","3896":"elin","3897":"le\u02bbo","3898":"ikaw","3899":"\u0101han","3900":"erob","3901":"ieze","3902":" yos","3903":"eli\u0101","3904":"rado","3905":"ieka","3906":"umau","3907":"mata","3908":"iapo","3909":"a\u00eaoh","3910":"ian\u016b","3911":" uan","3912":"elai","3913":"cris","3914":"leop","3915":"mont","3916":" ain","3917":"reub","3918":"nap\u0101","3919":"oilo","3920":"eneg","3921":"\u016bka ","3922":"\u0113mu ","3923":"ia\u02bb\u0101","3924":" bru","3925":"\u0113nap","3926":"\u012b\u02bbn\u0101","3927":"maur","3928":"mas ","3929":"ohil","3930":"liam","3931":"iole","3932":" heh","3933":"omua","3934":"\u02bbn\u0101k","3935":"pata","3936":" c\u012b\u02bb","3937":"auia","3938":"ilua","3939":"ihue","3940":"ares","3941":"aret","3942":"\u016bma\u012b","3943":"ngel","3944":"hoia","3945":"lii ","3946":"cont","3947":"\u02bbome","3948":" roc","3949":"iia ","3950":"ri\u016bi","3951":"eban","3952":"muni","3953":"i\u02bbik","3954":"\u0101map","3955":"p\u0101pa","3956":"prin","3957":"uha ","3958":"alve","3959":"vio ","3960":"sa\u02bba","3961":"r\u00e3o ","3962":"eiah","3963":"ak\u012bw","3964":"\u012bau\u012b","3965":"ha\u016ba","3966":" vis","3967":"meri","3968":" mih","3969":"uamo","3970":"orge","3971":"lipe","3972":"ikel","3973":"elip","3974":"\u014dlea","3975":"deus","3976":"mihi","3977":"atar","3978":" ara","3979":"op\u0101 ","3980":" med","3981":"ler ","3982":"ieki","3983":"len\u016b","3984":"li\u0101h","3985":"isab","3986":"c\u012b\u02bbn","3987":"olak","3988":" jes","3989":"\u016basa","3990":"line","3991":"lini","3992":"ualu","3993":"fael","3994":"nic ","3995":"okip","3996":"s\u0101li","3997":"p\u012bau","3998":"aset","3999":"azia","4000":"feli","4001":"alic","4002":" pre","4003":"ooka","4004":"meki","4005":"ioka","4006":"isti","4007":" pom","4008":"alep","4009":"eian","4010":"heia","4011":"mena","4012":"lma ","4013":" \u00eaas","4014":"mick","4015":"\u016b\u02bbal","4016":"anon","4017":"aono","4018":" \u02bb\u016bh","4019":"net ","4020":"peac","4021":"\u02bbmau","4022":" sin","4023":"neko","4024":" deu","4025":"ekie","4026":"a\u02bb\u0113i","4027":"eube","4028":"k\u014dle","4029":"oaha","4030":"\u02bbeua","4031":" dis","4032":"aoha","4033":"k\u012ban","4034":"\u02bbeke","4035":"\u0101pah","4036":" sel","4037":" for","4038":"ode ","4039":"kual","4040":"luka","4041":"stin","4042":"ekei","4043":" ter","4044":"l\u00e1ud","4045":" gad","4046":"edro","4047":" auk","4048":"ikuw","4049":"ean\u0101","4050":"xand","4051":"nike","4052":"lek\u016b","4053":"umu\u02bb","4054":"k\u0101mi","4055":"ceu ","4056":"iaoh","4057":" apa","4058":" apo","4059":"avid","4060":"\u00e1udi","4061":"miki","4062":"arty","4063":" os ","4064":" \u0101ke","4065":"\u02bbuna","4066":"harl","4067":"auri","4068":"leli","4069":" raf","4070":"an\u012ba","4071":"das ","4072":"aka\u00ea","4073":"\u016bima","4074":"hiu ","4075":"unau","4076":"ald ","4077":"zaba","4078":"leaz","4079":" joa","4080":" a\u016bm","4081":" k\u0113k","4082":"asak","4083":"alew","4084":"e\u02bbol","4085":" bow","4086":"\u014duni","4087":"card","4088":"u\u012bam","4089":"eaza","4090":"ntes","4091":"\u0101wau","4092":" bea","4093":"owse","4094":" ker","4095":" keo","4096":"ka\u00eaa","4097":"naon","4098":"alce","4099":"\u02bbara","4100":"upan","4101":" iv ","4102":"a\u016bme","4103":"vii ","4104":"ral ","4105":"daka","4106":"\u012bau\u02bb","4107":"kank","4108":" lew","4109":"ndra","4110":"\u02bbai\u0101","4111":"ekuh","4112":"h\u0101h\u0101","4113":"xvii","4114":"duck","4115":"ha\u02bbu","4116":"alal","4117":"rty ","4118":"e\u02bbam","4119":"unik","4120":"a\u02bbum","4121":"aban","4122":"alma","4123":"bana","4124":"u\u02bbun","4125":" won","4126":"\u016bsaw","4127":" hep","4128":"\u02bbol\u0101","4129":" \u012baw","4130":"\u016b\u02bbok","4131":"uluh","4132":"ais ","4133":"ohao","4134":" sab","4135":"\u02bbone","4136":"celo","4137":"rode","4138":"en\u016bp","4139":"rles","4140":"n\u012bau","4141":"\u016bnap","4142":"pane","4143":"lain","4144":" ho\u0101","4145":"\u0101ha ","4146":"hahi","4147":"a\u02bbao","4148":"\u016bsa ","4149":" n\u0101l","4150":"a\u014dsa","4151":" huk","4152":"ek\u0101l","4153":"koi ","4154":"anad","4155":"rigo","4156":"deka","4157":"cl\u00e1u","4158":"iela","4159":"wone","4160":"aihu","4161":"male","4162":"m\u0101h\u0101","4163":"\u016bmei","4164":"apim","4165":"ehau","4166":"wser","4167":"lam\u0101","4168":"ique","4169":" gib","4170":"ihia","4171":" zer","4172":"s\u016bak","4173":"epon","4174":"ilip","4175":"saha","4176":" cl\u00e1","4177":"ohui","4178":"pulu","4179":"rica","4180":"aole","4181":"gibe","4182":" xxi","4183":"soni","4184":" kie","4185":"lber","4186":" w\u0113l","4187":"rina","4188":"aldo","4189":"izo ","4190":"lceu","4191":"ehaw","4192":" fal","4193":"lli ","4194":"este","4195":"niu ","4196":" adr","4197":"api ","4198":"b\u00f3li","4199":"nahu","4200":"\u00f3lic","4201":"\u02bbapa","4202":"apun","4203":"ona\u02bb","4204":"onar","4205":"rcel","4206":"aled","4207":" \u02bbe\u0101","4208":"emen","4209":"mos ","4210":"ince","4211":" w\u012b ","4212":"ques","4213":"tani","4214":"\u02bbare","4215":"uhe\u02bb","4216":"\u00edcia","4217":"bero","4218":"nesi","4219":"w\u0113la","4220":"s\u012baw","4221":" l\u0113p","4222":"espe","4223":"leim","4224":"au\u02bbi","4225":"w\u0101m\u014d","4226":"a\u02bb\u0101 ","4227":"\u02bbalo","4228":"opa\u00ea","4229":"nera","4230":" sto","4231":"nina","4232":"wa\u02bbi","4233":"\u014dki ","4234":"us\u0101n","4235":"\u012ba\u02bbm","4236":"\u012bnia","4237":"roop","4238":" k\u016bn","4239":"c\u016bma","4240":"\u012bn\u012ba","4241":"osap","4242":" leb","4243":"ik\u012ba","4244":"uh\u00e5 ","4245":"\u02bb\u014dki","4246":"orre","4247":"dais","4248":" zas","4249":" pas","4250":"\u014dhum","4251":"\u012bawi","4252":"leh\u0113","4253":"uhea","4254":"olim","4255":"ol\u0101l","4256":" pik","4257":"\u0101nap","4258":"\u02bbe\u0101 ","4259":"n\u00e7a ","4260":"ab\u00f3l","4261":"mal\u016b","4262":"amos","4263":"\u0101m\u014d ","4264":"laio","4265":"brun","4266":"\u0101k\u016b ","4267":"\u02bbake","4268":" us\u0101","4269":" fre","4270":" seu","4271":"kepe","4272":"isa\u02bb","4273":"rigu","4274":"ioa ","4275":"ap\u014dp","4276":"caro","4277":"sina","4278":"aw\u0101n","4279":" uak","4280":"bows","4281":"o\u02bban","4282":"huap","4283":"arin","4284":" cla","4285":" i\u02bbi","4286":"ma\u02bbo","4287":"entu","4288":"o\u02bb\u014dk","4289":"eiwa","4290":"\u0113lau","4291":"n\u0101ua","4292":"sem ","4293":" tri","4294":"p\u0101\u02bbi","4295":"pola","4296":"bara","4297":"ctre","4298":"eken","4299":"dora","4300":" iii","4301":"uimi","4302":"actr","4303":"himi","4304":"aw\u0101 ","4305":"rand","4306":" k ","4307":"barr","4308":"\u016bma ","4309":"rafa","4310":"asan","4311":"\u00eaeli","4312":"\u016bmap","4313":"ehos","4314":"cos ","4315":"l\u016bki","4316":"uerd","4317":" sue","4318":"oiho","4319":"s\u012bn\u012b","4320":" suk","4321":" uai","4322":"oram","4323":"etan","4324":"iuna","4325":"m\u0101pa","4326":"lon\u0101","4327":"quei","4328":"ober","4329":"\u02bba\u02bb\u0101","4330":"eseb","4331":"zepa","4332":"\u016bmal","4333":"saba","4334":"\u0101h\u0101h","4335":"ent ","4336":"hanu","4337":" cal","4338":"hamo","4339":"hiwi","4340":"raki","4341":"\u012bma ","4342":" ren","4343":"m\u0101wa","4344":"akas","4345":"opol","4346":" ka\u014d","4347":"aisy","4348":"masa","4349":"awa\u02bb","4350":"ahui","4351":"|px ","4352":"saki","4353":"haeh","4354":"ehae","4355":"hada","4356":"ugus","4357":" ea ","4358":"n\u0101he","4359":"omeh","4360":"i\u02bbi\u02bb","4361":"niui","4362":"patr","4363":"liha","4364":" na\u016b","4365":"i\u0101ha","4366":"bora","4367":"n\u0101ia","4368":"|he ","4369":"ulin","4370":" tor","4371":" edu","4372":"por ","4373":"cha ","4374":"vald","4375":"\u00eaala","4376":"troo","4377":"a\u012bal","4378":"opai","4379":"gio ","4380":"pail","4381":"paka","4382":"inet","4383":"\u016blam","4384":"kiua","4385":" alm","4386":"hai\u0101","4387":"ial ","4388":"imal","4389":"rab\u00f3","4390":"robe","4391":"saia","4392":"ahip","4393":"exan","4394":"\u02bbepa","4395":"\u014dana","4396":"lexa","4397":"edea","4398":" h\u0101 ","4399":"\u0101\u02bbin","4400":"apak","4401":"ekao","4402":"naue","4403":"tizo","4404":" b\u014du","4405":"an\u00e7a","4406":"ouka","4407":" jul","4408":"vis\u012b","4409":"o\u00eaon","4410":" jam","4411":"oulu","4412":"ndr\u00e9","4413":"nter","4414":"kari","4415":"ture","4416":"esso","4417":"ea\u02bba","4418":"anti","4419":"al\u016b ","4420":" vii","4421":"alo\u02bb","4422":" p\u00e5 ","4423":"lede","4424":"luan","4425":" lek","4426":"ller","4427":"icia","4428":"usta","4429":"stra","4430":" k\u00e5 ","4431":"\u012ban ","4432":"isy ","4433":"ua\u02bb\u014d","4434":" \u014dsa","4435":"o\u00eaoi","4436":" bor","4437":"hela","4438":"heki","4439":"is\u012bn","4440":"kau\u02bb","4441":"\u02bbap\u014d","4442":"eko ","4443":" k\u012bn","4444":"melo","4445":"lohi","4446":" e\u016bi","4447":"waki","4448":"a\u016baz","4449":"mend","4450":" \u00eaau","4451":"uba ","4452":"ma\u02bbu","4453":"an\u0101m","4454":" pro","4455":"ntur","4456":" dos","4457":" vit","4458":"upa\u02bb","4459":"vid ","4460":"daim","4461":" duc","4462":" isa","4463":"afae","4464":"kai\u02bb","4465":"\u012baik","4466":" aug","4467":"kiek","4468":"\u0113man","4469":" luh","4470":"kai\u0101","4471":"abim","4472":" kae","4473":"rima","4474":"p\u0101k\u016b","4475":"sco ","4476":"eh\u0113n","4477":"ia\u016ba","4478":"\u0101lap","4479":"etiz","4480":"\u02bbaih","4481":"\u0101lah","4482":"u\u02bban","4483":"oali","4484":"lega","4485":"aby ","4486":"stor","4487":" gue","4488":"\u02bbesa","4489":" far","4490":"\u02bb\u0113ia","4491":"ang ","4492":"piui","4493":"tali","4494":"aue ","4495":"gues","4496":"asci","4497":" m\u0101i","4498":"augu","4499":"i\u016bna","4500":"ane\u00ea","4501":" dal","4502":"l\u0113pe","4503":"van ","4504":"k\u012bn\u0101","4505":"anci","4506":"k\u0113mu","4507":"cent","4508":" naz","4509":"kole","4510":" bas","4511":"meka","4512":"wiek","4513":" kii","4514":"e\u02bb\u0101k","4515":"p\u012bai","4516":"liko","4517":"i\u02bbam","4518":" fl\u00e1","4519":"mono","4520":"\u012bw\u012ba","4521":"ukuk","4522":" a\u02bba","4523":"mb|h","4524":"le\u0101k","4525":"rdak","4526":"arek","4527":"ak\u012ba","4528":"orto","4529":"ulau","4530":"mepi","4531":"mila","4532":"apiu","4533":"ate ","4534":"l\u00e1vi","4535":"lato","4536":"luhu","4537":" l\u016bk","4538":"juli","4539":"carr","4540":"sas ","4541":"ihiu","4542":"e\u0101ka","4543":"\u016bloh","4544":"l\u014dnu","4545":"peku","4546":" lul","4547":"\u014dlia","4548":"u\u02bbka","4549":"tra ","4550":" gat","4551":"\u016bkin","4552":"akeh","4553":"miah","4554":" gen","4555":"k\u0101mu","4556":" din","4557":" meh","4558":" k\u0101w","4559":"bene","4560":"at\u012ba","4561":"b\u012bsa","4562":"epai","4563":"fl\u00e1v","4564":"ap\u0101l","4565":"ekon","4566":"tern","4567":"ma\u02bb\u0113","4568":"bime","4569":"\u016bat\u012b","4570":"ma\u02bbw","4571":" joh","4572":" b\u012bs","4573":"osia","4574":"alat","4575":"alas","4576":" elu","4577":"\u014dsan","4578":"ehob","4579":"rank","4580":"lope","4581":"l\u02bbal","4582":"aomi","4583":" lar","4584":"e\u016bim","4585":"dade","4586":"uluk","4587":"miui","4588":"lias","4589":"hei ","4590":"noi\u02bb","4591":" oih","4592":"nta ","4593":"iver","4594":"a\u016bla","4595":"nea ","4596":"noit","4597":"oite","4598":"hilo","4599":"\u0101mam","4600":"n\u016bat","4601":"\u0101una","4602":"ivei","4603":"\u0101kap","4604":"itio","4605":"nde ","4606":" zeb","4607":"ha\u016bl","4608":"\u00edlia","4609":"a\u02bbka","4610":"ahon","4611":"reho","4612":"\u0101mel","4613":"itan","4614":"ide ","4615":"ua\u02bbo","4616":"ahem","4617":" pok","4618":"\u00eaaki","4619":"\u00eaopu","4620":" wak","4621":" n\u012bu","4622":"uard","4623":"baby","4624":" tro","4625":"uero","4626":" s\u014da","4627":"ok\u016b ","4628":"\u012bn\u0101 ","4629":"nema","4630":"n\u012bsa","4631":"a\u012bua","4632":"a\u02bbmi","4633":"inap","4634":"adri","4635":"\u00e1vio","4636":"oad ","4637":"hata","4638":"i\u00eaol","4639":"udio","4640":"t\u012baw","4641":"r\u00edci","4642":" noa","4643":"uent","4644":"naza","4645":"ihu ","4646":"nces","4647":"olen","4648":"reke","4649":"rro ","4650":"a\u0101in","4651":"ios ","4652":"ich ","4653":"a\u012bak","4654":" reh","4655":"olo\u02bb","4656":"om\u0101l","4657":" ven","4658":"ity ","4659":"ihe ","4660":"aren","4661":"tory","4662":"riko","4663":"\u012ba\u02bbk","4664":"\u012beha","4665":" k\u012bk","4666":"\u02bbok\u0113","4667":"ilat","4668":"\u0101lia","4669":"ok\u0113 ","4670":"\u00eaama","4671":"ador","4672":" k\u0113n","4673":"akie","4674":" c\u014da","4675":"iluk","4676":"scim","4677":"lawi","4678":"tene","4679":"\u0101kol","4680":"uel ","4681":"hena","4682":"kaen","4683":"arez","4684":"\u02bbupa","4685":"cas ","4686":"lomi","4687":"rela","4688":"iaol","4689":"xiv ","4690":"orte","4691":"nhei","4692":"ory ","4693":"rcos","4694":"uhul","4695":" k\u00e4\u0081","4696":"arot","4697":"tell","4698":"m\u014dli","4699":" lea","4700":"daba","4701":"aro ","4702":"xxii","4703":"arte","4704":"kalo","4705":"xii ","4706":"ilim","4707":"\u02bbuok","4708":"kare","4709":"iane","4710":"game","4711":"c\u014dak","4712":"alaw","4713":"pueh","4714":" pip","4715":"bian","4716":"h\u016bn\u014d","4717":"ner ","4718":"mehe","4719":"nati","4720":"o\u02bb\u012b ","4721":"u\u02bbup","4722":" iez","4723":"nasc","4724":"rta ","4725":" ihe","4726":"oia\u00ea","4727":" rec","4728":"cime","4729":"eton","4730":"dson","4731":"span","4732":"a\u00eai\u00ea","4733":"rose","4734":"kuik","4735":" rak","4736":"amaz","4737":"zas\u016b","4738":" sch","4739":" e\u02bbi","4740":"ver ","4741":" haz","4742":"\u016bn\u0101w","4743":"pami","4744":"hoih","4745":"timo","4746":"ance","4747":"tima","4748":"uck ","4749":"re\u02bbe","4750":"pare","4751":"rros","4752":"andi","4753":" \u200e ","4754":"oheh","4755":"dria","4756":" het","4757":"drin","4758":" hek","4759":"ohew","4760":" sap","4761":"anes","4762":"arat","4763":"ndre","4764":"h\u0101ia","4765":"rer ","4766":"disn","4767":"\u0101pa ","4768":"heta","4769":"kehe","4770":" u\u02bbi","4771":"eku ","4772":"k\u016bik","4773":"adab","4774":" dud","4775":"pohi","4776":" kir","4777":"lua\u02bb","4778":"\u014d\u02bbeh","4779":"imer","4780":"\u02bbkam","4781":" did","4782":"isne","4783":"a\u02bbuk","4784":"\u0101pam","4785":" e\u012bk","4786":" s\u012be","4787":"uehu","4788":"an\u0101k","4789":"edua","4790":"k\u00e4\u0081n","4791":" p\u016bh","4792":"\u02bbauw","4793":"u\u00eaol","4794":" jan","4795":"oi\u02bbi","4796":"ker ","4797":"ruba","4798":"k\u0101li","4799":" epe","4800":"lves","4801":"uahe","4802":"uah\u014d","4803":" eha","4804":"erta","4805":" s\u0101m","4806":"ers ","4807":"owel","4808":"aga ","4809":"\u016bna\u012b","4810":"\u012bpek","4811":"ahio","4812":"will","4813":"ehem","4814":"midi","4815":" wa ","4816":"aiol","4817":"atia","4818":" mid","4819":"p\u012bpe","4820":"\u012bp\u012b ","4821":" art","4822":" m\u014dl","4823":"\u014daki","4824":"\u00eaolu","4825":"p\u012bp\u012b","4826":"umak","4827":" l\u014dn","4828":" wol","4829":" mim","4830":"elle","4831":"ik\u00e4 ","4832":" \u00eaar","4833":"no\u02bb\u012b","4834":" bat","4835":"unaw","4836":"leia","4837":"\u0101ham","4838":" olh","4839":"onok","4840":"ah\u0101k","4841":"p\u016bn\u0101","4842":" you","4843":"wood","4844":"aimo","4845":" vie","4846":"elon","4847":"mu\u02bbi","4848":"quat","4849":"auli","4850":"elec","4851":"ule\u02bb","4852":"ihoi","4853":"mi\u0101n","4854":" alu","4855":"icak","4856":"ris ","4857":"cak\u012b","4858":"eheu","4859":"\u00eaoia","4860":"\u012bka ","4861":"aini","4862":"ihal","4863":"\u014dhua","4864":"emah","4865":"aire","4866":"elef","4867":"mich","4868":" ape","4869":"moa ","4870":"rael","4871":"ma\u00eae","4872":"\u016beki","4873":"essa","4874":"l\u0101ka","4875":" \u02bb\u0101m","4876":"o\u02bbau","4877":"resi","4878":"zama","4879":"bata","4880":" ang","4881":"s\u014dau","4882":"n\u014dwa","4883":"\u02bbau\u02bb","4884":"\u02bbaza","4885":" jac","4886":" \u00eaim","4887":"k\u0101me","4888":"aipi","4889":"sein","4890":"luli","4891":"aloa","4892":" n\u0113m","4893":"alni","4894":" ka\u0101","4895":"okia","4896":"\u0101ono","4897":"a\u02bbw\u016b","4898":"imot","4899":"\u014d\u02bbok","4900":"eine","4901":"erei","4902":"ber ","4903":"isia","4904":"oki\u00ea","4905":" ano","4906":"erqu","4907":"umbn","4908":"alva","4909":"\u014daun","4910":"ack ","4911":"mbna","4912":" swi","4913":" eki","4914":"tari","4915":"apek","4916":" \u02bbob","4917":"neku","4918":"isem","4919":"kelo","4920":"aioa","4921":"okei","4922":" web","4923":"oken","4924":"izep","4925":"kel\u0113","4926":"atr\u00ed","4927":" e\u016bs","4928":" xvi","4929":"bele","4930":"omin","4931":"ulik","4932":"rez ","4933":"lice","4934":"lidi","4935":"anea","4936":" he\u012b","4937":"ione","4938":"paik","4939":"cord","4940":" abr","4941":" ada","4942":"mota","4943":"vend","4944":"rane","4945":"hou\u02bb","4946":"lher","4947":" nem","4948":"iopa","4949":"guid","4950":"ipa\u02bb","4951":"ki\u016ba","4952":"an= ","4953":"pan=","4954":" xii","4955":" hus","4956":"iota","4957":"reza","4958":"ah\u014dn","4959":"liao","4960":"hopo","4961":"cols","4962":"wini","4963":"i\u0101ma","4964":" nep","4965":"ipo ","4966":"hobo","4967":"\u00f4nio","4968":"t\u00f3ri","4969":"eva ","4970":"eki ","4971":" nov","4972":"a\u02bbeh","4973":"\u0101wil","4974":"kuan","4975":"ierr","4976":"\u02bbai\u02bb","4977":" fue","4978":"hio ","4979":"ino\u02bb","4980":" zed","4981":" sha","4982":"nova","4983":"inoh","4984":" fab","4985":"hima","4986":"amat","4987":"seu ","4988":"ramo","4989":"u\u012baw","4990":"i\u02bbuo","4991":" sit","4992":"kik\u00e4","4993":"mort","4994":"deon","4995":"kone","4996":"|\u00eao ","4997":"sney","4998":"ekek","4999":"e\u00eai "}}