{"hmo":{"0":"dia ","1":"nai ","2":" ia ","3":"ona ","4":"idia","5":"ena ","6":" be ","7":" idi","8":"aia ","9":" tau","10":"bona","11":"ese ","12":" ese","13":" bon","14":" do ","15":" ena","16":"eken","17":"kena","18":"deke","19":" dek","20":"udia","21":"ana ","22":"unai","23":"audi","24":"enai","25":"kara","26":" lau","27":"taud","28":" kar","29":"inai","30":"una ","31":"lau ","32":" ita","33":"nia ","34":" una","35":"raia","36":"lasi","37":"asi ","38":" las","39":"bada","40":"lalo","41":" lal","42":"ara ","43":"arai","44":"ada ","45":" oi ","46":"ita ","47":"mona","48":"amo ","49":" bad","50":" hen","51":"amon","52":"mui ","53":"anai","54":"edia","55":"ina ","56":"nega","57":"heni","58":" edi","59":" gau","60":" neg","61":" gwa","62":"oho ","63":"gwau","64":"enia","65":" her","66":"here","67":"namo","68":" noh","69":"noho","70":"dina","71":"rava","72":"ava ","73":"ani ","74":" ta ","75":"diba","76":"umui","77":" umu","78":"reva","79":"taun","80":"erev","81":"dira","82":"irav","83":" dir","84":" ai ","85":" dib","86":"iba ","87":"eni ","88":" abi","89":" nam","90":"auna","91":"momo","92":" mai","93":"mai ","94":"nima","95":" mom","96":" amo","97":" dai","98":"ouna","99":"adae","100":"aina","101":" to ","102":"gana","103":"vada","104":" vad","105":"daen","106":"anu ","107":"egan","108":"wau ","109":"aeni","110":"dika","111":"eva ","112":"ida ","113":"boun","114":" hah","115":"dain","116":"toto","117":"ibou","118":" ibo","119":" tot","120":"oton","121":"tona","122":" ina","123":" dan","124":"onai","125":"laia","126":"abia","127":"bia ","128":"danu","129":"ria ","130":"lohi","131":"aka ","132":"ohia","133":"hana","134":" ien","135":"iena","136":" \u200b ","137":" loh","138":"auka","139":"ari ","140":"bamo","141":"badi","142":" bam","143":"adin","144":"adia","145":"abad","146":"mata","147":" han","148":"vara","149":"alon","150":"gere","151":"lona","152":"eger","153":"maor","154":"aoro","155":"iaba","156":"hiab","157":"ura ","158":"rana","159":" tan","160":"alai","161":"hahe","162":" lao","163":"mani","164":"lao ","165":" ieh","166":"laga","167":"ieho","168":"tano","169":"dava","170":"uri ","171":"ova ","172":"aloa","173":"haka","174":"hova","175":"ehov","176":"kani","177":"hama","178":"moka","179":" hai","180":" dik","181":"okan","182":"omok","183":"ukar","184":"gauk","185":"dala","186":" dav","187":"iman","188":"aria","189":"ika ","190":" dal","191":"ela ","192":"egu ","193":"auri","194":"ima ","195":" har","196":"ema ","197":"aida","198":"haid","199":"loa ","200":"ere ","201":" ker","202":" ham","203":"maur","204":" ida","205":"ega ","206":" gab","207":" ura","208":" ani","209":"emu ","210":"anim","211":"unim","212":"auni","213":"avar","214":" had","215":"rea ","216":"uma ","217":"oro ","218":"hisi","219":" mau","220":" ies","221":"tau ","222":"idau","223":"dana","224":"gaud","225":"adan","226":"iesu","227":"esu ","228":"tama","229":"aran","230":"daha","231":"omo ","232":"ahak","233":" dah","234":"hedi","235":"adai","236":"rua ","237":" emu","238":" nat","239":"hela","240":"aura","241":" var","242":"raka","243":"isi ","244":"gabu","245":"taia","246":"natu","247":"urai","248":" sib","249":"hadi","250":"sibo","251":"hari","252":" mat","253":" heg","254":"atan","255":"ibon","256":"tani","257":"bema","258":" bem","259":"ania","260":"rege","261":" \u2060 ","262":"kau ","263":"guna","264":"inar","265":"roa ","266":"iai ","267":"mase","268":"mana","269":"siai","270":"duru","271":"nina","272":"eda ","273":" ma ","274":"nara","275":"edin","276":"iemu","277":" oie","278":"oiem","279":"goad","280":"oada","281":"vana","282":"anin","283":"ereg","284":" egu","285":"ala ","286":" ede","287":" kin","288":"itai","289":"hege","290":" kam","291":"king","292":"ase ","293":"waur","294":"gini","295":"ama ","296":"ano ","297":" hel","298":"ing ","299":" mas","300":"elag","301":"aela","302":" tam","303":"nana","304":"aga ","305":" ore","306":"adik","307":" rak","308":"urua","309":"ata ","310":"keri","311":"eris","312":"eden","313":"tuna","314":"dena","315":"srae","316":" isr","317":"isra","318":"rael","319":" bes","320":"bese","321":"atun","322":" dur","323":" ise","324":"amat","325":"kamo","326":"naia","327":"orea","328":"guri","329":" sia","330":"ised","331":"baia","332":" hag","333":" kah","334":"seda","335":"ahed","336":"ibai","337":"agan","338":" din","339":"rai ","340":"dau ","341":" hes","342":"diho","343":"rina","344":"esia","345":"emui","346":"iho ","347":" lou","348":"roma","349":"lou ","350":"gani","351":" tua","352":"uari","353":"tuar","354":" lag","355":"dada","356":"hesi","357":"tadi","358":"daia","359":"rere","360":"ruma","361":" rum","362":"erea","363":"aira","364":"oale","365":"moal","366":"obad","367":"muri","368":" mur","369":"arav","370":"noba","371":" mao","372":" moa","373":"anob","374":"gaun","375":"vari","376":"tore","377":"avan","378":" man","379":"hua ","380":"alan","381":"kaia","382":" a ","383":" gun","384":"bou ","385":"anua","386":"orom","387":"ahan","388":"hanu","389":" bai","390":" heb","391":"aibe","392":"bel ","393":"oroa","394":"ibel","395":"baib","396":"uka ","397":"roro","398":"adib","399":"amoa","400":"okau","401":"hia ","402":"nua ","403":" gin","404":"dae ","405":"ahua","406":"atam","407":"aua ","408":"loka","409":" vai","410":"lana","411":"alok","412":"nari","413":"odia","414":"aman","415":" goa","416":"abid","417":"sina","418":" tar","419":"tara","420":"adam","421":"lada","422":"gau ","423":" lad","424":"arag","425":"urin","426":"hebo","427":" e ","428":"ore ","429":"hahi","430":"amao","431":"tana","432":" tor","433":"moa ","434":"auma","435":"dama","436":"toa ","437":" nar","438":" hed","439":"bida","440":"kaha","441":" dae","442":"avat","443":"vatu","444":"idad","445":"anam","446":"ahin","447":"hine","448":"kori","449":"akau","450":"madi","451":"oua ","452":"isih","453":"sihi","454":"ihis","455":" o ","456":" ato","457":"rena","458":"vair","459":"bua ","460":"atu ","461":"iahu","462":"ahu ","463":"siah","464":" hea","465":"vadi","466":"eren","467":"laum","468":"aueg","469":"uegu","470":"adi ","471":"laue","472":"adav","473":" hua","474":"dage","475":"buna","476":"ine ","477":"iso ","478":"uria","479":"atoa","480":"ale ","481":"ista","482":"omao","483":" mar","484":"mara","485":"stan","486":"rist","487":"kaka","488":"ubu ","489":" gur","490":"para","491":"eai ","492":"uda ","493":"ikai","494":"ebou","495":" hek","496":"arad","497":"kere","498":" hak","499":"ulo ","500":"aulo","501":"onam","502":" sin","503":" hab","504":"radi","505":" rua","506":" tah","507":"tahu","508":" siv","509":"vala","510":"gari","511":"haro","512":" ier","513":"aror","514":" iud","515":"adih","516":"davi","517":"avid","518":"hira","519":"ivar","520":"siva","521":" tom","522":"toma","523":"iran","524":" gar","525":" tai","526":"ahir","527":"vida","528":"eval","529":"abu ","530":"rala","531":"kahi","532":"omad","533":"lai ","534":"erer","535":"abun","536":"hoa ","537":"iuda","538":"nada","539":" mam","540":"aloh","541":"olo ","542":"evad","543":"age ","544":"dai ","545":" dub","546":"heau","547":"dubu","548":"ira ","549":" bou","550":"anad","551":"ubou","552":"ini ","553":"oubo","554":" kor","555":"aral","556":"boub","557":" hav","558":"ahi ","559":"hava","560":" kwa","561":"wauh","562":"uham","563":"auha","564":" aon","565":" dag","566":"abua","567":"nidi","568":"ihar","569":"riso","570":"ilai","571":" kou","572":"ero ","573":" tad","574":"rara","575":" ela","576":"kana","577":"ekwa","578":"hekw","579":" hal","580":"dara","581":"tao ","582":" koh","583":"atao","584":"tamo","585":"hago","586":"agoa","587":"hena","588":"reai","589":"vare","590":" hid","591":"kaua","592":"eta ","593":" boi","594":"ragi","595":"sia ","596":" idu","597":"auid","598":"daui","599":"uida","600":"maia","601":"buka","602":" ada","603":" ala","604":" sis","605":" dab","606":"sisi","607":" dih","608":"wara","609":"kwar","610":"oni ","611":"eana","612":" bas","613":"aone","614":"oneg","615":"rean","616":"rona","617":"kadi","618":"urig","619":"rigu","620":"igur","621":"toho","622":"eia ","623":"hidi","624":"oeva","625":"aere","626":" hae","627":"haer","628":"ikak","629":"goev","630":"nadi","631":" tur","632":" his","633":"idi ","634":" buk","635":"uba ","636":"akat","637":"tudi","638":"kata","639":"guba","640":"basi","641":" gub","642":"kava","643":"koua","644":" pau","645":"boga","646":"asil","647":"seni","648":"ose ","649":"atau","650":"tura","651":"sile","652":"aiha","653":"agin","654":"ihan","655":"leia","656":"atud","657":"naih","658":"modi","659":"ilei","660":"amod","661":"paul","662":"hada","663":"nian","664":"iani","665":" bia","666":"ane ","667":"iaia","668":"iagu","669":"iri ","670":"oia ","671":"aoa ","672":"biag","673":" par","674":"aba ","675":" mos","676":"uana","677":"elai","678":"osi ","679":"evan","680":"hema","681":"mose","682":"isen","683":"gai ","684":"ohu ","685":"kohu","686":"sale","687":" ane","688":"enid","689":"iava","690":"eiav","691":" eia","692":"hamo","693":"emai","694":"lema","695":"alem","696":"iroa","697":"egae","698":" sta","699":"inia","700":"sen ","701":"moni","702":"gea ","703":"ieru","704":"boi ","705":"erus","706":"rusa","707":" per","708":"usal","709":"egea","710":" gad","711":"adar","712":"eada","713":"taua","714":"ahis","715":"adad","716":"lata","717":"area","718":"gabe","719":"badu","720":"uahi","721":"duah","722":" mon","723":" kon","724":"dadi","725":"riha","726":"rove","727":"giro","728":"stad","729":"arih","730":"ovet","731":"erov","732":"amoe","733":"pero","734":"veta","735":" lat","736":"mamo","737":" koi","738":"ahel","739":"ori ","740":"moe ","741":"egai","742":"oata","743":"geda","744":"agi ","745":"doko","746":" gir","747":"usen","748":"aged","749":" noi","750":"atai","751":" dua","752":"dabu","753":"auan","754":"ohad","755":"adu ","756":"epa ","757":"uani","758":"loha","759":"edag","760":" sal","761":"habo","762":"arah","763":" apo","764":"rahi","765":"ikad","766":" rea","767":"riko","768":"amau","769":"oma ","770":"eru ","771":"gahi","772":"ogah","773":" ben","774":"ahia","775":"bena","776":"reis","777":"agai","778":"ranu","779":" ran","780":"uru ","781":"eisi","782":"tolo","783":"gaia","784":"eau ","785":"orei","786":"oana","787":" toa","788":"hara","789":" auk","790":"hagi","791":"arar","792":"ota ","793":"orik","794":"ikor","795":"hala","796":" ima","797":"siri","798":"haba","799":" kav","800":"oda ","801":"ekau","802":" kud","803":"nege","804":" sam","805":"toan","806":"oiko","807":"koik","808":"amai","809":"ikoi","810":"tua ","811":" unu","812":" sir","813":"unus","814":"nuse","815":"unan","816":"aboi","817":"gado","818":"inig","819":"pala","820":"ito ","821":"saia","822":"udou","823":" goe","824":"kudo","825":"tubu","826":"budi","827":"keke","828":"gima","829":" nad","830":"akah","831":"irak","832":" kek","833":"huan","834":"abou","835":"tala","836":" ios","837":"raga","838":" pal","839":"pata","840":" bog","841":"duhu","842":"iduh","843":"mami","844":"inid","845":"boua","846":"inan","847":"toi ","848":"uhu ","849":"idae","850":"sata","851":"horo","852":"kong","853":"aeka","854":"ino ","855":"daek","856":"aino","857":"ongr","858":" nan","859":" oro","860":"head","861":" wit","862":"siba","863":"agun","864":"ami ","865":"taur","866":" eli","867":"isib","868":"aigu","869":"beai","870":"pito","871":"abea","872":"doun","873":"itne","874":"nida","875":" aig","876":"igup","877":"upit","878":"tnes","879":"gupi","880":"koi ","881":"aosi","882":"eise","883":"ruao","884":"uaos","885":"nes ","886":"isin","887":"aila","888":" gim","889":"kwak","890":"tero","891":"tai ","892":" mag","893":"enan","894":" isa","895":" sat","896":"oror","897":" oib","898":"apos","899":"oibe","900":"ibe ","901":"oset","902":"witn","903":"main","904":"mia ","905":"ado ","906":"avai","907":"aihu","908":"maka","909":" oda","910":" dok","911":"abud","912":"daud","913":"mero","914":"taih","915":" au ","916":"iboi","917":" abe","918":"oibo","919":"ogoa","920":"boib","921":" hem","922":"boio","923":"pose","924":"seto","925":" toh","926":"etol","927":"keni","928":" toi","929":"alam","930":" tub","931":"obu ","932":" gor","933":"igun","934":"nigu","935":" ioa","936":"ele ","937":"hega","938":" dad","939":" dia","940":"ure ","941":"olai","942":"aula","943":"edib","944":"gore","945":" kai","946":"alao","947":"ital","948":"sala","949":"orer","950":"solo","951":"laoa","952":"laul","953":"lamo","954":" pag","955":"boro","956":"alo ","957":"ihu ","958":"apat","959":"ahea","960":"iema","961":"aiem","962":" ata","963":" aie","964":" pet","965":"eauk","966":"mura","967":"iona","968":"esen","969":"iari","970":"wana","971":"erah","972":"aena","973":" eda","974":"diar","975":"sea ","976":"rige","977":"huna","978":"kwan","979":"geis","980":" on ","981":"grig","982":" mer","983":"igei","984":"ngri","985":"akwa","986":" kok","987":" bor","988":" ari","989":"idua","990":"alel","991":"irai","992":"auda","993":" pat","994":"arao","995":" sol","996":"olom","997":" kot","998":"eita","999":"wakw","1000":"anau","1001":"heit","1002":"kota","1003":"ahei","1004":"page","1005":"aika","1006":" hao","1007":"hado","1008":" lah","1009":"daik","1010":" dau","1011":"hair","1012":"udau","1013":" dog","1014":"omon","1015":"lomo","1016":" utu","1017":"eter","1018":"isai","1019":"utua","1020":" sau","1021":"ture","1022":"dogo","1023":"meta","1024":"raha","1025":"goat","1026":"oka ","1027":"pete","1028":"oio ","1029":"unal","1030":"nala","1031":"opar","1032":"nau ","1033":"lela","1034":"hedu","1035":"kia ","1036":"edur","1037":"ohor","1038":"noia","1039":"ohoa","1040":"aega","1041":"duna","1042":"gaeg","1043":"ubua","1044":"huah","1045":"uahu","1046":"rola","1047":"orol","1048":"huni","1049":"ikan","1050":"loni","1051":"koro","1052":"uia ","1053":"aore","1054":" rar","1055":"haor","1056":"mba ","1057":"koki","1058":"nuna","1059":"kwal","1060":" gui","1061":" ema","1062":"onia","1063":"okia","1064":"aner","1065":"ehoa","1066":" hun","1067":"uara","1068":"duar","1069":"neru","1070":"pict","1071":" pic","1072":"ukan","1073":"aber","1074":"saul","1075":"aiai","1076":"ctur","1077":"ictu","1078":"siku","1079":"lahi","1080":"noka","1081":"lopa","1082":" mir","1083":"unia","1084":"roku","1085":"magu","1086":"kona","1087":"alop","1088":"asa ","1089":" hoa","1090":"oron","1091":"dibu","1092":"mano","1093":"ibur","1094":"iti ","1095":"bura","1096":"aron","1097":"amba","1098":"iria","1099":"alim","1100":"mail","1101":"namb","1102":"mare","1103":"sena","1104":"wali","1105":" bab","1106":"limu","1107":"etau","1108":"moru","1109":"imu ","1110":"enun","1111":"henu","1112":"keho","1113":" keh","1114":"vai ","1115":"guia","1116":"inav","1117":"imai","1118":"omak","1119":"era ","1120":"nava","1121":" het","1122":" hoi","1123":" kop","1124":"bera","1125":" inu","1126":"dagi","1127":" mak","1128":" sen","1129":"agu ","1130":"erem","1131":"amas","1132":"anok","1133":"amin","1134":"daba","1135":"levi","1136":"tata","1137":" sik","1138":"arin","1139":"ulau","1140":"okon","1141":" tat","1142":"uran","1143":"sedi","1144":" lev","1145":" mor","1146":"bulo","1147":"koko","1148":"uta ","1149":"abul","1150":"emar","1151":"amar","1152":"ohis","1153":"babu","1154":"ulon","1155":"gae ","1156":"oru ","1157":" b ","1158":"orin","1159":"sama","1160":"lda ","1161":"mina","1162":" met","1163":" hor","1164":"sepa","1165":"elda","1166":" eld","1167":" lai","1168":" ver","1169":" rau","1170":"kopi","1171":"vaia","1172":"guru","1173":"ridi","1174":"rau ","1175":" uma","1176":"loat","1177":"daua","1178":"gugu","1179":" mad","1180":"heto","1181":"ebog","1182":"ugur","1183":"aidi","1184":"otoh","1185":"gua ","1186":" isi","1187":"amom","1188":"agua","1189":"ahun","1190":"pati","1191":"inoi","1192":"atis","1193":"oudi","1194":"emia","1195":"esi ","1196":" bap","1197":"eria","1198":"isa ","1199":"lusi","1200":"noi ","1201":"tiso","1202":"bapa","1203":"noin","1204":"oino","1205":"agoe","1206":"evar","1207":" gol","1208":"akan","1209":"veri","1210":"rain","1211":"gidi","1212":"roho","1213":" sil","1214":"ekai","1215":"aham","1216":"ene ","1217":"elia","1218":" dar","1219":"nuab","1220":"uabo","1221":"gadi","1222":" sed","1223":" iak","1224":"orok","1225":" rom","1226":"iako","1227":"goga","1228":"aher","1229":"uro ","1230":"okor","1231":"lulu","1232":"diai","1233":"obo ","1234":"eaia","1235":"kobo","1236":"ioan","1237":"agid","1238":"amep","1239":"rada","1240":"ibad","1241":"mepa","1242":" ber","1243":" iob","1244":"akob","1245":"oane","1246":"amu ","1247":"ahem","1248":"gina","1249":" far","1250":"osep","1251":"ikul","1252":"adok","1253":"lia ","1254":"kuli","1255":"miro","1256":"alus","1257":"halu","1258":"uli ","1259":"iobu","1260":"aro ","1261":"golo","1262":" rev","1263":"arer","1264":"ekok","1265":"evi ","1266":"heko","1267":"iose","1268":"redi","1269":"oiri","1270":"hera","1271":"arev","1272":"gege","1273":"boir","1274":"hoia","1275":"boud","1276":"pina","1277":"oku ","1278":"niki","1279":"uata","1280":"opin","1281":"kiri","1282":"aita","1283":"ora ","1284":"mari","1285":"auat","1286":"bala","1287":"motu","1288":"doa ","1289":"uku ","1290":"waua","1291":"iki ","1292":" iha","1293":"mili","1294":"maua","1295":"keru","1296":"lisa","1297":"hoto","1298":"enam","1299":" bet","1300":"urim","1301":"usia","1302":"ahen","1303":" kau","1304":"remi","1305":"ramu","1306":"iere","1307":"ladi","1308":"akav","1309":"bete","1310":"daun","1311":"inad","1312":"vaka","1313":"avak","1314":"raoa","1315":"alad","1316":"sene","1317":" aen","1318":"ogog","1319":"ogam","1320":" aha","1321":"koa ","1322":"ohot","1323":"ain ","1324":"gami","1325":" ogo","1326":"alom","1327":"mako","1328":"read","1329":"isia","1330":"tait","1331":" aro","1332":"gava","1333":"ili ","1334":"imur","1335":"rodi","1336":"eron","1337":"akoh","1338":" hat","1339":"aio ","1340":"rimu","1341":"inua","1342":"kohi","1343":"iela","1344":"iva ","1345":"asia","1346":"uaia","1347":"sili","1348":"aini","1349":"oga ","1350":"huai","1351":"urad","1352":"uram","1353":" loa","1354":" lul","1355":"okoa","1356":"suri","1357":" roh","1358":" gen","1359":" reg","1360":"iana","1361":" dob","1362":"anik","1363":" hos","1364":"tele","1365":" mem","1366":"dobu","1367":"rigi","1368":"kame","1369":" kak","1370":" pil","1371":"asea","1372":"taio","1373":"rint","1374":"kuku","1375":"eber","1376":" mah","1377":" aur","1378":"liva","1379":"gara","1380":"iliv","1381":"uruk","1382":"oalo","1383":" sek","1384":" asa","1385":"loal","1386":" bur","1387":"lea ","1388":"ulai","1389":"emam","1390":" hur","1391":"dila","1392":"adil","1393":"samu","1394":"mita","1395":"seka","1396":" lab","1397":"ila ","1398":"muel","1399":" gav","1400":"orod","1401":"amur","1402":"tia ","1403":" udu","1404":"ono ","1405":"buru","1406":"evag","1407":"loab","1408":"mahu","1409":"ahut","1410":"ruka","1411":"akak","1412":"oabo","1413":"amue","1414":"huta","1415":" med","1416":"uela","1417":"etur","1418":"oto ","1419":"ubun","1420":"niai","1421":"ukau","1422":"oaba","1423":"loma","1424":"hebe","1425":" tim","1426":" uda","1427":" uai","1428":"uain","1429":"sua ","1430":"igin","1431":"hetu","1432":" mot","1433":"anan","1434":"atua","1435":"madu","1436":"adun","1437":"akuk","1438":" bal","1439":"esek","1440":"kala","1441":"honu","1442":"edir","1443":" ara","1444":"anid","1445":"asar","1446":"agug","1447":"hagu","1448":"list","1449":"kauk","1450":"iro ","1451":"bora","1452":"manu","1453":"abor","1454":"osua","1455":"arua","1456":"haru","1457":"heud","1458":"asin","1459":"udun","1460":"vago","1461":"ruan","1462":"karo","1463":"ulu ","1464":"ageg","1465":"etel","1466":"iosu","1467":" hit","1468":"abat","1469":"boda","1470":"pain","1471":"hage","1472":"haga","1473":"nto ","1474":"ukad","1475":"aroa","1476":"adiv","1477":"diva","1478":"into","1479":"ivad","1480":"daga","1481":"sal ","1482":"uman","1483":"aiva","1484":"nona","1485":"enes","1486":"oria","1487":"sara","1488":"enao","1489":"bero","1490":"nese","1491":" aud","1492":"niel","1493":"anie","1494":"laro","1495":"odag","1496":"abol","1497":"dani","1498":"isak","1499":"beru","1500":"elar","1501":"labo","1502":"orid","1503":"fara","1504":"adoa","1505":"ivak","1506":"pepa","1507":"kaiv","1508":"vaku","1509":"ulua","1510":"lua ","1511":"esa ","1512":"esal","1513":"hasa","1514":"amia","1515":"ilis","1516":"kuro","1517":"atoi","1518":"isti","1519":"kaun","1520":" pai","1521":"amil","1522":"doho","1523":"rahe","1524":" doh","1525":" ior","1526":"hore","1527":"etoh","1528":" kir","1529":"kale","1530":"doma","1531":" fam","1532":"ahet","1533":"vain","1534":"fami","1535":"rao ","1536":"elis","1537":"hai ","1538":"oko ","1539":"nena","1540":"gene","1541":" mik","1542":"egad","1543":"pili","1544":"mesi","1545":"lodi","1546":"bana","1547":"rama","1548":"kiu ","1549":"miri","1550":"arab","1551":"ilea","1552":" pep","1553":"atad","1554":"ikiu","1555":"alod","1556":"stia","1557":"eka ","1558":"inen","1559":"meme","1560":"avam","1561":"riba","1562":"reha","1563":"ibi ","1564":"vama","1565":"salo","1566":"lani","1567":"hito","1568":"alea","1569":"ehai","1570":"anon","1571":"evah","1572":"alak","1573":"lota","1574":"ens ","1575":"bubu","1576":"rise","1577":"ber ","1578":"koho","1579":"vahe","1580":" dor","1581":"lebu","1582":"onik","1583":"emer","1584":"agas","1585":"unad","1586":" luk","1587":"gada","1588":"haha","1589":"nata","1590":"aki ","1591":"arid","1592":"gena","1593":"hosi","1594":"egen","1595":"maga","1596":"onan","1597":"timo","1598":" hep","1599":"dom ","1600":"adon","1601":" uit","1602":"ales","1603":"noa ","1604":"hese","1605":"turi","1606":"imot","1607":" ion","1608":"sin ","1609":"luka","1610":"bere","1611":"oteo","1612":"pabl","1613":" pab","1614":"rida","1615":"abli","1616":"aram","1617":"itol","1618":"idan","1619":"mote","1620":" bub","1621":"teo ","1622":" heh","1623":"nani","1624":"kwad","1625":"emao","1626":"haia","1627":"gasi","1628":"ioa ","1629":"uina","1630":"dane","1631":"hato","1632":"iara","1633":"ered","1634":"epap","1635":"asur","1636":"iori","1637":"ario","1638":"ede ","1639":" mis","1640":"riar","1641":"etor","1642":" kan","1643":" hui","1644":" heu","1645":"etoa","1646":"ukal","1647":" has","1648":"oret","1649":" gil","1650":" ubu","1651":"sako","1652":"aheg","1653":"bata","1654":"ahas","1655":"nisi","1656":"medu","1657":" asu","1658":"reto","1659":"koia","1660":"edu ","1661":" eka","1662":"naoa","1663":"ako ","1664":"ahab","1665":"sion","1666":"res ","1667":"gese","1668":"huin","1669":"hani","1670":"oama","1671":"aris","1672":"misi","1673":"iota","1674":"dona","1675":" pas","1676":" mal","1677":"deka","1678":"evai","1679":"kaud","1680":"gudi","1681":"agud","1682":" ruh","1683":"oboa","1684":"ruha","1685":" rei","1686":"boam","1687":" deh","1688":" sit","1689":"nika","1690":"aune","1691":" sim","1692":"doni","1693":"eona","1694":"uiti","1695":"alas","1696":"abes","1697":" ahu","1698":"uneg","1699":"papa","1700":"ator","1701":"nase","1702":" bib","1703":"geva","1704":"riot","1705":"anas","1706":"hepa","1707":"besa","1708":"lesi","1709":"kari","1710":"pera","1711":"aion","1712":"heda","1713":"daiu","1714":"mika","1715":"edav","1716":"kure","1717":"ebul","1718":"gile","1719":"abod","1720":"uheb","1721":"abai","1722":"bouh","1723":"den ","1724":"atal","1725":"kol ","1726":"ouhe","1727":" noa","1728":"ekal","1729":"kisi","1730":"iutu","1731":" mes","1732":"aiut","1733":"arib","1734":"tabo","1735":"rila","1736":"hiri","1737":"ehen","1738":"hehe","1739":"seta","1740":"ihoi","1741":"bodi","1742":"ures","1743":"edom","1744":" aba","1745":" edo","1746":"apah","1747":"hoih","1748":"pahu","1749":" sih","1750":"kapu","1751":"oiho","1752":"ibod","1753":"leka","1754":" kur","1755":"kilo","1756":"watu","1757":" ram","1758":"kwat","1759":"ram ","1760":"vabu","1761":"moro","1762":"sere","1763":"laba","1764":" gal","1765":"pani","1766":" kil","1767":"ahar","1768":"ble ","1769":"otu ","1770":"dago","1771":"vamu","1772":" bis","1773":"agev","1774":"adag","1775":"ilip","1776":"ive ","1777":"bibl","1778":" vam","1779":"umad","1780":" sio","1781":"rabo","1782":"beni","1783":" hir","1784":"moab","1785":"niam","1786":"ati ","1787":"adal","1788":"greg","1789":"oliv","1790":"ole ","1791":"gaan","1792":" gug","1793":"baba","1794":"sapa","1795":"eko ","1796":"damu","1797":"ehor","1798":"agaa","1799":" ter","1800":"aani","1801":" ado","1802":"edi ","1803":" kap","1804":" fil","1805":"ible","1806":"all ","1807":"edes","1808":"nesi","1809":"eso ","1810":"otai","1811":"utu ","1812":"ekur","1813":"bole","1814":" oli","1815":"ngre","1816":"eges","1817":"iami","1818":"taga","1819":"bota","1820":"haho","1821":"avad","1822":"live","1823":" bot","1824":"aon ","1825":"vane","1826":" the","1827":"lead","1828":"saba","1829":"eser","1830":" dig","1831":"laki","1832":"mele","1833":"maum","1834":"umau","1835":"dori","1836":"atab","1837":"dese","1838":"uhai","1839":"apok","1840":"irig","1841":"and ","1842":"bisi","1843":" new","1844":"one ","1845":"mber","1846":" sep","1847":"omi ","1848":"gage","1849":" tok","1850":"taha","1851":" leb","1852":"fari","1853":"tori","1854":"isea","1855":"todi","1856":"seki","1857":"nuin","1858":"inui","1859":"rema","1860":"rei ","1861":"adab","1862":"usi ","1863":"inis","1864":"hall","1865":"atod","1866":"uinu","1867":"nise","1868":"varo","1869":"ikol","1870":"ored","1871":"mala","1872":"fili","1873":"deho","1874":"the ","1875":" mit","1876":"heku","1877":" lam","1878":"atak","1879":"inu ","1880":"hora","1881":" epa","1882":"eba ","1883":" mil","1884":" rig","1885":" deu","1886":"iude","1887":" of ","1888":"amor","1889":" hon","1890":"atah","1891":"bidi","1892":"gato","1893":"imi ","1894":"lohe","1895":" uro","1896":" vab","1897":"eede","1898":"edee","1899":"tiko","1900":"deed","1901":" bar","1902":"tion","1903":"aben","1904":"lame","1905":" neb","1906":"ehem","1907":"rogo","1908":"asai","1909":"siki","1910":"embe","1911":"ohek","1912":"rudi","1913":"epar","1914":"anis","1915":" ser","1916":" aun","1917":"huri","1918":"agad","1919":"onu ","1920":" ini","1921":"sana","1922":"son ","1923":"amak","1924":"hatu","1925":" don","1926":"otam","1927":"erel","1928":" ama","1929":"waki","1930":"eude","1931":"new ","1932":"baga","1933":"iese","1934":"paso","1935":"elal","1936":" sur","1937":"nagu","1938":"ibag","1939":" ce ","1940":"iusi","1941":"tok ","1942":" pan","1943":"sera","1944":"okal","1945":"blis","1946":"hata","1947":" dis","1948":"land","1949":"sova","1950":"ines","1951":"agar","1952":"siha","1953":"bati","1954":"uden","1955":"euda","1956":"hona","1957":" pro","1958":"urud","1959":"onat","1960":"rega","1961":"iku ","1962":"asov","1963":"esik","1964":"oura","1965":"kero","1966":"kour","1967":"eker","1968":"mama","1969":"kahu","1970":"ames","1971":"udah","1972":"gdom","1973":" nw ","1974":" nih","1975":"aisa","1976":"ahon","1977":"hure","1978":" ere","1979":"ion ","1980":"nihi","1981":"ngdo","1982":"ingd","1983":" gre","1984":"alup","1985":"sema","1986":"anes","1987":"anig","1988":"ihi ","1989":"oioa","1990":"upo ","1991":" ger","1992":"heva","1993":"ramo","1994":"onua","1995":"poka","1996":" sab","1997":"kalu","1998":" rut","1999":"lupo","2000":"osea","2001":"akis","2002":"laio","2003":"beka","2004":" hev","2005":"ete ","2006":" pri","2007":" ori","2008":" ope","2009":"eadi","2010":"dora","2011":"ereh","2012":" tab","2013":"niga","2014":" sai","2015":" hod","2016":" efe","2017":"nebu","2018":"rono","2019":"sodo","2020":"mono","2021":"mada","2022":"laka","2023":"daid","2024":"agat","2025":"wadi","2026":" tre","2027":"laid","2028":" uhe","2029":"lion","2030":"alot","2031":"elek","2032":"laol","2033":"ilio","2034":"orah","2035":"olao","2036":"alab","2037":" eso","2038":"oina","2039":"ioni","2040":" gid","2041":" gog","2042":"neli","2043":"itik","2044":"trei","2045":"aola","2046":"rela","2047":"abe ","2048":"ador","2049":"egab","2050":"mau ","2051":" hap","2052":"gia ","2053":"sede","2054":" sid","2055":"unag","2056":" gag","2057":" du ","2058":"oren","2059":"oral","2060":"kane","2061":"ioab","2062":"riki","2063":"gree","2064":"graf","2065":" pol","2066":"irik","2067":"dua ","2068":"seke","2069":"okur","2070":"udai","2071":"pua ","2072":" esa","2073":" bos","2074":" io ","2075":"apua","2076":"urok","2077":" iam","2078":"ihun","2079":"aima","2080":" bod","2081":"hutu","2082":"lama","2083":"atub","2084":"bai ","2085":"isiu","2086":" van","2087":" ami","2088":"ohol","2089":"mius","2090":"bulu","2091":"siu ","2092":" miu","2093":"lati","2094":"nesa","2095":"ikir","2096":"ebuk","2097":"ogar","2098":"hosa","2099":"pana","2100":"ica ","2101":"esed","2102":"iehu","2103":"adua","2104":"iata","2105":"nedi","2106":"note","2107":"rata","2108":"tes ","2109":"noga","2110":" foo","2111":"igai","2112":"ohi ","2113":"ulou","2114":"anel","2115":"hapa","2116":" kal","2117":"oulo","2118":"egeg","2119":"eset","2120":" seb","2121":"mena","2122":" bei","2123":"loul","2124":"tnot","2125":"osai","2126":"kila","2127":"ootn","2128":"abab","2129":"edek","2130":"masa","2131":"foot","2132":"enta","2133":"bule","2134":" tes","2135":" pen","2136":"ekar","2137":"otno","2138":"gen ","2139":" sem","2140":"pari","2141":" kas","2142":"iens","2143":"usik","2144":"iero","2145":" ava","2146":"egem","2147":"siti","2148":"aiso","2149":"eini","2150":"iele","2151":"andr","2152":"gema","2153":"mal ","2154":" hut","2155":"aban","2156":"uleb","2157":"atio","2158":"turo","2159":" rin","2160":"ebu ","2161":" reh","2162":"hasi","2163":" lot","2164":"dono","2165":"dais","2166":" sar","2167":" gai","2168":"imal","2169":"apar","2170":"utum","2171":"iko ","2172":"rica","2173":"deut","2174":"iosa","2175":"ipa ","2176":"sau ","2177":"uter","2178":"esau","2179":"eute","2180":"onom","2181":"feso","2182":"ote ","2183":"efes","2184":"raid","2185":" tag","2186":" oho","2187":"otuk","2188":"ogra","2189":"ogan","2190":"heai","2191":"eper","2192":" lok","2193":"tuka","2194":"ihon","2195":"emat","2196":"emad","2197":"ehos","2198":"pia ","2199":"tuma","2200":"huru","2201":"eruk","2202":"eibi","2203":" ahi","2204":"beib","2205":"erub","2206":"ruke","2207":"bele","2208":"kea ","2209":" ame","2210":"kore","2211":" dam","2212":"bose","2213":"uadi","2214":"taim","2215":"alau","2216":"ehu ","2217":"ilog","2218":"aru ","2219":"hida","2220":"alat","2221":"urid","2222":"nomi","2223":" gei","2224":"reko","2225":"oidi","2226":"uker","2227":"abel","2228":"sine","2229":"uhe ","2230":"omit","2231":"omor","2232":"igar","2233":" eva","2234":"hoi ","2235":"ehob","2236":"pidi","2237":"saro","2238":"itor","2239":"hobo","2240":"apus","2241":"dehe","2242":"kesi","2243":"odo ","2244":"arak","2245":"pusi","2246":"reho","2247":"poli","2248":"imon","2249":"dail","2250":"ahai","2251":" eks","2252":" bre","2253":" ban","2254":" ele","2255":" kib","2256":"amel","2257":"unu ","2258":"aiga","2259":"sams","2260":" neh","2261":"bolo","2262":"iril","2263":"hau ","2264":"geia","2265":"gala","2266":"dian","2267":"oreh","2268":" kol","2269":"naba","2270":"amso","2271":"kibi","2272":"ikil","2273":"raim","2274":"gibe","2275":"mson","2276":" gib","2277":"bren","2278":"diga","2279":"tabe","2280":"opes","2281":"ruta","2282":"osap","2283":"emon","2284":"ted ","2285":"aim ","2286":"sare","2287":"amag","2288":"igi ","2289":"gael","2290":"aras","2291":"stiu","2292":"kone","2293":"ipi ","2294":"ihat","2295":"sona","2296":"ris ","2297":"ary ","2298":"iame","2299":"lepe","2300":"rini","2301":"taka","2302":"abal","2303":"reek","2304":" sti","2305":" ste","2306":"ubud","2307":"ent ","2308":" ful","2309":"eek ","2310":"amok","2311":"varu","2312":"idio","2313":"emau","2314":"lik ","2315":"toin","2316":"keis","2317":"tiud","2318":" eng","2319":"rens","2320":"poti","2321":"oasa","2322":"otum","2323":"uhau","2324":"rein","2325":"bara","2326":"inta","2327":"ontr","2328":"robo","2329":"umot","2330":"epan","2331":"arek","2332":" wor","2333":"kont","2334":"imar","2335":" lak","2336":"omam","2337":"gaig","2338":"hola","2339":" doa","2340":"goa ","2341":"leba","2342":"engl","2343":"meri","2344":"oroh","2345":"eke ","2346":" nog","2347":"simo","2348":" moi","2349":" int","2350":"moia","2351":"tumo","2352":"eres","2353":"agim","2354":" nab","2355":" uha","2356":"liti","2357":"nigo","2358":"auro","2359":"kai ","2360":" rog","2361":"kiel","2362":"gogo","2363":"ause","2364":"diab","2365":"eram","2366":"wiki","2367":"sila","2368":"ali ","2369":"erob","2370":"olit","2371":"ekie","2372":" usa","2373":"meam","2374":"aian","2375":" wik","2376":"mea ","2377":"amea","2378":"abek","2379":"gui ","2380":"sito","2381":"amen","2382":"ume ","2383":"ison","2384":"matu","2385":"itot","2386":" ana","2387":"tohi","2388":"igui","2389":"arap","2390":"tesa","2391":"nudi","2392":"emen","2393":"taus","2394":"edon","2395":"tami","2396":" ase","2397":"koid","2398":"loga","2399":" rah","2400":" ito","2401":" igu","2402":"iato","2403":"iabo","2404":" lep","2405":"uben","2406":" rub","2407":"agia","2408":"akap","2409":"kina","2410":" lo ","2411":"amit","2412":"ente","2413":"raf ","2414":" aka","2415":"pila","2416":"atch","2417":"eila","2418":"aker","2419":"amad","2420":"ragr","2421":"iaid","2422":"anud","2423":" kom","2424":"tom ","2425":"mere","2426":"saka","2427":"eame","2428":"demo","2429":"lato","2430":"sime","2431":"agra","2432":" dem","2433":" mea","2434":"idib","2435":"asto","2436":"ish ","2437":"rube","2438":"oman","2439":"deon","2440":"gwar","2441":"gide","2442":"waru","2443":"sta ","2444":"apu ","2445":"lasa","2446":"nigi","2447":" wat","2448":"rume","2449":"oti ","2450":"pulu","2451":" tui","2452":"okua","2453":"ato ","2454":"men ","2455":"ideo","2456":"ower","2457":"mat ","2458":"helu","2459":"hose","2460":"neha","2461":"dio ","2462":"wer ","2463":"stom","2464":"ndre","2465":" bir","2466":"arum","2467":"ege ","2468":"elul","2469":"epul","2470":"pent","2471":"kepu","2472":"heat","2473":"loku","2474":"sebu","2475":"ludi","2476":"elo ","2477":"kast","2478":"hoda","2479":"aret","2480":"kua ","2481":"rapu","2482":"towe","2483":"rian","2484":"ulud","2485":"nehe","2486":"watc","2487":"rate","2488":"nodi","2489":" kes","2490":"sam ","2491":"igos","2492":"iopi","2493":"enin","2494":"gwad","2495":" goh","2496":"boul","2497":"odek","2498":"hemi","2499":"gohu","2500":"gosi","2501":"oila","2502":"dogi","2503":"umu ","2504":"hami","2505":"erat","2506":"amir","2507":" mid","2508":"ilat","2509":"rode","2510":" kem","2511":"ober","2512":"ruku","2513":"ripo","2514":"use ","2515":"bedi","2516":"tiop","2517":"ntam","2518":"etal","2519":"sent","2520":" eti","2521":"oula","2522":"iam ","2523":"wada","2524":"opia","2525":"piri","2526":"oste","2527":"eatu","2528":"anod","2529":"lipi","2530":" rek","2531":"erod","2532":"eha ","2533":"eseb","2534":"etio","2535":"adog","2536":"asek","2537":"sini","2538":"apa ","2539":"ate ","2540":"wado","2541":"irir","2542":"ioas","2543":" and","2544":"reta","2545":"eleh","2546":"peta","2547":" foa","2548":"ofes","2549":"hoil","2550":" ant","2551":" pid","2552":"tiok","2553":"fran","2554":"send","2555":"polo","2556":" nas","2557":"foa ","2558":"gaba","2559":"ogor","2560":"keme","2561":"amet","2562":"ful ","2563":" ged","2564":" bh\u011f","2565":" na ","2566":"aser","2567":"ogo ","2568":"teko","2569":" uni","2570":"ipot","2571":" pev","2572":"peva","2573":"riri","2574":" tis","2575":"bh\u011f ","2576":"isto","2577":"hudi","2578":"ripa","2579":"goro","2580":"orog","2581":"ude ","2582":"red ","2583":"igab","2584":" rip","2585":"ust ","2586":"biat","2587":"urur","2588":"tate","2589":"ruru","2590":" gat","2591":" fra","2592":"heba","2593":"nius","2594":"leas","2595":"iadi","2596":" bil","2597":"ubi ","2598":"alil","2599":"iban","2600":"tui ","2601":"png ","2602":"blik","2603":"seko","2604":"osa ","2605":"opi ","2606":" sad","2607":"lish","2608":" kis","2609":"akik","2610":"rubi","2611":"kwin","2612":"esod","2613":" iko","2614":"eupe","2615":"apol","2616":"ikwa","2617":"uper","2618":"kolo","2619":" kwi","2620":"lain","2621":"ilo ","2622":" ken","2623":"wini","2624":"lomi","2625":"nuad","2626":" uri","2627":"rosi","2628":"spir","2629":"kikw","2630":"kit ","2631":" bul","2632":"stor","2633":"ehoi","2634":"ekit","2635":"midi","2636":" dra","2637":"risi","2638":"dima","2639":"gita","2640":" eup","2641":"iram","2642":"sidi","2643":"easa","2644":"roda","2645":" png","2646":"gram","2647":"elea","2648":"bce ","2649":"odi ","2650":"gali","2651":"kimi","2652":"taki","2653":"orld","2654":" tra","2655":" bce","2656":"irie","2657":"urau","2658":"ton ","2659":"rien","2660":"nce ","2661":"hiai","2662":"basa","2663":"sipa","2664":"disi","2665":"fig ","2666":"kor ","2667":"worl","2668":" rab","2669":"raur","2670":"irid","2671":"dea ","2672":"sain","2673":"kspi","2674":"dare","2675":"eksp","2676":"isam","2677":"kunu","2678":"anti","2679":" fig","2680":"iaki","2681":"eheu","2682":"sept","2683":"bela","2684":"lehe","2685":"ebe ","2686":"laua","2687":"muna","2688":" pur","2689":"ebam","2690":"ntai","2691":"paro","2692":" tak","2693":"enel","2694":"heb ","2695":"dahu","2696":"une ","2697":"udeh","2698":"eman","2699":"rld ","2700":" kun","2701":"ahek","2702":"hist","2703":"lile","2704":"akep","2705":"isar","2706":"pris","2707":"stat","2708":"raba","2709":"usu ","2710":"prin","2711":"ngli","2712":" dec","2713":"sida","2714":"ahid","2715":"eric","2716":"uti ","2717":"stei","2718":"beon","2719":"kape","2720":"odoa","2721":"ehad","2722":"waum","2723":"ibeo","2724":" jul","2725":" asi","2726":"pere","2727":" tit","2728":"aisi","2729":"uno ","2730":"ther","2731":"laur","2732":"lome","2733":"sado","2734":"rame","2735":"tisa","2736":"ates","2737":"asan","2738":"umao","2739":" tao","2740":"ndom","2741":"endo","2742":"ilom","2743":"mera","2744":"toni","2745":" mel","2746":"akim","2747":"moto","2748":"mage","2749":"imel","2750":"glis","2751":"ekea","2752":"tapa","2753":" \u25a1 ","2754":"ial ","2755":" ofe","2756":"ius ","2757":"aoni","2758":"apan","2759":"edit","2760":"usai","2761":"usa ","2762":" sei","2763":"dece","2764":"rail","2765":" ale","2766":"rik ","2767":" aio","2768":"idon","2769":" oct","2770":"atik","2771":"rasa","2772":"udea","2773":"enis","2774":"abin","2775":"runa","2776":"cemb","2777":"akin","2778":"soci","2779":"bani","2780":"tito","2781":"pela","2782":"uhi ","2783":"hidu","2784":"outi","2785":" aug","2786":"seba","2787":"sebe","2788":"teri","2789":"kais","2790":"hero","2791":"octo","2792":"sike","2793":"ipo ","2794":"kiki","2795":"take","2796":"ined","2797":" sod","2798":"ulun","2799":"hedo","2800":"odom","2801":"luno","2802":"kasi","2803":"asat","2804":"eban","2805":"inte","2806":"ugus","2807":"mosa","2808":"agag","2809":"augu","2810":"amer","2811":"est ","2812":"reso","2813":"medi","2814":" kik","2815":"box ","2816":" sel","2817":"rabi","2818":"osia","2819":"lisi","2820":"aneg","2821":"ctob","2822":"ecem","2823":"bea ","2824":"reke","2825":"tobe","2826":"aned","2827":" box","2828":"gust","2829":" phi","2830":"ohen","2831":"orem","2832":" rav","2833":"rehu","2834":"ribu","2835":"erik","2836":" mav","2837":"heag","2838":"rese","2839":" num","2840":" stu","2841":"oram","2842":"erit","2843":"ter ","2844":" niu","2845":" rat","2846":"tch ","2847":"rial","2848":"guhi","2849":"hodi","2850":" rer","2851":"ntio","2852":"erib","2853":" pel","2854":"hiti","2855":"etai","2856":"lipo","2857":"rami","2858":"irod","2859":"eagi","2860":" tow","2861":"kumi","2862":"duke","2863":" bel","2864":"imad","2865":" guh","2866":"ier ","2867":"phil","2868":"lose","2869":"atag","2870":"bene","2871":"trib","2872":"kodi","2873":"nere","2874":"amun","2875":"int ","2876":"stud","2877":"stra","2878":"kama","2879":"miki","2880":"edik","2881":" for","2882":"eian","2883":"apen","2884":"tim ","2885":"ehur","2886":" afr","2887":"mava","2888":"iuni","2889":"eidi","2890":" tel","2891":"ekos","2892":"ikou","2893":"rogr","2894":" hol","2895":"emas","2896":"iner","2897":"kopu","2898":"atap","2899":"orua","2900":"olos","2901":"pava","2902":"kora","2903":"alek","2904":"reil","2905":"naom","2906":"hame","2907":" ias","2908":"asem","2909":"memo","2910":"unit","2911":"tair","2912":"dred","2913":"omet","2914":"hel ","2915":"aval","2916":"seru","2917":"keta","2918":"melo","2919":" fai","2920":"fric","2921":" soc","2922":"silo","2923":"eri ","2924":"holi","2925":"emor","2926":"ste ","2927":" eno","2928":"nuan","2929":"nite","2930":"rito","2931":"ico ","2932":"kuru","2933":"line","2934":"prog","2935":" ros","2936":" nov","2937":"ited","2938":"atia","2939":"sai ","2940":"sido","2941":" vol","2942":"eneh","2943":" sap","2944":"amos","2945":"pura","2946":" \u25aa ","2947":"biru","2948":"iasi","2949":"aomi","2950":" joh","2951":"ntek","2952":"irih","2953":"nama","2954":"ureh","2955":"ril ","2956":"mori","2957":"ekem","2958":"kost","2959":"ieri","2960":"efan","2961":"taon","2962":"kou ","2963":"igan","2964":"afri","2965":"lita","2966":"otes","2967":"isik","2968":"ist ","2969":"pesi","2970":" nao","2971":"erek","2972":"oket","2973":"eli ","2974":"rman","2975":"trak","2976":"vase","2977":" ner","2978":"atas","2979":"hand","2980":"ipar","2981":" not","2982":"pine","2983":"gida","2984":"olia","2985":"ead ","2986":"olan","2987":"ment","2988":"adid","2989":"ciet","2990":"didi","2991":" min","2992":" spa","2993":"not ","2994":" dud","2995":"arip","2996":" pus","2997":"bano","2998":"hile","2999":"keva","3000":"ety ","3001":" bat","3002":"fon ","3003":" kum","3004":"baru","3005":"klas","3006":"akai","3007":" sip","3008":" kla","3009":"fesa","3010":"doke","3011":"akar","3012":"akas","3013":"akor","3014":"ake ","3015":"eson","3016":"ntri","3017":"arau","3018":"arat","3019":"pele","3020":"ibus","3021":"tali","3022":"aruk","3023":"aodi","3024":"ranc","3025":" jan","3026":"alia","3027":"sein","3028":"seha","3029":" can","3030":"male","3031":"puse","3032":"buse","3033":"hele","3034":"laod","3035":" ges","3036":"aseh","3037":"make","3038":" git","3039":"epe ","3040":"ula ","3041":"uril","3042":"ocie","3043":"las ","3044":" iun","3045":"evas","3046":"rene","3047":"laal","3048":"siho","3049":"itoa","3050":"apal","3051":"udim","3052":"euro","3053":"kain","3054":"faiv","3055":"abed","3056":"july","3057":" cre","3058":"ein ","3059":"ives","3060":"germ","3061":"eit ","3062":"siv ","3063":"kele","3064":"kema","3065":"kin ","3066":"ance","3067":"ium ","3068":"anet","3069":"erma","3070":"ons ","3071":"dano","3072":"ahod","3073":"aala","3074":"kudi","3075":" boa","3076":"ian ","3077":"net ","3078":" eur","3079":"hake","3080":"ioka","3081":"nado","3082":"nadu","3083":"raun","3084":"nive","3085":"hila","3086":"bert","3087":"pet ","3088":"iety","3089":" kev","3090":" iep","3091":"ight","3092":"rope","3093":"uni ","3094":" hus","3095":"hodo","3096":"indo","3097":"roto","3098":"alaa","3099":"iks ","3100":"aleb","3101":" hil","3102":"bali","3103":"uly ","3104":"amal","3105":"umia","3106":"iada","3107":"digu","3108":"urop","3109":"ulam","3110":"eki ","3111":"raki","3112":"abis","3113":"viti","3114":" edu","3115":"iru ","3116":"mini","3117":" nai","3118":"aiv ","3119":"urb ","3120":"blur","3121":"igu ","3122":"ness","3123":"tane","3124":" jeh","3125":" sie","3126":"akad","3127":"komi","3128":" uil","3129":" kim","3130":" ass","3131":"ones","3132":"rado","3133":"ovem","3134":"rasi","3135":"ovah","3136":"puli","3137":"dou ","3138":"ilek","3139":"oasi","3140":"deu ","3141":"ork ","3142":"laud","3143":"biri","3144":"edai","3145":"saie","3146":"husa","3147":"nove","3148":"ptem","3149":"spai","3150":"eduk","3151":" kad","3152":"anun","3153":"boas","3154":" kat","3155":"eti ","3156":" san","3157":"fano","3158":" ira","3159":"ieba","3160":"esse","3161":"salu","3162":"evit","3163":"stef","3164":"ntra","3165":"aele","3166":"sone","3167":"dent","3168":"tude","3169":"ope ","3170":"boto","3171":"kouk","3172":"enak","3173":"kima","3174":"amot","3175":"lurb","3176":" sto","3177":"oela","3178":"seme","3179":"jeho","3180":"gedi","3181":" may","3182":"adod","3183":"temb","3184":"mei ","3185":"ukou","3186":"tain","3187":"hasu","3188":"marc","3189":"ulis","3190":" deb","3191":"vemb","3192":" sun","3193":"okai","3194":"atar","3195":"ios ","3196":" nap","3197":"eroa","3198":"iosi","3199":"ukei","3200":"meon","3201":"raku","3202":"uili","3203":"epte","3204":"john","3205":"gata","3206":"tefa","3207":"imeo","3208":"sieb","3209":"atol","3210":"tran","3211":"aien","3212":"nasa","3213":" pul","3214":"maha","3215":" blu","3216":"sibi","3217":" bra","3218":" sou","3219":"gori","3220":"pesa","3221":"nake","3222":"mese","3223":"cana","3224":" lus","3225":" uru","3226":"elik","3227":"anab","3228":"ouko","3229":" suk","3230":" pon","3231":" lis","3232":"elio","3233":"tral","3234":"ptur","3235":"abim","3236":"raro","3237":"rebe","3238":"rafi","3239":"edo ","3240":"pepe","3241":"rans","3242":"epat","3243":"epet","3244":"eme ","3245":"pese","3246":"ebus","3247":"reki","3248":"dit ","3249":" usi","3250":"doka","3251":"paga","3252":"dudu","3253":"enok","3254":"elef","3255":"toio","3256":"abot","3257":"rati","3258":"pasa","3259":"lele","3260":"klet","3261":"ait ","3262":"ohn ","3263":"asen","3264":"nea ","3265":"ahs ","3266":"ript","3267":"ses ","3268":"oiak","3269":"iepe","3270":"nagi","3271":"alog","3272":"oios","3273":" aki","3274":"ukle","3275":"stri","3276":"ions","3277":"logo","3278":"ahil","3279":"nabo","3280":"ohat","3281":"habe","3282":" nah","3283":"koha","3284":"hili","3285":"nter","3286":"bukl","3287":"kato","3288":"univ","3289":"tal ","3290":"odai","3291":" lin","3292":" lit","3293":"xico","3294":" mex","3295":"koto","3296":"vahs","3297":"sel ","3298":"nsol","3299":"nsla","3300":"scri","3301":"ansl","3302":"ght ","3303":" aus","3304":"aine","3305":"lika","3306":" hin","3307":"dame","3308":"istr","3309":"leta","3310":"itad","3311":"itan","3312":"mexi","3313":"aked","3314":"let ","3315":"slat","3316":"exic","3317":"masi","3318":"anag","3319":"ihoa","3320":"sses","3321":"suko","3322":"iuta","3323":"usid","3324":" scr","3325":"tere","3326":"lumu","3327":"isip","3328":"gebe","3329":"west","3330":"niti","3331":"cred","3332":"sino","3333":"ikel","3334":"liat","3335":"bime","3336":"aha ","3337":"gedo","3338":"iptu","3339":"nel ","3340":"ahad","3341":"bine","3342":"crip","3343":"bina","3344":" uga","3345":"imei","3346":" uin","3347":"sebo","3348":"kedo","3349":"drag","3350":" iap","3351":"aedi","3352":"mael","3353":"embl","3354":"ebel","3355":"uth ","3356":"asah","3357":"aimi","3358":"nail","3359":" bri","3360":"auns","3361":"amae","3362":"mpiu","3363":"irad","3364":"eabi","3365":"asir","3366":"piut","3367":"ipid","3368":"abi ","3369":" ene","3370":"miti","3371":" dio","3372":"siks","3373":"mes ","3374":"iual","3375":"asse","3376":"sing","3377":" gom","3378":"aust","3379":"kako","3380":"alen","3381":"napa","3382":"ased","3383":"ell ","3384":"rag ","3385":"tou ","3386":"babe","3387":" web","3388":" gas","3389":"semb","3390":"init","3391":" wes","3392":"inou","3393":"sise","3394":"iora","3395":"alum","3396":"azil","3397":"ustr","3398":"bly ","3399":" tul","3400":"lica","3401":" sor","3402":" poi","3403":"olik","3404":" pam","3405":"ahim","3406":"gila","3407":"ukai","3408":"ahit","3409":"ukot","3410":"goli","3411":"lahe","3412":"oiad","3413":"york","3414":"ual ","3415":"tena","3416":"ediu","3417":"esan","3418":"ugav","3419":"ubli","3420":"etes","3421":" rus","3422":"leda","3423":"opu ","3424":"ssem","3425":" \u00a9 ","3426":"lipa","3427":"aoda","3428":"aohe","3429":" rep","3430":"onog","3431":"onin","3432":"ompi","3433":"esel","3434":"any ","3435":"ubau","3436":"ogin","3437":"lio ","3438":"may ","3439":"russ","3440":"pono","3441":"ibea","3442":"tik ","3443":"tulu","3444":"pama","3445":"airi","3446":" ked","3447":"egeb","3448":"diua","3449":"nogr","3450":"bile","3451":"bosi","3452":"mbly","3453":"nunu","3454":"tmen","3455":"unso","3456":"sait","3457":" iot","3458":" ind","3459":" yor","3460":"toli","3461":" tek","3462":"arch","3463":"komp","3464":"kout","3465":"heab","3466":"ido ","3467":"haod","3468":"kisa","3469":" ba ","3470":"matt","3471":"ehe ","3472":"egul","3473":"tout","3474":" ate","3475":"eged","3476":"lias","3477":"krat","3478":"lidi","3479":" con","3480":"like","3481":" ais","3482":" apr","3483":" chi","3484":" bed","3485":"pril","3486":"liab","3487":"zil ","3488":"etan","3489":"iusp","3490":"ohud","3491":" nin","3492":"gula","3493":"guni","3494":"erei","3495":"hako","3496":"erar","3497":"ogi ","3498":"erai","3499":" map","3500":"odik","3501":" lid","3502":"her ","3503":" let","3504":"outo","3505":"ukur","3506":"uko ","3507":"okod","3508":"okra","3509":"ord ","3510":"esta","3511":"udu ","3512":"evia","3513":" set","3514":"oper","3515":" reb","3516":" kuk","3517":"orun","3518":" pun","3519":"uary","3520":"osan","3521":"gaha","3522":"uapa","3523":" pin","3524":" spe","3525":"for ","3526":"ntan","3527":"hula","3528":"hura","3529":"nao ","3530":"inin","3531":"inon","3532":"elen","3533":"vea ","3534":"muta","3535":"iokr","3536":"elip","3537":"ipat","3538":"trik","3539":" est","3540":"veve","3541":"viat","3542":"irei","3543":"mora","3544":" wai","3545":" vas","3546":"eire","3547":" geh","3548":"peni","3549":" tio","3550":"nou ","3551":" jos","3552":"iapa","3553":" jam","3554":" ton","3555":" tou","3556":"nasi","3557":"nini","3558":"nera","3559":"ikei","3560":"ikis","3561":"utou","3562":"ndo ","3563":" gra","3564":"vait","3565":"uspe","3566":"nds ","3567":"opa ","3568":"aril","3569":"aten","3570":"akur","3571":"spes","3572":"dist","3573":"ades","3574":"reir","3575":"test","3576":"rele","3577":"spep","3578":"agah","3579":"riat","3580":"anak","3581":"auap","3582":"ahul","3583":"braz","3584":"ruth","3585":"bodo","3586":"asta","3587":"tin ","3588":"sima","3589":"rima","3590":"bais","3591":"ebek","3592":"afi ","3593":"razi","3594":"doud","3595":"asib","3596":"apri","3597":"riam","3598":"diam","3599":"ariu","3600":"regu","3601":"saut","3602":"dair","3603":"cent","3604":"tern","3605":"diko","3606":"pune","3607":"riel","3608":"uind","3609":"airo","3610":"japa","3611":"apet","3612":" jun","3613":"june","3614":" wal","3615":"bili","3616":" pla","3617":"pan ","3618":"mas ","3619":"iber","3620":"blic","3621":"wala","3622":"geha","3623":"uroa","3624":"pisi","3625":"gasa","3626":"noma","3627":"many","3628":"bisa","3629":" pik","3630":"abet","3631":"ksen","3632":"naha","3633":" oba","3634":"wain","3635":"side","3636":"mino","3637":"lahu","3638":"elet","3639":"pena","3640":" ebe","3641":"isim","3642":"laha","3643":"ampa","3644":"busu","3645":"umer","3646":"heka","3647":" meg","3648":"cati","3649":" lon","3650":"atin","3651":"ropa","3652":"doru","3653":"doro","3654":"had ","3655":"emba","3656":" kei","3657":"riho","3658":"jame","3659":"megi","3660":" vid","3661":"ibos","3662":" del","3663":"ruba","3664":"gido","3665":"rali","3666":"risa","3667":"nume","3668":"kuri","3669":"lila","3670":"hino","3671":"sula","3672":"vidi","3673":" net","3674":"patm","3675":" ist","3676":" jap","3677":" ied","3678":"tope","3679":"iebu","3680":"ubab","3681":"ebon","3682":" ioe","3683":"efon","3684":"egid","3685":"sita","3686":"prov","3687":"repa","3688":"akoi","3689":"bain","3690":"ineh","3691":"inea","3692":"naoh","3693":"see ","3694":"ikea","3695":"inag","3696":"ikam","3697":" sea","3698":"beri","3699":"inom","3700":"adel","3701":"koni","3702":"tan ","3703":"lefo","3704":"egal","3705":"les ","3706":"nine","3707":"inev","3708":"pot ","3709":"omer","3710":"arim","3711":"tera","3712":"ersi","3713":"publ","3714":"ert ","3715":"agir","3716":"eral","3717":"diad","3718":" ieb","3719":"nais","3720":" sos","3721":"skar","3722":"soa ","3723":"alah","3724":"dike","3725":"uala","3726":"neva","3727":" gri","3728":" cen","3729":"out ","3730":"ehas","3731":" wil","3732":" chr","3733":"uel ","3734":"pres","3735":"rius","3736":"guin","3737":"iuse","3738":" den","3739":"riti","3740":"ome ","3741":"ster","3742":"itae","3743":"sosa","3744":" ati","3745":"ahur","3746":"lope","3747":"sori","3748":"witi","3749":" mo ","3750":"mepi","3751":" dip","3752":" tap","3753":" muv","3754":"peka","3755":"chri","3756":"koin","3757":"kola","3758":" see","3759":"haau","3760":"esem","3761":"ubal","3762":"oini","3763":" nor","3764":"ook ","3765":" pav","3766":"ill ","3767":" pek","3768":"asip","3769":"aseb","3770":"oliu","3771":"ahat","3772":"epai","3773":"uhur","3774":"gera","3775":"uele","3776":" spo","3777":"ovin","3778":"agil","3779":"ard ","3780":"form","3781":"man ","3782":" pre","3783":"uhad","3784":"tene","3785":" pub","3786":"ahal","3787":" pap","3788":" top","3789":"lium","3790":"grik","3791":"dion","3792":" bh\u1e21","3793":"dipa","3794":"kula","3795":"ohun","3796":" nun","3797":"memb","3798":"epod","3799":"ukop","3800":"rimi","3801":"glan","3802":"opuk","3803":"asad","3804":"doki","3805":"ston","3806":"evis","3807":"asap","3808":"janu","3809":"tese","3810":"uine","3811":"asas","3812":"gete","3813":"grup","3814":"aiap","3815":" kep","3816":"ibin","3817":"iaha","3818":"eiti","3819":"eama","3820":" agr","3821":"tase","3822":"muvi","3823":"avap","3824":"rup ","3825":"ngla","3826":"piks","3827":"nta ","3828":"avab","3829":"hual","3830":"tari","3831":"vers","3832":"sari","3833":"iote","3834":"ral ","3835":"nten","3836":"hris","3837":"lega","3838":"sase","3839":"puko","3840":" iah","3841":"uthe","3842":"post","3843":"seve","3844":"eiri","3845":"iape","3846":" ipi","3847":"pola","3848":"iden","3849":"bh\u1e21 ","3850":"poin","3851":"podi","3852":"nmen","3853":"spot","3854":"vapa","3855":"icat","3856":"laun","3857":"niat","3858":" get","3859":"ehud","3860":"ehun","3861":"voli","3862":"uruh","3863":"aauk","3864":"saha","3865":"insi","3866":"sael","3867":"apav","3868":"alle","3869":" fin","3870":"uron","3871":"urod","3872":"bout","3873":"ruhu","3874":"iksa","3875":"misa","3876":"hio ","3877":"vaga","3878":"hing","3879":"unik","3880":" lib","3881":"len ","3882":"elie","3883":"baub","3884":"suru","3885":"leki","3886":"isan","3887":" gru","3888":"isil","3889":"iron","3890":"mima","3891":"edad","3892":"auba","3893":"amah","3894":"atme","3895":"dudi","3896":" haa","3897":"vesi","3898":"vise","3899":"lena","3900":"teid","3901":"hehu","3902":" iab","3903":"rovi","3904":" epo","3905":"atte","3906":"vani","3907":"kede","3908":"day ","3909":" bag","3910":"kise","3911":"san ","3912":"udi ","3913":"ngul","3914":"osen","3915":"arop","3916":" reu","3917":"sake","3918":"fesi","3919":"ndia","3920":"onst","3921":"aset","3922":" fut","3923":" rib","3924":"dari","3925":"niko","3926":"ndon","3927":"iel ","3928":"nda ","3929":"ikwo","3930":"nibo","3931":"ers ","3932":" geo","3933":"alal","3934":"keil","3935":"baku","3936":"delp","3937":"aksi","3938":"reid","3939":"orma","3940":"imir","3941":"desi","3942":"deli","3943":"sati","3944":"sasa","3945":"orth","3946":"will","3947":"stoa","3948":"aroe","3949":" bea","3950":" sev","3951":"esto","3952":" sob","3953":"oris","3954":"esar","3955":"anib","3956":"akir","3957":"igia","3958":"ikae","3959":" soa","3960":"arth","3961":"adre","3962":"igo ","3963":"lvan","3964":"igid","3965":"igit","3966":"imas","3967":"arra","3968":"utno","3969":"ael ","3970":"esak","3971":" big","3972":" car","3973":"atir","3974":" rd ","3975":"mon ","3976":"rth ","3977":"ohod","3978":"nwt ","3979":"grip","3980":"num ","3981":"sylv","3982":"urak","3983":"nuar","3984":"aun ","3985":" nwt","3986":"tcht","3987":"rio ","3988":"ipas","3989":"nton","3990":" ohe","3991":"gomo","3992":"ainm","3993":"ivi ","3994":"rita","3995":"oani","3996":"hilo","3997":"gul ","3998":"siel","3999":"isoa","4000":"isla","4001":"ogai","4002":"iska","4003":" eas","4004":"roer","4005":"rote","4006":"hano","4007":"simi","4008":"henr","4009":"hais","4010":"teit","4011":" mus","4012":"chto","4013":"ohan","4014":"iser","4015":"ity ","4016":"isas","4017":"rsio","4018":"halo","4019":"kamp","4020":" one","4021":"okil","4022":"mamu","4023":"agog","4024":"kael","4025":"bila","4026":"futn","4027":"nnsy","4028":"ugu ","4029":"ice ","4030":" que","4031":"inme","4032":"ford","4033":"selo","4034":" isk","4035":"biga","4036":"ide ","4037":" cha","4038":"ong ","4039":"sipo","4040":"ingu","4041":"agri","4042":"ibil","4043":"gaga","4044":"mane","4045":"uitn","4046":"mumu","4047":"nsyl","4048":"ands","4049":"okul","4050":" pad","4051":"nout","4052":"tasa","4053":"ioel","4054":"htow","4055":"aven","4056":"nort","4057":"iama","4058":"iamu","4059":"mar ","4060":"taro","4061":" pis","4062":" jac","4063":"galo","4064":"gail","4065":"olid","4066":"oere","4067":"illi","4068":"ebed","4069":" adr","4070":"tugu","4071":"soba","4072":"kwot","4073":"dodi","4074":"penn","4075":"tira","4076":"lant","4077":"pok ","4078":"edal","4079":"soro","4080":"ppin","4081":"dikw","4082":"dres","4083":"eret","4084":"abit","4085":"lina","4086":"peri","4087":"lin ","4088":"paim","4089":"ern ","4090":"lihu","4091":" all","4092":"pape","4093":"ans ","4094":"dolo","4095":"don ","4096":" tv ","4097":"east","4098":"emo ","4099":"pita","4100":" tru","4101":"anto","4102":"liak","4103":" arc","4104":"prot","4105":"anog","4106":"apep","4107":"loan","4108":"lide","4109":"act ","4110":"abig","4111":"edok","4112":"ylva","4113":"kura","4114":"abak","4115":"elph","4116":"toba","4117":"sout","4118":"rch ","4119":"lesa","4120":"outh","4121":"wota","4122":"koud","4123":"leti","4124":"lale","4125":"disa","4126":"tnou","4127":"elan","4128":"elev","4129":"pada","4130":" tex","4131":"tiri","4132":"lly ","4133":"enns","4134":"elih","4135":"anoa","4136":"tema","4137":"righ","4138":" isl","4139":"ence","4140":"sipi","4141":"gigi","4142":"spit","4143":"papu","4144":"uero","4145":"enar","4146":"ieda","4147":"awak","4148":" j ","4149":" ref","4150":"ract","4151":" ome","4152":"iga ","4153":"ngto","4154":"medo","4155":"mali","4156":"okam","4157":"sahu","4158":"asor","4159":"eoro","4160":" iub","4161":"gint","4162":"onio","4163":"port","4164":"asol","4165":"rew ","4166":"gin ","4167":"ibsa","4168":"wake","4169":"daih","4170":"ebor","4171":"idgi","4172":" por","4173":"lber","4174":"jwor","4175":" peo","4176":"ingt","4177":"nis ","4178":"ley ","4179":"ingi","4180":"nio ","4181":"nila","4182":"ebir","4183":"leve","4184":"gal ","4185":"jose","4186":"cyri","4187":"enni","4188":"ribi","4189":"sele","4190":"oint","4191":"enry","4192":"endi","4193":"llen","4194":"ola ","4195":"mast","4196":"usis","4197":"daho","4198":"naki","4199":"full","4200":" cyr","4201":"shin","4202":" ped","4203":"mary","4204":"mart","4205":" inc","4206":"doda","4207":"doan","4208":" col","4209":" ins","4210":"vasa","4211":" ohi","4212":"ohon","4213":"bira","4214":"ekod","4215":"vins","4216":"hosp","4217":"ekoa","4218":"hepe","4219":"teis","4220":"ves ","4221":"odah","4222":"isid","4223":"ntia","4224":"elei","4225":"pidg","4226":"book","4227":"ekis","4228":"heir","4229":"lade","4230":" akw","4231":"elit","4232":"cal ","4233":"odu ","4234":"vola","4235":"huda","4236":"elil","4237":" ki ","4238":"hesa","4239":"ipor","4240":"via ","4241":"hivi","4242":"yril","4243":"trus","4244":"liki","4245":"elam","4246":"bsa ","4247":"nuko","4248":"hina","4249":"hime","4250":"ique","4251":"moge","4252":" eun","4253":"oba ","4254":"atug","4255":" emb","4256":" lan","4257":"unuk","4258":"nuba","4259":" lea","4260":"tted","4261":"mpan","4262":"dula","4263":" alb","4264":"pase","4265":"alu ","4266":"lies","4267":" nik","4268":"anat","4269":"ohio","4270":"nori","4271":"bita","4272":"peda","4273":" nis","4274":"emes","4275":"suer","4276":"asue","4277":"ully","4278":"ussi","4279":"lipp","4280":" jim","4281":"trac","4282":"ahud","4283":"ohua","4284":"iasa","4285":"sada","4286":"emot","4287":" oel","4288":"liba","4289":"gton","4290":"urit","4291":" nek","4292":" nei","4293":"elop","4294":"haso","4295":"itam","4296":"umim","4297":" mep","4298":"ogea","4299":" mic","4300":"tael","4301":"dram","4302":"ogen","4303":"alou","4304":"itis","4305":" jwo","4306":" mog","4307":"char","4308":"kwil","4309":"iabe","4310":"chin","4311":"rust","4312":"rmat","4313":"tuag","4314":"oham","4315":"abih","4316":"umut","4317":" you","4318":"erna","4319":"lein","4320":"slan","4321":"loua","4322":"arle","4323":"utud","4324":"loui","4325":" bau","4326":"aku ","4327":"text","4328":"sto ","4329":"asae","4330":"leke","4331":" she","4332":"ikok","4333":" ibs","4334":"kons","4335":"eunu","4336":"eve ","4337":" hiv","4338":"long","4339":"aled","4340":"iled","4341":" sop","4342":"dgin","4343":" bae","4344":"utun","4345":"ilad","4346":" | ","4347":"efe ","4348":"lemo","4349":" god","4350":"ece ","4351":"uvi ","4352":"sthe","4353":"data","4354":" ibi","4355":"arod","4356":" gos","4357":"eras","4358":"eece","4359":"edol","4360":"aelo","4361":"wila","4362":"esth","4363":"keti","4364":"remo","4365":"bagu","4366":"org ","4367":"skol","4368":"eptu","4369":" sak","4370":" tal","4371":"esit","4372":"arot","4373":"debi","4374":"bede","4375":" rob","4376":"lphi","4377":"ptua","4378":"beda","4379":"nati","4380":"debo","4381":" iar","4382":"ouis","4383":"uagi","4384":"dere","4385":"que ","4386":"worg","4387":"adul","4388":"akwi","4389":"ssia","4390":"lene","4391":"rete","4392":" gig","4393":"ext ","4394":"reba","4395":"bama","4396":"ospi","4397":"ler ","4398":"otan","4399":" tem","4400":" bro","4401":"erot","4402":"eder","4403":"ngi ","4404":"eror","4405":" \u011fau","4406":"udud","4407":"maki","4408":" awa","4409":"reec","4410":"wauk","4411":"ilik","4412":"erne","4413":"bisu","4414":"nry ","4415":"oros","4416":"avea","4417":"reka","4418":"mesu","4419":" kri","4420":"iael","4421":" jer","4422":"hodu","4423":"ekah","4424":"lais","4425":"brio","4426":"oadi","4427":"renc","4428":" naz","4429":"sian","4430":"utis","4431":" w ","4432":"ioge","4433":" mum","4434":"eroh","4435":" div","4436":"ahum","4437":" tas","4438":"ruso","4439":"bsai","4440":"iati","4441":" obe","4442":" mol","4443":"nsi ","4444":"eksk","4445":"lie ","4446":" kos","4447":" mou","4448":" dim","4449":"itop","4450":"auki","4451":"ean ","4452":"ares","4453":" was","4454":"seri","4455":"esul","4456":"dibo","4457":"hoal","4458":"peha","4459":"anub","4460":"eran","4461":" are","4462":"ulin","4463":"leit","4464":"sero","4465":"reme","4466":"ikes","4467":"city","4468":"ubil","4469":"diog","4470":"oaha","4471":"oagi","4472":" seg","4473":"sop ","4474":"denn","4475":"broo","4476":"habu","4477":"naua","4478":" kub","4479":"mers","4480":" art","4481":"hoas","4482":"tuat","4483":"sund","4484":"ven ","4485":"biso","4486":"eten","4487":"anah","4488":"embr","4489":"ohil","4490":"iubi","4491":"vid ","4492":"ubor","4493":"avev","4494":"oala","4495":"elat","4496":"itir","4497":"ilag","4498":"isop","4499":" lei","4500":"dex ","4501":"ruia","4502":"unda","4503":"erfo","4504":"apli","4505":"oea ","4506":"ippi","4507":"zamb","4508":" luc","4509":"holy","4510":"sete","4511":"obed","4512":"rook","4513":"uval","4514":"uati","4515":" m ","4516":"nazi","4517":"elin","4518":"otif","4519":"erun","4520":"herf","4521":"tist","4522":"ipel","4523":"duia","4524":"ileg","4525":"pibo","4526":"abub","4527":"ise ","4528":"tise","4529":"eksa","4530":"kius","4531":" ave","4532":"auti","4533":"erui","4534":"erin","4535":"ioto","4536":"adoh","4537":"isis","4538":" aks","4539":"butu","4540":"duba","4541":"nsin","4542":"toia","4543":"diks","4544":"roge","4545":"kim ","4546":"utub","4547":"tiel","4548":"thur","4549":"ort ","4550":"iter","4551":"nson","4552":"ith ","4553":"hus ","4554":"robe","4555":"ilia","4556":"ela\u011f","4557":"vos ","4558":"han ","4559":"rus ","4560":"buad","4561":"hima","4562":"roag","4563":"desa","4564":"logr","4565":"harl","4566":"boin","4567":"puri","4568":"abir","4569":"have","4570":"cari","4571":"ilem","4572":"rano","4573":"reda","4574":"muro","4575":"humu","4576":"isua","4577":"drea","4578":"iloh","4579":"obai","4580":"anke","4581":"stin","4582":" emi","4583":"roha","4584":" feb","4585":"edar","4586":"obab","4587":"phot","4588":"elon","4589":" vev","4590":"clev","4591":"kee ","4592":" ang","4593":"sell","4594":"epib","4595":"work","4596":"fosi","4597":"opel","4598":"indi","4599":"keda","4600":" fri","4601":"lete","4602":" tob","4603":"la\u011fa","4604":" cle","4605":"dave","4606":"tifa","4607":" ann","4608":"ies ","4609":"nisa","4610":"resi","4611":"geor","4612":"bael","4613":" ial","4614":"nnis","4615":"ssel","4616":" fon","4617":"suar","4618":"nie ","4619":"asab","4620":"doha","4621":"ksid","4622":"naka","4623":"inc ","4624":"bihu","4625":"biha","4626":"wash","4627":" fos","4628":" cit","4629":"opeh","4630":"aso ","4631":" pho","4632":"ksa ","4633":"webs","4634":"gaio","4635":"valu","4636":"baha","4637":" in ","4638":"akse","4639":"a\u011fa ","4640":" com","4641":"dade","4642":"ten ","4643":" ink","4644":"pora","4645":"daed","4646":" pot","4647":"divo","4648":"pafr","4649":" apl","4650":"oly ","4651":"neta","4652":"gama","4653":"ever","4654":"sela","4655":"uhun","4656":"kris","4657":"entr","4658":"tand","4659":"evea","4660":"sio ","4661":"neti","4662":"evel","4663":"azi ","4664":"pai ","4665":"gary","4666":"usat","4667":"enti","4668":" gam","4669":"wan ","4670":"juli","4671":"tumi","4672":"suba","4673":"kade","4674":"cos ","4675":"ood ","4676":" wel","4677":"rchi","4678":"eorg","4679":"comm","4680":" ona","4681":"aren","4682":"uki ","4683":"anda","4684":"anor","4685":"rari","4686":" aed","4687":"sand","4688":" ius","4689":"prof","4690":"sanu","4691":"ebsa","4692":" iva","4693":"ivos","4694":"afra","4695":"eiel","4696":" tuv","4697":" yu ","4698":" oga","4699":"pasi","4700":"kapa","4701":" iek","4702":"nahu","4703":"epaf","4704":"etie","4705":" tum","4706":"kubo","4707":"kanu","4708":"ahol","4709":"skiu","4710":" cal","4711":"ubut","4712":"ason","4713":"seph","4714":"usse","4715":"mbri","4716":"fine","4717":"iji ","4718":" adu","4719":" ras","4720":"lyn ","4721":"kski","4722":"tuva","4723":"arbo","4724":"ical","4725":"are ","4726":"ner ","4727":" iti","4728":"udui","4729":"sast","4730":"rfor","4731":"ashi","4732":"plik","4733":"malo","4734":"ifar","4735":" koe","4736":"alap","4737":"nard","4738":"aut ","4739":"apia","4740":"igev","4741":"pou ","4742":"tapu","4743":" iei","4744":"brit","4745":"nica","4746":" yan","4747":"ncyc","4748":"inam","4749":"nga ","4750":"taly","4751":"barb","4752":"beta","4753":"brie","4754":"ntre","4755":"hol ","4756":"beor","4757":"ney ","4758":"boru","4759":"ngar","4760":"uren","4761":"nuel","4762":"inat","4763":"scyt","4764":"eks ","4765":" h ","4766":"alet","4767":"phus","4768":"iesa","4769":"alep","4770":"samo","4771":"aly ","4772":"hori","4773":" eta","4774":"topa","4775":"ilon","4776":" hei","4777":"nday","4778":"ific","4779":"bae ","4780":"urab","4781":"lake","4782":"iera","4783":"moun","4784":" ade","4785":"ince","4786":"pota","4787":" yea","4788":"api ","4789":"akon","4790":"lala","4791":"aket","4792":"usil","4793":"ambi","4794":"ndra","4795":"ids ","4796":"sdom","4797":"nosi","4798":"bill","4799":"ioba","4800":"nael","4801":"iair","4802":" fel","4803":"anz ","4804":" goo","4805":"neib","4806":"bau ","4807":"ikia","4808":"tamu","4809":"vasi","4810":"ebal","4811":" iai","4812":"eale","4813":" \u25c6 ","4814":"lian","4815":"ihut","4816":"seal","4817":"leha","4818":"naim","4819":"nero","4820":"ehir","4821":"apai","4822":"titu","4823":"alka","4824":" age","4825":"sadi","4826":"sadu","4827":"nele","4828":"libi","4829":"neme","4830":"imer","4831":" aga","4832":"vela","4833":"earb","4834":"ple ","4835":"pyri","4836":"apel","4837":"ibia","4838":"baun","4839":" joe","4840":"ibih","4841":"iane","4842":"neko","4843":" i ","4844":"bito","4845":"eiba","4846":"ink ","4847":"nsig","4848":"albe","4849":"nswe","4850":"imo ","4851":"aipa","4852":" ioh","4853":"tale","4854":"nimi","4855":" gan","4856":"vera","4857":"beth","4858":"seku","4859":"plan","4860":"seai","4861":"eket","4862":"ieie","4863":"ieka","4864":"raks","4865":"ilan","4866":"neba","4867":"lev ","4868":" aid","4869":"muko","4870":"news","4871":"huad","4872":"also","4873":"vene","4874":"hung","4875":"icia","4876":" hot","4877":"semi","4878":"rabe","4879":" aho","4880":"ebat","4881":"nal ","4882":"bige","4883":"ihir","4884":"nest","4885":"rais","4886":" iri","4887":"neh ","4888":" ire","4889":"nish","4890":"musi","4891":" wis","4892":"nstr","4893":"ehal","4894":"ald ","4895":"eet ","4896":"ais ","4897":"bibi","4898":"ythi","4899":" iet","4900":"olib","4901":"wald","4902":"ency","4903":"ahik","4904":"ephu","4905":"copy","4906":" rim","4907":"okok","4908":"asak","4909":"udie","4910":"tus ","4911":" bit","4912":"kono","4913":"opyr","4914":" oto","4915":"okly","4916":"rihi","4917":"enda","4918":"opo ","4919":"even","4920":"marr","4921":"jim ","4922":"oli ","4923":"asit","4924":"olek","4925":"ger ","4926":"doeg","4927":"rase","4928":" cru","4929":"ound","4930":"ople","4931":"asko","4932":" bok","4933":" pao","4934":"welk","4935":"arel","4936":"joel","4937":"mago","4938":"ukea","4939":"gose","4940":"kue ","4941":"aste","4942":"kamu","4943":" ded","4944":" dei","4945":" dc ","4946":"clai","4947":" beo","4948":"yclo","4949":"rism","4950":"sopa","4951":"paud","4952":"asua","4953":"kera","4954":"clop","4955":"ring","4956":"good","4957":"rika","4958":"euel","4959":"tha ","4960":"than","4961":"epis","4962":"anil","4963":"rimo","4964":"colo","4965":"god ","4966":"answ","4967":"arti","4968":"gome","4969":"ette","4970":"ast ","4971":"rent","4972":"jack","4973":"olin","4974":"pair","4975":"ount","4976":"tumu","4977":"uga ","4978":" c ","4979":"revi","4980":"fra ","4981":" rem","4982":"diso","4983":"entu","4984":"asie","4985":"fris","4986":"kaho","4987":"dium","4988":" clo","4989":"kare","4990":" by ","4991":"uest","4992":"kosi","4993":"feli","4994":"kam ","4995":" ape","4996":" rai","4997":"ondo","4998":"onoa","4999":"onar"}}