{"ilo":{"0":" a ","1":" ti ","2":"iti ","3":" iti","4":"dagi","5":"agit","6":"giti","7":" dag","8":"nga ","9":" nga","10":" ken","11":" pan","12":" ket","13":"ken ","14":"ket ","15":" | ","16":" kad","17":"kada","18":"adag","19":"pana","20":" man","21":" idi","22":" ni ","23":" kas","24":" nag","25":" day","26":"anag","27":" || ","28":"nang","29":"anna","30":" pag","31":"anan","32":"aysa","33":"dayt","34":"aan ","35":" mai","36":" may","37":" nai","38":"anga","39":"ysa ","40":"mays","41":"idi ","42":"toy ","43":"ayo ","44":"naka","45":"mang","46":"gan ","47":"ion ","48":"tan ","49":"angi","50":"sasa","51":"bali","52":" kat","53":"pay ","54":"ano ","55":"idia","56":"ateg","57":"agsa","58":"aran","59":"oria","60":"diay","61":"iay ","62":"adda","63":"baba","64":"sion","65":"sao ","66":"nnak","67":"egor","68":"kas ","69":"kate","70":"gori","71":"ayto","72":"atan","73":"tego","74":"ytoy","75":" add","76":"ana ","77":"asao","78":"eng ","79":"nna ","80":" bab","81":"alin","82":"aipa","83":" mak","84":"iko ","85":"tayo","86":"una ","87":"ngan","88":"pann","89":" no ","90":"aen ","91":"asan","92":"saan","93":" saa","94":"abal","95":" nan","96":"agan","97":" pay","98":"kina","99":" kin","100":"ong ","101":"akin","102":"abae","103":"lia ","104":" nap","105":"asar","106":"awan","107":"mani","108":"agba","109":"kasa","110":"dda ","111":"ngga","112":"sia ","113":"ound","114":"gay ","115":"ran ","116":"nan ","117":"ania","118":"tyle","119":"ang ","120":" wen","121":"back","122":"uan ","123":"grou","124":"styl","125":" sty","126":"roun","127":"yle=","128":"bee ","129":"undb","130":"baen","131":"kgro","132":"ndbe","133":"ackg","134":"ckgr","135":"e=ba","136":"dbee","137":"le=b","138":"=bac","139":" aki","140":"wenn","141":"agpa","142":"basa","143":" nak","144":"ipud","145":"awen","146":" isu","147":"nagi","148":" par","149":"pud ","150":"lin ","151":" mab","152":"sara","153":"ita ","154":"nno ","155":"duma","156":"ian ","157":"enno","158":"baga","159":"nda ","160":"asio","161":"ika ","162":"wen ","163":"ilia","164":"wan ","165":"naga","166":"anip","167":"nipu","168":"gsas","169":"ada ","170":"ayta","171":" sco","172":"cope","173":"scop","174":"aman","175":"nia ","176":"ngay","177":"ope=","178":"para","179":"maka","180":"giba","181":" pam","182":" nas","183":"atay","184":"maba","185":"pags","186":"yan ","187":"papa","188":"gem ","189":"sang","190":"san ","191":"aika","192":" kal","193":"kita","194":" nge","195":"ngem","196":"ayat","197":"yta ","198":"anda","199":"gata","200":"nagb","201":"dios","202":"napa","203":" ami","204":"ova ","205":"aeng","206":"agib","207":"apan","208":" jeh","209":"man ","210":"anta","211":"gapu","212":"jeho","213":"hova","214":"ehov","215":"sta ","216":"row ","217":"abag","218":"dad ","219":"e=ro","220":"pe=r","221":"=row","222":"ayan","223":"angr","224":"maik","225":" dio","226":" bar","227":"aram","228":"sla ","229":"aga ","230":"pasa","231":" mas","232":"adu ","233":"aya ","234":" kan","235":"ibas","236":" san","237":"isla","238":"ios ","239":"tao ","240":"rang","241":"agar","242":"pang","243":"iada","244":"uma ","245":"kan ","246":"isu ","247":" nab","248":" pro","249":" met","250":"iano","251":"agta","252":" ani","253":"ntay","254":"daya","255":"ado ","256":"rami","257":"amin","258":"tay ","259":"riad","260":"amid","261":" agt","262":" adu","263":"nto ","264":"ara ","265":"maip","266":"ngru","267":"atta","268":"kaba","269":"pina","270":"ina ","271":"ing ","272":" nal","273":"agat","274":"aud ","275":"iana","276":"rio ","277":"laen","278":"lian","279":"akit","280":" pas","281":"lpo ","282":"tawe","283":"gana","284":"daan","285":" sil","286":"lan ","287":"bang","288":" taw","289":"adak","290":" lae","291":" kaa","292":"apno","293":"uar ","294":"paga","295":"nsia","296":"pno ","297":"kapa","298":"inte","299":"angg","300":"agin","301":"met ","302":" isl","303":"akai","304":"agtu","305":" gap","306":"ruar","307":"nay ","308":"nala","309":" bay","310":"kast","311":"mili","312":"adua","313":" kar","314":"dan ","315":"inas","316":"min ","317":"abas","318":" awa","319":"ilpo","320":"ingg","321":"silp","322":" aga","323":"itoy","324":"naba","325":" nat","326":"apu ","327":" tap","328":"bong","329":" naa","330":"aro ","331":"gbal","332":" bas","333":" mar","334":"bay ","335":" bib","336":"rama","337":"nags","338":" dad","339":" tat","340":"bing","341":"asta","342":"ddaa","343":" agp","344":"ili ","345":"pata","346":" agi","347":"bibl","348":" di ","349":"masa","350":"pan ","351":" kap","352":"awag","353":"apul","354":"tapn","355":" kab","356":"ipap","357":"ngpa","358":"tatt","359":"ibli","360":" \u200b ","361":"tura","362":"paka","363":"nak ","364":"ona ","365":" mat","366":"yat ","367":"rist","368":"sit ","369":"dua ","370":"nas ","371":" ags","372":"naip","373":"ammo","374":"tulo","375":"nagt","376":"kayo","377":"uray","378":"dadd","379":"lawa","380":"nata","381":"inru","382":"long","383":" kom","384":"lubo","385":" sak","386":"kinr","387":" ipa","388":"biag","389":"nrua","390":" map","391":" est","392":"nasa","393":"pami","394":"asap","395":" nad","396":"mana","397":"akaa","398":"assi","399":"lang","400":"insi","401":"addu","402":"adaw","403":"idad","404":" imp","405":"ilip","406":"pagi","407":"ddum","408":"amil","409":" ||i","410":"saba","411":"ulo ","412":"blia","413":" aba","414":"ttao","415":"ipin","416":"asin","417":"angp","418":" ban","419":"kkel","420":"bass","421":"ssit","422":"apat","423":"lipi","424":"gipa","425":"ria ","426":"akke","427":"ray ","428":"ero ","429":" ili","430":"alak","431":"alpa","432":"ging","433":"urat","434":"kara","435":"il||","436":"laud","437":"anay","438":"mian","439":" fil","440":"amia","441":"||il","442":"|il|","443":"garu","444":" sab","445":"daga","446":"esta","447":"lasi","448":"anak","449":" pak","450":"kris","451":"agil","452":"kuna","453":"l|| ","454":"fili","455":"gito","456":"mapa","457":"ulon","458":"dakk","459":" lin","460":" ta ","461":"ula ","462":"inga","463":"usar","464":" kay","465":"nana","466":"maki","467":"kel ","468":"enda","469":" pap","470":"nagp","471":" sum","472":" dan","473":" kri","474":"akap","475":" the","476":"meri","477":"ngip","478":"ubon","479":"anaw","480":"agka","481":"baro","482":"ayon","483":"kaad","484":"akab","485":"itan","486":" ara","487":"mata","488":"aaw ","489":" int","490":"nada","491":"sapu","492":"agda","493":"alda","494":"bagi","495":"isti","496":" kon","497":" bal","498":" maa","499":"bana","500":"baya","501":"ngng","502":"runa","503":" mal","504":"grun","505":"gili","506":"nen ","507":"kal ","508":"pada","509":"pala","510":"lpas","511":"rito","512":" ita","513":" ind","514":"mid ","515":"nama","516":"akas","517":" jes","518":"tado","519":"suro","520":"nayo","521":"ayba","522":"gna ","523":"naan","524":"jesu","525":"the ","526":" siu","527":" agb","528":"imba","529":"ali ","530":"kalp","531":"teg ","532":"gar ","533":"sar ","534":"ikal","535":"ensi","536":"dian","537":"enna","538":"nais","539":"udad","540":"taen","541":"iuda","542":"deng","543":"ybay","544":"tiko","545":"teng","546":"nag ","547":"udno","548":"enta","549":"bayb","550":"stad","551":"sura","552":"agna","553":"adan","554":"siud","555":"pula","556":"mmo ","557":"pudn","558":"riga","559":"aay ","560":"daw ","561":"ama ","562":"iag ","563":"onga","564":"saya","565":"ista","566":" ins","567":"tian","568":"teri","569":"adal","570":"prob","571":"rugi","572":"ario","573":"ngar","574":"luga","575":"alay","576":"muna","577":"and ","578":"uana","579":"ngit","580":"arti","581":"angs","582":"nte ","583":" pin","584":"agay","585":"gari","586":"amma","587":"dawa","588":"ton ","589":"akay","590":"aadu","591":"duan","592":"ida ","593":"pani","594":" uni","595":" asi","596":"ato ","597":"ayaa","598":"anto","599":"alan","600":"sano","601":"tang","602":"aksi","603":"sus ","604":"paay","605":"alaw","606":"ura ","607":"ngat","608":"ldaw","609":"anen","610":"wag ","611":"hion","612":" lug","613":"robi","614":"akan","615":"arig","616":"aba ","617":"esus","618":"arup","619":"rita","620":" of ","621":"pase","622":"isio","623":" amm","624":"rat ","625":"ipas","626":"asas","627":"enga","628":"bins","629":"yon ","630":"tika","631":"unay","632":"ogra","633":"ggan","634":"sto ","635":"immu","636":"ustr","637":"mala","638":"lika","639":"aset","640":"tori","641":"arag","642":" dis","643":"suma","644":"adi ","645":"upay","646":" una","647":" ina","648":"akar","649":"stia","650":"sina","651":"ilan","652":"tung","653":" sig","654":"iden","655":"yaat","656":"ugar","657":"naki","658":"mati","659":"land","660":"bas ","661":"ment","662":"obin","663":" taa","664":"taaw","665":" dak","666":"ial ","667":"aisa","668":" pol","669":"arit","670":" sal","671":"angu","672":"apas","673":" pat","674":"agas","675":"anun","676":"nter","677":" tal","678":"laka","679":"agla","680":"poli","681":"ito ","682":"agad","683":"gann","684":"dos ","685":"lada","686":"adum","687":"tna ","688":"set ","689":"grap","690":" nar","691":"dno ","692":"bara","693":"amat","694":" kun","695":"gen ","696":"lint","697":"side","698":"gsak","699":"gaya","700":"aria","701":" lub","702":"alia","703":"rian","704":" lau","705":"ubli","706":"ento","707":"nagk","708":"grug","709":"ati ","710":" kit","711":"inun","712":"kaya","713":"angt","714":"rup ","715":"napu","716":" ana","717":"nupa","718":"iona","719":"nabi","720":" nup","721":" ura","722":" art","723":" bia","724":"gita","725":"awat","726":"sio ","727":"nasi","728":" kam","729":" tin","730":"say ","731":"gasi","732":"aawa","733":"nal ","734":"alab","735":"kana","736":"ungg","737":" dua","738":"sing","739":"pisi","740":"panu","741":"les ","742":"gada","743":"nesi","744":" bag","745":"ayaw","746":"rika","747":"pia ","748":"raba","749":"oma ","750":" tao","751":"aust","752":"ulan","753":"agbi","754":"ibo ","755":"inap","756":"atak","757":"amen","758":"nara","759":"imma","760":"sari","761":" aya","762":" aus","763":"nyo ","764":"mbag","765":" mag","766":"bala","767":"istr","768":"asay","769":"rtik","770":"erbi","771":"engn","772":"ehio","773":"gara","774":" tra","775":"ipak","776":"rapi","777":"ggay","778":"paki","779":"pasn","780":" ter","781":"ente","782":" apa","783":"ami ","784":"impa","785":"amba","786":"dada","787":"miko","788":"iram","789":" pre","790":"awa ","791":"mabi","792":"agid","793":"ugi ","794":"aat ","795":"mama","796":"esia","797":"ino ","798":"kenk","799":"nuno","800":"pamm","801":"ngsa","802":"kang","803":"otan","804":"gnga","805":"nteg","806":"ngto","807":"inar","808":"part","809":" sin","810":"nawe","811":"pagt","812":"agra","813":"rehi","814":"pres","815":"mari","816":"kadu","817":"alag","818":"lina","819":"serb","820":"stra","821":"absa","822":"daka","823":"kala","824":" and","825":" bil","826":"kuan","827":"unot","828":"angl","829":"isto","830":"edde","831":"kama","832":"taud","833":"asur","834":"gda ","835":"mak ","836":"anid","837":"apa ","838":"mano","839":"amak","840":"tiem","841":"kadi","842":"tina","843":" lum","844":"dden","845":"aamm","846":"gaga","847":"ultu","848":" sas","849":" imm","850":"tana","851":"taan","852":"tubo","853":"apua","854":"angk","855":"inan","856":"mula","857":"saks","858":"biru","859":" ada","860":"amer","861":"iemp","862":"bre ","863":"sama","864":"waya","865":"luma","866":"ukan","867":"away","868":"lida","869":"bata","870":"mban","871":"iruk","872":"arik","873":"agsu","874":"ubo ","875":"tion","876":"pekt","877":"angn","878":"akua","879":"nuna","880":"kto ","881":"ungt","882":" sim","883":"ango","884":"inab","885":"gal ","886":"inam","887":"asam","888":"apay","889":"inda","890":"nid ","891":"itik","892":"stri","893":"kari","894":" seb","895":"tuan","896":" bul","897":"alla","898":" gui","899":"eae ","900":"pate","901":"ikul","902":"agma","903":"onal","904":"ebba","905":"guin","906":"abir","907":"abah","908":"kulo","909":" min","910":"rags","911":"akat","912":"akam","913":" lan","914":"tak ","915":"apar","916":"tutu","917":"olit","918":" agd","919":"akad","920":"aiba","921":"naim","922":"tali","923":" esp","924":"trab","925":"snga","926":"umad","927":"iak ","928":"aira","929":" ann","930":"asng","931":"ende","932":"ipat","933":"sebb","934":"ersi","935":"bban","936":"tibo","937":" nam","938":"aban","939":" ald","940":"agun","941":"tro ","942":"ngla","943":"orma","944":"aray","945":"gpal","946":"inal","947":"ones","948":"inla","949":"umag","950":"dana","951":" reh","952":"pagb","953":"atna","954":"dama","955":"kuad","956":"empo","957":"ral ","958":"unga","959":"ekto","960":"ibag","961":"aday","962":"kaka","963":"ras ","964":"kami","965":"raya","966":"ruka","967":"piri","968":"irit","969":"alek","970":"ipan","971":"rara","972":" agr","973":" uma","974":"ngka","975":"nagd","976":"gto ","977":"asia","978":"anti","979":"mat ","980":"maga","981":"tari","982":"abil","983":"ndar","984":"ksi ","985":"pabl","986":"ayag","987":"ora ","988":"nsan","989":" ung","990":"espi","991":" mul","992":"elan","993":"saad","994":"bat ","995":"awya","996":"atal","997":"nton","998":"ngas","999":"spir","1000":"agse","1001":"ikan","1002":"lio ","1003":"nea ","1004":"kinu","1005":"acea","1006":"mann","1007":"sant","1008":"inea","1009":"ipaa","1010":"ritu","1011":"beng","1012":"smo ","1013":" per","1014":"stro","1015":"umun","1016":"apia","1017":"wyan","1018":"lala","1019":"pama","1020":"atur","1021":"nero","1022":"alen","1023":"kaip","1024":"ipal","1025":"umab","1026":"ceae","1027":"ismo","1028":"agus","1029":"gas ","1030":" apo","1031":"unaa","1032":"mada","1033":"pulo","1034":"bant","1035":"uada","1036":"dawy","1037":"liti","1038":" tie","1039":"atau","1040":"arta","1041":"taya","1042":"num ","1043":"demi","1044":"iste","1045":"rok ","1046":"tor ","1047":"sawa","1048":"flor","1049":" mer","1050":"porm","1051":"gidi","1052":"sala","1053":"amag","1054":" tun","1055":"son ","1056":"arak","1057":" kak","1058":" ame","1059":"ngis","1060":"madu","1061":"dina","1062":"oda ","1063":"ngal","1064":" lib","1065":"waga","1066":"dist","1067":" buk","1068":"gang","1069":"sial","1070":"aten","1071":"usay","1072":" dia","1073":"abab","1074":" imb","1075":"apag","1076":"gung","1077":"ari ","1078":" umu","1079":"tral","1080":"erno","1081":"uine","1082":"aliw","1083":"igan","1084":"kasi","1085":"kagu","1086":"insu","1087":"isia","1088":"pul ","1089":"salu","1090":"data","1091":"rado","1092":"dia ","1093":"uro ","1094":"emik","1095":"nkua","1096":"enku","1097":"ling","1098":"kani","1099":" lal","1100":"unid","1101":"dor ","1102":" tim","1103":"pasi","1104":"ient","1105":"ener","1106":"ador","1107":"glo ","1108":"nawa","1109":" lad","1110":"apud","1111":"nain","1112":"itor","1113":"anum","1114":" rep","1115":"embr","1116":"piko","1117":"alub","1118":"atul","1119":" din","1120":" tul","1121":"resi","1122":"rno ","1123":"aad ","1124":"dna ","1125":"amay","1126":"greg","1127":"papu","1128":" ant","1129":"mpo ","1130":"bamb","1131":"publ","1132":"lora","1133":"tara","1134":" mam","1135":"koma","1136":"sigu","1137":"sien","1138":"gun ","1139":"apal","1140":"mane","1141":"ansa","1142":"nari","1143":"pon ","1144":"indi","1145":" akt","1146":"ata ","1147":" sur","1148":"anka","1149":"gpat","1150":"iemb","1151":"ngna","1152":"ndia","1153":"nagu","1154":"baho","1155":"inna","1156":" tag","1157":" pud","1158":"nagr","1159":"may ","1160":"ten ","1161":"isur","1162":"ngda","1163":"abin","1164":"laki","1165":"isas","1166":" rel","1167":"nail","1168":"ayka","1169":"akda","1170":"akna","1171":"asaa","1172":"isin","1173":" ama","1174":"gina","1175":"ngbi","1176":"asa ","1177":"abba","1178":"obie","1179":"gtal","1180":"iasa","1181":"bili","1182":"urok","1183":" agk","1184":" nau","1185":"agip","1186":"ndem","1187":"erid","1188":"nasu","1189":"tda ","1190":"iso ","1191":"pati","1192":"laga","1193":"ima ","1194":"aara","1195":"gsan","1196":"sat ","1197":" la ","1198":"ngba","1199":"kata","1200":"kna ","1201":"ael ","1202":"nadu","1203":"ayen","1204":"dang","1205":"laba","1206":"rikn","1207":"itae","1208":"akba","1209":"arar","1210":"ikna","1211":"annu","1212":"aki ","1213":"nio ","1214":"katu","1215":"gtut","1216":"bai ","1217":"aimb","1218":"alik","1219":"libr","1220":"aka ","1221":" por","1222":"gpar","1223":" opi","1224":"kaam","1225":"gga ","1226":" pab","1227":"atin","1228":"top ","1229":"asid","1230":" kla","1231":"daku","1232":"niko","1233":" sub","1234":"gbia","1235":"ridi","1236":"agi ","1237":"ursu","1238":" pal","1239":"igna","1240":"llo ","1241":"bag ","1242":" isi","1243":"rsur","1244":" ad ","1245":"mate","1246":"gser","1247":" de ","1248":"ilin","1249":"aila","1250":"aand","1251":"apad","1252":"erit","1253":" umi","1254":"ase ","1255":"anad","1256":"etan","1257":"orio","1258":"kapi","1259":"ykay","1260":"dal ","1261":"blik","1262":"kong","1263":" ari","1264":"nta ","1265":" ang","1266":"trit","1267":"dent","1268":"agsi","1269":"nota","1270":"ungp","1271":"ggal","1272":"opis","1273":"tata","1274":"klas","1275":"ikad","1276":"pari","1277":"gato","1278":"ted ","1279":"angb","1280":"opul","1281":"mbre","1282":"gram","1283":" mad","1284":"ndan","1285":"kbay","1286":"allo","1287":"ter ","1288":"ikas","1289":"sis ","1290":"wana","1291":" dit","1292":"gbin","1293":"sakb","1294":"tagi","1295":"humb","1296":"yen ","1297":"den ","1298":" ten","1299":" pop","1300":"ntar","1301":"alba","1302":"iglo","1303":"tera","1304":"apit","1305":"mong","1306":"rali","1307":"ngen","1308":"oman","1309":"abit","1310":"erio","1311":"sigl","1312":" sar","1313":"era ","1314":"ema ","1315":" tan","1316":"disi","1317":"list","1318":"atio","1319":"port","1320":"thum","1321":"yaw ","1322":" pur","1323":"ngua","1324":"abak","1325":"mini","1326":" pri","1327":"tero","1328":"ingb","1329":"kayk","1330":"popu","1331":"asaw","1332":"lati","1333":"law ","1334":"alem","1335":"mmat","1336":"bro ","1337":"alat","1338":"asab","1339":"nami","1340":"esio","1341":"ulas","1342":"uloy","1343":"utub","1344":"sak ","1345":"ster","1346":"igat","1347":"kinl","1348":"yag ","1349":"tema","1350":"ngta","1351":"sin ","1352":"bisi","1353":"nnur","1354":"erik","1355":"reli","1356":"tale","1357":"epek","1358":"aina","1359":"ltul","1360":"nlau","1361":" tar","1362":"dari","1363":"nali","1364":"ias ","1365":"meng","1366":"eria","1367":" ing","1368":"unto","1369":"gtul","1370":" bak","1371":" an ","1372":"into","1373":"mair","1374":"lend","1375":" bin","1376":"rias","1377":"ica ","1378":"sans","1379":"gnan","1380":" sir","1381":"sent","1382":"uyog","1383":"nist","1384":"danu","1385":"demo","1386":"anam","1387":" ber","1388":"grup","1389":"nos ","1390":"naed","1391":"guba","1392":"ubat","1393":"ablo","1394":"ngon","1395":"ngge","1396":"dala","1397":"bila","1398":"mben","1399":" dem","1400":"mara","1401":"isis","1402":"masi","1403":"mina","1404":"baet","1405":"line","1406":"mmun","1407":" dat","1408":"metr","1409":"anik","1410":"umb|","1411":"kali","1412":"laya","1413":"alud","1414":"rte ","1415":"blo ","1416":"ideg","1417":"ados","1418":"res ","1419":"rasi","1420":"lase","1421":"aitu","1422":"tult","1423":"ipik","1424":" mau","1425":"ngik","1426":"ngib","1427":"stor","1428":"tall","1429":"roma","1430":"sipi","1431":" pla","1432":"lata","1433":"gon ","1434":"irib","1435":"ala ","1436":"arba","1437":"naib","1438":"lant","1439":"kano","1440":"rupo","1441":" hen","1442":"gian","1443":"osto","1444":" ida","1445":"enyo","1446":"urot","1447":"ante","1448":" bat","1449":"asak","1450":"idda","1451":"aon ","1452":"ine ","1453":"stem","1454":"wat ","1455":"nagl","1456":" pim","1457":"alig","1458":"euro","1459":"turo","1460":"toli","1461":" rom","1462":"gitu","1463":"barb","1464":"nati","1465":"aho ","1466":"pimm","1467":"ndon","1468":"etro","1469":" sen","1470":"bile","1471":"lihi","1472":"upo ","1473":" lat","1474":" sad","1475":"awla","1476":"elih","1477":"rica","1478":"sung","1479":"wlaw","1480":"atar","1481":"mide","1482":" gub","1483":"sapa","1484":"mper","1485":" eur","1486":"adad","1487":"amar","1488":"ipar","1489":"ball","1490":"sann","1491":"lna ","1492":" mis","1493":" bam","1494":"insa","1495":"lawl","1496":"ngre","1497":"kame","1498":"ibro","1499":"gnay","1500":"arte","1501":"tron","1502":"kale","1503":" pad","1504":"tal ","1505":"guma","1506":"nes ","1507":"ngir","1508":"ital","1509":"inta","1510":"pito","1511":"maya","1512":"inis","1513":"gat ","1514":"nido","1515":"inaw","1516":" ser","1517":"iern","1518":"atma","1519":"lohi","1520":"idos","1521":"gani","1522":"gkay","1523":" cal","1524":"uneg","1525":"matm","1526":"gtay","1527":" tur","1528":"egan","1529":"itat","1530":" agl","1531":"aak ","1532":" pra","1533":"alli","1534":"abla","1535":"naw ","1536":"gran","1537":" sis","1538":"tmat","1539":"inay","1540":"gala","1541":"rans","1542":"uman","1543":"ukod","1544":"gpaa","1545":"aeta","1546":" nor","1547":"itaa","1548":"agim","1549":"rma ","1550":"urop","1551":"isan","1552":"magm","1553":"adat","1554":"aska","1555":"kabi","1556":"surs","1557":" sie","1558":"sika","1559":" isa","1560":" sol","1561":"der ","1562":"onia","1563":" thu","1564":"muni","1565":"tiku","1566":"nggo","1567":" new","1568":"ongr","1569":"gasa","1570":"iter","1571":" ale","1572":"angd","1573":"ihio","1574":"knan","1575":"udan","1576":"umis","1577":"kar ","1578":"lign","1579":"pali","1580":"rbar","1581":"gila","1582":"kes ","1583":" agn","1584":"indo","1585":" gre","1586":"vali","1587":"yana","1588":"ktib","1589":"iban","1590":"ange","1591":" mon","1592":" pen","1593":"sadi","1594":"lar ","1595":"unan","1596":"apun","1597":"natu","1598":"itua","1599":"onom","1600":"bes ","1601":"nad ","1602":"asol","1603":"awta","1604":"asla","1605":"kasu","1606":"enti","1607":"abon","1608":"ikar","1609":"ayna","1610":"agum","1611":"akal","1612":"ilio","1613":" flo","1614":"dayd","1615":"uron","1616":"alas","1617":"amna","1618":" gra","1619":"dara","1620":" ben","1621":"get ","1622":"ileg","1623":"inai","1624":"imbe","1625":" gru","1626":"mmus","1627":" tum","1628":"bung","1629":"asto","1630":"idan","1631":"ipen","1632":"oloh","1633":"kedd","1634":"sida","1635":"ktor","1636":"ingl","1637":"musa","1638":"n=to","1639":"alid","1640":"naik","1641":"lbal","1642":"gn=t","1643":"iwan","1644":"itud","1645":"=top","1646":"ign=","1647":" sap","1648":"mpan","1649":"|val","1650":"taga","1651":"unda","1652":"ting","1653":" |va","1654":"gmam","1655":"atib","1656":"bsat","1657":"kasl","1658":"kabs","1659":" kai","1660":"ayda","1661":" apr","1662":" pul","1663":"kant","1664":"audi","1665":"aisu","1666":"pua ","1667":"nomi","1668":"mait","1669":" dam","1670":"arun","1671":"rbi ","1672":" did","1673":"lema","1674":"bier","1675":"aiya","1676":"hia ","1677":"hist","1678":"ammu","1679":"medi","1680":"ble ","1681":" sia","1682":"deg ","1683":"aadd","1684":"lima","1685":"aili","1686":"otay","1687":"akir","1688":"namn","1689":"trop","1690":"nann","1691":" sao","1692":"yna ","1693":"sisl","1694":"mnam","1695":"tign","1696":"riku","1697":"dani","1698":"akag","1699":"nura","1700":"sist","1701":"miso","1702":" gun","1703":"neg ","1704":"maan","1705":"gpan","1706":"lays","1707":"ysay","1708":"pagp","1709":"kapu","1710":"erna","1711":"ban ","1712":"abai","1713":"sna ","1714":" gob","1715":"gand","1716":"alis","1717":"gura","1718":"tani","1719":"asig","1720":"itay","1721":"mmua","1722":"aras","1723":"opa ","1724":"nian","1725":"pili","1726":"ropa","1727":"urno","1728":"gusa","1729":"sut ","1730":"sona","1731":"rata","1732":"akti","1733":"balb","1734":" rum","1735":" in ","1736":"hene","1737":"nka ","1738":" tri","1739":"wtaw","1740":" nob","1741":"imon","1742":"bers","1743":"karo","1744":"mag ","1745":"lek ","1746":"siri","1747":"inag","1748":"plan","1749":"lkan","1750":"inia","1751":"baso","1752":" ika","1753":"eman","1754":"ani ","1755":"ikka","1756":"inka","1757":"sino","1758":"lagi","1759":"arna","1760":"naig","1761":"aren","1762":"kay ","1763":"leg ","1764":"igid","1765":"iama","1766":"kons","1767":"kont","1768":"komu","1769":"lain","1770":"oras","1771":"mogr","1772":"puan","1773":" mil","1774":"sisi","1775":"git ","1776":"gtae","1777":"akes","1778":" sib","1779":"dagu","1780":"col ","1781":"agti","1782":"gpad","1783":"abay","1784":" col","1785":"dito","1786":"saga","1787":"rega","1788":"ggep","1789":" nae","1790":"sen ","1791":"emog","1792":"atda","1793":"onan","1794":"tala","1795":"mars","1796":"rag ","1797":"babb","1798":"uso ","1799":"lion","1800":"anis","1801":"pika","1802":"saki","1803":"aing","1804":"buko","1805":"gtur","1806":"asba","1807":"napi","1808":"aend","1809":" bri","1810":" ala","1811":" med","1812":"galu","1813":"gbag","1814":"kula","1815":"ntan","1816":"osan","1817":"angm","1818":" inu","1819":" da ","1820":"ribu","1821":" res","1822":"sabs","1823":" iba","1824":"main","1825":" las","1826":"kda ","1827":"liko","1828":" end","1829":"bsab","1830":"inat","1831":" asa","1832":" dep","1833":"komp","1834":"adia","1835":"kit ","1836":"gnge","1837":"omun","1838":"pera","1839":"arka","1840":"liwa","1841":" kua","1842":"susa","1843":"gban","1844":"lini","1845":"iber","1846":"ren ","1847":"adae","1848":"gobi","1849":"esto","1850":"puna","1851":"gko ","1852":"bert","1853":"maaw","1854":"arin","1855":"udso","1856":"ard ","1857":" chi","1858":"agdu","1859":"onda","1860":"sabo","1861":"tart","1862":"isra","1863":"term","1864":"dake","1865":"nair","1866":"srae","1867":"peri","1868":"nday","1869":"pe=c","1870":"e=co","1871":"egta","1872":"gida","1873":"ses ","1874":"lay ","1875":"tula","1876":"agbu","1877":"a|| ","1878":"rong","1879":"ktur","1880":"=col","1881":"inen","1882":"nong","1883":"egas","1884":" dav","1885":"kat ","1886":"liw ","1887":"len ","1888":"yawa","1889":"akak","1890":"imat","1891":"ermi","1892":"aida","1893":"rael","1894":" bis","1895":"ampa","1896":" lim","1897":"rus ","1898":"rial","1899":"atik","1900":"naes","1901":"gles","1902":"lite","1903":"puro","1904":"rta ","1905":"esid","1906":"aywa","1907":"isar","1908":"gbat","1909":"skas","1910":"gkar","1911":"nek ","1912":" adi","1913":"ilaw","1914":"pen ","1915":"bagb","1916":"los ","1917":"gbas","1918":"new ","1919":"anyo","1920":"rna ","1921":"ibil","1922":"itut","1923":"aris","1924":"gbig","1925":"sula","1926":"inae","1927":"gbae","1928":"gta ","1929":" esk","1930":"ena ","1931":"ikut","1932":"done","1933":"lita","1934":"pat ","1935":"inge","1936":"aann","1937":"umay","1938":"inad","1939":" ora","1940":"elo ","1941":" isr","1942":"ipag","1943":"tar ","1944":"lekt","1945":"rmin","1946":"tand","1947":"ungb","1948":"sbas","1949":"inak","1950":"abii","1951":"akto","1952":" ped","1953":"aesp","1954":"gaba","1955":"niak","1956":"naiy","1957":" del","1958":" sag","1959":"angy","1960":"rto ","1961":"usus","1962":"ged ","1963":"atid","1964":"sana","1965":"ngap","1966":"ido ","1967":"post","1968":"sita","1969":"ite ","1970":"entr","1971":"dael","1972":" tem","1973":"impl","1974":"ngra","1975":"abat","1976":"ande","1977":"iran","1978":"maib","1979":"apri","1980":"dand","1981":"ukel","1982":"mon ","1983":"pal ","1984":"kaun","1985":"repu","1986":"ebre","1987":"tern","1988":"arud","1989":"niam","1990":" agu","1991":"rud ","1992":"pran","1993":" hul","1994":"ksid","1995":"kela","1996":"ngma","1997":"huli","1998":"ngo ","1999":"sian","2000":"bula","2001":"nggu","2002":"agal","2003":"arus","2004":"titu","2005":"itol","2006":"gsur","2007":"luds","2008":"ddan","2009":"tace","2010":"brit","2011":" pue","2012":"adip","2013":"tin ","2014":" his","2015":"loka","2016":"taru","2017":"umaa","2018":"dsod","2019":"ngle","2020":" car","2021":"dipe","2022":"apla","2023":"tpat","2024":"buke","2025":"ding","2026":"ity ","2027":"liku","2028":"iwar","2029":"epub","2030":"atpa","2031":" pus","2032":"nmi ","2033":"regt","2034":" dar","2035":"igbi","2036":"wara","2037":"ikag","2038":"arab","2039":"opik","2040":"adas","2041":"note","2042":"maud","2043":"adam","2044":"tko ","2045":"mia ","2046":"ater","2047":"ngil","2048":"subl","2049":"asda","2050":" sam","2051":"stan","2052":"rone","2053":" pil","2054":" jos","2055":"isal","2056":"agre","2057":"naam","2058":"basb","2059":"gep ","2060":"ales","2061":"ulka","2062":" pun","2063":"areg","2064":"bit ","2065":"loy ","2066":"gtag","2067":"kaid","2068":" dal","2069":"aed ","2070":"raka","2071":"andi","2072":" ubb","2073":" mod","2074":"rso ","2075":"itul","2076":" pub","2077":"saka","2078":"men ","2079":"agri","2080":"erat","2081":"nsur","2082":"uen ","2083":" bra","2084":"daaw","2085":"gona","2086":" buy","2087":"tol ","2088":"agbe","2089":"ngsu","2090":"labi","2091":"puso","2092":"rgan","2093":"ksio","2094":"kask","2095":"magu","2096":"aala","2097":"onna","2098":"aig ","2099":"bulk","2100":"gpas","2101":"kasd","2102":"lana","2103":"gsag","2104":"muan","2105":" ay ","2106":" rin","2107":"pers","2108":" cor","2109":"ular","2110":" lis","2111":" gag","2112":"prik","2113":"neo ","2114":"temp","2115":"ayye","2116":" sch","2117":"gika","2118":"aasi","2119":"sol ","2120":"naid","2121":"suki","2122":"bedd","2123":"olio","2124":" law","2125":"dio ","2126":"asip","2127":"ohia","2128":"nsul","2129":" gan","2130":"ratu","2131":"ela ","2132":"dant","2133":" mus","2134":" lit","2135":"rabi","2136":" kau","2137":" kor","2138":"ngko","2139":"atla","2140":" fra","2141":"ight","2142":"tes ","2143":"laks","2144":"orga","2145":"rsua","2146":"riae","2147":"arsu","2148":"apon","2149":"tidd","2150":"pusa","2151":" dum","2152":"tta ","2153":"iked","2154":"ektu","2155":"erso","2156":"repe","2157":"oten","2158":"sor ","2159":"dika","2160":"tud ","2161":"awid","2162":"asat","2163":"ahe ","2164":"ngin","2165":"not ","2166":"erto","2167":"ited","2168":"gdam","2169":" cha","2170":"nce ","2171":"sig ","2172":"umbe","2173":"rak ","2174":"neng","2175":"patp","2176":"uno ","2177":"gira","2178":"kaar","2179":"nida","2180":"agga","2181":"gimo","2182":"ropi","2183":" usa","2184":"ntin","2185":" bun","2186":"buso","2187":"impe","2188":" sun","2189":"tra ","2190":"mode","2191":"sua ","2192":"ris ","2193":" inn","2194":"ibat","2195":"arua","2196":"nort","2197":"tas ","2198":"iyan","2199":"olom","2200":"naya","2201":"alna","2202":"kaaw","2203":"tlan","2204":" lon","2205":"nnan","2206":"aiwa","2207":"bia ","2208":"glak","2209":"ila ","2210":" con","2211":" abr","2212":"leng","2213":"aem ","2214":"aant","2215":"umen","2216":"inaa","2217":"kark","2218":"siem","2219":"udo ","2220":" atl","2221":"ping","2222":"apo ","2223":"play","2224":"palu","2225":"anas","2226":"orta","2227":"guan","2228":"des ","2229":"yda ","2230":"mali","2231":"bigb","2232":"apos","2233":" kum","2234":"sard","2235":"tok ","2236":"kut ","2237":"usan","2238":"way ","2239":"ako ","2240":"tlo ","2241":"akde","2242":" ink","2243":" rab","2244":"juan","2245":"uela","2246":"fran","2247":"eric","2248":"tant","2249":"itun","2250":"posi","2251":"ansi","2252":"puer","2253":"baki","2254":"ubos","2255":"ota ","2256":"kder","2257":"takd","2258":"eral","2259":"ukle","2260":"enin","2261":"olog","2262":" wil","2263":"agia","2264":"tran","2265":"nkan","2266":"iat ","2267":"buyo","2268":"naar","2269":"mman","2270":"blaa","2271":"bbin","2272":"igur","2273":"enne","2274":"eran","2275":"sult","2276":" des","2277":"atae","2278":"inus","2279":"gad ","2280":" ini","2281":"dati","2282":"nabu","2283":"trat","2284":"unio","2285":"gus ","2286":"yyem","2287":"iaen","2288":"anse","2289":"ngid","2290":" tro","2291":"ubbi","2292":"prin","2293":"rda ","2294":" joh","2295":"ikat","2296":"nam ","2297":"adis","2298":"laak","2299":" jua","2300":"gaw ","2301":"ltur","2302":"ulta","2303":"aske","2304":"kua ","2305":"lasa","2306":"tinu","2307":"ibia","2308":" ilo","2309":"agku","2310":"pant","2311":"atlo","2312":"kais","2313":" for","2314":" org","2315":"eta ","2316":"edit","2317":" apl","2318":"olin","2319":"dida","2320":"day ","2321":"gmat","2322":"gayy","2323":"ines","2324":"nget","2325":"asal","2326":"katl","2327":"dasi","2328":" sek","2329":"akun","2330":"ekan","2331":" mor","2332":"okan","2333":"ausa","2334":"mmad","2335":"iddo","2336":"gid ","2337":"omin","2338":"davi","2339":"mamm","2340":"arda","2341":"rant","2342":"lis ","2343":"esis","2344":"ilas","2345":"mpor","2346":"teo ","2347":"stol","2348":"riak","2349":"simb","2350":"loni","2351":"sata","2352":"peni","2353":"e|| ","2354":"ium ","2355":" naw","2356":"alal","2357":"prep","2358":"ywan","2359":" rus","2360":"dro ","2361":"rkul","2362":" gol","2363":"isie","2364":" ele","2365":"iaka","2366":"buya","2367":"ddog","2368":"unos","2369":" ima","2370":"sias","2371":"sipa","2372":"rson","2373":"asi ","2374":"aut ","2375":" ram","2376":"simm","2377":"riri","2378":"ggon","2379":"mino","2380":"ikab","2381":"alun","2382":"auan","2383":"adto","2384":"ubin","2385":"mal ","2386":" heo","2387":" ipu","2388":"kank","2389":"sken","2390":"epar","2391":" hap","2392":"llas","2393":" eko","2394":"usio","2395":"mais","2396":"alai","2397":"ulos","2398":"mek ","2399":"tawa","2400":"akri","2401":" eks","2402":"inst","2403":" kag","2404":"udia","2405":" lak","2406":"gpap","2407":"tat ","2408":"udi ","2409":"ason","2410":"asna","2411":"bra ","2412":"ngeg","2413":"lall","2414":"lakn","2415":"akni","2416":"rati","2417":" dik","2418":"auda","2419":"ntro","2420":"usig","2421":"radi","2422":"obra","2423":" tai","2424":"isut","2425":"isip","2426":"eres","2427":"nins","2428":"adin","2429":"pamp","2430":"umak","2431":"rope","2432":"ipad","2433":"itu ","2434":"tere","2435":"etna","2436":"sper","2437":"ranc","2438":"iens","2439":"puka","2440":"kult","2441":"knib","2442":"akla","2443":"sasi","2444":"ayam","2445":"alsa","2446":"maar","2447":"bibi","2448":"aydi","2449":"ual ","2450":"lon ","2451":" bum","2452":"ketd","2453":" not","2454":"uek ","2455":"lusi","2456":" sid","2457":"edan","2458":"itur","2459":"usor","2460":"kind","2461":"eogr","2462":"wata","2463":"baan","2464":"dog ","2465":"sid ","2466":"alip","2467":" kol","2468":"kabu","2469":"apap","2470":"ekta","2471":" itu","2472":"sipu","2473":"atad","2474":"orsi","2475":"sare","2476":"aulo","2477":"tria","2478":" sit","2479":" sou","2480":"atol","2481":"iant","2482":"pint","2483":"ipup","2484":"gtig","2485":" men","2486":" can","2487":" bor","2488":"amo ","2489":"spas","2490":"gak ","2491":"isik","2492":"ming","2493":"etdi","2494":"ntal","2495":"kawa","2496":"vers","2497":"arao","2498":"pupu","2499":"dayo","2500":"ntas","2501":"rina","2502":"bita","2503":"gree","2504":" ar ","2505":"naaw","2506":"ttay","2507":"giwa","2508":"gund","2509":"ntik","2510":"hapo","2511":"lehi","2512":"matu","2513":"mbes","2514":"lime","2515":"uart","2516":"dto ","2517":"alo ","2518":"gday","2519":"gsuk","2520":"aiga","2521":"llak","2522":"napn","2523":"kaw ","2524":"nask","2525":" sat","2526":"agab","2527":"kome","2528":"agik","2529":"indu","2530":" sul","2531":"aspa","2532":"egga","2533":"ers ","2534":"din ","2535":"paba","2536":"ture","2537":" sip","2538":"asud","2539":" jud","2540":"rnos","2541":"bael","2542":"nant","2543":"alim","2544":"tos ","2545":"abut","2546":"rmas","2547":"ain ","2548":" dim","2549":"nona","2550":"obel","2551":"ent ","2552":"yatn","2553":"gtar","2554":"esku","2555":"iam ","2556":"ich ","2557":"ker ","2558":"caly","2559":" gen","2560":"bukl","2561":" pis","2562":"lano","2563":"lako","2564":"aso ","2565":"rand","2566":"isit","2567":"bbai","2568":"ntra","2569":"nap ","2570":"timo","2571":"kkat","2572":"gbed","2573":"depa","2574":"ligi","2575":"sdaa","2576":"padi","2577":"agaw","2578":"asiw","2579":"iver","2580":"avid","2581":"apaa","2582":" at ","2583":"aisi","2584":"ilo ","2585":"anua","2586":"ngag","2587":"gin ","2588":"impo","2589":"n|| ","2590":"aton","2591":"lla ","2592":"aana","2593":" hun","2594":"igsa","2595":"pare","2596":"ico ","2597":"aata","2598":"staa","2599":"anek","2600":"kaan","2601":"eter","2602":"ell ","2603":"ipab","2604":"idas","2605":"gtub","2606":"uran","2607":"igag","2608":"illi","2609":" ene","2610":"ngte","2611":" her","2612":"lit ","2613":" lue","2614":" ||k","2615":" rua","2616":"dita","2617":"mism","2618":"colo","2619":"luek","2620":"rese","2621":"lem ","2622":"agap","2623":"umar","2624":"skri","2625":"arat","2626":"arpa","2627":"umat","2628":"sod ","2629":"sud ","2630":"isun","2631":"urad","2632":"del ","2633":"sinu","2634":"alam","2635":"arso","2636":"oder","2637":"luen","2638":"kolo","2639":"nait","2640":" bio","2641":"ukaw","2642":"ugan","2643":"rida","2644":"taua","2645":"nibe","2646":"raon","2647":"onta","2648":"bel ","2649":"umba","2650":"kuel","2651":"tdi ","2652":"aaya","2653":"asae","2654":"skue","2655":"arde","2656":" b ","2657":"nnat","2658":"mple","2659":"ibu ","2660":"abig","2661":"vid ","2662":"ego ","2663":"pasp","2664":"nand","2665":"kaye","2666":"gisu","2667":"gpag","2668":"ekne","2669":"hiko","2670":"igen","2671":"las ","2672":"abri","2673":"igun","2674":"ert ","2675":"orne","2676":"tist","2677":" sel","2678":"gtau","2679":"gpam","2680":"elas","2681":"prov","2682":"nekn","2683":"bina","2684":"knek","2685":"enka","2686":"ubre","2687":"nagg","2688":"yata","2689":"dern","2690":"alge","2691":"ekon","2692":" pel","2693":"tame","2694":"yama","2695":"oro ","2696":"mayo","2697":"arke","2698":"andr","2699":"oral","2700":"antu","2701":"kono","2702":"gawa","2703":"repo","2704":"alon","2705":"ayus","2706":"saen","2707":"glaw","2708":"nado","2709":"iale","2710":"uten","2711":"mes ","2712":"aput","2713":"pedr","2714":"ensa","2715":" com","2716":"mas ","2717":"espa","2718":"espe","2719":" c ","2720":"edro","2721":"anon","2722":"llig","2723":"anth","2724":" cam","2725":" rik","2726":"iit ","2727":"upus","2728":"omia","2729":"|px|","2730":"rden","2731":"talg","2732":"naal","2733":"sibi","2734":"iing","2735":"nsis","2736":" sep","2737":"ngab","2738":"mona","2739":"tuno","2740":"init","2741":"uado","2742":"nder","2743":" iya","2744":"ulia","2745":"pigs","2746":"runo","2747":"yam ","2748":"righ","2749":"prot","2750":"i|| ","2751":"ober","2752":" mic","2753":"rumb","2754":"taln","2755":"ilak","2756":"stru","2757":"heog","2758":"uda ","2759":"lged","2760":" sa ","2761":"ther","2762":"siko","2763":" ali","2764":"nmo ","2765":"alka","2766":"gsub","2767":"nkun","2768":"omen","2769":"unib","2770":"alad","2771":"jose","2772":" hab","2773":"nisa","2774":"nko ","2775":"rana","2776":"grad","2777":"lasu","2778":"agpi","2779":" lab","2780":"assa","2781":" ubi","2782":"maus","2783":"rela","2784":"kir ","2785":"ies ","2786":"reen","2787":" une","2788":" pos","2789":"gisa","2790":"kays","2791":"orte","2792":"gtra","2793":"emen","2794":"akaw","2795":" lik","2796":"ukat","2797":"tabl","2798":"toma","2799":"enio","2800":" kul","2801":"nobe","2802":"inom","2803":"apak","2804":"akau","2805":" epe","2806":"pagk","2807":"ikap","2808":"rale","2809":" rag","2810":" igi","2811":"empe","2812":" sta","2813":"kaib","2814":"glag","2815":"maku","2816":"kuar","2817":"resu","2818":"mpre","2819":" gal","2820":"tega","2821":"ogen","2822":"apuk","2823":" wal","2824":"odan","2825":"pino","2826":"kapp","2827":"erre","2828":"suna","2829":"sado","2830":"ibuk","2831":"tann","2832":"kunk","2833":"ring","2834":"elik","2835":"unku","2836":" upp","2837":"apuy","2838":"irek","2839":"akpa","2840":"ingi","2841":"gisi","2842":"sept","2843":"onar","2844":"nagn","2845":"maad","2846":"cali","2847":"taka","2848":"sirk","2849":"ary ","2850":"peli","2851":"nald","2852":"uens","2853":"ppat","2854":"kpak","2855":"cos ","2856":"aral","2857":" bot","2858":"bos ","2859":"bati","2860":"kipa","2861":"nit ","2862":"inau","2863":"uppa","2864":"aden","2865":"king","2866":"ngbu","2867":"akip","2868":"mbia","2869":"atit","2870":"asil","2871":"ings","2872":"don ","2873":"olpo","2874":"tawt","2875":"gres","2876":"bida","2877":"span","2878":"anmi","2879":"biit","2880":"ril ","2881":"lann","2882":"utan","2883":"asit","2884":"auna","2885":" reb","2886":"eto ","2887":"born","2888":"ndaw","2889":"rkar","2890":"sand","2891":"cia ","2892":"anes","2893":" neg","2894":"nare","2895":"golp","2896":"ella","2897":"aune","2898":"ngli","2899":"rato","2900":"onse","2901":"ikmu","2902":"ikua","2903":"amon","2904":"rib ","2905":"tele","2906":"ress","2907":"nuan","2908":"char","2909":"etra","2910":"rsio","2911":"john","2912":"rins","2913":"likm","2914":"ntua","2915":"ngus","2916":"bakn","2917":" geo","2918":"dong","2919":"outh","2920":" lok","2921":"olon","2922":" pit","2923":"abun","2924":"aspi","2925":"red ","2926":"imal","2927":"atun","2928":"diak","2929":"pegg","2930":"magn","2931":"site","2932":"pura","2933":"rtam","2934":"habi","2935":"pakp","2936":"abaw","2937":" tek","2938":"esul","2939":"paul","2940":"ess ","2941":"nem ","2942":"dalu","2943":"atko","2944":"umas","2945":"uat ","2946":"rsid","2947":"agko","2948":"dera","2949":"penn","2950":"salm","2951":"tine","2952":"akis","2953":"rusa","2954":"aang","2955":"ork ","2956":"nung","2957":"dasa","2958":"plue","2959":"nakd","2960":"ayma","2961":" pet","2962":"ate ","2963":"bato","2964":"akik","2965":"stoy","2966":" que","2967":"huni","2968":"enge","2969":"kaga","2970":"kmut","2971":"tudo","2972":"kenn","2973":"ungk","2974":" aut","2975":"ges ","2976":"nolo","2977":"ggad","2978":"tuto","2979":" ago","2980":"nadi","2981":"rote","2982":"kuma","2983":"log ","2984":"ipsi","2985":"tano","2986":"puto","2987":"ekna","2988":"ngam","2989":"kdak","2990":"mind","2991":"patu","2992":"ory ","2993":"anat","2994":"epor","2995":"ron ","2996":"impu","2997":"unis","2998":" bur","2999":"tuma","3000":"aada","3001":"tien","3002":"ngaa","3003":"dukt","3004":"ngel","3005":"ible","3006":"tad ","3007":"anim","3008":"tuen","3009":"akup","3010":"ngaw","3011":"noma","3012":"spin","3013":" tel","3014":"nent","3015":" seg","3016":"ehis","3017":"dial","3018":"lta ","3019":"nika","3020":"auto","3021":"astr","3022":"enni","3023":"yeg ","3024":" teo","3025":"gsa ","3026":"wane","3027":" mun","3028":"das ","3029":"ngdo","3030":"tada","3031":"gsay","3032":" tak","3033":"innu","3034":" gin","3035":"ydia","3036":"park","3037":"saru","3038":"agtr","3039":"uya ","3040":"aela","3041":" jer","3042":"dnon","3043":"auti","3044":"rot ","3045":"bak ","3046":"apik","3047":"gkam","3048":"esti","3049":"sout","3050":"nive","3051":"nao ","3052":"artu","3053":"uano","3054":"tawi","3055":"kann","3056":"punt","3057":"dak ","3058":"eksi","3059":"illa","3060":"kaso","3061":"wid ","3062":" heb","3063":"iasi","3064":"mplu","3065":" o ","3066":"ggas","3067":"atie","3068":"mora","3069":"apin","3070":"guna","3071":"atag","3072":"karn","3073":" bit","3074":"ongi","3075":"irar","3076":"alus","3077":"gene","3078":"tudi","3079":"linn","3080":" tsi","3081":"oktu","3082":"lias","3083":"nses","3084":"hebr","3085":"nobi","3086":"ilid","3087":"trib","3088":"gbut","3089":" reg","3090":"alap","3091":"tsin","3092":"inil","3093":"amal","3094":"aati","3095":"mut ","3096":"uel ","3097":"ilit","3098":"ikam","3099":"tong","3100":" cla","3101":"able","3102":"ktub","3103":"nisi","3104":"utos","3105":"sada","3106":"buto","3107":"olia","3108":" uli","3109":"gsal","3110":" web","3111":"ilis","3112":"tubr","3113":"raso","3114":"ley ","3115":" tig","3116":"time","3117":"prop","3118":"odna","3119":"masu","3120":"yus ","3121":"asag","3122":" inl","3123":"pane","3124":"ahon","3125":"timm","3126":"itak","3127":"anno","3128":"gten","3129":"idin","3130":" usi","3131":"non ","3132":"elit","3133":"over","3134":"ames","3135":"univ","3136":"ille","3137":"riaf","3138":" ||m","3139":"aflo","3140":"ingu","3141":"nawt","3142":"taba","3143":"tasi","3144":"tota","3145":"ayab","3146":"lun ","3147":"rini","3148":" okt","3149":"rit ","3150":"rich","3151":"aksa","3152":"idum","3153":"igi ","3154":"ingk","3155":"usti","3156":"sila","3157":"iafl","3158":"aita","3159":" pau","3160":"ysia","3161":"aluk","3162":"ural","3163":" ros","3164":"klen","3165":"anet","3166":"olus","3167":"kato","3168":"utis","3169":"reo ","3170":"kon ","3171":"bli ","3172":"opol","3173":"agya","3174":"bio ","3175":"ngtu","3176":"rtua","3177":"lda ","3178":"uist","3179":"kaat","3180":"agos","3181":"bolu","3182":"sap ","3183":"endi","3184":"imen","3185":"mpak","3186":"iego","3187":"misi","3188":"rke ","3189":"naud","3190":"raem","3191":"est ","3192":"estr","3193":"itin","3194":" iny","3195":"amam","3196":"lmo ","3197":"daul","3198":"pet ","3199":"ien ","3200":"kuyo","3201":"ipon","3202":"pors","3203":" ira","3204":"ord ","3205":" wag","3206":"ette","3207":"mulo","3208":"sok ","3209":"mmar","3210":"padt","3211":"mb|p","3212":"akon","3213":"ukis","3214":"siaa","3215":"suda","3216":"alta","3217":" gri","3218":" agm","3219":"zon ","3220":"kira","3221":"maym","3222":"adaa","3223":"ngiw","3224":"osta","3225":"gpay","3226":"mail","3227":"nsio","3228":"nsip","3229":"bril","3230":"lus ","3231":"isen","3232":"lami","3233":"nega","3234":"rung","3235":"pasd","3236":"igo ","3237":"guis","3238":"pagn","3239":" dok","3240":"asir","3241":"gayw","3242":"tumu","3243":"bute","3244":" obr","3245":"aink","3246":"irku","3247":"laan","3248":"rime","3249":"mapu","3250":" rob","3251":"one ","3252":"eorg","3253":"raw ","3254":" m ","3255":"ando","3256":"kaal","3257":"tona","3258":"biet","3259":"ndak","3260":"angh","3261":"naay","3262":"bil ","3263":"lind","3264":"timb","3265":"pagl","3266":" suk","3267":"almo","3268":"ampo","3269":"ymay","3270":"aste","3271":"asuk","3272":"sawe","3273":"awes","3274":"naus","3275":"didi","3276":"ros ","3277":"o|| ","3278":"abra","3279":"agru","3280":" ast","3281":" ste","3282":"stik","3283":"ontr","3284":" sup","3285":"nged","3286":" saw","3287":"riba","3288":"asek","3289":"paut","3290":"udio","3291":" km ","3292":"mins","3293":"asen","3294":" on ","3295":" yan","3296":" dir","3297":"kaay","3298":"nus ","3299":"nni ","3300":"ibid","3301":" ila","3302":"gsip","3303":"mida","3304":"dato","3305":" alb","3306":"nili","3307":" mel","3308":"ohn ","3309":"segu","3310":"olan","3311":"basi","3312":"tuga","3313":"gtun","3314":"her ","3315":"tmo ","3316":"mar ","3317":"ngak","3318":"olik","3319":"remi","3320":"balu","3321":"bake","3322":"says","3323":"ersa","3324":"grag","3325":"was ","3326":"uang","3327":"dado","3328":"apil","3329":" way","3330":"lelo","3331":"anao","3332":" wor","3333":"hel ","3334":"anae","3335":"eder","3336":"rieg","3337":" ran","3338":"adpa","3339":" urn","3340":"bota","3341":"kima","3342":"suka","3343":"siw ","3344":"sur ","3345":"utot","3346":"tuat","3347":"aidu","3348":"akia","3349":"b|px","3350":"dpad","3351":"desi","3352":"ppia","3353":"gpor","3354":"rero","3355":"inur","3356":"ndo ","3357":"inum","3358":"slan","3359":"arwa","3360":"rdin","3361":"urod","3362":"sige","3363":"rneo","3364":"ilad","3365":" dip","3366":"laon","3367":"awda","3368":"gidd","3369":"wda ","3370":"agte","3371":"olar","3372":"adna","3373":"yoge","3374":"uter","3375":"padp","3376":"dens","3377":"maru","3378":"aken","3379":" gum","3380":"tory","3381":"edia","3382":"liam","3383":"alel","3384":"krip","3385":"geor","3386":"ateo","3387":"gma ","3388":"ikli","3389":"ngad","3390":"yona","3391":" yor","3392":" har","3393":"ruan","3394":"itar","3395":"suan","3396":"gbay","3397":"rent","3398":"ibus","3399":"bii ","3400":"ulag","3401":"agli","3402":"yann","3403":"ical","3404":"ianu","3405":"gost","3406":" bol","3407":"umul","3408":"klik","3409":" gua","3410":"sdek","3411":" dom","3412":" lag","3413":"myrt","3414":"ndis","3415":"dire","3416":"asde","3417":"hon ","3418":" ark","3419":"duad","3420":" dra","3421":"araw","3422":"anko","3423":"yant","3424":"apig","3425":"guag","3426":"ebbe","3427":"kad ","3428":"mio ","3429":"itad","3430":"dadu","3431":"ngke","3432":" i ","3433":"uage","3434":"agpu","3435":"aeli","3436":"yday","3437":"upor","3438":"rona","3439":"ataw","3440":"rove","3441":" bie","3442":"awas","3443":"yog ","3444":" tab","3445":"kaki","3446":"udua","3447":" hok","3448":"palp","3449":"osio","3450":"bian","3451":"solo","3452":"maam","3453":"nghe","3454":"anus","3455":"dali","3456":"este","3457":"grie","3458":"sahe","3459":"ugal","3460":"dale","3461":"andu","3462":"aibu","3463":"elle","3464":"york","3465":"baut","3466":"iest","3467":"dek ","3468":"arme","3469":" den","3470":"breo","3471":"kait","3472":"sakn","3473":"asim","3474":"pini","3475":"ipam","3476":"nima","3477":"rsie","3478":" ori","3479":"ombi","3480":"lag ","3481":"awis","3482":"mart","3483":"pars","3484":"ggun","3485":"gpab","3486":"gpak","3487":"ence","3488":"pio ","3489":"apab","3490":"atmo","3491":"|ti ","3492":"eva ","3493":"blio","3494":" agg","3495":"subp","3496":"ugia","3497":"aysi","3498":"abus","3499":"uto ","3500":"pasu","3501":"rwar","3502":"bkas","3503":"seks","3504":"ebka","3505":"opia","3506":"iel ","3507":"agir","3508":"agen","3509":"domi","3510":"baka","3511":" tau","3512":"adio","3513":"omo ","3514":" kah","3515":"okka","3516":"bann","3517":"rsit","3518":"pilo","3519":"gust","3520":"inut","3521":"nica","3522":"tres","3523":"iann","3524":"nulo","3525":"will","3526":"ikay","3527":"afri","3528":"omet","3529":"cent","3530":"ayak","3531":"gdal","3532":"ukim","3533":"tipo","3534":"rebb","3535":"iwri","3536":"patn","3537":" kil","3538":"aire","3539":"gted","3540":"glab","3541":"aama","3542":"baw ","3543":"titi","3544":"sity","3545":"arir","3546":"uth ","3547":"all ","3548":"alga","3549":"omon","3550":"gsao","3551":"ghel","3552":"nsas","3553":" \u00b0 ","3554":"asik","3555":"tibi","3556":"erne","3557":"wriw","3558":"intu","3559":"simp","3560":"pagd","3561":"ple ","3562":"idon","3563":"namo","3564":" afr","3565":"ione","3566":"inne","3567":"gtat","3568":"riw ","3569":"knap","3570":"pter","3571":"egun","3572":"niba","3573":"supo","3574":"stit","3575":"ukom","3576":"lad ","3577":"ssaw","3578":" tor","3579":"lagl","3580":"ulad","3581":" cre","3582":"tami","3583":"isua","3584":"agup","3585":"abam","3586":" ii ","3587":" ras","3588":"atra","3589":"tisa","3590":"webs","3591":"ionn","3592":"aaba","3593":"aggi","3594":"gyam","3595":"ayad","3596":"irok","3597":"biem","3598":"warw","3599":"mato","3600":"orth","3601":"masn","3602":"aane","3603":"apau","3604":"last","3605":"likl","3606":"uami","3607":"bben","3608":"ngpo","3609":"neka","3610":"ayas","3611":"mens","3612":"can ","3613":" rig","3614":"saku","3615":"esu ","3616":"fric","3617":"lomb","3618":" sik","3619":"pesi","3620":" det","3621":"anot","3622":"gali","3623":"puy ","3624":"apot","3625":"biro","3626":"gip ","3627":" lam","3628":"yem ","3629":"klan","3630":"uraw","3631":"dakd","3632":"mmon","3633":"iang","3634":"buma","3635":"ght|","3636":"brer","3637":"aet ","3638":"bras","3639":"bsit","3640":"ngya","3641":" mie","3642":"osen","3643":"hokk","3644":"ebsi","3645":" pie","3646":"gyo ","3647":"kuat","3648":"ogna","3649":"ruba","3650":"mela","3651":"eskr","3652":"agwa","3653":"ggap","3654":"uert","3655":"anil","3656":"kail","3657":"aimp","3658":"ardi","3659":"big ","3660":"pebr","3661":"apam","3662":"ctor","3663":"stud","3664":"abta","3665":"aikk","3666":"vill","3667":"iogr","3668":"anci","3669":"etik","3670":"dtay","3671":"lle ","3672":"ages","3673":" luc","3674":"kaik","3675":"anal","3676":"erse","3677":"rono","3678":"ocal","3679":"gdak","3680":"mark","3681":"arma","3682":"idna","3683":"aket","3684":"riwr","3685":" edu","3686":"umal","3687":"uann","3688":"gsar","3689":"wann","3690":"anba","3691":"ler ","3692":"ics ","3693":"gkak","3694":"ean ","3695":"aar ","3696":"rek ","3697":"taku","3698":"rtar","3699":" all","3700":"nila","3701":"nnay","3702":"abar","3703":"ikit","3704":"pit ","3705":"abes","3706":"appo","3707":"iata","3708":"mabu","3709":"aike","3710":"elen","3711":"chin","3712":"prem","3713":"dann","3714":"lomo","3715":"kkai","3716":"ksak","3717":"stat","3718":"igap","3719":"onti","3720":"giku","3721":"west","3722":"ose ","3723":"arru","3724":"erba","3725":"ukoy","3726":"ukta","3727":"nani","3728":"atua","3729":"egge","3730":"ulit","3731":" arm","3732":"erra","3733":"tnen","3734":"ulio","3735":"ores","3736":"naru","3737":"atne","3738":"sali","3739":"agki","3740":"cuad","3741":"sil ","3742":"kumb","3743":"ambo","3744":"damo","3745":"bitu","3746":"stic","3747":"stin","3748":"ngpe","3749":"psis","3750":"nsti","3751":" bro","3752":"nog ","3753":"glao","3754":" myr","3755":"epti","3756":"cas ","3757":"uon ","3758":"sda ","3759":"scho","3760":"ribi","3761":"ibal","3762":"aido","3763":" gat","3764":"oan ","3765":"alii","3766":"aam ","3767":"riti","3768":"nuro","3769":"tic ","3770":"tuko","3771":"pota","3772":"ecua","3773":"nalu","3774":"chil","3775":"cean","3776":"ant ","3777":" ecu","3778":"ders","3779":"rien","3780":"dise","3781":"empl","3782":" riw","3783":"sale","3784":"kaku","3785":"akem","3786":"oran","3787":"anio","3788":"ogo ","3789":"sumu","3790":"orie","3791":"igud","3792":"latt","3793":"ish ","3794":"ytay","3795":"ise ","3796":"umin","3797":"ocea","3798":"onte","3799":"kkan","3800":"maig","3801":"kane","3802":" eli","3803":"rra ","3804":"bulo","3805":"rrub","3806":"ons ","3807":"age ","3808":"slat","3809":"ntis","3810":"an||","3811":"talo","3812":"aank","3813":"wliw","3814":"gdan","3815":"ear ","3816":"adla","3817":"onto","3818":"ile ","3819":"rane","3820":"mand","3821":"ross","3822":"tnam","3823":"robe","3824":"ietn","3825":"rogr","3826":"ktar","3827":"tuln","3828":"musi","3829":"oble","3830":"llia","3831":" peb","3832":"eksp","3833":"dudu","3834":"ican","3835":"iwli","3836":"uata","3837":"itue","3838":"nume","3839":"itam","3840":"tyo ","3841":"alit","3842":"ulno","3843":"kawe","3844":"dokt","3845":"iaan","3846":"naen","3847":"anni","3848":"isud","3849":"yada","3850":"ger ","3851":"aias","3852":"rman","3853":"wna ","3854":"suam","3855":"ohik","3856":"okal","3857":"bend","3858":" tom","3859":"rsar","3860":"rbio","3861":"carp","3862":"onsi","3863":"rnon","3864":"sido","3865":"nunt","3866":"gget","3867":"eolo","3868":"nusa","3869":"asti","3870":"nten","3871":"omat","3872":"rpar","3873":"sekn","3874":"odda","3875":"utop","3876":"elio","3877":"gimb","3878":"glug","3879":"dot ","3880":"mont","3881":"ugma","3882":"lpal","3883":" mac","3884":" nay","3885":"gsin","3886":"gatu","3887":"marc","3888":"lila","3889":"resa","3890":"tipi","3891":"lesi","3892":"lnog","3893":"arsa","3894":" leh","3895":"mbaa","3896":"oso ","3897":"liiw","3898":"ocos","3899":"hall","3900":" hal","3901":"trad","3902":"rbis","3903":"nglo","3904":"lado","3905":"apus","3906":"digo","3907":" van","3908":"sena","3909":"pays","3910":"lore","3911":"tem ","3912":"isai","3913":"ans ","3914":"yrta","3915":"saia","3916":"gado","3917":"ongo","3918":"elaa","3919":"esen","3920":"kuku","3921":"anap","3922":"dit ","3923":"ddaw","3924":"riin","3925":"gsab","3926":"erde","3927":"\u8bed|| ","3928":"gipe","3929":"niat","3930":"gtaw","3931":"osia","3932":"gbuk","3933":"agaa","3934":" oce","3935":"layo","3936":"ort ","3937":"nban","3938":"dili","3939":"ulid","3940":"mplo","3941":"ogan","3942":"ning","3943":"nsah","3944":"abuy","3945":"immi","3946":"ison","3947":"anit","3948":"minu","3949":"toni","3950":"imor","3951":" meh","3952":"dram","3953":"rint","3954":"nape","3955":"erus","3956":"akig","3957":"sola","3958":"mmak","3959":"omik","3960":"isag","3961":"pna ","3962":"benn","3963":"seni","3964":"epre","3965":"akum","3966":"orid","3967":"elia","3968":"anie","3969":"mer ","3970":"kord","3971":"pagr","3972":"ngui","3973":"lega","3974":"nstr","3975":"etal","3976":"aenn","3977":"siar","3978":"rko ","3979":"pre ","3980":" ric","3981":"kond","3982":"parp","3983":"glan","3984":"mita","3985":"appe","3986":" inp","3987":"hust","3988":"paku","3989":"emio","3990":" s ","3991":"banb","3992":"oyo ","3993":"ndus","3994":" rek","3995":"akil","3996":"arch","3997":"zamb","3998":" che","3999":" soc","4000":"umur","4001":" dek","4002":"mbab","4003":"kamp","4004":"piat","4005":"ham ","4006":"ure ","4007":"aniw","4008":"bar ","4009":"repr","4010":"midd","4011":"apel","4012":"eani","4013":"ist ","4014":"base","4015":"regg","4016":"tia ","4017":"gent","4018":"unta","4019":"gaas","4020":"gaan","4021":"uot ","4022":"gayu","4023":"pita","4024":"ukto","4025":"agud","4026":"prog","4027":"ripi","4028":"ehik","4029":"ingd","4030":"gant","4031":"hio ","4032":"rota","4033":"otek","4034":"eso ","4035":" big","4036":"ndat","4037":"ool ","4038":"irag","4039":" pum","4040":"ukas","4041":"tent","4042":"gpet","4043":"gkun","4044":"imo ","4045":"dona","4046":"rawa","4047":"foli","4048":"agur","4049":"umil","4050":" son","4051":"lane","4052":"mich","4053":" to ","4054":"kado","4055":"mawa","4056":"empr","4057":"mber","4058":"kaho","4059":"lisa","4060":"adun","4061":"nakn","4062":"usik","4063":"naku","4064":"lass","4065":"kisa","4066":"arki","4067":" gay","4068":"olo ","4069":"iwa ","4070":"manu","4071":"wate","4072":" rad","4073":"ngun","4074":"aarr","4075":"riaa","4076":" ayo","4077":"osib","4078":"karu","4079":"ago ","4080":"iloc","4081":" shi","4082":"usal","4083":"ice ","4084":"mehi","4085":"ader","4086":"ern ","4087":"judi","4088":" ||b","4089":"tenn","4090":"ungd","4091":"tisi","4092":"emia","4093":" rim","4094":"mbro","4095":"mten","4096":"ipio","4097":" zam","4098":"yuni","4099":"ore ","4100":"rsia","4101":"duka","4102":"nthe","4103":"agde","4104":"ilok","4105":"gsap","4106":"ekst","4107":"stil","4108":" kod","4109":"teks","4110":"wiki","4111":"ptie","4112":"rekt","4113":"estu","4114":" fer","4115":"gane","4116":"atem","4117":"hen ","4118":"bot ","4119":"verb","4120":"aktr","4121":"gum ","4122":"nsik","4123":"atia","4124":"sira","4125":"worl","4126":"arko","4127":"sabt","4128":"toda","4129":"skol","4130":"gir ","4131":"ktre","4132":"ayun","4133":"kodi","4134":"alum","4135":"logo","4136":"okto","4137":"kagi","4138":"sagp","4139":"arip","4140":"orld","4141":"reko","4142":"arne","4143":"kod ","4144":"liwl","4145":"geg ","4146":"kilo","4147":"yot ","4148":"heli","4149":" ||t","4150":"itip","4151":"ppon","4152":"rde ","4153":"loco","4154":" gim","4155":"tinn","4156":"ower","4157":"sens","4158":"erma","4159":"onen","4160":"mba ","4161":"aite","4162":"tam ","4163":" ver","4164":"pabi","4165":"mpon","4166":"dino","4167":"cana","4168":"diss","4169":"tend","4170":"pas ","4171":"sinn","4172":"iro ","4173":"igra","4174":"rtac","4175":"btan","4176":"rakt","4177":" len","4178":"rayn","4179":"ono ","4180":"siti","4181":"gawi","4182":"ann ","4183":"imek","4184":"esko","4185":"lome","4186":" let","4187":"odig","4188":" aka","4189":"liso","4190":"elek","4191":"ram ","4192":"ayso","4193":"heni","4194":"engd","4195":" cen","4196":" sha","4197":" tuk","4198":"kodn","4199":"ladi","4200":"tras","4201":"aneo","4202":"icha","4203":"unit","4204":" vic","4205":"test","4206":"daar","4207":"ntia","4208":"rosa","4209":"toka","4210":"komb","4211":"brah","4212":"iahe","4213":"late","4214":"yebk","4215":"for ","4216":"pung","4217":"nism","4218":"ompa","4219":"icto","4220":"rego","4221":"ith ","4222":"lumb","4223":"nera","4224":"rsa ","4225":" bae","4226":"gdad","4227":" cat","4228":"ekad","4229":"uton","4230":"wis ","4231":"tens","4232":"gka ","4233":"apek","4234":"alma","4235":"aham","4236":"arai","4237":" emp","4238":"ebol","4239":" abu","4240":"soci","4241":"widt","4242":"dar ","4243":"raga","4244":"truk","4245":"iagd","4246":"bern","4247":" kim","4248":"biol","4249":"abia","4250":"yatd","4251":"glin","4252":"gbab","4253":"ausu","4254":"ilig","4255":"mmal","4256":"gup ","4257":"kalk","4258":" wat","4259":"bpre","4260":"kand","4261":"ibab","4262":"apli","4263":"ibib","4264":"glad","4265":"uktu","4266":" war","4267":"iati","4268":"yak ","4269":"uay ","4270":"ifol","4271":"gsen","4272":"geda","4273":"tima","4274":" han","4275":"patt","4276":"lota","4277":"muro","4278":"kdaa","4279":"pape","4280":"ekor","4281":"clas","4282":"uali","4283":"eduk","4284":"palt","4285":"aeny","4286":"nagm","4287":"purp","4288":"yab ","4289":"denn","4290":"kin ","4291":"nusu","4292":"ubpr","4293":"naag","4294":"hard","4295":"iolo","4296":" kur","4297":"kore","4298":"gdud","4299":"raru","4300":"prim","4301":"uadu","4302":"miem","4303":"dite","4304":"ius ","4305":"ytat","4306":"uers","4307":"blem","4308":"abel","4309":"riko","4310":"arad","4311":"atim","4312":"uksi","4313":"lkal","4314":"baon","4315":"egna","4316":"bado","4317":"chel","4318":"aona","4319":"ast ","4320":"nkay","4321":"poca","4322":"erpe","4323":"depe","4324":"pel ","4325":" wid","4326":"tus ","4327":"osa ","4328":"gmo ","4329":"ondo","4330":"resp","4331":" nuk","4332":"usta","4333":"tot ","4334":" bou","4335":"kole","4336":" chr","4337":"ioso","4338":"iagn","4339":"biga","4340":"spon","4341":"imbu","4342":"sers","4343":"apai","4344":" iso","4345":" ato","4346":"rod ","4347":"bon ","4348":"wer ","4349":"anwa","4350":" jam","4351":"lade","4352":"plik","4353":"akuy","4354":"gud ","4355":"kola","4356":" tho","4357":" nun","4358":" sob","4359":"ngye","4360":"ains","4361":"shin","4362":"situ","4363":"rser","4364":" gar","4365":"asun","4366":"gel ","4367":"enen","4368":"otna","4369":" p ","4370":"okas","4371":"orin","4372":"nnem","4373":"arel","4374":" mes","4375":"anne","4376":"lips","4377":"okra","4378":"mase","4379":"han ","4380":"tics","4381":"itab","4382":" glo","4383":"snek","4384":"yso ","4385":"meta","4386":" phi","4387":"via ","4388":"gami","4389":"paya","4390":"tibk","4391":"iyo ","4392":"ekti","4393":"pto ","4394":" wes","4395":"phil","4396":"spes","4397":"past","4398":"ratn","4399":"eleb","4400":"stis","4401":" ati","4402":"ung ","4403":"iday","4404":"ngsi","4405":"cal ","4406":"leon","4407":" jac","4408":"yatk","4409":"akib","4410":"llil","4411":"uest","4412":"ropo","4413":"kila","4414":"kinn","4415":"perp","4416":" bel","4417":" bet","4418":" ayu","4419":"arib","4420":"nnul","4421":"asne","4422":" gam","4423":"apoc","4424":"ens ","4425":"bosa","4426":"atch","4427":"sili","4428":"mrek","4429":"ocar","4430":"unae","4431":"pale","4432":"leme","4433":"ston","4434":"usia","4435":"berd","4436":"east","4437":"amau","4438":"lipa","4439":"bini","4440":"lear","4441":"iman","4442":"kaas","4443":"urpu","4444":"gpil","4445":"nakr","4446":"mist","4447":"tapa","4448":"ava ","4449":"ipis","4450":"mna ","4451":"gudu","4452":"alti","4453":"naye","4454":"ions","4455":"rpur","4456":"rre ","4457":"uba ","4458":"olda","4459":" val","4460":"lsal","4461":"awna","4462":"ance","4463":"dust","4464":"ngul","4465":"mant","4466":"turt","4467":"hes ","4468":"aint","4469":" kaw","4470":"opea","4471":"peta","4472":"eno ","4473":"nwan","4474":"aril","4475":"dth=","4476":"nib ","4477":"bela","4478":"raha","4479":"sdi ","4480":"ola ","4481":"th= ","4482":"lam ","4483":"roka","4484":"lito","4485":"idth","4486":"gula","4487":"pped","4488":"rld ","4489":"whea","4490":"isok","4491":"||ka","4492":"bal ","4493":"kitk","4494":"kiso","4495":" bim","4496":"inul","4497":"redi","4498":"paab","4499":"ugaw","4500":"wanw","4501":"uyot","4502":"nkal","4503":"ashi","4504":"udum","4505":"edda","4506":"want","4507":"lapp","4508":"lor ","4509":"lona","4510":"asut","4511":"ulot","4512":"chi ","4513":"ksto","4514":"ktal","4515":"asdi","4516":"hisl","4517":"admi","4518":"iwat","4519":"baha","4520":"lber","4521":"labe","4522":" moi","4523":"agui","4524":" bah","4525":" tam","4526":"apsa","4527":"agdi","4528":"nnad","4529":"bens","4530":"robl","4531":"ngim","4532":"gsat","4533":"rodu","4534":" eng","4535":"ilos","4536":"rban","4537":"ordi","4538":"ntio","4539":"gton","4540":" us ","4541":"nnag","4542":"nlan","4543":"abuk","4544":"oise","4545":"naad","4546":" mik","4547":"meg ","4548":"isch","4549":"ortu","4550":"btur","4551":"prod","4552":"atu ","4553":"deka","4554":"mok ","4555":"eano","4556":"uis ","4557":"thes","4558":"ilom","4559":"esse","4560":"ikud","4561":" ton","4562":"kain","4563":"inao","4564":"sals","4565":"ises","4566":"imot","4567":" lun","4568":"osit","4569":"iace","4570":"ibtu","4571":"neti","4572":"nurs","4573":"gman","4574":"gros","4575":"hios","4576":"kape","4577":"sars","4578":"eren","4579":"kko ","4580":"hool","4581":"alle","4582":"aldi","4583":"bker","4584":" tes","4585":"arga","4586":"parm","4587":"tida","4588":"wes ","4589":" asu","4590":"atab","4591":"nukl","4592":"||ie","4593":"atas","4594":"grik","4595":"sal ","4596":"aibi","4597":"gnag","4598":"kidd","4599":" lap","4600":"ombe","4601":"hern","4602":"tate","4603":"ward","4604":"rum ","4605":"oner","4606":"yang","4607":"choo","4608":"rtur","4609":"desk","4610":"irma","4611":"prib","4612":" leo","4613":"klak","4614":"awak","4615":"abaa","4616":"arle","4617":"ibke","4618":"ie||","4619":"ubbo","4620":"que ","4621":"hina","4622":"pato","4623":"gked","4624":"ped ","4625":"pora","4626":"sual","4627":"aag ","4628":"edon","4629":"puon","4630":"ekla","4631":" ||s","4632":"buk ","4633":"kog ","4634":"bok ","4635":"sik ","4636":"harl","4637":"rmek","4638":"eban","4639":"kam ","4640":"|ie|","4641":"iar ","4642":"nser","4643":"adar","4644":"mote","4645":"jeru","4646":"niw ","4647":"glap","4648":"gike","4649":" rug","4650":"udot","4651":"turi","4652":"teor","4653":"akid","4654":"dung","4655":" bir","4656":"yong","4657":" pac","4658":"omer","4659":"malu","4660":"anor","4661":"atyo","4662":"ngiy","4663":"stom","4664":"eros","4665":"suli","4666":"rann","4667":"tino","4668":"unav","4669":"engl","4670":" urb","4671":"enes","4672":"gulo","4673":"bell","4674":"imet","4675":"erad","4676":"sche","4677":"sch ","4678":"kem ","4679":"uahe","4680":"aduk","4681":"pudo","4682":"masp","4683":"apre","4684":"sapo","4685":"nina","4686":"rari","4687":"kia ","4688":"rnak","4689":"dete","4690":"gkal","4691":"avut","4692":"head","4693":"naun","4694":"plo ","4695":"ulbo","4696":"diat","4697":"letr","4698":" oda","4699":"nked","4700":"inke","4701":"oqui","4702":"dko ","4703":"rpek","4704":"trin","4705":"lula","4706":"etta","4707":"luca","4708":"oyen","4709":"vut ","4710":" inr","4711":"gibu","4712":"ukon","4713":"ungu","4714":"aul ","4715":"egda","4716":"ayno","4717":" mol","4718":"navu","4719":"ingo","4720":"ayay","4721":"ucas","4722":"berg","4723":"trol","4724":"mero","4725":"riap","4726":"atic","4727":"yas ","4728":" tay","4729":"ibin","4730":"ukua","4731":"glal","4732":"nlaw","4733":"inik","4734":"ddad","4735":"umer","4736":"nnon","4737":"eka ","4738":"inon","4739":"abur","4740":"agag","4741":"wang","4742":"tual","4743":"auli","4744":"arap","4745":"ayeg","4746":"uyon","4747":"pend","4748":"kair","4749":"egen","4750":"niel","4751":"emat","4752":"lat ","4753":" bik","4754":"pand","4755":"sagu","4756":" nic","4757":"dlaw","4758":"lond","4759":" t ","4760":"ner ","4761":" bus","4762":"pagg","4763":" gas","4764":"ote ","4765":"tkit","4766":"jame","4767":"tica","4768":"dut ","4769":"ntok","4770":"pagu","4771":"epen","4772":"itki","4773":" hon","4774":" ||a","4775":" ate","4776":"amas","4777":"arku","4778":" hig","4779":"lak ","4780":"sso ","4781":"gsig","4782":"tido","4783":"aipu","4784":"onge","4785":"hili","4786":"onio","4787":"=wik","4788":"usa ","4789":"lari","4790":"ator","4791":" spe","4792":"rner","4793":"nakk","4794":"adem","4795":"kiti","4796":" gil","4797":"ver ","4798":"bise","4799":"augm","4800":"dags","4801":"nage","4802":"tukt","4803":"nion","4804":"rens","4805":"isco","4806":"bain","4807":"anma","4808":"imbo","4809":"kika","4810":"s=wi","4811":"midn","4812":"aind","4813":"ndes","4814":"loso","4815":"niol","4816":"hika","4817":"ass=","4818":"mois","4819":"||ma","4820":"dem ","4821":"rusi","4822":"biah","4823":"gtit","4824":"unod","4825":"ulaw","4826":"akop","4827":"rry ","4828":" thi","4829":"mpal","4830":"inse","4831":"nggi","4832":"sibl","4833":" kli","4834":"daye","4835":"nat ","4836":"gtak","4837":" blu","4838":"abor","4839":"yogn","4840":"nsir","4841":"ss=w","4842":"urtu","4843":"ill ","4844":"rmal","4845":"gass","4846":"tgan","4847":" cag","4848":"rano","4849":"his ","4850":"nor ","4851":"olor","4852":"luan","4853":"ale ","4854":"mend","4855":"mma ","4856":"tili","4857":"teka","4858":"ueva","4859":"lugl","4860":"aglu","4861":"inig","4862":"orni","4863":"uppi","4864":"eenw","4865":"olis","4866":"dipt","4867":"tsa ","4868":"mika","4869":"psap","4870":"dend","4871":"lbod","4872":"alog","4873":"abo ","4874":"pipi","4875":"hris","4876":"ipto","4877":"uebe","4878":"elna","4879":"akko","4880":"aiti","4881":"lope","4882":"riam","4883":" ikk","4884":"oss ","4885":"abot","4886":"rea ","4887":"ook ","4888":"dame","4889":"lawe","4890":"osop","4891":"espo","4892":"nuev","4893":"chri","4894":"orda","4895":"etsa","4896":"chen","4897":"quia","4898":"ntip","4899":"inuk","4900":"lakl","4901":"male","4902":"nake","4903":"unir","4904":"ompl","4905":"ght ","4906":"gaug","4907":"ruko","4908":"esad","4909":"diko","4910":"gdum","4911":"cred","4912":" ngi","4913":"dom ","4914":"tek ","4915":"akta","4916":" edi","4917":"cori","4918":"uak ","4919":"ier ","4920":"mmok","4921":"pede","4922":"rima","4923":"pons","4924":"rili","4925":"selu","4926":"uglu","4927":"ektr","4928":"labb","4929":" job","4930":"pabu","4931":"isad","4932":" tre","4933":"comp","4934":"ndre","4935":"hile","4936":"ser ","4937":"kaig","4938":"rume","4939":"got ","4940":"mtuo","4941":"nir ","4942":"tuod","4943":"bod ","4944":"kup ","4945":"rine","4946":" kel","4947":"ries","4948":" eku","4949":"elli","4950":"nito","4951":"otes","4952":"ipte","4953":"scar","4954":" foo","4955":"ltan","4956":"ber ","4957":"bent","4958":"klim","4959":"gtot","4960":"boli","4961":" r ","4962":"bubu","4963":"aung","4964":"ades","4965":"mith","4966":"dmin","4967":"vict","4968":" num","4969":"job ","4970":"pedi","4971":"egos","4972":" ham","4973":"payu","4974":"bus ","4975":"pete","4976":"abad","4977":"eda ","4978":"caga","4979":"onsa","4980":"giru","4981":"itok","4982":"onic","4983":"erop","4984":"orge","4985":"ispa","4986":" al ","4987":"grii","4988":"llan","4989":" adm","4990":"nego","4991":"imtu","4992":" puo","4993":" cas","4994":"idil","4995":" ger","4996":"saps","4997":"wich","4998":"timp","4999":"ingp"}}