{"jav":{"0":"ing ","1":" ing","2":"ang ","3":"lan ","4":" lan","5":" sin","6":"sing","7":" kan","8":"kang","9":"ong ","10":"ngan","11":" won","12":"an\u00e9 ","13":"angg","14":"wong","15":" sak","16":" kuw","17":"ara ","18":"nggo","19":"wah ","20":" y\u00e9h","21":"y\u00e9hu","22":"aran","23":"uwi ","24":"huwa","25":"uwah","26":"kuwi","27":"\u00e9huw","28":"isa ","29":"kita","30":"rang","31":"gan ","32":" nga","33":"ora ","34":" ana","35":"ak\u00e9 ","36":" ora","37":" pan","38":"ana ","39":"ning","40":"ggo ","41":"ngka","42":" isa","43":"lah ","44":"iku ","45":"tan ","46":" kar","47":"awa ","48":" man","49":"ung ","50":" kat","51":" dad","52":"apa ","53":"n\u00e8k ","54":" n\u00e8k","55":"saka","56":"ipun","57":"adi ","58":"aka ","59":" iku","60":" apa","61":"ngga","62":" mar","63":"aya ","64":" kab","65":"iki ","66":"dadi","67":"enga","68":"kk\u00e9 ","69":"anga","70":"ita ","71":"ika ","72":" ban","73":"neng","74":"enen","75":" kit","76":"karo","77":"nan ","78":"aro ","79":" per","80":"ndha","81":"andh","82":" par","83":"pun ","84":"kate","85":"uga ","86":"ateg","87":" tau","88":"nang","89":"egor","90":"bang","91":"gori","92":" uga","93":"tego","94":"angk","95":"dha ","96":" nin","97":" ngg","98":"ingk","99":" pen","100":"mara","101":" iki","102":"pang","103":"para","104":"taun","105":"rga ","106":"ngin","107":"akk\u00e9","108":"aun ","109":"eng ","110":"mban","111":"aku ","112":"itab","113":"tab ","114":"ani ","115":" dip","116":"atan","117":" uta","118":"asa ","119":"liya","120":" pra","121":"alah","122":"kabu","123":" dh\u00e9","124":" kal","125":"san ","126":"ran ","127":"upat","128":"bupa","129":"ten ","130":"abup","131":" nge","132":" bab","133":" bak","134":"at\u00e8n","135":"t\u00e8n ","136":" alk","137":"baka","138":"dh\u00e9w","139":"anan","140":" wek","141":"h\u00e9w\u00e9","142":"\u00e9w\u00e9 ","143":"alki","144":"kal ","145":"lkit","146":"jene","147":"akal","148":"pat\u00e8","149":"gkan","150":"ektu","151":"wis ","152":" pun","153":" wis","154":" aku","155":"han ","156":"lang","157":"wekt","158":"ktu ","159":"nika","160":"tawa","161":"utaw","162":"ahan","163":"kan ","164":"sala","165":"sus ","166":"gaw\u00e9","167":"man ","168":"adha","169":" awa","170":"ngsa","171":"uw\u00e9 ","172":"inda","173":"ndon","174":"puni","175":" ind","176":"sia ","177":" all","178":"bab ","179":"alla","180":" ndu","181":"ndak","182":"llah","183":" dh\u00e8","184":"awak","185":" y\u00e9s","186":"unik","187":" sen","188":"dh\u00e8w","189":"\u00e8k\u00e9 ","190":"in\u00e9 ","191":"thi ","192":"\u00e8w\u00e8k","193":"h\u00e8w\u00e8","194":"w\u00e8k\u00e9","195":"iyan","196":"cara","197":"\u00e9sus","198":"y\u00e9su","199":" ten","200":" mer","201":"ati ","202":"gust","203":" liy","204":" sal","205":"duw\u00e9","206":"udu ","207":"antu","208":"aman","209":"inan","210":"sti ","211":"ken ","212":"mang","213":"aw\u00e9 ","214":" pro","215":"kand","216":"wak\u00e9","217":"ling","218":"indo","219":"usti","220":"ala ","221":"d\u00e9sa","222":" gus","223":"lih ","224":" car","225":" min","226":" kud","227":"gsa ","228":"panj","229":" tan","230":" sed","231":"ingg","232":" kay","233":"asi ","234":"kudu","235":" ngu","236":"jawa","237":"ak\u00e8h","238":"basa","239":"njen","240":"nsi ","241":"kant","242":"anje","243":" pad","244":"\u00e9sa ","245":" mba","246":"tang","247":"gka ","248":"bant","249":"erga","250":"merg","251":"nung","252":" piy","253":"arga","254":"unga","255":" kap","256":" jaw","257":"b\u00e8n ","258":"asan","259":"ngen","260":" ak\u00e8","261":"teng","262":"mina","263":"arta","264":"kaya","265":" nja","266":"anti","267":"mata","268":"nten","269":"dhan","270":"urip","271":"angs","272":"amba","273":"nger","274":" dit","275":" b\u00e8n","276":"nggu","277":"ulur","278":"dulu","279":" bas","280":"kaca","281":"angi","282":"anak","283":"k\u00e8h ","284":"gah ","285":"anth","286":"lur ","287":"bung","288":" men","289":"dipu","290":"uwih","291":"ulan","292":"ran\u00e9","293":"manu","294":"luwi","295":" sar","296":" d\u00e9n","297":"nduw","298":" mas","299":" ter","300":" ya ","301":"wih ","302":"amat","303":" luw","304":"ggaw","305":"edul","306":"\u00e9sia","307":"ntu ","308":"sedu","309":"n\u00e9si","310":"don\u00e9","311":"alan","312":"ange","313":"on\u00e9s","314":"eran","315":"gert","316":"ngah","317":"tha ","318":"kali","319":"peng","320":"nthi","321":"nti ","322":" kac","323":"yang","324":"awan","325":"rta ","326":"gen ","327":"siji","328":"ngi ","329":"gang","330":"guna","331":"nget","332":" sij","333":" del","334":" \u200b ","335":"aken","336":"nipu","337":" uri","338":"rasa","339":"akin","340":"lem ","341":"cama","342":"ng\u00e9 ","343":"gant","344":"tus ","345":"aja ","346":" mul","347":"yan\u00e9","348":"gara","349":"dakk","350":" ang","351":"padh","352":"ajan","353":" ngi","354":"kuth","355":"\u00e8ni ","356":"rus ","357":"sih ","358":"ggal","359":"on\u00e9 ","360":"ring","361":"mung","362":"ting","363":"iya ","364":"erti","365":"utha","366":" ngr","367":" mun","368":"alik","369":" sam","370":" san","371":"lika","372":"rti ","373":" d\u00e9s","374":" mal","375":"rana","376":"ikir","377":"nali","378":"iy\u00e9 ","379":"iran","380":"onte","381":" sek","382":"alih","383":"acam","384":"jaba","385":"ab\u00e8h","386":"anta","387":"rung","388":"mula","389":"kab\u00e8","390":" nye","391":" mat","392":"banj","393":"piy\u00e9","394":"nggi","395":"enan","396":"king","397":"b\u00e8h ","398":"pera","399":"wont","400":"wan ","401":"alin","402":"rep ","403":" dia","404":"pran","405":"saki","406":" kut","407":"ampu","408":"raja","409":"ina ","410":"anju","411":" bis","412":"rika","413":"d\u00e9ni","414":"ama ","415":"\u00e9nin","416":"nal ","417":"uku ","418":"uran","419":" sai","420":"isan","421":"jan ","422":"iji ","423":"kak\u00e9","424":"aba ","425":" ngo","426":" nal","427":"ampa","428":"esna","429":"resn","430":" pal","431":"mala","432":"sina","433":" dis","434":"rip ","435":" ben","436":"iman","437":" ngl","438":"akak","439":"arep","440":"ari ","441":"ging","442":"enge","443":"tuwa","444":" din","445":"onga","446":"ah\u00e9 ","447":"bisa","448":" bar","449":" kel","450":" ali","451":"emba","452":"alam","453":"embu","454":"kat ","455":"bar ","456":"ksi ","457":"urun","458":"ter ","459":"ungs","460":"amar","461":" jam","462":"anal","463":"njur","464":"erus","465":"ungg","466":"unak","467":"san\u00e9","468":"masa","469":"n\u00e8h ","470":"akon","471":"leng","472":"rah ","473":"\u00e9ngi","474":"get ","475":"insi","476":"gan\u00e9","477":" nan","478":"sara","479":"p\u00e9ng","480":"aiki","481":" dha","482":"saik","483":"gin ","484":" saw","485":"asal","486":"an\u00e8h","487":" tum","488":"yan ","489":" sab","490":"man\u00e8","491":"lawa","492":"gal ","493":"njab","494":"seba","495":"uwat","496":"at\u00e9 ","497":"kon ","498":" fil","499":"unan","500":" tet","501":" pam","502":"nala","503":"ngge","504":" pin","505":" con","506":" api","507":"ener","508":"hk\u00e9 ","509":"ggun","510":"abdi","511":"sene","512":"anca","513":" isi","514":"ono ","515":"paya","516":" buk","517":"engk","518":"ntan","519":"onto","520":" seb","521":"ngk\u00e9","522":"jur ","523":"tara","524":" ker","525":"apik","526":"ula ","527":"gk\u00e9 ","528":"uwa ","529":"prov","530":"upay","531":"ovin","532":" kon","533":"rovi","534":"awi ","535":" sit","536":" the","537":"sang","538":"ntuk","539":"nya ","540":"ian ","541":"hang","542":"ayan","543":" dig","544":"ata ","545":" kep","546":"snan","547":"teru","548":" bal","549":"nyan","550":" dib","551":"rk\u00e9 ","552":"dudu","553":" don","554":"nak ","555":"\u00e9tan","556":"wit ","557":"gedh","558":"raha","559":"elen","560":"usan","561":"vins","562":"ados","563":" kas","564":"\u00e9n\u00e9 ","565":"gala","566":" jen","567":" p\u00e9n","568":"lis ","569":"ikan","570":"nani","571":"mber","572":"anip","573":"ukan","574":" nya","575":"rita","576":"apan","577":"pung","578":" ras","579":"lus ","580":"ali ","581":"tuk ","582":"aan ","583":" pat","584":"ngal","585":"isih","586":"inji","587":"the ","588":"reng","589":" gel","590":"etep","591":" pas","592":" mes","593":"njil","594":"rid\u00e9","595":"kara","596":"nind","597":"ngar","598":"ijin","599":"ber ","600":"akar","601":"cont","602":"pan ","603":" mau","604":"ebab","605":"ner ","606":"anun","607":"dele","608":"pik ","609":" tuw","610":"asar","611":" nam","612":"marg","613":"dina","614":"rist","615":" res","616":"pali","617":" suk","618":"rani","619":" kri","620":"jema","621":"bene","622":"dan ","623":"inau","624":" kaw","625":" saj","626":"kuwa","627":"mpun","628":"iwit","629":"arah","630":"ulus","631":"nau ","632":"jil ","633":"sana","634":"ipat","635":"anda","636":"tete","637":"mati","638":"pat ","639":"mena","640":"inga","641":"onya","642":" ged","643":"itus","644":"arin","645":"naja","646":" pau","647":"dony","648":" kad","649":"kira","650":"ggon","651":"ntin","652":"nan\u00e9","653":"nakk","654":"pira","655":"tung","656":" mus","657":"elok","658":"ngun","659":"delo","660":"man\u00e9","661":"ndhu","662":"ulis","663":" set","664":"unun","665":" mik","666":" ant","667":"lung","668":"gih ","669":"ris ","670":"dh\u00e9 ","671":"tres","672":"mau ","673":"tep ","674":"ab\u00e9 ","675":" dhu","676":"sawi","677":"jini","678":"lik ","679":"iste","680":"ginj","681":"is\u00e9 ","682":"hak ","683":"ira ","684":"ilih","685":"kala","686":"dah ","687":" gam","688":"samp","689":"situ","690":"enti","691":"mant","692":"wula","693":" jan","694":"acan","695":" keb","696":"mong","697":"enya","698":"ntah","699":"waca","700":"jara","701":"onan","702":"wiwi","703":"dos ","704":" dik","705":"duru","706":" tim","707":" ama","708":" kul","709":"tena","710":"iona","711":" tem","712":"sena","713":"onal","714":" ber","715":" tek","716":"kapi","717":"pisa","718":"aten","719":"angu","720":"tama","721":"bab\u00e9","722":"inte","723":"dhak","724":" of ","725":"ton\u00e9","726":"etan","727":" pem","728":"kris","729":"tis ","730":"\u00e9ran","731":"ggih","732":"gung","733":"isi ","734":"ngla","735":"ain ","736":"ake ","737":"wis\u00e9","738":" sem","739":"endh","740":"rat ","741":"lara","742":"miki","743":"eksi","744":" kra","745":"ami ","746":"ahi ","747":" dir","748":"edh\u00e9","749":"nga ","750":"\u00e9an ","751":"paul","752":"ngko","753":" wa\u00e9","754":"wa\u00e9 ","755":" sep","756":"mind","757":"umin","758":"bojo","759":"aliy","760":" kow","761":" ati","762":"tik ","763":"\u00e9nta","764":" are","765":"kow\u00e9","766":"kidu","767":"ow\u00e9 ","768":"aren","769":"mah ","770":" wac","771":"ungk","772":"erna","773":"hani","774":"idul","775":" lor","776":" duw","777":"tumi","778":"han\u00e9","779":"gand","780":"dul ","781":"ebut","782":"tas ","783":" a ","784":"itak","785":"rna ","786":"enaj","787":"wang","788":"nton","789":"sipa","790":"aca ","791":" tin","792":"ngak","793":" jem","794":" aja","795":"and ","796":"saha","797":"elem","798":"arak","799":"arti","800":" lag","801":" sis","802":" ken","803":"remb","804":" sum","805":"ngab","806":"jama","807":"y\u00e8n ","808":"land","809":"gadh","810":"tion","811":"gele","812":"sion","813":"tk\u00e9 ","814":"omon","815":" pir","816":" sip","817":"katr","818":" nur","819":"\u00e8nsi","820":" kid","821":"ntar","822":"bada","823":" war","824":"mbar","825":"temb","826":" sap","827":"wat ","828":"ngku","829":"mbun","830":"ion ","831":"orip","832":" and","833":"kart","834":"bara","835":"rama","836":"\u00e8kk\u00e9","837":"ndhi","838":"bdi ","839":"hah ","840":"aga ","841":"naga","842":"r\u00e9nt","843":"nawa","844":"yamb","845":" gaw","846":"naka","847":"resm","848":" yai","849":"esmi","850":"uhk\u00e9","851":"nter","852":"isin","853":" sad","854":"aiku","855":"yaik","856":"teka","857":"aulu","858":"umat","859":"mbak","860":"utus","861":"edha","862":"pent","863":"gani","864":"kanc","865":"w\u00e9ta","866":"ugi ","867":"agar","868":"engi","869":"oni ","870":"seks","871":"anin","872":"tran","873":"tind","874":"air ","875":"dado","876":"uan ","877":"smi ","878":" wiw","879":"ngra","880":"mest","881":"sart","882":" mur","883":"kake","884":"ngaj","885":"kah ","886":"anya","887":"ibad","888":"irk\u00e9","889":"nen ","890":"orid","891":"dhah","892":"caya","893":"itan","894":"esth","895":" sat","896":" ima","897":"er\u00e8n","898":"inta","899":"rusa","900":"gabd","901":"kirk","902":"r\u00e8ns","903":"asil","904":"huku","905":" umu","906":"lair","907":"fer\u00e8","908":" r\u00e9f","909":"jero","910":"sety","911":"\u00e9ntu","912":"\u00e9fer","913":"ben ","914":"r\u00e9fe","915":"cah ","916":" boj","917":"file","918":"aben","919":"etya","920":"mpan","921":"uduh","922":"tah ","923":"sisi","924":"tar ","925":"buku","926":"sthi","927":"itas","928":"diti","929":" w\u00e9t","930":"tya ","931":" kom","932":"sabe","933":"nasi","934":"orik","935":" beb","936":"ung\u00e9","937":"ilem","938":"\u00e8n\u00e8h","939":"kung","940":"akan","941":"anut","942":"indh","943":" pak","944":"hana","945":"abar","946":"gkon","947":"dak ","948":"tra ","949":"\u00e9da ","950":"hing","951":"ping","952":"main","953":"but ","954":"dang","955":"nis ","956":"p\u00e9ra","957":" pap","958":" bum","959":"stra","960":"ajar","961":" sur","962":"diba","963":"adah","964":"perc","965":" kes","966":"anji","967":" wan","968":"sten","969":"roni","970":"umi ","971":"band","972":" \u00e9nt","973":"nut ","974":"wasa","975":"ersi","976":"luar","977":"mana","978":"gupa","979":"bare","980":"ukun","981":"yar ","982":"saya","983":"uman","984":"eman","985":" gun","986":"anen","987":"ngup","988":" sas","989":"dika","990":"onin","991":" tul","992":"sik ","993":"lama","994":"athe","995":"olah","996":"wiji","997":" pik","998":"sak ","999":"aat ","1000":" put","1001":"dong","1002":"diga","1003":"baba","1004":"ruju","1005":"id\u00e9s","1006":"adhe","1007":"agan","1008":" daw","1009":"ujuk","1010":"ndel","1011":"rasi","1012":"mbok","1013":"egar","1014":"bumi","1015":"sar ","1016":"lima","1017":"mat\u00e9","1018":"dhuk","1019":"janj","1020":"erca","1021":" asi","1022":"awis","1023":"guwa","1024":"piki","1025":"juka","1026":"kasa","1027":"ncan","1028":"lako","1029":" wew","1030":"warg","1031":"hak\u00e9","1032":" roh","1033":" tam","1034":"nak\u00e9","1035":"eron","1036":" uni","1037":" ser","1038":" dan","1039":"pula","1040":"atur","1041":"urut","1042":"adan","1043":"lana","1044":"uru ","1045":"turu","1046":"las ","1047":"rcay","1048":"maat","1049":" mil","1050":" pit","1051":"ton ","1052":" ndh","1053":"mbug","1054":"ngad","1055":"epan","1056":"bali","1057":" sup","1058":"kelu","1059":"ngon","1060":"meny","1061":"olog","1062":" pul","1063":"elua","1064":" mak","1065":"rut ","1066":"tawi","1067":" sta","1068":"dhuw","1069":"kono","1070":" art","1071":"raka","1072":"ungi","1073":"emaa","1074":" tak","1075":" tel","1076":"ndud","1077":"inis","1078":"jin\u00e9","1079":"oken","1080":"suku","1081":"awas","1082":" rum","1083":"bug ","1084":" teg","1085":"papa","1086":"umpu","1087":"itin","1088":"loke","1089":"ebu ","1090":" cat","1091":"lebu","1092":"uwur","1093":"perl","1094":" kem","1095":"mili","1096":"cane","1097":" ruj","1098":" raj","1099":"uarg","1100":"nda ","1101":"kel ","1102":"kena","1103":"nyar","1104":"mari","1105":"asak","1106":"emah","1107":" nas","1108":"un\u00e9 ","1109":" ket","1110":"taha","1111":"duhk","1112":"ngre","1113":"bukt","1114":"yat ","1115":"aban","1116":"thet","1117":"atun","1118":"bah ","1119":" nag","1120":"ane ","1121":"ambu","1122":"pura","1123":" diw","1124":" tra","1125":"a\u00e8l ","1126":"pama","1127":"esan","1128":"inin","1129":"ur\u00e9 ","1130":"ngsu","1131":"gend","1132":"ngg\u00e9","1133":"\u00e8hi ","1134":"imba","1135":"ndan","1136":"awij","1137":"mpa ","1138":"tusa","1139":" bat","1140":"bat ","1141":"mbah","1142":"ilan","1143":"tor ","1144":"tau ","1145":"satu","1146":" swa","1147":"ggep","1148":"eka ","1149":"dian","1150":"untu","1151":"awar","1152":"piya","1153":"ntun","1154":"uhan","1155":"d\u00e9n\u00e9","1156":"disi","1157":"apak","1158":"nguw","1159":"namp","1160":" dum","1161":"eras","1162":"isra","1163":"gamb","1164":"cath","1165":" mbo","1166":"embe","1167":"epi ","1168":"eges","1169":"pend","1170":"muri","1171":" ala","1172":"atin","1173":"iyam","1174":"ujud","1175":"ngki","1176":" b ","1177":"tege","1178":"arya","1179":" wat","1180":"suci","1181":"tak ","1182":"agi ","1183":"gg\u00e9 ","1184":" isr","1185":"nia ","1186":"ewen","1187":"vers","1188":"n\u00e8hi","1189":"tuga","1190":"tako","1191":" ram","1192":" bap","1193":"ngat","1194":"\u00e9kat","1195":" suc","1196":"ingi","1197":"maha","1198":"daya","1199":" cil","1200":"mpul","1201":"t\u00e8ni","1202":"suw\u00e9","1203":"kin ","1204":" pol","1205":"sra\u00e8","1206":" abd","1207":"ra\u00e8l","1208":"logi","1209":"okan","1210":"aton","1211":"\u00e9lan","1212":"arat","1213":"eng\u00e9","1214":" say","1215":"enta","1216":"ugas","1217":"saje","1218":" asa","1219":"kola","1220":"lam ","1221":"ajer","1222":"erka","1223":"aris","1224":"aksa","1225":"erlu","1226":"utuh","1227":"anto","1228":"aj\u00e8n","1229":"dipi","1230":"rtik","1231":" ugi","1232":"b\u00e9da","1233":"urid","1234":"ria ","1235":"humb","1236":"asio","1237":"lami","1238":" m\u00e8n","1239":" pur","1240":"tike","1241":" mac","1242":"ikel","1243":"thum","1244":"nuli","1245":"dhap","1246":" ara","1247":"anyu","1248":"oro ","1249":"weng","1250":"utan","1251":"kura","1252":" wul","1253":"saba","1254":"rlu ","1255":"ranc","1256":"wewe","1257":"kipu","1258":"akwi","1259":"sakw","1260":"dise","1261":"umb|","1262":" | ","1263":"kwis","1264":"pari","1265":"lon ","1266":"j\u00e8ni","1267":"long","1268":"swar","1269":"itik","1270":"elan","1271":"baga","1272":"nana","1273":"ayat","1274":"pini","1275":"butu","1276":"iri ","1277":"luk ","1278":"endi","1279":"sasi","1280":"gama","1281":"utam","1282":"enaw","1283":"seko","1284":"loro","1285":"gas ","1286":"tand","1287":"ilik","1288":"apin","1289":"ogra","1290":"m\u00e8n\u00e8","1291":"pk\u00e9 ","1292":"prat","1293":"laya","1294":" m\u00e8l","1295":"init","1296":"dosa","1297":"agam","1298":"m\u00e8lu","1299":" suw","1300":"panc","1301":"isti","1302":"alim","1303":"rgan","1304":"\u00e8lu ","1305":"nega","1306":"sin\u00e9","1307":"graf","1308":" kur","1309":"kasi","1310":"tin\u00e9","1311":"bany","1312":"gela","1313":"uwan","1314":"dia ","1315":"heta","1316":"erta","1317":"tur ","1318":"raga","1319":"kepu","1320":"kir ","1321":"\u00e8gen","1322":"rw\u00e8g","1323":"atio","1324":" bun","1325":"nurw","1326":"w\u00e8ge","1327":"ekol","1328":"urw\u00e8","1329":"ruma","1330":" int","1331":"nah ","1332":"atra","1333":"kela","1334":"wuju","1335":"bapa","1336":"nitu","1337":"elas","1338":" kam","1339":"gamp","1340":"yasa","1341":" aba","1342":" kir","1343":"acar","1344":"ituw","1345":"ham ","1346":" did","1347":"tuli","1348":" lin","1349":"lati","1350":" neg","1351":"tri ","1352":"omah","1353":"gana","1354":" jin","1355":"atk\u00e9","1356":"ukti","1357":"tasi","1358":" yak","1359":"rat\u00e9","1360":"igun","1361":"bala","1362":"rato","1363":"wani","1364":"ster","1365":"sema","1366":"ukum","1367":"gram","1368":" tug","1369":"aham","1370":"iver","1371":" mai","1372":"ngur","1373":" jur","1374":"pita","1375":"ang\u00e9","1376":"sakd","1377":" aya","1378":"umur","1379":"gunu","1380":"path","1381":"ura ","1382":"jeng","1383":"atre","1384":"nto ","1385":"nom ","1386":" lai","1387":"wur ","1388":"gare","1389":"watk","1390":" thu","1391":"sul ","1392":" ses","1393":"saja","1394":"lia ","1395":"pand","1396":" wal","1397":"yah ","1398":" dud","1399":"kmen","1400":"putu","1401":"sebu","1402":"musi","1403":" aga","1404":" dic","1405":"usah","1406":"dok ","1407":"wara","1408":"thok","1409":"rasu","1410":"pili","1411":"bokm","1412":"engg","1413":"akip","1414":"arag","1415":"telu","1416":" kor","1417":"sor ","1418":"liti","1419":"dhep","1420":"kapa","1421":"baya","1422":"asul","1423":" oma","1424":"anci","1425":"hat ","1426":"putr","1427":" lum","1428":"okme","1429":"enal","1430":"tera","1431":" uma","1432":"sura","1433":"kump","1434":"pati","1435":"t\u00e9la","1436":"ayu ","1437":"wata","1438":"gkat","1439":"\u00e9lin","1440":"rsit","1441":"nc\u00e8n","1442":"gga ","1443":"baha","1444":"ding","1445":"emen","1446":" kla","1447":"gaj\u00e8","1448":"elak","1449":"nres","1450":"iru ","1451":"maca","1452":"supa","1453":"aha ","1454":" tre","1455":"c\u00e8n ","1456":"nggr","1457":" lar","1458":"paku","1459":"uci ","1460":"ogi ","1461":"eput","1462":"sir ","1463":"at\u00e9l","1464":"ndhe","1465":"erin","1466":"iti ","1467":"dawu","1468":" nre","1469":"ripa","1470":"gali","1471":" nul","1472":"gras","1473":"atar","1474":"kawa","1475":"atu ","1476":"sipu","1477":"osa ","1478":" any","1479":"baki","1480":"juru","1481":"ekan","1482":"anja","1483":"anc\u00e8","1484":"awab","1485":" iba","1486":"apur","1487":"awud","1488":"dhis","1489":"ales","1490":"alur","1491":" lem","1492":"lagi","1493":"wud ","1494":"aria","1495":" mit","1496":"rman","1497":"oten","1498":"mpur","1499":"cili","1500":"impi","1501":" w\u00e9d","1502":" nat","1503":"takk","1504":"jud ","1505":"kary","1506":" gad","1507":"ajen","1508":"sun ","1509":" b\u00e9d","1510":"rsan","1511":"saan","1512":" mbi","1513":"apti","1514":"ada ","1515":"gep ","1516":"pras","1517":" bot","1518":"edhi","1519":"nyen","1520":"\u00e9dok","1521":"w\u00e9do","1522":"amel","1523":"dipa","1524":"aleb","1525":"apis","1526":"kale","1527":"ngom","1528":"andi","1529":"ende","1530":"ersa","1531":"univ","1532":"dire","1533":"praj","1534":"udi ","1535":"gon ","1536":" sag","1537":"nive","1538":"ptis","1539":"bapt","1540":"mpin","1541":" diu","1542":"igaw","1543":"erma","1544":"unda","1545":"sk\u00e9 ","1546":"yaki","1547":"tani","1548":" sel","1549":" p\u00e9r","1550":"es\u00e9 ","1551":"pasa","1552":" y\u00e8n","1553":"iwa ","1554":"ment","1555":" dal","1556":"akum","1557":"ebar","1558":"lata","1559":"kana","1560":"bur ","1561":"men ","1562":" sah","1563":"nca ","1564":"l\u00e8k ","1565":"gono","1566":"hepi","1567":"krat","1568":"\u00e9bas","1569":"okk\u00e9","1570":" ked","1571":"akti","1572":"ir\u00e9 ","1573":"iy\u00e8n","1574":"huwu","1575":"kaha","1576":"agun","1577":" lam","1578":"biy\u00e8","1579":"grem","1580":"jala","1581":"bote","1582":"lura","1583":"b\u00e9ba","1584":"uli ","1585":"jaga","1586":"andu","1587":"din\u00e9","1588":" bud","1589":"tan\u00e9","1590":" kun","1591":" mbu","1592":"abad","1593":"tent","1594":"gat\u00e8","1595":"ngap","1596":"stri","1597":"pulo","1598":" ada","1599":"gris","1600":" jer","1601":"pert","1602":"esia","1603":"iwat","1604":"kan\u00e9","1605":" nda","1606":"ulon","1607":" dur","1608":"berk","1609":"roh ","1610":"gak\u00e9","1611":"oria","1612":"lai ","1613":"nera","1614":"enom","1615":"aw\u00e9a","1616":"utra","1617":"t\u00e8kk","1618":"can ","1619":"id\u00e9 ","1620":"mbiy","1621":"kalu","1622":" pri","1623":"ngis","1624":"at\u00e8k","1625":"liwa","1626":"kulo","1627":" maj","1628":" dil","1629":"kona","1630":" gen","1631":"agu ","1632":"lor ","1633":"stan","1634":"dila","1635":"umra","1636":"asta","1637":"usa ","1638":"ggri","1639":"entr","1640":"rint","1641":"njar","1642":"kum ","1643":"w\u00e9an","1644":"gkun","1645":"guru","1646":"aksu","1647":"dam ","1648":"sakl","1649":"bad ","1650":"sita","1651":"film","1652":" dos","1653":"tern","1654":"alia","1655":" mbe","1656":"itur","1657":"nesi","1658":"brah","1659":" wil","1660":"ubun","1661":"ram ","1662":"ania","1663":"peri","1664":"pind","1665":"ditu","1666":"erje","1667":"ine ","1668":"crit","1669":"astr","1670":" pel","1671":"abag","1672":"olon","1673":" omo","1674":"ones","1675":"wana","1676":"owah","1677":"jaka","1678":"ahak","1679":"dhus","1680":"rjem","1681":"tih ","1682":"ante","1683":"atho","1684":" eno","1685":"rong","1686":" abr","1687":"urus","1688":"nyeb","1689":"njal","1690":"dame","1691":"ges\u00e9","1692":" wuj","1693":"abra","1694":"asaa","1695":"akdu","1696":"lok ","1697":"sung","1698":"bdin","1699":"gawa","1700":"les ","1701":" bag","1702":"ikah","1703":"kdur","1704":"lagu","1705":" cah","1706":"ban ","1707":"nji ","1708":"cedh","1709":"ramp","1710":" jak","1711":"ota ","1712":" gan","1713":"urna","1714":"rya ","1715":"gona","1716":"as\u00e9 ","1717":"al\u00e9 ","1718":"dala","1719":"sani","1720":" ced","1721":"jang","1722":"dite","1723":"iang","1724":"am\u00e9r","1725":"mur ","1726":"timb","1727":" ndo","1728":"ged ","1729":"hasa","1730":"adam","1731":"usi ","1732":"ggan","1733":" ner","1734":" gol","1735":" nir","1736":"lisa","1737":"gsun","1738":"slam","1739":"mr\u00e9n","1740":"pasi","1741":"ksan","1742":"yaka","1743":"sage","1744":" ng\u00e9","1745":"hubu","1746":" aki","1747":"ibap","1748":"kawi","1749":"tana","1750":"gomo","1751":"wala","1752":"pers","1753":"ndun","1754":" mis","1755":"kaba","1756":" ale","1757":" bad","1758":"yene","1759":"ohan","1760":"gapu","1761":"eni ","1762":"ayah","1763":"mand","1764":" des","1765":"tuan","1766":"emu ","1767":"hoka","1768":"aged","1769":" kek","1770":"kun ","1771":"bran","1772":" hub","1773":" kag","1774":"jalu","1775":"rja ","1776":"eri ","1777":" kah","1778":"prod","1779":"rak ","1780":" cac","1781":"kadh","1782":"tif ","1783":"yata","1784":" tun","1785":"laha","1786":"lk\u00e9 ","1787":"m\u00e9ri","1788":"iah ","1789":"done","1790":"stus","1791":"son ","1792":" sun","1793":"rata","1794":" wed","1795":" huk","1796":" gar","1797":"beba","1798":"ial ","1799":"antr","1800":"umum","1801":"tula","1802":" dhi","1803":"ng\u00e8l","1804":" jab","1805":"boca","1806":"gina","1807":"urah","1808":"uka ","1809":"una ","1810":"lipu","1811":"niru","1812":" di ","1813":"rant","1814":"garu","1815":" ron","1816":"peny","1817":"mitu","1818":"nik ","1819":"pana","1820":"ulit","1821":" sir","1822":"kada","1823":"aksi","1824":"ocah","1825":" bin","1826":"anaw","1827":" cri","1828":"part","1829":"rkah","1830":"sapa","1831":"data","1832":"pin ","1833":"cis ","1834":" nyi","1835":"rgi ","1836":" nyu","1837":"abur","1838":"aluk","1839":"umba","1840":"ncis","1841":"hisi","1842":"bata","1843":" agu","1844":"hong","1845":"laje","1846":"ongk","1847":" nde","1848":"rban","1849":"ampi","1850":"ahk\u00e9","1851":"\u00e9rik","1852":"erja","1853":"isik","1854":"sari","1855":"der ","1856":"isla","1857":"sepi","1858":"roma","1859":"ladh","1860":"dita","1861":" pre","1862":"pak ","1863":" cin","1864":"caca","1865":"tes ","1866":" bah","1867":"sil ","1868":"mimp","1869":"pada","1870":"dhas","1871":" am\u00e9","1872":" dij","1873":"kere","1874":"hara","1875":" mah","1876":"kebu","1877":"komp","1878":"gat ","1879":" s\u00e9d","1880":"erep","1881":"gun ","1882":"wati","1883":"lin ","1884":"madi","1885":"mani","1886":"dara","1887":"ambi","1888":"tiya","1889":" adi","1890":"s\u00e9da","1891":" lal","1892":"mbut","1893":"ala\u00e9","1894":"kend","1895":"s\u00e9ta","1896":" wer","1897":"ral ","1898":"arna","1899":" aca","1900":"la\u00e9k","1901":"a\u00e9ka","1902":" pus","1903":" s\u00e9t","1904":"sumb","1905":"elar","1906":" pr\u00e9","1907":"tali","1908":" cha","1909":"mart","1910":"erat","1911":"dhik","1912":"sadu","1913":" \u00e9li","1914":"gkas","1915":"ilm ","1916":" jep","1917":" yus","1918":"ojon","1919":" rom","1920":"ard ","1921":"ngli","1922":"sawa","1923":"ndi ","1924":"adil","1925":" mon","1926":"ulai","1927":" rad","1928":" boc","1929":" gra","1930":"dhat","1931":"dhon","1932":"akir","1933":"pany","1934":"akat","1935":" nem","1936":" til","1937":"kti ","1938":"jepa","1939":" maw","1940":"mel ","1941":"uwas","1942":" den","1943":"sast","1944":"nyam","1945":"puns","1946":" met","1947":"kasu","1948":"nyu ","1949":" kod","1950":"asis","1951":"ente","1952":"istr","1953":" kak","1954":" ibu","1955":"poli","1956":"wan\u00e9","1957":"mas ","1958":" dat","1959":"meri","1960":"koni","1961":"iara","1962":" can","1963":"buda","1964":" sik","1965":" biy","1966":"uhak","1967":"diwa","1968":"lan\u00e9","1969":"tura","1970":"sar\u00e9","1971":"jaha","1972":"gari","1973":"anyi","1974":"entu","1975":"gota","1976":"sesa","1977":"don ","1978":" dar","1979":"amil","1980":"undh","1981":"lamb","1982":" in ","1983":"maks","1984":"adia","1985":"pur ","1986":"sakk","1987":"adhi","1988":"dike","1989":"orma","1990":"ggot","1991":"warn","1992":"wab ","1993":"ndho","1994":"asin","1995":"\u00e9wan","1996":"ntre","1997":"mali","1998":"inti","1999":" har","2000":"wak ","2001":" mad","2002":"geng","2003":"ight","2004":"pala","2005":"pate","2006":"dawa","2007":"yany","2008":"dipe","2009":"seng","2010":" pis","2011":"juan","2012":"acah","2013":"ates","2014":"ilak","2015":" yah","2016":"trem","2017":"ruku","2018":"umun","2019":"sah ","2020":"enda","2021":"toko","2022":"rahi","2023":" wad","2024":" nom","2025":"kna ","2026":"ihan","2027":"mrah","2028":"isor","2029":"maja","2030":"dhin","2031":"aji ","2032":"resi","2033":"amer","2034":"ahat","2035":"alem","2036":"umpa","2037":"wart","2038":"emon","2039":"usun","2040":"gati","2041":"alba","2042":" ta ","2043":"kase","2044":"lar ","2045":"awat","2046":"argi","2047":"ies ","2048":" pet","2049":"terj","2050":" nov","2051":"ksud","2052":"pela","2053":"sali","2054":"sis ","2055":"ulo ","2056":"alis","2057":"ulad","2058":"kuli","2059":"purn","2060":"anas","2061":"giso","2062":"kok ","2063":"iseb","2064":"laku","2065":"dumu","2066":"ius ","2067":"ngru","2068":"anis","2069":"ulaw","2070":"esem","2071":"alad","2072":"kula","2073":" pa\u00e9","2074":" rem","2075":"oan ","2076":"one ","2077":"ulun","2078":"a\u00e9da","2079":"\u00e9dah","2080":"isas","2081":"gipu","2082":"yahu","2083":"ktin","2084":" ruk","2085":"aruh","2086":" ist","2087":"ahud","2088":"mate","2089":"urba","2090":"taka","2091":"sedh","2092":"kari","2093":"lebe","2094":" ran","2095":"lint","2096":"lada","2097":"ksa ","2098":" pla","2099":"dhun","2100":"jon\u00e9","2101":" tiy","2102":"lala","2103":"purw","2104":"rak\u00e9","2105":"ustr","2106":"usak","2107":"sake","2108":"kape","2109":"tim ","2110":" jar","2111":"hudi","2112":"kers","2113":"sira","2114":" bra","2115":"suka","2116":"ebet","2117":"egan","2118":" for","2119":"sist","2120":"ity ","2121":"uari","2122":"rik ","2123":"ode ","2124":"ngip","2125":"bag\u00e9","2126":" rah","2127":"ital","2128":"sela","2129":"aper","2130":"atha","2131":"ol\u00e8k","2132":"gol\u00e8","2133":"nder","2134":"nta ","2135":"ubli","2136":"pas ","2137":"hake","2138":" end","2139":"alak","2140":" dam","2141":"ar\u00e9n","2142":"ibra","2143":"iter","2144":"uksi","2145":"pemi","2146":"ming","2147":"uni ","2148":"pa\u00e9d","2149":"h\u00e8n ","2150":"duma","2151":"biya","2152":"ober","2153":"mela","2154":"dung","2155":"dunu","2156":" med","2157":"hadi","2158":"ndia","2159":"kata","2160":" new","2161":" had","2162":"irem","2163":"awit","2164":"sna ","2165":"ripk","2166":"kak ","2167":"kese","2168":" mla","2169":" m ","2170":" mle","2171":"anpa","2172":"emar","2173":"waya","2174":"ron ","2175":"omi ","2176":"pemb","2177":"ntua","2178":"uwuh","2179":"urwa","2180":"bon ","2181":"udhu","2182":"bak ","2183":"umad","2184":"orit","2185":"oris","2186":"mesi","2187":"dhi ","2188":"daka","2189":"rawa","2190":"jabu","2191":" akt","2192":"inao","2193":" ayu","2194":"asih","2195":"seri","2196":"usik","2197":"hik ","2198":"epis","2199":"sika","2200":"pusa","2201":"tamb","2202":" liw","2203":" p\u00e9t","2204":"pata","2205":"gent","2206":"rafi","2207":"jawi","2208":"samb","2209":" hak","2210":"musa","2211":"rake","2212":"mum ","2213":" tur","2214":"ngas","2215":"g\u00e9an","2216":"dh\u00e8n","2217":"lesa","2218":"publ","2219":"iala","2220":" kau","2221":"amet","2222":"duw\u00e8","2223":"reja","2224":"kemb","2225":"ag\u00e9a","2226":"jam ","2227":"wahi","2228":" laj","2229":"sat ","2230":"diar","2231":"idhi","2232":" mel","2233":"wita","2234":"itul","2235":"rian","2236":"jati","2237":" de ","2238":"urat","2239":"asma","2240":"ena ","2241":"naon","2242":"arma","2243":"agra","2244":"ntri","2245":"raf ","2246":"dhar","2247":"isip","2248":" wit","2249":"bawa","2250":"mleb","2251":"dhal","2252":"rem ","2253":"indi","2254":"lamp","2255":"mene","2256":"rati","2257":"gake","2258":"alit","2259":"digu","2260":" tla","2261":" sul","2262":"kku ","2263":"kesa","2264":"usat","2265":"semb","2266":" pep","2267":"trus","2268":"tos ","2269":"mar\u00e9","2270":"glaw","2271":" coc","2272":"ripu","2273":" alb","2274":"lat ","2275":"eja ","2276":"samu","2277":"ntis","2278":"nomi","2279":"sin ","2280":"rodh","2281":"ola ","2282":"form","2283":"\u00e8ki ","2284":"tal ","2285":"wica","2286":"buka","2287":"ngok","2288":"lame","2289":"eae ","2290":"okoh","2291":"wern","2292":"rans","2293":"iyas","2294":"oma ","2295":"sera","2296":"nyi ","2297":" mut","2298":"amal","2299":"pika","2300":"anah","2301":" str","2302":"ggu ","2303":" mod","2304":"engu","2305":"lita","2306":"hap ","2307":"meni","2308":"asia","2309":"uday","2310":"pah ","2311":"empa","2312":"dad\u00e9","2313":"ukur","2314":"susa","2315":"yusu","2316":"yuta","2317":"aoni","2318":"ndik","2319":"hung","2320":" amb","2321":"meng","2322":" law","2323":"coco","2324":" ibr","2325":"nama","2326":"hidh","2327":"kons","2328":"nyer","2329":" = ","2330":"ruh ","2331":"amin","2332":"ng\u00e9l","2333":"rah\u00e9","2334":"alon","2335":"kerj","2336":" cit","2337":"keba","2338":"umen","2339":"kema","2340":"tanp","2341":"dhid","2342":" kec","2343":"edi ","2344":"ip\u00e9 ","2345":"trad","2346":"mawa","2347":" tah","2348":"hasi","2349":"hate","2350":" cer","2351":" i ","2352":"wate","2353":"kama","2354":"gkin","2355":"jan\u00e9","2356":"sal\u00e9","2357":" isl","2358":"uda ","2359":"ikas","2360":"okak","2361":" nun","2362":" yun","2363":"tari","2364":"irah","2365":"s\u00e9ha","2366":"ebak","2367":"rip\u00e9","2368":"uta ","2369":"rab ","2370":"icak","2371":"ocog","2372":"\u00e9hat","2373":"mini","2374":" way","2375":"ogya","2376":"ahar","2377":" akh","2378":"elat","2379":"punt","2380":"lumr","2381":"mat ","2382":"k\u00e9wa","2383":"nt\u00e8n","2384":"abun","2385":"godh","2386":"risa","2387":" rat","2388":"\u00e8ng ","2389":"pern","2390":"new ","2391":"akku","2392":"padu","2393":" kai","2394":" mag","2395":"orga","2396":" rus","2397":"was\u00e9","2398":"iken","2399":" pil","2400":"yogy","2401":"ar\u00e9 ","2402":"\u00e9ja ","2403":"trap","2404":"cog ","2405":"mare","2406":"adon","2407":" han","2408":"ings","2409":"cand","2410":"lit ","2411":"npa ","2412":"ent ","2413":"d\u00e9an","2414":"|px|","2415":"ad\u00e9a","2416":" pag","2417":"adur","2418":"caks","2419":" rak","2420":"tila","2421":"iga ","2422":" lim","2423":"dani","2424":"mbuk","2425":"nyum","2426":"jaya","2427":"perk","2428":"umbe","2429":"pamr","2430":"esir","2431":"rt\u00e8n","2432":"suf ","2433":"tuna","2434":"asus","2435":"ungo","2436":"apat","2437":"r\u00e9ka","2438":" mb\u00e9","2439":"ert\u00e8","2440":"aru ","2441":"suma","2442":"uhur","2443":" lel","2444":"tunt","2445":"araj","2446":"odhu","2447":"apk\u00e9","2448":"enja","2449":" ula","2450":" jah","2451":"tian","2452":" but","2453":"tron","2454":"esi ","2455":"ggat","2456":"pak\u00e9","2457":"yara","2458":"uan\u00e9","2459":"akhi","2460":"asor","2461":" blo","2462":"\u00e9tru","2463":"p\u00e9tr","2464":"ini ","2465":"cang","2466":"witi","2467":"klaw","2468":"r\u00e9ja","2469":"ud\u00e9 ","2470":"mer ","2471":" mem","2472":" teb","2473":"uwun","2474":"uh\u00e9 ","2475":"beng","2476":" ii ","2477":" seg","2478":"ask\u00e9","2479":"luhu","2480":"ipil","2481":"kas ","2482":"puli","2483":"eger","2484":"jiwa","2485":"ret ","2486":"nuh ","2487":"gyak","2488":"\u00e9us ","2489":"ompo","2490":" nyr","2491":"g\u00e9li","2492":"jung","2493":"hipu","2494":"koh ","2495":"puk ","2496":"giri","2497":"lmu ","2498":"kuna","2499":"w\u00e9n\u00e9","2500":" bay","2501":"gaja","2502":"i\u00e8l ","2503":"anag","2504":"odho","2505":" kaj","2506":"stem","2507":" jag","2508":"len ","2509":"jerm","2510":"tuwu","2511":"uw\u00e9n","2512":"diah","2513":"husu","2514":"onom","2515":"kia ","2516":"ndar","2517":"tin ","2518":" k\u00e9w","2519":"urak","2520":"ger ","2521":" lun","2522":" web","2523":"sant","2524":"aan\u00e9","2525":" kaa","2526":" ren","2527":"m\u00e8n ","2528":"acea","2529":"hika","2530":"seni","2531":"ap\u00e9r","2532":"pres","2533":"yera","2534":"mono","2535":"tem ","2536":"roha","2537":"nglu","2538":"sami","2539":"nyri","2540":"geri","2541":"sama","2542":" sej","2543":"yrit","2544":"\u00e8kak","2545":"adad","2546":" luk","2547":"ensi","2548":"afi ","2549":"omer","2550":"sta ","2551":"den ","2552":"tulu","2553":" aji","2554":"atah","2555":"njaw","2556":"righ","2557":"khir","2558":"amu ","2559":"t\u00e9us","2560":" dim","2561":"inas","2562":"diri","2563":"bet ","2564":"sada","2565":"git ","2566":"ima ","2567":"atir","2568":"ngaw","2569":" kok","2570":"elu ","2571":"ers ","2572":"dial","2573":"oman","2574":"res ","2575":"yub ","2576":"blik","2577":"luma","2578":"lema","2579":"gasi","2580":"masi","2581":"dipr","2582":"abat","2583":"usuf","2584":"seja","2585":"erik","2586":"dibu","2587":" lat","2588":" jun","2589":"ayub","2590":"balb","2591":"nati","2592":"nyat","2593":" sus","2594":"ebon","2595":"rila","2596":"ipan","2597":"raba","2598":" sa\u00e9","2599":"hari","2600":"lbal","2601":"il\u00e9 ","2602":"mpah","2603":"ragr","2604":"del ","2605":"lah\u00e9","2606":"kath","2607":"liha","2608":"ikal","2609":" nje","2610":"raya","2611":"tuh ","2612":"pema","2613":" kol","2614":"ceae","2615":" uku","2616":" asm","2617":"iat ","2618":"era ","2619":"gega","2620":"apri","2621":"ilai","2622":"rmat","2623":" wus","2624":" klu","2625":"ratu","2626":"ikat","2627":"yeba","2628":"bert","2629":" fra","2630":"amr\u00e9","2631":"ar\u00e9k","2632":"yuna","2633":"obat","2634":"nas ","2635":" jiw","2636":"ggah","2637":"kapu","2638":"elun","2639":"unip","2640":"ipk\u00e9","2641":"wedi","2642":"nes ","2643":" aso","2644":"ntos","2645":"tata","2646":"ndra","2647":"ero ","2648":"riya","2649":"agen","2650":"tuju","2651":"san\u00e8","2652":"lpun","2653":"arsa","2654":" kej","2655":"lak ","2656":"an\u00e8s","2657":"ahli","2658":"ium ","2659":"kraj","2660":"tir ","2661":"arit","2662":"ngay","2663":" ame","2664":"sidh","2665":" org","2666":"iwul","2667":"ggar","2668":"ndur","2669":"tun ","2670":"ropa","2671":"keda","2672":"wila","2673":"atih","2674":"ktor","2675":"\u00e9wa ","2676":" dun","2677":" sau","2678":"urit","2679":"panu","2680":"aste","2681":"erba","2682":"nmu ","2683":" wor","2684":"kaan","2685":"dira","2686":"lemb","2687":"raca","2688":"ilpu","2689":"bil ","2690":"timo","2691":"kado","2692":"ilip","2693":" kot","2694":"geta","2695":"agus","2696":" adh","2697":" gr\u00e9","2698":"kil ","2699":"asam","2700":"nemu","2701":"sal ","2702":"alaw","2703":"emim","2704":"ngsi","2705":"jur\u00e9","2706":"erah","2707":"lora","2708":"sepu","2709":"enar","2710":"ngke","2711":"kepa","2712":"anit","2713":"nata","2714":" dhe","2715":"istu","2716":"teri","2717":"usus","2718":"ater","2719":"cari","2720":"pina","2721":"iasa","2722":"rit ","2723":"mawi","2724":" win","2725":"nku ","2726":"ande","2727":"olan","2728":"sman","2729":"ler ","2730":"ngit","2731":" cen","2732":" wel","2733":"bent","2734":"atak","2735":"sila","2736":"riba","2737":"cana","2738":"sma ","2739":"olit","2740":"rnah","2741":" lak","2742":" com","2743":"maka","2744":"oran","2745":"inip","2746":"tika","2747":" fam","2748":"nyed","2749":"dak\u00e9","2750":"ggol","2751":"okto","2752":"watu","2753":" bil","2754":"ajal","2755":"duka","2756":"ikac","2757":"aret","2758":"njag","2759":"ngu ","2760":"ojok","2761":"kir\u00e9","2762":"iban","2763":"arab","2764":"ketu","2765":"oril","2766":" joh","2767":"pan\u00e9","2768":"tilp","2769":"igat","2770":"\u00e9rah","2771":" upa","2772":"omba","2773":" nik","2774":"arja","2775":"ark\u00e9","2776":"ilin","2777":"tini","2778":"enca","2779":"akla","2780":"fami","2781":" bel","2782":"ulu ","2783":"yani","2784":"cina","2785":"jari","2786":"siki","2787":"tine","2788":" sim","2789":"hli ","2790":" x ","2791":"prof","2792":"adin","2793":"dal ","2794":"asli","2795":"wus ","2796":"empu","2797":"can\u00e9","2798":"al\u00e8n","2799":"uang","2800":"muni","2801":"huks","2802":"rast","2803":"ila ","2804":"joan","2805":"\u00e8h\u00e9 ","2806":" rin","2807":"a\u00e9ra","2808":"pant","2809":"port","2810":"esik","2811":"oba ","2812":"ang\u00e8","2813":"erto","2814":"edhu","2815":"uri ","2816":"lasi","2817":"amun","2818":"punp","2819":" nab","2820":"gr\u00e9j","2821":"dah\u00e9","2822":"epar","2823":"yawa","2824":"ori ","2825":"uwit","2826":"asti","2827":"ep\u00e9n","2828":"ibat","2829":"ngib","2830":"nyaw","2831":"jar ","2832":"\u00e8l\u00e8k","2833":"kalo","2834":" okt","2835":"ungu","2836":"pund","2837":" ahl","2838":"was ","2839":"etra","2840":"ktur","2841":" tok","2842":"nisa","2843":"kawu","2844":" awi","2845":" ita","2846":"mpat","2847":"wela","2848":"ahma","2849":"ilit","2850":" pes","2851":" ver","2852":"ipen","2853":" gur","2854":" jul","2855":"ntor","2856":"nita","2857":"awul","2858":"aseb","2859":"sud\u00e9","2860":"huwi","2861":"adeg","2862":"mah\u00e9","2863":" gre","2864":"est ","2865":"dho ","2866":"r\u00e9si","2867":"dad\u00e8","2868":"gowa","2869":"kter","2870":"wuha","2871":"radi","2872":"pr\u00e9s","2873":"amah","2874":" cam","2875":"bong","2876":"iswa","2877":"her ","2878":"nome","2879":"gon\u00e9","2880":"inak","2881":" tuk","2882":"ngut","2883":"dra ","2884":"ukak","2885":"amen","2886":"abi ","2887":"mbi ","2888":"kit ","2889":"gsar","2890":"tobe","2891":"rap ","2892":"thah","2893":"gabu","2894":"eksa","2895":" mig","2896":" tar","2897":"ward","2898":"tuha","2899":"umah","2900":"mben","2901":"ipro","2902":"awal","2903":"angl","2904":" age","2905":"\u00e8ri ","2906":"nara","2907":"golo","2908":"ela ","2909":" aks","2910":" sih","2911":"anku","2912":"giba","2913":"itam","2914":"gna ","2915":"k\u00e8ki","2916":"mast","2917":"rapk","2918":" pt ","2919":"peru","2920":"puna","2921":"iper","2922":"gokk","2923":"atik","2924":"osan","2925":" reg","2926":"ndad","2927":" ins","2928":"uw\u00e8n","2929":"yedh","2930":" gro","2931":" bri","2932":"utk\u00e9","2933":"diku","2934":"unin","2935":" lau","2936":"s\u00e8l ","2937":"fran","2938":" kus","2939":"ojoa","2940":"mpil","2941":"isto","2942":"kram","2943":"ary ","2944":"take","2945":"anaj","2946":" die","2947":"dha\u00e9","2948":"bebo","2949":" dio","2950":" woh","2951":" has","2952":"grun","2953":"rnas","2954":"sisw","2955":"ons ","2956":"enin","2957":"juli","2958":"rwan","2959":"bias","2960":"ha\u00e9r","2961":" an ","2962":"swa ","2963":"orin","2964":"isir","2965":"ajeg","2966":"baru","2967":"\u00e9ngg","2968":"prak","2969":"inge","2970":"adh\u00e9","2971":"rada","2972":"adya","2973":"gund","2974":"hal ","2975":"busa","2976":" god","2977":"ggil","2978":"kusu","2979":"kus ","2980":"eboj","2981":"pitu","2982":"alar","2983":"lind","2984":" yan","2985":"ngem","2986":"ngek","2987":"kani","2988":"onta","2989":"jeg ","2990":"runa","2991":"ibuk","2992":"sies","2993":"w\u00e8n\u00e8","2994":"lake","2995":"ulta","2996":"osia","2997":"agel","2998":"mba ","2999":"g\u00e9ra","3000":"alas","3001":"ad\u00e8k","3002":"ktob","3003":" atu","3004":"itar","3005":"nuru","3006":"nus ","3007":" asl","3008":"ripe","3009":" ger","3010":"sega","3011":"kaka","3012":"\u00e9sid","3013":"pene","3014":"ntas","3015":" tat","3016":"iyat","3017":"tlat","3018":"bint","3019":"hawa","3020":"ngow","3021":" gal","3022":"ng\u00e9r","3023":"nawi","3024":"pint","3025":"ojo ","3026":"juni","3027":"suwu","3028":"ipur","3029":"lub ","3030":"ayem","3031":"paka","3032":" sil","3033":" bia","3034":"butk","3035":"sain","3036":"rtak","3037":"odha","3038":"dus ","3039":" mir","3040":"rsi ","3041":"wun ","3042":"idh\u00e8","3043":"badh","3044":"cah\u00e9","3045":"\u00e8mbe","3046":"sili","3047":"athi","3048":" inf","3049":"ol\u00e8h","3050":"tema","3051":"ejat","3052":"t\u00e8kn","3053":"aus ","3054":"nege","3055":"agin","3056":" dem","3057":"dhir","3058":" tri","3059":"apta","3060":"rogr","3061":"ker ","3062":" tuj","3063":" bre","3064":"klam","3065":" ado","3066":" yog","3067":"pane","3068":" ng\u00e8","3069":"bot ","3070":"web ","3071":"sasa","3072":"ture","3073":"dint","3074":"gadi","3075":"mugi","3076":"lak\u00e9","3077":"esti","3078":"iyos","3079":"ista","3080":" wah","3081":"het ","3082":"huma","3083":"pamb","3084":"sula","3085":"penu","3086":"edia","3087":"thik","3088":"opah","3089":"gumu","3090":"rup ","3091":"oku ","3092":"erak","3093":" pos","3094":"etu ","3095":"w\u00e8ni","3096":"dil ","3097":"ght|","3098":"orld","3099":"penj","3100":" tab","3101":"riti","3102":"ges ","3103":" k\u00e9t","3104":"jemb","3105":"ul\u00e9 ","3106":"kedh","3107":" aus","3108":"kelo","3109":"worl","3110":"bas ","3111":"unta","3112":"dher","3113":"aduk","3114":"lipi","3115":"uter","3116":"gena","3117":"osak","3118":"ekas","3119":"stat","3120":"ogan","3121":" pek","3122":"prog","3123":"erbi","3124":"isuw","3125":"semp","3126":"lela","3127":"kete","3128":"misu","3129":"andr","3130":"diur","3131":"john","3132":"dhok","3133":"ekak","3134":"gkir","3135":"ans ","3136":"\u00e9tok","3137":"unju","3138":"temu","3139":"tina","3140":"timu","3141":"akra","3142":"omun","3143":"kahi","3144":"ngna","3145":"atif","3146":"ni\u00e8l","3147":"dari","3148":"k\u00e9to","3149":"jian","3150":"atus","3151":"ani\u00e8","3152":" mot","3153":"suk ","3154":"ent\u00e8","3155":"cita","3156":"eter","3157":" jal","3158":"esal","3159":"akit","3160":"kare","3161":"mutu","3162":"ligi","3163":"ate ","3164":"didi","3165":"pole","3166":"staw","3167":"dese","3168":"abri","3169":"pok ","3170":"kup ","3171":"puh ","3172":"nyin","3173":"ayar","3174":"rum ","3175":"fili","3176":"aust","3177":"tral","3178":"iuri","3179":"l\u00e8h ","3180":"ek\u00e8k","3181":"kode","3182":"eram","3183":"ondh","3184":" chi","3185":"tak\u00e9","3186":"mb|p","3187":"upuk","3188":"gera","3189":"yakk","3190":"gek\u00e8","3191":" aye","3192":" sub","3193":"yana","3194":"albu","3195":" ham","3196":" bes","3197":" spe","3198":"ntra","3199":" jum","3200":"yem ","3201":"bel ","3202":"iren","3203":"dhut","3204":"epen","3205":"radh","3206":"ica ","3207":"dija","3208":"ida ","3209":"akba","3210":"api ","3211":"rand","3212":"eren","3213":"klub","3214":" nuh","3215":"keca","3216":"metu","3217":"renc","3218":"ebun","3219":"k\u00e8h\u00e9","3220":"gepa","3221":"hiri","3222":"trop","3223":"tori","3224":"anad","3225":"gayu","3226":"acak","3227":"rld ","3228":"\u00e9suk","3229":" cir","3230":"min ","3231":"irna","3232":" pia","3233":"ansa","3234":"all ","3235":"ropi","3236":" \u00e8l\u00e8","3237":"bok ","3238":"lant","3239":"bakt","3240":"esam","3241":"sakj","3242":" kle","3243":" fak","3244":"ilay","3245":"aki ","3246":"ili ","3247":"bili","3248":"nyuw","3249":"oto ","3250":"emak","3251":" gat","3252":"ndam","3253":"nasa","3254":"hapt","3255":" oba","3256":" lom","3257":"sakb","3258":" ast","3259":"ren ","3260":"jak ","3261":"ncak","3262":"inst","3263":"ikil","3264":"tuka","3265":"ibli","3266":"stor","3267":"anua","3268":"igan","3269":"udha","3270":"keka","3271":"ikab","3272":"ril ","3273":" uru","3274":"keb\u00e9","3275":"per ","3276":"mpen","3277":" geg","3278":" ol\u00e8","3279":" bro","3280":" pac","3281":"abil","3282":"njin","3283":"as\u00e9h","3284":" bps","3285":"wari","3286":"ggen","3287":"ngel","3288":"cera","3289":" lay","3290":" sha","3291":"mbal","3292":" piw","3293":"harj","3294":"luka","3295":"eb\u00e9b","3296":"nat\u00e9","3297":"alun","3298":"lbum","3299":"sata","3300":"win ","3301":"risi","3302":"akja","3303":"awon","3304":"lusi","3305":"sial","3306":"stin","3307":"kret","3308":" bul","3309":"ebus","3310":"rito","3311":"mon ","3312":" tit","3313":"anmu","3314":"irak","3315":"ahay","3316":"etem","3317":"etar","3318":"puti","3319":"dhih","3320":"ditr","3321":" rac","3322":"jela","3323":"utri","3324":"blis","3325":"blor","3326":"ndah","3327":"janu","3328":"gata","3329":"hata","3330":" col","3331":" get","3332":"ikak","3333":"kjan","3334":"anuk","3335":"line","3336":"dima","3337":"ksar","3338":"adar","3339":"mb\u00e8n","3340":" apr","3341":"camp","3342":"ntaw","3343":"eric","3344":" air","3345":" aka","3346":"ahin","3347":"munu","3348":"tamp","3349":"kap\u00e9","3350":"kaja","3351":"hist","3352":"age ","3353":"tiga","3354":"asem","3355":" mli","3356":"klat","3357":" on ","3358":"rbit","3359":"usk\u00e9","3360":"meda","3361":"namb","3362":"rsa ","3363":"wal ","3364":"kera","3365":"migu","3366":"dol ","3367":"sme ","3368":"tuhk","3369":" bol","3370":"etha","3371":"rid ","3372":"list","3373":" rag","3374":" spa","3375":"lari","3376":"mpok","3377":"siap","3378":"ujua","3379":"beri","3380":"mur\u00e9","3381":"osis","3382":"visi","3383":"thak","3384":"kota","3385":"amak","3386":"wiga","3387":"rifi","3388":"hih ","3389":"tebu","3390":"kep\u00e9","3391":" rob","3392":"olen","3393":"rahm","3394":" bon","3395":" kin","3396":"elay","3397":"medi","3398":"aram","3399":"saks","3400":"hati","3401":"ikut","3402":"\u00e8ter","3403":"bps ","3404":"ekar","3405":"getr","3406":"uhi ","3407":"elom","3408":"alay","3409":"isio","3410":"stim","3411":"alip","3412":" len","3413":"opol","3414":" sch","3415":" sos","3416":"riku","3417":"mad ","3418":" wic","3419":"orif","3420":"kont","3421":"mak ","3422":"amma","3423":"nce ","3424":" hat","3425":"|rig","3426":"pril","3427":"mage","3428":"prop","3429":"lomp","3430":"mlig","3431":"wisa","3432":" dew","3433":"isme","3434":"b|px","3435":"kayu","3436":"dur ","3437":"kban","3438":"rali","3439":"hir\u00e9","3440":"\u00e8lmu","3441":"m\u00e8te","3442":"hur ","3443":" dag","3444":"nuar","3445":"kert","3446":"sosi","3447":"uk\u00e9 ","3448":"guri","3449":"mera","3450":"nabi","3451":" ira","3452":"hok ","3453":"asri","3454":"inem","3455":"won ","3456":"\u00e9rop","3457":" aje","3458":"nged","3459":"ruh\u00e9","3460":"inal","3461":"tel ","3462":" sia","3463":"ipik","3464":"isat","3465":"tant","3466":"erse","3467":"edad","3468":"teta","3469":"une ","3470":"akun","3471":" gem","3472":"nit ","3473":" nor","3474":"gemb","3475":" r\u00e9p","3476":" y\u00e9r","3477":"akte","3478":" yas","3479":"pal ","3480":"ukup","3481":"akil","3482":"ilah","3483":"ille","3484":"piwu","3485":"joku","3486":"rmas","3487":"rebe","3488":"sap\u00e9","3489":" hal","3490":"dheg","3491":"sale","3492":"ahyu","3493":"pr\u00e9n","3494":"ebum","3495":"nuk ","3496":" rik","3497":"ipar","3498":"nari","3499":"lani","3500":"ras ","3501":"pute","3502":"ence","3503":"isar","3504":"mar ","3505":" mri","3506":"manc","3507":"wahy","3508":"keku","3509":"arwa","3510":" sra","3511":"posi","3512":"engs","3513":"nand","3514":" lap","3515":"apun","3516":" wak","3517":"unit","3518":"ket ","3519":"imot","3520":"ggam","3521":"titu","3522":"char","3523":"net ","3524":"ustu","3525":"iwak","3526":"orig","3527":"bark","3528":"sand","3529":" tv ","3530":"semo","3531":"pena","3532":"indu","3533":"bes ","3534":" d\u00e9w","3535":"erit","3536":"gis ","3537":"gayo","3538":"ajur","3539":"riar","3540":"ite ","3541":"ndh\u00e8","3542":"\u00e8kna","3543":"lasa","3544":"lapa","3545":"lla ","3546":" yut","3547":"ower","3548":"mia ","3549":" dep","3550":"nyol","3551":"nyak","3552":"gene","3553":"angn","3554":"esar","3555":"nump","3556":"rica","3557":"nuha","3558":"ntes","3559":" b\u00e9b","3560":"nk\u00e9 ","3561":"eria","3562":"juri","3563":"wado","3564":"g\u00e8l ","3565":"ecik","3566":" map","3567":"ombo","3568":"woh ","3569":"aul ","3570":"mahk","3571":"etin","3572":" lon","3573":"sida","3574":"beci","3575":"ban\u00e9","3576":"atis","3577":" s\u00e8r","3578":"kond","3579":"eral","3580":"komu","3581":"babi","3582":"yebu","3583":"empe","3584":"tahu","3585":" ilm","3586":" abo","3587":"hyu ","3588":"esen","3589":" pop","3590":"ront","3591":"nte ","3592":"kiba","3593":"\u00e9tak","3594":" tho","3595":"dh\u00e8k","3596":"stas","3597":"p\u00e8ng","3598":"alat","3599":"bela","3600":"usal","3601":"udun","3602":"mark","3603":"waha","3604":"loka","3605":"nov\u00e8","3606":"wanu","3607":"nas\u00e9","3608":"nist","3609":"anuh","3610":"laka","3611":"mary","3612":"uju ","3613":"epak","3614":"um\u00e8n","3615":" tom","3616":" ray","3617":"ntro","3618":"sume","3619":"ewat","3620":"irin","3621":"igi ","3622":"cent","3623":"sept","3624":"obot","3625":"stil","3626":"pame","3627":" iwa","3628":"gran","3629":"are ","3630":"bing","3631":" nes","3632":" ms ","3633":"gsi ","3634":" net","3635":" mr\u00e9","3636":"\u00e8nge","3637":"ptar","3638":"iun ","3639":"cap ","3640":"pros","3641":"hmat","3642":" kum","3643":"mb\u00e9 ","3644":"bera","3645":"iana","3646":"atal","3647":"ilmu","3648":"agad","3649":"iart","3650":"bum ","3651":"kar ","3652":"taks","3653":" gum","3654":"atas","3655":"ktia","3656":"mily","3657":"kolo","3658":"gsuh","3659":"edh\u00e8","3660":"prab","3661":"aska","3662":"bari","3663":"erda","3664":"sem ","3665":"raju","3666":"aut ","3667":"dera","3668":"ryan","3669":"suna","3670":"njun","3671":"umbu","3672":"abot","3673":"ess ","3674":"tele","3675":"pepa","3676":"gai ","3677":"jupu","3678":"arte","3679":"bita","3680":"bani","3681":"reka","3682":"yam ","3683":"waki","3684":" kim","3685":"lite","3686":" unt","3687":"rial","3688":"mal ","3689":"pani","3690":"laut","3691":"wesi","3692":" b\u00e8t","3693":"ame ","3694":"namu","3695":"nyem","3696":"eten","3697":"jane","3698":"tega","3699":"page","3700":" sp\u00e9","3701":"modh","3702":" por","3703":"ggi ","3704":"ilar","3705":"amon","3706":"utih","3707":" yok","3708":" bec","3709":"bus ","3710":"perd","3711":"titi","3712":"yant","3713":"cik ","3714":"tusk","3715":" as ","3716":"edhe","3717":"tans","3718":"ying","3719":"ayak","3720":" che","3721":"\u00e8sip","3722":"akib","3723":"hamm","3724":" \u00e9ro","3725":" ste","3726":"ebat","3727":" iya","3728":"enik","3729":"usta","3730":"itun","3731":"ucin","3732":"fisi","3733":"log ","3734":"p\u00e9si","3735":"olus","3736":"uara","3737":"n\u00e8si","3738":"asuk","3739":"luki","3740":"urk\u00e9","3741":"suh ","3742":"ithi","3743":"hut ","3744":"rtin","3745":"item","3746":"nake","3747":" \u00e9ko","3748":"sp\u00e9s","3749":"terb","3750":" ibl","3751":"mbon","3752":"adis","3753":"s\u00e8s ","3754":"ahip","3755":"bebu","3756":" stu","3757":"mput","3758":" nyo","3759":"supe","3760":"ibu ","3761":"dica","3762":" und","3763":"susu","3764":" cal","3765":"hama","3766":"kur ","3767":"uwar","3768":"uluh","3769":"kimi","3770":" kha","3771":"gong","3772":" jat","3773":" wig","3774":"ble ","3775":"awuh","3776":"itut","3777":"us\u00e9 ","3778":"ngam","3779":"ujur","3780":"nge ","3781":"syar","3782":"liga","3783":"ruar","3784":"adoh","3785":"ibut","3786":"patu","3787":"kiwa","3788":"ith ","3789":"tekn","3790":"maju","3791":"trik","3792":"arej","3793":"kleb","3794":" ase","3795":"dun\u00e9","3796":"r\u00e8ng","3797":"iwan","3798":"aras","3799":"wedh","3800":"alen","3801":"afri","3802":"epun","3803":"stru","3804":"alk\u00e9","3805":"ngir","3806":"idik","3807":"buwa","3808":"tutu","3809":"isen","3810":"nesu","3811":"tria","3812":"robo","3813":" fis","3814":"kt\u00e8k","3815":"thin","3816":"nove","3817":"egal","3818":"rtan","3819":"oper","3820":"trat","3821":" cet","3822":"ice ","3823":"ifil","3824":"pesa","3825":" asr","3826":" km ","3827":"glan","3828":"pet ","3829":" haw","3830":"ilis","3831":" inj","3832":"luh ","3833":"wer ","3834":"geti","3835":"hus ","3836":"ert ","3837":"dasa","3838":"g\u00e8n ","3839":"ndin","3840":" akr","3841":"dhia","3842":"omo ","3843":" tap","3844":"ggeg","3845":"ompu","3846":"prot","3847":"tumu","3848":"bal ","3849":"heng","3850":"sare","3851":"gkal","3852":"rupa","3853":"stik","3854":"dura","3855":"pen ","3856":"brua","3857":"ipin","3858":"adat","3859":" afr","3860":"sa\u00e9n","3861":"geni","3862":"sil\u00e9","3863":"ndid","3864":" cep","3865":" sid","3866":"rima","3867":"layu","3868":"r\u00e9pu","3869":"rapa","3870":"gres","3871":"ory ","3872":"kabe","3873":"plan","3874":"uper","3875":"njel","3876":"ork ","3877":"game","3878":"ale ","3879":"kato","3880":"g\u00e8lm","3881":"imam","3882":"rema","3883":"gar ","3884":"kati","3885":"rlin","3886":"dida","3887":"irsa","3888":"dhum","3889":"plin","3890":"dale","3891":"pat\u00e9","3892":"bank","3893":"otan","3894":" mob","3895":"lulu","3896":"abu ","3897":"dh\u00e8r","3898":"ier ","3899":"inat","3900":"ebes","3901":" ent","3902":"s\u00e8ri","3903":"dan\u00e9","3904":"alus","3905":"ntak","3906":" gag","3907":"ngha","3908":"mila","3909":" sug","3910":"apal","3911":"upan","3912":"bana","3913":" bio","3914":"akya","3915":"itra","3916":"sakt","3917":"dhul","3918":"ily ","3919":"ajah","3920":"akna","3921":" uda","3922":"itok","3923":"orde","3924":"onst","3925":"illi","3926":"salo","3927":"rena","3928":"uji ","3929":"reta","3930":"eta ","3931":"tok ","3932":"dola","3933":"gita","3934":"soci","3935":"rane","3936":"glip","3937":"pon ","3938":"ance","3939":"esu ","3940":" wik","3941":"iksa","3942":"urma","3943":"mbur","3944":"ep\u00e9 ","3945":"umug","3946":"daha","3947":" alu","3948":"kyat","3949":" usa","3950":" yor","3951":"aday","3952":"coba","3953":" nar","3954":"raky","3955":"temp","3956":"ator","3957":"ecam","3958":"lle ","3959":"ohn ","3960":"wiki","3961":"imur","3962":"gini","3963":"itha","3964":"gsan","3965":"anye","3966":"ther","3967":"\u00e9pub","3968":"cila","3969":"admi","3970":" peg","3971":" rep","3972":"rkar","3973":"rodu","3974":"l\u00e8ni","3975":"\u00e9rus","3976":"ona ","3977":"emok","3978":"nemo","3979":"njer","3980":"wekd","3981":"span","3982":"ore ","3983":"anes","3984":"aos ","3985":"pahi","3986":" p\u00e8n","3987":"pial","3988":"oko ","3989":"emai","3990":"c\u00e9ta","3991":"loma","3992":" her","3993":"esta","3994":"amai","3995":"olak","3996":"nem ","3997":"sal\u00e8","3998":"ukas","3999":" miw","4000":"nuwu","4001":"bia ","4002":"haki","4003":"kdal","4004":"ng\u00e9n","4005":"at\u00e9u","4006":"ene ","4007":"ondo","4008":"breb","4009":"ekal","4010":"nada","4011":"chri","4012":"d\u00e9wa","4013":"abay","4014":"naan","4015":"ctio","4016":"obil","4017":"opin","4018":"tai ","4019":"info","4020":"epet","4021":"batu","4022":"ted ","4023":"sel ","4024":"gaku","4025":" jud","4026":"brit","4027":"ekda","4028":"bura","4029":" lig","4030":"waba","4031":"en\u00e9 ","4032":"napa","4033":" bur","4034":"mes ","4035":"mont","4036":"cal ","4037":"ewan","4038":"ropo","4039":"yoka","4040":"mund","4041":" his","4042":"nimb","4043":" gul","4044":"sawe","4045":"illa","4046":"ions","4047":"akto","4048":"turn","4049":"mobi","4050":"dhuh","4051":"arir","4052":" la ","4053":"kepe","4054":" kru","4055":"iyak","4056":"yaku","4057":"awah","4058":"otor","4059":" son","4060":"ceth","4061":" leg","4062":"mrap","4063":"orib","4064":"sugi","4065":"nete","4066":"gguh","4067":"eum ","4068":"erte","4069":"ukt\u00e8","4070":"adio","4071":"pil ","4072":" bob","4073":"unsu","4074":"mbag","4075":"matr","4076":"edan","4077":"ramb","4078":"pami","4079":"unte","4080":" kea","4081":"glak","4082":"ntal","4083":" owa","4084":"akul","4085":"isah","4086":"kodh","4087":"dhiy","4088":"dana","4089":"matu","4090":"ilat","4091":" s ","4092":"hiya","4093":"knik","4094":"rius","4095":"ajak","4096":"oron","4097":"mat\u00e8","4098":" pab","4099":"adul","4100":"simp","4101":"krab","4102":"ipli","4103":"sli ","4104":"apas","4105":"enem","4106":"itre","4107":"met ","4108":"y\u00e9ru","4109":" arm","4110":"rusi","4111":"stud","4112":"ipam","4113":"mapa","4114":"pulu","4115":"buta","4116":"kap ","4117":"bula","4118":"ive ","4119":"ias ","4120":" dol","4121":"unia","4122":"deni","4123":"kaur","4124":"deng","4125":"tumr","4126":"aisa","4127":" gru","4128":"kuni","4129":"kul ","4130":"l\u00e8r ","4131":" chr","4132":"ic\u00e9t","4133":"ayo ","4134":"mmad","4135":" shi","4136":"ware","4137":"dic\u00e9","4138":"ure ","4139":"emi ","4140":"ejab","4141":"osi ","4142":"nfor","4143":"a\u00e9ng","4144":" sma","4145":"anyo","4146":"polo","4147":"jah ","4148":"arun","4149":" gab","4150":" dho","4151":"gaya","4152":"bola","4153":" no ","4154":"edal","4155":"tasa","4156":"gula","4157":"meka","4158":"asaj","4159":"iaya","4160":"keja","4161":"run ","4162":"dien","4163":" som","4164":"har ","4165":"ire ","4166":"\u00e9ka ","4167":"geme","4168":"anus","4169":"aneg","4170":"dmin","4171":"rep\u00e9","4172":"akli","4173":" rot","4174":" lul","4175":"haan","4176":" ord","4177":"ical","4178":" day","4179":"pins","4180":"volu","4181":"gged","4182":"rtam","4183":"njan","4184":"tris","4185":"h\u00e8kk","4186":"gawe","4187":"rapi","4188":"miwi","4189":"seka","4190":"sen ","4191":"odh\u00e8","4192":"kaku","4193":"esin","4194":"dema","4195":"alig","4196":"eluk","4197":"rakt","4198":"epal","4199":"iwas","4200":"ubar","4201":"ad\u00e9n","4202":"juju","4203":"iwar","4204":"peka","4205":"ribu","4206":"grup","4207":"yumb","4208":" ayo","4209":"art ","4210":"ardi","4211":"dhed","4212":"rahk","4213":"val ","4214":"urin","4215":"ukis","4216":"moto","4217":"time","4218":"ser ","4219":"jat ","4220":"giya","4221":"dhaw","4222":"s\u00e8mb","4223":"angr","4224":"paca","4225":"stro","4226":"for ","4227":"hala","4228":"\u00e9kon","4229":"ant\u00e8","4230":"leks","4231":"sapi","4232":"kras","4233":"it\u00e9 ","4234":"mlak","4235":"srin","4236":"ambe","4237":"gatu","4238":"demi","4239":" non","4240":"onik","4241":"sipl","4242":"frik","4243":"diad","4244":"art\u00e9","4245":"sity","4246":"ayut","4247":" sre","4248":" bai","4249":"ingt","4250":"orim","4251":"brik","4252":"ango","4253":" tor","4254":" dii","4255":"nian","4256":"lali","4257":"sak\u00e9","4258":" tha","4259":"hen ","4260":"opul","4261":" num","4262":"vita","4263":"ruan","4264":"ontr","4265":"erli","4266":"ver ","4267":" juj","4268":"hurk","4269":"gaha","4270":"reme","4271":"r\u00e8t ","4272":"al\u00e8m","4273":"dhem","4274":"n\u00e9ka","4275":" sa ","4276":"wena","4277":"r\u00e9a ","4278":" bib","4279":" yos","4280":"heg ","4281":"iber","4282":"usia","4283":"paus","4284":"kor\u00e9","4285":"mb|r","4286":"lian","4287":"d\u00e8n ","4288":"wuh ","4289":"katu","4290":" mor","4291":"cin\u00e9","4292":"kliy","4293":"star","4294":"l\u00e8m ","4295":"ugih","4296":"atul","4297":"ifik","4298":"laga","4299":"laca","4300":"\u00e9s\u00e8m","4301":"ptem","4302":"rtem","4303":"idol","4304":"komi","4305":"tut ","4306":"\u00e9sie","4307":"punw","4308":"udan","4309":"mbul","4310":"p\u00e8ni","4311":"dist","4312":"rebo","4313":"impe","4314":"chan","4315":" wij","4316":" bor","4317":"iyah","4318":" mim","4319":"hris","4320":"\u00e8r\u00e8n","4321":" muh","4322":" jay","4323":"bern","4324":" paw","4325":"awen","4326":"ireb","4327":"huk ","4328":"b|ri","4329":"iko ","4330":"epte","4331":"york","4332":"araa","4333":"tivi","4334":"apul","4335":"ntik","4336":"dibe","4337":"lath","4338":"ikap","4339":"ngle","4340":"dh\u00e9s","4341":"ord ","4342":"rjan","4343":"omin","4344":" sud","4345":"gesa","4346":"stit","4347":"siun","4348":"tipu","4349":" kwa","4350":"rt\u00e9 ","4351":"pila","4352":" raw","4353":"ngto","4354":"kong","4355":"ggul","4356":"nunt","4357":"ino ","4358":"pesi","4359":"ean ","4360":"bask","4361":"ses ","4362":"kori","4363":"pake","4364":"mun ","4365":" vid","4366":"sadh","4367":"dand","4368":"fat ","4369":"ekuw","4370":" ton","4371":"gaga","4372":"tiku","4373":"arle","4374":"gade","4375":"kubu","4376":" tig","4377":"undu","4378":"sukm","4379":" dra","4380":"\u00e8nan","4381":"ahas","4382":" sya","4383":"ksih","4384":"akha","4385":"guta","4386":"tia ","4387":"elin","4388":"rai ","4389":" tow","4390":"ahaa","4391":"cepe","4392":"pete","4393":"cak\u00e9","4394":"diun","4395":"h\u00e9s\u00e8","4396":" ema","4397":" mud","4398":" kre","4399":"etur","4400":" was","4401":"pabr","4402":" adm","4403":"kamp","4404":"unti","4405":"judh","4406":"mbat","4407":"kais","4408":"deg ","4409":"erke","4410":"akuw","4411":" hin","4412":"or\u00e9a","4413":"inim","4414":"asab","4415":"utar","4416":"mpak","4417":"\u00e9dan","4418":"muly","4419":"ress","4420":" bla","4421":"prib","4422":"sian","4423":"dagi","4424":" jej","4425":"noki","4426":"umas","4427":"tamu","4428":" ped","4429":"des ","4430":" you","4431":" nok","4432":"moti","4433":"arik","4434":"sith","4435":"lit\u00e8","4436":"mam ","4437":"hind","4438":"atri","4439":" boy","4440":" bed","4441":"kim ","4442":"ejar","4443":"tain","4444":" cor","4445":"ukmb","4446":"jmpl","4447":"than","4448":"omaw","4449":"ail ","4450":"trac","4451":" sla","4452":" c ","4453":"buk ","4454":" gay","4455":"sapu","4456":"utup","4457":"gluh","4458":"ony ","4459":"awe ","4460":" der","4461":"owia","4462":"aira","4463":"iras","4464":"dae ","4465":"iap ","4466":"ahya","4467":"nola","4468":"prau","4469":"kult","4470":"beta","4471":"lign","4472":"th\u00e8n","4473":"tun\u00e9","4474":"hon ","4475":" toy","4476":"cint","4477":"rnat","4478":"afta","4479":"asra","4480":"kebo","4481":"inar","4482":" to ","4483":"agat","4484":"hedh","4485":" ope","4486":"perj","4487":"idan","4488":"iolo","4489":" nus","4490":"ftar","4491":"rma ","4492":" bek","4493":"dega","4494":" lil","4495":"pot ","4496":"duni","4497":" soc","4498":" soe","4499":"awin","4500":" geo","4501":" gas","4502":"apus","4503":"muha","4504":"or\u00e9 ","4505":"kapr","4506":"wali","4507":" m\u00e8t","4508":"adem","4509":"moni","4510":"ron\u00e9","4511":"dar ","4512":"gton","4513":"yol ","4514":"lask","4515":"okte","4516":"gil ","4517":"ovem","4518":"rent","4519":"okia","4520":"sund","4521":"urab","4522":"kmb\u00e8","4523":"nam ","4524":"iden","4525":" cab","4526":"daga","4527":"bum\u00e8","4528":" vir","4529":"nep ","4530":"riks","4531":"rau ","4532":"apar","4533":"ngop","4534":"muju","4535":"keti","4536":"tepa","4537":"wewa","4538":"nerb","4539":" das","4540":"yemb","4541":"ican","4542":"ebas","4543":"op\u00e8n","4544":"an\u00e9k","4545":" ele","4546":"onia","4547":"dhe ","4548":"perm","4549":"depa","4550":"atel","4551":"sult","4552":"idae","4553":" tal","4554":"ltan","4555":"arap","4556":"rdin","4557":"hira","4558":"priy","4559":"loan","4560":"muli","4561":"bin ","4562":"lawe","4563":"sent","4564":"irus","4565":"ikuw","4566":"nsti","4567":"atch","4568":"b\u00e8te","4569":"ilia","4570":"\u00e8ks ","4571":"ukar","4572":"dido","4573":"oya ","4574":"ters","4575":"muse","4576":"enit","4577":" wol","4578":"dhog","4579":"etak","4580":"pakk","4581":"awic","4582":" gla","4583":"mpl|","4584":"eke ","4585":"al\u00e8k","4586":"pis ","4587":"wisi","4588":"vemb","4589":"siyu","4590":"\u00e8hak","4591":"rwar","4592":" pej","4593":"powi","4594":" ros","4595":" glo","4596":"asit","4597":" kil","4598":"mert","4599":"wiat","4600":"ark ","4601":"etk\u00e9","4602":"nolo","4603":"abel","4604":"raan","4605":"cire","4606":"metk","4607":" nol","4608":" sok","4609":"makk","4610":"aana","4611":"temo","4612":"tert","4613":"ell ","4614":" bet","4615":"site","4616":"krun","4617":"abin","4618":"ekni","4619":" rek","4620":"huh ","4621":"kisa","4622":"popu","4623":"ahir","4624":"jron","4625":"y\u00e9sa","4626":"nerj","4627":"unca","4628":"teni","4629":"mbin","4630":"urya","4631":"elit","4632":"tesa","4633":"\u00e9say","4634":"uns\u00e8","4635":"ght ","4636":"unse","4637":"iyar","4638":"teme","4639":"\u00e8tel","4640":"ns\u00e8l","4641":"agem","4642":" mt ","4643":"ncar","4644":"hun ","4645":" gor","4646":"jana","4647":"daft","4648":"yuma","4649":"truk","4650":"prac","4651":" fir","4652":"\u00e9nak","4653":"bras","4654":"dhew","4655":"gurb","4656":"sri ","4657":" lib","4658":"badi","4659":"alsu","4660":"sine","4661":" dae","4662":" sut","4663":"towe","4664":"tosi","4665":"yung","4666":"punc","4667":"ajab","4668":"rida","4669":"iasi","4670":"tudi","4671":"unde","4672":"viet","4673":" bir","4674":"glar","4675":"cak ","4676":" cob","4677":"punj","4678":"ikra","4679":"wiya","4680":"ongg","4681":"suks","4682":"nusa","4683":"didu","4684":"berg","4685":" pow","4686":"ames","4687":"hia ","4688":"epat","4689":"prin","4690":" pon","4691":"spor","4692":"seum","4693":"indr","4694":"elk\u00e9","4695":"setu","4696":"delk","4697":"assa","4698":"bend","4699":"yala","4700":"pus ","4701":"bat\u00e9","4702":"tokk","4703":"mahi","4704":"uloa","4705":"juwa","4706":"esaw","4707":" mam","4708":"inya","4709":"sur ","4710":"mtok","4711":"will","4712":"ngg\u00e8","4713":"tory","4714":"siti","4715":"anul","4716":"tiva","4717":"sok ","4718":" ung","4719":"mpuk","4720":"udar","4721":"srah","4722":"ibun","4723":"ando","4724":"awes","4725":"irun","4726":"useu","4727":" wes","4728":"gura","4729":" t\u00e8k","4730":"meta","4731":"lomb","4732":"paha","4733":"emas","4734":"ubur","4735":"raki","4736":"haya","4737":"arne","4738":"semi","4739":"budh","4740":"m\u00e9wa","4741":"bobo","4742":"arsi","4743":" nud","4744":"mot\u00e9","4745":"toya","4746":"edho","4747":"gale","4748":"ngum","4749":"ot\u00e9u","4750":"tras","4751":"chi ","4752":"sjid","4753":" yoh","4754":" rut","4755":"uham","4756":"bagi","4757":"acap","4758":"ines","4759":"d\u00e8ka","4760":"jamb","4761":"rest","4762":"mper","4763":"diaj","4764":"disa","4765":"upi ","4766":"tepi","4767":"um\u00e9 ","4768":" nyl","4769":"adu ","4770":"rawu","4771":" hen","4772":"iel ","4773":"eent","4774":"arth","4775":"dio ","4776":"stad","4777":"iani","4778":"mbay","4779":"hane","4780":"ih\u00e9 ","4781":" rib","4782":"laja","4783":"tati","4784":"pel ","4785":"arch","4786":"pega","4787":"ov\u00e8l","4788":"jid ","4789":"bers","4790":"dhen","4791":" m\u00e8i","4792":"agir","4793":"nagi","4794":"isbn","4795":"gus ","4796":"rsia","4797":"imak","4798":"diju","4799":"sbn ","4800":" isb","4801":"tami","4802":"hog ","4803":"ulya","4804":"yaan","4805":" leb","4806":"rili","4807":"abak","4808":"sury","4809":"abuh","4810":"abas","4811":"ergi","4812":"jaja","4813":"uisi","4814":"nima","4815":"hewe","4816":"hya ","4817":" ate","4818":"itis","4819":"gili","4820":" awu","4821":"ill ","4822":"emal","4823":"rise","4824":"auri","4825":"anat","4826":"diw\u00e8","4827":"mend","4828":"sekr","4829":"hokt","4830":"sa\u00e9 ","4831":"egak","4832":"arus","4833":"olek","4834":"fta ","4835":"dat ","4836":"lim ","4837":"gedo","4838":"song","4839":"gg\u00e8n","4840":"ford","4841":"siko","4842":"ktif","4843":"ega ","4844":"iw\u00e8n","4845":"buha","4846":"tim\u00e9","4847":"meen","4848":"pere","4849":"ikar","4850":" tro","4851":"ikon","4852":" may","4853":"rofi","4854":" fer","4855":"pals","4856":"ggir","4857":"din ","4858":" kua","4859":"oyal","4860":"rich","4861":"caba","4862":"laks","4863":"\u00e8bru","4864":"pale","4865":"ayog","4866":"ethi","4867":"ulih","4868":"ures","4869":" f\u00e8b","4870":"t\u00e8r ","4871":" y\u00e9f","4872":"ulas","4873":" hon","4874":" ari","4875":"ihak","4876":"y\u00e9ft","4877":"lsu ","4878":"este","4879":" ges","4880":"akad","4881":"\u00e9fta","4882":"angp","4883":"ick ","4884":"ryam","4885":" taw","4886":"ario","4887":"ipas","4888":"gkul","4889":"ipta","4890":"asik","4891":"kade","4892":"m\u00e8i ","4893":" pah","4894":"arka","4895":" val","4896":"eruh","4897":"dewa","4898":"haka","4899":" t\u00e9m","4900":"toba","4901":"anem","4902":"sud ","4903":"rto ","4904":"silk","4905":"mbu ","4906":"ayaa","4907":"mada","4908":"com ","4909":"ahal","4910":"emee","4911":"f\u00e8br","4912":"emto","4913":"k\u00e9n\u00e9","4914":"alom","4915":"ul\u00e8r","4916":"lemp","4917":"over","4918":"im\u00e9w","4919":"atos","4920":"haha","4921":"ggit","4922":" cuk","4923":"kagu","4924":"akut","4925":"yuwu","4926":"uki ","4927":"lump","4928":"ign=","4929":"ewek","4930":"ulak","4931":"vide","4932":"n\u00e8ha","4933":"eon ","4934":"awuj","4935":"epul","4936":"icha","4937":" uju","4938":"ilac","4939":"duli","4940":"ros\u00e8","4941":"weru","4942":"nura","4943":"peta","4944":" lis","4945":"rtas","4946":"ok\u00e9 ","4947":" sri","4948":"bron","4949":"inam","4950":"inde","4951":"tch ","4952":" lok","4953":"njia","4954":"alu ","4955":" s\u00e8l","4956":"bibl","4957":"rese","4958":"ideo","4959":"saul","4960":"punk","4961":" nen","4962":" g ","4963":"chel","4964":" h ","4965":"aklu","4966":"ulin","4967":"colo","4968":" vie","4969":"dya ","4970":"doh ","4971":" fre","4972":"wung","4973":"edah","4974":"cend","4975":"klas","4976":"eder","4977":"mane","4978":" g\u00e9n","4979":"punl","4980":"lanc","4981":"arie","4982":"tter","4983":"hamp","4984":"v\u00e8l ","4985":"rku ","4986":" ars","4987":"ingu","4988":"punb","4989":" ann","4990":"ekre","4991":"puis","4992":" pic","4993":"r\u00e9n\u00e9","4994":"orol","4995":" pui","4996":"chin","4997":"kwas","4998":"peja","4999":"emil"}}