{"mlg":{"0":" ny ","1":"nny ","2":"ana ","3":"amin","4":"inny","5":"tra ","6":"any ","7":"minn","8":" ami","9":"dia ","10":" dia","11":"ina ","12":"aka ","13":"atra","14":"reo ","15":"ona ","16":"itra","17":"ary ","18":" ao ","19":"tsy ","20":"andr","21":" man","22":"nana","23":"ika ","24":"mini","25":" iza","26":"ireo","27":"anny","28":" fan","29":" tsy","30":"iana","31":"ndra","32":" ary","33":" ire","34":" na ","35":" tam","36":" tao","37":"tami","38":"indr","39":"anan","40":" no ","41":"ndri","42":"raka","43":"nina","44":" sy ","45":" nan","46":"rana","47":"ampi","48":"iny ","49":"raha","50":" ho ","51":"izy ","52":"ani ","53":" tan","54":"aran","55":"taon","56":"hana","57":"lay ","58":"ritr","59":"tany","60":"ena ","61":"ntan","62":"arit","63":"soka","64":"nao ","65":"izan","66":"ndro","67":"ilay","68":" sok","69":"okaj","70":"kajy","71":" far","72":"koa ","73":"anao","74":" fa ","75":" i ","76":"sika","77":"zany","78":" ten","79":"zay ","80":"izay","81":"aona","82":" mpi","83":"mba ","84":" ara","85":"mana","86":"oana","87":"ini ","88":"efa ","89":"fana","90":"ants","91":"ara ","92":"fari","93":"mpan","94":" izy","95":"tao ","96":" mpa","97":"isy ","98":"ray ","99":"anta","100":"ahar","101":"mpia","102":"tena","103":"hara","104":"amba","105":" ind","106":"inan","107":" fah","108":"zava","109":" han","110":"eran","111":" koa","112":"anja","113":"faha","114":" ani","115":"asa ","116":" kao","117":"eny ","118":"arak","119":"rafi","120":"lona","121":"inin","122":"dra ","123":"aina","124":"tana","125":"onan","126":"olon","127":"itan","128":"ony ","129":"ratr","130":"afia","131":"aomi","132":"fia ","133":"omin","134":"graf","135":" hoe","136":"kaom","137":"hoe ","138":" zav","139":"nand","140":"aha ","141":"atao","142":"tsar","143":"avy ","144":"tsik","145":"ahan","146":" mar","147":"ondr","148":"tran","149":"elan","150":"onin","151":" ila","152":"tera","153":"rona","154":" ana","155":" olo","156":"aman","157":"lany","158":" mis","159":" mah","160":"an\u00e3 ","161":"nila","162":"drin","163":" toe","164":"onny","165":" eo ","166":" fit","167":" ant","168":"tan\u00e3","169":"aza ","170":"orat","171":"lala","172":"isan","173":" and","174":"hafa","175":"nire","176":"anka","177":"rind","178":"rano","179":"anam","180":"rehe","181":" fia","182":" rah","183":"iren","184":"azy ","185":"mpon","186":"anat","187":"anar","188":"omba","189":"vela","190":"ahat","191":"mano","192":" reh","193":"dro ","194":"ahy ","195":"etra","196":"anin","197":" met","198":" azy","199":"avat","200":"inta","201":"vatr","202":"ity ","203":"arah","204":"hita","205":"sara","206":"maha","207":" mam","208":"tani","209":" ira","210":"anom","211":"anit","212":"rina","213":"misy","214":"ampa","215":"ohy ","216":"oera","217":"toer","218":"laza","219":"namp","220":"nitr","221":"pana","222":" nam","223":" any","224":"laha","225":"mand","226":"ivel","227":"hany","228":"iasa","229":"poni","230":"ajyt","231":"loha","232":"iray","233":"hatr","234":"tatr","235":" fam","236":" voa","237":" avy","238":" ive","239":"nani","240":"maro","241":"anon","242":"zaka","243":" nah","244":"ntsa","245":" isa","246":"niza","247":" lah","248":"ntsi","249":"vitr","250":" jer","251":"erak","252":"mban","253":"nara","254":"mani","255":"dina","256":"enen","257":"itri","258":"jere","259":"alan","260":"oka ","261":"era ","262":"rohy","263":" roh","264":"lana","265":"zana","266":"vana","267":" mia","268":"enan","269":"ety ","270":"ita ","271":"rene","272":" ka ","273":"ora ","274":"anga","275":" nat","276":" mba","277":"sora","278":"dini","279":"otra","280":"sain","281":"aova","282":" tsa","283":"sitr","284":"nata","285":"ihan","286":" io ","287":"teny","288":"aty ","289":" mas","290":"aram","291":"try ","292":" ity","293":"dria","294":"aly ","295":" hit","296":"ereo","297":"kana","298":"ahas","299":" fiv","300":"mpit","301":" fih","302":" mit","303":"sary","304":"\u00f4gra","305":"hefa","306":"ady ","307":"mari","308":"mamp","309":"ohan","310":"i\u00f4gr","311":"bi\u00f4g","312":" sar","313":" aho","314":" mat","315":"nini","316":"asin","317":" ank","318":"oly ","319":"aro ","320":"pian","321":"pias","322":"iniz","323":"jyta","324":"maso","325":"rian","326":"nga ","327":"riam","328":"rika","329":"rita","330":"fand","331":"iara","332":"zao ","333":"akan","334":"hova","335":"izao","336":"dron","337":" miz","338":" jeh","339":"jeho","340":" hat","341":"ovah","342":"saka","343":"nia ","344":"ehov","345":"miza","346":"vah ","347":"izak","348":"nona","349":"sana","350":"ytan","351":"ampo","352":"vao ","353":"evit","354":"njar","355":" fot","356":"oron","357":"idin","358":"nany","359":" tra","360":"meta","361":"arin","362":" noh","363":"anto","364":"tant","365":"anor","366":"vond","367":" sor","368":"nefa","369":"iama","370":"toko","371":"ifan","372":"azon","373":"ahoa","374":"ala ","375":" mih","376":" ham","377":" tok","378":"azo ","379":"asan","380":"naha","381":"aho ","382":"mpir","383":"etat","384":" amb","385":"mant","386":" haf","387":"afa ","388":"jara","389":"avan","390":"tri ","391":"ogra","392":"odin","393":"oho ","394":"dray","395":"ehef","396":"erin","397":" \u00b0 ","398":"oaka","399":"noho","400":"rann","401":"ola ","402":"otoa","403":"ahit","404":" jeo","405":"eogr","406":"jeog","407":"inil","408":"rant","409":"paha","410":"anda","411":"hodi","412":"momb","413":"daha","414":"tara","415":"nena","416":"nora","417":" mom","418":"ramp","419":"hibe","420":"kara","421":"ery ","422":"ambo","423":"atri","424":"sian","425":"hats","426":"ivon","427":"aloh","428":"nano","429":" ton","430":" fir","431":"toan","432":"ovan","433":"fivo","434":"ehib","435":"amar","436":"alao","437":"adin","438":"nant","439":"hala","440":"samp","441":"lao ","442":"nisa","443":"mpah","444":"arad","445":" vao","446":"inir","447":"tika","448":"ely ","449":"aniz","450":"anis","451":"anak","452":"anir","453":"famp","454":"ahal","455":"ihod","456":"pano","457":"ints","458":" iha","459":"onia","460":"ahaf","461":"njak","462":"isam","463":" ata","464":"onga","465":"lina","466":"ilaz","467":" nis","468":"soan","469":"kitr","470":"pila","471":" nit","472":"fran","473":"hoan","474":"jaka","475":"foto","476":"rada","477":"atsi","478":"okon","479":"tond","480":"itry","481":" efa","482":"ante","483":"mpil","484":"hitr","485":"itro","486":"avon","487":"ahaz","488":"oria","489":"bola","490":"ria ","491":"ampe","492":"hint","493":" mpo","494":"ilal","495":"eman","496":"hetr","497":"\u00e0na ","498":"ehin","499":"drit","500":"aton","501":"fano","502":" nia","503":"pire","504":"ehet","505":"mpam","506":"ntso","507":"mety","508":"arat","509":"rany","510":"adah","511":"ava ","512":"hazo","513":"eto ","514":"isik","515":"bana","516":"kamb","517":" tsi","518":"hasi","519":"mbol","520":"akai","521":"inon","522":"ranj","523":"osy ","524":"ano ","525":" hah","526":"olan","527":"iani","528":"olo ","529":"nika","530":" ino","531":"nizy","532":" haa","533":" teo","534":"vonn","535":"aavo","536":"haav","537":"ovao","538":"azan","539":"ivav","540":"zoni","541":"ande","542":"nkin","543":"tazo","544":"naka","545":"teo ","546":" lal","547":" ter","548":"maty","549":"lehi","550":"pehi","551":"anoh","552":"mpeh","553":" amp","554":"rora","555":" fra","556":"anef","557":"ikam","558":"tian","559":"siny","560":"olom","561":" aza","562":"fant","563":"kony","564":" mad","565":"fiho","566":"pika","567":"tror","568":"itsa","569":"okoa","570":"isia","571":"iain","572":" ian","573":" isi","574":" leh","575":"asoa","576":" gmt","577":" azo","578":" be ","579":"ajym","580":" ane","581":"nian","582":"nier","583":"sina","584":"tong","585":"mina","586":"ombo","587":"atan","588":"nome","589":"ila ","590":"kala","591":"etaz","592":" eta","593":"natr","594":"fian","595":"iera","596":"kint","597":"elon","598":"osit","599":"niny","600":"ndre","601":"ntar","602":"tolo","603":" fis","604":"njen","605":"mila","606":"enny","607":" toy","608":"alal","609":"dian","610":"toy ","611":"tsin","612":"hevi","613":"aham","614":"hets","615":"ompi","616":"ibe ","617":"iton","618":"fani","619":"tsia","620":"mpik","621":"nank","622":"anah","623":"oand","624":"ngan","625":" mil","626":"onto","627":" de ","628":" ann","629":"hay ","630":" bai","631":"boly","632":" sat","633":"olin","634":"haha","635":"ikan","636":" fil","637":"dala","638":"oni ","639":"jeni","640":"itsy","641":"enie","642":"inje","643":"impa","644":"aink","645":" sam","646":"baka","647":"ibol","648":" afa","649":"inik","650":"abak","651":" fif","652":"atin","653":"drai","654":"ahak","655":"taha","656":"ako ","657":"nama","658":"endr","659":"resa","660":"nisy","661":"ajyb","662":"aodi","663":"ahay","664":" bao","665":"roan","666":"jybi","667":"ybi\u00f4","668":"hama","669":"sany","670":" asa","671":"rais","672":"aibo","673":"baib","674":"nkal","675":"areo","676":"aroa","677":" tah","678":"okan","679":"sann","680":"an\u00e0n","681":"aint","682":"oha ","683":"andi","684":"satr","685":"tan\u00e0","686":"rami","687":"inki","688":"n\u00e0na","689":"faka","690":"rena","691":"hamp","692":"dika","693":"etsi","694":"fisi","695":"lian","696":"madi","697":"iky ","698":"tsa ","699":"kaod","700":"nati","701":"itsi","702":" vol","703":"reny","704":"hann","705":"iann","706":"fomb","707":" bi\u00f4","708":"atsa","709":"eni ","710":"fire","711":"gana","712":"tria","713":"roa ","714":"ango","715":"afan","716":"iten","717":"dimp","718":"dran","719":"benn","720":"lomb","721":" kit","722":"iany","723":"asik","724":"vola","725":"onka","726":"hoy ","727":" mbo","728":"nolo","729":"odim","730":"nten","731":"aosi","732":"paos","733":" sai","734":" des","735":"vava","736":"fita","737":" hoy","738":"aoli","739":"rist","740":"vaov","741":"poli","742":"alia","743":" fom","744":"didi","745":"ory ","746":"baol","747":"ompo","748":"namb","749":"mpao","750":"onta","751":"afak","752":"alam","753":"anke","754":"kely","755":"ahin","756":"rain","757":"nidi","758":" an ","759":"ania","760":"voal","761":"iran","762":"ntol","763":"ikas","764":" jes","765":" mik","766":" hia","767":"nodi","768":"lasa","769":"riny","770":"idy ","771":"katr","772":" avo","773":"belo","774":" von","775":"jymp","776":" mai","777":"hain","778":"nonk","779":"bany","780":"tont","781":"ombe","782":"pita","783":"haka","784":"jeso","785":" las","786":"aky ","787":"hits","788":" tia","789":"neni","790":"mbel","791":"ngon","792":"samb","793":"aori","794":" pol","795":"fara","796":"aisa","797":" ang","798":"maly","799":"ela ","800":"rats","801":" kri","802":"tsor","803":"hand","804":"nont","805":"lahy","806":"odid","807":"kevi","808":"atso","809":"nton","810":"nay ","811":"esos","812":"mpy ","813":"sosy","814":"ater","815":"kris","816":"kasi","817":" lav","818":"sini","819":"anod","820":" mif","821":" her","822":"sasa","823":"oatr","824":"tema","825":"mika","826":"rani","827":"avit","828":"kain","829":"dry ","830":" zom","831":" ala","832":"mpis","833":"fika","834":"vavy","835":" mal","836":" tal","837":"ampy","838":"saha","839":"isa ","840":"mita","841":" ve ","842":"ida ","843":"ato ","844":" nil","845":"main","846":"izah","847":"zomp","848":"ndeh","849":"avo ","850":"mito","851":"aing","852":" kel","853":" vit","854":"amon","855":"ntat","856":"ndry","857":" ben","858":"nahy","859":"fito","860":"fifa","861":"iko ","862":"mihi","863":"alah","864":" zan","865":"enin","866":"aiky","867":"tram","868":"kany","869":"gmt+","870":"mt+ ","871":" hev","872":"nann","873":" hai","874":" sad","875":"oko ","876":"oky ","877":"hano","878":" min","879":" inj","880":"hina","881":"iter","882":" kok","883":"koko","884":"esak","885":"heri","886":"arte","887":"lann","888":"part","889":"fits","890":"toka","891":"sady","892":"inid","893":"zaha","894":"bra ","895":"nkao","896":" dep","897":"anil","898":" fre","899":"iaro","900":"fiar","901":"rang","902":"anki","903":"ejy ","904":" vav","905":"epar","906":"seha","907":"oalo","908":"ikar","909":"depa","910":"ehan","911":"osa ","912":"rtem","913":"isti","914":"hata","915":"inga","916":"erit","917":"masi","918":"nta ","919":" pej","920":"seho","921":"amor","922":"mbar","923":"miny","924":"ihit","925":"onts","926":"sima","927":"see ","928":" ins","929":"ntsy","930":"tinn","931":"nahi","932":" sas","933":"hiva","934":"iant","935":"nare","936":"sori","937":"miar","938":"kama","939":"mbon","940":"hoak","941":"hato","942":"aiza","943":"pejy","944":"nkam","945":"nter","946":"base","947":"bara","948":"eho ","949":" ran","950":"imal","951":"free","952":"kaba","953":"olit","954":"noan","955":"hani","956":"esim","957":"foan","958":"fanj","959":"desi","960":"itik","961":"tsak","962":"inse","963":"ase ","964":"aso ","965":"fiai","966":" fik","967":"nari","968":"pito","969":"nsee","970":"oran","971":"ohit","972":"panj","973":"azav","974":"rata","975":"al\u00e3 ","976":"vita","977":"orin","978":"nomp","979":" kar","980":"sera","981":" tar","982":"nomb","983":"ome ","984":"vaha","985":"toa ","986":"atsy","987":"ntok","988":"mala","989":"rida","990":"vian","991":"lia ","992":"vani","993":"trak","994":"noka","995":"teti","996":"liti","997":"avak","998":"ebas","999":"lavi","1000":"inoa","1001":"arik","1002":"alaz","1003":"ando","1004":"miha","1005":"anol","1006":"ahav","1007":"reeb","1008":"iahy","1009":" vah","1010":"eeba","1011":" bok","1012":"pand","1013":"ihet","1014":"raza","1015":"elo ","1016":" his","1017":"ijer","1018":"oann","1019":"deha","1020":"mifa","1021":"tamb","1022":"stia","1023":"efan","1024":"irai","1025":"afy ","1026":"keli","1027":"osia","1028":"alin","1029":"ino ","1030":"mane","1031":" kos","1032":" gaz","1033":"asit","1034":"anok","1035":"vaka","1036":" ats","1037":"orid","1038":"etik","1039":"ohat","1040":"iand","1041":"fane","1042":" aka","1043":"dani","1044":"adia","1045":"hasa","1046":"akar","1047":"oani","1048":"gaze","1049":"idal","1050":"itor","1051":"azet","1052":"jery","1053":"tari","1054":"kosa","1055":" het","1056":" toa","1057":"mian","1058":"erne","1059":"hila","1060":"soa ","1061":"oman","1062":" miv","1063":" anj","1064":"afin","1065":" hab","1066":"ran ","1067":"voka","1068":"fitr","1069":"ntra","1070":"ainy","1071":"teni","1072":"avia","1073":"horo","1074":" oha","1075":"avah","1076":"ehiv","1077":"sari","1078":"akab","1079":"eha ","1080":"nasa","1081":" loh","1082":"rand","1083":"akav","1084":"afo ","1085":"ires","1086":"boka","1087":"toet","1088":"pits","1089":"tson","1090":" pan","1091":"arot","1092":"ter\u00f4","1093":" tat","1094":"moro","1095":"lain","1096":"afat","1097":"iava","1098":"fidi","1099":" foa","1100":"naov","1101":"diko","1102":"isit","1103":" ela","1104":"\u00f4ida","1105":"namo","1106":"r\u00f4id","1107":"er\u00f4i","1108":"fihe","1109":"oary","1110":"tsai","1111":"avam","1112":"okat","1113":"koro","1114":"enta","1115":"odik","1116":"gona","1117":"yter","1118":"raik","1119":" mir","1120":"antr","1121":"jyte","1122":" roa","1123":"anel","1124":"vehi","1125":"ambr","1126":"nity","1127":"kann","1128":"ndan","1129":" nef","1130":"vern","1131":"alen","1132":"kani","1133":"noma","1134":"nio ","1135":" tor","1136":"afah","1137":"taka","1138":"tina","1139":"siah","1140":" veh","1141":"oany","1142":" tom","1143":"ahai","1144":"mbra","1145":" lan","1146":"kaik","1147":" val","1148":" int","1149":"ezan","1150":" vok","1151":" ahi","1152":" mon","1153":"poto","1154":"reni","1155":"moni","1156":"elin","1157":"ter ","1158":" vat","1159":"pamo","1160":"asai","1161":"onja","1162":"vara","1163":"iang","1164":"nema","1165":"haza","1166":"dren","1167":"zety","1168":"aher","1169":"mbok","1170":"over","1171":"iry ","1172":"azai","1173":"etan","1174":" ale","1175":"atry","1176":"jano","1177":"zain","1178":"tale","1179":"volo","1180":"trin","1181":"onon","1182":"amoa","1183":"sotr","1184":" maf","1185":"nera","1186":"elia","1187":"asy ","1188":"hava","1189":" gov","1190":"noha","1191":"haba","1192":"naho","1193":"ster","1194":"iseh","1195":"vits","1196":"iza ","1197":"sala","1198":"fots","1199":"ndal","1200":"sike","1201":"gove","1202":"avar","1203":"hery","1204":"nela","1205":"pamp","1206":"mpih","1207":"aiki","1208":"ikel","1209":"lava","1210":"lisi","1211":"nivo","1212":"pise","1213":"petr","1214":" ren","1215":"ilah","1216":" nif","1217":"laog","1218":" jan","1219":"vadi","1220":"anti","1221":"lane","1222":"ikod","1223":" tet","1224":" eto","1225":"sani","1226":"nja ","1227":" ahy","1228":"alav","1229":"avol","1230":"ehit","1231":"otsi","1232":"fila","1233":"tomb","1234":" tap","1235":"mafy","1236":" vel","1237":"apan","1238":"lama","1239":" ry ","1240":"anjo","1241":"miho","1242":"taor","1243":"sira","1244":" niv","1245":"aonn","1246":"site","1247":" hal","1248":"rnem","1249":"saro","1250":"sial","1251":"veri","1252":"anai","1253":" cha","1254":"boky","1255":"sia ","1256":" alo","1257":"rotr","1258":"alem","1259":"ympi","1260":"tsoa","1261":" ola","1262":"jato","1263":"lema","1264":"ndia","1265":"ihar","1266":"telo","1267":"teri","1268":"trik","1269":" km ","1270":"ilao","1271":"hari","1272":"iona","1273":"mank","1274":"aner","1275":" res","1276":" au ","1277":"iben","1278":"anay","1279":"mena","1280":"tia ","1281":"init","1282":"gmt ","1283":" zar","1284":"anaf","1285":"araz","1286":" taf","1287":" nih","1288":"njat","1289":"kavi","1290":" ama","1291":"hiny","1292":"sony","1293":"ily ","1294":"aneh","1295":"aren","1296":"enti","1297":"nita","1298":"fiva","1299":"nohi","1300":"fite","1301":"ialy","1302":" rat","1303":"anap","1304":"roka","1305":"itar","1306":"hate","1307":"neho","1308":"dinn","1309":"loni","1310":"man ","1311":"ama ","1312":"tony","1313":"ntin","1314":"ihev","1315":"rama","1316":"titr","1317":" nor","1318":"amer","1319":"izin","1320":"inis","1321":"mpot","1322":"zila","1323":"aoni","1324":"nang","1325":"famo","1326":" bra","1327":"itre","1328":"hamo","1329":"ditr","1330":"arov","1331":"enko","1332":"feli","1333":"dona","1334":" fin","1335":" hen","1336":"voak","1337":"vaho","1338":"avin","1339":"amel","1340":"ine ","1341":" kan","1342":"anad","1343":"itov","1344":" hor","1345":"agas","1346":"java","1347":"trer","1348":"loka","1349":"rova","1350":"zara","1351":"hian","1352":"mpo ","1353":" eny","1354":"itia","1355":" lis","1356":"kehi","1357":"nkeh","1358":" tel","1359":"idia","1360":"vavo","1361":"rine","1362":"helo","1363":"\u00e0ry ","1364":"aini","1365":"ympa","1366":" \u00e0ry","1367":"lisy","1368":"nkor","1369":" feh","1370":"iste","1371":"inao","1372":"filo","1373":"lenk","1374":"mate","1375":" bil","1376":" ban","1377":"esy ","1378":"land","1379":"tanj","1380":"ard ","1381":"tora","1382":"ezak","1383":"oina","1384":"nkan","1385":"arih","1386":"haiz","1387":"tand","1388":"hant","1389":" not","1390":"ainn","1391":"pari","1392":" kil","1393":" ate","1394":"omen","1395":"nito","1396":"kasa","1397":"ehil","1398":"oro ","1399":" laf","1400":"tsip","1401":"ova ","1402":" hij","1403":"voan","1404":"tiav","1405":"hadi","1406":"nkev","1407":"inet","1408":"anoa","1409":"anen","1410":"bila","1411":"ndin","1412":"drah","1413":"ifid","1414":"ota ","1415":" mid","1416":"tsir","1417":"tseh","1418":"ivoh","1419":"tsim","1420":"piar","1421":"neto","1422":"fatr","1423":"nova","1424":" par","1425":"ista","1426":"and ","1427":"moak","1428":"asam","1429":"meri","1430":"inar","1431":"onda","1432":"vato","1433":"simo","1434":"akaf","1435":"sena","1436":"eno ","1437":"itak","1438":"lika","1439":" per","1440":"rinn","1441":" ent","1442":"ovy ","1443":"arab","1444":"mahe","1445":"imba","1446":" nav","1447":"lani","1448":"hira","1449":" hak","1450":" asi","1451":"naty","1452":"tati","1453":"omas","1454":"ahef","1455":"miva","1456":"pahe","1457":"mias","1458":"tini","1459":"kafo","1460":"solo","1461":"tsah","1462":"razi","1463":"otan","1464":" ros","1465":"atit","1466":"indi","1467":"roma","1468":"adik","1469":" nos","1470":"rary","1471":"raki","1472":"azil","1473":"droa","1474":"fehi","1475":"azoa","1476":"zare","1477":"nkiz","1478":"ninn","1479":"napa","1480":"riha","1481":"reto","1482":"itat","1483":"tano","1484":" nov","1485":"les ","1486":"braz","1487":" laz","1488":"fahi","1489":" sak","1490":"arai","1491":"ikit","1492":"ille","1493":"aret","1494":"akel","1495":"liny","1496":"nohe","1497":"sami","1498":"niha","1499":"nits","1500":"nala","1501":" mor","1502":"rael","1503":"misa","1504":"ehat","1505":"eren","1506":"aika","1507":" sin","1508":"ihin","1509":" hid","1510":"tory","1511":"oza ","1512":"iloh","1513":"nadi","1514":"ivad","1515":"mbo ","1516":"iket","1517":" har","1518":"talo","1519":"oava","1520":"taov","1521":"etse","1522":"dehi","1523":"tafi","1524":"mali","1525":"amy ","1526":"ieza","1527":"tann","1528":"niar","1529":"iver","1530":"anas","1531":"tsap","1532":" lok","1533":"iron","1534":"ono ","1535":"stan","1536":"amak","1537":"loko","1538":"mire","1539":"haro","1540":"baov","1541":"aria","1542":"olis","1543":"yinj","1544":"ajyi","1545":"mbat","1546":"jyin","1547":" mie","1548":"drik","1549":"zoan","1550":"ohar","1551":"jean","1552":"midi","1553":"nisi","1554":"iala","1555":"amai","1556":"ngat","1557":"ilan","1558":"vamp","1559":" vad","1560":"nato","1561":"noar","1562":"amih","1563":"atah","1564":"akat","1565":"fiti","1566":"lal\u00e3","1567":"adih","1568":"fama","1569":"char","1570":"sapa","1571":" ray","1572":"lara","1573":"ever","1574":"mpif","1575":" \u00b0c ","1576":"bert","1577":" aor","1578":"fina","1579":"voat","1580":"ngy ","1581":"sivi","1582":"erik","1583":"ymat","1584":" nas","1585":" kol","1586":"omet","1587":"itad","1588":"itao","1589":"etsa","1590":" nom","1591":"jyma","1592":"kant","1593":"mara","1594":"ton ","1595":"hera","1596":"ehoa","1597":"maiz","1598":" sol","1599":"ilai","1600":"elle","1601":"taho","1602":"tomp","1603":"isin","1604":"metr","1605":"iamp","1606":"kodi","1607":"kilo","1608":"oher","1609":"totr","1610":"idit","1611":"ivoa","1612":" nal","1613":"mato","1614":" com","1615":"ahot","1616":"aizi","1617":"drak","1618":" seh","1619":"mang","1620":"tter","1621":"tsan","1622":"ira ","1623":"kare","1624":"rini","1625":"ivan","1626":"ihaf","1627":"mono","1628":"ambe","1629":"lont","1630":" fon","1631":" jea","1632":"bets","1633":"tori","1634":"vina","1635":"aony","1636":"paka","1637":"lle ","1638":"oroh","1639":" sen","1640":"idik","1641":"rivo","1642":" adi","1643":"bony","1644":"hito","1645":" dra","1646":"hame","1647":"amet","1648":" hif","1649":" zon","1650":"hoat","1651":"hare","1652":"ingy","1653":"itte","1654":"lavo","1655":"anim","1656":" maz","1657":"dres","1658":" jio","1659":"rint","1660":"atet","1661":"feno","1662":"hije","1663":"afit","1664":"ranc","1665":"aten","1666":"tovy","1667":"nent","1668":"sion","1669":"ahia","1670":"heve","1671":"nasi","1672":"faly","1673":" fen","1674":"tapa","1675":"etin","1676":"onao","1677":"anje","1678":"vann","1679":"nist","1680":" ava","1681":"reha","1682":"jana","1683":"name","1684":"iova","1685":" sal","1686":"mati","1687":"rosi","1688":"mora","1689":"iaka","1690":"kizy","1691":"witt","1692":"diha","1693":"twit","1694":"itom","1695":"mby ","1696":" rai","1697":"ilom","1698":" am ","1699":"ogy ","1700":" pao","1701":"elik","1702":"nola","1703":"batr","1704":"oetr","1705":" hir","1706":"ahad","1707":"toro","1708":"atok","1709":"angl","1710":"olot","1711":" san","1712":"tona","1713":"naza","1714":" te ","1715":"aoly","1716":"ndef","1717":"ilam","1718":"zona","1719":"stra","1720":"avoa","1721":"ansa","1722":"tso ","1723":"oaha","1724":" dan","1725":"aogy","1726":" ora","1727":"anio","1728":"ahir","1729":"inas","1730":"nite","1731":"imo ","1732":" van","1733":"apa ","1734":" men","1735":" nik","1736":"vohi","1737":"nes ","1738":"mart","1739":"fino","1740":" dis","1741":"diny","1742":"sant","1743":"lome","1744":"nako","1745":" nir","1746":"fiha","1747":"kolo","1748":"arar","1749":"mpiv","1750":"hisy","1751":" aha","1752":"hake","1753":"ital","1754":"izar","1755":" alb","1756":"mbao","1757":"mbad","1758":"ndah","1759":" dre","1760":" loa","1761":"ivor","1762":"oeta","1763":"elok","1764":"atio","1765":"zinn","1766":"find","1767":"kian","1768":"ovam","1769":"afid","1770":"piva","1771":"like","1772":"eta ","1773":"trat","1774":"avel","1775":"omar","1776":"al\u00e0n","1777":"apit","1778":"loat","1779":" twi","1780":"akit","1781":"rapo","1782":" bet","1783":"sosi","1784":"comm","1785":"firo","1786":"nifa","1787":"vant","1788":"arap","1789":" bas","1790":"kina","1791":"vaki","1792":"eras","1793":"isra","1794":"velo","1795":"sang","1796":"nam ","1797":"lamb","1798":"otot","1799":" sah","1800":"koly","1801":"samy","1802":"apak","1803":"piha","1804":"rase","1805":"enar","1806":"risi","1807":"pitr","1808":"nain","1809":"fidy","1810":" ame","1811":"sty ","1812":" ako","1813":"bank","1814":"shin","1815":"mihe","1816":" hoa","1817":"amil","1818":"nane","1819":"alai","1820":" afr","1821":" ady","1822":"irin","1823":"vono","1824":" fiz","1825":"srae","1826":"mboa","1827":"tris","1828":" haz","1829":"hale","1830":" car","1831":"afri","1832":"ong ","1833":"aser","1834":" kev","1835":"anaz","1836":"son ","1837":"asal","1838":"adra","1839":"ram ","1840":" jap","1841":"rava","1842":"fank","1843":"iret","1844":"itah","1845":"navo","1846":"face","1847":"elar","1848":"otso","1849":"lami","1850":"isty","1851":"abo ","1852":"ostr","1853":" shi","1854":" fac","1855":" isr","1856":" kal","1857":"diso","1858":"monj","1859":" ali","1860":"ieri","1861":"akor","1862":"ifam","1863":"book","1864":" la ","1865":"reti","1866":"avor","1867":"anky","1868":"iamb","1869":"hiar","1870":" bar","1871":" po ","1872":"davi","1873":"tro ","1874":" hiv","1875":" dav","1876":"setr","1877":"nky ","1878":" ser","1879":"san ","1880":"poan","1881":"anav","1882":"fira","1883":"soin","1884":"itam","1885":"odon","1886":"bori","1887":"sta ","1888":"paol","1889":"tahi","1890":"ofo ","1891":" end","1892":"mbah","1893":" med","1894":" ato","1895":" hih","1896":"fisa","1897":"apah","1898":"risa","1899":" sos","1900":" jos","1901":" tso","1902":"tady","1903":"egre","1904":"eboo","1905":"aceb","1906":"cebo","1907":" fij","1908":"trah","1909":"tsoi","1910":" nol","1911":" afo","1912":" vak","1913":"ian ","1914":"jona","1915":"omez","1916":"baho","1917":"ariv","1918":" apo","1919":" pah","1920":"vali","1921":"havi","1922":"ing ","1923":"ront","1924":"ire ","1925":"rali","1926":"esah","1927":"meza","1928":"njon","1929":"zia ","1930":" dal","1931":"tend","1932":"reri","1933":"reta","1934":"gre ","1935":"oto ","1936":"atak","1937":"aino","1938":"robe","1939":"defa","1940":"sanj","1941":"han ","1942":"tsot","1943":"pifa","1944":"frik","1945":"ert ","1946":"toky","1947":" ori","1948":"itai","1949":"ier ","1950":"zika","1951":"sahi","1952":" mic","1953":"piri","1954":"hido","1955":"mada","1956":"dira","1957":" bol","1958":"tesa","1959":"ambi","1960":"gata","1961":"loza","1962":"aira","1963":"nce ","1964":"bena","1965":"kodo","1966":"tral","1967":"drom","1968":"dodi","1969":"laka","1970":" vid","1971":" tak","1972":"idod","1973":" gra","1974":" an\u00f4","1975":"mont","1976":"albe","1977":"goni","1978":"an\u00f4m","1979":"tion","1980":" var","1981":"hotr","1982":"vora","1983":"n\u00f4ma","1984":"oala","1985":"erre","1986":" new","1987":"orar","1988":"mpoa","1989":"esan","1990":"amen","1991":"trok","1992":"arip","1993":"oara","1994":"\u00f4mal","1995":"vori","1996":"idir","1997":"tapi","1998":"degr","1999":"nava","2000":"nkat","2001":"inio","2002":"fifi","2003":"atoa","2004":"mits","2005":"isai","2006":" deg","2007":"arob","2008":"resy","2009":" esp","2010":" siv","2011":"mite","2012":"roso","2013":"tan ","2014":"kets","2015":"arle","2016":"medi","2017":"ngam","2018":"peri","2019":"njan","2020":"ahel","2021":"nnes","2022":"isak","2023":"ook ","2024":"atre","2025":"aboa","2026":"ihoa","2027":"nota","2028":"anov","2029":"sidi","2030":"itso","2031":"hank","2032":"sabo","2033":"nafi","2034":"fami","2035":" ber","2036":"iria","2037":" nof","2038":" ain","2039":"voho","2040":"tsab","2041":" kor","2042":"l\u00e0na","2043":" jav","2044":"obe ","2045":" fal","2046":"ody ","2047":" bor","2048":"gasi","2049":"amal","2050":"siar","2051":"anab","2052":"mich","2053":" joh","2054":"hafi","2055":"avab","2056":"anal","2057":"naik","2058":" fio","2059":"lotr","2060":"voni","2061":" pet","2062":"tonn","2063":"avid","2064":"doha","2065":"atro","2066":"hifa","2067":"espa","2068":"nanj","2069":"ntse","2070":"mama","2071":"amas","2072":" fat","2073":"adag","2074":"ehy ","2075":"anet","2076":"daga","2077":"olaz","2078":"ijan","2079":"efit","2080":"lal\u00e0","2081":" afe","2082":"edia","2083":"nty ","2084":"kato","2085":"fahe","2086":"varo","2087":"faho","2088":"tono","2089":"erif","2090":"mpin","2091":"mamo","2092":"eter","2093":" of ","2094":"mmun","2095":"aost","2096":"mino","2097":"mpid","2098":"amo ","2099":"oivo","2100":"voar","2101":"ommu","2102":" aos","2103":"lon ","2104":"vill","2105":" dik","2106":"soro","2107":"inay","2108":" hau","2109":"ain ","2110":"bia ","2111":"vany","2112":"ates","2113":"mboh","2114":" pen","2115":"dram","2116":" did","2117":"maky","2118":"eken","2119":"afik","2120":" hel","2121":"mahi","2122":"oire","2123":" bib","2124":"karo","2125":"haut","2126":"orak","2127":"neso","2128":"ikat","2129":" sis","2130":"fann","2131":"tadi","2132":"zann","2133":"apon","2134":"olik","2135":"azak","2136":"ipan","2137":"tate","2138":"maza","2139":"aval","2140":" por","2141":"lamo","2142":"sipi","2143":"zina","2144":"toni","2145":" sek","2146":" pau","2147":"honn","2148":"ohon","2149":"rako","2150":"boan","2151":"mame","2152":"aont","2153":"vady","2154":"rabo","2155":" nie","2156":"haso","2157":"ialo","2158":" the","2159":"pidi","2160":"nan ","2161":"lefa","2162":"daho","2163":"kory","2164":"inih","2165":"zaza","2166":" dah","2167":"seko","2168":"abol","2169":"rise","2170":"ongo","2171":"paul","2172":"iako","2173":"ohin","2174":"ance","2175":"jpl ","2176":"ifel","2177":"ion ","2178":"nkas","2179":"ekol","2180":" jpl","2181":"rife","2182":"onol","2183":" rom","2184":"stri","2185":"alag","2186":"akia","2187":"rara","2188":"abe ","2189":"ndon","2190":"para","2191":"inte","2192":"ijal","2193":"afel","2194":"lafi","2195":"the ","2196":"aisi","2197":"mela","2198":"anko","2199":"tafa","2200":"tain","2201":"lova","2202":"badi","2203":"ar\u00e3 ","2204":"olay","2205":"atas","2206":"loan","2207":" fo ","2208":"aiko","2209":"lita","2210":"pira","2211":"drat","2212":"aniv","2213":"ment","2214":"dio ","2215":"lahe","2216":"loir","2217":"pier","2218":"rao ","2219":"niva","2220":"gamb","2221":"amaf","2222":"enne","2223":"radr","2224":"impo","2225":"ntoe","2226":"harl","2227":"ason","2228":"laga","2229":"erna","2230":"est ","2231":"fate","2232":"voaf","2233":"iosy","2234":"miko","2235":"oloa","2236":"desa","2237":" din","2238":"ierr","2239":"tala","2240":"pite","2241":"aoka","2242":"hahi","2243":"isio","2244":" soa","2245":" hil","2246":" bat","2247":"ramb","2248":" mos","2249":" pia","2250":"rari","2251":"gran","2252":" loz","2253":"ngli","2254":" jol","2255":"mpar","2256":"mira","2257":"noa ","2258":" mio","2259":"manj","2260":" dem","2261":"min ","2262":"ombi","2263":"nive","2264":"alo ","2265":"dros","2266":"dreh","2267":"lant","2268":" wil","2269":"esam","2270":"pang","2271":"vamb","2272":"soiv","2273":"tsid","2274":"at\u1ef3 ","2275":"iank","2276":"post","2277":"zatr","2278":"obra","2279":" nen","2280":"isar","2281":"hisa","2282":"asoi","2283":"holo","2284":" hav","2285":"ois ","2286":"ivar","2287":"dido","2288":"ibor","2289":"sipa","2290":"res ","2291":"roha","2292":"ihad","2293":" lou","2294":"ais ","2295":" era","2296":"new ","2297":" pit","2298":"okra","2299":"gasy","2300":"boki","2301":"ahor","2302":"ues ","2303":"lena","2304":"ipet","2305":"oniz","2306":"loma","2307":"vabo","2308":"into","2309":"akiz","2310":"aely","2311":"otsa","2312":" sep","2313":"rair","2314":"asia","2315":"istr","2316":"adio","2317":"aine","2318":"iady","2319":"glis","2320":" okt","2321":"ofis","2322":"miez","2323":"ofan","2324":" ofi","2325":"vidy","2326":"ivo ","2327":"eris","2328":"fame","2329":"mial","2330":"ers ","2331":" pro","2332":" ken","2333":"bidy","2334":"rahi","2335":" rob","2336":"okto","2337":"stol","2338":" are","2339":"jola","2340":"roni","2341":" zaz","2342":"edo ","2343":"pony","2344":" faj","2345":"ktob","2346":"evin","2347":"tsiv","2348":"osto","2349":"iset","2350":"kiza","2351":"song","2352":"otro","2353":"sept","2354":"okin","2355":"tamp","2356":"tobr","2357":"njo ","2358":"amik","2359":"ron ","2360":"inah","2361":"gaga","2362":"faji","2363":"iby ","2364":"ajir","2365":"emen","2366":"dana","2367":"melo","2368":"dref","2369":"jiry","2370":"poro","2371":" mij","2372":"emai","2373":"ndik","2374":"rre ","2375":"enas","2376":"aind","2377":"sava","2378":"ada ","2379":"tin ","2380":"nira","2381":"epta","2382":"iser","2383":"sand","2384":"eret","2385":"onir","2386":"loui","2387":"kila","2388":"isor","2389":"efy ","2390":"oma ","2391":" goa","2392":"ouis","2393":"ahol","2394":"ikin","2395":"ata ","2396":"nne ","2397":"illi","2398":"ripi","2399":"ques","2400":"inia","2401":"dist","2402":"mbor","2403":"mbe ","2404":"isah","2405":" tol","2406":"oren","2407":" \u00e3 ","2408":" raf","2409":"adal","2410":"mbia","2411":"oham","2412":"ork ","2413":"nkar","2414":"nats","2415":"mbin","2416":"ndoh","2417":"pain","2418":"boar","2419":"nony","2420":"noso","2421":"ptam","2422":"hena","2423":"indo","2424":"onte","2425":"treh","2426":"hary","2427":"isoa","2428":"impi","2429":"orof","2430":"mata","2431":"adis","2432":"ahom","2433":"many","2434":" yor","2435":"nimp","2436":"rofo","2437":"ifin","2438":"donn","2439":"nto ","2440":"aonj","2441":"kali","2442":"hini","2443":"lanj","2444":" a ","2445":"rota","2446":"didy","2447":" pla","2448":"efra","2449":"pama","2450":"pami","2451":"ivit","2452":"onen","2453":"mier","2454":"bedo","2455":"iso ","2456":"idon","2457":"roar","2458":"gera","2459":"ovoa","2460":"hinn","2461":"bole","2462":"arim","2463":"voas","2464":"aseh","2465":"alak","2466":"evol","2467":" eri","2468":"ribo","2469":"iman","2470":"japa","2471":"ifor","2472":"habe","2473":"ham ","2474":"voah","2475":"nore","2476":"apos","2477":"rato","2478":"olen","2479":"rily","2480":" feb","2481":"tasy","2482":"kafa","2483":"irak","2484":"linn","2485":"itok","2486":"faty","2487":" gri","2488":"ight","2489":"rere","2490":"sata","2491":"lats","2492":"omby","2493":"sist","2494":"jios","2495":"valo","2496":"mint","2497":"rles","2498":"ema ","2499":"cent","2500":"uis ","2501":" bla","2502":"york","2503":"ntao","2504":"pona","2505":"viny","2506":"ebro","2507":"homb","2508":"afov","2509":"ales","2510":"anie","2511":"amia","2512":"inka","2513":"alon","2514":"ange","2515":"ihai","2516":" voi","2517":"iadi","2518":" pas","2519":"tiny","2520":"broa","2521":"hane","2522":"atik","2523":"lbed","2524":"ipia","2525":"pani","2526":" hon","2527":"nda ","2528":"refa","2529":"aeli","2530":" heb","2531":"fovo","2532":"john","2533":"bani","2534":" ver","2535":"boni","2536":"nofo","2537":" pie","2538":"ivil","2539":"eram","2540":"goav","2541":"trai","2542":" jac","2543":"triz","2544":" mak","2545":"ogos","2546":" som","2547":"atis","2548":"ohev","2549":"njav","2550":"ozan","2551":"osor","2552":" lat","2553":"jose","2554":"inda","2555":"gosi","2556":"niry","2557":"alif","2558":"riza","2559":"biby","2560":"robi","2561":"beny","2562":" aog","2563":"nond","2564":" moa","2565":"hamb","2566":" kon","2567":"ompa","2568":"febr","2569":" fid","2570":"eria","2571":"asis","2572":" hot","2573":"zant","2574":"trap","2575":"arao","2576":"aogo","2577":"ronn","2578":"neke","2579":"isot","2580":"arts","2581":"eorg","2582":"hami","2583":"nafo","2584":"aga ","2585":"ilip","2586":"amat","2587":"doza","2588":"dera","2589":"rasa","2590":"avai","2591":"tior","2592":"avad","2593":" kat","2594":" ada","2595":"apri","2596":"hang","2597":"lan ","2598":"hika","2599":"bory","2600":"joro","2601":"orib","2602":"oba ","2603":"sylv","2604":"polo","2605":"fang","2606":"bots","2607":"lin ","2608":"miai","2609":"rio ","2610":"robo","2611":"nind","2612":"pete","2613":" bir","2614":"isma","2615":"kane","2616":" pon","2617":"niai","2618":"osoa","2619":"nde ","2620":" sao","2621":"rtsa","2622":"tat\u1ef3","2623":"anaj","2624":"ise ","2625":"spai","2626":"ent ","2627":"arok","2628":"irah","2629":"will","2630":"sing","2631":"penn","2632":"pril","2633":"ari ","2634":"nimb","2635":"ney ","2636":"arom","2637":"lahi","2638":" gre","2639":"erah","2640":"eniv","2641":"geor","2642":"onal","2643":"aotr","2644":"ette","2645":"niko","2646":"oter","2647":" apr","2648":"lafo","2649":"adid","2650":"atol","2651":"kinn","2652":"van ","2653":"oant","2654":"rosa","2655":"kalo","2656":"ajan","2657":"ober","2658":"piso","2659":"ejip","2660":"tohi","2661":"oate","2662":"toly","2663":"pino","2664":"righ","2665":"onoa","2666":" bou","2667":"ces ","2668":" nar","2669":" eji","2670":"dal\u00e3","2671":"zonn","2672":" iny","2673":"lvan","2674":"njel","2675":"demo","2676":"meni","2677":" geo","2678":"refy","2679":"aron","2680":"moka","2681":" lib","2682":"onil","2683":"orit","2684":"stin","2685":"naki","2686":"akin","2687":" pra","2688":"kand","2689":"zani","2690":"ean ","2691":" niz","2692":"ylva","2693":" pay","2694":"rman","2695":"ibem","2696":"areh","2697":"alef","2698":" ari","2699":"moa ","2700":"kena","2701":"kari","2702":"repo","2703":" ano","2704":"ebre","2705":"oger","2706":"hend","2707":"mpie","2708":"ianj","2709":" feo","2710":" rep","2711":"atel","2712":"ikol","2713":"njer","2714":"ytal","2715":"vily","2716":"ndam","2717":"nsyl","2718":"ohn ","2719":"entr","2720":"ehez","2721":"dre ","2722":"enns","2723":"henr","2724":"nnsy","2725":"fizi","2726":"kava","2727":"lonn","2728":"ator","2729":"rie ","2730":" jon","2731":"mose","2732":"iatr","2733":"illa","2734":" nip","2735":"aki ","2736":"humb","2737":" hod","2738":"afar","2739":"vama","2740":"lomp","2741":"roho","2742":"orad","2743":"angi","2744":"aris","2745":"in\u00e3 ","2746":"ians","2747":"fije","2748":"zaho","2749":"haga","2750":"orge","2751":"thum","2752":"avok","2753":"radi","2754":"nave","2755":"itoh","2756":"koat","2757":"ndav","2758":"pisa","2759":"taly","2760":"mpol","2761":" tim","2762":" sha","2763":" pre","2764":"pone","2765":"naja","2766":"vida","2767":"toe ","2768":" dim","2769":" mey","2770":" riv","2771":"romb","2772":" iai","2773":"mitr","2774":" nde","2775":" sit","2776":" fep","2777":"apet","2778":" con","2779":" fak","2780":"rery","2781":"amah","2782":"ovia","2783":"adro","2784":"azar","2785":"ang ","2786":"hali","2787":"cque","2788":"hebr","2789":"ays ","2790":"aver","2791":"rima","2792":" sim","2793":"azat","2794":"noni","2795":"gadi","2796":"draf","2797":"njy ","2798":"hota","2799":"orni","2800":"azia","2801":"mes ","2802":"kia ","2803":"lini","2804":"oan ","2805":"raho","2806":"oice","2807":"irer","2808":" bal","2809":"vahi","2810":"pays","2811":"bohi","2812":"nale","2813":" est","2814":"haky","2815":"ihao","2816":"asar","2817":" ita","2818":"aben","2819":"saky","2820":"koli","2821":"okot","2822":" lam","2823":"hoso","2824":" tob","2825":" bre","2826":" ave","2827":"hady","2828":" jam","2829":"amit","2830":"que ","2831":"ngad","2832":"esta","2833":"ioka","2834":"say ","2835":"voic","2836":"efat","2837":"breo","2838":"agag","2839":"nabe","2840":" deh","2841":"onjy","2842":"ices","2843":"sale","2844":"haon","2845":" fet","2846":"rich","2847":"jaon","2848":"oamp","2849":"beaz","2850":"nafa","2851":"erim","2852":"kanj","2853":" nio","2854":"sint","2855":"mey ","2856":"ipik","2857":"lamp","2858":"amis","2859":"hiha","2860":" efi","2861":"aleo","2862":"aleh","2863":" glo","2864":" rar","2865":"adan","2866":"bebe","2867":"tali","2868":"tsit","2869":"bati","2870":"ebe ","2871":"rnia","2872":"elez","2873":" px|","2874":"forn","2875":"ahag","2876":"ique","2877":"dava","2878":"bour","2879":"toha","2880":"bira","2881":"irao","2882":"ito ","2883":"apol","2884":" jao","2885":" sil","2886":"devo","2887":"mend","2888":"avao","2889":"ska ","2890":"ohor","2891":" kam","2892":"lifo","2893":"ifal","2894":"vata","2895":"elit","2896":"zono","2897":" ome","2898":"kans","2899":"tsay","2900":"iris","2901":"iche","2902":"yria","2903":"sesy","2904":"rond","2905":"ihat","2906":"eaza","2907":"isao","2908":"ehon","2909":"etsy","2910":"aja ","2911":" beb","2912":"hora","2913":"ifeh","2914":"leza","2915":"acqu","2916":"ste ","2917":"kini","2918":"iavi","2919":"haki","2920":" bel","2921":"nihi","2922":"loba","2923":"chel","2924":"fiza","2925":"alex","2926":"vidi","2927":"ngav","2928":"foko","2929":" fok","2930":"sota","2931":"\u00e8re ","2932":"syri","2933":"riti","2934":"llia","2935":"jary","2936":"mpak","2937":"kio ","2938":"blik","2939":"anek","2940":"loji","2941":"nono","2942":"taki","2943":"inne","2944":"mpio","2945":"arti","2946":"ring","2947":"izik","2948":"hio ","2949":"defr","2950":"safi","2951":"orop","2952":"piai","2953":" rin","2954":"noin","2955":"nkaf","2956":"obli","2957":"tele","2958":"epob","2959":"grik","2960":" aok","2961":" eor","2962":"ley ","2963":"epet","2964":"tako","2965":"alat","2966":"pobl","2967":"okar","2968":"siki","2969":"kera","2970":"ari\u00e3","2971":"nkoa","2972":"aska","2973":"adre","2974":" can","2975":"oloj","2976":"zamb","2977":"long","2978":"akot","2979":"jeri","2980":"i\u00e3\u00b4 ","2981":"esot","2982":"eham","2983":"dimy","2984":"glob","2985":"imy ","2986":"maim","2987":"nino","2988":" nou","2989":"nori","2990":"mpij","2991":"jian","2992":"gan ","2993":"iahi","2994":"arka","2995":"nkah","2996":" toh","2997":"ane ","2998":"votr","2999":"jipt","3000":"ouve","3001":"ivy ","3002":"noro","3003":"aroh","3004":"vami","3005":" mip","3006":"liam","3007":"gadr","3008":"ngal","3009":"jacq","3010":"ri\u00e3\u00b4","3011":"akio","3012":"bal ","3013":"eoro","3014":"amok","3015":"blao","3016":"ahen","3017":"ndy ","3018":"plan","3019":"eana","3020":" cla","3021":"|thu","3022":"jali","3023":" fol","3024":"sona","3025":"vera","3026":"finn","3027":"tovo","3028":"abea","3029":"umb|","3030":"voko","3031":"kaha","3032":"mafa","3033":" nij","3034":"aude","3035":"marc","3036":"tery","3037":"bady","3038":" tad","3039":"kaon","3040":" loi","3041":"miso","3042":"ntim","3043":"obal","3044":"fepe","3045":"afih","3046":"jotr","3047":" dok","3048":" fer","3049":"oso ","3050":"ran\u00e7","3051":"sma ","3052":"chri","3053":" vy ","3054":"ezia","3055":"amim","3056":"iker","3057":"folo","3058":"sas ","3059":"latr","3060":"iora","3061":"vain","3062":"ajot","3063":"hino","3064":"pta ","3065":"romp","3066":"tene","3067":"ihen","3068":"tekn","3069":"fasa","3070":"bolo","3071":"mind","3072":"empa","3073":" saf","3074":" moz","3075":"otsy","3076":"trao","3077":"nsa ","3078":" ohi","3079":"ntoh","3080":"poka","3081":"hiri","3082":"vell","3083":"ohio","3084":"rapi","3085":"baro","3086":"iro ","3087":"oroa","3088":"kao ","3089":"bajo","3090":"mbaj","3091":"kela","3092":"tsas","3093":"bemp","3094":"kira","3095":" chr","3096":"mann","3097":"tser","3098":"fial","3099":" bab","3100":"boro","3101":"sisa","3102":"abra","3103":"tisa","3104":" ric","3105":"bora","3106":"avot","3107":"gne ","3108":"arav","3109":" syr","3110":" bot","3111":"hris","3112":"ersi","3113":" tex","3114":"voro","3115":"sind","3116":"mia ","3117":"ler ","3118":" bri","3119":"oank","3120":" tai","3121":" pal","3122":" sta","3123":"okal","3124":"pala","3125":"rono","3126":"pifi","3127":"ngin","3128":"iam ","3129":"vers","3130":"lali","3131":"inti","3132":"odia","3133":"dami","3134":"nias","3135":"odit","3136":" kaf","3137":"rapa","3138":"jely","3139":" lio","3140":"ude ","3141":"hori","3142":"doko","3143":"mben","3144":"rohe","3145":" bit","3146":" sav","3147":" net","3148":" eza","3149":"piad","3150":"ntos","3151":"unes","3152":"sank","3153":" gen","3154":"hong","3155":" tro","3156":"dalo","3157":" les","3158":"aoge","3159":"hili","3160":"der ","3161":"lony","3162":"niel","3163":"edra","3164":"iele","3165":"sin ","3166":"xas ","3167":"toki","3168":"heza","3169":"iola","3170":"anid","3171":"\u00e7ois","3172":"an\u00e7o","3173":"nti ","3174":"exas","3175":" vor","3176":"odra","3177":"ekar","3178":"texa","3179":"rasi","3180":"elom","3181":" nak","3182":"jero","3183":"fali","3184":"fehy","3185":" b ","3186":"asio","3187":"bits","3188":"niri","3189":"jion","3190":"ahon","3191":" nod","3192":"piho","3193":"ite ","3194":"nard","3195":"vale","3196":"soni","3197":"port","3198":"n\u00e7oi","3199":" teh","3200":"nifi","3201":"px|t","3202":" art","3203":"tern","3204":"oeka","3205":"time","3206":"naba","3207":"phil","3208":"eral","3209":" foi","3210":"aul ","3211":"ali ","3212":"nami","3213":"toek","3214":" abr","3215":"kong","3216":"ari\u00f4","3217":"enja","3218":" ase","3219":" sch","3220":"elat","3221":"it\u00e3 ","3222":"emar","3223":"eros","3224":"imai","3225":"pihe","3226":"kisa","3227":"idim","3228":"x|th","3229":"ntia","3230":"utsd","3231":"otry","3232":"rne ","3233":"toam","3234":"maka","3235":"uvel","3236":"nouv","3237":"auts","3238":"piel","3239":"ri\u00f4 ","3240":" rev","3241":"tsde","3242":"nial","3243":" bah","3244":"nsas","3245":"ihaz","3246":"miad","3247":"naut","3248":"temp","3249":"ges ","3250":"ente","3251":" voh","3252":" du ","3253":"oty ","3254":"bang","3255":"eva ","3256":"empo","3257":"esor","3258":"draz","3259":"aqui","3260":"che ","3261":" mek","3262":"ipar","3263":"abav","3264":"cher","3265":"ahao","3266":"mili","3267":"nd\u00e3 ","3268":"osot","3269":" col","3270":"ojia","3271":"home","3272":"fehe","3273":"sdef","3274":"kend","3275":"ris ","3276":"jako","3277":"aitr","3278":"tovi","3279":"ison","3280":"aba ","3281":" vie","3282":"her ","3283":"obid","3284":"tosa","3285":" hom","3286":"misi","3287":"iva ","3288":"homa","3289":"aola","3290":"kaza","3291":"ihy ","3292":"muna","3293":"niho","3294":"alis","3295":"este","3296":"hona","3297":" abi","3298":"tohy","3299":"riko","3300":"bern","3301":" che","3302":"tist","3303":"unau","3304":"esti","3305":"ahab","3306":"ding","3307":"dino","3308":"|rig","3309":"gara","3310":"tsos","3311":" sa ","3312":" vin","3313":"ut\u00e9 ","3314":"finy","3315":"akis","3316":" had","3317":"tric","3318":" ger","3319":"asak","3320":" gui","3321":"alas","3322":"icha","3323":" eur","3324":" eli","3325":"nin ","3326":"quit","3327":"isav","3328":"fiam","3329":"enim","3330":"cons","3331":" pot","3332":"kist","3333":"ravi","3334":"adam","3335":"mbot","3336":" nid","3337":"andy","3338":"ades","3339":"dris","3340":"dihe","3341":"ndos","3342":"male","3343":"osal","3344":"oses","3345":"aila","3346":"vona","3347":"onne","3348":"aut\u00e9","3349":"liko","3350":"all ","3351":"niez","3352":" ast","3353":"hoav","3354":"ndid","3355":"rent","3356":"kota","3357":"akas","3358":"kat\u00f2","3359":"rati","3360":" ifa","3361":"fony","3362":"bont","3363":"toli","3364":"ilia","3365":"rese","3366":"drav","3367":"tare","3368":" tse","3369":" tem","3370":"nike","3371":"aste","3372":"gina","3373":" tek","3374":" hik","3375":"seph","3376":"osep","3377":"tifi","3378":" pat","3379":"raky","3380":"ashi","3381":" sir","3382":" tho","3383":"rehi","3384":"\u00e0nan","3385":"rots","3386":"imon","3387":"kipa","3388":"abat","3389":"diav","3390":"tte ","3391":"ndev","3392":"hidi","3393":" e ","3394":"at\u00f2 ","3395":"esen","3396":"zoto","3397":"anne","3398":"atez","3399":"net ","3400":"sino","3401":"neta","3402":"ntit","3403":"foro","3404":"ikil","3405":"brah","3406":"lest","3407":"fiov","3408":"haol","3409":"tal ","3410":"fonj","3411":"hiah","3412":" hie","3413":"oton","3414":"mpok","3415":"enir","3416":"osai","3417":" hol","3418":"sisi","3419":" phi","3420":"ents","3421":"rema","3422":"teto","3423":"raim","3424":" hos","3425":"eksi","3426":"nada","3427":"des ","3428":"ksik","3429":"rimi","3430":"and\u00e3","3431":"bina","3432":"ipta","3433":"ien ","3434":"uill","3435":"mune","3436":"ger ","3437":"naso","3438":"soav","3439":"aute","3440":"meks","3441":"mona","3442":"isol","3443":"voli","3444":"uita","3445":" ram","3446":"fili","3447":"ann ","3448":"esh ","3449":"lond","3450":"nosa","3451":"fiad","3452":"hite","3453":"riva","3454":"ovon","3455":"very","3456":"zont","3457":"lati","3458":"val ","3459":"nohy","3460":"anch","3461":" rav","3462":" kin","3463":"novo","3464":"nka ","3465":"miss","3466":"tsen","3467":"atem","3468":"basi","3469":"anot","3470":"mivo","3471":"akao","3472":"ivot","3473":" ste","3474":"laud","3475":" \u200b ","3476":"iel ","3477":"omon","3478":"llea","3479":"fihi","3480":"nihe","3481":"rank","3482":"akev","3483":"keri","3484":"drar","3485":"kaji","3486":"akal","3487":"nal ","3488":"nort","3489":"tave","3490":"isco","3491":"ikor","3492":"iaik","3493":"aiva","3494":"tio ","3495":"yna ","3496":"xand","3497":"taiz","3498":"day ","3499":"ourg","3500":"atia","3501":"hive","3502":"apok","3503":" fie","3504":"raba","3505":"kats","3506":"dada","3507":"i\u00e8re","3508":"las ","3509":"siri","3510":"taky","3511":"bato","3512":"kori","3513":"anes","3514":"onar","3515":"enri","3516":"abet","3517":"avav","3518":"desh","3519":"nosy","3520":"anos","3521":"ght|","3522":" bon","3523":"bona","3524":"illo","3525":" jod","3526":"drem","3527":"iada","3528":"mpal","3529":"nise","3530":"clau","3531":"revo","3532":"min\u00e3","3533":"mar ","3534":"lexa","3535":" rak","3536":"kapo","3537":"kan ","3538":"onay","3539":"n\u00e9es","3540":"inty","3541":"iano","3542":"assa","3543":"lber","3544":" sou","3545":"ames","3546":"exan","3547":"moah","3548":" dar","3549":"azot","3550":"nie ","3551":"owa ","3552":" nic","3553":"hial","3554":"oibe","3555":"foib","3556":"pyr\u00e9","3557":"oise","3558":"yr\u00e9n","3559":"ivez","3560":" mod","3561":" has","3562":"r\u00e9n\u00e9","3563":"olav","3564":"atal","3565":"havo","3566":"bata","3567":"paki","3568":"iomp","3569":"\u00e9n\u00e9e","3570":"ich ","3571":"zera","3572":"iowa","3573":"ifot","3574":"irot","3575":"aia ","3576":" sia","3577":"nend","3578":" gal","3579":"imin","3580":"eaqu","3581":"ons ","3582":"ingt","3583":"ozik","3584":"alpe","3585":" chi","3586":"oten","3587":"ont ","3588":"arie","3589":"afon","3590":"berg","3591":"efas","3592":"lpes","3593":" eva","3594":"fiom","3595":"leaq","3596":" nap","3597":" iow","3598":"ihor","3599":"ice ","3600":"ord ","3601":"test","3602":"nety","3603":"imbe","3604":"iho ","3605":"apo ","3606":"imas","3607":" vir","3608":"nche","3609":" aiz","3610":"esia","3611":"gton","3612":"ngto","3613":" kom","3614":" oni","3615":" jak","3616":"cour","3617":"zian","3618":" for","3619":"ichi","3620":"kety","3621":"hiza","3622":"list","3623":"mozi","3624":" dor","3625":"orth","3626":"hel ","3627":"rge ","3628":" cen","3629":"amot","3630":"oasa","3631":"nate","3632":"isla","3633":" ii ","3634":"ctor","3635":"lles","3636":"igne","3637":" al ","3638":"tras","3639":" bev","3640":"nkab","3641":"sinn","3642":"eph ","3643":" tav","3644":" cam","3645":"timo","3646":"mami","3647":"tiak","3648":"nosi","3649":"ofin","3650":"ider","3651":"mifo","3652":"nape","3653":"alok","3654":"rdin","3655":"mas ","3656":"vala","3657":"ale ","3658":"viet","3659":"vaoz","3660":"netr","3661":"mark","3662":"saik","3663":"rth ","3664":" tri","3665":"ht|m","3666":"sila","3667":"kizi","3668":" gar","3669":"greg","3670":"aoza","3671":"nenj","3672":"iref","3673":"amam","3674":"tehi","3675":" you","3676":"voam","3677":"imir","3678":" dak","3679":"iram","3680":"nifo","3681":" vic","3682":"nico","3683":"anji","3684":" naf","3685":"abid","3686":"ndoa","3687":"apor","3688":"eau ","3689":" may","3690":"ngar","3691":"iari","3692":"pija","3693":" in ","3694":"vonj","3695":"hire","3696":"onsi","3697":" nin","3698":"b|ri","3699":"|mar","3700":"dany","3701":"orne","3702":"ica ","3703":"note","3704":"ppe ","3705":"zank","3706":"t|ma","3707":"toma","3708":" le ","3709":"arth","3710":"arne","3711":"asor","3712":"raot","3713":" azi","3714":"mb|r","3715":"rtin","3716":" ond","3717":"gava","3718":"nint","3719":"enes","3720":"ngot","3721":"maik","3722":"famb","3723":"afod","3724":"oato","3725":"oaho","3726":"ell ","3727":"pale","3728":"baik","3729":"rate","3730":"higa","3731":"poly","3732":"omer","3733":"aomb","3734":"oapo","3735":"carl","3736":"nker","3737":"kote","3738":"enai","3739":"nezi","3740":"ivid","3741":"ify ","3742":" neb","3743":"ione","3744":"pany","3745":"imih","3746":"ienn","3747":"iham","3748":"ouss","3749":" pin","3750":"auve","3751":"sazy","3752":"kivy","3753":"lisa","3754":" ker","3755":"afal","3756":" tov","3757":"nots","3758":"via ","3759":"olam","3760":"vadr","3761":"dama","3762":"nais","3763":"isir","3764":" foh","3765":"ngah","3766":"tezi","3767":"otor","3768":"line","3769":"saia","3770":"zand","3771":"pes ","3772":" pak","3773":"isso","3774":"igan","3775":"piny","3776":"jaly","3777":"fohy","3778":"rabe","3779":"ifar","3780":" kia","3781":"ikal","3782":"osok","3783":"aivo","3784":"as\u00e3 ","3785":" zo ","3786":"done","3787":"hahe","3788":"aoko","3789":"irae","3790":"voly","3791":"esat","3792":"ak\u00e3 ","3793":"simb","3794":"zitr","3795":"afoa","3796":"iisa","3797":"inam","3798":" fmg","3799":"ihav","3800":"omme","3801":"ller","3802":"lank","3803":"ovit","3804":"ovo ","3805":"alle","3806":"ezit","3807":" kis","3808":"maiv","3809":"olah","3810":"fmg ","3811":"vaiv","3812":"enat","3813":"boha","3814":"ogne","3815":"isih","3816":" dev","3817":"live","3818":"uver","3819":"mive","3820":"mipe","3821":"kras","3822":"rka ","3823":"oben","3824":" ven","3825":"mim ","3826":"fiso","3827":"gene","3828":"fija","3829":"idih","3830":"siam","3831":"baha","3832":"pane","3833":" pri","3834":" cou","3835":"vary","3836":"hing","3837":"raly","3838":"nett","3839":"bras","3840":"jia ","3841":" cas","3842":"riky","3843":"rh\u00f4n","3844":"hard","3845":"ijor","3846":"piti","3847":"ohab","3848":"thom","3849":"nobe","3850":"ohaz","3851":"opa ","3852":"oney","3853":"poko","3854":" et ","3855":"inja","3856":" sab","3857":"dako","3858":"rea ","3859":" nok","3860":"ponn","3861":"ovav","3862":"ropa","3863":"orma","3864":"erat","3865":" mii","3866":"hafo","3867":"opol","3868":" mao","3869":"rezi","3870":"dyna","3871":"oavy","3872":"adyn","3873":"bala","3874":"verg","3875":"tron","3876":"bava","3877":" do ","3878":"otri","3879":"gust","3880":"h\u00f4ne","3881":"zony","3882":"zotr","3883":"gotr","3884":"abar","3885":"taok","3886":"bary","3887":" ron","3888":" naz","3889":" zat","3890":"loto","3891":" gil","3892":"ramo","3893":"gala","3894":"mije","3895":" amo","3896":"orom","3897":"itoe","3898":"zeri","3899":"ngel","3900":"ezer","3901":"dor ","3902":"ipir","3903":"neny","3904":"tive","3905":" lov","3906":"saki","3907":"ntre","3908":" eni","3909":"orea","3910":"amad","3911":"ime ","3912":"tes ","3913":"heno","3914":"teze","3915":"lais","3916":"cky ","3917":"jika","3918":"onez","3919":"ealp","3920":"ilin","3921":" pir","3922":" moh","3923":"lipp","3924":"chig","3925":"japo","3926":"navi","3927":"onit","3928":"akol","3929":"mbav","3930":"ouri","3931":"onoi","3932":" mav","3933":" noa","3934":"soso","3935":"ias\u00e3","3936":"okis","3937":" hin","3938":"gner","3939":"have","3940":"danj","3941":" sul","3942":"ozon","3943":"tili","3944":"emok","3945":"vid ","3946":"gand","3947":"oliv","3948":" jen","3949":"etib","3950":"aimi","3951":"akam","3952":"ube ","3953":"ngla","3954":"ima ","3955":" wis","3956":"mokr","3957":" was","3958":"nell","3959":"laom","3960":"vict","3961":"aogi","3962":"ilik","3963":" abd","3964":"peo ","3965":" vot","3966":"dras","3967":"vony","3968":" hoh","3969":"akaz","3970":"lomo","3971":"komi","3972":"jame","3973":"vign","3974":"krai","3975":"ahev","3976":"ores","3977":"niav","3978":"aiso","3979":"uri ","3980":" dom","3981":"ence","3982":" ark","3983":"hier","3984":"ireh","3985":"pean","3986":"icto","3987":"don ","3988":"ner ","3989":" \u25aa ","3990":"amby","3991":"nase","3992":"noto","3993":"mary","3994":"bibi","3995":"itaf","3996":"ndao","3997":"iban","3998":"ekno","3999":"inol","4000":"zonk","4001":"ore ","4002":"osik","4003":"hin ","4004":"napo","4005":" die","4006":"alot","4007":"mise","4008":"chan","4009":"aond","4010":"firy","4011":"ski ","4012":"hiso","4013":"are ","4014":"ezah","4015":"akon","4016":"ourt","4017":"prai","4018":"knol","4019":"irat","4020":"mond","4021":"habo","4022":"irob","4023":"sour","4024":" eke","4025":"nder","4026":"etal","4027":"mail","4028":"refe","4029":"ergn","4030":"ifoh","4031":"teza","4032":"\u00e9es ","4033":"nkav","4034":"lang","4035":"rizy","4036":"iafi","4037":"kona","4038":"sson","4039":"tats","4040":"ponj","4041":"mme ","4042":"anci","4043":"rica","4044":" ito","4045":" cor","4046":"oela","4047":"inge","4048":" ref","4049":" tha","4050":" vil","4051":"nri ","4052":"ssou","4053":" lon","4054":"eux ","4055":"lade","4056":"aima","4057":"ans ","4058":"bian","4059":" px ","4060":" rio","4061":"oafa","4062":"piro","4063":"itim","4064":"levi","4065":"onki","4066":"feon","4067":"orai","4068":"cala","4069":"drie","4070":" okr","4071":"non ","4072":"adim","4073":" lit","4074":" eki","4075":" tez","4076":"soko","4077":"s\u00e3o ","4078":"cant","4079":"rgne","4080":" dol","4081":"ziva","4082":"leha","4083":" s\u00e3o","4084":"patr","4085":" nib","4086":"llon","4087":"fetr","4088":"jang","4089":"onje","4090":"isal","4091":"niak","4092":"foha","4093":"ndo ","4094":"eure","4095":"imbo","4096":"idra","4097":"nday","4098":"med ","4099":"koba","4100":"miis","4101":"eder","4102":"kent","4103":"rope","4104":"irav","4105":"ure ","4106":"ajyk","4107":"nas ","4108":"toat","4109":"siky","4110":"mats","4111":"fody","4112":"inav","4113":" isl","4114":" bea","4115":" nad","4116":"tobi","4117":"inak","4118":"piza","4119":"anni","4120":"ohah","4121":"span","4122":"henj","4123":" nny","4124":" auv","4125":"eza ","4126":"dosi","4127":"iomb","4128":" wal","4129":"miaf","4130":"emat","4131":"onam","4132":"taty","4133":"pank","4134":"hisi","4135":"mpiz","4136":"mber","4137":"olok","4138":" s ","4139":"meno","4140":"iafa","4141":"ient","4142":"nizi","4143":" dad","4144":"isto","4145":"nofi","4146":"iela","4147":"dr\u00e3 ","4148":"amir","4149":"ebra","4150":"voto","4151":"akob","4152":" gad","4153":"elli","4154":"hako","4155":"scon","4156":" aro","4157":"esin","4158":"los ","4159":"rihi","4160":"raon","4161":"rake","4162":" kab","4163":"sam ","4164":"pina","4165":" all","4166":"kore","4167":"nmar","4168":"bela","4169":"apar","4170":" piv","4171":" rad","4172":"neal","4173":"dain","4174":"lam ","4175":"\u00f4nea","4176":"rote","4177":"esit","4178":"orob","4179":"one ","4180":" del","4181":" fip","4182":"eron","4183":"dasa","4184":"tuck","4185":" goo","4186":"njeh","4187":"ohik","4188":"esa ","4189":"rto ","4190":"olar","4191":"enik","4192":"uan ","4193":"ario","4194":"kits","4195":"ling","4196":"timb","4197":" joa","4198":"von ","4199":"rimb","4200":"etro","4201":"nerh","4202":" saz","4203":"enje","4204":"kiny","4205":"erra","4206":"erh\u00f4","4207":"hola","4208":"veta","4209":"kile","4210":"ulo ","4211":"onti","4212":"imot","4213":"oniv","4214":"moha","4215":"ahos","4216":"ker ","4217":"liok","4218":"saot","4219":"maki","4220":"rsit","4221":"ajor","4222":"asse","4223":"opea","4224":"ther","4225":"njam","4226":" arm","4227":"ick ","4228":"arib","4229":"aulo","4230":"sell","4231":"ball","4232":"die ","4233":"kazo","4234":"ive ","4235":"urg ","4236":"hija","4237":"iofa","4238":"teha","4239":"eur ","4240":" vig","4241":"gres","4242":"pivo","4243":"leo ","4244":"eetl","4245":"ussi","4246":"nsin","4247":" jul","4248":"baom","4249":"stat","4250":"rask","4251":"ndis","4252":"ripa","4253":"miov","4254":"nify","4255":"omit","4256":" mel","4257":"oari","4258":" wes","4259":"simi","4260":"nali","4261":"ico ","4262":"lora","4263":"ipah","4264":"hais","4265":"iber","4266":" ois","4267":"rade","4268":"dola","4269":" mes","4270":"lent","4271":"deca","4272":"rnar","4273":"daty","4274":"opia","4275":"disa","4276":"ogin","4277":"hanj","4278":"ekip","4279":"ikom","4280":"enda","4281":"hima","4282":"bond","4283":"hit\u00e3","4284":"oama","4285":" tes","4286":"edon","4287":"atla","4288":"rkan","4289":"vaky","4290":"elef","4291":"ntam","4292":"nge ","4293":"hoto","4294":"azok","4295":"asti","4296":" vet","4297":"din ","4298":"orah","4299":"beva","4300":" mib","4301":"nebr","4302":"ric ","4303":"rim ","4304":" mag","4305":"rin ","4306":" kha","4307":"gram","4308":"risy","4309":" fas","4310":"ant ","4311":"bavy","4312":"nonn","4313":"ezin","4314":"rthe","4315":"ento","4316":"olor","4317":"entu","4318":" kir","4319":"tato","4320":"taba","4321":"soli","4322":"akiv","4323":"ener","4324":"gani","4325":"vavi","4326":"anma","4327":"pake","4328":"guil","4329":"pont","4330":"oaso","4331":"ndr\u00e3","4332":"oby ","4333":"agne","4334":"rges","4335":" thi","4336":"ael ","4337":" que","4338":"izer","4339":"feo ","4340":"nipe","4341":" fli","4342":"nkap","4343":"evav","4344":"dao ","4345":"mir ","4346":"anof","4347":"todi","4348":"moty","4349":"icol","4350":"lipi","4351":"isaf","4352":"orto","4353":"pobe","4354":"tiqu","4355":"oata","4356":"nis ","4357":"aimp","4358":"tloi","4359":" bru","4360":"uel ","4361":"eloh","4362":"nize","4363":"west","4364":"fona","4365":"saba","4366":"wash","4367":"apob","4368":"oram","4369":"ajy ","4370":"etlo","4371":"vari","4372":"adon","4373":"ov\u00e3 ","4374":"nesi","4375":"send","4376":"eric","4377":"orda","4378":"doni","4379":"org ","4380":"onde","4381":"nger","4382":"ndr\u00e9","4383":"soma","4384":"nija","4385":"omal","4386":"emia","4387":"prot","4388":"jan ","4389":"esse","4390":"\u00e8res","4391":"meny","4392":"atar","4393":"enia","4394":"bill","4395":"ius ","4396":" luc","4397":"sonn","4398":"tlan","4399":" ra ","4400":" bro","4401":" lev","4402":"olos","4403":"c\u00f4te","4404":"okev","4405":" w ","4406":"rite","4407":"hiai","4408":"ifit","4409":"odel","4410":"tre ","4411":"sdec","4412":"hias","4413":"tere","4414":"ndas","4415":"niso","4416":"emy ","4417":"nte ","4418":"obor","4419":"asde","4420":"feti","4421":" bak","4422":"enis","4423":"rony","4424":"art ","4425":"norm","4426":"atot","4427":"ipoa","4428":"jyka","4429":"oda ","4430":"iki ","4431":" set","4432":" cal","4433":"hind","4434":"uth ","4435":"use ","4436":"zoko","4437":"botr","4438":"brez","4439":"njah","4440":" cc ","4441":"tsam","4442":"ykao","4443":"alla","4444":"pasd","4445":"agan","4446":"vini","4447":"gini","4448":"gain","4449":" lia","4450":"ecal","4451":"mbam","4452":"vory","4453":" cre","4454":"siva","4455":"gnet","4456":"oedr","4457":"ucky","4458":"jaha","4459":"mija","4460":" ard","4461":"riak","4462":"oner","4463":"ezy ","4464":"tar ","4465":"atom","4466":"toed","4467":"rard","4468":" nao","4469":"mory","4470":"ile ","4471":"oako","4472":"wisc","4473":"onty","4474":"iali","4475":"ngo ","4476":"fany","4477":"rici","4478":"osta","4479":"joda","4480":"miat","4481":"ezil","4482":"outh","4483":"ovak","4484":" gir","4485":"men ","4486":"siak","4487":" rot","4488":" lak","4489":"ahra","4490":" don","4491":"ntuc","4492":"fajo","4493":"evan","4494":"kati","4495":"arl ","4496":"dim ","4497":"mori","4498":"beri","4499":"isse","4500":"issi","4501":"rry ","4502":"ogle","4503":" tou","4504":"dely","4505":" hof","4506":"sar\u00e3","4507":"parl","4508":" lin","4509":"aomp","4510":"usse","4511":"aire","4512":" jk ","4513":"aoma","4514":"oaty","4515":"erto","4516":"sisy","4517":"az\u00e3 ","4518":"dimb","4519":" ima","4520":"erma","4521":"iaza","4522":"erge","4523":"gaza","4524":" pic","4525":"ghan","4526":"efaj","4527":"efes","4528":"corn","4529":" kaj","4530":" kai","4531":"ippe","4532":"izia","4533":"rabi","4534":"bonn","4535":"gats","4536":"liba","4537":"arde","4538":"vere","4539":"ndat","4540":"osam","4541":"eine","4542":" leo","4543":"esis","4544":"sco ","4545":"ingi","4546":"marn","4547":"aolo","4548":"sen ","4549":"alit","4550":"rire","4551":"ntoi","4552":"mako","4553":"oitr","4554":"toby","4555":"afen","4556":"ktio","4557":"hihe","4558":"ongr","4559":"hono","4560":"isne","4561":"fini","4562":"oine","4563":" she","4564":"kate","4565":"shan","4566":"nord","4567":"etry","4568":"doa ","4569":"hiad","4570":"leon","4571":"llan","4572":"onio","4573":"arol","4574":"ill ","4575":" cat","4576":" mau","4577":"arlo","4578":"it\u00e9 ","4579":" ele","4580":"itaz","4581":" den","4582":"ogan","4583":"rice","4584":"oafe","4585":"oogl","4586":"mode","4587":"auri","4588":"mafi","4589":"goog","4590":"flic","4591":"bama","4592":"com ","4593":"glad","4594":"trir","4595":"enak","4596":"baby","4597":"rous","4598":" kio","4599":"ekti","4600":" son","4601":"may ","4602":"iori","4603":"pahi","4604":"araf","4605":"joha","4606":"siok","4607":"otod","4608":"ihis","4609":"ngor","4610":" kas","4611":" mou","4612":" job","4613":"ihir","4614":"abel","4615":"fred","4616":" mer","4617":"otes","4618":"ikir","4619":"zan ","4620":"efek","4621":"boat","4622":" wik","4623":"ndai","4624":"ndie","4625":"den ","4626":"fekt","4627":"toin","4628":"wiki","4629":"lick","4630":"taom","4631":"todr","4632":"ins ","4633":"pion","4634":" pap","4635":"vint","4636":"honi","4637":"itol","4638":" bis","4639":" iva","4640":"ofon","4641":"aisn","4642":"doka","4643":"sne ","4644":"dome","4645":"cia ","4646":"pref","4647":"idip","4648":"mife","4649":"lots","4650":"haik","4651":"vaon","4652":"niol","4653":" hay","4654":"itet","4655":"sadr","4656":"upit","4657":"ume ","4658":" jat","4659":"zeti","4660":"mon ","4661":"r\u00e0na","4662":"sama","4663":"sao ","4664":"even","4665":"rafa","4666":"ilo ","4667":"haja","4668":"gaha","4669":"dali","4670":"beni","4671":"diab","4672":"jena","4673":"hiry","4674":"vent","4675":" aty","4676":"jupi","4677":" mac","4678":"our ","4679":"tor ","4680":"iken","4681":"chen","4682":"inai","4683":" boa","4684":"mbai","4685":"sein","4686":"cast","4687":"ofor","4688":"ein ","4689":"mer ","4690":"ladi","4691":" ahm","4692":"paho","4693":"arid","4694":" raj","4695":"dimi","4696":"ardi","4697":" oma","4698":"yout","4699":" jor","4700":" jup","4701":"etez","4702":"ondo","4703":"bita","4704":" alf","4705":"vinn","4706":"miri","4707":"omai","4708":"arra","4709":"ipyr","4710":"ares","4711":"kibo","4712":"ren ","4713":" zok","4714":"nkir","4715":"rehy","4716":"kola","4717":"lame","4718":"ilis","4719":"oris","4720":"mpeo","4721":"ickr","4722":"tube","4723":"fiko","4724":"hiro","4725":" ati","4726":"tte|","4727":"hifi","4728":"more","4729":"stor","4730":"dipy","4731":"chin","4732":"aves","4733":"outu","4734":"mera","4735":"bahr","4736":"mifi","4737":"ovol","4738":"erg ","4739":"ole ","4740":" blo","4741":"iabe","4742":"ntri","4743":"er\u1ef3 ","4744":"ines","4745":"vesa","4746":"tane","4747":"ndor","4748":"rnet","4749":"jeha","4750":"enry","4751":"aume","4752":"arta","4753":"gle ","4754":"somm","4755":"aven","4756":"tch ","4757":"oizi","4758":"olas","4759":"abri","4760":"halo","4761":"ozin","4762":"ght ","4763":"utub","4764":"abyl","4765":"reza","4766":"ras ","4767":"azam","4768":"remi","4769":"oini","4770":" doz","4771":"arma","4772":"okia","4773":"zari","4774":"veli","4775":" el ","4776":"boah","4777":"toav","4778":"lesa","4779":"ylon","4780":"boli","4781":"saod","4782":" cit","4783":"sofi","4784":" kiv","4785":"zoki","4786":" sem","4787":"nkaz","4788":"ipin","4789":"urt ","4790":"hoha","4791":"sse ","4792":"icit","4793":"enit","4794":"oafi","4795":"laon","4796":"oahi","4797":"lano","4798":"bylo","4799":"ston","4800":"anob","4801":"nsan","4802":"eson","4803":"trar","4804":" hop","4805":" lot","4806":"rgin","4807":" mof","4808":" ass","4809":"maur","4810":"ezam","4811":"let ","4812":"omel","4813":"ncis","4814":"anik","4815":"miro","4816":"osin","4817":"orki","4818":"orok","4819":"ivia","4820":"aoro","4821":"oavi","4822":"ihom","4823":" exc","4824":"hiko","4825":"rera","4826":"lite","4827":" c\u00f4t","4828":"rcel","4829":"achi","4830":"afet","4831":"miav","4832":"ngai","4833":"biaz","4834":"lata","4835":"hrai","4836":"ipoi","4837":"alov","4838":"ehar","4839":"ibia","4840":"rlem","4841":"pial","4842":"vin ","4843":"tava","4844":"alim","4845":"afis","4846":"ardo","4847":"ckr ","4848":"meli","4849":"mamy","4850":"prin","4851":"yan ","4852":"ngaz","4853":"rosy","4854":"ilat","4855":"arch","4856":"reet","4857":"five","4858":"keny","4859":"kont","4860":"ves ","4861":"nry ","4862":"sita","4863":"ar\u00e0n","4864":"poiz","4865":"cola","4866":" ais","4867":"stik","4868":"vall","4869":"kora","4870":"ero ","4871":"aket","4872":"irgi","4873":"tete","4874":"virg","4875":"ourn","4876":"naon","4877":"sako","4878":"here","4879":"odor","4880":"sul ","4881":"mofo","4882":"iely","4883":"rom ","4884":" to ","4885":"eko ","4886":"maod","4887":"arme","4888":"ifa ","4889":"abib","4890":"erem","4891":"juli","4892":"\u00f4ria","4893":"hiat","4894":"fady","4895":"emon","4896":"rnel","4897":"mad ","4898":"ung ","4899":"doro","4900":"siha","4901":"fias","4902":"osef","4903":"russ","4904":"rick","4905":" al\u00e3","4906":"nipo","4907":"koho","4908":"pera","4909":"ult ","4910":"adi ","4911":"dal\u00e0","4912":"arce","4913":"exce","4914":"oder","4915":"reg\u00f4","4916":"ort ","4917":"kotr","4918":"augu","4919":"erez","4920":"terr","4921":"nair","4922":"naly","4923":"hovi","4924":"ngue","4925":"ache","4926":" yan","4927":"enif","4928":"otak","4929":" til","4930":"rila","4931":"eg\u00f4r","4932":"idio","4933":"troa","4934":"pann","4935":"kami","4936":"sinj","4937":"maho","4938":"amos","4939":" sel","4940":"deri","4941":"ordo","4942":" rou","4943":"onom","4944":"g\u00f4ri","4945":"chi ","4946":"kenn","4947":"vota","4948":"poah","4949":" ivo","4950":" oli","4951":" hip","4952":"vene","4953":"abil","4954":"mile","4955":"denn","4956":"sout","4957":"elak","4958":" non","4959":"rien","4960":"ketr","4961":" str","4962":"safo","4963":"lis ","4964":" gag","4965":"cit\u00e9","4966":"reat","4967":"gers","4968":"iono","4969":"rden","4970":"rdo ","4971":"sabe","4972":"gen ","4973":"dr\u00e9 ","4974":"ura ","4975":" hov","4976":"ond ","4977":"mazo","4978":"arro","4979":"miah","4980":"bell","4981":"leta","4982":"aloz","4983":"ajyd","4984":"lofa","4985":"ptia","4986":"ipa ","4987":" meu","4988":"vako","4989":"soap","4990":" tru","4991":"reva","4992":"obo ","4993":"enon","4994":" er\u1ef3","4995":" rus","4996":"eote","4997":" gor","4998":"iopi","4999":"dind"}}