{"mri":{"0":" te ","1":" i ","2":"nga ","3":" ki ","4":" o ","5":" e ","6":" wha","7":"nei ","8":"anga","9":" a ","10":" ko ","11":"haka","12":" he ","13":"tou ","14":"whak","15":" ng\u0101","16":"ana ","17":"ng\u0101 ","18":"ahi ","19":" ka ","20":" nga","21":" ana","22":"kia ","23":"tang","24":" tau","25":" kia","26":"user","27":"ser>","28":"er> ","29":"<use","30":" <us","31":"tahi","32":"ata ","33":" t\u0113n","34":"atu ","35":"mai ","36":" mai","37":" atu","38":"rang","39":" me ","40":"nui ","41":" nei","42":"mea ","43":" hok","44":"ori ","45":" tak","46":"ere ","47":" ai ","48":"hoki","49":"oki ","50":"unga","51":" mea","52":"ngat","53":"\u0101tou","54":" whe","55":" tan","56":"\u0113nei","57":"kei ","58":" kei","59":" ton","60":"nua ","61":"enua","62":"when","63":"henu","64":"kua ","65":"aua ","66":" kua","67":" wai","68":"oto ","69":"ira ","70":"hang","71":" kou","72":" ia ","73":"tau ","74":"atou","75":"ore ","76":"reo ","77":" aha","78":"outo","79":"utou","80":"kout","81":"num>","82":"<num","83":"t\u0113ne","84":"aha ","85":"um> ","86":" mah","87":"rero","88":"angi","89":" \u0101 ","90":"ake ","91":" <nu","92":"enga","93":"gata","94":"ngi ","95":" noh","96":"kato","97":"ero ","98":"aere","99":" kai","100":" mat","101":"haer","102":"inga","103":" nui","104":"hau ","105":"hia ","106":" koe","107":"koe ","108":"toa ","109":" kat","110":"link","111":"ink>","112":"nk> ","113":"<lin","114":" <li","115":"roto","116":" rot","117":"ari ","118":" tae","119":"hei ","120":" ran","121":" kor","122":"ngar","123":"ahau","124":"mahi","125":"ara ","126":"taki","127":" hae","128":"aro ","129":"atoa","130":" rat","131":" r\u0101 ","132":" reo","133":" kau","134":" hei","135":"mata","136":"tonu","137":" man","138":"onu ","139":" m\u014d ","140":"\u0113n\u0101 ","141":"k\u014dre","142":"rato","143":" k\u014dr","144":"\u014drer","145":"kore","146":"tika","147":"are ","148":" t\u0101t","149":"ona ","150":"akaa","151":"iwi ","152":"tia ","153":"an\u014d ","154":" an\u014d","155":" ten","156":"enei","157":"tua ","158":"iti ","159":"t\u0113n\u0101","160":"aka ","161":"mana","162":"awa ","163":"akat","164":"m\u0101or","165":"\u0101ori","166":"whar","167":" run","168":"taua","169":" mo ","170":"ohan","171":"hare","172":"ihi ","173":"rung","174":"ano ","175":"akiw","176":"hara","177":" tik","178":"noho","179":" iwi","180":"ite ","181":" rei","182":" au ","183":"aki ","184":"kau ","185":"ora ","186":"akah","187":"apa ","188":"reir","189":"eira","190":" m\u0101o","191":" ake","192":"rua ","193":"uri ","194":"noha","195":"atan","196":"gari","197":" r\u0101t","198":" na ","199":"tene","200":"t\u0101to","201":"ama ","202":"pai ","203":"papa","204":"roa ","205":" pai","206":"iw\u0101 ","207":" tai","208":" w\u0101h","209":"kiw\u0101","210":"aku ","211":"ika ","212":" mar","213":" ano","214":"iki ","215":"\u0113tah","216":" wah","217":"\u0113r\u0101 ","218":"tae ","219":" n\u0101 ","220":" hoa","221":"kite","222":" m\u0101t","223":"aroa","224":"kaha","225":"atua","226":" mau","227":"mihi","228":" ter","229":" mih","230":"w\u0101hi","231":"tere","232":"akar","233":" eng","234":"\u0101hi ","235":"etah","236":"kara","237":"r\u0101to","238":"tama","239":" kah","240":" iho","241":" ora","242":" kar","243":" kit","244":" tam","245":"mara","246":"tohu","247":"ongo","248":" tah","249":"iri ","250":"ino ","251":"rama","252":" raw","253":" toh","254":"anei","255":"era ","256":"hai ","257":"anui","258":" p\u0101k","259":"and ","260":"upu ","261":"one ","262":"tiro","263":"p\u0101ke","264":"uru ","265":"aea ","266":" wh\u0101","267":"\u0101keh","268":" tin","269":" tua","270":"aori","271":"keh\u0101","272":"eh\u0101 ","273":"maor","274":"whai","275":"ina ","276":"oho ","277":"land","278":"rau ","279":" whi","280":" toi","281":"hoa ","282":"kupu","283":"onga","284":"hua ","285":"rong","286":"hiri","287":"aupa","288":" n\u014d ","289":" cat","290":"nau ","291":"cate","292":"ateg","293":"tego","294":"egor","295":"gory","296":" mao","297":"akam","298":"toit","299":" tir","300":"ereo","301":"una ","302":"noa ","303":" ra ","304":"kang","305":"akap","306":"taku","307":"kata","308":"upap","309":" t\u0113t","310":"aram","311":" kup","312":"kaar","313":"kaup","314":"ohia","315":" aro","316":"whan","317":"oia ","318":"aote","319":" w\u0101 ","320":"otea","321":"\u0101ti ","322":"t\u0101on","323":"\u0101one","324":"ring","325":" tet","326":"rawa","327":" t\u0101o","328":"tea ","329":" t\u0113r","330":" aot","331":" noa","332":"t\u0113r\u0101","333":"mate","334":"iho ","335":"uata","336":"tuku","337":"oko ","338":"uku ","339":"tear","340":"rite","341":"teta","342":"earo","343":"hana","344":" rau","345":" k\u012b ","346":"oro ","347":" t\u014d ","348":"gati","349":"aran","350":" tek","351":"t\u0113ta","352":" m\u0101 ","353":"taea","354":"\u0101tau","355":" tuk","356":"riki","357":"aaro","358":"eke ","359":"whit","360":"rere","361":"ura ","362":"ono ","363":" tat","364":"whir","365":"wh\u0101n","366":"orer","367":" har","368":" pir","369":"kawa","370":" k\u0101o","371":"taha","372":"itan","373":"tino","374":"hung","375":"tira","376":"wahi","377":"ngo ","378":"kai ","379":" tur","380":"ng\u0101t","381":"ahia","382":"ate ","383":"utu ","384":"iro ","385":"\u0101ore","386":"k\u0101or","387":"here","388":"arik","389":"hea ","390":"toko","391":"puta","392":" to ","393":"atah","394":"taka","395":"uta ","396":"hiti","397":"rohi","398":"maha","399":"tona","400":"ohe ","401":"m\u0101to","402":"hine","403":"oti ","404":"wiki","405":" koi","406":" ma ","407":"g\u0101ti","408":"ikan","409":"take","410":"aung","411":" r\u0101n","412":" tok","413":"puka","414":"\u0101nei","415":" ing","416":"tana","417":"ure ","418":" hui","419":"taut","420":"r\u0101ne","421":"teka","422":" \u014d ","423":" kaw","424":"ria ","425":"atau","426":" rar","427":"atak","428":"ekau","429":"atia","430":" put","431":"ture","432":"aura","433":" rua","434":"atir","435":" ara","436":"ngan","437":" wik","438":"ini ","439":"wana","440":"ine ","441":"toro","442":"ngoa","443":"tara","444":"wai ","445":" kin","446":"kaho","447":"kura","448":"ingo","449":"aita","450":"taup","451":"rohe","452":"pori","453":"iroh","454":"goa ","455":"ohut","456":"ena ","457":"hio ","458":"h\u0101na","459":"\u0101hua","460":" ron","461":"kapu","462":"akau","463":"mau ","464":"tera","465":" no ","466":"\u0101nau","467":" tar","468":"huto","469":"akaw","470":" mur","471":" \u0101hu","472":"mari","473":" roh","474":"aupo","475":"roha","476":"ire ","477":" par","478":"ahua","479":"aroh","480":"tion","481":"ganu","482":"kari","483":"nata","484":"owa ","485":"uran","486":"amat","487":"howa","488":"rane","489":"ihow","490":"utor","491":"mati","492":" hun","493":"ion ","494":"piri","495":"ahin","496":" hau","497":" oti","498":"waka","499":"rahi","500":"muri","501":" her","502":"upor","503":" kot","504":"oryn","505":"hoia","506":" new","507":" aua","508":"anak","509":"mutu","510":"kapa","511":"mato","512":"koa ","513":"ita ","514":"oha ","515":" ata","516":"atio","517":" pou","518":"new ","519":" pak","520":"otah","521":"kota","522":"wait","523":"hore","524":" puk","525":"auto","526":"alan","527":" hua","528":"\u014dna ","529":"pire","530":"amar","531":"aho ","532":"hui ","533":"eala","534":"tai ","535":"kama","536":"zeal","537":"ikat","538":"anat","539":" zea","540":"ohoi","541":" kur","542":"tuat","543":"ingi","544":" t\u016b ","545":"tuhi","546":"itia","547":" hur","548":"ity ","549":"ahur","550":"aru ","551":" ta ","552":"oni ","553":"awhi","554":"arai","555":"tata","556":"akan","557":" kon","558":" wak","559":"ryno","560":"ynoh","561":"apu ","562":"ato ","563":"mua ","564":"irin","565":"it\u016b ","566":"aeng","567":"oit\u016b","568":"king","569":"aika","570":"huri","571":"waik","572":"lity","573":"ako ","574":" lan","575":" mon","576":"alit","577":"puna","578":"oku ","579":"ocal","580":"loca","581":" loc","582":"cali","583":"ihan","584":"aira","585":" ao ","586":"raro","587":"utok","588":"oana","589":"waho","590":"moan","591":" t\u0101 ","592":"orma","593":"\u0101ran","594":"awan","595":"form","596":"para","597":" rit","598":"kati","599":"hako","600":"rmat","601":"nfor","602":" inf","603":"info","604":"it\u00e5 ","605":"oit\u00e5","606":"\u0101ua ","607":"huat","608":"ahak","609":"tini","610":" moa","611":" k\u0113 ","612":" awa","613":" mot","614":"ema ","615":" mua","616":"ahor","617":" utu","618":"tato","619":"titi","620":" hap","621":" hak","622":" rer","623":"ahae","624":"kare","625":"m\u014dhi","626":"m\u0101ta","627":"\u014dhio","628":"akoa","629":" \u0113ta","630":" mut","631":"aiti","632":"kahu","633":"ehi ","634":" m\u014dh","635":"t\u0101ta","636":"tari","637":"akak","638":"motu","639":"raki","640":"ati ","641":"kaua","642":"toru","643":"moni","644":"iwa ","645":"\u0101nga","646":" ika","647":"onei","648":"iwha","649":"matu","650":" hia","651":"kone","652":"arat","653":"uka ","654":"iata","655":" \u0113ne","656":" rir","657":"nana","658":"\u014dku ","659":"koto","660":" moh","661":"uhi ","662":"akot","663":"kaor","664":"eret","665":" tap","666":"wair","667":" por","668":"awe ","669":"ahu ","670":"tena","671":" koh","672":"ngia","673":"aipo","674":" pap","675":"koro","676":"iwhi","677":"arah","678":"ngon","679":"ohu ","680":"tako","681":"iahi","682":"arit","683":"hoko","684":" eta","685":"taur","686":"mohi","687":"aing","688":"aina","689":"tono","690":"hiah","691":"itea","692":" mem","693":"mahu","694":"\u0101whi","695":" t\u014dn","696":" tao","697":"itir","698":" moe","699":"gia ","700":"t\u014dna","701":"m\u0101ui","702":"ipou","703":"aore","704":"auma","705":"karo","706":"pono","707":" t\u0101n","708":" hot","709":"pea ","710":" \u0101e ","711":" han","712":" ahu","713":"oru ","714":"nawa","715":"mema","716":"tapu","717":"taon","718":" tit","719":"kohi","720":" wae","721":"anau","722":"anaw","723":"maun","724":"ngai","725":"kaae","726":"pout","727":"raka","728":"ahar","729":" tuh","730":"rae ","731":"nga\u0101","732":"rihi","733":"huru","734":"erau","735":"waip","736":"edia","737":"kipe","738":"ihar","739":"aiwh","740":"apuk","741":"otia","742":"dia ","743":"\u0101ui ","744":"otu ","745":"tait","746":"toku","747":"pedi","748":"kiri","749":"ikip","750":" pea","751":"awha","752":"aiho","753":"ukap","754":"aong","755":"eka ","756":"amu ","757":"kaat","758":"iped","759":" heo","760":"atar","761":" ona","762":" min","763":"init","764":"ohi ","765":"aron","766":" tor","767":"arau","768":"aiha","769":"hou ","770":"ngaw","771":"kera","772":" hin","773":"iane","774":"arae","775":"heoi","776":"kino","777":"waih","778":"hing","779":"ikaa","780":" ker","781":"eran","782":"kaih","783":" rin","784":"garo","785":"toke","786":"eoi ","787":"kait","788":"tung","789":"maka","790":"ooti","791":"awat","792":"iaki","793":" pat","794":"emea","795":"akit","796":"nita","797":"turi","798":"koia","799":"maki","800":"namu","801":"itah","802":"aito","803":"mini","804":" weh","805":"oker","806":" k\u0101r","807":"kaam","808":"am\u0101u","809":" pae","810":"kaiw","811":"arak","812":"ima ","813":"aam\u0101","814":"hoto","815":"kawe","816":" mak","817":"nuku","818":"kere","819":"tong","820":"\u0101kau","821":"atik","822":"kaka","823":"taia","824":"patu","825":"unam","826":"hera","827":" hor","828":"nang","829":"erek","830":"aatu","831":"tahu","832":"poun","833":"ar\u0101 ","834":"rana","835":"riro","836":"naki","837":"haki","838":"ouna","839":"ete ","840":"k\u0101re","841":"\u0101wan","842":" tou","843":"hitu","844":"irua","845":"piti","846":" kap","847":" meh","848":"wh\u0101 ","849":"aia ","850":"otir","851":"ango","852":"raru","853":" hou","854":"manu","855":" tia","856":"uia ","857":" aku","858":" kao","859":"poro","860":" hon","861":"heke","862":"ap\u016b ","863":"kaur","864":"ohio","865":"aora","866":" tu ","867":"anaa","868":"aman","869":"\u0101nui","870":" per","871":" ako","872":" kom","873":"arer","874":"mehe","875":"ene ","876":"ehem","877":" ar\u0101","878":"oran","879":"heme","880":"hono","881":"ihau","882":"auri","883":"\u0101ing","884":" pa ","885":"\u0101re ","886":"tiak","887":" iha","888":"gai ","889":"miti","890":" ina","891":" t\u0101m","892":"airu","893":"arua","894":"rata","895":"uita","896":" pon","897":"riri","898":"komi","899":" ene","900":" t\u0101k","901":" p\u0101 ","902":"emat","903":"waia","904":"rair","905":"pera","906":" k\u0101w","907":" uru","908":"\u0101ku ","909":" t\u012bm","910":" pan","911":"moe ","912":"katu","913":"\u0101na ","914":"auta","915":"t\u0101ma","916":"aima","917":"t\u012bma","918":"ngit","919":"reka","920":"angu","921":"roar","922":"iao ","923":"iona","924":"hina","925":"rima","926":"tipu","927":"\u0101tea","928":" t\u014dk","929":"k\u0101wa","930":"itok","931":"koin","932":"ehe ","933":"oaro","934":" kui","935":" \u0113r\u0101","936":"teng","937":"aahu","938":" k\u0101i","939":"kain","940":"\u014dp\u016b ","941":" war","942":" pik","943":"tupu","944":"koot","945":" p\u0101t","946":"haut","947":"\u0101mak","948":"t\u014dku","949":"huar","950":" t\u0101u","951":" h\u014dn","952":" ari","953":"kiwa","954":"uara","955":"riti","956":"pene","957":" tip","958":" r\u014dp","959":" tup","960":"omit","961":"utun","962":"tuar","963":"rain","964":"k\u0101in","965":"auna","966":" koo","967":"kina","968":"ngak","969":"horo","970":"raua","971":"r\u014dp\u016b","972":"kawh","973":"\u0101tua","974":" uri","975":" kan","976":"tawh","977":"rawe","978":"hari","979":" k\u0101t","980":"hap\u016b","981":" mok","982":"akao","983":" toa","984":"r\u0101ra","985":" kir","986":" r\u0101r","987":"iran","988":"ipir","989":"rema","990":"taui","991":"r\u0101wh","992":" roa","993":"waen","994":"aiat","995":" hir","996":"neke","997":"mano","998":"ngoi","999":" kak","1000":"omo ","1001":"pake","1002":"kou ","1003":"akih","1004":" tut","1005":"nuia","1006":" pen","1007":"reng","1008":" ahi","1009":"kano","1010":"kita","1011":"aiao","1012":"gong","1013":"ut\u016b ","1014":"etia","1015":"ani ","1016":"awh\u0101","1017":"paka","1018":"t\u0101ko","1019":"huit","1020":" \u014dt\u0101","1021":" eha","1022":"eha ","1023":"tutu","1024":"inui","1025":"\u0101kou","1026":"\u014dt\u0101k","1027":"akia","1028":"rea ","1029":"eti ","1030":" kih","1031":" wa ","1032":"ngah","1033":"kiha","1034":"waha","1035":"aut\u016b","1036":"reta","1037":"ratu","1038":"wehi","1039":"aae ","1040":"imat","1041":"uhia","1042":"ehar","1043":"irit","1044":"iten","1045":"kori","1046":" pit","1047":"m\u0101tu","1048":"atat","1049":"momo","1050":"uaru","1051":"maur","1052":"rara","1053":"tiri","1054":"ihai","1055":"roti","1056":"guru","1057":" p\u014d ","1058":"ukua","1059":"ahok","1060":"ngur","1061":"r\u0101ta","1062":"oari","1063":"an\u0101 ","1064":"mang","1065":"gawh","1066":"t\u0101ng","1067":" p\u0113n","1068":"ipa ","1069":"hoat","1070":"oatu","1071":"puhi","1072":" ae ","1073":"ekor","1074":"\u0101nuk","1075":"pipi","1076":"araw","1077":"urau","1078":" an\u0101","1079":" hek","1080":"rie ","1081":" rah","1082":"t\u0101ne","1083":"iria","1084":" pip","1085":"akin","1086":"goi ","1087":"eren","1088":"piki","1089":"tain","1090":"pare","1091":" mom","1092":" tim","1093":"inan","1094":"ory ","1095":" nau","1096":"ware","1097":"ahit","1098":"taun","1099":"\u012bmat","1100":"stor","1101":"retu","1102":"uing","1103":"wehe","1104":"amai","1105":"aher","1106":"\u0101wh\u0101","1107":"h\u014dng","1108":" hea","1109":"\u0101ne ","1110":"akor","1111":"\u014dngo","1112":"iriw","1113":"tuki","1114":"m\u0101ra","1115":" rim","1116":"uria","1117":"uaki","1118":"isto","1119":"hura","1120":"t\u0101ua","1121":" bra","1122":"iko ","1123":"kima","1124":"kona","1125":"ahan","1126":"h\u0101wh","1127":"kahi","1128":" r\u0101w","1129":"tory","1130":" nan","1131":"anu ","1132":"ihia","1133":" m\u0101r","1134":"hiku","1135":"kihe","1136":" \u0101ta","1137":" p\u0101r","1138":" p\u0101n","1139":"paen","1140":"etur","1141":"ohit","1142":"hist","1143":"urik","1144":"kapo","1145":"hawh","1146":" hik","1147":"apai","1148":"what","1149":"raun","1150":"wh\u0101w","1151":"it\u0101t","1152":"\u0101han","1153":"amah","1154":"t\u016bwh","1155":"ihea","1156":"tina","1157":"toi ","1158":"arek","1159":"mus ","1160":"alam","1161":" the","1162":"ik\u014dk","1163":"k\u014dk\u0101","1164":"hita","1165":" n\u0113 ","1166":"cala","1167":"\u014dk\u0101 ","1168":"t\u0101te","1169":"taum","1170":"umat","1171":"\u0101ram","1172":"amus","1173":"hit\u0101","1174":"lamu","1175":"anoh","1176":"tiha","1177":"kaip","1178":"gaka","1179":"ota ","1180":"orua","1181":"uihu","1182":"ainy","1183":"yhis","1184":"akai","1185":"inyh","1186":"nyhi","1187":"brai","1188":"w\u0101ha","1189":" taw","1190":"p\u0101re","1191":"arin","1192":"rik\u014d","1193":"wha ","1194":" iti","1195":"kamu","1196":"raha","1197":"auru","1198":"nake","1199":"a\u0101nu","1200":"etan","1201":"ga\u0101n","1202":"\u016bwha","1203":" pun","1204":"kam\u0101","1205":"ut\u00e5t","1206":"utuk","1207":"t\u00e5te","1208":"out\u00e5","1209":"\u00e5ter","1210":"ituh","1211":"ihik","1212":" ane","1213":"akim","1214":"nohi","1215":" tum","1216":"ukun","1217":" p\u016bt","1218":"ipu ","1219":"urih","1220":"kana","1221":"taah","1222":"moko","1223":"ihu ","1224":"reko","1225":"orou","1226":"kahe","1227":"utan","1228":"whin","1229":"at\u016b ","1230":"rewa","1231":"arur","1232":" ke ","1233":" hai","1234":" m\u0101u","1235":"a\u0101ra","1236":"reti","1237":"itu ","1238":"wher","1239":"ga\u0101r","1240":"erot","1241":"ir\u0101 ","1242":"p\u0113ne","1243":"ing ","1244":" rak","1245":"imak","1246":"keha","1247":" pur","1248":"omai","1249":"\u0101rem","1250":"riwh","1251":"nati","1252":"hira","1253":"oria","1254":"\u0113hea","1255":"iia ","1256":"kat\u016b","1257":"whi ","1258":"ahun","1259":"ataa","1260":"poto","1261":"arar","1262":"epa ","1263":"itih","1264":"tima","1265":"naia","1266":"iher","1267":"uki ","1268":" p\u0113h","1269":"tehi","1270":"\u0101tai","1271":"ng\u0101i","1272":"puke","1273":"whaw","1274":"ng\u0101k","1275":" t\u016br","1276":"iku ","1277":"urak","1278":"otor","1279":"tura","1280":"\u0101tah","1281":" w\u0101n","1282":"auka","1283":"hiwh","1284":"t\u0101ku","1285":" tei","1286":"w\u0101na","1287":"apua","1288":"nako","1289":"pata","1290":" pau","1291":"tiki","1292":"irih","1293":"haur","1294":"rehe","1295":"kaun","1296":"r\u0101ka","1297":"ohun","1298":"r\u0101ua","1299":" rap","1300":" r\u0101u","1301":"inei","1302":"kiti","1303":"g\u0101ka","1304":"kaum","1305":"wiri","1306":"akeh","1307":"pae ","1308":"whiw","1309":"nong","1310":"g\u0101i ","1311":"\ufffd<nu","1312":"rika","1313":"mona","1314":"nama","1315":"p\u0101ta","1316":" \ufffd<n","1317":" mei","1318":" hip","1319":"h\u0101nu","1320":" eke","1321":"homa","1322":" hom","1323":"noi ","1324":"tir\u0101","1325":"aaki","1326":"kanu","1327":"the ","1328":"aian","1329":"hati","1330":"rei ","1331":"p\u0113he","1332":"\u0101nan","1333":"unui","1334":"atur","1335":"paki","1336":"tohe","1337":"hata","1338":"gara","1339":"ito ","1340":"\u0101ian","1341":"onon","1342":" poa","1343":"mama","1344":"pain","1345":"onui","1346":"aeta","1347":"rapu","1348":"inoi","1349":" p\u0113r","1350":"aker","1351":"kopu","1352":"ihui","1353":"huih","1354":"aata","1355":"ainu","1356":"okon","1357":"urar","1358":"nihe","1359":"turu","1360":" mou","1361":"pora","1362":"p\u0113r\u0101","1363":"naak","1364":"wera","1365":"uhit","1366":"\u0113nga","1367":"atoi","1368":"iihi","1369":" \u0113ng","1370":"uaka","1371":"atea","1372":"ikit","1373":"ane ","1374":"erea","1375":"oati","1376":"waru","1377":"apak","1378":"miha","1379":"pua ","1380":" puh","1381":"panu","1382":"iter","1383":"ngoh","1384":" ihu","1385":" in\u0101","1386":"uira","1387":"hatu","1388":"awhe","1389":"keke","1390":"hoe ","1391":"atin","1392":"wat\u016b","1393":"kair","1394":"oine","1395":" \u014dna","1396":"hain","1397":"orak","1398":"naun","1399":"arir","1400":"aaet","1401":"pura","1402":" m\u0101n","1403":"haea","1404":"kuna","1405":" t\u016bp","1406":"tori","1407":" t\u016bt","1408":"haha","1409":"naat","1410":"k\u0101ta","1411":"kako","1412":"iha ","1413":"p\u0101nu","1414":"arie","1415":" era","1416":"umah","1417":"awir","1418":"aput","1419":"wae ","1420":"taip","1421":"aato","1422":"auni","1423":"ipi ","1424":"nuit","1425":"unih","1426":"hiko","1427":"hipa","1428":"aret","1429":" r\u0101k","1430":"okia","1431":"rawi","1432":"maru","1433":" wer","1434":"outi","1435":"apon","1436":"utah","1437":"ropi","1438":" pah","1439":"itak","1440":"at\u016bw","1441":"puku","1442":"apat","1443":" pok","1444":" nam","1445":"pere","1446":"mia ","1447":"atai","1448":"haro","1449":"anah","1450":"okop","1451":"n\u0101ia","1452":" cal","1453":"koru","1454":"ereh","1455":"amut","1456":"whae","1457":"awak","1458":"rita","1459":"irim","1460":"kaik","1461":" rai","1462":"nore","1463":"aria","1464":"arew","1465":" tot","1466":"whiu","1467":"poar","1468":"uini","1469":"\u0101hin","1470":"poti","1471":"koha","1472":"\u0113teh","1473":"haua","1474":"etau","1475":"hapa","1476":"rura","1477":"utin","1478":"kake","1479":"imi ","1480":"oron","1481":"awai","1482":"koir","1483":"orop","1484":"utoh","1485":"kong","1486":" of ","1487":"mete","1488":"aipa","1489":"kaut","1490":"utua","1491":"gawa","1492":"gonu","1493":"gohi","1494":"rauk","1495":"kaia","1496":"unu ","1497":"ngap","1498":"akek","1499":" rii","1500":"auir","1501":"ungu","1502":"opun","1503":"\u0101taa","1504":"kuin","1505":"eing","1506":"ahir","1507":" \u0101wh","1508":"toto","1509":" ahe","1510":" paa","1511":"rori","1512":"upur","1513":"nuin","1514":"ahui","1515":"koma","1516":"aewa","1517":"uiat","1518":"eni ","1519":"t\u016bra","1520":"\u016bran","1521":"rawh","1522":"wang","1523":"aipi","1524":"oira","1525":"utia","1526":" ino","1527":" hoi","1528":"paku","1529":"ater","1530":"rena","1531":" koa","1532":" t\u016bh","1533":" pot","1534":" m\u0113n","1535":"aitu","1536":"teki","1537":"ngun","1538":"ataw","1539":"opa ","1540":"puni","1541":"m\u0113n\u0101","1542":"imah","1543":" api","1544":"waew","1545":" hoh","1546":"ruha","1547":"ewae","1548":"tati","1549":"reom","1550":"ahei","1551":"puri","1552":" mam","1553":"whea","1554":"urit","1555":"okor","1556":"aue ","1557":"arih","1558":"riih","1559":"\u0101kar","1560":"poko","1561":" spe","1562":"tapa","1563":" \u014dku","1564":"tumu","1565":" waw","1566":" tih","1567":"hika","1568":" hah","1569":"t\u016bho","1570":"miri","1571":"pau ","1572":"hoan","1573":" kii","1574":"eake","1575":"rapa","1576":" ono","1577":"koi ","1578":"pou ","1579":"tair","1580":"iman","1581":"mene","1582":"arap","1583":"inen","1584":"awea","1585":"ehu ","1586":" k\u014dh","1587":"wea ","1588":"ker ","1589":"rati","1590":"uke ","1591":"rona","1592":"ukaw","1593":"okom","1594":"mein","1595":"aum\u0101","1596":" nek","1597":"kete","1598":"urua","1599":"aara","1600":"m\u0101ua","1601":"mait","1602":"ehea","1603":"kaim","1604":"in\u0101i","1605":"iwai","1606":"spea","1607":"kora","1608":"peak","1609":"000 ","1610":"meri","1611":"gato","1612":"teku","1613":"t\u016bpu","1614":"akon","1615":"hipi","1616":" ham","1617":"\u016bpun","1618":"riha","1619":"areh","1620":" \u014dta","1621":"mani","1622":"eri ","1623":"eroh","1624":" m\u0101k","1625":"utai","1626":"hiot","1627":" po ","1628":"kate","1629":" p\u0101p","1630":"am\u0101r","1631":"anan","1632":"upun","1633":" hao","1634":"tema","1635":"nare","1636":" mor","1637":"ania","1638":"rai ","1639":"ting","1640":"aten","1641":"mine","1642":"aeti","1643":"erik","1644":"m\u0101ri","1645":"amin","1646":" m\u0101h","1647":"m\u0101ng","1648":"town","1649":"gita","1650":"arem","1651":" t\u016bm","1652":"neng","1653":"ikor","1654":"kuia","1655":"\u0101tak","1656":"hama","1657":"oata","1658":" pup","1659":"neti","1660":"utak","1661":"0000","1662":" pao","1663":" gig","1664":"opu ","1665":"apan","1666":"ouri","1667":"pupu","1668":" aue","1669":"k\u0101ti","1670":"git\u0101","1671":"rehu","1672":" ihi","1673":" iwa","1674":" = ","1675":"giga","1676":"ning","1677":"ohat","1678":"huna","1679":"oka ","1680":" wir","1681":"p\u0101p\u0101","1682":"rou ","1683":"iana","1684":"rait","1685":"irik","1686":"um\u0101t","1687":"api ","1688":"omah","1689":"oke ","1690":"muak","1691":"ekup","1692":"atap","1693":"pour","1694":"p\u016bte","1695":"haor","1696":"atow","1697":"poot","1698":" ota","1699":"reni","1700":"inai","1701":"rehi","1702":"\u016btea","1703":" poo","1704":"it\u0101n","1705":"umua","1706":" mr ","1707":"igat","1708":"ahat","1709":"apot","1710":"rimi","1711":"t\u016bma","1712":" oku","1713":" niu","1714":"kaak","1715":" mir","1716":"kapi","1717":"apap","1718":"kiko","1719":" k\u0101h","1720":"karu","1721":"taio","1722":" rip","1723":"wh\u0101i","1724":"irio","1725":"upat","1726":"amae","1727":"pang","1728":"uahi","1729":"ator","1730":" t\u0101w","1731":"nahi","1732":"koti","1733":"waim","1734":" ou ","1735":"\u0101hor","1736":"eiha","1737":"otan","1738":"\u0101ta ","1739":"ioti","1740":"eina","1741":" hen","1742":"wawa","1743":" awh","1744":"keta","1745":" iri","1746":"riwa","1747":"tupa","1748":"itar","1749":"oter","1750":" p\u014dt","1751":"atup","1752":" peh","1753":"\u014dtau","1754":"pari","1755":"uhar","1756":"iruh","1757":" ror","1758":"meat","1759":"rion","1760":"ekio","1761":"kion","1762":"t\u0113te","1763":"oang","1764":"\u016bhoe","1765":"hiru","1766":"rira","1767":"inu ","1768":"uati","1769":"uiti","1770":"gaha","1771":"maum","1772":" h\u0113 ","1773":"pito","1774":"whet","1775":"ruru","1776":"enet","1777":"otin","1778":"tuha","1779":"rare","1780":"tane","1781":"h\u0101ng","1782":"maua","1783":"rota","1784":"huia","1785":" kam","1786":"irir","1787":"ihip","1788":"riko","1789":"utur","1790":"ihim","1791":"kaki","1792":" nat","1793":"mae ","1794":"tire","1795":"hora","1796":"nunu","1797":" \u014dte","1798":"hoar","1799":"t\u0101na","1800":"ngih","1801":"kiia","1802":"hanu","1803":"erei","1804":"nia ","1805":"itin","1806":"\u014dti ","1807":"ikir","1808":"tuak","1809":" eka","1810":"gis ","1811":"atut","1812":"aako","1813":" nun","1814":"roni","1815":"ahe ","1816":"ewa ","1817":"more","1818":"gunu","1819":"kaw\u0101","1820":"kami","1821":" wan","1822":"kaah","1823":"eta ","1824":"taet","1825":"hapu","1826":"hake","1827":"maku","1828":"p\u016bta","1829":"oaor","1830":"aioa","1831":"otuh","1832":"ioao","1833":"wain","1834":"oeng","1835":" hop","1836":"oina","1837":"runa","1838":" \u0113 ","1839":"irat","1840":" tew","1841":"ngis","1842":"peka","1843":"niu ","1844":"upok","1845":"owng","1846":"autu","1847":"\u016bman","1848":"kimi","1849":"wngi","1850":"emu ","1851":"wero","1852":" n\u0101n","1853":"hena","1854":" k\u014dt","1855":"remu","1856":"amer","1857":"hopa","1858":"wata","1859":"eher","1860":" h\u014dh","1861":"atae","1862":"kuta","1863":"umau","1864":"reme","1865":"aiwa","1866":" \u0101na","1867":"ewar","1868":"airo","1869":"tiia","1870":"unan","1871":"n\u0101na","1872":"koko","1873":"eati","1874":"imar","1875":"okoh","1876":"urum","1877":" hem","1878":"iora","1879":"iapo","1880":"aper","1881":"toki","1882":" toe","1883":"rahu","1884":" haw","1885":"tuta","1886":"rani","1887":"tein","1888":"apar","1889":"p\u0101ti","1890":" mer","1891":"kihi","1892":"uhak","1893":"orom","1894":"tepo","1895":" kim","1896":"tuma","1897":"irau","1898":"otii","1899":"uter","1900":"ipit","1901":"nuhi","1902":"oua ","1903":"etae","1904":"apor","1905":"eter","1906":" m\u0101m","1907":"iako","1908":"taat","1909":"rini","1910":"ongi","1911":" poi","1912":" not","1913":"opit","1914":"aati","1915":"epot","1916":" men","1917":"oea ","1918":"nara","1919":"uare","1920":"anuk","1921":"hure","1922":"iren","1923":"oror","1924":"onor","1925":"p\u014dti","1926":" ret","1927":"k\u014dru","1928":"aipu","1929":"onat","1930":"moem","1931":"uaua","1932":"mare","1933":"aota","1934":"emi ","1935":"\u014drua","1936":"paun","1937":"aang","1938":"inak","1939":"mout","1940":"paor","1941":"m\u0101ku","1942":"moti","1943":"arei","1944":"k\u014dha","1945":"tuah","1946":"pena","1947":" pep","1948":" kop","1949":"\u0101p\u0101 ","1950":"eken","1951":" and","1952":"uiui","1953":"tike","1954":"okot","1955":"enar","1956":"keng","1957":"\u0101wai","1958":"atam","1959":"uato","1960":"uora","1961":"uman","1962":"ukur","1963":"piha","1964":"piko","1965":"kape","1966":"okin","1967":"oura","1968":"ope ","1969":"pehe","1970":"\u016btak","1971":"utau","1972":"tawa","1973":"hero","1974":"itit","1975":" p\u014dh","1976":" kik","1977":"eata","1978":"uanu","1979":"tewi","1980":" tem","1981":"aket","1982":" w\u0113t","1983":"apae","1984":"apah","1985":" rek","1986":"apit","1987":"enat","1988":"pani","1989":"auor","1990":"rek\u0113","1991":"\u0101rie","1992":" rur","1993":"oute","1994":"ewik","1995":"k\u0101ho","1996":" ait","1997":" t\u016bw","1998":"in\u0101 ","1999":"orow","2000":"oroi","2001":"awer","2002":"\u012bkau","2003":"iket","2004":"\u014dtep","2005":"pato","2006":"tiwh","2007":"lear","2008":" t\u0101p","2009":"tihi","2010":"uwha","2011":"puru","2012":"gare","2013":" pua","2014":" uau","2015":"ohoa","2016":"uwhe","2017":"reto","2018":"aoti","2019":"niap","2020":"raup","2021":"oryc","2022":"uiwi","2023":"imu ","2024":"iati","2025":"auiw","2026":"pahu","2027":"aiak","2028":"aiar","2029":"inat","2030":"uhir","2031":"kamo","2032":"t\u012bha","2033":"auau","2034":" kok","2035":"iang","2036":"uaot","2037":"ekur","2038":"onoa","2039":"wate","2040":"waea","2041":"iote","2042":" pek","2043":"tive","2044":"ahah","2045":"w\u0113ta","2046":"oma ","2047":"ahue","2048":"pete","2049":"upen","2050":" upo","2051":" k\u014dk","2052":"ryca","2053":"hue ","2054":" reh","2055":" one","2056":" hep","2057":" t\u012bh","2058":"kaot","2059":"apir","2060":"hoi ","2061":" oho","2062":"roi ","2063":"aw\u0101 ","2064":"pira","2065":"ehia","2066":"um\u0101o","2067":"teme","2068":"tuwh","2069":"aihi","2070":"mou ","2071":" pal","2072":"om\u0101o","2073":"aahi","2074":"\u012bhau","2075":"poua","2076":"\u012bma ","2077":"etoa","2078":"weet","2079":"ers ","2080":"roro","2081":"akae","2082":"huao","2083":"poat","2084":"erat","2085":"heng","2086":"arao","2087":"oren","2088":"apau","2089":"t\u0101ka","2090":"atun","2091":"kah\u0113","2092":" tun","2093":"roua","2094":"twee","2095":"ikoh","2096":" ang","2097":"whia","2098":"tan ","2099":"tihe","2100":" rea","2101":"ikio","2102":"atta","2103":"unin","2104":"uhin","2105":"huin","2106":"ycal","2107":"aoho","2108":"pita","2109":"\u014dran","2110":"\u0101ia ","2111":"kap\u0101","2112":"ehit","2113":"puak","2114":"taen","2115":"ter ","2116":" h\u014di","2117":"\u0101w\u0101h","2118":"imia","2119":"maro","2120":" ape","2121":"wini","2122":"kopa","2123":"kour","2124":"aiko","2125":"au\u0113 ","2126":"hiua","2127":"mere","2128":"ohik","2129":"kiot","2130":"whe ","2131":"palm","2132":" ngo","2133":" au\u0113","2134":"ratt","2135":"poke","2136":"awah","2137":"roma","2138":"son ","2139":"tita","2140":"eom\u0101","2141":"t\u016bta","2142":"reke","2143":"earn","2144":"itor","2145":"amak","2146":"tian","2147":"ikin","2148":"p\u014dur","2149":"hori","2150":"wari","2151":" apo","2152":"aone","2153":"moa ","2154":" kaa","2155":"iua ","2156":"\u014duri","2157":"tauk","2158":"aute","2159":"keti","2160":"aoa ","2161":"onek","2162":"aik\u014d","2163":"ute ","2164":"irar","2165":"arot","2166":"kuwa","2167":"raut","2168":"aari","2169":"raur","2170":"ripo","2171":"k\u014dti","2172":"ttan","2173":"honu","2174":"epar","2175":"alm ","2176":"irah","2177":"hiki","2178":"hae ","2179":"hauo","2180":" n\u012bk","2181":"poka","2182":" ope","2183":"ruat","2184":"ativ","2185":"n\u012bka","2186":"oroa","2187":"p\u014dp\u014d","2188":"ekar","2189":"kohu","2190":"uruh","2191":"area","2192":"ruri","2193":" k\u0101k","2194":"t\u016btu","2195":"ipar","2196":"\u014dp\u014d ","2197":"ahik","2198":"hime","2199":" \u0101wa","2200":" \u0101ra","2201":"wena","2202":"ruma","2203":" t\u0101r","2204":"amua","2205":" nuk","2206":"omao","2207":"pahi","2208":"niha","2209":"araa","2210":"ker\u0113","2211":"itim","2212":" for","2213":"awar","2214":"awen","2215":" h\u012bk","2216":"hito","2217":" \u0113n\u0101","2218":" tom","2219":"riat","2220":"hepa","2221":" inu","2222":"ohon","2223":"um><","2224":"er\u0113m","2225":" pet","2226":"ihop","2227":"m><n","2228":"ipun","2229":" poh","2230":"><nu","2231":" p\u012br","2232":"ufb ","2233":"awae","2234":"aihe","2235":"ipuk","2236":"ah\u0113 ","2237":"ohor","2238":"irot","2239":"apur","2240":" h\u0101p","2241":"romi","2242":" are","2243":"m\u0101m\u0101","2244":"uroa","2245":"owhi","2246":"ungi","2247":"r\u0113me","2248":" kuw","2249":"uaur","2250":" r\u0101h","2251":"hema","2252":" \u0101ku","2253":"hopu","2254":"rian","2255":"\u0101p\u014dp","2256":"wanu","2257":"timu","2258":"aaka","2259":"gahe","2260":"haia","2261":"ngaa","2262":"popo","2263":"aire","2264":"itam","2265":"eweh","2266":" taa","2267":" t\u012bp","2268":"\u0113me ","2269":"lol ","2270":"ote ","2271":"ihak","2272":" ufb","2273":"aiki","2274":"\u016btur","2275":"taro","2276":"reku","2277":"\u0101m\u0101 ","2278":"gang","2279":"heri","2280":"owha","2281":"ton ","2282":" uta","2283":"engi","2284":"pepa","2285":" p\u014du","2286":" \u0101p\u014d","2287":"k\u014dki","2288":"koki","2289":" kee","2290":" lol","2291":"irem","2292":"anuh","2293":"oryi","2294":"\u014dkir","2295":"hiu ","2296":"aren","2297":"ohua","2298":"orah","2299":" apa","2300":"kene","2301":"wire","2302":"pana","2303":"muru","2304":"ukut","2305":"kea ","2306":"oryh","2307":" ngu","2308":"p\u012bra","2309":"t\u014du ","2310":"yng\u0101","2311":"ryng","2312":" aka","2313":"aunu","2314":"\u012bran","2315":"ngau","2316":"eoma","2317":"maia","2318":"\u0101hui","2319":"h\u012bko","2320":"enui","2321":"pure","2322":"ent ","2323":"etak","2324":"\u012bkoi","2325":"kowh","2326":"opai","2327":"ant ","2328":"tuaw","2329":"air\u0101","2330":"uni ","2331":"\u0101rah","2332":"ng\u0101r","2333":"ment","2334":"onut","2335":" t\u014du","2336":"ik\u014dr","2337":"iaka","2338":" m\u014dr","2339":"paan","2340":"pone","2341":"h\u014dno","2342":"oret","2343":"tomo","2344":"uawh","2345":" x ","2346":"airi","2347":"atip","2348":"rewe","2349":"iama","2350":"auti","2351":" tui","2352":" pih","2353":" ktk","2354":"nahe","2355":"hone","2356":"ktk ","2357":"rum\u0101","2358":"akir","2359":"t\u0101u ","2360":"tete","2361":" k\u012bn","2362":"hima","2363":"tiat","2364":"\u0101whe","2365":"ikar","2366":"ihit","2367":"tei ","2368":"\u0101rik","2369":"itau","2370":"kutu","2371":"wh\u0101t","2372":"akoh","2373":"hait","2374":"atek","2375":" rew","2376":"\u014dhan","2377":"taim","2378":"n00 ","2379":"outa","2380":"kat\u0101","2381":" pei","2382":"hawa","2383":"hotu","2384":"orym","2385":"ngam","2386":"taih","2387":"stan","2388":" oki","2389":"\u012bpun","2390":"t\u012bpu","2391":" maa","2392":"make","2393":"emet","2394":" ram","2395":"hoho","2396":"puma","2397":"mita","2398":"ulea","2399":"moke","2400":"omon","2401":"m\u0101hi","2402":"iara","2403":"\u014dnor","2404":"m\u014dre","2405":" amo","2406":" roi","2407":" riw","2408":"m\u0101t\u0101","2409":"opi ","2410":"eiti","2411":"teri","2412":"ir\u0101w","2413":"\u014dia ","2414":" ule","2415":"erer","2416":"naka","2417":"ngim","2418":"rake","2419":"ipoa","2420":"amau","2421":"ihin","2422":" t\u0101i","2423":"hite","2424":"\u012bngi","2425":"amih","2426":"iroa","2427":"m\u012bha","2428":"oani","2429":"erah","2430":"wete","2431":"ikai","2432":"otak","2433":"\u0101hia","2434":" p\u016bk","2435":" h\u0101n","2436":" t\u0101h","2437":" p\u016br","2438":"t\u0101w\u0101","2439":"tape","2440":"omih","2441":"paah","2442":"naku","2443":"nge ","2444":" oma","2445":" nak","2446":"note","2447":" com","2448":"opo ","2449":"k\u012bng","2450":"oket","2451":"nger","2452":" aki","2453":"eria","2454":"orek","2455":" ame","2456":"kani","2457":" w\u0113n","2458":"orit","2459":"fair","2460":"uhau","2461":"akur","2462":"h\u0101pa","2463":"umar","2464":"t\u00e5wh","2465":"noat","2466":"taie","2467":" hat","2468":"arn0","2469":"rn00","2470":"hehe","2471":" wit","2472":"anar","2473":"akut","2474":"itik","2475":"aup\u014d","2476":"\u0101pai","2477":" ket","2478":" nai","2479":"erak","2480":"h\u0101hi","2481":"yiwi","2482":"\u012bhar","2483":"ryiw","2484":"w\u0101te","2485":"iui ","2486":"ek\u0113 ","2487":"otok","2488":"toka","2489":"ome ","2490":" w\u0113r","2491":"aham","2492":"uain","2493":"gap\u016b","2494":"pane","2495":" m\u012bh","2496":"auwh","2497":"\u00e5wha","2498":"hau\u0101","2499":"tiam","2500":"pati","2501":"okio","2502":"on\u0101 ","2503":" you","2504":" u ","2505":"eite","2506":"ikur","2507":"ikoa","2508":" k\u012bi","2509":"otem","2510":"k\u012bia","2511":"for ","2512":"eme ","2513":" h\u0101h","2514":"kuru","2515":"nui\u0101","2516":"piro","2517":"\u012bia ","2518":"eman","2519":"ouak","2520":"kon\u0101","2521":"kat\u014d","2522":"urut","2523":"akop","2524":"huai","2525":"heta","2526":"wati","2527":"amoe","2528":"hiwi","2529":"affa","2530":"peke","2531":"paio","2532":"oroh","2533":"pia ","2534":"ropo","2535":"arut","2536":"ruta","2537":" waa","2538":"kire","2539":"airs","2540":"inih","2541":" tha","2542":"iron","2543":"teit","2544":"est ","2545":"amup","2546":"t\u0101ki","2547":"ike ","2548":"tani","2549":"uhu ","2550":" cha","2551":"urur","2552":"ukai","2553":"uwah","2554":"\u014dhon","2555":"irs ","2556":"aioe","2557":" con","2558":"uera","2559":"ehen","2560":"\u0101ra ","2561":" p\u0101h","2562":"uihi","2563":"iepa","2564":"hapo","2565":"0mir","2566":"anai","2567":"romo","2568":"aniw","2569":" wet","2570":"ffai","2571":"ipur","2572":"wat\u00e5","2573":"at\u00e5w","2574":"h\u014dho","2575":"ohet","2576":"otit","2577":"kito","2578":" pii","2579":" rop","2580":"inar","2581":"ioea","2582":" h\u0101k","2583":"aiep","2584":"tat\u016b","2585":"oman","2586":"nuka","2587":"aino","2588":"ame ","2589":"urei","2590":" 0mi","2591":"wh\u0101r","2592":" ena","2593":"ngut","2594":"uma ","2595":"day ","2596":"itei","2597":"kiak","2598":"tare","2599":"iton","2600":" ate","2601":"huka","2602":"toat","2603":" huk","2604":"urup","2605":"rina","2606":"atit","2607":"ivea","2608":"eaff","2609":"ioki","2610":"veaf","2611":"erem","2612":"assi","2613":" pee","2614":"pika","2615":"haun","2616":"hahi","2617":"iper","2618":"imet","2619":"poki","2620":"eru ","2621":" ian","2622":"rior","2623":"itai","2624":"hinu","2625":" ua ","2626":"whau","2627":"\u014dtak","2628":" non","2629":"kiok","2630":"emoe","2631":"hona","2632":"hutu","2633":"waki","2634":"haru","2635":"auha","2636":"gutu","2637":"oemo","2638":"ohok","2639":"witi","2640":"moen","2641":"opor","2642":"p\u0101ng","2643":"inot","2644":"nanu","2645":"nera","2646":"\u0101tok","2647":" nge","2648":"ngao","2649":" ass","2650":"ihei","2651":" in ","2652":" aia","2653":"ripi","2654":"toe ","2655":"ill ","2656":"urir","2657":"uha ","2658":"hewe","2659":"hemo","2660":"ista","2661":"t\u014dra","2662":"onoh","2663":"upir","2664":"ikok","2665":" \u0101ti","2666":"eket","2667":"oryt","2668":" \u0101ka","2669":"raat","2670":"hepe","2671":"paha","2672":"rame","2673":"ahek","2674":"ihoa","2675":"oryr","2676":" met","2677":"nona","2678":"toen","2679":"tant","2680":"k\u0101ka","2681":"irak","2682":"sist","2683":"epuk","2684":"kena","2685":"ssis","2686":"hong","2687":"raku","2688":"tauh","2689":"raue","2690":"hair","2691":"ryha","2692":" k\u014d ","2693":"gihi","2694":"uere","2695":" tep","2696":" oat","2697":" t\u014dr","2698":"mura","2699":"ehew","2700":"irip","2701":"ewha","2702":" rep","2703":"t\u0101ra","2704":"ngua","2705":"raia","2706":"eker","2707":"huhu","2708":"eteh","2709":"tunu","2710":"\u0101tar","2711":"apen","2712":"\u014dtik","2713":"lang","2714":"utap","2715":"p\u016bma","2716":"w\u0113r\u0101","2717":"ahap","2718":"apih","2719":"at\u0101 ","2720":" map","2721":"orot","2722":"peta","2723":"keri","2724":" h\u014dt","2725":" wat","2726":"k\u0101o ","2727":"reip","2728":"kui ","2729":"ihok","2730":"eipa","2731":"eere","2732":" oko","2733":"aeke","2734":"rao ","2735":" het","2736":" km\u00b2","2737":"kao ","2738":"up\u014d ","2739":"auem","2740":"gona","2741":"p\u014dha","2742":"t\u0101wh","2743":"iner","2744":"etu ","2745":"huta","2746":"epet","2747":"km\u00b2 ","2748":"auih","2749":"ituk","2750":"\u0101pir","2751":"haiw","2752":"ehua","2753":"ihe ","2754":"etai","2755":"paih","2756":"poi ","2757":"mupe","2758":"\u0101kin","2759":"aure","2760":"opik","2761":"orok","2762":"\u0101kan","2763":" pin","2764":"upar","2765":"uawa","2766":"p\u0113n\u0101","2767":"tanu","2768":"read","2769":" tiw","2770":"iiri","2771":"ohin","2772":"peha","2773":"uemi","2774":"aera","2775":"\u014dria","2776":"age ","2777":"roko","2778":"niwh","2779":"rore","2780":" eru","2781":"ders","2782":"maih","2783":"r\u016bna","2784":"toha","2785":" mit","2786":"hete","2787":"iate","2788":" r\u016bn","2789":"rire","2790":" uiu","2791":"ruhi","2792":"nema","2793":"uao ","2794":"h\u014dia","2795":"eki ","2796":" aho","2797":"puro","2798":"eiri","2799":" cen","2800":"ukin","2801":"ukit","2802":"oiho","2803":" hoe","2804":"mako","2805":"koho","2806":"i000","2807":"p\u0101ho","2808":"raip","2809":"ekeh","2810":"gau ","2811":"hat ","2812":"pihi","2813":"haum","2814":"\u016bnan","2815":"kuan","2816":"ther","2817":"giha","2818":"utar","2819":"\u014dhat","2820":"tuan","2821":"moka","2822":"kuri","2823":"otoh","2824":" t\u014dt","2825":"reit","2826":"aite","2827":"itu\u0101","2828":"kaek","2829":"nihi","2830":"ryma","2831":" k\u0113m","2832":"utup","2833":"ahou","2834":"kuha","2835":" \u0101pi","2836":"\u0113har","2837":"whao","2838":"eron","2839":"aiap","2840":" eri","2841":" \u0113ha","2842":"reat","2843":"kung","2844":"meke","2845":" kuh","2846":"wira","2847":"t\u0101pi","2848":"anoa","2849":"taar","2850":" ea ","2851":" rob","2852":"\u0101ora","2853":"\u0113mu ","2854":"kuhu","2855":"mapi","2856":"ader","2857":" ruk","2858":"puti","2859":"ekai","2860":"uti ","2861":"okik","2862":" h\u0101m","2863":"rate","2864":"\u0101kit","2865":" t\u016bk","2866":" win","2867":"nota","2868":"topa","2869":"\u0101uru","2870":"guag","2871":"\u0101tan","2872":"pako","2873":" tuw","2874":"k\u0113mu","2875":"tota","2876":"haim","2877":"h\u0101in","2878":"\u016brop","2879":" wi ","2880":"apop","2881":"anek","2882":"uane","2883":"uage","2884":"haup","2885":"mei ","2886":"\u0101ima","2887":" haa","2888":" oke","2889":"rupa","2890":"tito","2891":"ehau","2892":"hohe","2893":" oha","2894":"tao ","2895":"aana","2896":"oreh","2897":"dige","2898":"maui","2899":"taru","2900":"ewhe","2901":"eama","2902":"eade","2903":"\u0101ea ","2904":"t\u0101im","2905":"uiar","2906":" him","2907":" twe","2908":" xx ","2909":"gahi","2910":"h\u0101or","2911":"t\u0101wa","2912":" tea","2913":"aaaa","2914":"uron","2915":"ikah","2916":"maut","2917":"yhap","2918":"eehi","2919":"oin\u0101","2920":"pung","2921":"hiro","2922":"eone","2923":"gung","2924":" h\u0101o","2925":" whu","2926":"heto","2927":"mira","2928":"h\u0101ia","2929":"oima","2930":"apet","2931":"uhat","2932":"kira","2933":"\u0101rua","2934":"nuta","2935":"gaa ","2936":" kuk","2937":"neki","2938":"kauh","2939":"tiu ","2940":"hihi","2941":"moku","2942":"enek","2943":"hoih","2944":"ewer","2945":" p\u016bm","2946":"apo ","2947":"ight","2948":"eia ","2949":" k\u014dp","2950":"ng\u0101w","2951":" bro","2952":"emit","2953":"rete","2954":"oemi","2955":"urah","2956":"waio","2957":"wako","2958":"amoa","2959":"uiak","2960":"pine","2961":" pu ","2962":"whik","2963":"ng\u0101p","2964":"ahuk","2965":"reih","2966":"peri","2967":" aat","2968":" w\u0101t","2969":"w\u0113ne","2970":"via ","2971":"paru","2972":"papu","2973":"im\u0101r","2974":" \u0101he","2975":"onal","2976":" \u016b ","2977":"omat","2978":"ngu ","2979":"umu ","2980":" h\u014du","2981":" neh","2982":"akuh","2983":"erew","2984":"it\u014dr","2985":"peni","2986":"rino","2987":"etik","2988":"hoti","2989":"rera","2990":"arom","2991":"hike","2992":" ite","2993":"uang","2994":" hiw","2995":" on ","2996":"g\u0101to","2997":"emen","2998":"atuw","2999":" t ","3000":"etoh","3001":" \ufffd ","3002":"\u014dren","3003":"atih","3004":"haik","3005":"am\u0101t","3006":"eree","3007":"ange","3008":" \u0113te","3009":"tami","3010":" sta","3011":"ohep","3012":"tame","3013":"apeh","3014":"\u014drit","3015":"ukau","3016":"aion","3017":"kauw","3018":" pro","3019":"meka","3020":"kuku","3021":"no0 ","3022":"moea","3023":"otar","3024":"all ","3025":"rowh","3026":"h\u014du ","3027":" huh","3028":"eton","3029":"hemi","3030":"ons ","3031":"kinu","3032":" k\u012bh","3033":"upa ","3034":"k\u0101hu","3035":"iaro","3036":"eror","3037":"owai","3038":"\u0101kah","3039":"itua","3040":"akok","3041":"amao","3042":"aoro","3043":"ahut","3044":"nehe","3045":"eek ","3046":"otik","3047":"tu\u0101 ","3048":"ukat","3049":"\u016bria","3050":"iwhe","3051":"some","3052":"0hon","3053":"\u016btai","3054":"ets ","3055":"t\u016bri","3056":"tuna","3057":"het\u016b","3058":"\u0101ho ","3059":"at\u016br","3060":"ive ","3061":"mane","3062":" dig","3063":"rari","3064":" wen","3065":"rako","3066":" rik","3067":"okow","3068":" maw","3069":"kian","3070":"nuti","3071":"kaoh","3072":"atet","3073":" top","3074":"ihot","3075":"emo ","3076":" 0ho","3077":"tter","3078":" \u014dri","3079":"enge","3080":"orik","3081":"urai","3082":"u\u0101ur","3083":"piih","3084":"urea","3085":"rear","3086":"paip","3087":"paoa","3088":"i\u0101ra","3089":"arok","3090":"hao ","3091":" ote","3092":"ling","3093":"ruku","3094":" ama","3095":"keto","3096":"enak","3097":"aui ","3098":"kiao","3099":"ngin","3100":"nal ","3101":"am\u0101o","3102":"erit","3103":" heh","3104":"auku","3105":"kane","3106":"tora","3107":"ono0","3108":"ape ","3109":"oper","3110":" via","3111":"orim","3112":"numi","3113":" thi","3114":"weti","3115":"etem","3116":" h\u012bt","3117":"t\u016b\u0101h","3118":"whut","3119":"\u016bmau","3120":"urin","3121":"akua","3122":"you ","3123":" ieh","3124":"orea","3125":"urew","3126":"uhur","3127":"au\u0101u","3128":"t\u016bki","3129":"\u012bhai","3130":"m\u0101wh","3131":"piho","3132":"poih","3133":"whio","3134":"\u0101kon","3135":"w\u012bw\u012b","3136":"hino","3137":"t\u016bpa","3138":"epu ","3139":"ap\u0101h","3140":"okan","3141":"amon","3142":"eroa","3143":"\u0101hei","3144":"h\u0101tu","3145":"m\u0101ha","3146":"gako","3147":"\u016b\u0101hu","3148":"raio","3149":"aioh","3150":"ukar","3151":"tore","3152":" ipu","3153":"peti","3154":"anih","3155":" t\u016b\u0101","3156":"k\u012bha","3157":"hipe","3158":" tu\u0101","3159":"kaea","3160":"ini0","3161":"nior","3162":" h\u0101 ","3163":"ohoo","3164":"reri","3165":"t\u016bru","3166":"niko","3167":"\u0101rai","3168":"gapu","3169":"\u012bw\u012b ","3170":"keeh","3171":"raih","3172":" w\u012bw","3173":" rem","3174":"h\u014dta","3175":"teha","3176":"\u0101ken","3177":" wor","3178":"ni00","3179":"p\u0101ha","3180":"arep","3181":" eko","3182":"um>0","3183":" roo","3184":"arim","3185":"at\u0101n","3186":"nz00","3187":"\u012btor","3188":" ha ","3189":"owin","3190":"hota","3191":" rum","3192":"moe\u0101","3193":"giti","3194":"that","3195":"gere","3196":"imih","3197":"reer","3198":"oiko","3199":" kiw","3200":"p\u014dta","3201":"our ","3202":"akea","3203":"cenz","3204":"eets","3205":"ngom","3206":"\u016bkin","3207":" wil","3208":"hate","3209":" tuu","3210":" k\u0101p","3211":"h\u012bto","3212":"peng","3213":"irii","3214":"m\u0101na","3215":"naha","3216":" mae","3217":" p\u014dn","3218":" nep","3219":"noti","3220":"atoh","3221":"poho","3222":"neon","3223":"\u014dhar","3224":"oaki","3225":"nika","3226":"nter","3227":"mina","3228":"tipa","3229":"oneo","3230":"mori","3231":" m\u0101w","3232":"urae","3233":"roia","3234":"teto","3235":"roak","3236":"ekia","3237":"itat","3238":"hiat","3239":"pore","3240":"aimo","3241":"apoh","3242":"wau ","3243":"ikia","3244":"ard ","3245":"ukan","3246":"orei","3247":" tre","3248":"une ","3249":"h\u0101ki","3250":"hamu","3251":" act","3252":"tohi","3253":"\u0101t\u0101w","3254":"kiro","3255":" awe","3256":"nce ","3257":"umia","3258":" p\u0113p","3259":"oe\u0101 ","3260":"niho","3261":"atiu","3262":"\u014dhin","3263":"omia","3264":"ove ","3265":"gima","3266":"i\u0101ia","3267":"m>00","3268":"\u016bh\u016b ","3269":"timi","3270":" kow","3271":" sha","3272":"\u0113tan","3273":"z00 ","3274":"ihir","3275":"hato","3276":"rds ","3277":" gra","3278":"aake","3279":" too","3280":"kopi","3281":"gahu","3282":"ehan","3283":"aehe","3284":"akoe","3285":"goma","3286":"imen","3287":"gest","3288":" net","3289":" air","3290":" m\u014dk","3291":"teat","3292":"\u016bpat","3293":"apuh","3294":"ihur","3295":" pue","3296":"umao","3297":"tapi","3298":"ihon","3299":"\u016bron","3300":" hup","3301":"ukia","3302":"h\u016bh\u016b","3303":" \u0101ko","3304":" \u014du ","3305":"ikoi","3306":"ruak","3307":"\u0101war","3308":"ook ","3309":"paet","3310":"riir","3311":"inea","3312":" \u016bro","3313":"kai\u0101","3314":"apun","3315":" i\u0101i","3316":"\u0113hi ","3317":"roan","3318":"enem","3319":"apum","3320":"whek","3321":"iges","3322":"rowi","3323":"gaia","3324":"eita","3325":"ewet","3326":"et\u016b ","3327":"bert","3328":"\u0101puh","3329":"orut","3330":"tuho","3331":" it ","3332":"nate","3333":"kupe","3334":" is ","3335":"itoh","3336":"amam","3337":" raa","3338":"kohe","3339":"\u0101kut","3340":"\u0101moa","3341":" epa","3342":"enz0","3343":"ropu","3344":"\u014drea","3345":"garu","3346":"ooho","3347":"aton","3348":"urap","3349":"auho","3350":"\u0113ra ","3351":"\u014diho","3352":"etop","3353":"p\u016bro","3354":"uako","3355":"uaha","3356":"\u0101h\u016bh","3357":" n\u0101i","3358":" rui","3359":" ung","3360":" uni","3361":"\u014dnek","3362":"ireh","3363":"t\u0101hu","3364":" teh","3365":"g\u0101pu","3366":"eeee","3367":"roim","3368":"inoh","3369":"chat","3370":"kur\u012b","3371":"\u0101hau","3372":"paoh","3373":"opuk","3374":"inam","3375":"h\u014dih","3376":"iota","3377":"rein","3378":"itiw","3379":"mair","3380":"ngow","3381":"ahiw","3382":"teih","3383":" ati","3384":"ust ","3385":"oama","3386":"etek","3387":"aweh","3388":"tepu","3389":"roop","3390":" r\u012bp","3391":"r\u0101hu","3392":"t\u014dri","3393":"raim","3394":" oro","3395":"okai","3396":"\u0101tat","3397":"ian ","3398":"emai","3399":"ikak","3400":"will","3401":"uika","3402":" t\u012bk","3403":" auk","3404":"raon","3405":"oopu","3406":"p\u014dne","3407":"urio","3408":"g\u0101ta","3409":"\u0101rei","3410":"ley ","3411":"oapa","3412":"\u0113na ","3413":"hetu","3414":"iram","3415":"week","3416":"paer","3417":"p\u0101ni","3418":"koat","3419":"mawh","3420":"gowh","3421":"work","3422":"eahu","3423":"ster","3424":"enih","3425":" p\u016b ","3426":" n\u0101k","3427":"waiw","3428":"iari","3429":"atum","3430":"auhi","3431":"\u016bru ","3432":"owhe","3433":"atwe","3434":"ess ","3435":" pum","3436":" unu","3437":"urat","3438":"upuh","3439":"nene","3440":"tamu","3441":"hiak","3442":"g\u0101wa","3443":" m\u014dt","3444":"riu ","3445":"\u014dwhi","3446":"rihu","3447":"natw","3448":"auak","3449":"goik","3450":"ap\u0101 ","3451":"pohe","3452":"ieho","3453":"oryp","3454":"h\u0113h\u0113","3455":"ai\u0101r","3456":"her ","3457":"t\u014dhe","3458":"les ","3459":"ripa","3460":" k\u014dm","3461":"uite","3462":"kiki","3463":"ruro","3464":"comp","3465":"eang","3466":"repa","3467":"ikaw","3468":"act ","3469":"okoo","3470":"tuit","3471":"hiwa","3472":"\u014dhea","3473":"ngot","3474":"uhua","3475":"oton","3476":"anik","3477":"emok","3478":"t\u016bng","3479":"ihou","3480":"h\u0101mo","3481":"puar","3482":" ure","3483":"inap","3484":"h\u0101ra","3485":"omar","3486":"gaoa","3487":"ions","3488":"apao","3489":"ur\u012b ","3490":"kauk","3491":" naw","3492":"pepe","3493":"erom","3494":"uatu","3495":"ap\u014d ","3496":"auk\u012b","3497":"aii ","3498":" k\u016ba","3499":" wel","3500":"aken","3501":"epe ","3502":"ruan","3503":"imai","3504":" r ","3505":" ami","3506":"ith ","3507":"man ","3508":"etar","3509":" | ","3510":"n\u0101ku","3511":"poha","3512":"k\u0101k\u0101","3513":"ime ","3514":"tui ","3515":" aru","3516":" ak ","3517":"ruhu","3518":"m\u0101u ","3519":"kume","3520":"urun","3521":"ioha","3522":" tee","3523":" nok","3524":" bil","3525":"himi","3526":"kap\u016b","3527":"rano","3528":" \u0101u ","3529":"hune","3530":"k\u0101ea","3531":" ira","3532":" cla","3533":"kii ","3534":"ahaw","3535":"ngo\u0101","3536":"ngen","3537":"\u0101tap","3538":"ober","3539":"oryk","3540":"okim","3541":"go\u0101 ","3542":"anam","3543":"amo ","3544":"oote","3545":"huku","3546":"wawe","3547":"ohea","3548":"k\u0113ta","3549":"\u0101wha","3550":"roke","3551":"ted ","3552":"naru","3553":"\u0101iti","3554":"iera","3555":"auhe","3556":"kepu","3557":"am\u0101 ","3558":"0pm ","3559":"\u0113h\u0113 ","3560":"u\u0101ka","3561":"p\u0113wh","3562":"inte","3563":"opot","3564":"ukum","3565":"orat","3566":"muer","3567":"illi","3568":"p\u0101pa","3569":" pew","3570":"imon","3571":"pei ","3572":"ouru","3573":"anie","3574":"\u0101ria","3575":"meha","3576":"raum","3577":"oih\u0101","3578":"ngiw","3579":"amor","3580":"riwe","3581":"auat","3582":"akip","3583":" p\u0113w","3584":"t\u016bte","3585":"eper","3586":"hene","3587":"kehi","3588":"reki","3589":"auki","3590":"ctio","3591":" day","3592":"\u014dh\u0113h","3593":"ih\u0101k","3594":"h\u0101it","3595":"p\u014dh\u0113","3596":"robe","3597":"h\u0101ke","3598":"mahe","3599":"atem","3600":"hawe","3601":" mek","3602":"eeke","3603":"irom","3604":"tuia","3605":"aror","3606":"upou","3607":"ung\u0101","3608":"ave ","3609":"taik","3610":"oame","3611":"\u0101nio","3612":"aoam","3613":"ell ","3614":"otun","3615":"main","3616":"oryw","3617":"\u0101hit","3618":" aor","3619":"inah","3620":"bill","3621":"tu\u0101k","3622":" k ","3623":"book","3624":"gait","3625":"ngop","3626":"r\u0113hi","3627":"eput","3628":" nik","3629":"aupi","3630":"gamo","3631":"ngik","3632":"euru","3633":"ipen","3634":"ener","3635":" t\u0113 ","3636":" nor","3637":"miro","3638":"ikau","3639":"\u0101ngi","3640":"awau","3641":"iwah","3642":"ahoa","3643":" ani","3644":"anon","3645":"hape","3646":"p\u016bke","3647":"iori","3648":"aipe","3649":"uari","3650":"\u0113whe","3651":"\u016bmat","3652":"huma","3653":"aoru","3654":"remo","3655":"apek","3656":"pewh","3657":"erir","3658":"repo","3659":"gopa","3660":"weri","3661":"rour","3662":"taak","3663":" ng ","3664":" int","3665":"wene","3666":"etit","3667":"t\u0113na","3668":"ruia","3669":"ginu","3670":"ary ","3671":"pota","3672":"k\u0101ri","3673":"ateh","3674":" lea","3675":" aak","3676":" nih","3677":"taiw","3678":"iraw","3679":"ukuh","3680":"geng","3681":"iiti","3682":"at\u014dh","3683":"\u014dro ","3684":" heu","3685":" bea","3686":" cor","3687":" mad","3688":"uar\u0101","3689":"iere","3690":"ream","3691":"tute","3692":"kuhi","3693":" tio","3694":"tuka","3695":" all","3696":" col","3697":"reah","3698":"tewh","3699":"k\u014dhu","3700":"inem","3701":"uk\u012b ","3702":"putu","3703":"ipua","3704":" n\u014dk","3705":"ekap","3706":"eare","3707":"hane","3708":" dep","3709":" tra","3710":"ait\u0101","3711":"inia","3712":"maio","3713":"well","3714":" lin","3715":"oheh","3716":"ripe","3717":"arun","3718":"i00 ","3719":"iapa","3720":"amur","3721":"k\u014dhi","3722":"repe","3723":" at ","3724":"nap\u014d","3725":"itte","3726":"ies ","3727":"opat","3728":"\u016bnga","3729":" boo","3730":"uher","3731":" hih","3732":" ree","3733":"\u014dtar","3734":"eika","3735":"unar","3736":"uate","3737":" pla","3738":"p\u0101ra","3739":"orih","3740":"kah\u0101","3741":"amen","3742":"aim\u0101","3743":"i\u0101ta","3744":" now","3745":" can","3746":"ide ","3747":"gim\u0101","3748":"aeha","3749":"heu ","3750":"ui\u0101t","3751":"naua","3752":" be ","3753":"oooo","3754":"tatu","3755":"k\u014dmi","3756":"moum","3757":"ang\u0101","3758":" gre","3759":"ruto","3760":" mik","3761":"rut\u016b","3762":"over","3763":"aapa","3764":"ohot","3765":"honi","3766":"hooh","3767":"uriw","3768":"pehi","3769":"alle","3770":"ohir","3771":"rimu","3772":"nuer","3773":"love","3774":"iaha","3775":"than","3776":" m\u0101i","3777":"\u014dkai","3778":"eriw","3779":"rapi","3780":"tipe","3781":"t\u012bki","3782":"ght ","3783":"atok","3784":" kem","3785":" joh","3786":"pahe","3787":" ui ","3788":"timo","3789":"ahon","3790":"nes ","3791":"uung","3792":"m\u0101re","3793":"kupa","3794":"iawa","3795":"nere","3796":"ice ","3797":"ohai","3798":"\u0101pih","3799":"\u0101roh","3800":"aihu","3801":"akup","3802":"huan","3803":"h\u0101to","3804":" r\u012bk","3805":"upao","3806":" p\u016bh","3807":" p\u014dr","3808":"niti","3809":"uket","3810":"hoha","3811":"his ","3812":"ruap","3813":" wao","3814":"\u0101pit","3815":"own ","3816":"raa ","3817":"rime","3818":"oumo","3819":"ttle","3820":"k\u0101i ","3821":"\u0101hu ","3822":"turo","3823":"erue","3824":"tuun","3825":" h\u012b ","3826":"gota","3827":"were","3828":"atao","3829":"sion","3830":"\u0101ton","3831":"ek\u0113t","3832":"umou","3833":"nea ","3834":"ston","3835":" t\u012bt","3836":"kit\u014d","3837":"time","3838":"t\u0101pa","3839":"\u0113net","3840":"ngir","3841":"ekah","3842":"haeh","3843":"raiw","3844":"aepa","3845":"ramu","3846":"aama","3847":"rora","3848":"aumi","3849":"oe00","3850":"0am ","3851":"sing","3852":"gaki","3853":"\u012bwah","3854":"\u0101uiu","3855":"awes","3856":"ranu","3857":"n\u0101u ","3858":"\u016bhia","3859":"uty ","3860":" k\u014dw","3861":"iore","3862":" n\u0101h","3863":"\u0101hun","3864":" hit","3865":"comm","3866":" pre","3867":"imot","3868":"ehae","3869":"umek","3870":"nawe","3871":"uehu","3872":" h\u0101u","3873":" p ","3874":"koe0","3875":"ihem","3876":"neta","3877":"amot","3878":"napa","3879":"t\u0101ri","3880":"hour","3881":"iaru","3882":"uau ","3883":"ohar","3884":"taue","3885":"gitu","3886":"mera","3887":"aw\u0101t","3888":"depu","3889":"ork ","3890":"ehui","3891":"atot","3892":"hauk","3893":"eeta","3894":"haui","3895":"naho","3896":"nian","3897":"tapo","3898":"puty","3899":"ilan","3900":" val","3901":"home","3902":"agew","3903":"blac","3904":"hohu","3905":"keep","3906":"utik","3907":"r\u0101ho","3908":"rono","3909":"uhun","3910":"moap","3911":"nuih","3912":"ruti","3913":"ukor","3914":"wani","3915":"m\u0101h\u016b","3916":"ramo","3917":"aine","3918":"ver ","3919":"kaue","3920":" n\u0101u","3921":"uhoe","3922":"auao","3923":" ne ","3924":"h\u0101ri","3925":" lov","3926":"pute","3927":"tree","3928":" bri","3929":"natu","3930":"eraw","3931":" k\u0101 ","3932":"u\u0101wa","3933":"emar","3934":"p\u0101ka","3935":"poip","3936":"kuar","3937":" chi","3938":"n\u014dku","3939":" m\u014du","3940":"huak","3941":"rout","3942":"hipo","3943":"\u016bare","3944":"ones","3945":"paua","3946":"neur","3947":" fro","3948":"ineu","3949":" m ","3950":"ewee","3951":"rowa","3952":"pu\u0101w","3953":"amue","3954":"er\u0101 ","3955":" h\u014dr","3956":"ance","3957":"aero","3958":"kipa","3959":"\u014dreh","3960":"uhou","3961":" bir","3962":"oaka","3963":"iaor","3964":"m\u0101ma","3965":"akui","3966":"r\u016b\u0101t","3967":" \u00eb ","3968":"\u014dh\u0101 ","3969":"port","3970":"ukep","3971":"ihor","3972":" ori","3973":"erih","3974":"tiit","3975":"ruar","3976":"lack","3977":"opoa","3978":"john","3979":"pate","3980":"weso","3981":"h\u014dh\u0101","3982":"otai","3983":" pas","3984":"\u016b\u0101to","3985":"moho","3986":"up\u0101 ","3987":"\u0101ke ","3988":"this","3989":"mauh","3990":"apik","3991":"t\u0101ha","3992":" r\u016b\u0101","3993":"esom","3994":" c ","3995":"oing","3996":"ish ","3997":" pia","3998":"hatn","3999":"taz ","4000":" bar","4001":"gewe","4002":"tiaw","4003":" geo","4004":"k\u016bar","4005":"uwar","4006":"\u0101kei","4007":"kuki","4008":"wewe","4009":" \u0101ro","4010":"m\u0101ia","4011":"wao ","4012":"rees","4013":" ren","4014":" t\u00e5 ","4015":"t\u016bt\u016b","4016":" h\u0113n","4017":"hauh","4018":"\u014dmih","4019":"auit","4020":"paro","4021":"rean","4022":"upuk","4023":"now ","4024":" bay","4025":"mepa","4026":"pueh","4027":" fla","4028":"from","4029":"bird","4030":"\u0101mu ","4031":"tson","4032":"ewai","4033":"rom ","4034":"atnz","4035":"righ","4036":"etaz","4037":" nah","4038":"umi ","4039":"gate","4040":"\u0101mar","4041":" res","4042":" goo","4043":"\u0101ung","4044":"ing\u0101","4045":"00am","4046":"tepe","4047":"teik","4048":"upo ","4049":"hupi","4050":"heam","4051":"ding","4052":"kini","4053":"p\u014dro","4054":"paea","4055":"t\u014dta","4056":"tnz ","4057":"kemo","4058":"oung","4059":"each","4060":"rila","4061":"hiao","4062":"erts","4063":"orth","4064":"kam\u014d","4065":"\u014dtae","4066":"whaa","4067":"\u012bki ","4068":" car","4069":"nier","4070":" coo","4071":"ruah","4072":"ees ","4073":"\u0101kai","4074":"ipiu","4075":"eara","4076":"ipan","4077":"\u016bken","4078":"k\u014dpa","4079":"\u016bpok","4080":"ng\u0101h","4081":"bay ","4082":"meih","4083":"kuih","4084":"eko ","4085":"anap","4086":"\u014dtir","4087":"kah\u012b","4088":"kior","4089":"ikon","4090":"urek","4091":"ters","4092":"iuna","4093":" k\u0101e","4094":"piun","4095":"kuao","4096":"\u0101pak","4097":"ipon","4098":" kum","4099":"\u0101ha ","4100":"itur","4101":"omok","4102":" aut","4103":"emep","4104":"peek","4105":"k\u012bwa","4106":"oril","4107":"ruer","4108":"aona","4109":"puwa","4110":"hout","4111":"mes ","4112":"rtso","4113":"ood ","4114":" k\u012bw","4115":"eneh","4116":"eed ","4117":"hini","4118":"anum","4119":"tam\u0101","4120":" amu","4121":"amea","4122":"erep","4123":"k\u014dwh","4124":" an ","4125":"au\u0101 ","4126":"with","4127":"wara","4128":"rito","4129":"otat","4130":" rou","4131":"m\u014du ","4132":"\u0101ki ","4133":"itui","4134":"g\u0101ru","4135":"apuw","4136":"etuk","4137":"okoi","4138":" dis","4139":"nenu","4140":"uret","4141":"unuh","4142":" p\u0101m","4143":"aip\u0101","4144":"hapi","4145":"orio","4146":" ini","4147":"\u0113hit","4148":"anen","4149":"ikih","4150":"als ","4151":"h\u012bh\u012b","4152":"twit","4153":"ipoi","4154":"adam","4155":"orir","4156":"poam","4157":"neam","4158":" k\u012ba","4159":"der ","4160":"uheu","4161":"ipak","4162":"emoa","4163":" r\u0113h","4164":"meme","4165":" eti","4166":"ipok","4167":"ipai","4168":"uhan","4169":"otei","4170":"aike","4171":"mple","4172":"puaw","4173":"ropa","4174":"too ","4175":" or ","4176":" pui","4177":"\u0101por","4178":"inne","4179":"tehe","4180":"lly ","4181":"your","4182":"puer","4183":"iira","4184":"ryr\u0101","4185":"r\u0101ke","4186":"ogra","4187":"p\u0113pi","4188":" n\u014dn","4189":"eami","4190":" bla","4191":"haon","4192":"come","4193":"iver","4194":"ahem","4195":"puia","4196":"h\u0101un","4197":"uwhi","4198":"rewi","4199":"ohur","4200":"t\u014dti","4201":"oipo","4202":"rone","4203":"okem","4204":"\u0101tia","4205":" pu\u0101","4206":"heuh","4207":"kemu","4208":"\u0113pi ","4209":"ohak","4210":" iro","4211":"rapo","4212":"waro","4213":"topi","4214":" kre","4215":"h\u0113ne","4216":"witt","4217":"otuk","4218":" t\u014dp","4219":"rman","4220":"ahih","4221":"aetu","4222":"areo","4223":"koit","4224":" r\u014d ","4225":"waii","4226":"reha","4227":" t\u0113p","4228":"p\u014dra","4229":"t\u0101ke","4230":"uuri","4231":"othe","4232":"ming","4233":" k\u014dn","4234":"nepi","4235":"imoa","4236":"iwer","4237":"uruk","4238":"00pm","4239":"not ","4240":"heru","4241":" opo","4242":"urer","4243":"hion","4244":"unat","4245":"opih","4246":"epae","4247":"utea","4248":"tenu","4249":"itek","4250":"ipat","4251":"uitu","4252":"euhe","4253":"mote","4254":"moto","4255":"ipia","4256":"\u014dtek","4257":"ukup","4258":"r\u012bki","4259":"ipek","4260":"uwae","4261":"erin","4262":"m\u014dku","4263":"irea","4264":"upe ","4265":"ahip","4266":"ut\u016b\u0101","4267":"aior","4268":"urie","4269":"mean","4270":"ehek","4271":"puki","4272":" hut","4273":"\u016bhon","4274":"ng\u0101n","4275":"pehu","4276":"amir","4277":"\u012bh\u012b ","4278":"apok","4279":"reed","4280":"huti","4281":"rywh","4282":"gika","4283":"ach ","4284":"maer","4285":" wal","4286":"reik","4287":" don","4288":"paia","4289":"krer","4290":" my ","4291":"imer","4292":"itio","4293":">00p","4294":"par\u0101","4295":"okir","4296":"anue","4297":"tume","4298":"ahea","4299":"ikei","4300":"ous ","4301":"\u0101r\u014d ","4302":"ays ","4303":"m\u0101r\u014d","4304":"\u0113pu ","4305":"ar\u0101o","4306":"tero","4307":"waku","4308":"ohen","4309":"\u0113hia","4310":"ompl","4311":"t\u0113pu","4312":"teao","4313":"raor","4314":"orao","4315":"\u00e5mot","4316":" rih","4317":"\u0101oa ","4318":" d ","4319":"\u0101iwi","4320":"ast ","4321":"hami","4322":" fin","4323":" ero","4324":" ere","4325":"ekea","4326":"raoa","4327":"serv","4328":"cast","4329":" p\u012bh","4330":"\u012bkin","4331":" kip","4332":"ryra","4333":"e000","4334":"dam ","4335":"maeh","4336":"uama","4337":" t\u016bn","4338":" ioa","4339":"tewe","4340":"anea","4341":" ete","4342":"p\u00e5mo","4343":"kuma","4344":" ste","4345":"o00 ","4346":"n\u0101hi","4347":"p\u0101ki","4348":"arum","4349":"am\u0101h","4350":" aup","4351":"thin","4352":"auen","4353":"ick ","4354":" sal","4355":"p\u014dwh","4356":"char","4357":"um>\ufffd","4358":"taan","4359":"mora","4360":"ble ","4361":"konu","4362":"regi","4363":"tepa","4364":"iing","4365":"chie","4366":"isla","4367":" chr","4368":"t\u0113he","4369":" ind","4370":"ack ","4371":" rok","4372":"ife ","4373":"rewh","4374":"unia","4375":"out\u016b","4376":"niwa","4377":"heka","4378":" ier","4379":"h\u014dhi","4380":"iput","4381":"leme","4382":"\u0101kua","4383":"neha","4384":"riho","4385":"nehi","4386":"len ","4387":"\u0113nek","4388":"epia","4389":"ngor","4390":" m\u014dn","4391":"tus ","4392":"\u0101kiw","4393":"reak","4394":"lete","4395":"ehur","4396":"ever","4397":"goat","4398":"itv ","4399":"bro ","4400":"raph","4401":"ter\u0101","4402":"llin","4403":" pol","4404":"nort","4405":"\u014dhip","4406":"auro","4407":" lau","4408":"raho","4409":"w\u0101w\u0101","4410":"anua","4411":"waak","4412":"atim","4413":"mon ","4414":" p\u014dw","4415":"ong ","4416":"auiu","4417":" kek","4418":"maat","4419":"mada","4420":"umai","4421":"m>\ufffd ","4422":"auah","4423":"uahu","4424":"iwak","4425":"peit","4426":" aur","4427":"ueng","4428":"pres","4429":"uwai","4430":"ymar","4431":"eepa","4432":"huah","4433":"oaha","4434":"nny ","4435":"kame","4436":"ead ","4437":"t\u016bro","4438":"ial ","4439":"mat\u0101","4440":"rth ","4441":" pho","4442":"ats ","4443":" sam","4444":"just","4445":"chan","4446":"kar\u0101","4447":" t\u0113h","4448":"kuti","4449":"nepu","4450":"gama","4451":" mil","4452":" hav","4453":"mena","4454":"grap","4455":"g\u0101ne","4456":" t\u012br","4457":"moat","4458":"gapo","4459":"apia","4460":"eet ","4461":"pohi","4462":"hope","4463":"nehu","4464":"ingt","4465":"\u0101nar","4466":"\u0101p\u0101r","4467":"ekat","4468":"mure","4469":"hoka","4470":"muta","4471":"tate","4472":"scho","4473":"r\u012bpo","4474":"llen","4475":"nai ","4476":" j ","4477":"itot","4478":" n\u0101w","4479":"gion","4480":"\u012bpoa","4481":"tauw","4482":"heat","4483":"\u0101pae","4484":"ouro","4485":" w\u0101w","4486":" jus","4487":" tru","4488":"noku","4489":"weke","4490":"am\u014dh","4491":" twi","4492":"hoah","4493":"ain ","4494":" kut","4495":"ahup","4496":"kaa ","4497":"kiwi","4498":"unit","4499":" oka","4500":" kio","4501":"out ","4502":"orin","4503":"onia","4504":"it\u0113n","4505":" rom","4506":"uten","4507":"p\u0101mu","4508":"amet","4509":"giwe","4510":"inet","4511":"dcha","4512":" san","4513":"aiku","4514":"uiap","4515":"erua","4516":" rao","4517":"aoha","4518":"gapa","4519":"gohe","4520":" nap","4521":"\u016bter","4522":"ipo ","4523":"aiah","4524":"itet","4525":"orar","4526":"ami ","4527":" mic","4528":"t\u0101re","4529":"itop","4530":"ah\u012bh","4531":"urem","4532":"pah\u016b","4533":"plet","4534":"uape","4535":"ngae","4536":"\u0101apa","4537":"nds ","4538":"atuh","4539":"tope","4540":"atuk","4541":"ritv","4542":"ohao","4543":"hris","4544":"een ","4545":"\u0101t\u016b ","4546":"\u0101wah","4547":"have","4548":" hol","4549":"\u0101hae","4550":" t\u012bn","4551":"ohn ","4552":"hopo","4553":" dav","4554":"edch","4555":"tes ","4556":"\u0101tik","4557":" \u0101ki","4558":" uak","4559":" edc","4560":"aare","4561":"hur ","4562":"chri","4563":"erup","4564":"n\u0101wa","4565":"n\u014dna","4566":" tiu","4567":"p\u0113hi","4568":"ower","4569":"piir","4570":" woo","4571":"epeh","4572":"heit","4573":" de ","4574":"paar","4575":"\u0101ret","4576":" sch","4577":"\u0101oho","4578":"kope","4579":"\u0101par","4580":"elli","4581":"ins ","4582":"auaa","4583":" k\u0101n","4584":"yman","4585":"t\u0101pu","4586":" paw","4587":"aoka","4588":"toti","4589":"lati","4590":" our","4591":"indi","4592":"kak\u012b","4593":"at\u016b\u0101","4594":"teko","4595":"live","4596":" cre","4597":"pian","4598":"r\u0101hi","4599":"egio","4600":"r\u0101oa","4601":"\u012bpen","4602":"kote","4603":"reho","4604":"ahim","4605":"rist","4606":" w\u0101r","4607":"ruaw","4608":"ipor","4609":"irds","4610":"maik","4611":"irer","4612":"unuk","4613":"ale ","4614":" t\u0113i","4615":" p\u0101o","4616":"aw\u0101h","4617":"w\u0113n\u0101","4618":"uaap","4619":"akom","4620":" mas","4621":"poak","4622":"vers","4623":"\u0101ten","4624":"epur","4625":"\u0101huh","4626":"ruka","4627":"itii","4628":"emeh","4629":"xxx ","4630":" pri","4631":"apou","4632":"oiti","4633":"pano","4634":" tro","4635":" sou","4636":"stic","4637":" ong","4638":"haoh","4639":"lish","4640":"p\u0101oh","4641":"waah","4642":" w ","4643":"ap\u0101p","4644":"pat\u016b","4645":"tone","4646":"eiku","4647":"tuhe","4648":"auan","4649":" as ","4650":"erim","4651":" ken","4652":"moeh","4653":"kitu","4654":"ah\u016b ","4655":"opak","4656":"okap","4657":"aruh","4658":" p\u012bk","4659":"eram","4660":"aawa","4661":"aruk","4662":"pawa","4663":"ryt\u0101","4664":"etin","4665":"m\u014dna","4666":"ean\u014d","4667":"eatu","4668":"lls ","4669":"paho","4670":"\u014dr\u0101k","4671":" \u014dr\u0101","4672":"cons","4673":"urou","4674":"lley","4675":"at\u016bt","4676":" ng\u0113","4677":"ence","4678":"ut\u016bt","4679":"m\u0101hu","4680":"per ","4681":"mika","4682":"irst","4683":" who","4684":" hi ","4685":" rt ","4686":"ean ","4687":"ikop","4688":"gana","4689":"i\u0101ki","4690":"eima","4691":"h\u0101ka","4692":"iani","4693":"watu","4694":"at\u014d ","4695":"tup\u014d","4696":"ile ","4697":"kero","4698":" kep","4699":"atep","4700":"visi","4701":"maho","4702":"pepu","4703":"hunu","4704":"\u014dhur","4705":"iker","4706":"apea","4707":" aww","4708":"eeni","4709":"vall","4710":" hii","4711":"<<nu","4712":"\u016bt\u016b ","4713":"t\u012bhe","4714":"omor","4715":" jac","4716":"gatu","4717":"kam\u012b","4718":"rine","4719":"ord ","4720":"teen","4721":"r\u012bpe","4722":" cou","4723":"chur","4724":"team","4725":"m\u0101ka","4726":"eate","4727":"epue","4728":"ume ","4729":"iap\u0101","4730":"\u0101har","4731":"ort ","4732":"ngto","4733":"t\u0113ra","4734":"choo","4735":"k\u0101ra","4736":" xxx","4737":"beac","4738":"am\u012bh","4739":"otau","4740":"nals","4741":" sup","4742":"akiu","4743":"ace ","4744":"ark ","4745":"sett","4746":"akik","4747":" tii","4748":" sor","4749":"iero","4750":"muka","4751":" str","4752":"tewa","4753":"mmmm","4754":"\u0101rek","4755":"etap","4756":"utip","4757":" cuz","4758":"ings","4759":"mong","4760":"\u0101ren","4761":"ames","4762":"etew","4763":"upep","4764":"hool","4765":"riru","4766":"isti","4767":"\u0101tin","4768":"up\u014dr","4769":"shar","4770":"\u0101kih","4771":"shan","4772":"uram","4773":"p\u016bka","4774":"paep","4775":"nau\u0101","4776":"nder","4777":"maak","4778":" naa","4779":"hano","4780":"pao ","4781":"ettl","4782":"\u016brei","4783":"iret","4784":"t\u016b\u0101n","4785":" t\u00e5r","4786":"tio ","4787":"\u016b\u0101nu","4788":"at\u016bp","4789":" pam","4790":"\u0101rew","4791":"mmit","4792":" p\u014dk","4793":"yr\u0101k","4794":"pasi","4795":"ui\u0101k","4796":" oh ","4797":"anza","4798":"\u00e4hau","4799":"iwew","4800":" hio","4801":"iura","4802":"peia","4803":"amek","4804":"erop","4805":"\u0101her","4806":"vati","4807":"rotu","4808":"ewen","4809":"oako","4810":"sed ","4811":"gane","4812":"naan","4813":" pow","4814":"uamu","4815":"\u0101ka ","4816":" t\u014dm","4817":"p\u014dka","4818":"rutu","4819":"eene","4820":" tuo","4821":" kae","4822":"oher","4823":"good","4824":"renu","4825":" set","4826":"llia","4827":"tupo","4828":"oeha","4829":"rahe","4830":"rinu","4831":" reg","4832":"repu","4833":"ree ","4834":"t\u012bni","4835":"\u012bhi ","4836":"ecti","4837":" jun","4838":"okea","4839":"kiwh","4840":"t\u00e4ha","4841":"ak\u012b ","4842":"geru","4843":"emur","4844":"\u016bmar","4845":" reu","4846":"\u012bt\u012b ","4847":"reim","4848":" ruh","4849":"ouka","4850":"esti","4851":"h\u0101ko","4852":"rote","4853":"r\u014dri","4854":"komo","4855":"iwe ","4856":"kono","4857":"houh","4858":"nono","4859":" wh\u012b","4860":"epan","4861":"anut","4862":"uken","4863":"gton","4864":"haan","4865":"mao ","4866":" tkk","4867":"part","4868":" url","4869":"gaho","4870":"mawe","4871":"gina","4872":" <<n","4873":"kkm ","4874":"asif","4875":"mimi","4876":"aono","4877":"aamu","4878":"ris ","4879":"lace","4880":"miss","4881":"aoma","4882":"kah\u014d","4883":"rust","4884":"omeo","4885":"\u0101riu","4886":"ear ","4887":" r\u0101p","4888":"yran","4889":"ouar","4890":"eorg","4891":" gui","4892":"mont","4893":"\u014dpit","4894":"firs","4895":"iuia","4896":" h\u0101t","4897":"m\u0101nu","4898":"iapu","4899":"sifi","4900":"iato","4901":"roki","4902":"k\u0101pu","4903":"stra","4904":"soci","4905":"ress","4906":" mim","4907":"kiin","4908":"pitu","4909":"\u014dhia","4910":"stat","4911":"arri","4912":"heti","4913":"kepa","4914":" mov","4915":"\u0101mat","4916":"onge","4917":"w\u0101ri","4918":"iawh","4919":"peen","4920":" k\u0113t","4921":"atiw","4922":"awek","4923":"eaki","4924":"nae ","4925":"t\u014dpi","4926":"p\u014dhi","4927":"onam","4928":"heih","4929":"outu","4930":" h\u016bp","4931":"\u0101min","4932":"koak","4933":" soc","4934":"heua","4935":"rauo","4936":" som","4937":" chu","4938":"poup","4939":"lie ","4940":"ah\u0101n","4941":"uper","4942":"upua","4943":"ohek","4944":" n\u014dh","4945":"epi ","4946":" nz ","4947":"ireo","4948":"erar","4949":"iohi","4950":" \u0101ke","4951":"okur","4952":"\u012bhop","4953":"trus","4954":" fir","4955":"move","4956":"taho","4957":"teke","4958":"muam","4959":"ng\u016b ","4960":" \u012bno","4961":"\u0101p\u0101h","4962":" by ","4963":"iano","4964":"auko","4965":"taa ","4966":"tumo","4967":"\u0101nen","4968":"peru","4969":"wenu","4970":"clai","4971":"im\u0101o","4972":"neih","4973":"fika","4974":"oupo","4975":" art","4976":" mii","4977":"stil","4978":"rene","4979":"ak\u0101h","4980":"aawh","4981":"keru","4982":"atew","4983":"p\u012bho","4984":"tlem","4985":" bel","4986":"eam ","4987":" rev","4988":"\u012bti ","4989":"kehe","4990":"onot","4991":" h\u0113k","4992":"cont","4993":"uuuu","4994":" rae","4995":"huki","4996":"enuk","4997":"geor","4998":"ool ","4999":"rst "}}