{"msa":{"0":"ang ","1":"kan ","2":"yang","3":" yan","4":"lah ","5":" men","6":"nya ","7":"dan ","8":" dan","9":" ber","10":"akan","11":"ada ","12":"ngan","13":"aya ","14":" per","15":"gan ","16":"enga","17":"rang","18":" di ","19":" kam","20":"saya","21":" say","22":"pada","23":" mer","24":"ini ","25":" mem","26":"dala","27":"mere","28":"reka","29":"oran","30":"eka ","31":"erek","32":"deng","33":" ter","34":"ari ","35":"alah","36":"itu ","37":" den","38":"meng","39":" ada","40":" itu","41":" dar","42":"amu ","43":" ini","44":"apa ","45":"dak ","46":"anya","47":" tid","48":"kamu","49":"idak","50":"tida","51":" seb","52":" aka","53":"dari","54":"alam","55":"lam ","56":"ntuk","57":"tuk ","58":"ita ","59":"untu","60":"kita","61":" dia","62":" pen","63":" unt","64":"dia ","65":"anda","66":"oleh","67":" apa","68":" kit","69":" kep","70":"aku ","71":"leh ","72":"ukan","73":"anga","74":" dal","75":"ian ","76":"kepa","77":"jadi","78":"ara ","79":"atan","80":"tan ","81":"epad","82":"tahu","83":"ana ","84":"ama ","85":"ngka","86":" pad","87":" ora","88":"nda ","89":"asa ","90":"pat ","91":"adi ","92":"aan ","93":"memb","94":" aku","95":"elah","96":" ia ","97":"ami ","98":"aran","99":"tak ","100":"ikan","101":" ses","102":" sem","103":"ran ","104":"kami","105":"han ","106":" and","107":" mel","108":" tel","109":"tang","110":"seba","111":"baha","112":"kau ","113":"agi ","114":"tela","115":" awa","116":" tak","117":"nnya","118":"atu ","119":"beri","120":"anny","121":" sek","122":"eran","123":"awak","124":"nggu","125":"adal","126":"wak ","127":" mak","128":" kat","129":" tah","130":" kau","131":"emba","132":" mas","133":"dapa","134":"llah","135":"kata","136":" ke ","137":" bol","138":"apat","139":" all","140":"ahu ","141":"alla","142":"baga","143":" ker","144":"erta","145":"enda","146":"enja","147":" sel","148":"bole","149":"agai","150":"pert","151":"menj","152":"ika ","153":"sesu","154":" bah","155":"sama","156":"ngga","157":" ata","158":" bag","159":"san ","160":"ing ","161":" kem","162":"dah ","163":"mana","164":"api ","165":"man ","166":" sep","167":"lan ","168":"angk","169":"maka","170":"ata ","171":"liha","172":"ingg","173":"bera","174":" jad","175":" har","176":"alan","177":"erka","178":"ungg","179":" ten","180":"enge","181":"ihat","182":"meny","183":"hnya","184":"satu","185":"ngor","186":"ango","187":"ali ","188":" ban","189":"enar","190":" man","191":"lang","192":"bers","193":"ung ","194":"gora","195":"peng","196":"semu","197":"tapi","198":"masa","199":"baik","200":"paka","201":"sung","202":"laku","203":"kara","204":"asan","205":"uan ","206":"bang","207":"elak","208":"awa ","209":"aka ","210":" sat","211":"rkan","212":"iala","213":"hat ","214":"ahan","215":"embe","216":" sam","217":"uga ","218":"gai ","219":"diri","220":"mela","221":"juga","222":" jug","223":"ain ","224":" ole","225":" lag","226":"ngat","227":"kah ","228":"rika","229":" ser","230":"iri ","231":" bel","232":"sebu","233":"nan ","234":"iman","235":"sia ","236":"jika","237":"luar","238":"buat","239":"eri ","240":"njad","241":"lama","242":" ial","243":"kera","244":"emua","245":"taka","246":"erti","247":"lain","248":"berk","249":"mpun","250":"atau","251":"egor","252":"tau ","253":"uhan","254":"seka","255":"lagi","256":" kel","257":"gguh","258":"dang","259":"nak ","260":" sen","261":"tent","262":"ebih","263":"lebi","264":" sin","265":"mend","266":"ateg","267":"erja","268":"rah ","269":"tego","270":" mah","271":" leb","272":"sela","273":"uhny","274":"empu","275":"anta","276":" jik","277":" pem","278":"inya","279":"empa","280":"ebag","281":"mala","282":"buah","283":"etap","284":"hkan","285":" kal","286":"bih ","287":"ipad","288":"uat ","289":"bena","290":"ripa","291":"uah ","292":"arip","293":"eper","294":"pun ","295":"kate","296":"gori","297":"amat","298":"jang","299":"enta","300":"rti ","301":"sini","302":" ket","303":" tan","304":"tkan","305":"esun","306":"kali","307":"enye","308":"teta","309":"mat ","310":"bila","311":"guhn","312":"ula ","313":"sepe","314":"unya","315":"erba","316":"mpat","317":"erim","318":"sebe","319":"rima","320":" han","321":" dap","322":"ati ","323":"dara","324":"mber","325":" jan","326":"embu","327":"ting","328":" bai","329":" buk","330":" tet","331":"nyak","332":"aman","333":"dua ","334":"bagi","335":"anak","336":"kat ","337":"pula","338":"bert","339":"hari","340":"kkan","341":" mal","342":"ila ","343":" tem","344":"aik ","345":" sed","346":" keb","347":"perl","348":"kann","349":"mua ","350":" ben","351":"inta","352":"ersa","353":"kuka","354":"rana","355":"akuk","356":"tara","357":"buka","358":"inga","359":"memp","360":"pera","361":"ntan","362":"erla","363":"udah","364":"uran","365":"lalu","366":"dian","367":"adan","368":" san","369":"ahun","370":"kena","371":"ntar","372":" dis","373":"guna","374":"atak","375":"tera","376":"ong ","377":"kala","378":"data","379":" dit","380":"ebua","381":"rupa","382":" mar","383":"nlah","384":"erse","385":"temp","386":"angg","387":"mena","388":"naka","389":"arka","390":"anla","391":"meru","392":"perk","393":" ing","394":"seor","395":"eora","396":"kemu","397":" dib","398":"upak","399":"uar ","400":"hun ","401":"ahka","402":"bawa","403":" set","404":" kes","405":"terl","406":"erup","407":"mene","408":"cara","409":"menu","410":"aja ","411":" dat","412":"asih","413":"bany","414":"amba","415":"hawa","416":" bua","417":"mbah","418":"erlu","419":"erik","420":"engk","421":"elua","422":"tuha","423":"sala","424":"tika","425":"perg","426":"kawa","427":"etak","428":"pan ","429":"atka","430":"rta ","431":"hany","432":" dir","433":"teri","434":" pel","435":"rasa","436":" lai","437":"tama","438":"mula","439":"ahaw","440":"nkan","441":" mat","442":" seo","443":" tuh","444":"skan","445":"mema","446":"engh","447":"ampu","448":"ala ","449":"ergi","450":"emud","451":"siap","452":"jala","453":"ulan","454":" ras","455":"erha","456":"erak","457":"erma","458":"akah","459":"sar ","460":"elam","461":"rkat","462":"yak ","463":"ampa","464":"leta","465":"anan","466":"asuk","467":" tap","468":"entu","469":"kin ","470":" bar","471":"alau","472":"engg","473":"erin","474":"sang","475":"yah ","476":"bela","477":"ahag","478":"ndar","479":" sud","480":" pul","481":"gkan","482":" nam","483":"rgi ","484":"puny","485":"hagi","486":"uatu","487":"ayah","488":"ngki","489":"sih ","490":"suat","491":"utan","492":" ken","493":"bah ","494":"mata","495":"enti","496":" pan","497":"aki ","498":"ungk","499":"ekal","500":"band","501":" mun","502":"ekar","503":"peri","504":"enan","505":"nah ","506":"beli","507":"mbil","508":" the","509":"gat ","510":"nang","511":"iapa","512":"asi ","513":"rapa","514":"tas ","515":"elih","516":"meli","517":"alu ","518":"yai ","519":"sert","520":" neg","521":"esar","522":" dah","523":"rsam","524":" car","525":"ingk","526":"besa","527":" dik","528":" ked","529":"iran","530":"terb","531":"bali","532":" dem","533":"mudi","534":"suka","535":"uasa","536":"erap","537":"menc","538":"udia","539":"ambi","540":"hidu","541":"dika","542":"ima ","543":"akka","544":"suda","545":"erah","546":"nama","547":"hai ","548":"rat ","549":"demi","550":"erit","551":" tin","552":"mban","553":" eng","554":"berl","555":"nyai","556":"esua","557":"rita","558":"ilan","559":"ndak","560":"abil","561":"idup","562":"maha","563":" wah","564":"mati","565":" lih","566":"rnya","567":" ant","568":"erle","569":"ggal","570":"ngar","571":"enya","572":"atas","573":"kelu","574":"nia ","575":"arah","576":"ikir","577":"apan","578":"kana","579":"endi","580":" bes","581":"bil ","582":" pas","583":"aima","584":" hid","585":"ujuk","586":" kua","587":"kap ","588":" kaw","589":"masi","590":"lkan","591":"wasa","592":"gala","593":"apab","594":"etah","595":"lau ","596":"awas","597":"the ","598":" dip","599":"pabi","600":"gkau","601":" lua","602":"ntu ","603":"awan","604":" seg","605":"waha","606":"adak","607":"tnya","608":"ruju","609":"eras","610":" kec","611":" nak","612":"gaim","613":"olah","614":"rus ","615":"mung","616":"gian","617":"erda","618":"nggi","619":" tia","620":"tiap","621":" dua","622":"long","623":"eben","624":"ebab","625":"mari","626":"rban","627":"uka ","628":"ahai","629":"tik ","630":"gkin","631":"erna","632":"bara","633":"saha","634":"berb","635":"ilah","636":"unga","637":"daka","638":"pemb","639":"aha ","640":"elia","641":"emik","642":"ikat","643":"sedi","644":"mahu","645":"kuas","646":"teng","647":"eman","648":"pela","649":"ring","650":"aika","651":"masu","652":"juka","653":" sal","654":" sia","655":"erus","656":"perb","657":"arik","658":"dar ","659":"lik ","660":"rlet","661":"ndap","662":"agia","663":"era ","664":"keba","665":"engu","666":" kan","667":"esia","668":"rlu ","669":" ana","670":"raka","671":"miki","672":" ruj","673":"sing","674":"keti","675":"ebel","676":"mbal","677":"wan ","678":"akhi","679":" min","680":"iau ","681":"klah","682":"enca","683":"hati","684":"olon","685":" ind","686":"ajar","687":"ling","688":" ama","689":"liau","690":"tuan","691":"gar ","692":"elum","693":" lak","694":"hing","695":"angi","696":"belu","697":"khir","698":"knya","699":"kanl","700":"pend","701":"ulah","702":"kit ","703":" kom","704":" aya","705":"kerj","706":"unak","707":"rkar","708":"ende","709":" mus","710":"ngin","711":" bia","712":" bil","713":"gga ","714":"usia","715":"ener","716":"dany","717":"teru","718":" bet","719":"etul","720":"nget","721":"memi","722":"kemb","723":"epas","724":"sema","725":"iasa","726":"anti","727":" baw","728":"geta","729":"lepa","730":"betu","731":"seda","732":"iap ","733":"ndir","734":"lum ","735":"berh","736":"antu","737":"sele","738":" lan","739":"eber","740":"erca","741":"emas","742":"eban","743":"mah ","744":" suk","745":"nter","746":" beb","747":"kasi","748":"unia","749":"gara","750":" dun","751":"fiki","752":"berd","753":"dise","754":"duni","755":"adik","756":"pers","757":"pern","758":"engi","759":"mera","760":"but ","761":"kedu","762":"hend","763":"angs","764":"bat ","765":"iada","766":"kar ","767":"sana","768":"urun","769":"gera","770":" kek","771":"ter ","772":" pun","773":"rama","774":" lal","775":"ngha","776":"elan","777":"nega","778":"mad ","779":"edan","780":"pang","781":" tam","782":"kian","783":"caka","784":"erte","785":"lis ","786":"ahui","787":"saan","788":"embi","789":"geri","790":"sepa","791":"gamb","792":"ina ","793":"send","794":"etik","795":"main","796":"isi ","797":" x ","798":" jal","799":"nuh ","800":" pro","801":"eter","802":"gang","803":"meni","804":"jara","805":"epat","806":"ikia","807":"adap","808":"nar ","809":"laka","810":"and ","811":" bal","812":"ngah","813":"kela","814":"lela","815":"laki","816":"terd","817":"erke","818":"asal","819":"erbu","820":"arab","821":"alay","822":"iga ","823":"rlak","824":"nabi","825":"ters","826":"bata","827":"akap","828":"ersi","829":"ndan","830":"kola","831":"yata","832":"cari","833":"amma","834":"tiad","835":"ilik","836":"abi ","837":"las ","838":"hamm","839":" lel","840":"pung","841":"paya","842":"berj","843":"hir ","844":"dike","845":"hara","846":"eger","847":"rtam","848":" muh","849":"berm","850":"pas ","851":"dup ","852":"tung","853":"berp","854":"bina","855":"ente","856":" kas","857":"muha","858":" ya ","859":"bung","860":"ngi ","861":" par","862":"mmad","863":"mun ","864":"puan","865":" kea","866":" sej","867":" mul","868":"tula","869":"uham","870":"ngam","871":"manu","872":"bala","873":"alik","874":"lays","875":" sya","876":"pak ","877":"aru ","878":"arny","879":"suk ","880":"mili","881":"hada","882":"berg","883":"itan","884":"anus","885":"ysia","886":"mbun","887":" nab","888":"aysi","889":" dil","890":"ombo","891":"ngsa","892":"laya","893":" tua","894":"gal ","895":"kira","896":" lam","897":"ebut","898":"orik","899":"ekol","900":"bebe","901":"peny","902":"buru","903":"rnah","904":"tany","905":"tiga","906":"seko","907":"rak ","908":"tul ","909":"alka","910":"ntah","911":"komu","912":"unju","913":"omun","914":"ggun","915":"kese","916":" pau","917":"nta ","918":"ngun","919":"alin","920":"meme","921":"jawa","922":"hui ","923":" hen","924":" seh","925":"tar ","926":"bunu","927":" sup","928":"uruh","929":"unuh","930":"uduk","931":"meri","932":"kut ","933":"nusi","934":"anji","935":"dudu","936":"ayan","937":"gkat","938":"ihan","939":"aska","940":"kamp","941":" ni ","942":" rum","943":"elas","944":"anja","945":" tun","946":"turu","947":"raja","948":"mpak","949":"urut","950":"jar ","951":"kir ","952":"atla","953":"sete","954":"gah ","955":"syar","956":"uang","957":"edua","958":"ruma","959":" beg","960":"umpu","961":"baru","962":"rik ","963":"inan","964":"njuk","965":"semb","966":"enal","967":"ggu ","968":"muda","969":"emen","970":"tlah","971":"ruh ","972":"daan","973":"umah","974":" sis","975":"mbua","976":" akh","977":"inda","978":"seti","979":"ikut","980":" sec","981":"enap","982":"alas","983":"auta","984":"edia","985":"ment","986":" tol","987":" sah","988":"begi","989":"upay","990":"impa","991":"apak","992":"sega","993":"umpa","994":"aham","995":"etia","996":"napa","997":"iste","998":"rasu","999":"rut ","1000":"ster","1001":" ang","1002":" pet","1003":"nara","1004":"abat","1005":"elaj","1006":"maan","1007":"arat","1008":"itah","1009":"mang","1010":" fik","1011":"laja","1012":"ngen","1013":"angu","1014":"atny","1015":"gnya","1016":"tamb","1017":"ranc","1018":"lak ","1019":"ehin","1020":"bant","1021":"taha","1022":"ngny","1023":"kaum","1024":"nal ","1025":"ning","1026":"haru","1027":"dila","1028":"kead","1029":" of ","1030":"amaa","1031":"nila","1032":"kura","1033":"daer","1034":"aera","1035":"ulu ","1036":"erad","1037":"ikit","1038":"patu","1039":"adaa","1040":"wah ","1041":"sesi","1042":" dig","1043":"awah","1044":"supa","1045":"bar ","1046":"bkan","1047":"asul","1048":"rja ","1049":"ulis","1050":"elai","1051":" bin","1052":"dung","1053":" keh","1054":" tur","1055":"mbor","1056":"rada","1057":"rga ","1058":"umi ","1059":"ingi","1060":"luru","1061":"ahas","1062":" hal","1063":"seca","1064":" mac","1065":"nomb","1066":"egal","1067":"elep","1068":"nyat","1069":"dipe","1070":"ani ","1071":"egar","1072":"paut","1073":" kur","1074":"amal","1075":"duk ","1076":"ecar","1077":"nti ","1078":"aitu","1079":"mpua","1080":"hasa","1081":"emul","1082":"elal","1083":"enci","1084":"biar","1085":"sehi","1086":" jum","1087":"sti ","1088":" bum","1089":" mes","1090":"ncan","1091":"bor ","1092":"pere","1093":"elur","1094":"diki","1095":"bumi","1096":"egit","1097":"bend","1098":" hat","1099":"dibe","1100":"erat","1101":"erbe","1102":"beru","1103":"bab ","1104":" wan","1105":"pkan","1106":" pin","1107":" aza","1108":" nom","1109":"eada","1110":"nege","1111":"ira ","1112":" ham","1113":"irka","1114":"sera","1115":"amer","1116":"nera","1117":" ala","1118":"dite","1119":"rint","1120":"tana","1121":" ara","1122":"air ","1123":"wala","1124":"sena","1125":" dae","1126":"juk ","1127":"perc","1128":"aris","1129":"empe","1130":"enin","1131":"itul","1132":"azab","1133":"erem","1134":"seja","1135":"ris ","1136":" saj","1137":"rian","1138":" pat","1139":"bent","1140":"file","1141":" wil","1142":"pai ","1143":"namp","1144":"utus","1145":"maks","1146":" sua","1147":"arga","1148":"edik","1149":"haja","1150":"gitu","1151":"caya","1152":" air","1153":"saja","1154":"ndun","1155":"terh","1156":"lai ","1157":"iti ","1158":"ntik","1159":" = ","1160":"ndah","1161":"aga ","1162":"asti","1163":" oh ","1164":"ilem","1165":"inka","1166":"iait","1167":"ukka","1168":"unan","1169":"njan","1170":"nmu ","1171":"kal ","1172":"narn","1173":" iai","1174":"anmu","1175":"gin ","1176":"asin","1177":"amai","1178":"ilih","1179":"apaa","1180":"snya","1181":"ampi","1182":"mpur","1183":" wal","1184":"gena","1185":"tand","1186":"atut","1187":" kej","1188":"ksa ","1189":"zab ","1190":"usan","1191":"emer","1192":"remp","1193":"ibu ","1194":"rtan","1195":"pali","1196":"iper","1197":"mpai","1198":"rdap","1199":"aapa","1200":"mpul","1201":"paap","1202":"endu","1203":"abka","1204":"ncar","1205":"tion","1206":"tert","1207":" fil","1208":" tu ","1209":"onga","1210":"andu","1211":" jen","1212":"hal ","1213":"sent","1214":"mpa ","1215":"samp","1216":"ahaj","1217":"ayat","1218":"arus","1219":"anka","1220":" ibu","1221":"lem ","1222":"tif ","1223":" gun","1224":"asar","1225":"lasa","1226":"diba","1227":"cuba","1228":"uska","1229":"takk","1230":"enun","1231":"rab ","1232":"rhad","1233":" nya","1234":"gama","1235":"land","1236":"uany","1237":"tolo","1238":"nis ","1239":"keci","1240":"bula","1241":"emil","1242":"nuru","1243":"ecil","1244":"rbua","1245":"anca","1246":"riny","1247":"selu","1248":"eles","1249":" aga","1250":" bul","1251":"unka","1252":"kema","1253":"anku","1254":"penu","1255":"jaba","1256":"enur","1257":"ubah","1258":"dap ","1259":"aksa","1260":"nku ","1261":"ding","1262":"cam ","1263":"ion ","1264":" a ","1265":"erge","1266":"ggan","1267":" bat","1268":"arap","1269":" bur","1270":"cil ","1271":"mai ","1272":"patk","1273":"gata","1274":"epan","1275":"akin","1276":" tig","1277":"mint","1278":" ram","1279":"upun","1280":"maca","1281":"awal","1282":"hala","1283":"usah","1284":" kir","1285":" uta","1286":" pal","1287":"yari","1288":"acam","1289":"sisi","1290":"aian","1291":"rman","1292":"perm","1293":" ist","1294":"ahli","1295":"ntin","1296":"aksu","1297":" lah","1298":"luka","1299":"disi","1300":"ahny","1301":"hent","1302":"ksud","1303":"kebe","1304":"mbaw","1305":"nder","1306":" bun","1307":"hak ","1308":"angn","1309":"janj","1310":"indu","1311":"eta ","1312":"rseb","1313":"terp","1314":"berc","1315":"lata","1316":" sun","1317":"ukar","1318":"lnya","1319":"enam","1320":"emah","1321":"ahir","1322":"aat ","1323":"olak","1324":"mara","1325":"ngap","1326":"tian","1327":"ertu","1328":" tim","1329":" cak","1330":"daha","1331":"indi","1332":"udar","1333":"enai","1334":"erpe","1335":"erbi","1336":"iany","1337":"ebar","1338":"ber ","1339":"yaka","1340":"tuka","1341":"ndon","1342":"anah","1343":"unda","1344":"aum ","1345":"lesa","1346":"mper","1347":"akar","1348":"cang","1349":"mnya","1350":"jaya","1351":"taan","1352":" kar","1353":"keja","1354":"isan","1355":"pema","1356":"mele","1357":"panj","1358":" dim","1359":"jela","1360":"adam","1361":" cin","1362":"hira","1363":"rcay","1364":"tap ","1365":"isla","1366":"emak","1367":"akit","1368":" mud","1369":"hamp","1370":"kump","1371":"itik","1372":"ikla","1373":"usta","1374":"cepa","1375":"ggil","1376":"enen","1377":"uba ","1378":"aria","1379":"ena ","1380":"iki ","1381":"emat","1382":"enis","1383":"pent","1384":"kang","1385":"muan","1386":"andi","1387":" kon","1388":" pak","1389":"gemb","1390":"maaf","1391":"iber","1392":"tunj","1393":"akut","1394":"gus ","1395":"ditu","1396":" cub","1397":"apka","1398":"erpa","1399":" uni","1400":"sese","1401":"isti","1402":"past","1403":"asil","1404":" bek","1405":"ntia","1406":" pol","1407":" kak","1408":"ilay","1409":" lau","1410":" ame","1411":"pah ","1412":"arak","1413":"uara","1414":"kete","1415":"ham ","1416":"nden","1417":"ggi ","1418":"bias","1419":"eris","1420":"yala","1421":"laut","1422":"yat ","1423":" dih","1424":"alia","1425":"tah ","1426":"memu","1427":"esti","1428":"dust","1429":"sara","1430":"keli","1431":"lika","1432":"ndin","1433":"wila","1434":"babk","1435":"eram","1436":"jeni","1437":"awat","1438":"kesa","1439":"eker","1440":"git ","1441":" muk","1442":"lahi","1443":"many","1444":"kere","1445":"taku","1446":"wang","1447":" isl","1448":"hata","1449":"aupu","1450":" con","1451":"berf","1452":"sany","1453":"akla","1454":"hasi","1455":"asaa","1456":"hulu","1457":"uata","1458":" kha","1459":"mlah","1460":"ngku","1461":"gela","1462":" pos","1463":"elat","1464":"jaka","1465":"saka","1466":"deka","1467":" kaf","1468":"slam","1469":"tuju","1470":"nyal","1471":" ran","1472":"agus","1473":"keku","1474":"urus","1475":"ketu","1476":"afir","1477":" maa","1478":" asa","1479":"aikl","1480":"indo","1481":"tor ","1482":"mbar","1483":"aksi","1484":"poli","1485":"bagu","1486":"akny","1487":"ahul","1488":"fir ","1489":"esai","1490":"digu","1491":"mpir","1492":"utam","1493":"ngik","1494":"juan","1495":"muka","1496":"gkar","1497":"ebah","1498":"qura","1499":"aink","1500":"gkap","1501":"cipt","1502":"huku","1503":" cep","1504":"ipta","1505":" amb","1506":"ekat","1507":"mur ","1508":"akat","1509":"tus ","1510":"anci","1511":"mpah","1512":"hli ","1513":"ones","1514":"ganl","1515":"kafi","1516":"awab","1517":"ukum","1518":"gapa","1519":"ruk ","1520":" jaw","1521":"ibat","1522":"nai ","1523":" put","1524":"daya","1525":"hila","1526":" kap","1527":"lawa","1528":" jab","1529":"lih ","1530":" ian","1531":" | ","1532":" kum","1533":"gann","1534":"rmai","1535":" ahl","1536":"jaan","1537":"anam","1538":"uru ","1539":"nyel","1540":"aut ","1541":" lem","1542":"tua ","1543":" jam","1544":"terj","1545":"igun","1546":"kapa","1547":"eret","1548":"nesi","1549":"itab","1550":"nyer","1551":" len","1552":"umat","1553":"mand","1554":"rbai","1555":"lari","1556":"raan","1557":"bira","1558":"kehi","1559":"reta","1560":"gant","1561":"semp","1562":" sur","1563":" rah","1564":" jua","1565":"ilai","1566":"emin","1567":"galk","1568":"gak ","1569":"dakl","1570":"itar","1571":"ejar","1572":"dita","1573":"tuli","1574":"gatl","1575":"haya","1576":"lian","1577":"jump","1578":"rten","1579":"ermu","1580":"emi ","1581":"dut ","1582":"ria ","1583":"adua","1584":"baka","1585":"arta","1586":"jak ","1587":"jaha","1588":"ngit","1589":"irin","1590":"lapa","1591":" kin","1592":" sak","1593":"done","1594":" alq","1595":" emp","1596":"mal ","1597":"siha","1598":" lap","1599":"sudu","1600":"nung","1601":"asak","1602":"umla","1603":"uruk","1604":"dahu","1605":"iaka","1606":"rluk","1607":"gila","1608":"keta","1609":"kada","1610":"alqu","1611":"lqur","1612":"rnia","1613":"edah","1614":"neri","1615":"ota ","1616":"iar ","1617":"jian","1618":"ence","1619":"rasi","1620":" gol","1621":"ungi","1622":" war","1623":"enuh","1624":"abar","1625":"lima","1626":"lui ","1627":"ram ","1628":"tut ","1629":"eria","1630":"uma ","1631":"jukk","1632":"udut","1633":"wal ","1634":"tias","1635":"naan","1636":" rak","1637":"mpan","1638":"giku","1639":"liki","1640":"cuma","1641":"juml","1642":"jah ","1643":"erfi","1644":"perj","1645":"keka","1646":"beza","1647":"jauh","1648":"pasa","1649":" tul","1650":" had","1651":"hant","1652":"rai ","1653":"ton ","1654":"seri","1655":"onto","1656":"yaki","1657":"hann","1658":"aban","1659":"nyeb","1660":"bahk","1661":"ndia","1662":"erli","1663":"mest","1664":"tena","1665":"atik","1666":"wab ","1667":"penj","1668":" jer","1669":"nger","1670":"alui","1671":" kad","1672":"term","1673":"gsaa","1674":"rusa","1675":"atio","1676":"ikma","1677":"ayar","1678":"rung","1679":"onal","1680":" cer","1681":"elay","1682":"iter","1683":"tola","1684":"ngge","1685":"laha","1686":"utny","1687":"rger","1688":"nari","1689":"ratu","1690":"cint","1691":"baya","1692":"pal ","1693":"ikal","1694":"ayu ","1695":"ngel","1696":"tai ","1697":"elar","1698":"mak ","1699":" gar","1700":"sah ","1701":"eren","1702":" mis","1703":"ukup","1704":"peru","1705":"rna ","1706":"rjal","1707":"gil ","1708":"cuku","1709":"buny","1710":"akai","1711":"esan","1712":" dij","1713":"sika","1714":"tusa","1715":" tek","1716":"lati","1717":"ubun","1718":"apun","1719":"alim","1720":"tele","1721":"nasi","1722":"kmat","1723":"seku","1724":"runk","1725":"mbak","1726":"kuat","1727":" cum","1728":"eksa","1729":"kong","1730":"ikny","1731":"gaja","1732":"una ","1733":"upan","1734":"uala","1735":"asam","1736":"iseb","1737":"rany","1738":"jaga","1739":" hin","1740":"pili","1741":"baca","1742":"faha","1743":" ger","1744":"seme","1745":"rcak","1746":"pint","1747":"sal ","1748":"inat","1749":"tab ","1750":" wak","1751":"seki","1752":"inas","1753":"kirk","1754":"etel","1755":"ruba","1756":" i ","1757":"eseo","1758":"pene","1759":"damu","1760":"erhe","1761":"sud ","1762":"ngal","1763":"laup","1764":" bak","1765":"rken","1766":"sat ","1767":" cuk","1768":"hamb","1769":"per ","1770":"dur ","1771":"ksi ","1772":"impi","1773":"ahay","1774":" ner","1775":"utka","1776":" pes","1777":"arin","1778":"titi","1779":"lind","1780":"iona","1781":"temb","1782":"uluh","1783":"nita","1784":"imba","1785":"nam ","1786":"anpa","1787":"bada","1788":" gan","1789":"anit","1790":"pura","1791":"nit ","1792":"alai","1793":"jam ","1794":" ren","1795":"iark","1796":"ahar","1797":"terk","1798":"ndud","1799":"aktu","1800":"ebat","1801":"seks","1802":" did","1803":"wat ","1804":"rmas","1805":" lim","1806":"orma","1807":"temu","1808":"isin","1809":"para","1810":"kaan","1811":"pena","1812":"tanp","1813":"sul ","1814":"etua","1815":"pasu","1816":"uarg","1817":"enyu","1818":"wakt","1819":"tiba","1820":"perh","1821":"sila","1822":" raj","1823":"ngsi","1824":"uku ","1825":"rakh","1826":"kaki","1827":"pulu","1828":" sar","1829":"adil","1830":" gem","1831":" mil","1832":"den ","1833":" sta","1834":"lemb","1835":"gawa","1836":"mbin","1837":" cha","1838":"ncis","1839":"pand","1840":"daku","1841":"lat ","1842":" nas","1843":"kai ","1844":"dasa","1845":"urat","1846":" jel","1847":"amar","1848":"rben","1849":"ahma","1850":"ahat","1851":" fah","1852":"erju","1853":"gari","1854":"gati","1855":"hubu","1856":"gka ","1857":"timu","1858":"atus","1859":" gel","1860":"wani","1861":"run ","1862":" ali","1863":"diam","1864":"ikaw","1865":"eraj","1866":"erub","1867":"guru","1868":"enem","1869":"rhen","1870":"sesa","1871":"arai","1872":"esa ","1873":"rtem","1874":"tali","1875":"bapa","1876":"risa","1877":"bili","1878":"batu","1879":"arti","1880":"aann","1881":"utar","1882":"agak","1883":"ebai","1884":"emai","1885":"rbez","1886":"ogra","1887":"rgan","1888":"akal","1889":"erun","1890":"yara","1891":"penc","1892":"rhat","1893":"elin","1894":"atia","1895":"olog","1896":"role","1897":"nasa","1898":"bero","1899":"adis","1900":"kod ","1901":"tari","1902":"pemi","1903":" gen","1904":"erpu","1905":"unyi","1906":"cis ","1907":"apal","1908":" huk","1909":"soal","1910":"saat","1911":"matk","1912":"lim ","1913":"iska","1914":"yaan","1915":" in ","1916":"nikm","1917":"ual ","1918":" pus","1919":"atif","1920":"logi","1921":"ajaa","1922":"npa ","1923":" for","1924":"keda","1925":"sai ","1926":"uhka","1927":"ktu ","1928":" saa","1929":"ngaj","1930":" bud","1931":"engo","1932":"ntun","1933":"vers","1934":"radi","1935":"rjay","1936":"luan","1937":"nali","1938":"ataa","1939":"epal","1940":"rmul","1941":" kot","1942":"jual","1943":"gung","1944":"erol","1945":"apti","1946":"pati","1947":" und","1948":"amas","1949":"akhl","1950":"gand","1951":"nyi ","1952":"usat","1953":"isah","1954":" ins","1955":"raya","1956":"aita","1957":" pre","1958":"mete","1959":" aba","1960":" can","1961":"lar ","1962":" sit","1963":"uter","1964":"kota","1965":"ilak","1966":" sil","1967":"mkan","1968":"ary ","1969":" has","1970":"ekua","1971":" hak","1972":"liti","1973":"dima","1974":"nyem","1975":" pil","1976":"hluk","1977":"capa","1978":"uadu","1979":"duad","1980":"mbir","1981":" bap","1982":"makh","1983":"men ","1984":"buda","1985":"pala","1986":" tep","1987":"edar","1988":"auh ","1989":"gen ","1990":"esel","1991":" ira","1992":"rist","1993":"segi","1994":"erdi","1995":"ahal","1996":"adia","1997":" nil","1998":"mbel","1999":"yar ","2000":"khlu","2001":"dosa","2002":"kini","2003":"rjak","2004":"nghi","2005":" tra","2006":"saki","2007":"erdu","2008":"intu","2009":"ntai","2010":"ndus","2011":"kaka","2012":" cat","2013":"atur","2014":"atuh","2015":"ambu","2016":"diha","2017":"enje","2018":" maj","2019":"nolo","2020":"rbit","2021":"rtin","2022":"ngla","2023":"ras ","2024":" tit","2025":"dibu","2026":"arna","2027":"ugam","2028":"enol","2029":"ntas","2030":"ola ","2031":"duka","2032":"meno","2033":"tiny","2034":" hei","2035":"ruan","2036":"ptia","2037":" let","2038":"tasi","2039":"ine ","2040":" to ","2041":"petu","2042":"lagu","2043":"erga","2044":"esat","2045":"gsi ","2046":"aaf ","2047":"iken","2048":"rlal","2049":"iapt","2050":"egan","2051":"hana","2052":"lany","2053":" jau","2054":"lia ","2055":"aruh","2056":"sion","2057":"iama","2058":"erku","2059":"unit","2060":"imur","2061":"epun","2062":"golo","2063":" des","2064":"rlah","2065":"osa ","2066":"son ","2067":"aina","2068":"dipa","2069":"luk ","2070":"riba","2071":"saud","2072":"kup ","2073":"pesa","2074":"daki","2075":"ksan","2076":"iang","2077":"ahwi","2078":"hina","2079":"aca ","2080":" rom","2081":"ania","2082":"usa ","2083":"ngai","2084":"rusi","2085":"rap ","2086":" jar","2087":"beba","2088":"putu","2089":"ubuh","2090":"bola","2091":"bern","2092":" sha","2093":"ten ","2094":" din","2095":"hank","2096":"saba","2097":"ohon","2098":"cont","2099":"esud","2100":" rin","2101":"camp","2102":"ncip","2103":"hwin","2104":" api","2105":"ribu","2106":"isa ","2107":"cik ","2108":"dija","2109":"agu ","2110":"ubli","2111":"beke","2112":"pres","2113":"rmak","2114":"tih ","2115":"samb","2116":"ubat","2117":"pir ","2118":"ukti","2119":"uda ","2120":" pek","2121":" bay","2122":"ekan","2123":" sai","2124":"urka","2125":"cong","2126":"mpin","2127":"puti","2128":"ihar","2129":"pur ","2130":" chi","2131":"idur","2132":"idik","2133":"taya","2134":"luh ","2135":"uman","2136":"kehe","2137":" dic","2138":" joh","2139":"ehen","2140":" uga","2141":"ogi ","2142":"nyan","2143":"inil","2144":"ayaa","2145":" adi","2146":" syu","2147":" pag","2148":"stem","2149":" soa","2150":"sist","2151":"ceri","2152":" kor","2153":"akon","2154":"uark","2155":"ping","2156":"sura","2157":"bukt","2158":"cama","2159":"rmat","2160":"etun","2161":"ufur","2162":"kufu","2163":"erde","2164":"dupa","2165":" jah","2166":"publ","2167":"rahm","2168":"urna","2169":"tuh ","2170":"oala","2171":"mini","2172":"hei ","2173":"bak ","2174":"eten","2175":"mewa","2176":"haba","2177":"auda","2178":" lar","2179":"naik","2180":" met","2181":"lako","2182":"apai","2183":"kahw","2184":"perd","2185":"ilka","2186":" gam","2187":"tal ","2188":"siti","2189":"arbe","2190":"tidu","2191":"situ","2192":"nunj","2193":" tar","2194":"njin","2195":"nent","2196":"jerm","2197":"lanj","2198":"kul ","2199":"iah ","2200":"ncon","2201":"atih","2202":"enul","2203":"ayak","2204":"raha","2205":"peme","2206":"stan","2207":"sain","2208":"uti ","2209":"riti","2210":"gle ","2211":" sau","2212":" hil","2213":"adar","2214":"eza ","2215":"ukur","2216":"irny","2217":"atal","2218":"warn","2219":"mas ","2220":" asi","2221":"pany","2222":" sim","2223":"hart","2224":"inte","2225":"urga","2226":"hami","2227":" lep","2228":"orip","2229":"lant","2230":"sir ","2231":" sul","2232":"usny","2233":"asas","2234":"nuli","2235":"egi ","2236":"laik","2237":"jan ","2238":"rkah","2239":"arja","2240":"nci ","2241":" int","2242":"tawa","2243":"iden","2244":"tern","2245":"musa","2246":"jung","2247":" mam","2248":" tha","2249":"lupa","2250":"ehid","2251":"ainy","2252":"agam","2253":"ebas","2254":"stak","2255":"ital","2256":"leng","2257":"rata","2258":"irat","2259":"pata","2260":"ejak","2261":"kon ","2262":"elef","2263":"ktor","2264":"urni","2265":"sifa","2266":"pelu","2267":"ikel","2268":" dud","2269":"raba","2270":"fon ","2271":"usi ","2272":"mpu ","2273":"rjan","2274":"dera","2275":"esen","2276":"iver","2277":"kesu","2278":"uta ","2279":"anas","2280":"wata","2281":"didi","2282":"rend","2283":"syur","2284":"tem ","2285":"mbuk","2286":"ilin","2287":"asny","2288":" hai","2289":"kepu","2290":"luas","2291":"ulau","2292":"mamp","2293":"kok ","2294":"lara","2295":"njaw","2296":"lefo","2297":"ebal","2298":"yurg","2299":" bad","2300":"aun ","2301":"buku","2302":"luki","2303":"hadi","2304":"gelu","2305":"umbu","2306":" dul","2307":" nik","2308":"sta ","2309":"enco","2310":" nan","2311":" tib","2312":"eral","2313":"efon","2314":" peg","2315":"juta","2316":" sum","2317":"ers ","2318":"ndat","2319":" pla","2320":"pega","2321":"rdir","2322":" sol","2323":"peta","2324":"egat","2325":"uhi ","2326":" ray","2327":"caha","2328":"ggar","2329":"gika","2330":"ngok","2331":" gra","2332":"atin","2333":"rfik","2334":"mimp","2335":"upa ","2336":"keme","2337":"heba","2338":"okok","2339":"saik","2340":"pana","2341":" you","2342":"nji ","2343":"guh ","2344":"musi","2345":"alny","2346":"adah","2347":"mben","2348":"ulat","2349":"iba ","2350":"ujud","2351":"keca","2352":"itka","2353":"uas ","2354":"hanm","2355":"ncur","2356":"zali","2357":"kum ","2358":"ial ","2359":"ntoh","2360":"ngur","2361":"diak","2362":"uali","2363":"atuk","2364":"ging","2365":" bis","2366":"hirn","2367":" tuj","2368":"umny","2369":"ipan","2370":"ruha","2371":" kab","2372":" y ","2373":"aram","2374":"akna","2375":"ndal","2376":"ekit","2377":"ukis","2378":"purn","2379":"agin","2380":"stra","2381":"ungs","2382":"nakk","2383":" kos","2384":"ekut","2385":"stik","2386":"piha","2387":"limp","2388":"olis","2389":" cam","2390":"ripe","2391":"desa","2392":"kutu","2393":" luk","2394":"nata","2395":"yeba","2396":"lenc","2397":"fkan","2398":"diti","2399":"ibad","2400":"ersu","2401":"ideo","2402":"bint","2403":"riku","2404":"fung","2405":"gasi","2406":"gsa ","2407":"amin","2408":"ihak","2409":"minu","2410":" kia","2411":"huan","2412":"rann","2413":" pua","2414":"gas ","2415":"les ","2416":"vide","2417":"tind","2418":"kiri","2419":" new","2420":" rep","2421":"inum","2422":" dep","2423":"kepe","2424":"uri ","2425":" sab","2426":" keg","2427":"rhak","2428":"nce ","2429":"part","2430":" dek","2431":"ura ","2432":"itam","2433":"depa","2434":" gre","2435":"cana","2436":" hel","2437":"ahua","2438":"gund","2439":"erib","2440":"ijan","2441":" yg ","2442":"kas ","2443":"dulu","2444":"odoh","2445":" b ","2446":"rawa","2447":"stri","2448":"tema","2449":"nga ","2450":"naga","2451":"enak","2452":"duan","2453":"repu","2454":"atah","2455":"anju","2456":"gger","2457":"narb","2458":" tau","2459":"sel ","2460":"ustr","2461":"asia","2462":"habi","2463":" umu","2464":"elap","2465":"kaia","2466":"yemb","2467":"ent ","2468":"kiam","2469":"ice ","2470":"dahk","2471":"amak","2472":"rusk","2473":"der ","2474":"pute","2475":"osko","2476":" heb","2477":"ecah","2478":"masj","2479":"sjid","2480":"ggap","2481":" ele","2482":"pagi","2483":" lat","2484":" vid","2485":" oke","2486":"ndu ","2487":"darj","2488":"udak","2489":"pusa","2490":" tum","2491":"sim ","2492":"asji","2493":"rani","2494":"disa","2495":"glah","2496":"tubu","2497":"ngem","2498":"seke","2499":"rtah","2500":"resi","2501":" uma","2502":"ming","2503":"agal","2504":"graf","2505":"deo ","2506":"nas ","2507":"asik","2508":"enyi","2509":"jid ","2510":"jing","2511":" lin","2512":"jepu","2513":"nik ","2514":"ori ","2515":"paha","2516":"ncap","2517":"gesa","2518":"lana","2519":"paks","2520":" bri","2521":"rper","2522":" ste","2523":"usuh","2524":"ghan","2525":"ndi ","2526":" sus","2527":"ngak","2528":" + ","2529":" com","2530":"oper","2531":"cant","2532":"ruta","2533":"epak","2534":" jep","2535":" ide","2536":"poko","2537":" jun","2538":"dibi","2539":"nat ","2540":"nsi ","2541":"imu ","2542":" goo","2543":" dew","2544":"amny","2545":"komp","2546":"sawa","2547":"irak","2548":"melu","2549":" nor","2550":"dina","2551":"zik ","2552":"sark","2553":"posk","2554":"ndid","2555":"chin","2556":"rsem","2557":"eng ","2558":" str","2559":"ecam","2560":"mani","2561":" pah","2562":"nyam","2563":"renc","2564":"juru","2565":"agik","2566":"kisa","2567":"ifat","2568":"udi ","2569":"time","2570":"ium ","2571":"encu","2572":"doh ","2573":"buha","2574":" pok","2575":"layu","2576":"iban","2577":" gil","2578":"rusn","2579":"ulak","2580":"gkas","2581":"sil ","2582":"gadi","2583":"sen ","2584":"eron","2585":"muni","2586":" pih","2587":"awar","2588":"silk","2589":"side","2590":"gok ","2591":"rahi","2592":"song","2593":"skod","2594":"nant","2595":"aju ","2596":"hida","2597":"afka","2598":"mbuh","2599":"min ","2600":"epub","2601":"ulai","2602":"elet","2603":" nai","2604":"benc","2605":"emar","2606":" mur","2607":" diu","2608":"tapk","2609":"erut","2610":"mina","2611":"jari","2612":"key ","2613":"rosa","2614":"dewa","2615":"ral ","2616":"mahk","2617":"aras","2618":"akti","2619":"tup ","2620":"ihka","2621":"ajah","2622":" zal","2623":"elek","2624":"dis ","2625":"him ","2626":" not","2627":" usa","2628":"rjad","2629":" bij","2630":" uda","2631":" kun","2632":"simp","2633":"init","2634":"bong","2635":"pask","2636":"dai ","2637":"njat","2638":"ecua","2639":"iam ","2640":"lema","2641":"yera","2642":"ron ","2643":"mba ","2644":"ngas","2645":"mbut","2646":" huj","2647":"ptak","2648":"tin ","2649":"musu","2650":"gram","2651":"blik","2652":"lank","2653":"sas ","2654":"utup","2655":"neng","2656":"buan","2657":"njal","2658":"sis ","2659":"amka","2660":"tong","2661":"bodo","2662":"erni","2663":"kece","2664":"kecu","2665":"araa","2666":"ish ","2667":"ujua","2668":"idan","2669":"muzi","2670":"ijak","2671":"ban ","2672":"adat","2673":"tiha","2674":"aji ","2675":"ail ","2676":"kurn","2677":"ermi","2678":"umba","2679":" fir","2680":"gory","2681":"kand","2682":"gani","2683":"ekas","2684":"hang","2685":" hit","2686":"iwa ","2687":"elab","2688":"ard ","2689":"port","2690":"nive","2691":"mbia","2692":"atay","2693":"datu","2694":"riko","2695":"etin","2696":"pant","2697":"jatu","2698":" jur","2699":"eder","2700":"kasa","2701":"osak","2702":"harg","2703":"rahk","2704":"sik ","2705":"kim ","2706":"beka","2707":"kabu","2708":"ngma","2709":"esal","2710":"cual","2711":"ingm","2712":" kol","2713":"rjah","2714":"njag","2715":"irik","2716":"tapa","2717":"bas ","2718":"tadi","2719":"gaan","2720":"tura","2721":"aklu","2722":" sub","2723":"gkah","2724":"rdua","2725":"anis","2726":"syai","2727":" lon","2728":"ses ","2729":"haka","2730":" gad","2731":"aqwa","2732":" hab","2733":"epar","2734":" dii","2735":"okto","2736":"nati","2737":"bija","2738":"tuga","2739":"taqw","2740":"ulia","2741":"risi","2742":"univ","2743":" anj","2744":"hmat","2745":"peca","2746":"form","2747":"suar","2748":"ela ","2749":"cate","2750":"kiny","2751":"peli","2752":"hlah","2753":"rsed","2754":"ugas","2755":"okey","2756":"win ","2757":"gula","2758":"eli ","2759":"bur ","2760":"aula","2761":"abis","2762":"gmas","2763":"uncu","2764":" sif","2765":" mon","2766":"lanc","2767":"insi","2768":"empo","2769":" kuf","2770":"bere","2771":"isem","2772":"ight","2773":"etan","2774":" dos","2775":"fik ","2776":"epen","2777":"ibin","2778":"erto","2779":"ibuk","2780":"muli","2781":"kari","2782":"wuju","2783":"huta","2784":"erpi","2785":" kri","2786":"merl","2787":"miny","2788":"yait","2789":"net ","2790":"emui","2791":"usim","2792":"gkal","2793":" pop","2794":"dida","2795":"unun","2796":"makn","2797":" ha ","2798":" uru","2799":"oman","2800":"hola","2801":"iann","2802":"irma","2803":"senj","2804":"okon","2805":"buh ","2806":"munc","2807":"gunu","2808":"ulka","2809":"dana","2810":"sian","2811":"angl","2812":"paru","2813":" tad","2814":" bod","2815":"maki","2816":"one ","2817":"embo","2818":"uai ","2819":"aeda","2820":"yany","2821":"rose","2822":"agan","2823":"suci","2824":"ewan","2825":"tumb","2826":"uju ","2827":" pri","2828":"lasi","2829":"her ","2830":"awai","2831":"horm","2832":"ngaw","2833":" aja","2834":" lup","2835":"rafi","2836":"lahk","2837":"enim","2838":"ngis","2839":"nton","2840":" muz","2841":"susa","2842":"enju","2843":"atun","2844":"jata","2845":"dam ","2846":" rad","2847":"uatk","2848":"ncul","2849":"rsih","2850":"nian","2851":"undu","2852":"nerb","2853":"lipu","2854":"gini","2855":" gur","2856":"new ","2857":"sahk","2858":" alb","2859":"elba","2860":"tuny","2861":"tusk","2862":"apur","2863":"tepa","2864":"ergu","2865":"ikom","2866":" kay","2867":"gura","2868":"erai","2869":" bac","2870":" med","2871":"kur ","2872":"fur ","2873":"urah","2874":"ntul","2875":"olit","2876":"aafk","2877":"toh ","2878":"sepu","2879":"pin ","2880":"tala","2881":"asmi","2882":" pep","2883":"lbag","2884":" mew","2885":"rant","2886":"pelb","2887":"dira","2888":"ted ","2889":"emu ","2890":"adbi","2891":" taa","2892":"ies ","2893":"titu","2894":"dik ","2895":"ntua","2896":"mesi","2897":"tutn","2898":"erdo","2899":"rtaq","2900":"hani","2901":"tadb","2902":"dat ","2903":" mod","2904":" hub","2905":" res","2906":"eola","2907":"ech ","2908":"rsit","2909":"seol","2910":"dbir","2911":"ibra","2912":"eput","2913":" tal","2914":"hon ","2915":"iku ","2916":"mbac","2917":"rnak","2918":"rsen","2919":"suru","2920":"tekn","2921":"guba","2922":"rkem","2923":"mput","2924":" ped","2925":"ikba","2926":"ogle","2927":"ewa ","2928":"nark","2929":"oogl","2930":"umum","2931":" yak","2932":"goog","2933":"nyed","2934":" ika","2935":"suh ","2936":"rsek","2937":"sole","2938":"bisa","2939":" cze","2940":"mar ","2941":"sial","2942":"ahim","2943":" yah","2944":"awap","2945":"zech","2946":"ohan","2947":"kank","2948":"humb","2949":"suai","2950":" bas","2951":" spe","2952":"albu","2953":"lekt","2954":"czec","2955":" suc","2956":"turk","2957":"lin ","2958":"timb","2959":" oka","2960":"tur ","2961":"ista","2962":"esaw","2963":"jin ","2964":"giny","2965":" ima","2966":"asai","2967":"esid","2968":" nes","2969":"mega","2970":"iat ","2971":"eraa","2972":"est ","2973":"uger","2974":"rasm","2975":"ahol","2976":"kay ","2977":"laho","2978":"uci ","2979":"nggo","2980":"ntuh","2981":"kkah","2982":"pros","2983":"lili","2984":"ngua","2985":"uzik","2986":"nuge","2987":" jul","2988":" rua","2989":"aikb","2990":"uari","2991":"umur","2992":"taat","2993":"haki","2994":"eruk","2995":"item","2996":"sak ","2997":"lamp","2998":"anug","2999":"imen","3000":"kual","3001":"idma","3002":"enag","3003":" pej","3004":"ensi","3005":"kbai","3006":"okay","3007":"zama","3008":"ujan","3009":"riks","3010":"tila","3011":"njar","3012":" but","3013":"dul ","3014":"pisa","3015":"poh ","3016":"lit ","3017":"eleb","3018":"yele","3019":" dok","3020":"idea","3021":"wapa","3022":" dak","3023":" sir","3024":"edud","3025":"nika","3026":"jek ","3027":"mes ","3028":" zam","3029":"unca","3030":"ius ","3031":"mpoh","3032":"ntak","3033":" abd","3034":"sukk","3035":"gali","3036":"firm","3037":"peja","3038":"arun","3039":"erje","3040":"ober","3041":"gap ","3042":" col","3043":"akir","3044":"khid","3045":"aper","3046":"gamp","3047":"sege","3048":"amun","3049":"king","3050":"lita","3051":"derh","3052":"inti","3053":"yela","3054":"sihi","3055":"ukny","3056":"mbat","3057":"kiba","3058":" cah","3059":"rpak","3060":"ghas","3061":"liba","3062":"ikas","3063":" ibr","3064":"pta ","3065":"ektr","3066":"ahya","3067":"sin ","3068":"bin ","3069":"fat ","3070":"nemu","3071":"mui ","3072":" jut","3073":"ity ","3074":"ukul","3075":"onom","3076":"rila","3077":"lamn","3078":"dada","3079":" jat","3080":"rser","3081":"hirk","3082":"ejah","3083":"makl","3084":"namb","3085":"ibah","3086":"anke","3087":"nghu","3088":"pemu","3089":"akil","3090":"ekor","3091":"ntad","3092":"klum","3093":"rlin","3094":"undi","3095":"john","3096":"gkit","3097":"buta","3098":"emuk","3099":"kuta","3100":"olek","3101":"tkah","3102":"kuti","3103":"kti ","3104":"peka","3105":" as ","3106":" rat","3107":"dmat","3108":"itur","3109":" che","3110":"bum ","3111":"lbum","3112":"oksi","3113":"huja","3114":" der","3115":"kait","3116":"gun ","3117":" anu","3118":"rdas","3119":"peni","3120":" fun","3121":"hidm","3122":"erkh","3123":" das","3124":"lus ","3125":" ayu","3126":"abad","3127":" shi","3128":"papu","3129":" an ","3130":"kama","3131":"ktik","3132":"stin","3133":"seju","3134":"gank","3135":" iku","3136":"hey ","3137":"otak","3138":"utih","3139":"roma","3140":" rob","3141":"rike","3142":" pia","3143":"brah","3144":"mant","3145":"agaa","3146":" enc","3147":" rib","3148":"nomi","3149":"pina","3150":"alih","3151":"ancu","3152":"saks","3153":" geo","3154":"masy","3155":"aten","3156":"rmin","3157":"ulny","3158":"akib","3159":"iput","3160":" kis","3161":"syri","3162":"kor ","3163":"rbes","3164":"iket","3165":"erhi","3166":"hita","3167":"icar","3168":" sih","3169":"tron","3170":" seu","3171":"reng","3172":"rkua","3173":"likn","3174":"kaya","3175":"thum","3176":"alir","3177":"ther","3178":"keju","3179":"bimb","3180":" art","3181":"rlan","3182":"itun","3183":"ngsu","3184":"yen ","3185":" eko","3186":"eros","3187":"cela","3188":"ibaw","3189":"pate","3190":"ell ","3191":"enet","3192":"rtol","3193":" som","3194":"dili","3195":"syuk","3196":"trik","3197":"angb","3198":"upka","3199":"rdan","3200":"esem","3201":"deri","3202":"tann","3203":"bnya","3204":"ngad","3205":"tani","3206":" pec","3207":"rjua","3208":"ello","3209":"elaw","3210":"irau","3211":"isik","3212":"kebu","3213":"namu","3214":"ncin","3215":"kons","3216":"rin ","3217":" her","3218":" ope","3219":" aki","3220":"smi ","3221":"paik","3222":"uji ","3223":"rsat","3224":"alat","3225":"usin","3226":"bari","3227":"gaga","3228":" fra","3229":"iwan","3230":"perp","3231":"all ","3232":"njel","3233":"seru","3234":"punc","3235":"mura","3236":"you ","3237":"posi","3238":"gor ","3239":"alis","3240":"seta","3241":" jo ","3242":"njia","3243":"hell","3244":"gsun","3245":"lask","3246":"wai ","3247":"rki ","3248":" dra","3249":"abun","3250":"yam ","3251":"oses","3252":"afik","3253":"emun","3254":"prov","3255":"itud","3256":"ompa","3257":" si ","3258":"ehka","3259":"kina","3260":" hut","3261":"lut ","3262":"gerj","3263":"pind","3264":"oris","3265":"elen","3266":"ncik","3267":"itim","3268":"bit ","3269":"iaan","3270":"ibua","3271":"mary","3272":"opul","3273":"dil ","3274":"tri ","3275":"omi ","3276":"popu","3277":"brit","3278":"kna ","3279":"tutu","3280":"urki","3281":"qwa ","3282":"apap","3283":"tahk","3284":"ltan","3285":"anap","3286":" kul","3287":"ihir","3288":"raki","3289":"amil","3290":"dkan","3291":"sump","3292":" wat","3293":" moh","3294":" don","3295":" log","3296":"upat","3297":"lami","3298":"nges","3299":"stil","3300":"mbol","3301":"lras","3302":"enek","3303":"rkhi","3304":"eluk","3305":"way ","3306":"umb|","3307":" mad","3308":" mai","3309":"nus ","3310":"ande","3311":" day","3312":"agar","3313":" nat","3314":"bing","3315":"num ","3316":"luma","3317":"anpe","3318":"matn","3319":"moho","3320":" ros","3321":"ket ","3322":"emim","3323":"dakk","3324":"emal","3325":"eks ","3326":"iday","3327":"rovi","3328":"elik","3329":"epul","3330":"kak ","3331":"pnya","3332":" cel","3333":" teg","3334":"anyi","3335":"buk ","3336":"ins ","3337":"ulra","3338":"anna","3339":"gana","3340":"ragu","3341":"laks","3342":"oton","3343":"sult","3344":"jua ","3345":"rono","3346":"sulr","3347":"raf ","3348":"seni","3349":"tere","3350":"wana","3351":"ulta","3352":"engl","3353":"ghal","3354":"cul ","3355":"ank ","3356":" lad","3357":" thu","3358":"dram","3359":"rter","3360":" rek","3361":"kes ","3362":"rry ","3363":" ris","3364":"curi","3365":"ejad","3366":"yahu","3367":" akt","3368":"abah","3369":"ular","3370":"mbon","3371":"peke","3372":"unci","3373":"tis ","3374":"hanc","3375":"inci","3376":"rali","3377":"inja","3378":"nduk","3379":"bupa","3380":"abup","3381":"memo","3382":"ulas","3383":"lehk","3384":"erhu","3385":"bad ","3386":"kis ","3387":" bro","3388":"rpal","3389":"syen","3390":" m ","3391":"napu","3392":"ger ","3393":"yuku","3394":"are ","3395":"asya","3396":"jud ","3397":"musy","3398":" ena","3399":"gaku","3400":"ejut","3401":"puku","3402":" ula","3403":"pari","3404":"kyat","3405":" rus","3406":" fak","3407":"llo ","3408":"rtar","3409":" cor","3410":"kesi","3411":"ahla","3412":"ncer","3413":"tutk","3414":"dea ","3415":"bati","3416":"egin","3417":"ayuh","3418":"bank","3419":"ongk","3420":"yan ","3421":"reda","3422":"sus ","3423":"ulit","3424":"raky","3425":"aben","3426":"has ","3427":"pepe","3428":"erop","3429":"akya","3430":" pra","3431":" c ","3432":" bir","3433":"medi","3434":"ubur","3435":"kaji","3436":"rape","3437":"rbuk","3438":" mol","3439":"bida","3440":" ver","3441":"seny","3442":"ikeh","3443":" cen","3444":"jula","3445":"ulla","3446":"adir","3447":"yap ","3448":"had ","3449":"nca ","3450":"ess ","3451":"jena","3452":"ongs","3453":" ok ","3454":"unaa","3455":"ibun","3456":"mon ","3457":"mode","3458":"garu","3459":"ili ","3460":"ilit","3461":"pasi","3462":"ilmu","3463":" ita","3464":"rela","3465":"terg","3466":"iksa","3467":"uit ","3468":"ovin","3469":" no ","3470":"akwa","3471":"tina","3472":"aste","3473":"ndek","3474":"ngub","3475":"gene","3476":"ater","3477":"tmu ","3478":"tiwa","3479":" dad","3480":"rom ","3481":"ipu ","3482":"unta","3483":"ianl","3484":" bab","3485":" pur","3486":"seng","3487":"isau","3488":"ciri","3489":"ate ","3490":"ons ","3491":"usyr","3492":"ound","3493":" web","3494":"yrik","3495":"waki","3496":"iara","3497":"njik","3498":"tam ","3499":"inca","3500":"cina","3501":"abdu","3502":"orid","3503":"laju","3504":"setu","3505":"itis","3506":"timp","3507":"egaw","3508":"sok ","3509":"lisk","3510":"orib","3511":" kil","3512":"lap ","3513":"yusu","3514":" may","3515":"rlaw","3516":"naha","3517":"suln","3518":"atam","3519":"esca","3520":" hey","3521":" bra","3522":"ktif","3523":"aust","3524":"arya","3525":" dus","3526":" kod","3527":"arut","3528":"rea ","3529":"illi","3530":"aiwa","3531":"abny","3532":"bia ","3533":"gada","3534":" cal","3535":" ema","3536":"don ","3537":"bdul","3538":" la ","3539":"rtai","3540":"rfir","3541":"ipun","3542":"etuj","3543":" aus","3544":" nov","3545":" mor","3546":"ehil","3547":"rahs","3548":"alit","3549":"kula","3550":"sali","3551":"itak","3552":"ahud","3553":"apor","3554":"orea","3555":"teka","3556":"hatn","3557":"emel","3558":"ith ","3559":"esok","3560":"suam","3561":"rma ","3562":"lamb","3563":"ujuh","3564":"kuli","3565":"fran","3566":"eung","3567":"apar","3568":"amah","3569":"stiw","3570":"kore","3571":"nany","3572":" yea","3573":"mbur","3574":"ngut","3575":"trad","3576":" kew","3577":"isma","3578":"esta","3579":"ans ","3580":"pakn","3581":"arla","3582":"bita","3583":"khab","3584":"cita","3585":"mum ","3586":"nkah","3587":"lmu ","3588":"impu","3589":"res ","3590":"juh ","3591":"sumb","3592":"ejab","3593":"sata","3594":"daga","3595":"bus ","3596":"izin","3597":"ajli","3598":"kart","3599":"prof","3600":"aib ","3601":"sede","3602":"ange","3603":"raun","3604":"siri","3605":"oria","3606":"pira","3607":"ikam","3608":"hong","3609":"majl","3610":"buhk","3611":" bid","3612":" law","3613":"park","3614":"uki ","3615":"yuka","3616":"njam","3617":"nyap","3618":"laga","3619":"emog","3620":"uami","3621":"rham","3622":"snah","3623":"aikn","3624":"ndai","3625":"hyan","3626":"jlis","3627":"lisa","3628":"ngej","3629":"waka","3630":"rong","3631":"hudi","3632":"auba","3633":"rogr","3634":"pusi","3635":"peno","3636":"etig","3637":"duit","3638":"enyo","3639":"ekej","3640":"ley ","3641":"nimp","3642":"iaga","3643":"dio ","3644":"kris","3645":"kaca","3646":" naf","3647":"nesc","3648":"umka","3649":"kuma","3650":"oon ","3651":"jau ","3652":"ahuk","3653":" ku ","3654":"punk","3655":"jun ","3656":" dui","3657":" wel","3658":"ujia","3659":"musn","3660":"lle ","3661":"usna","3662":"set ","3663":"ngli","3664":"orga","3665":"ahsi","3666":"rpen","3667":"prog","3668":"enon","3669":" baj","3670":"ite ","3671":"anyo","3672":"bahy","3673":"dupk","3674":"rena","3675":" <i>","3676":"pero","3677":"rans","3678":"vins","3679":"niak","3680":"char","3681":" eks","3682":"gol ","3683":"esin","3684":" haj","3685":"ler ","3686":"rati","3687":"hsia","3688":"tral","3689":"atua","3690":" kei","3691":"ert ","3692":"ille","3693":"siny","3694":"ersy","3695":"plah","3696":"rdek","3697":"gis ","3698":"ains","3699":"huka","3700":"ijau","3701":"kare","3702":"ohn ","3703":"uli ","3704":"aren","3705":"come","3706":"iana","3707":"taub","3708":"nawa","3709":"isto","3710":"ekur","3711":" por","3712":"mia ","3713":"elim","3714":" wor","3715":"maya","3716":"ercu","3717":"ril ","3718":" is ","3719":"ver ","3720":" tug","3721":" de ","3722":"jut ","3723":"bal ","3724":"mole","3725":"kila","3726":"jaks","3727":" waj","3728":"ganu","3729":"esi ","3730":" kim","3731":"rica","3732":"gatk","3733":"diku","3734":" pis","3735":"ord ","3736":"rit ","3737":"tega","3738":"mate","3739":"njun","3740":"iser","3741":"nove","3742":"yebu","3743":"fira","3744":"iasi","3745":"alak","3746":"ekul","3747":"jema","3748":"guas","3749":"lapo","3750":"elip","3751":"jant","3752":"susu","3753":"cian","3754":"bura","3755":"acar","3756":"rior","3757":"elit","3758":"orit","3759":"rsyu","3760":" lay","3761":"emur","3762":"dakw","3763":" bim","3764":"wahy","3765":"din ","3766":"omba","3767":" tuk","3768":"ome ","3769":"nyol","3770":"ida ","3771":"ejen","3772":" jak","3773":"egak","3774":" wuj","3775":"udka","3776":"njut","3777":" org","3778":"niag","3779":"nola","3780":"eja ","3781":"batk","3782":"yol ","3783":"gabu","3784":"scay","3785":"dipi","3786":"orio","3787":"afi ","3788":"hkah","3789":"ahyu","3790":"mpad","3791":" ton","3792":"lann","3793":"emut","3794":"tra ","3795":"nghe","3796":"pita","3797":"lok ","3798":"greg","3799":"oson","3800":" she","3801":"rego","3802":"kebi","3803":"eru ","3804":"erce","3805":"jeja","3806":"dokt","3807":"wari","3808":"ipen","3809":"ilap","3810":" was","3811":"ker ","3812":"elem","3813":"kuan","3814":"ulbe","3815":"rsi ","3816":"ort ","3817":"ered","3818":"onta","3819":"seli","3820":"zat ","3821":"ucap","3822":"ark ","3823":"skin","3824":" hol","3825":"nuhn","3826":"runa","3827":" ilm","3828":"seun","3829":"hija","3830":" uji","3831":"khas","3832":"tulb","3833":"akak","3834":"fakt","3835":"ngir","3836":" mau","3837":"rjem","3838":"matu","3839":"esak","3840":"kanm","3841":"lbet","3842":"dali","3843":"doa ","3844":"ejuk","3845":"chan","3846":"nper","3847":"elil","3848":"alua","3849":"kunc","3850":"ewak","3851":" top","3852":"ashi","3853":"seha","3854":"mann","3855":"rsal","3856":"sau ","3857":"osis","3858":"see ","3859":"laul","3860":"adu ","3861":"geli","3862":" ah ","3863":"rkai","3864":"rula","3865":"ahte","3866":"puak","3867":"cah ","3868":"rid ","3869":"illa","3870":"rbah","3871":" cap","3872":"koso","3873":"stat","3874":"plan","3875":"raik","3876":"onok","3877":"lir ","3878":"kont","3879":" hij","3880":"inar","3881":"mero","3882":"enji","3883":"ukak","3884":"ance","3885":" rem","3886":"anat","3887":"nna ","3888":"lada","3889":"uann","3890":" fas","3891":"hman","3892":"iru ","3893":"erso","3894":" yus","3895":" cik","3896":"binc","3897":"nsur","3898":"imbu","3899":"leku","3900":"anu ","3901":" sik","3902":"diga","3903":"elom","3904":" rea","3905":" puk","3906":"inse","3907":"neta","3908":"ael ","3909":"atri","3910":"aija","3911":"nes ","3912":" thi","3913":"patn","3914":"dnya","3915":"alic","3916":" lum","3917":" kac","3918":"kus ","3919":" isi","3920":"cede","3921":"kele","3922":"nyek","3923":"rime","3924":"rgun","3925":"ejek","3926":" mic","3927":"put ","3928":"serb","3929":" ent","3930":"iora","3931":"rodu","3932":"yuh ","3933":"lumb","3934":"esus","3935":"rida","3936":"ack ","3937":"dica","3938":"cing","3939":"rank","3940":" cip","3941":"lomp","3942":"red ","3943":"robo","3944":" s ","3945":"baan","3946":"uak ","3947":"sihk","3948":"erny","3949":"sina","3950":" gag","3951":"bark","3952":"ture","3953":"ndur","3954":" f ","3955":"rjum","3956":"isia","3957":"rhar","3958":"mbay","3959":"ifik","3960":"rnam","3961":"umbe","3962":"rund","3963":"ill ","3964":" syi","3965":"rand","3966":"yawa","3967":"ondo","3968":"rbag","3969":"peda","3970":"inst","3971":"rpul","3972":"hku ","3973":"eni ","3974":"demo","3975":"for ","3976":"labu","3977":"inaa","3978":"lab ","3979":"kend","3980":"sasa","3981":"badi","3982":" kee","3983":"telu","3984":"ukaa","3985":"nann","3986":" mei","3987":"hor ","3988":" jag","3989":" aut","3990":"his ","3991":"asio","3992":"onse","3993":"yedi","3994":" sch","3995":"ayam","3996":"bica","3997":"nene","3998":"eneg","3999":"ngja","4000":" diw","4001":" sas","4002":"ungj","4003":"njak","4004":"tump","4005":"ore ","4006":"prod","4007":" \u266a ","4008":"nota","4009":" khu","4010":"nyes","4011":"rimu","4012":"pial","4013":"ghar","4014":"anua","4015":"kubu","4016":"pesi","4017":"rsel","4018":"ator","4019":"edih","4020":" on ","4021":"ibur","4022":"ire ","4023":"egas","4024":" nen","4025":"shin","4026":"diwa","4027":"onan","4028":"juar","4029":"awam","4030":"wany","4031":"ock ","4032":"igen","4033":"kewa","4034":" kub","4035":"ndas","4036":"eray","4037":" hun","4038":"prot","4039":"ajal","4040":" bos","4041":"use ","4042":"kole","4043":"alon","4044":"azer","4045":"ggel","4046":"iria","4047":"iben","4048":"izat","4049":"hapu","4050":"ncam","4051":"lakk","4052":"sasi","4053":"arli","4054":"itin","4055":"ggot","4056":"rsia","4057":"iski","4058":"ukai","4059":"gota","4060":"erum","4061":"taru","4062":"tish","4063":"nsee","4064":"omet","4065":"teli","4066":"ork ","4067":"ewas","4068":" dag","4069":" fro","4070":"mark","4071":"apus","4072":"gany","4073":" aze","4074":"skri","4075":"ekno","4076":" rez","4077":"roge","4078":"sann","4079":"muna","4080":"ght ","4081":"ont ","4082":"aura","4083":"stes","4084":" his","4085":"rtas","4086":"age ","4087":"bakt","4088":"rome","4089":"lusi","4090":"uiny","4091":"lon ","4092":"lane","4093":"nalk","4094":"ajia","4095":"arit","4096":" pap","4097":"nafi","4098":"ehar","4099":"ukla","4100":" blo","4101":"ongl","4102":"knol","4103":"rent","4104":"enuk","4105":"rabk","4106":"waji","4107":"maja","4108":"naya","4109":"pora","4110":"keru","4111":"ive ","4112":" dr ","4113":"ahab","4114":"zerb","4115":"eah ","4116":"mbag","4117":"sme ","4118":"yika","4119":"arry","4120":"nyaw","4121":" eso","4122":"tia ","4123":"kati","4124":"misi","4125":"nuhi","4126":"sulu","4127":"lly ","4128":" by ","4129":"nyik","4130":"afas","4131":"nek ","4132":" mot","4133":"yoko","4134":"york","4135":" tab","4136":"was ","4137":"baij","4138":"ear ","4139":"oron","4140":"kad ","4141":"mpau","4142":"erko","4143":"enay","4144":"eruj","4145":"isio","4146":"spes","4147":" rel","4148":" gal","4149":"bran","4150":"ahi ","4151":"nuka","4152":"ghad","4153":"nont","4154":"pedi","4155":"levi","4156":"sept","4157":"das ","4158":"lice","4159":"log ","4160":"enaw","4161":"wam ","4162":"will","4163":"ggia","4164":"agen","4165":" hos","4166":"ramb","4167":"elev","4168":"faed","4169":"dile","4170":" luc","4171":"isme","4172":"misk","4173":"ghen","4174":"ure ","4175":"lisi","4176":"yeah","4177":"mada","4178":" amp","4179":" rap","4180":"hter","4181":" son","4182":"hama","4183":"ein ","4184":"own ","4185":"stru","4186":"ory ","4187":"waan","4188":"ime ","4189":" bon","4190":"gkai","4191":" lig","4192":"olar","4193":"aira","4194":"paia","4195":"emeg","4196":"our ","4197":"ogen","4198":" gab","4199":"urid","4200":"stro","4201":" tom","4202":"ropa","4203":" see","4204":"aiki","4205":"war ","4206":"duli","4207":"sias","4208":"lint","4209":"gam ","4210":"luha","4211":"und ","4212":"haiw","4213":"mbul","4214":"line","4215":"akam","4216":"mutu","4217":"itet","4218":"kter","4219":"gapu","4220":"isye","4221":"cera","4222":"gend","4223":"muri","4224":"ipin","4225":"ekir","4226":"hali","4227":"ais ","4228":"tain","4229":"nyok","4230":"ilny","4231":"ikem","4232":"nand","4233":" mik","4234":" wit","4235":"eorg","4236":"ncia","4237":"udny","4238":"siar","4239":"derm","4240":" bla","4241":" mag","4242":"mpas","4243":"nuju","4244":"tobe","4245":"padu","4246":"etar","4247":"ntut","4248":"sula","4249":"atar","4250":"epte","4251":"taup","4252":"ptem","4253":"etur","4254":"lomb","4255":"hmu ","4256":"mpi ","4257":"cata","4258":" bio","4259":"dire","4260":"himp","4261":"ahap","4262":"star","4263":"ised","4264":" sei","4265":"teks","4266":"ato ","4267":"osit","4268":"hung","4269":"ulus","4270":"alur","4271":"rest","4272":"reja","4273":"web ","4274":" jin","4275":"gjaw","4276":"well","4277":"nisi","4278":"runt","4279":"dama","4280":"araj","4281":"nahk","4282":"wina","4283":"peti","4284":"tese","4285":"eser","4286":"rugi","4287":"bitk","4288":" izi","4289":" lur","4290":"liga","4291":"nuar","4292":"isya","4293":"ezaa","4294":"ngle","4295":"mont","4296":" kaj","4297":"jeri","4298":"nafa","4299":"amad","4300":"ksik","4301":"aila","4302":" dol","4303":"kero","4304":"nemb","4305":"esam","4306":"alag","4307":" tri","4308":"ujun","4309":"matl","4310":"ble ","4311":"stor","4312":"ren ","4313":"ica ","4314":"bel ","4315":"rdoa","4316":"rala","4317":"kalk","4318":"ekel","4319":"kku ","4320":"mukj","4321":" yor","4322":"ndab","4323":"mbus","4324":"isen","4325":"alif","4326":"than","4327":" sea","4328":"zaan","4329":"atmu","4330":"zaka","4331":"ihi ","4332":"acit","4333":"enah","4334":"lor ","4335":"reze","4336":"nutu","4337":" uba","4338":"misa","4339":"ean ","4340":"ikka","4341":" teb","4342":"apri","4343":"akun","4344":"van ","4345":"jiza","4346":"ood ","4347":"dabe","4348":"gku ","4349":" gaj","4350":"bill","4351":"ukji","4352":"tter","4353":"ukit","4354":"kutk","4355":" bor","4356":"rsin","4357":" apr","4358":"eki ","4359":"kuru","4360":"ode ","4361":"kjiz","4362":"ikh ","4363":"rifi","4364":"olus","4365":"aumn","4366":"ktro","4367":"joha","4368":"opi ","4369":"elle","4370":"dihi","4371":"haji","4372":"lala","4373":"itif","4374":" ero","4375":"leba","4376":"ukma","4377":"kbur","4378":"kika","4379":"andr","4380":"pann","4381":"tes ","4382":"eset","4383":" lor","4384":"somb","4385":"ant ","4386":"ghid","4387":" ais","4388":"kono","4389":"ompo","4390":"tol ","4391":"akte","4392":"mei ","4393":"isas","4394":"orif","4395":"ingl","4396":" e ","4397":"kitk","4398":"esir","4399":"malu","4400":"ohor","4401":"gira","4402":"nada","4403":"tori","4404":" vir","4405":"lla ","4406":"ezek","4407":"kung","4408":"ngum","4409":"art ","4410":"okas","4411":"akta","4412":"anch","4413":"ayai","4414":"lee ","4415":" tai","4416":"hidr","4417":"ndam","4418":"janu","4419":"mau ","4420":"enuj","4421":"akik","4422":"geor","4423":" sri","4424":"trak","4425":"zeki","4426":" pot","4427":" tip","4428":"ebun","4429":" sos","4430":"ifil","4431":"hil ","4432":"mbu ","4433":" pay","4434":" cou","4435":"ikap","4436":"righ","4437":"ick ","4438":"ukim","4439":"sudk","4440":" mut","4441":"kuny","4442":" tub","4443":"auto","4444":"yama","4445":"katk","4446":"waja","4447":"lur ","4448":"umen","4449":"mind","4450":"eric","4451":"lump","4452":" chr","4453":"buki","4454":"keri","4455":"pril","4456":"nipu","4457":"erwa","4458":" slo","4459":" fre","4460":" asl","4461":" tas","4462":" okt","4463":"moto","4464":"muki","4465":"dapi","4466":"kege","4467":"elis","4468":"uduh","4469":"dir ","4470":"kark","4471":" cir","4472":"erab","4473":"unis","4474":"papa","4475":"kili","4476":"utla","4477":"neru","4478":"sli ","4479":"hap ","4480":"ktob","4481":"sige","4482":"emaj","4483":" oks","4484":"ompu","4485":"sri ","4486":"iak ","4487":" jiw","4488":"bual","4489":"emes","4490":"aker","4491":" inf","4492":"asli","4493":"stim","4494":"cema","4495":"imas","4496":"ions","4497":" del","4498":"basa","4499":"keha","4500":"hah ","4501":"lahn","4502":"usun","4503":"kmak","4504":"atib","4505":"khus","4506":"yesa","4507":"niti","4508":"rpan","4509":"eksp","4510":"uban","4511":"daru","4512":"isra","4513":"lukm","4514":"mac ","4515":"enut","4516":"bun ","4517":"pusk","4518":"ajib","4519":"rbun","4520":"eksi","4521":"akto","4522":"nyia","4523":"emus","4524":"ctor","4525":" mim","4526":"sida","4527":"irim","4528":"akui","4529":"seje","4530":"terc","4531":"assa","4532":" dau","4533":" ii ","4534":"auan","4535":"bis ","4536":"dong","4537":"itny","4538":"ksig","4539":"tria","4540":"suf ","4541":"mulu","4542":" fai","4543":"kepi","4544":"lion","4545":"raks","4546":"with","4547":"ctio","4548":"kein","4549":"jiwa","4550":"atte","4551":"dind","4552":"itua","4553":"maju","4554":" isr","4555":"huju","4556":"epin","4557":"sero","4558":" sto","4559":"rset","4560":"gina","4561":"shah","4562":"apny","4563":"opah","4564":"uday","4565":"rlar","4566":"ontr","4567":"cent","4568":"dial","4569":"abur","4570":" tok","4571":"over","4572":"tira","4573":"gigi","4574":" kro","4575":" hur","4576":"faat","4577":"igan","4578":"arul","4579":"spit","4580":"imew","4581":" lok","4582":"aril","4583":"anet","4584":"ile ","4585":"ramp","4586":"nten","4587":"fan ","4588":"loka","4589":"iaya","4590":"bani","4591":"ebur","4592":"kuda","4593":"ulut","4594":"orld","4595":"gaha","4596":"joho","4597":"cat ","4598":" jac","4599":"ront","4600":"worl","4601":"kayu","4602":"ekon","4603":"letu","4604":"istr","4605":"mast","4606":"nny ","4607":"kome","4608":"usuf","4609":"mpar","4610":" cem","4611":"kapt","4612":"yamp","4613":"mila","4614":"ilip","4615":" fin","4616":"harr","4617":"tahn","4618":" ung","4619":"tel ","4620":"tein","4621":"gkut","4622":"evis","4623":"idae","4624":" fae","4625":" run","4626":"rayu","4627":" tut","4628":"icha","4629":"inla","4630":"nala","4631":"kutn","4632":"isip","4633":"any ","4634":"aint","4635":"apte","4636":"tamu","4637":"emuj","4638":"njua","4639":"erfu","4640":"rdin","4641":"beta","4642":"ijad","4643":"rtau","4644":"asut","4645":" l ","4646":"een ","4647":"enum","4648":" isa","4649":" kai","4650":"adio","4651":"laan","4652":" vis","4653":"bisk","4654":"sut ","4655":"cark","4656":" dav","4657":"proj","4658":"lira","4659":"enik","4660":"diah","4661":"ner ","4662":"afri","4663":"ntra","4664":"oryp","4665":"guan","4666":"roje","4667":" saw","4668":"nyum","4669":"slov","4670":" die","4671":" imp","4672":"kany","4673":" afr","4674":"gutu","4675":"volu","4676":"puas","4677":"edai","4678":"asir","4679":"etaw","4680":"jap ","4681":"akim","4682":"raga","4683":"usus","4684":"metr","4685":"tku ","4686":"hitu","4687":"itut","4688":"mich","4689":"hris","4690":" n ","4691":" kla","4692":"prin","4693":"pten","4694":"rfun","4695":"rtim","4696":"bot ","4697":"rbar","4698":"ekuf","4699":"okla","4700":"kmu ","4701":"colo","4702":"yeks","4703":"manc","4704":"teor","4705":"nyen","4706":" nis","4707":"ehat","4708":"lova","4709":"ntal","4710":"eril","4711":"cada","4712":"len ","4713":"fura","4714":"rind","4715":"leks","4716":"sipa","4717":"tran","4718":"rofe","4719":"ipem","4720":"ajik","4721":"hand","4722":"tiku","4723":"rate","4724":"ebak","4725":" nad","4726":"poho","4727":"eing","4728":"chri","4729":"lura","4730":"thai","4731":"ofes","4732":" are","4733":"kame","4734":"aket","4735":"atim","4736":"epi ","4737":"rype","4738":"gsan","4739":"sosi","4740":" red","4741":"hosp","4742":" taw","4743":"del ","4744":"hpun","4745":" sou","4746":"nakn","4747":"orka","4748":"far ","4749":"abu ","4750":" les","4751":"apis","4752":"rul ","4753":"rikh","4754":"orge","4755":"visy","4756":"ospi","4757":" win","4758":"ier ","4759":"inis","4760":" bru","4761":"mple","4762":"sam ","4763":" bre","4764":" ref","4765":"rsum","4766":"ehan","4767":"mpen","4768":"yeru","4769":"ook ","4770":"arch","4771":"gere","4772":" ale","4773":"ney ","4774":"cher","4775":"auka","4776":" suh","4777":"gita","4778":"ited","4779":"asat","4780":"igit","4781":"tata","4782":" pi ","4783":"rbia","4784":"este","4785":"hid ","4786":"meo ","4787":"lime","4788":"enip","4789":" hor","4790":"babn","4791":" gua","4792":"arma","4793":" pai","4794":"par ","4795":"erob","4796":"lulu","4797":"mer ","4798":"sant","4799":"ical","4800":" tea","4801":"rlib","4802":" cas","4803":"lot ","4804":"kui ","4805":"hias","4806":"suki","4807":"osin","4808":"ntit","4809":"rhub","4810":" jom","4811":"emis","4812":"tipu","4813":"reha","4814":"yert","4815":"uant","4816":"erej","4817":"that","4818":" sho","4819":"diad","4820":"abel","4821":"orwa","4822":" dam","4823":"skar","4824":"liny","4825":"rlih","4826":"tark","4827":"som ","4828":"acak","4829":"araf","4830":"ward","4831":"ibut","4832":"gos ","4833":"ajak","4834":" haw","4835":"arbo","4836":"ntau","4837":"stia","4838":" skr","4839":"caba","4840":"tabi","4841":"ikti","4842":" t ","4843":"rge ","4844":"gary","4845":"utuk","4846":"erag","4847":"rius","4848":" kud","4849":"entr","4850":"emoh","4851":"sari","4852":" bob","4853":"pedu","4854":"auhi","4855":" far","4856":"norw","4857":"bau ","4858":"unik","4859":"edul","4860":"rapk","4861":"nyus","4862":"ngho","4863":"huru","4864":"jama","4865":"ngbi","4866":" rm ","4867":"soko","4868":"rway","4869":"rdah","4870":"riah","4871":"nel ","4872":"tepu","4873":"tud ","4874":"vill","4875":" ani","4876":"thin","4877":"sur ","4878":" utu","4879":"jur ","4880":"isu ","4881":"ovak","4882":"ahil","4883":" mua","4884":"puta","4885":"isha","4886":"fasi","4887":"omer","4888":" cit","4889":"dek ","4890":"fas ","4891":"wiki","4892":"evol","4893":"miss","4894":"ales","4895":"ere ","4896":" epi","4897":" d ","4898":"rbon","4899":"tuhi","4900":" stu","4901":"ulih","4902":"ame ","4903":"baju","4904":"ude ","4905":"divi","4906":"imak","4907":" way","4908":"uper","4909":"irus","4910":"hatk","4911":"araw","4912":"lond","4913":"ames","4914":"unaf","4915":"kert","4916":"idro","4917":"osom","4918":"ejap","4919":"taur","4920":"kimi","4921":"pos ","4922":"ganm","4923":"apla","4924":"ahku","4925":"riha","4926":" sib","4927":" age","4928":"iet ","4929":"hwa ","4930":"geru","4931":"ujur","4932":"ane ","4933":"ovem","4934":"fah ","4935":" iba","4936":"kaed","4937":"mpel","4938":"eses","4939":" gon","4940":"onte","4941":" cur","4942":"njur","4943":"bjek","4944":" uh ","4945":"uila","4946":"dola","4947":"hkam","4948":"dimu","4949":"omeo","4950":" cho","4951":" teo","4952":"oduk","4953":"puna","4954":" en ","4955":"deda","4956":"puka","4957":"rial","4958":"bisi","4959":"sere","4960":"hind","4961":"sun ","4962":"imah","4963":"kary","4964":"naku","4965":"mart","4966":" h ","4967":"nyim","4968":"diik","4969":"gele","4970":"angm","4971":" keu","4972":"hunt","4973":"ompl","4974":"gkur","4975":"afta","4976":"etro","4977":"sine","4978":"atku","4979":"fere","4980":"ramk","4981":"tnik","4982":"kain","4983":"ser ","4984":"numa","4985":"ghor","4986":"ast ","4987":"anad","4988":"rdos","4989":"astr","4990":"rtuk","4991":"rema","4992":"nket","4993":" ann","4994":"ulun","4995":"osia","4996":"ahmu","4997":" tik","4998":"eriu","4999":" fiz"}}