{"smo":{"0":" le ","1":" o ","2":" i ","3":" e ","4":" faa","5":" ma ","6":"ona ","7":"tou ","8":" ua ","9":" ai ","10":"ina ","11":" ia ","12":" atu","13":"atou","14":"aga ","15":" ona","16":" na ","17":" a ","18":" se ","19":"mai ","20":"atu ","21":" mai","22":"ata ","23":" fai","24":" te ","25":" lat","26":"iga ","27":"taga","28":" lea","29":"lato","30":"aia ","31":" tau","32":" tag","33":"gata","34":" mea","35":"faat","36":" i\u0101 ","37":"lea ","38":"agat","39":"mea ","40":" l\u0113 ","41":" mat","42":"fai ","43":"atua","44":"faap","45":"tua ","46":"tala","47":" tat","48":"ele ","49":"faam","50":"oga ","51":"ala ","52":" tal","53":"tele","54":"asi ","55":" mal","56":"laga","57":"ava ","58":"uma ","59":"mata","60":"tasi","61":" lav","62":"ana ","63":"nei ","64":"aama","65":"pea ","66":"lona","67":" lon","68":"lava","69":"aata","70":"ova ","71":"aiga","72":"uga ","73":" ieo","74":"eova","75":"ieov","76":"upu ","77":" ina","78":" ou ","79":"aape","80":" tus","81":"alo ","82":"aina","83":"tato","84":"fo\u02bbi","85":" man","86":"o\u02bbi ","87":" fo\u02bb","88":"tau ","89":" mau","90":"tali","91":"nuu ","92":"isi ","93":"a\u02bbi ","94":" uma","95":"faia","96":" len","97":"faal","98":"tusi","99":"ili ","100":"ega ","101":"atal","102":" sa ","103":"aua ","104":"afai","105":"malo","106":"loa ","107":"mafa","108":"atau","109":" tel","110":" out","111":"utou","112":"outo","113":" ae ","114":"a\u02bbu ","115":"apea","116":"loo ","117":"mana","118":" pe ","119":" loo","120":"tonu","121":"uina","122":" aua","123":"tula","124":"ulag","125":"sili","126":" ~ ","127":"ani ","128":"tupu","129":"agi ","130":"sia ","131":" mo ","132":"faaa","133":"fia ","134":"olag","135":" tup","136":" pei","137":" tam","138":" maf","139":"iloa","140":" sil","141":"aso ","142":"usi ","143":"lalo","144":"lagi","145":"elei","146":"lia ","147":"lele","148":"onu ","149":" aso","150":" tai","151":" itu","152":"tata","153":"enei","154":" lal","155":"maua","156":"imi ","157":"taus","158":" ata","159":"aimi","160":"saga","161":"taim","162":"lene","163":"eaga","164":"gaga","165":"lei ","166":" lau","167":"alol","168":"alu ","169":"ta\u02bbi","170":"faas","171":"ese ","172":" toe","173":" sau","174":" a\u02bbu","175":" isi","176":"tama","177":"aita","178":" iai","179":"iai ","180":"amat","181":" tul","182":"matu","183":"oni ","184":"paia","185":"nofo","186":"elu ","187":" ave","188":"ale ","189":" tuu","190":"lii ","191":" tas","192":"oto ","193":"fana","194":" ilo","195":"toto","196":"alii","197":" isa","198":"pei ","199":" aga","200":"tia ","201":"toe ","202":" pai","203":"atas","204":" fan","205":" ta\u02bb","206":" po ","207":"auma","208":" nei","209":" ni ","210":" lo ","211":" lel","212":" fal","213":"mala","214":"unuu","215":"loto","216":"ausa","217":"natu","218":"tusa","219":"aai ","220":"alia","221":"usa ","222":"e\u02bbi ","223":"au\u0101 ","224":"poto","225":"lola","226":"anat","227":" ies","228":"afia","229":"usag","230":"muli","231":" ese","232":"fale","233":" \u0113 ","234":"aula","235":" oo ","236":" lot","237":"taul","238":"oina","239":"anau","240":"ola ","241":"alam","242":" oe ","243":"ane ","244":"iesu","245":"aalo","246":"esu ","247":"ito ","248":"nia ","249":"itau","250":"to\u02bba","251":"faai","252":" alo","253":"leag","254":"aatu","255":" au\u0101","256":" ato","257":" mam","258":" fes","259":"agan","260":"lua ","261":"galu","262":"pito","263":" tot","264":"amao","265":"o\u02bbu ","266":"lima","267":"fait","268":"aava","269":"ino ","270":"mau ","271":"amal","272":" ola","273":"atun","274":"feta","275":"noa ","276":" fua","277":" nuu","278":"sara","279":"fili","280":"auga","281":"lofa","282":"ta\u02bbu","283":"itu ","284":"alai","285":"atoa","286":"moni","287":"lau ","288":"etal","289":"oton","290":" ala","291":"toa ","292":" vai","293":"luga","294":"aelu","295":"mua ","296":"ulu ","297":"lama","298":" gal","299":"sala","300":"ama ","301":"solo","302":"isar","303":"tunu","304":"ofo ","305":"alof","306":"nisi","307":" mon","308":"avea","309":"auna","310":"rael","311":"arae","312":"manu","313":" fet","314":" pea","315":"ofa ","316":" lan","317":"tino","318":"lou ","319":" fil","320":"auau","321":"ika ","322":"era ","323":" lou","324":" foi","325":"alue","326":"nau ","327":"foi ","328":"asin","329":"otu ","330":" nof","331":"faig","332":"luma","333":"aali","334":"vae ","335":"keri","336":" la ","337":"aual","338":"avae","339":" vae","340":"loga","341":" fia","342":"agai","343":"uega","344":"faaf","345":"alog","346":"ono ","347":"faav","348":" upu","349":" ker","350":"uli ","351":"aale","352":"uiga","353":"usia","354":"auta","355":"eris","356":"nume","357":"ine ","358":"ita ","359":"mera","360":" \u0101 ","361":"lafo","362":"am\u0101 ","363":" to\u02bb","364":" cat","365":"vea ","366":" aai","367":"aute","368":"aaal","369":" mas","370":"cate","371":"egor","372":"ateg","373":"gory","374":"tego","375":"umer","376":"lueg","377":"alag","378":"iti ","379":" lua","380":"uain","381":"pule","382":"mato","383":"gana","384":" faf","385":"ofia","386":"eina","387":"le\u02bbi","388":"lana","389":"faau","390":"iafi","391":"atia","392":"fua ","393":" ana","394":"fiaf","395":"losi","396":"taua","397":"feso","398":"ifo ","399":"aufa","400":" lag","401":"tam\u0101","402":" lo\u02bb","403":"amua","404":"ali ","405":" sam","406":"alos","407":" vaa","408":"ita\u02bb","409":"anoa","410":"afa ","411":"lo\u02bbu","412":" uig","413":" pul","414":"olo ","415":"aog\u0101","416":"mama","417":" gag","418":"a\u00eai ","419":"ima ","420":"auin","421":" afa","422":"una ","423":"amio","424":"en\u0101 ","425":"lata","426":"len\u0101","427":"aasa","428":" ama","429":"fulu","430":"masi","431":"aala","432":"tu\u0101 ","433":" ami","434":"atu\u0101","435":"agag","436":"isia","437":"uaun","438":" le\u02bb","439":" tut","440":"tete","441":"oti ","442":"leai","443":"vaeg","444":"aega","445":"oaga","446":"asoa","447":" lum","448":"atag","449":"osi ","450":" pol","451":"lai ","452":"otog","453":"oa\u02bbi","454":"toga","455":"a\u02bbua","456":" alu","457":"agal","458":"\u02bbua ","459":" val","460":"vaai","461":"atel","462":"uuin","463":" aof","464":"\u02bbia ","465":"ausi","466":"a\u02bbit","467":"polo","468":"mia ","469":"uala","470":"laau","471":"in\u0101 ","472":"ano ","473":" mua","474":"asal","475":"mali","476":" sol","477":"a\u02bboa","478":"eai ","479":" \u014d ","480":"taut","481":"aman","482":" tua","483":" ga ","484":"moa ","485":"ave ","486":"\u02bboa\u02bb","487":"eful","488":" mul","489":"lago","490":" per","491":"logo","492":"fine","493":"ulim","494":" ulu","495":" lug","496":" afi","497":"og\u0101 ","498":"uamu","499":"muam","500":"ete ","501":"aato","502":" taa","503":"aofi","504":"alea","505":" nis","506":"sefu","507":"ena ","508":"alaf","509":"oaso","510":"sila","511":"lolo","512":"soas","513":"uso ","514":"tutu","515":"soan","516":"oani","517":" aig","518":"malu","519":"\u02bbiga","520":"itul","521":"uta ","522":"aupu","523":" ane","524":"esoa","525":"fono","526":"a\u02bbig","527":"uia ","528":" \u02bbau","529":"faao","530":"opot","531":"tuai","532":" lim","533":"anua","534":"maon","535":"aoni","536":" soo","537":"eese","538":"oa\u02bbo","539":"ila ","540":"sino","541":"itai","542":"ta\u00eai","543":"aau ","544":"afin","545":"nono","546":"limu","547":" a\u02bbo","548":"fafi","549":"imul","550":"topo","551":"apot","552":"aloa","553":"aaga","554":"uaig","555":"liga","556":"fea ","557":"otop","558":"masa","559":"fo\u00eai","560":"tai ","561":"ema ","562":"atat","563":"aoga","564":"auai","565":"ute ","566":"ailo","567":"aton","568":" fo\u00ea","569":"vale","570":"motu","571":"erik","572":"sita","573":"aiti","574":"fola","575":"ua\u02bbi","576":"o\u00eai ","577":"aail","578":"rika","579":" non","580":"saut","581":"moe ","582":"anu ","583":"\u02bbita","584":"mati","585":"asol","586":" ali","587":" tin","588":"aaog","589":" sef","590":"onof","591":"amoe","592":"aapo","593":"igoa","594":" tof","595":"ulo ","596":"aval","597":"umau","598":"uaga","599":"alat","600":"risi","601":"ria ","602":"sani","603":"uatu","604":"o\u02bbat","605":"a\u02bbo ","606":"aulo","607":"a\u02bbe ","608":"iuta","609":"ini ","610":"asan","611":"lafa","612":"amai","613":"ofoa","614":"galo","615":" mol","616":"apua","617":"upit","618":"ule ","619":"iso ","620":"tuat","621":"tuu ","622":" au ","623":"talo","624":"aaao","625":"tuui","626":"taum","627":"alem","628":" uso","629":"goa ","630":"vava","631":"taui","632":"ana\u02bb","633":"atai","634":" ao ","635":" oti","636":"ulaf","637":"lili","638":"aaso","639":" mot","640":"gain","641":"fuai","642":" iut","643":"elee","644":"uai ","645":"eita","646":"amas","647":"taup","648":"sian","649":"olu ","650":" pau","651":" sui","652":"omia","653":"alit","654":"ulau","655":"\u02bbau ","656":"tolu","657":"lain","658":"tuma","659":"liu ","660":"ania","661":"isa ","662":"iano","663":" aum","664":"eele","665":"iiti","666":"aafi","667":"ma\u02bbi","668":"agas","669":"leel","670":"vai ","671":" ava","672":"oaig","673":" aog","674":"lani","675":"umai","676":"nua ","677":"peit","678":"sisi","679":"lisi","680":"afo ","681":"gai ","682":"fanu","683":" leo","684":" fol","685":"ogo ","686":" pap","687":"afon","688":" ui ","689":" iun","690":"moli","691":"asia","692":" fea","693":"feag","694":"umat","695":" aus","696":"amer","697":"naga","698":"onia","699":"kale","700":"ata\u02bb","701":"iva ","702":"olim","703":"alan","704":"aamo","705":"iina","706":"atam","707":"efea","708":"tani","709":"opa ","710":" fat","711":" tan","712":"oloa","713":"sasa","714":" in\u0101","715":"se\u02bbi","716":"eta ","717":"saun","718":"amau","719":"a\u02bbia","720":"pefe","721":"oma ","722":"mava","723":" ame","724":"fasi","725":"itii","726":"meri","727":"foag","728":" fas","729":"apef","730":"aise","731":" tol","732":"iona","733":" ioa","734":"taal","735":"sete","736":"vait","737":" num","738":"upe ","739":"tiit","740":" ier","741":"itia","742":"naug","743":" mav","744":"taia","745":"sau ","746":"anuu","747":" igo","748":"auni","749":"imau","750":"soo ","751":"\u02bboga","752":"paul","753":"iton","754":"ilia","755":" se\u02bb","756":"vala","757":" sa\u02bb","758":"iliu","759":"t\u0101ua","760":"riso","761":"ota ","762":"samo","763":"\u02bbai ","764":"toat","765":"tupe","766":"a\u02bbog","767":" la\u02bb","768":" ea ","769":"amoa","770":" fin","771":" tum","772":"maut","773":"seta","774":"fafo","775":" fou","776":"amo ","777":"soot","778":"oota","779":"gasa","780":" ifo","781":" ono","782":" aoa","783":" set","784":"ainu","785":"tofi","786":"eru ","787":"alel","788":"atus","789":"usit","790":"sina","791":" fau","792":"na\u02bbo","793":"aoai","794":"iaga","795":"pere","796":"fina","797":" m\u0101t","798":"talu","799":"fa\u00eaa","800":"\u0101ina","801":"utin","802":"atan","803":"nai ","804":"umal","805":"afio","806":" tav","807":"autu","808":"tavi","809":"ifil","810":"ioga","811":"uele","812":"itua","813":"ite ","814":"\u0101ua ","815":" foa","816":"avit","817":" fa\u00ea","818":" tap","819":" vav","820":"vita","821":"lema","822":" ati","823":"lifi","824":"inum","825":"o\u02bba ","826":" ta\u00ea","827":"esee","828":"lotu","829":"sees","830":"ilif","831":"maoa","832":"ufaa","833":"euro","834":"afaa","835":" a\u02bbe","836":" ele","837":"umaf","838":" t\u0101u","839":" aut","840":"alil","841":"mani","842":"aoao","843":"ufau","844":"ilis","845":"sini","846":" pal","847":"avat","848":"uset","849":"e\u00eai ","850":"la\u02bbu","851":"fauf","852":"auti","853":"maga","854":"isif","855":"sifo","856":" rom","857":"auel","858":"vatu","859":" sas","860":"ause","861":"roma","862":"avav","863":"urop","864":" sis","865":" pas","866":" ais","867":"fau ","868":"tane","869":"olog","870":"aunu","871":"utel","872":"ropa","873":"emu ","874":"su\u02bbe","875":"maug","876":"lala","877":"se\u0101 ","878":"ualu","879":" sos","880":"leni","881":" sal","882":"olot","883":"tapu","884":"la\u02bbi","885":"afua","886":"ulua","887":"usal","888":"fata","889":"alaa","890":" laa","891":"osia","892":" tou","893":"ise\u0101","894":"laut","895":"afat","896":"lito","897":"utu ","898":"papa","899":"afau","900":"gona","901":" o\u02bbu","902":" afe","903":"ose ","904":"unai","905":"taun","906":" m\u0101f","907":"lemu","908":"afe ","909":"anui","910":"mamo","911":"ital","912":"aola","913":"inoa","914":" gao","915":"lega","916":"nana","917":"leo ","918":"laue","919":"alal","920":" laf","921":"alav","922":"elau","923":"sale","924":" mos","925":"ne\u02bbi","926":" ne\u02bb","927":"opo ","928":"iuni","929":"siga","930":"fou ","931":"loai","932":"asio","933":"nuia","934":"aasi","935":"tafa","936":"maia","937":"aaum","938":"afit","939":" gat","940":"fesi","941":"iain","942":"gofi","943":" epe","944":"otag","945":" nai","946":"esil","947":"mam\u0101","948":"gaoi","949":" eur","950":"aofa","951":" kal","952":"ogi ","953":"aiva","954":"pani","955":"utup","956":"\u02bbate","957":" mar","958":"ofu ","959":"kupi","960":"fie ","961":"mose","962":"esia","963":"eia ","964":"puip","965":"ipui","966":"uipu","967":"ilog","968":"afi ","969":"ses\u0113","970":"afol","971":" fit","972":"lomi","973":"anan","974":"aito","975":"\u02bbili","976":"loin","977":"olop","978":"ofie","979":" ses","980":"auli","981":"aite","982":"ioto","983":"miot","984":"etet","985":"alug","986":"apel","987":"oli ","988":" sai","989":"tait","990":"lopi","991":"utal","992":" tog","993":" sen","994":"uafa","995":"loa\u02bb","996":"ifua","997":"opit","998":"asa ","999":"lulu","1000":"a\u00eau ","1001":"ganu","1002":"oain","1003":" tet","1004":"aate","1005":" pet","1006":"ama\u02bb","1007":"utai","1008":"alau","1009":" pot","1010":"lano","1011":"sami","1012":"umi ","1013":"ita\u00ea","1014":"eli ","1015":"turi","1016":"uni ","1017":"togi","1018":"vau ","1019":"uri ","1020":"erus","1021":"apat","1022":" asi","1023":"pati","1024":" tao","1025":"rusa","1026":"aoi ","1027":" sua","1028":"ieru","1029":"lave","1030":"ati ","1031":"pelo","1032":" ios","1033":"am\u0101l","1034":"niga","1035":"ilo ","1036":"tig\u0101","1037":" sel","1038":"\u0101moa","1039":"aaau","1040":"oioi","1041":"inag","1042":"pete","1043":"kala","1044":"ioti","1045":" pep","1046":"itas","1047":"aoio","1048":"siot","1049":"eter","1050":"s\u0101mo","1051":"avau","1052":"sa\u02bbi","1053":"tagi","1054":"tumu","1055":"eni ","1056":"faan","1057":"sea ","1058":"alig","1059":"asil","1060":" toa","1061":" i\u02bbu","1062":"foa\u02bb","1063":"fiog","1064":"poga","1065":" ^ ","1066":"ing ","1067":"olom","1068":"utua","1069":"olaf","1070":"ales","1071":"lena","1072":"es\u0113 ","1073":"tuao","1074":"si\u00eao","1075":"sela","1076":"amam","1077":" sl ","1078":"sui ","1079":"ig\u0101 ","1080":"aliu","1081":"atin","1082":"eain","1083":" sao","1084":" umi","1085":" s\u0101m","1086":"iloi","1087":"a\u00eaoa","1088":" pit","1089":"osit","1090":" \u2060 ","1091":"eret","1092":"o\u00eau ","1093":"\u00eaoa\u00ea","1094":"naun","1095":"toma","1096":"av\u0101 ","1097":"unau","1098":"etel","1099":"a\u02bbil","1100":" osi","1101":" pii","1102":"mat ","1103":"ami ","1104":"uaoi","1105":"lesi","1106":"fitu","1107":"vali","1108":"lue ","1109":"alie","1110":" niu","1111":"oato","1112":" ita","1113":" sia","1114":"file","1115":"aapa","1116":"aati","1117":"ataf","1118":"afaf","1119":"ogai","1120":"isil","1121":" soi","1122":" ma\u02bb","1123":" fef","1124":"otia","1125":"ga\u02bbi","1126":"afan","1127":"enit","1128":"afoa","1129":"ole ","1130":"aafe","1131":"pero","1132":"oa\u00eao","1133":" aik","1134":"ataa","1135":"niu ","1136":"esea","1137":" ofu","1138":"ilem","1139":"vave","1140":"alap","1141":"apen","1142":"ikup","1143":" lil","1144":"\u0101fua","1145":"faga","1146":"aiku","1147":"m\u0101fu","1148":" pel","1149":" oli","1150":"nait","1151":"oifu","1152":"soif","1153":"reta","1154":"one ","1155":"upul","1156":"sava","1157":"muti","1158":"ofi ","1159":"alul","1160":" the","1161":"iuna","1162":"gale","1163":"aaua","1164":"pena","1165":" mil","1166":"laug","1167":"to\u00eaa","1168":"enis","1169":"pepe","1170":"gaig","1171":" sav","1172":"\u02bbomi","1173":"aipo","1174":"uau ","1175":"pula","1176":"olos","1177":"alua","1178":"uro ","1179":"poip","1180":"aaip","1181":"ofai","1182":"ipoi","1183":"oipo","1184":"fara","1185":"faag","1186":"mona","1187":"aumu","1188":"aaut","1189":"aloi","1190":" a\u00eao","1191":"i\u02bbug","1192":"\u02bbuga","1193":"noga","1194":"\u00eaoga","1195":"etan","1196":"ise ","1197":"leol","1198":"sa\u02bbo","1199":" far","1200":"a\u00eaog","1201":"su\u00eae","1202":"agol","1203":"uafu","1204":"ioan","1205":"ta\u00eau","1206":"aaol","1207":"a\u00eait","1208":"pape","1209":"foga","1210":" av\u0101","1211":"asef","1212":"moem","1213":"gola","1214":"tago","1215":"asae","1216":"aigo","1217":" \u02bbai","1218":"tion","1219":"ago ","1220":"na\u02bbi","1221":"laum","1222":"vaa ","1223":" nau","1224":"oane","1225":"ene ","1226":"gia ","1227":"\u00eaiga","1228":"inog","1229":"oemo","1230":"ufai","1231":"emoe","1232":"umua","1233":"aga\u02bb","1234":"lie ","1235":" ko ","1236":" lev","1237":"suaf","1238":"gat\u0101","1239":"le\u00eai","1240":"ut\u016b ","1241":"faif","1242":" ape","1243":"olof","1244":"agon","1245":"sega","1246":"aam\u0101","1247":"fita","1248":"a\u02bbai","1249":"aper","1250":"\u02bbie ","1251":"ofog","1252":"alen","1253":"laui","1254":"pole","1255":"saie","1256":"sae ","1257":"lapo","1258":"tanu","1259":" lo\u00ea","1260":" pui","1261":"a\u00eaig","1262":"fefe","1263":"at\u0101 ","1264":"fuaf","1265":"m\u0101l\u014d","1266":"mili","1267":"pala","1268":"asag","1269":"unoa","1270":" so ","1271":"epe ","1272":"lein","1273":" apo","1274":"epel","1275":"mait","1276":"iiga","1277":"aka ","1278":"utau","1279":"utus","1280":"fatu","1281":"oleo","1282":" lom","1283":" le\u00ea","1284":"rofe","1285":"eole","1286":"auno","1287":" lai","1288":"amaf","1289":"apit","1290":"ion ","1291":"tori","1292":" loa","1293":"laua","1294":" sin","1295":"itus","1296":"init","1297":"seni","1298":"ela ","1299":"tuli","1300":"pase","1301":"the ","1302":"aupi","1303":"osai","1304":"atil","1305":"kori","1306":"eper","1307":" tig","1308":"aafo","1309":"onug","1310":"nuga","1311":"faa ","1312":"igat","1313":"aano","1314":" maa","1315":"auil","1316":"vou ","1317":"avou","1318":" lol","1319":"lavo","1320":"olig","1321":"umu ","1322":"efe ","1323":"oset","1324":"faae","1325":"ofet","1326":"aapi","1327":"itur","1328":" olo","1329":"alet","1330":"erof","1331":"auro","1332":" pa\u02bb","1333":"nitu","1334":"aaia","1335":"e\u02bbia","1336":"peru","1337":"teri","1338":"atol","1339":"aaig","1340":"tiva","1341":"pale","1342":"oiga","1343":"tolo","1344":"\u00eaita","1345":"soso","1346":" tim","1347":"fe\u02bba","1348":" mao","1349":"etee","1350":"\u02bboin","1351":" aun","1352":"ilaf","1353":"ula ","1354":"a\u02bboi","1355":"mio ","1356":"apa ","1357":"alum","1358":"mita","1359":"iako","1360":"ioig","1361":"ato\u02bb","1362":"ekal","1363":" ton","1364":"mole","1365":"miga","1366":" fus","1367":" to\u00ea","1368":" fel","1369":" | ","1370":"puag","1371":" iak","1372":"foli","1373":"lion","1374":"fiti","1375":"tin\u0101","1376":" eli","1377":"tuua","1378":"osoo","1379":"aein","1380":"ua\u00eai","1381":"itot","1382":"ulea","1383":"oaia","1384":"aa\u02bbo","1385":"erit","1386":"m\u0101lo","1387":"valo","1388":"etai","1389":"auva","1390":"ori ","1391":"aila","1392":" teu","1393":"siam","1394":" sat","1395":"mea\u02bb","1396":"uilo","1397":"olea","1398":"amag","1399":"aopo","1400":"oopo","1401":"g\u0101in","1402":"itor","1403":" aur","1404":" su\u02bb","1405":"ilio","1406":" aup","1407":"elen","1408":"tili","1409":" of ","1410":"kopo","1411":"rito","1412":"unig","1413":"vaei","1414":"poop","1415":"opoo","1416":"ioli","1417":"agel","1418":"ana\u00ea","1419":" eka","1420":"usig","1421":"lika","1422":"site","1423":"unia","1424":"oia ","1425":"eva ","1426":"suia","1427":"olio","1428":"iasi","1429":"ea\u02bba","1430":"ilig","1431":"lomo","1432":"lafu","1433":"isai","1434":"inis","1435":"liol","1436":"mao ","1437":"akop","1438":"pese","1439":"aria","1440":" taf","1441":"afea","1442":"pele","1443":"taot","1444":"m\u0101tu","1445":"\u0101tua","1446":"omon","1447":"lita","1448":"a\u00eae ","1449":"atum","1450":"etol","1451":"elan","1452":"a\u02bbom","1453":" ta ","1454":"uapu","1455":"pua\u02bb","1456":"lafi","1457":"susu","1458":"iama","1459":"puap","1460":"oaog","1461":"ari ","1462":"losa","1463":"situ","1464":"aio ","1465":"agof","1466":"avee","1467":" aui","1468":" pop","1469":"a\u00eao ","1470":" kol","1471":"toea","1472":" m\u0101l","1473":"vees","1474":" a\u00eau","1475":"popo","1476":"\u02bbata","1477":"faus","1478":"oeai","1479":"fofo","1480":"rest","1481":"alae","1482":"tina","1483":"tofo","1484":" s\u0113 ","1485":"uua ","1486":" ofo","1487":"uval","1488":"omag","1489":"ala\u02bb","1490":"\u00eaia ","1491":"aaa\u02bb","1492":"lait","1493":"eso ","1494":"sau\u0101","1495":"sias","1496":"saia","1497":"pose","1498":" va ","1499":"esa ","1500":"fiag","1501":"m\u0101fa","1502":" usi","1503":"sele","1504":" tu ","1505":"aifa","1506":"tuto","1507":"atio","1508":" sus","1509":"oano","1510":"sata","1511":" aaf","1512":"elo ","1513":"lo\u00eau","1514":"oto\u02bb","1515":"ulia","1516":"taof","1517":"atul","1518":"iuga","1519":"nafa","1520":"noan","1521":"fuaa","1522":"kana","1523":"po\u02bba","1524":"eles","1525":"miol","1526":"uaag","1527":" ken","1528":"epa ","1529":"timu","1530":"ipu ","1531":"anam","1532":"esu\u02bb","1533":" pua","1534":"gutu","1535":"tein","1536":"u\u02bbes","1537":"fati","1538":"seto","1539":"osag","1540":"\u02bbesu","1541":"titi","1542":"loni","1543":"ivai","1544":"foai","1545":"a\u00eaua","1546":" kan","1547":" pen","1548":"vaiv","1549":"mafu","1550":" ipu","1551":" ioe","1552":"aaui","1553":" vas","1554":"aaop","1555":"avaa","1556":"inu ","1557":"e\u02bba ","1558":"anum","1559":"aoto","1560":" pak","1561":"faut","1562":" kor","1563":"anaf","1564":"fela","1565":"\u00eaua ","1566":"nuin","1567":"tafe","1568":"uman","1569":" u\u014d ","1570":" ter","1571":"mari","1572":"usiu","1573":"atui","1574":"lese","1575":"ara ","1576":"oryn","1577":" ro ","1578":" kil","1579":"meaa","1580":"sua ","1581":"ling","1582":"esit","1583":"otoe","1584":"iole","1585":"\u02bbiin","1586":"na\u00eao","1587":"apos","1588":" iti","1589":"ato ","1590":"\u0101fan","1591":"sefa","1592":"ulue","1593":"e\u02bbau","1594":"estl","1595":"o\u02bbas","1596":" wre","1597":"fat ","1598":"aoin","1599":"wres","1600":" f\u0101 ","1601":" po\u02bb","1602":"uleg","1603":"aug\u0101","1604":"teru","1605":"maa ","1606":" aug","1607":"elik","1608":" tei","1609":"afag","1610":"aafa","1611":"iete","1612":"atis","1613":"a\u02bbii","1614":"pini","1615":" pun","1616":"piig","1617":"soli","1618":" vii","1619":"fusi","1620":"fa\u02bbi","1621":"a\u00eaia","1622":"uari","1623":"lilo","1624":"namu","1625":"afu ","1626":"and ","1627":" iop","1628":"afer","1629":"sosa","1630":"pii ","1631":"feri","1632":" lu ","1633":"atot","1634":"itan","1635":"aoa ","1636":"itaf","1637":"olai","1638":"pera","1639":"ipo ","1640":" si\u00ea","1641":"sola","1642":"uuga","1643":"uuna","1644":"puna","1645":"og\u0101i","1646":"oilo","1647":"loal","1648":"elon","1649":"maum","1650":"afet","1651":"oao ","1652":"paka","1653":"tiso","1654":"aiet","1655":"esoo","1656":"atup","1657":"api ","1658":"efa ","1659":"oafo","1660":"foaf","1661":"loil","1662":"tuag","1663":"sama","1664":"ioa ","1665":" oga","1666":"ioe ","1667":"atut","1668":"unag","1669":"lasi","1670":"ofoi","1671":"tauf","1672":" sei","1673":"ata\u00ea","1674":"lamo","1675":"osef","1676":"\u0101l\u014dl","1677":"sion","1678":" pes","1679":"avai","1680":"l\u014dl\u014d","1681":" p\u014d ","1682":"o\u02bbal","1683":" age","1684":"otom","1685":"ale\u02bb","1686":"tana","1687":"lame","1688":"aalu","1689":"utag","1690":"ula\u02bb","1691":"otof","1692":"aaup","1693":"omai","1694":"ame ","1695":"emia","1696":"puia","1697":"olen","1698":"tu\u02bbi","1699":"faiv","1700":"gaia","1701":"ogon","1702":"isin","1703":"pua ","1704":"lafe","1705":"okal","1706":"lofi","1707":"sain","1708":"iata","1709":"sefi","1710":"itoa","1711":" sii","1712":" t\u016b ","1713":" kar","1714":"uka ","1715":"asao","1716":" mut","1717":" feo","1718":"\u02bbino","1719":" eso","1720":"ulug","1721":"fafa","1722":"pasi","1723":"isit","1724":"leva","1725":"valu","1726":"pisi","1727":"\u016bina","1728":"omig","1729":"asa\u02bb","1730":"aui ","1731":" efe","1732":"fuag","1733":"leia","1734":"numa","1735":"apol","1736":"puga","1737":"sapa","1738":"eine","1739":" vao","1740":" oso","1741":"rona","1742":"tuin","1743":"fika","1744":"ulai","1745":"upug","1746":"i\u00eaom","1747":"timo","1748":"laia","1749":"tain","1750":"efik","1751":"apai","1752":"iose","1753":"nito","1754":"eilo","1755":"vela","1756":"fetu","1757":"iusi","1758":"maho","1759":" fon","1760":"oalo","1761":" api","1762":" lap","1763":"nata","1764":"ogat","1765":"anai","1766":"lati","1767":"potu","1768":"peri","1769":"iala","1770":"sius","1771":"alep","1772":"ahon","1773":" mcm","1774":"la\u00eai","1775":"uluf","1776":"maul","1777":"aota","1778":"sao ","1779":"luai","1780":"cmah","1781":" fei","1782":"mcma","1783":" nat","1784":"loka","1785":"oria","1786":"sema","1787":"lapa","1788":"eleg","1789":"gelu","1790":"osi\u00ea","1791":"aran","1792":"laul","1793":"\u00eaosi","1794":"i\u00eaos","1795":"niti","1796":"tuga","1797":"elia","1798":"seia","1799":"vasa","1800":"eka ","1801":"sene","1802":" \u00eaau","1803":"oso ","1804":"hon ","1805":"aapu","1806":"o\u00eaat","1807":"ipan","1808":"pelu","1809":"ovi ","1810":"aami","1811":"fala","1812":"rynu","1813":"\u00eaoma","1814":"ynum","1815":"maot","1816":"eria","1817":" fa\u02bb","1818":"povi","1819":"tlin","1820":"el\u0113 ","1821":"lisa","1822":" mek","1823":"siti","1824":"ga\u00eai","1825":"fa\u02bba","1826":"tesa","1827":"mpin","1828":"stli","1829":" ufi","1830":"kolo","1831":" pov","1832":" ie ","1833":"peli","1834":"ulal","1835":" pis","1836":"lepu","1837":"e\u02bbie","1838":"gama","1839":" uun","1840":"oa\u00eai","1841":" par","1842":"ival","1843":"evae","1844":"vaia","1845":"igof","1846":"kari","1847":"opol","1848":"aseg","1849":"putu","1850":"ioi ","1851":"aeia","1852":"liva","1853":"iese","1854":"tuuf","1855":"lua\u02bb","1856":"se\u00eai","1857":"\u0101loa","1858":"raam","1859":"tel\u0113","1860":" and","1861":" sio","1862":" la\u00ea","1863":"iere","1864":" su\u00ea","1865":"ea\u02bbi","1866":"eraa","1867":" amo","1868":"ofa\u02bb","1869":"loag","1870":"ug\u0101t","1871":" sa\u00ea","1872":"umpi","1873":"gato","1874":"oata","1875":"anin","1876":"utas","1877":"oka ","1878":"vase","1879":"saul","1880":"rini","1881":"osua","1882":"tuaf","1883":"mano","1884":"fesa","1885":"maui","1886":"taat","1887":"osol","1888":"usua","1889":"keto","1890":"usu ","1891":" ini","1892":"tut\u016b","1893":"aauu","1894":"eti ","1895":"asig","1896":"olok","1897":"utim","1898":" mit","1899":"nain","1900":"upua","1901":"emai","1902":"fete","1903":"\u02bbalu","1904":"toet","1905":" ke ","1906":"land","1907":" wor","1908":"avan","1909":"pogi","1910":" fe\u02bb","1911":" mel","1912":"iko ","1913":"teen","1914":"tauv","1915":"fal ","1916":"eena","1917":"utiv","1918":"suri","1919":"neta","1920":"imut","1921":"onui","1922":" cha","1923":"pui ","1924":"agia","1925":"i\u02bbu ","1926":"nino","1927":" sue","1928":" san","1929":"sona","1930":"\u0101tau","1931":" feu","1932":" si\u02bb","1933":"aga\u00ea","1934":" lei","1935":"noin","1936":"esu\u00ea","1937":"\u00eaesu","1938":" se\u00ea","1939":"uria","1940":"\u02bbaut","1941":"eaal","1942":"u\u00eaes","1943":"itit","1944":"milo","1945":"vaav","1946":"miog","1947":"iana","1948":"ripa","1949":"\u02bbina","1950":"reko","1951":"igal","1952":"tuug","1953":"eres","1954":"sait","1955":"aile","1956":"itum","1957":"worl","1958":"itin","1959":"apoa","1960":"apal","1961":"aana","1962":" kat","1963":"vao ","1964":"orld","1965":"momo","1966":"m\u0101ta","1967":"ai\u0101 ","1968":"auto","1969":"aolo","1970":"lanu","1971":"rani","1972":"eiau","1973":"tiag","1974":"ielu","1975":"foin","1976":" mae","1977":"inoi","1978":"mail","1979":"etin","1980":"uufa","1981":"ipog","1982":" noa","1983":"a\u02bbut","1984":"laei","1985":"taio","1986":"uelu","1987":"inei","1988":"ent ","1989":"ako ","1990":" kum","1991":"utia","1992":"pa\u02bbu","1993":" paa","1994":"tee ","1995":"g\u0101ta","1996":" pat","1997":"osof","1998":"orin","1999":"neti","2000":"iliv","2001":" mis","2002":"ate ","2003":"atao","2004":"gava","2005":"taea","2006":"olan","2007":" tes","2008":" = ","2009":"samu","2010":" pog","2011":"eiti","2012":"tema","2013":"si\u02bbo","2014":"rld ","2015":" tom","2016":"fio ","2017":"futa","2018":"tine","2019":"usis","2020":"amil","2021":"nati","2022":"vano","2023":"omit","2024":"naia","2025":"as\u0101 ","2026":"laig","2027":"\u00eaau ","2028":"peni","2029":"lone","2030":"yle ","2031":" van","2032":"aosi","2033":"pago","2034":"u\u02bbe ","2035":"temo","2036":"aitu","2037":" gai","2038":" sep","2039":"oona","2040":"\u0101tam","2041":" tae","2042":"ai\u02bbu","2043":"ilal","2044":"salo","2045":"aele","2046":"kump","2047":"sipa","2048":"para","2049":"aai\u02bb","2050":"\u02bbauf","2051":" mak","2052":"kene","2053":"feil","2054":" luk","2055":"iki ","2056":"main","2057":" kon","2058":"tuna","2059":"oryl","2060":" v\u0101a","2061":"v\u0101ai","2062":" lep","2063":"lemo","2064":"aua\u02bb","2065":" pag","2066":"inau","2067":"amu ","2068":"sepa","2069":"luin","2070":"atug","2071":" p\u0101 ","2072":"ma\u00eai","2073":"etop","2074":"aaiu","2075":"litu","2076":"aeao","2077":"fail","2078":"agav","2079":"mar ","2080":"apog","2081":"muel","2082":"meli","2083":"enet","2084":"sa\u00eao","2085":"kure","2086":"lyph","2087":"glyp","2088":" les","2089":"ryle","2090":"olia","2091":"lepe","2092":"toaf","2093":"ivi ","2094":"\u0101ai ","2095":"yph ","2096":" gly","2097":"poo ","2098":" aro","2099":"aao ","2100":" \u200b ","2101":"uese","2102":"iosu","2103":"pita","2104":"ilas","2105":"\u014dina","2106":" \u02bbie","2107":"taig","2108":" aau","2109":"aili","2110":"tufa","2111":"aema","2112":"orya","2113":" auf","2114":"enes","2115":"ian ","2116":" poo","2117":"tese","2118":"nise","2119":"iaso","2120":"aaul","2121":"iolo","2122":" gut","2123":"aima","2124":"etu ","2125":" aao","2126":"luka","2127":" sap","2128":" l\u0101 ","2129":"onos","2130":" uai","2131":"\u02bbega","2132":"vea\u02bb","2133":"aat\u016b","2134":"ases","2135":"eao ","2136":"resi","2137":"gaso","2138":" rip","2139":"onet","2140":"afut","2141":" vin","2142":"ogis","2143":"pata","2144":" o\u00eau","2145":" sit","2146":" inu","2147":"aias","2148":"otoi","2149":"anao","2150":"filo","2151":"eseg","2152":"ipap","2153":"nuui","2154":"aveg","2155":"\u00eaate","2156":"amel","2157":"lufa","2158":"aron","2159":"aait","2160":"una\u02bb","2161":"aeva","2162":"amue","2163":" oke","2164":"topa","2165":"kia ","2166":"gisa","2167":"a\u02bbol","2168":"eri ","2169":"alis","2170":"aea ","2171":"vine","2172":"gota","2173":"erem","2174":"eona","2175":"aa\u00eao","2176":"iia ","2177":"pano","2178":"vaev","2179":"siit","2180":"olem","2181":"gati","2182":"amol","2183":"o\u00eao ","2184":"utot","2185":"aaa\u00ea","2186":"ianu","2187":"ions","2188":" tu\u02bb","2189":"misi","2190":"alot","2191":"taav","2192":"opu ","2193":"mais","2194":"otel","2195":"vega","2196":"iopu","2197":"naua","2198":"utoa","2199":"mene","2200":"omat","2201":"inos","2202":"ulil","2203":" sem","2204":"liul","2205":"emol","2206":"nosi","2207":"saol","2208":"aiug","2209":"laoa","2210":" mes","2211":"aaea","2212":"esek","2213":" m\u016b ","2214":"vii ","2215":"esem","2216":" kur","2217":" ino","2218":"remi","2219":" a\u00eae","2220":"oafa","2221":"o\u02bbaf","2222":"levi","2223":"iuli","2224":"tila","2225":"\u00eaomi","2226":"oket","2227":" asa","2228":"t\u016bin","2229":" ofi","2230":"mate","2231":"unat","2232":"alao","2233":" tlm","2234":"tlm ","2235":"m\u0101t\u016b","2236":"utum","2237":"ofan","2238":"soin","2239":"\u02bbolo","2240":"miti","2241":"itel","2242":"eko ","2243":"teli","2244":"efaa","2245":" kin","2246":"epul","2247":"nuar","2248":"mele","2249":"mela","2250":" ian","2251":" pou","2252":"etem","2253":" ser","2254":"eton","2255":"fai\u0101","2256":"fisa","2257":"uliu","2258":"am\u0101f","2259":"leta","2260":"pola","2261":"la\u00eau","2262":" tee","2263":"elis","2264":"agot","2265":"kone","2266":"teu ","2267":"aal\u0113","2268":" eva","2269":"anio","2270":"niol","2271":" fag","2272":"tena","2273":"taam","2274":"foma","2275":"sa\u02bbe","2276":"tone","2277":" iul","2278":" aem","2279":"arai","2280":"\u00eauga","2281":"oloi","2282":"alui","2283":" lam","2284":"uful","2285":"tog\u0101","2286":"teo ","2287":"afof","2288":"uvaa","2289":"asa\u00ea","2290":"are ","2291":" sip","2292":"saoi","2293":"ev\u012b ","2294":"emen","2295":" fao","2296":"olat","2297":"lev\u012b","2298":" asu","2299":"mael","2300":"uput","2301":" i\u00eau","2302":"esel","2303":"nove","2304":"olon","2305":"ofis","2306":"ente","2307":"ouva","2308":"olit","2309":"atig","2310":"avei","2311":"teut","2312":"gafa","2313":"pau ","2314":"seki","2315":"ogia","2316":"\u00eaata","2317":"aii ","2318":"i\u00eaug","2319":"eute","2320":" sur","2321":"kili","2322":"l\u016bl\u016b","2323":"oryg","2324":"aase","2325":"anie","2326":"\u00eaega","2327":"oate","2328":" sul","2329":"\u02bboa ","2330":"otai","2331":"iota","2332":"epan","2333":"letu","2334":"ligi","2335":"span","2336":"iula","2337":"vein","2338":"liai","2339":"aaos","2340":"enia","2341":"vesi","2342":"sese","2343":"ivii","2344":"cham","2345":"aupa","2346":"avel","2347":"nive","2348":" sek","2349":"ia\u02bbi","2350":"nosa","2351":"a\u00eaom","2352":"aisa","2353":"am\u0101i","2354":"elav","2355":"auui","2356":"omal","2357":"\u02bbuti","2358":"ugat","2359":"fouv","2360":"toni","2361":"univ","2362":"rita","2363":"make","2364":"goin","2365":"vaip","2366":"tola","2367":"ment","2368":"ilom","2369":"imot","2370":"uave","2371":" gau","2372":"ifai","2373":"aoso","2374":"auav","2375":"apan","2376":"\u0101t\u016b ","2377":"m\u0101in","2378":"kilo","2379":"ofot","2380":"pupu","2381":"amea","2382":"emon","2383":"nese","2384":"i\u02bbom","2385":"leti","2386":" moa","2387":"avas","2388":"otoa","2389":"itio","2390":" mic","2391":"fain","2392":"ampi","2393":"\u02bbase","2394":"suig","2395":"u\u02bbeg","2396":"ooso","2397":"ase ","2398":"onot","2399":"\u0101l\u0101 ","2400":" pil","2401":"liue","2402":"aket","2403":"esi ","2404":"soos","2405":"eman","2406":"itet","2407":" me ","2408":"meka","2409":" efa","2410":"ario","2411":" ior","2412":"ogal","2413":"eafa","2414":"aut\u016b","2415":"eoti","2416":" car","2417":"mote","2418":"feot","2419":"foto","2420":"isap","2421":"pusa","2422":"isal","2423":"anog","2424":"pa\u02bb\u016b","2425":"oega","2426":"opog","2427":"iues","2428":" sak","2429":"ito\u02bb","2430":"oteo","2431":"teni","2432":" kam","2433":"ives","2434":"ilip","2435":"orym","2436":"oapo","2437":"\u02bbas\u0101","2438":" fa ","2439":"meaf","2440":"amar","2441":" pae","2442":" ful","2443":"amon","2444":"ativ","2445":"alim","2446":"\u02bbito","2447":"kato","2448":"fuat","2449":" min","2450":" tit","2451":"pia ","2452":"tamu","2453":"auap","2454":"etur","2455":"ala\u00ea","2456":"niun","2457":"utat","2458":" kup","2459":"a\u02bb\u016b ","2460":" lis","2461":"uniu","2462":"amup","2463":"niel","2464":"\u0101l\u014d ","2465":"\u02bbalo","2466":"ti\u02bbe","2467":"u\u00eaeg","2468":"esue","2469":"sika","2470":"eren","2471":"iein","2472":" no ","2473":"foia","2474":"ieni","2475":" tia","2476":" x ","2477":"\u00eaai ","2478":"\u00eaoin","2479":" ti ","2480":" ara","2481":" nov","2482":"a\u00eaoi","2483":"nogi","2484":"eoni","2485":"faim","2486":"kara","2487":" kom","2488":"asaa","2489":"to\u02bb\u0101","2490":"apei","2491":"eaig","2492":" har","2493":"figa","2494":"sana","2495":"o\u02bb\u0101 ","2496":"gatu","2497":"oulu","2498":" eri","2499":"na\u00eai","2500":"aeon","2501":"sulu","2502":" esk","2503":"esk ","2504":"paeo","2505":"lauf","2506":"soga","2507":"tot\u014d","2508":"kuso","2509":"uati","2510":"a\u00eaat","2511":"sofa","2512":"nter","2513":"orit","2514":"iupu","2515":"aien","2516":"hamp","2517":"pene","2518":" han","2519":"urek","2520":"tafi","2521":"ers ","2522":"eten","2523":"burg","2524":"inet","2525":"usun","2526":"ug\u0101 ","2527":"rao ","2528":"toin","2529":"l\u0101l\u0101","2530":"kasi","2531":"les ","2532":"siva","2533":"ovem","2534":" tuf","2535":"arao","2536":"loia","2537":"fefa","2538":"epui","2539":"tera","2540":"mina","2541":"noag","2542":"ipi ","2543":"fuga","2544":" pan","2545":" moe","2546":" uel","2547":" \u02bbin","2548":"laa ","2549":"pion","2550":"\u00eaava","2551":"mpio","2552":"ufan","2553":"ofig","2554":"agoi","2555":"no\u02bbi","2556":"ino\u02bb","2557":"fepu","2558":"o\u02bbin","2559":"son ","2560":"ogol","2561":"sunu","2562":"usik","2563":"pulo","2564":" too","2565":" tos","2566":" aia","2567":"nava","2568":"foni","2569":"lefo","2570":"m\u0101e\u02bb","2571":"orye","2572":"moan","2573":"veve","2574":" kit","2575":" new","2576":"leme","2577":"erta","2578":"\u0101e\u02bba","2579":" vev","2580":"aas\u0101","2581":"aiai","2582":"aaoo","2583":"ryga","2584":"mare","2585":"esag","2586":" tem","2587":"oasa","2588":"ueli","2589":"asau","2590":"aial","2591":" to ","2592":"wwe ","2593":"pipi","2594":"lepa","2595":" mum","2596":"rati","2597":"epua","2598":"cent","2599":"arat","2600":"leon","2601":"vaga","2602":"ygag","2603":" fep","2604":"inan","2605":"uata","2606":"napo","2607":" son","2608":"netu","2609":"anon","2610":"elep","2611":"tiut","2612":" l\u0101l","2613":"olov","2614":" mus","2615":"sima","2616":"osal","2617":"foa ","2618":"feus","2619":"efon","2620":"atuf","2621":" viv","2622":"eusu","2623":"fual","2624":"iute","2625":"viia","2626":"vema","2627":"eral","2628":" \u02bbal","2629":" ion","2630":"nufe","2631":"pu\u02bbe","2632":"ugal","2633":"u\u02bbi ","2634":"moeg","2635":"noai","2636":" su\u0101","2637":"ulel","2638":"puni","2639":"utes","2640":" her","2641":"upui","2642":"ekor","2643":"ulum","2644":"pana","2645":"at\u016bi","2646":"anuf","2647":"a\u00eaal","2648":"l\u014din","2649":"aife","2650":"saka","2651":"ryeu","2652":" siv","2653":" wwe","2654":"iuin","2655":"liug","2656":"at\u0101u","2657":" oi ","2658":"aker","2659":"apa\u02bb","2660":"etek","2661":"pou ","2662":"eaol","2663":"puar","2664":"vivi","2665":" ano","2666":"nao ","2667":" ma\u00ea","2668":"\u014dl\u014di","2669":"ile ","2670":"anet","2671":"ipii","2672":"esas","2673":"yeur","2674":"meao","2675":"af\u0101 ","2676":" tui","2677":"agaa","2678":"resa","2679":"ope ","2680":"tafu","2681":"te\u02bba","2682":" sou","2683":"mauf","2684":"o\u02bbia","2685":"a\u00eaai","2686":" pus","2687":" ale","2688":"anap","2689":"onis","2690":"egag","2691":" tiu","2692":"upuu","2693":"lua\u00ea","2694":"saog","2695":" m\u0101e","2696":"nae ","2697":"amin","2698":"pine","2699":" are","2700":"otot","2701":" oul","2702":"iop ","2703":" gaf","2704":"tene","2705":"apam","2706":"ilau","2707":"liei","2708":"tuka","2709":"viig","2710":"orys","2711":"imat","2712":"eron","2713":"tofa","2714":"etau","2715":"etag","2716":"uato","2717":"orth","2718":"pepa","2719":"ekas","2720":" ne\u00ea","2721":" net","2722":"ake ","2723":"ne\u00eai","2724":"iori","2725":"elea","2726":"elef","2727":"uiag","2728":"funa","2729":"ioka","2730":" de ","2731":"loma","2732":"siom","2733":"a\u00eaav","2734":"a\u02bbin","2735":"rusi","2736":" pup","2737":"aese","2738":"a\u00eaas","2739":"nce ","2740":"aret","2741":"sera","2742":" ine","2743":"ufiu","2744":"\u02bbain","2745":"onai","2746":"iapo","2747":"onar","2748":" l\u016bl","2749":" iva","2750":" ua\u02bb","2751":"toli","2752":"inae","2753":"afun","2754":"lies","2755":"lae ","2756":"imon","2757":"\u02bbafi","2758":"micr","2759":" m\u0101s","2760":"peka","2761":" rus","2762":"aput","2763":"ofos","2764":"nota","2765":"sai ","2766":" fof","2767":"pili","2768":"fosa","2769":"aoma","2770":"fiuf","2771":"iufi","2772":"asel","2773":"imas","2774":"onig","2775":"atem","2776":"aten","2777":"olaa","2778":"aoo ","2779":"\u0101sia","2780":"ilos","2781":" col","2782":"ilan","2783":" con","2784":"aat\u0101","2785":"fele","2786":"nesi","2787":"peta","2788":"sa\u00eae","2789":" fom","2790":" fra","2791":"wwf ","2792":"cron","2793":"sues","2794":"uesu","2795":"ukal","2796":"ugam","2797":"uupu","2798":"ufi ","2799":"icro","2800":" aok","2801":"loso","2802":"reni","2803":"oryk","2804":"ilit","2805":"riot","2806":"ekis","2807":"m\u0101si","2808":"ufit","2809":"efat","2810":"lipo","2811":"apul","2812":"atea","2813":"atit","2814":" nor","2815":"aoku","2816":"ones","2817":"iofo","2818":"ship","2819":"anis","2820":" kai","2821":"efu ","2822":"ight","2823":" uni","2824":"ulaa","2825":"sein","2826":"golo","2827":"new ","2828":"evel","2829":"puup","2830":"esei","2831":" big","2832":"ufal","2833":"auia","2834":"liat","2835":"aaat","2836":"ma\u02bbe","2837":"aia\u02bb","2838":"\u014dl\u014d ","2839":"siko","2840":" spa","2841":"isla","2842":"isio","2843":"pua\u00ea","2844":"faio","2845":"uru ","2846":"fe\u00eaa","2847":" mor","2848":" map","2849":"siao","2850":"sa\u00eai","2851":"uase","2852":"upap","2853":"oryp","2854":"o\u00eaa ","2855":"ble ","2856":"ota\u02bb","2857":"olau","2858":"okus","2859":" in ","2860":"efes","2861":" si ","2862":"roni","2863":"elot","2864":"vaom","2865":"nal ","2866":" ate","2867":"slan","2868":"fefi","2869":"soto","2870":"u\u02bba ","2871":" lin","2872":"fuli","2873":"aomi","2874":"emal","2875":"umea","2876":"uei ","2877":" isl","2878":"sueg","2879":" sum","2880":"kamu","2881":" sar","2882":"laup","2883":"poti","2884":"otuk","2885":"esep","2886":"eder","2887":"to\u02bbi","2888":"mutu","2889":"eto ","2890":"\u0101lii","2891":"liui","2892":"tiap","2893":"toot","2894":"ifal","2895":" ose","2896":"tara","2897":"iaos","2898":"tuva","2899":"osin","2900":"apo ","2901":"apu ","2902":"liko","2903":"as\u014d ","2904":" km ","2905":"ooto","2906":"ate\u02bb","2907":"aifo","2908":"aioi","2909":"aut\u014d","2910":"ity ","2911":"tote","2912":"taag","2913":"ugut","2914":"dia ","2915":"uteu","2916":"etoe","2917":"\u0101lol","2918":"est ","2919":"lelo","2920":"pi\u02bbo","2921":"nder","2922":" bc ","2923":"erat","2924":"s\u00e3o ","2925":"naom","2926":" as\u014d","2927":"vana","2928":"via ","2929":"akar","2930":"uiai","2931":"paag","2932":"ger ","2933":" ham","2934":"umut","2935":"hip ","2936":"own ","2937":"umia","2938":"gali","2939":"itag","2940":"ut\u014d ","2941":" oma","2942":"tiin","2943":"itis","2944":"big ","2945":"a\u02bbau","2946":"aa\u02bbi","2947":"ot\u014d ","2948":"lota","2949":"rila","2950":"i\u02bbe ","2951":"emep","2952":"lite","2953":"asar","2954":"sopo","2955":"ramo","2956":"ogaf","2957":"tea ","2958":"aeag","2959":"fusu","2960":"pega","2961":"inia","2962":"onsh","2963":"foa\u00ea","2964":"upeg","2965":"satu","2966":"loi ","2967":"omau","2968":"agam","2969":"isel","2970":"aafu","2971":"ish ","2972":"meme","2973":"saa ","2974":"\u02bbila","2975":"ilat","2976":"puu ","2977":"aume","2978":"unu ","2979":" ei ","2980":"usam","2981":"agae","2982":"apis","2983":" wwf","2984":" sim","2985":"aipa","2986":"nshi","2987":"apet","2988":"to\u0101 ","2989":"apag","2990":" t\u0101 ","2991":"limi","2992":" s\u00e3o","2993":"oeto","2994":"\u02bbein","2995":"uana","2996":"uaf\u0101","2997":"atet","2998":"f\u0101fi","2999":"iola","3000":"faoa","3001":"awai","3002":"tui ","3003":"oma\u02bb","3004":"mase","3005":" eme","3006":" sun","3007":"auru","3008":"ryka","3009":"auao","3010":"euta","3011":"aule","3012":"fran","3013":"\u02bbato","3014":"\u0101fin","3015":"l\u0101it","3016":"vage","3017":"ykal","3018":"kova","3019":"iau ","3020":" iap","3021":"emea","3022":"hawa","3023":"tami","3024":"ulie","3025":"ies ","3026":"u\u02bbei","3027":"vanu","3028":"\u014dgat","3029":"aiin","3030":"g\u0101la","3031":"af\u0101f","3032":"efef","3033":"m\u0101na","3034":" liu","3035":"unit","3036":"\u02bbaga","3037":"fano","3038":"tome","3039":"poap","3040":" sta","3041":" nep","3042":"toti","3043":"aaof","3044":"musi","3045":"toei","3046":"uivi","3047":"oto\u0101","3048":"auiv","3049":"lila","3050":"mupa","3051":"paal","3052":"bia ","3053":"ovan","3054":"am\u014d ","3055":"ifaa","3056":"ura ","3057":"olik","3058":"iomi","3059":"lam\u014d","3060":" ten","3061":"pela","3062":" mom","3063":" kir","3064":" fam","3065":"urge","3066":"nuug","3067":"anes","3068":" kov","3069":"sail","3070":"tole","3071":"eki ","3072":"ogan","3073":"rio ","3074":"ive ","3075":"naur","3076":"asur","3077":"efil","3078":"alef","3079":"asai","3080":"eril","3081":"\u00eaalo","3082":"efar","3083":"eape","3084":"\u00eaili","3085":"waii","3086":"ama\u00ea","3087":"nare","3088":" nut","3089":" s ","3090":"rata","3091":"onom","3092":"lo\u00eao","3093":" log","3094":"kali","3095":"fo\u0101l","3096":"onal","3097":"rger","3098":"tosi","3099":"\u00eaaso","3100":"ofo\u0101","3101":"e\u02bbai","3102":"edia","3103":"upuf","3104":"upan","3105":"seka","3106":"u\u02bbin","3107":"o\u0101li","3108":"evag","3109":"isoi","3110":"pufa","3111":"o\u02bbil","3112":"tufu","3113":"elel","3114":"aust","3115":"afum","3116":"kane","3117":"ekai","3118":"nds ","3119":" ait","3120":"kisi","3121":" \u014dga","3122":"esai","3123":"rama","3124":"an\u0101 ","3125":" af\u0101","3126":" pin","3127":" haw","3128":"mepa","3129":" kap","3130":"toag","3131":"iker","3132":"aaa ","3133":"ther","3134":"alas","3135":"\u02bbuin","3136":"m\u016bm\u016b","3137":"meki","3138":" ii ","3139":"ufug","3140":"ilei","3141":"\u016bl\u016b ","3142":"pame","3143":"geli","3144":"faug","3145":"rale","3146":"aamu","3147":" mou","3148":" ova","3149":"aako","3150":"ares","3151":" fem","3152":"utog","3153":"\u02bbeu ","3154":"atii","3155":"all ","3156":"tuut","3157":"vili","3158":"fuma","3159":"gela","3160":"ofes","3161":"gaee","3162":"\u016bm\u016b ","3163":"ter ","3164":"rasi","3165":"anag","3166":"ince","3167":"keti","3168":"imo ","3169":"nesa","3170":"eaai","3171":"pisa","3172":"etul","3173":"uton","3174":"down","3175":"le\u02bba","3176":"u\u02bbam","3177":" ent","3178":"fesu","3179":"feut","3180":"hana","3181":"rea ","3182":"enai","3183":" t\u0101\u02bb","3184":"pa\u02bbe","3185":"ma\u02bbu","3186":"epae","3187":"giol","3188":"utul","3189":"e\u00eaau","3190":"lipi","3191":" tip","3192":"a\u02bbeu","3193":"itam","3194":" m\u016bm","3195":"oryi","3196":"ia\u02bbe","3197":"auus","3198":"au\u0113 ","3199":"\u02bbole","3200":"omi ","3201":" sik","3202":"sii ","3203":" puu","3204":"ary ","3205":"uaof","3206":"a\u00eail","3207":"taap","3208":"uapi","3209":"amem","3210":"amig","3211":"mupi","3212":" lip","3213":"gafi","3214":"take","3215":"mumu","3216":"uaa ","3217":"teet","3218":"isaa","3219":" mag","3220":"otol","3221":"usat","3222":"siof","3223":"elek","3224":"leso","3225":"tura","3226":"asen","3227":"lepo","3228":"tan ","3229":"man ","3230":"rth ","3231":"mapu","3232":"tiai","3233":"m\u0101li","3234":"tero","3235":"leka","3236":"ogio","3237":" bri","3238":"raim","3239":"eson","3240":"arek","3241":"etia","3242":"amaa","3243":"rate","3244":"sua\u02bb","3245":"elev","3246":"iami","3247":"gaos","3248":"\u02bbapa","3249":"uila","3250":"ands","3251":"teko","3252":" u\u02bba","3253":"osa ","3254":" sma","3255":"mack","3256":" ula","3257":"utui","3258":" ase","3259":"\u02bbame","3260":"omea","3261":"tika","3262":"nase","3263":"og\u0101l","3264":"oaoi","3265":"ag\u0101 ","3266":"fa\u00eai","3267":"itar","3268":"esui","3269":"fam ","3270":"isik","3271":"\u02bbial","3272":"pein","3273":"erup","3274":" iok","3275":"nmen","3276":" pip","3277":"niam","3278":"i\u02bbo ","3279":"ofaa","3280":"lian","3281":"oeit","3282":"ufia","3283":"ainm","3284":" nu ","3285":" pu\u02bb","3286":"soon","3287":"ranc","3288":"a\u00eaaa","3289":"eset","3290":"otin","3291":" apa","3292":" res","3293":"kipe","3294":"sump","3295":"ovas","3296":"puin","3297":" com","3298":"arak","3299":"mini","3300":"soa ","3301":"smac","3302":" ind","3303":"amae","3304":"raw ","3305":"ofua","3306":"tert","3307":"uuso","3308":"iaui","3309":"ut\u00e5 ","3310":"ryam","3311":"viet","3312":" bra","3313":"seke","3314":" por","3315":"aaet","3316":"itut","3317":"eote","3318":" te\u02bb","3319":"kdow","3320":"ato\u00ea","3321":"fagu","3322":"tofu","3323":"feoa","3324":" vag","3325":"saak","3326":"ackd","3327":"tise","3328":"yame","3329":"avia","3330":" raw","3331":"name","3332":"peap","3333":"alak","3334":"asam","3335":"ons ","3336":"teva","3337":"inme","3338":" geo","3339":"nifo","3340":" aap","3341":"kini","3342":"leot","3343":"lemi","3344":" \u02bbap","3345":"rian","3346":"ckdo","3347":"ulou","3348":"ting","3349":"egel","3350":"fare","3351":"mou ","3352":"rtai","3353":"augu","3354":"lofe","3355":"afil","3356":" ege","3357":"rota","3358":"atap","3359":"otoo","3360":"mol\u012b","3361":"ast ","3362":" aan","3363":"aleo","3364":"tano","3365":"u\u02bboa","3366":"teka","3367":"\u00eaina","3368":"asim","3369":"oati","3370":"lipa","3371":"rese","3372":"eete","3373":" tur","3374":"oan ","3375":" pon","3376":"uitu","3377":"te\u02bbi","3378":"ton ","3379":"ilii","3380":"fede","3381":"au\u02bbo","3382":" uta","3383":"saio","3384":"ulot","3385":"o\u02bbag","3386":"ilua","3387":"neto","3388":"\u02bbiti","3389":"fuas","3390":" vit","3391":"amit","3392":"imal","3393":"puig","3394":"fiai","3395":"kiri","3396":"koso","3397":"mosa","3398":"upou","3399":"\u02bbaua","3400":"atur","3401":"anas","3402":"\u02bbava","3403":"gan ","3404":"si\u02bbu","3405":"aete","3406":"utaf","3407":"aiup","3408":"lova","3409":"apia","3410":"iali","3411":"kuat","3412":"ipot","3413":"king","3414":"fogi","3415":"\u0101uu ","3416":"ille","3417":"i\u02bboi","3418":"erot","3419":"apop","3420":"iapa","3421":"itom","3422":"anti","3423":"ieli","3424":"esot","3425":"aipu","3426":"lefu","3427":"afef","3428":"uter","3429":"dera","3430":"tia\u02bb","3431":"ista","3432":"iii ","3433":"ason","3434":"aulu","3435":"lufu","3436":"lufi","3437":"luta","3438":"lilu","3439":"ilai","3440":"aig\u0101","3441":"u\u0101uu","3442":"tic ","3443":" chi","3444":"ota\u00ea","3445":" pre","3446":"pout","3447":"su\u0101u","3448":"mipe","3449":"\u02bbafa","3450":"ol\u012b ","3451":" bur","3452":"mesi","3453":"ster","3454":"paea","3455":" nou","3456":"nusi","3457":"ted ","3458":"pa\u02bbi","3459":"maka","3460":" rep","3461":"siai","3462":"oai ","3463":" igi","3464":" sop","3465":"\u02bboti","3466":" you","3467":"ouin","3468":"ipai","3469":"anto","3470":"serb","3471":"tau\u02bb","3472":"iosi","3473":"itup","3474":"ico ","3475":"\u0101iga","3476":"afo\u02bb","3477":"moap","3478":"stan","3479":"\u02bbauu","3480":"taug","3481":" fed","3482":"ofa\u00ea","3483":"siag","3484":"ght ","3485":"pres","3486":"toso","3487":"og\u0101v","3488":"taue","3489":"ekia","3490":"et\u0101n","3491":" ole","3492":"rist","3493":"rman","3494":"s\u0113in","3495":" tv ","3496":"agaf","3497":" wil","3498":"lesa","3499":"\u0113ina","3500":" sea","3501":"oamo","3502":"ret\u0101","3503":"vinc","3504":"esan","3505":"ess ","3506":" ari","3507":" nif","3508":"aki ","3509":"tian","3510":"utug","3511":" vil","3512":"imea","3513":"\u0101ga ","3514":" uu ","3515":"fao ","3516":"papu","3517":"loa\u00ea","3518":"t\u0101ni","3519":" wal","3520":"tisi","3521":"laas","3522":"\u014dga ","3523":"ira ","3524":"muga","3525":"palo","3526":"u\u00eae ","3527":"sofi","3528":"es\u0113i","3529":"vito","3530":"\u0101nia","3531":" amu","3532":"mein","3533":"ere ","3534":"emok","3535":"oapi","3536":"epal","3537":" \u02bbaf","3538":"tuul","3539":"tag\u0101","3540":"aeai","3541":"fema","3542":"oro ","3543":"loti","3544":"muin","3545":"\u02bbai\u02bb","3546":"aiso","3547":"poam","3548":"keru","3549":" ka ","3550":"ai\u02bbo","3551":" kas","3552":"liki","3553":"meai","3554":"arol","3555":" bal","3556":"afao","3557":"fian","3558":"akia","3559":"aofu","3560":"ulep","3561":"moka","3562":"gaua","3563":"kopi","3564":"agao","3565":"isog","3566":"tao ","3567":"ia\u00eai","3568":"uemu","3569":" luf","3570":"rymo","3571":"ipek","3572":"nite","3573":"gaog","3574":"elag","3575":"onat","3576":"ica ","3577":"auem","3578":"tiga","3579":"stor","3580":"sant","3581":" th ","3582":"ig\u0101i","3583":"atik","3584":"ogao","3585":"upi ","3586":"uula","3587":" ga\u02bb","3588":"maea","3589":"andi","3590":"eser","3591":"rono","3592":" ili","3593":"omei","3594":"\u02bboi ","3595":"afal","3596":"enne","3597":"auu ","3598":"\u02bbeti","3599":" gas","3600":"oman","3601":"ofoo","3602":"pain","3603":"auas","3604":" \u25aa ","3605":"aini","3606":"\u00eaauf","3607":"eorg","3608":"atom","3609":"itiv","3610":"pedi","3611":"oofo","3612":"tale","3613":"foof","3614":" avi","3615":"iten","3616":"ga\u02bbo","3617":"eoin","3618":"gili","3619":"at\u016b ","3620":"lomu","3621":"tilo","3622":" lit","3623":"t\u0101\u02bba","3624":"ora ","3625":" iin","3626":"ome ","3627":"ecw ","3628":"laka","3629":"leoi","3630":" hol","3631":"iita","3632":"uete","3633":"ustr","3634":"evis","3635":"\u0113ton","3636":"maso","3637":"ape ","3638":"kita","3639":"nort","3640":"iga\u02bb","3641":"laag","3642":"tor ","3643":"too ","3644":"noat","3645":"etom","3646":"tona","3647":"eti\u02bb","3648":"l\u0113to","3649":"\u0101lie","3650":"anav","3651":"nete","3652":" tu\u00ea","3653":"i\u02bbet","3654":"eio ","3655":"aris","3656":"numi","3657":"tipi","3658":" kop","3659":"geor","3660":"hola","3661":"mont","3662":" one","3663":"a\u00eaam","3664":"tumo","3665":"l\u016bin","3666":"\u014duli","3667":" ete","3668":" lak","3669":"mond","3670":"euin","3671":" tak","3672":" cap","3673":" upo","3674":"ga\u02bba","3675":"epon","3676":"\u00e5ina","3677":"p\u014dul","3678":" ecw","3679":"ore ","3680":"uiti","3681":" mik","3682":"tu\u00eai","3683":"imip","3684":"elet","3685":"an\u016b ","3686":"alon","3687":"\u0101\u02bbai","3688":"man\u016b","3689":"paga","3690":"outh","3691":"ifa ","3692":"out\u016b","3693":"aful","3694":"umul","3695":"nama","3696":"li\u02bbi","3697":" loi","3698":"eric","3699":"\u0101uai","3700":"vate","3701":"ilie","3702":"uava","3703":"teui","3704":"taaa","3705":"kai ","3706":"tais","3707":"mea\u00ea","3708":" uo ","3709":"asu ","3710":"kaia","3711":"vani","3712":"uusa","3713":"mat\u0101","3714":"a\u00eaut","3715":"peti","3716":"meat","3717":"ance","3718":"igit","3719":"nuti","3720":"osea","3721":"more","3722":"aleu","3723":"male","3724":"nima","3725":" cen","3726":" boy","3727":"itaa","3728":"old ","3729":"nike","3730":"mika","3731":"rand","3732":"amor","3733":"andr","3734":"al\u0113a","3735":"suet","3736":"lle ","3737":"stra","3738":"esse","3739":"live","3740":" rut","3741":"auag","3742":"itui","3743":"arap","3744":"aras","3745":"mpan","3746":"ard ","3747":"fil ","3748":"pone","3749":"\u00eaolo","3750":" p\u014du","3751":"ley ","3752":"eein","3753":"art ","3754":"tuit","3755":"tio ","3756":"tui\u0101","3757":"e\u00eaia","3758":"ntin","3759":"ates","3760":"ape\u02bb","3761":"stin","3762":"ea\u00eaa","3763":"anul","3764":"efet","3765":"anu\u02bb","3766":" fog","3767":"\u00eaama","3768":"kuli","3769":"kole","3770":"\u0101mal","3771":"nona","3772":"rupi","3773":"peio","3774":"uulu","3775":"atog","3776":"kiti","3777":"et\u016b ","3778":"aime","3779":" vau","3780":"unde","3781":"lope","3782":"ui\u0101 ","3783":"pama","3784":" ho ","3785":"ula\u00ea","3786":"boy ","3787":"aain","3788":"upol","3789":"osoi","3790":" kos","3791":"ymot","3792":"igil","3793":"ta\u00eaa","3794":"otil","3795":"palu","3796":"ide ","3797":"osog","3798":"iaif","3799":"gase","3800":"mago","3801":"ekel","3802":"igai","3803":"afes","3804":"gito","3805":"af\u0101i","3806":"\u0101vin","3807":" ope","3808":"auat","3809":" ome","3810":"vaie","3811":"una\u00ea","3812":"ovak","3813":"vail","3814":" mer","3815":"evi ","3816":" bar","3817":"sipe","3818":"u\u00eaa ","3819":"vers","3820":"ikot","3821":"bert","3822":" \u00eaai","3823":"arch","3824":"soag","3825":"liin","3826":"uama","3827":"inge","3828":"oana","3829":"uali","3830":"uaiu","3831":"feal","3832":"nu\u02bba","3833":"tauo","3834":"musu","3835":"afoi","3836":"ofag","3837":"iman","3838":"i\u02bbil","3839":"afou","3840":"aro ","3841":"ilol","3842":" pa\u00ea","3843":"polu","3844":"usai","3845":"ili\u02bb","3846":"siat","3847":"aiel","3848":"aeli","3849":"port","3850":"nome","3851":"poli","3852":"tapa","3853":"hero","3854":" tra","3855":"tati","3856":"stle","3857":" cel","3858":"iro ","3859":"simo","3860":"aupo","3861":"nita","3862":" nas","3863":" can","3864":" nao","3865":" nam","3866":"iamu","3867":"amen","3868":"mafo","3869":"auup","3870":"ugag","3871":"f\u0101in","3872":"\u016bl\u016bi","3873":"ison","3874":"foui","3875":"ifi ","3876":"leil","3877":"etuu","3878":"aua\u00ea","3879":"misa","3880":"rbia","3881":"vasi","3882":"oleg","3883":"umot","3884":"semi","3885":" usu","3886":"imit","3887":" \u0101va","3888":"uvau","3889":"suav","3890":"ufof","3891":" eku","3892":"\u0113aog","3893":"aeto","3894":"nic ","3895":"ial ","3896":"lela","3897":"lial","3898":"lupu","3899":"taif","3900":"suli","3901":" v ","3902":"utuu","3903":"suit","3904":"asit","3905":"ral ","3906":"leit","3907":"ai\u00eau","3908":"a\u02bbui","3909":"a\u02bbu\u02bb","3910":"umui","3911":"asek","3912":"west","3913":"u\u02bb\u016b ","3914":" und","3915":"lusi","3916":"apin","3917":"suag","3918":"oryf","3919":"ant ","3920":"ieki","3921":"maus","3922":"nako","3923":"g\u0101vi","3924":" ti\u02bb","3925":"ker ","3926":"ilaa","3927":"noue","3928":"apun","3929":"aeei","3930":" hor","3931":"hani","3932":"usul","3933":"eau ","3934":"l\u0113ao","3935":"ouei","3936":"her ","3937":" afu","3938":"alom","3939":"sea\u02bb","3940":"john","3941":"kome","3942":"illi","3943":"erbi","3944":" cor","3945":"aai\u00ea","3946":"noa\u02bb","3947":" sie","3948":"ufat","3949":"ulut","3950":"kata","3951":" uli","3952":"pona","3953":"tamo","3954":"rica","3955":" mi ","3956":"ipa ","3957":"aifu","3958":"siek","3959":"afog","3960":"enat","3961":"vefe","3962":"siup","3963":"oet\u016b","3964":"a\u00eaol","3965":"saua","3966":" au\u0113","3967":"\u02bbu\u02bb\u016b","3968":"oge ","3969":"tuus","3970":" fut","3971":"oliv","3972":"a\u00eain","3973":"gafu","3974":"avef","3975":"auso","3976":"vaue","3977":"pate","3978":"thor","3979":"aleg","3980":"atuv","3981":" ger","3982":"kere","3983":"iter","3984":" m\u0101o","3985":" gre","3986":" m\u0101n","3987":"otov","3988":"mau\u02bb","3989":" ant","3990":" vic","3991":"arit","3992":"ork ","3993":"sula","3994":" ver","3995":"enin","3996":"uaso","3997":"ness","3998":"nule","3999":"ilim","4000":"eolo","4001":" fe\u00ea","4002":"ilel","4003":"agu ","4004":"efan","4005":"nuat","4006":"alei","4007":"vauv","4008":" is ","4009":"fufu","4010":"upun","4011":"togo","4012":" uil","4013":"\u0101va ","4014":"minu","4015":"nepu","4016":"lefa","4017":"sepu","4018":"ifag","4019":"elua","4020":" fuf","4021":"ruta","4022":" til","4023":"ioia","4024":" tik","4025":"ife\u02bb","4026":" ben","4027":"loli","4028":"tern","4029":" met","4030":"age ","4031":" lup","4032":"lupe","4033":"anch","4034":" tar","4035":" oge","4036":"vaii","4037":" dan","4038":"tova","4039":"rra ","4040":"uupe","4041":"au\u02bba","4042":"akap","4043":"imug","4044":"res ","4045":"aser","4046":"fein","4047":"oese","4048":" pro","4049":" \u02bbot","4050":"o\u02bbo ","4051":"a\u02bbif","4052":"der ","4053":"ffff","4054":"lovi","4055":" p\u016b ","4056":"gate","4057":"sman","4058":"ios ","4059":"aufe","4060":" at ","4061":"a\u00eaii","4062":"as\u0101i","4063":"taii","4064":"repo","4065":"isto","4066":"erti","4067":"epoa","4068":"ovai","4069":"\u02bbele","4070":"uta\u02bb","4071":"aono","4072":"eoa\u02bb","4073":"a\u02bbul","4074":"puka","4075":"ersi","4076":" for","4077":"\u02bbaf\u0101","4078":"ulis","4079":"liti","4080":"igi ","4081":"rtin","4082":"ulit","4083":" fug","4084":" sha","4085":" jan","4086":"ypol","4087":"otet","4088":"asip","4089":"vael","4090":"auth","4091":"aut\u00e5","4092":"tlem","4093":"futu","4094":"suga","4095":"mae ","4096":"agos","4097":"logi","4098":" \u02bboa","4099":" vat","4100":"lauu","4101":"kono","4102":"opi ","4103":"al\u0113t","4104":" las","4105":"epet","4106":"utho","4107":"oali","4108":"u\u00eai ","4109":" ivi","4110":"auof","4111":"viat","4112":"tifa","4113":"esal","4114":"ick ","4115":"ukan","4116":" eto","4117":" t\u0101t","4118":"util","4119":"rypo","4120":"will","4121":"epuk","4122":" po\u00ea","4123":"\u02bbali","4124":" kok","4125":"imel","4126":"hama","4127":"gers","4128":"ence","4129":"usil","4130":"oima","4131":"sout","4132":"use ","4133":"kapi","4134":"usip","4135":" hos","4136":"sou ","4137":"unui","4138":"ului","4139":"eise","4140":"uofo","4141":"a\u00eaap","4142":"tuil","4143":"s\u0101in","4144":"piut","4145":"onoa","4146":" t\u014d ","4147":"mepi","4148":"sare","4149":"ufe\u02bb","4150":"act ","4151":"anik","4152":"ia\u02bbo","4153":"\u00eaiin","4154":"oloo","4155":"tel ","4156":"aumi","4157":" t\u00e5 ","4158":"aul\u0101","4159":" \u02bbav","4160":"kasa","4161":"yspa","4162":"erep","4163":"lieg","4164":" see","4165":"iega","4166":"vise","4167":" it\u016b","4168":" ief","4169":"uini","4170":"suna","4171":" bor","4172":"peis","4173":" aa ","4174":"see ","4175":"isea","4176":"rgin","4177":"omep","4178":"wiki","4179":"uami","4180":"ul\u0101i","4181":"pe\u02bba","4182":"ryiu","4183":"\u0101itu","4184":"otua","4185":" gen","4186":" esa","4187":" ai\u0101","4188":"feto","4189":" ram","4190":"gisi","4191":"anda","4192":"ande","4193":"ver ","4194":"uima","4195":" aki","4196":"omom","4197":"iria","4198":" chr","4199":"afie","4200":"uumi","4201":"ekon","4202":"lu\u02bbi","4203":"einu","4204":"erra","4205":"efe\u02bb","4206":"ase\u02bb","4207":" oof","4208":"muta","4209":"goto","4210":"pila","4211":" tif","4212":"tope","4213":"ook ","4214":"tape","4215":"erma","4216":"arti","4217":"gan\u0101","4218":"nte ","4219":"opo\u02bb","4220":"kiel","4221":"nato","4222":"fere","4223":"ubli","4224":"sape","4225":"agis","4226":"koti","4227":"rete","4228":" joh","4229":"rysp","4230":"usug","4231":" nin","4232":"oofu","4233":"auan","4234":"suai","4235":"viki","4236":"faip","4237":"opul","4238":"a\u00eaau","4239":" uum","4240":"tos ","4241":"au\u0101g","4242":"ulon","4243":"um\u016b ","4244":"igia","4245":"sta ","4246":"nou ","4247":"auul","4248":" lik","4249":"inam","4250":" ste","4251":"of\u0101 ","4252":"utu\u02bb","4253":"iol\u0113","4254":"int ","4255":"tulu","4256":"sais","4257":"fais","4258":" int","4259":" sae","4260":"kema","4261":"hris","4262":"ible","4263":"\u00eaaao","4264":" sag","4265":"tof\u0101","4266":"saus","4267":" seo","4268":"o\u02bbai","4269":" spe","4270":"yiun","4271":"ous ","4272":"aram","4273":"iner","4274":"ilik","4275":"sali","4276":"paol","4277":" tri","4278":"tria","4279":"stri","4280":"a\u02bbim","4281":"ioas","4282":"ufel","4283":"oein","4284":"aona","4285":" tep","4286":"apus","4287":"ator","4288":"chri","4289":" seu","4290":"tral","4291":"kape","4292":"iaug","4293":"nimo","4294":"olus","4295":"nist","4296":"\u00eauin","4297":"ipun","4298":"uapo","4299":"komi","4300":"hoga","4301":"faa\u02bb","4302":"onte","4303":"loim","4304":"taur","4305":"\u0101oga","4306":"\u02bbuta","4307":"akis","4308":"u\u00eau ","4309":"afei","4310":"esen","4311":" \u0101og","4312":"tito","4313":"\u0101lau","4314":"nge ","4315":"aam\u016b","4316":"tes ","4317":"mum\u016b","4318":"eoli","4319":"\u02bbule","4320":"aia\u00ea","4321":"tin ","4322":"tepa","4323":"lu\u00eai","4324":"esau","4325":"rane","4326":"egai","4327":"u\u0101ga","4328":"mes ","4329":"lug\u0101","4330":" bib","4331":" auv","4332":"\u02bbea ","4333":"epes","4334":"ack ","4335":"m\u0101m\u0101","4336":"alup","4337":"m\u0101l\u016b","4338":" ang","4339":"nam ","4340":" \u02bbol","4341":" kua","4342":"ang ","4343":" alb","4344":"iua ","4345":" fee","4346":"seum","4347":"imak","4348":"aaes","4349":" aul","4350":"ma\u00eae","4351":" p ","4352":"umel","4353":"lino","4354":"vaki","4355":" het","4356":"imu ","4357":"oret","4358":"grap","4359":" omi","4360":"opi\u02bb","4361":"\u02bbopi","4362":"to\u00eai","4363":"uti ","4364":"uua\u02bb","4365":"kuin","4366":" mog","4367":" wes","4368":"omoe","4369":"germ","4370":"upin","4371":"a\u00eaeu","4372":"anus","4373":"onut","4374":"efer","4375":"alti","4376":"eata","4377":"a\u02bbat","4378":"unak","4379":" wik","4380":" let","4381":"opet","4382":"olin","4383":"anic","4384":" ass","4385":" al\u0101","4386":"tiki","4387":" cam","4388":"\u0101uga","4389":"ovik","4390":"ohn ","4391":"sesa","4392":" ric","4393":"akal","4394":"iefa","4395":"tule","4396":"oryt","4397":"\u00eaila","4398":"puai","4399":"eval","4400":" \u0101ug","4401":"i\u02bbop","4402":"amui","4403":"\u00eaiti","4404":" a\u02bbi","4405":"\u00eaeu ","4406":" iu ","4407":"sak ","4408":"maaa","4409":"kaio","4410":"ia\u00eae","4411":"apip","4412":" \u00eaal","4413":"popu","4414":"taan","4415":"\u0101m\u0101 ","4416":"ntos","4417":"erna","4418":" imp","4419":"oto\u00ea","4420":"poa\u02bb","4421":"epiu","4422":"seko","4423":" kip","4424":"rain","4425":"ivae","4426":"ses ","4427":"emat","4428":"hall","4429":"muia","4430":"chis","4431":"masu","4432":"lale","4433":"feit","4434":"mas ","4435":"lia\u02bb","4436":"aee ","4437":" hog","4438":"apaa","4439":"bibl","4440":"tima","4441":"ises","4442":"fu\u00eaa","4443":"etes","4444":"au\u0101i","4445":"veni","4446":"iran","4447":" app","4448":"\u00eaein","4449":"enim","4450":"ddy ","4451":"mua\u02bb","4452":"omer","4453":" cro","4454":"irgi","4455":"napa","4456":"asma","4457":"uper","4458":"poin","4459":"nan\u0101","4460":"mich","4461":"po\u00eao","4462":"u\u0101in","4463":"ode ","4464":"tasm","4465":" sov","4466":"upia","4467":"mo\u02bbe","4468":"ncen","4469":"nda ","4470":"alif","4471":"olil","4472":"\u0101tou","4473":"ndt ","4474":"soni","4475":"publ","4476":"\u00eaie ","4477":"istr","4478":"feau","4479":"olao","4480":"fota","4481":"oila","4482":"nolo","4483":"oifa","4484":"liam","4485":" m\u0101m","4486":"reto","4487":"ctor","4488":"siku","4489":"atof","4490":"lly ","4491":"nuto","4492":"isim","4493":" g ","4494":" fu\u00ea","4495":" ota","4496":"fule","4497":"titu","4498":"nu\u00eau","4499":"nchi","4500":"ctio","4501":"ivia","4502":"i\u02bbau","4503":" tna","4504":"toif","4505":"gao ","4506":"ltic","4507":"anei","4508":"maop","4509":"\u0101laa","4510":"ning","4511":"imom","4512":"imor","4513":"gosu","4514":"hing","4515":"imua","4516":"nion","4517":"laol","4518":"im\u0101l","4519":"umpa","4520":"neva","4521":"ean ","4522":"lavi","4523":" iuk","4524":"ican","4525":"ical","4526":"tela","4527":"oyal","4528":"opoi","4529":" koa","4530":"oron","4531":"ekie","4532":"oval","4533":"aau\u014d","4534":"ces ","4535":"riti","4536":"lav\u0101","4537":"seri","4538":"ekos","4539":"aaon","4540":"roya","4541":"rapa","4542":"oven","4543":"tch ","4544":"g\u0101ma","4545":"vaal","4546":"seu ","4547":"uefu","4548":" ain","4549":"ilil","4550":" vir","4551":"\u0101iti","4552":"raph","4553":"o\u00eail","4554":"a\u02bbus","4555":"ekem","4556":" act","4557":"mame","4558":"o\u02bbao","4559":"giin","4560":"ioap","4561":"righ","4562":"o\u02bbe ","4563":"on\u0101 ","4564":" tuv","4565":" l\u0101i","4566":"hose","4567":"ti\u014d ","4568":"lose","4569":"hor ","4570":"bris","4571":"love","4572":"vane","4573":"lous","4574":"seol","4575":"rana","4576":"sifi","4577":"virg","4578":"toil","4579":"ings","4580":" io ","4581":" lef","4582":"tle ","4583":"otik","4584":"amos","4585":"ondt","4586":"aaag","4587":"kuei","4588":" jac","4589":" def","4590":"ulei","4591":"usa\u02bb","4592":"fees","4593":" ros","4594":"ifau","4595":"nani","4596":" j ","4597":"epo ","4598":"ymar","4599":"l\u014dga","4600":" rum","4601":"roge","4602":"vaes","4603":"capi","4604":"\u0101nav","4605":"taa\u02bb","4606":"\u0101nat","4607":"elit","4608":"can ","4609":"\u00eaino","4610":"maof","4611":"uuto","4612":" sch","4613":"i\u00eau ","4614":"rock","4615":"hili","4616":" ban","4617":"uva ","4618":"ell ","4619":"faak","4620":"keli","4621":" edi","4622":"uutu","4623":"hise","4624":"ied ","4625":" put","4626":"ig\u0101m","4627":"inel","4628":"goai","4629":"\u0101tup","4630":"entr","4631":"fuef","4632":" ney","4633":" ne ","4634":"efue","4635":" hak","4636":" hai","4637":"a\u02bbap","4638":"isii","4639":"gini","4640":"\u02bbitu","4641":" lao","4642":"tari","4643":"oma\u00ea","4644":"\u014dl\u014dg","4645":"inte","4646":"afui","4647":"\u02bbaon","4648":"avao","4649":"omin","4650":"omoi","4651":"gen ","4652":" m ","4653":" mac","4654":"mert","4655":"ipep","4656":"onap","4657":"\u02bbale","4658":" not","4659":"rina","4660":"ring","4661":"dela","4662":" jos","4663":"iver","4664":"iivi","4665":"ike ","4666":"saro","4667":" era","4668":"rena","4669":"eelu","4670":"aees","4671":" est","4672":"it\u016b ","4673":" his","4674":"omup","4675":"atar","4676":"moro","4677":"atch","4678":"lius","4679":"op\u014d ","4680":"isti","4681":"orat","4682":"ord ","4683":"moin","4684":" reu","4685":"lish","4686":" on ","4687":" kui","4688":" oon","4689":"eini","4690":" kof","4691":"eone","4692":"atuu","4693":"nas ","4694":"kenn","4695":"ngs ","4696":"viiv","4697":" tor","4698":" bro","4699":" v\u0101e","4700":"laki","4701":"ange","4702":"tivi","4703":"tit ","4704":"noka","4705":" chu","4706":"puno","4707":"nes ","4708":"koni","4709":"euma","4710":"ryfa","4711":"ney ","4712":"noto","4713":"eyma","4714":" t ","4715":" bos","4716":"ea\u00eai","4717":"uth ","4718":" upe","4719":"kais","4720":"ufa ","4721":"ist ","4722":"stro","4723":"meni","4724":"orgi","4725":"eema","4726":"rysa","4727":" bel","4728":"aivi","4729":"poai","4730":"teug","4731":"i\u02bbui","4732":"indi","4733":"pa\u02bba","4734":"t\u0101nu","4735":"hart","4736":"arin","4737":"tna ","4738":"iuku","4739":"leto","4740":"\u0101nuu","4741":"stat","4742":"tiko","4743":"ooga","4744":"risb","4745":"eran","4746":"toon","4747":"isba","4748":"kain","4749":"ency","4750":"isua","4751":"his ","4752":"bel ","4753":"o\u00eaal","4754":"nela","4755":"inea","4756":"at\u0101n","4757":"akan","4758":"siin","4759":"toka","4760":"t\u0101up","4761":"toas","4762":" efu","4763":"yal ","4764":"our ","4765":" roy","4766":"ekua","4767":"\u00eaalu","4768":"leem","4769":" jam","4770":"pulu","4771":"list","4772":"saoa","4773":" auk","4774":"essi","4775":"rein","4776":"tary","4777":"a\u02bbal","4778":" nwa","4779":"amut","4780":"vlam","4781":"evat","4782":" str","4783":"seti","4784":"tia\u00ea","4785":" hin","4786":"a\u02bb\u012b ","4787":"ukur","4788":"\u02bbusa","4789":"rima","4790":" bob","4791":"ouli","4792":" u ","4793":"mogi","4794":"epub","4795":"a\u02bbam","4796":"comm","4797":"euga","4798":"ins ","4799":"utev","4800":"erin","4801":" ise","4802":"\u0101ega","4803":" dis","4804":" but","4805":"tran","4806":"leas","4807":"over","4808":"repu","4809":"urin","4810":" lul","4811":"pane","4812":"exic","4813":" pri","4814":"nini","4815":" pa ","4816":" nan","4817":"lina","4818":"enti","4819":"ain\u0101","4820":"chil","4821":"a\u02bbi\u02bb","4822":"rola","4823":"nera","4824":"ea\u02bb\u012b","4825":"sban","4826":"ovie","4827":" hea","4828":" nap","4829":"\u02bbi\u02bba","4830":"ding","4831":" auu","4832":"alek","4833":" lut","4834":"\u02bbama","4835":"hard","4836":"\u02bbait","4837":"atev","4838":"eseu","4839":"sena","4840":"\u00eauti","4841":"inot","4842":"appl","4843":"ern ","4844":" aam","4845":"mal ","4846":"tuun","4847":"vice","4848":"urei","4849":"asui","4850":"so\u00eao","4851":"bane","4852":"\u0101upu","4853":"toal","4854":" pue","4855":"ston","4856":"v\u0101eg","4857":"e\u00eaa ","4858":"neym","4859":"pora","4860":"neem","4861":" be ","4862":"ifea","4863":"ofio","4864":"iser","4865":"ikip","4866":"ress","4867":" enc","4868":" eno","4869":" tow","4870":"niin","4871":"ofil","4872":"ieu ","4873":"mor ","4874":"ietn","4875":"sere","4876":"ert ","4877":"ipol","4878":"ncyc","4879":" god","4880":" moo","4881":"ikul","4882":"upai","4883":" c ","4884":"am\u016b ","4885":"volu","4886":"char","4887":"fip\u014d","4888":"ofof","4889":"lign","4890":"odox","4891":"itu\u02bb","4892":"eave","4893":" p\u0101\u02bb","4894":"anim","4895":"\u00eaaut","4896":"rans","4897":"ory ","4898":"ign=","4899":" kem","4900":"blic","4901":"osio","4902":"lo\u02bbo","4903":"ulip","4904":"tail","4905":" tek","4906":" vla","4907":"iuan","4908":" cou","4909":"xico","4910":"teua","4911":"atok","4912":"rtak","4913":"iram","4914":"rant","4915":"def ","4916":" vol","4917":"mexi","4918":"rite","4919":"tase","4920":"vill","4921":"mor\u012b","4922":"ndi ","4923":"fioa","4924":"ves ","4925":"enii","4926":"vete","4927":"hamo","4928":"sei ","4929":"esef","4930":"eemi","4931":"rimo","4932":" fer","4933":" que","4934":"ip\u014d ","4935":" arc","4936":"rity","4937":" na\u02bb","4938":"puli","4939":"rapi","4940":"viti","4941":"etna","4942":"hodo","4943":"ngli","4944":" gra","4945":"card","4946":"a\u0101ta","4947":"vaet","4948":"clop","4949":"caro","4950":"colo","4951":"\u02bbaup","4952":" lu\u02bb","4953":"ice ","4954":" got","4955":"ong ","4956":"reel","4957":"efot","4958":" art","4959":"tugu","4960":"kate","4961":"jack","4962":" \u0101li","4963":" med","4964":"giau","4965":"sean","4966":"pota","4967":"thod","4968":"kima","4969":"su\u0101s","4970":"brit","4971":" suk","4972":"a\u00eaaf","4973":" hep","4974":"kare","4975":"iate","4976":"puta","4977":"iau\u0113","4978":"pa\u00eau","4979":"rsha","4980":"uvag","4981":"koli","4982":" dom","4983":" wit","4984":"mand","4985":"faa\u0101","4986":"sovi","4987":"afip","4988":"rote","4989":"ioat","4990":"lar ","4991":"nts ","4992":" sot","4993":"poa ","4994":" coo","4995":"ulat","4996":" nee","4997":"oku ","4998":" efo","4999":"cycl"}}