{"sun":{"0":"eun ","1":"keun","2":"ang ","3":" nu ","4":" nga","5":"ung ","6":"eung","7":"jeun","8":"rang","9":"ina ","10":" jeu","11":"uran","12":" di ","13":" ura","14":"oid ","15":"roid","16":" man","17":" ast","18":"t\u00e9ro","19":"st\u00e9r","20":"\u00e9roi","21":"ast\u00e9","22":"\u00e9ta ","23":" nya","24":"aran","25":"ana ","26":" ka ","27":"ngan","28":"ieu ","29":" ieu","30":" pan","31":"lah ","32":" ku ","33":"jadi","34":"ikeu","35":"hna ","36":"tan ","37":"adi ","38":" din","39":" mar","40":"isa ","41":"bisa","42":" bis","43":" jad","44":"dina","45":"teu ","46":" y\u00e9h","47":"uwa ","48":"huwa","49":"y\u00e9hu","50":"\u00e9huw","51":" pik","52":"hiji","53":"an\u00e9h","54":"kan ","55":"\u00e9hna","56":" kab","57":"gan ","58":"aya ","59":"iji ","60":"n\u00e9hn","61":"ya\u00e9t","62":"a\u00e9ta","63":"nya\u00e9","64":"han ","65":" teu","66":"atan","67":"pike","68":" kat","69":"ran ","70":"ing ","71":" kal","72":"anu ","73":" anu","74":"ara ","75":" tin","76":"angk","77":"pang","78":"tina","79":"aha ","80":"sala","81":"aan ","82":" t\u00e9h","83":"t\u00e9h ","84":"kate","85":" sal","86":"ngka","87":"gori","88":"egor","89":" the","90":"awa ","91":"ngal","92":"arta","93":"anga","94":"rta ","95":"ateg","96":"tego","97":" kac","98":"alah","99":"ahan","100":" jal","101":" sar","102":" ti ","103":"ari ","104":"mang","105":"the ","106":"kaca","107":" pla","108":"asa ","109":" aya","110":"plan","111":"aon ","112":"nna ","113":"naon","114":" nao","115":"ula ","116":" sak","117":" ind","118":" san","119":" lam","120":"ukan","121":"jalm","122":" min","123":"alma","124":" pro","125":"lma ","126":"angg","127":"kabu","128":"akeu","129":"ngke","130":"sia ","131":"eus ","132":"kal ","133":"r\u00e9k ","134":"man\u00e9","135":"mun ","136":" kan","137":" sad","138":"san ","139":"ngar","140":"geus","141":"akal","142":"mara","143":"euna","144":"nter","145":"upat","146":"amun","147":"gkeu","148":"bupa","149":" sab","150":"rupa","151":"pada","152":"at\u00e9n","153":"abup","154":" bak","155":"ahij","156":" per","157":"t\u00e9n ","158":"ndon","159":"man ","160":" sah","161":"nang","162":"lamu","163":"ian ","164":"ada ","165":"amat","166":"pat\u00e9","167":"indo","168":"mata","169":"baka","170":" hij","171":" bar","172":"api ","173":"sang","174":"mah ","175":"ion ","176":"\u00e9sia","177":" \u00e9ta","178":"insi","179":"sart","180":" ngo","181":"tara","182":"ong ","183":"ntuk","184":"n\u00e9si","185":"sad\u00e9","186":"d\u00e9r\u00e9","187":"\u00e9r\u00e9k","188":"ad\u00e9r","189":"maha","190":" deu","191":"on\u00e9s","192":"don\u00e9","193":"bula","194":"entu","195":" all","196":" tap","197":"gara","198":"saba","199":"ran\u00e9","200":"gala","201":" leu","202":"nsi ","203":"bent","204":" ata","205":"capa","206":"ting","207":"kudu","208":"oria","209":"tion","210":"tawa","211":" kud","212":"og\u00e9 ","213":"sahi","214":" og\u00e9","215":"llah","216":"aun ","217":" ari","218":"basa","219":"cama","220":"ngab","221":"alla","222":"marc","223":"tapi","224":"engk","225":"acam","226":"apad","227":"udu ","228":"prop","229":"arca","230":"ngah","231":"taun","232":"ataw","233":"rcap","234":"cara","235":"lan\u00e9","236":"an\u00e9t","237":"bara","238":"nan ","239":"umah","240":"ropi","241":"kuma","242":"tang","243":" bat","244":"\u00e9bul","245":"opin","246":"n\u00e9bu","247":" n\u00e9b","248":"pins","249":"anya","250":"anta","251":" dip","252":"anan","253":" par","254":"ukeu","255":"upa ","256":" mah","257":" tau","258":"wih ","259":" kar","260":"dang","261":" car","262":" mas","263":"ntar","264":"inan","265":" geu","266":" beu","267":"luar","268":" bas","269":" kum","270":"kana","271":"ajar","272":"ngaw","273":"ngga","274":"anda","275":"inga","276":"rkeu","277":"y\u00e9n ","278":" y\u00e9n","279":"kna ","280":" bag","281":"ente","282":" tan","283":" kaw","284":"ngaj","285":"uar ","286":"alam","287":"awas","288":"rias","289":"ayan","290":"atio","291":"tas ","292":"gka ","293":"sus ","294":"kalu","295":"tur ","296":"ter ","297":"iast","298":"grup","299":"leuw","300":"bah ","301":" lan","302":"angr","303":"nal ","304":"eur ","305":"nana","306":"erna","307":"sana","308":"atur","309":"mant","310":"nya ","311":"euwi","312":"unan","313":"awar","314":"ngru","315":"ali ","316":"boga","317":" pri","318":"\u00e9an ","319":"batu","320":"uwih","321":"antu","322":" ban","323":" dia","324":"eula","325":"oga ","326":"ora ","327":"aman","328":"kita","329":"mina","330":"po\u00e9 ","331":"mor ","332":"ollo","333":"abab","334":"abar","335":"umbu","336":"itab","337":"kawa","338":"apol","339":"llo ","340":"asi ","341":" keu","342":"poll","343":" apo","344":"tab ","345":"bada","346":"iona","347":"mbu ","348":"tumb","349":"inte","350":"gali","351":" of ","352":"ulah","353":"yang","354":"onal","355":"roba","356":" int","357":"lawa","358":" bog","359":"saku","360":"ener","361":" y\u00e9s","362":" abd","363":"ngor","364":"loba","365":"laha","366":"\u00e9sus","367":"ged\u00e9","368":"y\u00e9su","369":"pan ","370":"obah","371":"eran","372":"\u00e9sa ","373":" dis","374":"tkeu","375":"raha","376":" wak","377":"d\u00e9sa","378":"baba","379":" dib","380":"bang","381":"keur","382":" ged","383":"unga","384":"uan ","385":"rna ","386":"abdi","387":" \u200b ","388":"bdi ","389":"was ","390":"aktu","391":"gaba","392":"wakt","393":"irup","394":"akna","395":"hiru","396":" kas","397":"ante","398":"gora","399":"tar ","400":" sum","401":" uni","402":"ujuk","403":"arti","404":" pam","405":"ruju","406":"alan","407":"\u00e9na ","408":" beb","409":"awan","410":"ieun","411":"bebe","412":"juka","413":"alua","414":"ring","415":" ruj","416":"eben","417":"bag\u00e9","418":"una ","419":" amo","420":"jawa","421":"lan ","422":" bad","423":"ktu ","424":"nten","425":"arat","426":"amor","427":"tern","428":"itas","429":" alk","430":"oba ","431":"bene","432":" har","433":"cate","434":" hal","435":"mat ","436":"lant","437":"deng","438":"beul","439":"para","440":" d\u00e9s","441":"tutu","442":"tuka","443":"alki","444":"hal ","445":"nyaa","446":"lkit","447":"rasa","448":"ial ","449":"eut ","450":"atet","451":" lob","452":" kit","453":"and ","454":"sina","455":" a ","456":"pat ","457":"asan","458":"euke","459":"adag","460":"keut","461":"ngad","462":"enga","463":" sed","464":"ngeu","465":" jaw","466":"cal ","467":"ical","468":" tut","469":"arah","470":" nyi","471":"angs","472":"onom","473":"ota ","474":"ster","475":"rat ","476":"akum","477":" kul","478":"tike","479":"nati","480":"nda ","481":"lang","482":"nomi","483":"d\u00e9na","484":" kah","485":"cent","486":"deuk","487":"astr","488":"kal\u00e9","489":"kara","490":"tuk ","491":"ag\u00e9a","492":" ben","493":"eden","494":"yaah","495":"tron","496":"apta","497":"alak","498":"ampa","499":"aah ","500":" kur","501":" cen","502":"dapt","503":"hkeu","504":" dit","505":" dap","506":"g\u00e9an","507":"sita","508":"rus ","509":" pen","510":"ptar","511":"aben","512":"enna","513":"mal ","514":"kup ","515":"ntri","516":" rob","517":"itud","518":" cuk","519":" \u00e9ks","520":"ukup","521":"sede","522":"rek ","523":" mut","524":"risi","525":"n\u00e9t ","526":"tenn","527":"jar ","528":"bant","529":"cuku","530":"eube","531":"ganj","532":"ubeu","533":" mag","534":" ter","535":"\u00e9nsi","536":"ngge","537":"net ","538":"geun","539":"kolo","540":"dag ","541":" and","542":"deui","543":"kabe","544":"umat","545":"\u00e9ntr","546":"stro","547":"aban","548":"rbit","549":"eui ","550":"kala","551":"anon","552":"pano","553":"dial","554":"rnat","555":" dir","556":"kota","557":"bit ","558":"amba","559":" sat","560":"lane","561":"anet","562":"imal","563":"lus ","564":"utum","565":" nge","566":"aste","567":"sima","568":" gam","569":"ed\u00e9n","570":"arga","571":"mna ","572":"udak","573":"raja","574":"haya","575":"magn","576":" ngu","577":" obj","578":"gaja","579":"isim","580":"gah ","581":" con","582":"mino","583":"ampu","584":"rana","585":" pas","586":"isit","587":"tik ","588":"tet ","589":"s\u00e9nt","590":" sam","591":"omic","592":"tris","593":"bj\u00e9k","594":"j\u00e9k ","595":"jrek","596":"njre","597":"gkan","598":"nion","599":"rono","600":"anjr","601":"orbi","602":"nor ","603":"olot","604":"unio","605":"ngag","606":"onto","607":"prim","608":"obj\u00e9","609":"inor","610":"baha","611":"umna","612":"akar","613":"lih ","614":"ordi","615":"nonp","616":"beub","617":"kitu","618":"mica","619":"tero","620":"onpo","621":"tisi","622":"npo\u00e9","623":"\u00e9ks\u00e9","624":" orb","625":" hat","626":"ks\u00e9n","627":"n\u00e9ti","628":"wang","629":"tra ","630":"imor","631":" kaa","632":"bar ","633":"ebut","634":"eroi","635":" kot","636":"acat","637":"\u00e9tis","638":"aras","639":"jang","640":"rdia","641":"angu","642":"rimo","643":"udo ","644":"r\u00e9ns","645":" r\u00e9f","646":"nitu","647":"ngun","648":"tudo","649":"l\u00e9r ","650":"gnit","651":"mord","652":"agni","653":"ner ","654":"asal","655":"utla","656":" sap","657":"enti","658":"kumn","659":"tlak","660":"\u00e9r\u00e9n","661":"mutl","662":"nsin","663":"lamp","664":"lakn","665":"ntin","666":"r\u00e9f\u00e9","667":"naan","668":"ita ","669":" kaj","670":"band","671":"f\u00e9r\u00e9","672":"\u00e9f\u00e9r","673":"isan","674":" hir","675":"erus","676":"gna ","677":"gawa","678":" kap","679":"pama","680":"ikir","681":"ikan","682":"ngsa","683":"apan","684":"al\u00e9r","685":"aca ","686":"ahar","687":"asih","688":" bud","689":"bung","690":"usan","691":"rup ","692":"dian","693":"njeu","694":"itu ","695":"anje","696":" bab","697":"ngna","698":" mpo","699":"wan ","700":"ajan","701":"masi","702":"masa","703":"ning","704":"diba","705":"kab\u00e9","706":"diri","707":"teru","708":"unaa","709":"hat\u00e9","710":"jan ","711":"dak ","712":" kam","713":"hare","714":"diaj","715":"pana","716":"dung","717":"guna","718":"rist","719":"nake","720":"urin","721":"ungg","722":"kuri","723":"buda","724":"\u00e9nta","725":"lot ","726":"laku","727":"sna ","728":"at\u00e9 ","729":"ahir","730":"ling","731":"iri ","732":"ggal","733":" nep","734":" kol","735":"arke","736":"ola ","737":"naha","738":"laya","739":"kany","740":"dipa","741":"eng ","742":"iaja","743":" nah","744":"rah ","745":"rita","746":"ala ","747":"nepi","748":"lama","749":"tna ","750":"cont","751":" nye","752":"suma","753":"lur ","754":" tul","755":"ika ","756":" mat","757":"teng","758":"unya","759":"nkeu","760":"nyar","761":"gal ","762":"jara","763":" hay","764":"anna","765":" kri","766":"sion","767":"adia","768":" tim","769":"ak\u00e9 ","770":"ggeu","771":"kola","772":"\u00e9j\u00e9n","773":"mala","774":"s\u00e9j\u00e9","775":" s\u00e9j","776":"dila","777":"ndun","778":"mong","779":"yaan","780":" men","781":" ras","782":"naja","783":"nyie","784":"ntu ","785":"yieu","786":"epi ","787":"ama ","788":"mana","789":" dun","790":"mpah","791":"anaj","792":"arit","793":"temp","794":" dua","795":"lna ","796":"warg","797":" pal","798":"sing","799":"ten ","800":"ingg","801":"pent","802":" mal","803":" in ","804":" sta","805":" ima","806":"iman","807":"kris","808":"gamp","809":"usa ","810":"dan ","811":"omon","812":" jam","813":"ahke","814":"mpo ","815":"skeu","816":"alaw","817":" na ","818":"nggu","819":"unna","820":" anj","821":"elas","822":"idan","823":"dua ","824":" dil","825":" ten","826":"nto ","827":" mus","828":"aren","829":"jaka","830":" tet","831":" put","832":"ihan","833":"hart","834":"pisa","835":"agun","836":"dipi","837":"angt","838":"etep","839":"tete","840":"unak","841":" art","842":"mban","843":" sau","844":"upan","845":"tep ","846":" mak","847":"asar","848":"akol","849":"kart","850":" sin","851":"ani ","852":"utke","853":"hand","854":"rga ","855":"sako","856":"kel ","857":"oran","858":"baca","859":"kaha","860":" tem","861":"rti ","862":"ngtu","863":"gsa ","864":"ange","865":"gung","866":"atra","867":" bal","868":" meu","869":"dulu","870":"ulur","871":" jak","872":"matr","873":"tung","874":" roh","875":"adan","876":" bah","877":" pau","878":"dah ","879":"tus ","880":"nah ","881":"bata","882":" mil","883":"wawa","884":" sor","885":"oal ","886":"ahas","887":"ar\u00e9n","888":"eunn","889":" sil","890":"tuan","891":"kasa","892":"ilih","893":"ulus","894":"lkeu","895":"rtik","896":"ipat","897":"reng","898":" nin","899":" had","900":" moa","901":" kad","902":"moal","903":"duny","904":"saka","905":"ain ","906":"hat ","907":"alik","908":"iste","909":" sip","910":" pis","911":" wa\u00e9","912":" bac","913":"wa\u00e9 ","914":" han","915":"ikel","916":"areu","917":"ngom","918":"sora","919":" dul","920":"utus","921":"anja","922":"gomo","923":"nteu","924":"kula","925":"sara","926":"mpur","927":"ntah","928":"imit","929":"ayaa","930":"\u00e9r\u00e9 ","931":"sup ","932":"lung","933":" sid","934":"ati ","935":"kira","936":" ant","937":" to ","938":"tulu","939":"oris","940":"ulaw","941":"sipa","942":"ndan","943":"kat ","944":"manu","945":"epan","946":"paul","947":"ulan","948":"aksa","949":" nar","950":"alur","951":"ima ","952":"gawu","953":"tasi","954":"bab ","955":"mimi","956":"pkeu","957":" suk","958":"miti","959":"aja ","960":"gaha","961":"sebu","962":"sida","963":"jaan","964":" jan","965":"ingk","966":"pera","967":" mur","968":"urna","969":" res","970":"mpan","971":"aper","972":"sih ","973":" hen","974":"baru","975":"aulu","976":"but ","977":"kaja","978":"garu","979":"ksi ","980":" mik","981":"wula","982":" sun","983":"pert","984":"jala","985":" ala","986":"ris ","987":"has ","988":" ing","989":" tum","990":"ayeu","991":"meun","992":"yaho","993":"araj","994":"lis ","995":"nusa","996":" kor","997":"awul","998":"ab\u00e9h","999":" dij","1000":"unda","1001":"gaw\u00e9","1002":"nyah","1003":" dig","1004":"euti","1005":"ntua","1006":"isti","1007":"kahi","1008":"hent","1009":"pala","1010":"ajad","1011":" mun","1012":"ata ","1013":"ahna","1014":"anus","1015":"b\u00e9h ","1016":" g\u00e9 ","1017":" kon","1018":"rika","1019":"alay","1020":" ali","1021":"dise","1022":"had\u00e9","1023":"uhan","1024":" asa","1025":"bong","1026":"mpon","1027":"r\u00e9nt","1028":"etan","1029":"daha","1030":"can ","1031":"ngha","1032":"tah ","1033":" b ","1034":"saha","1035":"\u00e9tan","1036":"ila ","1037":" jab","1038":"uluy","1039":"pak\u00e9","1040":"asio","1041":"gun ","1042":"agia","1043":" uta","1044":" sag","1045":"gagu","1046":" for","1047":"angp","1048":" ang","1049":"juru","1050":"paha","1051":"asup","1052":" nag","1053":"ohan","1054":"urun","1055":"akan","1056":"alin","1057":"piki","1058":"andu","1059":" tur","1060":"sar ","1061":" po\u00e9","1062":" hid","1063":"rima","1064":"sten","1065":"nget","1066":"ment","1067":"nung","1068":"mbon","1069":"usna","1070":" is ","1071":"asil","1072":" saj","1073":"aksi","1074":"ngku","1075":"empa","1076":"suka","1077":"atke","1078":" has","1079":"ongk","1080":"iasa","1081":" sig","1082":"tama","1083":"kasi","1084":" wan","1085":" lua","1086":" ber","1087":"aho ","1088":"paya","1089":"mur ","1090":"leng","1091":"orma","1092":" mib","1093":"hasi","1094":" tra","1095":"muri","1096":"aham","1097":"ungk","1098":"kali","1099":"lila","1100":" buk","1101":"saja","1102":" m\u00e9r","1103":"lain","1104":"lata","1105":"naga","1106":"urid","1107":"alna","1108":"las ","1109":"kuat","1110":"lon ","1111":"akin","1112":"reup","1113":" aye","1114":"yeun","1115":"jama","1116":"ayak","1117":" mim","1118":"tis ","1119":"iran","1120":"bat ","1121":"aku ","1122":"luy ","1123":"atia","1124":"mpat","1125":"pasa","1126":"akuk","1127":"arna","1128":"butk","1129":"sund","1130":" cit","1131":"ona ","1132":"sil ","1133":"tusa","1134":" lai","1135":"kuke","1136":"lik ","1137":"ulis","1138":"iseb","1139":" dan","1140":" pin","1141":"ipak","1142":"saru","1143":" ser","1144":"pika","1145":"nton","1146":"acar","1147":"ndah","1148":" suc","1149":"m\u00e9r\u00e9","1150":"rgan","1151":"erti","1152":"adah","1153":"b\u00e9da","1154":"rian","1155":"get ","1156":"ilu ","1157":"lian","1158":" da\u00e9","1159":"yaki","1160":"amar","1161":"ngko","1162":"hide","1163":"upay","1164":"oan ","1165":"ajaa","1166":"yana","1167":"pong","1168":"imah","1169":"gang","1170":"pna ","1171":" mer","1172":"arim","1173":"iga ","1174":"heul","1175":"ber ","1176":"istr","1177":"gand","1178":"mber","1179":"emba","1180":"alih","1181":"nia ","1182":"agal","1183":"land","1184":"sape","1185":"perc","1186":"isi ","1187":"ami ","1188":"inge","1189":"bias","1190":"bagi","1191":"aske","1192":" dik","1193":"bari","1194":"ulon","1195":"c\u00e9h ","1196":"rata","1197":" r\u00e9k","1198":"pung","1199":"utik","1200":"rese","1201":"uat ","1202":" ac\u00e9","1203":" mis","1204":"data","1205":"ac\u00e9h","1206":"mili","1207":"ampo","1208":" pad","1209":"aria","1210":"sta ","1211":"ilan","1212":"andi","1213":" yak","1214":"euh ","1215":"anak","1216":"acan","1217":"awaw","1218":"mpo\ufffd","1219":" raj","1220":"po\ufffd ","1221":"kulo","1222":"ndap","1223":"angh","1224":"obat","1225":"sati","1226":"saan","1227":"nera","1228":"agar","1229":"mbar","1230":"saur","1231":" bia","1232":"abag","1233":"sawa","1234":" kua","1235":"j\u00e9n ","1236":"kon ","1237":"caya","1238":" umu","1239":"tana","1240":" alu","1241":"nggi","1242":"disi","1243":"lura","1244":" dih","1245":"gana","1246":"indu","1247":" bun","1248":"erca","1249":"atna","1250":"aura","1251":"ureu","1252":"arua","1253":"putu","1254":"as\u00e9h","1255":"lala","1256":"nari","1257":"reun","1258":"\u00e9ng ","1259":"aat ","1260":"pahk","1261":"stri","1262":" gun","1263":" ham","1264":"uman","1265":"umi ","1266":"bumi","1267":" rum","1268":"\u00e9bas","1269":"atik","1270":"b\u00e9ba","1271":"wari","1272":"asta","1273":"unun","1274":"ksan","1275":"nyeb","1276":"ditu","1277":"yar ","1278":"cita","1279":"alus","1280":" kom","1281":"urah","1282":"euk ","1283":"saga","1284":"weng","1285":" ung","1286":"suci","1287":"rcay","1288":"ngpi","1289":"ingp","1290":"ibad","1291":" awa","1292":"siga","1293":"bare","1294":"rung","1295":"kah ","1296":"ming","1297":"\u00e9mbo","1298":"nes ","1299":"der ","1300":"yake","1301":"huku","1302":" war","1303":" ula","1304":"apti","1305":"tuna","1306":"iwar","1307":"aga ","1308":"tia ","1309":" nan","1310":"nder","1311":"uci ","1312":"ukum","1313":"kawi","1314":" lal","1315":"aaya","1316":"tona","1317":"war ","1318":"mar\u00e9","1319":"kaay","1320":" nyo","1321":"irke","1322":" pag","1323":"gpin","1324":"erka","1325":"jela","1326":"ira ","1327":"mak\u00e9","1328":"rman","1329":"ipik","1330":"ptis","1331":"pupu","1332":" pra","1333":"iti ","1334":"bapt","1335":"ahay","1336":"rail","1337":" uma","1338":" dat","1339":"dep ","1340":" pah","1341":"sali","1342":"asti","1343":" tar","1344":" ara","1345":"kada","1346":"ande","1347":"nyan","1348":"ail ","1349":"utam","1350":" pup","1351":"bing","1352":"lam ","1353":"ding","1354":"dul ","1355":"kapa","1356":"sti ","1357":"kin ","1358":"ajur","1359":"r\u00e9ng","1360":"idep","1361":"ayat","1362":"take","1363":"esep","1364":"ghar","1365":" ace","1366":"anca","1367":"nta ","1368":" pat","1369":"angj","1370":" ana","1371":"itun","1372":"agan","1373":"siha","1374":"ceh ","1375":" swa","1376":"aceh","1377":" bap","1378":" any","1379":"agja","1380":"koko","1381":" kak","1382":"arak","1383":"eure","1384":"ater","1385":"ngpa","1386":" nas","1387":"anti","1388":" yoh","1389":"ukur","1390":"gunu","1391":"dap ","1392":" kok","1393":"tor ","1394":"pany","1395":"aris","1396":"gada","1397":" ceu","1398":" sai","1399":"nuh ","1400":"form","1401":"gera","1402":"asaa","1403":"wast","1404":"kirk","1405":"dia ","1406":"kur ","1407":"bagj","1408":"tak ","1409":"kum ","1410":"enda","1411":"okol","1412":" kiw","1413":"asul","1414":"kung","1415":"wewe","1416":"esan","1417":"kiwa","1418":"swas","1419":" b\u00e9d","1420":"amin","1421":"ceuk","1422":"pus ","1423":"prin","1424":"uku ","1425":"miki","1426":"\u00e9nna","1427":"roha","1428":"bali","1429":" saw","1430":" kag","1431":" nyu","1432":"tera","1433":"ham ","1434":"atu ","1435":"gamb","1436":" nul","1437":" dau","1438":"\u00e9keu","1439":"stra","1440":"nuli","1441":"kape","1442":"alia","1443":"nger","1444":"tilu","1445":"saks","1446":"yebu","1447":"arud","1448":"njan","1449":"rtin","1450":"nany","1451":"aki ","1452":"enta","1453":"rua ","1454":"urke","1455":"kar\u00e9","1456":"nara","1457":"awab","1458":"rasu","1459":" mao","1460":"sok ","1461":" dic","1462":"ad\u00e9 ","1463":"gani","1464":" sur","1465":"mba ","1466":"alil","1467":"tuga","1468":"mpun","1469":"kaas","1470":"risa","1471":" can","1472":"j\u00e9nn","1473":"gtu ","1474":"ilak","1475":"ewen","1476":"ngsi","1477":" bul","1478":" ist","1479":" n\u00e9m","1480":"lika","1481":"roh ","1482":"anju","1483":"ura ","1484":"idul","1485":"hani","1486":"ruda","1487":"isas","1488":"leut","1489":"gian","1490":"arob","1491":" pul","1492":"rid ","1493":" wew","1494":"daya","1495":" huk","1496":"gaga","1497":"awih","1498":"paat","1499":"keca","1500":"mari","1501":"n\u00e9mb","1502":"kidu","1503":"arep","1504":"ent ","1505":"dita","1506":"iang","1507":"anke","1508":"ras ","1509":"kama","1510":"atas","1511":"laki","1512":"wasa","1513":"iban","1514":"gpaa","1515":"sep ","1516":"osa ","1517":"nggo","1518":"maot","1519":" kid","1520":"samp","1521":"ugas","1522":"upus","1523":"\u00e9da ","1524":"asak","1525":"pand","1526":" nam","1527":"ibog","1528":"yari","1529":"s\u00e9ta","1530":"eri ","1531":" s\u00e9t","1532":"ria ","1533":"alat","1534":" ngi","1535":"sul ","1536":"ngji","1537":"sumb","1538":"eger","1539":"akti","1540":"enan","1541":"kang","1542":"ecap","1543":"saln","1544":"gkon","1545":"isra","1546":" lin","1547":"yat ","1548":"anis","1549":"abah","1550":"asin","1551":"olog","1552":" sel","1553":"ral ","1554":"aot ","1555":" com","1556":"rum ","1557":"n\u00e9h ","1558":" isr","1559":"stas","1560":"tim ","1561":"ed\u00e9 ","1562":" sim","1563":" asi","1564":"tal ","1565":"ukti","1566":"ungs","1567":" gar","1568":"panj","1569":" jel","1570":"tran","1571":"ukun","1572":"orga","1573":"yan ","1574":"ibap","1575":"rak ","1576":"indi","1577":"bapa","1578":"ggih","1579":"pura","1580":"elat","1581":"ikas","1582":"cari","1583":"ngit","1584":"peun","1585":"yah ","1586":"erha","1587":"aruh","1588":"ulun","1589":"awal","1590":"lati","1591":"eupa","1592":" saa","1593":"ncan","1594":"unke","1595":"sip ","1596":"ngam","1597":" sis","1598":"ngin","1599":"ab\u00e9b","1600":"alun","1601":"\u00e9lin","1602":"hana","1603":"paga","1604":"butu","1605":"\u00e9han","1606":"gas ","1607":"ersi","1608":"ad\u00e9n","1609":"ntan","1610":"utuh","1611":"ity ","1612":"nyal","1613":"aneh","1614":"itan","1615":" ibr","1616":"neh ","1617":"saim","1618":"nsip","1619":"ted ","1620":" wat","1621":"hari","1622":"rusa","1623":" pak","1624":"rins","1625":"empo","1626":"ukar","1627":"srai","1628":"sasi","1629":"wal ","1630":" len","1631":"mung","1632":"urat","1633":"apal","1634":"hara","1635":"radi","1636":" gan","1637":"aw\u00e9 ","1638":"rasi","1639":"kase","1640":"riba","1641":"disa","1642":"ates","1643":"rmat","1644":"raya","1645":"sate","1646":" teh","1647":"teh ","1648":"kura","1649":"ayu ","1650":"gama","1651":"arun","1652":"lema","1653":"onga","1654":"har ","1655":"bna ","1656":"aj\u00e9n","1657":"luhu","1658":"bur ","1659":"agam","1660":"lin ","1661":"leun","1662":"mibo","1663":"wate","1664":"abad","1665":" til","1666":" pil","1667":"angn","1668":"gale","1669":"urus","1670":" wil","1671":"cang","1672":"tes ","1673":" fir","1674":"uhun","1675":"utan","1676":"lask","1677":" rup","1678":"iah ","1679":"logi","1680":" pol","1681":"ggar","1682":"uki ","1683":"jab ","1684":" as ","1685":" mac","1686":"apa ","1687":"uhur","1688":" tug","1689":"aima","1690":"rut ","1691":"sir ","1692":"gant","1693":"pami","1694":"eusi","1695":"itak","1696":" pap","1697":" k\u00e9n","1698":"ogra","1699":"b\u00e9r\u00e9","1700":"bana","1701":"berk","1702":"luk ","1703":"ikat","1704":"pur ","1705":"hamb","1706":" bum","1707":" upa","1708":"bukt","1709":"sela","1710":"timu","1711":"gor ","1712":"amaj","1713":" ahi","1714":"ilip","1715":"are ","1716":"and\u00e9","1717":"aheu","1718":"ogor","1719":"usah","1720":"nasi","1721":"bogo","1722":" lem","1723":"for ","1724":"stus","1725":"rik ","1726":"sah ","1727":"sili","1728":"ajal","1729":"anah","1730":"luka","1731":"atin","1732":"tri ","1733":"hak ","1734":"pin ","1735":"neng","1736":"tuju","1737":"umur","1738":"karu","1739":"diga","1740":"ar\u00e9t","1741":" sen","1742":" are","1743":"soba","1744":"al\u00e9n","1745":"inya","1746":"arik","1747":" ayu","1748":" wal","1749":" nom","1750":" dim","1751":"asam","1752":" pet","1753":" org","1754":" sac","1755":"udi ","1756":"adil","1757":"angi","1758":"enye","1759":" neg","1760":"rama","1761":"inda","1762":"ubli","1763":"raka","1764":" cat","1765":"mbah","1766":"ping","1767":"gabu","1768":"kir ","1769":"kuli","1770":"sung","1771":"tali","1772":" gal","1773":"ales","1774":"aasu","1775":"gja ","1776":"ng\u00e9l","1777":"yub ","1778":"ines","1779":"hir ","1780":" ren","1781":"alaj","1782":"ania","1783":"yoh ","1784":"jati","1785":"erin","1786":"ayub","1787":"sari","1788":"dika","1789":"sist","1790":" kir","1791":"jieu","1792":"jaha","1793":" tha","1794":" lil","1795":"ggun","1796":"alen","1797":"kami","1798":"hati","1799":"iwat","1800":"ahat","1801":" nal","1802":"dar ","1803":"ban ","1804":"kaka","1805":"taha","1806":"nggr","1807":"uatk","1808":"ias ","1809":"saca","1810":" dos","1811":" luk","1812":"nisa","1813":"\u00e9rah","1814":"dakn","1815":"a\u00e9ra","1816":"putr","1817":"stat","1818":" lau","1819":" ada","1820":"uka ","1821":"rans","1822":"da\u00e9r","1823":"onta","1824":"lak ","1825":"ngua","1826":"abna","1827":"umba","1828":"uli ","1829":" sup","1830":"kor ","1831":"euki","1832":" heu","1833":"publ","1834":" iba","1835":"apke","1836":"ungi","1837":"yong","1838":"beuk","1839":" yes","1840":"baya","1841":" mul","1842":"aka ","1843":"purn","1844":" kec","1845":"agaw","1846":"ine ","1847":"sisi","1848":"wab ","1849":"port","1850":" tam","1851":"gust","1852":" sem","1853":"pern","1854":"usi ","1855":"r\u00e9ta","1856":"ulit","1857":"imur","1858":"garo","1859":"\u00e9n\u00e9h","1860":"liwa","1861":"gaan","1862":"saac","1863":"aluk","1864":"doa ","1865":"rhat","1866":"k\u00e9n\u00e9","1867":"jaya","1868":"ambi","1869":"wart","1870":"sake","1871":"anto","1872":"dosa","1873":"nyon","1874":"stan","1875":"dara","1876":"buku","1877":" cai","1878":"kati","1879":"nak ","1880":"tian","1881":"\u00e9nde","1882":"aaca","1883":"tura","1884":"juan","1885":"jung","1886":"ntun","1887":"iwan","1888":"inta","1889":"line","1890":"gkep","1891":"rkah","1892":"gris","1893":"papa","1894":"sura","1895":"nis ","1896":"laja","1897":"ekar","1898":"omor","1899":"maji","1900":" tel","1901":"ajik","1902":"taat","1903":"ual ","1904":"ers ","1905":"ggri","1906":"misa","1907":"oyon","1908":"ies ","1909":"perl","1910":"rann","1911":"gkal","1912":"l\u00e9nd","1913":"arin","1914":"erlu","1915":" ray","1916":"\u00e9nan","1917":"ndia","1918":"wara","1919":"itik","1920":"ndar","1921":" maj","1922":"mawa","1923":"liti","1924":" cir","1925":"ungt","1926":"isal","1927":"kadu","1928":"jika","1929":"gji ","1930":" boh","1931":"epna","1932":"dike","1933":"guru","1934":"rati","1935":"irma","1936":"turk","1937":"enen","1938":"tari","1939":" ran","1940":"pal ","1941":"yak ","1942":"nyak","1943":" rad","1944":" cia","1945":"dipe","1946":"nika","1947":"itin","1948":"ndel","1949":" dar","1950":" lia","1951":"gkat","1952":"diji","1953":"panu","1954":"ingn","1955":"psn ","1956":" nps","1957":"utra","1958":"vers","1959":"ranc","1960":"yont","1961":" kel","1962":"npsn","1963":" bin","1964":"cap ","1965":"ikma","1966":"atar","1967":"isak","1968":"kti ","1969":"trus","1970":"bad ","1971":"ate ","1972":"mene","1973":"harg","1974":"hur ","1975":"enya","1976":"nali","1977":"tif ","1978":"ther","1979":"tika","1980":" jer","1981":" sas","1982":"gadu","1983":"ijie","1984":"kkeu","1985":"tula","1986":"bon ","1987":"umbe","1988":" aba","1989":"eren","1990":"ageu","1991":"teta","1992":"hamp","1993":"firm","1994":"babn","1995":"gaj\u00e9","1996":"nomo","1997":"pata","1998":"dite","1999":"r\u00e9la","2000":" aga","2001":"rnah","2002":" ker","2003":"nyer","2004":"nce ","2005":"j\u00e9na","2006":"ggap","2007":"humb","2008":"sik ","2009":"maja","2010":"pina","2011":"ksa ","2012":" gen","2013":"or\u00e9n","2014":" asu","2015":"amak","2016":" but","2017":"maca","2018":"ight","2019":"arag","2020":"laks","2021":"stim","2022":"aten","2023":"\u00e9hat","2024":"meka","2025":"beur","2026":"nyep","2027":"eup ","2028":"apeu","2029":"eta ","2030":" ale","2031":"loka","2032":" hak","2033":" luh","2034":"g\u00e9li","2035":"irna","2036":"ajel","2037":"gap ","2038":"gaje","2039":"kare","2040":"d\u00e9ng","2041":"rend","2042":" sos","2043":"hoyo","2044":"onan","2045":"long","2046":"ema ","2047":"istu","2048":"jepa","2049":"s\u00e9ha","2050":"alke","2051":"wano","2052":" num","2053":"gga ","2054":"baro","2055":" ati","2056":"grap","2057":"tuh ","2058":"\u00e9la ","2059":" sok","2060":" jep","2061":"awat","2062":"ngsu","2063":" sub","2064":"anoh","2065":"utar","2066":"adal","2067":" taa","2068":" sit","2069":" dah","2070":" dum","2071":"uji ","2072":"kata","2073":" kai","2074":" maw","2075":"dna ","2076":"ons ","2077":"peng","2078":"erta","2079":"\u00e9man","2080":"lina","2081":"aud ","2082":"gor\u00e9","2083":"bala","2084":"horm","2085":"wata","2086":"rism","2087":"akab","2088":"satu","2089":" die","2090":"ebon","2091":"erke","2092":"mika","2093":"ibra","2094":"kepn","2095":"ateu","2096":"thum","2097":"dana","2098":"jaga","2099":"eura","2100":"lara","2101":"rban","2102":" ng\u00e9","2103":"lia ","2104":"musa","2105":"jark","2106":"aleu","2107":"pula","2108":"m\u00e9nt","2109":"gsi ","2110":"seri","2111":"daud","2112":" an ","2113":"jamb","2114":"p\u00e9k ","2115":"olah","2116":"akua","2117":" mod","2118":"cing","2119":"musi","2120":"abal","2121":"beun","2122":" jur","2123":"abur","2124":"wila","2125":"pulo","2126":"gado","2127":"jaba","2128":"paka","2129":"umas","2130":"igaw","2131":"atal","2132":"amet","2133":" sik","2134":"pasi","2135":"blik","2136":"nege","2137":"iata","2138":"ida ","2139":"ahal","2140":"balu","2141":"cai ","2142":" gor","2143":"lame","2144":" gum","2145":"umum","2146":"mas\u00e9","2147":"onda","2148":"\u00e9hi ","2149":"bahe","2150":"a\u00e9k ","2151":" inf","2152":"duku","2153":"wat ","2154":"s\u00e9hi","2155":"akul","2156":"ijak","2157":" diw","2158":"kasu","2159":"abat","2160":"gahi","2161":"sike","2162":"diak","2163":"umb|","2164":" sm ","2165":"jabu","2166":"m\u00e9m\u00e9","2167":"kaba","2168":"lind","2169":" nun","2170":"eum ","2171":"ndin","2172":"tata","2173":"\u00e9ng\u00e9","2174":" wit","2175":" nuh","2176":" kun","2177":"mas ","2178":"pili","2179":"elem","2180":"lesa","2181":"\u00e9m\u00e9h","2182":"badi","2183":"adam","2184":"teus","2185":"angl","2186":"sada","2187":"tati","2188":"edan","2189":"ipta","2190":"kari","2191":"bkeu","2192":"asik","2193":"with","2194":"njar","2195":"gsun","2196":"gih ","2197":"nd\u00e9s","2198":" by ","2199":"ilah","2200":"ustr","2201":"samo","2202":"gaju","2203":"agra","2204":"mati","2205":"sam\u00e9","2206":"muni","2207":" air","2208":"umpa","2209":"jero","2210":"usti","2211":"lar ","2212":"jur ","2213":" sul","2214":"akit","2215":"m\u00e9h ","2216":"dali","2217":"ton ","2218":"rake","2219":" adi","2220":" tuj","2221":"otna","2222":"ith ","2223":"plin","2224":"rane","2225":"boh ","2226":"katu","2227":"kong","2228":" api","2229":"adar","2230":"asna","2231":"pati","2232":"emen","2233":" jar","2234":"pah ","2235":"lat ","2236":"ayah","2237":" pit","2238":"ungn","2239":"jalu","2240":"les ","2241":"geur","2242":"stik","2243":"ebar","2244":"prib","2245":"jaks","2246":"diwa","2247":"ram ","2248":"akat","2249":"lit ","2250":" tun","2251":"r\u00e9s ","2252":"tih ","2253":" b\u00e9r","2254":" did","2255":"ensi","2256":"that","2257":"ium ","2258":"amer","2259":"rina","2260":"erda","2261":"ktik","2262":"ranj","2263":"buah","2264":" thu","2265":"inuh","2266":"kaho","2267":"lima","2268":"am\u00e9m","2269":"lana","2270":"aneu","2271":"ogi ","2272":"rgaa","2273":"noh ","2274":"utur","2275":" pun","2276":" bij","2277":"w\u00e9an","2278":"njun","2279":"aana","2280":"jong","2281":"kas ","2282":"mand","2283":" p\u00e9k","2284":"aw\u00e9a","2285":"da\u00e9k","2286":"guat","2287":"empe","2288":" pus","2289":"rusn","2290":"like","2291":"ag\u00e9 ","2292":"ilit","2293":"rlu ","2294":"isla","2295":"ade ","2296":"rawa","2297":"abun","2298":" nat","2299":"diha","2300":"giat","2301":"adeg","2302":" sia","2303":"embu","2304":" gus","2305":"ance","2306":"lapa","2307":"miba","2308":"bija","2309":"bakt","2310":"rap ","2311":"supa","2312":"anci","2313":"ampi","2314":"sasa","2315":"lada","2316":" rah","2317":"ions","2318":"nti ","2319":"hala","2320":"isip","2321":"leny","2322":"urut","2323":"pari","2324":" bua","2325":"isah","2326":" mes","2327":"gota","2328":"ggot","2329":"gawe","2330":" apa","2331":" jah","2332":" law","2333":"part","2334":" sua","2335":"engt","2336":"ajat","2337":"pinu","2338":"perk","2339":"kagi","2340":" nur","2341":"\u00e9w\u00e9 ","2342":"yepa","2343":"gad\u00e9","2344":" yan","2345":"ble ","2346":"ulia","2347":"lipu","2348":"alai","2349":"adoa","2350":"iver","2351":"untu","2352":"unju","2353":"asat","2354":" peu","2355":"uaan","2356":"ubun","2357":" p\u00e9t","2358":"ndra","2359":"ere ","2360":"upke","2361":"ilay","2362":"arab","2363":"p\u00e9tr","2364":"tele","2365":"ragr","2366":"abke","2367":"m\u00e9ri","2368":"aru ","2369":" agu","2370":" tat","2371":" pre","2372":"umpu","2373":"kit ","2374":"tuli","2375":"apak","2376":" his","2377":"awak","2378":"nik ","2379":"situ","2380":"eman","2381":"\u00e9tru","2382":"itul","2383":"kark","2384":"geri","2385":"kant","2386":"ary ","2387":"nas\u00e9","2388":"ngwa","2389":"itus","2390":"his ","2391":"ipli","2392":"am\u00e9r","2393":"hubu","2394":" ger","2395":"arup","2396":"turu","2397":"asia","2398":"mpul","2399":"gtun","2400":"ondo","2401":"maks","2402":" m\u00e9n","2403":" eng","2404":"kaj ","2405":"ging","2406":"meda","2407":"abak","2408":"ggu ","2409":" nab","2410":" isl","2411":"orin","2412":" yah","2413":"rdan","2414":"anar","2415":"adua","2416":"sis ","2417":"mum ","2418":"angw","2419":"nutu","2420":"uduh","2421":"ulad","2422":"ahud","2423":" yos","2424":"irin","2425":"itar","2426":"sipl","2427":"w\u00e9w\u00e9","2428":" aw\u00e9","2429":" on ","2430":"ngta","2431":"dani","2432":"emah","2433":"jele","2434":"hunk","2435":"ubar","2436":"ajab","2437":"kaci","2438":"duaa","2439":"simp","2440":" mon","2441":"dam ","2442":"yusu","2443":"lahi","2444":"aw\u00e9w","2445":" str","2446":" haw","2447":"nuru","2448":" eus","2449":"mbi ","2450":"kar ","2451":"dieu","2452":"ngtr","2453":"akap","2454":"aduk","2455":"trem","2456":"euwe","2457":"ipur","2458":" kem","2459":"amoa","2460":"enca","2461":"alap","2462":"lili","2463":"arap","2464":"meri","2465":" cin","2466":"w\u00e9ta","2467":" bel","2468":" nut","2469":"ard ","2470":"olak","2471":"ruan","2472":" aca","2473":"ctio","2474":"tanj","2475":"arut","2476":"agri","2477":" new","2478":"er\u00e9 ","2479":"eral","2480":"gtre","2481":"uweu","2482":"ngur","2483":"pela","2484":"tong","2485":"sieu","2486":"sor ","2487":"duh ","2488":"sian","2489":"gene","2490":"iski","2491":" hus","2492":"dica","2493":"dija","2494":"rodu","2495":"nami","2496":" fun","2497":" yus","2498":"amah","2499":"ruh ","2500":" mek","2501":"itia","2502":"ropa","2503":"lasi","2504":"muly","2505":"stor","2506":"ngki","2507":"ntal","2508":"make","2509":" rat","2510":"ersa","2511":" r\u00e9l","2512":" day","2513":"suku","2514":"pres","2515":"hadi","2516":"iper","2517":"uhna","2518":"pet ","2519":"her ","2520":"ket ","2521":"kons","2522":"comp","2523":"lemb","2524":"hudi","2525":" m ","2526":" w\u00e9t","2527":"mani","2528":"utin","2529":"cian","2530":"moan","2531":"hayu","2532":"upna","2533":"perh","2534":"uit ","2535":"geng","2536":" pel","2537":"graf","2538":"ujua","2539":"abuk","2540":"past","2541":"sal ","2542":"hawa","2543":"atak","2544":"git ","2545":"pant","2546":"lasa","2547":"tel ","2548":" med","2549":"king","2550":"aika","2551":"resm","2552":" som","2553":"ero ","2554":" ken","2555":" lah","2556":"ihar","2557":"sak ","2558":"pitu","2559":" = ","2560":"eras","2561":"yahu","2562":" or ","2563":"diti","2564":"dasa","2565":"per\u00e9","2566":"ess ","2567":"uleu","2568":"adik","2569":"sama","2570":"usus","2571":"\u00e9rik","2572":"gaya","2573":"oban","2574":"ang\u00e9","2575":"ngk\u00e9","2576":" r\u00e9a","2577":"engg","2578":"apri","2579":"hirn","2580":"komp","2581":"ndit","2582":"dong","2583":"bawa","2584":"inis","2585":"mate","2586":"uru ","2587":" sir","2588":"kaju","2589":"ulat","2590":"iksa","2591":" sob","2592":"rep ","2593":"duma","2594":"laut","2595":"apat","2596":"duna","2597":"lotn","2598":" teb","2599":"sapa","2600":"opat","2601":" am\u00e9","2602":"dine","2603":"kale","2604":"kuan","2605":"tand","2606":"ulya","2607":"tamb","2608":"stem","2609":"die ","2610":"atih","2611":"ompo","2612":"adin","2613":"par\u00e9","2614":" no ","2615":"ambe","2616":"agi ","2617":" rak","2618":"tin ","2619":" sie","2620":" pur","2621":"ulu ","2622":"asus","2623":"aram","2624":"dist","2625":"prak","2626":"gri ","2627":"icin","2628":"usik","2629":"mbun","2630":"smk ","2631":"age ","2632":"way ","2633":"sare","2634":"ver ","2635":"ikah","2636":"mes ","2637":"rsit","2638":"alar","2639":"ruha","2640":"ruma","2641":"mpet","2642":"ital","2643":"apin","2644":" be ","2645":"kemb","2646":" met","2647":" diu","2648":"husu","2649":"ingb","2650":"ive ","2651":"lisa","2652":"ianj","2653":"tane","2654":"h\u00e9s\u00e9","2655":"pas ","2656":"esmi","2657":"gamu","2658":"uwuh","2659":"rafi","2660":"sual","2661":"njur","2662":" gra","2663":"uske","2664":"ikna","2665":"pers","2666":"sam ","2667":" h\u00e9s","2668":"ngbi","2669":"laka","2670":"gabe","2671":"sed ","2672":"anes","2673":"nyat","2674":"ngs\u00e9","2675":" eny","2676":"lolo","2677":"sast","2678":" cha","2679":"erik","2680":"peta","2681":"nive","2682":" seb","2683":"akur","2684":"laik","2685":"gawi","2686":"timo","2687":"aut ","2688":"univ","2689":"nagr","2690":" jay","2691":"karn","2692":"milu","2693":" pos","2694":"dala","2695":"gupa","2696":"adis","2697":"gab\u00e9","2698":" kau","2699":"amis","2700":" eur","2701":"mod\u00e9","2702":"rant","2703":" sae","2704":"ganc","2705":"semp","2706":"udan","2707":"galu","2708":"yali","2709":"one ","2710":" | ","2711":"ibar","2712":"red ","2713":" hub","2714":" bur","2715":"gart","2716":"irah","2717":" mih","2718":" var","2719":"liah","2720":"kep ","2721":"gbin","2722":" may","2723":"nfor","2724":" paj","2725":"paru","2726":"\u00e9s\u00e9 ","2727":"prod","2728":" thi","2729":" ram","2730":"raan","2731":"r\u00e9ha","2732":"ista","2733":"ich ","2734":" dui","2735":" fil","2736":" tit","2737":"lir ","2738":" ins","2739":"mini","2740":" aka","2741":"deun","2742":" tab","2743":" amb","2744":"duit","2745":"rom ","2746":"ares","2747":"susa","2748":" nia","2749":" use","2750":"ying","2751":" ma\u00e9","2752":"teun","2753":" s\u00e9l","2754":" ama","2755":"diny","2756":" lis","2757":"idna","2758":"euli","2759":"angb","2760":" pub","2761":"neun","2762":" lay","2763":" m\u00e9m","2764":" bra","2765":" cip","2766":"ence","2767":"awin","2768":"sume","2769":"uing","2770":"aket","2771":"soso","2772":"gari","2773":"imba","2774":" seu","2775":"rebo","2776":"stru","2777":"slam","2778":"vari","2779":"info","2780":"adir","2781":"anul","2782":" sus","2783":"sapi","2784":"ukke","2785":"pola","2786":"gita","2787":" i ","2788":" gre","2789":"dibe","2790":"repa","2791":"trad","2792":"nata","2793":"runy","2794":"gram","2795":"tos ","2796":" mor","2797":"\u00e9r\u00e9h","2798":"pend","2799":"asem","2800":"gade","2801":" fro","2802":" lok","2803":"ilna","2804":"nus ","2805":"elan","2806":" wel","2807":"ibah","2808":" get","2809":"ukna","2810":"puli","2811":"oper","2812":"r\u00e9a ","2813":"ulo ","2814":"tapa","2815":"mula","2816":"usup","2817":"lank","2818":" whi","2819":"fere","2820":"mane","2821":"asor","2822":"uda ","2823":"jauh","2824":"galk","2825":"akon","2826":"mis ","2827":"atif","2828":"son ","2829":"atis","2830":"mela","2831":" epe","2832":"euin","2833":"cana","2834":"luyu","2835":"omba","2836":"bark","2837":"ndak","2838":"abay","2839":"cire","2840":" ele","2841":"iake","2842":" jen","2843":"adio","2844":"rahi","2845":"uta ","2846":"ongr","2847":"atel","2848":"abi ","2849":"ambu","2850":"ridn","2851":"gerk","2852":"pira","2853":"arja","2854":"uday","2855":"this","2856":"isto","2857":" aku","2858":"uhke","2859":" dal","2860":"arya","2861":" das","2862":"ojon","2863":" pem","2864":"das ","2865":"rank","2866":"tudu","2867":"ilam","2868":"kina","2869":"erba","2870":"usuh","2871":"rupn","2872":"poli","2873":"yes ","2874":"aron","2875":"paro","2876":"ma\u00e9n","2877":"taan","2878":"runa","2879":"\u00e9wa ","2880":"jak ","2881":"all ","2882":"urua","2883":"aula","2884":"irak","2885":"riks","2886":"gage","2887":" muj","2888":"hong","2889":"ggen","2890":"ngut","2891":"etke","2892":"ratu","2893":"nyin","2894":" lum","2895":"rand","2896":"ilke","2897":"ory ","2898":"\u00e9ang","2899":" aso","2900":"luh ","2901":"era ","2902":"lita","2903":"een ","2904":" gur","2905":"from","2906":"alit","2907":"a\u00e9ha","2908":"\u00e9ngs","2909":"gkah","2910":"gar\u00e9","2911":"renc","2912":"ireb","2913":"nias","2914":"njuk","2915":"gare","2916":" bay","2917":" spa","2918":"didi","2919":" gaw","2920":"gr\u00e9s","2921":"asuk","2922":"nci ","2923":"unia","2924":"anas","2925":"ngr\u00e9","2926":"t\u00e9ka","2927":"gumb","2928":"epke","2929":"eter","2930":"lamb","2931":" cab","2932":"orba","2933":"pasu","2934":" nik","2935":"cida","2936":"ore ","2937":"tol ","2938":"omi ","2939":" smk","2940":"ibr ","2941":"over","2942":"ngon","2943":"ikep","2944":"awi ","2945":"titi","2946":"pind","2947":"rent","2948":"ilin","2949":"awen","2950":"abut","2951":"unit","2952":"ait ","2953":"aliw","2954":" pid","2955":" jun","2956":"siln","2957":"wung","2958":" tuk","2959":" cal","2960":"dibu","2961":"rupk","2962":" it ","2963":"silk","2964":"acid","2965":"ron ","2966":"elom","2967":"kake","2968":"neuh","2969":"anag","2970":"iaya","2971":"lect","2972":"orip","2973":"hang","2974":"wela","2975":"kand","2976":"baga","2977":"auku","2978":"kapi","2979":"sabe","2980":"ngup","2981":" tah","2982":"ones","2983":"smi ","2984":"isio","2985":" baj","2986":"ower","2987":" gr\u00e9","2988":"aju ","2989":"pali","2990":"tem ","2991":"righ","2992":"sata","2993":"able","2994":"del ","2995":"ipan","2996":" lim","2997":"pras","2998":"raga","2999":"isar","3000":" por","3001":"yeri","3002":"kul ","3003":"a\u00e9n ","3004":"dio ","3005":"sila","3006":" bio","3007":" opa","3008":"him ","3009":"daun","3010":" inc","3011":"inas","3012":"musu","3013":"air ","3014":" wor","3015":"den ","3016":"ikaw","3017":"abul","3018":"busa","3019":"sauk","3020":"embe","3021":"unik","3022":"ger ","3023":"bul ","3024":" dom","3025":"bran","3026":"sma ","3027":"brah","3028":" alb","3029":"esia","3030":" coc","3031":"k\u00e9an","3032":"new ","3033":"nyum","3034":"inde","3035":"pate","3036":"olon","3037":"ius ","3038":" eta","3039":"nabi","3040":"jian","3041":" mad","3042":"rong","3043":"erat","3044":" jl ","3045":"nist","3046":"stin","3047":"nyab","3048":" tas","3049":"ikar","3050":"hane","3051":"wak ","3052":"nulu","3053":" den","3054":" bai","3055":" b\u00e9t","3056":" lag","3057":"osok","3058":"erma","3059":"idie","3060":"olob","3061":"ome ","3062":"igan","3063":" bes","3064":"engn","3065":"usin","3066":"alis","3067":"aruk","3068":"m\u00e9ma","3069":"saki","3070":"muji","3071":"nyad","3072":"mote","3073":"ahim","3074":"elak","3075":"cann","3076":"urni","3077":"trat","3078":"atus","3079":" sol","3080":"ebus","3081":"uter","3082":" kek","3083":"ngpe","3084":"weuh","3085":"gkun","3086":"komu","3087":"anin","3088":"kalo","3089":"rya ","3090":"list","3091":"trik","3092":" mic","3093":"roma","3094":"abum","3095":"mesi","3096":"mon ","3097":"tebu","3098":" oso","3099":"uah ","3100":"osob","3101":"teua","3102":"osia","3103":"ciri","3104":"sin ","3105":"epe ","3106":"sato","3107":"siap","3108":"imot","3109":"apra","3110":"time","3111":"umla","3112":"|px|","3113":"mlah","3114":"ics ","3115":"eul ","3116":"daga","3117":"rapk","3118":"gadi","3119":"juml","3120":" gel","3121":"ismk","3122":"rili","3123":"olan","3124":"amul","3125":" keb","3126":"dit ","3127":"anal","3128":"pidi","3129":" euw","3130":"ario","3131":"ture","3132":"mbir","3133":"camp","3134":" joh","3135":"ori ","3136":"kamp","3137":" ver","3138":"stil","3139":"ork ","3140":"atun","3141":"wala","3142":"ahad","3143":"teri","3144":"kuta","3145":"omun","3146":"wer ","3147":"japa","3148":"gsar","3149":"rsa ","3150":"useu","3151":"gr\u00e9g","3152":"erak","3153":"sial","3154":"coco","3155":" dio","3156":"warn","3157":"nesi","3158":"ite ","3159":"umut","3160":"ses ","3161":" cik","3162":" des","3163":"ganu","3164":"kapu","3165":"ajak","3166":" uku","3167":"ese ","3168":"iara","3169":"suh ","3170":"oteu","3171":"alas","3172":"min ","3173":"ntak","3174":"bili","3175":"rit ","3176":"yadi","3177":"ahoy","3178":"gin ","3179":"babk","3180":"uana","3181":"ruks","3182":"kary","3183":"igun","3184":" was","3185":"meta","3186":"lanc","3187":" ame","3188":"\u00e9ter","3189":"ajag","3190":"dihi","3191":"digu","3192":" jum","3193":"ure ","3194":"nunj","3195":"est ","3196":"epik","3197":"dib\u00e9","3198":"ikra","3199":"comm","3200":"rica","3201":"ulin","3202":"nian","3203":"dago","3204":"impa","3205":"saeu","3206":"tila","3207":"aala","3208":"iap ","3209":"urit","3210":"umbi","3211":" amp","3212":"eule","3213":"r\u00e9si","3214":"oka ","3215":"tesa","3216":" tal","3217":"uban","3218":"upar","3219":"ini ","3220":"ena ","3221":"yaba","3222":" dii","3223":"hikm","3224":"itam","3225":"alim","3226":"duni","3227":"m\u00e9te","3228":"r\u00e9go","3229":" mem","3230":"elke","3231":"i\u00e9l ","3232":" hik","3233":"mia ","3234":"giha","3235":"bers","3236":"\u00e9gor","3237":"ohon","3238":"dari","3239":" pop","3240":"cis ","3241":"eusn","3242":"miha","3243":" pes","3244":"rmas","3245":"ptak","3246":" ref","3247":"keke","3248":"prot","3249":"uhu ","3250":"taka","3251":"kono","3252":"atem","3253":" t\u00e9k","3254":"gkul","3255":"s\u00e9s ","3256":"lagu","3257":"aksu","3258":"gaho","3259":"rol ","3260":"ak\u00e9a","3261":"lipi","3262":"anub","3263":"b\u00e9te","3264":"ani\u00e9","3265":"nas ","3266":"aatn","3267":" sep","3268":"ipin","3269":"ni\u00e9l","3270":" lat","3271":" wah","3272":"uari","3273":"kaso","3274":"enge","3275":"walu","3276":"reum","3277":"hich","3278":" doa","3279":"prog","3280":"nern","3281":"mali","3282":"\u00e9tel","3283":"iber","3284":"ibut","3285":"posi","3286":"ipas","3287":"oda ","3288":" akt","3289":"n\u00e9an","3290":"kela","3291":"abil","3292":"elec","3293":"pok ","3294":"tral","3295":"ksud","3296":"uni ","3297":" not","3298":"opul","3299":"erja","3300":"tuke","3301":"uluh","3302":"jukk","3303":"buat","3304":" n\u00e9a","3305":"ode ","3306":" fra","3307":"edun","3308":"sur ","3309":"ngay","3310":"ktor","3311":"unde","3312":"unta","3313":" wid","3314":"ple ","3315":"enis","3316":" kim","3317":"elen","3318":"ukab","3319":"indr","3320":"tic ","3321":"kisa","3322":" at ","3323":"sena","3324":"rogr","3325":"seni","3326":" yud","3327":" lon","3328":"its ","3329":"bira","3330":"numu","3331":"misi","3332":"ungh","3333":"lly ","3334":"t\u00e9mb","3335":" col","3336":"done","3337":"buka","3338":"kaan","3339":"mad ","3340":" cam","3341":"ress","3342":"cici","3343":"buan","3344":"pil ","3345":"merh","3346":"krar","3347":"peri","3348":"mutk","3349":"gpen","3350":"agem","3351":" cic","3352":"ntik","3353":" bod","3354":" sma","3355":"obro","3356":"kol ","3357":"goan","3358":"ntor","3359":"rnia","3360":"delk","3361":"asis","3362":"mar ","3363":"kaku","3364":"osis","3365":"ruku","3366":"bait","3367":"endi","3368":"ajaw","3369":"ajah","3370":"asah","3371":"sera","3372":"icat","3373":"kia ","3374":"aro ","3375":"peut","3376":" jap","3377":"araa","3378":"hyu ","3379":"uang","3380":"wuha","3381":"orik","3382":"abud","3383":"ncar","3384":" ikr","3385":"seur","3386":"ant ","3387":"rin ","3388":"sant","3389":" chi","3390":"bil ","3391":" spe","3392":"pr\u00e9s","3393":"brol","3394":"aret","3395":"nani","3396":"dibi","3397":" lak","3398":" ira","3399":" way","3400":"gela","3401":" sek","3402":"wahy","3403":"rali","3404":" mel","3405":"ler ","3406":" nor","3407":"ahyu","3408":"mple","3409":"soci","3410":"refe","3411":" ids","3412":" reu","3413":"suna","3414":"rab ","3415":"undu","3416":"bus ","3417":"sanu","3418":"popu","3419":"ibin","3420":" rus","3421":"abin","3422":"riti","3423":"bas ","3424":"into","3425":"rojo","3426":"whic","3427":"ectr","3428":"tani","3429":"diku","3430":" liw","3431":"usia","3432":"sat ","3433":"admi","3434":"ngum","3435":"\u00e9mbe","3436":"tut ","3437":"unge","3438":"euri","3439":"ncis","3440":"rema","3441":"ibuk","3442":"orit","3443":" usu","3444":"ulke","3445":"ever","3446":"sedi","3447":"tive","3448":"seba","3449":"hade","3450":"hili","3451":"apul","3452":"ndok","3453":"kuna","3454":"ahor","3455":"kabi","3456":"arus","3457":"bura","3458":" hoy","3459":"egan","3460":"tela","3461":"agoa","3462":"degk","3463":"aul ","3464":"ngak","3465":"puh ","3466":"\u00e9ran","3467":"jeni","3468":" d\u00e9w","3469":"ave ","3470":" jag","3471":"rint","3472":"egke","3473":"gku ","3474":"tist","3475":"yoha","3476":"ean ","3477":" yun","3478":"ake ","3479":"ntra","3480":"luma","3481":"lai ","3482":"ongg","3483":"ktur","3484":"ame ","3485":"onst","3486":"rjam","3487":"run ","3488":"ilik","3489":"alem","3490":"huda","3491":" lap","3492":"spor","3493":"pak ","3494":"sikm","3495":" bet","3496":"any ","3497":"imia","3498":"mbek","3499":" kha","3500":" lar","3501":"men ","3502":"dira","3503":"kaal","3504":"esar","3505":" cil","3506":"rani","3507":"susu","3508":"iana","3509":"kmal","3510":" bil","3511":"guma","3512":"ahli","3513":" hut","3514":"dil ","3515":"idin","3516":"yawa","3517":"alon","3518":"uata","3519":"agu ","3520":"peda","3521":"orib","3522":"jual","3523":" nem","3524":"edih","3525":"rja ","3526":"ksak","3527":"entr","3528":"besa","3529":"inst","3530":"ng\u00e9k","3531":"nalu","3532":"aji ","3533":"\u00e9kad","3534":"lahn","3535":"sapr","3536":"nega","3537":"pros","3538":"ulas","3539":" sp\u00e9","3540":" kao","3541":"cipt","3542":"pepe","3543":"yuna","3544":"kimi","3545":"ated","3546":"visi","3547":"ekec","3548":"saya","3549":"uyu ","3550":" m\u00e9t","3551":"res ","3552":"udun","3553":"rego","3554":"ubua","3555":"m\u00e9n ","3556":"uara","3557":"kaya","3558":"fisi","3559":"duk ","3560":"ango","3561":"ase ","3562":"lega","3563":"m\u00e9wa","3564":"illi","3565":"mahn","3566":"s\u00e9ke","3567":"nyen","3568":"ende","3569":"aeut","3570":"jina","3571":" pih","3572":"ght|","3573":"esir","3574":"yipt","3575":"ally","3576":"rmal","3577":"ribu","3578":"wasn","3579":"ibat","3580":"usum","3581":" dag","3582":"kapr","3583":"uksa","3584":"nyip","3585":"ober","3586":" hon","3587":" waw","3588":" bir","3589":"oton","3590":"iann","3591":"wark","3592":"ward","3593":" omo","3594":" kay","3595":"aba ","3596":" afr","3597":"maju","3598":"murn","3599":"fung","3600":"unin","3601":"ma\u00e9h","3602":"nden","3603":"greg","3604":"ungu","3605":"oge ","3606":"ng\u00e9 ","3607":"mb|p","3608":"afri","3609":"dram","3610":"afi ","3611":"iam ","3612":"itut","3613":" tob","3614":"rena","3615":"toba","3616":"yala","3617":"hont","3618":" oge","3619":"likn","3620":"nga ","3621":"giri","3622":"gat ","3623":"nuba","3624":"skin","3625":"ces ","3626":"nts ","3627":" pot","3628":"tim\u00e9","3629":" mua","3630":"ihke","3631":"efer","3632":"titu","3633":"kmat","3634":"ijin","3635":"erah","3636":"dmin","3637":"diju","3638":"muka","3639":"oduk","3640":"juri","3641":"isma","3642":"demi","3643":"turn","3644":" leg","3645":" muh","3646":"kena","3647":" tak","3648":"iter","3649":" bro","3650":"not ","3651":"hata","3652":"adat","3653":"edal","3654":" rut","3655":"hate","3656":" atu","3657":"nuhu","3658":"baan","3659":"gtuk","3660":"g\u00e9ke","3661":"tori","3662":"tami","3663":"raki","3664":" ruk","3665":" imp","3666":" stu","3667":"gar ","3668":"dire","3669":"araw","3670":"obaa","3671":"mena","3672":"aber","3673":"ayar","3674":"tadi","3675":"wina","3676":"mind","3677":"dera","3678":"egar","3679":" dem","3680":"here","3681":"ghad","3682":" rai","3683":" ibu","3684":" adm","3685":" cib","3686":" pr\u00e9","3687":"chan","3688":"ompa","3689":" hib","3690":"mera","3691":"othe","3692":"sabu","3693":" pep","3694":"lem ","3695":"resi","3696":"kurn","3697":" net","3698":" y\u00e9r","3699":"ges ","3700":"usal","3701":"auh ","3702":"gemb","3703":"meul","3704":"vita","3705":"jid ","3706":"per ","3707":"serv","3708":" rom","3709":"mpok","3710":"im\u00e9w","3711":"smks","3712":"gs\u00e9k","3713":"mpen","3714":"hor ","3715":" als","3716":"opa ","3717":"elah","3718":"hli ","3719":"john","3720":"dih ","3721":"cika","3722":" ope","3723":"ihak","3724":"b|px","3725":"sign","3726":"isme","3727":"pute","3728":"ihir","3729":"urba","3730":"mks ","3731":"id\u00e9n","3732":"kame","3733":"ibur","3734":"some","3735":"gaku","3736":"des ","3737":"mamp","3738":"game","3739":"anyi","3740":" jat","3741":"ret ","3742":"amma","3743":"ipil","3744":" r\u00e9p","3745":"kelo","3746":"ngob","3747":" ahl","3748":"rar ","3749":" ii ","3750":" x ","3751":"sal\u00e9","3752":"pusa","3753":"lue ","3754":" nap","3755":"rlin","3756":"arma","3757":"rada","3758":"dki ","3759":"isik","3760":" lol","3761":" g\u00e9o","3762":"pake","3763":"rgi ","3764":"ntas","3765":"riwa","3766":"nubu","3767":"ime ","3768":" kin","3769":"juta","3770":"ripa","3771":"kun ","3772":"gogo","3773":"enah","3774":"andr","3775":" dki","3776":"meng","3777":"mpuh","3778":" teg","3779":"mput","3780":"lok ","3781":"lity","3782":"ound","3783":"ront","3784":"mann","3785":"orta","3786":"hen ","3787":"inci","3788":"anua","3789":"ican","3790":"atuh","3791":"ombo","3792":"euad","3793":"puji","3794":"oman","3795":"olit","3796":"akir","3797":"okal","3798":"ohor","3799":"ohn ","3800":" rep","3801":"ahon","3802":"serd","3803":"pint","3804":"yera","3805":"uadi","3806":"dok ","3807":" gag","3808":"ireu","3809":"impi","3810":"gabo","3811":"isat","3812":"own ","3813":"samb","3814":"\u00e9kon","3815":"daka","3816":"bern","3817":"nand","3818":"mbag","3819":"goda","3820":"mer ","3821":"d\u00e9wa","3822":"elar","3823":"yata","3824":"aust","3825":"mast","3826":"ampl","3827":"stic","3828":"stit","3829":"ator","3830":"d\u00e9an","3831":" ked","3832":"atom","3833":"gai ","3834":"ggul","3835":"\u00e9l\u00e9h","3836":"sage","3837":"ikal","3838":"pemb","3839":" ket","3840":"pir ","3841":"ish ","3842":"uaha","3843":"emi ","3844":"bank","3845":"bek ","3846":"bulu","3847":"ngir","3848":" gul","3849":" baw","3850":"inna","3851":"labu","3852":"gobr","3853":" jul","3854":"komo","3855":"alir","3856":"ght ","3857":" hor","3858":"lauk","3859":"odas","3860":"sabi","3861":"riya","3862":" aus","3863":"rios","3864":" kis","3865":"dima","3866":"abu ","3867":"mare","3868":"ract","3869":"tuwu","3870":"ulta","3871":"maya","3872":" soc","3873":"muha","3874":"isin","3875":"ters","3876":" ton","3877":"anye","3878":"ama\u00e9","3879":"suba","3880":"kai ","3881":"idik","3882":"boda","3883":" gad","3884":"rnas","3885":"also","3886":"ctor","3887":"iya ","3888":"cons","3889":"ciam","3890":"\u00e9nda","3891":" tes","3892":"perj","3893":"rate","3894":"jari","3895":"bela","3896":"pulu","3897":"yara","3898":"daul","3899":" dur","3900":"sump","3901":"pta ","3902":"sum ","3903":"inum","3904":"okot","3905":"ice ","3906":"ato ","3907":"nasa","3908":"chin","3909":"abeu","3910":"tory","3911":"dimi","3912":" lab","3913":"apas","3914":"ngat","3915":" tri","3916":"iala","3917":"tuhk","3918":" neu","3919":"sosi","3920":"hamm","3921":" bol","3922":"dra ","3923":"iami","3924":"merd","3925":"hist","3926":" mam","3927":"lomp","3928":"kebo","3929":"piha","3930":" kie","3931":"liha","3932":"amel","3933":"rial","3934":"gema","3935":"r\u00e9as","3936":" kut","3937":"bak ","3938":"rkaw","3939":"iceu","3940":" gol","3941":"imat","3942":" reg","3943":" del","3944":"temb","3945":"mpir","3946":"gran","3947":"itke","3948":" s\u00e9r","3949":"ngli","3950":"tege","3951":"soho","3952":"gula","3953":"mutu","3954":"nolo","3955":"atau","3956":"mkeu","3957":"ib\u00e9r","3958":"prof","3959":"stud","3960":"inke","3961":"iati","3962":"ariw","3963":" bri","3964":"siti","3965":"via ","3966":"amas","3967":"aseb","3968":"gwaw","3969":"ajua","3970":" \u00e9ro","3971":"kert","3972":"nsti","3973":"r\u00e9pu","3974":" jau","3975":"karo","3976":"ist ","3977":"str\u00e9","3978":" taw","3979":"pamu","3980":" ner","3981":" fis","3982":"imim","3983":" her","3984":"anuh","3985":"gwan","3986":"auk ","3987":"mbal","3988":"gis ","3989":"aasi","3990":"ukas","3991":"\u00e9rop","3992":"empu","3993":"heun","3994":"ngen","3995":"hun ","3996":"kais","3997":"ilat","3998":"sme ","3999":" non","4000":" nol","4001":"d\u00e9n ","4002":"wida","4003":"nola","4004":" fre","4005":"haja","4006":"seun","4007":"tusk","4008":"ill ","4009":"ell ","4010":" yor","4011":"lso ","4012":"apar","4013":"namp","4014":"awe ","4015":"allo","4016":"ant\u00e9","4017":"nyem","4018":"kot ","4019":" wun","4020":"okan","4021":"mus ","4022":"gond","4023":"l\u00e9ma","4024":"dake","4025":"gong","4026":"medi","4027":" \u00e9ko","4028":"samu","4029":"anik","4030":"dumu","4031":"eupe","4032":"ngba","4033":"mpak","4034":"orld","4035":"ilis","4036":"ndi ","4037":"\u00e9pub","4038":" rek","4039":"uneu","4040":"worl","4041":"wani","4042":" cur","4043":" m\u00e9a","4044":" paw","4045":" c ","4046":"jaja","4047":"use ","4048":" end","4049":" ped","4050":" t\u00e9r","4051":"utat","4052":"ough","4053":"lake","4054":"d\u00e9ka","4055":"impu","4056":"sadi","4057":" sou","4058":"ibu ","4059":" sho","4060":"term","4061":"amal","4062":"amam","4063":"gers","4064":"raju","4065":"ned ","4066":"purw","4067":"od\u00e9l","4068":"terj","4069":" p\u00e9r","4070":"nyaw","4071":" muk","4072":"itio","4073":"city","4074":"alal","4075":"\u00e9rus","4076":"dir ","4077":"ker ","4078":"nsur","4079":"ide ","4080":"ceun","4081":"ass ","4082":" \u00e9l\u00e9","4083":" run","4084":"nuar","4085":"tain","4086":" pon","4087":"ngi ","4088":"tent","4089":"etol","4090":" jut","4091":"pals","4092":"ries","4093":"hama","4094":"dici","4095":"rtan","4096":"utup","4097":"\u00e9dia","4098":"bola","4099":" ove","4100":"star","4101":"upeu","4102":"bina","4103":"isir","4104":"emak","4105":"egat","4106":" sto","4107":"deli","4108":"erbi","4109":" hav","4110":"banj","4111":"janu","4112":"met ","4113":"asoh","4114":"sp\u00e9s","4115":"sias","4116":"sar\u00e9","4117":"al\u00e9m","4118":"ans ","4119":"pawa","4120":"irim","4121":" tok","4122":" al ","4123":"spec","4124":"ios ","4125":"antr","4126":"lomb","4127":"inat","4128":"ibas","4129":"praj","4130":"main","4131":"pam ","4132":"bage","4133":"ansp","4134":"erje","4135":"panc","4136":"y\u00e9ru","4137":"riam","4138":"misk","4139":"leum","4140":"ad\u00e9a","4141":"asra","4142":"ar\u00e9l","4143":"isuk","4144":"ajen","4145":"mart","4146":"ktin","4147":"l\u00e9m ","4148":"ruk ","4149":"sent","4150":"abis","4151":"endo","4152":"mmad","4153":"ompu","4154":" one","4155":" emb","4156":"bel ","4157":"ifik","4158":"taya","4159":"ast ","4160":"usat","4161":"used","4162":" dep","4163":"adau","4164":"p\u00e9si","4165":"hibu","4166":"ipi ","4167":" luy","4168":"led ","4169":" \u00e9li","4170":"uham","4171":"ibag","4172":"atil","4173":"ukak","4174":" log","4175":"jike","4176":"waba","4177":"lim ","4178":"bin ","4179":"ings","4180":"abot","4181":" blo","4182":"nca ","4183":"itna","4184":" km ","4185":"num ","4186":"aska","4187":"ngti","4188":"kieu","4189":"lulu","4190":"wana","4191":"maka","4192":"yemb","4193":" b\u00e9b","4194":"ames","4195":"kani","4196":"buru","4197":"geto","4198":"akas","4199":"trac","4200":"last","4201":"have","4202":"haba","4203":"otan","4204":" leb","4205":"iaan","4206":"lmu ","4207":"basi","4208":"aduh","4209":"dama","4210":"caba","4211":"kamu","4212":" cor","4213":"bot ","4214":"ace ","4215":"eric","4216":"sul\u00e9","4217":" app","4218":"dat ","4219":"arch","4220":"buk ","4221":"pere","4222":"tip ","4223":"jema","4224":"reta","4225":"enja","4226":"coba","4227":"nspo","4228":"gabi","4229":" pir","4230":"ihud","4231":"rato","4232":"emat","4233":" poh","4234":"eune","4235":"pene","4236":" dam","4237":"aray","4238":" und","4239":"amay","4240":"ost ","4241":"ilar","4242":"ul\u00e9m","4243":"arge","4244":"dudu","4245":"frik","4246":"nyuh","4247":"inal","4248":"mbut","4249":"kim ","4250":"ulna","4251":"ggo ","4252":"nita","4253":"esis","4254":"uruk","4255":"|rig","4256":"enal","4257":"\u00e9mah","4258":"dida","4259":"rds ","4260":"erse","4261":" rja","4262":"eria","4263":"paja","4264":"umed","4265":" unt","4266":"tat ","4267":" bae","4268":"nyam","4269":"tumu","4270":" tek","4271":"raba","4272":"\u00e9hke","4273":"amus","4274":"pon ","4275":"dipu","4276":"kori","4277":"pona","4278":"sen ","4279":" mot","4280":"tala","4281":"cina","4282":"sema","4283":"udeu","4284":"kink","4285":"akud","4286":"mark","4287":"ipar","4288":"puse","4289":"atut","4290":" hur","4291":" s\u00e9k","4292":"juju","4293":" ita","4294":"gtau","4295":"skia","4296":"late","4297":"gany","4298":"kump","4299":"runt","4300":" tay","4301":"heub","4302":"don ","4303":" caa","4304":"s\u00e9l ","4305":"umpo","4306":"gorb","4307":" fin","4308":"caan","4309":" tho","4310":"ular","4311":"esus","4312":"utuw","4313":" jas","4314":"lemp","4315":"akto","4316":"ijan","4317":"rinc","4318":"ando","4319":"asen","4320":" ato","4321":"dion","4322":"ros\u00e9","4323":"rsih","4324":"\u00e9l\u00e9k","4325":"taru","4326":"gur ","4327":"mble","4328":"eron","4329":" gro","4330":"juni","4331":"\u00e9ngk","4332":"\u00e9l\u00e9r","4333":"utna","4334":"apur","4335":"tukn","4336":"cial","4337":"gtik","4338":"will","4339":"tr\u00e9n","4340":"perm","4341":"rjem","4342":"sult","4343":"tica","4344":"aged","4345":"epar","4346":"pane","4347":" b\u00e9n","4348":"tch ","4349":"tric","4350":"tria","4351":"abel","4352":"alig","4353":"agai","4354":"eni ","4355":"guta","4356":"ocog","4357":"rens","4358":"pako","4359":" map","4360":" ila","4361":"geui","4362":"gkas","4363":" ikl","4364":"prob","4365":"atch","4366":"pun ","4367":"jeg ","4368":"ataa","4369":"rara","4370":"si\u00e9s","4371":"tate","4372":"sid\u00e9","4373":"ited","4374":"nges","4375":"agus","4376":"ocie","4377":"hali","4378":"uark","4379":"amik","4380":"albu","4381":"kad ","4382":" sug","4383":"utio","4384":"haan","4385":"ciet","4386":"gkab","4387":"art ","4388":"klas","4389":"atuj","4390":"und ","4391":"duan","4392":" set","4393":"metk","4394":"mak ","4395":"gtan","4396":"gahu","4397":"side","4398":"uch ","4399":"gago","4400":"ntr\u00e9","4401":"\u00e9si\u00e9","4402":"nerb","4403":"ety ","4404":"ngla","4405":"trib","4406":"aluh","4407":"kera","4408":"hann","4409":"ecti","4410":"kaln","4411":"tiha","4412":"eres","4413":"unsu","4414":"ujur","4415":"bud ","4416":"ampe","4417":"hasa","4418":"sman","4419":"hina","4420":"esi ","4421":"huru","4422":"cond","4423":"anat","4424":" cou","4425":"yump","4426":"cila","4427":"njat","4428":"wah ","4429":"thes","4430":"aroj","4431":"\u00e9rma","4432":"site","4433":"nit ","4434":"abia","4435":" say","4436":"ndes","4437":"bal ","4438":"muk ","4439":"usta","4440":"gul ","4441":"mayu","4442":"bal\u00e9","4443":"muar","4444":"span","4445":" \u00e9nd","4446":"jam ","4447":"eurk","4448":"gkin","4449":"cati","4450":" isu","4451":"arth","4452":"tbah","4453":"\u00e9lmu","4454":"elep","4455":"ujud","4456":"ncur","4457":"ujuh","4458":"char","4459":"apis","4460":"mahk","4461":" uns","4462":" ema","4463":"nat ","4464":"mobi","4465":" ste","4466":" tip","4467":" its","4468":"akaw","4469":"arum","4470":"kus ","4471":"nyuk","4472":"mpin","4473":"hisk","4474":" suh","4475":"mama","4476":"akak","4477":"ntos","4478":" dev","4479":"oto ","4480":"reue","4481":"asur","4482":"page","4483":"dal ","4484":"umuk","4485":"yuhu","4486":"bae ","4487":"pagu","4488":"kaom","4489":" vol","4490":"lyak","4491":"agin","4492":"assa","4493":"cint","4494":"utba","4495":"enep","4496":"ngle","4497":"edia","4498":" fak","4499":"perd","4500":" usa","4501":"obil","4502":"nerg","4503":"sbn ","4504":"ntro","4505":"budi","4506":" sib","4507":"ties","4508":"ideu","4509":"itah","4510":" cm ","4511":" uru","4512":"syst","4513":"kagu","4514":"esen","4515":"kor\u00e9","4516":"esti","4517":"icar","4518":"isbn","4519":"tobe","4520":"airl","4521":"rtas","4522":"atuk","4523":"sika","4524":"elin","4525":"ontr","4526":"rjan","4527":"diad","4528":"kawe","4529":"yste","4530":"alsu","4531":"cipa","4532":"sifi","4533":"waki","4534":"pa\u00e9h","4535":"cog ","4536":"hutb","4537":"mass","4538":"impe","4539":"ahaa","4540":" rec","4541":"york","4542":"ulik","4543":"rela","4544":"omin","4545":"rem ","4546":"item","4547":"pik ","4548":"muwu","4549":"golo","4550":"leme","4551":"anyo","4552":"kage","4553":"euta","4554":"ucap","4555":"od\u00e9r","4556":"ril ","4557":"win ","4558":"\u00e9wan","4559":" cap","4560":"cess","4561":" idb","4562":"eunt","4563":"agat","4564":" rel","4565":" isb","4566":"\u00e9sid","4567":" ami","4568":"bera","4569":"ajeg","4570":"namb","4571":"bert","4572":"os\u00e9s","4573":"ermi","4574":"kter","4575":"lami","4576":"ahab","4577":"umuw","4578":"pond","4579":"i\u00e9s ","4580":"amil","4581":"beus","4582":"gitk","4583":"irli","4584":"r\u00e9ak","4585":"ayun","4586":"boho","4587":"ugh ","4588":"inar","4589":"nyia","4590":"suhu","4591":"lbum","4592":"sira","4593":"nyol","4594":" t\u00e9m","4595":" sej","4596":" bla","4597":"yaka","4598":"apen","4599":" g ","4600":" whe","4601":"nite","4602":" rar","4603":" juj","4604":"nstr","4605":"\u00e9ksi","4606":" mob","4607":"ergi","4608":"iapk","4609":" idp","4610":"r\u00e9n ","4611":"ansi","4612":"yeuh","4613":"jeng","4614":"act ","4615":"unte","4616":" onl","4617":" lib","4618":" s ","4619":"asir","4620":" pip","4621":"aom ","4622":"akil","4623":"teui","4624":"uksi","4625":"hese","4626":"nump","4627":"nep ","4628":"asaw","4629":"luan","4630":"ount","4631":"pulk","4632":"g\u00e9n ","4633":"lsu ","4634":"eles","4635":" kil","4636":"dada","4637":"ongo","4638":"ider","4639":"iety","4640":" gay","4641":"s\u00e9l\u00e9","4642":"acti","4643":"ancu","4644":"enar","4645":"iade","4646":"embl","4647":"\u00e9kah","4648":"sat\u00e9","4649":"trop","4650":"ents","4651":"kaul","4652":"fran","4653":"tant","4654":"jale","4655":" rin","4656":"uteu","4657":"rusi","4658":"upam","4659":"ilem","4660":"truk","4661":"silo","4662":"nemp","4663":" \u00e9lm","4664":"ulti","4665":"ndus","4666":"ugem","4667":"rim ","4668":" val","4669":"ggi ","4670":"gk\u00e9n","4671":"miny","4672":"kil ","4673":"isil","4674":"gia ","4675":"nds ","4676":"yuda","4677":"dust","4678":"ab\u00e9d","4679":"yol ","4680":"plas","4681":" bek","4682":"wuju","4683":" hil","4684":"mbur","4685":"wuh ","4686":"l\u00e9ng","4687":"call","4688":"ngbu","4689":"yuka","4690":" aks","4691":"ngu ","4692":"sapu","4693":"rld ","4694":"akim","4695":"beda","4696":"pani","4697":"\u00e9ktr","4698":"ncti","4699":"taba","4700":"tena","4701":"auna","4702":" apr","4703":"b\u00e9ja","4704":"agab","4705":" tad","4706":"loan","4707":"osit","4708":"asma","4709":"or\u00e9a","4710":"tudi","4711":"int ","4712":"brit","4713":"salu","4714":" geo","4715":"seku","4716":"siny","4717":"nahn","4718":"apor","4719":"uen ","4720":"\u00e9ra ","4721":" don","4722":"unic","4723":" sha","4724":" s\u00e9m","4725":" son","4726":"ors ","4727":"ilok","4728":" spi","4729":"d\u00e9l ","4730":"ggan","4731":" nil","4732":"tup ","4733":"okto","4734":"haki","4735":"blen","4736":"juh ","4737":"iasi","4738":"olok","4739":"acak","4740":" exp","4741":" nit","4742":"s\u00e9ma","4743":"r\u00e9h ","4744":" sys","4745":"ute ","4746":"anuk","4747":"work","4748":" vid","4749":"babu","4750":"bum ","4751":" ola","4752":"jat ","4753":"meur","4754":"b\u00e9nt","4755":"ern ","4756":" dad","4757":"rsi ","4758":"at\u00e9k","4759":"kade","4760":"yatn","4761":"pen ","4762":"ashi","4763":"ncak","4764":"mbat","4765":"pare","4766":"nguk","4767":"ikla","4768":"pihu","4769":" fm ","4770":"ustu","4771":"requ","4772":"ngo ","4773":"iffe","4774":"nada","4775":"aler","4776":"nyob","4777":"tepk","4778":" bon","4779":"usun","4780":" gog","4781":"unct","4782":"alle","4783":"tarj","4784":"ray ","4785":"sula","4786":"alol","4787":"kont","4788":"\u00e9olo","4789":" tow","4790":" bed","4791":"iyah","4792":"seme","4793":"t\u00e9ri","4794":" cas","4795":"siko","4796":"telu","4797":"ible","4798":"umeb","4799":"riod","4800":"pora","4801":"dame","4802":"priy","4803":"otak","4804":"mosi","4805":"loh ","4806":"icip","4807":"beh ","4808":"uri ","4809":"al\u00e9 ","4810":"sim ","4811":" cau","4812":" b\u00e9a","4813":"euro","4814":"aluy","4815":" de ","4816":"pega","4817":"aday","4818":" okt","4819":"awah","4820":" bub","4821":"lway","4822":" bot","4823":"orim","4824":"alue","4825":"daye","4826":"malu","4827":"uloa","4828":"omo ","4829":" aja","4830":"ach ","4831":"sjid","4832":" aki","4833":"jant","4834":"eli ","4835":"iant","4836":"poha","4837":"come","4838":"ujan","4839":"marg","4840":"din ","4841":"uju ","4842":"ndu ","4843":"dile","4844":"abuh","4845":"meba","4846":"paje","4847":" oth","4848":"name","4849":"gump","4850":"p\u00e9li","4851":"ded ","4852":"yoba","4853":" inj","4854":" dol","4855":"nyi ","4856":"aton","4857":"iwa ","4858":"aeun","4859":"ins ","4860":"pel ","4861":"pis ","4862":"anji","4863":"korb","4864":"ica ","4865":"ativ","4866":"ar\u00e9a","4867":"watc","4868":"film","4869":"base","4870":"ggur","4871":"gen ","4872":"aden","4873":"onar","4874":"udul","4875":"yung","4876":"oko ","4877":"\u00e9p\u00e9l","4878":"mice","4879":" r ","4880":" h ","4881":"org ","4882":"ific","4883":"ilwa","4884":" mol","4885":"towe","4886":"road","4887":"ktif","4888":"aang","4889":"bia ","4890":"anie","4891":" acc","4892":"tatu","4893":"geti","4894":"on\u00e9n","4895":"emas","4896":"tras","4897":" ent","4898":"ect ","4899":"cah ","4900":"avia","4901":"cula","4902":"cuta","4903":"inu ","4904":" si ","4905":"ntai","4906":"anpa","4907":"gati","4908":"nclu","4909":"mura","4910":"cand","4911":"duct","4912":"baju","4913":"leba","4914":"ramb","4915":"ijua","4916":"erap","4917":" alt","4918":"asas","4919":"cak ","4920":"ruti","4921":" chr","4922":"hung","4923":"tun ","4924":"rapa","4925":"etih","4926":" nel","4927":"yeny","4928":"ubur","4929":" pac","4930":"urup","4931":"sity","4932":"gle ","4933":"ailw","4934":"beng","4935":"uril","4936":"evel","4937":" nub","4938":"irik","4939":"iden","4940":"ar\u00e9 ","4941":"ijad","4942":"nar ","4943":"suks","4944":"ern\u00e9","4945":"iheu","4946":"nsis","4947":"buha","4948":"d\u00e9mo","4949":"nong","4950":"tind","4951":"rapi","4952":"alu ","4953":"sud ","4954":"ets ","4955":"ngto","4956":"rich","4957":"lite","4958":"r\u00e9bu","4959":"geul","4960":"okeu","4961":"auli","4962":"adu ","4963":"keri","4964":"t\u00e9na","4965":"buta","4966":" duk","4967":"rakt","4968":" sch","4969":"ngas","4970":"abeh","4971":"niay","4972":"huta","4973":"rope","4974":"roni","4975":"dige","4976":"rius","4977":"tany","4978":"ndeu","4979":"abog","4980":" nus","4981":" nen","4982":"epel","4983":"epen","4984":"blan","4985":"ser ","4986":"mere","4987":"unar","4988":"abas","4989":"ile ","4990":"urwa","4991":" hig","4992":"ktob","4993":"yoko","4994":"ugi ","4995":"arad","4996":"laan","4997":"odo ","4998":"fika","4999":"brua"}}