{"tah":{"0":" te ","1":" i ","2":" e ","3":"mau ","4":" mau","5":"raa ","6":" o ","7":" faa","8":" ia ","9":"tou ","10":" na ","11":" mai","12":" no ","13":"atou","14":" ra ","15":" ua ","16":"hia ","17":" haa","18":" to ","19":"ahi ","20":"mai ","21":"para","22":" tei","23":" par","24":" ta ","25":" taa","26":" tat","27":"iti ","28":"iraa","29":"ata ","30":" atu","31":"arau","32":"rau ","33":"tahi","34":"oto ","35":"aata","36":" a ","37":" rot","38":"roto","39":"ho\u00ea ","40":"nei ","41":" ho\u00ea","42":" rat","43":"aita","44":"rato","45":"taat","46":"tato","47":"roa ","48":"ite ","49":" mea","50":"mea ","51":"araa","52":"ore ","53":" mat","54":"nia ","55":"mata","56":"haap","57":"aha ","58":"atoa","59":" tau","60":" nei","61":"mait","62":"toa ","63":"nehe","64":"rahi","65":"eie ","66":"teie","67":" noa","68":" tia","69":"ere ","70":"ira ","71":"oia ","72":"uru ","73":"tua ","74":" roa","75":" ato","76":" oia","77":"tai ","78":"tia ","79":"noa ","80":"faat","81":"oraa","82":"ire ","83":"atu ","84":" rav","85":" ite","86":"rave","87":" rah","88":" tah","89":" cat","90":"hova","91":"ita ","92":" ieh","93":"ova ","94":"ieho","95":"ehov","96":"itai","97":" ore","98":"uraa","99":" nia","100":"tei ","101":" \u00efa ","102":"eira","103":" far","104":"atua","105":"oire","106":"hipa","107":"reir","108":" rei","109":"ohip","110":"faai","111":"ahit","112":"faah","113":" tam","114":" r\u00e2 ","115":"hiti","116":"ipa ","117":"tama","118":"eia ","119":"eraa","120":" oir","121":"aaro","122":" iti","123":"enua","124":"nua ","125":" tai","126":"fenu","127":"haam","128":"ana ","129":" tu ","130":" ohi","131":" ei ","132":"ave ","133":" man","134":"uri ","135":" out","136":"outo","137":"utou","138":"are ","139":"mana","140":"ahia","141":" n\u014d ","142":"faar","143":"tata","144":"anao","145":"ihia","146":"tupu","147":" pap","148":"aite","149":" fei","150":"aro ","151":"aait","152":"feia","153":"aua ","154":" fen","155":"ehe ","156":" neh","157":"ehen","158":" ai ","159":" iho","160":"eneh","161":"hoi ","162":"hene","163":" hoi","164":"rii ","165":"etia","166":"faao","167":" ma ","168":"iho ","169":" hur","170":"nao ","171":"atah","172":"arii","173":"huru","174":"aere","175":"aama","176":" ait","177":"pae ","178":"aapi","179":"aapa","180":" ora","181":" \u00e2 ","182":"apii","183":"tau ","184":"ora ","185":"era ","186":" u ","187":"atar","188":"ino ","189":" au ","190":"ine ","191":" hae","192":"aore","193":"eaha","194":" eah","195":" aor","196":"fare","197":"aira","198":"hana","199":"haer","200":"orie","201":"gori","202":"t\u00e9go","203":"cat\u00e9","204":"\u00e9gor","205":"at\u00e9g","206":"atur","207":" pae","208":" vah","209":"ahan","210":"ano ","211":"lia ","212":"ani ","213":"vahi","214":"aura","215":"tura","216":"taa ","217":" oe ","218":" hio","219":"pohe","220":"maha","221":"egor","222":"gory","223":" tap","224":"tego","225":"cate","226":"ateg","227":"otu ","228":" hau","229":"apao","230":"uhia","231":"tera","232":" ies","233":"iesu","234":"esu ","235":" vai","236":"atai","237":"mua ","238":"amar","239":" hor","240":" mur","241":"aahi","242":"motu","243":"aufa","244":"ria ","245":"riro","246":"upu ","247":"roo ","248":" tup","249":" rir","250":"ilia","251":" bib","252":"hau ","253":" ae ","254":"bili","255":"oroa","256":" raa","257":"bibi","258":"ibil","259":"aaho","260":"aroo","261":"iro ","262":"fauf","263":"taua","264":" \u00ea ","265":"horo","266":" tur","267":"turu","268":"ufaa","269":" mah","270":" poh","271":" hia","272":"vai ","273":"papa","274":"muri","275":"ura ","276":" tae","277":" fau","278":"h\u014d\u0113 ","279":" h\u014d\u0113","280":"mari","281":"inaa","282":"tere","283":"ahin","284":"umu ","285":"taim","286":"aora","287":"hina","288":"ito ","289":"aime","290":"papu","291":"ime ","292":"aati","293":"uira","294":" hin","295":"hine","296":"faa ","297":"naar","298":"utur","299":"hoa ","300":"haa ","301":" ter","302":" tan","303":"rara","304":"afea","305":"fea ","306":"tumu","307":"tian","308":" tum","309":"rise","310":" ker","311":"\u016bnia","312":"ar\u016bn","313":"tar\u016b","314":"r\u016bni","315":"aoa ","316":" ao ","317":"aau ","318":"iano","319":"iset","320":"eris","321":"seti","322":"nafe","323":"keri","324":"apu ","325":" ana","326":"aara","327":" ara","328":"iira","329":" naf","330":" ino","331":"amai","332":"ehia","333":"ara ","334":"sia ","335":" tav","336":"oryt","337":"autu","338":" vau","339":"ure ","340":"anei","341":" ane","342":"tavi","343":"vau ","344":"tita","345":"aamo","346":"apai","347":"ane ","348":"ete ","349":"vini","350":"aman","351":"pao ","352":" hop","353":" mar","354":"avin","355":"taut","356":"auhi","357":"ati ","358":"rea ","359":"ohia","360":"hoho","361":"mara","362":"piir","363":"pii ","364":" por","365":"here","366":"aohi","367":"tara","368":" amu","369":"rama","370":"aatu","371":"esia","372":"eita","373":" eit","374":"hou ","375":"iete","376":"rua ","377":"rira","378":"vea ","379":"orar","380":"iri ","381":"tira","382":"anah","383":"pea ","384":"turi","385":"apar","386":"amau","387":"neti","388":"tae ","389":"ataa","390":" var","391":"hora","392":" tit","393":"etua","394":" mua","395":"metu","396":"fifi","397":"ohe ","398":"aari","399":"apea","400":"mani","401":"faaa","402":" pah","403":"arua","404":"haav","405":" rau","406":"eter","407":"aana","408":"oria","409":"tiat","410":"ryte","411":"yte ","412":"varu","413":"hope","414":"pai ","415":"iora","416":"aram","417":" sor","418":"pura","419":" her","420":"sori","421":" pau","422":"peu ","423":" peu","424":"oro ","425":" tao","426":" ere","427":"ifi ","428":"ama ","429":" aha","430":"uhaa","431":"mair","432":"iatu","433":"tapa","434":"aaor","435":"amat","436":" api","437":" hoh","438":" m\u0101 ","439":"arah","440":"fari","441":"nae ","442":"uka ","443":"anae","444":"aaoh","445":"oaoa","446":" met","447":"aito","448":"naa ","449":"aoti","450":" fif","451":"ini ","452":"amui","453":"iaha","454":"naho","455":"ohoa","456":"piti","457":"mato","458":"itau","459":"poro","460":"taio","461":"ahou","462":" oao","463":"\u0101ni ","464":" ap\u00ee","465":"etah","466":"ela ","467":"r\u0101ni","468":"far\u0101","469":"eiah","470":"ar\u0101n","471":"tuha","472":"paru","473":" eia","474":"hama","475":" \u00f2 ","476":"ater","477":" pat","478":"\u012bnet","479":"veta","480":"ap\u00ee ","481":" per","482":" vet","483":"raua","484":"aava","485":" tuh","486":"r\u012bne","487":"\u014dr\u012bn","488":"urir","489":"ruru","490":"p\u014dr\u012b","491":"hior","492":" fan","493":"rata","494":"atia","495":"tane","496":"tihi","497":" aur","498":" ati","499":"ahir","500":"api ","501":" pua","502":"ero ","503":" aro","504":"fana","505":" ioa","506":"rera","507":"tair","508":"riet","509":"avar","510":"ari ","511":"ruri","512":"rapa","513":"hera","514":" fat","515":"ape ","516":"oni ","517":"erur","518":"aate","519":"apap","520":"feru","521":" paa","522":"naha","523":" fer","524":"aio ","525":"pine","526":"utua","527":"opea","528":"atam","529":"upur","530":"rai ","531":"hio ","532":"atup","533":"arat","534":"aihi","535":"ava ","536":"paul","537":"raro","538":"aulo","539":" apo","540":"ulo ","541":"unaa","542":"apa ","543":"toit","544":"oito","545":" nun","546":"nuna","547":"itoi","548":"avea","549":" mao","550":" mes","551":"aato","552":"puai","553":"oher","554":"amua","555":" pur","556":"mesi","557":"tamu","558":" utu","559":"hira","560":" p\u014dr","561":"\u00e2ua ","562":"oara","563":"uai ","564":"aiti","565":"afar","566":" ham","567":"rora","568":"maa ","569":"area","570":" maa","571":"tiai","572":"buka","573":"pere","574":" buk","575":"faan","576":"paar","577":"nira","578":"tano","579":"amot","580":"arur","581":"amu ","582":"taam","583":" rar","584":"aoro","585":"iahi","586":" ani","587":" hap","588":"oti ","589":" ari","590":"eae ","591":" \u00f4 ","592":" mon","593":"faau","594":" tin","595":"pure","596":"tene","597":" aau","598":"pato","599":" ava","600":"tape","601":"tino","602":"reo ","603":"ona ","604":" pit","605":"fata","606":"enei","607":"atir","608":" ten","609":"ahon","610":" mot","611":"erer","612":"muir","613":" reo","614":"putu","615":" tor","616":" de ","617":"moni","618":"haar","619":"hara","620":"olo ","621":"aaru","622":"eara","623":"m\u00e2ua","624":"tehi","625":"tuaf","626":" har","627":"uafa","628":"rura","629":"enet","630":"nete","631":" bas","632":"naur","633":"aera","634":"iter","635":"taur","636":" sal","637":" hoa","638":"sile","639":"basi","640":"iteh","641":"erea","642":"asil","643":"paha","644":"ilei","645":"ahor","646":"leia","647":" moa","648":"amo ","649":"taea","650":"eta ","651":"roma","652":"fatu","653":"aaot","654":"tea ","655":" hui","656":"hapa","657":" m\u00e2u","658":"tava","659":"paor","660":"opu ","661":"aeae","662":"faae","663":"ture","664":"taui","665":"oipo","666":"poip","667":"ipoi","668":"ight","669":"iara","670":"tiar","671":"righ","672":" tua","673":"oaa ","674":" f\u0101n","675":"uera","676":"f\u0101na","677":"\u0101nau","678":" opu","679":"uara","680":"ioa ","681":"\u0101mot","682":"amah","683":"inir","684":"vare","685":"tauh","686":"auru","687":"ihi ","688":"ono ","689":"tu\u0101m","690":" tu\u0101","691":"u\u0101mo","692":"opoi","693":"hopo","694":"orom","695":"aroh","696":"atat","697":"noaa","698":"manu","699":"alam","700":" tuu","701":"apae","702":"oru ","703":" are","704":"eva ","705":"urur","706":"ght|","707":"mori","708":"tii ","709":"lamo","710":"aria","711":"sala","712":"aain","713":"tero","714":" rai","715":"uahi","716":"eret","717":"pear","718":"atau","719":"uiui","720":"aaue","721":"reva","722":"toru","723":"taoa","724":"aipo","725":"aaip","726":"aaea","727":"aaau","728":"anaa","729":" fai","730":"ene ","731":"maur","732":"|px|","733":"piha","734":"atoi","735":"eni ","736":"atae","737":"fait","738":"aia ","739":"oma ","740":"hua ","741":" mel","742":"aea ","743":" \u00f2ir","744":"\u00f2ire","745":" pen","746":" pee","747":"aaha","748":"arue","749":" tar","750":" vea","751":"t|px","752":"amor","753":"ht|p","754":"arir","755":"opua","756":"pee ","757":"arap","758":" pih","759":"hiah","760":"avai","761":" poi","762":"moa ","763":" rap","764":"seto","765":"atan","766":"aapu","767":" aer","768":"iai ","769":" iud","770":" heb","771":"hape","772":"etol","773":"oset","774":"tolo","775":" isa","776":"uuru","777":"uda ","778":" pin","779":"apos","780":"tuu ","781":"oha ","782":"pose","783":"uruu","784":"ruur","785":" hoo","786":"ioni","787":"roha","788":"hebe","789":"opa ","790":"arer","791":"iuda","792":"tani","793":"maor","794":" tut","795":"hono","796":"bera","797":"aru ","798":"ahu ","799":"hoo ","800":"haaf","801":" ahu","802":"arar","803":"aela","804":" tot","805":"arav","806":"inep","807":"paho","808":"epin","809":"ele ","810":"tuat","811":"eine","812":"nepi","813":"rear","814":"vara","815":"nein","816":" put","817":"otop","818":"toi ","819":"inei","820":"rael","821":"aamu","822":"hie ","823":"sera","824":"raat","825":"vae ","826":"erae","827":"avae","828":" afa","829":"\u01cetau","830":" ise","831":"hele","832":"pape","833":"rite","834":"taot","835":" sen","836":"m\u01ceta","837":"iser","838":"aiet","839":"ohie","840":" mas","841":"aeha","842":"topu","843":"\u00ectih","844":"tait","845":"hito","846":" ina","847":"eare","848":"itei","849":"eite","850":" p\u01d0p","851":"\u01d0p\u01d0 ","852":"taai","853":"apo ","854":"teit","855":"aafa","856":"raah","857":"p\u01d0p\u01d0","858":"itih","859":" uir","860":"kele","861":" oro","862":"iui ","863":"ema ","864":"afat","865":"moe ","866":" hit","867":" \u01d2 ","868":"sene","869":"ekel","870":"neke","871":" rig","872":"enek","873":"riri","874":"arit","875":"hepo","876":" aen","877":"oora","878":"tapi","879":"itit","880":"isai","881":" toh","882":" m\u0101\u00ec","883":"\u0101\u00ecti","884":"peap","885":"opoa","886":"hiop","887":"iopo","888":"nihi","889":"eape","890":"saia","891":"m\u0101\u00ect","892":"inah","893":" aua","894":"uput","895":"oror","896":"tion","897":"sata","898":"imi ","899":" sat","900":"anau","901":"auiu","902":"tahu","903":"aiva","904":"rohi","905":" apa","906":" mam","907":"px| ","908":"auer","909":"raau","910":" \u00f2na","911":"iva ","912":"\u00f2na ","913":"ohu ","914":"maot","915":"aapo","916":" pet","917":" pol","918":"riti","919":"rue ","920":" b ","921":"rere","922":"pene","923":"tohu","924":"reta","925":"toro","926":" ier","927":"ahap","928":"poi ","929":"mui ","930":"naan","931":"nora","932":" ito","933":"ori ","934":"oane","935":"humb","936":"elo ","937":"thum","938":"puhi","939":"otir","940":"ihor","941":"maui","942":"ahua","943":"apit","944":"uti ","945":"rava","946":"erei","947":"vera","948":"atea","949":"ioan","950":"itah","951":" ber","952":"feti","953":"exx ","954":"ereh","955":"ahop","956":"iexx","957":"ravi","958":"riex","959":"mase","960":"ahoh","961":" fet","962":" hua","963":" imi","964":" aam","965":"iihi","966":"eli ","967":"poia","968":"ales","969":"seli","970":"piri","971":"vihi","972":"avih","973":"asel","974":"aine","975":"nata","976":"pete","977":"ika ","978":"aene","979":"lema","980":"aure","981":"fara","982":"roar","983":" m\u01cet","984":"mona","985":"apur","986":"rare","987":"melo","988":"huri","989":" rom","990":"epo ","991":"raha","992":" roo","993":"iapo","994":"rei ","995":"kale","996":"rauh","997":"pahi","998":"p\u00fbp\u00fb","999":"hiap","1000":"urai","1001":"urea","1002":" p\u00fbp","1003":"utup","1004":"toto","1005":" mor","1006":"aver","1007":"ti\u00e0 ","1008":"umb|","1009":"huir","1010":"onu ","1011":"ekal","1012":"tuta","1013":"lesi","1014":" eka","1015":"airi","1016":"taer","1017":"ruhi","1018":"bere","1019":"etan","1020":"ose ","1021":" hel","1022":"oahi","1023":"tiam","1024":"burg","1025":" hou","1026":"puar","1027":"honu","1028":"aahe","1029":"urar","1030":"upoo","1031":"ima ","1032":"nie ","1033":"oiet","1034":"poie","1035":"onia","1036":" mae","1037":"poa ","1038":"hea ","1039":"omai","1040":" upo","1041":"peti","1042":"pora","1043":"\u0101au ","1044":"ohon","1045":"taah","1046":" p\u01d4p","1047":"p\u01d4p\u01d4","1048":" ate","1049":"ipo ","1050":"utav","1051":"\u01d4p\u01d4 ","1052":"ina ","1053":"r\u0101au","1054":"upar","1055":"otia","1056":"eber","1057":"maer","1058":"tite","1059":"aui ","1060":" thu","1061":"rima","1062":"arup","1063":"apet","1064":" bur","1065":"puta","1066":"titi","1067":" niu","1068":"gos ","1069":"haut","1070":"anat","1071":"urgo","1072":"etii","1073":"rehi","1074":"oohi","1075":"amoe","1076":"rgos","1077":"amaa","1078":"roi ","1079":"rupa","1080":"raur","1081":" pio","1082":"rihi","1083":" mou","1084":"aina","1085":"una ","1086":"atap","1087":"itat","1088":"iam\u00e2","1089":"ope ","1090":"itia","1091":"auti","1092":"iona","1093":"atav","1094":"mahi","1095":"oryf","1096":"aair","1097":"mera","1098":"pani","1099":"fau ","1100":"abul","1101":" han","1102":"afau","1103":"hai ","1104":"ihai","1105":"rief","1106":"anih","1107":"bape","1108":"tiah","1109":" bap","1110":" pea","1111":"onah","1112":"oba ","1113":"ania","1114":"tizo","1115":"iiho","1116":"pori","1117":"iela","1118":"uita","1119":"iha ","1120":"topa","1121":"yfen","1122":"aiih","1123":"ioi ","1124":"etiz","1125":"oroi","1126":" p\u016b ","1127":"ryfe","1128":"fai ","1129":"m\u01cer\u00fb","1130":"anu\u00ef","1131":"vaii","1132":"ahur","1133":"vehi","1134":"omet","1135":"taiv","1136":"eoir","1137":"teni","1138":"rieo","1139":"ereo","1140":"omon","1141":"nu\u00efa","1142":" \u25a1 ","1143":" pai","1144":"nau ","1145":"rooh","1146":"ieoi","1147":"vaih","1148":"efen","1149":"aveh","1150":"patu","1151":" kor","1152":" oio","1153":"aue ","1154":"oioi","1155":"itea","1156":"oteo","1157":"hona","1158":"taie","1159":"riei","1160":"iefe","1161":"poor","1162":" rim","1163":" mos","1164":" rii","1165":"orir","1166":"huit","1167":"poo ","1168":"ehaa","1169":" ea ","1170":" num","1171":" mir","1172":"teo ","1173":"ota ","1174":"aote","1175":" iri","1176":"u\u00efa ","1177":"irur","1178":"aai ","1179":"mose","1180":"nota","1181":"eahi","1182":"haeh","1183":"iei ","1184":"elia","1185":"aho ","1186":"itaa","1187":"aaar","1188":"aaur","1189":"umer","1190":"miti","1191":"apoh","1192":"paih","1193":"ida ","1194":"les ","1195":"\u01cer\u00fb ","1196":" ui ","1197":" eva","1198":"orin","1199":" mit","1200":"aeta","1201":"faro","1202":"pupu","1203":" gen","1204":"uata","1205":"roah","1206":" aut","1207":" rev","1208":"mauh","1209":" ahi","1210":"iten","1211":"ote ","1212":"naor","1213":"loni","1214":"ala ","1215":"etit","1216":"reti","1217":"orit","1218":"nume","1219":" top","1220":" pup","1221":"iivi","1222":" ios","1223":" pou","1224":"miri","1225":"ivii","1226":"eoo ","1227":"otar","1228":"arev","1229":"viiv","1230":"mala","1231":"reoo","1232":" ton","1233":"ioba","1234":"apaa","1235":" oru","1236":" iob","1237":"rine","1238":"ihea","1239":"luka","1240":"uana","1241":" luk","1242":"onie","1243":"aran","1244":"ena ","1245":" pot","1246":"tapo","1247":"aifa","1248":"orer","1249":"usan","1250":"inet","1251":"ausa","1252":"alem","1253":" ape","1254":"tuah","1255":"airu","1256":"toar","1257":" ama","1258":" maf","1259":"sale","1260":"usal","1261":"olom","1262":" la ","1263":"taho","1264":" toe","1265":"elen","1266":"aino","1267":"pion","1268":"puaa","1269":"rusa","1270":"aror","1271":"mamo","1272":"erus","1273":"mure","1274":"mene","1275":"aroa","1276":" nat","1277":"aham","1278":"poli","1279":"nima","1280":" pii","1281":"mora","1282":"apat","1283":" dan","1284":"ieti","1285":"ophe","1286":"ieru","1287":"ufau","1288":"ipor","1289":"anim","1290":"vaha","1291":"taar","1292":"uter","1293":" dav","1294":"riar","1295":"taus","1296":"ropa","1297":"aav\u00ee","1298":"teih","1299":"piih","1300":"pare","1301":"sani","1302":"usia","1303":"nohi","1304":"aaat","1305":"kori","1306":"puru","1307":"erem","1308":"iari","1309":"davi","1310":"ephe","1311":"pero","1312":"itir","1313":"enem","1314":"epha","1315":"\u00e2raa","1316":" mn ","1317":"\u00fbp\u00fb ","1318":"avid","1319":"mafa","1320":"pou ","1321":" uan","1322":"urop","1323":" vii","1324":" po ","1325":"anie","1326":"eti ","1327":"upo ","1328":" san","1329":"am\u00e2r","1330":" sol","1331":"roph","1332":"utu ","1333":"euro","1334":"nava","1335":" pir","1336":"neia","1337":"heta","1338":" ira","1339":"lupo","1340":" fa ","1341":"ion ","1342":"kalu","1343":"vana","1344":"alup","1345":"okal","1346":"m\u00e2ra","1347":"phet","1348":"pua ","1349":"abol","1350":"poka","1351":"leni","1352":"apok","1353":"aero","1354":"rome","1355":"uta ","1356":"emi ","1357":"eman","1358":" m\u01cer","1359":"auah","1360":"enes","1361":"auir","1362":"teri","1363":"gene","1364":"maar","1365":"vida","1366":"vii ","1367":"nomi","1368":" teo","1369":"onor","1370":"irav","1371":"aput","1372":"ese ","1373":"pera","1374":"vair","1375":"rani","1376":"eria","1377":" moe","1378":"hiri","1379":"firi","1380":"irio","1381":"tiaa","1382":"afai","1383":"inu ","1384":"nese","1385":" ene","1386":"au\u00ea ","1387":"evan","1388":"erop","1389":" opa","1390":"olit","1391":"hotu","1392":"nemi","1393":"eihe","1394":"orot","1395":" ano","1396":"aren","1397":" tim","1398":"doma","1399":"ryta","1400":"|rig","1401":"anu ","1402":"nara","1403":" rep","1404":"iair","1405":"\u00eeraa","1406":"vane","1407":"ohi ","1408":"liti","1409":" tom","1410":"neli","1411":"teot","1412":"rion","1413":"phil","1414":"rero","1415":"taet","1416":"oira","1417":"riep","1418":" new","1419":"uaa ","1420":"auro","1421":"irit","1422":"etae","1423":"reni","1424":"maim","1425":"t\u00e2ua","1426":" afi","1427":"aare","1428":" phi","1429":"onar","1430":"paie","1431":" noh","1432":"anel","1433":"utap","1434":"\u00earaa","1435":"eiae","1436":"iae ","1437":" nen","1438":"mia ","1439":"ap\u00fb ","1440":"upuh","1441":" t\u00e2u","1442":" eur","1443":" au\u00ea","1444":"muar","1445":" abe","1446":" pan","1447":" ria","1448":"omua","1449":"ahoa","1450":"niel","1451":"oryo","1452":"solo","1453":" omu","1454":"anir","1455":"arai","1456":"paau","1457":"iero","1458":" \u00ee ","1459":" hun","1460":"itio","1461":"lomo","1462":"aauh","1463":"atit","1464":"eron","1465":"rota","1466":"arad","1467":"afir","1468":"ebed","1469":"ryoi","1470":" at\u00e2","1471":"tusi","1472":" inu","1473":"nuu ","1474":"edom","1475":"t\u01cep\u01d4","1476":" iak","1477":"aimi","1478":"ahaa","1479":"ula ","1480":"eute","1481":"amou","1482":"opan","1483":"niu ","1484":" t\u01cep","1485":"noho","1486":"\u00e2poo","1487":"yoir","1488":" pu ","1489":" of ","1490":"bedo","1491":"repu","1492":" \u00e2po","1493":"ulon","1494":"ipar","1495":"huti","1496":"ueue","1497":"nare","1498":"babu","1499":"nauh","1500":" nuu","1501":"tono","1502":" tus","1503":" bab","1504":"lle ","1505":"aape","1506":"tini","1507":"ehau","1508":"haaa","1509":"imen","1510":" tea","1511":"dani","1512":" hut","1513":"omi ","1514":"one ","1515":"atio","1516":"feaa","1517":" mut","1518":"tana","1519":"emia","1520":"urih","1521":"pau ","1522":"aber","1523":"rika","1524":"apee","1525":"bulo","1526":"utah","1527":"seph","1528":" dia","1529":"osep","1530":" r\u0101a","1531":"apir","1532":"acea","1533":"oana","1534":"iako","1535":"itor","1536":" ti\u00e0","1537":"ceae","1538":"epoh","1539":"tare","1540":"am\u00e2 ","1541":"nene","1542":"hoar","1543":"moan","1544":"huna","1545":"mira","1546":"akob","1547":" kat","1548":"ent ","1549":"pha ","1550":" nav","1551":"tora","1552":"\u0113tii","1553":"imal","1554":" oto","1555":"hier","1556":"riir","1557":" fea","1558":"new ","1559":" him","1560":"f\u0113ti","1561":" sam","1562":"tete","1563":"tap\u00fb","1564":" f\u0113t","1565":"inai","1566":" eli","1567":"\u00fbraa","1568":"ant ","1569":"iabo","1570":" eze","1571":"que ","1572":"utuu","1573":"nera","1574":" hie","1575":"iaau","1576":"aner","1577":" too","1578":"aaih","1579":"rada","1580":" oti","1581":"rono","1582":"aiso","1583":"eihi","1584":"bolo","1585":"mate","1586":"oua ","1587":"afif","1588":"sant","1589":"hime","1590":" tui","1591":"poto","1592":"diab","1593":"uper","1594":"orur","1595":"eau ","1596":"mati","1597":"mela","1598":"bela","1599":"eror","1600":"fici","1601":"elet","1602":"irik","1603":"hane","1604":"iso ","1605":"adam","1606":"viti","1607":" hep","1608":"ipah","1609":" ap\u00e3","1610":"aoto","1611":"ohor","1612":"aafi","1613":"afa ","1614":"ap\u00e3\u00ae","1615":"ezek","1616":"apoo","1617":"p\u00e3\u00ae ","1618":"aho\u00ea","1619":"imir","1620":"iner","1621":"ator","1622":" uiu","1623":" aru","1624":"timo","1625":"aahu","1626":" fra","1627":" eta","1628":"ton ","1629":"damu","1630":"fran","1631":"apon","1632":"zeki","1633":"p\u0101ra","1634":"tao ","1635":" hue","1636":"mama","1637":"pari","1638":"ique","1639":"paur","1640":"eata","1641":"enih","1642":"nere","1643":"rus ","1644":"onom","1645":"otau","1646":" p\u0101r","1647":"erah","1648":"iroh","1649":" hot","1650":" the","1651":"ohep","1652":"\u00f2hi ","1653":"iaif","1654":"iani","1655":"ooti","1656":" tir","1657":"toli","1658":"ahep","1659":" faf","1660":"taip","1661":"tomo","1662":"ifar","1663":"leta","1664":"adai","1665":" ada","1666":"hili","1667":"imah","1668":"t\u00e2ta","1669":"\u0101rah","1670":"ryti","1671":"nai ","1672":"iose","1673":"nati","1674":"teat","1675":"dais","1676":"auha","1677":" aiv","1678":"yti\u00e0","1679":"mote","1680":"fafa","1681":"eten","1682":" ine","1683":"kohe","1684":"avah","1685":"iere","1686":" nou","1687":"anot","1688":"\u0101\u00f2hi","1689":" m\u0101\u00f2","1690":"ute ","1691":" amo","1692":"nahi","1693":" mal","1694":" koh","1695":"repo","1696":" not","1697":"m\u0101\u00f2h","1698":"iino","1699":"kato","1700":"imot","1701":" deu","1702":" ata","1703":"iko ","1704":" iin","1705":"\u01cep\u01d4 ","1706":"ihir","1707":"aris","1708":"ohel","1709":" eph","1710":"pour","1711":"aher","1712":"eote","1713":"av\u00ee ","1714":"elah","1715":"huer","1716":"deut","1717":"ivan","1718":"onoh","1719":"paoh","1720":"lika","1721":"lahi","1722":"faa\u00f4","1723":"peah","1724":"anor","1725":"moua","1726":"popo","1727":"oino","1728":"noin","1729":"inoi","1730":"phes","1731":"at\u00e2t","1732":"atol","1733":"ihaa","1734":"remi","1735":"hesi","1736":"eher","1737":"paea","1738":"\u00e5nia","1739":" nai","1740":"\u00f4raa","1741":" auh","1742":" ru ","1743":"the ","1744":"tari","1745":"r\u00e5ni","1746":"ir\u0101a","1747":"ahae","1748":" nah","1749":"tapu","1750":"olik","1751":"uhi ","1752":"aeau","1753":"tohi","1754":"nain","1755":"\u00e2ta ","1756":"hir\u0101","1757":"obo ","1758":"kobo","1759":"tutu","1760":" sem","1761":"ar\u00e5n","1762":" bet","1763":" px|","1764":" ete","1765":"ment","1766":"auri","1767":"tar\u00e5","1768":"iep\u014d","1769":"ytat","1770":"oura","1771":"osa ","1772":"anar","1773":"ilip","1774":"des ","1775":"mou ","1776":"epa ","1777":"toea","1778":"auva","1779":"oryp","1780":"mete","1781":"hita","1782":"bete","1783":"oera","1784":" hai","1785":"ep\u014dr","1786":"oea ","1787":"eve ","1788":"taih","1789":"kiel","1790":"rate","1791":"ouri","1792":"iohi","1793":"arus","1794":" ofa","1795":" bel","1796":"ekie","1797":"laru","1798":"elar","1799":" ihi","1800":"atin","1801":"uro ","1802":"uroa","1803":"mare","1804":" yor","1805":"rure","1806":"auta","1807":" car","1808":"haru","1809":"pati","1810":"omo ","1811":"uero","1812":"pair","1813":" con","1814":" tab","1815":"and ","1816":" nau","1817":"uapa","1818":"toir","1819":"ieta","1820":"muta","1821":"naoh","1822":"ter ","1823":"oram","1824":" des","1825":"tabu","1826":"atei","1827":"eres","1828":"auap","1829":"taia","1830":" tue","1831":" tuf","1832":"mura","1833":"roro","1834":" ai\u00fb","1835":"bula","1836":"tam\u00e2","1837":"uhir","1838":"ai\u00fb ","1839":"ahem","1840":"ille","1841":"urum","1842":" aip","1843":"ris ","1844":"rumu","1845":"\u0101ne ","1846":"veve","1847":"tela","1848":"emoe","1849":"taue","1850":"urua","1851":"teim","1852":"ate ","1853":"ryih","1854":"eue ","1855":"ooa ","1856":"poti","1857":"apua","1858":"itu ","1859":"york","1860":"itoh","1861":"aaut","1862":"aiph","1863":"phit","1864":"hiru","1865":"phe ","1866":"iphi","1867":" dem","1868":"oryi","1869":"yihi","1870":"eima","1871":" toa","1872":"rati","1873":" vev","1874":"aka ","1875":"m\u00e2r\u00f4","1876":"t\u0101ne","1877":"hema","1878":"eper","1879":"yp\u014dr","1880":"avaa","1881":" exo","1882":" roh","1883":"aueu","1884":" vav","1885":"auho","1886":"auih","1887":"aute","1888":"ryp\u014d","1889":" rus","1890":"maro","1891":" gal","1892":"poot","1893":"rupe","1894":"uatu","1895":"poly","1896":"ivi ","1897":"poar","1898":" ono","1899":"pita","1900":"uihi","1901":"t\u00eet\u00ee","1902":"tiri","1903":"aeah","1904":"p\u00fbra","1905":"tiko","1906":"icie","1907":"opo ","1908":"rahu","1909":"rana","1910":" pop","1911":"ipi ","1912":"rehe","1913":"ahar","1914":"alia","1915":"olyn","1916":"tepa","1917":" et ","1918":"uruh","1919":"ruer","1920":" nep","1921":"ork ","1922":" mil","1923":"natu","1924":"etel","1925":" sit","1926":"nave","1927":" tiu","1928":"nou ","1929":" aho","1930":"aaap","1931":"izoh","1932":" mer","1933":"zohi","1934":"ier ","1935":"maru","1936":"tema","1937":"toer","1938":"seme","1939":"land","1940":"sie ","1941":"faeh","1942":"mono","1943":"uuhi","1944":"tuuh","1945":"tufa","1946":" t\u0101h","1947":"lipi","1948":"hihi","1949":"moem","1950":"neph","1951":"oemo","1952":" bar","1953":" fae","1954":"aret","1955":"erep","1956":"wer ","1957":"viri","1958":"hitu","1959":"uati","1960":" aue","1961":"izor","1962":"t\u00e2p\u00fb","1963":" auf","1964":"aior","1965":"aipe","1966":"urer","1967":"ada ","1968":"iati","1969":"tona","1970":"erau","1971":"raar","1972":"res ","1973":"paat","1974":"amue","1975":"iata","1976":"aiat","1977":"zora","1978":" puh","1979":"muel","1980":" lev","1981":" t\u00e2p","1982":"hoah","1983":"tuut","1984":"eaa ","1985":"alse","1986":"samu","1987":"elle","1988":" nae","1989":"\u0101h\u014d\u00ea","1990":"iuhi","1991":"niuh","1992":"emon","1993":"\u014d\u00eara","1994":"ifai","1995":" nin","1996":"nian","1997":"meio","1998":" \u00e0 ","1999":"emei","2000":"site","2001":" wat","2002":" aif","2003":"h\u014d\u00ear","2004":"itap","2005":" ave","2006":"anan","2007":"toe ","2008":"orao","2009":" vil","2010":"mb|r","2011":" aup","2012":" ruh","2013":"ran\u00e7","2014":"eina","2015":"opou","2016":"eio ","2017":"iria","2018":"ower","2019":"t\u0101h\u014d","2020":"anio","2021":"uela","2022":"repi","2023":"demo","2024":"iror","2025":"no\u00e2 ","2026":"iruh","2027":" no\u00e2","2028":"etep","2029":"uutu","2030":" als","2031":"anav","2032":" epi","2033":"naea","2034":"resi","2035":"peni","2036":"vauv","2037":"unou","2038":"nior","2039":"tooa","2040":"riih","2041":"elem","2042":"oihi","2043":" tet","2044":" les","2045":"towe","2046":"ipe ","2047":" cas","2048":"oho ","2049":"lser","2050":" r\u0113n","2051":"rema","2052":"levi","2053":" roi","2054":" en ","2055":"rio ","2056":"r\u0113ni","2057":"raor","2058":"aam\u01ce","2059":"ahoi","2060":" sar","2061":"\u0113ni ","2062":"aupu","2063":"imat","2064":"lion","2065":"uvau","2066":" med","2067":" peh","2068":"n\u00e9si","2069":"utir","2070":"oper","2071":"hoor","2072":"aaan","2073":"am\u01cet","2074":"ouno","2075":"noun","2076":"ole ","2077":"b|ri","2078":"aear","2079":"orua","2080":"yn\u00e9s","2081":"ffic","2082":"otor","2083":"\u00e9sie","2084":"lyn\u00e9","2085":" kil","2086":"atch","2087":" ota","2088":" ope","2089":" du ","2090":"iura","2091":"aam\u00e2","2092":"odo ","2093":"iuir","2094":"son ","2095":"nana","2096":"huaa","2097":"xodo","2098":"otai","2099":"romo","2100":"apoi","2101":"nter","2102":" pue","2103":"epik","2104":"nne ","2105":"offi","2106":" off","2107":"etat","2108":" ror","2109":"irih","2110":" kol","2111":"vava","2112":"ise ","2113":"watc","2114":"tota","2115":" sab","2116":"uaai","2117":"nga ","2118":"iare","2119":"exod","2120":"aiha","2121":"mas ","2122":"auna","2123":"bara","2124":"\u00fbhia","2125":"apot","2126":"paer","2127":"mour","2128":" uai","2129":" a\u00e8 ","2130":"vaav","2131":"erit","2132":"otah","2133":" ei\u00e2","2134":"nes ","2135":"rita","2136":"uehi","2137":"aoao","2138":"utaa","2139":"ariu","2140":"ila ","2141":"atoe","2142":"uare","2143":" rop","2144":" pia","2145":"haha","2146":"taro","2147":"saba","2148":"haih","2149":"uman","2150":"tiro","2151":"o\u00eara","2152":"taei","2153":"anur","2154":"an\u00e7a","2155":"sara","2156":" moo","2157":"lati","2158":" m\u00e2 ","2159":"aein","2160":" t\u0101n","2161":"vila","2162":"ho\u00ear","2163":"uiha","2164":"p\u00fbhi","2165":"apih","2166":"kilo","2167":"uain","2168":"maam","2169":"arti","2170":"kolo","2171":"peri","2172":"tes ","2173":"ette","2174":"n\u00e7ai","2175":"pata","2176":"meha","2177":"omin","2178":"v\u00eera","2179":"hiro","2180":" est","2181":"hini","2182":"ihin","2183":" set","2184":"anda","2185":"tuea","2186":" nor","2187":" t\u00eet","2188":" ell","2189":" ant","2190":"tie ","2191":"am\u01cer","2192":"|thu","2193":"ebel","2194":"arao","2195":"hohi","2196":"roaa","2197":" can","2198":"pono","2199":"aona","2200":"hiaa","2201":"\u00e7ais","2202":" upu","2203":"mili","2204":"tam\u01ce","2205":"eota","2206":"tuir","2207":"peet","2208":"iaai","2209":"av\u00eer","2210":"aaam","2211":"aena","2212":"eete","2213":"rair","2214":"apuh","2215":"init","2216":"atih","2217":" and","2218":"enne","2219":"etoe","2220":"mes ","2221":"moro","2222":"ard ","2223":"soci","2224":"ahut","2225":"ikop","2226":"\u00e8re ","2227":"px|r","2228":"faaf","2229":"anga","2230":"amon","2231":"olos","2232":"\u00e8n\u0101t","2233":"riu ","2234":"kopo","2235":"hani","2236":"\u0101ta ","2237":"n\u0101ta","2238":"bati","2239":" rea","2240":" aai","2241":"une ","2242":"taha","2243":"huta","2244":"fati","2245":"losa","2246":" \u00e8n\u0101","2247":"x|ri","2248":"km\u00b2 ","2249":"ruah","2250":"ons ","2251":"aki ","2252":"haum","2253":"atet","2254":"izo ","2255":"arab","2256":"aba ","2257":"nte ","2258":"piko","2259":"pue ","2260":"\u00f4hia","2261":"\u00eet\u00ee ","2262":" le ","2263":"poih","2264":"ahot","2265":"hapo","2266":"ert ","2267":"reha","2268":"oaho","2269":" pha","2270":"irii","2271":" pr\u00e9","2272":"amur","2273":"avei","2274":"unu ","2275":"ar\u012bi","2276":"\u014dran","2277":"evar","2278":"neih","2279":"aaaf","2280":"onao","2281":"sete","2282":"itif","2283":"p\u014dra","2284":"pone","2285":"iosu","2286":"par\u012b","2287":"ella","2288":"puer","2289":" col","2290":" naz","2291":"pr\u00e9s","2292":"lla ","2293":"r\u012bih","2294":"aa\u00f4 ","2295":"roim","2296":"osua","2297":"apop","2298":"inoh","2299":"otii","2300":"ropu","2301":"veia","2302":"nio ","2303":"mii ","2304":"lome","2305":" kan","2306":"tali","2307":"ufa ","2308":"tahe","2309":" \u00f4ra","2310":"ilom","2311":"aise","2312":"sua ","2313":"iiri","2314":"phar","2315":" nom","2316":"inte","2317":"tiqu","2318":"\u012bihi","2319":" m\u00e2r","2320":" ver","2321":"moor","2322":"nair","2323":"oima","2324":"hiva","2325":"pira","2326":"am\u00e2h","2327":"pia ","2328":"rao ","2329":"uhoa","2330":" soc","2331":"phan","2332":"peru","2333":" ita","2334":"uea ","2335":"naon","2336":"epur","2337":" km\u00b2","2338":"iel ","2339":"uiro","2340":"upe ","2341":"utoi","2342":"ohir","2343":"ahoo","2344":"isa ","2345":"tin ","2346":"aano","2347":" mus","2348":"p\u00eera","2349":"aaoa","2350":" mei","2351":" m\u0101t","2352":"iana","2353":"aire","2354":" tes","2355":"anto","2356":"iroo","2357":"bert","2358":" gil","2359":"andr","2360":"pehe","2361":"toet","2362":"upa ","2363":"port","2364":" ivi","2365":"item","2366":"aoar","2367":"muto","2368":"oeto","2369":"ien ","2370":"ribu","2371":"imar","2372":"hae ","2373":" rua","2374":"ei\u00e2 ","2375":" lin","2376":" tou","2377":"rito","2378":" sau","2379":"faa\u00ee","2380":"aumi","2381":"luvi","2382":"nui ","2383":"emen","2384":"epe ","2385":"supe","2386":" tra","2387":" \u011b\u00ea ","2388":" p\u0101t","2389":" sup","2390":"ilea","2391":"sal ","2392":"ell ","2393":"ale ","2394":" \u00e3\u00b4 ","2395":"nce ","2396":"epit","2397":" ale","2398":"lisa","2399":"orah","2400":"teko","2401":"ser ","2402":"nura","2403":"gala","2404":"orea","2405":"atuh","2406":"est ","2407":"naun","2408":"perf","2409":"illi","2410":"cana","2411":"oheh","2412":"piho","2413":"russ","2414":"apah","2415":"hioh","2416":"afaa","2417":"ruta","2418":"cie ","2419":"rieb","2420":" hol","2421":" pal","2422":"ence","2423":"tomi","2424":"ofai","2425":"it\u00e2 ","2426":"araf","2427":"nini","2428":"rona","2429":"apue","2430":"niun","2431":"b|px","2432":"atik","2433":"uma ","2434":"iuni","2435":"\u00e2r\u00f4 ","2436":"dia ","2437":"abat","2438":" jos","2439":"ume ","2440":"\u016btia","2441":"\u00fbp\u00fbr","2442":"oron","2443":"miim","2444":" eme","2445":"ler ","2446":"ofat","2447":"igne","2448":"urep","2449":"haah","2450":"eera","2451":"pite","2452":"emep","2453":"tito","2454":" afe","2455":"epor","2456":"unau","2457":"niho","2458":"otea","2459":"ilio","2460":"\u00fbp\u00fbh","2461":"ro\u00e2 ","2462":"dana","2463":"ap\u00eer","2464":" dil","2465":"ian ","2466":" ior","2467":"ihoo","2468":"taeh","2469":"kana","2470":"enia","2471":"iimi","2472":"iao ","2473":"mb|p","2474":"tuhi","2475":" van","2476":"ait\u00e2","2477":" rup","2478":" rur","2479":"ory ","2480":"pepe","2481":" hah","2482":" uru","2483":"iava","2484":"mepe","2485":"cent","2486":"imii","2487":"sea ","2488":"evit","2489":" int","2490":"radi","2491":"kia ","2492":"isaa","2493":"irib","2494":"uniu","2495":"ital","2496":"arep","2497":"r\u016bti","2498":"haro","2499":"ente","2500":"erfi","2501":"ord ","2502":"mino","2503":" mii","2504":"tien","2505":"peer","2506":"rfic","2507":" min","2508":"ther","2509":"iebe","2510":"auma","2511":" ueu","2512":"ctio","2513":" ehi","2514":"eaar","2515":"avir","2516":"aven","2517":"mahu","2518":"hota","2519":"opit","2520":"horu","2521":"roor","2522":"iden","2523":"ohn ","2524":"a\u00f4hi","2525":"vari","2526":"\u00e2p\u00fb ","2527":"emar","2528":" aia","2529":"mont","2530":"tuit","2531":"mihi","2532":" rut","2533":"neir","2534":"alon","2535":"nda ","2536":" chi","2537":"tch ","2538":"esta","2539":"phi ","2540":" nov","2541":"nett","2542":" rou","2543":" cor","2544":"itie","2545":"\u00e2hia","2546":"\u0101ria","2547":"iluv","2548":"oreh","2549":" hiv","2550":"\u0101tia","2551":"sama","2552":" n\u01cen","2553":"itik","2554":"anum","2555":"dilu","2556":"m\u00e2ha","2557":"oore","2558":"ston","2559":"sch ","2560":"pane","2561":"ahih","2562":"saul","2563":"fira","2564":" m\u0101o","2565":" meh","2566":"pio ","2567":"aupa","2568":"vill","2569":"inii","2570":" aim","2571":"|px ","2572":"am\u00e2u","2573":"bia ","2574":"nure","2575":"nove","2576":"azar","2577":"arae","2578":"aaah","2579":"john","2580":"eru ","2581":"ehar","2582":"hehi","2583":"epu ","2584":" pro","2585":" dar","2586":"rabo","2587":"p\u0101ti","2588":"teut","2589":"n\u01cen\u01ce","2590":" ido","2591":"rie ","2592":"tiur","2593":"lin ","2594":"\u01cen\u01ce ","2595":"raih","2596":"rafa","2597":"urev","2598":"urah","2599":"mer ","2600":"teta","2601":"hava","2602":"ehu ","2603":"puna","2604":"uvi ","2605":" joh","2606":"line","2607":"char","2608":"ehem","2609":"aa\u00f4h","2610":"hemi","2611":" ii ","2612":"iher","2613":" pep","2614":" iva","2615":"vena","2616":"ande","2617":"orid","2618":"tai\u00e2","2619":"rale","2620":" t\u0101p","2621":"aane","2622":"side","2623":"cons","2624":" upa","2625":"alei","2626":"vign","2627":"piah","2628":"mart","2629":"olia","2630":" com","2631":"rusi","2632":"enav","2633":"muim","2634":"ai\u00e2 ","2635":"tiav","2636":"kari","2637":"raea","2638":"uete","2639":"ario","2640":"ans ","2641":"\u00f2ia ","2642":"arei","2643":"ner ","2644":"cial","2645":"ahav","2646":"isea","2647":"onte","2648":"\u00e8nat","2649":"aaka","2650":" wil","2651":"tuar","2652":"saak","2653":"ophi","2654":"usse","2655":" ute","2656":"irot","2657":"\u00e2ha ","2658":"enan","2659":" nis","2660":"ibun","2661":"uhip","2662":" mak","2663":"tiao","2664":" t\u0101v","2665":"ngo ","2666":"ehae","2667":"tena","2668":"mat ","2669":"polo","2670":"tear","2671":"laki","2672":" jam","2673":"avat","2674":"erli","2675":"aavi","2676":"uel ","2677":"idol","2678":"imui","2679":" kai","2680":"tivi","2681":"aro\u00e2","2682":"hari","2683":"uehu","2684":"iunu","2685":"uteu","2686":"chto","2687":" \u00f2ia","2688":"ifir","2689":"ienn","2690":"alak","2691":" \u00e8na","2692":"akar","2693":"ipuh","2694":" vig","2695":" \u00e3\u00ae ","2696":"umi ","2697":"irir","2698":"uror","2699":"tiun","2700":"ahe ","2701":"tre ","2702":"aaet","2703":"erup","2704":"dolo","2705":"nde ","2706":" tel","2707":" j ","2708":" ihe","2709":"uimu","2710":" tem","2711":"tome","2712":"huah","2713":"aper","2714":" ori","2715":"bole","2716":"hipu","2717":"colo","2718":"itom","2719":"ick ","2720":"siat","2721":"htow","2722":"haba","2723":"gnet","2724":"pohi","2725":"alat","2726":" \u00b0 ","2727":"iepa","2728":"oela","2729":"tcht","2730":" bra","2731":"anta","2732":"iaor","2733":"upun","2734":"pap\u00fb","2735":"kara","2736":"eha ","2737":"ing ","2738":"heru","2739":"oroh","2740":"tte ","2741":"ou\u00e0 ","2742":"ytah","2743":"aioh","2744":"euer","2745":" fle","2746":"vate","2747":"raoa","2748":"razi","2749":"paa ","2750":"onal","2751":"idan","2752":"avan","2753":"taor","2754":"icia","2755":"esal","2756":"omen","2757":"aron","2758":"icha","2759":"upau","2760":"tui ","2761":"numa","2762":"uere","2763":"eno ","2764":" ser","2765":"irai","2766":"bibl","2767":" ins","2768":"aneh","2769":"her ","2770":"olog","2771":" ioe","2772":"eani","2773":"salo","2774":"rier","2775":"tina","2776":" ren","2777":"tesa","2778":"eko ","2779":"ques","2780":"rui ","2781":" euh","2782":"elis","2783":"uau ","2784":"hopu","2785":"uite","2786":"ciel","2787":" ret","2788":"mika","2789":"aa\u00ee ","2790":"feii","2791":"hura","2792":"ruma","2793":"nazi","2794":"ruau","2795":" nui","2796":"inor","2797":"tean","2798":"leur","2799":"t|th","2800":" sur","2801":"roti","2802":"rist","2803":"mou\u00e0","2804":" cha","2805":" re ","2806":"buna","2807":"p\u00e2mu","2808":" tii","2809":"huar","2810":"tern","2811":" zek","2812":"iori","2813":"hueh","2814":"ht|t","2815":" sin","2816":"rida","2817":"fauh","2818":"arek","2819":"erna","2820":"ekar","2821":" coc","2822":"lane","2823":"maih","2824":"tati","2825":"isto","2826":"paup","2827":"nisa","2828":"ius ","2829":"rete","2830":"hoir","2831":"uria","2832":" ind","2833":"abi ","2834":"agne","2835":"eral","2836":"ght ","2837":"sion","2838":"fair","2839":" nih","2840":"lles","2841":"orge","2842":"tatu","2843":"pota","2844":"rich","2845":"iaa ","2846":"oren","2847":"areh","2848":" cit","2849":"r\u00e9si","2850":"\u0101tit","2851":" p\u00e2m","2852":"r\u00f4ra","2853":"rlin","2854":"urut","2855":"aral","2856":"omor","2857":"onne","2858":"anai","2859":"oopi","2860":"orof","2861":"im\u00e2r","2862":"t\u0101vi","2863":" aar","2864":" ma\u00ec","2865":"zil ","2866":"erne","2867":"deba","2868":"ald ","2869":"our ","2870":"ioel","2871":"ingt","2872":"ies ","2873":"uahu","2874":"tuur","2875":"moe\u00e2","2876":"ions","2877":"ipom","2878":"ames","2879":"anad","2880":"opar","2881":"iety","2882":"anet","2883":"uaru","2884":" lis","2885":" dal","2886":"opho","2887":"if\u0101 ","2888":"ill ","2889":"ihot","2890":"ble ","2891":" bou","2892":"aruh","2893":"\u00e9sid","2894":"upir","2895":" art","2896":"sito","2897":"ehue","2898":"aim\u00e2","2899":"mero","2900":" pla","2901":"etar","2902":"arle","2903":"\u0101tea","2904":"rabi","2905":"oaro","2906":" bro","2907":"mede","2908":"hiar","2909":"rote","2910":" oph","2911":"braz","2912":"px|t","2913":"azil","2914":" ote","2915":"arum","2916":" sim","2917":" tip","2918":" sid","2919":"hing","2920":" pak","2921":"ocie","2922":"tif\u0101","2923":"ciet","2924":"vema","2925":"reih","2926":"eipo","2927":"leip","2928":"emo ","2929":" ian","2930":"sme ","2931":"gen ","2932":"atie","2933":"gton","2934":"meno","2935":"rour","2936":"aton","2937":"ford","2938":"atri","2939":"ront","2940":"fleu","2941":"ephi","2942":" wal","2943":"etek","2944":"ngto","2945":"kose","2946":"etin","2947":"auaa","2948":"asa ","2949":"ntin","2950":" puo","2951":"left","2952":"tamo","2953":"rick","2954":" tow","2955":"ried","2956":" p\u00e2p","2957":" seb","2958":"ekos","2959":"ruar","2960":"eehi","2961":"jame","2962":"nal ","2963":"ezer","2964":"maia","2965":"sili","2966":"uura","2967":"patr","2968":"ial ","2969":"auto","2970":"tric","2971":"enta","2972":"isme","2973":"iate","2974":"tanu","2975":"iato","2976":"ues ","2977":" alb","2978":"ible","2979":"anoi","2980":" mik","2981":"ctor","2982":"ieie","2983":"ovem","2984":"wash","2985":"|lef","2986":"oles","2987":"tupa","2988":"ide ","2989":"ety ","2990":"ome ","2991":"ice ","2992":" sta","2993":"ica ","2994":"eona","2995":"vave","2996":"mar ","2997":" hea","2998":" one","2999":"pupi","3000":"\u00e2r\u00f4r","3001":" c ","3002":" cal","3003":"utoo","3004":"edeb","3005":"pome","3006":"faa\u00e3","3007":"aula","3008":"cole","3009":"peeh","3010":" vit","3011":"comm","3012":"ade ","3013":"vani","3014":"enio","3015":"nesi","3016":"use ","3017":"uhe ","3018":"tory","3019":"nada","3020":"uthe","3021":"eba ","3022":"ebar","3023":"hui ","3024":" hir","3025":"avii","3026":"mage","3027":"bour","3028":"ameh","3029":"ma\u00ect","3030":"nede","3031":" gar","3032":"amen","3033":"lvan","3034":"uamu","3035":" hez","3036":"make","3037":" hon","3038":"musa","3039":"lomb","3040":"muam","3041":"itle","3042":"ipit","3043":"onga","3044":"uho\u00ea","3045":"uhap","3046":"mini","3047":"ugo ","3048":"vre ","3049":"a\u00ecti","3050":"ohr ","3051":"olin","3052":"isso","3053":"anti","3054":"m\u00e2hi","3055":" lat","3056":"isan","3057":"oman","3058":"anne","3059":"omer","3060":"ange","3061":"anii","3062":"iste","3063":"nii ","3064":"iton","3065":" kar","3066":"atom","3067":"llan","3068":"atho","3069":"bie ","3070":"lber","3071":"lang","3072":"carl","3073":"ashi","3074":"cast","3075":" ini","3076":"uis ","3077":"nton","3078":"koba","3079":" gra","3080":"uouo","3081":"arin","3082":"ober","3083":" jan","3084":"uay ","3085":"unar","3086":"arak","3087":"viir","3088":"nuku","3089":"arra","3090":"atop","3091":"geri","3092":"tima","3093":"eura","3094":"tant","3095":" web","3096":"tu\u00f4 ","3097":" was","3098":"p\u01cep\u01ce","3099":" rae","3100":"\u00e2pa ","3101":"otit","3102":"otih","3103":" pho","3104":"ifih","3105":"ahah","3106":"\u0101vin","3107":"race","3108":"otat","3109":"esil","3110":"raka","3111":"gile","3112":" bon","3113":" anu","3114":" vin","3115":"ouhi","3116":" que","3117":"esz ","3118":" \u25aa ","3119":"entr","3120":"raeh","3121":"ses ","3122":"\u00e2mur","3123":" \u00f2hi","3124":"eur ","3125":" cse","3126":"ouo ","3127":" tu\u00f4","3128":" ona","3129":" mic","3130":"emme","3131":"tler","3132":"feli","3133":"tute","3134":"ovah","3135":"puka","3136":"puha","3137":" mom","3138":"epar","3139":"aiao","3140":"shin","3141":"rtin","3142":"sen ","3143":" ric","3144":"pute","3145":"p\u00e2pa","3146":" tm ","3147":"\u012bri ","3148":"epup","3149":"eere","3150":"zugo","3151":"aipi","3152":" zug","3153":"\u00e2uar","3154":"tuet","3155":"hitl","3156":"eth ","3157":" tt ","3158":"fihi","3159":"euhe","3160":"rali","3161":"aihe","3162":"rene","3163":"ster","3164":" \u0441\u0440\u0431","3165":" t ","3166":"t\u012bri","3167":"ters","3168":"ers ","3169":" bat","3170":"rena","3171":" ura","3172":"dent","3173":"eri ","3174":"terr","3175":"san ","3176":" act","3177":"sana","3178":"tori","3179":"reer","3180":" aan","3181":"pier","3182":"aehi","3183":"uaan","3184":"reko","3185":"orai","3186":" di ","3187":" pri","3188":"iace","3189":"\u00f2hip","3190":"guay","3191":"stan","3192":"toti","3193":"sylv","3194":" ame","3195":"\u012bt\u012b ","3196":" pre","3197":" \u0101ti","3198":"ress","3199":" p\u01cep","3200":"toop","3201":" uni","3202":"evi ","3203":"haua","3204":"ihu ","3205":"\u0440\u0431\u0438\u0458","3206":" ban","3207":"teti","3208":"\u0441\u0440\u0431\u0438","3209":"hair","3210":"zeka","3211":"eree","3212":" vat","3213":"\u0101ohi","3214":"eden","3215":"eder","3216":"iuih","3217":"l|ri","3218":"eave","3219":"femm","3220":"\u00e2ata","3221":"ael ","3222":"iude","3223":" val","3224":"hooh","3225":"toni","3226":"it\u0101r","3227":"faur","3228":"tonu","3229":"too ","3230":" vie","3231":"apau","3232":"plan","3233":"umar","3234":"act ","3235":"net ","3236":" viv","3237":"hue ","3238":"r\u0101ri","3239":"r\u00fbra","3240":"hune","3241":" nuk","3242":"aueh","3243":"pore","3244":"fano","3245":"it\u00e9 ","3246":"uku ","3247":"vine","3248":"sand","3249":" cho","3250":"veav","3251":" hem","3252":" cam","3253":"apou","3254":" kal","3255":" gam","3256":"oe\u00e2 ","3257":"lva ","3258":"noi ","3259":"eii ","3260":"lead","3261":" iei","3262":"gran","3263":"rari","3264":"rapo","3265":"hao ","3266":"hemo","3267":"arol","3268":"rand","3269":"ranc","3270":"gne ","3271":"ral ","3272":"raia","3273":"rjoh","3274":" \u0101te","3275":"ges ","3276":"ream","3277":"ast ","3278":"lame","3279":"cath","3280":"teur","3281":"cati","3282":" pui","3283":"renc","3284":"nto ","3285":"laza","3286":"\u00eehia","3287":"rge ","3288":"eka ","3289":"ekia","3290":"ary ","3291":"assa","3292":"asse","3293":"cara","3294":"lada","3295":"geor","3296":"uohu","3297":" pie","3298":"\u0101nia","3299":" oot","3300":" aum","3301":"titu","3302":"arag","3303":"hodo","3304":"emit","3305":"vern","3306":"rson","3307":"ngue","3308":"puoh","3309":"holi","3310":"edon","3311":"ium ","3312":"umbn","3313":"umau","3314":"at\u00e2a","3315":"vers","3316":"rori","3317":" ovi","3318":"eham","3319":"elon","3320":"tica","3321":"urit","3322":"heze","3323":"rofe","3324":"p\u01d4hi","3325":"aaer","3326":" \u00e3 ","3327":"llia","3328":"ocia","3329":"ron ","3330":"johr","3331":" pao","3332":"logi","3333":"tim ","3334":"hinu","3335":"ap\u00e3 ","3336":" fel","3337":"cass","3338":"nani","3339":"stat","3340":"ouru","3341":"soph","3342":" sel","3343":"eteh","3344":"etie","3345":"airo","3346":"epia","3347":" aih","3348":"ient","3349":"angi","3350":"ski ","3351":"turo","3352":"uvah","3353":"ou\u00e3 ","3354":"sing","3355":"aima","3356":"ican","3357":"momo","3358":" geo","3359":" ede","3360":"ahun","3361":"eorg","3362":"mere","3363":"aiar","3364":" mis","3365":"sida","3366":"alle","3367":"ovir","3368":"over","3369":"ail|","3370":" dor","3371":"mbna","3372":"m\u0101oh","3373":"ylva","3374":"\u0431\u0438\u0458\u0435","3375":"nail","3376":"mich","3377":"uaua","3378":"\u01d4hia","3379":"etaa","3380":"uato","3381":"otet","3382":"dio ","3383":"oslo","3384":"ios ","3385":"akat","3386":"t\u00e2at","3387":"erar","3388":" fri","3389":"zera","3390":" m ","3391":" sil","3392":" del","3393":"onur","3394":"ort ","3395":" nic","3396":"ong ","3397":"ourn","3398":"\u01cep\u01d4h","3399":"nane","3400":"azi ","3401":"m\u01cer\u00f4","3402":"ifa ","3403":"\u0438\u0458\u0435 ","3404":" laz","3405":" me ","3406":"paka","3407":"orma","3408":"onoo","3409":" lou","3410":"vati","3411":" llo","3412":"vauh","3413":"bate","3414":"serj","3415":"enti","3416":"inar","3417":"pehi","3418":"anua","3419":"ambi","3420":" ume","3421":"uaat","3422":"anoh","3423":"erjo","3424":"nell","3425":" una","3426":"eada","3427":"sell","3428":" nan","3429":"olan","3430":" une","3431":"age ","3432":"dene","3433":" uou","3434":" fil","3435":"paot","3436":" hal","3437":"ish ","3438":"amer","3439":"maue","3440":"uaah","3441":"trac","3442":"bnai","3443":"\u00e1res","3444":"\u00e1re ","3445":" fem","3446":" r\u016bt","3447":" s ","3448":"ami ","3449":" lot","3450":"ith ","3451":"pala","3452":"pand","3453":"mou\u00e3","3454":"afer","3455":"erra","3456":"il|r","3457":" uta","3458":" uau","3459":"seba","3460":"berl","3461":"asia","3462":"val ","3463":" \u00fb ","3464":"nque","3465":"resz","3466":"liam","3467":"ritu","3468":" aa ","3469":"ling","3470":" tha","3471":" glo","3472":"gie ","3473":"utuh","3474":"berg","3475":"sson","3476":"mosa","3477":"eram","3478":"barc","3479":"noon","3480":"nnsy","3481":"erik","3482":"er\u0101r","3483":"mond","3484":"moeh","3485":"lea ","3486":"nit\u014d","3487":"muhi","3488":"stin","3489":"riea","3490":"ter\u0101","3491":"moin","3492":"lato","3493":"rien","3494":"asso","3495":"las ","3496":"moab","3497":"miss","3498":"gue ","3499":"stre","3500":"erse","3501":" p\u014dt","3502":"tenu","3503":" bal","3504":"rina","3505":"eren","3506":"lan ","3507":"hade","3508":" ie ","3509":"ste ","3510":"mouh","3511":"atal","3512":" ste","3513":" tak","3514":" sto","3515":" inc","3516":"cal ","3517":"enko","3518":"gedo","3519":"magn","3520":"r\u00e9se","3521":"faka","3522":"maua","3523":"bre ","3524":" asi","3525":" ass","3526":"ndre","3527":"\u014dt\u012bt","3528":"mb| ","3529":"mb|c","3530":"avit","3531":"fepu","3532":"fera","3533":"ruho","3534":"mb|l","3535":"ndan","3536":"at\u00eet","3537":"sila","3538":"maho","3539":"faih","3540":"ney ","3541":"utae","3542":" hav","3543":"sco ","3544":" rui","3545":"mand","3546":"nema","3547":"enns","3548":"ussi","3549":" fep","3550":" veo","3551":"rueh","3552":" fak","3553":"ensi","3554":" vic","3555":" had","3556":"aum\u01ce","3557":"sent","3558":"aume","3559":" vir","3560":" hih","3561":" aoh","3562":"aux ","3563":"veo ","3564":" zep","3565":"av\u00e3\u00ae","3566":"rone","3567":"ssel","3568":"lls ","3569":" auv","3570":"ssem","3571":"frit","3572":"elva","3573":"\u01cer\u00f4 ","3574":"gali","3575":" tih","3576":" \u00e9co","3577":"nam ","3578":" fro","3579":"nis ","3580":"veti","3581":"lita","3582":"\u01cer\u00fbr","3583":"gata","3584":"nito","3585":" rad","3586":"gall","3587":"tele","3588":"foli","3589":" ref","3590":" air","3591":"sis ","3592":"etio","3593":"lova","3594":"lota","3595":"loso","3596":" zio","3597":"lope","3598":"taka","3599":"teia","3600":"epua","3601":" huk","3602":"meri","3603":"teah","3604":"\u01cep\u01ce ","3605":"lona","3606":" tiv","3607":"fiti","3608":"niih","3609":"niir","3610":" she","3611":" ang","3612":" dis","3613":"harl","3614":"abet","3615":"abia","3616":" ena","3617":"ifol","3618":"puah","3619":"edia","3620":"ifit","3621":"it\u014d ","3622":"ohio","3623":"apor","3624":"apol","3625":"otaa","3626":" d ","3627":"toih","3628":"otoa","3629":"tuva","3630":"ipin","3631":"ance","3632":"hous","3633":"pois","3634":"apie","3635":"poir","3636":"zone","3637":"anci","3638":"popa","3639":" oli","3640":"homa","3641":"zion","3642":"cien","3643":"arce","3644":"tine","3645":"oehi","3646":" oua","3647":"aap\u00ee","3648":"jane","3649":"tipe","3650":"ont ","3651":"i\u00e8re","3652":"aat\u00ee","3653":"ofen","3654":"aaun","3655":"puu ","3656":"aav\u00e3","3657":"um\u01cer","3658":"puro","3659":"x|th","3660":"arac","3661":"ihio","3662":"umih","3663":"ionn","3664":"osop","3665":"citr","3666":"edo ","3667":"ouar","3668":"onet","3669":"uino","3670":"cus ","3671":"oli ","3672":" nao","3673":"aged","3674":"pate","3675":"part","3676":"anui","3677":"issi","3678":"iam ","3679":"oliv","3680":"isne","3681":"iama","3682":"idia","3683":"ante","3684":"omit","3685":" cro","3686":"ideo","3687":"olon","3688":"tsch","3689":"tte|","3690":"paai","3691":"cseb","3692":"tuin","3693":"iber","3694":"pain","3695":"ahue","3696":"udea","3697":"eft|","3698":"old ","3699":"pedi","3700":" cen","3701":"will","3702":" men","3703":"tong","3704":"huat","3705":"pino","3706":"adio","3707":"huhi","3708":"dona","3709":" kin","3710":" eat","3711":" las","3712":"uhor","3713":"ous ","3714":"ang ","3715":"\u00e1szt","3716":"ouse","3717":"eate","3718":"onam","3719":"cord","3720":"penn","3721":" lan","3722":"oiss","3723":"tran","3724":"pehu","3725":"ola ","3726":" pas","3727":"een ","3728":"\u00e9sen","3729":"oaar","3730":"dica","3731":"inid","3732":"oabi","3733":" lib","3734":" den","3735":" pip","3736":"chir","3737":"kore","3738":"nus ","3739":"hame","3740":" bor","3741":"arl ","3742":"eiro","3743":" bos","3744":"nya ","3745":"oano","3746":"dea ","3747":"rchi","3748":"uair","3749":" l\u00e1 ","3750":"all ","3751":"t\u012bt\u012b","3752":" ion","3753":"zani","3754":"oono","3755":" isi","3756":"hilo","3757":"rane","3758":"eill","3759":"ins ","3760":"hang","3761":" lil","3762":" dic","3763":"upua","3764":"insk","3765":"illa","3766":"inis","3767":"inst","3768":"\u00ecraa","3769":" \u25c6 ","3770":"nuar","3771":" don","3772":"tiet","3773":"\u00eet\u00eer","3774":"ntal","3775":"p\u014dt\u012b","3776":"tifa","3777":"hill","3778":"kate","3779":"t\u00eera","3780":"unis","3781":"zeph","3782":"nsyl","3783":"rcel","3784":"jose","3785":"ihit","3786":"amag","3787":"nta ","3788":"inc ","3789":" bru","3790":" \ud83d\udcf7 ","3791":"ineh","3792":"indi","3793":"allo","3794":"ilos","3795":"ract","3796":"inde","3797":"kuka","3798":"chur","3799":" bp ","3800":"zare","3801":"orth","3802":"oruh","3803":" bre","3804":"kuro","3805":"oaru","3806":"t\u0101mu","3807":"heti","3808":"arri","3809":"meia","3810":"iene","3811":"dor ","3812":"medi","3813":"eph ","3814":"mina","3815":"erso","3816":" dir","3817":"iche","3818":"icti","3819":"imon","3820":"barr","3821":"erre","3822":"webs","3823":" cs\u00e1","3824":"eti\u00e0","3825":"deni","3826":"ersi","3827":"info","3828":"meda","3829":"irip","3830":"etna","3831":"doua","3832":"erfo","3833":"deri","3834":"mme ","3835":"dict","3836":"mito","3837":"dai ","3838":"mith","3839":"mite","3840":"disn","3841":"mita","3842":"dire","3843":" abu","3844":"dan ","3845":"ical","3846":"bell","3847":"yaum","3848":"belo","3849":"minu","3850":"esti","3851":"yclo","3852":"esse","3853":"ess ","3854":"zaro","3855":"doni","3856":"ipeh","3857":"c\u00e9an","3858":"inga","3859":"irgi","3860":"irec","3861":"biac","3862":"ervi","3863":"irac","3864":"van ","3865":"epub","3866":"vaai","3867":"danu","3868":"win ","3869":"ietn","3870":"ipoh","3871":"dian","3872":" fre","3873":"dara","3874":"mmes","3875":"vah ","3876":"beth","3877":"inut","3878":"cycl","3879":" aka","3880":"hael","3881":"mbie","3882":"kere","3883":"kemo","3884":"ley ","3885":"via ","3886":"lian","3887":"lic ","3888":"lile","3889":"eliz","3890":" epe","3891":"\u00e9col","3892":"lio ","3893":"\u0101moa","3894":"karo","3895":"\u0101mua","3896":"chri","3897":"herf","3898":"els ","3899":"jean","3900":"embl","3901":"logo","3902":"lobe","3903":"emat","3904":"llie","3905":"gin ","3906":"form","3907":"kain","3908":"kais","3909":"live","3910":"b|le","3911":"lish","3912":"gan ","3913":"j\u00e9ho","3914":"glis","3915":"glob","3916":"ehet","3917":"lban","3918":"kor ","3919":"\u00eaper","3920":"han ","3921":"lass","3922":"celo","3923":"kong","3924":"kota","3925":" ben","3926":"ham ","3927":"hall","3928":"vien","3929":"cata","3930":"lage","3931":"viet","3932":"eeur","3933":"leba","3934":"cerv","3935":"kern","3936":"eheu","3937":"kij ","3938":"hehe","3939":"heb ","3940":"che ","3941":"elan","3942":"\u00e9hov","3943":"lepe","3944":"hata","3945":"lena","3946":" esp","3947":"vice","3948":"hard","3949":"chae","3950":"ibut","3951":"hist","3952":"ivit","3953":" chu","3954":"cont","3955":"hupe","3956":"hurc","3957":" ele","3958":"virg","3959":"h\u00e2ua","3960":" el ","3961":"marc","3962":"boni","3963":"vivi","3964":"eao ","3965":"itan","3966":"ews ","3967":"\u00e1les","3968":"eama","3969":" coo","3970":"isar","3971":"mazo","3972":"isch","3973":"maup","3974":"iba ","3975":"iau ","3976":"casu","3977":" edi","3978":" cou","3979":"entu","3980":"iale","3981":"ista","3982":"\u014dhip","3983":"iszt","3984":"iapa","3985":" chr","3986":" che","3987":"conc","3988":"clop","3989":"hori","3990":"eda ","3991":"edai","3992":"empo","3993":"l\u00e9e ","3994":"ecto","3995":" cai","3996":"home","3997":"iuma","3998":"lson","3999":" eng","4000":"ivil","4001":"hoe ","4002":"\u00e2p\u00fbr","4003":"long","4004":"mahe","4005":"ity ","4006":"itiq","4007":"itiv","4008":"coco","4009":"huan","4010":"htt ","4011":"hris","4012":"hoto","4013":"main","4014":" fab","4015":" aoa","4016":"itur","4017":"itut","4018":"\u0101t\u0101m","4019":"\u0101tou","4020":"engl","4021":"mam\u00fb","4022":" + ","4023":"asua","4024":"puni","4025":" oni","4026":"px|c","4027":"ntat","4028":"px|l","4029":"nsta","4030":"nsk ","4031":" inf","4032":"px|p","4033":" ort","4034":"aaoo","4035":"aani","4036":" p ","4037":"tifi","4038":"aafe","4039":"quil","4040":"rac ","4041":"astr","4042":"am\u00fb ","4043":"raca","4044":"noha","4045":"ntre","4046":"abak","4047":"puig","4048":"tm\u00b2 ","4049":"oao ","4050":"arih","4051":"arim","4052":"ador","4053":"phot","4054":"pie ","4055":"pipi","4056":"oaah","4057":"pito","4058":"upai","4059":"rang","4060":"poe ","4061":"pola","4062":"ace ","4063":"abus","4064":" ohu","4065":"proj","4066":"nuti","4067":"upoh","4068":" io ","4069":"num ","4070":"tnam","4071":"toma","4072":"atak","4073":"urch","4074":" poe","4075":" \u014dhi","4076":"teph","4077":"riru","4078":"ato\u00e0","4079":"nina","4080":" hup","4081":" hum","4082":"nidi","4083":" htt","4084":"atui","4085":"terl","4086":"nico","4087":"rles","4088":" qui","4089":"atut","4090":"rne ","4091":"ngli","4092":" r ","4093":" hom","4094":" rab","4095":"robe","4096":"roit","4097":"nica","4098":"pher","4099":"szt\u00e1","4100":"ric ","4101":"ures","4102":"thom","4103":"rat ","4104":" pon","4105":"raue","4106":"thod","4107":"rca ","4108":"rd\u00e0 ","4109":"rect","4110":"reia","4111":"riee","4112":"reka","4113":"ren ","4114":"atic","4115":"atif","4116":"niti","4117":"urne","4118":"rfor","4119":"rian","4120":"ato ","4121":"riba","4122":" h\u00e2u","4123":"reme","4124":"roje","4125":"phat","4126":" nir","4127":"angu","4128":"orap","4129":" lut","4130":"uena","4131":"ombi","4132":"anoa","4133":"alil","4134":"omah","4135":"alen","4136":" kur","4137":"orsk","4138":"albe","4139":"olle","4140":"alba","4141":" mac","4142":" mag","4143":"anus","4144":"akuk","4145":"anya","4146":" map","4147":"oter","4148":" lam","4149":"ucti","4150":"alva","4151":" log","4152":"onst","4153":"amut","4154":"onto","4155":" lep","4156":"amuh","4157":"uari","4158":"ook ","4159":"amos","4160":"uard","4161":" lim","4162":"ouis","4163":"ooo ","4164":"anas","4165":"amep","4166":" leb","4167":"uanu","4168":"onge","4169":"oped","4170":"andi","4171":"ond ","4172":"aned","4173":" lau","4174":"amin","4175":"ois ","4176":"oiri","4177":" kon","4178":"tsk ","4179":"ahea","4180":"ahau","4181":"ahab","4182":"papi","4183":"aqui","4184":"oga ","4185":"tri ","4186":"unah","4187":" jea","4188":"ogo ","4189":"tres","4190":"agal","4191":"odox","4192":"pena","4193":"oda ","4194":"oc\u00e9a","4195":"tral","4196":"to\u00e0 ","4197":"ardi","4198":"tour","4199":"peta","4200":"peat","4201":"obe ","4202":"ogra","4203":"ap\u00fbr","4204":"aooo","4205":"oine","4206":"aota","4207":"uhu ","4208":"aisa","4209":"ais ","4210":"uhur","4211":"tuto","4212":"aint","4213":"ail ","4214":"tuan","4215":"ohuh","4216":"apeh","4217":"apep","4218":"oyau","4219":"tupo","4220":"pahe","4221":"uise","4222":" j\u00e9h","4223":"paia","4224":"apun","4225":" m\u00e2h","4226":" ken","4227":" \u00e2va","4228":"onta","4229":" heh","4230":" hat","4231":"selv","4232":"semb","4233":" tal","4234":"semi","4235":"tats","4236":" rob","4237":" rit","4238":" str","4239":" uih","4240":"sane","4241":"ncis","4242":" ufa","4243":"s\u00e3o ","4244":"sney","4245":"nald","4246":"aupi","4247":"smit","4248":"serv","4249":"ruth","4250":" hen","4251":" w ","4252":"namo","4253":" tm\u00b2","4254":" v\u00ee ","4255":"utam","4256":"utai","4257":"ut\u00e2 ","4258":" teu","4259":"nehi","4260":"utar","4261":"utau","4262":"nea ","4263":" tho","4264":" roy","4265":" h ","4266":"sain","4267":"m\u0101t\u0101","4268":" hab","4269":"usti","4270":" v ","4271":" tek","4272":" smi","4273":"m\u0101ti","4274":"scie","4275":"aut\u00e2","4276":"stal","4277":"naza","4278":"a\u00ecra","4279":"rsk ","4280":"ngat","4281":"baku","4282":"sina","4283":"suar","4284":" his","4285":"ngan","4286":"bala","4287":"rtic","4288":"roya","4289":"stor","4290":"rre ","4291":" gre","4292":" tuv","4293":"rtho","4294":"ska ","4295":"moto","4296":" hoe","4297":" t\u014d ","4298":"stra","4299":" sai","4300":"roni","4301":"utih","4302":"aul ","4303":" sci","4304":"mpor","4305":"nge ","4306":" gua","4307":" s\u00e3o","4308":"news","4309":"tall","4310":"usa ","4311":"simo","4312":" ti ","4313":"ssie","4314":"equi","4315":"tut ","4316":" tev","4317":" t\u00e9m","4318":"epap","4319":"ainu","4320":"dora","4321":" n ","4322":"zt\u00e1 ","4323":"ienc","4324":"sire","4325":"eran","4326":"ssoc","4327":" t\u00e2h","4328":" nap","4329":"ssio","4330":"aivi","4331":" sir","4332":"iaih","4333":"ierc","4334":"sse ","4335":"ourr","4336":"\u00aet\u00e3\u00ae","4337":" cur","4338":"pays","4339":"ierr","4340":"|cen","4341":"slan","4342":"ssav","4343":"sodo","4344":"iam\u0101","4345":"duca","4346":" moy","4347":" tun","4348":" tri","4349":"duct","4350":"ich ","4351":" sek","4352":"ib\u00e9r","4353":"ahom","4354":"tue ","4355":"slov","4356":"pale","4357":"slo ","4358":"slav","4359":"tuam","4360":"tter","4361":"trus","4362":"trib","4363":"icle","4364":"\u00aeraa","4365":"ssa ","4366":"ieeu","4367":"spec","4368":"iedr","4369":"oxe ","4370":"iami","4371":" cru","4372":"tain","4373":"icol","4374":"doxe","4375":"ozy ","4376":"o\u00eahi","4377":" ses","4378":" moh","4379":"tunu","4380":" csi","4381":"icto","4382":" mol","4383":" tob","4384":"tein","4385":"os\u02b9 ","4386":"zopk","4387":"amaz","4388":"ytaa","4389":"uang","4390":"inda","4391":"stiq","4392":"eric","4393":"erib","4394":"stic","4395":"inam","4396":" lon","4397":"yon ","4398":"inaf","4399":" din","4400":" loy","4401":"opul","4402":"opur","4403":"imet","4404":"s\u00e8ph","4405":"erg ","4406":"imer","4407":"imeo","4408":" die","4409":"erve","4410":"stit","4411":"ines","4412":"yola","4413":"szop","4414":"ernm","4415":" aah","4416":" sun","4417":"sura","4418":"erri","4419":"ooho","4420":"iny\u00e1","4421":"dans","4422":"st\u00e9r","4423":"stro","4424":"oona","4425":"stri","4426":"ynes","4427":" lio","4428":"ooto","4429":"day ","4430":"inia","4431":"opat","4432":"ingi","4433":"stop","4434":"ame ","4435":" lla","4436":"esan","4437":"iman","4438":"ord\u00e0","4439":"imai","4440":" sod","4441":"erca","4442":"t\u00e9mo","4443":" teh","4444":"zia ","4445":" mad","4446":"osta","4447":"osto","4448":"bany","4449":"peci","4450":"esto","4451":"igue","4452":"t\u00e3\u00aet","4453":" tep","4454":"akem","4455":"t\u00e2hi","4456":"aked","4457":"ake ","4458":"ifer","4459":"ifao","4460":"otua","4461":"iet\u012b","4462":"ietu","4463":" tch","4464":"ai\u00e3 ","4465":"oruv","4466":"stad","4467":"zamb","4468":" lus","4469":" dev","4470":"alla","4471":"esca","4472":"oris","4473":"erez","4474":"ilit","4475":"oriz","4476":"ilim","4477":" det","4478":" spe","4479":"alif","4480":" sou","4481":"ile ","4482":"ilat","4483":"ilad","4484":"ali ","4485":"t\u0101ri","4486":"t\u0101pu","4487":"tace","4488":"t\u0101ni","4489":"alek","4490":"orte","4491":"peho","4492":"eueh","4493":" ne ","4494":"fang","4495":"hano","4496":"reao","4497":"ency","4498":"reda","4499":"ein ","4500":"\u00eahia","4501":"than","4502":"fao ","4503":"reit","4504":" bio","4505":"teva","4506":"reot","4507":"hahi","4508":" wol","4509":" puk","4510":"ruve","4511":" puu","4512":"\u00efara","4513":"ei\u00e0 ","4514":" rio","4515":"ret\u0101","4516":"rent","4517":"rch ","4518":"\u0101ti ","4519":"tha\u00ef","4520":" bol","4521":"rans","4522":"faa\u00fb","4523":" poa","4524":"raph","4525":"sace","4526":"rapu","4527":"hee ","4528":"\u00e9es ","4529":"eho ","4530":"thor","4531":" aot","4532":"ha\u00efl","4533":"havi","4534":" arb","4535":"\u00e9moi","4536":"thol","4537":" v\u0101n","4538":"hatu","4539":"\u00e9rat","4540":" bla","4541":" pos","4542":"\u00e9ric","4543":"rutu","4544":"\u00eflan","4545":"rges","4546":"test","4547":"rugu","4548":"elio","4549":"rkoz","4550":"eliu","4551":" \u00f4o\u00e0","4552":"rsen","4553":"rnat","4554":" aui","4555":"tell","4556":"ells","4557":"rnme","4558":"rra ","4559":" \u00eape","4560":"rose","4561":"gand","4562":"roir","4563":"gail","4564":"frie","4565":" aux","4566":"emag","4567":" ram","4568":"roli","4569":" aus","4570":"gibe","4571":"rait","4572":"elih","4573":"ruhu","4574":"ruti","4575":"\u0101pur","4576":"haan","4577":" asu","4578":" xpx","4579":"g\u00e9n\u00e9","4580":"riem","4581":"gust","4582":"guer","4583":"\u0101ori","4584":" p\u00fb ","4585":" \u014dir","4586":"febu","4587":" xvi","4588":"gove","4589":"ripo","4590":" baa","4591":"taum","4592":"rit ","4593":"ritc","4594":" \u0101 ","4595":"taup","4596":"gila","4597":" \u00fba ","4598":"rah ","4599":" pif","4600":" \u25ab ","4601":"toph","4602":"adel","4603":"eurs","4604":"ebsi","4605":"tang","4606":"eux ","4607":"ebua","4608":" cer","4609":"eb\u00e1s","4610":"actr","4611":"\u014dire","4612":" n\u00e1s","4613":"acqu","4614":"ho\u00eah","4615":" n\u0101 ","4616":"poll","4617":"host","4618":"ecti","4619":" oc\u00e9","4620":"popu","4621":"pord","4622":"tap\u00e3","4623":"tohe","4624":"pifa","4625":"pote","4626":" ala","4627":" uaa","4628":"sime","4629":" ai\u00e3","4630":" sac","4631":"pepa","4632":"sien","4633":" t\u012br","4634":"h\u012bme","4635":"earo","4636":"h\u00e9ol","4637":"\u00e1szo","4638":"tote","4639":"eati","4640":"pet ","4641":"ets ","4642":"eolo","4643":" t\u014dt","4644":" non","4645":"et\u0101n","4646":"topi","4647":"\u00e2hit","4648":"et\u012br","4649":"phin","4650":"huma","4651":"pho ","4652":"eto ","4653":"pres","4654":"pris","4655":"taru","4656":"\u012bmen","4657":"tist","4658":" veh","4659":"\u00e2va\u00e8","4660":"\u00e3\u00aera","4661":" our","4662":"\u00e3\u00aet\u00e3","4663":"aao ","4664":"aala","4665":"\u00e8ne ","4666":" pay","4667":" ann","4668":"\u00e8phe","4669":"hiat","4670":"tier","4671":"quer","4672":"heur","4673":" ven","4674":"quis","4675":"ticl","4676":"engo","4677":"\u00e9an ","4678":"sark","4679":"hoon","4680":"px|d","4681":" ooa","4682":"even","4683":"evie","4684":"ens ","4685":"seke","4686":"\u00e2p\u00fbh","4687":"honi","4688":"abel","4689":"edis","4690":"seil","4691":"pubi","4692":"publ","4693":"abao","4694":" oma","4695":"edou","4696":"exo ","4697":"seb\u00e1","4698":"puis","4699":"sche","4700":" omo","4701":"aa\u00e3\u00b4","4702":"aa\u00e3\u00ae","4703":"\u00e2tai","4704":"aaui","4705":"sava","4706":"baot","4707":"os\u00e8p","4708":"onse","4709":"lesa","4710":"cain","4711":"cair","4712":"urei","4713":"noan","4714":"len ","4715":"leme","4716":" ihu","4717":"asur","4718":"cany","4719":" iau","4720":"nona","4721":"nore","4722":"norg","4723":"lari","4724":"noru","4725":"asqu","4726":"noto","4727":"caro","4728":"cas ","4729":"ashe","4730":"nsti","4731":" in ","4732":"ata\u00ec","4733":"leti","4734":"lets","4735":"ves ","4736":"llag","4737":"b|ce","4738":"nire","4739":"liu ","4740":"nist","4741":"uris","4742":" h\u0101m","4743":" h\u012bm","4744":"nium","4745":"atha","4746":"b\u00e1sz","4747":"niu\u0113","4748":"nko ","4749":"lihu","4750":"lifo","4751":"nmen","4752":"libe","4753":"urg ","4754":"atep","4755":"nnel","4756":"nner","4757":"nnes","4758":"laga","4759":"lace","4760":"k\u00e1re","4761":"nts ","4762":"jacq","4763":"unga","4764":"iver","4765":"cisc","4766":"ogie","4767":"city","4768":"cius","4769":" enc","4770":"iu\u0113 ","4771":"umeu","4772":"ohan","4773":" jul","4774":"apuk","4775":"cles","4776":"ule ","4777":"ukut","4778":"ohit","4779":" kap","4780":" kau","4781":"ohoo","4782":"itua","4783":"apha","4784":" emm","4785":"uni ","4786":"niqu","4787":"odom","4788":"ock ","4789":"kozy","4790":"nuan","4791":"nuel","4792":" eri","4793":"nuhi","4794":"nuia","4795":"ces ","4796":"upit","4797":" era","4798":"n\u00e1sz","4799":"chel","4800":"cher","4801":"chev","4802":"arot","4803":" equ","4804":"kedo","4805":"arko","4806":"kare","4807":" jac","4808":"oatu","4809":"kala","4810":"jos\u00e8","4811":"cia ","4812":"ciat","4813":"llor","4814":"urs ","4815":"buso","4816":"nace","4817":" fru","4818":" gog","4819":"utui","4820":"a\u00e3\u00b4 ","4821":"a\u00e3\u00ae ","4822":"uton","4823":"nahu","4824":" gov","4825":"azon","4826":"meta","4827":"nant","4828":"ays ","4829":"napu","4830":"meph","4831":" for","4832":"nath","4833":"mepa","4834":"aya ","4835":"meon","4836":" fon","4837":"bill","4838":"vao ","4839":"ber ","4840":"mele","4841":"naba","4842":"utun","4843":" gan","4844":"barb","4845":"mota","4846":"uvre","4847":"moo ","4848":"bas ","4849":"u\u00efar","4850":"uvet","4851":"mone","4852":"uver","4853":" ger","4854":"moer","4855":"baal","4856":"mmun","4857":"mutu","4858":"m\u0101or","4859":"a\u00efla","4860":"m\u0101ra","4861":"bele","4862":"uupu","4863":"miqu","4864":"bena","4865":" gla","4866":"naau","4867":"apen","4868":"nces","4869":"ncyc","4870":"augu","4871":"vell","4872":"ur\u00e2 ","4873":"auen","4874":"mafe","4875":"ven ","4876":"auar","4877":"l\u00e1re","4878":"lyne","4879":"ngi ","4880":"luth","4881":"brun","4882":"lton","4883":"lter","4884":"bsit","4885":"lsin","4886":" hos","4887":"niar","4888":"buar","4889":"urui","4890":"urug","4891":"vero","4892":"ats ","4893":"veh\u00ee","4894":" flo","4895":" hil","4896":"vec ","4897":"blan","4898":"mbre","4899":"ndic","4900":"utea","4901":"mbia","4902":"nds ","4903":"neha","4904":" fiu","4905":"avec","4906":" fir","4907":"ava\u00ec","4908":"uste","4909":"au\u00e2 ","4910":"aust","4911":"bonn","4912":"neng","4913":"uso ","4914":"mao ","4915":"va\u00e8 ","4916":" feb","4917":"va\u00ecr","4918":"man ","4919":" hei","4920":"usac","4921":"uill","4922":"szte","4923":"well","4924":"ones","4925":"omas","4926":"ucat","4927":"uest","4928":"ires","4929":"omat","4930":"iper","4931":"anue","4932":"ubil","4933":"ann ","4934":"uciu","4935":"olla","4936":"x|le","4937":"ctre","4938":"itch","4939":"uba ","4940":"anqu","4941":"crit","4942":"omme","4943":"xpx ","4944":"anuh","4945":"onir","4946":"cook","4947":"oins","4948":" edo","4949":"isti","4950":"itet","4951":"conf","4952":"ubli","4953":"ands","4954":"ipol","4955":"cque","4956":"wand","4957":"wton","4958":"ongo","4959":"onat","4960":"anab","4961":"wall","4962":"cour","4963":"anon","4964":"aniu","4965":"v\u00e3\u00ae ","4966":"uer ","4967":"isco","4968":"anes","4969":"ugua","4970":"von ","4971":"dala","4972":"x|pa","4973":"nfor","4974":"uaar","4975":"newt","4976":"uear","4977":"ruro","4978":"rron","4979":"ness","4980":"rum ","4981":"tau\u00ea","4982":"ta\u00ec ","4983":"fetu","4984":"zabe","4985":"fere","4986":"ur\u00e3\u00ae","4987":"ommi","4988":"rubi","4989":"rsio","4990":"rtie","4991":"orch","4992":"nezu","4993":"\u0101nir","4994":"ommu","4995":"rse ","4996":"maka","4997":"\u0101rav","4998":"mal ","4999":"neme"}}