{"tgl":{"0":"ang ","1":" sa ","2":" ng ","3":" ang","4":" na ","5":"mga ","6":" mga","7":"ong ","8":" at ","9":"ing ","10":" ay ","11":"lang","12":"haha","13":"ahah","14":" pag","15":" kan","16":" pan","17":" nag","18":"sang","19":" mag","20":"iya ","21":" ko ","22":"pang","23":" isa","24":"niya","25":"kani","26":"ilan","27":" ako","28":"ito ","29":"anga","30":"yang","31":"isan","32":" hin","33":"ung ","34":"indi","35":"ako ","36":"ndi ","37":"nang","38":"yon ","39":"iyan","40":" mo ","41":"aman","42":"hind","43":" ni ","44":"ala ","45":"siya","46":" kay","47":"alan","48":" nan","49":" si ","50":"man ","51":"agka","52":" siy","53":"nila","54":" par","55":"yan ","56":" may","57":"pina","58":" nak","59":" ito","60":"yong","61":"akin","62":"may ","63":"wala","64":"naka","65":"aniy","66":"mang","67":"ngan","68":" ka ","69":" sin","70":"lala","71":" kun","72":"ila ","73":"para","74":"awa ","75":" niy","76":" pin","77":"ita ","78":"aan ","79":"gan ","80":"ayo ","81":"pagk","82":"han ","83":" man","84":" hah","85":"kung","86":" nam","87":"abi ","88":" kat","89":"noon","90":"oon ","91":"angi","92":" lan","93":" kas","94":"ayon","95":" iyo","96":"ayan","97":"atin","98":" mak","99":"iyon","100":"ngin","101":"gang","102":" wal","103":" mal","104":"ting","105":"ano ","106":" aki","107":"king","108":"laga","109":" nga","110":" tao","111":"aha ","112":"tang","113":"ling","114":"alak","115":"kapa","116":"aya ","117":"alag","118":"alam","119":"ara ","120":"sina","121":" kap","122":"apag","123":"angg","124":"ahan","125":" sil","126":"sila","127":"mata","128":"amin","129":" pa ","130":"ging","131":"kong","132":"nama","133":"anan","134":"kasa","135":"bang","136":"anil","137":"ula ","138":"kaka","139":"lan ","140":"gay ","141":"tan ","142":"akit","143":"hat ","144":" mat","145":" kam","146":"ahat","147":"apat","148":"baba","149":"mula","150":"mala","151":" mas","152":"nan ","153":"agpa","154":"maka","155":"nasa","156":"laha","157":"sabi","158":" bag","159":"agan","160":"kita","161":" san","162":"kay ","163":"syon","164":"ama ","165":"alit","166":"hang","167":" ano","168":" lah","169":" mar","170":"hay ","171":" nat","172":"aga ","173":"gayo","174":" o ","175":"awan","176":"anak","177":"anda","178":"lama","179":"san ","180":"papa","181":"nga ","182":"ipin","183":"kata","184":"pala","185":"atay","186":"nong","187":" yun","188":" ba ","189":" kal","190":" di ","191":"atan","192":"laba","193":"ain ","194":"asa ","195":" pam","196":"pag ","197":"ngga","198":"mama","199":" tin","200":"tala","201":"nak ","202":" iba","203":"inyo","204":"sama","205":"gawa","206":" per","207":"baha","208":" mul","209":"agin","210":"ari ","211":" ban","212":" pal","213":"magi","214":" nil","215":" tal","216":"apan","217":"maga","218":" kah","219":"oong","220":"tata","221":"araw","222":"agay","223":"kala","224":"ero ","225":"ina ","226":"aban","227":"kayo","228":"wag ","229":"tong","230":"gkat","231":"pana","232":"yung","233":"alin","234":"agsa","235":"nags","236":"lita","237":"inag","238":" ala","239":"nyo ","240":"aran","241":"abas","242":"kama","243":"aon ","244":"napa","245":"itan","246":" ika","247":" nas","248":" han","249":" noo","250":"sto ","251":"long","252":"dala","253":"ming","254":"nati","255":" din","256":"bila","257":"rang","258":"anon","259":"tayo","260":"tay ","261":" ana","262":"inas","263":"ngay","264":"gina","265":"tao ","266":"kaya","267":"tin ","268":"alaw","269":"wan ","270":"gino","271":"wang","272":"ahil","273":"inoo","274":"taon","275":"inab","276":"pat ","277":" gay","278":"upan","279":"ami ","280":" bil","281":" lal","282":"agsi","283":"asam","284":"ibig","285":" kai","286":"baya","287":"isa ","288":"maha","289":" sal","290":"akas","291":"aila","292":" gin","293":"nana","294":" bak","295":"kin ","296":"mali","297":"hin ","298":"sasa","299":" upa","300":"anya","301":"gust","302":"laki","303":"agaw","304":"sali","305":"lay ","306":"aram","307":"asan","308":" ara","309":" dah","310":"ian ","311":"kit ","312":"baga","313":" bat","314":"ulan","315":" tay","316":"bas ","317":" gus","318":"inak","319":"usto","320":" mah","321":"ngko","322":"kat ","323":"dahi","324":"ahal","325":"gala","326":"tina","327":" kon","328":"arin","329":"nala","330":" bah","331":" tum","332":"pero","333":" har","334":"ahay","335":"akat","336":" gan","337":"akak","338":"naga","339":" kar","340":" sab","341":"buha","342":"lawa","343":"nito","344":" nap","345":"ana ","346":"lam ","347":"ilal","348":"sapa","349":" pat","350":"nata","351":" sum","352":"orya","353":"egor","354":" bay","355":" mab","356":"raw ","357":"amat","358":"yos ","359":"mara","360":"akon","361":"ring","362":"lat ","363":"rin ","364":"din ","365":" sak","366":"ili ","367":"asyo","368":"uhay","369":"apos","370":" kab","371":"gana","372":"asal","373":"rami","374":"hil ","375":"iyo ","376":"gory","377":"naki","378":"hala","379":"kara","380":"ateg","381":"tego","382":"tulo","383":"kate","384":" dal","385":"nabi","386":"kail","387":" sap","388":"agal","389":" ini","390":"agta","391":"pama","392":"masa","393":" ila","394":" bab","395":"pos ","396":"ata ","397":" tag","398":" kin","399":"nawa","400":"inan","401":" maa","402":" lum","403":"roon","404":"akal","405":" tan","406":"tawa","407":"sala","408":"ika ","409":"min ","410":"taga","411":"anin","412":"aka ","413":" tun","414":"gin ","415":"hari","416":"kami","417":"gali","418":" diy","419":"ngun","420":"tapo","421":"rap ","422":"gpap","423":"kas ","424":"guni","425":" iny","426":"tung","427":"ngal","428":"kahi","429":"ansa","430":"bata","431":"bago","432":"lit ","433":"inig","434":"atap","435":" lam","436":" pro","437":"asab","438":"ahin","439":"iyos","440":"biga","441":"kiki","442":"anta","443":"big ","444":"bali","445":"agla","446":"tas ","447":" kau","448":"unan","449":"ggan","450":"iba ","451":"mas ","452":"nya ","453":"nit ","454":"ihin","455":"ihan","456":" ipi","457":" bin","458":" sar","459":"kila","460":" hal","461":"ilip","462":"angk","463":"gaga","464":"paki","465":" rin","466":"amam","467":"kina","468":"arap","469":" buh","470":"diyo","471":" the","472":"akik","473":"unga","474":"laka","475":"lupa","476":"akap","477":"yari","478":"ungk","479":"dito","480":"nagp","481":"pagp","482":"nda ","483":"kaw ","484":"alal","485":"gkak","486":"maki","487":"inal","488":"alik","489":"nami","490":"ngya","491":" lup","492":"angy","493":"amit","494":"ahon","495":"kang","496":"awin","497":"katu","498":"inat","499":"ago ","500":" gaw","501":" lab","502":" nin","503":"kany","504":"log ","505":"ral ","506":"pags","507":"atul","508":" pak","509":"nyan","510":"nagi","511":"nag ","512":"nto ","513":" mon","514":"nyon","515":"kaba","516":"lung","517":"iwan","518":" pil","519":"pata","520":"rian","521":"igay","522":"alab","523":" kum","524":"paka","525":"hana","526":"itin","527":"pili","528":"nay ","529":"git ","530":" dio","531":"uman","532":" nit","533":"gaya","534":"nta ","535":" paa","536":"dios","537":"iyay","538":"anah","539":"isip","540":"pati","541":"magk","542":"isin","543":"akai","544":" mai","545":"yay ","546":"alim","547":"alay","548":"ran ","549":"lipi","550":"kan ","551":"sisi","552":" || ","553":"apak","554":"inga","555":"nsan","556":" dit","557":"kasi","558":"mong","559":"iban","560":"ikaw","561":"mag ","562":"gita","563":"aong","564":"ban ","565":"ios ","566":"ataw","567":"agba","568":"mit ","569":"bawa","570":" map","571":" tul","572":"umal","573":"eng ","574":"tion","575":" nal","576":" min","577":"pagt","578":"ulat","579":"kali","580":"ngka","581":"kain","582":"the ","583":"ino ","584":"bans","585":" gum","586":"aril","587":"igin","588":"kaha","589":"sana","590":"mags","591":"igan","592":" ati","593":"sari","594":"anap","595":" ibi","596":"ion ","597":"mapa","598":"atag","599":"nal ","600":"adal","601":"hina","602":"pan ","603":"pon ","604":"uan ","605":"iton","606":" tat","607":"kol ","608":"hit ","609":"sta ","610":" mam","611":"agi ","612":" pas","613":" sig","614":"unit","615":"paan","616":"amay","617":"ulo ","618":"lis ","619":"nas ","620":" bal","621":"loob","622":"hon ","623":"ilin","624":"kaga","625":"gani","626":"uwag","627":"lili","628":"huwa","629":"aral","630":"naho","631":" huw","632":" sam","633":"aano","634":"saki","635":"rito","636":" pum","637":"agit","638":"aki ","639":" ina","640":"inaw","641":" pap","642":"iwal","643":" ayo","644":" pun","645":"baki","646":"and ","647":"aala","648":"ulon","649":"luma","650":"aari","651":"ahha","652":"ali ","653":"tuma","654":"saan","655":" \u200b ","656":"ati ","657":"utan","658":"tula","659":"wat ","660":"saya","661":"anal","662":"alis","663":"ista","664":"tutu","665":" to ","666":"koy ","667":"ahit","668":" isi","669":"atat","670":"iko ","671":"amag","672":"ter ","673":"apon","674":"pagl","675":" ngu","676":" buo","677":"gigi","678":"nig ","679":"gawi","680":"maba","681":"agha","682":"hahh","683":"ampa","684":"maaa","685":"ryam","686":"alo ","687":"guma","688":"yaon","689":" hap","690":" jeh","691":" nar","692":" mun","693":"win ","694":"pali","695":"niny","696":"hing","697":"uong","698":" and","699":"rist","700":" una","701":"aba ","702":"rili","703":" nai","704":"gsis","705":"amba","706":"uhan","707":"daan","708":"buon","709":"mana","710":"ova ","711":"sya ","712":"gand","713":"gat ","714":"nagb","715":"ipag","716":"jeho","717":"apit","718":"amga","719":"ingi","720":"pit ","721":" uma","722":"ehov","723":"ate ","724":"yoy ","725":"akan","726":"hova","727":"yamg","728":"awal","729":"kula","730":"agda","731":"unta","732":"gami","733":"asak","734":" kit","735":"gsas","736":"una ","737":"mati","738":"angu","739":"awag","740":"buti","741":" lin","742":"abih","743":" yan","744":"amah","745":"nagt","746":" bib","747":"agig","748":"ilay","749":"baka","750":"magp","751":"sing","752":" saa","753":" of ","754":"akam","755":"mabu","756":"inil","757":"ayoy","758":"isyo","759":"hali","760":" dat","761":"bibi","762":"alas","763":"sino","764":" tap","765":"alat","766":"kod ","767":"pagb","768":"niwa","769":"umag","770":"bihi","771":"gong","772":"uro ","773":"toto","774":"ado ","775":" dum","776":"gkol","777":"aaar","778":"hapo","779":"dad ","780":"upa ","781":"oob ","782":"sinu","783":"nagk","784":"abae","785":"agam","786":"gyar","787":"taya","788":"aroo","789":"dapa","790":"nin ","791":"abal","792":" est","793":"alig","794":"nap ","795":" kaa","796":" bum","797":" kag","798":"abil","799":" sas","800":" dap","801":"abab","802":"tiya","803":"umat","804":"kot ","805":"bing","806":"suma","807":"nali","808":"naha","809":"hara","810":"anla","811":"lik ","812":"apal","813":"lad ","814":"asay","815":"ikan","816":" nab","817":"naba","818":"inis","819":"bay ","820":"nagl","821":"hira","822":" kak","823":" buk","824":"sin ","825":"haya","826":" lun","827":"raan","828":"duma","829":" put","830":"nung","831":" hum","832":"gula","833":"aang","834":"gtat","835":"atak","836":"ahag","837":" pla","838":" | ","839":"uha ","840":"esta","841":" jes","842":"angh","843":"mahi","844":" esp","845":"gal ","846":"haba","847":"ning","848":" say","849":"ael ","850":" loo","851":" tom","852":" asa","853":" i ","854":"bae ","855":" gal","856":"bili","857":" lib","858":" iti","859":" cha","860":"agli","861":"ses ","862":"hihi","863":"nahi","864":"tom ","865":"uli ","866":"atio","867":"hagi","868":" isr","869":" dam","870":"inap","871":"srae","872":"rael","873":" baw","874":"isra","875":"asi ","876":"dang","877":"alap","878":"jesu","879":"susu","880":" dak","881":"aara","882":"sus ","883":"ulog","884":"abut","885":"tuwi","886":"pagi","887":"auri","888":"aysa","889":" ipa","890":" kil","891":"agbi","892":"sip ","893":"undo","894":"ikit","895":" ita","896":"isti","897":"hand","898":"araa","899":"buka","900":"uria","901":"main","902":" tra","903":" ami","904":"tid ","905":"bala","906":"akil","907":"matu","908":"agon","909":"akar","910":"abah","911":"inam","912":"hhah","913":"patu","914":" kri","915":"maya","916":"atid","917":"kuma","918":" tim","919":"esus","920":"hila","921":"anag","922":"taas","923":" pus","924":"sod ","925":" kaw","926":"akla","927":"kaur","928":"sok ","929":"nod ","930":"mily","931":"unod","932":"rawa","933":" mad","934":" po ","935":"ntin","936":"ake ","937":" gag","938":"bini","939":"ndan","940":"pani","941":"gnan","942":"awat","943":"les ","944":" hay","945":"aas ","946":"bat ","947":"lata","948":"arti","949":"alaa","950":"atut","951":"paga","952":"nari","953":"aro ","954":"pin ","955":" uni","956":"tand","957":" eh ","958":"lin ","959":"kal ","960":"akoy","961":"lapi","962":"iran","963":"ment","964":"pahi","965":"abay","966":"lak ","967":"hati","968":"usap","969":"ataa","970":"basa","971":"imul","972":"mawa","973":"kris","974":"plan","975":"karo","976":"era ","977":"sawa","978":"nsa ","979":"mada","980":"lagi","981":"kabi","982":"tama","983":"usan","984":"tuna","985":"ento","986":"bana","987":"nte ","988":"ikal","989":" tam","990":"laan","991":"aria","992":"tali","993":"atuw","994":" pab","995":"aaaa","996":"rati","997":"bina","998":"ulad","999":"lya ","1000":"hal ","1001":"ingg","1002":"onal","1003":"kaib","1004":"ayun","1005":"lara","1006":"agaa","1007":"ibin","1008":"ine ","1009":"dami","1010":"puno","1011":"panl","1012":"imba","1013":"asok","1014":"pain","1015":"atlo","1016":"yun ","1017":"undi","1018":"ding","1019":"ggap","1020":"kalu","1021":"tubi","1022":"umak","1023":"bong","1024":"ron ","1025":"uti ","1026":"huhu","1027":" tub","1028":" ser","1029":"sika","1030":"uso ","1031":"taha","1032":"hiya","1033":"wika","1034":"luga","1035":" bar","1036":"simu","1037":"bibl","1038":" mis","1039":" bas","1040":"ukas","1041":"loy ","1042":"ingk","1043":"pasa","1044":"idad","1045":"ira ","1046":"irap","1047":"suno","1048":"kapi","1049":"asaw","1050":"son ","1051":"wede","1052":" com","1053":"inta","1054":"gbab","1055":"wal ","1056":"ubig","1057":" doo","1058":"amal","1059":"bubu","1060":"natu","1061":"alar","1062":"ismo","1063":"day ","1064":"ikul","1065":" yao","1066":"ilag","1067":"ngit","1068":"anit","1069":"puso","1070":"uno ","1071":"abag","1072":"nggu","1073":"apas","1074":"ngag","1075":"agul","1076":"ood ","1077":" ama","1078":"kati","1079":"tor ","1080":" you","1081":"punt","1082":"yaya","1083":"lika","1084":"lulu","1085":"kasu","1086":"nsiy","1087":"ntay","1088":"laro","1089":"yaw ","1090":"ilig","1091":"ulit","1092":"ahar","1093":" dis","1094":" ing","1095":"wing","1096":" iya","1097":"ungs","1098":" a ","1099":"ngso","1100":"niyo","1101":"umun","1102":"ayag","1103":"sara","1104":"agat","1105":"ibli","1106":"say ","1107":"anti","1108":" tak","1109":"anay","1110":"alip","1111":"asin","1112":" hab","1113":"lim ","1114":"kipa","1115":" nah","1116":" pul","1117":" lag","1118":"glal","1119":"gsod","1120":"igit","1121":"ura ","1122":" pah","1123":"ase ","1124":" jud","1125":" sim","1126":"titi","1127":"ngat","1128":"uloy","1129":" nya","1130":"nggi","1131":" wik","1132":"liya","1133":"nter","1134":"anim","1135":"ulin","1136":"ras ","1137":" wag","1138":" hul","1139":"ayaw","1140":"magu","1141":"ayar","1142":"aing","1143":"mant","1144":" oo ","1145":"insa","1146":"akab","1147":"puma","1148":"inah","1149":"los ","1150":" nyo","1151":"anto","1152":" art","1153":"agag","1154":"las ","1155":"doon","1156":" big","1157":"oman","1158":"bliy","1159":"way ","1160":"iyak","1161":" tab","1162":"agma","1163":"dali","1164":"nini","1165":"gabi","1166":"sipa","1167":"tinu","1168":" sub","1169":" daa","1170":" sya","1171":"buma","1172":"gyan","1173":"gapa","1174":"into","1175":" ali","1176":"tos ","1177":" gra","1178":"ital","1179":"upai","1180":"sula","1181":"yag ","1182":"ndo ","1183":"port","1184":"liwa","1185":"gad ","1186":"ansi","1187":"stad","1188":" sta","1189":"oras","1190":"ilyo","1191":"hah ","1192":"huli","1193":" ora","1194":"lima","1195":"naya","1196":"dati","1197":"ada ","1198":"aso ","1199":"ando","1200":"ilya","1201":"atal","1202":"umaw","1203":"sumu","1204":"wana","1205":"arit","1206":"umin","1207":" hig","1208":"dos ","1209":"gkod","1210":"agsu","1211":"umab","1212":"dong","1213":"inin","1214":"tlon","1215":"akah","1216":"higi","1217":"uwal","1218":"auna","1219":"yama","1220":"ente","1221":"inom","1222":" uli","1223":"ias ","1224":"kha ","1225":"arat","1226":"uri ","1227":"ilis","1228":"akot","1229":"otoo","1230":"aibi","1231":"aho ","1232":"inte","1233":"akay","1234":"dako","1235":"akad","1236":"uran","1237":"anam","1238":" gam","1239":" sus","1240":"igta","1241":"aksi","1242":"siyo","1243":"ligt","1244":"nili","1245":"guna","1246":"tado","1247":"yak ","1248":"maan","1249":" gab","1250":"ent ","1251":"raba","1252":"alia","1253":"unay","1254":"dina","1255":"ipan","1256":"alon","1257":" lar","1258":" for","1259":"irit","1260":"ugan","1261":"kawa","1262":" bun","1263":"mari","1264":" naa","1265":"ayin","1266":"umas","1267":"nagh","1268":"uwa ","1269":"bot ","1270":"utin","1271":"ard ","1272":"lipa","1273":"ato ","1274":"baho","1275":"hehe","1276":" e ","1277":"unah","1278":"kada","1279":"pung","1280":"tatl","1281":" kom","1282":"kabu","1283":"pagh","1284":" aya","1285":"wid ","1286":"lian","1287":"gkar","1288":"sobr","1289":"smo ","1290":"tako","1291":"aliw","1292":"trab","1293":"hong","1294":"ukha","1295":" sob","1296":" int","1297":"alil","1298":"ensi","1299":"yano","1300":"tele","1301":" oh ","1302":"abin","1303":"apin","1304":"apay","1305":"sayo","1306":"spir","1307":"kapu","1308":"got ","1309":"amil","1310":"apa ","1311":"kuha","1312":"saka","1313":"nako","1314":"anat","1315":" pre","1316":"lake","1317":" mil","1318":"mat ","1319":"sini","1320":"ugo ","1321":"sap ","1322":" tel","1323":"yin ","1324":" kul","1325":"unti","1326":"inut","1327":"pera","1328":"kini","1329":" con","1330":"gkai","1331":"gara","1332":"stiy","1333":"pami","1334":"ante","1335":"kund","1336":"pagg","1337":"data","1338":"mili","1339":"uto ","1340":"nlab","1341":"unon","1342":"lihi","1343":"hiyo","1344":"liko","1345":"daga","1346":"oooo","1347":"nggo","1348":"bre ","1349":" naw","1350":"all ","1351":" tot","1352":"land","1353":"inaa","1354":"aniw","1355":"rapa","1356":"gtas","1357":"ime ","1358":"agga","1359":"you ","1360":" tha","1361":"gil ","1362":"anas","1363":"kato","1364":"laya","1365":" mer","1366":"iman","1367":"pagd","1368":"yat ","1369":" in ","1370":"atun","1371":"stan","1372":"pari","1373":"igil","1374":" umi","1375":"ight","1376":" lak","1377":"libo","1378":"nian","1379":"init","1380":" ani","1381":"gata","1382":"ingl","1383":"aghi","1384":"iste","1385":"ers ","1386":"ulun","1387":" hil","1388":"lema","1389":"agpu","1390":"isto","1391":"espi","1392":"rong","1393":"tika","1394":"umpa","1395":"tind","1396":"ster","1397":"ede ","1398":"eron","1399":"piri","1400":"ugna","1401":"paha","1402":"obra","1403":" imp","1404":"part","1405":" muk","1406":"uwan","1407":"agad","1408":"yaan","1409":"too ","1410":"ggun","1411":"inun","1412":"utul","1413":"tura","1414":"puwa","1415":"lali","1416":"umul","1417":"law ","1418":" lik","1419":"nina","1420":"agtu","1421":"gnay","1422":"gap ","1423":"ohan","1424":"magb","1425":" res","1426":"pay ","1427":"buwa","1428":"gaan","1429":"magt","1430":"mpal","1431":"pans","1432":"usun","1433":"abaw","1434":"ango","1435":"apuw","1436":"embr","1437":"awit","1438":"rika","1439":"pint","1440":"ema ","1441":" nun","1442":"luwa","1443":"mukh","1444":"rini","1445":"paso","1446":"atot","1447":"tag ","1448":"ersi","1449":"asya","1450":"gulo","1451":"list","1452":" jer","1453":"bisy","1454":"tapu","1455":" sis","1456":"lalo","1457":"eta ","1458":"lyo ","1459":"nman","1460":" ind","1461":" sun","1462":"labi","1463":" pwe","1464":"lana","1465":"ayro","1466":"lumi","1467":"kad ","1468":"yal ","1469":" apo","1470":"ritu","1471":"toy ","1472":" rel","1473":"awak","1474":"atas","1475":"gsal","1476":"anun","1477":"dog ","1478":"ikon","1479":"mayr","1480":"asas","1481":"alem","1482":" bul","1483":"ibon","1484":"akip","1485":"ngna","1486":"agas","1487":"unia","1488":"ahul","1489":"nce ","1490":"ngle","1491":"tapa","1492":"tini","1493":" aga","1494":"god ","1495":"ghah","1496":"mund","1497":"itna","1498":"gayu","1499":"ria ","1500":"one ","1501":"yroo","1502":"pare","1503":"ulay","1504":"apap","1505":"pasi","1506":"hili","1507":" anu","1508":"mban","1509":"gpak","1510":"agot","1511":"kbo ","1512":" dag","1513":"alah","1514":"yemb","1515":"amer","1516":"ingn","1517":"mins","1518":"lane","1519":"dan ","1520":"klat","1521":"taan","1522":"gyay","1523":"andi","1524":"ntal","1525":"mero","1526":"kana","1527":"itoy","1528":" buw","1529":" sir","1530":"raha","1531":"gles","1532":"pas ","1533":"anet","1534":"mani","1535":" oka","1536":"hint","1537":"riha","1538":"sige","1539":"hoy ","1540":"tano","1541":"lot ","1542":"gitn","1543":"tuwa","1544":" git","1545":"guro","1546":"pant","1547":"bula","1548":"nani","1549":"miss","1550":"ianm","1551":"muna","1552":"nabu","1553":"mina","1554":"wit ","1555":"rusa","1556":"away","1557":"stor","1558":"dig ","1559":"ity ","1560":"kulo","1561":"ige ","1562":"gdig","1563":"ngha","1564":"iniw","1565":"numa","1566":"nagm","1567":"liga","1568":"abat","1569":"ngo ","1570":"daig","1571":"rani","1572":"adon","1573":"usal","1574":" taw","1575":"sery","1576":"gon ","1577":" but","1578":"meri","1579":"ahir","1580":"tulu","1581":"magl","1582":"gkas","1583":" akl","1584":" lim","1585":"apah","1586":"igya","1587":"tumu","1588":"taba","1589":"ysay","1590":"iyao","1591":"humi","1592":"ndin","1593":"der ","1594":"igur","1595":"tiko","1596":"nagd","1597":" kad","1598":"song","1599":"ukan","1600":"ote ","1601":"suba","1602":"nsin","1603":"yaha","1604":"iit ","1605":"uwid","1606":"eleb","1607":"iss ","1608":"dada","1609":"iona","1610":"agap","1611":"apar","1612":"gaw ","1613":"gar ","1614":"tro ","1615":"paya","1616":"lasa","1617":"love","1618":"liku","1619":"munt","1620":"tol ","1621":"ampu","1622":"agti","1623":"okay","1624":"naku","1625":" daw","1626":"pres","1627":"enta","1628":"than","1629":"ibab","1630":"ikas","1631":"arih","1632":"umil","1633":"alib","1634":"asta","1635":"prob","1636":"itik","1637":" pri","1638":"klas","1639":"waka","1640":"pupu","1641":"pula","1642":"glil","1643":"rado","1644":"tira","1645":" ins","1646":"bran","1647":"sigu","1648":" sen","1649":"aigd","1650":"anmg","1651":"ndog","1652":"nmga","1653":" car","1654":"pamp","1655":"liit","1656":"nton","1657":"aali","1658":"lawi","1659":"igdi","1660":"ubli","1661":" dav","1662":"ryo ","1663":"kawi","1664":"ngas","1665":"magh","1666":"akaa","1667":"char","1668":"amo ","1669":" pra","1670":"ugar","1671":" mus","1672":"ice ","1673":" lug","1674":" nau","1675":"rans","1676":" bes","1677":"mon ","1678":"noma","1679":" apa","1680":"amda","1681":"nes ","1682":"ary ","1683":" tas","1684":"mabi","1685":"ubal","1686":"nada","1687":"mdam","1688":"huma","1689":"pamb","1690":"pwed","1691":"pumu","1692":"ebis","1693":"istr","1694":"ive ","1695":"tbol","1696":"daw ","1697":" me ","1698":"vid ","1699":"ayaa","1700":"ikin","1701":"ove ","1702":"apaa","1703":"saks","1704":" so ","1705":"ays ","1706":" puw","1707":"niga","1708":"aayo","1709":"muli","1710":"lebi","1711":"awig","1712":" rep","1713":"tana","1714":" huk","1715":"nis ","1716":"ilit","1717":"timo","1718":"time","1719":"puwe","1720":"neta","1721":"hiwa","1722":" sag","1723":"masy","1724":"ksi ","1725":"aasa","1726":"angl","1727":"kalo","1728":" kor","1729":"apun","1730":"ikat","1731":"ihiy","1732":" ame","1733":"atao","1734":"are ","1735":"asag","1736":" ant","1737":"dyan","1738":"gka ","1739":" uri","1740":" jos","1741":"nand","1742":"dara","1743":"ikip","1744":"halo","1745":" s ","1746":"limb","1747":"end ","1748":"umam","1749":"inum","1750":"inih","1751":"elik","1752":"oble","1753":"nagu","1754":"nom ","1755":"aaa ","1756":"kaal","1757":"her ","1758":" day","1759":"ibo ","1760":"igaw","1761":"iisi","1762":"ibay","1763":"intu","1764":"atil","1765":"davi","1766":"unin","1767":"ulug","1768":"gis ","1769":"ayat","1770":"kaki","1771":" med","1772":"mumu","1773":" reg","1774":"ayos","1775":"akau","1776":"gsab","1777":"eman","1778":"avid","1779":"awai","1780":"asti","1781":"ther","1782":"gbib","1783":"gano","1784":" new","1785":"bol ","1786":"tili","1787":"ber ","1788":"agbu","1789":"ungo","1790":"nti ","1791":"peli","1792":"utbo","1793":"kays","1794":"erna","1795":"ngis","1796":"otoh","1797":"isik","1798":"ysa ","1799":"binu","1800":"enti","1801":"stra","1802":"toha","1803":"asar","1804":"liti","1805":"aser","1806":"miha","1807":"ener","1808":"tal ","1809":" no ","1810":"umai","1811":"alul","1812":"pers","1813":" pel","1814":"kasy","1815":"ani ","1816":"publ","1817":"mbre","1818":"mpan","1819":"lami","1820":"ted ","1821":"mate","1822":"nais","1823":" chi","1824":" umu","1825":"sump","1826":"gama","1827":"dist","1828":"tiwa","1829":"arun","1830":"ess ","1831":"muha","1832":"pekt","1833":" dai","1834":"kuku","1835":"ekto","1836":"for ","1837":"kont","1838":"utur","1839":" heh","1840":"lig ","1841":"ham ","1842":"ayam","1843":"gmam","1844":"haah","1845":"sis ","1846":"abub","1847":"lyon","1848":"inay","1849":" aar","1850":" pay","1851":"uwat","1852":"ksiy","1853":"utos","1854":"asah","1855":"wain","1856":"inon","1857":"tist","1858":"abe ","1859":"tumi","1860":" ha ","1861":"ehe ","1862":" pol","1863":"sund","1864":" lov","1865":"hini","1866":" sup","1867":"pong","1868":"saba","1869":"atib","1870":"blem","1871":" sul","1872":"tiba","1873":"erye","1874":" huh","1875":"upo ","1876":" tit","1877":"kaun","1878":" pos","1879":"kuya","1880":" mor","1881":"orma","1882":"robl","1883":" pur","1884":"ntan","1885":"ure ","1886":"ogra","1887":"ngon","1888":"salu","1889":"sant","1890":"taka","1891":"ahaa","1892":" ilo","1893":"ngak","1894":"amih","1895":"ght ","1896":"nutu","1897":"nist","1898":"late","1899":"sira","1900":"mpun","1901":"ibil","1902":"turo","1903":"suka","1904":"tupa","1905":"tna ","1906":"akda","1907":"ngul","1908":"ipas","1909":"ston","1910":"gkal","1911":"namp","1912":"ahab","1913":"unid","1914":"gkag","1915":"wiga","1916":"aham","1917":"res ","1918":"wasa","1919":"angb","1920":" ulo","1921":"agis","1922":"ahih","1923":"unaw","1924":"akag","1925":"buta","1926":"etan","1927":"gas ","1928":"hayo","1929":"aron","1930":"umus","1931":"naw ","1932":"mini","1933":" sik","1934":"eto ","1935":"ikil","1936":" ula","1937":"putb","1938":"nim ","1939":"aryo","1940":" por","1941":"baw ","1942":"anoo","1943":"paba","1944":"ngar","1945":"pagm","1946":"luto","1947":"anis","1948":"ush ","1949":" gul","1950":" lub","1951":"uyan","1952":"pano","1953":"stri","1954":"rope","1955":"saha","1956":" can","1957":"sale","1958":"gini","1959":"alun","1960":" men","1961":"pad ","1962":" sho","1963":"ggo ","1964":"asun","1965":"usyo","1966":"oko ","1967":"gasa","1968":"ies ","1969":"bung","1970":"igla","1971":"mbaw","1972":"post","1973":"aloo","1974":"bato","1975":"rama","1976":"ayop","1977":"kumu","1978":" rit","1979":"erik","1980":" ate","1981":"inul","1982":"mber","1983":"inst","1984":"gasi","1985":"pand","1986":" dan","1987":"mayo","1988":"gaha","1989":"says","1990":"atur","1991":"ton ","1992":"reli","1993":" ata","1994":"inii","1995":"non ","1996":"yop ","1997":"grab","1998":"lem ","1999":"yapa","2000":"ame ","2001":"miti","2002":"abai","2003":"tory","2004":"lisa","2005":"usin","2006":"ablo","2007":"bund","2008":"layo","2009":" dug","2010":"lar ","2011":"tema","2012":" ber","2013":"ilog","2014":"nara","2015":"dama","2016":"muni","2017":"ilab","2018":"ange","2019":"ason","2020":" tiy","2021":"alos","2022":"ngba","2023":"wawa","2024":" de ","2025":"ulut","2026":"gpat","2027":"itu ","2028":"lida","2029":"rien","2030":"aawa","2031":"ast ","2032":"dote","2033":"ril ","2034":"sita","2035":"amaa","2036":"went","2037":"uhu ","2038":"ble ","2039":"salo","2040":"aini","2041":"prop","2042":" aka","2043":"imog","2044":"inar","2045":"anib","2046":"awar","2047":"ntas","2048":"blo ","2049":" cru","2050":"igma","2051":" rom","2052":"manl","2053":"ahig","2054":"ork ","2055":"ngi ","2056":"syo ","2057":"kaho","2058":"est ","2059":" m ","2060":"erdo","2061":"nula","2062":"hawa","2063":"ikap","2064":"weet","2065":"osto","2066":"nlal","2067":"urin","2068":"sase","2069":"gpas","2070":"serd","2071":"mino","2072":"libr","2073":"rdot","2074":"stil","2075":"ahi ","2076":"ghan","2077":"ose ","2078":"kano","2079":"ndal","2080":"posi","2081":"paro","2082":"ance","2083":"gisi","2084":"alii","2085":"ait ","2086":"disy","2087":"ver ","2088":"lohi","2089":"esa ","2090":"erso","2091":"bers","2092":"kaso","2093":" bus","2094":"iin ","2095":"aiba","2096":"puna","2097":"ramd","2098":"kto ","2099":"nia ","2100":" my ","2101":" sch","2102":"mog ","2103":"roma","2104":" ale","2105":"uwi ","2106":"bro ","2107":"mot ","2108":" fee","2109":"nido","2110":" tig","2111":"blik","2112":"abot","2113":"bos ","2114":"umaa","2115":"rry ","2116":"ooo ","2117":"tagu","2118":"isit","2119":"akuh","2120":"lasy","2121":"samp","2122":"erus","2123":"nisi","2124":"masi","2125":"eet ","2126":" rea","2127":"amas","2128":"yent","2129":"rala","2130":"buo ","2131":"ture","2132":"gaar","2133":"siga","2134":"sipi","2135":"anum","2136":"ater","2137":" sel","2138":"rte ","2139":"ados","2140":"asiy","2141":"mano","2142":"mba ","2143":"last","2144":"feel","2145":"pino","2146":"digm","2147":"ghih","2148":"umig","2149":"diya","2150":" goo","2151":"uda ","2152":"ggal","2153":"idos","2154":"dugo","2155":"stro","2156":"unda","2157":" bro","2158":"kap ","2159":" roo","2160":"atam","2161":"rush","2162":"pagu","2163":"elih","2164":"riya","2165":"agmu","2166":"bigy","2167":"lahi","2168":"frie","2169":"sand","2170":" sor","2171":"sal ","2172":"bant","2173":" wor","2174":"ambi","2175":"apus","2176":"eryo","2177":" tah","2178":"gkan","2179":"sumi","2180":"ibat","2181":"alya","2182":"malu","2183":"rson","2184":"upun","2185":"orta","2186":"daha","2187":"tabi","2188":"ial ","2189":"alen","2190":"tasy","2191":"pita","2192":"rabe","2193":"poli","2194":"tian","2195":" las","2196":"naii","2197":"inti","2198":" ah ","2199":"limu","2200":"pini","2201":"yado","2202":"magd","2203":"umuh","2204":"ahim","2205":"pto ","2206":"rtis","2207":"syal","2208":"ping","2209":"pinu","2210":"tasa","2211":"ipto","2212":"ador","2213":" inu","2214":"ggit","2215":"daki","2216":"agar","2217":" thi","2218":"sent","2219":"rtik","2220":"ilos","2221":"puta","2222":"gant","2223":" mes","2224":"ais ","2225":"amak","2226":"tery","2227":"saga","2228":"wak ","2229":"umay","2230":" ter","2231":" pop","2232":"sik ","2233":"umap","2234":"oloh","2235":" jus","2236":"atha","2237":"ena ","2238":"khan","2239":"abuh","2240":" ma ","2241":"stem","2242":"uwen","2243":"areh","2244":"ore ","2245":"umah","2246":"crus","2247":"ubos","2248":"juda","2249":"ises","2250":"usa ","2251":" bit","2252":" bis","2253":"miya","2254":"teng","2255":"ligi","2256":" moi","2257":"umii","2258":"ool ","2259":"sist","2260":"ntro","2261":"ayah","2262":"luha","2263":"gbig","2264":"libu","2265":"itaa","2266":"pran","2267":"ress","2268":"pipi","2269":" ton","2270":"uwed","2271":"inub","2272":"napi","2273":"komp","2274":"dok ","2275":"muta","2276":"uang","2277":"sion","2278":"ilid","2279":" yon","2280":"oise","2281":"nten","2282":" lip","2283":"iend","2284":"pisa","2285":"iber","2286":"tter","2287":"anlu","2288":"mois","2289":" sha","2290":"ook ","2291":" mau","2292":"lini","2293":" kuw","2294":"dor ","2295":"abis","2296":" k ","2297":" cal","2298":" abr","2299":" dad","2300":"jeru","2301":"iver","2302":"naan","2303":"aglu","2304":"pito","2305":"asto","2306":"umpu","2307":"lina","2308":"atir","2309":" tri","2310":" ung","2311":"nood","2312":"lase","2313":" cor","2314":"gtan","2315":"mbah","2316":" kla","2317":" dar","2318":"eral","2319":"ukbo","2320":"anli","2321":"pany","2322":"ktan","2323":"tok ","2324":"asaa","2325":"wira","2326":"ikha","2327":"tiku","2328":"maso","2329":"akba","2330":" pit","2331":"kahu","2332":"impo","2333":"amum","2334":"pabl","2335":" dig","2336":"umar","2337":"anse","2338":"ndok","2339":"ilim","2340":" pau","2341":"comm","2342":" lat","2343":" hel","2344":"prin","2345":"inip","2346":"ahe ","2347":"red ","2348":" str","2349":"nor ","2350":"hank","2351":" hai","2352":"imik","2353":"bon ","2354":" is ","2355":"siye","2356":"tibo","2357":"stat","2358":"hukb","2359":"ular","2360":"new ","2361":"bigl","2362":"aaga","2363":"elin","2364":"uta ","2365":"his ","2366":" fil","2367":"poy ","2368":"bag ","2369":"per ","2370":"akaw","2371":"gusa","2372":"gkap","2373":"usta","2374":"ite ","2375":"thum","2376":"eeee","2377":"ausa","2378":"titu","2379":"akta","2380":"iyen","2381":"apoy","2382":"tak ","2383":"dia ","2384":"igo ","2385":"metr","2386":"humb","2387":"anyo","2388":"tant","2389":"deng","2390":"dyo ","2391":" pis","2392":" pic","2393":"akul","2394":"ranc","2395":"nasu","2396":"maru","2397":"iwa ","2398":"iang","2399":"sago","2400":"tagp","2401":"line","2402":"gila","2403":"tron","2404":"iyah","2405":"agii","2406":"nika","2407":"ukoy","2408":"sak ","2409":"inuh","2410":"art ","2411":"ayap","2412":"pago","2413":"nib ","2414":"simb","2415":"sida","2416":"age ","2417":" awi","2418":"kaay","2419":"hha ","2420":"kilo","2421":"pulo","2422":"ntua","2423":" ele","2424":"tusa","2425":"sia ","2426":"abul","2427":"ward","2428":"atab","2429":"hulu","2430":"amar","2431":" lit","2432":"tara","2433":" thu","2434":" col","2435":" tip","2436":"work","2437":"adis","2438":"ndar","2439":"rya ","2440":" met","2441":" awa","2442":"ulot","2443":"inda","2444":"tani","2445":"imut","2446":"aris","2447":"utus","2448":"sens","2449":"arah","2450":"tayi","2451":"uhin","2452":"etro","2453":"choo","2454":"naun","2455":"puli","2456":"nog ","2457":"ngku","2458":"arar","2459":"asus","2460":" ben","2461":"rara","2462":" yam","2463":"impl","2464":"sili","2465":"good","2466":"musi","2467":"teo ","2468":"akbo","2469":"rol ","2470":"ktor","2471":" any","2472":" sur","2473":"ulak","2474":"grap","2475":" tur","2476":"kant","2477":"puan","2478":"scho","2479":"adam","2480":"mal ","2481":"bast","2482":"ima ","2483":"tuha","2484":"atol","2485":"tera","2486":"iwas","2487":"nuno","2488":"ear ","2489":"aisi","2490":"gkot","2491":"bara","2492":"tuan","2493":"buko","2494":"lid ","2495":"tes ","2496":" t ","2497":" bra","2498":"pada","2499":"ell ","2500":"kinu","2501":" gaa","2502":"gdag","2503":" all","2504":"olis","2505":"arte","2506":" don","2507":"ord ","2508":"liba","2509":"libi","2510":"rana","2511":" hir","2512":" tek","2513":"gsip","2514":"ren ","2515":"ela ","2516":"bati","2517":"uluw","2518":"tern","2519":" she","2520":"aluk","2521":"ehiy","2522":"ahas","2523":"agku","2524":"apis","2525":"ustr","2526":"uot ","2527":"uwir","2528":" pot","2529":"hula","2530":"stud","2531":"ampo","2532":"cent","2533":"ibut","2534":"agna","2535":"insi","2536":"uin ","2537":"eden","2538":"suga","2539":"ute ","2540":"gkah","2541":" fri","2542":"kaug","2543":"yoko","2544":"gdal","2545":"api ","2546":" lay","2547":"karu","2548":"nasi","2549":" her","2550":"nalo","2551":"arag","2552":"mbin","2553":"kop ","2554":"nira","2555":"dili","2556":"sapi","2557":"stik","2558":"agod","2559":"galo","2560":"lati","2561":"hasa","2562":"asul","2563":"vers","2564":"ines","2565":"syad","2566":"mpor","2567":"ubha","2568":"ipat","2569":"twee","2570":"lano","2571":"ihir","2572":"pusa","2573":"ort ","2574":"inau","2575":" usa","2576":"porm","2577":"asuk","2578":"samb","2579":" net","2580":"ack ","2581":"mes ","2582":"iel ","2583":"our ","2584":"umuk","2585":"medy","2586":"sir ","2587":"esto","2588":" dir","2589":"ontr","2590":" tar","2591":"umb|","2592":"dam ","2593":"ipon","2594":"biha","2595":"hool","2596":"auha","2597":"waan","2598":"kaus","2599":"bak ","2600":"ones","2601":"lubh","2602":"iden","2603":"piko","2604":"taly","2605":"talo","2606":"ons ","2607":"lapa","2608":"mper","2609":"manu","2610":"abak","2611":"indo","2612":" ugn","2613":"tain","2614":" bet","2615":"ilon","2616":" ped","2617":"ever","2618":"unma","2619":"ubuk","2620":"opul","2621":"himi","2622":" on ","2623":"ank ","2624":" jua","2625":"rto ","2626":"pila","2627":"bog ","2628":" dib","2629":" gre","2630":" che","2631":"isis","2632":" aal","2633":" phi","2634":"inad","2635":"juan","2636":" tuw","2637":"ubuh","2638":"lhin","2639":"esti","2640":" la ","2641":"sakt","2642":"phil","2643":"ohiy","2644":" tem","2645":"anma","2646":"over","2647":"popu","2648":" aba","2649":" dun","2650":"gkam","2651":" opi","2652":"umut","2653":"prod","2654":"gsim","2655":"atig","2656":"gma ","2657":"sigl","2658":"aste","2659":"aisa","2660":"aaha","2661":"puri","2662":"gtut","2663":" lol","2664":"amot","2665":" dil","2666":"aunt","2667":" sol","2668":"entr","2669":"nomi","2670":" hoy","2671":"amen","2672":"ngah","2673":"agus","2674":"angm","2675":"tive","2676":" tre","2677":"espe","2678":"kais","2679":"dent","2680":"mami","2681":"niha","2682":"suot","2683":" sto","2684":"onom","2685":"kast","2686":"yunm","2687":"dulo","2688":"likh","2689":"ery ","2690":"ahoy","2691":"tauh","2692":"rodu","2693":"tran","2694":"ilak","2695":"side","2696":"angp","2697":" jac","2698":"asim","2699":" sat","2700":" ran","2701":"masu","2702":" uto","2703":" ene","2704":"unog","2705":"alub","2706":"aani","2707":"reho","2708":"inus","2709":"ukla","2710":"nghi","2711":"mpa ","2712":"atit","2713":"awaw","2714":"orry","2715":"igna","2716":"ndah","2717":"pato","2718":"bait","2719":"ukod","2720":"leng","2721":"naaa","2722":"lon ","2723":"gpal","2724":" wat","2725":"kagu","2726":"anhi","2727":" yea","2728":"ggaw","2729":"yaga","2730":"ence","2731":" cla","2732":"tar ","2733":"rega","2734":"puro","2735":"rdin","2736":" bir","2737":"gkab","2738":"don ","2739":"nayo","2740":"paar","2741":"elan","2742":" or ","2743":"omas","2744":"ghal","2745":"pak ","2746":" nay","2747":"ape ","2748":"niti","2749":"naal","2750":" shi","2751":"obye","2752":"kanl","2753":"ggag","2754":"gany","2755":" nob","2756":" des","2757":"hel ","2758":"isas","2759":"chan","2760":"inib","2761":"agut","2762":"olit","2763":"nuha","2764":"sorr","2765":"pisy","2766":" b ","2767":"lubo","2768":"stas","2769":"muno","2770":"greg","2771":"jud ","2772":" sug","2773":"misi","2774":"asen","2775":"inik","2776":" egi","2777":"ser ","2778":"mism","2779":"stit","2780":"turi","2781":" pup","2782":" fra","2783":"dro ","2784":"ndaa","2785":"gail","2786":"atia","2787":"nime","2788":"nder","2789":"eheh","2790":"ike ","2791":" gen","2792":"abig","2793":" sek","2794":"kore","2795":"egip","2796":"aiin","2797":"gsil","2798":"gmaa","2799":" aha","2800":"orin","2801":" web","2802":"awi ","2803":"dio ","2804":"ilik","2805":"ngma","2806":"biya","2807":" del","2808":"ukol","2809":"hone","2810":"igas","2811":"anom","2812":"guto","2813":"mik ","2814":"ner ","2815":"lura","2816":" pad","2817":"ulas","2818":"ndon","2819":"inuk","2820":"emen","2821":"mita","2822":" swe","2823":"omun","2824":"panu","2825":"gsus","2826":"was ","2827":"rasy","2828":"aana","2829":" amp","2830":" bri","2831":" tea","2832":" him","2833":"nahu","2834":"trat","2835":"kaaw","2836":"ndih","2837":"sult","2838":" iha","2839":"itaw","2840":"ukuy","2841":"irin","2842":" eks","2843":"ost ","2844":"waga","2845":" tut","2846":"espa","2847":"tubo","2848":"namu","2849":"wara","2850":"ist ","2851":"hama","2852":"iksi","2853":"ropa","2854":" sea","2855":"luku","2856":"opa ","2857":" iis","2858":"musu","2859":"ubo ","2860":"boli","2861":" pho","2862":" maw","2863":"lipu","2864":"ryen","2865":"kamp","2866":" nad","2867":"ota ","2868":"ayok","2869":"ober","2870":"eses","2871":"gsak","2872":"agab","2873":"ngai","2874":"agum","2875":"alid","2876":"epek","2877":"out ","2878":"unun","2879":"uhat","2880":" lig","2881":"men ","2882":"rgan","2883":"bern","2884":"eee ","2885":"uko ","2886":"uton","2887":"alha","2888":"bis ","2889":"happ","2890":" leo","2891":"inai","2892":"kaku","2893":"ant ","2894":"aton","2895":"isya","2896":"toma","2897":"ory ","2898":"iniu","2899":"grad","2900":"orea","2901":"uluh","2902":"elo ","2903":"eon ","2904":"gpun","2905":"ungu","2906":"tiga","2907":"nubu","2908":"eeli","2909":"nsti","2910":"tren","2911":"inir","2912":"gbub","2913":"enda","2914":"nibe","2915":"ongr","2916":"ona ","2917":"asig","2918":"bese","2919":"uni ","2920":"atch","2921":"rea ","2922":"diha","2923":"hain","2924":"ppin","2925":"anik","2926":"gint","2927":"umba","2928":"tigi","2929":"cal ","2930":"ghin","2931":"gaba","2932":"euro","2933":"usul","2934":"atik","2935":"ket ","2936":"isda","2937":"kaut","2938":"mutu","2939":"rant","2940":"nghe","2941":"sahi","2942":"ugal","2943":"gtit","2944":"ets ","2945":"orde","2946":"agah","2947":"kons","2948":"mago","2949":"gbah","2950":" kol","2951":"ngpu","2952":"llo ","2953":"yas ","2954":"aina","2955":"ngaa","2956":"apri","2957":"mahu","2958":"rest","2959":"dire","2960":"mura","2961":"mand","2962":"oban","2963":" ham","2964":"payo","2965":"tik ","2966":"ipak","2967":"taw ","2968":" u ","2969":"ngla","2970":"eres","2971":"ituw","2972":"atra","2973":" d ","2974":"ryon","2975":" rus","2976":"mpay","2977":"ount","2978":"asum","2979":"agki","2980":"maag","2981":"umis","2982":"ball","2983":" wak","2984":"atah","2985":"gisa","2986":"amad","2987":"kili","2988":"mple","2989":"gsam","2990":"rye ","2991":"wari","2992":"edro","2993":"like","2994":"stol","2995":"agdi","2996":"has ","2997":" asi","2998":"ola ","2999":"lag ","3000":"sona","3001":"lia ","3002":" dul","3003":"rali","3004":"lok ","3005":" law","3006":"gla ","3007":"nisa","3008":"orga","3009":"agpi","3010":"ctur","3011":"ngli","3012":"amon","3013":" far","3014":"nam ","3015":"cial","3016":"agya","3017":"lng ","3018":"ide ","3019":" tro","3020":"ebre","3021":"ade ","3022":"ulta","3023":"temp","3024":"amig","3025":"gump","3026":"ish ","3027":"dalh","3028":"ooba","3029":"maku","3030":" oy ","3031":"nlur","3032":"ande","3033":"tuto","3034":"dun ","3035":"hatu","3036":"kuwe","3037":"umip","3038":"ngre","3039":"opis","3040":" boy","3041":"autu","3042":"jose","3043":" it ","3044":"peta","3045":"tahi","3046":"husa","3047":"ilaw","3048":"ust ","3049":"rupo","3050":"kaar","3051":"uya ","3052":"awas","3053":"gpua","3054":" aso","3055":"saul","3056":"past","3057":"pulu","3058":"ugin","3059":" suk","3060":"oto ","3061":"hell","3062":"nino","3063":"agre","3064":"mart","3065":"tch ","3066":"aita","3067":"labo","3068":" set","3069":"glin","3070":"cris","3071":"ndit","3072":"awaa","3073":"hika","3074":"ipad","3075":" eli","3076":"trol","3077":"ath ","3078":"rus ","3079":"ible","3080":"esis","3081":"leas","3082":"lain","3083":"ill ","3084":"ibot","3085":"hima","3086":"tori","3087":" hea","3088":"ihim","3089":"gili","3090":"fran","3091":"tipa","3092":"ger ","3093":"olog","3094":"chin","3095":"embe","3096":"chat","3097":" ram","3098":"ghel","3099":"must","3100":"nunu","3101":"ram ","3102":"uksa","3103":"gipt","3104":"unib","3105":"nun ","3106":"gako","3107":"pine","3108":"sad ","3109":" gur","3110":"glul","3111":"sugo","3112":"ardi","3113":" war","3114":"mapi","3115":"papu","3116":"arch","3117":"uhuh","3118":"ctio","3119":"ppy ","3120":"apam","3121":"ipun","3122":"appy","3123":"urop","3124":"enit","3125":"ggam","3126":"utom","3127":"bilo","3128":"usay","3129":" sau","3130":"utas","3131":" dep","3132":"ith ","3133":"oses","3134":"sako","3135":" cou","3136":"alhi","3137":"yoso","3138":"ahap","3139":" eur","3140":" spe","3141":"piya","3142":"can ","3143":" jan","3144":" woo","3145":" tau","3146":"gamo","3147":"gdad","3148":"bisi","3149":"iter","3150":"ical","3151":"pigi","3152":"ello","3153":"sisy","3154":"nihi","3155":" yum","3156":"tagl","3157":" not","3158":"ntra","3159":"higa","3160":"syem","3161":"nlan","3162":"udio","3163":"eksi","3164":"klak","3165":"siko","3166":"fili","3167":"ipik","3168":"ome ","3169":"agdu","3170":" tod","3171":"ions","3172":" biy","3173":"yuni","3174":" apr","3175":"akya","3176":"rder","3177":" akt","3178":"siwa","3179":"nibi","3180":"iyem","3181":" hun","3182":"magm","3183":" hi ","3184":"opet","3185":"gol ","3186":"phon","3187":" up ","3188":"abib","3189":"ound","3190":" dra","3191":"kase","3192":"kaan","3193":"ars ","3194":"rida","3195":" nor","3196":"lla ","3197":"erno","3198":"marc","3199":"uwin","3200":" cut","3201":" alb","3202":"teri","3203":" fre","3204":"eran","3205":"usug","3206":"nauu","3207":"trop","3208":"tral","3209":"rese","3210":"band","3211":"eho ","3212":"irah","3213":" sad","3214":"iisa","3215":" win","3216":" eng","3217":"alog","3218":"lakb","3219":"medi","3220":" cri","3221":" mod","3222":"paa ","3223":"yant","3224":"een ","3225":" gas","3226":"cana","3227":"busa","3228":"nts ","3229":"ihah","3230":"sint","3231":"lakl","3232":"pota","3233":"coun","3234":"auli","3235":"apo ","3236":"lhat","3237":"ugto","3238":"bayo","3239":" dya","3240":"ende","3241":"nigh","3242":" cho","3243":"ken ","3244":"play","3245":"tere","3246":"amis","3247":"kape","3248":"ukat","3249":"ambo","3250":"umit","3251":" c ","3252":" joh","3253":"sunu","3254":"him ","3255":"minu","3256":"walh","3257":"ere ","3258":"lans","3259":"lyan","3260":"pre ","3261":" eni","3262":" dia","3263":"nses","3264":"ippi","3265":"ungi","3266":"unto","3267":"rsiy","3268":"ksan","3269":"onte","3270":"ctor","3271":"nain","3272":"lly ","3273":"gram","3274":"des ","3275":" lil","3276":" kus","3277":"year","3278":"bumi","3279":"anch","3280":"ibro","3281":"bra ","3282":"asis","3283":"itte","3284":"yuma","3285":"nism","3286":"bok ","3287":"lino","3288":"agos","3289":"den ","3290":"mpas","3291":"guba","3292":"star","3293":"sig ","3294":"mary","3295":"nalu","3296":" wil","3297":"this","3298":"kura","3299":"ilo ","3300":" tup","3301":"lipp","3302":"tila","3303":"rapi","3304":" ili","3305":"tuko","3306":"pisi","3307":"dalo","3308":"gari","3309":"utub","3310":" tsa","3311":"ngki","3312":"nhi ","3313":"kbay","3314":" reh","3315":" dik","3316":"liw ","3317":"puti","3318":"rsid","3319":"ahiy","3320":"hhaa","3321":" wit","3322":"nds ","3323":"abra","3324":"gura","3325":" uta","3326":" bol","3327":" liw","3328":"olo ","3329":" bos","3330":"utuk","3331":"uka ","3332":" cam","3333":" nig","3334":"erat","3335":"angs","3336":"mode","3337":"agwa","3338":"ida ","3339":" kot","3340":"seng","3341":"tis ","3342":"esul","3343":" org","3344":"ple ","3345":"comp","3346":"rot ","3347":"sda ","3348":"sulo","3349":"haa ","3350":"mig ","3351":"iglo","3352":"wad ","3353":"isam","3354":"bhan","3355":"ubuo","3356":"rch ","3357":"aint","3358":"stre","3359":"ease","3360":"miga","3361":"lanm","3362":" hih","3363":"ilib","3364":"eso ","3365":"righ","3366":"alom","3367":"uper","3368":"nupa","3369":"auti","3370":"anaw","3371":"pedr","3372":"augn","3373":" tae","3374":"mika","3375":"ower","3376":"webs","3377":"ris ","3378":"iti ","3379":"aawi","3380":"orni","3381":" ist","3382":"nano","3383":"iram","3384":"akop","3385":"ictu","3386":"gmul","3387":" eve","3388":"isla","3389":"umih","3390":"uel ","3391":"pict","3392":"bisa","3393":"andr","3394":"ido ","3395":"lamb","3396":"arir","3397":"oma ","3398":"ultu","3399":"bita","3400":"puto","3401":"takb","3402":"cute","3403":"umik","3404":"kuni","3405":"gumi","3406":" guy","3407":"lta ","3408":"ecti","3409":"name","3410":"osyo","3411":"ugat","3412":" tsi","3413":" mac","3414":" ibo","3415":"sado","3416":"yana","3417":" sai","3418":"ica ","3419":"resu","3420":"gtag","3421":" amo","3422":"igat","3423":"best","3424":"rio ","3425":"bal ","3426":"pasu","3427":"aul ","3428":"abri","3429":" gri","3430":"stin","3431":"erya","3432":"paal","3433":" ros","3434":"glay","3435":"gugu","3436":"gung","3437":"tudy","3438":"ustu","3439":"ubat","3440":"onti","3441":" abs","3442":"isye","3443":"klam","3444":"aluw","3445":" gir","3446":"yeng","3447":"impa","3448":"usik","3449":"une ","3450":"rere","3451":"ings","3452":"rita","3453":"hen ","3454":"ilii","3455":" lt ","3456":"imit","3457":"ipal","3458":"tate","3459":"able","3460":"oria","3461":"wood","3462":"ltur","3463":" dok","3464":" hen","3465":"runo","3466":"rain","3467":"rso ","3468":" twi","3469":"toon","3470":" gil","3471":"supe","3472":"jowa","3473":" igi","3474":"oso ","3475":"tago","3476":"amp ","3477":"park","3478":"very","3479":"base","3480":"lamp","3481":"emon","3482":"hok ","3483":"rina","3484":"maal","3485":" nel","3486":"udya","3487":"mad ","3488":"asir","3489":"dal ","3490":"glan","3491":"edit","3492":"use ","3493":"sat ","3494":" bur","3495":"kuwa","3496":"yaka","3497":" mem","3498":"asik","3499":"imo ","3500":"aipa","3501":"migi","3502":"yona","3503":"esia","3504":"riri","3505":"kump","3506":"sko ","3507":"grup","3508":"itat","3509":"owa ","3510":"ius ","3511":"arto","3512":"babi","3513":"gasy","3514":" cas","3515":"inla","3516":"obo ","3517":"glak","3518":"isig","3519":" cen","3520":"glo ","3521":"ubon","3522":"ekta","3523":"girl","3524":" abo","3525":"nusu","3526":" twe","3527":"itar","3528":"tipo","3529":"mpre","3530":" dem","3531":"tign","3532":"alus","3533":"omon","3534":"onan","3535":" iwa","3536":" cat","3537":"ehon","3538":" lev","3539":"glag","3540":" fro","3541":"rno ","3542":" iki","3543":"gbag","3544":"gian","3545":"back","3546":"laal","3547":"ubus","3548":"aray","3549":"sper","3550":"hhh ","3551":"aiwa","3552":"pins","3553":"nero","3554":" ari","3555":"pal ","3556":"nger","3557":"ave ","3558":"asap","3559":"gags","3560":"ono ","3561":"here","3562":"not ","3563":"prot","3564":"kwen","3565":"get ","3566":"napu","3567":"itus","3568":"lip ","3569":"tine","3570":"glab","3571":"bulu","3572":" kuy","3573":" boo","3574":" sem","3575":"rehi","3576":"niel","3577":" n ","3578":" as ","3579":"inor","3580":" gru","3581":"lusy","3582":"rica","3583":"nita","3584":" hat","3585":"repu","3586":" abi","3587":"wart","3588":" poo","3589":"boy ","3590":"hays","3591":"nasy","3592":"miye","3593":"week","3594":"kare","3595":"akti","3596":"angd","3597":"rins","3598":"ryal","3599":"ukuh","3600":"buki","3601":"kult","3602":"ethe","3603":"kuta","3604":"paul","3605":"hhhh","3606":"hani","3607":" kis","3608":"lson","3609":"rom ","3610":" neg","3611":" uko","3612":"wer ","3613":"egas","3614":" bel","3615":"gman","3616":" bud","3617":" wee","3618":" bac","3619":" kur","3620":" lor","3621":"lolo","3622":"aten","3623":"edad","3624":" unt","3625":"niis","3626":"book","3627":" vid","3628":" bea","3629":"ayba","3630":"mars","3631":"isay","3632":" ken","3633":"ipi ","3634":" y ","3635":"mihi","3636":"span","3637":"yes ","3638":"utis","3639":"bert","3640":" ast","3641":"radi","3642":"tim ","3643":"pape","3644":"ipis","3645":"nsya","3646":"nna ","3647":"ipil","3648":"inug","3649":"rela","3650":"toli","3651":"layu","3652":"with","3653":"iro ","3654":"urad","3655":"ipar","3656":"nive","3657":" pen","3658":"hard","3659":"gsik","3660":"irek","3661":"tily","3662":"tig ","3663":"mmun","3664":"limi","3665":" miy","3666":"mbro","3667":" fan","3668":"tadi","3669":"ngs ","3670":"ikod","3671":"mont","3672":"gkul","3673":"niki","3674":"ndai","3675":"pamu","3676":"ibib","3677":"ext ","3678":"ames","3679":"nuto","3680":"mapu","3681":"ini ","3682":"kots","3683":"tusy","3684":" stu","3685":"own ","3686":"nera","3687":"llow","3688":"onia","3689":"agug","3690":" wha","3691":"tog ","3692":"eam ","3693":"ahaw","3694":"mulo","3695":"ikaa","3696":"inya","3697":"pend","3698":"tse ","3699":"abuk","3700":"otse","3701":" itu","3702":"ayad","3703":"iino","3704":"kumi","3705":"unyo","3706":"uter","3707":"yani","3708":"loko","3709":"naro","3710":" lon","3711":"trad","3712":"seks","3713":"tsin","3714":"birt","3715":"illa","3716":" kel","3717":" off","3718":"anup","3719":"wers","3720":"omet","3721":"nso ","3722":" teo","3723":"ersa","3724":"ert ","3725":"napo","3726":"ruan","3727":"spec","3728":" rec","3729":"ulis","3730":"lasi","3731":"judi","3732":"kari","3733":" que","3734":" dek","3735":" ver","3736":"oroo","3737":"asiw","3738":"tism","3739":"abor","3740":"agib","3741":"yad ","3742":"roro","3743":"ntah","3744":"irth","3745":"rmas","3746":"maon","3747":"thin","3748":"form","3749":" tho","3750":"ler ","3751":"numb","3752":"ksik","3753":"othe","3754":" lea","3755":"buho","3756":"ngap","3757":"rahi","3758":"ayt ","3759":"utol","3760":" isd","3761":"ermi","3762":" ta ","3763":" kut","3764":"mung","3765":"olik","3766":"mimi","3767":" num","3768":"pist","3769":"bent","3770":"ganu","3771":"oobi","3772":" was","3773":"rman","3774":"ters","3775":"gene","3776":"deo ","3777":"put ","3778":"sanl","3779":"gaaw","3780":"ommu","3781":" det","3782":"take","3783":"kip ","3784":"ndig","3785":"nyag","3786":" exp","3787":" cre","3788":"sisa","3789":"oot ","3790":"ass ","3791":"ntun","3792":"mpub","3793":" lap","3794":"adil","3795":" ple","3796":"mbal","3797":"ihiw","3798":"indu","3799":"walo","3800":"real","3801":"ghat","3802":"ean ","3803":"tres","3804":"sura","3805":"upat","3806":" kuk","3807":"nest","3808":"diba","3809":"oduk","3810":"aror","3811":"esyo","3812":"rta ","3813":"ugod","3814":"anie","3815":" cit","3816":"mail","3817":" edi","3818":"alok","3819":"siti","3820":"upad","3821":"antu","3822":"isi ","3823":"apil","3824":"moy ","3825":"iiwa","3826":" ide","3827":"let ","3828":"isil","3829":"gaka","3830":"aaal","3831":"ways","3832":" hou","3833":"sue ","3834":"sahe","3835":" exc","3836":" son","3837":"seas","3838":"damb","3839":"iga ","3840":"lisi","3841":" jow","3842":"suwa","3843":" bob","3844":"osib","3845":"nago","3846":"idin","3847":"hai ","3848":"date","3849":"ukto","3850":"cont","3851":" tou","3852":"ans ","3853":"apul","3854":"dom ","3855":"ahus","3856":"kamu","3857":"nels","3858":"arso","3859":"maas","3860":"supo","3861":"ode ","3862":"omiy","3863":"adla","3864":"serv","3865":"estu","3866":"ffic","3867":"come","3868":"kid ","3869":" taa","3870":" lis","3871":"dila","3872":" bub","3873":" are","3874":"reak","3875":" eda","3876":"rent","3877":"brah","3878":"ideo","3879":"albu","3880":"witt","3881":"just","3882":" mr ","3883":"bad ","3884":"syan","3885":"lway","3886":"acha","3887":"sena","3888":" sit","3889":"serb","3890":"liks","3891":"umuw","3892":"sine","3893":"sibl","3894":"rily","3895":"univ","3896":"twit","3897":"umpo","3898":"gibi","3899":"nigy","3900":"duka","3901":"view","3902":"gsan","3903":"awad","3904":"pok ","3905":"pol ","3906":" ago","3907":"stos","3908":"maii","3909":" by ","3910":"john","3911":"ugon","3912":" isl","3913":"sasy","3914":"bags","3915":"iing","3916":"ipe ","3917":"luta","3918":"gham","3919":" fir","3920":"tsa ","3921":"ggil","3922":"nlib","3923":"ect ","3924":"har ","3925":"mora","3926":" mur","3927":"bitu","3928":"nsip","3929":" wan","3930":"test","3931":"rogr","3932":"demo","3933":"sagi","3934":" acc","3935":"unug","3936":" foo","3937":" am ","3938":" hom","3939":"prog","3940":"katl","3941":"hamb","3942":"ney ","3943":"ensa","3944":"ale ","3945":"arum","3946":"nesi","3947":"gle ","3948":"ania","3949":"loka","3950":"easo","3951":"yawa","3952":"mind","3953":"aghu","3954":"apel","3955":"umao","3956":"ngab","3957":"uris","3958":"top ","3959":"liha","3960":"uhul","3961":"dani","3962":"empl","3963":"itig","3964":"guan","3965":"oro ","3966":" ada","3967":" ope","3968":"kapo","3969":"elso","3970":"ahiw","3971":" mov","3972":"bobo","3973":" ger","3974":"tary","3975":"cher","3976":"adin","3977":"ales","3978":"maay","3979":" haw","3980":"umup","3981":"thda","3982":" ga ","3983":"kela","3984":"anad","3985":" pet","3986":"rthd","3987":"tuli","3988":"rism","3989":" lih","3990":"ggol","3991":" p ","3992":" luc","3993":"utun","3994":"gpup","3995":"game","3996":"gid ","3997":"nip ","3998":"egal","3999":"eric","4000":"unla","4001":"awid","4002":"naas","4003":"mall","4004":"kola","4005":"ompa","4006":"imen","4007":"rero","4008":"more","4009":"lass","4010":"ears","4011":"watc","4012":"regi","4013":"pasy","4014":"nato","4015":"ngda","4016":"tati","4017":"city","4018":"diwa","4019":"imon","4020":"adya","4021":" lng","4022":"dokt","4023":"akpa","4024":"wagi","4025":" app","4026":"erte","4027":"from","4028":"dlan","4029":"jaco","4030":"alot","4031":"ited","4032":"astr","4033":" soc","4034":"kadi","4035":"aguu","4036":"runu","4037":"onya","4038":"gaal","4039":"zon ","4040":"bark","4041":" bla","4042":" ass","4043":"ilil","4044":"resi","4045":"ray ","4046":"mark","4047":" rad","4048":"ngaw","4049":" fac","4050":"muko","4051":" kes","4052":" sou","4053":"ock ","4054":"cob ","4055":"alle","4056":"vide","4057":"acob","4058":"baut","4059":"lbum","4060":"shin","4061":"ally","4062":"untu","4063":" ok ","4064":"dini","4065":"sure","4066":"that","4067":"bril","4068":"nat ","4069":"iii ","4070":" ste","4071":"rty ","4072":"erin","4073":"ctiv","4074":"iint","4075":"ubun","4076":"aku ","4077":"high","4078":"usum","4079":"brit","4080":"ache","4081":"inhi","4082":"eka ","4083":"ces ","4084":" tor","4085":"rato","4086":"lant","4087":" cel","4088":" bot","4089":"mbab","4090":"undu","4091":"lent","4092":"loni","4093":"bayi","4094":" q ","4095":" ori","4096":"agtr","4097":"aber","4098":"atiw","4099":"rakt","4100":"eel ","4101":"ryaa","4102":"beth","4103":"giis","4104":"umi ","4105":"sian","4106":" ino","4107":" g ","4108":"gapi","4109":"lol ","4110":"hday","4111":"oral","4112":"cali","4113":"plea","4114":"ingd","4115":"hero","4116":"pesy","4117":"ensy","4118":"lite","4119":"balo","4120":" gat","4121":"orit","4122":"empe","4123":"mak ","4124":"mune","4125":"nday","4126":"haro","4127":"apab","4128":"stuh","4129":"levi","4130":"epub","4131":"diri","4132":"elli","4133":"ukul","4134":"sag ","4135":"achi","4136":"ndia","4137":"liny","4138":"edia","4139":"tunt","4140":" aus","4141":"tra ","4142":"kolo","4143":"mesa","4144":"itut","4145":"ggin","4146":"aust","4147":"takd","4148":"rose","4149":"nghu","4150":"isai","4151":"impe","4152":"ile ","4153":"ipap","4154":"nugi","4155":" arm","4156":"live","4157":"aken","4158":"ghar","4159":"ukal","4160":"adan","4161":"yyy ","4162":"onse","4163":"yern","4164":"ego ","4165":"rate","4166":" epe","4167":"but ","4168":"ngel","4169":"tipi","4170":" gob","4171":"yund","4172":"nado","4173":"ekon","4174":"less","4175":"kale","4176":"sign","4177":"arot","4178":"rks ","4179":" fin","4180":"kog ","4181":" nic","4182":"muwi","4183":"atar","4184":"ader","4185":"peci","4186":"alug","4187":"uuna","4188":"akuk","4189":"repl","4190":"read","4191":"aupo","4192":" bih","4193":"kagi","4194":"aaro","4195":"unya","4196":" rai","4197":"ese ","4198":" edu","4199":"yahe","4200":" joa","4201":"dol ","4202":"team","4203":"ondo","4204":"umbe","4205":"gdaa","4206":"unso","4207":"amim","4208":"iral","4209":" h ","4210":"clas","4211":"mar ","4212":"pumi","4213":"ecia","4214":" tol","4215":"shar","4216":"deka","4217":"mist","4218":"maip","4219":"kono","4220":"arty","4221":"ukid","4222":"gast","4223":" one","4224":"life","4225":"ural","4226":"lend","4227":"term","4228":"yste","4229":"kyan","4230":"rmin","4231":"tuin","4232":"ihag","4233":" be ","4234":"oom ","4235":"ism ","4236":"dag ","4237":"nida","4238":"alad","4239":"ince","4240":"arao","4241":" mom","4242":"mira","4243":"your","4244":"sain","4245":"raph","4246":"manh","4247":"bum ","4248":"acti","4249":"low ","4250":"ibis","4251":"itim","4252":"inim","4253":" gar","4254":"yam ","4255":"thal","4256":"niko","4257":"lomo","4258":" lok","4259":"maib","4260":"ead ","4261":"spes","4262":"essi","4263":"yer ","4264":"olle","4265":"noby","4266":"paru","4267":"akis","4268":"ife ","4269":"rds ","4270":"ics ","4271":" isu","4272":"ashi","4273":"nail","4274":"eser","4275":" yes","4276":"sayt","4277":"ark ","4278":"riti","4279":" hes","4280":"und ","4281":"hinu","4282":"ace ","4283":"erto","4284":"ebe ","4285":"rsit","4286":"arak","4287":"erde","4288":"wapo","4289":"atau","4290":"lays","4291":"eart","4292":"luns","4293":"esya","4294":"set ","4295":"eter","4296":"many","4297":"imag","4298":"rihi","4299":"dary","4300":"gira","4301":" epi","4302":"bain","4303":"baby","4304":"trip","4305":"wens","4306":"cia ","4307":"gkuk","4308":"aahh","4309":"oper","4310":"sera","4311":"lehi","4312":"aksa","4313":"itor","4314":"brer","4315":"lugo","4316":"tour","4317":"ghuh","4318":"pabi","4319":"mipa","4320":"das ","4321":"gtra","4322":"leon","4323":"ambu","4324":"exam","4325":" chr","4326":"ktib","4327":" pip","4328":"lumu","4329":"ngia","4330":" kwe","4331":"soci","4332":"bumu","4333":"oard","4334":"lab ","4335":"bhas","4336":" gis","4337":"stah","4338":"imin","4339":"ise ","4340":"bari","4341":"isod","4342":" wa ","4343":"tabe","4344":" clo","4345":" air","4346":"smon","4347":" exa","4348":"rand","4349":"iyer","4350":"ilat","4351":" ayu","4352":"gine","4353":"oke ","4354":"ntao","4355":"upor","4356":"iew ","4357":" ten","4358":"leo ","4359":"mplo","4360":"trit","4361":"ents","4362":"iiya","4363":"nio ","4364":"now ","4365":"kton","4366":"kira","4367":"sog ","4368":"dalu","4369":"boar","4370":"lap ","4371":"ybay","4372":"mpon","4373":"aren","4374":" duk","4375":"kole","4376":"bel ","4377":"bayb","4378":"bint","4379":"abad","4380":"sipe","4381":"upit","4382":"van ","4383":"nhin","4384":"kome","4385":"anai","4386":"pot ","4387":"olat","4388":"twor","4389":" emp","4390":"eek ","4391":"orte","4392":" hot","4393":"kame","4394":"lubu","4395":"ayas","4396":"tiis","4397":"impi","4398":"sity","4399":"itai","4400":" leg","4401":"ator","4402":"ulyo","4403":"olus","4404":"nimo","4405":" chu","4406":"ampi","4407":"even","4408":"prik","4409":"nde ","4410":"isag","4411":" sec","4412":"gion","4413":"kda ","4414":"isat","4415":"inur","4416":"ella","4417":"onst","4418":"lump","4419":"shi ","4420":"atup","4421":"nary","4422":" rob","4423":"alye","4424":"repo","4425":"bsay","4426":"tens","4427":"net ","4428":"ektu","4429":"guhi","4430":"huly","4431":"abun","4432":"afte","4433":" mic","4434":"tero","4435":"nolo","4436":"gbal","4437":"gsit","4438":"empr","4439":"orsi","4440":"ooy ","4441":" sma","4442":"azar","4443":" imb","4444":"otek","4445":"poot","4446":" nes","4447":"gost","4448":"akia","4449":"ebsa","4450":"erem","4451":"del ","4452":"isen","4453":"east","4454":"igi ","4455":"hulo","4456":"umiy","4457":"rade","4458":"lipo","4459":"kusi","4460":"ntul","4461":"iser","4462":"egio","4463":"sata","4464":"meno","4465":"suri","4466":"usog","4467":"ktur","4468":" jor","4469":"edyo","4470":" act","4471":"eria","4472":"show","4473":"teka","4474":"gago","4475":"obin","4476":"atuk","4477":"logo","4478":"ipit","4479":"tlo ","4480":"gie ","4481":"itiw","4482":"dian","4483":" aft","4484":"eep ","4485":" den","4486":"hist","4487":"rata","4488":" sib","4489":"coll","4490":"isco","4491":"mens","4492":"apaw","4493":" gro","4494":"agil","4495":"tukl","4496":"umub","4497":"ntia","4498":"dya ","4499":"huny","4500":"gahu","4501":"isim","4502":"fter","4503":"alum","4504":"gkil","4505":"enor","4506":"itis","4507":"sit ","4508":"ries","4509":"yemp","4510":"rnin","4511":"swee","4512":"itun","4513":"lusu","4514":" yor","4515":" heb","4516":"ican","4517":"kdal","4518":"irst","4519":"yuan","4520":"etwo","4521":" asy","4522":" moo","4523":" sep","4524":" wel","4525":" boa","4526":" ann","4527":" pon","4528":"ryap","4529":"dram","4530":"ligo","4531":"sukl","4532":"firs","4533":"olon","4534":"bigi","4535":"stru","4536":"resy","4537":" ato","4538":"netw","4539":"brea","4540":"what","4541":"usko","4542":"wali","4543":"muka","4544":" imo","4545":"tuno","4546":"tany","4547":"nagn","4548":"nilu","4549":" luk","4550":" ent","4551":"rnak","4552":"epor","4553":"dwar","4554":"agpo","4555":"nsal","4556":"tino","4557":"seo ","4558":"este","4559":"akto","4560":"erma","4561":"comu","4562":"ario","4563":"rst ","4564":"haw ","4565":"illi","4566":"uwar","4567":"iibi","4568":"imot","4569":"kom ","4570":"uod ","4571":" kwa","4572":"chri","4573":"rote","4574":"eed ","4575":"ligh","4576":"uson","4577":"berd","4578":"apai","4579":" ima","4580":"gdat","4581":"ody ","4582":"aeng","4583":"omo ","4584":"ares","4585":"uck ","4586":"try ","4587":"kyot","4588":" let","4589":"hata","4590":"ous ","4591":"tatr","4592":"hene","4593":"saky","4594":"lto ","4595":"nipi","4596":"omed","4597":"rono","4598":"gpah","4599":" gub","4600":"well","4601":"assi","4602":"sept","4603":" jam","4604":" ug ","4605":"itir","4606":" idi","4607":"kuna","4608":"nego","4609":"colo","4610":"abit","4611":" tai","4612":" ya ","4613":"sakd","4614":" wow","4615":"resa","4616":"mera","4617":"olom","4618":"ipsi","4619":"west","4620":"umen","4621":"pluw","4622":" hol","4623":"ragd","4624":"pako","4625":" jon","4626":"kisa","4627":"rail","4628":"ugus","4629":"asid","4630":"york","4631":"worl","4632":" som","4633":" hon","4634":" out","4635":"sung","4636":"pawi","4637":"orld","4638":"gga ","4639":"riwa","4640":" ngi","4641":"ibre","4642":"elas","4643":"aywa","4644":"tyem","4645":"dust","4646":"ohn ","4647":"luwe","4648":"kdan","4649":"otan","4650":"eply","4651":"aabo","4652":"anig","4653":"lamo","4654":" esk","4655":"omen","4656":"reo ","4657":"iala","4658":"offi","4659":"ply ","4660":"act ","4661":"gagp","4662":"palo","4663":" gut","4664":"erne","4665":"nica","4666":"bit ","4667":"ratu","4668":"nagr","4669":"cho ","4670":"ink ","4671":"gipi","4672":"mayn","4673":"akun","4674":"ane ","4675":"sikl","4676":"uys ","4677":"ated","4678":"urua","4679":"isaa","4680":" uga","4681":"kuli","4682":"how ","4683":"triy","4684":"eer ","4685":"anne","4686":"abo ","4687":"ungg","4688":"lord","4689":"hshs","4690":"awto","4691":"arka","4692":"bunt","4693":"hebr","4694":" geo","4695":"eren","4696":"ndat","4697":"ail ","4698":"plo ","4699":"enyo","4700":"gkad","4701":"mplu","4702":"olan","4703":"nces","4704":"tnan","4705":"teks","4706":"buks","4707":"kumb","4708":"gres","4709":" iin","4710":"mans","4711":"pagn","4712":"arke","4713":"umad","4714":"ogo ","4715":"ipol","4716":"utak","4717":"ksyo","4718":"ick ","4719":"suli","4720":"kiba","4721":"iyam","4722":" go ","4723":"guys","4724":"arne","4725":"ubre","4726":"glar","4727":"rmal","4728":"body","4729":"lula","4730":" if ","4731":"eton","4732":"ibid","4733":" bik","4734":" tv ","4735":" koy","4736":"atis","4737":"bagu","4738":" bai","4739":" kop","4740":" awt","4741":"samu","4742":"subu","4743":" ehi","4744":" aks","4745":"ehip","4746":"aoy ","4747":"ekad","4748":"tamb","4749":"mput","4750":"iso ","4751":"himp","4752":" jap","4753":"mis ","4754":"iyas","4755":"itah","4756":"itib","4757":"yuna","4758":"uhok","4759":"lekt","4760":"diga","4761":"numi","4762":"irl ","4763":"asil","4764":" bad","4765":"amus","4766":"tans","4767":"mais","4768":" uy ","4769":" hak","4770":" an ","4771":"tle ","4772":"okon","4773":"next","4774":"ateo","4775":"ibal","4776":"hris","4777":"jusk","4778":"pel ","4779":" max","4780":"ngam","4781":"ker ","4782":"teor","4783":"tamp","4784":"riin","4785":"revi","4786":" gun","4787":"bin ","4788":" bre","4789":"ndus","4790":"rdan","4791":"gkin","4792":"agun","4793":"etye","4794":"gban","4795":"rth ","4796":"cons","4797":"ollo","4798":"arer","4799":"cien","4800":"hine","4801":"sety","4802":"hall","4803":"had ","4804":"kiss","4805":"unsa","4806":"igha","4807":"brow","4808":" reb","4809":"blac","4810":"ico ","4811":" end","4812":"pery","4813":"ryos","4814":"auma","4815":"komu","4816":"simp","4817":"dit ","4818":"ynil","4819":"ngsa","4820":"inha","4821":"iusa","4822":"eak ","4823":"lagy","4824":"unul","4825":"ntik","4826":"sam ","4827":"ora ","4828":"gkaa","4829":"self","4830":"orda","4831":" j ","4832":"pabo","4833":"obi ","4834":" fam","4835":"ends","4836":"cell","4837":"call","4838":"karn","4839":" val","4840":"piso","4841":"unis","4842":"spor","4843":"bebe","4844":"ienc","4845":"ndam","4846":"pilo","4847":"ten ","4848":"ahhh","4849":"octo","4850":"aias","4851":"redi","4852":"nny ","4853":"ille","4854":" blo","4855":" soo","4856":" sip","4857":"ikli","4858":"tric","4859":"iant","4860":"uron","4861":"ube ","4862":"dukt","4863":"upon","4864":"elep","4865":"omin","4866":" bon","4867":"siha","4868":"guta","4869":"luka","4870":"ayni","4871":"sani","4872":"muga","4873":"bela","4874":"malo","4875":"ulaa","4876":"hear","4877":"wow ","4878":"paku","4879":"lle ","4880":"apig","4881":"alde","4882":"linl","4883":"pen ","4884":" mot","4885":"apur","4886":" key","4887":"reen","4888":"bado","4889":" qua","4890":"tuyo","4891":" nex","4892":"esen","4893":"aby ","4894":"ying","4895":" oli","4896":"gtal","4897":"old ","4898":"nlin","4899":"damd","4900":"hare","4901":" vir","4902":"ach ","4903":"gpit","4904":"endi","4905":"ikot","4906":"magn","4907":"arta","4908":"itlo","4909":"ubut","4910":"egos","4911":"pira","4912":"goy ","4913":"tek ","4914":"alai","4915":"estr","4916":"byem","4917":"lda ","4918":" lif","4919":"ahad","4920":" ra ","4921":"rint","4922":"ikay","4923":"olin","4924":"igir","4925":"kesa","4926":"gpip","4927":"giti","4928":" sci","4929":"nus ","4930":" glo","4931":"eras","4932":"rip ","4933":"chil","4934":"isse","4935":"tel ","4936":"tent","4937":"once","4938":"ubog","4939":"sss ","4940":"rime","4941":"inee","4942":"int ","4943":"desi","4944":"lago","4945":"ree ","4946":"ouri","4947":"naa ","4948":"tot ","4949":"nlad","4950":"eno ","4951":"bori","4952":"agui","4953":"arks","4954":"agyo","4955":"bulo","4956":"ihi ","4957":"gbay","4958":"sake","4959":"lath","4960":" tok","4961":" aan","4962":" pub","4963":"jan ","4964":"seny","4965":"het ","4966":"rosa","4967":"esse","4968":"oga ","4969":"bily","4970":"itay","4971":"hey ","4972":"site","4973":"ukin","4974":" tru","4975":"tic ","4976":"uyo ","4977":"llio","4978":"ngil","4979":"kand","4980":"lind","4981":"bus ","4982":"erhi","4983":"wasy","4984":"tras","4985":"rhiy","4986":"hag ","4987":"bes ","4988":"til ","4989":"iyal","4990":"ley ","4991":"rld ","4992":"tabl","4993":"hod ","4994":"upar","4995":"iana","4996":"reso","4997":"rera","4998":"ubay","4999":"ern "}}