{"ton":{"0":" e ","1":" he ","2":" ko ","3":"faka","4":" fak","5":"oku ","6":"nga ","7":"ahi ","8":" pea","9":"pea ","10":" ki ","11":" ia ","12":" a ","13":" ke ","14":" nga","15":" mo ","16":"aahi","17":"anga","18":"ngaa","19":"gaah","20":" i ","21":" \u02bbi ","22":"kai ","23":" ai ","24":" na\u02bb","25":" \u02bbo ","26":" hon","27":"kau ","28":" \u02bbe ","29":"\u02bboku","30":"aki ","31":"nau ","32":" \u02bbok","33":" oku","34":" ha ","35":"\u02bbae ","36":" \u02bbae","37":" ne ","38":"ono ","39":"hono","40":" o ","41":"onga","42":"a\u02bbe ","43":"tau ","44":"na\u02bbe","45":" kau","46":"ate ","47":" kia","48":"akat","49":"hoko","50":" \u02bba ","51":"olu ","52":"tolu","53":"tong","54":"utol","55":"ikai","56":" tau","57":"taha","58":"iate","59":" tok","60":" hok","61":"nae ","62":" nae","63":"aha ","64":"ngat","65":"ata ","66":"oko ","67":"akam","68":" fai","69":" nau","70":"lea ","71":"akai","72":" lea","73":"inga","74":" te ","75":" p\u0113 ","76":" mei","77":"aia ","78":" kuo","79":"auto","80":"lahi","81":"gata","82":"kaka","83":"ene ","84":"mei ","85":"unga","86":"a\u02bba ","87":" ton","88":"ongo","89":"kuo ","90":"kiat","91":" sih","92":"siho","93":"ihov","94":"hing","95":"tang","96":"toko","97":" tan","98":" koe","99":" peh","100":" pe ","101":"ala ","102":"peh\u0113","103":"mata","104":"akah","105":"eh\u0113 ","106":" ang","107":" lah","108":"kina","109":" the","110":" tah","111":" \u02bbak","112":"akau","113":"ohi ","114":"oni ","115":"toa ","116":"hova","117":" kol","118":"ova ","119":"\u02bboe ","120":" \u02bboe","121":"fai ","122":"\u02bbaki","123":" kak","124":"kama","125":"mau ","126":"loto","127":"koto","128":"inau","129":"tala","130":"otoa","131":"kehe","132":"na\u02bba","133":" kot","134":"naut","135":"mai ","136":" ka ","137":" lot","138":"oto ","139":"\u02bbika","140":" mat","141":"tata","142":" \u02bbik","143":"one ","144":" tal","145":"kata","146":"iki ","147":"the ","148":" tu\u02bb","149":" sio","150":"uhi ","151":" mal","152":"otu ","153":" keh","154":"atu ","155":"a\u02bbu ","156":"ngo ","157":"akal","158":"ng\u0101u","159":"kala","160":"ehe ","161":" ng\u0101","162":"kia ","163":" mau","164":" tat","165":" mou","166":"ita ","167":"lele","168":"ava ","169":" ni ","170":"g\u0101ue","171":"ahin","172":" tai","173":" ika","174":"lau ","175":"oki ","176":"isi ","177":"lang","178":" kin","179":"tua ","180":"tohi","181":"ake ","182":" au ","183":"mou ","184":"lei ","185":"mea ","186":" toh","187":"akaf","188":" han","189":" u ","190":"me\u02bba","191":"\u02bbene","192":"hang","193":" mea","194":" man","195":" mai","196":" fok","197":" fek","198":" me\u02bb","199":" \u02bben","200":" pul","201":"kolo","202":"alu ","203":"elei","204":"atau","205":"mala","206":"eli ","207":" fan","208":"ale ","209":" fal","210":"na\u00e1 ","211":" \u00eai ","212":"otua","213":"tama","214":" na\u00e1","215":" kal","216":" h\u0101 ","217":"u\u02bbi ","218":"koe ","219":"lava","220":" lau","221":"ange","222":"tu\u02bbu","223":"amat","224":" of ","225":"olo ","226":"nge ","227":"pule","228":"hake","229":"okot","230":"e\u02bba ","231":"uaki","232":"taim","233":" \u00eao ","234":"osi ","235":"ela ","236":"eiki","237":"u\u02bbu ","238":" hak","239":"pau ","240":"and ","241":" atu","242":" lel","243":"mama","244":"aho ","245":" toe","246":" fie","247":"feka","248":"imi ","249":"oton","250":"ng\u00e1 ","251":" lav","252":"alan","253":"eni ","254":" tam","255":"fale","256":" \u02bbai","257":" mah","258":"sion","259":"tuku","260":"foki","261":"kapa","262":"ulu ","263":"aula","264":"fili","265":" ong","266":"ngi ","267":"akak","268":"moon","269":"ili ","270":" hin","271":" fon","272":" fil","273":"ofa ","274":"toto","275":"m\u0101li","276":" vai","277":" \u00eaok","278":"\u00eaoku","279":"fonu","280":" fei","281":"aka ","282":"aimi","283":" otu","284":"tupu","285":"ohok","286":"toe ","287":"tu\u00e1 ","288":"\u0101ue ","289":" \u02bbal","290":"ekau","291":"nofo","292":"okoh","293":"koho","294":"atak","295":"lie ","296":"enau","297":"\u02bbotu","298":"tu\u02bbi","299":"taki","300":"\u02bbuhi","301":"angi","302":"\u02bbeik","303":"i\u02bbi ","304":" \u02bbot","305":"onau","306":"hala","307":" tuk","308":"atah","309":" kap","310":"ingo","311":"mana","312":" tup","313":"ani ","314":" mam","315":"\u02bbang","316":"\u02bbaia","317":" ta\u02bb","318":"apau","319":"ofo ","320":"onu ","321":"fang","322":"ula ","323":"hona","324":"oua ","325":"upu ","326":"tonu","327":"ione","328":"kato","329":"uku ","330":"ngoa","331":"kaha","332":"ine ","333":"tapu","334":"kamo","335":"mate","336":"ang\u0113","337":"ng\u0113 ","338":"otu\u00e1","339":"ina ","340":"ooni","341":"atal","342":"\u0101lie","343":"goa ","344":"fua ","345":"nua ","346":" tot","347":"taut","348":"kita","349":"onua","350":"\u02bboni","351":"\u02bbaka","352":" tuu","353":"ali ","354":"hoku","355":"ika ","356":" ho ","357":" pot","358":" \u00eaa ","359":" ma\u02bb","360":"ngan","361":" hee","362":"\u02bbalu","363":" nof","364":"vaka","365":"oe\u02bbu","366":"koe\u02bb","367":"ilo ","368":"alon","369":"e\u02bbuh","370":" ha\u02bb","371":" kae","372":"motu","373":" he\u02bb","374":"he\u02bbe","375":" tu\u00ea","376":"at\u0101t","377":" ako","378":"umi ","379":"alo ","380":"\u02bbaho","381":" mo\u02bb","382":"aku ","383":" faa","384":" foh","385":"apu ","386":"outo","387":"alai","388":" and","389":"pita","390":"esi ","391":" \u02bbah","392":"foha","393":"oha ","394":" mot","395":" ene","396":"amai","397":" fa\u02bb","398":" tak","399":"naki","400":" vak","401":"ofi ","402":"kang","403":"ito ","404":"kat\u0101","405":"kota","406":"o\u02bbo ","407":"ulau","408":"mo\u02bbu","409":" moo","410":"eku ","411":"ako ","412":"kah\u0101","413":" sel","414":"kae ","415":"akap","416":"ote ","417":"\u02bbisi","418":"asi ","419":"mout","420":" tap","421":"ihi ","422":"iva ","423":" kit","424":"kimo","425":"\u02bbilo","426":"vai ","427":" ho\u02bb","428":" lan","429":"otah","430":"loa ","431":"ho\u02bbo","432":" \u02bbis","433":"imou","434":"itau","435":"taka","436":"ilel","437":"tuun","438":"fiem","439":"tui ","440":"isil","441":"mahi","442":"fa\u02bba","443":"manu","444":"sile","445":" \u02bbil","446":"akin","447":"t\u0101t\u0101","448":"lohi","449":"m\u0101lo","450":"ahal","451":"\u0101loh","452":"ok\u00fa ","453":" pit","454":"leti","455":"\u00eaaka","456":"enga","457":"toka","458":"uung","459":"leli","460":"me\u00eaa","461":" ok\u00fa","462":" f\u0101n","463":" sam","464":"gan ","465":"nima","466":"akan","467":" me\u00ea","468":"fefi","469":"laum","470":"ongi","471":" vah","472":" kim","473":"evit","474":"fine","475":"kali","476":"lema","477":"e\u02bben","478":" \u00eaak","479":" \u02bbia","480":"nong","481":"vahe","482":"u\u00eai ","483":"uki ","484":" fua","485":"okon","486":"um\u0101l","487":"f\u0101na","488":" m\u0101m","489":"ma\u02bbu","490":"atap","491":"e\u00eaa ","492":"auka","493":"aau ","494":"tu\u00eai","495":"emai","496":"\u0101t\u0101 ","497":" s\u012bs","498":"efin","499":"lung","500":"m\u0101ma","501":"aman","502":" pau","503":"\u0101man","504":" tui","505":"isit","506":"etau","507":" pal","508":"laka","509":"faah","510":" ngo","511":"potu","512":" to ","513":"maia","514":"ah\u0101 ","515":" nim","516":"mone","517":" m\u0101l","518":"init","519":"ola ","520":" eni","521":"lisi","522":"ima ","523":"koni","524":"oung","525":"ngai","526":"aang","527":"amaa","528":"aum\u0101","529":"ngof","530":" naa","531":" hal","532":" i\u00e1 ","533":"gofu","534":"ave ","535":" \u200b ","536":"u\u02bba ","537":"ana ","538":"naa ","539":"uli ","540":"a\u00eaa ","541":"ifo ","542":" cat","543":"tion","544":" ui ","545":"katu","546":" ilo","547":"tali","548":"tuu ","549":"lini","550":"cate","551":" teu","552":" tim","553":"amah","554":"ahaa","555":"olot","556":" feh","557":"lotu","558":"gory","559":"egor","560":"tego","561":"ateg","562":"koli","563":"omi ","564":"si\u02bbi","565":"pito","566":"ha\u00eaa","567":"olin","568":"heen","569":" tae","570":"ha\u02bba","571":" fef","572":"fola","573":"taku","574":"lia ","575":"kumi","576":"\u0101nau","577":"uela","578":"uhin","579":"omou","580":"upit","581":"fia ","582":"maau","583":"ilau","584":" sen","585":"kauk","586":" \u00eais","587":"auhi","588":"aika","589":"o\u02bbui","590":"\u02bbui ","591":"tauh","592":"mote","593":"imot","594":"lolo","595":"ing ","596":" lev","597":"ngou","598":"\u02bbiat","599":"laul","600":"salo","601":"ele ","602":" neh","603":"fulu","604":"en\u00ed ","605":"mani","606":"una ","607":"hifo","608":"ngah","609":"fana","610":"ta\u02bbe","611":"aupi","612":"aka\u02bb","613":"\u02bbena","614":" mak","615":"muel","616":"samu","617":" lol","618":"fief","619":"ukau","620":"emau","621":"usi ","622":"ane ","623":" fol","624":"itia","625":"amue","626":"goue","627":"ang\u00e1","628":"timo","629":"iefi","630":"okan","631":"ov\u00e1 ","632":"efia","633":"auak","634":"kuki","635":"ole ","636":"ino ","637":"\u00eaamo","638":"lona","639":"hov\u00e1","640":" tes","641":"mui ","642":"alak","643":"kovi","644":"onai","645":"kaho","646":"esal","647":"oue ","648":"ion ","649":"ema ","650":"tesa","651":"a\u02bban","652":"akaa","653":"tahi","654":"it\u014d ","655":"afa ","656":"nit\u014d","657":" > ","658":"gaha","659":"naik","660":"hiki","661":"kong","662":"kale","663":"\u02bbahi","664":"siti","665":" in ","666":"nai ","667":"alis","668":" m\u0101t","669":" fou","670":" ou ","671":"ap\u00fa ","672":"tap\u00fa","673":"pai ","674":"o\u02bbon","675":"niih","676":"sia ","677":"heke","678":"iihi","679":"ama ","680":"a\u02bbi ","681":" nii","682":" \u02bbao","683":"olom","684":" en\u00ed","685":"ehek","686":"akuk","687":" \u200c\u02bbo","688":"land","689":"tolo","690":"ovi ","691":"long","692":"mua ","693":"\u02bboua","694":"eila","695":" kon","696":"vava","697":"feil","698":"hiva","699":"ekeh","700":"poto","701":"iema","702":"maha","703":"anon","704":"uha ","705":"kava","706":" kai","707":"olah","708":"ahe ","709":"maka","710":"oui ","711":"s\u012bs\u016b","712":" hom","713":"aton","714":"\u012bs\u016b ","715":"moa ","716":"\u02bbeku","717":"anu ","718":" hiv","719":"ule ","720":"moui","721":"omai","722":" \u02bbei","723":"eang","724":"kola","725":"utu ","726":" nai","727":"oaki","728":" f\u0113f","729":"ite ","730":"kaua","731":"foun","732":"mahu","733":"ngal","734":" taf","735":"fano","736":"ano ","737":"\u0113f\u0113 ","738":"alav","739":"f\u0113f\u0113","740":" lil","741":"ma\u02bba","742":" tof","743":" mui","744":"okol","745":"ulea","746":"oloa","747":"ha\u02bbu","748":" hol","749":" ua ","750":" m\u0101\u02bb","751":"misi","752":"fait","753":" \u02bbom","754":"\u02bbomi","755":"lala","756":"gai ","757":"vita","758":"loi ","759":"ofua","760":"aing","761":" fet","762":" vav","763":"\u02bbofa","764":"vain","765":"tian","766":" \u00eae ","767":"i\u00eai ","768":" sol","769":"koeu","770":"oeuh","771":" si\u02bb","772":"lais","773":"tia ","774":" ofi","775":" kam","776":" sia","777":"a\u02bbah","778":" kov","779":" ma\u00ea","780":"mo\u02bbo","781":"teut","782":"lili","783":"foko","784":"kotu","785":"ame ","786":"avah","787":"kafi","788":"hina","789":"eaki","790":"ma\u00eaa","791":" ofa","792":"mole","793":"iona","794":"aong","795":"ona ","796":" pla","797":"sios","798":"olun","799":"tu\u02bba","800":"akim","801":"tani","802":"o\u02bbi ","803":"anak","804":"fa\u00eaa","805":"afi ","806":" kul","807":" tol","808":"lomo","809":"hau ","810":"iua ","811":"eene","812":"m\u0101tu","813":"omon","814":" \u02bbul","815":"feit","816":" hoo","817":"eong","818":"\u02bbia ","819":"hili","820":"kam\u0101","821":"kei ","822":"akav","823":"kafo","824":"epel","825":"olof","826":"ose ","827":"m\u0101\u02bbo","828":"aai ","829":"\u02bbao ","830":"solo","831":"fisi","832":"feku","833":" hil","834":" sin","835":"eitu","836":" \u02bbou","837":" sai","838":"alem","839":"akae","840":"folo","841":" \u02bbek","842":"aui ","843":" kei","844":"eva ","845":"e\u02bbi ","846":"sele","847":"faif","848":"elem","849":"lulu","850":"atai","851":"ome ","852":"otau","853":"u\u00eau ","854":" bul","855":"oful","856":"taul","857":"ngil","858":"lofo","859":"toki","860":"fu\u02bbu","861":" hou","862":" siu","863":"talo","864":" hot","865":"\u200c\u02bbok","866":"fain","867":"ofol","868":"upun","869":"\u02bbulu","870":" neo","871":" fu\u02bb","872":" \u02bbof","873":"kona","874":"urch","875":"neon","876":"tin ","877":"ieli","878":" na ","879":" chu","880":"ain ","881":"an\u00ed ","882":"hurc","883":"a\u02bbak","884":"chur","885":" \u02bbau","886":"mafa","887":"amoo","888":"ahak","889":"on\u00ed ","890":"ard ","891":"ngao","892":"iko ","893":"est ","894":"ta\u02bbu","895":"hema","896":" uhi","897":"aaki","898":" fa\u00ea","899":"bull","900":"aisi","901":"ulle","902":" maa","903":"t\u0101ma","904":"hino","905":" bpb","906":"bpb ","907":"etin","908":" to\u02bb","909":"apak","910":"plan","911":"llet","912":"ekum","913":"nava","914":"lean","915":"ling","916":"l\u0101ul","917":"a\u00eaak","918":" lal","919":"puna","920":"ong\u00e1","921":" hep","922":"to\u02bbo","923":"lant","924":"hota","925":"ulua","926":"ersi","927":"sipi","928":"vers","929":" va\u00ea","930":"ata\u02bb","931":"a\u00eau ","932":"\u00eaahi","933":"alau","934":"aua ","935":" maf","936":"tofi","937":"akao","938":"laia","939":" tev","940":"tafa","941":"uta ","942":"foak","943":"\u0101uea","944":"hepe","945":"ward","946":"luak","947":" was","948":"amo\u02bb","949":"va\u00eaa","950":"ker ","951":"nts ","952":"iosi","953":"gaoh","954":" ma ","955":"\u02bbung","956":"was ","957":"atup","958":"amoa","959":"ary ","960":"aohi","961":"alat","962":"levi","963":"ta\u02bba","964":" val","965":"kano","966":"aita","967":"lalo","968":"kii ","969":"at\u00e1 ","970":" ulu","971":"tevi","972":"auha","973":"ueak","974":"alet","975":" ena","976":" foa","977":"ekin","978":"leva","979":"ki\u02bbi","980":"in\u00e4 ","981":"ain\u00e4","982":" moh","983":" for","984":"eesi","985":"ther","986":"sefa","987":"a\u00eaah","988":"nii ","989":" hif","990":"sio ","991":" dic","992":"uing","993":"itik","994":"osiu","995":"ctio","996":"pala","997":"anav","998":" sis","999":"viti","1000":" aki","1001":"eka ","1002":" eta","1003":"euhi","1004":"nesi","1005":"saia","1006":"ataa","1007":"cker","1008":" \u2060 ","1009":"malu","1010":"meli","1011":"onar","1012":"siua","1013":"sela","1014":"ants","1015":" yun","1016":"itak","1017":" a\u00ed ","1018":"olos","1019":"dict","1020":"onii","1021":"afe ","1022":"icti","1023":"unck","1024":"ncke","1025":"yunc","1026":"iloi","1027":"nary","1028":"hwar","1029":"sed ","1030":"chwa","1031":"teli","1032":"isik","1033":"anat","1034":"rchw","1035":"ahui","1036":"oong","1037":"isai","1038":" cm ","1039":"lose","1040":"\u0101ula","1041":"masi","1042":"huin","1043":"atat","1044":"his ","1045":"ak\u00ed ","1046":"\u00eaisi","1047":" \u00eaam","1048":" pol","1049":"nisi","1050":"ekis","1051":"ehem","1052":"am\u0101l","1053":"semi","1054":"kula","1055":"fono","1056":"liu ","1057":"siki","1058":"natu","1059":"mosi","1060":"kalo","1061":"ese ","1062":"teu ","1063":"ble ","1064":"onom","1065":" sem","1066":" mon","1067":"ilip","1068":"mali","1069":"tait","1070":"uni ","1071":"tiko","1072":" ku ","1073":"ala\u02bb","1074":"elo ","1075":"niti","1076":"iela","1077":"nomi","1078":" nom","1079":"goon","1080":"noa ","1081":"aitu","1082":" k\u0101t","1083":"otu\u02bb","1084":"omip","1085":"sese","1086":"ngoo","1087":"utal","1088":"akea","1089":"kima","1090":"haan","1091":"onak","1092":" \u02bbat","1093":"il\u0101u","1094":"haai","1095":" tg ","1096":"gil\u0101","1097":"pata","1098":"enit","1099":"e\u02bbak","1100":" hik","1101":"ikit","1102":"olul","1103":"homo","1104":"eki ","1105":"\u0101ing","1106":"onol","1107":"hoo ","1108":"fala","1109":"soto","1110":"nolu","1111":"vaha","1112":" tut","1113":"nome","1114":"o\u02bbom","1115":"emis","1116":"lipa","1117":"main","1118":" tha","1119":"nehe","1120":"kafe","1121":"tutu","1122":"gat\u00e1","1123":"anai","1124":"keh\u00e9","1125":"a\u00eaam","1126":" pee","1127":" his","1128":"eh\u00e9 ","1129":" mel","1130":"otos","1131":"ip\u0101 ","1132":"upou","1133":"tusi","1134":"pees","1135":"sale","1136":"atan","1137":"auta","1138":"itus","1139":"alot","1140":"oni\u02bb","1141":"alah","1142":"alel","1143":"kele","1144":"uaka","1145":"ilim","1146":"ka\u02bba","1147":"niel","1148":"papa","1149":" ver","1150":"anie","1151":"mip\u0101","1152":"isla","1153":"taia","1154":"enes","1155":" sef","1156":"lono","1157":"isot","1158":"euta","1159":"kiso","1160":"\u00eaang","1161":" < ","1162":"nia ","1163":"\u00eaeki","1164":" aho","1165":"tosi","1166":" na\u00ea","1167":"eing","1168":"oli ","1169":" rev","1170":" \u00eaek","1171":"imau","1172":"uang","1173":"sene","1174":"esel","1175":"naia","1176":"k\u0101in","1177":"slan","1178":" k\u0101i","1179":"iliu","1180":" isl","1181":" hap","1182":" sak","1183":"\u00eaisa","1184":" k\u0101 ","1185":"holo","1186":"saka","1187":" hel","1188":"efes","1189":"\u014dses","1190":"m\u014dse","1191":" m\u014ds","1192":"seni","1193":"ilon","1194":" tel","1195":"efan","1196":" fo\u02bb","1197":" pub","1198":"aiva","1199":"ini ","1200":"halo","1201":"paku","1202":" t\u0101m","1203":"imon","1204":" wes","1205":"ubli","1206":"oka ","1207":"\u0101\u02bbon","1208":"ahok","1209":"humi","1210":"publ","1211":"blic","1212":"aha\u00ea","1213":"hita","1214":"lic ","1215":" pap","1216":"amos","1217":"anau","1218":"\u0101mat","1219":"hisi","1220":"mu\u02bba","1221":"hapa","1222":"nehu","1223":"\u02bbaup","1224":"iti ","1225":"ikie","1226":" fuo","1227":"ehum","1228":"i\u02bbon","1229":"ni\u02bbo","1230":"eai ","1231":"ila ","1232":"kaun","1233":" mua","1234":" \u02bbef","1235":"tu\u00eau","1236":"\u00eaake","1237":"kiel","1238":" dom","1239":"aifa","1240":"fein","1241":"ible","1242":"etia","1243":"a\u02bbei","1244":"ivai","1245":" \u02bbap","1246":"paul","1247":"tuut","1248":" ha\u00ea","1249":"el\u00e5 ","1250":"t\u0101ta","1251":"ato ","1252":"ung\u0101","1253":" kum","1254":"oon\u00ed","1255":"pel\u00e5","1256":"maio","1257":" ten","1258":"anup","1259":"ipai","1260":"doma","1261":"aama","1262":"ngoi","1263":"kole","1264":"keai","1265":" \u00eaes","1266":" is ","1267":"api ","1268":"ava\u00ea","1269":"apai","1270":"ula\u02bb","1271":"\u02bbauh","1272":"opat","1273":"ango","1274":"nupu","1275":"west","1276":"goi ","1277":" it ","1278":"man\u00ed","1279":"pong","1280":"otuu","1281":"okou","1282":"alal","1283":" \u00eaop","1284":"ised","1285":"aung","1286":"em\u0101l","1287":"akon","1288":"ami ","1289":"haha","1290":"limo","1291":" ^ ","1292":" fat","1293":"rsio","1294":"foi ","1295":"a\u00eae ","1296":"sili","1297":"\u00eaopa","1298":"iem\u0101","1299":"le\u02bba","1300":"sisu","1301":"te\u02bbi","1302":" bib","1303":"fes\u014d","1304":"bibl","1305":"\u00eaese","1306":"isu ","1307":" mol","1308":"\u02bbefe","1309":"es\u014d ","1310":" kil","1311":" niu","1312":"e\u02bban","1313":"tea ","1314":"nga\u02bb","1315":"maut","1316":"va\u00eau","1317":"maam","1318":"oang","1319":" ono","1320":"revi","1321":"i\u02bbak","1322":" \u02bbas","1323":"\u02bbapi","1324":"\u02bbolu","1325":"afai","1326":"\u02bbuli","1327":"itap","1328":"iaki","1329":"meim","1330":"ah\u00e1 ","1331":" sip","1332":" lak","1333":"taum","1334":"sino","1335":"vise","1336":"evis","1337":"kaku","1338":" hua","1339":"la\u02bbe","1340":"at\u0101 ","1341":"fehi","1342":" t\u014d ","1343":"kili","1344":"\u02bbomo","1345":"uimu","1346":"pou ","1347":"auma","1348":"la\u02bbi","1349":"\u02bbamo","1350":"imei","1351":"toke","1352":"tah\u00e1","1353":"\u02bbona","1354":"itu\u02bb","1355":"vale","1356":"iane","1357":"a\u02bbau","1358":"\u02bbosi","1359":"efit","1360":"kafa","1361":"vah\u0113","1362":"ifai","1363":"kosi","1364":"eime","1365":"elin","1366":"ou\u00ed ","1367":"otol","1368":"hai ","1369":"siut","1370":"oho ","1371":"mou\u00ed","1372":"ofef","1373":"ah\u0113 ","1374":"tefi","1375":"pulu","1376":" a\u02bbu","1377":" eku","1378":"eau ","1379":"le\u02bbo","1380":"an\u00e9 ","1381":"ulun","1382":" hao","1383":"ohit","1384":"feta","1385":"her ","1386":"na\u00eae","1387":" t\u0113v","1388":"ka\u00ed ","1389":"fuak","1390":"kaut","1391":"ule\u02bb","1392":"t\u0101pu","1393":"isip","1394":"hong","1395":" aup","1396":"kapo","1397":"pite","1398":"au\u02bbi","1399":"iloa","1400":"ile ","1401":" foi","1402":"muim","1403":"pili","1404":"apa ","1405":" afi","1406":"\u02bbasi","1407":"tupo","1408":"hele","1409":"ipit","1410":"il\u00ed ","1411":"enis","1412":"iuta","1413":"huaf","1414":"u\u02bbun","1415":"apap","1416":" \u02bbuh","1417":" \u02bbam","1418":"pale","1419":"\u02bbio ","1420":"aio\u02bb","1421":"io\u02bbe","1422":"o\u02bbei","1423":"ate\u02bb","1424":"fito","1425":"acea","1426":"ers ","1427":"sini","1428":"fitu","1429":" fit","1430":" \u00eaae","1431":"imui","1432":"mohe","1433":"elek","1434":"e\u02bbek","1435":" fel","1436":"hat ","1437":"leki","1438":"\u0101tua","1439":"anoa","1440":"me\u00e1 ","1441":"ilia","1442":"a\u02bb\u0101 ","1443":"\u00eaae ","1444":" oua","1445":"\u02bbaku","1446":"i\u00eaa ","1447":"ter ","1448":" \u200c\u02bbe","1449":"itai","1450":"im\u00ed ","1451":" isi","1452":" hah","1453":"amam","1454":"uafa","1455":"\u200c\u02bbe ","1456":"fehu","1457":"lata","1458":"atio","1459":"aka\u00ed","1460":"lano","1461":" le\u02bb","1462":" oma","1463":" \u00eaen","1464":" fuu","1465":"itu ","1466":"fuu ","1467":"ere ","1468":"tap\u0101","1469":"pula","1470":"oma ","1471":"\u02bbatu","1472":" hen","1473":"ava\u02bb","1474":"fi\u00eaa","1475":"atok","1476":"aito","1477":"ap\u0101 ","1478":" pan","1479":"\u0101toa","1480":"tuli","1481":"li\u00e9 ","1482":"ofi\u00ea","1483":"ape ","1484":"eae ","1485":"puak","1486":"amea","1487":"for ","1488":" t\u0101p","1489":"gali","1490":" \u02bbio","1491":"kela","1492":"ahau","1493":"gato","1494":"ah\u00ed ","1495":"apit","1496":"meia","1497":"afie","1498":"iasi","1499":"aofi","1500":"f\u0101mi","1501":"\u02bbalo","1502":"\u0101mil","1503":"efak","1504":"fung","1505":" sil","1506":"ena ","1507":"e\u02bbo ","1508":" fu\u00ea","1509":"ete ","1510":" hai","1511":" ama","1512":"hano","1513":" mas","1514":"ceae","1515":"\u0101nak","1516":"aim\u00ed","1517":"fu\u00eau","1518":"mili","1519":"aute","1520":"elau","1521":" wit","1522":"onon","1523":"lai ","1524":"ilit","1525":"okel","1526":"teng","1527":"sii ","1528":" kel","1529":"that","1530":"ama\u02bb","1531":"umau","1532":"sias","1533":"hen ","1534":" \u02bbun","1535":"uong","1536":"ngut","1537":" kii","1538":"u\u02bban","1539":" pek","1540":"ian\u00e9","1541":" taa","1542":"su\u00fa ","1543":"aine","1544":"a\u02bbam","1545":"ope ","1546":" as ","1547":"heni","1548":"ati ","1549":"afis","1550":"tele","1551":"liva","1552":"hine","1553":" kof","1554":"kihi","1555":"eti ","1556":"fetu","1557":"o\u02bbun","1558":" \u02bbav","1559":" h\u016b ","1560":" si\u00ea","1561":"\u012bsu\u00fa","1562":"ihif","1563":"u\u00eaa ","1564":" toa","1565":"fo\u02bbi","1566":"s\u012bsu","1567":"kahi","1568":"pal\u014d","1569":"ofu ","1570":"fita","1571":" iku","1572":"gutu","1573":"hu\u02bbi","1574":"hihi","1575":"ki\u00eai","1576":"numa","1577":" ful","1578":"o\u02bbou","1579":"ue\u02bba","1580":"\u02bbou ","1581":"ehin","1582":" t\u0101u","1583":"hui ","1584":"uke ","1585":"ta\u00e1 ","1586":"i\u02bba ","1587":"\u02bbave","1588":"vao ","1589":"too ","1590":"apil","1591":"ituu","1592":"eena","1593":"mita","1594":"is\u00ed ","1595":"eke ","1596":"amal","1597":" f\u0101 ","1598":"afan","1599":"\u00eaene","1600":"\u0101li\u00e9","1601":" puk","1602":" pou","1603":"amol","1604":" kou","1605":" f\u0101m","1606":"koua","1607":"pele","1608":"aame","1609":"with","1610":" tou","1611":"elet","1612":"lanu","1613":"l\u016bsa","1614":"afu ","1615":"sel\u016b","1616":"apos","1617":" mul","1618":"\u016bsal","1619":" \u00b0 ","1620":"\u0101ue\u02bb","1621":"lote","1622":"si\u00eai","1623":"el\u016bs","1624":"k\u0101to","1625":"ot\u00f3 ","1626":" m\u0101 ","1627":" fis","1628":"homa","1629":"lave","1630":"kite","1631":" not","1632":"fata","1633":"ekia","1634":" m\u0101h","1635":"\u0101kon","1636":" \u02bbon","1637":"au\u02bba","1638":"auai","1639":"holi","1640":" va\u02bb","1641":"elia","1642":"hia ","1643":"fo\u02bbo","1644":" kav","1645":"tafe","1646":"kofu","1647":" vao","1648":"huhu","1649":"papi","1650":"osit","1651":"utuu","1652":"galo","1653":"iku ","1654":"ah\u0101h","1655":"avai","1656":" saa","1657":"oula","1658":" fin","1659":"een ","1660":"vea ","1661":" t\u0101n","1662":"kapu","1663":"kiki","1664":" kat","1665":"iang","1666":"haua","1667":"ahis","1668":"naua","1669":"t\u0101na","1670":" alu","1671":"lani","1672":" p\u014dp","1673":" foo","1674":"\u02bbana","1675":"maki","1676":" lou","1677":"eua ","1678":"utu\u02bb","1679":"le\u00eaa","1680":"ngol","1681":"itan","1682":"atuu","1683":" tul","1684":"uofu","1685":"saie","1686":"atam","1687":"uutu","1688":"paui","1689":"nion","1690":" tuo","1691":" tef","1692":"inu ","1693":"laki","1694":"fore","1695":"lone","1696":" nam","1697":"utah","1698":" but","1699":" kah","1700":"ingi","1701":"uolo","1702":"ngel","1703":"ni\u02bbi","1704":"onio","1705":" ala","1706":"aofa","1707":"afok","1708":"vaiv","1709":"fuol","1710":"utau","1711":"saam","1712":"ith ","1713":"\u00eaaki","1714":" ki\u00ea","1715":" mu\u02bb","1716":"lika","1717":"a\u02bbap","1718":"heet","1719":"ule\u00ea","1720":"valu","1721":"ted ","1722":"kapi","1723":"siu ","1724":"they","1725":" pre","1726":"but ","1727":"taa ","1728":"hey ","1729":"ol\u00fa ","1730":"al\u014df","1731":"\u02bbai ","1732":"tu\u00ed ","1733":" mis","1734":"akas","1735":" m\u0101o","1736":"tais","1737":"eeta","1738":"nuku","1739":"kuon","1740":" fau","1741":"e\u00eaan","1742":"tol\u00fa","1743":"ore ","1744":"maum","1745":"a\u02bbof","1746":"koul","1747":"olon","1748":"eung","1749":"tai ","1750":"\u02bba\u02bba","1751":"haoh","1752":" \u0101ko","1753":" hau","1754":"eute","1755":"amel","1756":"kani","1757":"peki","1758":"pua ","1759":"aoha","1760":"ohao","1761":" uai","1762":"ofo\u02bb","1763":"not ","1764":"vave","1765":"h\u0101h\u0101","1766":"\u02bbofe","1767":"\u014dpul","1768":"amaf","1769":" me\u00e1","1770":"p\u014dpu","1771":"noho","1772":" sea","1773":" hih","1774":"feto","1775":"ol\u00f3 ","1776":"\u02bbihi","1777":" ki\u02bb","1778":"asiv","1779":"itol","1780":"unoh","1781":"opot","1782":"ukua","1783":"\u0101pua","1784":"amu ","1785":"sito","1786":" too","1787":"inis","1788":"pui ","1789":"aosi","1790":"ieni","1791":"\u0101lot","1792":" chi","1793":"ess ","1794":"\u02bbapa","1795":"\u02bbema","1796":"oryt","1797":" inu","1798":" afe","1799":"all ","1800":"haa ","1801":"ofon","1802":"aumu","1803":"\u0101h\u0101 ","1804":"taua","1805":" mav","1806":"\u0101tak","1807":" whi","1808":"pung","1809":"rest","1810":"\u0101hin","1811":"ngam","1812":"\u014dfit","1813":"l\u014dfi","1814":"ipi ","1815":"loki","1816":" on ","1817":"\u02bbata","1818":"m\u0101hi","1819":"\u00eaapa","1820":"va\u02bbu","1821":"ific","1822":"koi ","1823":" tea","1824":"a\u00eaap","1825":"pehe","1826":"gole","1827":"lesi","1828":" s\u0101m","1829":"uteu","1830":" ni\u02bb","1831":"hola","1832":"t\u0101ni","1833":"nang","1834":"s\u0101lo","1835":"anof","1836":" pel","1837":"late","1838":"nung","1839":" s\u0101l","1840":"aien","1841":"itui","1842":"it\u0101n","1843":" aon","1844":" \u02bbos","1845":"ta\u02bbo","1846":"akoi","1847":"kulo","1848":"uhau","1849":"faa ","1850":"i\u02bbih","1851":"posi","1852":"le\u00ed ","1853":"ah\u00f3 ","1854":"hii ","1855":" apo","1856":"mu\u00e1 ","1857":"ung\u00e1","1858":" uni","1859":" kup","1860":"ak\u00f3 ","1861":"fau ","1862":" pac","1863":"olel","1864":"ohe ","1865":"lit\u0101","1866":" lon","1867":"oti ","1868":"leke","1869":"univ","1870":"ifek","1871":"\u02bbuno","1872":"osia","1873":" sii","1874":"ekel","1875":"tuit","1876":"nako","1877":"ka\u00fa ","1878":"mon\u016b","1879":"tane","1880":"ilif","1881":"paci","1882":"ele\u00ed","1883":"laui","1884":" wil","1885":"m\u0101l\u014d","1886":"mohu","1887":"okos","1888":"\u0101\u02bbol","1889":"palo","1890":" hav","1891":"isa ","1892":"mava","1893":"sea ","1894":" kan","1895":"son ","1896":"ilis","1897":"ores","1898":"aha\u02bb","1899":"a\u02bbia","1900":"eton","1901":"ing\u00e1","1902":"a\u02bbo ","1903":"acif","1904":"cifi","1905":" te\u02bb","1906":"atu\u02bb","1907":"ryva","1908":"here","1909":"oryv","1910":"asa ","1911":"tau\u02bb","1912":"anum","1913":"othe","1914":"lami","1915":"t\u0113vi","1916":"omau","1917":"taet","1918":"olau","1919":"pres","1920":"kaof","1921":"\u0113vit","1922":"sai ","1923":"ma\u00ed ","1924":"are ","1925":"lis ","1926":"siva","1927":" ngu","1928":"ahia","1929":" lom","1930":" fro","1931":"\u0101nit","1932":" \u02bba\u02bb","1933":"toma","1934":"tuak","1935":"o\u02bbof","1936":"king","1937":" osi","1938":"faak","1939":"tout","1940":"\u02bbufi","1941":"ngin","1942":" \u02bban","1943":"afet","1944":"o\u02bban","1945":"heng","1946":" \u02bbel","1947":"a\u00eaan","1948":"tung","1949":" mo\u00ea","1950":"kupu","1951":"\u02bbeki","1952":"aoa ","1953":"fic ","1954":"kaat","1955":"aile","1956":"kamu","1957":" eng","1958":"yvav","1959":"aea ","1960":"alie","1961":"niu ","1962":"teni","1963":" pun","1964":"mat\u0101","1965":" mil","1966":"alea","1967":"new ","1968":"oh\u00ed ","1969":"el\u00ed ","1970":"liki","1971":"\u0101nia","1972":" s ","1973":"pupu","1974":"uh\u00ed ","1975":"alo\u02bb","1976":"kaum","1977":"rom ","1978":"from","1979":"ahol","1980":"aume","1981":"ngak","1982":" kik","1983":"k\u0101ta","1984":"haki","1985":"pose","1986":"kame","1987":" sal","1988":"kafu","1989":" thi","1990":" sau","1991":"faia","1992":"aife","1993":"ress","1994":" be ","1995":"ent ","1996":"mang","1997":" t\u0101 ","1998":"ul\u00e1 ","1999":" new","2000":"otop","2001":"sila","2002":"\u0101nge","2003":"aefa","2004":"loni","2005":"faiv","2006":"uitu","2007":"ower","2008":"okul","2009":"elon","2010":"ofi\u02bb","2011":" pup","2012":"alao","2013":" iat","2014":"lemo","2015":" sta","2016":"va\u02bbe","2017":"atae","2018":" nuk","2019":"pete","2020":" \u02bbo\u02bb","2021":" pil","2022":"hama","2023":" \u0113 ","2024":"afaa","2025":"upul","2026":"mil\u00ed","2027":"\u00eaika","2028":"eia ","2029":"asia","2030":"ataf","2031":"umal","2032":"amas","2033":"ot\u00fa ","2034":"fi\u02bba","2035":"oou ","2036":"topo","2037":" ahi","2038":"aki\u02bb","2039":"ala\u00ea","2040":"loku","2041":" pon","2042":"kuan","2043":"hako","2044":"have","2045":"aham","2046":"et\u0101 ","2047":" mus","2048":"aniu","2049":"vete","2050":"fou ","2051":"any ","2052":"atol","2053":"elie","2054":" \u00eaeu","2055":" bot","2056":"ilai","2057":"pa\u02bba","2058":"\u02bbo\u02bbo","2059":" fun","2060":"ivi ","2061":"gaia","2062":"ity ","2063":"euh\u00ed","2064":"ill ","2065":"u\u02bbut","2066":" fe\u02bb","2067":"uman","2068":"ku\u00f3 ","2069":"utea","2070":"nal ","2071":"uful","2072":" \u00eaik","2073":"vait","2074":"eiat","2075":"kulu","2076":"isin","2077":" ku\u00f3","2078":"\u02bboka","2079":"amou","2080":"o\u02bba ","2081":"elik","2082":"puke","2083":" tuf","2084":"lah\u00ed","2085":"lino","2086":"ipa ","2087":"unau","2088":"ulok","2089":"mipa","2090":"afio","2091":"red ","2092":"m\u0101on","2093":"ryto","2094":" mar","2095":"\u00eaotu","2096":" paa","2097":"yton","2098":"al\u00e1 ","2099":" l\u0101u","2100":" him","2101":"ehan","2102":"ufi ","2103":"ngia","2104":" tua","2105":" huh","2106":" whe","2107":"la\u02bb\u0101","2108":"\u0101oni","2109":"a\u02bbef","2110":"haoa","2111":"gana","2112":" tu\u00ed","2113":" ta\u00ea","2114":"kave","2115":" hei","2116":"ilan","2117":"alaf","2118":"fong","2119":"ve\u02bbe","2120":"it\u00e1 ","2121":"fofo","2122":"sbn ","2123":"isbn","2124":" by ","2125":" isb","2126":"sit\u014d","2127":" con","2128":"ipon","2129":"man ","2130":"\u02bbi\u02bba","2131":"nou ","2132":"amon","2133":"ineh","2134":"lavo","2135":"u\u02bbei","2136":"ngau","2137":"afon","2138":"ord ","2139":"mele","2140":"paka","2141":"afat","2142":"emol","2143":"loma","2144":"ik\u00ed ","2145":" at ","2146":"heva","2147":"\u0101tu\u00e1","2148":"ster","2149":"ahan","2150":" \u200c\u02bbi","2151":"ght ","2152":" moa","2153":"\u02bbeng","2154":"a\u02bben","2155":"tu\u00eaa","2156":" non","2157":" liv","2158":" tom","2159":" tao","2160":"esia","2161":"ma\u02bbo","2162":"he\u00e9 ","2163":"akii","2164":" feu","2165":"inan","2166":" pet","2167":"fuli","2168":"ohuk","2169":"te\u02bbe","2170":"elle","2171":"iver","2172":"houh","2173":"nive","2174":"gelo","2175":"t\u014dli","2176":" \u02bbol","2177":"ga\u02bbi","2178":"\u02bbutu","2179":" ah\u00f3","2180":"\u0101mak","2181":"\u0101tah","2182":" pro","2183":"ou\u02bbe","2184":" son","2185":"tene","2186":"huku","2187":"elot","2188":"foou","2189":"hou\u02bb","2190":"akia","2191":"fo\u02bba","2192":"epi ","2193":"feun","2194":"lui ","2195":" lai","2196":"\u00eaeua","2197":"ike ","2198":"alin","2199":"nehi","2200":"peni","2201":"tofu","2202":"fasi","2203":"ikih","2204":"les ","2205":"ould","2206":"ng\u00e9 ","2207":"itaf","2208":"maua","2209":"o\u02bbul","2210":"lau\u02bb","2211":"al\u00ed ","2212":" aka","2213":"hao ","2214":"monu","2215":"\u0101ta\u00e1","2216":"saul","2217":"olem","2218":"timi","2219":" que","2220":"sina","2221":"ales","2222":" fue","2223":"tapa","2224":"lot\u00f3","2225":"gia ","2226":"al\u00e9 ","2227":"lofa","2228":"toi ","2229":"aat\u0101","2230":"itul","2231":"ensi","2232":"iai ","2233":"alam","2234":"uluf","2235":" \u00eaot","2236":"ka\u02bbi","2237":"apot","2238":"ai\u00eai","2239":"fina","2240":"hoa ","2241":"lowe","2242":"lati","2243":"lot\u00fa","2244":"ang\u00e9","2245":"ophy","2246":"ouha","2247":"lao ","2248":"gaan","2249":"ahev","2250":"polo","2251":"sis ","2252":"alof","2253":"ehik","2254":"kitu","2255":"ueen","2256":"leaa","2257":"quee","2258":"\u02bbaon","2259":" haa","2260":"alas","2261":"atui","2262":" loi","2263":"eala","2264":"\u02bbing","2265":"laha","2266":"atou","2267":"kasi","2268":"mano","2269":"umua","2270":"tafo","2271":" api","2272":" ipu","2273":"li\u02bba","2274":"na\u00fa ","2275":"evah","2276":"apua","2277":"make","2278":"toaf","2279":"isia","2280":"oryh","2281":" tun","2282":"ulup","2283":"tuof","2284":"oto\u02bb","2285":"alia","2286":"sali","2287":"taef","2288":"uld ","2289":"akeh","2290":"atea","2291":"\u02bbeni","2292":"ifua","2293":"lota","2294":"l\u014dlo","2295":"ipu ","2296":"oape","2297":"\u02bbuta","2298":"nds ","2299":"then","2300":"rsit","2301":"namu","2302":" flo","2303":"ufak","2304":"of\u00e1 ","2305":"nsis","2306":"sity","2307":" sik","2308":"muli","2309":"ehe\u00e9","2310":"teau","2311":"akit","2312":"tati","2313":"\u0101na\u00fa","2314":" lat","2315":"onum","2316":"kisi","2317":" tre","2318":"had ","2319":"fuof","2320":" li\u02bb","2321":"emi ","2322":"iu\u0113 ","2323":"hi\u02bba","2324":" k\u0101k","2325":" you","2326":" wat","2327":"ngip","2328":"niu\u0113","2329":"mu\u00eaa","2330":"let\u0101","2331":" had","2332":"tuki","2333":"gipo","2334":"utap","2335":"kaau","2336":"\u0101una","2337":"kail","2338":"ioni","2339":"iman","2340":"ihik","2341":"lo\u02bbo","2342":"\u00eaaho","2343":"ateu","2344":" sev","2345":"liak","2346":"n\u0101un","2347":"\u02bbama","2348":"o\u00eai ","2349":"topu","2350":"nata","2351":"\u0113tan","2352":" d ","2353":"alok","2354":"itim","2355":" are","2356":"g\u0101u\u00e9","2357":"\u02bbuni","2358":"imit","2359":"aofo","2360":"\u0113van","2361":"feho","2362":"inoi","2363":"ehui","2364":"a\u02bbat","2365":"olok","2366":"a\u02bbi\u02bb","2367":"\u0101u\u00e9 ","2368":"pilo","2369":"aeng","2370":"tae ","2371":"it\u014dl","2372":"call","2373":"in\u00e9 ","2374":"ai\u00e1 ","2375":"lupe","2376":"pani","2377":"umea","2378":" w ","2379":"a\u02bbil","2380":"ikal","2381":"hiah","2382":"inal","2383":"\u02bbat\u0101","2384":"at\u0101i","2385":" \u00eail","2386":"oana","2387":" bea","2388":"t\u0101in","2389":"lo\u02bbi","2390":"ifi ","2391":"uei ","2392":"aapa","2393":"paan","2394":"iliv","2395":"tava","2396":"felo","2397":" n\u0101u","2398":"angu","2399":"\u014dloa","2400":"\u02bbau ","2401":"etel","2402":"ulak","2403":" f\u0113 ","2404":"aa\u02bbi","2405":" l\u014dl","2406":" fo\u00ea","2407":"iso ","2408":"ish ","2409":"fefe","2410":"aiak","2411":"mini","2412":"noi ","2413":"eeku","2414":" eke","2415":"anuk","2416":"lama","2417":"ta\u02bbi","2418":"site","2419":"selu","2420":" p\u014d ","2421":"gatu","2422":"e\u02bbe ","2423":"pusi","2424":"aila","2425":"\u00eauhi","2426":"u\u02bbak","2427":"aeha","2428":"heek","2429":"\u014dlia","2430":"this","2431":"tomu","2432":"laof","2433":"enge","2434":"aiso","2435":"apul","2436":"uai\u00ea","2437":" or ","2438":"ka\u02bbo","2439":"lifi","2440":"\u02bbefa","2441":"tou ","2442":"oatu","2443":"maa ","2444":"s\u0113ta","2445":"oafa","2446":"taau","2447":"gam\u0101","2448":"toet","2449":"aka\u00ea","2450":"niua","2451":"soci","2452":" \u02bbaf","2453":" s\u0113t","2454":"on\u00fa ","2455":"heir","2456":"alit","2457":"ta\u00fa ","2458":"over","2459":" ata","2460":"t\u014dnu","2461":"ler ","2462":"wood","2463":"ton\u00fa","2464":"\u014dnun","2465":" sit","2466":"taai","2467":"unou","2468":"etu\u02bb","2469":"puta","2470":"uvea","2471":" pa\u02bb","2472":"houn","2473":"kate","2474":"ekai","2475":" pen","2476":"him ","2477":"tree","2478":"ehi ","2479":"gaue","2480":"aul\u00e1","2481":"aiha","2482":"\u02bbila","2483":" t\u0101k","2484":" woo","2485":" pua","2486":"\u02bbele","2487":"ulot","2488":"iiki","2489":" s\u0113k","2490":"po\u02bbu","2491":"eaak","2492":"nila","2493":"\u00eaeni","2494":" vel","2495":"fa\u00ed ","2496":"ford","2497":"poly","2498":"uku\u02bb","2499":"kian","2500":"esa ","2501":"ilio","2502":"aue ","2503":"ga\u02bba","2504":"t\u0101uf","2505":" mom","2506":" min","2507":"pasi","2508":"flow","2509":"\u02bbane","2510":"piki","2511":"keli","2512":" vae","2513":"own ","2514":" m\u0101f","2515":"\u0101ina","2516":"unu ","2517":" fuf","2518":"efek","2519":"omat","2520":" vet","2521":"ng\u0101a","2522":"poli","2523":"momo","2524":"puha","2525":"otom","2526":"it\u014dn","2527":"at\u00e9 ","2528":"fie ","2529":"uma ","2530":"auna","2531":"otot","2532":" com","2533":"taen","2534":"aeta","2535":"inil","2536":"anit","2537":"ahao","2538":"ough","2539":"llem","2540":"nita","2541":" leo","2542":"alaa","2543":"lem ","2544":"efa ","2545":"mapu","2546":" dra","2547":" dr ","2548":"hulu","2549":"mo\u00eao","2550":"imal","2551":"oode","2552":" hek","2553":"dell","2554":"gina","2555":" liu","2556":"latu","2557":"odel","2558":"paki","2559":" aah","2560":"umu ","2561":"epal","2562":" puh","2563":" \u02bbep","2564":"p\u0101la","2565":"aisa","2566":"ma\u00fa ","2567":"ands","2568":"to\u02bba","2569":"iten","2570":"ama\u00ed","2571":"mo\u00eau","2572":"ulek","2573":"talu","2574":"ut\u0101m","2575":" tra","2576":"ulik","2577":"tale","2578":" bec","2579":"nitu","2580":"avou","2581":"gila","2582":"alli","2583":"ilin","2584":"eaka","2585":"kap\u014d","2586":" bro","2587":"ai\u02bbi","2588":"oetu","2589":"ell ","2590":" io ","2591":"ver ","2592":" pas","2593":"alei","2594":"when","2595":"ku\u02bba","2596":"haka","2597":"m\u0101na","2598":"heka","2599":"eta\u02bb","2600":"lupu","2601":"iton","2602":"fato","2603":" ak\u00f3","2604":"avea","2605":" lam","2606":"tuna","2607":"ngea","2608":" mao","2609":" gif","2610":" mu\u00e1","2611":" \u02bbem","2612":"sial","2613":"afou","2614":"kako","2615":" her","2616":"\u016b\u02bbia","2617":"sima","2618":"alui","2619":"futu","2620":"sita","2621":"kat\u014d","2622":" top","2623":"\u02bbelo","2624":" t\u014do","2625":"on\u016b\u02bb","2626":"\u014dong","2627":"k\u0101la","2628":"isim","2629":"neki","2630":"n\u016b\u02bbi","2631":" \u02bbit","2632":"lel\u00ed","2633":" \u2192 ","2634":" san","2635":"t\u014don","2636":" vei","2637":"lasi","2638":"mafo","2639":"\u014dpoa","2640":"fio ","2641":"ukuf","2642":"shor","2643":"geau","2644":"ulal","2645":"up\u00fa ","2646":"out ","2647":"kaon","2648":"p\u014dpo","2649":"\u02bbafi","2650":"aise","2651":" mit","2652":"in\u00f3 ","2653":"ety ","2654":"eir ","2655":"kiva","2656":"aion","2657":" map","2658":"mat\u00e9","2659":" \u200c\u02bba","2660":" uei","2661":"vou ","2662":"oput","2663":"amui","2664":"\u00eaulu","2665":"\u0101tu\u02bb","2666":"eika","2667":"uluk","2668":"moni","2669":"ngon","2670":"ikiv","2671":"afol","2672":"amak","2673":"toan","2674":"ffor","2675":"fuf\u016b","2676":"sivi","2677":"ailo","2678":"ou\u00e1 ","2679":" km ","2680":"tu\u00fa ","2681":"atel","2682":"aiki","2683":" ave","2684":"ciet","2685":"meak","2686":"hame","2687":" ew ","2688":"nis\u0113","2689":"omua","2690":"uf\u016b ","2691":"s\u0113ko","2692":"lopa","2693":" alo","2694":"omu\u02bb","2695":"giff","2696":"emip","2697":"fafa","2698":"iffo","2699":"avak","2700":"moko","2701":" \u00eaul","2702":"oeng","2703":"ocie","2704":"iety","2705":"elev","2706":"ok\u00f3 ","2707":"ught","2708":"rain","2709":"ahu\u02bb","2710":"vani","2711":"mane","2712":"fepa","2713":"alop","2714":" sep","2715":"m\u0101ti","2716":"apui","2717":"ota ","2718":"\u00eaata","2719":"\u02bbita","2720":"\u0113kop","2721":"\u00eailo","2722":"uain","2723":"valo","2724":"engi","2725":"kufa","2726":"feha","2727":" soc","2728":" \u00eaat","2729":"a\u02bb\u0113 ","2730":"ipel","2731":"heik","2732":"epa ","2733":"oket","2734":" ele","2735":"ight","2736":"afa\u00ea","2737":" la\u02bb","2738":"noun","2739":"\u0101l\u014d ","2740":"efu ","2741":"\u0101ufa","2742":"ngaf","2743":" eik","2744":"fa\u02bb\u0101","2745":" n\u00ed ","2746":"iaos","2747":" rai","2748":"ria ","2749":"al\u00f3 ","2750":"ait\u014d","2751":"siao","2752":"koa ","2753":"haof","2754":"epak","2755":"ufa\u02bb","2756":"anis","2757":"tiu ","2758":" soa","2759":" pai","2760":"kila","2761":"ckla","2762":" lao","2763":"maon","2764":"ilik","2765":" ae ","2766":"rnal","2767":"ko\u00eae","2768":"utun","2769":" \u00eaoe","2770":"polu","2771":"\u0101lan","2772":"sike","2773":"lion","2774":"ul\u00ed ","2775":" one","2776":"\u00eaoe ","2777":"hist","2778":"h\u0113va","2779":"lafa","2780":"ap\u014dp","2781":"isi\u02bb","2782":"opoa","2783":"t\u0113vo","2784":"otan","2785":" par","2786":"\u014difu","2787":"okal","2788":"siop","2789":"\u0101tiu","2790":"eik\u00ed","2791":" ko\u00ea","2792":"ng\u0101 ","2793":"akov","2794":"avam","2795":"kaia","2796":"uckl","2797":"zeal","2798":"auck","2799":"wers","2800":"h\u014dif","2801":" ola","2802":"eum ","2803":" zea","2804":"vela","2805":"uka ","2806":"tete","2807":"thei","2808":"etat","2809":"taeh","2810":"taan","2811":"kope","2812":"\u0113vol","2813":"laut","2814":" auc","2815":"ono\u02bb","2816":"klan","2817":"fa\u02bb\u0113","2818":"elel","2819":"nono","2820":"atuk","2821":"fele","2822":"poup","2823":"akoa","2824":"\u0101hau","2825":"vame","2826":"ouno","2827":" oan","2828":"kui ","2829":"tlin","2830":"o\u00eaen","2831":"la\u00eai","2832":"lly ","2833":"oupo","2834":"fo\u00eai","2835":"nani","2836":"toen","2837":"ulo ","2838":"kaiv","2839":"pe\u00e1 ","2840":"imat","2841":"inak","2842":"seas","2843":" so ","2844":"elu ","2845":"o\u00eaon","2846":"ip\u0113 ","2847":"phyl","2848":"vala","2849":"ais\u00ed","2850":"teki","2851":" lep","2852":"umat","2853":"alum","2854":"loka","2855":"lile","2856":"opal","2857":"ikun","2858":"soni","2859":" ema","2860":"melo","2861":"v\u0101ni","2862":"atop","2863":"va\u02bbi","2864":"ital","2865":" lik","2866":"fin\u00e9","2867":" lim","2868":"\u02bbuma","2869":"nce ","2870":"asil","2871":"\u02bb\u0101ha","2872":"tail","2873":" agr","2874":" cam","2875":"umot","2876":"hopo","2877":"afal","2878":"pang","2879":"iale","2880":"outa","2881":" \u02bb\u0101 ","2882":" \u02bb\u0101n","2883":"\u02bbula","2884":" \u00eaau","2885":"uhu ","2886":"liel","2887":"uma\u02bb","2888":" fa\u00ed","2889":"nual","2890":" faf","2891":"eval","2892":" feo","2893":"name","2894":"ev\u0101n","2895":"sev\u0101","2896":"ilal","2897":" pe\u00e1","2898":"a\u00eai ","2899":" hoa","2900":"mahe","2901":"lemi","2902":"aumo","2903":"toh\u00ed","2904":"\u02bbofi","2905":"toli","2906":"taof","2907":"lusa","2908":"uaif","2909":"aaia","2910":"anek","2911":"kaos","2912":" all","2913":" \u00eaap","2914":"atoh","2915":"a\u02bb\u0101h","2916":"llis","2917":"fe\u02bba","2918":"ipal","2919":"peli","2920":"hore","2921":"hoos","2922":" pak","2923":" tem","2924":"kou\u00e1","2925":"sipe","2926":" lia","2927":"ive ","2928":" suc","2929":"fi\u00e1 ","2930":"nuki","2931":"tei ","2932":"fa\u02bbi","2933":"a\u02bbit","2934":"on\u00e9 ","2935":"ahii","2936":"ohin","2937":"laak","2938":"avei","2939":"ungo","2940":" hui","2941":"\u0101ang","2942":"\u00eaalo","2943":"gako","2944":"imua","2945":"limu","2946":"lufu","2947":"anok","2948":" can","2949":"mal\u00ed","2950":"will","2951":"leo ","2952":"ahoa","2953":"drak","2954":" wa ","2955":" t\u0101t","2956":"lomi","2957":"hal\u00e1","2958":"ourn","2959":" int","2960":"our ","2961":"lelo","2962":"\u02bbeha","2963":"itoo","2964":"taa\u02bb","2965":" sim","2966":" set","2967":"a\u02bbem","2968":" \u00eaah","2969":"eh\u0113a","2970":"afa\u02bb","2971":"rake","2972":"hyme","2973":"ocal","2974":" \u02bboh","2975":"u\u02bbul","2976":" jou","2977":"aeik","2978":"aauh","2979":"etuk","2980":" kui","2981":"fiaf","2982":"urna","2983":" kih","2984":"i\u00eaak","2985":" who","2986":"puli","2987":" ve\u02bb","2988":"\u0113ang","2989":"jour","2990":"eget","2991":"upol","2992":" lul","2993":"aeto","2994":"iako","2995":"led ","2996":"amau","2997":"ap\u00ed ","2998":"iace","2999":"them","3000":"\u02bb\u0101ng","3001":" fea","3002":"oosi","3003":"h\u0113an","3004":"aulo","3005":"iahi","3006":"liku","3007":"hok\u00f3","3008":"tauk","3009":"ally","3010":"apaa","3011":"were","3012":"g\u0101an","3013":"ol\u00e1 ","3014":" veg","3015":"meno","3016":"\u02bbame","3017":"muse","3018":"stle","3019":"ion\u00ed","3020":"iafi","3021":"time","3022":" fik","3023":"age ","3024":"aivi","3025":" efi","3026":" hes","3027":"atli","3028":"inoh","3029":"k\u0101k\u0101","3030":" \u02bbuf","3031":"ree ","3032":"vege","3033":"ungu","3034":"watl","3035":"ymen","3036":"moua","3037":"noca","3038":"i\u02bbis","3039":" pik","3040":"bea ","3041":"oke ","3042":"ukam","3043":"moli","3044":"ahi\u02bb","3045":"tufu","3046":"itel","3047":"nu\u00e1 ","3048":" he\u00ea","3049":" sho","3050":"ian ","3051":"a\u02bbe\u02bb","3052":"i\u02bban","3053":"\u00eaeik","3054":"\u0101ule","3055":"bota","3056":"sifi","3057":"aten","3058":"ium ","3059":"noku","3060":" mor","3061":"\u02bbeta","3062":" hym","3063":"asi\u02bb","3064":"useu","3065":"tula","3066":"geta","3067":" \u014d ","3068":"ieki","3069":"seum","3070":" wer","3071":"hoha","3072":"u\u02bbin","3073":"star","3074":" laf","3075":" ais","3076":"oata","3077":"enoc","3078":"otu\u00ea","3079":"rch ","3080":"usal","3081":"tch ","3082":" hop","3083":"omal","3084":"nite","3085":"etan","3086":"ound","3087":"ons ","3088":"he\u00eae","3089":"lua ","3090":"alio","3091":" uof","3092":"kana","3093":" eve","3094":"mato","3095":"pela","3096":"oai ","3097":"try ","3098":"ging","3099":"eina","3100":"ahen","3101":"o\u02bbah","3102":" tit","3103":"maik","3104":"ele\u02bb","3105":"kaeh","3106":"poak","3107":"it\u00ed ","3108":"chie","3109":"\u0101me ","3110":"s\u0101me","3111":"asho","3112":"uike","3113":"kupo","3114":"\u0101k\u0101 ","3115":"asin","3116":"ees ","3117":"iha ","3118":" moe","3119":"orys","3120":"ryha","3121":"yha\u00ea","3122":" kos","3123":"ute ","3124":"istl","3125":"as\u00ed ","3126":"feki","3127":"whis","3128":"kiek","3129":"okup","3130":"phyt","3131":"luo ","3132":"ikel","3133":" siv","3134":"ifia","3135":"sisi","3136":"etal","3137":"eten","3138":"toni","3139":"came","3140":"ever","3141":"ema\u02bb","3142":"hese","3143":" fof","3144":"\u00eai\u00eaa","3145":"ime ","3146":"foli","3147":"atom","3148":"hief","3149":"kaul","3150":"eash","3151":"kuna","3152":" an ","3153":"\u0101imu","3154":"tler","3155":"u\u02bbah","3156":"poon","3157":" lap","3158":"luma","3159":"pole","3160":"oval","3161":" lup","3162":"upen","3163":"tany","3164":" nat","3165":"ngo\u02bb","3166":"nter","3167":" hul","3168":"ifil","3169":"etuu","3170":"ded ","3171":"auat","3172":" hun","3173":"moto","3174":"hana","3175":"atei","3176":" luo","3177":"lepi","3178":" po\u02bb","3179":"ha\u00fa ","3180":"fatu","3181":"ohaa","3182":"vae ","3183":"ant ","3184":"it\u0101 ","3185":"fiki","3186":" ale","3187":"ua\u02bb\u0101","3188":"nus ","3189":"tua\u02bb","3190":"itio","3191":"use ","3192":"ufon","3193":"ulti","3194":"hall","3195":"\u00eaung","3196":" nou","3197":"ahit","3198":" hus","3199":"rees","3200":"taem","3201":"kete","3202":"alil","3203":"ring","3204":" t\u0101i","3205":"teke","3206":"\u02bboma","3207":"nito","3208":"elef","3209":"kaaf","3210":"eohi","3211":"ma\u00e1 ","3212":" m\u012bs","3213":"ehok","3214":"ding","3215":" aga","3216":"tuum","3217":"aata","3218":"atav","3219":"onu\u00e1","3220":" ses","3221":"athe","3222":"pisa","3223":"mafi","3224":"o\u00eaui","3225":"\u00eaena","3226":"nohi","3227":"a\u00eai\u00ea","3228":"osef","3229":"t\u0101im","3230":" wou","3231":"lomu","3232":"ngee","3233":"tup\u00fa","3234":"kaf\u0101","3235":" noa","3236":"onop","3237":"leka","3238":"hem ","3239":"kimu","3240":"who ","3241":"\u00eaoni","3242":"lapa","3243":"fue ","3244":"piko","3245":"\u02bbone","3246":"hieh","3247":"ifak","3248":"mia ","3249":" ano","3250":"oitu","3251":" ham","3252":"ukuh","3253":"iose","3254":" k\u0101l","3255":" \u00eaal","3256":"foit","3257":"iia ","3258":"auan","3259":"purp","3260":"faki","3261":"atot","3262":"afoi","3263":"mult","3264":"ora ","3265":"uai\u02bb","3266":"\u02bbeva","3267":"iehi","3268":"\u00eauli","3269":" wha","3270":"chil","3271":"ase ","3272":"ehie","3273":"gafa","3274":" fut","3275":"moap","3276":"\u00eaaup","3277":"a\u02bbeh","3278":"like","3279":"i\u02bbuf","3280":"\u200c\u02bbo ","3281":"uut\u0101","3282":"\u02bbuha","3283":" pat","3284":"f\u012bna","3285":"uesi","3286":"\u00eauve","3287":"iope","3288":"sioa","3289":" \u016b ","3290":"sing","3291":"kae\u02bb","3292":"alev","3293":"aufa","3294":"ufi\u02bb","3295":"aafe","3296":"kaih","3297":"\u02bbusi","3298":"iana","3299":"utan","3300":" cla","3301":"aema","3302":"ifol","3303":"fi\u02bbu","3304":"\u02bbepa","3305":"aehi","3306":"elus","3307":"hed ","3308":" l\u012b ","3309":"beca","3310":"\u012bnau","3311":" f\u012bn","3312":"apis","3313":"\u02bboho","3314":" hea","3315":"sian","3316":"lace","3317":"agro","3318":"ooti","3319":"peka","3320":"afep","3321":"teak","3322":"aak\u00ed","3323":" uit","3324":"mao ","3325":" hoh","3326":"nson","3327":"woul","3328":"afut","3329":"uai ","3330":"lou ","3331":"eive","3332":"ua\u02bba","3333":"otok","3334":"ulus","3335":"iha\u02bb","3336":"\u0101l\u014dl","3337":" var","3338":"m\u0101fa","3339":" dis","3340":"line","3341":"le\u00e1 ","3342":"oami","3343":" ani","3344":"uka\u00fa","3345":"\u200c\u02bbi ","3346":"lifa","3347":"ahik","3348":"ekik","3349":"ta\u00eae","3350":"siok","3351":"laua","3352":"upe ","3353":"ning","3354":"lkin","3355":" vil","3356":" tow","3357":" ken","3358":"estr","3359":" sha","3360":"eeng","3361":"\u02bbito","3362":"eaof","3363":"meao","3364":"kah\u0113","3365":"love","3366":"apus","3367":"ku\u00eaa","3368":"\u02bbunu","3369":"hata","3370":"usia","3371":"a\u02bbos","3372":" wor","3373":"geen","3374":"atul","3375":"t\u014dki","3376":" p\u0101l","3377":"l\u014dl\u014d","3378":" p ","3379":"sipa","3380":" sti","3381":"otak","3382":"alik","3383":" nif","3384":"leii","3385":"uofe","3386":"itch","3387":"\u00eaui ","3388":"iofi","3389":"eta ","3390":"tipu","3391":"ikeh","3392":"hild","3393":"lasa","3394":"nete","3395":"olis","3396":"onut","3397":"ufun","3398":"ioat","3399":"ehi\u02bb","3400":"itoi","3401":"pipi","3402":"uat\u0101","3403":"\u0101ngi","3404":"mae ","3405":"nifo","3406":"opa ","3407":"lafi","3408":"pulo","3409":"lusi","3410":"naun","3411":"toho","3412":"aina","3413":"seti","3414":"amao","3415":" hia","3416":"auli","3417":"kins","3418":"ment","3419":" ii ","3420":"aria","3421":" gra","3422":" kiu","3423":"uku\u00ea","3424":"ulia","3425":"tham","3426":"efi\u00e1","3427":"e\u00eai ","3428":"aval","3429":"at\u014dk","3430":"alu\u02bb","3431":"uhia","3432":"uaip","3433":"\u014dkil","3434":"go\u02bbi","3435":"hyta","3436":"foo\u00fa","3437":"fua\u02bb","3438":"oset","3439":"ilo\u02bb","3440":"fean","3441":"yta ","3442":" \u00eaas","3443":"nly ","3444":"im\u0101l","3445":"inso","3446":"ohii","3447":"oo\u00fa ","3448":"ofoa","3449":"oomo","3450":"vei ","3451":" rr ","3452":"olia","3453":"und ","3454":" cr ","3455":"ofor","3456":"hoan","3457":"rpos","3458":"tle ","3459":"urpo","3460":"tern","3461":"etol","3462":"ltip","3463":" of\u00e1","3464":"kaef","3465":"etot","3466":"inai","3467":"maui","3468":"tter","3469":"wilk","3470":"utai","3471":"kena","3472":" ues","3473":"\u0101fan","3474":" iik","3475":"ta\u00eaa","3476":"der ","3477":"lite","3478":"leni","3479":"rofo","3480":"to\u02bbu","3481":" l ","3482":"opo ","3483":"ivan","3484":"aip\u0113","3485":"stry","3486":"etet","3487":"vitc","3488":"old ","3489":"grof","3490":"ik\u00e1 ","3491":"ipur","3492":"lope","3493":"si\u00e1 ","3494":"ich ","3495":"no\u02bba","3496":"aini","3497":"\u014dl\u014d ","3498":"ting","3499":"ater","3500":" m\u0113m","3501":"l\u0101ng","3502":"ifal","3503":"ned ","3504":"e\u02bbou","3505":"fuka","3506":"m\u0113mi","3507":"enet","3508":"iisi","3509":"uton","3510":" pes","3511":"teun","3512":"lita","3513":"aven","3514":"\u0113mip","3515":"mail","3516":"\u00eaasi","3517":" h\u016bf","3518":"ied ","3519":"onis","3520":"ple ","3521":"etok","3522":"a\u02bbet","3523":" et ","3524":"utuk","3525":"ilki","3526":"ofan","3527":"kaet","3528":"ulei","3529":"kaap","3530":" oho","3531":"poam","3532":"fesi","3533":"puni","3534":"loh\u00ed","3535":"tum ","3536":" \u00eaom","3537":"nuhi","3538":"liti","3539":"feoh","3540":"\u02bbale","3541":"hoom","3542":"some","3543":"\u0101\u02bbel","3544":"nit\u00ed","3545":"am\u00e1 ","3546":"hi\u02bbi","3547":"huse","3548":" luk","3549":"e\u00eaen","3550":" oat","3551":"losi","3552":"usep","3553":"aii ","3554":" m\u0101n","3555":"come","3556":"tu\u02bbo","3557":"malo","3558":"\u00eauta","3559":"simi","3560":"u\u02bbum","3561":"upu\u02bb","3562":" lin","3563":"tumu","3564":"olek","3565":"esse","3566":" al ","3567":"isak","3568":"till","3569":"a\u02bbua","3570":"lito","3571":" h\u0113 ","3572":"inia","3573":" sun","3574":"va\u02bba","3575":" \u02bbin","3576":"aimo","3577":"amap","3578":"osa ","3579":"ahei","3580":"\u0113lia","3581":"nau\u02bb","3582":"eii ","3583":" eki","3584":"lato","3585":" pip","3586":"afof","3587":"esek","3588":"num ","3589":"seka","3590":"eali","3591":"nopo","3592":"efua","3593":"more","3594":"also","3595":" she","3596":"lish","3597":"\u00eaila","3598":" als","3599":"fuef","3600":"kau\u02bb","3601":"ikii","3602":"an\u00fa ","3603":"iste","3604":"u\u02bbat","3605":"tena","3606":"lepa","3607":"matu","3608":" ap\u00ed","3609":"\u02bbuai","3610":"liot","3611":" t\u014dt","3612":"a\u02bbae","3613":" cro","3614":"itek","3615":"opoo","3616":" \u0101ta","3617":"hale","3618":"lake","3619":" res","3620":"live","3621":"anas","3622":"poa ","3623":"podi","3624":" ili","3625":" tek","3626":" ulo","3627":"gdom","3628":" oth","3629":"o\u02bbot","3630":"otum","3631":"iati","3632":"moan","3633":"kaki","3634":"ang\u0101","3635":"van\u00ed","3636":"thou","3637":"k\u0101le","3638":"kuha","3639":"peal","3640":"ania","3641":"lso ","3642":"iote","3643":"atin","3644":"ngdo","3645":"fusi","3646":"limi","3647":"afas","3648":"pako","3649":"anim","3650":" som","3651":"na\u00eaa","3652":"ingd","3653":"itok","3654":"iuka","3655":"fefa","3656":" ket","3657":"aian","3658":"t\u0101ki","3659":"\u00eaomi","3660":" uik","3661":"ata\u00e1","3662":"\u00eaofa","3663":"fahi","3664":"unge","3665":" fep","3666":" col","3667":"aloa","3668":"tanu","3669":"lu\u02bbi","3670":"uput","3671":"nak\u00ed","3672":"liam","3673":"seto","3674":" asi","3675":"oe\u00eau","3676":"f\u0101ng","3677":"t\u0101ut","3678":" old","3679":"avae","3680":"ise ","3681":"ica ","3682":"temi","3683":"dom ","3684":"para","3685":"lopo","3686":"hich","3687":"ace ","3688":"elen","3689":"fihi","3690":"\u00eaama","3691":"\u0101t\u0101t","3692":"a\u02bbaf","3693":"alae","3694":" ivi","3695":" ta\u00fa","3696":"ehu\u02bb","3697":"he\u02bbi","3698":" pm ","3699":"pelu","3700":" ma\u00e1","3701":"u\u00eaal","3702":" see","3703":"kilo","3704":"ris ","3705":" ove","3706":"whic","3707":"hyll","3708":"uhu\u02bb","3709":"uefu","3710":"anth","3711":"ha\u02bbi","3712":" lok","3713":"luke","3714":"rus ","3715":" l\u0113s","3716":"meni","3717":"even","3718":"\u0101ung","3719":"av\u00e1 ","3720":"veiu","3721":"\u0101nav","3722":" utu","3723":"os\u00ed ","3724":"ugh ","3725":"volo","3726":"utoh","3727":"apon","3728":"tao ","3729":"\u0101uta","3730":"apa\u02bb","3731":" ste","3732":"fifi","3733":"kika","3734":"veiv","3735":"kaea","3736":"otof","3737":"ep\u0101n","3738":" \u00eauh","3739":"sep\u0101","3740":"upa ","3741":"p\u0101ni","3742":"asit","3743":"efue","3744":"paap","3745":"nga\u00ea","3746":"ivei","3747":"only","3748":"unun","3749":"ley ","3750":"le\u02bbi","3751":"gani","3752":"utak","3753":"onuh","3754":"sika","3755":"olik","3756":"in\u00e1 ","3757":"u\u02bbus","3758":"hei ","3759":"e\u02bbau","3760":"vaeu","3761":"ae\u02bbo","3762":"ka\u02bbe","3763":"aeua","3764":"fima","3765":" any","3766":"avel","3767":" ta ","3768":"lled","3769":"amot","3770":"emal","3771":" ava","3772":"if\u00ed ","3773":"erna","3774":"fil\u00ed","3775":"ger ","3776":" ofe","3777":" onl","3778":"itle","3779":"ions","3780":"uuni","3781":"imaf","3782":"\u00eaia ","3783":"\u02bbifa","3784":"ulae","3785":"sani","3786":"\u02bbapo","3787":"mau\u02bb","3788":"imu\u02bb","3789":"faih","3790":"aiai","3791":"ulan","3792":" has","3793":"iv\u00e1 ","3794":" efu","3795":" thr","3796":" rea","3797":"ngot","3798":"on\u016b ","3799":"aasi","3800":"faai","3801":"stil","3802":"male","3803":" omi","3804":" go ","3805":"ng\u00ed ","3806":" mos","3807":"kaui","3808":"e\u02bbal","3809":" = ","3810":"nuto","3811":" kuk","3812":" \u02bbea","3813":" nei","3814":"aotu","3815":" teh","3816":"liat","3817":"its ","3818":"loun","3819":"amil","3820":"tehi","3821":"aoni","3822":" gen","3823":"siis","3824":" sto","3825":"ild ","3826":"kape","3827":" \u00eaof","3828":"\u0101kie","3829":"titl","3830":"tunu","3831":" mok","3832":"leta","3833":"koe\u00ea","3834":" p\u0113t","3835":"\u0101fin","3836":"putu","3837":"fish","3838":"of\u0101f","3839":" \u012bsi","3840":"f\u0101fi","3841":"alov","3842":"tema","3843":"\u0101olu","3844":"nasi","3845":"iri ","3846":"iung","3847":"\u00eaana","3848":"laei","3849":"fo\u00eao","3850":"ulu\u02bb","3851":"pter","3852":" ofo","3853":"sin\u00f3","3854":" mae","3855":"elih","3856":"utef","3857":"heli","3858":"\u0101moa","3859":"ivim","3860":"miti","3861":"puka","3862":"h\u0101la","3863":"m\u0101ol","3864":"arri","3865":"e\u00eauh","3866":"you ","3867":"uof\u0101","3868":"way ","3869":"itot","3870":"vili","3871":"ukav","3872":"no\u02bbo","3873":"\u0113son","3874":"vim\u0101","3875":" fih","3876":"kah\u014d","3877":"elop","3878":"afuo","3879":"une ","3880":" we ","3881":"ngs ","3882":" m ","3883":"\u02bbesi","3884":"mina","3885":"omo ","3886":"kaai","3887":"omok","3888":"sami","3889":"ous ","3890":"\u012bson","3891":"selo","3892":"afei","3893":"aha\u00fa","3894":"kaek","3895":"\u0113tel","3896":"\u014dfis","3897":"take","3898":"a\u02bbin","3899":"laio","3900":"visi","3901":"nu\u02bbu","3902":"tafu","3903":"p\u0113te","3904":"isii","3905":"als ","3906":"onge","3907":"\u00eaame","3908":"ovep","3909":"ohoa","3910":" \u0101ng","3911":"esin","3912":" no ","3913":"atua","3914":"feh\u0101","3915":"kol\u00f3","3916":"pu\u02bba","3917":"leng","3918":"ars ","3919":"a\u00eaat","3920":"mu\u00ed ","3921":"si\u00fa ","3922":"aana","3923":"ulat","3924":" les","3925":" ana","3926":" ins","3927":"\u00eaapi","3928":" le\u00e1","3929":"dia ","3930":"leha","3931":"liun","3932":"lefu","3933":"uli\u02bb","3934":"augh","3935":"ikov","3936":"aake","3937":"seli","3938":"musi","3939":" aus","3940":"\u00eaou ","3941":"med ","3942":"gaak","3943":" out","3944":"h\u012bki","3945":"apah","3946":"o\u00eaou","3947":"toai","3948":" fot","3949":"ihoi","3950":"bell","3951":"tufa","3952":"afo\u02bb","3953":"el\u016b ","3954":"rent","3955":"each","3956":"tupa","3957":"tupe","3958":"auni","3959":"\u02bboke","3960":" its","3961":"eka\u00fa","3962":"uvai","3963":"hers","3964":" spe","3965":"sake","3966":"sipo","3967":"pate","3968":"paha","3969":"ast ","3970":"\u0101hen","3971":"anua","3972":"fao ","3973":"lo\u00ed ","3974":"inge","3975":" str","3976":" olu","3977":" k\u0101p","3978":"foa ","3979":"kaik","3980":"lofi","3981":"ata\u00ea","3982":"v\u0101he","3983":"rst ","3984":"ated","3985":"la\u02bba","3986":"\u02bboto","3987":"atum","3988":"keto","3989":"em\u00e1 ","3990":"l\u0113so","3991":" sek","3992":"ukun","3993":"gong","3994":"eilo","3995":" ma\u00ed","3996":" sm ","3997":" oe ","3998":"nati","3999":"ofei","4000":"anan","4001":" si\u00fa","4002":"omel","4003":"mong","4004":"ucce","4005":"laan","4006":" fre","4007":"cons","4008":"e\u02bbev","4009":"kak\u0101","4010":"two ","4011":"ved ","4012":"asik","4013":"toat","4014":"upua","4015":" \u02bbeu","4016":"na\u02bbi","4017":"eh\u0101l","4018":"kaot","4019":"plac","4020":"lepe","4021":"moe ","4022":" two","4023":"sacr","4024":"pati","4025":" mad","4026":"ah\u014di","4027":"\u0101fim","4028":"va\u00ed ","4029":"teri","4030":"tika","4031":" tho","4032":"ta\u00eau","4033":"ans ","4034":" cha","4035":"isea","4036":"eket","4037":"olyp","4038":"nale","4039":" sac","4040":"m\u0101fi","4041":"at\u00fa ","4042":"atoa","4043":" nge","4044":"anus","4045":"ekei","4046":"radi","4047":"lypo","4048":"mati","4049":"touo","4050":"itu\u00ea","4051":"aeva","4052":"ens ","4053":"ade ","4054":"vepi","4055":"esit","4056":"aesi","4057":"afak","4058":"iama","4059":"flor","4060":"onat","4061":"poul","4062":"ihal","4063":" fir","4064":"\u0101laa","4065":"fika","4066":"wer ","4067":"onof","4068":"lilo","4069":"nto ","4070":" unu","4071":"\u02bbaua","4072":"pain","4073":"ema\u00fa","4074":"uosi","4075":"tom\u0101","4076":"thro","4077":"vang","4078":"eset","4079":"auhe","4080":" peo","4081":"tam\u00e1","4082":"ulop","4083":"eita","4084":"eiua","4085":" awa","4086":"uato","4087":"ikop","4088":"ouos","4089":"lavi","4090":"ante","4091":"fio\u02bb","4092":" tri","4093":" h\u0113v","4094":"\u0113pal","4095":"tran","4096":"lipe","4097":"fiof","4098":"teui","4099":" if ","4100":"akil","4101":" \u0113pa","4102":"ehoa","4103":"gain","4104":"apol","4105":"lu\u02bba","4106":"\u00eaing","4107":"roth","4108":"roug","4109":"succ","4110":"ssio","4111":"a\u00eaaf","4112":"o\u02bbut","4113":"aane","4114":"lum ","4115":"ves ","4116":"\u02bbasa","4117":" cou","4118":"aike","4119":"mari","4120":"avav","4121":"lame","4122":"molo","4123":" did","4124":" per","4125":"ipik","4126":" v\u0101h","4127":"eleh","4128":"h\u016bfa","4129":" our","4130":"hofi","4131":" nw ","4132":"et\u00ed ","4133":"tuhi","4134":"into","4135":"form","4136":"el\u00e9 ","4137":"ulah","4138":"ngit","4139":"utou","4140":"kemi","4141":"muak","4142":"cus ","4143":"tain","4144":" mu\u00ea","4145":"tow ","4146":" ma\u00fa","4147":"feli","4148":" \u014dfi","4149":" k\u014dl","4150":" lis","4151":"etap","4152":" mes","4153":" uka","4154":"ulip","4155":"era ","4156":"apan","4157":"lyne","4158":"aga ","4159":"shed","4160":"itua","4161":"amo\u00ea","4162":" car","4163":"uhel","4164":"meki","4165":"siak","4166":" ao ","4167":" fas","4168":"nise","4169":"uch ","4170":"okat","4171":"it\u00e9 ","4172":" ila","4173":"aifi","4174":"esil","4175":"ven ","4176":"kasa","4177":"uuma","4178":"ohu ","4179":"si\u00ed ","4180":" sch","4181":"ahat","4182":"\u012bsiu","4183":"ohof","4184":" hae","4185":"olei","4186":"\u016bfan","4187":"olyn","4188":"she ","4189":"afil","4190":"rum ","4191":"tiki","4192":"ynes","4193":"rans","4194":" fus","4195":"euve","4196":"vaki","4197":"ueli","4198":"soap","4199":"aif\u00ed","4200":"cred","4201":" k\u0113n","4202":" koh","4203":" \u02bbev","4204":" lua","4205":"ap\u0101l","4206":"\u02bbeve","4207":" gaa","4208":"aele","4209":" lo\u02bb","4210":" fae","4211":"nis\u00ed","4212":" \u02bbet","4213":"epek","4214":"t\u0101ka","4215":"\u00eaolu","4216":"pap\u0101","4217":"op\u00e9 ","4218":"irst","4219":"lo\u00e1 ","4220":"aloh","4221":"ngu ","4222":"s\u0101mo","4223":"oofa","4224":" fif","4225":"eamo","4226":"elep","4227":"\u02bbafa","4228":"aufu","4229":"tone","4230":" m\u014dm","4231":"made","4232":" let","4233":" cor","4234":"rist","4235":"to\u02bbi","4236":"eve\u02bb","4237":"auva","4238":"laku","4239":"ia\u02bbi","4240":"ukan","4241":"ama\u00ea","4242":"whal","4243":"tuua","4244":"peop","4245":"luk\u0101","4246":"side","4247":"arin","4248":"stri","4249":"ost ","4250":"saii","4251":"uite","4252":" aft","4253":"iflo","4254":"veuv","4255":" \u00eaei","4256":"kauv","4257":"topa","4258":"mean","4259":"tuip","4260":"oryf","4261":"ngom","4262":"uak\u00ed","4263":"inte","4264":"var ","4265":"uk\u0101l","4266":"uali","4267":"oki\u02bb","4268":"tol\u00f3","4269":"keak","4270":"kepa","4271":"cent","4272":" des","4273":"ai\u02bba","4274":"hasi","4275":" tet","4276":" nep","4277":"anet","4278":"sema","4279":"gene","4280":"ma\u00eau","4281":" tav","4282":" day","4283":"tael","4284":"ople","4285":"taei","4286":"andi","4287":"shal","4288":" fes","4289":"anda","4290":"ng\u00f3 ","4291":" te\u00ea","4292":"alek","4293":"\u02bbeli","4294":"eed ","4295":"hae ","4296":"meam","4297":"hung","4298":"eopl","4299":"puan","4300":"otuh","4301":"ok\u0101l","4302":" ini","4303":"hite","4304":"li\u00e1 ","4305":"ausi","4306":"piri","4307":" ret","4308":"ping","4309":"pina","4310":"mika","4311":"\u0101kai","4312":"uveu","4313":"asai","4314":" ifi","4315":"iuel","4316":"firs","4317":"\u012bsai","4318":"ice ","4319":"inat","4320":"afte","4321":"\u0101laf","4322":"eman","4323":"emat","4324":"afeh","4325":"brot","4326":" hit","4327":"a\u02bbul","4328":"ekos","4329":"oaak","4330":"ivak","4331":"i\u02bbah","4332":" vun","4333":" app","4334":"fter","4335":"pel\u016b","4336":"abe ","4337":"vana","4338":"nase","4339":"uipa","4340":" cal","4341":"hu\u00eai","4342":" pri","4343":"nait","4344":"aiia","4345":"ishe","4346":"efon","4347":"lio ","4348":"rown","4349":"m\u012bsa","4350":"ehae","4351":"aafi","4352":"day ","4353":"iok\u0101","4354":" ran","4355":"ohil","4356":"uafo","4357":"akol","4358":"olan","4359":"\u02bbafu","4360":"ualo","4361":"afah","4362":"itam","4363":"onal","4364":" abo","4365":"kuoh","4366":"ka\u00eau","4367":"iata","4368":" fem","4369":"ofoo","4370":"kini","4371":"ilol","4372":"isal","4373":"fath","4374":"\u0101lal","4375":"foof","4376":"nger","4377":"oliv","4378":" put","4379":"\u0101pun","4380":"ella","4381":" tis","4382":"race","4383":"aima","4384":"ato\u02bb","4385":"iula","4386":"arti","4387":" pop","4388":" bee","4389":"odia","4390":" ita","4391":"\u0101\u02bbul","4392":"oa\u02bba","4393":"oeik","4394":"tus ","4395":" phy","4396":" \u0101 ","4397":"lla ","4398":"acre","4399":"ohem","4400":"sie ","4401":"isi\u00ea","4402":"hil\u00ed","4403":"erma","4404":"ioei","4405":"\u0113nan","4406":"vein","4407":"comm","4408":"ak\u00e1 ","4409":"\u0101ngo","4410":"did ","4411":" kem","4412":"faik","4413":"ikil","4414":"m\u014dmo","4415":"alim","4416":"soa ","4417":"ah\u0113v","4418":"eeki","4419":"tisi","4420":"unua","4421":"elah","4422":"unai","4423":"nse ","4424":"ehao","4425":"tina","4426":"omu\u00ea","4427":"lafu","4428":" hoi","4429":"te\u00eae","4430":"than","4431":"heem","4432":"k\u0113na","4433":"lal\u00f3","4434":"uita","4435":"gaaf","4436":"roun","4437":"uohi","4438":"ily ","4439":"aioe","4440":"\u02bbe\u02bba","4441":" goo","4442":"eema","4443":" c ","4444":"ryhi","4445":"k\u0101ka","4446":" tuh","4447":"po\u02bbo","4448":"iak\u00f3","4449":"alle","4450":"filo","4451":"ery ","4452":"ered","4453":"an\u00e1 ","4454":"ehak","4455":"mals","4456":"l\u0101un","4457":"to\u02bb\u0101","4458":"siam","4459":"\u02bbua ","4460":"mes ","4461":"eren","4462":"kein","4463":"ief ","4464":"pu\u00eaa","4465":"ulam","4466":"mutu","4467":"lem\u00e1","4468":"coll","4469":" bri","4470":"ies ","4471":"ilat","4472":"tuta","4473":"luku","4474":" lek","4475":"siko","4476":"aati","4477":"sail","4478":"tuma","4479":"tul\u00ed","4480":"utum","4481":"ooa ","4482":"inst","4483":"h\u0101\u02bbe","4484":"taat","4485":"neka","4486":" nun","4487":"fiel","4488":" may","4489":"ehia","4490":"\u014dmoa","4491":"gono","4492":"itah","4493":"vasi","4494":"o\u02bb\u0101 ","4495":"ong ","4496":"alip","4497":"ngli","4498":"un\u00e1 ","4499":"moho","4500":"\u0101les","4501":"ukit","4502":"\u02bbala","4503":" hig","4504":"evan","4505":"vali","4506":"anam","4507":" bet","4508":"ivel","4509":"pan\u00ed","4510":"om\u0101l","4511":"seke","4512":"ng\u0101m","4513":"ilom","4514":"eles","4515":"ofia","4516":"ipau","4517":"ipe ","4518":"olit","4519":"\u200c\u02bbai","4520":"ince","4521":"\u200c\u02bbou","4522":"otal","4523":"ng\u0101\u02bb","4524":"ical","4525":"ilot","4526":"scen","4527":"afao","4528":"rder","4529":" olo","4530":"high","4531":"stan","4532":"rysi","4533":"stor","4534":"vol\u00f3","4535":"apun","4536":"kain","4537":"a\u02bba\u02bb","4538":"oabe","4539":" kaf","4540":"efie","4541":"engl","4542":"\u0113sia","4543":"camp","4544":"rien","4545":"a\u02bbok","4546":" cas","4547":"chin","4548":"stra","4549":"olop","4550":"alom","4551":"veng","4552":"slat","4553":"nder","4554":"ngo\u00ed","4555":"m\u0113li","4556":"gale","4557":"fei ","4558":" \u02bbif","4559":" \u00eaut","4560":"fa\u02bbu","4561":"ahu ","4562":" ngi","4563":"spec","4564":"kiu ","4565":"lepo","4566":" god","4567":"ohen","4568":"ahu\u00ea","4569":"lo\u02bba","4570":"ood ","4571":"aili","4572":"peau","4573":"io\u02bba","4574":"kaes","4575":"\u0101fon","4576":"go\u00ed ","4577":"\u02bbato","4578":"cula","4579":" bel","4580":"ng\u00e3 ","4581":" now","4582":" fuk","4583":"lav\u00e1","4584":"olam","4585":"ense","4586":"ving","4587":"\u00eaate","4588":"sepu","4589":"opun","4590":" lo\u00ed","4591":"\u0101\u02bbap","4592":"a\u00eauv","4593":"ipul","4594":"hiku","4595":"epul","4596":"epan","4597":" off","4598":"tak\u00ed","4599":"ypod","4600":" ori","4601":"inas","4602":"kauh","4603":"rev ","4604":"fotu","4605":"aka\u00fa","4606":"ekuk","4607":"lome","4608":"been","4609":"ivik","4610":"via ","4611":"apia","4612":"tive","4613":"afea","4614":"toab","4615":"g\u0101\u02bba","4616":"arad","4617":"itun","4618":" ind","4619":" \u00eaol","4620":"mipi","4621":"avin","4622":" pep","4623":"etu\u00fa","4624":"itu\u00fa","4625":"aite","4626":"kami","4627":" sou","4628":"o\u00eaa ","4629":"ifa ","4630":"helu","4631":" tee","4632":" cit","4633":"uuta","4634":"gama","4635":"avao","4636":"alap","4637":"nsla","4638":"am\u0101t","4639":" ova","4640":"tly ","4641":" ame","4642":"tica","4643":"\u02bbohi","4644":"am\u0113l","4645":"am\u0101n","4646":" sup","4647":"atao","4648":"sona","4649":"om\u00e1 ","4650":"ause","4651":"tofo","4652":"auik","4653":"uata","4654":"au\u00eai","4655":"oa\u02bbi","4656":" dec","4657":"know","4658":"lain","4659":"helo","4660":"ters","4661":"han ","4662":"asif","4663":"llin","4664":"\u02bbima","4665":"ukul","4666":"at\u0101f","4667":"loti","4668":"ays ","4669":"atu\u00ea","4670":" bir","4671":" acc","4672":"assi","4673":"a\u02bbal","4674":"ide ","4675":"ufan","4676":"iain","4677":" ass","4678":"hehe","4679":"uhik","4680":"citr","4681":"home","4682":"li\u02bbi","4683":"\u0101pat","4684":" us ","4685":"mave","4686":"ehal","4687":"\u00eaosi","4688":"veu ","4689":"keta","4690":"prot","4691":" kno","4692":"u\u00eaan","4693":"ahah","4694":"usie","4695":"sete","4696":"m\u0101to","4697":"diac","4698":"ka\u02bbu","4699":"io\u02bbi","4700":"u\u00eain","4701":"ngo\u00e1","4702":"glis","4703":"sam\u0113","4704":"eave","4705":"mat\u00e1","4706":"miue","4707":"siai","4708":"ul\u00fa ","4709":"move","4710":"enia","4711":"vaim","4712":"ak\u00e9 ","4713":"iuat","4714":"ses ","4715":"emen","4716":"pot\u00f3","4717":"unof","4718":"ury ","4719":"\u0101pul","4720":"ngii","4721":"velu","4722":"pepa","4723":"unoa","4724":" \u02bboa","4725":"gava","4726":"itoh","4727":"ume ","4728":"go\u00e1 ","4729":"ahas","4730":"siul","4731":"self","4732":"ito\u02bb","4733":"o\u02bboh","4734":"akik","4735":"keti","4736":"ungi","4737":" k\u014dv","4738":"ives","4739":"ansl","4740":"oato","4741":"ului","4742":"ahe\u02bb","4743":"hus ","4744":"ulut","4745":" chr","4746":"t\u0101up","4747":" m\u0101u","4748":"sifa","4749":"caus","4750":"no\u00eaa","4751":"taea","4752":"ak\u0101t","4753":"oloi","4754":" vit","4755":"puip","4756":"aava","4757":"e\u02bbao","4758":"ifik","4759":"\u0101kaa","4760":" l\u0101n","4761":"orth","4762":"fu\u00e1 ","4763":"futa","4764":"la\u00fa ","4765":"enu ","4766":"ear ","4767":"a\u00eaof","4768":"hoto","4769":" hum","4770":"vele","4771":"eath","4772":"elup","4773":"ahiv","4774":"ance","4775":"ely ","4776":"rley","4777":"\u014dvan","4778":" sat","4779":"shou","4780":"ampb","4781":"houg","4782":"atte","4783":"vit\u00e1","4784":" est","4785":" leh","4786":"itin","4787":"siol","4788":"apik","4789":" h\u014di","4790":" vaa","4791":"maea","4792":"aof\u00e1","4793":"pa\u00eaa","4794":" at\u0101","4795":"u\u00eaut","4796":"e\u02bbam","4797":"\u00eaafu","4798":" \u00eaia","4799":" pii","4800":"hen\u00ed","4801":"rati","4802":"tuon","4803":" ko\u02bb","4804":"pbel","4805":"uipu","4806":"rica","4807":"etes","4808":"\u00eaane","4809":"phor","4810":"ndan","4811":"mah\u00ed","4812":"si\u00eaa","4813":"utup","4814":"teek","4815":"e\u02bbia","4816":"ipui","4817":"o\u00eaun","4818":"mpbe","4819":"\u02bbeua","4820":"oak\u00ed","4821":"hu\u00ed ","4822":" f\u0101\u02bb","4823":"tofa","4824":"uito","4825":"inen","4826":"lis\u00ed","4827":"omit","4828":"port","4829":"very","4830":"niva","4831":"piti","4832":" heh","4833":" pui","4834":"ong\u00e3","4835":"aveu","4836":"alen","4837":"itoa","4838":"lue ","4839":"fol\u00e1","4840":"ong\u00f3","4841":"penu","4842":"af\u0101n","4843":"rant","4844":"ue\u02bbi","4845":"kalu","4846":" h\u0101\u02bb","4847":"sai\u00e1","4848":"youn","4849":"leto","4850":"iolo","4851":"cant","4852":"fere","4853":"ngav","4854":"aetu","4855":" p\u014dt","4856":"m\u0101\u02bbu","4857":"pail","4858":"vo\u00fa ","4859":"afek","4860":"reat","4861":"lauf","4862":"k\u014dva","4863":" vee","4864":"gaka","4865":" up ","4866":"isiv","4867":"\u02bbuve","4868":"tau\u00ea","4869":"loli","4870":"ukap","4871":"vung","4872":" f\u0101l","4873":"laun","4874":"eata","4875":"ecam","4876":"unan","4877":" s\u0101p","4878":"agat","4879":"a\u02bbas","4880":"kaii","4881":"turn","4882":"pun\u00e1","4883":" p\u0101 ","4884":"iafu","4885":" nor","4886":"iii ","4887":"alun","4888":"sula","4889":"uotu","4890":" \u02bbum","4891":"wher","4892":"avo\u00fa","4893":"s\u0101pa","4894":"ap\u014d ","4895":" afu","4896":"pout","4897":" ese","4898":"nunu","4899":"marr","4900":"prin","4901":"esta","4902":"amae","4903":"upo\u02bb","4904":" nea","4905":"aluk","4906":" l\u012bp","4907":"sola","4908":"okai","4909":" pin","4910":"o\u02bben","4911":"mono","4912":"vii ","4913":"tric","4914":"\u200c\u02bbik","4915":"onit","4916":"elf ","4917":" tia","4918":"\u0101sil","4919":"neia","4920":"mall","4921":" p\u00e4\u0093","4922":"ekit","4923":"eter","4924":"h\u00e4\u0081 ","4925":"imel","4926":" t\u012bm","4927":"illi","4928":"\u0101tam","4929":"ghte","4930":"lafe","4931":"siel","4932":"feau","4933":"geli","4934":"uila","4935":"akep","4936":"fuo ","4937":"upu\u00ea","4938":"lute","4939":"p\u00e4\u0093 ","4940":"noni","4941":"elom","4942":"uia ","4943":"hila","4944":"akul","4945":"ern ","4946":"ko\u02bbe","4947":"usa ","4948":" \u02bbut","4949":"\u0113nis","4950":"ysio","4951":"eria","4952":" p\u0101p","4953":"free","4954":"is\u0113 ","4955":"apin","4956":"bout","4957":" ves","4958":"tise","4959":"\u02bbeto","4960":"elai","4961":"moun","4962":"u\u00eaun","4963":"elat","4964":"\u012bmot","4965":"e\u02bba\u02bb","4966":"itei","4967":"ngih","4968":"aala","4969":"otis","4970":"uiha","4971":"moth","4972":"el\u00f3 ","4973":"houa","4974":"af\u0101 ","4975":"\u02bbofo","4976":"kaeo","4977":"most","4978":"eiaf","4979":"thin","4980":"iv\u0113s","4981":"ah\u00e4\u0081","4982":"heof","4983":"lom\u00e1","4984":"\u02bbini","4985":"kaan","4986":"ngua","4987":"aota","4988":"oheo","4989":"fufu","4990":"let ","4991":"uuak","4992":"east","4993":"at\u0101p","4994":"ov\u00ed ","4995":"lu\u00fa ","4996":"oifu","4997":" los","4998":" s\u014ds","4999":"such"}}