{"tvl":{"0":" te ","1":" e ","2":" ne ","3":" a ","4":" fak","5":"faka","6":" i ","7":" o ","8":" ki ","9":"tou ","10":" atu","11":"fai ","12":" se ","13":"atu ","14":" fai","15":" mai","16":"mai ","17":"atou","18":" ko ","19":" mo ","20":" ei ","21":" ke ","22":"ino ","23":"aga ","24":"tino","25":"iga ","26":" tin","27":" mea","28":"loa ","29":"mea ","30":" kae","31":"kae ","32":" me ","33":"iloa","34":"akam","35":" ten","36":" tau","37":" tat","38":"tato","39":"el\u0101 ","40":"loto","41":"mafa","42":" ia ","43":"aka ","44":"oga ","45":"kama","46":"afai","47":" maf","48":" tal","49":"tua ","50":"eilo","51":" eil","52":"nei ","53":"tonu","54":"akat","55":"atua","56":" tel","57":"ala ","58":"ata ","59":"mata","60":" kol","61":"oto ","62":"asi ","63":" lot","64":"onu ","65":"lato","66":" lat","67":" \u200b ","68":" ieo","69":"eova","70":"ieov","71":"ova ","72":"akaa","73":"ol\u0101 ","74":"kol\u0101","75":" mat","76":" ka ","77":"tau ","78":"aua ","79":"tel\u0101","80":" mau","81":"kato","82":" tus","83":"oki ","84":"usi ","85":" tai","86":"tena","87":" mal","88":"malo","89":"fia ","90":"foki","91":"en\u0101 ","92":"ena ","93":" tou","94":" fok","95":" lei","96":"tali","97":"ega ","98":"lei ","99":"tusi","100":"tala","101":"toa ","102":"atoa","103":" pel","104":" ton","105":"uga ","106":"laga","107":"alo ","108":"ana ","109":"tapu","110":"uiga","111":"isi ","112":"maua","113":" koe","114":"koe ","115":"olag","116":" man","117":"mana","118":"taim","119":"imi ","120":"aimi","121":"losi","122":" tap","123":"pel\u0101","124":" aka","125":"otou","126":"enei","127":"aki ","128":"kata","129":" uig","130":"alos","131":"ani ","132":"koga","133":" kat","134":"aiga","135":"ina ","136":" fia","137":" au ","138":"osi ","139":"faig","140":"agi ","141":"taki","142":" fes","143":"apu ","144":" pen","145":" ies","146":"lalo","147":"iesu","148":"esu ","149":"gata","150":"kaas","151":"aasi","152":"sala","153":"lagi","154":"akog","155":"tasi","156":"amal","157":"ili ","158":"amat","159":"poto","160":" tok","161":"ten\u0101","162":"pati","163":"ati ","164":"nisi","165":"lave","166":" gal","167":"ona ","168":"tama","169":" kel","170":" lal","171":" ana","172":"elis","173":"keli","174":" ola","175":"aual","176":" nis","177":"ali ","178":"uala","179":" aua","180":" aga","181":" tak","182":" kon","183":" olo","184":" ma ","185":"olot","186":" tam","187":"upu ","188":" kai","189":"feso","190":"akal","191":"tula","192":"anak","193":"asoa","194":" toe","195":"uke ","196":"fea ","197":"iki ","198":"ofa ","199":"lofa","200":"fau ","201":"aso ","202":"kau ","203":"tene","204":" aso","205":"galu","206":"ako ","207":" ilo","208":"mau ","209":"oako","210":"akoa","211":"koak","212":"lia ","213":"nako","214":"alue","215":"alol","216":"mua ","217":"lola","218":"afia","219":" nei","220":"efea","221":"afau","222":"oko ","223":" pef","224":" tuk","225":" fua","226":"pefe","227":"ola ","228":"\u0101ua ","229":"elu ","230":"tuku","231":" lag","232":" tup","233":"aita","234":" tav","235":"liki","236":" mua","237":"ano ","238":"olo ","239":"fait","240":"soan","241":"soas","242":"oaso","243":"esoa","244":"oani","245":"uku ","246":"alia","247":"sili","248":" pat","249":"toko","250":"kafa","251":" kau","252":"toe ","253":"ama ","254":"saga","255":" \u2060 ","256":" io ","257":"atau","258":"taga","259":"tavi","260":"lisi","261":"tupu","262":"gaga","263":"aulo","264":"alof","265":"aia ","266":"agag","267":"lueg","268":"uega","269":"akas","270":" tul","271":"isia","272":" mas","273":"iano","274":"sian","275":" la ","276":"fiaf","277":"akap","278":"logo","279":" ako","280":"iafi","281":"aina","282":"fua ","283":" kaf","284":"pen\u0101","285":"akaf","286":" m\u014d ","287":"aufa","288":"ufau","289":"fauf","290":"lago","291":"oti ","292":"aku ","293":" mun","294":"t\u0101ua","295":"muna","296":"mate","297":"amao","298":"taku","299":" pau","300":" pul","301":"ulag","302":"alam","303":" ona","304":"ogo ","305":"atal","306":"seki","307":"kala","308":" s\u0113 ","309":" k\u0101t","310":"kilo","311":" kou","312":"sei ","313":"ave ","314":"maon","315":"aoni","316":"toga","317":"oni ","318":"katu","319":" sek","320":"eki ","321":"taus","322":"ono ","323":" oti","324":"kout","325":"gina","326":" alo","327":"nofo","328":"utou","329":"outo","330":"ale ","331":"akai","332":" m\u0101f","333":"kita","334":" ata","335":"suke","336":"fili","337":" vae","338":"noa ","339":"agat","340":"ofo ","341":"masa","342":" tag","343":"avin","344":"akit","345":" tua","346":" ava","347":"vini","348":" t\u0101u","349":"atas","350":"ulo ","351":"kon\u0101","352":"ini ","353":"on\u0101 ","354":"auma","355":"kiga","356":"taul","357":"mala","358":" fal","359":"ate ","360":"ese ","361":"amoe","362":"aton","363":" fil","364":"pene","365":"kalo","366":"okot","367":"alai","368":"pule","369":"ela ","370":"otog","371":"una ","372":"tea ","373":"lafo","374":" sal","375":"vaeg","376":"vaga","377":"alav","378":"siga","379":"kone","380":"aman","381":"tuma","382":"umau","383":"onei","384":"loga","385":" uke","386":"aofi","387":"uli ","388":"aog\u0101","389":"fale","390":"kai ","391":"natu","392":"uaga","393":" pot","394":"iso ","395":"og\u0101 ","396":"asal","397":"kapo","398":" oko","399":"aoga","400":"lai ","401":"alag","402":"itak","403":" nof","404":"kamo","405":"auga","406":"seai","407":"m\u0101fa","408":"mali","409":"itau","410":" aof","411":"akig","412":"paul","413":" isa","414":"akao","415":"amio","416":" aog","417":"anat","418":"\u0101fai","419":"soko","420":"ine ","421":"nua ","422":" lav","423":" ami","424":"alik","425":"enua","426":"fenu","427":"eloa","428":"avag","429":" tum","430":"aelo","431":" fae","432":"fael","433":"eai ","434":" gat","435":" kil","436":"kaao","437":"aaog","438":"fono","439":"opot","440":"taua","441":"taum","442":"manu","443":"apot","444":"otop","445":"topo","446":"feta","447":"amua","448":"fine","449":"kaia","450":"amas","451":"lima","452":"itu ","453":" isi","454":"tela","455":"agon","456":"gona","457":"\u0101iga","458":" sil","459":" log","460":"atea","461":" kog","462":"anoa","463":"ausa","464":"talo","465":"ofia","466":"aako","467":"kese","468":"lama","469":"fana","470":"fola","471":"umaf","472":"asei","473":"afin","474":" fol","475":" las","476":"faif","477":"kasa","478":"atag","479":" kes","480":"mase","481":"alit","482":"uamu","483":"kota","484":" fen","485":"kaga","486":"muam","487":"usag","488":"moe ","489":"isal","490":"lasi","491":"avea","492":" fan","493":"gai ","494":"k\u0101ig","495":" kam","496":"nuga","497":"kaak","498":"vela","499":"tafa","500":"lau ","501":"tuga","502":"elav","503":"avel","504":"kava","505":"lito","506":"luga","507":"iton","508":"tusa","509":"akav","510":"atak","511":"asau","512":" sea","513":"toka","514":" fei","515":"oato","516":"eitu","517":"feit","518":"gaso","519":"kouk","520":"toat","521":"liga","522":"ele ","523":"usa ","524":"solo","525":"amo ","526":"polo","527":"ilog","528":"ouke","529":"okou","530":"liso","531":"tain","532":"vea ","533":"fuli","534":"lua ","535":"aifa","536":" lau","537":"ifai","538":"pili","539":" loa","540":"naga","541":"esil","542":"fesi","543":" k\u0101i","544":"oku ","545":"tai ","546":"vae ","547":" tas","548":"apua","549":"poga","550":"moem","551":" suk","552":"\u0101ti ","553":"ita ","554":"atug","555":"tani","556":"lue ","557":"k\u0101ti","558":"oaga","559":"aelu","560":" tek","561":"alae","562":" mol","563":"lael","564":"oemo","565":"emoe","566":"koi ","567":"moli","568":" itu","569":"aula","570":"k\u0101to","571":"\u0101toa","572":" faf","573":"fafi","574":"aeg\u0101","575":"ule ","576":"olim","577":"agas","578":"otu ","579":" ful","580":"onug","581":" vai","582":" kea","583":"imau","584":"tolo","585":"alog","586":"asin","587":"tia ","588":"akau","589":"eg\u0101 ","590":" sok","591":"itul","592":"naki","593":"ifo ","594":" koi","595":"lie ","596":"loki","597":" sei","598":"ulaf","599":"uana","600":"afa ","601":"afon","602":"tuan","603":"ane ","604":" lik","605":"gasa","606":"kafe","607":"taup","608":"asig","609":" ifo","610":" val","611":"aupu","612":"iaga","613":"avae","614":" ali","615":"saua","616":" sag","617":" su\u0101","618":"su\u0101 ","619":"keat","620":"lotu","621":"agal","622":"sata","623":"uaki","624":"aega","625":"vale","626":"malu","627":"goa ","628":"ital","629":"puak","630":"igoa","631":"alie","632":"ulau","633":"atan","634":" sat","635":"anui","636":" apo","637":"nuia","638":"galo","639":"ofog","640":"alu ","641":"ausi","642":"ukes","643":"kesu","644":" l\u014d ","645":"kamu","646":"esuk","647":"ilo ","648":"kega","649":"ito ","650":"aite","651":"ukeg","652":" pog","653":"tiga","654":"oega","655":"moeg","656":" lug","657":"ogai","658":" pil","659":" m\u0101t","660":" sao","661":"sino","662":"eke ","663":"teke","664":"tofo","665":"m\u0101tu","666":" tog","667":"akag","668":"asan","669":"eate","670":" iku","671":"sani","672":"oka ","673":"itin","674":"\u0101tua","675":" ta ","676":"ogin","677":"apos","678":"kafi","679":" so ","680":"leva","681":" igo","682":"sito","683":"nau ","684":"faki","685":"asol","686":"fou ","687":"soa ","688":"posi","689":"osit","690":" tof","691":" gas","692":"atok","693":"otas","694":"fano","695":"itol","696":"gali","697":"fuag","698":"atam","699":" fou","700":"sale","701":" pet","702":" lof","703":"lifi","704":"eva ","705":"afan","706":"atai","707":" sau","708":"ifil","709":"ilok","710":"etel","711":" ono","712":"toku","713":"iku ","714":"onag","715":"taun","716":"ilif","717":"muli","718":"aunu","719":" taf","720":"lamo","721":"aui ","722":"okil","723":"taui","724":" kal","725":" lom","726":"uipu","727":"ipui","728":"puip","729":"ite ","730":"ulot","731":"avit","732":"aiku","733":"vita","734":" nak","735":"afol","736":"taug","737":"pete","738":"kuga","739":" fa ","740":"aata","741":"ailo","742":"foli","743":" fau","744":"maut","745":"masi","746":"ikug","747":"miog","748":"oono","749":"ioga","750":" pol","751":"iuta","752":"onoo","753":"fina","754":"noon","755":" tu ","756":"ulu ","757":"faip","758":"agai","759":"\u0101le ","760":"s\u0101le","761":"kogi","762":" mae","763":" foi","764":"emu ","765":"oiti","766":"foit","767":"pau ","768":" iut","769":"apel","770":"ielu","771":"lega","772":" s\u0101l","773":"auta","774":"amul","775":"olaf","776":" tia","777":"nia ","778":"ugas","779":"ipat","780":"tolu","781":"aipa","782":"unat","783":"akae","784":"togi","785":"nato","786":"oma ","787":" pui","788":"loag","789":" pal","790":" oto","791":" fea","792":"ataf","793":" ioa","794":"mole","795":" tig","796":"opo ","797":"ofi ","798":"kail","799":"foga","800":"vave","801":"pelo","802":"kaik","803":"ago ","804":"lemu","805":"pui ","806":"unu ","807":" ga ","808":" fet","809":"file","810":"ilem","811":"ose ","812":"igat","813":"etau","814":"tele","815":"uleg","816":"valo","817":" lev","818":"afet","819":" iel","820":"ufak","821":"oane","822":"aalo","823":" kuf","824":"kufa","825":"ioan","826":"otia","827":"fie ","828":"aigo","829":"eta ","830":" pap","831":"main","832":" lua","833":"sia ","834":" fon","835":"pela","836":"telu","837":"olog","838":"afua","839":" pok","840":"vait","841":"ula ","842":"taka","843":"atus","844":"taut","845":"esok","846":"osig","847":"aloa","848":"utin","849":"otak","850":"auti","851":" fat","852":"mato","853":" na ","854":"inoa","855":"enit","856":"sao ","857":"paki","858":" sen","859":"aio ","860":"otol","861":"gofi","862":" tot","863":"pula","864":"ofie","865":" lue","866":"aoti","867":"loma","868":"iako","869":"kaot","870":"eain","871":"auig","872":"kaui","873":"uia ","874":" mam","875":"asia","876":"anaf","877":"kait","878":"mamo","879":"ava ","880":"saki","881":"mae ","882":"etai","883":"pelu","884":"egin","885":"laka","886":" oi ","887":"sau ","888":"inau","889":"maga","890":"nafa","891":"apat","892":"mio ","893":"kase","894":"amag","895":"ema ","896":"utai","897":"okag","898":"aeke","899":"poko","900":"kaek","901":"ulia","902":"niga","903":"mose","904":" mos","905":"kina","906":"aolo","907":"t\u0101ga","908":"saol","909":"igof","910":"agel","911":"avan","912":"taia","913":" t\u0101g","914":" ou ","915":"liag","916":" epe","917":"toea","918":"anu ","919":"vano","920":" moe","921":"oeai","922":"\u0101gat","923":"iti ","924":" pak","925":" m\u0101u","926":"nite","927":"iona","928":"epel","929":"kaat","930":"tiak","931":"gana","932":"lofe","933":"ogi ","934":"potu","935":" ape","936":"olua","937":" gan","938":"m\u0101fu","939":"\u0101fua","940":"afe ","941":"alot","942":"taio","943":"kasi","944":"laua","945":"alal","946":"foto","947":" fin","948":"ofot","949":"otof","950":" v\u0101i","951":"m\u0101ua","952":" sol","953":"elof","954":"feka","955":"isai","956":"mani","957":"olig","958":"ekeg","959":"ofet","960":"ulig","961":" tao","962":"saia","963":"tuag","964":"v\u0101i ","965":"faga","966":" noa","967":"olu ","968":"kegi","969":"ute ","970":"ima ","971":"uiag","972":"asea","973":"\u0101va ","974":"uai ","975":"tuai","976":"pala","977":"ole ","978":" fek","979":"agan","980":"alat","981":"papa","982":" oku","983":"kapi","984":"leni","985":"oton","986":"nava","987":" \u0101va","988":"tagi","989":"iatu","990":" sa ","991":"iaki","992":"pito","993":"upe ","994":"leta","995":"atis","996":"apol","997":"koli","998":"fuaf","999":"uta ","1000":"uka ","1001":" ios","1002":"uafu","1003":"toma","1004":"taof","1005":"alug","1006":"tupe","1007":"lata","1008":"auag","1009":"aima","1010":"lele","1011":"alem","1012":"ioto","1013":" tea","1014":" age","1015":"aila","1016":"miot","1017":"meaa","1018":"tiso","1019":"apul","1020":" va ","1021":"anav","1022":"anau","1023":"iten","1024":"gelu","1025":" sui","1026":"lavo","1027":"ag\u0101 ","1028":" ulu","1029":"ekau","1030":"lema","1031":"umai","1032":"vou ","1033":" los","1034":"avou","1035":" sae","1036":" tan","1037":"olik","1038":"opoo","1039":"aopo","1040":" fe ","1041":"koti","1042":"poop","1043":"oopo","1044":"eaal","1045":"sui ","1046":"auav","1047":"otom","1048":"alet","1049":"init","1050":"usal","1051":"afes","1052":"tuka","1053":"eni ","1054":"uton","1055":"\u0101fin","1056":"seni","1057":"aamo","1058":"auli","1059":"\u0101iv\u0101","1060":"afi ","1061":"kam\u0101","1062":"faug","1063":"lusa","1064":"amaf","1065":"iv\u0101i","1066":"olok","1067":"v\u0101iv","1068":"asak","1069":"laam","1070":"lea ","1071":"lini","1072":"olop","1073":" ofo","1074":"elaa","1075":"elus","1076":"enal","1077":"onut","1078":"tofi","1079":"eka ","1080":"ilig","1081":" m\u0101 ","1082":"nuto","1083":"timo","1084":"nali","1085":"amai","1086":"gane","1087":" mao","1088":"itai","1089":" tim","1090":"uava","1091":"noag","1092":"enia","1093":"puke","1094":"sae ","1095":"oano","1096":"noan","1097":"aofa","1098":"fesa","1099":" puk","1100":"ilia","1101":"ulal","1102":"otuk","1103":"kat\u0101","1104":"avav","1105":"nino","1106":" l\u0101u","1107":"at\u0101u","1108":"aola","1109":" tol","1110":"sue ","1111":"ukau","1112":"teo ","1113":"olin","1114":"toti","1115":"f\u0101fi","1116":"atap","1117":"atia","1118":"iute","1119":" ati","1120":"imot","1121":"inu ","1122":"otin","1123":"ika ","1124":"kaso","1125":"\u0101ga ","1126":" tiu","1127":"tiut","1128":"sau\u0101","1129":"nito","1130":"mote","1131":"oteo","1132":"kele","1133":"aeni","1134":" f\u0101f","1135":"anin","1136":"maul","1137":"fogi","1138":"ete ","1139":"esag","1140":"olem","1141":"gama","1142":"lemo","1143":"paen","1144":"amol","1145":"pale","1146":"kolo","1147":" eva","1148":" iop","1149":"eval","1150":"iopu","1151":"opu ","1152":"pele","1153":" ave","1154":" loi","1155":"auto","1156":" pae","1157":"agam","1158":"alev","1159":"kaol","1160":"kano","1161":"emol","1162":"tam\u0101","1163":"eaga","1164":"alau","1165":"etap","1166":" pes","1167":"auno","1168":"unoa","1169":"ase ","1170":"ake ","1171":"akin","1172":" ita","1173":" lak","1174":" aun","1175":"luka","1176":"moto","1177":" aum","1178":"mia ","1179":"utak","1180":" vav","1181":"kali","1182":"iva ","1183":" sai","1184":"atuf","1185":"vai ","1186":"matu","1187":"itas","1188":"aiso","1189":"ota ","1190":"am\u0101 ","1191":" lim","1192":" toa","1193":"foof","1194":"lopo","1195":" l\u0101 ","1196":"inag","1197":"pese","1198":" sik","1199":"aofo","1200":"ofoo","1201":"loi ","1202":"kaut","1203":" laf","1204":"oofo","1205":" afe","1206":"faat","1207":"tag\u0101","1208":"kaof","1209":"gia ","1210":"l\u0101ua","1211":"fulu","1212":" kin","1213":"faia","1214":"agin","1215":" luk","1216":"kaim","1217":"lava","1218":"aipo","1219":"inig","1220":"inaf","1221":"iloi","1222":"amau","1223":"toet","1224":"oilo","1225":"opol","1226":" ui ","1227":"siki","1228":"efa ","1229":"iapo","1230":"nafi","1231":"gola","1232":"tiap","1233":"loil","1234":"agol","1235":"sefa","1236":"kaip","1237":" iak","1238":"avat","1239":"ipoi","1240":"vatu","1241":"poip","1242":"oipo","1243":"akan","1244":"ogia","1245":"fonu","1246":"emia","1247":" faa","1248":"kapa","1249":"eli ","1250":"tava","1251":"onia","1252":"leo ","1253":"ilip","1254":"atao","1255":"toki","1256":"lomi","1257":"otig","1258":"ikai","1259":"taot","1260":"gasu","1261":"gaig","1262":"akop","1263":"elon","1264":"kaa ","1265":"fiti","1266":"feag","1267":"sini","1268":"alel","1269":" kop","1270":"asao","1271":"vase","1272":"afu ","1273":"kopo","1274":"lala","1275":"asue","1276":"amu ","1277":"avas","1278":"m\u0101l\u014d","1279":"aval","1280":"aoto","1281":"igin","1282":" amo","1283":"niel","1284":"mome","1285":"maig","1286":"mona","1287":"loni","1288":"fala","1289":" the","1290":"omea","1291":"omal","1292":"laug","1293":" mom","1294":"fato","1295":"anie","1296":"the ","1297":" fag","1298":"usit","1299":"puag","1300":"uapu","1301":"teka","1302":"utal","1303":" aku","1304":"puap","1305":"male","1306":"aiak","1307":"ukel","1308":"utau","1309":" ika","1310":"ofak","1311":"tamu","1312":"lion","1313":"omi ","1314":" sef","1315":"esia","1316":"vau ","1317":"umal","1318":"imal","1319":" mot","1320":"osef","1321":"\u0101l\u014d ","1322":"lafu","1323":"unug","1324":"okol","1325":" inu","1326":" vau","1327":"fata","1328":"mao ","1329":" ala","1330":"elen","1331":"tufe","1332":"fatu","1333":"ilio","1334":"aisa","1335":"ufen","1336":"ila ","1337":"lipi","1338":"laui","1339":"anof","1340":"eful","1341":"oloa","1342":" sak","1343":"auil","1344":"mafu","1345":"tega","1346":"uilo","1347":"pei ","1348":"uatu","1349":"isa ","1350":"anum","1351":"iola","1352":"usig","1353":"tiva","1354":"afit","1355":"sefu","1356":" ken","1357":"tona","1358":"kaig","1359":"fuai","1360":"numa","1361":"olom","1362":"iose","1363":"lauk","1364":" teu","1365":"puig","1366":"lepu","1367":"giol","1368":"ataa","1369":"ene ","1370":"siat","1371":" leo","1372":"auke","1373":" ele","1374":"ogio","1375":" sam","1376":"ipog","1377":"elem","1378":" pua","1379":" pei","1380":"viki","1381":"onof","1382":"ope ","1383":"ofon","1384":"sina","1385":"kami","1386":"kolu","1387":"puli","1388":" vik","1389":" ake","1390":"lomo","1391":"omon","1392":"iupu","1393":"utog","1394":"toto","1395":"kaos","1396":"m\u0101um","1397":"alep","1398":"eso ","1399":"kola","1400":"maum","1401":"aiup","1402":"apil","1403":"uaiu","1404":" mil","1405":"aoso","1406":"soga","1407":"tafe","1408":"noga","1409":"apit","1410":"mili","1411":"gutu","1412":"iele","1413":"kea ","1414":"\u0101um\u0101","1415":"umea","1416":"utu ","1417":"niti","1418":" ama","1419":"talu","1420":"fati","1421":"alao","1422":"aume","1423":"oli ","1424":"um\u0101u","1425":"sua ","1426":" nw ","1427":"maop","1428":"asil","1429":"m\u0101u ","1430":" ao ","1431":" vag","1432":" efe","1433":"onig","1434":"aete","1435":"eiga","1436":"vaka","1437":"lemi","1438":"am\u0101u","1439":" tug","1440":"teet","1441":"saul","1442":"alak","1443":"alaf","1444":"kaet","1445":"anai","1446":"kaus","1447":"etee","1448":"laia","1449":"eete","1450":"fais","1451":"tais","1452":" kan","1453":"epui","1454":"usak","1455":" mes","1456":"olat","1457":"pape","1458":"g\u0101ga","1459":"gatu","1460":"eau ","1461":"kafo","1462":"maeg","1463":"itus","1464":"kaal","1465":"leko","1466":"efes","1467":"aife","1468":"oetu","1469":" uga","1470":"inog","1471":" vak","1472":" lel","1473":"kaop","1474":"au\u0101g","1475":" fep","1476":"usu ","1477":"vasi","1478":"kope","1479":"situ","1480":"esek","1481":"seig","1482":"salo","1483":"ise ","1484":"ifea","1485":"atum","1486":"feau","1487":"mesi","1488":"lika","1489":"faim","1490":"fail","1491":"golo","1492":" ai ","1493":"ovas","1494":"naug","1495":"epe ","1496":"tlm ","1497":" afi","1498":"pisi","1499":"tug\u0101","1500":"aiti","1501":" ova","1502":"iteg","1503":"afat","1504":"okig","1505":"tuak","1506":" tlm","1507":"ogol","1508":"au\u0101 ","1509":" t\u014d ","1510":"kene","1511":"lasa","1512":"apal","1513":"sela","1514":"olos","1515":"meak","1516":"olit","1517":"tion","1518":" to ","1519":"poi ","1520":" nau","1521":"eaka","1522":" lea","1523":" of ","1524":"kuat","1525":"maug","1526":"fitu","1527":" eli","1528":"ami ","1529":"peni","1530":" ofi","1531":"naia","1532":"fasi","1533":"fisa","1534":"gafi","1535":"ogaf","1536":"inis","1537":" tiv","1538":"ofis","1539":"ukua","1540":"elia","1541":" gut","1542":"afas","1543":"sion","1544":"nese","1545":"gota","1546":"eko ","1547":"iosu","1548":" nat","1549":"og\u0101g","1550":" pas","1551":"itaf","1552":" pep","1553":"lati","1554":"kapu","1555":"enes","1556":"upua","1557":"alen","1558":"osua","1559":"agot","1560":"pago","1561":"sena","1562":" n\u0101i","1563":"luta","1564":" fit","1565":"ales","1566":"uti ","1567":"etu ","1568":"apa ","1569":"keto","1570":"alek","1571":"kais","1572":"isin","1573":" po ","1574":"sako","1575":"aiat","1576":"lita","1577":"fiag","1578":"iman","1579":"n\u0101i ","1580":"akut","1581":"aiva","1582":" sot","1583":"ipil","1584":" han","1585":"asa ","1586":"aito","1587":"vega","1588":"uain","1589":"kili","1590":"miga","1591":" lie","1592":"uesu","1593":"goi ","1594":"lam\u014d","1595":"kuta","1596":" fam","1597":"oalo","1598":"aise","1599":"uag\u0101","1600":" usu","1601":"sues","1602":"aveg","1603":"afag","1604":"loal","1605":"am\u014d ","1606":"esue","1607":"mais","1608":"ugin","1609":" poi","1610":"oatu","1611":"alas","1612":"oso ","1613":"oleo","1614":" ese","1615":"ooso","1616":"eole","1617":"u\u0101ga","1618":"soos","1619":"leol","1620":" sel","1621":"akoi","1622":"epak","1623":"moni","1624":" pou","1625":"mati","1626":"atel","1627":"toag","1628":"kole","1629":" pis","1630":"ofan","1631":"uata","1632":"fepa","1633":"osoo","1634":"tufa","1635":"figa","1636":"saog","1637":"saka","1638":"elik","1639":"upit","1640":"lose","1641":" put","1642":"kupi","1643":"uelu","1644":"make","1645":"taat","1646":" aik","1647":"eti ","1648":"fama","1649":" uai","1650":"uako","1651":"ion ","1652":"ilau","1653":"ulua","1654":" gaf","1655":" asi","1656":"iaka","1657":"im\u0101l","1658":"aatu","1659":"itik","1660":"itia","1661":" mag","1662":"ikup","1663":"ikig","1664":"osog","1665":"apag","1666":"isog","1667":"uto ","1668":" lai","1669":"sait","1670":"saie","1671":"mika","1672":" sas","1673":"samu","1674":"ieni","1675":"alei","1676":"isoa","1677":" mik","1678":"itua","1679":"mava","1680":"kog\u0101","1681":"miti","1682":"kate","1683":"lafi","1684":"tuli","1685":"aful","1686":"anet","1687":"alim","1688":"puti","1689":"gafa","1690":"pua ","1691":"lesi","1692":"fuat","1693":"lolo","1694":"moi ","1695":" fun","1696":"aien","1697":" sun","1698":"liti","1699":"soti","1700":" fo ","1701":"muel","1702":"atoe","1703":"teli","1704":"feal","1705":"akua","1706":" kav","1707":"amak","1708":"temo","1709":"seta","1710":"\u0101l\u0101 ","1711":"sasa","1712":" moi","1713":"apo ","1714":"amog","1715":"etoe","1716":"fani","1717":"teu ","1718":"ioa ","1719":"ealo","1720":"eao ","1721":"tana","1722":"umat","1723":"funa","1724":"asek","1725":"eiti","1726":"aket","1727":"otok","1728":"ekes","1729":"oeto","1730":"leig","1731":" iun","1732":"anag","1733":"lota","1734":"emon","1735":"moga","1736":"lial","1737":"poti","1738":"eto ","1739":"etug","1740":"atup","1741":"apak","1742":"iiti","1743":"kale","1744":"poli","1745":"itii","1746":"eigi","1747":"ofig","1748":"ipi ","1749":"taea","1750":"taal","1751":"ofag","1752":"ilis","1753":"mal\u014d","1754":"amue","1755":" \u0101si","1756":"lao ","1757":"esa ","1758":"kaok","1759":" mui","1760":"kana","1761":"kisi","1762":"iko ","1763":"sigi","1764":"epa ","1765":"kape","1766":"mail","1767":"sapa","1768":"geli","1769":"ome ","1770":"ivai","1771":"v\u0101ig","1772":"iali","1773":"tiit","1774":"atae","1775":"atol","1776":"atio","1777":"tesa","1778":"itis","1779":" mak","1780":" fi ","1781":"luma","1782":"lani","1783":" sap","1784":"pulu","1785":" oso","1786":"alon","1787":"mui ","1788":"sima","1789":"aoko","1790":"ilak","1791":"tapa","1792":" mou","1793":"seke","1794":"am\u0101l","1795":"inal","1796":" sue","1797":"vage","1798":"iasi","1799":"paku","1800":" tem","1801":"oeit","1802":"ouli","1803":"toei","1804":"tiki","1805":"nala","1806":"auan","1807":"evag","1808":"tisi","1809":"suli","1810":"lafa","1811":"ato ","1812":"poul","1813":" lol","1814":"efan","1815":"pase","1816":"kati","1817":"itio","1818":" mek","1819":"alan","1820":"utug","1821":"lifu","1822":"ug\u0101 ","1823":"poki","1824":"soto","1825":"eleo","1826":"omot","1827":"koso","1828":"okis","1829":"vaia","1830":" lut","1831":"vail","1832":"pepe","1833":"okit","1834":"ekea","1835":"ouku","1836":"lepe","1837":"ekie","1838":"av\u0101i","1839":" nee","1840":"laoa","1841":"misi","1842":"okog","1843":"tanu","1844":" nai","1845":"isaa","1846":" tes","1847":"uano","1848":"eaig","1849":"kav\u0101","1850":"auef","1851":" tae","1852":"saut","1853":"uman","1854":"eemi","1855":"alig","1856":"gagi","1857":"alea","1858":"sene","1859":"eatu","1860":"uefa","1861":"saak","1862":"aias","1863":" num","1864":"utel","1865":"iaso","1866":"kia ","1867":"akak","1868":"pole","1869":"and ","1870":"mouk","1871":" omo","1872":"levi","1873":"kua ","1874":"umi ","1875":"aoa ","1876":"meli","1877":"kiel","1878":"neem","1879":"am\u0101f","1880":"ainu","1881":"laue","1882":"teko","1883":"okal","1884":"ug\u0101p","1885":"in\u0101 ","1886":"ulif","1887":"liel","1888":"opa ","1889":"saeg","1890":"g\u0101pa","1891":"ekos","1892":"m\u0101m\u0101","1893":"puga","1894":"elet","1895":"wer ","1896":"sias","1897":"towe","1898":"king","1899":"uemu","1900":"lame","1901":"eute","1902":"faiv","1903":"mago","1904":"sele","1905":"igal","1906":"telo","1907":"tuu ","1908":"lail","1909":"iful","1910":"sita","1911":"teut","1912":"watc","1913":"taue","1914":"one ","1915":"loka","1916":"mal\u016b","1917":"\u0101pat","1918":"\u0101m\u0101 ","1919":"numi","1920":"enis","1921":"ower","1922":"sopo","1923":"ulea","1924":"ipo ","1925":"ilai","1926":"pepa","1927":"sofi","1928":"nai ","1929":"tito","1930":"itan","1931":"itek","1932":" wat","1933":"aute","1934":"aput","1935":"agoi","1936":" mav","1937":"auem","1938":"aloi","1939":" sit","1940":"afea","1941":"aim\u0101","1942":"atin","1943":"aeao","1944":" set","1945":"atch","1946":" tuu","1947":" pai","1948":" kom","1949":"aala","1950":" lo ","1951":"asel","1952":"aate","1953":"sega","1954":" tit","1955":"esal","1956":"tioa","1957":"eten","1958":"seil","1959":"kaum","1960":"tin\u0101","1961":"moa ","1962":" new","1963":" ame","1964":"ak\u0101i","1965":"onal","1966":"tate","1967":"okof","1968":"anan","1969":"ativ","1970":"ivi ","1971":"asag","1972":"tak\u0101","1973":"tait","1974":"site","1975":"taen","1976":"valu","1977":"iagi","1978":"ig\u0101 ","1979":" pik","1980":"g\u0101l\u0101","1981":"elie","1982":"lopi","1983":"ukug","1984":"uk\u0101i","1985":"elau","1986":"litu","1987":"lisa","1988":"uni ","1989":" \u25aa ","1990":"lilu","1991":"lesa","1992":"osia","1993":"lete","1994":" nas","1995":"osof","1996":"aene","1997":"latu","1998":"ieli","1999":"afao","2000":"kugi","2001":"kuka","2002":"upug","2003":"opit","2004":"avak","2005":"maka","2006":"koto","2007":"uaka","2008":" ete","2009":" eso","2010":"afok","2011":" fus","2012":"laig","2013":" ofa","2014":"kopi","2015":"veag","2016":"pul\u0101","2017":" mul","2018":"iafa","2019":" m\u0101m","2020":"peli","2021":" asu","2022":"pea ","2023":"nale","2024":" aus","2025":"ul\u0101 ","2026":"ulum","2027":"ulil","2028":"eleg","2029":"ufat","2030":"uali","2031":"eona","2032":" fiu","2033":"tosi","2034":"putu","2035":" f\u0101m","2036":"toes","2037":"usia","2038":"tati","2039":"ateg","2040":"sunu","2041":"asul","2042":"fiu ","2043":"asae","2044":"gala","2045":"tog\u0101","2046":"aulu","2047":"osa ","2048":"losa","2049":" and","2050":"iua ","2051":"ania","2052":"al\u016b ","2053":" tos","2054":" pus","2055":"lapu","2056":"afou","2057":"akos","2058":" v\u0101 ","2059":"\u0101si ","2060":" vel","2061":"oese","2062":"og\u0101l","2063":"komi","2064":"kesi","2065":"meo ","2066":"isio","2067":" oke","2068":"lono","2069":"aea ","2070":"onom","2071":"osin","2072":"nome","2073":"ilua","2074":"opog","2075":" oli","2076":"opi ","2077":"akuk","2078":"ligi","2079":"toli","2080":" tio","2081":"aupa","2082":"esin","2083":"eseg","2084":"naif","2085":"mupa","2086":" tuf","2087":"umak","2088":"mafi","2089":"koit","2090":"aali","2091":"ekai","2092":"lila","2093":"lipo","2094":"ekol","2095":"ulai","2096":"loim","2097":"meke","2098":"elea","2099":"elil","2100":"ugut","2101":" wor","2102":"uase","2103":"eoli","2104":" vao","2105":"kona","2106":"lool","2107":"aumu","2108":" ion","2109":"tig\u0101","2110":"ioli","2111":"olek","2112":"sain","2113":"hana","2114":"oloo","2115":" lia","2116":"anit","2117":"ing ","2118":"seka","2119":"imat","2120":"iai ","2121":" mar","2122":"ons ","2123":"iata","2124":"pane","2125":"palu","2126":"oolo","2127":" mu ","2128":"imai","2129":"akol","2130":"ions","2131":"oitu","2132":" iai","2133":"napa","2134":"all ","2135":"atul","2136":" ipu","2137":"iuni","2138":"faog","2139":" sia","2140":"seol","2141":"amel","2142":"fetu","2143":" san","2144":"foni","2145":"ogaa","2146":"oima","2147":"ipu ","2148":"gaal","2149":"sete","2150":" seo","2151":"umua","2152":"pou ","2153":"efu ","2154":"\u016bga ","2155":"vao ","2156":"dom ","2157":"viti","2158":" api","2159":"\u0101fat","2160":" aul","2161":"vaiv","2162":"vine","2163":"ugap","2164":"amut","2165":"samo","2166":"okoa","2167":"uimu","2168":"sama","2169":" kul","2170":"gdom","2171":"gat\u0101","2172":"amos","2173":" lam","2174":"amoa","2175":"gati","2176":"amig","2177":"gapa","2178":"eles","2179":" awa","2180":"ame ","2181":"al\u014dl","2182":"elee","2183":"ogag","2184":"wake","2185":" pan","2186":" ani","2187":"iama","2188":"htow","2189":"upau","2190":"paup","2191":"paka","2192":"paia","2193":"emup","2194":"emai","2195":"apea","2196":"puna","2197":"elo ","2198":"igi ","2199":"pusa","2200":"hall","2201":"ilat","2202":"ria ","2203":"sai ","2204":"imui","2205":"saio","2206":" sin","2207":"ingd","2208":" peo","2209":"awak","2210":"nugi","2211":"elef","2212":"koat","2213":"muim","2214":"eata","2215":"mosa","2216":"tane","2217":"utam","2218":"asai","2219":"at\u0101 ","2220":"meai","2221":"tcht","2222":"tefe","2223":"tami","2224":"euga","2225":"teug","2226":"laki","2227":"l\u014dl\u014d","2228":" hal","2229":"l\u0101ug","2230":"\u0101uga","2231":"logi","2232":"esai","2233":" goi","2234":" fut","2235":"chto","2236":"eema","2237":"piki","2238":"s\u014dna","2239":"feli","2240":" ale","2241":"ngdo","2242":"kafu","2243":"kain","2244":" sua","2245":"nana","2246":"atig","2247":"new ","2248":"fuas","2249":" s\u014dn","2250":" tef","2251":"kaul","2252":"utia","2253":" kap","2254":"etat","2255":"auk\u0101","2256":"esi ","2257":"sane","2258":" kit","2259":"pose","2260":"f\u0101me","2261":" geo","2262":"pola","2263":"ers ","2264":"vaki","2265":" hak","2266":"tete","2267":"vaiu","2268":"ary ","2269":"asop","2270":"ganu","2271":"haka","2272":"etop","2273":" lep","2274":"evi ","2275":"u\u0101gi","2276":" lan","2277":" ian","2278":" bib","2279":" iol","2280":"siam","2281":"fusi","2282":"egal","2283":" mis","2284":"kofa","2285":"mele","2286":"kini","2287":"kema","2288":"keke","2289":"\u0101gin","2290":"meat","2291":"aiua","2292":"nait","2293":" sul","2294":"nata","2295":"kako","2296":"neti","2297":"kaav","2298":"akia","2299":"nina","2300":"\u0101meo","2301":"kosa","2302":"aava","2303":"\u014dna ","2304":"leon","2305":"leka","2306":"leem","2307":"lona","2308":" ufi","2309":"lope","2310":"lusi","2311":"afel","2312":" vol","2313":"age ","2314":"koul","2315":"kou ","2316":"laum","2317":" mel","2318":" sio","2319":" sim","2320":"topa","2321":"imas","2322":"ilik","2323":"anuu","2324":"osag","2325":"oset","2326":"omin","2327":" nep","2328":" nap","2329":"oulu","2330":"egag","2331":"pana","2332":"ible","2333":"apoi","2334":"ape ","2335":"iuna","2336":"omig","2337":" pon","2338":"nuu ","2339":"al\u014d ","2340":"itoa","2341":"itet","2342":"oemi","2343":"itam","2344":" pag","2345":"ofio","2346":"isim","2347":"ogal","2348":"oke ","2349":"oket","2350":"iofi","2351":" pro","2352":"ofoa","2353":"epuk","2354":"liat","2355":"ulap","2356":"ulit","2357":"unai","2358":"ekal","2359":"emit","2360":"tuat","2361":"efat","2362":"tugu","2363":"bibl","2364":"enin","2365":"uma ","2366":"ble ","2367":"musu","2368":"efon","2369":"tape","2370":"ato\u0101","2371":"aino","2372":"api ","2373":"kane","2374":"tuk\u0101","2375":"nasi","2376":"fapa","2377":"alap","2378":"nepu","2379":"iese","2380":"tauv","2381":"at\u016b ","2382":" tra","2383":"kula","2384":"kova","2385":"\u0101nug","2386":"iana","2387":"goto","2388":" t\u0101n","2389":" con","2390":"pani","2391":"aifo","2392":"etul","2393":" hel","2394":"kivi","2395":"kito","2396":"pefu","2397":" iul","2398":" moa","2399":"ianu","2400":"kaio","2401":"ekem","2402":"eorg","2403":"isil","2404":"isik","2405":"ukan","2406":"tulu","2407":"utul","2408":" kas","2409":"ipot","2410":"ipis","2411":"sogi","2412":"gase","2413":"futi","2414":"olen","2415":" fap","2416":" pea","2417":" kiv","2418":"vole","2419":"seti","2420":"imon","2421":"anes","2422":"amil","2423":"soli","2424":"uki ","2425":"t\u0101nu","2426":"apau","2427":"alua","2428":"ight","2429":"nisa","2430":" eka","2431":"fepu","2432":"ufa ","2433":"ival","2434":"geor","2435":"iula","2436":" nin","2437":" sig","2438":"ituk","2439":"ikil","2440":"fiof","2441":"osak","2442":"asim","2443":"elep","2444":"nesa","2445":"etal","2446":" pa ","2447":"tifa","2448":"puka","2449":"esot","2450":"tina","2451":"epul","2452":"\u0101sig","2453":" afu","2454":" lip","2455":"g\u0101la","2456":"ton ","2457":"leie","2458":"pual","2459":"tio ","2460":"eie ","2461":"lefo","2462":"uset","2463":"loke","2464":"rati","2465":" l\u014dm","2466":" gra","2467":"\u0113m\u016b ","2468":" l\u0113m","2469":"esan","2470":"ause","2471":"l\u0113m\u016b","2472":"eia ","2473":"cent","2474":"epua","2475":"loak","2476":"ulut","2477":"tifi","2478":"maki","2479":"han ","2480":"mako","2481":"lim\u0101","2482":"to\u0101 ","2483":" aok","2484":"sepa","2485":"ives","2486":"loso","2487":"\u014dmig","2488":"al\u00e5 ","2489":"osol","2490":"siak","2491":"nter","2492":"univ","2493":"\u014dga ","2494":"eg\u0101l","2495":"eago","2496":"sea ","2497":"elek","2498":"aoku","2499":"osoa","2500":"nove","2501":" fao","2502":"yclo","2503":"onar","2504":"ualu","2505":"autu","2506":"pila","2507":"late","2508":"apan","2509":"lug\u0101","2510":"elam","2511":"fet\u016b","2512":"t\u0101l\u0101","2513":"feol","2514":"nise","2515":"toeg","2516":"sana","2517":"nive","2518":" bar","2519":"fete","2520":"sano","2521":"laul","2522":"nolo","2523":"amav","2524":"simo","2525":"for ","2526":"sila","2527":"live","2528":"puta","2529":" ket","2530":"liva","2531":"ople","2532":"siti","2533":"anua","2534":"worl","2535":" li ","2536":"amup","2537":"cycl","2538":"olaa","2539":"oped","2540":"okus","2541":" kem","2542":"iosi","2543":"okos","2544":" av\u0101","2545":"orgi","2546":"av\u0101 ","2547":"hese","2548":"onit","2549":"osea","2550":" lis","2551":"ufi ","2552":"dia ","2553":" f\u0101p","2554":"amen","2555":"edia","2556":"orld","2557":"lefa","2558":" poa","2559":"f\u0101ma","2560":" ate","2561":"lapa","2562":" seg","2563":"isto","2564":"siko","2565":"soat","2566":"amis","2567":"isit","2568":"sika","2569":"neta","2570":"netu","2571":" ivi","2572":"meki","2573":"et\u016b ","2574":"laat","2575":"mela","2576":"upol","2577":" hes","2578":"uagi","2579":"ple ","2580":"\u0101tia","2581":"pedi","2582":" hos","2583":"afog","2584":"pasi","2585":"mini","2586":" got","2587":"l\u014dmi","2588":"clop","2589":"keti","2590":"keni","2591":"kena","2592":" ti ","2593":"auat","2594":" vit","2595":"ter ","2596":" t\u0101l","2597":"righ","2598":"kuso","2599":"mal\u00e5","2600":"peta","2601":"maof","2602":"peop","2603":"eave","2604":"agof","2605":"tika","2606":" enc","2607":"ulin","2608":"rld ","2609":"upan","2610":"ian ","2611":"eini","2612":"mat\u016b","2613":" ua ","2614":"uso ","2615":"eopl","2616":"esti","2617":"eolo","2618":" asa","2619":"agu ","2620":"apis","2621":"hose","2622":"outi","2623":"naka","2624":"ency","2625":" lus","2626":"ulei","2627":"nasa","2628":" mus","2629":"kani","2630":" bro","2631":" for","2632":"ekia","2633":" dan","2634":" ste","2635":" lap","2636":"tako","2637":"land","2638":"tule","2639":"eape","2640":"ncyc","2641":"lanu","2642":"aleg","2643":"ifat","2644":" all","2645":"anug","2646":" ini","2647":"fagu","2648":"nafe","2649":"laku","2650":"kauk","2651":"m\u0101fi","2652":"esel","2653":" cen","2654":"ulep","2655":"veao","2656":"oung","2657":"ans ","2658":"ouga","2659":"ikel","2660":"orr ","2661":"pono","2662":"ifi ","2663":" nov","2664":"hist","2665":" m\u016b ","2666":"imel","2667":"ifit","2668":"ubli","2669":" map","2670":"anog","2671":" ask","2672":"p\u016bga","2673":"piko","2674":"osal","2675":"anol","2676":"ook ","2677":"uave","2678":"ote ","2679":"iika","2680":" emu","2681":"osom","2682":" mit","2683":"hris","2684":" mic","2685":"osu ","2686":"ver ","2687":" lon","2688":"elug","2689":"palo","2690":"eman","2691":"iche","2692":"pisa","2693":"ifal","2694":"vers","2695":"ilit","2696":"hts ","2697":" esa","2698":"igo ","2699":"imua","2700":"vesi","2701":"ilim","2702":" lig","2703":"noka","2704":" ea ","2705":" uni","2706":" umi","2707":"kote","2708":"kosu","2709":"uluf","2710":"ag\u0101l","2711":" com","2712":"mauk","2713":"koka","2714":"kofi","2715":"ung ","2716":"aiik","2717":"aike","2718":"kuma","2719":"kion","2720":"mete","2721":"mich","2722":"milo","2723":" tow","2724":"\u0101lak","2725":"kete","2726":" til","2727":"kemu","2728":"aipi","2729":"muni","2730":"aitu","2731":"mupo","2732":"muti","2733":"kimu","2734":"mane","2735":" usi","2736":" uta","2737":"liko","2738":"\u014dl\u014dg","2739":"unak","2740":"liot","2741":"lipa","2742":"\u014dl\u014d ","2743":"liu ","2744":"lle ","2745":" \u0101fa","2746":"umit","2747":"leia","2748":"legi","2749":" you","2750":" cha","2751":"lou ","2752":"umel","2753":"aeli","2754":" chr","2755":"l\u014dga","2756":"afeo","2757":"afie","2758":" wal","2759":"afo ","2760":"afui","2761":"mael","2762":"mage","2763":" vin","2764":"chri","2765":" van","2766":"kat\u016b","2767":"nake","2768":"ekim","2769":"\u0101fa ","2770":"oeki","2771":" sep","2772":"ames","2773":"ofit","2774":" rus","2775":"ofu ","2776":" car","2777":"ogav","2778":" rig","2779":"ogom","2780":" que","2781":"ipa ","2782":"iota","2783":"dani","2784":"ione","2785":"andr","2786":"ioka","2787":"oleg","2788":"ell ","2789":"olet","2790":"oliv","2791":"olof","2792":" amu","2793":"volu","2794":" pe ","2795":"uie ","2796":"inev","2797":" par","2798":"omai","2799":"oegi","2800":"upae","2801":"itif","2802":"itok","2803":"nase","2804":"nath","2805":"naum","2806":"kalu","2807":"ald ","2808":"nce ","2809":"alio","2810":"neva","2811":"alom","2812":"niki","2813":"nine","2814":"aluk","2815":" sop","2816":"niuk","2817":"nium","2818":" soa","2819":"nogi","2820":"race","2821":"youn","2822":"alum","2823":" sip","2824":"nual","2825":"book","2826":"ukum","2827":"iuke","2828":"nume","2829":"oaig","2830":"oaka","2831":"itom","2832":"oasa","2833":"hans","2834":"paea","2835":"usum","2836":"ustr","2837":"than","2838":"ros ","2839":" kok","2840":"etes","2841":"fiak","2842":"etem","2843":"roli","2844":"sell","2845":"stra","2846":"etef","2847":"auko","2848":"hann","2849":"suus","2850":"ask ","2851":"rist","2852":"tiko","2853":"seok","2854":"auna","2855":" boo","2856":"esit","2857":"ssel","2858":" jos","2859":"sepe","2860":"tini","2861":"arol","2862":"rica","2863":"rian","2864":"usse","2865":"sylv","2866":"utip","2867":"russ","2868":"tao ","2869":"atom","2870":"faii","2871":"giga","2872":" fie","2873":"atut","2874":"tase","2875":"tuki","2876":"saku","2877":"tata","2878":"usuu","2879":"tale","2880":"fao ","2881":" kum","2882":"atik","2883":"atha","2884":"sail","2885":"seao","2886":"evit","2887":"ence","2888":"tch ","2889":"eoka","2890":"tefa","2891":"tulo","2892":"segi","2893":"gavi","2894":"tema","2895":"enti","2896":"eaog","2897":"esep","2898":"rgia","2899":"ghts","2900":"ture","2901":"epan","2902":"aseo","2903":"asen","2904":"ures","2905":"epol","2906":" kek","2907":"toek","2908":"aset","2909":"asat","2910":"sese","2911":"foug","2912":"tome","2913":"sola","2914":"soma","2915":" fra","2916":"upun","2917":"fusu","2918":"fran","2919":"fuie","2920":" kio","2921":"esau","2922":"uusu","2923":"foai","2924":"res ","2925":"aros","2926":"vaik","2927":"tiok","2928":"work","2929":"okas","2930":"neli","2931":" iti","2932":"alef","2933":"elio","2934":"elaf","2935":"aten","2936":"ipol","2937":"cont","2938":"sipe","2939":"kael","2940":" jam","2941":"kai\u016b","2942":"kaf\u0101","2943":"iptu","2944":"ulan","2945":" iva","2946":"oisi","2947":"son ","2948":"kaki","2949":" syl","2950":"wers","2951":"okov","2952":" int","2953":"bert","2954":"ekis","2955":"fame","2956":"nani","2957":"fui ","2958":"naom","2959":"nary","2960":"nda ","2961":"utas","2962":" fa\u016b","2963":"anas","2964":"kame","2965":"uth ","2966":" p\u014dm","2967":"ente","2968":"atif","2969":"ipep","2970":"okia","2971":" dor","2972":"sinu","2973":"fuga","2974":" sta","2975":"ean ","2976":" son","2977":"nusi","2978":"akil","2979":"oaat","2980":"fila","2981":"stev","2982":"oaki","2983":"ofil","2984":"ofes","2985":"itog","2986":"isti","2987":"oamo","2988":"amae","2989":"it\u0101 ","2990":" scr","2991":"fio ","2992":"oana","2993":"oapi","2994":"crip","2995":" seu","2996":"amet","2997":"barr","2998":"ukou","2999":"ith ","3000":"ukol","3001":"itel","3002":"ameo","3003":" sem","3004":"stio","3005":"it\u0101i","3006":"ylvi","3007":" sog","3008":"jose","3009":"swer","3010":"amun","3011":" soc","3012":"soni","3013":"suna","3014":"jame","3015":"norr","3016":"sumu","3017":"nsla","3018":"nswe","3019":"isam","3020":"broo","3021":"asot","3022":"ive ","3023":" ros","3024":"ctor","3025":"ofug","3026":"ius ","3027":"ent ","3028":"amon","3029":"efek","3030":"iuma","3031":"fied","3032":"ases","3033":"stor","3034":" res","3035":"efe ","3036":"hani","3037":"kas\u0113","3038":"lako","3039":"esem","3040":"afig","3041":" cla","3042":"lana","3043":"laol","3044":"lase","3045":"lulu","3046":"aeva","3047":"aeto","3048":"chel","3049":"ti\u014d ","3050":"lufa","3051":"aele","3052":"luak","3053":"eset","3054":"afil","3055":"lait","3056":"usio","3057":"kus ","3058":"etan","3059":" utu","3060":"upul","3061":" ver","3062":" vic","3063":"tili","3064":" wil","3065":" gul","3066":"mafe","3067":"ting","3068":"usip","3069":" w ","3070":"aupo","3071":"laha","3072":"auva","3073":"lae ","3074":"man ","3075":"lote","3076":"lopa","3077":" fui","3078":"liol","3079":"lio ","3080":"line","3081":"ephu","3082":"ace ","3083":"cati","3084":"les ","3085":"\u014dmu ","3086":"umus","3087":"unag","3088":"lies","3089":"ley ","3090":"lic ","3091":"liam","3092":"tota","3093":"lisb","3094":"tran","3095":"tory","3096":"tofu","3097":"eg\u0101g","3098":" gak","3099":"tok\u0101","3100":"loat","3101":"urne","3102":" \u0101 ","3103":"char","3104":"tomu","3105":"lein","3106":"trat","3107":"loaa","3108":"llus","3109":"leli","3110":"lem ","3111":"tori","3112":"toni","3113":"kupu","3114":"tie ","3115":"kumi","3116":"moap","3117":"moan","3118":"evol","3119":"kiag","3120":" hum","3121":"mioa","3122":"teag","3123":"eve ","3124":"mes ","3125":"evae","3126":"mene","3127":"auv\u0101","3128":" hol","3129":"kiti","3130":" his","3131":"tuel","3132":"moko","3133":" tip","3134":"\u0101it\u0101","3135":"akel","3136":"akek","3137":"ai\u016b ","3138":" in ","3139":"tap\u016b","3140":"ulik","3141":"fagi","3142":"kit\u0101","3143":"eofu","3144":" tep","3145":"ulis","3146":"motu","3147":" tho","3148":"ok\u0101 ","3149":" cor","3150":"molo","3151":"tasa","3152":" t\u0101i","3153":"eulo","3154":"knor","3155":" uli","3156":"eth ","3157":" ulo","3158":"blic","3159":"thom","3160":"mark","3161":"mari","3162":"kose","3163":"kuam","3164":"tian","3165":" agi","3166":"\u0101pau","3167":"augu","3168":"kule","3169":"mano","3170":" usa","3171":"mape","3172":" ins","3173":"kopa","3174":" uau","3175":"aig\u0101","3176":" hei","3177":"aigi","3178":"ulop","3179":"etue","3180":"ulou","3181":"tepo","3182":"ag\u0101t","3183":"aifi","3184":"\u0101mau","3185":"tese","3186":"test","3187":"upou","3188":"ahap","3189":" u ","3190":"teve","3191":"aie ","3192":"eliu","3193":"epek","3194":"ioat","3195":"uami","3196":"arku","3197":" kot","3198":"huma","3199":" kov","3200":" nus","3201":"opoa","3202":"gulu","3203":"hus ","3204":" eno","3205":"phus","3206":"phot","3207":"ript","3208":"oria","3209":"petu","3210":"vana","3211":"ap\u016bg","3212":"ory ","3213":"ufal","3214":"pesa","3215":"vaev","3216":" ase","3217":"peof","3218":"seko","3219":"pena","3220":"ovem","3221":"gary","3222":"onat","3223":"imo ","3224":"avef","3225":"onel","3226":"onik","3227":"ren ","3228":"pois","3229":" ans","3230":"holi","3231":" kno","3232":"semu","3233":" on ","3234":"vict","3235":"der ","3236":"veti","3237":"sema","3238":"answ","3239":"poam","3240":"poa ","3241":"ille","3242":"rese","3243":"hoto","3244":"iliv","3245":"ant ","3246":"seph","3247":" evo","3248":"rkus","3249":"vefe","3250":" mok","3251":" nao","3252":"ueli","3253":"apei","3254":"uva ","3255":"rto ","3256":"ifie","3257":"ruth","3258":"aria","3259":"paie","3260":"ied ","3261":"t\u016bga","3262":"ueg\u0101","3263":"ouko","3264":" m\u0101l","3265":"iel ","3266":"veav","3267":"ielo","3268":"ies ","3269":"oval","3270":"ovan","3271":"over","3272":"uest","3273":"osep","3274":"otio","3275":" lah","3276":"ikom","3277":"ufaa","3278":"rly ","3279":" nog","3280":"vema","3281":"grac","3282":" niu","3283":"iani","3284":"scri","3285":"ikat","3286":"aomi","3287":"peka","3288":"ikae","3289":" nik","3290":"rook","3291":"aono","3292":"peap","3293":"uaua","3294":"t\u0101i ","3295":"otes","3296":"t\u0101it","3297":"goma","3298":"otif","3299":"pasa","3300":"om\u0101l","3301":"arlo","3302":" lif","3303":"publ","3304":"rans","3305":"eniu","3306":"helo","3307":" lok","3308":" kim","3309":"lian","3310":"hell","3311":"hat ","3312":"p\u014dmu","3313":" pla","3314":" lit","3315":"ptur","3316":"olus","3317":"olut","3318":"seu ","3319":"olio","3320":"prop","3321":" km ","3322":"f\u0101pa","3323":" eul","3324":"elle","3325":" liu","3326":"ques","3327":"uv\u0101 ","3328":"her ","3329":"omua","3330":"olao","3331":" per","3332":" pu ","3333":"omit","3334":"enai","3335":" pho","3336":"aniu","3337":"omia","3338":"hapa","3339":"enok","3340":"rade","3341":"pulo","3342":"elot","3343":"g\u0101ti","3344":"that","3345":"upi ","3346":" \u2060\u2060 ","3347":"rol ","3348":" uil","3349":"rnet","3350":"pato","3351":" met","3352":" fri","3353":"pate","3354":"\u0101nav","3355":"rrin","3356":"ther","3357":"tuar","3358":" hac","3359":"peip","3360":"ramm","3361":" min","3362":"uati","3363":"\u0101pa ","3364":"ulug","3365":"mas ","3366":"roph","3367":"robe","3368":"upiu","3369":"roal","3370":" eto","3371":" arm","3372":"thol","3373":"\u014dlo ","3374":"uaum","3375":"maso","3376":"ropa","3377":"louv","3378":"texa","3379":"pain","3380":"p\u014dti","3381":"tra ","3382":"life","3383":"ten ","3384":" eld","3385":"veap","3386":"page","3387":"que ","3388":"paga","3389":" hen","3390":"\u016bg\u016b ","3391":"lieg","3392":"paal","3393":"rved","3394":"\u016bl\u016b ","3395":"meni","3396":"ment","3397":"\u0101ma ","3398":"ozam","3399":"oyce","3400":"meon","3401":"rwin","3402":"meta","3403":"lica","3404":"\u014dti ","3405":"\u0101mas","3406":"aafi","3407":" moz","3408":"\u0101mol","3409":"lin ","3410":"pusi","3411":"limu","3412":" lib","3413":"rama","3414":"rsio","3415":"limi","3416":" ham","3417":" t\u016bg","3418":"ral ","3419":"maur","3420":"mat\u0101","3421":" t\u0101t","3422":"mber","3423":"mbiq","3424":" fre","3425":" mon","3426":"rth ","3427":" are","3428":"p\u014dlo","3429":" ema","3430":"pama","3431":"tes ","3432":"rusa","3433":" mor","3434":"p\u0101ma","3435":"park","3436":"lls ","3437":"puku","3438":"lvia","3439":"lyn ","3440":" gen","3441":"tten","3442":" war","3443":"poas","3444":"\u014dgin","3445":" wri","3446":"lone","3447":"tise","3448":"\u0101t\u0101 ","3449":"lust","3450":"tipu","3451":"tipi","3452":" afa","3453":"tiot","3454":" gar","3455":"\u014dia ","3456":"l\u014dgi","3457":"plif","3458":"l\u014dia","3459":"urt ","3460":"tiop","3461":" bri","3462":" cal","3463":"lois","3464":" aet","3465":" che","3466":" gia","3467":"toaf","3468":"rdo ","3469":"poni","3470":" glo","3471":"luap","3472":" luc","3473":" aas","3474":"lott","3475":"rch ","3476":" lou","3477":"titu","3478":"reli","3479":"rbar","3480":" aap","3481":"luku","3482":" gof","3483":"\u0113aog","3484":" ato","3485":" l\u014di","3486":"lume","3487":"ury ","3488":"lupe","3489":"lupi","3490":"pope","3491":" unu","3492":"\u014dla ","3493":"plet","3494":"tila","3495":"unem","3496":"rant","3497":" ash","3498":"usiu","3499":"ris ","3500":"\u0101pit","3501":" vea","3502":" vas","3503":"vanu","3504":" g\u016bg","3505":"peti","3506":"tric","3507":" lin","3508":"riua","3509":"peon","3510":"trol","3511":"llia","3512":"tic ","3513":"llen","3514":"urg ","3515":"ranc","3516":"tiat","3517":" men","3518":"uapo","3519":" y\u00eda","3520":"maim","3521":"ranz","3522":"plat","3523":"loig","3524":"piut","3525":"pitu","3526":"loia","3527":" l\u016b ","3528":"pino","3529":" zio","3530":"l\u016bl\u016b","3531":"umik","3532":"maea","3533":"time","3534":"rici","3535":" liv","3536":"pri ","3537":"lofi","3538":" afr","3539":"pime","3540":"ried","3541":"pika","3542":"maf\u0101","3543":"pher","3544":"tine","3545":"rary","3546":"\u0101tu ","3547":"\u0101l\u014dg","3548":" naf","3549":"miko","3550":"onis","3551":"once","3552":"ugat","3553":"ober","3554":"vise","3555":"ocie","3556":"yaro","3557":"omup","3558":" jou","3559":"yan ","3560":" joy","3561":" bac","3562":"oelu","3563":"ompl","3564":"serv","3565":" paa","3566":"omol","3567":"ug\u0101g","3568":"xley","3569":"ug\u0101m","3570":" jwo","3571":" sec","3572":" pam","3573":"soci","3574":"omas","3575":"ofea","3576":"omak","3577":"off ","3578":"xas ","3579":"oald","3580":"yce ","3581":" del","3582":"stam","3583":"ntro","3584":"nts ","3585":"ophe","3586":"ntur","3587":"suki","3588":" jes","3589":"suka","3590":"nuel","3591":"uk\u0101t","3592":"suga","3593":"opag","3594":"very","3595":"yne ","3596":"ookl","3597":" kak","3598":"tury","3599":"stit","3600":"ontr","3601":"via ","3602":"onot","3603":"nwor","3604":"vin ","3605":"oafa","3606":" one","3607":" sib","3608":"stin","3609":"stic","3610":" kof","3611":"step","3612":"ufif","3613":" joh","3614":"uxle","3615":" dic","3616":"slav","3617":" dra","3618":"sipa","3619":"olis","3620":"ukal","3621":"win ","3622":" pop","3623":"okif","3624":" p\u014dt","3625":"olic","3626":"okim","3627":" p\u014dl","3628":"okly","3629":"olia","3630":" fas","3631":"oiva","3632":" dr ","3633":"will","3634":" kia","3635":" p\u0101p","3636":"okoi","3637":" p\u0101m","3638":"okop","3639":"tuni","3640":" kev","3641":"wald","3642":"old ","3643":" amp","3644":" pub","3645":"sime","3646":" pun","3647":"olep","3648":" jer","3649":"worg","3650":"sipr","3651":"ukem","3652":"wort","3653":" cat","3654":" dis","3655":"utua","3656":"seto","3657":" dom","3658":" rut","3659":"oly ","3660":"shin","3661":"slat","3662":"sius","3663":"ogam","3664":" kar","3665":" pit","3666":"ogig","3667":" roa","3668":"ogof","3669":"ogog","3670":"uigi","3671":"utus","3672":"ogo\u0101","3673":" ric","3674":" ria","3675":"oia ","3676":"oigi","3677":"uila","3678":"oise","3679":" kip","3680":"sisi","3681":" rob","3682":"nsti","3683":"ophi","3684":"noto","3685":" nam","3686":"mula","3687":"sali","3688":"ulim","3689":"mupi","3690":" ela","3691":"muta","3692":"tari","3693":" fio","3694":"mutu","3695":" nav","3696":"m\u0101ea","3697":"m\u0101fe","3698":"taon","3699":" tet","3700":"m\u0101ga","3701":"m\u0101na","3702":" nef","3703":"m\u0101ti","3704":" lae","3705":"ulen","3706":"sand","3707":"otag","3708":" sus","3709":"tano","3710":"nail","3711":" k\u012b ","3712":"\u0101fea","3713":" fik","3714":"vele","3715":" tar","3716":" ioe","3717":" tex","3718":"mpli","3719":"mila","3720":" ail","3721":"minu","3722":" m\u0101e","3723":"ourn","3724":"\u0101lot","3725":"saei","3726":" lem","3727":"ound","3728":"t\u016bt\u016b","3729":" hux","3730":" tom","3731":"\u0101la ","3732":"usug","3733":" ill","3734":" m\u0101g","3735":" iap","3736":"ved ","3737":" ias","3738":"mone","3739":" ieu","3740":" tie","3741":" ili","3742":"sais","3743":" m\u0101n","3744":"otte","3745":"t\u0101t\u0101","3746":" tha","3747":"moza","3748":"mple","3749":" ait","3750":"tuau","3751":" iok","3752":" stu","3753":"niat","3754":"upak","3755":"nifi","3756":"nike","3757":"unio","3758":"vael","3759":"tae ","3760":" jan","3761":"niko","3762":" jay","3763":"tute","3764":"org ","3765":"nion","3766":"ord ","3767":"ngto","3768":"s\u0113ao","3769":"opun","3770":"tuta","3771":"venw","3772":"nity","3773":"niu ","3774":"trad","3775":"niva","3776":"sus ","3777":"nofa","3778":"zamb","3779":"sune","3780":" efa","3781":"y\u00edar","3782":"nota","3783":" jea","3784":" k\u0101p","3785":"ork ","3786":"ulam","3787":"sape","3788":"sauk","3789":" kup","3790":"\u0101ea ","3791":"nard","3792":"tame","3793":"utap","3794":"\u00edaro","3795":"veli","3796":"sbet","3797":"uteu","3798":" is ","3799":"take","3800":"osla","3801":"zion","3802":"velo","3803":"unia","3804":"secr","3805":"ndr\u00e9","3806":"nema","3807":"nes ","3808":"tail","3809":" dav","3810":" exp","3811":"tafo","3812":"tafi","3813":"nett","3814":" j ","3815":"orth","3816":" ku ","3817":" ite","3818":"stat","3819":"cal ","3820":"iset","3821":"dram","3822":"ill ","3823":"kipe","3824":"illi","3825":"klyn","3826":"ety ","3827":"domi","3828":"illu","3829":"fric","3830":"ansl","3831":"frie","3832":"koiv","3833":"asef","3834":"homs","3835":"eme ","3836":"holy","3837":"ayne","3838":"iver","3839":"ilos","3840":"alul","3841":"huxl","3842":"azi ","3843":"kin ","3844":"jayn","3845":"jane","3846":"iala","3847":"at\u016bt","3848":"ara ","3849":"iain","3850":"kiat","3851":"aimo","3852":"kifo","3853":"aiag","3854":"asik","3855":"elua","3856":"anue","3857":"ilie","3858":"ants","3859":"dr\u00e9 ","3860":"elup","3861":"kima","3862":"kimb","3863":"elvi","3864":"kila","3865":"dict","3866":"aiaf","3867":"aham","3868":"imbe","3869":"iti\u014d","3870":"day ","3871":"imeo","3872":"etim","3873":"art ","3874":"k\u0101pa","3875":"imoa","3876":"here","3877":"kupa","3878":"arr ","3879":"gako","3880":"gale","3881":"imul","3882":"hele","3883":"heit","3884":"af\u0101t","3885":"avet","3886":"amea","3887":"afri","3888":"ambi","3889":"jean","3890":"etom","3891":"itun","3892":"komo","3893":"komu","3894":"ett ","3895":"koni","3896":"iusi","3897":"futu","3898":"ders","3899":"kopu","3900":"f\u0101pi","3901":"emul","3902":"ity ","3903":"etra","3904":"hing","3905":"itut","3906":"etot","3907":"f\u0101ti","3908":"den ","3909":"anot","3910":"eton","3911":"arwi","3912":"ily ","3913":"jeru","3914":"eaia","3915":"kevi","3916":"iesa","3917":"akul","3918":"beth","3919":"ierr","3920":"ekit","3921":"ike ","3922":"berl","3923":"as\u0113a","3924":"akug","3925":"ikal","3926":"efal","3927":"iket","3928":"beri","3929":"ieoi","3930":"een ","3931":"alle","3932":"apim","3933":"apin","3934":"beli","3935":"at\u0101s","3936":"apik","3937":"fiai","3938":"aom\u0101","3939":"iety","3940":"atie","3941":"atho","3942":"faom","3943":"faul","3944":"faut","3945":"ifu ","3946":"kak\u014d","3947":"fa\u016b ","3948":"eipe","3949":"atog","3950":"ifok","3951":"ates","3952":"fami","3953":"atem","3954":"alaa","3955":"biqu","3956":"ekel","3957":"akup","3958":"apet","3959":"ieu ","3960":"fane","3961":"gand","3962":"iega","3963":"fias","3964":"elip","3965":"jour","3966":"icat","3967":"ican","3968":"ical","3969":"exas","3970":"kelo","3971":"ica ","3972":"kelu","3973":"joyc","3974":"iber","3975":"iase","3976":"evis","3977":"evin","3978":"iapi","3979":"iapa","3980":"elop","3981":"aine","3982":"ildr","3983":"iam ","3984":"back","3985":"elde","3986":"elin","3987":"fika","3988":"alls","3989":"bel ","3990":"ieda","3991":"eder","3992":"ande","3993":"kaun","3994":"eda ","3995":"alop","3996":"elev","3997":"bria","3998":"fifa","3999":"anz ","4000":"icto","4001":"ecre","4002":"icti","4003":"bara","4004":"ick ","4005":"kaaf","4006":"echn","4007":"jwor","4008":"barb","4009":"lain","4010":"ets ","4011":"kaka","4012":"isbe","4013":"ersi","4014":"aren","4015":"aust","4016":"g\u0101mo","4017":"ght ","4018":"ches","4019":"lda ","4020":"gram","4021":"lden","4022":"lder","4023":"lena","4024":"comp","4025":"erso","4026":"gran","4027":"ersa","4028":"len ","4029":"gers","4030":"aein","4031":"go\u0101 ","4032":"aure","4033":"esh ","4034":"eoia","4035":"ingt","4036":"ish ","4037":"eser","4038":"am\u0101m","4039":"isep","4040":"isen","4041":"arch","4042":"areg","4043":"goga","4044":"lauu","4045":"ere ","4046":"liap","4047":"ael ","4048":"ipri","4049":"g\u0101lo","4050":"erus","4051":"inum","4052":"epal","4053":"leme","4054":"inst","4055":"ango","4056":"cke ","4057":"cia ","4058":"inte","4059":"ade ","4060":"ciet","4061":"erto","4062":"lelo","4063":"epet","4064":"leki","4065":"clar","4066":"ange","4067":"ert ","4068":"acke","4069":"gian","4070":"iput","4071":"isap","4072":"ldre","4073":"giat","4074":"gton","4075":"isan","4076":"ampl","4077":"ack ","4078":"leav","4079":"clau","4080":"ique","4081":"eral","4082":"lais","4083":"arba","4084":"erve","4085":"lepa","4086":"laut","4087":"ioas","4088":"harl","4089":"cath","4090":"esus","4091":"ioti","4092":"eric","4093":"g\u016bg\u016b","4094":"caro","4095":"cret","4096":"eria","4097":"leti","4098":"anap","4099":"esta","4100":"ariu","4101":"ipei","4102":"itag","4103":"inde","4104":"carl","4105":"inai","4106":"lake","4107":"cali","4108":"aapo","4109":"aasa","4110":"iope","4111":"lan ","4112":"\u016bt\u016b ","4113":"can ","4114":"erly","4115":"anco","4116":"aven","4117":"ctio","4118":"afam","4119":"laot","4120":"anda","4121":"aniv","4122":"ipai","4123":"ler ","4124":"laud","4125":"hack","4126":"enwo","4127":"ipeo","4128":"ioki","4129":"lepo","4130":"entu","4131":"ioel","4132":"ines","4133":"hama","4134":"hali","4135":"ipel","4136":"ardo","4137":"auni","4138":"erpr","4139":"tofa","4140":"talm","4141":"fain","4142":" gig","4143":"ator","4144":"taom","4145":" gir","4146":" gil","4147":"fafe","4148":"eyer","4149":" ii ","4150":"expo","4151":" ief","4152":"tnot","4153":" irk","4154":"fanu","4155":"atri","4156":"tmos","4157":"faop","4158":"tauf","4159":" ga\u012b","4160":" isr","4161":"tle ","4162":"ero ","4163":" gav","4164":"taly","4165":"ats ","4166":"fake","4167":"atty","4168":"tap\u00e5","4169":"atti","4170":"tapo","4171":"atof","4172":"tand","4173":" gau","4174":"atte","4175":"atmo","4176":"tan ","4177":"erry","4178":"atla","4179":"fact","4180":"falo","4181":" ind","4182":"tasm","4183":" ipi","4184":"atun","4185":"tal\u0101","4186":"erra","4187":"toco","4188":"ey\u00adm","4189":"atip","4190":"ersu","4191":"erri","4192":"e\u00f3n ","4193":"at\u014d ","4194":"taso","4195":" ing","4196":" ger","4197":"atit","4198":"tlas","4199":" h ","4200":"erty","4201":"tetu","4202":"tetr","4203":"este","4204":"tiku","4205":"teta","4206":"tild","4207":"est ","4208":" hap","4209":"essf","4210":"fase","4211":"ters","4212":"terp","4213":" guo","4214":"tern","4215":"essa","4216":"terd","4217":"esop","4218":"aude","4219":"teph","4220":"tepf","4221":"esis","4222":" gua","4223":"teof","4224":" har","4225":" haw","4226":"esen","4227":"terh","4228":"esui","4229":" gya","4230":"etol","4231":"aug\u0101","4232":"auka","4233":"etek","4234":"tich","4235":"etas","4236":"augi","4237":" hai","4238":"tief","4239":"tiel","4240":"thy ","4241":"thro","4242":"eter","4243":"auf\u0101","4244":"thie","4245":"tien","4246":"thes","4247":"ties","4248":"tiet","4249":"etia","4250":"etif","4251":"aul ","4252":"etio","4253":"es\u00fas","4254":"etit","4255":"eti\u014d","4256":"audi","4257":"aule","4258":"auri","4259":"expa","4260":"tent","4261":" hed","4262":" hor","4263":"teen","4264":"tee ","4265":"ted ","4266":"tecs","4267":"titi","4268":"tech","4269":"teat","4270":"evel","4271":"teac","4272":"ever","4273":"tius","4274":"at\u016bg","4275":"evid","4276":" how","4277":"ewfo","4278":" god","4279":" hun","4280":" hus","4281":"taur","4282":"ewis","4283":"ti\u0101 ","4284":" h\u00f6l","4285":"ewry","4286":"ewto","4287":"tauk","4288":"eru ","4289":"ery ","4290":"auak","4291":"tegi","4292":"esea","4293":"tenb","4294":"auro","4295":"esae","4296":"et\u00e5 ","4297":"temp","4298":"euel","4299":"temi","4300":"eufi","4301":"tipa","4302":"eum ","4303":"tipe","4304":" hep","4305":" her","4306":"tipo","4307":"euni","4308":"er\u00ade","4309":"tip\u014d","4310":"tiqu","4311":" hia","4312":"tis ","4313":" hil","4314":" hin","4315":"euro","4316":" hit","4317":"teio","4318":"eryd","4319":"teni","4320":" gol","4321":"fic ","4322":"atil","4323":"sear","4324":"seas","4325":"geho","4326":"gea ","4327":" kuk","4328":"ga\u012b ","4329":"gaya","4330":"gela","4331":" kua","4332":"gaug","4333":"arkh","4334":"gate","4335":"arki","4336":"arle","4337":"gasc","4338":"gao ","4339":"gave","4340":"gan\u016b","4341":"aris","4342":"sco ","4343":"sas\u0101","4344":" k\u00fcb","4345":"sate","4346":"satu","4347":" k\u00e5k","4348":" kyr","4349":"gent","4350":"gema","4351":" kut","4352":"gene","4353":"gen ","4354":"sbon","4355":"sbou","4356":"scar","4357":"schr","4358":"scie","4359":" kur","4360":"selo","4361":"gano","4362":"semb","4363":"sey\u00ad","4364":"sful","4365":"shaz","4366":"sheo","4367":"sher","4368":"arty","4369":"shle","4370":"sey ","4371":"shou","4372":"gafu","4373":"sial","4374":"gad ","4375":"f\u0101ul","4376":"siao","4377":" kir","4378":"sibe","4379":"shri","4380":"seve","4381":"seva","4382":"seum","4383":"seme","4384":"arly","4385":"sen ","4386":"arma","4387":" kna","4388":"gamo","4389":"game","4390":"arms","4391":"gal\u0101","4392":"arne","4393":"sepu","4394":"serg","4395":"gall","4396":"ses ","4397":"gaki","4398":"arra","4399":"setu","4400":" k\u0101f","4401":"sara","4402":"geof","4403":"ger ","4404":"rtyr","4405":"rudo","4406":"arel","4407":"god ","4408":"rvil","4409":"rweg","4410":"rwic","4411":"rty ","4412":"ryan","4413":"ryk ","4414":"ryn ","4415":"r\u00aden","4416":"r\u00e9gi","4417":" leu","4418":"saba","4419":"sabe","4420":"ryda","4421":"are ","4422":"gold","4423":"rsua","4424":"roth","4425":"roto","4426":"rott","4427":"roun","4428":"rows","4429":"roy ","4430":"rpre","4431":"rra ","4432":"rrat","4433":"gomu","4434":"rry ","4435":"rsai","4436":"rsal","4437":"rsol","4438":"rson","4439":"rst ","4440":"rste","4441":" let","4442":"siby","4443":"gnos","4444":"saes","4445":"gilg","4446":"gike","4447":"salt","4448":"salu","4449":"same","4450":"giam","4451":"aril","4452":"arif","4453":"sam\u00e5","4454":"ggao","4455":"ges ","4456":" k\u016b ","4457":"sann","4458":"gera","4459":" k\u0113s","4460":" k\u0113n","4461":"san ","4462":"sal ","4463":"gio ","4464":" lao","4465":"saf ","4466":"safa","4467":"safo","4468":"glor","4469":"sage","4470":"sagi","4471":"glis","4472":" lef","4473":" lee","4474":"gle ","4475":"gita","4476":"gis ","4477":"gira","4478":" led","4479":" leb","4480":"sakh","4481":"gion","4482":"glov","4483":"sier","4484":"sifi","4485":"f\u0101ta","4486":"succ","4487":" jim","4488":"sueg","4489":" jhv","4490":" jew","4491":"suia","4492":"suis","4493":"suat","4494":"suit","4495":"sula","4496":"asse","4497":"sulk","4498":"sulu","4499":"sum ","4500":"sume","4501":"ffe ","4502":"fial","4503":"suas","4504":"stud","4505":"stua","4506":"stau","4507":"sten","4508":"fil\u0113","4509":"ster","4510":"filo","4511":"stia","4512":"asma","4513":"stim","4514":"asok","4515":"fike","4516":"stiu","4517":"stol","4518":"ston","4519":"stop","4520":"ason","4521":"fifi","4522":"stri","4523":"fet\u00e5","4524":"aska","4525":"sunc","4526":"asun","4527":"fee ","4528":"fedc","4529":"taem","4530":" jac","4531":"feat","4532":"atet","4533":"tafu","4534":"taci","4535":" i\u0101u","4536":"fa\u016bg","4537":"tah ","4538":" ive","4539":" iud","4540":" its","4541":"taip","4542":"ateu","4543":" ivy","4544":"fego","4545":"fein","4546":"atek","4547":"fesu","4548":"supu","4549":"as\u0101l","4550":"susa","4551":"susu","4552":"as\u0101u","4553":" jeh","4554":"swin","4555":"fera","4556":"synt","4557":"s\u00adla","4558":"s\u00fas ","4559":"fepe","4560":"s\u0101ua","4561":"as\u0113s","4562":"s\u0113s\u0113","4563":"s\u012bfi","4564":"sund","4565":" isu","4566":"stan","4567":"ssfu","4568":"free","4569":"fred","4570":"foun","4571":"fouf","4572":"aseg","4573":"forn","4574":"siua","4575":"sis ","4576":"ford","4577":"skin","4578":"sky ","4579":"slan","4580":"foot","4581":"asha","4582":"sman","4583":"smit","4584":"ska ","4585":"sipi","4586":" kaz","4587":"siof","4588":"sigh","4589":"f\u0101no","4590":"aryn","4591":"f\u00ader","4592":"fu\u0101m","4593":"sile","4594":"sily","4595":"futa","4596":"asaf","4597":"ful ","4598":"fuam","4599":"sing","4600":"asbo","4601":" keh","4602":"asca","4603":"sin\u0101","4604":"sio ","4605":" kao","4606":"fini","4607":"ashe","4608":"foka","4609":"sosa","4610":"sota","4611":"asis","4612":" jon","4613":"sout","4614":"sovi","4615":"sowe","4616":"sord","4617":"so\u00f9s","4618":"sphe","4619":"spic","4620":"srae","4621":"ssag","4622":"ssan","4623":"fipo","4624":"ssem","4625":"spey","4626":"fita","4627":"soph","4628":"asio","4629":"ashi","4630":"socr","4631":"fog\u0101","4632":" jul","4633":"soge","4634":"ashl","4635":"soka","4636":" jua","4637":"soku","4638":"foat","4639":"soll","4640":" jr ","4641":"foak","4642":"somb","4643":"foag","4644":"sona","4645":"fml ","4646":" kaa","4647":"erne","4648":"libe","4649":" f\u0101u","4650":"divi","4651":"dith","4652":"diso","4653":"dise","4654":"dio ","4655":"dies","4656":"dier","4657":"veaa","4658":"veif","4659":"dien","4660":"didi","4661":"velt","4662":"dica","4663":"dhei","4664":"dgeh","4665":"dex ","4666":" anw","4667":"dlan","4668":" ara","4669":"vava","4670":"dren","4671":"vak\u0101","4672":"vala","4673":" ass","4674":"vali","4675":"dred","4676":"van ","4677":"dra ","4678":"vanc","4679":"vani","4680":"dor\u00e9","4681":"doro","4682":"dora","4683":"vasa","4684":"don ","4685":"dolf","4686":"dna ","4687":"vert","4688":"vake","4689":"des ","4690":"deri","4691":"dead","4692":"vow ","4693":"vre ","4694":"v\u0101eg","4695":" ang","4696":"dche","4697":"davi","4698":"deck","4699":"dave","4700":"wall","4701":"war ","4702":"ward","4703":"wari","4704":"warw","4705":"wash","4706":"das ","4707":"wale","4708":"decl","4709":"ded ","4710":" ann","4711":"dens","4712":"vian","4713":"denn","4714":"vid ","4715":"vide","4716":"vie ","4717":"viet","4718":"viii","4719":"vika","4720":" ant","4721":"vill","4722":"denc","4723":"delu","4724":"viol","4725":"vira","4726":"vire","4727":"delp","4728":"ves ","4729":"drik","4730":"droy","4731":"dubl","4732":" boa","4733":" bip","4734":" bin","4735":"broc","4736":"easi","4737":"ease","4738":" bil","4739":"utah","4740":"earn","4741":"earl","4742":"earc","4743":"uthe","4744":" bel","4745":"eapa","4746":" bea","4747":"utio","4748":" ben","4749":"utag","4750":" boi","4751":"eati","4752":"usan","4753":"usat","4754":"usef","4755":"ecs ","4756":"useu","4757":" bre","4758":" bra","4759":"usim","4760":"ecla","4761":"ecke","4762":"ebya","4763":"ebra","4764":"ussa","4765":"ebos","4766":"bren","4767":" bom","4768":"eatt","4769":"bron","4770":"eane","4771":" bah","4772":" bag","4773":"u\u0101mo","4774":"eaat","4775":"vaea","4776":"byl ","4777":"eaak","4778":"vaeo","4779":"vaet","4780":"eaa ","4781":"d\u00e1m ","4782":" att","4783":"vah ","4784":"dvd ","4785":" atm","4786":"duca","4787":" atl","4788":"vain","4789":"vaip","4790":"each","4791":"wbbr","4792":"ead ","4793":"byaz","4794":"eali","4795":"utsk","4796":"utte","4797":" b ","4798":"bull","4799":" azt","4800":"bur ","4801":"burg","4802":"utuu","4803":"ut\u014dg","4804":"uulu","4805":"uusi","4806":"uutu","4807":"burn","4808":"uvai","4809":"uver","4810":"uvre","4811":"eaea","4812":"ecy ","4813":"wegi","4814":"darw","4815":"\u0101mua","4816":" agn","4817":"cisc","4818":"\u0101noa","4819":"cien","4820":"chur","4821":"chti","4822":"citu","4823":"\u0101po ","4824":"\u0101p\u014dp","4825":"\u0101san","4826":"\u0101sel","4827":"chro","4828":"chre","4829":"\u0101su ","4830":"\u0101tam","4831":"\u0101p\u0101 ","4832":"\u0101moa","4833":"cius","4834":"\u0101mea","4835":" akl","4836":"coln","4837":" ai\u0101","4838":"coho","4839":"cnn ","4840":"\u0101ka ","4841":"clot","4842":"\u0101lal","4843":" ais","4844":"\u0101leo","4845":"\u0101lie","4846":"\u0101lum","4847":"ckha","4848":" aia","4849":"ckgr","4850":"cker","4851":"ci\u00f3n","4852":"\u0101tau","4853":" alc","4854":"chom","4855":"chno","4856":"\u012bl\u012b ","4857":"\u014dfig","4858":"cest","4859":"cess","4860":"ces ","4861":"cer ","4862":"celi","4863":"\u012bfi ","4864":"cebo","4865":"\u014dmat","4866":"\u014dnaf","4867":"\u014dp\u014d ","4868":"car ","4869":"\u014dtua","4870":"camp","4871":"\u016blu ","4872":"cces","4873":"\u0113s\u0113 ","4874":"\u0113si ","4875":"\u0113ni ","4876":"chit","4877":"chin","4878":"chil","4879":"\u0101t\u016b ","4880":"chen","4881":"\u0101ulu","4882":"\u0101uma","4883":"chec","4884":"\u0101u\u0113 ","4885":"chan","4886":"\u0101val","4887":"chae","4888":"\u0113la ","4889":"\u0113le ","4890":"\u0113mu ","4891":"cev ","4892":"\u0113na ","4893":"chny","4894":"cols","4895":"come","4896":"comm","4897":"ctri","4898":"wrig","4899":"writ","4900":"wry ","4901":"wton","4902":"croa","4903":"xine","4904":"ctur","4905":"cris","4906":"xpos","4907":"yang","4908":"yanm","4909":"crea","4910":"yazh","4911":"crat","4912":"couv","4913":"xpan","4914":"daga","4915":"word","4916":"wkin","4917":"dant","4918":"west","4919":"weto","4920":"wfou","4921":"what","4922":"wher","4923":"whis","4924":"why ","4925":"wich","4926":"wick","4927":"wilb","4928":"dam ","4929":"dalu","4930":"wing","4931":"wint","4932":"wish","4933":"with","4934":"yday","4935":"yeme","4936":"yer ","4937":"yhwh","4938":"\u00ader\u00ad","4939":"\u00adlat","4940":"\u00admou","4941":"\u00e1d\u00e1m","4942":"\u00e5ga ","4943":"\u00e5ka ","4944":"\u00e9gis","4945":"\u00e9rez","4946":"conr","4947":"\u00f6lte","4948":"\u00f9se ","4949":"\u00fcble","4950":"conn","4951":"\u0101ega","4952":"conc","4953":" alu","4954":"\u0101fal","4955":"\u00adenc","4956":"went","4957":"zuhi","4958":"zsta","4959":"ylva","4960":"cour","4961":"ymca","4962":"corw","4963":"ynth","4964":"corn","4965":"yrdo","4966":"yrgy","4967":"yugo","4968":"yzst","4969":"y\u00admo","4970":"cori","4971":"copt","4972":"zer ","4973":"zhe ","4974":"cons","4975":"zone","4976":"ztec","4977":" gad","4978":"usai","4979":"usaf","4980":"uada","4981":"uafa","4982":" eve","4983":" eur","4984":"enbe","4985":" eun","4986":"enag","4987":"endr","4988":" euf","4989":"em\u0101l","4990":"emug","4991":"emue","4992":"awki","4993":"ualo","4994":"empo","4995":"uama","4996":"em\u016b ","4997":"endt","4998":"t\u014dga","4999":"t\u014dfi"}}