{"cat":{"0":" de ","1":" la ","2":" a ","3":" i ","4":" el ","5":" que","6":"que ","7":" per","8":" del","9":"els ","10":"<num","11":"num>","12":"les ","13":" en ","14":"um> ","15":" <nu","16":"per ","17":"ci\u00f3 ","18":"ent ","19":" les","20":"del ","21":"ment","22":" con","23":" com","24":" els","25":" un ","26":"tat ","27":" amb","28":"amb ","29":"aci\u00f3","30":"una ","31":"res ","32":"esta","33":" al ","34":"ques","35":" va ","36":"ant ","37":" pro","38":" una","39":" des","40":" no ","41":" es ","42":" est","43":"ada ","44":" \u00e9s ","45":"tes ","46":"itat","47":"ons ","48":"als ","49":"aque","50":"cion","51":" par","52":"amen","53":"uest","54":" aqu","55":" pre","56":"ats ","57":"des ","58":" l ","59":"m\u00e9s ","60":"sta ","61":"ica ","62":"nts ","63":"ria ","64":"ions","65":"com ","66":"dels","67":"tre ","68":" d ","69":" ser","70":"cia ","71":"ncia","72":" m\u00e9s","73":" tot","74":"era ","75":"pres","76":"ies ","77":"entr","78":" ha ","79":"nes ","80":" qua","81":"cons","82":"part","83":"port","84":"enta","85":"comp","86":"bre ","87":" seu","88":" seg","89":" esp","90":"ona ","91":"tar ","92":"\u00e8nci","93":" o ","94":"acio","95":"cont","96":"ntre","97":"tres","98":" res","99":"ues ","100":"iona","101":"ents","102":" pri","103":" ent","104":"est ","105":" for","106":" mar","107":" mol","108":"form","109":"itza","110":" tra","111":" rec","112":"inte","113":"eix ","114":"arti","115":"ors ","116":"ser ","117":"tant","118":" fin","119":" car","120":"orma","121":"molt","122":"alit","123":"sos ","124":"ades","125":" cas","126":" cap","127":"ana ","128":"ans ","129":"seu ","130":" sen","131":" int","132":"lita","133":"obre","134":" cat","135":"tats","136":"esti","137":"ador","138":"nter","139":" sev","140":" gra","141":" si ","142":" tre","143":"ara ","144":"sent","145":"ins ","146":" ten","147":"nal ","148":"cial","149":"onal","150":"eva ","151":"omen","152":" pel","153":"atal","154":"nya ","155":" fer","156":" pod","157":"ran ","158":" ter","159":"er\u00f2 ","160":"per\u00f2","161":"ens ","162":"tura","163":" hi ","164":"lla ","165":" dis","166":" man","167":" mat","168":"nys ","169":"nar ","170":" pas","171":" gen","172":"stat","173":"iste","174":"altr","175":"ntra","176":" van","177":"assa","178":"si\u00f3 ","179":"van ","180":"ial ","181":" aix","182":"cata","183":" any","184":"ell ","185":"mes ","186":"ura ","187":" sob","188":" als","189":"ique","190":" nom","191":"ina ","192":"segu","193":"tra ","194":"ers ","195":"lar ","196":" val","197":"lica","198":"raci","199":"prim","200":"stra","201":" alt","202":"ble ","203":"stre","204":"tot ","205":"esen","206":"litz","207":"stes","208":"dia ","209":"espe","210":"rime","211":"ses ","212":"teni","213":"rar ","214":"rese","215":" pos","216":" don","217":" tam","218":" bar","219":" pla","220":" san","221":" esc","222":"ics ","223":"orta","224":"sobr","225":"essi","226":"desp","227":" can","228":" lle","229":"dent","230":" ja ","231":"vers","232":"ista","233":"nera","234":" vol","235":"ida ","236":"arre","237":"rra ","238":"pany","239":"ostr","240":"enci","241":"ral ","242":"cte ","243":"seva","244":"rant","245":"tamb","246":" mil","247":"ltre","248":" dir","249":" col","250":"tal ","251":"amb\u00e9","252":"espa","253":"imer","254":"taci","255":"ilit","256":"qu\u00e8 ","257":"mb\u00e9 ","258":"erso","259":" dia","260":"pers","261":"gran","262":"any ","263":"ren ","264":" act","265":"serv","266":"anys","267":" tem","268":"tica","269":"cent","270":"teix","271":" dun","272":"sant","273":"ari ","274":"erra","275":" imp","276":"ves ","277":"ontr","278":"cies","279":"atge","280":" lli","281":"fer ","282":"pass","283":"olt ","284":"nta ","285":" cre","286":"ants","287":"ora ","288":"ort ","289":" tan","290":"han ","291":"quan","292":"qual","293":"eus ","294":" por","295":"prop","296":"anya","297":"pode","298":"eixe","299":"ener","300":"ecte","301":" men","302":" dem","303":"mpre","304":"ava ","305":"cci\u00f3","306":"dor ","307":"ure ","308":"alla","309":" rep","310":"alme","311":"estr","312":" inf","313":"pera","314":"iver","315":" exp","316":"lmen","317":" tro","318":" cos","319":" qui","320":"ual ","321":"este","322":"onse","323":" pot","324":" pol","325":"tame","326":" sup","327":"r\u00e9s ","328":"esco","329":"nten","330":"ots ","331":" cor","332":"temp","333":"lls ","334":"tiu ","335":"ones","336":"mate","337":"imen","338":" nos","339":"cap ","340":"come","341":"s\u00f3n ","342":" s\u00f3n","343":"blic","344":"rat ","345":" ens","346":" ciu","347":"ific","348":"terr","349":"soci","350":"caci","351":"rada","352":"laci","353":" cam","354":"rson","355":"iuta","356":"ciut","357":"reco","358":" dur","359":"espr","360":"car ","361":"cipa","362":"naci","363":"tiva","364":"fins","365":" reg","366":"pel ","367":" sol","368":"nat ","369":"unta","370":"its ","371":" ass","372":"fica","373":"enca","374":" din","375":"via ","376":"nia ","377":"esa ","378":"art ","379":"teri","380":"arri","381":"gene","382":"tic ","383":" tor","384":"dona","385":"spec","386":" uni","387":"eren","388":"sar ","389":" cal","390":"enti","391":"anti","392":"cat ","393":" ho ","394":"empr","395":" arr","396":"nici","397":"uns ","398":"posa","399":" ind","400":"muni","401":"ris ","402":"able","403":" han","404":"uan ","405":"ella","406":"ctor","407":" mes","408":"ress","409":"dura","410":"pr\u00e9s","411":"ball","412":"osa ","413":" sem","414":"fina","415":" enc","416":"cara","417":" cen","418":"iva ","419":"mana","420":"utat","421":"cada","422":"uran","423":"ici\u00f3","424":"mbre","425":"tir ","426":"trac","427":"para","428":"spr\u00e9","429":"sion","430":"iden","431":"dest","432":" alg","433":"icip","434":"sita","435":"tge ","436":"inal","437":"tori","438":"avui","439":"ndre","440":"vui ","441":" fra","442":" ver","443":"coll","444":"lles","445":" s ","446":" nov","447":"mpor","448":" llo","449":"ient","450":" on ","451":"emen","452":"espo","453":" ins","454":" avu","455":"elle","456":"oble","457":"ita ","458":"ntar","459":" div","460":"post","461":" mun","462":" soc","463":" mon","464":"vern","465":"reba","466":"eral","467":"trob","468":"roba","469":"side","470":"erio","471":"icia","472":" mor","473":"dir ","474":"tor ","475":"ense","476":" fa ","477":"erve","478":"atei","479":"span","480":" aco","481":" pob","482":" bon","483":"anta","484":" pen","485":"llor","486":" sal","487":"ien ","488":"dici","489":"ract","490":"rrer","491":"icac","492":" lla","493":"isme","494":"treb","495":" lan","496":"rans","497":"torn","498":"ssa ","499":"prov","500":"dre ","501":"ocia","502":"asse","503":"ota ","504":"resi","505":"ebal","506":"mple","507":"nen ","508":"rem ","509":"eta ","510":"nost","511":"ix\u00f2 ","512":"conv","513":" mal","514":"aix\u00f2","515":"eres","516":"gut ","517":" dif","518":"ncar","519":"est\u00e0","520":"egui","521":"nir ","522":"itar","523":"erna","524":"ecci","525":"lant","526":"conc","527":"rtic","528":" se ","529":" vis","530":"carr","531":"over","532":"tran","533":"tell","534":"pare","535":"peri","536":"ets ","537":"algu","538":"tots","539":"pobl","540":"onar","541":"stan","542":"egon","543":"ar\u00e0 ","544":" hav","545":"sist","546":"mini","547":"sego","548":" fou","549":"fici","550":" rea","551":"illo","552":" inc","553":"ject","554":"ante","555":"onst","556":"fran","557":"sme ","558":"nist","559":"fou ","560":"cone","561":"dors","562":"orre","563":"aria","564":"resp","565":"sens","566":"cult","567":"deix","568":"erme","569":"maci","570":"istr","571":"rior","572":"tit ","573":"ctiv","574":"titu","575":" cla","576":"ctua","577":"actu","578":"rta ","579":"inci","580":" ara","581":"ingu","582":"mill","583":"nada","584":"acti","585":"ular","586":"lgun","587":"uper","588":"gove","589":"junt","590":"enir","591":"luny","592":"nica","593":"aris","594":"ius ","595":"tall","596":"cess","597":"ola ","598":" gov","599":"llar","600":"an\u00e7a","601":"desc","602":" set","603":"ntin","604":"reu ","605":"barc","606":" fil","607":"eria","608":"t\u00f2ri","609":"ern ","610":"embr","611":"ixen","612":" dal","613":"erqu","614":"tual","615":"atur","616":"acte","617":" sig","618":" dec","619":" ant","620":"perq","621":" ref","622":"rrib","623":"camp","624":"unic","625":"orna","626":"nfor","627":"ena ","628":"nive","629":"unya","630":"real","631":"plic","632":" rei","633":"euro","634":"st\u00e0 ","635":"ctes","636":" era","637":"scri","638":"vita","639":"stru","640":"arce","641":"nda ","642":"cal ","643":"mane","644":" fet","645":"rcel","646":"dos ","647":"cord","648":"posi","649":" cad","650":"mina","651":"visi","652":"uen ","653":"reta","654":"nita","655":"bert","656":"guer","657":"rent","658":"tari","659":"gent","660":"daqu","661":"stic","662":"ente","663":"ema ","664":"conf","665":"esid","666":"lia ","667":" sha","668":"uir ","669":"fere","670":"parl","671":" daq","672":"info","673":"ompa","674":" dos","675":"osta","676":"all ","677":"impo","678":"unci","679":" nor","680":"rest","681":"ars ","682":"int ","683":"lest","684":"nova","685":" m ","686":"rodu","687":" dar","688":"kkkk","689":"ando","690":"econ","691":"iar ","692":"pot ","693":"oria","694":"lta ","695":"volu","696":"elon","697":"mer ","698":"lona","699":"anit","700":"celo","701":"talu","702":"tern","703":"stel","704":" sor","705":"ller","706":"alun","707":"ecta","708":"tan ","709":"rqu\u00e8","710":" emp","711":" nou","712":"bili","713":"curs","714":"rtir","715":"seus","716":"riba","717":"reix","718":"ting","719":" veu","720":"rts ","721":"alle","722":"eman","723":" llu","724":"uals","725":"xen ","726":" ele","727":"eixa","728":"rmac","729":"ible","730":"cita","731":"sat ","732":"unit","733":"lor ","734":"inst","735":" rel","736":"dire","737":"tici","738":"ries","739":"term","740":"icat","741":"comu","742":"ersi","743":" cul","744":"sona","745":"oder","746":"dese","747":"omun","748":" li ","749":"ensa","750":"avan","751":"quin","752":" fun","753":" t\u00e9 ","754":"rect","755":" tin","756":"arla","757":"prof","758":"cast","759":"ecto","760":"etat","761":"lloc","762":"prin","763":"ova ","764":"ten ","765":"\u00edtic","766":"nals","767":"qui ","768":"aste","769":"ssi\u00f3","770":"enen","771":"icar","772":"rinc","773":"dun ","774":" cri","775":"rma ","776":"nse ","777":"auto","778":"l\u00edti","779":" dei","780":"mar ","781":"aran","782":"pol\u00ed","783":"ecti","784":"dive","785":"supo","786":"p\u00fabl","787":" qu\u00e8","788":"zaci","789":"elec","790":"ix\u00ed ","791":"stit","792":"vall","793":"fest","794":"endr","795":"\u00fabli","796":" cer","797":"><nu","798":"um><","799":"m><n","800":"ativ","801":"plan","802":"semb","803":"aix\u00ed","804":"mena","805":"ol\u00edt","806":"star","807":"tzac","808":"essa","809":"bar ","810":"alen","811":"scol","812":" aut","813":"prod","814":"ells","815":"irec","816":"ural","817":"eure","818":"tota","819":"havi","820":"lect","821":"\u00e0ria","822":"\u00f2ria","823":"ncie","824":" ven","825":" ban","826":"orra","827":" mit","828":" mas","829":"ogra","830":" sin","831":"rtit","832":"ials","833":"erta","834":"dera","835":"aven","836":"acta","837":" ben","838":" den","839":"ges ","840":"om\u00e9s","841":"rica","842":"tada","843":"punt","844":"mpan","845":" hor","846":"icio","847":"ipal","848":"den ","849":"nom\u00e9","850":"fet ","851":"trad","852":"corr","853":"ccio","854":"inis","855":"avia","856":"dica","857":"anda","858":"unt ","859":" mer","860":"n\u00e7a ","861":"ores","862":"rvei","863":" eur","864":"umen","865":" tri","866":"mps ","867":"illa","868":" apr","869":"onti","870":"casa","871":" min","872":"onat","873":" and","874":"ranc","875":"bles","876":"ltur","877":"der ","878":"vell","879":"rer ","880":"ures","881":"ord ","882":"ols ","883":"cant","884":"llib","885":"ert ","886":"bres","887":"ital","888":"assi","889":" tal","890":"esca","891":"vist","892":"ntal","893":"ncip","894":"vant","895":"seny","896":"sone","897":"stem","898":"en\u00e7a","899":" q ","900":"itua","901":" tar","902":"mera","903":"sper","904":"lici","905":"ines","906":"marc","907":" ana","908":"rita","909":"r\u00e0ci","910":"arca","911":" mai","912":" def","913":"metr","914":"ven ","915":"ubli","916":"ulta","917":" vid","918":" gua","919":"tzar","920":"nou ","921":"rega","922":"dar ","923":"hist","924":"gui ","925":"cost","926":"sell","927":"otes","928":" art","929":" via","930":"ifer","931":"llen","932":"aban","933":" diu","934":"rope","935":"ompl","936":" cur","937":"grup","938":"publ","939":" dan","940":" sub","941":"uerr","942":"ntac","943":" pat","944":"equi","945":"regi","946":"ajor","947":"apar","948":" his","949":"mili","950":"alan","951":"epar","952":"ultu","953":"orti","954":" ni ","955":"gia ","956":"rca ","957":" acc","958":"olta","959":"nitz","960":"ropo","961":"nci\u00f3","962":" pun","963":"tene","964":"regu","965":"dife","966":" aca","967":"majo","968":"gram","969":"paci","970":"inic","971":" maj","972":"emps","973":"duna","974":"dret","975":"tivi","976":"rgan","977":"canv","978":"rse ","979":" doc","980":"anvi","981":"indi","982":"cula","983":"sici","984":"orga","985":" bas","986":"eces","987":"clar","988":" fam","989":" aba","990":"anyo","991":"tiqu","992":"nyol","993":"mitj","994":"peti","995":"ndor","996":"leme","997":"ntam","998":"anes","999":"tala","1000":"igua","1001":"ende","1002":"hem ","1003":" hem","1004":" gru","1005":"ntat","1006":"tabl","1007":" dre","1008":"depe","1009":"pect","1010":"rial","1011":" h ","1012":" em ","1013":" sab","1014":"neix","1015":"pend","1016":"edic","1017":"escr","1018":"anca","1019":"ula ","1020":"supe","1021":"ter ","1022":"men\u00e7","1023":" sec","1024":"ssar","1025":" lin","1026":" sit","1027":"rell","1028":"rogr","1029":"loc ","1030":"aig ","1031":"fill","1032":"estu","1033":"pren","1034":"ixa ","1035":" ell","1036":"expl","1037":"eali","1038":" die","1039":"ssat","1040":"zar ","1041":"abor","1042":"fect","1043":"proc","1044":"habi","1045":"tics","1046":"list","1047":"vol ","1048":"quer","1049":" jun","1050":"ivit","1051":" fes","1052":"pens","1053":"anar","1054":"prog","1055":"esos","1056":"ctiu","1057":"pre ","1058":"revi","1059":" pub","1060":"asa ","1061":"tudi","1062":"itor","1063":"mari","1064":"sica","1065":"tius","1066":" cel","1067":" vil","1068":"dorr","1069":" det","1070":" sis","1071":"acci","1072":" obr","1073":"erca","1074":"evis","1075":" gr\u00e0","1076":"nstr","1077":"stud","1078":"spon","1079":"mont","1080":"inde","1081":"nent","1082":" lac","1083":" mod","1084":"unes","1085":"epen","1086":"uaci","1087":"egur","1088":"onve","1089":"ueix","1090":"iure","1091":"ieta","1092":"erat","1093":"aner","1094":"acab","1095":"tent","1096":"ompr","1097":"ple ","1098":"orme","1099":"itja","1100":"tera","1101":"onte","1102":"rela","1103":"ior ","1104":"dist","1105":" veg","1106":" reb","1107":"ntit","1108":"gar ","1109":"once","1110":"stri","1111":"sult","1112":"evol","1113":"veur","1114":"perm","1115":"mpli","1116":"dava","1117":"gani","1118":"egle","1119":"tren","1120":" pet","1121":"situ","1122":"ster","1123":" p\u00fab","1124":" agr","1125":"nom ","1126":"vale","1127":"gle ","1128":"nome","1129":"quel","1130":"aren","1131":"egad","1132":" dav","1133":"ssio","1134":" aju","1135":"vida","1136":"repr","1137":"sts ","1138":"erac","1139":"ist\u00f2","1140":"merc","1141":"osic","1142":"ecor","1143":"lenc","1144":"nver","1145":" us ","1146":"epre","1147":"resa","1148":"nsti","1149":"apro","1150":"oper","1151":"lany","1152":"ben ","1153":"urs ","1154":"uali","1155":"oman","1156":"cola","1157":"ima ","1158":"lame","1159":" loc","1160":"ret ","1161":"tges","1162":"uda ","1163":"legi","1164":"segl","1165":"rtan","1166":"urop","1167":"arra","1168":"gr\u00e0c","1169":"stac","1170":"rir ","1171":"rama","1172":"demo","1173":"labo","1174":"asso","1175":"esso","1176":"nsel","1177":"lleg","1178":" exe","1179":"eves","1180":"ance","1181":" nec","1182":"prem","1183":"disp","1184":" lex","1185":"uts ","1186":"rame","1187":"st\u00f2r","1188":" met","1189":"cert","1190":"nece","1191":"recu","1192":"nove","1193":"lent","1194":"ille","1195":"alta","1196":" inv","1197":"nali","1198":"medi","1199":"icle","1200":"nces","1201":"band","1202":"ici ","1203":"uci\u00f3","1204":"poss","1205":"truc","1206":"crea","1207":" lal","1208":"vega","1209":"sia ","1210":"rofe","1211":"ler ","1212":"hora","1213":"\u00e0tic","1214":" ret","1215":"ncio","1216":"ver ","1217":"ests","1218":"lass","1219":"proj","1220":"er\u00e8n","1221":"tenc","1222":"roje","1223":"ndic","1224":"ordi","1225":"ojec","1226":"olli","1227":"bra ","1228":"gua ","1229":"miss","1230":" org","1231":" t ","1232":"oste","1233":"prot","1234":"trat","1235":"\u00edsti","1236":"embl","1237":"mant","1238":"sigu","1239":" cop","1240":" jor","1241":"etre","1242":"spor","1243":"came","1244":"a\u00eds ","1245":"ecia","1246":"dema","1247":" pa\u00ed","1248":"atre","1249":"loca","1250":"ama ","1251":" ale","1252":"libr","1253":"pa\u00eds","1254":"caba","1255":"veni","1256":" uns","1257":"ntes","1258":"vent","1259":"\u00e0cie","1260":"pora","1261":"nsta","1262":"semp","1263":"blem","1264":"oca ","1265":"ucci","1266":"pels","1267":"obla","1268":"univ","1269":"qued","1270":"ntan","1271":"sort","1272":"enim","1273":"cond","1274":"refe","1275":"ompt","1276":"tman","1277":" pal","1278":"poli","1279":"rres","1280":"lat ","1281":"lts ","1282":"oduc","1283":"d\u00e8nc","1284":"igui","1285":"nic ","1286":" len","1287":"bora","1288":"inve","1289":"sque","1290":"ober","1291":"iat ","1292":"isti","1293":"rist","1294":" fon","1295":"nca ","1296":"dat ","1297":"onsi","1298":" rom","1299":" all","1300":"itan","1301":"trib","1302":"opos","1303":"efer","1304":"lora","1305":"inar","1306":"onta","1307":"erar","1308":"cle ","1309":" med","1310":"tili","1311":" gue","1312":"vila","1313":"empl","1314":"ces ","1315":"name","1316":" rev","1317":" hab","1318":"peci","1319":"mort","1320":"engu","1321":"ssen","1322":"baix","1323":"tita","1324":"spos","1325":" far","1326":"tem ","1327":"ndep","1328":"cipi","1329":"pita","1330":"fess","1331":"ribu","1332":"atiu","1333":"seve","1334":"ero ","1335":"fer\u00e8","1336":"rals","1337":"voca","1338":"ofes","1339":"tema","1340":"ider","1341":" vin","1342":" mos","1343":"gat ","1344":"nim ","1345":"coma","1346":"ensi","1347":"cas ","1348":"abit","1349":"rien","1350":"etma","1351":"rreg","1352":"agra","1353":"tors","1354":"ltat","1355":" ini","1356":"setm","1357":"rmat","1358":"arse","1359":" mus","1360":"ebre","1361":"ont ","1362":"ossi","1363":"rme ","1364":"vert","1365":"uin ","1366":"erva","1367":"lema","1368":"ori ","1369":"ixer","1370":"ros ","1371":"onei","1372":"prob","1373":"arta","1374":"rsit","1375":"erre","1376":"ocup","1377":"stab","1378":"avor","1379":"oves","1380":"eis ","1381":"r\u00e8nc","1382":"tjan","1383":"erti","1384":"sign","1385":"podr","1386":"luci","1387":"iber","1388":" jo ","1389":"guan","1390":"mica","1391":"gues","1392":" lar","1393":"dies","1394":"guir","1395":"diss","1396":" neg","1397":"ala ","1398":"lega","1399":" ext","1400":"llad","1401":" fac","1402":"llei","1403":"issa","1404":"ltes","1405":"ssos","1406":"acon","1407":"xpli","1408":"oral","1409":"ater","1410":"dues","1411":"mani","1412":"lada","1413":"tos ","1414":"haur","1415":"ntro","1416":"gura","1417":"radi","1418":"ssib","1419":"most","1420":" equ","1421":"eter","1422":" mir","1423":" due","1424":"bans","1425":"iga ","1426":" fal","1427":"emes","1428":"enda","1429":"rei ","1430":"orar","1431":"util","1432":"eses","1433":"ocal","1434":"cele","1435":"ata ","1436":"nvol","1437":" apa","1438":"tote","1439":" fot","1440":"gona","1441":"rsos","1442":" edi","1443":"icit","1444":"bat ","1445":" fei","1446":" bal","1447":"educ","1448":"oses","1449":" he ","1450":"empo","1451":"gir ","1452":"ill ","1453":"m\u00f3n ","1454":"len ","1455":"ngut","1456":"munt","1457":"orda","1458":"stig","1459":"duct","1460":" nac","1461":"deu ","1462":"etit","1463":" n ","1464":"func","1465":" vai","1466":"gons","1467":"erit","1468":" eco","1469":"aver","1470":"tava","1471":"orit","1472":"ncer","1473":"mpos","1474":"lecc","1475":" tur","1476":"cupa","1477":"ltim","1478":"nord","1479":"oluc","1480":"vole","1481":" b\u00e9 ","1482":"ermi","1483":"olog","1484":"iaci","1485":"perd","1486":"mode","1487":"egue","1488":"resu","1489":"utor","1490":"erro","1491":"osar","1492":"colo","1493":"ibre","1494":"quip","1495":" dep","1496":"envo","1497":"egut","1498":" bla","1499":"oden","1500":"\u00falti","1501":"ofer","1502":"incl","1503":"xes ","1504":"lebr","1505":" hom","1506":" poc","1507":"eixi","1508":" mom","1509":" cau","1510":"pere","1511":"nque","1512":" cin","1513":" m\u00f3n","1514":" bai","1515":"dins","1516":"tinu","1517":" sim","1518":"ides","1519":"logi","1520":" hau","1521":"sha ","1522":"par ","1523":"isit","1524":"qu\u00ed ","1525":"negu","1526":"mart","1527":"oni ","1528":"duca","1529":"rda ","1530":"nden","1531":"bon ","1532":" dim","1533":"prom","1534":" dor","1535":"trav","1536":"tria","1537":"mper","1538":"ost ","1539":"tuac","1540":"sibl","1541":"alis","1542":"unda","1543":"nari","1544":"tens","1545":"gada","1546":"arqu","1547":"reso","1548":"elac","1549":"xer ","1550":"expe","1551":"ropi","1552":"feri","1553":" nat","1554":"tiga","1555":"sabe","1556":"ira ","1557":"puta","1558":"lana","1559":"\u00e0nci","1560":"repa","1561":" deu","1562":" et ","1563":"esqu","1564":"rets","1565":"are ","1566":"pal ","1567":"bona","1568":"liga","1569":" vot","1570":"i\u00e8nc","1571":"oneg","1572":"aire","1573":"uany","1574":"disc","1575":"nunc","1576":"enys","1577":"leng","1578":"nseg","1579":"tard","1580":" las","1581":"nvia","1582":"mome","1583":"bita","1584":"stal","1585":"ous ","1586":" ses","1587":"uant","1588":"bjec","1589":"roma","1590":"pte ","1591":"ctur","1592":"ront","1593":" vic","1594":"xist","1595":"dame","1596":" sot","1597":"rec ","1598":"ltra","1599":" fan","1600":"tric","1601":"guin","1602":" ren","1603":"cta ","1604":"fund","1605":"volt","1606":"issi","1607":"ebra","1608":"rmin","1609":"upor","1610":"ocs ","1611":"enya","1612":"m\u00e0ti","1613":"lars","1614":"ncs ","1615":"orde","1616":"norm","1617":"omin","1618":"rmen","1619":"sen ","1620":"ngua","1621":"rats","1622":"defe","1623":"deci","1624":"eleb","1625":" ide","1626":"fron","1627":"nant","1628":"etes","1629":"rnad","1630":"ixem","1631":" not","1632":"viat","1633":"mans","1634":" son","1635":"natu","1636":"darr","1637":" me ","1638":" tel","1639":"olte","1640":"lida","1641":"ives","1642":"tzat","1643":" dad","1644":" dac","1645":" ori","1646":"mpar","1647":"ere ","1648":"mbla","1649":"rado","1650":"dina","1651":"crit","1652":"olts","1653":"divi","1654":"difi","1655":"aigu","1656":"c\u00e9s ","1657":"son ","1658":"\u00e7ar ","1659":"uell","1660":"cien","1661":"fort","1662":"iana","1663":"ing ","1664":"rup ","1665":"tere","1666":"ispo","1667":"ombr","1668":"rena","1669":"tia ","1670":"ofic","1671":" exc","1672":" exi","1673":"just","1674":"rque","1675":"uita","1676":"ard ","1677":"erri","1678":"ueda","1679":"rmet","1680":"grad","1681":"r\u00e7a ","1682":"poc ","1683":" jov","1684":"barr","1685":"acor","1686":"jor ","1687":"anom","1688":"audi","1689":"for\u00e7","1690":" joa","1691":"enat","1692":"lime","1693":"jar ","1694":" ple","1695":"aixa","1696":"nsid","1697":"omer","1698":"jove","1699":"onfi","1700":"tifi","1701":"trar","1702":"arac","1703":"remi","1704":"guns","1705":"egat","1706":"ervi","1707":"ner ","1708":"erce","1709":"blac","1710":" jug","1711":"ales","1712":" hum","1713":"ucio","1714":"rona","1715":"erse","1716":"rtes","1717":"arem","1718":"mia ","1719":" fre","1720":"tal\u00e0","1721":"indr","1722":"opa ","1723":" vos","1724":"cept","1725":"rend","1726":"aten","1727":"olle","1728":"tina","1729":"ajud","1730":"sten","1731":"rnac","1732":"ric ","1733":"nomi","1734":"al\u00e0 ","1735":"rote","1736":"arle","1737":" ofe","1738":"l\u00e8nc","1739":"aqu\u00ed","1740":"lem ","1741":"er\u00e0 ","1742":"scal","1743":"igue","1744":"obje","1745":"orad","1746":"alor","1747":"teu ","1748":"lic ","1749":"iter","1750":"sari","1751":" mot","1752":"cis ","1753":"capa","1754":"home","1755":"acce","1756":"inat","1757":"lir ","1758":"lalt","1759":"onsu","1760":" env","1761":"mand","1762":"dalt","1763":"cosa","1764":"rati","1765":"fam\u00ed","1766":"am\u00edl","1767":"ajun","1768":"rnar","1769":"rova","1770":"m\u00edli","1771":" lab","1772":"vend","1773":"salt","1774":"olla","1775":"amp ","1776":"orte","1777":"senv","1778":"obar","1779":"hore","1780":"onen","1781":"dete","1782":"rali","1783":"t\u00e8nc","1784":"larg","1785":"olup","1786":"mira","1787":"quen","1788":"vest","1789":"oles","1790":"ull ","1791":"ssit","1792":"soli","1793":" ded","1794":"erci","1795":" zon","1796":"n\u00e7ar","1797":"pots","1798":"fens","1799":"bla ","1800":"gina","1801":"lau ","1802":"atri","1803":"meny","1804":"nit ","1805":"grat","1806":"arte","1807":"lesc","1808":" afe","1809":"uina","1810":"stin","1811":" e ","1812":"edit","1813":"ecre","1814":"utad","1815":"gest","1816":"ture","1817":" mem","1818":" der","1819":"have","1820":"cade","1821":"sol ","1822":" dom","1823":" ani","1824":"juga","1825":" fut","1826":"abil","1827":" ger","1828":"los ","1829":"n\u00f2mi","1830":" gar","1831":"nats","1832":"dres","1833":"libe","1834":"arxa","1835":"prev","1836":"rna ","1837":"dit ","1838":"meu ","1839":" pag","1840":"joan","1841":"\u00fcent","1842":"l\u00f2gi","1843":"isi\u00f3","1844":"lara","1845":"rade","1846":"taca","1847":" meu","1848":"cris","1849":"men ","1850":" hag","1851":"tive","1852":"cald","1853":"ompo","1854":"diu ","1855":"tima","1856":"ibar","1857":" jul","1858":"torr","1859":"ntic","1860":"ssor","1861":"sses","1862":"tany","1863":"rman","1864":"ecla","1865":"trol","1866":"rdin","1867":"rece","1868":" fel","1869":" som","1870":"mala","1871":"mita","1872":"ogia","1873":" sud","1874":"ites","1875":" tu ","1876":"done","1877":"foto","1878":"rtat","1879":" ocu","1880":"spai","1881":" dig","1882":"cats","1883":"ni\u00f3 ","1884":"riu ","1885":"lupa","1886":" reu","1887":" ofi","1888":"llan","1889":"ampa","1890":"fant","1891":" ges","1892":"orac","1893":"robl","1894":"mat ","1895":"efen","1896":"cret","1897":"ini ","1898":"quet","1899":"on\u00f2m","1900":"gen ","1901":"orat","1902":"eua ","1903":"aval","1904":"upos","1905":" ill","1906":"obra","1907":"oren","1908":"uit ","1909":"juli","1910":"mai ","1911":" gui","1912":"enar","1913":"rigi","1914":" leg","1915":" ali","1916":"tora","1917":"t\u00e0ri","1918":"xemp","1919":"rito","1920":"exem","1921":" ano","1922":"inc ","1923":"inac","1924":" cli","1925":"tzad","1926":" gre","1927":"cter","1928":"rrit","1929":"ituc","1930":"icam","1931":" lor","1932":"icul","1933":"mati","1934":"nsa ","1935":"tuci","1936":"rran","1937":"ican","1938":"scen","1939":"tanc","1940":"la\u00e7a","1941":"tral","1942":"ndia","1943":" ima","1944":"pus ","1945":"gual","1946":"otal","1947":"ator","1948":"nomb","1949":"idor","1950":"feli","1951":"terc","1952":" uti","1953":"dade","1954":"ciar","1955":"opor","1956":"aura","1957":"esul","1958":"rete","1959":" fen","1960":"blan","1961":" c ","1962":"lado","1963":"xeme","1964":"moni","1965":"aixe","1966":"til ","1967":"orts","1968":"desa","1969":" mad","1970":" jus","1971":"mpte","1972":" m\u00fas","1973":"ils ","1974":"abri","1975":"\u00f2mic","1976":"tele","1977":"obli","1978":"ixar","1979":"net ","1980":"xper","1981":"lors","1982":"vei ","1983":"rit ","1984":"nclo","1985":"adic","1986":"mass","1987":"inad","1988":"dem ","1989":"rmes","1990":"ropa","1991":" ava","1992":"anal","1993":"scar","1994":"mic ","1995":"admi","1996":"obri","1997":"dora","1998":"\u00fanic","1999":"cian","2000":"rrec","2001":"a\u00e7a ","2002":" \u00falt","2003":"val ","2004":"solu","2005":"lumn","2006":"m\u00fasi","2007":"lliu","2008":"dis ","2009":"tatg","2010":"oan ","2011":"crip","2012":"alt ","2013":"ande","2014":"cide","2015":"liur","2016":"orig","2017":"alde","2018":"ser\u00e0","2019":"comi","2020":" bat","2021":"imit","2022":" var","2023":"even","2024":" sel","2025":"ega ","2026":"icad","2027":"exis","2028":"ustr","2029":"\u00e8tic","2030":"xar ","2031":"rera","2032":"l\u00e8s ","2033":"gres","2034":"domi","2035":"stav","2036":"enia","2037":"let ","2038":"ilia","2039":"\u00fasic","2040":"nsul","2041":"cupe","2042":"paga","2043":"tist","2044":"guda","2045":"expo","2046":"ciat","2047":"agon","2048":"usa ","2049":"ompe","2050":"pci\u00f3","2051":"sada","2052":"cali","2053":"erei","2054":"rtar","2055":"\u00f2gic","2056":"eina","2057":"igna","2058":"llat","2059":"nade","2060":" pin","2061":"pert","2062":"efec","2063":"valo","2064":"tits","2065":"v\u00e9s ","2066":"r\u00e0ct","2067":" avi","2068":"erma","2069":"tion","2070":" ami","2071":"or\u00e7a","2072":"arc ","2073":"var ","2074":"ciac","2075":" edu","2076":"inua","2077":"pla\u00e7","2078":" lim","2079":"veis","2080":"tals","2081":"alse","2082":"ase ","2083":"creu","2084":" amp","2085":"iant","2086":"rari","2087":"riva","2088":"gaci","2089":"lers","2090":"ules","2091":"cana","2092":"nos ","2093":"dell","2094":"ol\u00f2g","2095":" viu","2096":" ord","2097":"nvi ","2098":"ssin","2099":"oma ","2100":"prec","2101":" tip","2102":" ate","2103":"venc","2104":"llet","2105":"caus","2106":"igen","2107":"dari","2108":"quat","2109":" lo ","2110":"plat","2111":" dip","2112":"perf","2113":" une","2114":"extr","2115":"g\u00fcen","2116":"enes","2117":"arda","2118":"empe","2119":"pas ","2120":" fem","2121":"ssoc","2122":" ere","2123":"t\u00edci","2124":"eg\u00fce","2125":"ll\u00e0 ","2126":"eda ","2127":"vaci","2128":"emoc","2129":"omes","2130":" riu","2131":"stia","2132":"seg\u00fc","2133":"tza ","2134":"\u00edlia","2135":"rtid","2136":"sota","2137":"lact","2138":"alia","2139":"imat","2140":"meri","2141":"patr","2142":"cart","2143":"reve","2144":"jorn","2145":"alum","2146":" pr\u00f2","2147":"tind","2148":"egis","2149":"zat ","2150":"t\u00e0nc","2151":"dime","2152":"omia","2153":" jos","2154":"reci","2155":"ence","2156":"eri ","2157":"capi","2158":"\u00f2nic","2159":"docu","2160":"carl","2161":"orie","2162":"egir","2163":"iali","2164":"envi","2165":"iner","2166":"uny ","2167":" mic","2168":"cles","2169":"apit","2170":"eran","2171":"clas","2172":"ecup","2173":"anis","2174":"rqui","2175":" gal","2176":"vide","2177":" ber","2178":"octu","2179":"etar","2180":"osit","2181":"nado","2182":"adri","2183":"ssan","2184":" cir","2185":"esde","2186":"rcat","2187":"rmar","2188":"alls","2189":" obl","2190":"aula","2191":"ncen","2192":" mag","2193":"olor","2194":"rxa ","2195":"reto","2196":"rcia","2197":"ivel","2198":"impl","2199":" dat","2200":"nven","2201":"llun","2202":"ire ","2203":"time","2204":" te ","2205":" pac","2206":"nd\u00e8n","2207":"angl","2208":" mis","2209":"pis ","2210":"ion ","2211":"lama","2212":"pula","2213":"imon","2214":"iran","2215":"nima","2216":"erad","2217":"apli","2218":"zona","2219":"tend","2220":"salu","2221":"ist ","2222":"ibil","2223":"l\u00edni","2224":"lans","2225":"parc","2226":"stim","2227":"amar","2228":"juda","2229":"erte","2230":"pla ","2231":"cobr","2232":"iol ","2233":"anqu","2234":"eten","2235":" bor","2236":"alem","2237":"apa ","2238":"ir\u00e0 ","2239":"rav\u00e9","2240":"av\u00e9s","2241":"ila ","2242":" lob","2243":"test","2244":"auri","2245":"sevo","2246":"ctam","2247":"many","2248":"mal ","2249":"onam","2250":" igu","2251":" pan","2252":"ualm","2253":"tida","2254":"meso","2255":"pell","2256":"andr","2257":"avie","2258":"tali","2259":"ti\u00f3 ","2260":" red","2261":"adan","2262":"cop ","2263":" sap","2264":"onom","2265":"bell","2266":" obe","2267":" xar","2268":"iii ","2269":"seri","2270":"ela ","2271":"lsev","2272":"ran\u00e7","2273":"ical","2274":"t\u00e8cn","2275":" coo","2276":"infa","2277":"\u00e8cni","2278":" teu","2279":" web","2280":"fan ","2281":"veu ","2282":"isca","2283":"anye","2284":"arat","2285":"cerc","2286":"end\u00e8","2287":"germ","2288":" lem","2289":"ares","2290":"tade","2291":"dr\u00e0 ","2292":"ubre","2293":"orn ","2294":"lari","2295":"uta ","2296":"\u00edtol","2297":"fini","2298":"liar","2299":"olar","2300":"arts","2301":"dmin","2302":" pap","2303":"ratu","2304":"roce","2305":"tipu","2306":" ii ","2307":" l\u00edn","2308":"sess","2309":"ampl","2310":" vel","2311":"lion","2312":"etal","2313":"idar","2314":"uip ","2315":"rses","2316":"rren","2317":"pati","2318":"reun","2319":" bus","2320":"onsa","2321":"renc","2322":"vien","2323":"ipus","2324":" ped","2325":"ltar","2326":"pals","2327":"stor","2328":"web ","2329":"mpra","2330":"pons","2331":"nves","2332":"eric","2333":" bri","2334":" ang","2335":"nalm","2336":"ocar","2337":"uni\u00f3","2338":"art\u00ed","2339":"con\u00f2","2340":"osal","2341":"ocat","2342":"vaig","2343":"egra","2344":" lau","2345":"otec","2346":"isse","2347":"\u00e0rre","2348":"tras","2349":" lec","2350":"mpta","2351":" s\u00ed ","2352":"anim","2353":"bril","2354":"tser","2355":"hir ","2356":"ctar","2357":"defi","2358":"graf","2359":"ausa","2360":" her","2361":"itud","2362":"cos ","2363":"club","2364":"enge","2365":"uman","2366":" clu","2367":"nfan","2368":" gir","2369":"sti\u00f3","2370":"ialm","2371":"regn","2372":"stiu","2373":"jori","2374":"comt","2375":"sca ","2376":"vat ","2377":"tim ","2378":"matg","2379":"egal","2380":"ortu","2381":"rene","2382":"oba ","2383":"sis ","2384":"onis","2385":"ivil","2386":"ivid","2387":" niv","2388":"ritz","2389":"nem ","2390":"yol ","2391":" mi ","2392":"imes","2393":"dial","2394":"urar","2395":" nit","2396":"egar","2397":"guei","2398":" apl","2399":"vame","2400":"desi","2401":"land","2402":"nifi","2403":"ahir","2404":"otar","2405":" cai","2406":"favo","2407":" adm","2408":"cer ","2409":"madr","2410":"cedi","2411":"inan","2412":"tron","2413":"ersa","2414":"ferr","2415":"ento","2416":"efin","2417":" fro","2418":"gado","2419":"ocie","2420":"ctub","2421":"llui","2422":"ilio","2423":"bte ","2424":"ducc","2425":"viar","2426":"tubr","2427":"mori","2428":"pret","2429":"seua","2430":"anto","2431":"alca","2432":"ssis","2433":"xos ","2434":"ucte","2435":"esur","2436":"unts","2437":"dint","2438":" pop","2439":"brer","2440":" obj","2441":"rmal","2442":"cicl","2443":"pone","2444":"ambi","2445":"inco","2446":"gure","2447":"olic","2448":"uatr","2449":"andi","2450":"amin","2451":"sete","2452":"donc","2453":"ticl","2454":"firm","2455":"vari","2456":"gon ","2457":" gau","2458":"dria","2459":"ipi ","2460":"xarx","2461":"ecol","2462":" t\u00e8c","2463":"mare","2464":"esse","2465":" cab","2466":"fent","2467":"epte","2468":"inen","2469":"lanc","2470":"\u00e8ixe","2471":" anu","2472":" eng","2473":"tira","2474":"udia","2475":"cava","2476":"rdre","2477":" ves","2478":" rod","2479":"diri","2480":"pes ","2481":"icis","2482":"stei","2483":"liqu","2484":"ode ","2485":"mesu","2486":"nism","2487":"c\u00e0rr","2488":"sect","2489":"xpos","2490":"arit","2491":"ims ","2492":"rla ","2493":"sin ","2494":"anif","2495":"rota","2496":"etem","2497":"rida","2498":"llav","2499":"\u00e0nic","2500":" ahi","2501":"allo","2502":"at\u00ed ","2503":"pant","2504":"ril ","2505":"rtam","2506":"ctat","2507":"nava","2508":"em\u00e0 ","2509":"anc ","2510":" ram","2511":" deb","2512":"nyar","2513":"ncep","2514":"robe","2515":"huma","2516":"dem\u00e0","2517":" mig","2518":"cidi","2519":"oris","2520":"\u00e0rie","2521":"fons","2522":"dedi","2523":" esq","2524":"idat","2525":"ectu","2526":"llac","2527":"lesp","2528":"limi","2529":"enor","2530":"uem ","2531":"ncre","2532":" lit","2533":"maig","2534":"nge ","2535":"\u00edcia","2536":"pai ","2537":"icte","2538":"serr","2539":"stos","2540":"luit","2541":"olen","2542":"nteg","2543":" lho","2544":"rden","2545":"llis","2546":"ciet","2547":"atac","2548":" apo","2549":"bien","2550":"usi\u00f3","2551":"prep","2552":"udes","2553":"rea ","2554":"mics","2555":"al\u00e8n","2556":"fore","2557":"quil","2558":" suc","2559":"omar","2560":"ctic","2561":"marx","2562":"g\u00e8nc","2563":"itac","2564":"guar","2565":" evi","2566":"abar","2567":" pon","2568":"undi","2569":"base","2570":"uris","2571":"esce","2572":"oncs","2573":"ntse","2574":"viol","2575":"val\u00e8","2576":"temb","2577":"cume","2578":"mada","2579":"nis ","2580":"aqui","2581":"lera","2582":" lam","2583":"ecid","2584":"asta","2585":"nime","2586":"vota","2587":"bada","2588":" vul","2589":"\u00e0cia","2590":"elic","2591":"rcer","2592":"arie","2593":"ocum","2594":"eig ","2595":" rem","2596":"esem","2597":"vint","2598":"alte","2599":"rava","2600":"iari","2601":"enll","2602":"memb","2603":"ine ","2604":"uard","2605":"nsen","2606":"sud ","2607":"poca","2608":"gne ","2609":"shan","2610":" pau","2611":"abli","2612":"uros","2613":"faci","2614":" efe","2615":"oque","2616":"nser","2617":" c\u00e0r","2618":"lei ","2619":"tol ","2620":"pero","2621":" \u00fani","2622":"\u00edfic","2623":"gade","2624":"comb","2625":"sor ","2626":"pat ","2627":" nen","2628":"opul","2629":"tave","2630":"euni","2631":"leva","2632":"onad","2633":" civ","2634":" pra","2635":"exte","2636":"\u00e0cti","2637":"resc","2638":"ssab","2639":"illu","2640":" alu","2641":"llic","2642":"ndar","2643":"ving","2644":"nest","2645":"sseg","2646":"arme","2647":"rucc","2648":"fora","2649":"uia ","2650":"ival","2651":"\u00f2ric","2652":" pis","2653":"uar ","2654":"gaud","2655":"lut ","2656":"civi","2657":"edat","2658":"judi","2659":"mpet","2660":"ulio","2661":"diar","2662":" dam","2663":"rave","2664":"crei","2665":"same","2666":" obs","2667":"guts","2668":"meng","2669":"erne","2670":"enja","2671":"sdev","2672":"uel ","2673":"neu ","2674":"isto","2675":" vio","2676":"nsab","2677":"impe","2678":"eia ","2679":"escu","2680":"reac","2681":"ifes","2682":" alb","2683":"umne","2684":"eixo","2685":"acom","2686":"doct","2687":"pame","2688":"preg","2689":" pes","2690":" ac ","2691":" gai","2692":"gula","2693":"ber ","2694":"ndes","2695":"decl","2696":"astr","2697":"olid","2698":" ros","2699":"iven","2700":"rafi","2701":"mpro","2702":"tect","2703":"circ","2704":"enad","2705":"cose","2706":"osos","2707":"popu","2708":"gist","2709":"clam","2710":"deri","2711":"met ","2712":"mund","2713":"quia","2714":"lub ","2715":"turi","2716":"ntil","2717":"0000","2718":"tigu","2719":" dol","2720":"ano ","2721":"udic","2722":" dob","2723":"nton","2724":"ruct","2725":" fav","2726":"tegr","2727":"criu","2728":"dena","2729":"ondi","2730":"rles","2731":"arlo","2732":"odem","2733":"sala","2734":"omis","2735":"lusi","2736":"ates","2737":"rige","2738":"nfer","2739":"gmen","2740":"st\u00e0n","2741":"ees ","2742":"rdi ","2743":"arro","2744":"eser","2745":"leta","2746":"dian","2747":"cals","2748":"alut","2749":"rol ","2750":"rism","2751":" gan","2752":" imm","2753":"nosa","2754":"lane","2755":"kkk ","2756":"laju","2757":"nsar","2758":"niqu","2759":" lap","2760":" nad","2761":"r\u00e0fi","2762":"iada","2763":"som ","2764":"endi","2765":"clou","2766":"esgl","2767":"ntad","2768":"apre","2769":" flo","2770":"eca ","2771":" x ","2772":"uite","2773":"gune","2774":" dit","2775":"deo ","2776":"tur ","2777":" acu","2778":"bera","2779":"moti","2780":"eder","2781":"liol","2782":"daci","2783":"rers","2784":"osse","2785":" lat","2786":"odri","2787":"amer","2788":" laj","2789":" joc","2790":"ange","2791":"exce","2792":"acit","2793":"lata","2794":" p ","2795":"juny","2796":"blig","2797":"mere","2798":"rpre","2799":"moci","2800":"bret","2801":"gl\u00e9s","2802":"jord","2803":" enl","2804":"conj","2805":"stir","2806":" kkk","2807":"egun","2808":"rid ","2809":"t\u00edto","2810":"verg","2811":" end","2812":"meno","2813":"irma","2814":" t\u00edt","2815":"irig","2816":"ectr","2817":"urso","2818":"reus","2819":"fia ","2820":"\u00e7ant","2821":"ear ","2822":"osat","2823":"ocr\u00e0","2824":" alc","2825":"onts","2826":"cate","2827":"jose","2828":"cnic","2829":"yola","2830":"tar\u00e0","2831":"nife","2832":"por ","2833":"ilar","2834":"ovin","2835":"ntor","2836":"spit","2837":" ado","2838":"ince","2839":"edif","2840":"llig","2841":"ptar","2842":"gunt","2843":"scob","2844":"dipu","2845":"ecis","2846":"adal","2847":"onju","2848":"nte ","2849":"gica","2850":"egud","2851":"ivam","2852":"r\u00edst","2853":"cati","2854":"eny ","2855":" ame","2856":"ulti","2857":"nyor","2858":"enyo","2859":"font","2860":"pia ","2861":"rret","2862":" viv","2863":"iput","2864":" tec","2865":"aber","2866":"cili","2867":"ome ","2868":"tram","2869":" cob","2870":"eal ","2871":"iba ","2872":"sfor","2873":" bra","2874":"ixos","2875":"oc\u00e9s","2876":"dant","2877":"lies","2878":"orir","2879":"rema","2880":"trev","2881":"uere","2882":"ntig","2883":"efic","2884":"roc\u00e9","2885":"llit","2886":"alli","2887":"abte","2888":"sabt","2889":"bene","2890":" rob","2891":"mnes","2892":"ospi","2893":"cans","2894":"arga","2895":"reme","2896":"dium","2897":" tev","2898":"text","2899":"uari","2900":"mocr","2901":"iats","2902":"ipar","2903":"vost","2904":" ama","2905":"ases","2906":"alim","2907":"lit ","2908":"dans","2909":"llec","2910":"yar ","2911":"duir","2912":"yes ","2913":"ucac","2914":"lcal","2915":"minu","2916":"ixes","2917":"satg","2918":"tut ","2919":"agos","2920":"scut","2921":"rlam","2922":"rimo","2923":" esd","2924":"\u00edcie","2925":"ngui","2926":"sgl\u00e9","2927":"quar","2928":" pug","2929":"cong","2930":"l\u00e9si","2931":"corp","2932":"arad","2933":"gi\u00f3 ","2934":"tud ","2935":"ircu","2936":" bel","2937":"odel","2938":"uret","2939":" sep","2940":"trop","2941":" vei","2942":"asti","2943":"veri","2944":" ata","2945":"drid","2946":"stad","2947":"rop ","2948":"onvo","2949":"arel","2950":"trim","2951":"egre","2952":"fein","2953":"nder","2954":"col ","2955":"natg","2956":"dal ","2957":" feb","2958":"isi ","2959":"mbie","2960":"toni","2961":"njun","2962":"taur","2963":"lina","2964":"utur","2965":"futu","2966":"falt","2967":"cinc","2968":"sibi","2969":"nqui","2970":"ci\u00e8n","2971":" led","2972":"clau","2973":"egne","2974":"nics","2975":"uer ","2976":"riur","2977":"ecom","2978":"rago","2979":" the","2980":"rnat","2981":"apac","2982":" mov","2983":"llab","2984":"ltan","2985":"sep ","2986":"n\u00e7an","2987":"mora","2988":"recc","2989":"plet","2990":"ci\u00e0 ","2991":"init","2992":"sani","2993":"arei","2994":"igni","2995":"esto","2996":"cina","2997":"subs","2998":"rill","2999":"romo","3000":"ascu","3001":"impr","3002":"gant","3003":"olem","3004":" bru","3005":"aper","3006":"bol ","3007":" pui","3008":" sar","3009":"expr","3010":"pala","3011":"\u00e7os ","3012":"and ","3013":"elev","3014":"arar","3015":"teme","3016":"gara","3017":"gr\u00e0f","3018":"in\u00f3 ","3019":"trem","3020":"rall","3021":"ntis","3022":" mul","3023":"efor","3024":"geix","3025":"gost","3026":"all\u00e8","3027":" cui","3028":"fic ","3029":"gles","3030":"rere","3031":" v\u00edd","3032":"onfe","3033":"aga ","3034":"guit","3035":"sin\u00f3","3036":"omba","3037":"refo","3038":"quad","3039":"agin","3040":"lien","3041":" obt","3042":"u\u00eft ","3043":"lexi","3044":"otse","3045":"hom ","3046":" gas","3047":"redi","3048":"stro","3049":"xima","3050":"lava","3051":"arau","3052":"tine","3053":"quis","3054":"ll\u00e8s","3055":"aret","3056":" sov","3057":"leri","3058":"rau ","3059":"uria","3060":"osso","3061":"scul","3062":"mers","3063":"ansp","3064":"hagu","3065":"quit","3066":"pa\u00efs","3067":"revo","3068":"\u00e0nia","3069":"olit","3070":" y ","3071":"sola","3072":"dida","3073":"sovi","3074":"rove","3075":"lesa","3076":"osep","3077":"\u00edcul","3078":"\u00e0fic","3079":"late","3080":"arg ","3081":"cit ","3082":"cil ","3083":"nyes","3084":" lad","3085":"emis","3086":"movi","3087":"cell","3088":"ivis","3089":"v\u00edde","3090":" has","3091":"ccid","3092":"cine","3093":"iume","3094":"nor ","3095":"\u00eddeo","3096":"emi ","3097":"preu","3098":"miqu","3099":"aca ","3100":"r\u00e0s ","3101":"pint","3102":"amic","3103":"mete","3104":"rrat","3105":"oron","3106":"vis ","3107":" dic","3108":"ione","3109":"udi ","3110":" fas","3111":"t\u00e0ni","3112":"stau","3113":" sur","3114":"arin","3115":"gair","3116":"r\u00e8s ","3117":"anci","3118":"edir","3119":"lavo","3120":"ampi","3121":"ogue","3122":"arag","3123":"puig","3124":"puls","3125":"rlar","3126":"dita","3127":"raul","3128":" aig","3129":"lite","3130":"ino ","3131":"uctu","3132":"cala","3133":"ptes","3134":"erda","3135":"erim","3136":"rsi\u00f3","3137":" fos","3138":"mir ","3139":"lobr","3140":"mest","3141":" arm","3142":"esme","3143":"lade","3144":"id\u00e8n","3145":"r\u00f2ni","3146":" nin","3147":"\u00e0sti","3148":"\u00ednia","3149":"dien","3150":"dill","3151":"teja","3152":"ovem","3153":"deve","3154":"ipci","3155":"las ","3156":"data","3157":" atr","3158":"grau","3159":"flor","3160":"ssim","3161":"zada","3162":"ust ","3163":"fede","3164":"erir","3165":"piet","3166":" enr","3167":" pa\u00ef","3168":"ctac","3169":"tinc","3170":"tado","3171":"git ","3172":"arma","3173":"irar","3174":"gal ","3175":"line","3176":"coro","3177":"adam","3178":"priv","3179":"eque","3180":" aug","3181":"nvoc","3182":" cha","3183":" vir","3184":"dern","3185":"ups ","3186":" pr\u00e0","3187":"upac","3188":"pr\u00e0c","3189":"ills","3190":"rovi","3191":"pose","3192":"f\u00edci","3193":"trui","3194":" sex","3195":" tau","3196":"hosp","3197":"per\u00ed","3198":"usta","3199":"idir","3200":"mon ","3201":"rpor","3202":" sac","3203":"etra","3204":"\u00e8rie","3205":"evit","3206":"rass","3207":" dil","3208":"brir","3209":" blo","3210":"lian","3211":"bast","3212":"muse","3213":"tel ","3214":"siva","3215":"pedr","3216":"spir","3217":"peu ","3218":"\u00efsos","3219":"afec","3220":"a\u00efso","3221":"ners","3222":"orne","3223":"iscu","3224":"orpo","3225":"ning","3226":" tes","3227":" vam","3228":"cres","3229":"edia","3230":"n\u00e8ix","3231":"nscr","3232":"con\u00e8","3233":"nits","3234":"emos","3235":"masc","3236":"amil","3237":"asca","3238":"brar","3239":"ucat","3240":"acan","3241":"asos","3242":"vors","3243":" toc","3244":"infl","3245":" ve\u00ef","3246":"on\u00e8i","3247":"xpre","3248":"etir","3249":"ctri","3250":"hagi","3251":"vice","3252":" etc","3253":" fis","3254":"dany","3255":" m\u00e0x","3256":"rang","3257":"lhor","3258":"lati","3259":"rups","3260":"apor","3261":"ist\u00e8","3262":" lai","3263":"ebut","3264":"nere","3265":" enf","3266":"erem","3267":"it\u00e0r","3268":"pais","3269":"cend","3270":"ais ","3271":"ague","3272":" pil","3273":"figu","3274":"uint","3275":"cono","3276":"igit","3277":"ve\u00efn","3278":"banc","3279":"ames","3280":"agi ","3281":" cot","3282":"ania","3283":"ll\u00f3 ","3284":"rcit","3285":"rep\u00fa","3286":"atar","3287":"ipis","3288":"guna","3289":"erie","3290":"gu\u00e9 ","3291":"\u00f2nia","3292":"the ","3293":" dex","3294":"lats","3295":"ep\u00fab","3296":"obil","3297":"orca","3298":"\u00e0xim","3299":"rre ","3300":"rina","3301":"rian","3302":"esol","3303":"ling","3304":"lore","3305":"amor","3306":"rebr","3307":"m\u00e0xi","3308":"erts","3309":" hos","3310":"arge","3311":"tint","3312":"u\u00e9s ","3313":"siti","3314":"crem","3315":"sele","3316":"cole","3317":" mev","3318":"pact","3319":"urat","3320":"thom","3321":"cera","3322":"isc ","3323":"mobi","3324":" gol","3325":"lis ","3326":"mat\u00ed","3327":"tja ","3328":"deta","3329":"ongr","3330":"dani","3331":"itiu","3332":" cic","3333":"etc ","3334":" ope","3335":"rie ","3336":" afi","3337":"vemb","3338":"ergi","3339":"ians","3340":"iame","3341":"ardi","3342":"agar","3343":"aler","3344":"site","3345":"alti","3346":"\u00edode","3347":"lena","3348":"toca","3349":" tea","3350":" sos","3351":"senc","3352":"ssol","3353":"tret","3354":"riqu","3355":"mar\u00e7","3356":"nsum","3357":"anat","3358":"opie","3359":"anyi","3360":"alva","3361":"sats","3362":"redu","3363":" mur","3364":"\u00e9sia","3365":"tecn","3366":"iuen","3367":"itze","3368":"lism","3369":"itiv","3370":"taul","3371":"plen","3372":"elem","3373":"rgen","3374":"lum ","3375":"st\u00e8n","3376":"upar","3377":"nsi\u00f3","3378":"rani","3379":"pugu","3380":"car\u00e0","3381":"urad","3382":" tit","3383":"succ","3384":"vid ","3385":"tarr","3386":" fir","3387":"vil ","3388":"fusi","3389":"upam","3390":"crec","3391":"lexp","3392":"dra ","3393":"enun","3394":"lear","3395":" deg","3396":"aule","3397":"bia ","3398":"er\u00edo","3399":"r\u00edod","3400":"pion","3401":"alar","3402":"afeg","3403":" bot","3404":"\u00e8poc","3405":"nerg","3406":"xit ","3407":"ani ","3408":"viur","3409":"afia","3410":"am\u00ed ","3411":"rebu","3412":"useu","3413":"cand","3414":"derr","3415":" shi","3416":" urb","3417":" tex","3418":"apta","3419":"sest","3420":"not\u00ed","3421":"vime","3422":"ecur","3423":"stil","3424":" los","3425":"ur\u00e0 ","3426":"etro","3427":"colt","3428":" puj","3429":"entu","3430":"egi\u00f3","3431":"oms ","3432":"ntir","3433":"aus ","3434":"rdar","3435":" mac","3436":"ndr\u00e0","3437":"ansf","3438":"sal ","3439":" nav","3440":"palm","3441":"vict","3442":"rus ","3443":"ot\u00edc","3444":"iote","3445":"has ","3446":"menc","3447":"eatr","3448":"verd","3449":"febr","3450":"ncor","3451":"ar\u00e7 ","3452":"nave","3453":"bale","3454":"nego","3455":"udis","3456":"adre","3457":"jan\u00e7","3458":"mens","3459":"cens","3460":" opo","3461":"onan","3462":"nies","3463":"igin","3464":"shi ","3465":"ell\u00f3","3466":"r\u00e0pi","3467":" abs","3468":" tas","3469":"smen","3470":"gic ","3471":"atin","3472":"mult","3473":"otiu","3474":"mine","3475":"vols","3476":"igac","3477":" ess","3478":"ulac","3479":"ras ","3480":"rofi","3481":"elat","3482":"sura","3483":"simp","3484":"cami","3485":"nous","3486":"eleg","3487":"ugme","3488":"egul","3489":"pira","3490":"mpla","3491":"augm","3492":"otho","3493":"vam ","3494":"ntel","3495":"pape","3496":" dab","3497":"idea","3498":"roca","3499":"gnat","3500":"n\u00e8s ","3501":" lag","3502":"ondr","3503":"ccep","3504":"ger ","3505":"ucce","3506":"nci\u00e0","3507":"suar","3508":"negr","3509":"lemp","3510":"musi","3511":"aure","3512":"ecno","3513":"llo ","3514":"lint","3515":"onia","3516":"reti","3517":"augu","3518":"ideo","3519":"ugad","3520":"ripc","3521":"ct\u00f2r","3522":" > ","3523":"acar","3524":"usua","3525":"onde","3526":"rtal","3527":"uada","3528":"mula","3529":" geo","3530":" km ","3531":"em\u00e0t","3532":" ene","3533":"edar","3534":"exer","3535":"dore","3536":"mata","3537":"meva","3538":"imin","3539":"game","3540":"odis","3541":"tale","3542":"iors","3543":"ugui","3544":" lon","3545":"imar","3546":"egoc","3547":"uera","3548":"anun","3549":"bem ","3550":"ovim","3551":"uis ","3552":"rlan","3553":"insc","3554":"ocio","3555":" sum","3556":"toth","3557":" dij","3558":"rabl","3559":" cav","3560":"gust","3561":"teat","3562":" bos","3563":"ci\ufffd ","3564":"ormi","3565":"fred","3566":"oure","3567":"mor ","3568":"xerc","3569":"orci","3570":"ranq","3571":"goci","3572":"mas ","3573":"icin","3574":"stiq","3575":"cull","3576":"onvi","3577":"adel","3578":"deli","3579":"egid","3580":"llir","3581":"cnol","3582":"iem ","3583":" esm","3584":"oest","3585":"guen","3586":"mone","3587":"llum","3588":"cort","3589":"lota","3590":" jud","3591":"salv","3592":"ste ","3593":"usic","3594":" eu ","3595":" ina","3596":"rtis","3597":"pedi","3598":" fed","3599":"isio","3600":"\u00e7ame","3601":"oven","3602":"acul","3603":"ross","3604":"ipat","3605":"vera","3606":"ntur","3607":"cut ","3608":"ofit","3609":"urge","3610":"teva","3611":" s\u00e8r","3612":"rome","3613":"egit","3614":"dijo","3615":"r\u00f2pi","3616":"cale","3617":"iron","3618":"scon","3619":"cari","3620":"sic ","3621":"locs","3622":"rras","3623":"rand","3624":"mble","3625":"eja ","3626":"elli","3627":"pau ","3628":"it\u00e0n","3629":"sols","3630":" dai","3631":"ume ","3632":"nto ","3633":"caso","3634":"jous","3635":"acto","3636":"nflu","3637":"tact","3638":"otel","3639":"olin","3640":"agen","3641":"nsis","3642":"ar\u00e7a","3643":"ejar","3644":"alal","3645":"at\u00f2r","3646":"ardo","3647":" mob","3648":"rana","3649":"nota","3650":"ext ","3651":"ijou","3652":"sass","3653":"\u00e8xit","3654":" rib","3655":"rgon","3656":"urac","3657":"cam\u00ed","3658":" roc","3659":"gori","3660":"gnif","3661":" b ","3662":"leid","3663":"dic ","3664":"dio ","3665":"zant","3666":" lil","3667":"pr\u00f2p","3668":"ribe","3669":"ibui","3670":"plia","3671":"ent\u00ed","3672":"intr","3673":"osto","3674":"man ","3675":"oto ","3676":"stiv","3677":"pote","3678":"ngre","3679":"olun","3680":"s\u00e8ri","3681":" dub","3682":"rit\u00e0","3683":"mig ","3684":" poe","3685":"rtin","3686":"nolo","3687":"eida","3688":" fi ","3689":" fru","3690":"imal","3691":"odes","3692":"impu","3693":"u\u00eds ","3694":"\u00e8ric","3695":"prox","3696":"lunt","3697":"vir ","3698":"lter","3699":"urba","3700":"togr","3701":"iatg","3702":"rgia","3703":"ier ","3704":"rear","3705":"ndac","3706":" sus","3707":"nger","3708":"rvir","3709":"ntri","3710":"xtre","3711":"terv","3712":"enin","3713":"rdia","3714":"ossa","3715":"col\u00f2","3716":"ript","3717":"eden","3718":"r\u00edti","3719":"tena","3720":"fugi","3721":"inut","3722":"risc","3723":" dag","3724":"rreu","3725":" sat","3726":"omte","3727":"secr","3728":"onne","3729":" fig","3730":"ndon","3731":"obte","3732":"dact","3733":"sora","3734":"bes ","3735":"rban","3736":" jur","3737":"gu\u00e9s","3738":"odeu","3739":"fert","3740":"esar","3741":"lber","3742":"lill","3743":"ruit","3744":" net","3745":"onso","3746":"pta ","3747":"usca","3748":"ened","3749":"stio","3750":"cc\u00e9s","3751":"ondu","3752":"bar\u00e7","3753":"rtei","3754":"rola","3755":"ebat","3756":" bro","3757":"vill","3758":"\u00e7at ","3759":"care","3760":"lgra","3761":"acad","3762":"burg","3763":"onor","3764":"aume","3765":"tse ","3766":"vinc","3767":" plu","3768":"fisc","3769":"bibl","3770":" hon","3771":"etic","3772":"essu","3773":"ncur","3774":"malg","3775":"nega","3776":"anen","3777":"tars","3778":"sser","3779":"deba","3780":"van\u00e7","3781":"magi","3782":"epta","3783":"cisi","3784":"ngue","3785":"ampo","3786":" jau","3787":" r ","3788":"rosa","3789":"atra","3790":"depa","3791":"porc","3792":"ordr","3793":"sual","3794":"mbra","3795":"sabi","3796":"ogr\u00e0","3797":"unte","3798":"tbol","3799":"con ","3800":"rnet","3801":"conn","3802":" inn","3803":"xim ","3804":" oct","3805":" bre","3806":"bten","3807":"d\u00e8mi","3808":" tru","3809":"incr","3810":" bib","3811":"enc ","3812":"ove ","3813":"nati","3814":"dine","3815":"ovar","3816":"ruir","3817":"cces","3818":"com\u00fa","3819":"reia","3820":"icci","3821":"oced","3822":"mer\u00e7","3823":"lide","3824":"rovo","3825":"obse","3826":"acc\u00e9","3827":"om\u00fa ","3828":"pcio","3829":"nsol","3830":" nas","3831":"leg ","3832":"ueri","3833":"ic\u00e0 ","3834":" sou","3835":"rga ","3836":" das","3837":"laca","3838":"tare","3839":"cesa","3840":" p\u00e0g","3841":"busc","3842":"rds ","3843":"adar","3844":"fem ","3845":"set ","3846":"lare","3847":"sure","3848":"fami","3849":"lano","3850":"rdan","3851":"algr","3852":"\u00e8rci","3853":" tir","3854":"icie","3855":"icen","3856":"ssad","3857":"hote","3858":"aba ","3859":"dori","3860":"ibli","3861":"oli ","3862":"g\u00fces","3863":"mall","3864":"alma","3865":"aix ","3866":"eri\u00e8","3867":"tula","3868":"perc","3869":" b\u00e0s","3870":"\u00e0gin","3871":"reny","3872":"arde","3873":"ruta","3874":"ton ","3875":"sabl","3876":"occi","3877":"dobl","3878":"p\u00e0gi","3879":"ri\u00e8n","3880":" abr","3881":"uat ","3882":"rven","3883":"\u00fc\u00e8nc","3884":"nspo","3885":"\u00e0lia","3886":"ntem","3887":"lins","3888":"xter","3889":"ntme","3890":"q\u00fc\u00e8n","3891":"asi ","3892":"isco","3893":"reli","3894":"lics","3895":"blio","3896":"eb\u00e9 ","3897":"menj","3898":"clus","3899":"alad","3900":" ton","3901":"lert","3902":"mals","3903":"roxi","3904":"leu ","3905":"oler","3906":"rici","3907":"afor","3908":"basa","3909":"sse ","3910":"mist","3911":"lict","3912":"\u00fces ","3913":"exec","3914":"alau","3915":"nfin","3916":" cie","3917":"uida","3918":"\u00e8ria","3919":"pene","3920":"rlo ","3921":" cov","3922":"gun ","3923":"grac","3924":"indu","3925":"pena","3926":"caix","3927":"eq\u00fc\u00e8","3928":"ex\u00e8r","3929":"edra","3930":"cie ","3931":"lle ","3932":"ssss","3933":"leix","3934":"x\u00e8rc","3935":"igur","3936":"\u00edtiq","3937":"rror","3938":"xecu","3939":"nell","3940":"oda ","3941":" arg","3942":"eaci","3943":" neu","3944":"ndid","3945":"uart","3946":"cede","3947":"plem","3948":"egor","3949":"vado","3950":"rein","3951":"reb\u00e9","3952":"fita","3953":"iten","3954":"ctad","3955":"s\u00e8nc","3956":"xtra","3957":"oxim","3958":"nibl","3959":"tin ","3960":"enso","3961":"lori","3962":"nien","3963":"but ","3964":"\u00e7ada","3965":" v ","3966":" le ","3967":"gony","3968":" pai","3969":"espl","3970":"deur","3971":"gita","3972":"esis","3973":"onqu","3974":"jaum","3975":"dele","3976":"etot","3977":"ldes","3978":"laut","3979":"lou ","3980":"albe","3981":"rsa ","3982":" cit","3983":"atja","3984":" rad","3985":" ela","3986":"recl","3987":"alea","3988":"ang ","3989":"sost","3990":"oten","3991":"infe","3992":"ticu","3993":"aman","3994":"dats","3995":"futb","3996":"udir","3997":"ovac","3998":"rits","3999":"ucto","4000":"enie","4001":"sum ","4002":"tian","4003":"eien","4004":"limp","4005":"ulad","4006":"acol","4007":"fiqu","4008":"tzen","4009":"utbo","4010":"ubst","4011":"blir","4012":"ict\u00f2","4013":"clim","4014":"tmen","4015":"pont","4016":"cat\u00f2","4017":"alg\u00fa","4018":"rou ","4019":"ili ","4020":"mero","4021":"ixi ","4022":"rtun","4023":"rine","4024":"rrot","4025":"teca","4026":" arq","4027":"\u00f2pia","4028":"bros","4029":"dand","4030":"llev","4031":"oran","4032":"abat","4033":"ecer","4034":"sold","4035":"aden","4036":"ixo ","4037":"ollo","4038":" pir","4039":" put","4040":"riod","4041":"ovoc","4042":"inno","4043":" rac","4044":"eial","4045":"casi","4046":" iii","4047":"cado","4048":"impa","4049":"reat","4050":"brit","4051":"risi","4052":"abel","4053":"n\u00e0ri","4054":"oces","4055":"igat","4056":"cobe","4057":"ust\u00ed","4058":"spar","4059":"anad","4060":"vada","4061":"jans","4062":"oncu","4063":" in ","4064":" xvi","4065":"nyad","4066":"elig","4067":"udar","4068":"er\u00e7 ","4069":"acle","4070":"prou","4071":"rimi","4072":"\u00fcest","4073":"lequ","4074":"tis ","4075":"ndem","4076":" n\u00fam","4077":"opi ","4078":"uine","4079":"ndo ","4080":"isla","4081":"pica","4082":"cass","4083":"terp","4084":"refl","4085":"acil","4086":"bata","4087":"ivin","4088":"rrel","4089":"lla\u00e7","4090":"anet","4091":"iqui","4092":"tuar","4093":"rrad","4094":"zen ","4095":"sera","4096":"efle","4097":"fact","4098":" sil","4099":" lav","4100":"\u00e9ixe","4101":"adas","4102":"ters","4103":"usti","4104":"ssup","4105":"ioni","4106":"esp\u00e8","4107":"ipac","4108":"mbit","4109":"itul","4110":"inam","4111":"nyal","4112":"onya","4113":"egan","4114":"q\u00fces","4115":"mpio","4116":"ptat","4117":" sam","4118":"nyat","4119":"frui","4120":"cepc","4121":"rns ","4122":"forc","4123":" ing","4124":"denc","4125":" ric","4126":"reda","4127":"sepa","4128":"etin","4129":"c\u00e8s ","4130":"uill","4131":"treu","4132":"lleu","4133":" ada","4134":"ligi","4135":"epci","4136":"tara","4137":"luns","4138":"cio ","4139":" bio","4140":" eli","4141":"can\u00e7","4142":"nas ","4143":"iren","4144":" amo","4145":"rtif","4146":"ncid","4147":"li\u00e0 ","4148":"ntif","4149":"giro","4150":"arxi","4151":"dran","4152":"uet ","4153":"jat ","4154":" tom","4155":"teor","4156":"ado ","4157":"fegi","4158":"sap ","4159":"vor ","4160":" pog","4161":"enom","4162":"berg","4163":" cro","4164":"sole","4165":"bser","4166":"magn","4167":"\u00e0mbi","4168":"r\u00e0ti","4169":"itut","4170":"obat","4171":"vene","4172":"\u00e0pid","4173":"ecut","4174":"ngle","4175":"difu","4176":"atem","4177":"radu","4178":"rnes","4179":"mara","4180":" leq","4181":" ala","4182":" dau","4183":"rtur","4184":"rt\u00ed ","4185":"mis ","4186":" fus","4187":"soll","4188":"sava","4189":" pic","4190":"parr","4191":"joc ","4192":"lan\u00e7","4193":" bes","4194":"sem ","4195":"iati","4196":"mil ","4197":"aur\u00e0","4198":"erin","4199":"sfer","4200":"gr\u00e9s","4201":"inta","4202":"tuni","4203":"ansa","4204":"lu\u00eds","4205":"ireb","4206":"iodi","4207":"obad","4208":"cabe","4209":"losa","4210":"irad","4211":"matr","4212":"ulle","4213":"podi","4214":"crid","4215":"breg","4216":" r\u00e0p","4217":"unal","4218":" tr\u00e0","4219":"mell","4220":"rri ","4221":"eris","4222":"ugar","4223":"lart","4224":"sumi","4225":" q\u00fce","4226":" lib","4227":"pist","4228":"bit ","4229":" bom","4230":"nens","4231":"copa","4232":"ing\u00fa","4233":"scan","4234":"puja","4235":"ron ","4236":"edor","4237":"dign","4238":" emb","4239":"surt","4240":"l\u00fas ","4241":" d\u00e9u","4242":"prat","4243":"inau","4244":" alm","4245":"duei","4246":"carn","4247":"gido","4248":"esc ","4249":"quir","4250":"uadr","4251":"odui","4252":"erg\u00e8","4253":"pen ","4254":" vi ","4255":"\u00ednci","4256":"opeu","4257":"seq\u00fc","4258":"tu\u00eft","4259":"p\u00e8ci","4260":"lg\u00fa ","4261":"amon","4262":"nfro","4263":"xat ","4264":"haha","4265":" teo","4266":"pogu","4267":"reur","4268":"reno","4269":"idei","4270":"quem","4271":" vas","4272":"emon","4273":"card","4274":"rlos","4275":"sina","4276":"rov\u00ed","4277":"conq","4278":"rose","4279":" vac","4280":"dito","4281":"esit","4282":"opin","4283":"nuts","4284":"cora","4285":"erm\u00e0","4286":"pleg","4287":"ov\u00edn","4288":"erc ","4289":"dorm","4290":"liot","4291":"ders","4292":"llu\u00ed","4293":"alba","4294":"v\u00ednc","4295":"m\u00edni","4296":"equa","4297":" ci\u00e8","4298":"levi","4299":"espi","4300":"flex","4301":"fres","4302":"ergo","4303":"rcul","4304":"ng\u00fa ","4305":"marg","4306":"alif","4307":"pr\u00edn","4308":"nlla","4309":"r\u00ednc","4310":"rems","4311":"pref","4312":"elab","4313":"rebe","4314":" asp","4315":"ecs ","4316":"ndum","4317":"\u00edlie","4318":" sa ","4319":" jut","4320":"slla","4321":"here","4322":"sp\u00e8c","4323":"eni ","4324":"retr","4325":"dubt","4326":" vag","4327":"\u00ednce","4328":"pari","4329":"nuar","4330":"ngel","4331":"asqu","4332":"\u00e8cie","4333":"ostu","4334":"cr\u00edt","4335":"fall","4336":"arr\u00f2","4337":" m\u00e0 ","4338":"fona","4339":"opea","4340":" gro","4341":"rten","4342":" duc","4343":"moto","4344":" bol","4345":" oli","4346":" exa","4347":"jaja","4348":"gats","4349":"ecul","4350":"dite","4351":" fit","4352":"ssic","4353":"ansi","4354":"amun","4355":"irat","4356":"xplo","4357":"ugur","4358":"igra","4359":"lesg","4360":"utac","4361":"mbar","4362":"spre","4363":"ivat","4364":"ears","4365":"ter\u00ed","4366":"sifi","4367":"ssem","4368":"llin","4369":"vine","4370":"aero","4371":"eriv","4372":"garr","4373":"liat","4374":" noi","4375":"gine","4376":"niu ","4377":"noms","4378":"ader","4379":"ifus","4380":"rat\u00e8","4381":"iorm","4382":"ngud","4383":"adap","4384":"naug","4385":"tr\u00f2n","4386":"at\u00e8g","4387":"modi","4388":"oci\u00f3","4389":"ulsa","4390":"requ","4391":" ris","4392":"inqu","4393":"bric","4394":"uim ","4395":"atis","4396":"tesa","4397":"oner","4398":"urt ","4399":"dapt","4400":"oll ","4401":"ovel","4402":"t\u00e8gi","4403":"f\u00edsi","4404":"omet","4405":"rmad","4406":"clie","4407":"cena","4408":"neta","4409":"mpul","4410":"\u00e0rea","4411":" occ","4412":"olis","4413":" m\u00edn","4414":"osad","4415":"ateg","4416":"erfe","4417":"can ","4418":"vivi","4419":"vos ","4420":"imag","4421":"poni","4422":"pila","4423":"bici","4424":"don ","4425":"rcad","4426":" eix","4427":"aps ","4428":"er\u00eds","4429":"nual","4430":"onav","4431":"denu","4432":" dap","4433":"n\u00e7am","4434":"rima","4435":"san ","4436":"irse","4437":"nsit","4438":"uram","4439":"rm\u00e0 ","4440":" d\u00f3n","4441":"ell\u00e0","4442":"\u00e0cte","4443":"entm","4444":"d\u00e9u ","4445":"l\u00f2ni","4446":"anua","4447":"bina","4448":"laus","4449":"dara","4450":"dacc","4451":"sors","4452":"gend","4453":"gell","4454":"trum","4455":"gre ","4456":" vig","4457":" dra","4458":"ing\u00fc","4459":"pra ","4460":" aga","4461":"erdu","4462":"ingr","4463":"bisb","4464":"tua ","4465":" usu","4466":"maga","4467":"call","4468":"digi","4469":"semi","4470":"\u00efns ","4471":"pea ","4472":" lop","4473":"emin","4474":"gim ","4475":"ar\u00e0c","4476":"ort\u00e0","4477":"ires","4478":"sid\u00e8","4479":"dale","4480":"vind","4481":" req","4482":"orab","4483":"rasl","4484":"manu","4485":"gion","4486":"ixat","4487":"asll","4488":"escl","4489":"agre","4490":"ilan","4491":"fes ","4492":"t\u00e8ri","4493":"ram ","4494":"rtad","4495":"abso","4496":"gall","4497":"\u00ednim","4498":"ssi ","4499":"ramo","4500":"tru\u00ef","4501":" esg","4502":"scin","4503":"ndus","4504":"sit ","4505":"ngu\u00e9","4506":" fla","4507":"orce","4508":"lege","4509":"tecc","4510":" rut","4511":"etor","4512":"nc\u00e8s","4513":"erde","4514":"olon","4515":"otog","4516":"acs ","4517":" pit","4518":"igad","4519":"enri","4520":" \u00e8xi","4521":"ra\u00f3 ","4522":"llob","4523":"apel","4524":"jana","4525":"ast ","4526":"feu ","4527":"dada","4528":" xin","4529":"acos","4530":"manc","4531":"nyer","4532":"rict","4533":"nt\u00edf","4534":" vie","4535":"nche","4536":"insu","4537":" f\u00eds","4538":"enem","4539":" cr\u00ed","4540":"rsar","4541":"guim","4542":"imec","4543":"onit","4544":"llid","4545":"tapa","4546":" dev","4547":"vidi","4548":" hol","4549":"d\u00f3na","4550":"ncan","4551":"scom","4552":"adur","4553":"cusa","4554":"nnov","4555":"aust","4556":"tlle","4557":" sta","4558":"eniu","4559":" mei","4560":"eat ","4561":"odi ","4562":"sind","4563":"tem\u00e0","4564":"edi ","4565":"greg","4566":"greu","4567":"st\u00edc","4568":"cep ","4569":"itad","4570":"itec","4571":"ptor","4572":"davi","4573":"jocs","4574":"cel ","4575":"nsfo","4576":"boni","4577":"olum","4578":"egen","4579":"rics","4580":"lde ","4581":"tago","4582":"\u00edssi","4583":"vess","4584":"dima","4585":"enfr","4586":"dum ","4587":"capt","4588":"enga","4589":" di\u00e0","4590":"tas ","4591":"llog","4592":"t\u00edfi","4593":"\u00f3na ","4594":"daco","4595":"ixis","4596":"igut","4597":" bis","4598":"camb","4599":"rva ","4600":"ovis","4601":"tj\u00e0 ","4602":"rom\u00e0","4603":"erdr","4604":" feu","4605":"ndra","4606":"ples","4607":"tro ","4608":"ties","4609":"aves","4610":" \u00fas ","4611":"bade","4612":"bal ","4613":"bomb","4614":"saci","4615":" pr\u00ed","4616":"dust","4617":"culp","4618":"tuad","4619":"oteg","4620":" ull","4621":"obab","4622":"e\u00efns","4623":"secu","4624":"nsio","4625":"rrag","4626":"dinf","4627":"i\u00f3s ","4628":"iura","4629":"avis","4630":"avar","4631":" bur","4632":"dass","4633":"ocas","4634":"ctr\u00f2","4635":"roda","4636":" psi","4637":" age","4638":"ssas","4639":" aud","4640":"oliv","4641":"aben","4642":"egio","4643":"repe","4644":"orqu","4645":"quei","4646":"imad","4647":"talm","4648":"erpr","4649":"marq","4650":"jame","4651":"nci ","4652":"gers","4653":"devi","4654":"tuat","4655":"mecr","4656":"cad\u00e8","4657":"cotx","4658":" erc","4659":"borr","4660":"orto","4661":"dict","4662":"erid","4663":"otxe","4664":"alac","4665":"sorp","4666":"udit","4667":"case","4668":"etge","4669":"anc\u00e8","4670":"tego","4671":"mte ","4672":"gl\u00e8s","4673":"sco ","4674":"past","4675":"lobj","4676":"onfl","4677":" ets","4678":"dur ","4679":"bone","4680":"tana","4681":"dea ","4682":"assu","4683":"ello","4684":"ertu","4685":"date","4686":"guil","4687":"dabr","4688":"guem","4689":"cr\u00e0c","4690":"egei","4691":"ol\u00e8n","4692":"agat","4693":"iler","4694":"mbol","4695":"tter","4696":"abad","4697":"vier","4698":"mino","4699":" apu","4700":"vulg","4701":"nefi","4702":"aces","4703":" veh","4704":"degu","4705":"scla","4706":"tore","4707":"ivad","4708":"nga ","4709":"ndiv","4710":"njar","4711":"bel ","4712":"ratg","4713":"inem","4714":" dha","4715":" heu","4716":"lace","4717":"goni","4718":" ave","4719":"cr\u00e0t","4720":"\u00e0ssi","4721":"cuti","4722":"scos","4723":"ian ","4724":"tamp","4725":"mali","4726":"ncam","4727":"n\u00fame","4728":"rsio","4729":"tros","4730":"vull","4731":" f\u00e0c","4732":"sade","4733":"apun","4734":"ico ","4735":"atio","4736":"l\u00e8ct","4737":"aci\ufffd","4738":" nuc","4739":"migr","4740":"refu","4741":"gens","4742":"f\u00e0ci","4743":"ngr\u00e9","4744":"lons","4745":"rroc","4746":" lus","4747":"\u00e0cil","4748":"mbat","4749":"grav","4750":"vidu","4751":"ambr","4752":"dreu","4753":"ever","4754":" fab","4755":"tjar","4756":"ntia","4757":"piri","4758":"r\u00f2xi","4759":"mos ","4760":"amat","4761":" opi","4762":"ips ","4763":"ipto","4764":"iol\u00e8","4765":"mila","4766":"ehic","4767":"tism","4768":"m\u00eds ","4769":"rt\u00e0n","4770":" fix","4771":"eita","4772":"pini","4773":"rg\u00e8n","4774":" ane","4775":"opci","4776":"m\u00e8ri","4777":"vehi","4778":"itj\u00e0","4779":" cl\u00e0","4780":"nyia","4781":"arci","4782":"suma","4783":"lacc","4784":"all\u00e0","4785":"opta","4786":"poll","4787":"enam","4788":"nars","4789":"coop","4790":" peu","4791":"lisi","4792":" agu","4793":"dago","4794":" cod","4795":"pr\u00f2x","4796":"orpr","4797":"emor","4798":"bsta","4799":" foc","4800":" emi","4801":"atro","4802":"emsa","4803":" ve ","4804":"aut\u00f2","4805":"heu ","4806":"odif","4807":"hono","4808":"bara","4809":"bran","4810":"enef","4811":"yia ","4812":"acus","4813":"ugue","4814":"res\u00f3","4815":"arxe","4816":"gast","4817":"odr\u00e0","4818":"ntim","4819":"nvis","4820":" tax","4821":"ngl\u00e8","4822":"oord","4823":"es\u00f3 ","4824":"gies","4825":"spla","4826":"yat ","4827":"\u00f2xim","4828":" gos","4829":"gur ","4830":"cuin","4831":"tolo","4832":"guia","4833":"xcep","4834":"\u00efda ","4835":"omta","4836":"fil ","4837":"afir","4838":"iosa","4839":"\u00famer","4840":"cape","4841":"niti","4842":"alat","4843":" urg","4844":"argu","4845":" pp ","4846":"eros","4847":"gude","4848":"ueu ","4849":"onda","4850":"anel","4851":"ricu","4852":"bitu","4853":"c\u00edfi","4854":"n\u00e7at","4855":"excl","4856":"cule","4857":"ecen","4858":"ndat","4859":"abra","4860":"nt\u00e9 ","4861":"trod","4862":"tacl","4863":"cerv","4864":"eram","4865":"fase","4866":"res\u00e8","4867":"rate","4868":"b\u00e0si","4869":"ledi","4870":"tlla","4871":" glo","4872":"evan","4873":"es\u00e8n","4874":"reca","4875":"viru","4876":"rata","4877":"eras","4878":"llot","4879":"diue","4880":"letr","4881":"canc","4882":"intu","4883":"ibun","4884":"nucl","4885":"otac","4886":"acia","4887":"tzan","4888":"esap","4889":"\u00edsic","4890":"aram","4891":"alam","4892":"fric","4893":"elim","4894":"erop","4895":"cor ","4896":"moss","4897":"oncr","4898":"sou ","4899":"ids ","4900":" s\u00e9 ","4901":" atu","4902":"rces","4903":" usa","4904":"\u00e8ndu","4905":"inye","4906":"prar","4907":"\u00f2rie","4908":"nete","4909":" lel","4910":"r\u00e8nd","4911":"nseq","4912":"tims","4913":"irus","4914":"plac","4915":"rio ","4916":" adv","4917":"viu ","4918":"cesc","4919":"oben","4920":"icol","4921":"vege","4922":"babl","4923":"rfec","4924":"avel","4925":"nfir","4926":"onib","4927":"sim ","4928":" f ","4929":" lha","4930":"made","4931":" rus","4932":"eril","4933":"demn","4934":"imme","4935":" mel","4936":"igar","4937":"oope","4938":"tode","4939":"ncat","4940":"lani","4941":"gol ","4942":"coor","4943":" ein","4944":"el\u00e8c","4945":"\u00e8ctr","4946":"evid","4947":"rdon","4948":"far\u00e0","4949":"irem","4950":"zats","4951":" tol","4952":"treg","4953":"ancs","4954":"aspe","4955":"egi ","4956":"titz","4957":"mbro","4958":"adop","4959":"osen","4960":"esig","4961":" oca","4962":"al\u00e7a","4963":"nvid","4964":"rter","4965":"i\u00f3n ","4966":"bosc","4967":"ombi","4968":"oci ","4969":"ferm","4970":"repo","4971":"buna","4972":"stum","4973":"mura","4974":"russ","4975":"hola","4976":"xant","4977":"dequ","4978":"exig","4979":" sag","4980":"riet","4981":"nua ","4982":"yor ","4983":"cl\u00e0s","4984":"feix","4985":"imil","4986":"hicl","4987":" g\u00e8n","4988":"rxes","4989":"uigd","4990":"ulat","4991":"rcio","4992":"pred","4993":"all\u00f2","4994":"saba","4995":"ist\u00e0","4996":"ian\u00e7","4997":"otor","4998":"lea ","4999":"bsol"}}