{"ces":{"0":" a ","1":"<num","2":"num>","3":" v ","4":" <nu","5":"um> ","6":" se ","7":" na ","8":" pro","9":" je ","10":" to ","11":" tak","12":" p\u0159e","13":"\u00fdch ","14":"en\u00ed ","15":" s ","16":" jak","17":"kter","18":" z ","19":" byl","20":" kte","21":" \u017ee ","22":"\u00e9ho ","23":" do ","24":" pod","25":"\u00edch ","26":" ale","27":" p\u0159i","28":" i ","29":"ale ","30":" o ","31":" si ","32":"sem ","33":"nost","34":"tak ","35":" nej","36":" jed","37":"\u00e1n\u00ed ","38":"pro ","39":"jsem","40":" neb","41":" p\u0159\u00ed","42":" jse","43":" sta","44":"uje ","45":"nou ","46":"jako","47":" roz","48":"sti ","49":" ve ","50":" kdy","51":" pra","52":" za ","53":" k ","54":"p\u0159ed","55":" spo","56":"n\u00edm ","57":"ov\u00e9 ","58":"ako ","59":"jedn","60":"prav","61":"sou ","62":"vat ","63":" bud","64":" pos","65":"jsou","66":"ost ","67":"sk\u00e9 ","68":"ice ","69":" kon","70":"osti","71":"ov\u00e1n","72":"stav","73":"oval","74":" po ","75":" jso","76":" co ","77":"ovat","78":" od ","79":"kou ","80":" sou","81":"ala ","82":"ech ","83":"vn\u00ed ","84":"\u00edho ","85":"nebo","86":"dn\u00ed ","87":"jak ","88":"prot","89":" dob","90":" vel","91":"n\u00edch","92":"byl ","93":" str","94":" n\u011bk","95":"n\u00fdch","96":"ebo ","97":"pros","98":"ter\u00e9","99":" let","100":"v\u00e1n\u00ed","101":" nem","102":"klad","103":" rok","104":"ter\u00fd","105":"ick\u00e9","106":" by ","107":" jen","108":"\u00e1ln\u00ed","109":"tn\u00ed ","110":"rost","111":"aj\u00ed ","112":"k\u00e9ho","113":"eho ","114":"jen ","115":"bude","116":"tick","117":"osta","118":"ln\u00ed ","119":"v\u00fdch","120":"ace ","121":" u\u017e ","122":"hodn","123":"er\u00e9 ","124":"roce","125":"k\u00fdch","126":" nap","127":" ze ","128":"stra","129":" pol","130":" nov","131":"vou ","132":" pot","133":" pok","134":" u ","135":"edno","136":"kdy\u017e","137":"dy\u017e ","138":" jeh","139":"ila ","140":" dos","141":" v\u0161e","142":"oce ","143":"jeho","144":"ck\u00e9 ","145":" dal","146":"n\u00edho","147":" m\u011bs","148":"m\u011bst","149":" jej","150":"oku ","151":" mi ","152":" tom","153":"ovan","154":" ten","155":"spol","156":" cel","157":"ude ","158":" lid","159":"sled","160":"val ","161":"j\u00edc\u00ed","162":"pr\u00e1v","163":"yla ","164":"byla","165":" nen","166":" roc","167":"er\u00fd ","168":" pou","169":"last","170":"ov\u00e1 ","171":"chod","172":"p\u0159es","173":" toh","174":"ick\u00fd","175":"st\u0159e","176":" nev","177":"dost","178":"oho ","179":"\u010desk","180":" dne","181":"st\u00ed ","182":" st\u00e1","183":" pr\u00e1","184":"atel","185":"ak\u00e9 ","186":" nep","187":" \u010des","188":" hla","189":" poz","190":"roku","191":"ich ","192":"sto ","193":"stup","194":" prv","195":"tech","196":"tv\u00ed ","197":"ali ","198":" kom","199":"dle ","200":"nce ","201":"kem ","202":"\u010dn\u00ed ","203":"ena ","204":"bylo","205":"echn","206":"\u00edc\u00ed ","207":" m\u00e1 ","208":"stal","209":"iny ","210":" jin","211":"ylo ","212":"n\u00e9ho","213":"\u0161t\u011b ","214":" vys","215":"kdy ","216":"\u011bj\u0161\u00ed","217":"ete ","218":"stat","219":"odn\u00ed","220":"m\u00edst","221":"sk\u00fd ","222":" m\u011bl","223":"roto","224":" j\u00e1 ","225":"ov\u00fd ","226":" hod","227":"pole","228":"nech","229":" vla","230":"m\u016f\u017ee","231":" kol","232":"mysl","233":"pak ","234":" a\u017e ","235":"hlav","236":"stv\u00ed","237":"uj\u00ed ","238":" zas","239":" slo","240":"den ","241":"lem ","242":"\u00fdmi ","243":"koli","244":"sv\u011bt","245":"t\u00edm ","246":"dal\u0161","247":" n\u00e1s","248":"al\u0161\u00ed","249":"tak\u00e9","250":"t\u0159eb","251":"ledn","252":" mez","253":"dn\u011b ","254":"bych","255":" bez","256":"prvn","257":" m\u016f\u017e","258":"hled","259":"ln\u011b ","260":"\u011bn\u00ed ","261":" min","262":" sto","263":"mezi","264":" aby","265":"post","266":"hle ","267":"kdo ","268":"dou ","269":" sv\u00e9","270":"sk\u00e9h","271":"rvn\u00ed","272":"ch\u00e1z","273":"ych ","274":" nec","275":"itel","276":"ili ","277":" dru","278":" nic","279":"j\u0161\u00ed ","280":"ina ","281":"astn","282":"ov\u00fdc","283":" dom","284":"slov","285":" nez","286":"edn\u00ed","287":" sv\u011b","288":" m\u00eds","289":" dop","290":" kr\u00e1","291":" pom","292":"en\u00e9 ","293":"v\u011bt\u0161","294":"stan","295":"toho","296":"\u010d\u00e1st","297":"alo ","298":"stro","299":" mus","300":" zem","301":"t\u0159ed","302":" sam","303":"oto ","304":"\u00e1ch ","305":"podl","306":"v\u0161ec","307":"druh","308":"sk\u00e1 ","309":"kde ","310":" ned","311":"\u0161ech","312":"ani ","313":" par","314":"odpo","315":"eme ","316":" pak","317":"posl","318":" nad","319":"znam","320":"ter\u00e1","321":"ela ","322":" m\u011b ","323":"nen\u00ed","324":"ady ","325":"ste ","326":" poh","327":"v\u00e9ho","328":"odle","329":"eden","330":"tel ","331":" za\u010d","332":"n\u00fdm ","333":" pov","334":"mo\u017en","335":"star","336":" nes","337":"dnes","338":" asi","339":"lavn","340":"vlas","341":"tele","342":"velk","343":"p\u0159i ","344":"ac\u00ed ","345":"xxxx","346":"er\u00e1 ","347":" mno","348":" z\u00e1k","349":"akov","350":" pre","351":"prod","352":"vate","353":" ste","354":"e\u0161t\u011b","355":" mil","356":" tra","357":" pla","358":" ty ","359":"prac","360":" aut","361":" hra","362":" kde","363":" vid","364":"stn\u00ed","365":"form","366":" st\u0159","367":"tran","368":"dem ","369":" dok","370":" n\u011bj","371":"let ","372":" ani","373":" je\u0161","374":"je\u0161t","375":"ici ","376":" cen","377":"\u0161\u00edm ","378":" m\u00e1m","379":" ne\u017e","380":"aby ","381":"poku","382":"aci ","383":"nice","384":"isti","385":"asi ","386":" por","387":"olik","388":"sk\u00fdc","389":"cky ","390":"c\u00edch","391":" \u017eiv","392":" \u010das","393":"an\u00e9 ","394":"ten ","395":"ment","396":" pop","397":"sta ","398":"tem ","399":" moh","400":" mo\u017e","401":"ovin","402":"n\u011bj\u0161","403":"ska ","404":" byc","405":"ob\u011b ","406":"ne\u017e ","407":"sme ","408":"vali","409":"kud ","410":" vol","411":"ezi ","412":"ka\u017ed","413":"omu ","414":" v\u011bt","415":"le\u010dn","416":"prov","417":"b\u00fdt ","418":"chov","419":" v\u00edc","420":" nik","421":"odin","422":"tom ","423":"\u0159ed ","424":" maj","425":"ole\u010d","426":"\u00e9mu ","427":"nsk\u00e9","428":"jsme","429":"budo","430":" t\u0159e","431":"rovn","432":" b\u00fdt","433":"rem ","434":" ka\u017e","435":"ovou","436":"jich","437":"ova ","438":" po\u010d","439":"tova","440":" tam","441":" jsm","442":" obl","443":"isto","444":"aven","445":"nov\u00e9","446":"vl\u00e1d","447":"tek ","448":"m\u00e1m ","449":"opra","450":" \u010d\u00e1s","451":"zen\u00ed","452":"jde ","453":"eny ","454":"><nu","455":"ilo ","456":"um><","457":"m><n","458":"prob","459":"tejn","460":" na\u0161","461":" obc","462":" pan","463":"\u00e1le ","464":"okud","465":"auto","466":"konc","467":"kole","468":"\u00edky ","469":" vyp","470":"nem ","471":"roti","472":"uj\u00edc","473":"ensk","474":"tam ","475":"nejv","476":"plat","477":"pou\u017e","478":"tn\u011b ","479":"u\u017e\u00edv","480":"nes ","481":" \u010der","482":"st\u00e1t","483":"ojen","484":" ost","485":"k\u00fdm ","486":" zna","487":"ivot","488":"e\u010dno","489":"\u017eivo","490":"l\u0161\u00ed ","491":"rozh","492":" rad","493":"ohle","494":"tivn","495":"\u00edce ","496":"\u010dnos","497":"kov\u00e9","498":" mal","499":"stej","500":"vala","501":"d\u011bla","502":"\u010dn\u011b ","503":" kar","504":"poli","505":" n\u011bm","506":"out ","507":" kou","508":"lova","509":"ck\u00fd ","510":"ami ","511":"jeji","512":" odp","513":" sna","514":"hran","515":"oje ","516":" mat","517":"et\u00ed ","518":"dobr","519":"tky ","520":"odob","521":"\u011bla ","522":"nad ","523":" \u0161ko","524":"\u0161ak ","525":"v\u00e1m ","526":"hrad","527":"ejic","528":"st\u011b ","529":"o\u017ee ","530":"amen","531":"v\u0161ak","532":" moc","533":"adu ","534":"\u016f\u017ee ","535":"\u010den\u00ed","536":"n\u011bkd","537":" mar","538":"nic ","539":"zna\u010d","540":" nav","541":"rn\u00ed ","542":" kra","543":"mohl","544":"zn\u00e1m","545":"tako","546":"ento","547":" poc","548":"avn\u00ed","549":"stor","550":" den","551":"vede","552":" ji\u017e","553":"hodi","554":" int","555":"hem ","556":" svo","557":"\u0161\u00edch","558":"nky ","559":" rod","560":"p\u0159\u00edp","561":"te\u010dn","562":" ted","563":"ovn\u00ed","564":"nick","565":" t\u00edm","566":"aky ","567":" ho ","568":"inte","569":"k\u00e9m ","570":"\u016fvod","571":"ost\u00ed","572":" sku","573":"pod ","574":"v\u00edce","575":"lost","576":"vn\u011b ","577":"adn\u00ed","578":"rick","579":"oru ","580":"ivn\u00ed","581":" ne ","582":"p\u0159ip","583":"sku ","584":"en\u00e1 ","585":"\u00edme ","586":"h\u00e1z\u00ed","587":"dnou","588":" pat","589":" kam","590":"ele ","591":"n\u011bko","592":"nap\u0159","593":" stu","594":"dnot","595":"p\u016fso","596":"\u016fsob","597":"nova","598":"olog","599":" zde","600":"list","601":"moc ","602":"\u00e1z\u00ed ","603":"roje","604":"n\u011bja","605":"ody ","606":"slav","607":"o\u017een","608":" mys","609":"odu ","610":" cho","611":"dsta","612":"rodi","613":"ika ","614":"tou ","615":"\u011bjak","616":" pr\u016f","617":"\u00e1me ","618":"cent","619":" tu ","620":"oste","621":"esta","622":" bar","623":"logi","624":" slu","625":"eno ","626":"\u010dast","627":"sou\u010d","628":" ved","629":"ou\u017e\u00ed","630":"ovi ","631":"v\u00edm ","632":"stic","633":"rou ","634":"to\u017ee","635":"ava ","636":"mus\u00ed","637":" zah","638":" zaj","639":"podo","640":" chc","641":"p\u0159\u00eds","642":" hor","643":" obj","644":"bez ","645":"vaj\u00ed","646":"ov\u00e9h","647":"nout","648":"obje","649":" v\u0161a","650":"ozho","651":" d\u011bl","652":"0000","653":"dlou","654":"teln","655":"ot\u0159e","656":"ck\u00fdc","657":"vide","658":" jes","659":"osle","660":"acov","661":" fot","662":"\u0161kol","663":"ravi","664":"rova","665":"raco","666":"maj\u00ed","667":"ravd","668":"kone","669":"tent","670":"sv\u00e9 ","671":"nci ","672":"jej\u00ed","673":"lete","674":"oto\u017e","675":" v\u00fdr","676":" sch","677":"\u0159eds","678":"len\u00ed","679":"lik ","680":"aly ","681":"\u00edte ","682":"nejs","683":"\u0159edn","684":" fak","685":"pot\u0159","686":"en\u00fd ","687":"eba ","688":"iky ","689":"ana ","690":"yly ","691":"istr","692":"odn\u011b","693":"ov\u011b ","694":" mod","695":"lep\u0161","696":"\u011bji ","697":"byly","698":"\u0159en\u00ed","699":"van\u00e9","700":"kov\u00fd","701":"ogra","702":"once","703":"poje","704":" pri","705":"tal ","706":"jm\u00e9n","707":" skl","708":"tku ","709":"stli","710":"dova","711":"ck\u00e1 ","712":"n\u00e9m ","713":"vedl","714":"hou ","715":"\u00edmi ","716":"alit","717":"osob","718":"oti ","719":" vl\u00e1","720":"skou","721":"nikd","722":"v\u00fdm ","723":" nab","724":"stud","725":"stol","726":"dla ","727":" nas","728":"\u0161en\u00ed","729":"mini","730":" vod","731":"van\u00fd","732":"eli ","733":" n\u00e1m","734":"kraj","735":"mnoh","736":"inu ","737":"\u00e1kla","738":"velm","739":"pr\u00e1c","740":" man","741":"n\u00edk ","742":"stou","743":" des","744":"osto","745":"kov\u00e1","746":"dn\u00e9 ","747":"kova","748":"icky","749":"r\u00e1t ","750":"ej\u00ed ","751":"n\u00e1ro","752":"\u010dky ","753":" vyh","754":"nov\u00fd","755":"v\u00edc ","756":"samo","757":"jest","758":"jte ","759":"okol","760":"ad\u011b ","761":" vyd","762":"ory ","763":"elmi","764":"udou","765":"tomu","766":"zde ","767":"edy ","768":" fil","769":"esto","770":"louh","771":"lmi ","772":"chu ","773":"vodn","774":"i\u00e1ln","775":"rodn","776":"nist","777":"\u0159eba","778":"kost","779":"era ","780":"jede","781":"m\u011bl ","782":" obr","783":"chni","784":"uze ","785":"rych","786":"dob\u011b","787":"n\u00e1m ","788":"e\u0159\u00ed ","789":"ovsk","790":"ozd\u011b","791":"tra ","792":" zdr","793":" cha","794":"avy ","795":" oso","796":"\u00e1v\u00e1 ","797":" dis","798":" zap","799":"esk\u00e9","800":"cest","801":" tro","802":"olit","803":"en\u00edm","804":"ent ","805":"zhod","806":" tot","807":" ces","808":" ke ","809":" v\u00fds","810":"ity ","811":"bou ","812":" dlo","813":"chce","814":"ase ","815":"\u0159\u00edpa","816":"ji\u017e ","817":" v\u00e1m","818":"proc","819":"\u00edpad","820":"tole","821":" d\u011bt","822":" fra","823":"\u011bt\u0161\u00ed","824":"teri","825":"lky ","826":" neu","827":"olet","828":"dne ","829":" dvo","830":" po\u0159","831":"skup","832":" \u017e\u00e1d","833":"nsk\u00fd","834":"nepo","835":"ck\u00e9h","836":"te\u010f ","837":"taky","838":"zova","839":"dent","840":"tave","841":"ouze","842":"etec","843":"p\u0159ij","844":" vyt","845":" \u010di ","846":"let\u00ed","847":"ychl","848":"fakt","849":" kor","850":"aj\u00edc","851":" inf","852":"ost\u0159","853":" \u0159ek","854":"port","855":"n\u011bkt","856":"\u011bkte","857":"te\u0159\u00ed","858":"\u010dka ","859":" spr","860":" mu ","861":"vn\u00edm","862":" te\u010f","863":"anic","864":" vyb","865":"kte\u0159","866":" ti ","867":"poch","868":" kap","869":"n\u011bn\u00ed","870":"jist","871":"odno","872":"edna","873":"orma","874":"kr\u00e1t","875":"e\u010dn\u011b","876":"lad ","877":"\u00e1na ","878":" chy","879":"poru","880":"\u011bkol","881":"nter","882":"z\u00e1pa","883":"tvo\u0159","884":"proj","885":"nemo","886":"kon\u010d","887":"radi","888":"vit ","889":"tatn","890":"sk\u00e9m","891":"ktiv","892":"oven","893":"ily ","894":" dva","895":" cht","896":"obra","897":" rep","898":" ur\u010d","899":" m ","900":"trov","901":"ep\u0161\u00ed","902":"chno","903":"\u017een\u00ed","904":"cht\u011b","905":"tori","906":"nec ","907":"akti","908":" z\u00e1p","909":"\u011bli ","910":"ick\u00e1","911":"pat\u0159","912":"zem\u00ed","913":"nab\u00ed","914":"kr\u00e1l","915":"i\u0161t\u011b","916":"in\u011b ","917":"bec ","918":"kce ","919":"ostr","920":" zam","921":" sil","922":"hny ","923":"ubli","924":"hova","925":"rovo","926":"chny","927":" zpr","928":"nek ","929":"spoj","930":"st\u00e1l","931":" kli","932":"d\u011bji","933":"polu","934":"p\u0159\u00edk","935":"jn\u011b ","936":"ozna","937":" bra","938":" zn\u00e1","939":"padn","940":"lo\u017ee","941":"\u00e1te ","942":" d\u00edk","943":"rie ","944":"o\u0159\u00e1d","945":" zat","946":"love","947":"amer","948":" hol","949":"dn\u00edm","950":"ov\u00fdm","951":"polo","952":" no ","953":" v\u00fdz","954":" z\u00e1v","955":"nto ","956":"ci\u00e1l","957":"nov\u00e1","958":"n\u011bco","959":"stov","960":" sva","961":"a\u010dn\u00ed","962":"rani","963":"evro","964":"robl","965":"asti","966":" boh","967":"ever","968":"dat ","969":" met","970":" n\u011bc","971":"sn\u011b ","972":"ejn\u011b","973":"pomo","974":"pouz","975":"\u011bco ","976":"minu","977":"nka ","978":"dal ","979":"d\u00edky","980":"dit ","981":"vrop","982":"orov","983":" seb","984":"neby","985":"hlas","986":"edst","987":"lou ","988":"ov\u011bk","989":"race","990":" nac","991":" opr","992":"vole","993":"inou","994":" n\u00e1r","995":" fun","996":"sko ","997":"any ","998":"dobn","999":"pozd","1000":"lice","1001":"edn\u00e1","1002":"akt ","1003":"\u011bt\u0161i","1004":"estl","1005":"metr","1006":"\u00e1no ","1007":"fran","1008":" vzd","1009":"ebyl","1010":"r\u00e1vn","1011":"lat ","1012":"n\u00e1s ","1013":"ravo","1014":" sko","1015":"ole ","1016":"tli ","1017":"ostu","1018":"ence","1019":"asto","1020":"str\u00e1","1021":" nak","1022":" ele","1023":"kont","1024":"lekt","1025":"\u0159est","1026":" sv\u00fd","1027":"jste","1028":" ji ","1029":"\u00e1ln\u011b","1030":"komu","1031":"pln\u011b","1032":" n\u00e1z","1033":"\u0159\u00edze","1034":" v\u00e1l","1035":"stru","1036":"novi","1037":"mluv","1038":"publ","1039":" kdo","1040":"syst","1041":"lov\u011b","1042":"avu ","1043":"rn\u011b ","1044":"ocen","1045":"chop","1046":" obs","1047":"sky ","1048":"emi ","1049":" for","1050":"\u0159es ","1051":" ryc","1052":"\u00edzen","1053":"z\u00e1kl","1054":" jst","1055":" evr","1056":"\u00e1ny ","1057":"an\u00fd ","1058":"info","1059":"ladn","1060":"slou","1061":"st\u00e1v","1062":" d\u00e1l","1063":"vky ","1064":"tor ","1065":"pro\u010d","1066":" sys","1067":"v\u017edy","1068":"elek","1069":"udu ","1070":"prah","1071":" ta ","1072":" oby","1073":"oby ","1074":"el\u00e9 ","1075":"iden","1076":"oupi","1077":"\u00e1rod","1078":"nedo","1079":"\u010dasn","1080":"zahr","1081":"lika","1082":"ern\u00ed","1083":"anov","1084":" sla","1085":"dlo ","1086":"obil","1087":"sk\u00fdm","1088":"tit ","1089":"edin","1090":"nich","1091":"liti","1092":"d\u011bl\u00e1","1093":"tedy","1094":"uju ","1095":"osla","1096":"obla","1097":"jedi","1098":"kl\u00e1d","1099":" div","1100":"ro\u010d ","1101":"nut\u00ed","1102":"mati","1103":"i\u010dn\u00ed","1104":" zav","1105":"noho","1106":"chyb","1107":"u\u0161en","1108":"ener","1109":"\u0159\u00edkl","1110":"\u017e\u00edv\u00e1","1111":" vzn","1112":" kat","1113":"nem\u00e1","1114":"v\u00fdro","1115":"tov\u00e1","1116":"lidi","1117":"tka ","1118":"olu ","1119":"spor","1120":" v\u017ed","1121":"nejl","1122":" kla","1123":"koup","1124":"obl\u00e9","1125":"\u00edkla","1126":"erou","1127":"st\u00e9m","1128":"dpov","1129":"mode","1130":"\u00e1pad","1131":"veli","1132":"t\u0161in","1133":"ozen","1134":"rove","1135":"id\u00ed ","1136":"znik","1137":"nach","1138":"gram","1139":"blas","1140":"aha ","1141":"nit ","1142":"dn\u00edc","1143":"izac","1144":"t\u0161\u00ed ","1145":"dil ","1146":"d\u00e1le","1147":"rok ","1148":"ativ","1149":" \u017een","1150":"vzni","1151":"v\u00e1s ","1152":"upin","1153":"meri","1154":"bn\u00ed ","1155":"r\u00e1ce","1156":"okra","1157":"zast","1158":"\u010derv","1159":"ud\u011bl","1160":" zab","1161":"meck","1162":" v\u00e1s","1163":" tvo","1164":"tero","1165":"ut\u00ed ","1166":"\u010dek ","1167":"idi ","1168":"kupi","1169":" rea","1170":"n\u011bme","1171":" akt","1172":"mate","1173":"gick","1174":"elko","1175":"omoc","1176":"podp","1177":"zm\u011bn","1178":"seve","1179":"sobn","1180":"\u0161em ","1181":" uni","1182":"rodu","1183":"\u017e\u00e1dn","1184":"skut","1185":"po\u0159\u00e1","1186":" sed","1187":"tupn","1188":"yst\u00e9","1189":"rist","1190":"dopr","1191":"nfor","1192":"p\u011bt ","1193":"ing ","1194":"rati","1195":"r\u00e1v\u011b","1196":"troj","1197":" sev","1198":"z\u00edsk","1199":"name","1200":"odst","1201":"t\u011bch","1202":"en\u00fdc","1203":"esti","1204":"siln","1205":"akou","1206":"jmen","1207":" n\u00e1v","1208":"tavi","1209":"\u00e1sle","1210":" poj","1211":" ter","1212":"ln\u00e9 ","1213":" r\u00e1d","1214":"lka ","1215":"ada ","1216":"em\u00ed ","1217":"jekt","1218":" mas","1219":"ysl\u00ed","1220":"\u00e1ci ","1221":"\u010dlov","1222":"ach\u00e1","1223":"ahra","1224":"omen","1225":" \u010dlo","1226":" vyu","1227":" ja ","1228":"n\u00fdmi","1229":" zak","1230":"snad","1231":"nika","1232":"uji ","1233":"erve","1234":"zp\u016fs","1235":"enou","1236":"v\u00e9m ","1237":" tec","1238":"vyso","1239":"ster","1240":" naj","1241":"\u00fdcho","1242":"doko","1243":"m\u00edt ","1244":" kro","1245":"sty ","1246":"n\u00e1sl","1247":"nku ","1248":"zdra","1249":"nici","1250":" z\u00eds","1251":"tern","1252":" tre","1253":"ebe ","1254":" hr\u00e1","1255":"spr\u00e1","1256":"it\u011b ","1257":"avit","1258":"ovol","1259":"izov","1260":"\u011bmec","1261":" \u0159\u00edk","1262":" tel","1263":"eru ","1264":"\u00e9to ","1265":"ledu","1266":"pozi","1267":"l\u00e1da","1268":"iku ","1269":"e\u017eit","1270":" p\u00eds","1271":"zaj\u00ed","1272":"ora ","1273":"u\u017eit","1274":" ods","1275":" m\u00edt","1276":"anti","1277":" p\u016fv","1278":" n ","1279":"ovy ","1280":"obsa","1281":"rov\u00e1","1282":"us\u00ed ","1283":" ser","1284":"jem ","1285":" per","1286":"celk","1287":" fir","1288":"edu ","1289":"atic","1290":"entr","1291":"vac\u00ed","1292":"tak\u017e","1293":"prez","1294":"lov\u00e9","1295":" nek","1296":"bl\u00e9m","1297":"enov","1298":"ve\u0159e","1299":"ht\u011bl","1300":" b\u011bh","1301":"k\u017ee ","1302":"ak\u017ee","1303":"m\u00e1ln","1304":"stu ","1305":"p\u0161\u00ed ","1306":"enos","1307":"ama ","1308":" v\u011bd","1309":"le\u017ei","1310":"udov","1311":"jeme","1312":"skla","1313":"pov\u011b","1314":"ou\u010da","1315":"p\u016fvo","1316":" zm\u011b","1317":"enta","1318":"onec","1319":"trav","1320":"nep\u0159","1321":"avid","1322":" obe","1323":"tsk\u00e9","1324":"nebu","1325":"d\u00e1n\u00ed","1326":"drav","1327":"asta","1328":"obch","1329":"anou","1330":"echa","1331":"u\u010das","1332":"nak ","1333":"inov","1334":"oli ","1335":" kni","1336":"onu ","1337":"graf","1338":" oko","1339":" reg","1340":" ud\u011b","1341":" spe","1342":"\u00e1v\u011b ","1343":"byli","1344":"\u00edsto","1345":"verz","1346":" nar","1347":"za\u010da","1348":"pova","1349":" ozn","1350":"o\u010dn\u00ed","1351":" boj","1352":"a\u010dal","1353":"byva","1354":"\u010dlen","1355":"eni ","1356":" ame","1357":"v\u00e1n ","1358":" klu","1359":" t\u011bc","1360":"liko","1361":" tep","1362":"lze ","1363":"dn\u00e1 ","1364":"oda ","1365":"komp","1366":"inis","1367":"tuje","1368":"tov\u00e9","1369":" z\u00e1s","1370":"\u0159ekl","1371":"u\u010den","1372":"kdyb","1373":"ezen","1374":"na\u0161e","1375":"rakt","1376":" dod","1377":" sez","1378":"rozd","1379":"tn\u00e9 ","1380":"edov","1381":"zase","1382":" sem","1383":"obec","1384":"dyby","1385":"tohl","1386":" kos","1387":"yvat","1388":"zd\u011bj","1389":"vrch","1390":"ckou","1391":"bezp","1392":"ano ","1393":"mili","1394":"icko","1395":"hist","1396":"obyv","1397":"ektr","1398":"ebud","1399":"toup","1400":" tis","1401":"ona ","1402":"dna ","1403":"ebn\u00ed","1404":"\u017e\u00edva","1405":" voj","1406":"ou\u017ei","1407":"tnos","1408":" org","1409":"aj\u00edm","1410":"alov","1411":"h\u00e1ze","1412":"\u011bsto","1413":"m\u011bs\u00ed","1414":"ranc","1415":"och\u00e1","1416":" ins","1417":" t\u0159i","1418":"ejle","1419":"ota ","1420":"ovic","1421":" v\u011bc","1422":" sle","1423":"ato ","1424":"eck\u00e9","1425":"azen","1426":" pen","1427":"vyu\u017e","1428":"ikac","1429":"scho","1430":"\u0159ede","1431":"hoto","1432":" hro","1433":" soc","1434":"ven\u00ed","1435":"olem","1436":"vsk\u00e9","1437":"rest","1438":"o\u017eno","1439":" sm\u011b","1440":" neo","1441":"roze","1442":"bcho","1443":"\u011bkdo","1444":"ekon","1445":" vy\u0161","1446":" ote","1447":"rave","1448":"\u0161lo ","1449":"valo","1450":"voje","1451":"j\u00edma","1452":"psal","1453":"xist","1454":"ocho","1455":" typ","1456":"m\u011bla","1457":" obd","1458":"poko","1459":"jezd","1460":"ezna","1461":" led","1462":" rov","1463":"soud","1464":"olic","1465":"bran","1466":"lid\u00ed","1467":"vn\u00edc","1468":"part","1469":"jsi ","1470":"ctv\u00ed","1471":"okon","1472":"liv ","1473":"n\u00e1n\u00ed","1474":"olen","1475":" t\u00e9t","1476":"t\u00e9to","1477":"\u017enos","1478":"\u0161el ","1479":" zp\u016f","1480":"po\u010d\u00ed","1481":"uto ","1482":"lovi","1483":"exis","1484":"\u00e1tn\u00ed","1485":" kan","1486":"roch","1487":"e\u0159ej","1488":" fin","1489":"v\u0161em","1490":"ap\u0159\u00ed","1491":" \u0159ad","1492":"l\u00e9m ","1493":" kva","1494":" jan","1495":"ion ","1496":" d\u00edl","1497":" rek","1498":" va\u0161","1499":"\u00fdzna","1500":"b\u00fdva","1501":"kolo","1502":"v\u00fdzn","1503":" vyr","1504":"ter ","1505":"ikdy","1506":"ansk","1507":" jm\u00e9","1508":"ejte","1509":"\u00fdrob","1510":"olov","1511":"sn\u00e9 ","1512":" jim","1513":" pl\u00e1","1514":"t\u0159\u00ed ","1515":"ata ","1516":"rven","1517":"eric","1518":"raze","1519":" jde","1520":"\u011bsta","1521":"dpor","1522":"yli ","1523":" mam","1524":" tad","1525":"\u0161ich","1526":" res","1527":"oslo","1528":"ruh\u00e9","1529":"kute","1530":" his","1531":"d\u00e1v\u00e1","1532":"\u0161t\u011bn","1533":"muni","1534":" hos","1535":" nah","1536":"tn\u00edc","1537":"\u017en\u011b ","1538":"film","1539":"nev\u00ed","1540":" t\u00e9m","1541":" me ","1542":"p\u0159ek","1543":"tn\u00edm","1544":"\u011bhem","1545":"slu\u017e","1546":"zem\u011b","1547":"tady","1548":"rovi","1549":"jak\u00e9","1550":"aje ","1551":"r\u016fzn","1552":"vid\u011b","1553":"ouho","1554":" lis","1555":" spa","1556":"lati","1557":"l\u00edm ","1558":" mim","1559":"a\u017ed\u00fd","1560":"hodo","1561":"opis","1562":"nstv","1563":"b\u011bhe","1564":"tala","1565":"anu ","1566":"a\u0161e ","1567":"\u00e1sti","1568":"an\u011b ","1569":"n\u00edmi","1570":" v\u010de","1571":"muse","1572":"cel\u00e9","1573":"vem ","1574":"at\u00edm","1575":"\u00e1ce ","1576":"ob\u0159e","1577":"zat\u00ed","1578":"nil ","1579":"koho","1580":"dva ","1581":" okr","1582":" mor","1583":"kr\u00e1s","1584":"braz","1585":"nast","1586":"vytv","1587":"t\u00e1le","1588":"chal","1589":"ater","1590":" \u00fapl","1591":"oji ","1592":"sebe","1593":"stuj","1594":" opa","1595":"jim ","1596":"ance","1597":"dn\u00fd ","1598":" \u010dle","1599":" dv\u011b","1600":"voln","1601":"\u0159ejn","1602":"jina","1603":"budu","1604":" moj","1605":"iste","1606":"oru\u010d","1607":"ozor","1608":"votn","1609":" dat","1610":"enci","1611":"lick","1612":"vil ","1613":" ano","1614":"s\u00edm ","1615":"dky ","1616":"jlep","1617":" kri","1618":" tat","1619":"yby ","1620":"ute\u010d","1621":" \u00fast","1622":" syn","1623":"erov","1624":" gra","1625":"ktor","1626":"krom","1627":"\u00edci ","1628":"leto","1629":" zal","1630":"kat ","1631":"\u017eete","1632":"n\u00edk\u016f","1633":"blik","1634":"\u00e1lov","1635":" zda","1636":"ane ","1637":"ur\u010di","1638":"an\u00ed ","1639":"avil","1640":"jin\u00e9","1641":"uh\u00e9 ","1642":"rmac","1643":"til ","1644":"repu","1645":" dol","1646":"ohou","1647":"orga","1648":"oci ","1649":"ck\u00fdm","1650":"onst","1651":"knih","1652":" ode","1653":"ely ","1654":"disk","1655":" co\u017e","1656":"jak\u00fd","1657":"vova","1658":"leno","1659":"\u00e1da ","1660":"ety ","1661":"vna ","1662":"novo","1663":"\u00fapln","1664":"p\u0159\u00edm","1665":"ol\u00ed ","1666":" ber","1667":"nom ","1668":"trat","1669":"\u00e9na ","1670":"zkou","1671":" pal","1672":"opad","1673":"epub","1674":"p\u0159ev","1675":"ogic","1676":" jez","1677":"kval","1678":"an\u00e1 ","1679":"\u011bti ","1680":"v\u00e1no","1681":" odb","1682":"omun","1683":" lin","1684":"\u010das ","1685":"r\u010dit","1686":" zku","1687":"\u010dku ","1688":"ovac","1689":"esk\u00fd","1690":"oba ","1691":" mot","1692":"vice","1693":"pen\u00ed","1694":"ohod","1695":"\u010det ","1696":" ves","1697":"kal ","1698":"rgan","1699":"elen","1700":" ver","1701":" gen","1702":"co\u017e ","1703":"av\u011b ","1704":"duch","1705":"j\u00edt ","1706":" nor","1707":"rogr","1708":"prog","1709":"obu ","1710":"d\u00e1va","1711":"zam\u011b","1712":" x ","1713":" r\u016fz","1714":"lov\u00e1","1715":" ang","1716":"ujem","1717":" chl","1718":"\u00e1rn\u00ed","1719":"ne\u010dn","1720":"\u00fazem","1721":"ri\u00e1l","1722":" hle","1723":"\u00edk\u016f ","1724":"tavu","1725":"rat ","1726":"elk\u00e9","1727":" \u00faze","1728":"eska","1729":"sahu","1730":"\u00e1st ","1731":"gie ","1732":"ob\u00ed ","1733":"zalo","1734":"lo\u017ei","1735":"atn\u00ed","1736":"est ","1737":"aliz","1738":"regi","1739":"elik","1740":"bn\u011b ","1741":" tur","1742":"kona","1743":" kul","1744":"\u0159ejm","1745":"obn\u011b","1746":" ob\u010d","1747":" exi","1748":"\u00e1n\u00edm","1749":" zac","1750":"ob\u010da","1751":"kult","1752":"meno","1753":"chci","1754":"isku","1755":"\u010dn\u00e9 ","1756":"c\u00edm ","1757":"rezi","1758":"gani","1759":"cova","1760":"\u00e1tor","1761":"istu","1762":" v\u00edt","1763":"nejd","1764":"tels","1765":"od\u011b ","1766":"ovoz","1767":"ysok","1768":"\u00edc\u00edc","1769":"mto ","1770":"emoc","1771":"jsjs","1772":"v\u011btl","1773":"\u017en\u00e9 ","1774":"r\u00fdch","1775":"ekla","1776":" the","1777":"\u017ed\u00fd ","1778":"rafi","1779":"ismu","1780":"nevy","1781":"oj\u00ed ","1782":"av\u00ed ","1783":" d ","1784":"dete","1785":"rava","1786":"hce ","1787":"talo","1788":"vyst","1789":"\u010dl\u00e1n","1790":"stoj","1791":"hno ","1792":" t\u00fdd","1793":"pozo","1794":"e\u010dn\u00e9","1795":"kovi","1796":"eri\u00e1","1797":" chr","1798":"hla ","1799":"bjev","1800":"soci","1801":"neza","1802":"ovna","1803":"ost\u011b","1804":"d\u011bt ","1805":"pora","1806":" \u0161pa","1807":" vst","1808":" v\u00fdb","1809":"\u0159esn","1810":"ictv","1811":"cela","1812":" \u010din","1813":"ap\u0159 ","1814":"orie","1815":"ahuj","1816":"hci ","1817":"ran\u011b","1818":"vid\u00ed","1819":"z\u00e1ko","1820":"alen","1821":"inst","1822":"\u00edska","1823":"klid","1824":"mimo","1825":"vens","1826":"m\u00e9na","1827":"zuje","1828":"mocn","1829":"den\u00ed","1830":"odm\u00ed","1831":"ikov","1832":"ezpe","1833":"cem ","1834":"o\u010d\u00edt","1835":" lze","1836":"hni ","1837":"d\u011ble","1838":"\u011bs\u00edc","1839":"sp\u00ed\u0161","1840":" ope","1841":"funk","1842":"\u011blo ","1843":"opak","1844":"lkov","1845":"rusk","1846":" \u010dl\u00e1","1847":"itic","1848":"oust","1849":"jemn","1850":"t\u0159i ","1851":"stel","1852":"oky ","1853":" ses","1854":"000 ","1855":" ant","1856":"zvl\u00e1","1857":"an\u00fdc","1858":"pad\u011b","1859":"cel\u00fd","1860":"poho","1861":"esko","1862":" mu\u017e","1863":"dvou","1864":" \u010d\u00eds","1865":"\u016fli ","1866":"odej","1867":"\u00ed\u0161e ","1868":"inak","1869":"pust","1870":" byt","1871":"bsah","1872":"celo","1873":"\u00e1kon","1874":" rus","1875":"neje","1876":" ros","1877":" km ","1878":"usel","1879":"spec","1880":" v\u00fdc","1881":"jeno","1882":"raha","1883":"ita ","1884":"dala","1885":"podn","1886":"ichn","1887":"zpe\u010d","1888":"obro","1889":" sob","1890":"mlad","1891":"adem","1892":"\u017eil ","1893":"jin\u00fd","1894":"lit ","1895":"\u010dern","1896":"k\u00fdmi","1897":"\u0159ipo","1898":"\u00edmu ","1899":"ovu ","1900":"char","1901":"vypa","1902":"\u016f\u017eet","1903":"v\u016fli","1904":"tato","1905":" zad","1906":"peci","1907":" jsi","1908":"doby","1909":"\u00e1vaj","1910":" her","1911":"tavb","1912":" bri","1913":"firm","1914":"arch","1915":"kons","1916":" vyj","1917":"tane","1918":" odv","1919":"\u00e1dy ","1920":"dce ","1921":" pln","1922":"skyt","1923":" akc","1924":"vn\u00edk","1925":"p\u0159id","1926":"pr\u016fm","1927":" och","1928":" obv","1929":"\u00e1v\u00e1n","1930":"ejv\u011b","1931":"alo\u017e","1932":"k\u00e1ch","1933":" doc","1934":"prop","1935":" b\u00fdv","1936":"pokr","1937":"jv\u011bt","1938":"at\u0159\u00ed","1939":"foto","1940":"oupe","1941":"r\u00e1sn","1942":" on ","1943":"proh","1944":"\u011bch ","1945":"d\u0159\u00edv","1946":"dob\u0159","1947":" hud","1948":"nej ","1949":"ro\u010dn","1950":"e\u017e\u00ed ","1951":"prof","1952":"nat ","1953":"tat ","1954":"inut","1955":"\u010dit ","1956":"ln\u00edc","1957":"obno","1958":"ej\u0161\u00ed","1959":" uve","1960":"lici","1961":"teli","1962":"\u00edv\u00e1 ","1963":"ln\u00edm","1964":"apsa","1965":" v\u00fd\u0161","1966":"ov\u00e9m","1967":"\u017en\u00e1 ","1968":"onal","1969":"tost","1970":"y\u0161\u0161\u00ed","1971":" bal","1972":"vy\u0161\u0161","1973":" jih","1974":"nesk","1975":"ypad","1976":"otev","1977":" p\u00e1r","1978":"avdu","1979":"m\u00ednk","1980":"tliv","1981":"vdu ","1982":"v\u016fj ","1983":"nstr","1984":"rode","1985":"oliv","1986":" alb","1987":"z\u0159ej","1988":"cen\u00ed","1989":"lstv","1990":"zide","1991":"v\u0161\u00edm","1992":"l\u00e1d\u00e1","1993":" kv\u016f","1994":"most","1995":"ozic","1996":"hov\u00e1","1997":"naps","1998":"rsk\u00e9","1999":"nikl","2000":"hodl","2001":"in\u00e9 ","2002":"avn\u011b","2003":" pob","2004":"anci","2005":"kv\u016fl","2006":" jo ","2007":" dan","2008":"tepl","2009":"kate","2010":" v\u0161i","2011":"test","2012":" mla","2013":"razi","2014":" ban","2015":"ochu","2016":"mn\u011b ","2017":" brn","2018":"alis","2019":"oduk","2020":"brat","2021":"\u00fasp\u011b","2022":"enom","2023":" vyv","2024":"chla","2025":"nict","2026":"r\u00e1lo","2027":"stop","2028":"v\u0159en","2029":" lit","2030":"\u00e1nsk","2031":"oly ","2032":"lou\u017e","2033":" za\u0159","2034":"v\u011bd\u011b","2035":"lace","2036":"ilov","2037":"\u011btov","2038":"\u00e9n\u011b ","2039":"hote","2040":"jasn","2041":"tvrd","2042":"\u00edku ","2043":" mon","2044":"cie ","2045":"po\u010de","2046":"v\u00e1na","2047":"odil","2048":"v\u011bk ","2049":" vyz","2050":"o\u0159en","2051":"enu ","2052":" d\u00e1v","2053":"gene","2054":"m\u011brn","2055":"rozv","2056":"dnic","2057":"rma ","2058":"enti","2059":"stil","2060":" v\u016fb","2061":"z\u016fst","2062":"kres","2063":"mick","2064":" d\u016fv","2065":" pam","2066":" hot","2067":"otn\u00ed","2068":"\u010detn","2069":"lech","2070":"\u0159\u00edk\u00e1","2071":"tera","2072":"elk\u00fd","2073":"\u016fbec","2074":"v\u016fbe","2075":"svat","2076":"kama","2077":"truk","2078":"\u00e1val","2079":"skal","2080":"k\u00e1m ","2081":"lede","2082":"rom\u011b","2083":"el\u00fd ","2084":"kv\u011bt","2085":"uved","2086":"oved","2087":"dne\u0161","2088":"\u00edst\u011b","2089":"stit","2090":"\u011blat","2091":"ech\u00e1","2092":"ipra","2093":"b\u0159e ","2094":" zvl","2095":"vn\u00edh","2096":" pet","2097":"trac","2098":"k\u00e1za","2099":"ese ","2100":"estu","2101":"ysle","2102":"roma","2103":"amu ","2104":" plo","2105":"oty ","2106":" ner","2107":" dem","2108":"ine ","2109":"ledo","2110":" men","2111":"takt","2112":"etic","2113":"ouc\u00ed","2114":" obo","2115":"rozp","2116":"p\u00ed\u0161e","2117":"poro","2118":" t\u0159\u00ed","2119":"\u017edy ","2120":"titu","2121":"\u0161\u00edho","2122":"pohl","2123":"\u0159it ","2124":"t\u0159et","2125":"elem","2126":"kci ","2127":" sit","2128":"inan","2129":"okoj","2130":"sjsj","2131":"akon","2132":"upil","2133":"o\u010det","2134":"ony ","2135":"dov\u00e1","2136":" um\u011b","2137":"chle","2138":" \u00fasp","2139":"\u010d\u00e1tk","2140":"azuj","2141":"stec","2142":" sp\u00ed","2143":"aze ","2144":"pokl","2145":"dku ","2146":"le\u017e\u00ed","2147":"hat ","2148":"ln\u00fd ","2149":"moho","2150":"ahy ","2151":" my ","2152":"jen\u00ed","2153":"zapo","2154":"dech","2155":"\u00fdv\u00e1 ","2156":"rn\u00e9 ","2157":"toli","2158":"dv\u011b ","2159":"v\u00e1lk","2160":"ohl ","2161":"edem","2162":" po\u017e","2163":" bab","2164":"ohot","2165":"daj\u00ed","2166":" lib","2167":"it\u00e9 ","2168":"mno\u017e","2169":"chra","2170":"dovo","2171":"aniz","2172":"dnu ","2173":"zd\u011bl","2174":" \u0159e\u0161","2175":" n\u00ed ","2176":" dov","2177":"lsk\u00e9","2178":"date","2179":"lade","2180":"raci","2181":"mobi","2182":"hr\u00e1l","2183":" nat","2184":"dek ","2185":"cha ","2186":"ezid","2187":"\u010dty\u0159","2188":"u\u00e1ln","2189":" voz","2190":"r\u00e1l ","2191":"angl","2192":"ojek","2193":"r\u0161\u00ed ","2194":" lep","2195":"r\u00e1ln","2196":"usti","2197":"n\u00e1ln","2198":"kovo","2199":"yto ","2200":"dno ","2201":"ladu","2202":"zach","2203":"m\u011bli","2204":"itu ","2205":" and","2206":"dn\u00edh","2207":" ven","2208":" chv","2209":"tn\u00edh","2210":" b\u0159e","2211":"pl\u00e1n","2212":"kla ","2213":" chu","2214":"nnos","2215":"toto","2216":"edev","2217":"nta ","2218":"ient","2219":"deme","2220":"vuje","2221":"kdyz","2222":"raje","2223":"d\u011bl ","2224":" jas","2225":"opsk","2226":"\u0159ipr","2227":" ve\u0159","2228":" \u010dty","2229":"entu","2230":"lku ","2231":"er\u00fdc","2232":"naro","2233":"dok\u00e1","2234":" skv","2235":"covn","2236":"nako","2237":"lite","2238":"en\u00fdm","2239":"\u010dil ","2240":"ad\u00ed ","2241":"padl","2242":"\u00fdval","2243":"l\u00e1\u0161t","2244":"vliv","2245":"rops","2246":"tano","2247":" tvr","2248":"kous","2249":"hodu","2250":"asn\u00e9","2251":"ideo","2252":"ev\u0161\u00ed","2253":"sv\u00e9h","2254":"sm\u011br","2255":"a\u010dov","2256":"bo\u017e\u00ed","2257":"douc","2258":"dyz ","2259":"m\u00e1me","2260":"\u00e1lu ","2261":"rant","2262":" smr","2263":"t\u00e1tn","2264":"dev\u0161","2265":" p\u016fs","2266":"pod\u00ed","2267":"mem ","2268":"otel","2269":" kal","2270":"d\u016fle","2271":"eck\u00fd","2272":"vykl","2273":"inno","2274":"adat","2275":" sv\u016f","2276":"pozn","2277":"o\u0159\u00ed ","2278":"d\u00edm ","2279":"del ","2280":"ojov","2281":" net","2282":"ntov","2283":"tali","2284":"oln\u00ed","2285":"bdob","2286":"obdo","2287":"lov\u00fd","2288":"ledk","2289":"m\u00e1te","2290":"d\u016fvo","2291":" op\u011b","2292":"itn\u00ed","2293":" dot","2294":"pad\u00e1","2295":"\u016fle\u017e","2296":"ck\u00e9m","2297":"anco","2298":" dor","2299":" var","2300":"edni","2301":"dr\u017ee","2302":"\u00e1tku","2303":"ngli","2304":"l\u00e9ho","2305":"v\u00fdsl","2306":"troc","2307":"erne","2308":"\u0159\u00edst","2309":"l\u00fdch","2310":" kv\u011b","2311":"jm\u011b ","2312":"r\u00e1ci","2313":"bce ","2314":"sv\u00fdm","2315":"chr\u00e1","2316":"chat","2317":"k\u00e1n\u00ed","2318":"tyto","2319":"a\u017een","2320":"lce ","2321":" tyt","2322":"rii ","2323":"adn\u011b","2324":"dob\u00ed","2325":" t\u011bl","2326":"v\u011bto","2327":"\u011bd\u011bl","2328":"dnos","2329":"ven ","2330":"ejm\u00e9","2331":"st\u0159\u00ed","2332":"ycho","2333":"ov\u011bd","2334":"nevi","2335":" naz","2336":"ntn\u00ed","2337":"obce","2338":"sv\u016fj","2339":"svou","2340":"v\u0161ic","2341":" t\u00e9 ","2342":" dra","2343":"real","2344":"ola ","2345":" bod","2346":"\u00e1vat","2347":"stem","2348":"visl","2349":" z\u016fs","2350":"lk\u00e9 ","2351":"p\u0159\u00edj","2352":"ravy","2353":"asov","2354":"ejm\u011b","2355":"svoj","2356":"mora","2357":"etu ","2358":"zace","2359":"tuj\u00ed","2360":"nal ","2361":"pov\u00ed","2362":"situ","2363":"nsko","2364":"\u00edstn","2365":"obou","2366":"obn\u00ed","2367":"\u00e1tu ","2368":"a\u017ed\u00e9","2369":"ivn\u011b","2370":"sobe","2371":"tsk\u00fd","2372":"dern","2373":"kono","2374":"kome","2375":"vod ","2376":"este","2377":" jis","2378":"p\u0159\u00edr","2379":" del","2380":"o\u017en\u00e1","2381":"ery ","2382":"poji","2383":" vzt","2384":" pon","2385":"barv","2386":"o\u017e\u00ed ","2387":"rstv","2388":"nty ","2389":" rak","2390":"ince","2391":"tr\u00e1n","2392":"kaj\u00ed","2393":"oper","2394":" mlu","2395":"jete","2396":"text","2397":"pot\u00e9","2398":"v\u00fdmi","2399":"sal ","2400":"ad\u00e1 ","2401":"ned ","2402":"patn","2403":"odni","2404":"tani","2405":"m\u00e9n\u011b","2406":" t\u011b\u017e","2407":"huje","2408":"e\u0161n\u00ed","2409":"iver","2410":"d\u011bli","2411":"utor","2412":"vodu","2413":"orm\u00e1","2414":"hned","2415":"roky","2416":" k\u010d ","2417":" jaz","2418":"valy","2419":"orem","2420":"van\u00e1","2421":"t\u00e9m ","2422":"\u011blen","2423":"koru","2424":" um\u00ed","2425":"hod ","2426":" nal","2427":"eda ","2428":"n\u00edky","2429":"lasi","2430":"vot ","2431":"onom","2432":"za\u010d\u00ed","2433":"and ","2434":"t\u0159\u00edd","2435":"r\u00e1va","2436":"ev\u00edm","2437":"\u010d\u00edsl","2438":"\u011bna ","2439":"\u017eel ","2440":"vnit","2441":"namn","2442":"hnou","2443":"ohla","2444":" mis","2445":"slu\u0161","2446":"t\u00fdch","2447":"\u017estv","2448":"sl\u00edm","2449":"the ","2450":"op\u011bt","2451":" v\u00fdh","2452":"raji","2453":"um>0","2454":"moje","2455":"nkov","2456":"aktu","2457":"ent\u00e1","2458":"aji ","2459":"id\u00e9 ","2460":" ob\u011b","2461":"poto","2462":"lu\u017eb","2463":"itua","2464":" neh","2465":"\u00e1\u0159\u00ed ","2466":"echt","2467":"inci","2468":"popr","2469":"tudi","2470":"ab\u00edz","2471":"\u00e1jem","2472":"\u011bkdy","2473":"nomi","2474":"sest","2475":"ytvo","2476":"\u010dinn","2477":"\u00e1len","2478":"deln","2479":"oha ","2480":"eduj","2481":"t\u011bn\u00ed","2482":"st\u00e9 ","2483":" les","2484":"diny","2485":"\u016fsta","2486":"\u0161t\u00ed ","2487":"lnic","2488":"norm","2489":"nest","2490":"led ","2491":"orn\u00ed","2492":"born","2493":" sup","2494":"unkc","2495":"\u0159sk\u00e9","2496":" p\u0159\u00e1","2497":"trol","2498":"ni\u010dn","2499":"\u00e1st\u00ed","2500":"olsk","2501":"smrt","2502":"odov","2503":" u\u017ei","2504":" bol","2505":"otli","2506":"\u017en\u00ed ","2507":"kam ","2508":" kur","2509":"e\u010den","2510":" tri","2511":"\u011blal","2512":"ocit","2513":"ede ","2514":" xxx","2515":"tvar","2516":"dnod","2517":"men\u0161","2518":"ne\u0161n","2519":" vym","2520":" po\u0161","2521":"tuac","2522":"vzta","2523":"\u010dn\u00edc","2524":"zpra","2525":" tes","2526":"e\u010dn\u00fd","2527":" lev","2528":"v\u00fdst","2529":"\u0159edp","2530":"echc","2531":"usta","2532":" ovl","2533":"n\u00edci","2534":"vn\u00e9 ","2535":"sous","2536":"vost","2537":" ruk","2538":"skv\u011b","2539":"mci ","2540":"tion","2541":"matu","2542":"hal ","2543":"or\u016f ","2544":"kami","2545":" ind","2546":"luje","2547":"nsta","2548":" doh","2549":"inul","2550":"rako","2551":"e\u010dn\u00ed","2552":"yu\u017e\u00ed","2553":"oder","2554":"\u011bte ","2555":"rany","2556":" z\u00e1j","2557":"ov\u00edd","2558":"tev\u0159","2559":" uz ","2560":"dopo","2561":"ejno","2562":" ot\u00e1","2563":"prom","2564":"napr","2565":"\u00e1tek","2566":"mace","2567":"ebuj","2568":"oma ","2569":"\u017eele","2570":"idov","2571":"nemu","2572":" \u010dek","2573":"\u0148uje","2574":"ztah","2575":"lada","2576":"ontr","2577":"\u0159ebu","2578":"lav ","2579":" le\u017e","2580":"t\u00e1t ","2581":"asy ","2582":" \u010dr ","2583":"em\u016f\u017e","2584":"stn\u011b","2585":"\u00e1nek","2586":"xxx ","2587":"\u010d\u00edta","2588":"ultu","2589":"ovo ","2590":"mam ","2591":"emen","2592":"\u017eova","2593":"azov","2594":"\u00edrod","2595":"\u00fdsle","2596":"nem\u016f","2597":"host","2598":"esn\u011b","2599":"chy ","2600":"ru\u010de","2601":"hrom","2602":"\u0159\u00edro","2603":"d\u011bti","2604":" n\u00e1d","2605":" arc","2606":"louv","2607":"chem","2608":"kol\u00ed","2609":" exp","2610":"fina","2611":"voli","2612":"l\u0161\u00edc","2613":" \u017eel","2614":"lovo","2615":"itos","2616":"in\u00e1l","2617":"\u00edka ","2618":"trad","2619":"lid\u00e9","2620":"p\u0159eh","2621":"\u0161n\u00ed ","2622":"ahu ","2623":"idel","2624":"nodu","2625":" eko","2626":"rac\u00ed","2627":"tisk","2628":"ostn","2629":"brit","2630":"sten","2631":" a\u0165 ","2632":"u\u010d\u00e1s","2633":"\u00fa\u010das","2634":"lal ","2635":"bohu","2636":"ab\u00edd","2637":"nam ","2638":"ou\u010d\u00e1","2639":"kali","2640":"nuje","2641":"odbo","2642":"orav","2643":"o\u017en\u00e9","2644":"vych","2645":"\u011bst\u00ed","2646":" sty","2647":" d\u016fl","2648":"pada","2649":" b\u011b\u017e","2650":"zbo\u017e","2651":"rtov","2652":" \u010dtv","2653":"chol","2654":"ouse","2655":"rohl","2656":"podm","2657":"rozm","2658":"holk","2659":"n\u011bj ","2660":"umen","2661":"adil","2662":"v\u00e1\u017en","2663":"enst","2664":"p\u0159\u00edt","2665":"niko","2666":"p\u00e1r ","2667":"amar","2668":"d\u00edl ","2669":"apro","2670":"\u00e1zal","2671":" tou","2672":"it\u00ed ","2673":"tres","2674":"moto","2675":"ozn\u00e1","2676":"ejn\u00e9","2677":" vyc","2678":"v\u00e1ny","2679":" s\u00e1m","2680":"amat","2681":"poda","2682":"spod","2683":" r ","2684":"mlou","2685":" v\u00fdk","2686":"elov","2687":"rame","2688":"ktu ","2689":"venc","2690":"rnet","2691":"jazy","2692":"park","2693":" vrc","2694":"elst","2695":"pres","2696":"akto","2697":"avuj","2698":"ejen","2699":"hroz","2700":"duj\u00ed","2701":"asu ","2702":" zby","2703":"ovit","2704":"\u017eena","2705":"eln\u00e9","2706":"om\u011b ","2707":"t\u00e1ln","2708":"rov\u00e9","2709":"tn\u00fd ","2710":"motn","2711":" t\u00fdm","2712":"ve\u010de","2713":"pe\u010dn","2714":"rcho","2715":"\u010duje","2716":"hopn","2717":"nsk\u00e1","2718":"zda ","2719":"vest","2720":"notl","2721":"kola","2722":"otu ","2723":"m>00","2724":"iluj","2725":"v\u0161e ","2726":"inky","2727":"rku ","2728":"oben","2729":"kv\u011bl","2730":"ize ","2731":"vyd\u00e1","2732":"zpr\u00e1","2733":"sna\u017e","2734":" zko","2735":"insk","2736":" zno","2737":" z\u00e1\u0159","2738":"demo","2739":"vka ","2740":"estr","2741":"p\u0159i\u0161","2742":"at\u00ed ","2743":" che","2744":" d\u0159\u00ed","2745":"tel\u016f","2746":" sex","2747":"\u00edmav","2748":"ravu","2749":"avov","2750":"nav\u00ed","2751":" n\u00e1k","2752":" dub","2753":"m\u011bn\u00ed","2754":" dou","2755":"p\u0159\u00edl","2756":"anda","2757":"doma","2758":"tov\u00fd","2759":"zaji","2760":" muz","2761":"dny ","2762":"milo","2763":"iv\u00e9 ","2764":"sice","2765":"onov","2766":"tice","2767":"chlo","2768":"eln\u00fd","2769":"\u010dova","2770":"z\u00e1je","2771":"\u011bru ","2772":"an\u017ee","2773":"sta\u010d","2774":"av\u00edc","2775":"patr","2776":"ast ","2777":"vyhl","2778":"hovo","2779":" tzv","2780":"\u010dek\u00e1","2781":"\u0161\u0161\u00ed ","2782":"va\u0161e","2783":"elez","2784":"br\u00e1n","2785":"sv\u011bd","2786":"man\u017e","2787":"ekl ","2788":"po\u0148 ","2789":"ntro","2790":"ednu","2791":"spo\u0148","2792":"\u00e1vis","2793":"alu ","2794":"om\u00edn","2795":"z\u00e1vi","2796":"tzv ","2797":"ot\u00e9 ","2798":"hli ","2799":" cit","2800":"bem ","2801":"line","2802":"\u00edc\u00edm","2803":"ev\u0159e","2804":"em\u011b ","2805":" vra","2806":"viny","2807":"ekto","2808":"icha","2809":"uc\u00ed ","2810":"v\u00fdra","2811":"oc\u00ed ","2812":"astr","2813":" vy ","2814":"akce","2815":"lion","2816":"lezn","2817":"\u00fdraz","2818":"sezn","2819":"sn\u00fd ","2820":" bl\u00ed","2821":"vody","2822":"pom\u00ed","2823":"p\u0159\u00e1t","2824":"\u011bstn","2825":"kace","2826":"hr\u00e1n","2827":"s\u00e1m ","2828":" max","2829":" sn\u00ed","2830":" sic","2831":" zej","2832":"hraj","2833":" ztr","2834":"zky ","2835":"el\u016f ","2836":"ista","2837":"ousk","2838":"ovn\u011b","2839":" sen","2840":" oba","2841":" z\u00e1r","2842":"koro","2843":"zbyt","2844":"vobo","2845":"konk","2846":"mn\u00ed ","2847":"ak\u00fd ","2848":"od\u00e1v","2849":"novu","2850":"nie ","2851":"levi","2852":"ion\u00e1","2853":"elsk","2854":"ve\u0148 ","2855":"a\u0159\u00edz","2856":"n\u00e1vr","2857":"m\u00e1\u0161 ","2858":"sel ","2859":"dobu","2860":"led\u00e1","2861":"souh","2862":"n\u00e1st","2863":"kou\u0161","2864":" r\u00e1m","2865":"tron","2866":"n\u010dn\u00ed","2867":" vr\u00e1","2868":" r\u00e1n","2869":"yste","2870":" v\u00e1\u017e","2871":"rosi","2872":"on\u010di","2873":"\u00e1\u0159e ","2874":"pis ","2875":"poci","2876":"svob","2877":" tex","2878":"m\u011bni","2879":"\u0159\u00edka","2880":"zn\u011b ","2881":"one\u010d","2882":"ilio","2883":"erac","2884":"ove\u0148","2885":" pap","2886":"praz","2887":"lkou","2888":"rka ","2889":"orsk","2890":"moci","2891":"nove","2892":"nem\u011b","2893":"hl\u00e1s","2894":"avsk","2895":"pevn","2896":"zejm","2897":"tv\u00edm","2898":"onic","2899":"ladi","2900":"sek ","2901":"om\u011br","2902":"okre","2903":"babi","2904":"mist","2905":"vek ","2906":"r\u00e1ti","2907":" val","2908":"is\u00edc","2909":" med","2910":"len\u00e9","2911":"ikdo","2912":"n\u00e1ch","2913":"od\u00ed ","2914":"vsk\u00fd","2915":"\u00e1tel","2916":"ani\u010d","2917":" vyk","2918":"tina","2919":"vo\u0159i","2920":"\u00ednsk","2921":"chto","2922":"litn","2923":"edit","2924":"slo\u017e","2925":"am\u011bs","2926":"\u0161ky ","2927":"nive","2928":"b\u010dan","2929":"vr\u00e1t","2930":"obr\u00fd","2931":" tit","2932":"noce","2933":"men\u00e1","2934":"najd","2935":"tate","2936":"iln\u00ed","2937":"n\u017eel","2938":"t\u00fdm ","2939":"\u017e\u00edt ","2940":"ochr","2941":"t\u00e9ho","2942":"pods","2943":"\u017een\u00fd","2944":" p ","2945":"bil ","2946":" e ","2947":"entn","2948":"naj\u00ed","2949":"ifik","2950":"b\u011b\u017en","2951":"padu","2952":"stin","2953":" b\u00edl","2954":" spi","2955":"tup ","2956":"ch\u00e1p","2957":" nel","2958":"para","2959":"\u00e1vn\u00ed","2960":"niza","2961":"lil ","2962":"plik","2963":"evid","2964":"upra","2965":"man ","2966":"c\u00edho","2967":"buje","2968":"ln\u00edh","2969":"radn","2970":"im\u00e1l","2971":"rsk\u00fd","2972":"j\u0161\u00edc","2973":"ostl","2974":"roni","2975":"malo","2976":"lek ","2977":"arov","2978":"unik","2979":"atur","2980":"al\u00e9 ","2981":"rozu","2982":"uper","2983":"ed\u00e1v","2984":" l ","2985":"vo\u0159\u00ed","2986":"tis\u00ed","2987":" kre","2988":"\u00e1rov","2989":" rom","2990":"moc\u00ed","2991":"ot\u00e1z","2992":"ekti","2993":"tel\u00e9","2994":"yn\u00ed ","2995":"tupu","2996":"dnut","2997":" rol","2998":"zele","2999":"tr\u016f ","3000":" hne","3001":"becn","3002":"atu ","3003":"p\u0159ib","3004":" ve\u010d","3005":"nena","3006":"obr\u00e1","3007":"k\u00e9mu","3008":"r\u00e1d ","3009":"nn\u00e9 ","3010":" abs","3011":"sout","3012":"\u017eit\u00ed","3013":"od\u016f ","3014":"pil ","3015":"byte","3016":"id\u011bl","3017":"taro","3018":"liza","3019":"turn","3020":"espo","3021":"itik","3022":" j\u00ed ","3023":"rmy ","3024":" psa","3025":" usa","3026":"ktro","3027":"vern","3028":"i\u010dky","3029":"reze","3030":" l\u00e9k","3031":" mic","3032":"upit","3033":"lava","3034":" zel","3035":"er\u00fdm","3036":"avou","3037":"toti","3038":"etov","3039":"adlo","3040":"nema","3041":"\u0159\u00e1te","3042":"nov\u011b","3043":"rozl","3044":"stsk","3045":"zdro","3046":" u\u010di","3047":"supe","3048":"e\u010der","3049":"skon","3050":" nyn","3051":"t\u00e1v\u00e1","3052":"ury ","3053":" set","3054":"elu ","3055":"v\u00edt\u011b","3056":"kouk","3057":"\u00e1va ","3058":"koly","3059":"hl\u00e1\u0161","3060":"ozum","3061":"zov\u00e1","3062":"milu","3063":"st\u011bn","3064":"\u017eit ","3065":"\u011bl\u00e1 ","3066":"za\u0159\u00ed","3067":"n\u00e1ct","3068":"rado","3069":"tva ","3070":" web","3071":"\u010dn\u00edk","3072":"petr","3073":"v\u011bdo","3074":"\u00edt\u011bz","3075":" z\u00e1l","3076":"ovno","3077":"tric","3078":"acho","3079":"nepr","3080":"ed\u011bl","3081":"\u0159il ","3082":"lat\u00ed","3083":"d\u011bn\u00ed","3084":"ersk","3085":"voji","3086":"nahr","3087":"ytov","3088":"potr","3089":"univ","3090":"skov","3091":"en\u011b ","3092":" fan","3093":"sign","3094":"olej","3095":"spek","3096":"\u011btsk","3097":"vyda","3098":"ompl","3099":"\u0161ka ","3100":"ti\u017e ","3101":"volb","3102":"lavi","3103":"ar\u0161\u00ed","3104":"dnik","3105":"\u0161it ","3106":"oze ","3107":"vl\u00e1\u0161","3108":"odel","3109":"i\u010dka","3110":"tn\u00e1 ","3111":"\u011bdom","3112":" n\u00e1h","3113":"tar\u0161","3114":"v\u00fd\u0161e","3115":"dela","3116":"deo ","3117":"\u00e1d\u00e1 ","3118":"gist","3119":"\u00e1tky","3120":"krat","3121":"\u010dtvr","3122":"t\u011bl ","3123":"tru ","3124":"hlad","3125":" teb","3126":"zav\u0159","3127":"etn\u011b","3128":"nale","3129":"pit ","3130":"n\u00e1zo","3131":"nalo","3132":"ezer","3133":"p\u0159ej","3134":"ucha","3135":"dite","3136":"bere","3137":"renc","3138":"ed\u00ed ","3139":"dale","3140":" z\u00e1m","3141":"\u00e1vod","3142":" ben","3143":"\u00e1nu ","3144":"rov\u00fd","3145":"sla ","3146":"\u00e1zor","3147":"\u010dist","3148":"n\u00e1le","3149":" dr\u017e","3150":"vnos","3151":" odk","3152":"cit ","3153":" t ","3154":"ltur","3155":"\u0159edi","3156":"\u011bsts","3157":"po\u010dt","3158":"hto ","3159":"uce ","3160":"rm\u00e1l","3161":"\u0159\u00e1d ","3162":" doj","3163":"ejso","3164":" \u010d\u00edn","3165":" mag","3166":"i\u017en\u00ed","3167":"ar\u00e1d","3168":"oti\u017e","3169":"p\u0159ec","3170":" arm","3171":"usa ","3172":"orun","3173":" ple","3174":"znov","3175":" cm ","3176":" k\u0159e","3177":"ist\u00e9","3178":" sro","3179":"rofe","3180":"ln\u00e1 ","3181":"\u011bn\u00e9 ","3182":"lidn","3183":"\u011bny ","3184":"tvrt","3185":"opat","3186":"\u00e1\u0161en","3187":"s\u00edc ","3188":"opro","3189":"sv\u00fdc","3190":"opor","3191":" m\u00e1t","3192":"nn\u00ed ","3193":"nolo","3194":"obod","3195":"u\u010dit","3196":"j\u0161\u00edm","3197":"smys","3198":"lsk\u00fd","3199":"arsk","3200":"nanc","3201":" zp\u011b","3202":"ise ","3203":"\u00edv\u00e1n","3204":"erst","3205":"p\u0159\u00edb","3206":"en\u00e9h","3207":"idla","3208":"slan","3209":" mik","3210":"oni ","3211":" def","3212":"ravn","3213":"k\u016fm ","3214":"doku","3215":"dukt","3216":"tomt","3217":"prve","3218":"t\u00e1va","3219":"\u0161et\u0159","3220":"\u017eov\u00e1","3221":"vce ","3222":"nesl","3223":" zvo","3224":"smu ","3225":" teh","3226":"serv","3227":"\u0159ech","3228":"slo ","3229":"\u0159ijd","3230":"ouhl","3231":" n\u00e1p","3232":"mus ","3233":"mple","3234":"ocel","3235":"\u0161la ","3236":"ntu ","3237":"fung","3238":" vyl","3239":"\u00e1lky","3240":"\u0159\u00edje","3241":"s\u00eddl","3242":"utom","3243":"sova","3244":"l\u00e1\u0161e","3245":"pad ","3246":" p\u016fl","3247":"edou","3248":"toj\u00ed","3249":" zji","3250":"akte","3251":"eali","3252":"pra\u017e","3253":"odn\u00e9","3254":"boha","3255":" oce","3256":" \u0159\u00edm","3257":"ic\u00ed ","3258":"ou\u0161k","3259":"tude","3260":"tory","3261":"\u011b\u0159en","3262":"amos","3263":"tovn","3264":"ohyb","3265":"\u010dn\u00edm","3266":"nerg","3267":"dyck","3268":" ene","3269":"etn\u00ed","3270":"adov","3271":"din ","3272":"en\u0161\u00ed","3273":"zej\u00ed","3274":"ycky","3275":"omto","3276":"erzi","3277":" mos","3278":"um\u011bl","3279":"chyt","3280":" ide","3281":"remi","3282":"stna","3283":"posk","3284":"za\u010d\u00e1","3285":"pohy","3286":"azil","3287":"ivat","3288":"\u010d\u00edm ","3289":"msk\u00e9","3290":"omez","3291":"kazu","3292":" m\u00edr","3293":"\u010dn\u00fd ","3294":"ic\u00edc","3295":"obl\u00ed","3296":"ncou","3297":"imo ","3298":"l\u00e1n\u00ed","3299":"dm\u00edn","3300":"bli\u017e","3301":" sek","3302":"uden","3303":"us\u00edm","3304":"azyk","3305":"b\u00edz\u00ed","3306":"sobi","3307":"\u00edvat","3308":"a\u010d\u00e1t","3309":"souv","3310":"n\u00e9mu","3311":"n\u00edku","3312":"zn\u00ed ","3313":"razn","3314":"\u0159et\u00ed","3315":"on\u010de","3316":"enin","3317":"r\u00e1nk","3318":"\u010dkov","3319":"edl ","3320":"odne","3321":" leg","3322":"uho ","3323":"mari","3324":"v\u011bt\u011b","3325":"apli","3326":"denn","3327":"rve ","3328":"sp\u011b\u0161","3329":" noc","3330":"ard ","3331":"a\u010d\u00edn","3332":"ranu","3333":"lu\u0161n","3334":"a\u010duj","3335":"koje","3336":"arma","3337":"tivi","3338":" inv","3339":"\u011bta ","3340":"lnos","3341":"len ","3342":"em\u00e1 ","3343":"ejde","3344":"na\u010de","3345":">000","3346":"zni\u010d","3347":"ital","3348":"nese","3349":"eren","3350":"bank","3351":"em\u011bl","3352":"on\u016f ","3353":"dopl","3354":"sv\u00e9m","3355":"roz\u0161","3356":"rans","3357":"isla","3358":"id\u00edm","3359":"v\u011bta","3360":"jevi","3361":"klub","3362":"tika","3363":"eje ","3364":"ateg","3365":"omet","3366":"latn","3367":"\u017eito","3368":"odem","3369":"ejv\u00ed","3370":"ovn\u00e1","3371":"\u011bcht","3372":" \u00fa\u010de","3373":"\u011bt\u00ed ","3374":"d\u00e1m ","3375":" jme","3376":"\u0161kod","3377":"aru ","3378":"jv\u00edc","3379":"tiva","3380":"olup","3381":"p\u011b\u0161n","3382":"disp","3383":"erem","3384":"mnou","3385":"dom\u00e1","3386":"tiky","3387":"ohu ","3388":"d\u00edle","3389":"ktic","3390":"t\u00e9\u017e ","3391":"land","3392":"vyro","3393":"klas","3394":" blo","3395":"amot","3396":" c\u00edl","3397":"abyc","3398":"alek","3399":"egis","3400":"t\u011bla","3401":"\u00e1sil","3402":" upr","3403":"rky ","3404":"vhod","3405":" \u00faro","3406":"\u0161n\u011b ","3407":"ku\u0161e","3408":"ebou","3409":"pisu","3410":"cena","3411":"odvo","3412":"elou","3413":"on\u00e1l","3414":" zlo","3415":"byst","3416":"edpo","3417":"do\u0161l","3418":"v\u011bt ","3419":"rach","3420":"otor","3421":"t\u0159el","3422":"oric","3423":"elke","3424":" tol","3425":"ters","3426":"enec","3427":"vano","3428":"emus","3429":"ektu","3430":"emu ","3431":"open","3432":"ekt ","3433":"ujet","3434":" rec","3435":"\u0161eno","3436":"\u0159e\u0161e","3437":"rchi","3438":"zen ","3439":"dina","3440":"term","3441":"dov\u00e9","3442":"amoz","3443":"eln\u00ed","3444":" nut","3445":"ales","3446":"tehd","3447":"osky","3448":" bro","3449":"ozem","3450":"o\u017est","3451":"lady","3452":"diva","3453":" p\u011bt","3454":"zal ","3455":"prem","3456":" hez","3457":"styl","3458":"hr\u00e1\u010d","3459":" ryb","3460":"ho\u017e ","3461":"jdu ","3462":"zku\u0161","3463":"ach ","3464":" l\u00e9t","3465":"link","3466":"nali","3467":" \u0159\u00e1d","3468":"odli","3469":"dbor","3470":"pod\u00e1","3471":" de ","3472":"r\u016fst","3473":"\u0159\u00edmo","3474":"r\u00fdm ","3475":"pom\u011b","3476":"ram ","3477":"\u00e1\u0159sk","3478":" jar","3479":"n\u00e1m\u011b","3480":"cial","3481":"\u00edk\u00e1 ","3482":"tn\u00edk","3483":" nao","3484":"ijde","3485":"eji ","3486":"nt\u016f ","3487":" ori","3488":" brz","3489":" trh","3490":"ntra","3491":"vo\u0159e","3492":"om\u00e1c","3493":" odd","3494":"horn","3495":"b\u0159ez","3496":"tter","3497":"a\u010den","3498":"togr","3499":"\u0161pat","3500":"anta","3501":"vku ","3502":"vic ","3503":"\u00e1stu","3504":" p\u00e1n","3505":"onci","3506":"\u00e1dn\u00e9","3507":"r\u00e1no","3508":"\u0159ich","3509":"o\u0161lo","3510":"hosp","3511":"couz","3512":"l\u0161\u00edm","3513":"pols","3514":" bav","3515":"r\u00e1mc","3516":"hv\u011bz","3517":"s\u00e1hl","3518":"dese","3519":"orad","3520":"ozd\u00ed","3521":"onta","3522":"edn\u011b","3523":"v\u011bzd","3524":"o\u017eil","3525":" sml","3526":"jn\u00e9 ","3527":" rou","3528":"st\u016f ","3529":"ova\u017e","3530":"robn","3531":"lkem","3532":"\u016fzn\u00fd","3533":"\u00e1ty ","3534":"oci\u00e1","3535":"vzd\u00e1","3536":" d\u011bk","3537":"nezn","3538":"kame","3539":"\u00e1du ","3540":"ej\u00edc","3541":"andr","3542":"rty ","3543":"n\u010den","3544":"ted ","3545":"eplo","3546":" ana","3547":"\u00e1\u017ee ","3548":"a\u017eov","3549":"\u010dit\u011b","3550":"zd\u00edl","3551":"ratu","3552":" bys","3553":"doru","3554":"atn\u011b","3555":"odou","3556":"ezin","3557":"n\u00edmu","3558":" har","3559":" kle","3560":"resp","3561":"\u011bt\u011b ","3562":"z\u00e1\u0159\u00ed","3563":"kra\u010d","3564":" nos","3565":"oble","3566":"a\u0161\u00ed ","3567":" t\u011b ","3568":"stno","3569":"tce ","3570":"u\u0161t\u011b","3571":"m\u016fj ","3572":"nyn\u00ed","3573":"adno","3574":"v\u010det","3575":"\u00edval","3576":"o\u0159e ","3577":"ji\u017en","3578":"v\u00fdho","3579":"out\u011b","3580":"ura ","3581":"t\u00e1zk","3582":"droj","3583":"br\u00fd ","3584":" n\u00e1b","3585":"ogie","3586":"p\u011bch","3587":"\u0161est","3588":"tace","3589":"trva","3590":" zbo","3591":"stvo","3592":"echo","3593":"no\u017es","3594":"plet","3595":" umo","3596":"rad ","3597":"\u0159eno","3598":"ent\u016f","3599":"jej ","3600":" c ","3601":"lupr","3602":"av\u00e9 ","3603":"gion","3604":"\u0161ek ","3605":"\u00e1la ","3606":"z\u00e1vo","3607":"n\u010dil","3608":"mova","3609":"bvyk","3610":"obvy","3611":"asn\u011b","3612":"hod\u011b","3613":"dej ","3614":"jiho","3615":"ivit","3616":" m\u016fj","3617":"nda ","3618":"v\u00fdko","3619":"rand","3620":"letn","3621":"upuj","3622":" v\u00fdv","3623":"zor ","3624":"z\u00e1ro","3625":"elev","3626":"lids","3627":"\u010dtu ","3628":"eviz","3629":" je\u017e","3630":" trv","3631":"elo ","3632":"oz\u0159e","3633":"mal\u00e9","3634":"liv\u00fd","3635":"p\u0159is","3636":"ru\u0161e","3637":"aros","3638":"dosa","3639":"arti","3640":"hody","3641":"pera","3642":"vota","3643":"rovs","3644":"vola","3645":"in\u00e1r","3646":"m\u011b\u0159 ","3647":"ente","3648":"nebe","3649":"t\u00e9ma","3650":"upen","3651":"nera","3652":"\u0161ino","3653":"em\u00e1m","3654":"j\u00edm ","3655":"turi","3656":"teor","3657":"\u0159\u00edve","3658":"t\u0159en","3659":"tra\u0161","3660":"edos","3661":"akci","3662":"\u00e1kaz","3663":" bit","3664":"klam","3665":"ruh\u00fd","3666":"ospo","3667":" v\u00fdp","3668":" uli","3669":"l\u00e1ne","3670":"\u00edve ","3671":"zhle","3672":"itiv","3673":"\u0159ida","3674":" jel","3675":"v\u011bci","3676":"brov","3677":"neko","3678":"isko","3679":"ut\u011b\u017e","3680":"cert","3681":"\u00e1mci","3682":"mena","3683":"umo\u017e","3684":" pas","3685":"kala","3686":" nam","3687":" hov","3688":"topa","3689":" \u00fato","3690":" odm","3691":"robe","3692":"mart","3693":"cel\u00e1","3694":"a\u010dky","3695":"ucho","3696":"\u00e1lo ","3697":"d\u011bku","3698":" p\u00e1t","3699":"tila","3700":"prak","3701":"vyhr","3702":"orno","3703":"dila","3704":"pane","3705":"ilni","3706":"onem","3707":"rece","3708":"\u011bkuj","3709":" ran","3710":" vyn","3711":"eset","3712":" do\u0161","3713":"obot","3714":"lie ","3715":"apom","3716":"egio","3717":"\u00e1ly ","3718":"zuj\u00ed","3719":"\u00edsa\u0159","3720":" d\u0159e","3721":"n\u00edka","3722":"rese","3723":"evil","3724":"ofes","3725":"pome","3726":"uhla","3727":"cykl","3728":"tav\u011b","3729":"e\u0161en","3730":"cov\u00e1","3731":"upov","3732":" 000","3733":"kon ","3734":"\u011bci ","3735":"trum","3736":"pade","3737":"r\u00e9ho","3738":"zkum","3739":"ulic","3740":" tru","3741":"omin","3742":"rada","3743":" tut","3744":"bor ","3745":" v\u011bn","3746":"zici","3747":"bn\u00e9 ","3748":"\u0161tin","3749":"povo","3750":"udem","3751":"\u0161len","3752":"sn\u00ed ","3753":"chom","3754":"hezk","3755":"muze","3756":"zen\u00e9","3757":"otog","3758":"ruho","3759":"lovn","3760":" mel","3761":"edal","3762":"byt ","3763":" oka","3764":"b\u00fdv\u00e1","3765":"haha","3766":"\u00fdkon","3767":"krit","3768":"cku ","3769":" zm\u00ed","3770":" teo","3771":"aopa","3772":"aste","3773":"\u00e1le\u017e","3774":"cka ","3775":"\u00e1zej","3776":" j ","3777":"piny","3778":" zla","3779":"aty ","3780":"l\u00e1dn","3781":"om\u016f ","3782":"zd\u00e1l","3783":"noha","3784":"itul","3785":"hovn","3786":"ate ","3787":"a\u017esk","3788":"le\u010de","3789":"ou\u0161e","3790":"naop","3791":"anto","3792":"m\u0159el","3793":"dan\u00e9","3794":" ome","3795":"rech","3796":"zemi","3797":"ln\u011bn","3798":"\u00e1vy ","3799":"ra\u017es","3800":"na\u0161i","3801":"na\u010dn","3802":"\u00e1\u0159i ","3803":"l\u00e1nk","3804":"kdkd","3805":"tu\u00e1l","3806":"t\u00e9m\u011b","3807":"ropa","3808":"okl\u00e1","3809":"plot","3810":"v\u00fdvo","3811":" smy","3812":" \u017eid","3813":" kop","3814":" asp","3815":" \u0161es","3816":"len\u00fd","3817":"ned\u011b","3818":" upl","3819":"vili","3820":" b ","3821":"\u0159ilo","3822":"o\u0159il","3823":"v\u00e1d\u011b","3824":"sobo","3825":"rti ","3826":"\u00e9m\u011b\u0159","3827":"olom","3828":"gori","3829":"isov","3830":"trom","3831":"p\u0159in","3832":"kty ","3833":"\u00e1v\u00e1m","3834":"ere ","3835":"toru","3836":"\u0161ina","3837":" odh","3838":"p\u00ed\u0161 ","3839":"olo ","3840":"\u00edn\u00e1 ","3841":"c\u00edsa","3842":"sil ","3843":"t\u00fddn","3844":"moz\u0159","3845":"rade","3846":" \u017eij","3847":"mou ","3848":"arod","3849":"r\u00e1n\u00ed","3850":" ov\u0161","3851":"tnic","3852":"ov\u0161e","3853":"usku","3854":"a\u010d\u00ed ","3855":" re\u017e","3856":"p\u0159ep","3857":"\u00e1pas","3858":" sym","3859":"itom","3860":"nit\u0159","3861":"m\u00e9no","3862":"rv\u00e9 ","3863":"onsk","3864":"p\u0159em","3865":"tav ","3866":"set ","3867":"ajde","3868":"prin","3869":"bova","3870":"lane","3871":"tv\u00e1\u0159","3872":"\u00fdsta","3873":"tras","3874":"in\u00fd ","3875":"obr\u00e9","3876":" vin","3877":"prv\u00e9","3878":"vn\u011bj","3879":"rav\u011b","3880":"takh","3881":" m\u00e1l","3882":"popi","3883":" \u0161t\u011b","3884":"pekt","3885":"dru\u017e","3886":"d\u0159ev","3887":"oduc","3888":" osl","3889":" c\u00eds","3890":"r\u016fm\u011b","3891":"l\u00e9ka","3892":"v\u011btn","3893":"khle","3894":"ohro","3895":"chv\u00ed","3896":" tva","3897":"r\u00e1tk","3898":"za\u010dn","3899":" bla","3900":"tiny","3901":"stre","3902":"\u016fm\u011br","3903":"dni ","3904":"nami","3905":" vni","3906":"\u00e9no ","3907":"tnou","3908":"leda","3909":"o\u017eit","3910":"sp\u011bc","3911":"covi","3912":"zem\u0159","3913":" ext","3914":"akhl","3915":"try ","3916":"ncer","3917":" odl","3918":"nik\u00e1","3919":"t\u011b\u017ek","3920":"znal","3921":"\u017eeme","3922":" hry","3923":"nila","3924":"otra","3925":"orto","3926":"av\u0159e","3927":"edne","3928":"edky","3929":"spou","3930":"konf","3931":"fere","3932":"dn\u00edk","3933":"ahov","3934":"ovst","3935":"v\u00edte","3936":"dkdk","3937":" uza","3938":"atov","3939":"byto","3940":"hv\u00edl","3941":"esu ","3942":"otom","3943":"rval","3944":"rana","3945":" spl","3946":"upn\u011b","3947":"inac","3948":"zru\u0161","3949":"\u00edkov","3950":"n\u011bm ","3951":"nesm","3952":"omat","3953":"zlat","3954":"rdin","3955":"it\u00e1l","3956":"\u0159ezn","3957":"rn\u00fd ","3958":"dli ","3959":"stni","3960":"vysv","3961":"bert","3962":"\u00edstu","3963":"\u0159edo","3964":"asno","3965":"vero","3966":" vzh","3967":"per ","3968":"ebov","3969":"hlo ","3970":"uh\u00fd ","3971":" sho","3972":"u\u017eel","3973":"drob","3974":"loup","3975":"povi","3976":"duje","3977":"\u0161eho","3978":"lej ","3979":"mana","3980":"vim ","3981":"z\u00e1ka","3982":"\u0159el ","3983":"\u017een ","3984":"fick","3985":"popu","3986":"zit ","3987":"nut ","3988":"\u00fa\u0159ad","3989":"mn\u00e9 ","3990":" of ","3991":"bjek","3992":"\u017eky ","3993":"ok\u00e1\u017e","3994":"ozvo","3995":"gent","3996":"apad","3997":"one ","3998":"\u017eby ","3999":" \u00fa\u0159a","4000":" vho","4001":"\u0148ova","4002":"mar\u00e1","4003":"esni","4004":"\u00edmo ","4005":"iali","4006":"arm\u00e1","4007":"atol","4008":"chan","4009":"eln\u011b","4010":"snic","4011":"sat ","4012":" \u010del","4013":"my\u0161l","4014":"edle","4015":"idu ","4016":"edn\u00e9","4017":"r\u00e9m ","4018":"nato","4019":"re\u017ei","4020":"riti","4021":"\u0161t\u011bv","4022":"\u00e1d\u00e1n","4023":"bole","4024":"bl\u00edz","4025":" apl","4026":"lizo","4027":"sob\u011b","4028":"lovs","4029":"rozs","4030":" zce","4031":"k\u0159es","4032":" dle","4033":"yn\u011b ","4034":"ergi","4035":"tury","4036":" zru","4037":"v\u0161t\u011b","4038":"las ","4039":"y\u0161le","4040":"omov","4041":"oprv","4042":"fekt","4043":"ojem","4044":" vzp","4045":"os\u00edm","4046":"l\u00e1dy","4047":"oled","4048":"sech","4049":"enn\u00ed","4050":"rna ","4051":"tvor","4052":"elic","4053":"zcel","4054":"bnos","4055":"nadn","4056":" \u010dis","4057":"sp\u011bv","4058":"albu","4059":" vli","4060":"ohli","4061":"\u00edna ","4062":"evn\u011b","4063":"avot","4064":"ejvy","4065":"\u00e1nov","4066":"mark","4067":" blb","4068":"tuto","4069":" fre","4070":"rno ","4071":"vin\u011b","4072":"ivad","4073":" br\u00e1","4074":"an\u00e9h","4075":"er\u00e1l","4076":" zve","4077":"vybr","4078":"itou","4079":"islo","4080":"hor\u0161","4081":"poma","4082":"kle ","4083":"vrat","4084":" pad","4085":"\u00edvaj","4086":"lk\u00fd ","4087":"vidl","4088":"p\u0159it","4089":"osud","4090":"m\u011br ","4091":"naje","4092":"\u010dn\u00edh","4093":"odn\u00fd","4094":"ned\u00e1","4095":"pnos","4096":"\u017eens","4097":"ulac","4098":"ipom","4099":"tore","4100":"\u011bste","4101":"zorn","4102":"oubo","4103":"\u00fdvoj","4104":"aku ","4105":"u\u017eil","4106":"r\u010den","4107":"tava","4108":"zm\u00edn","4109":" san","4110":" my\u0161","4111":"ndy ","4112":" nim","4113":"uhou","4114":"biln","4115":"ktur","4116":"nete","4117":"hara","4118":"rn\u00e1 ","4119":" eu ","4120":"em\u0159e","4121":" kup","4122":" psy","4123":"ta\u010d\u00ed","4124":"mokr","4125":"ral ","4126":"luvi","4127":"slel","4128":" v\u011b\u0159","4129":"na\u010dk","4130":"v\u00e1le","4131":"ikos","4132":"yhle","4133":"spir","4134":" gal","4135":"ch\u017e ","4136":" sp\u00e1","4137":"\u010deka","4138":"\u00e1dn\u00fd","4139":"neho","4140":"enzi","4141":" v\u00edm","4142":" top","4143":"\u011bj\u00ed ","4144":"unis","4145":"opul","4146":"aved","4147":"\u00e1\u017en\u011b","4148":"smus","4149":"e\u00e1ln","4150":"les ","4151":"ysli","4152":"va\u017eo","4153":"\u00edsp\u011b","4154":"l\u00edzk","4155":"\u0159\u00edsp","4156":"edse","4157":"dvoj","4158":"\u017eiva","4159":"hlou","4160":"clav","4161":"uktu","4162":"ouvi","4163":" uk\u00e1","4164":"sob ","4165":"etr\u016f","4166":"upu ","4167":"uzav","4168":"\u0159ed\u00ed","4169":"tna ","4170":"ros\u00ed","4171":" kl\u00e1","4172":" d\u011bj","4173":"ovor","4174":"itsk","4175":" bru","4176":"elef","4177":" lok","4178":"ustr","4179":"ich\u017e","4180":"elit","4181":"\u00edt\u011b ","4182":"cemi","4183":"lety","4184":"rkov","4185":"\u0159\u00edsl","4186":"inka","4187":"adla","4188":" bor","4189":"nejp","4190":"obn\u00e9","4191":"dka ","4192":"rav\u00ed","4193":"\u00fdhod","4194":"tati","4195":"m\u016f\u017eu","4196":"hr\u00e1v","4197":"bl\u00ed\u017e","4198":"po\u010d\u00e1","4199":"lenk","4200":" tan","4201":"tvo ","4202":"vinn","4203":" osv","4204":"slun","4205":"indi","4206":"sit ","4207":"asic","4208":" \u0159\u00edc","4209":" \u00fa\u010da","4210":"edlo","4211":" det","4212":"neda","4213":"zn\u00fdc","4214":"kc\u00ed ","4215":"\u016f\u017eu ","4216":"stik","4217":"adit","4218":"\u011blsk","4219":"dali","4220":"hnic","4221":"vozu","4222":" hav","4223":"v\u011b\u0159i","4224":"\u00edjem","4225":" l\u00edb","4226":"estn","4227":"idsk","4228":"anec","4229":" srd","4230":"sedm","4231":"rann","4232":"menu","4233":"arak","4234":" s\u00edd","4235":"rm\u00e1d","4236":" tab","4237":"dnoh","4238":"vale","4239":"zobr","4240":"vstu","4241":"o\u010d\u00e1t","4242":"pron","4243":"zvol","4244":"esla","4245":"emat","4246":"vol\u00e1","4247":"zpom","4248":"ni\u010dk","4249":"fotk","4250":" \u017eil","4251":" d\u00edt","4252":"plyn","4253":"douf","4254":" zim","4255":"acen","4256":"plan","4257":"ovod","4258":"t\u00fdde","4259":"ojev","4260":"osp\u011b","4261":"hdy ","4262":"\u00fdden","4263":"ohem","4264":"omou","4265":"esku","4266":" n\u00e1l","4267":"rady","4268":"tbal","4269":"lomo","4270":"\u016f\u017eem","4271":"v\u011bd\u010d","4272":" rel","4273":"nic\u00ed","4274":"uvis","4275":"hude","4276":"nero","4277":"enty","4278":"ot\u011b ","4279":"re\u00e1l","4280":"emn\u00ed","4281":"dsed","4282":"d\u011bts","4283":"oces","4284":" c\u00edr","4285":" h ","4286":"iter","4287":"stva","4288":"ovni","4289":"c\u00edrk","4290":"reko","4291":"lefo","4292":"darm","4293":"lnou","4294":"al\u00fd ","4295":"dres","4296":"acuj","4297":"ndu ","4298":"zku ","4299":"pem ","4300":"napa","4301":"ecko","4302":"efon","4303":"medi","4304":"dsk\u00e9","4305":"l\u00edbe","4306":"otiv","4307":" dr\u00e1","4308":"odi\u010d","4309":"lome","4310":"andi","4311":"boru","4312":"blic","4313":"defi","4314":"pous","4315":"karl","4316":"lel ","4317":"tr\u00e1l","4318":"m\u00edch","4319":"leti","4320":"radu","4321":"d\u00e1vn","4322":" sv\u00e1","4323":" v\u00e1n","4324":"esk\u00e1","4325":"ver ","4326":"oda\u0159","4327":"vzhl","4328":" mob","4329":"nutn","4330":"tart","4331":" sn\u011b","4332":"inve","4333":"mani","4334":"mal\u00fd","4335":"z\u00e1sa","4336":"tr\u00e1v","4337":"ejn\u00fd","4338":"ovky","4339":"\u00edben","4340":"v\u010der","4341":"ur\u010de","4342":"tvrz","4343":"oz\u0161\u00ed","4344":"jan ","4345":" \u0159\u00edj","4346":"ep\u0159e","4347":"skos","4348":"debn","4349":"meze","4350":"udeb","4351":" osm","4352":"otky","4353":"rote","4354":"ohu\u017e","4355":" pev","4356":"osin","4357":"hu\u017ee","4358":" ohl","4359":"\u00e1nky","4360":" deb","4361":"z\u0161\u00ed\u0159","4362":"racu","4363":" car","4364":"eroz","4365":"ouch","4366":"ite ","4367":"pode","4368":" hel","4369":" uko","4370":"uchy","4371":" pav","4372":"\u00edst ","4373":" tem","4374":"zn\u00e9 ","4375":" mn\u011b","4376":"tenc","4377":"ibli","4378":"ium ","4379":"j\u00edzd","4380":"ji\u0161t","4381":"vila","4382":"rad\u011b","4383":"kuje","4384":"rze ","4385":"\u00edsta","4386":"rtu ","4387":"data","4388":" tla","4389":"u\u017eiv","4390":"ysta","4391":"\u017esk\u00e9","4392":"\u00e9my ","4393":"ezn\u00e1","4394":"lena","4395":" dev","4396":"tere","4397":"id\u011bt","4398":"pn\u011b ","4399":"vyba","4400":"atio","4401":" kru","4402":"tavy","4403":"rn\u00edc","4404":"\u010dech","4405":"evn\u00ed","4406":"vedo","4407":"dia ","4408":"bci ","4409":" lod","4410":"\u011bku ","4411":"vodo","4412":"konz","4413":" leh","4414":"rian","4415":"alsk","4416":"p\u0159en","4417":"paci","4418":"desi","4419":"es\u00e1t","4420":"ofic","4421":"jvy\u0161","4422":" zv\u00fd","4423":" hv\u011b","4424":"st\u00e1n","4425":" \u010d\u00edm","4426":"psk\u00e9","4427":"\u010dn\u00e1 ","4428":"ukov","4429":"n\u011bn\u00e9","4430":"vypr","4431":"sych","4432":"otov","4433":"\u00edta\u010d","4434":"hod\u00ed","4435":"ln\u00edk","4436":"idem","4437":"kart","4438":"tos ","4439":"maji","4440":"ima ","4441":"\u010dite","4442":" \u00fase","4443":"resu","4444":"ntin","4445":"smlo","4446":"efin","4447":"roda","4448":" zob","4449":"ece ","4450":" ii ","4451":"bavi","4452":"uci ","4453":"abi\u0161","4454":" t\u00e9\u017e","4455":"\u00edkem","4456":"ihov","4457":"domo","4458":"t\u00e9mu","4459":"ene ","4460":"des\u00e1","4461":" pru","4462":"m\u011blo","4463":"zna ","4464":"\u017euje","4465":"tin ","4466":"iber","4467":"bl\u00edb","4468":"ykle","4469":"d\u00e1l ","4470":"vite","4471":" dav","4472":"soub","4473":"\u00ed\u0159en","4474":"fici","4475":"abso","4476":"veno","4477":"eman","4478":" ro\u010d","4479":"niku","4480":"seku","4481":"\u00e1zel","4482":"\u00fasta","4483":"\u017een\u00e9","4484":"okam","4485":"zaci","4486":"ra\u0161n","4487":"adec","4488":" \u010dec","4489":"ysv\u011b","4490":"egor","4491":"a\u017e\u00ed ","4492":"hybu","4493":"eti ","4494":"sp\u011bl","4495":"a\u017edo","4496":"mich","4497":"\u017eeny","4498":"\u00edli ","4499":"potv","4500":"azu ","4501":"n\u00e1mi","4502":"di\u010dn","4503":"domi","4504":"\u011bly ","4505":"an\u00fdm","4506":"p\u00edse","4507":"voda","4508":"am\u00e1t","4509":"rce ","4510":"hrub","4511":"rukc","4512":"ukaz","4513":"doch","4514":"avat","4515":" vse","4516":"t\u00e1n\u00ed","4517":"lad\u011b","4518":"udet","4519":"rozn","4520":" ref","4521":"i\u010de ","4522":"leni","4523":"n\u00e1va","4524":"otvr","4525":"kosl","4526":"esty","4527":"uku ","4528":"m\u011b\u0159e","4529":"ven\u00e9","4530":"aria","4531":"slos","4532":"\u0159\u00e1dn","4533":"\u00edslu","4534":"no\u010dn","4535":"\u010dov\u00e1","4536":"tlin","4537":"ulov","4538":"emoh","4539":"\u017edyc","4540":"d\u00edt\u011b","4541":"\u0161ku ","4542":"at\u00e9 ","4543":" zvy","4544":"gii ","4545":"m\u00e1c\u00ed","4546":"porn","4547":" t\u011bm","4548":"a\u0159il","4549":"ort ","4550":"kej ","4551":"n\u00e1zv","4552":"nejm","4553":"\u00e1k\u016f ","4554":" p\u016fj","4555":"ilet","4556":"bave","4557":"ton ","4558":" zra","4559":"ej\u00edm","4560":"avd\u011b","4561":"dnoc","4562":"seri","4563":"koln","4564":"zka ","4565":"vno ","4566":"vzpo","4567":"hemi","4568":"ile ","4569":"napo","4570":" d\u00e9l","4571":"live","4572":"iva ","4573":"vace","4574":"zdy ","4575":"itov","4576":" zv\u00ed","4577":"podr","4578":"etro","4579":"vypl","4580":"\u00e9ka\u0159","4581":"ropo","4582":"i\u017e\u0161\u00ed","4583":"jens","4584":"cete","4585":"\u011brn\u011b","4586":"vnou","4587":"tim ","4588":"isty","4589":" plz","4590":"liky","4591":"t\u011bj\u0161","4592":"oj\u016f ","4593":" mo\u0159","4594":"\u010dal ","4595":"ra\u010dn","4596":"ert ","4597":"ispo","4598":"vinu","4599":"rali","4600":"imi ","4601":"\u0159\u00eddi","4602":" han","4603":"mech","4604":" pub","4605":"eku ","4606":"r\u00e1ni","4607":"dota","4608":"zen\u00fd","4609":"pce ","4610":" kaz","4611":"obci","4612":"prim","4613":"mne ","4614":"ocni","4615":"i\u017en\u011b","4616":"erno","4617":"ije ","4618":"olky","4619":"rtin","4620":"r\u00e1da","4621":"sion","4622":"tla ","4623":"t\u016fm ","4624":"\u011bl\u00ed ","4625":"snos","4626":"opol","4627":"ravs","4628":"\u017eeno","4629":"rva ","4630":"rn\u00edm","4631":"ybra","4632":"ty\u0159i","4633":"dr\u017e\u00ed","4634":"\u010der ","4635":"u\u017eby","4636":"rona","4637":"kape","4638":"libe","4639":" d\u00e1 ","4640":" piv","4641":" z\u0159e","4642":"vn\u00fd ","4643":"jna ","4644":"adi\u010d","4645":"jeli","4646":"omal","4647":" sol","4648":" olo","4649":"t\u011bst","4650":"v\u011bku","4651":"\u0159en\u00e9","4652":"hnol","4653":"lita","4654":"hlos","4655":"anal","4656":"p\u0159\u00edz","4657":" srp","4658":"p\u011bkn","4659":"hom ","4660":"\u010d\u00edt\u00e1","4661":"demi","4662":"abil","4663":"v\u00fdbo","4664":"\u0161\u00ed\u0159e","4665":"yu\u017ei","4666":"nul ","4667":"\u017eite","4668":"alez","4669":"navr","4670":"doce","4671":"sama","4672":"neja","4673":"ven\u00fd","4674":"dpok","4675":"hry ","4676":"u\u017e\u00edt","4677":"kluk","4678":" k\u0159i","4679":"rekl","4680":"atra","4681":"\u017eit\u00e9","4682":"okou","4683":"\u00farov","4684":"uzsk","4685":"\u00e1til","4686":" kry","4687":"\u0159\u00edte","4688":"etin","4689":"ara ","4690":"olek","4691":"orii","4692":"zin\u00e1","4693":"n\u00ed\u017ee","4694":"oles","4695":" moz","4696":"kata","4697":"hov\u00fd","4698":"tura","4699":" dro","4700":"u\u017een","4701":"bojo","4702":" \u0159\u00edz","4703":"en\u00edz","4704":"psyc","4705":" t\u011b\u0161","4706":"zjis","4707":"ajet","4708":"ybav","4709":"d\u016fm ","4710":"astu","4711":"um\u00eds","4712":"tk\u00e1n","4713":"mina","4714":" \u00fada","4715":"k\u010dn\u00ed","4716":" red","4717":" rev","4718":"\u00fadaj","4719":"vari","4720":"maxi","4721":"ozpo","4722":"sadi","4723":"\u017e\u0161\u00ed ","4724":"an\u010dn","4725":"dino","4726":"pers","4727":"rich","4728":"zdar","4729":"ouzs","4730":"ipoj","4731":"ezni","4732":" ji\u0159","4733":" j\u00edd","4734":"cet ","4735":"leko","4736":"od\u00edv","4737":"okus","4738":"musi","4739":"bsol","4740":"mrti","4741":"v\u00edda","4742":"rek ","4743":"r\u00e1di","4744":"rinc","4745":"o\u0161ko","4746":"bili","4747":"ahr\u00e1","4748":"uba ","4749":"\u0159ibl","4750":"ruje","4751":" j\u00edz","4752":"\u017eit\u011b","4753":" twi","4754":"in\u00e1\u0159","4755":"rod\u00e1","4756":"er\u00e9m","4757":"ouka","4758":"r\u00e1to","4759":"men ","4760":"v\u011bj\u0161","4761":"ukon","4762":" eur","4763":"pick","4764":"rov\u011b","4765":"rom\u00e1","4766":"tok ","4767":"ormo","4768":"vlak","4769":"arla","4770":"kaz ","4771":"dava","4772":"\u0159i\u0161l","4773":"chut","4774":" zro","4775":"n\u011bn\u00fd","4776":"rahy","4777":"psat","4778":"fyzi","4779":"ych\u00e1","4780":"uris","4781":"rika","4782":"v\u00fdb\u011b","4783":"odha","4784":"jdou","4785":"ast\u00e1","4786":"der ","4787":"piso","4788":" adr","4789":"k\u00e1\u017ee","4790":" hus","4791":"doln","4792":"r\u017een","4793":"\u00fasek","4794":"aspo","4795":"antn","4796":"tnan","4797":"ival","4798":"\u00e1vrh","4799":"da\u0159i","4800":"stri","4801":"ati ","4802":"anst","4803":"cist","4804":"l\u00e1sk","4805":" \u0161ir","4806":"nulo","4807":"hcet","4808":"ervn","4809":"tili","4810":"vyho","4811":"hudb","4812":"znak","4813":"dubn","4814":"odit","4815":"naci","4816":"opy ","4817":"a\u0159sk","4818":"\u00edze ","4819":"atky","4820":"rosl","4821":"d\u011bl\u00ed","4822":" p\u00ed\u0161","4823":"tekt","4824":"eci\u00e1","4825":"ivu ","4826":"soko","4827":" jos","4828":"pou\u0161","4829":"itte","4830":"moti","4831":"doda","4832":"nik ","4833":"ejme","4834":"p\u0159\u00ed\u0161","4835":"tren","4836":"skem","4837":"\u011bhu ","4838":"a\u0159e ","4839":" p\u011bk","4840":"vadl","4841":"str ","4842":"tebe","4843":"ntru","4844":"uk\u00e1z","4845":"apit","4846":"r\u00e1vy","4847":"v\u00e1cl","4848":"lity","4849":"av\u00fd ","4850":"apel","4851":"ist\u011b","4852":"sov\u00e9","4853":"sami","4854":"atn\u00e9","4855":"\u010dem ","4856":"fika","4857":"ok\u00e1z","4858":"\u00e1cla","4859":"zem ","4860":"used","4861":"ting","4862":"domu","4863":"rozk","4864":"sim ","4865":"bit ","4866":"atek","4867":"sov\u00e1","4868":"azn\u00ed","4869":"\u00e1dal","4870":"l\u00e1si","4871":" v\u00e1c","4872":"ceny","4873":"i\u010dko","4874":"netu","4875":"\u0159\u00edjn","4876":"\u010dera","4877":"plav","4878":" bur","4879":"asn\u00fd","4880":"sick","4881":"\u0148uj\u00ed","4882":"ojme","4883":" pr\u00fd","4884":" lon","4885":"ove ","4886":"anet","4887":"ive ","4888":" zv\u011b","4889":"isu ","4890":"\u016fmys","4891":"pina","4892":"\u017eije","4893":"seda","4894":"pr\u00fd ","4895":"ejak","4896":"hlub","4897":"na\u0161\u00ed","4898":" you","4899":"idal","4900":" s\u00edt","4901":"ovl\u00e1","4902":" u\u017e\u00ed","4903":"esm\u00ed","4904":"\u011bnov","4905":"\u00e1pu ","4906":"t\u011blo","4907":"ist\u016f","4908":"zek ","4909":"kume","4910":"plac","4911":"ohat","4912":"zp\u011bt","4913":"ungu","4914":"iv\u00fdc","4915":"lala","4916":"inim","4917":"omic","4918":"epro","4919":"o\u010din","4920":"br\u00e9 ","4921":"teda","4922":"vesn","4923":"ukro","4924":"erna","4925":"esen","4926":"setk","4927":"erie","4928":"trop","4929":"odnu","4930":"knou","4931":"pan\u011b","4932":"trem","4933":"ntak","4934":"dov\u011b","4935":"zev ","4936":"zemn","4937":"vina","4938":" \u0159ec","4939":"ntac","4940":" \u00fano","4941":"kuch","4942":"o\u017ead","4943":"\u00e1dno","4944":"n\u00e1ze","4945":"ktu\u00e1","4946":"\u00fdbor","4947":"h\u00e1pu","4948":" rez","4949":"extr","4950":"mouc","4951":"m\u00e1lo","4952":" z\u00e1b","4953":"voj ","4954":"eho\u017e","4955":"emok","4956":"yho ","4957":"\u010deno","4958":"\u00edn\u011b ","4959":"otba","4960":"meto","4961":"zv\u00fd\u0161","4962":"nez\u00e1","4963":"n\u00edze","4964":"rate","4965":"n\u00e1v\u0161","4966":"rum ","4967":"ysl ","4968":"raj\u00ed","4969":"kytu","4970":" ni ","4971":"liv\u00e9","4972":"\u00e1d\u00ed ","4973":"opla","4974":"venk","4975":"dci ","4976":"rzit","4977":"axim","4978":"ri\u00e9r","4979":"odlo","4980":"\u00edz\u00ed ","4981":"r\u016fmy","4982":"\u00e1v\u0161t","4983":"roli","4984":"evol","4985":"\u0159\u00edpr","4986":"pojm","4987":"ary ","4988":" osa","4989":"iv\u011b ","4990":" sal","4991":"hode","4992":"azy ","4993":"ajin","4994":"hnut","4995":"atin","4996":" skr","4997":" prs","4998":"sinc","4999":" dce"}}