{"dan":{"0":" i ","1":" og ","2":" for","3":" er ","4":"det ","5":"der ","6":" at ","7":"<num","8":"num>","9":" det","10":"den ","11":" til","12":" <nu","13":"um> ","14":" en ","15":"til ","16":" af ","17":" p\u00e5 ","18":" der","19":"for ","20":" med","21":" den","22":"med ","23":"ter ","24":"ikke","25":"kke ","26":"ing ","27":"ere ","28":"som ","29":" som","30":" har","31":" de ","32":"har ","33":" ikk","34":"nde ","35":"ger ","36":"ende","37":"else","38":"ning","39":"jeg ","40":" jeg","41":"ler ","42":"ede ","43":"erne","44":"ige ","45":" et ","46":"ver ","47":" men","48":"men ","49":" man","50":"inge","51":"gen ","52":"lige","53":"ske ","54":" han","55":" fra","56":"ller","57":" var","58":"rne ","59":" kan","60":"ste ","61":"elle","62":"nder","63":"ret ","64":"var ","65":"fra ","66":"kan ","67":" ind","68":"lle ","69":"get ","70":" s\u00e5 ","71":" du ","72":"over","73":"inde","74":" om ","75":"ring","76":"ille","77":"tion","78":"ser ","79":" v\u00e6r","80":" ble","81":"blev","82":"igt ","83":" ove","84":"han ","85":" vi ","86":"v\u00e6re","87":"ande","88":"ner ","89":" ska","90":"hvor","91":" sam","92":" kom","93":" hvo","94":"land","95":"unde","96":"nge ","97":"fter","98":"lev ","99":"ens ","100":"lse ","101":"sen ","102":"elig","103":"nger","104":"man ","105":"ker ","106":" sig","107":"enne","108":"ngen","109":"ten ","110":" ved","111":"ved ","112":" vil","113":"lig ","114":" dan","115":"rer ","116":"res ","117":"efte","118":"ange","119":"komm","120":"iver","121":" hav","122":"ster","123":"and ","124":"tte ","125":"fors","126":"nne ","127":"vis ","128":"tet ","129":" ogs","130":"ogs\u00e5","131":"gs\u00e5 ","132":"hold","133":" hel","134":" lig","135":" and","136":"amme","137":"este","138":" god","139":"isk ","140":"nden","141":"\u00e6re ","142":"nter","143":"omme","144":" eft","145":"rede","146":"dere","147":" min","148":" sto","149":"alle","150":"ansk","151":"kal ","152":"skal","153":"stor","154":" ell","155":"eder","156":" hvi","157":" kun","158":"mer ","159":"atio","160":" sta","161":"mmer","162":"ion ","163":" nog","164":"dre ","165":"live","166":"ling","167":"tere","168":"tter","169":"ligt","170":"vet ","171":"eret","172":"iske","173":" her","174":"ndre","175":" all","176":"vor ","177":" und","178":" kon","179":" pro","180":"sig ","181":"des ","182":" lan","183":"tage","184":"dels","185":" sid","186":"ette","187":"tisk","188":"age ","189":" f\u00f8r","190":"nske","191":" bli","192":"ione","193":"ente","194":"iden","195":"bliv","196":"dig ","197":"mere","198":"ren ","199":" sel","200":"lere","201":" bes","202":"lede","203":"let ","204":"eren","205":"eres","206":"gang","207":"leve","208":"ings","209":"gere","210":"erin","211":" fre","212":" gen","213":"brug","214":" mod","215":"vil ","216":"elt ","217":" end","218":"ndt ","219":"ene ","220":"ive ","221":"ghed","222":" fin","223":"mme ","224":"ndet","225":"hed ","226":"arbe","227":"ighe","228":"selv","229":" tid","230":"ang ","231":"give","232":"rlig","233":"spil","234":"iste","235":"rbej","236":"\u00f8rst","237":"bejd","238":" bru","239":"ber ","240":" dag","241":"side","242":"mang","243":"mmen","244":"nen ","245":"samm","246":"oner","247":"dans","248":"iger","249":"ave ","250":"ale ","251":"lser","252":"eget","253":"ndel","254":"noge","255":"len ","256":"dag ","257":" da ","258":"atte","259":"rste","260":"hvis","261":"skab","262":"hede","263":" alt","264":" nu ","265":"ort ","266":"form","267":"mark","268":"n\u00e5r ","269":" sin","270":" spi","271":"till","272":" meg","273":"stil","274":"tede","275":"kker","276":"sker","277":" mer","278":"tnin","279":" ste","280":"rund","281":" del","282":"sted","283":"her ","284":"sten","285":"ener","286":"mege","287":"nes ","288":"ine ","289":" n\u00e5r","290":"emme","291":"ered","292":" bar","293":"vers","294":"inte","295":"ager","296":"pill","297":"f\u00f8rs","298":"have","299":"are ","300":"kend","301":"alt ","302":"ket ","303":"irke","304":"olde","305":"andr","306":" hol","307":"nere","308":"illi","309":"denn","310":"net ","311":" \u00e5r ","312":"ejde","313":"tid ","314":"gtig","315":"vde ","316":" ud ","317":"havd","318":"avde","319":"dste","320":" hva","321":" fle","322":"ent ","323":"deli","324":" pla","325":"frem","326":"tale","327":"vad ","328":"virk","329":" par","330":"est ","331":" sen","332":"ment","333":"tern","334":"vide","335":"hvad","336":"find","337":"gger","338":" int","339":"lder","340":"idt ","341":"dens","342":" bed","343":" tro","344":" reg","345":"rden","346":"godt","347":"uden","348":" per","349":"\u00e6tte","350":"iser","351":"ken ","352":"skri","353":"odt ","354":" bet","355":" pri","356":"dan ","357":"lsen","358":"\u00e5de ","359":"dte ","360":"rend","361":"ans ","362":"llig","363":"old ","364":"gels","365":"rels","366":"rfor","367":"endt","368":"sse ","369":"mand","370":" arb","371":" gru","372":"set ","373":" hen","374":"ien ","375":" skr","376":"ford","377":" gan","378":"ligh","379":"ers ","380":" ude","381":"oget","382":"unne","383":"forb","384":" din","385":"ands","386":" hun","387":" mar","388":"evet","389":"erer","390":"igen","391":" op ","392":"orsk","393":" dig","394":" st\u00f8","395":"tilb","396":"mod ","397":" bla","398":" sku","399":"kunn","400":" nor","401":"ulig","402":"lde ","403":" f\u00e5 ","404":"borg","405":" str","406":"folk","407":" dem","408":" eks","409":"del ","410":"\u00e6kke","411":" vis","412":"end ","413":" beg","414":"hver","415":" g\u00f8r","416":"ark ","417":"muli","418":" bil","419":"sin ","420":" mig","421":"ets ","422":"nsk ","423":" vir","424":"stat","425":"mind","426":"ind ","427":"ders","428":"vend","429":" mul","430":"lade","431":" vid","432":"mig ","433":"ater","434":"poli","435":" sti","436":"stem","437":"akti","438":"\u00f8lge","439":"orde","440":"ndes","441":"fore","442":"ruge","443":" tag","444":"s\u00e6tt","445":" ret","446":" lid","447":"itet","448":" k\u00f8b","449":"nnem","450":"per ","451":"ores","452":"f\u00f8lg","453":" hve","454":"igti","455":"bare","456":"olit","457":"lem ","458":"hand","459":"nmar","460":"stra","461":"\u00f8re ","462":"fort","463":"otel","464":"helt","465":"vind","466":"fler","467":"ide ","468":"elv ","469":"liti","470":" to ","471":"hans","472":" pol","473":"stre","474":"igge","475":"asse","476":"mest","477":"stan","478":"genn","479":"grun","480":"rske","481":"danm","482":"hote","483":"ele ","484":"tlig","485":"anma","486":"erie","487":"inds","488":"gern","489":"rati","490":" ven","491":"mmun","492":" se ","493":"ldt ","494":"alde","495":"ligg","496":"meld","497":"lang","498":"yder","499":"gle ","500":"onen","501":"ommu","502":"\u00e6ste","503":"tore","504":"svar","505":" mas","506":"agen","507":"sige","508":"eden","509":"ytte","510":" giv","511":"dage","512":"ider","513":" ser","514":"llet","515":"hun ","516":"und ","517":"send","518":" res","519":"best","520":"min ","521":" mel","522":"vill","523":"sion","524":"kun ","525":"anne","526":"ygge","527":"sere","528":"din ","529":" h\u00f8j","530":" lav","531":"dett","532":" vor","533":"ier ","534":" fol","535":"andt","536":" jo ","537":"lidt","538":"vore","539":" gra","540":"g\u00e5r ","541":"kabe","542":"vare","543":"andl","544":" kla","545":" hje","546":" b\u00f8r","547":"enge","548":"samt","549":"dem ","550":"edst","551":"rig ","552":"ore ","553":"\u00e6ret","554":"ogle","555":"bill","556":"tor ","557":" ned","558":"lave","559":"skel","560":"snin","561":"verd","562":"gend","563":" ver","564":"ulle","565":" kri","566":"llem","567":"avn ","568":" nat","569":"ordi","570":"havn","571":"arti","572":"styr","573":" hot","574":"knin","575":"cent","576":"tori","577":"ykke","578":"dlig","579":"\u00e6nge","580":"mell","581":"rige","582":"pers","583":"ress","584":"dnin","585":"rker","586":" dis","587":"elsk","588":"rist","589":" kor","590":"orge","591":"erde","592":"vand","593":"ogen","594":"ndte","595":" rig","596":"port","597":"ges ","598":"rest","599":"g\u00f8re","600":"valg","601":"tand","602":"arte","603":"k\u00f8be","604":"art ","605":" tal","606":"gnin","607":" udv","608":"egne","609":" san","610":"\u00e5et ","611":"ttet","612":"lled","613":"kamp","614":"s\u00f8ge","615":"aler","616":"skul","617":"teri","618":"tre ","619":"hjem","620":" nye","621":" bor","622":"ting","623":"skol","624":"idst","625":"fik ","626":"aget","627":"dern","628":"sene","629":"st\u00f8r","630":"enes","631":" ige","632":"met ","633":"tes ","634":"kere","635":"erfo","636":"gens","637":" tr\u00e6","638":" ken","639":" tra","640":"tels","641":"sage","642":"erso","643":"sat ","644":"stad","645":"part","646":" fik","647":"nogl","648":" ham","649":"slag","650":"agt ","651":"kole","652":" fri","653":" fan","654":" van","655":"tige","656":" syn","657":"ldel","658":"t\u00e5r ","659":"atis","660":"anme","661":"forh","662":"beds","663":"les ","664":" f\u00e5r","665":" f\u00f8l","666":"ist ","667":"eter","668":"nmel","669":"r\u00e5de","670":"kont","671":" mus","672":" vej","673":"rson","674":"esse","675":"rive","676":"rigt","677":"ade ","678":"f\u00e5r ","679":"ejse","680":"elde","681":"dend","682":"nist","683":"gte ","684":"st\u00e5r","685":"g\u00f8r ","686":" uds","687":" kam","688":" m\u00e5 ","689":"god ","690":"orda","691":"nlig","692":"llin","693":"ode ","694":"rett","695":" opl","696":"bet ","697":"nnes","698":"jer ","699":"kede","700":"plan","701":" ban","702":"hove","703":"nede","704":" sko","705":"rdi ","706":"oved","707":"rejs","708":"kull","709":" liv","710":"nye ","711":"udvi","712":" l\u00e6s","713":"plad","714":"ert ","715":"entl","716":"dog ","717":"pris","718":"nok ","719":"rre ","720":" dog","721":"elli","722":"ifte","723":"b\u00f8rn","724":" nok","725":"isti","726":"r\u00e6kk","727":"ktio","728":"gene","729":"edet","730":"tig ","731":" mes","732":" ski","733":"alen","734":"isse","735":"rter","736":"hele","737":"ntli","738":" des","739":"isto","740":"ham ","741":"dann","742":"nest","743":"kald","744":"navn","745":"bage","746":"keli","747":"mini","748":" mor","749":"ever","750":"edes","751":"klar","752":"rise","753":"rere","754":"tide","755":"ngel","756":" pr\u00e6","757":"dele","758":"vels","759":"fred","760":"rdan","761":"ted ","762":"indr","763":"sser","764":" ing","765":"erik","766":"vere","767":"hj\u00e6l","768":"><nu","769":" the","770":"j\u00e6lp","771":"um><","772":"m><n","773":"ilke","774":"vord","775":" val","776":" vin","777":"nord","778":"eske","779":" udg","780":" g\u00e5r","781":"atur","782":"iet ","783":" sik","784":"ions","785":" mil","786":"ttel","787":" eng","788":"\u00f8rer","789":"tel ","790":" vel","791":"org ","792":" tre","793":"m\u00e5l ","794":"ante","795":"jde ","796":"pen ","797":"kken","798":" afs","799":"list","800":"tigt","801":"amt ","802":"rte ","803":" ege","804":"nati","805":"enha","806":" blo","807":"star","808":" sag","809":"vilk","810":"rand","811":"uppe","812":"etal","813":"deri","814":"slut","815":"tal ","816":"vest","817":"sids","818":"\u00e6rke","819":"orte","820":"kriv","821":"ord ","822":"vent","823":"ense","824":"hvil","825":"hist","826":"geli","827":"bygg","828":"orie","829":"orma","830":"mr\u00e5d","831":"ivet","832":" hos","833":"egen","834":" led","835":"kort","836":" fil","837":"rodu","838":"vise","839":" anm","840":" b\u00e5d","841":"the ","842":"b\u00e5de","843":" fly","844":"erli","845":"ktiv","846":"omr\u00e5","847":"mune","848":" n\u00e6s","849":" hus","850":"\u00f8ben","851":"mass","852":"film","853":"derf","854":"geri","855":"amle","856":"n\u00e6st","857":"ndig","858":"rke ","859":" ja ","860":"itte","861":"lads","862":"dige","863":" ans","864":"arke","865":"enin","866":"\u00e6gge","867":"idli","868":"lag ","869":"hus ","870":"mmel","871":"ilba","872":"mati","873":"onal","874":"blan","875":"uger","876":" tak","877":"ensk","878":"tidl","879":"ven ","880":"orst","881":"lbag","882":"\u00f8de ","883":"serv","884":"unge","885":"sv\u00e6r","886":"ervi","887":"rhol","888":"mens","889":"nale","890":"unkt","891":"oppe","892":" hov","893":"yste","894":"nstr","895":"utte","896":" st\u00e5","897":"embe","898":"nesk","899":" far","900":"jord","901":"nte ","902":"gge ","903":"f\u00f8re","904":"cere","905":" sit","906":"indt","907":"rde ","908":"prod","909":"ersk","910":"kom ","911":"l\u00e6ng","912":"inis","913":"iner","914":"kter","915":"tart","916":"jern","917":"benh","918":"anta","919":" ene","920":"menn","921":"stru","922":"son ","923":" kal","924":"avne","925":"mber","926":"besk","927":"prog","928":"ndle","929":"idde","930":" rej","931":"vikl","932":" hj\u00e6","933":"kell","934":"nem ","935":"bedr","936":"vel ","937":"fald","938":"tak ","939":" mid","940":"seri","941":"fuld","942":"vens","943":"sikk","944":"nsen","945":"rupp","946":"tadi","947":"ror ","948":"\u00e6rel","949":"alis","950":"nhav","951":"olle","952":"\u00e6rdi","953":"stis","954":"skre","955":"\u00f8rre","956":"kirk","957":"esti","958":" lev","959":"itik","960":"\u00e6lle","961":"ader","962":"rie ","963":"orme","964":"ukke","965":" os ","966":"fatt","967":"rier","968":" ord","969":"rken","970":"lket","971":" nav","972":"lge ","973":"dler","974":"itis","975":" ins","976":"iker","977":"tik ","978":"fte ","979":"vede","980":" byg","981":"t\u00e6nk","982":"hos ","983":"rs\u00f8g","984":" bag","985":"tive","986":"l\u00e6gg","987":"krig","988":"rege","989":"dvik","990":"grup","991":" ung","992":"prin","993":"v\u00e6rk","994":"dder","995":"ters","996":"rien","997":"urde","998":"mili","999":" kvi","1000":" gam","1001":"fund","1002":"\u00e6lde","1003":"akke","1004":"tur ","1005":"krin","1006":"stri","1007":"spor","1008":"h\u00e5nd","1009":" sty","1010":"syne","1011":" met","1012":"kab ","1013":"amer","1014":"olke","1015":" t\u00e6n","1016":"ndsk","1017":"ekte","1018":" beh","1019":" ald","1020":"mode","1021":"ppe ","1022":"erve","1023":" omk","1024":"uge ","1025":" sva","1026":"mmet","1027":" kir","1028":"\u00e5dan","1029":"tegn","1030":"s\u00e5da","1031":" s\u00e5d","1032":"vist","1033":"saml","1034":" off","1035":"rkel","1036":"sp\u00f8r","1037":"pper","1038":"lte ","1039":"ance","1040":"kvin","1041":"rder","1042":"ogra","1043":"\u00e6nde","1044":" n\u00e6r","1045":"ant ","1046":"p\u00f8rg","1047":"tog ","1048":"musi","1049":"eger","1050":"olog","1051":"tyde","1052":"heds","1053":"erst","1054":" his","1055":"l\u00e6re","1056":"aver","1057":"mine","1058":"\u00e6rli","1059":"rnes","1060":"arer","1061":"tils","1062":"m\u00e6rk","1063":"logi","1064":"ativ","1065":"dst ","1066":"rst ","1067":" lil","1068":"cial","1069":" m\u00e5l","1070":"rgen","1071":" l\u00e6n","1072":"ekst","1073":"orts","1074":"ofte","1075":"krev","1076":"risk","1077":" h\u00f8r","1078":" stu","1079":" art","1080":" jul","1081":" opr","1082":"inst","1083":"dsen","1084":"iona","1085":"ned ","1086":" ger","1087":"ksom","1088":"pr\u00e6s","1089":"gjor","1090":"usik","1091":"sigt","1092":" bye","1093":"veje","1094":" fal","1095":" fun","1096":" pen","1097":"tten","1098":"lill","1099":"rug ","1100":"\u00e5ske","1101":"gode","1102":"nfor","1103":"llan","1104":"offe","1105":"rkso","1106":"ding","1107":" ber","1108":"edre","1109":"lses","1110":"rger","1111":"tror","1112":"rakt","1113":"adig","1114":"umme","1115":"ersi","1116":"nove","1117":" jer","1118":"alti","1119":"bold","1120":"ejen","1121":"reve","1122":"punk","1123":" d\u00f8d","1124":"ndst","1125":"klub","1126":" lov","1127":"dent","1128":"vert","1129":" sla","1130":"t\u00f8rr","1131":"orho","1132":" hal","1133":"natu","1134":"f\u00f8r ","1135":"ampe","1136":" sp\u00f8","1137":"ften","1138":" ant","1139":" sol","1140":"byen","1141":"lles","1142":"enta","1143":"lden","1144":"oder","1145":"tati","1146":"kons","1147":"lagt","1148":"rans","1149":" ske","1150":" aft","1151":"kket","1152":"ben ","1153":" ful","1154":"\u00e6nke","1155":"lite","1156":" ny ","1157":"\u00f8rn ","1158":"tilf","1159":"begy","1160":"etyd","1161":"mhed","1162":"digt","1163":"egyn","1164":"tyre","1165":"agte","1166":"ejds","1167":"jder","1168":"entr","1169":"gynd","1170":"skin","1171":"delt","1172":"bety","1173":"omhe","1174":"tike","1175":"edle","1176":"nten","1177":"nels","1178":"omkr","1179":" k\u00f8r","1180":"ejer","1181":"somh","1182":" f\u00f8d","1183":"gne ","1184":" kar","1185":" uni","1186":"tate","1187":"nkel","1188":"m\u00f8de","1189":" s\u00f8n","1190":"\u00f8rt ","1191":" red","1192":"mtid","1193":"f\u00f8rt","1194":"v\u00e6rd","1195":"nive","1196":"ldet","1197":"tran","1198":" ops","1199":"kel ","1200":"mkri","1201":" fak","1202":" spe","1203":"ltid","1204":"oren","1205":"tell","1206":"ssen","1207":"tens","1208":"diss","1209":"oble","1210":"rika","1211":"medl","1212":"hell","1213":"mene","1214":"amp ","1215":" vig","1216":"lage","1217":"okal","1218":"\u00f8ger","1219":"orbi","1220":"assa","1221":" s ","1222":"m\u00e5sk","1223":"vigt","1224":" m\u00e5s","1225":"dlem","1226":" spr","1227":"talt","1228":"angs","1229":"sels","1230":"ard ","1231":"rup ","1232":"l\u00f8be","1233":"disk","1234":" por","1235":"gave","1236":" kli","1237":"ilie","1238":" sex","1239":"forl","1240":" oft","1241":"sfor","1242":"ncer","1243":"ppen","1244":"time","1245":"\u00e5ret","1246":"m\u00e5de","1247":"rekt","1248":"jemm","1249":"olk ","1250":" uge","1251":"enig","1252":"tysk","1253":"gvis","1254":"igne","1255":"\u00f8ren","1256":"aner","1257":"mask","1258":" net","1259":" dat","1260":" ben","1261":"ddel","1262":"sit ","1263":"bind","1264":"meri","1265":" bra","1266":"klin","1267":"tall","1268":"regi","1269":"regn","1270":"igvi","1271":"stud","1272":"ilde","1273":"gent","1274":"fakt","1275":"lign","1276":"ads ","1277":"verv","1278":"spro","1279":"drin","1280":" akt","1281":"\u00e6rt ","1282":"amil","1283":"anse","1284":"ktis","1285":" kra","1286":" cha","1287":" opf","1288":"nkt ","1289":"dit ","1290":"gik ","1291":"radi","1292":"dukt","1293":"fran","1294":" bre","1295":"kong","1296":"ynes","1297":" fas","1298":"soci","1299":"rene","1300":"erna","1301":" dit","1302":"erg ","1303":"ensi","1304":"kern","1305":" syd","1306":"anke","1307":"enst","1308":" a ","1309":"ture","1310":" ele","1311":"agel","1312":"une ","1313":"nce ","1314":" opt","1315":"rhus","1316":"sine","1317":" s\u00f8g","1318":" udf","1319":" kro","1320":" mis","1321":"sang","1322":"rem ","1323":"oden","1324":" l\u00e6r","1325":"gter","1326":"dgiv","1327":"sm\u00e5l","1328":"idig","1329":"\u00f8dt ","1330":"ssag","1331":" v\u00e6k","1332":" m\u00f8d","1333":"euro","1334":"efor","1335":"\u00e6lge","1336":"dlin","1337":"fami","1338":" sky","1339":"prob","1340":" lad","1341":"mpe ","1342":" nyt","1343":"tr\u00e6k","1344":"mpel","1345":"sund","1346":"ntet","1347":"r\u00f8ve","1348":"rst\u00e5","1349":"ople","1350":" tys","1351":"itio","1352":"ndli","1353":"etni","1354":"hend","1355":" omr","1356":"robl","1357":"vorf","1358":"aber","1359":"\u00f8nsk","1360":" run","1361":"blem","1362":"derl","1363":" m\u00e5d","1364":"drag","1365":"evel","1366":"medi","1367":"yen ","1368":"gler","1369":"test","1370":"erte","1371":" h\u00e5b","1372":" ang","1373":"anis","1374":"tted","1375":"sogn","1376":" fir","1377":"oduk","1378":"ift ","1379":"erat","1380":"riti","1381":"kte ","1382":"lger","1383":"komp","1384":"dtag","1385":"ital","1386":"pr\u00f8v","1387":"ses ","1388":" sog","1389":"olig","1390":"nker","1391":"lass","1392":"tryk","1393":" s\u00e6r","1394":" lin","1395":"h\u00e5be","1396":"enke","1397":"istr","1398":"lske","1399":"top ","1400":" ren","1401":"ddan","1402":"h\u00e6ng","1403":" l\u00f8b","1404":" mat","1405":"asti","1406":"edde","1407":" tur","1408":"aldr","1409":"ikle","1410":"ngle","1411":"ldre","1412":"isme","1413":"ikan","1414":"oldt","1415":"bane","1416":"leme","1417":"emen","1418":"lykk","1419":"ise ","1420":"gsm\u00e5","1421":"ivel","1422":"vej ","1423":"ocia","1424":"irks","1425":"rked","1426":"ydel","1427":" \u00f8ns","1428":"jen ","1429":"endn","1430":"avet","1431":" pas","1432":"rift","1433":"rgan","1434":" set","1435":"orfo","1436":" cen","1437":"aski","1438":"plev","1439":" jan","1440":"ndnu","1441":"esta","1442":"ramm","1443":"olen","1444":"dnu ","1445":"nej ","1446":" soc","1447":" nej","1448":"fast","1449":" s\u00e6t","1450":"skil","1451":"retn","1452":"nser","1453":"sern","1454":"oven","1455":"rind","1456":"ole ","1457":" fod","1458":"ldri","1459":"ald ","1460":" bev","1461":"alli","1462":"peri","1463":"sone","1464":"tjen","1465":" pre","1466":"beta","1467":"dtil","1468":"loka","1469":"lot ","1470":"ffen","1471":"ekse","1472":"\u00f8rgs","1473":"leje","1474":"emt ","1475":"lad ","1476":"nern","1477":"rnat","1478":"oste","1479":"ekt ","1480":"forv","1481":" r\u00e6k","1482":"inan","1483":"f\u00e6rd","1484":" sna","1485":" tri","1486":"udgi","1487":"\u00f8mme","1488":"omst","1489":"aft ","1490":" r\u00e5d","1491":" ide","1492":"ngt ","1493":" kol","1494":"spar","1495":" enk","1496":" d ","1497":" eur","1498":"\u00e5rli","1499":"\u00e6sen","1500":"tidi","1501":"llen","1502":"t\u00f8rs","1503":" ves","1504":"h\u00f8re","1505":"m\u00e6nd","1506":" fam","1507":"tids","1508":"sisk","1509":"afte","1510":" h\u00e5n","1511":"ssio","1512":"aske","1513":" ca ","1514":"ris ","1515":"park","1516":" sve","1517":"sind","1518":"sent","1519":"syst","1520":"digh","1521":"nska","1522":"drig","1523":"st\u00e5e","1524":"tiv ","1525":"reds","1526":" slu","1527":" eje","1528":"urop","1529":"roll","1530":"rdig","1531":"tete","1532":" lok","1533":"lern","1534":"enti","1535":" tin","1536":"gram","1537":"pass","1538":" spo","1539":"forf","1540":" sup","1541":"rugt","1542":"nven","1543":"df\u00f8r","1544":"temm","1545":"undt","1546":"udda","1547":" m ","1548":" km ","1549":"hen ","1550":"peng","1551":"m\u00e5ne","1552":" gla","1553":"rs\u00e6t","1554":"k\u00f8re","1555":" nem","1556":"anda","1557":"eks ","1558":"tr\u00e6n","1559":" hur","1560":"rsen","1561":"somm","1562":"aden","1563":"alts","1564":" tan","1565":"\u00e6gte","1566":"ggen","1567":"bere","1568":"sex ","1569":"sand","1570":" lys","1571":"pres","1572":"band","1573":"lien","1574":"ilm ","1575":"erre","1576":"skyl","1577":"once","1578":"ers\u00e6","1579":"aldt","1580":" mag","1581":"\u00e6rer","1582":"ehol","1583":"orm ","1584":"bred","1585":"ast ","1586":"nytt","1587":"mle ","1588":" \u00f8st","1589":"orve","1590":"urti","1591":"\u00e6mpe","1592":"rhed","1593":" bol","1594":"tali","1595":"huse","1596":"edel","1597":"rgsm","1598":"mart","1599":"rtig","1600":" tek","1601":"inal","1602":"rant","1603":"hurt","1604":"rage","1605":"ntra","1606":"nomi","1607":"\u00e5ben","1608":"\u00e6ndi","1609":"jere","1610":" bog","1611":" eni","1612":" sun","1613":"love","1614":"ts\u00e5 ","1615":"mill","1616":"lts\u00e5","1617":"empe","1618":"midt","1619":" kul","1620":"lemm","1621":" m\u00e5n","1622":"klas","1623":"dene","1624":" klu","1625":" spa","1626":"rten","1627":"orre","1628":"gr\u00f8n","1629":"nnel","1630":" v\u00e6l","1631":"\u00e5ber","1632":"vurd","1633":"\u00f8rne","1634":"midd","1635":" sv\u00e6","1636":" bri","1637":"dire","1638":"enhe","1639":"nhed","1640":"tis ","1641":"ekti","1642":"ttes","1643":" gr\u00e6","1644":" g\u00e5 ","1645":"iale","1646":" mon","1647":"erse","1648":" sat","1649":"gnet","1650":"t\u00e6rk","1651":" pos","1652":" gjo","1653":"onst","1654":"line","1655":"alg ","1656":"sens","1657":"liv ","1658":" f\u00e6r","1659":"unst","1660":"gr\u00e6n","1661":"nsta","1662":" udt","1663":"blik","1664":"ldes","1665":"st\u00e6r","1666":"l\u00e6se","1667":"kult","1668":"elin","1669":"ence","1670":"k\u00e6mp","1671":"bud ","1672":"fork","1673":" mad","1674":"onom","1675":" top","1676":"angt","1677":"satt","1678":"ldig","1679":"jekt","1680":"arve","1681":"rnet","1682":"n\u00e6vn","1683":"ligv","1684":"arin","1685":" st\u00e6","1686":" tim","1687":"ndti","1688":"kyld","1689":"r\u00e6ns","1690":"kale","1691":"orga","1692":" udd","1693":"t\u00e6ll","1694":" pr\u00f8","1695":"greb","1696":" mit","1697":"iere","1698":" chr","1699":"ejli","1700":"irek","1701":"assi","1702":"\u00e6lp ","1703":"grat","1704":" afg","1705":" bel","1706":"fekt","1707":"alte","1708":"lyse","1709":"alit","1710":"rens","1711":"kelt","1712":"ikli","1713":"dbol","1714":"byde","1715":"tner","1716":"prof","1717":"bla ","1718":"sdag","1719":"st\u00f8t","1720":"undl","1721":"\u00e6lpe","1722":" tog","1723":"kert","1724":"ors\u00f8","1725":"aste","1726":"vne ","1727":"ogn ","1728":"erti","1729":"tort","1730":"nner","1731":"t\u00e6nd","1732":"veri","1733":"kuns","1734":"kris","1735":"onli","1736":"oris","1737":"one ","1738":"sel ","1739":"ltur","1740":"imer","1741":"spec","1742":"olds","1743":"v\u00e6k ","1744":" flo","1745":"dgan","1746":"lest","1747":"elte","1748":"trol","1749":" bas","1750":"ndin","1751":"ire ","1752":" l\u00f8s","1753":" l\u00e6g","1754":"beha","1755":"\u00e6ndr","1756":" ame","1757":"\u00f8tte","1758":"ylde","1759":"otte","1760":"dine","1761":"dska","1762":" dyr","1763":"derv","1764":"ejle","1765":" bro","1766":"rbin","1767":"illa","1768":"arme","1769":"jlig","1770":"sket","1771":"rmer","1772":"l\u00e6de","1773":"abet","1774":"gste","1775":"dsat","1776":"rum ","1777":"lers","1778":"unds","1779":" rel","1780":"ksem","1781":"ntal","1782":" inf","1783":" f\u00e5e","1784":"\u00e5det","1785":"scor","1786":" tru","1787":"iges","1788":"t\u00f8tt","1789":"v\u00e6lg","1790":" gik","1791":"kans","1792":"\u00e6nd ","1793":"semp","1794":"rmen","1795":"f\u00e5et","1796":"gift","1797":"chri","1798":" aut","1799":"\u00f8ver","1800":"ontr","1801":"berg","1802":"\u00e6ldr","1803":"morg","1804":" kr\u00e6","1805":"ynde","1806":"\u00e6ren","1807":"peci","1808":"\u00e5ned","1809":"t\u00f8r ","1810":"uder","1811":"lukk","1812":"hris","1813":"mit ","1814":"l\u00e6s ","1815":"onge","1816":"lska","1817":"\u00e6rre","1818":"begr","1819":" fje","1820":"sikr","1821":"graf","1822":"yde ","1823":"rate","1824":" opd","1825":" kva","1826":" n\u00f8d","1827":"ubbe","1828":"even","1829":"lytt","1830":"gisk","1831":"onta","1832":"gner","1833":"ultu","1834":"dets","1835":"isen","1836":"skif","1837":" vur","1838":"reni","1839":" bek","1840":"rman","1841":"demo","1842":"\u00e6nse","1843":"indl","1844":"erme","1845":"rtik","1846":"site","1847":" \u00f8ko","1848":"lyde","1849":"feri","1850":"g\u00e5rd","1851":"andi","1852":"iter","1853":"red ","1854":"lutt","1855":"\u00f8rte","1856":"ngre","1857":"\u00f8rge","1858":" gr\u00f8","1859":"g\u00e6ld","1860":"udst","1861":"nget","1862":" kat","1863":" \u00e6nd","1864":" usa","1865":" \u00e5re","1866":"\u00e6der","1867":" ram","1868":"ygni","1869":"trum","1870":"ngst","1871":"trat","1872":"h\u00f8je","1873":"halv","1874":"rik ","1875":"els ","1876":"tiet","1877":"nal ","1878":"auto","1879":"gede","1880":"akte","1881":" alb","1882":"kift","1883":" sej","1884":"par ","1885":"jort","1886":"sign","1887":"umen","1888":"rmed","1889":" dir","1890":"rret","1891":"gion","1892":" m\u00e6n","1893":"affe","1894":" syg","1895":"r\u00e5d ","1896":"orbe","1897":"nds ","1898":"anti","1899":"domm","1900":"hund","1901":"mate","1902":"rogr","1903":"ustr","1904":" fer","1905":" inv","1906":"stig","1907":" lyd","1908":"nyt ","1909":"spun","1910":" r\u00f8d","1911":" sm\u00e5","1912":"ordr","1913":"voks","1914":"takt","1915":"dsti","1916":"ehan","1917":"dom ","1918":"amar","1919":"\u00f8st ","1920":"gaml","1921":"kono","1922":"\u00e6rk ","1923":"eri ","1924":"aren","1925":" sal","1926":"st\u00e6n","1927":"bran","1928":" dre","1929":"pige","1930":"rvej","1931":"sper","1932":"d\u00e5rl","1933":"ttig","1934":"\u00f8nne","1935":"skov","1936":"albu","1937":" vok","1938":"\u00e6son","1939":"skat","1940":"bjer","1941":"udga","1942":" car","1943":" d\u00e5r","1944":"mmes","1945":" sp\u00e6","1946":"ndhe","1947":"gdom","1948":"grad","1949":"varm","1950":"\u00f8kon","1951":" dom","1952":" bry","1953":" k\u00e6r","1954":"lati","1955":"pete","1956":"gde ","1957":"ciel","1958":"uper","1959":"amti","1960":"igst","1961":"ndby","1962":" gul","1963":" rom","1964":"v\u00e6rt","1965":"holm","1966":" rol","1967":"s\u00e6rl","1968":"aret","1969":"vild","1970":"f\u00e6ll","1971":"rang","1972":"norm","1973":"uar ","1974":"trak","1975":"adse","1976":"s\u00e6so","1977":"sidd","1978":"misk","1979":"mods","1980":"ersa","1981":" smi","1982":"tro ","1983":"lett","1984":"ragt","1985":"erio","1986":"ort\u00e6","1987":" dri","1988":"ves ","1989":"gten","1990":"pil ","1991":"anve","1992":"algt","1993":"nl\u00e6g","1994":"edie","1995":"ideo","1996":"lene","1997":"anal","1998":"tast","1999":" luk","2000":"oret","2001":"lgen","2002":"date","2003":"ukti","2004":"sult","2005":"\u00f8ge ","2006":" gav","2007":"duce","2008":"orsl","2009":"lar ","2010":"lsk ","2011":"0000","2012":"nig ","2013":" of ","2014":"gani","2015":"nisk","2016":"krif","2017":"okse","2018":" sim","2019":"husk","2020":" sor","2021":"raft","2022":"proj","2023":"roje","2024":" ros","2025":" \u00e5bn","2026":"dsta","2027":"s\u00f8nd","2028":" udl","2029":"lie ","2030":"konk","2031":"st\u00e5 ","2032":"riod","2033":"uren","2034":"yske","2035":" k\u00e6m","2036":"kade","2037":"lubb","2038":"univ","2039":"marb","2040":"rt\u00e6l","2041":"sama","2042":"f\u00f8dt","2043":"edt ","2044":"eral","2045":"orsv","2046":"orer","2047":" bur","2048":" alm","2049":"lgt ","2050":" sle","2051":"angl","2052":"kstr","2053":"odbo","2054":" anv","2055":"fodb","2056":"rsla","2057":" jor","2058":" h\u00e5r","2059":"farv","2060":"bygn","2061":"samf","2062":"fant","2063":"forr","2064":"kost","2065":"ers\u00f8","2066":"rdel","2067":" opg","2068":"supe","2069":"lbum","2070":"gget","2071":"fent","2072":"ejre","2073":"int ","2074":"ude ","2075":"proc","2076":"dret","2077":"dhed","2078":"amfu","2079":"rket","2080":"fina","2081":"nke ","2082":"g\u00e6st","2083":"enfo","2084":"rets","2085":"dede","2086":"lend","2087":"midl","2088":"indb","2089":"ian ","2090":"sist","2091":"mfun","2092":"yrke","2093":"lide","2094":"slet","2095":"enga","2096":"roce","2097":"vite","2098":"forn","2099":" \u00e5rs","2100":"king","2101":"mpen","2102":"resu","2103":"sort","2104":"glad","2105":"ojek","2106":" vol","2107":"lare","2108":"rev ","2109":"rver","2110":"anl\u00e6","2111":"ssis","2112":"rvis","2113":"bund","2114":"iode","2115":"edig","2116":"rner","2117":"rge ","2118":"reft","2119":"trer","2120":"truk","2121":"rigs","2122":"jerg","2123":"tikk","2124":"eksp","2125":"anen","2126":"kild","2127":"orbr","2128":"enli","2129":"ugt ","2130":"elen","2131":"gade","2132":"krit","2133":"stop","2134":"stod","2135":" nov","2136":"ons ","2137":"igte","2138":"porn","2139":"dfor","2140":" tje","2141":" jun","2142":"dred","2143":"luft","2144":"sp\u00e6n","2145":" sma","2146":"utni","2147":" typ","2148":"lutn","2149":" klo","2150":"elev","2151":" sek","2152":"amen","2153":"lege","2154":"dren","2155":"kes ","2156":"essi","2157":"oran","2158":"fisk","2159":"kund","2160":"p\u00e6nd","2161":"kked","2162":"emer","2163":"bile","2164":" mot","2165":"topp","2166":" cor","2167":" org","2168":"dier","2169":"tod ","2170":" rea","2171":" fej","2172":"stol","2173":"nse ","2174":" pig","2175":"kt\u00f8r","2176":" bef","2177":" f\u00e6l","2178":"uld ","2179":"ndri","2180":"endi","2181":"tekn","2182":"grav","2183":" g\u00e6s","2184":"ivt ","2185":"flyt","2186":"kron","2187":"dl\u00e6g","2188":"\u00e6rme","2189":" teg","2190":"d\u00f8de","2191":"orfa","2192":"plys","2193":"jend","2194":" \u00e5rh","2195":"rmat","2196":" f ","2197":"uter","2198":"lter","2199":"mend","2200":"onel","2201":"tend","2202":"stik","2203":"oply","2204":"ndom","2205":"indi","2206":"rafi","2207":" deb","2208":"isni","2209":"idle","2210":" let","2211":" lej","2212":"barn","2213":"ntro","2214":"\u00e5der","2215":"konc","2216":"remt","2217":"vern","2218":" com","2219":" br\u00f8","2220":" tab","2221":"imod","2222":"hvid","2223":"ngsp","2224":"ilbu","2225":"glig","2226":"tian","2227":"fire","2228":"riet","2229":" smu","2230":"derm","2231":"ev\u00e6r","2232":"lekt","2233":"nali","2234":"verf","2235":"yndt","2236":"jene","2237":" hed","2238":"bes\u00f8","2239":"kred","2240":"fjer","2241":"reng","2242":"ods ","2243":"sj\u00e6l","2244":"epte","2245":"tyrk","2246":" haf","2247":"riva","2248":"es\u00f8g","2249":"ilit","2250":"usa ","2251":"vnin","2252":"rven","2253":" yde","2254":"fand","2255":"lbud","2256":"book","2257":"mete","2258":"ton ","2259":"\u00e5rhu","2260":"foru","2261":" mal","2262":"stia","2263":"ator","2264":"\u00f8se ","2265":"l\u00e6g ","2266":"l\u00f8se","2267":" rin","2268":"tral","2269":"trup","2270":"s\u00e6r ","2271":"ltag","2272":"opda","2273":"ice ","2274":"skud","2275":"sme ","2276":"kval","2277":"fest","2278":"visn","2279":"uges","2280":"\u00e5bne","2281":" s\u00e6s","2282":"slan","2283":"info","2284":"eje ","2285":"use ","2286":" dec","2287":"\u00e5rig","2288":" hin","2289":"esul","2290":"haft","2291":"rave","2292":"lund","2293":"ust ","2294":"herr","2295":"krat","2296":"opri","2297":"erho","2298":"ober","2299":"lion","2300":"ntas","2301":"est\u00e5","2302":"tele","2303":"erke","2304":"rent","2305":" tea","2306":"ftig","2307":"mte ","2308":"ergi","2309":"traf","2310":"ate ","2311":"gl\u00e6d","2312":" pra","2313":"ngs ","2314":"vnet","2315":" pet","2316":"\u00e5end","2317":" ter","2318":"tats","2319":"lant","2320":"vali","2321":"appe","2322":"dest","2323":"kraf","2324":" luf","2325":"abel","2326":"vice","2327":"blad","2328":"ikre","2329":"riks","2330":"tank","2331":"lik ","2332":"f\u00f8le","2333":"l\u00f8b ","2334":" tv ","2335":" rep","2336":"mper","2337":"oler","2338":"ngiv","2339":" maj","2340":" udb","2341":"lmin","2342":" sk\u00e6","2343":"edni","2344":"elvf","2345":" pat","2346":"esud","2347":"tude","2348":"sati","2349":"rfat","2350":"ivat","2351":"priv","2352":"modt","2353":"jule","2354":"\u00f8nde","2355":"fyld","2356":"rsat","2357":"gav ","2358":"r\u00e6de","2359":" \u00e6ld","2360":"udse","2361":"stof","2362":"rofe","2363":"stal","2364":"\u00e6tni","2365":"etin","2366":"tant","2367":"cer ","2368":"vari","2369":"ilme","2370":"\u00f8bet","2371":"lima","2372":"sm\u00e5 ","2373":"kant","2374":"k\u00e6re","2375":"desu","2376":"log ","2377":"jyll","2378":"ippe","2379":"fles","2380":"f\u00e6ld","2381":"para","2382":"pera","2383":"alin","2384":"aard","2385":" kas","2386":"ylla","2387":"gaar","2388":"eref","2389":" joh","2390":"angr","2391":"nsti","2392":"base","2393":"tra ","2394":" pop","2395":"kine","2396":"sude","2397":" \u00e9n ","2398":"pel ","2399":" rad","2400":"yhed","2401":"s\u00e6tn","2402":"tivi","2403":"nyhe","2404":"leri","2405":"is\u00e6r","2406":"aris","2407":"afta","2408":"smin","2409":"indf","2410":"ndla","2411":"erta","2412":" is\u00e6","2413":"rite","2414":"ndl\u00e6","2415":"sked","2416":"agli","2417":"mari","2418":"mist","2419":"oduc","2420":"ndsa","2421":"dlag","2422":"ogis","2423":"endo","2424":"bank","2425":"llio","2426":"ient","2427":"nien","2428":"akt ","2429":"vem ","2430":"fer ","2431":"rsva","2432":"eskr","2433":" gl\u00e6","2434":"ldte","2435":"rtal","2436":"sk\u00e6r","2437":"ropa","2438":"tent","2439":"lan ","2440":"lgel","2441":"rsit","2442":"aser","2443":"opst","2444":"okra","2445":"undr","2446":"posi","2447":"kkel","2448":"jem ","2449":"klim","2450":"boli","2451":" lag","2452":"hvem","2453":"osit","2454":"ina ","2455":"\u00f8res","2456":" via","2457":"ags ","2458":"v\u00e6rr","2459":"m\u00e5le","2460":"via ","2461":"arks","2462":"enen","2463":" afh","2464":"aven","2465":"pet ","2466":"bevi","2467":"um>e","2468":"arts","2469":"beli","2470":"denf","2471":"roli","2472":"indu","2473":"refo","2474":" fem","2475":"ffer","2476":" fac","2477":"stit","2478":"erle","2479":"ium ","2480":"lgte","2481":"sven","2482":" t\u00e6t","2483":"vold","2484":"\u00f8der","2485":"ucer","2486":"tivt","2487":"siti","2488":"miss","2489":"minu","2490":"l\u00e6ge","2491":"ekni","2492":"katt","2493":"rog ","2494":"svin","2495":"etop","2496":" sch","2497":"fora","2498":"icer","2499":"estr","2500":"l\u00f8sn","2501":" plu","2502":"adio","2503":"ktor","2504":"agde","2505":"effe","2506":"vrig","2507":"ntak","2508":"besl","2509":"elta","2510":" tha","2511":"egge","2512":"magt","2513":"rtie","2514":"spek","2515":"esv\u00e6","2516":"renc","2517":"onse","2518":"ngan","2519":"skue","2520":" sep","2521":"ndag","2522":" enh","2523":"brit","2524":"rone","2525":"rts ","2526":"egio","2527":" ann","2528":"sagt","2529":"opga","2530":"nera","2531":"dove","2532":"post","2533":"ane ","2534":"s\u00f8g ","2535":"mple","2536":"blot","2537":"m>er","2538":"erfa","2539":"dsel","2540":"able","2541":"spir","2542":"ysni","2543":"lmen","2544":"ikat","2545":" tor","2546":"type","2547":"lysn","2548":" leg","2549":" by ","2550":"\u00f8je ","2551":"nhol","2552":"real","2553":"\u00f8sni","2554":" s\u00e5l","2555":"terf","2556":"neto","2557":" gud","2558":"r\u00e6se","2559":"male","2560":"lise","2561":"jse ","2562":"yrel","2563":" gri","2564":"meli","2565":" fla","2566":"uske","2567":"ftal","2568":"scen","2569":"iler","2570":"\u00e6de ","2571":"tykk","2572":"stau","2573":"evis","2574":" dra","2575":"r\u00e6ve","2576":"tr\u00e6d","2577":" fed","2578":"turl","2579":"almi","2580":"okus","2581":"meni","2582":"g\u00e5et","2583":"pens","2584":"mel ","2585":"ulta","2586":"afsl","2587":"begg","2588":"omat","2589":"emok","2590":"plej","2591":"ldst","2592":"redi","2593":"ages","2594":"titu","2595":"ateg","2596":"nsva","2597":"rems","2598":" fok","2599":"pgav","2600":"undh","2601":"trod","2602":"dtry","2603":"s\u00e5le","2604":"okke","2605":"aten","2606":"\u00f8ste","2607":"sik ","2608":"mokr","2609":"gust","2610":"eser","2611":"esty","2612":"lvf\u00f8","2613":"diti","2614":" gre","2615":"aria","2616":"held","2617":"kels","2618":"lyst","2619":"uset","2620":"raf ","2621":"ars ","2622":" kl ","2623":"foku","2624":"urli","2625":"geng","2626":"vf\u00f8l","2627":"dven","2628":"deba","2629":"orit","2630":" che","2631":"sing","2632":"lub ","2633":"eve ","2634":"jens","2635":"teks","2636":"beho","2637":" bal","2638":"tigh","2639":"kr\u00e6v","2640":"jser","2641":" ale","2642":"jet ","2643":"\u00e6rkt","2644":"rvic","2645":"\u00e5led","2646":"alge","2647":"espi","2648":"kati","2649":"\u00e6rks","2650":"ram ","2651":"igel","2652":" kr ","2653":" fis","2654":"ilf\u00e6","2655":"n\u00e6rm","2656":"nset","2657":"nnet","2658":"tv\u00e6r","2659":" tit","2660":" s\u00f8r","2661":" tho","2662":"lov ","2663":"ldni","2664":"\u00f8vri","2665":"ltat","2666":"reta","2667":" kin","2668":"udfo","2669":"lert","2670":"ansv","2671":"kler","2672":" ori","2673":"\u00e5nde","2674":"lags","2675":"erig","2676":" tem","2677":"darb","2678":"gnen","2679":"nerg","2680":"nsat","2681":" job","2682":"hjer","2683":"ksen","2684":"ces ","2685":"rukt","2686":"rtid","2687":"mern","2688":"reda","2689":"lf\u00e6l","2690":"eria","2691":" fag","2692":"\u00f8jer","2693":"rsta","2694":"evar","2695":" sov","2696":"udva","2697":"juli","2698":"r\u00f8d ","2699":"inje","2700":"emet","2701":"h\u00f8j ","2702":"rtne","2703":"ksis","2704":"rmal","2705":" sj\u00e6","2706":"dspi","2707":"ivit","2708":"nand","2709":"nene","2710":"erla","2711":"juni","2712":" els","2713":" bud","2714":"esto","2715":"artn","2716":" aug","2717":" kil","2718":" n\u00e6v","2719":"opre","2720":"bag ","2721":"\u00f8rel","2722":"eslu","2723":" \u00e5be","2724":"rme ","2725":"rks ","2726":"fejl","2727":"iber","2728":"elvo","2729":"snit","2730":"ul\u00e6r","2731":"bev\u00e6","2732":" new","2733":" aar","2734":"inov","2735":"tudi","2736":"simp","2737":"esom","2738":"ev\u00e6g","2739":"bben","2740":"kino","2741":"oen ","2742":"vid ","2743":"udov","2744":"ranc","2745":"inut","2746":"dvis","2747":"mad ","2748":"foto","2749":"usse","2750":"feks","2751":"dser","2752":"bler","2753":"lken","2754":"egle","2755":"meda","2756":"rykk","2757":"dval","2758":"\u00e6vne","2759":"eldt","2760":"stif","2761":" fek","2762":"rial","2763":"fang","2764":" apr","2765":"onis","2766":"pret","2767":"ndeh","2768":"epar","2769":"ngsk","2770":"kast","2771":">ern","2772":" omg","2773":" rus","2774":"linj","2775":"ngss","2776":"arhu","2777":"ove ","2778":"stje","2779":" ok ","2780":"afst","2781":"emst","2782":"terr","2783":" sys","2784":"mels","2785":"mlin","2786":"vom ","2787":"ggel","2788":"ndg\u00e5","2789":"rlin","2790":"stin","2791":" \u00f8vr","2792":"rfar","2793":"fess","2794":" lyk","2795":"teat","2796":"opul","2797":"taur","2798":"ryde","2799":"seks","2800":"iens","2801":"sonl","2802":"rona","2803":"ydni","2804":"amli","2805":"sejr","2806":" sk\u00f8","2807":" rum","2808":"onde","2809":"lvom","2810":"skib","2811":"ngsm","2812":"opta","2813":"elst","2814":"prak","2815":"v\u00e6ge","2816":"eldi","2817":"ryk ","2818":"teme","2819":" gar","2820":"ofes","2821":" ana","2822":"alie","2823":"popu","2824":"toma","2825":"tift","2826":"rbed","2827":" tel","2828":"okto","2829":" kos","2830":"h\u00e5rd","2831":" lar","2832":"acer","2833":"gers","2834":"spis","2835":"reb ","2836":"skad","2837":"rkla","2838":"s\u00f8gt","2839":"eksi","2840":"indg","2841":"temt","2842":"nken","2843":"fris","2844":"geve","2845":" app","2846":" sl\u00e5","2847":"ffek","2848":"lace","2849":"utio","2850":"bil ","2851":"dkom","2852":"pr\u00e6c","2853":" kap","2854":"jdet","2855":" e ","2856":" afl","2857":" con","2858":"\u00e5tte","2859":"pekt","2860":" jen","2861":"odel","2862":"lanl","2863":"dsig","2864":"befo","2865":"jsen","2866":"ubli","2867":"dski","2868":"esco","2869":"muse","2870":"augu","2871":"dres","2872":"ity ","2873":"r\u00e6ne","2874":"arli","2875":"\u00f8be ","2876":"omer","2877":"isat","2878":"apri","2879":" lis","2880":"tar ","2881":"styk","2882":"ugus","2883":"anua","2884":"aura","2885":" dej","2886":"odta","2887":"ugte","2888":"r\u00e6ci","2889":"bte ","2890":"maj ","2891":"doms","2892":"janu","2893":"gina","2894":"eken","2895":"erhe","2896":"erhv","2897":"uran","2898":" \u00f8je","2899":"llad","2900":"oint","2901":"rigi","2902":"ulde","2903":"bog ","2904":"for\u00e6","2905":"gamm","2906":"yst ","2907":"ovem","2908":" omf","2909":"chef","2910":"hina","2911":" gal","2912":"\u00e6cis","2913":" try","2914":"tsat","2915":"m\u00e5tt","2916":"erud","2917":"mor ","2918":"prov","2919":"pisk","2920":" okt","2921":" kur","2922":"nlan","2923":"muni","2924":"esky","2925":"str\u00e6","2926":"aarh","2927":"deho","2928":"kre ","2929":"insp","2930":"niel","2931":"lkni","2932":" ent","2933":"r\u00e6nd","2934":" ryg","2935":"orbu","2936":"sept","2937":"lget","2938":"snar","2939":"esid","2940":"vemb","2941":"ourn","2942":"rad ","2943":"rhve","2944":"iels","2945":"kste","2946":" g\u00e6l","2947":"spri","2948":"rank","2949":"eten","2950":"orno","2951":"ribe","2952":" m\u00e5t","2953":"poin","2954":"eds ","2955":"igev","2956":"milj","2957":"lars","2958":" pal","2959":"eteg","2960":"mes ","2961":"spla","2962":"dece","2963":"veds","2964":"dags","2965":"arde","2966":"mnin","2967":"meta","2968":"avis","2969":"ngsf","2970":"kaff","2971":"b\u00f8r ","2972":"olkn","2973":" ris","2974":"moto","2975":" tes","2976":"kand","2977":"bro ","2978":" kre","2979":"krav","2980":" m\u00e6r","2981":"etag","2982":"ffic","2983":"ril ","2984":"sor ","2985":"rska","2986":"ilj\u00f8","2987":"data","2988":" gui","2989":"uni ","2990":"ansa","2991":"desv","2992":"otor","2993":"tets","2994":"pril","2995":"tr\u00e5d","2996":"efol","2997":"espe","2998":"ikel","2999":"ivea","3000":"nans","3001":"skni","3002":" tvi","3003":"neri","3004":"temb","3005":" fat","3006":"fere","3007":"rdre","3008":"tier","3009":"stam","3010":"lane","3011":"br\u00e6n","3012":"hent","3013":"avns","3014":"desi","3015":"orkl","3016":"oper","3017":"tag ","3018":"tobe","3019":"mlig","3020":"rtsa","3021":"rsel","3022":"ygte","3023":"omis","3024":"eg\u00e5r","3025":"cept","3026":"nens","3027":"udie","3028":" nyh","3029":"cort","3030":"ptag","3031":"opf\u00f8","3032":"ansi","3033":" esc","3034":"emti","3035":"pede","3036":"impe","3037":"mste","3038":"ure ","3039":"reli","3040":"cemb","3041":"olm ","3042":"omfa","3043":"erf\u00f8","3044":"thai","3045":"publ","3046":" slo","3047":"stet","3048":"ledn","3049":"trad","3050":"nuar","3051":"ryst","3052":" bad","3053":"rdet","3054":"befa","3055":"kara","3056":" cit","3057":"geso","3058":" poi","3059":"\u00e5rd ","3060":"sken","3061":"agne","3062":"drer","3063":"stli","3064":" ran","3065":"rtet","3066":"ebat","3067":"konf","3068":"offi","3069":"lels","3070":" bio","3071":"urer","3072":"cces","3073":" num","3074":"ral ","3075":"ild ","3076":"liga","3077":"tjek","3078":"een ","3079":"indh","3080":"rikk","3081":"gist","3082":"egis","3083":"nkte","3084":"rren","3085":"ncen","3086":" h\u00e6n","3087":"esig","3088":"nspi","3089":"roma","3090":"deru","3091":" erh","3092":"ktob","3093":"ung ","3094":"t\u00e6t ","3095":"ecem","3096":"onto","3097":"lbor","3098":"ntar","3099":" svi","3100":"erma","3101":"mtal","3102":"mage","3103":"ppet","3104":"plac","3105":" 000","3106":" imo","3107":"tabl","3108":"orig","3109":"efal","3110":"eate","3111":"tin ","3112":"emli","3113":"succ","3114":"idsp","3115":"ntre","3116":"ielt","3117":"erva","3118":"itut","3119":"elve","3120":"ogi ","3121":"ngde","3122":"ptem","3123":"rnal","3124":"vejl","3125":"\u00e5rde","3126":"arie","3127":"oron","3128":"tfor","3129":"ftet","3130":" oph","3131":"r\u00e6ld","3132":" eu ","3133":"ndse","3134":"or\u00e6l","3135":" mic","3136":"erfe","3137":"nutt","3138":"mon ","3139":" ark","3140":"urre","3141":"\u00f8ber","3142":"dhol","3143":"edag","3144":"tera","3145":"abe ","3146":" anb","3147":"flyv","3148":"kr\u00e6f","3149":"skyt","3150":"dejl","3151":"burd","3152":"nnin","3153":"ucce","3154":" can","3155":"nsio","3156":"visi","3157":"syge","3158":"regl","3159":"turn","3160":"r\u00e6ft","3161":"ost ","3162":" l\u00e5 ","3163":"neml","3164":"esso","3165":"jour","3166":"\u00e6rin","3167":"erni","3168":" ope","3169":"rods","3170":"l\u00e6st","3171":"atie","3172":"enri","3173":"yer ","3174":"imen","3175":"igin","3176":"ines","3177":"arri","3178":"rtil","3179":"urna","3180":"veau","3181":"klan","3182":" eta","3183":"utom","3184":"issi","3185":"tem ","3186":"\u00e6se ","3187":"far ","3188":" suc","3189":"kus ","3190":" ple","3191":" imp","3192":"ack ","3193":"dame","3194":"\u00e6ngs","3195":"stne","3196":"tien","3197":"ssig","3198":"tema","3199":"\u00e6vnt","3200":"ving","3201":"ern ","3202":"lus ","3203":"ds\u00e6t","3204":"ffe ","3205":"buti","3206":" fes","3207":"rskn","3208":"iven","3209":"efon","3210":"etis","3211":" oms","3212":"d\u00f8d ","3213":"redt","3214":"smag","3215":"kate","3216":"ords","3217":"tilt","3218":"udtr","3219":"temp","3220":"lste","3221":"h\u00f8rt","3222":"last","3223":"isla","3224":"ngsl","3225":"\u00f8lle","3226":"malt","3227":"nett","3228":"oldn","3229":" br\u00e6","3230":"dgav","3231":"kolo","3232":"rela","3233":"rygt","3234":"lin ","3235":"all ","3236":"ogne","3237":"coro","3238":"nche","3239":"tred","3240":" dia","3241":"sag ","3242":"dde ","3243":"elef","3244":" nie","3245":"brud","3246":"sats","3247":"lens","3248":" t\u00f8r","3249":"blom","3250":"prim","3251":"rdag","3252":"astr","3253":"char","3254":"kerh","3255":"smuk","3256":"rnen","3257":"brin","3258":"nisa","3259":"vner","3260":"orm\u00e5","3261":"opa ","3262":"tat ","3263":"t\u00f8j ","3264":"hels","3265":"ntes","3266":"trin","3267":"lefo","3268":" ama","3269":"fice","3270":"n\u00f8dv","3271":" rek","3272":"albo","3273":"arra","3274":" fot","3275":" pan","3276":"pati","3277":" arr","3278":"\u00f8dve","3279":"kurs","3280":"kill","3281":" bid","3282":"egn ","3283":"dyr ","3284":" gad","3285":"firm","3286":"udsk","3287":"arki","3288":" aal","3289":"rebe","3290":"irma","3291":"evne","3292":"\u00e5let","3293":"kytt","3294":"skla","3295":"keti","3296":" isl","3297":"enyt","3298":" dyb","3299":"pf\u00f8r","3300":"dbyg","3301":"ejr ","3302":"unal","3303":"\u00e6rd ","3304":"muna","3305":"repr","3306":"erra","3307":"onku","3308":"bart","3309":"rmes","3310":"sk\u00f8n","3311":"koll","3312":" if\u00f8","3313":"epla","3314":"menl","3315":" ref","3316":"nell","3317":"flot","3318":"ball","3319":" cyk","3320":"nkur","3321":" dam","3322":"mitt","3323":"\u00f8en ","3324":"nart","3325":"arne","3326":"\u00e6ver","3327":"batt","3328":"vati","3329":"ropp","3330":"ess ","3331":"orta","3332":"kass","3333":"alet","3334":" hor","3335":" rev","3336":"litt","3337":" eff","3338":"indk","3339":" erf","3340":"emg\u00e5","3341":"\u00e6ngd","3342":" alv","3343":"ona ","3344":" mob","3345":"m\u00e6ss","3346":"nste","3347":"verh","3348":" in ","3349":"\u00e6ssi","3350":"lleg","3351":"llia","3352":"beny","3353":" kry","3354":"ives","3355":"ook ","3356":"inen","3357":"oman","3358":" eve","3359":"tjer","3360":" dro","3361":"\u00e6fte","3362":"nkti","3363":" pr ","3364":"ista","3365":"eau ","3366":"\u00f8gel","3367":"perf","3368":"nend","3369":"orke","3370":"dvid","3371":"gel ","3372":"b\u00f8ge","3373":"ank ","3374":"efin","3375":"vejr","3376":"ilst","3377":"tron","3378":"reko","3379":"keri","3380":"ntin","3381":"uler","3382":"nemg","3383":"eet ","3384":"ktet","3385":"terl","3386":"ivil","3387":"cert","3388":" fyr","3389":"terh","3390":"uli ","3391":"idet","3392":"orud","3393":"rti ","3394":"ies ","3395":" bun","3396":" amt","3397":"urne","3398":"iern","3399":"dspu","3400":"lke ","3401":"rav ","3402":"ked ","3403":"ile ","3404":"atni","3405":"rern","3406":"dela","3407":"deo ","3408":"msti","3409":"aalb","3410":"snak","3411":" sli","3412":"ran ","3413":"obil","3414":"smit","3415":"kst ","3416":"ehus","3417":" b ","3418":" twi","3419":"numm","3420":"lod ","3421":"remm","3422":"ndho","3423":"edsk","3424":"rapp","3425":"f\u00f8je","3426":"divi","3427":"ilby","3428":"ts\u00e6t","3429":" mun","3430":"olla","3431":"kold","3432":"tren","3433":"anbe","3434":"isio","3435":"adit","3436":"\u00e5nd ","3437":" ode","3438":" ras","3439":"itua","3440":" egn","3441":"term","3442":"mobi","3443":"anch","3444":"unik","3445":" bus","3446":"eld ","3447":"lent","3448":"nbef","3449":" you","3450":" sco","3451":"if\u00f8l","3452":"rale","3453":"etra","3454":"lper","3455":" fyl","3456":"dmin","3457":"funk","3458":" tyd","3459":"atin","3460":" fx ","3461":"geme","3462":"kkes","3463":"tviv","3464":"pul\u00e6","3465":"bete","3466":" jou","3467":"edar","3468":"indv","3469":"orla","3470":"vivl","3471":"andb","3472":"rrel","3473":" ens","3474":"utik","3475":"kret","3476":"olut","3477":"kspe","3478":"uer ","3479":" v ","3480":" ses","3481":"iell","3482":" anl","3483":"usin","3484":"lpe ","3485":"\u00e6st ","3486":"etti","3487":"b\u00e6re","3488":"fari","3489":"tret","3490":"tuel","3491":"\u00e6rhe","3492":"ndar","3493":"span","3494":"dbru","3495":"otek","3496":"trip","3497":"bord","3498":"mede","3499":"lejl","3500":"arse","3501":"smar","3502":"imel","3503":"hest","3504":"fung","3505":" l\u00e6k","3506":" kig","3507":"gans","3508":"ygti","3509":"optr","3510":"ndta","3511":"bryd","3512":"sbor","3513":"anni","3514":"tydn","3515":"estl","3516":"obbe","3517":"ejl ","3518":"ilf\u00f8","3519":" b\u00e6r","3520":"gtet","3521":"oede","3522":"alsk","3523":"pdat","3524":"lbyd","3525":"rsda","3526":"dled","3527":"evan","3528":"psyk","3529":"r\u00f8de","3530":"mgan","3531":"lanc","3532":"\u00e6res","3533":"sver","3534":"lla ","3535":" sjo","3536":"lega","3537":"link","3538":"emte","3539":"\u00f8del","3540":"\u00e6gt ","3541":"h\u00f8jt","3542":"n\u00e6rh","3543":"core","3544":"\u00f8ve ","3545":"itie","3546":"ansp","3547":"rkt ","3548":"tone","3549":"fh\u00e6n","3550":"fine","3551":"ales","3552":" g\u00e5e","3553":"afh\u00e6","3554":"rnin","3555":"ppor","3556":"trag","3557":"yre ","3558":"comp","3559":"salg","3560":"ekor","3561":"derb","3562":"tist","3563":"ehov","3564":" sho","3565":"ete ","3566":"vori","3567":"yret","3568":"ussi","3569":"witt","3570":"ssan","3571":"lott","3572":" div","3573":"epr\u00e6","3574":"kat ","3575":"ial ","3576":" wil","3577":"sjov","3578":"bum ","3579":"tabe","3580":"erel","3581":"ligs","3582":"rran","3583":" gif","3584":"engl","3585":" psy","3586":"arn ","3587":" bib","3588":"chan","3589":"ordn","3590":"ndsp","3591":"\u00e6ner","3592":"rf\u00f8l","3593":"ats ","3594":"rred","3595":"syn ","3596":"ime ","3597":"\u00e5rs ","3598":"lame","3599":"r\u00e6si","3600":"sis ","3601":"mpon","3602":"egre","3603":"twit","3604":"\u00e6sid","3605":"glen","3606":"rh\u00e5n","3607":"iel ","3608":"risi","3609":"dv\u00e6r","3610":"v\u00e6se","3611":"verb","3612":"r\u00e6st","3613":"udf\u00f8","3614":"sede","3615":"twee","3616":"shol","3617":"digv","3618":"inkl","3619":"ndvi","3620":"ntag","3621":"true","3622":" fro","3623":"r\u00f8mm","3624":" o ","3625":" amp","3626":"ldin","3627":"esko","3628":" sym","3629":"adet","3630":"rime","3631":"dygt","3632":" ink","3633":"venn","3634":"boge","3635":"br\u00f8d","3636":"odst","3637":"\u00f8jet","3638":"d\u00e6kk","3639":"weet","3640":"alje","3641":" but","3642":"vns ","3643":"dust","3644":"vask","3645":"eska","3646":"rbru","3647":"udt ","3648":"rdin","3649":"nlin","3650":"aggr","3651":"pare","3652":"loms","3653":"hai ","3654":"omin","3655":"toff","3656":"new ","3657":"admi","3658":"mlet","3659":"ius ","3660":" mik","3661":"rese","3662":"ebet","3663":" ita","3664":"fici","3665":"br\u00f8n","3666":"henr","3667":"str\u00f8","3668":"uesp","3669":"sset","3670":"eris","3671":"\u00e5ede","3672":"ladt","3673":"mund","3674":"inke","3675":"oreg","3676":"fem ","3677":" boo","3678":"frit","3679":"pise","3680":"dvan","3681":"kud ","3682":"pire","3683":"rsle","3684":"etid","3685":"ecie","3686":"redd","3687":"r\u00f8nd","3688":"erkl","3689":"k\u00f8bt","3690":"t\u00e5en","3691":"itle","3692":"s\u00f8n ","3693":"rat ","3694":"ligi","3695":"illy","3696":"pakk","3697":"ong ","3698":"orsi","3699":" web","3700":"ektr","3701":"resp","3702":"flad","3703":"ins ","3704":"nems","3705":"korr","3706":"uner","3707":"egra","3708":"iote","3709":"itiv","3710":"onte","3711":"kues","3712":"ofil","3713":"bar ","3714":"nit ","3715":"vids","3716":"nklu","3717":"erun","3718":"ight","3719":" d\u00e6k","3720":"ibe ","3721":" dk ","3722":"terv","3723":"aen ","3724":"fri ","3725":"mers","3726":"lind","3727":" al ","3728":"essa","3729":"nspo","3730":"oces","3731":"yskl","3732":" k ","3733":"elvi","3734":"dske","3735":"ildt","3736":"ika ","3737":"kurr","3738":"berl","3739":"ukte","3740":"adga","3741":"\u00e6ser","3742":"rts\u00e6","3743":"lipp","3744":"then","3745":"pone","3746":"tors","3747":" twe","3748":"orn ","3749":" jac","3750":"\u00e6gel","3751":"ktur","3752":"dr\u00f8m","3753":"mesi","3754":" h ","3755":"datt","3756":"rkni","3757":"uati","3758":"skan","3759":"klag","3760":"orne","3761":"ndus","3762":"arak","3763":"rved","3764":"adel","3765":"ose ","3766":"lart","3767":"rumm","3768":"driv","3769":"rlan","3770":" p ","3771":"enet","3772":"moti","3773":" feb","3774":"tene","3775":"cis ","3776":"steg","3777":"pita","3778":"hard","3779":"verl","3780":"trik","3781":"russ","3782":"elat","3783":"situ","3784":"troe","3785":"deta","3786":"v\u00e6gt","3787":"alla","3788":"erbo","3789":"udta","3790":"iali","3791":"hov ","3792":"ekt\u00f8","3793":"s\u00e6lg","3794":"erbe","3795":"adt ","3796":"lvor","3797":"tus ","3798":" eri","3799":"itar","3800":"dyre","3801":"\u00f8rin","3802":"ebru","3803":"alvo","3804":" geo","3805":"arat","3806":"tris","3807":"beh\u00f8","3808":"pans","3809":"stid","3810":"hygg","3811":"ersp","3812":"aer ","3813":"rds ","3814":" ank","3815":" col","3816":"ekla","3817":"mg\u00e5r","3818":"lver","3819":"tikl","3820":" s\u00e6l","3821":"sant","3822":"hall","3823":" udk","3824":"egni","3825":"skam","3826":"bidr","3827":" t ","3828":"don ","3829":"stav","3830":" pun","3831":"tamm","3832":"com ","3833":"l\u00f8st","3834":"d\u00f8mm","3835":"rno ","3836":"synl","3837":"krop","3838":"fint","3839":"ermi","3840":"ynli","3841":"nakk","3842":"afg\u00f8","3843":"lygt","3844":"jre ","3845":"fg\u00f8r","3846":"dert","3847":"rrie","3848":"ulds","3849":"ebro","3850":" had","3851":"lier","3852":" afv","3853":"yldt","3854":"elek","3855":" p\u00e5s","3856":"burg","3857":"icie","3858":"lsta","3859":"gele","3860":" abs","3861":"advi","3862":"belt","3863":" nr ","3864":"afik","3865":" def","3866":"tigs","3867":" gem","3868":"mas ","3869":"betr","3870":"tise","3871":"ocen","3872":" log","3873":"\u00f8kke","3874":"eles","3875":" dok","3876":"glan","3877":"ereg","3878":"rras","3879":"pelt","3880":"rag ","3881":"ndbr","3882":"ilen","3883":"icha","3884":"inve","3885":"rted","3886":"heru","3887":"hedd","3888":"ians","3889":"likk","3890":"\u00e6kst","3891":"engi","3892":" afd","3893":"eman","3894":"inat","3895":" \u00f8ge","3896":"tuat","3897":" bea","3898":"cen ","3899":"rome","3900":"r\u00f8nn","3901":"rm\u00e5l","3902":"udsi","3903":"livs","3904":"lset","3905":"dist","3906":"alan","3907":"nel ","3908":" jes","3909":"adsk","3910":"j\u00f8rn","3911":"em\u00e6r","3912":"guld","3913":"afde","3914":"h\u00f8jr","3915":"nolo","3916":"erup","3917":"ndf\u00f8","3918":"viso","3919":"hens","3920":"ata ","3921":"ipad","3922":"teor","3923":"user","3924":"hage","3925":"\u00e6nkt","3926":" gle","3927":" niv","3928":"rvat","3929":"brev","3930":"fdel","3931":"john","3932":" tom","3933":"las ","3934":"okum","3935":"die ","3936":"etab","3937":"dsvi","3938":"ther","3939":"agti","3940":"naly","3941":"empl","3942":"jul ","3943":"ledi","3944":"rask","3945":"dsty","3946":"isku","3947":"jert","3948":"rian","3949":"anie","3950":" gro","3951":"isor","3952":"gori","3953":"reg\u00e5","3954":"ite ","3955":"v\u00e6ks","3956":"uell","3957":"v\u00e6r ","3958":"typi","3959":"edse","3960":"rud ","3961":"mann","3962":"gnes","3963":"ell ","3964":" fry","3965":"rade","3966":" adv","3967":"usk ","3968":"rdri","3969":"ypis","3970":"gtni","3971":"dby ","3972":"job ","3973":"torb","3974":"ortr","3975":"vin ","3976":"\u00f8jre","3977":"bagg","3978":"ared","3979":"ule ","3980":"bber","3981":" l\u00e5n","3982":" lun","3983":"abt ","3984":"atet","3985":" hum","3986":"kryd","3987":"mfat","3988":"lys ","3989":"sike","3990":"nges","3991":"vint","3992":"seli","3993":"\u00f8jes","3994":"afgi","3995":" onl","3996":"ific","3997":"kov ","3998":"inse","3999":"sygd","4000":" uan","4001":"uv\u00e6r","4002":" nuv","4003":"ratu","4004":"lokk","4005":"tilg","4006":"ygdo","4007":"ervs","4008":"ugle","4009":" n\u00e5 ","4010":"menh","4011":"p\u00e5vi","4012":"bent","4013":"tilh","4014":"stro","4015":"rop\u00e6","4016":"loge","4017":"rill","4018":"dskr","4019":"karr","4020":"ikal","4021":"kume","4022":" n\u00f8g","4023":"tyr ","4024":"tlan","4025":"idra","4026":" ane","4027":"rdis","4028":"lf\u00f8j","4029":" udn","4030":"r\u00e6ni","4031":" f\u00e6n","4032":"isik","4033":"remi","4034":"egr\u00e6","4035":"lari","4036":"oker","4037":"glem","4038":"rit ","4039":" has","4040":"neds","4041":"frih","4042":"city","4043":"brys","4044":"lut ","4045":"iget","4046":"ekve","4047":"nemm","4048":"doku","4049":"here","4050":" pau","4051":"yld ","4052":"eled","4053":"lthe","4054":"rber","4055":"mich","4056":"verk","4057":"sejl","4058":"sagd","4059":"chen","4060":"ival","4061":"bade","4062":"tine","4063":"rock","4064":" sgu","4065":"byer","4066":"gran","4067":"bend","4068":"ggru","4069":"demi","4070":"kabt","4071":"idel","4072":"lve ","4073":"jdsp","4074":"ame ","4075":"view","4076":"ekto","4077":"rfek","4078":" adm","4079":"ael ","4080":"im\u00e6r","4081":"uere","4082":"frie","4083":" bon","4084":"velk","4085":"smus","4086":"uans","4087":"adre","4088":"tr\u00f8m","4089":"bern","4090":"ngdo","4091":"\u00e6isk","4092":"rump","4093":"tole","4094":"rose","4095":"nuv\u00e6","4096":" v\u00e6g","4097":"verr","4098":"ngla","4099":"nik ","4100":"emne","4101":"edje","4102":"gr\u00e6s","4103":"insk","4104":" lon","4105":"dtal","4106":" fru","4107":"vidt","4108":"ntor","4109":"face","4110":"ompl","4111":"orli","4112":"ble ","4113":"k\u00e6ft","4114":"ool ","4115":"stni","4116":"niti","4117":"cyke","4118":"\u00e5kal","4119":"raks","4120":"ivni","4121":"vars","4122":"\u00e6nin","4123":" n\u00f8r","4124":"mf\u00f8r","4125":"emf\u00f8","4126":" hej","4127":"dato","4128":"ugen","4129":"bibl","4130":" bak","4131":"ykel","4132":"kage","4133":"unen","4134":"\u00f8nda","4135":" cas","4136":"fedt","4137":"fysi","4138":"emat","4139":"ooki","4140":" teo","4141":"fart","4142":"t\u00e5et","4143":" tot","4144":"udde","4145":"sska","4146":"ssel","4147":"nage","4148":"rmid","4149":"kvar","4150":"ori ","4151":"olie","4152":"dne ","4153":"dell","4154":" s\u00e5k","4155":"smid","4156":"s\u00e5ka","4157":"undg","4158":" chi","4159":"init","4160":"digi","4161":"l\u00e6kk","4162":"sgu ","4163":"rsk ","4164":" ads","4165":"ondo","4166":"ilsk","4167":"it\u00e6r","4168":"sus ","4169":"fale","4170":"llyk","4171":"bert","4172":"kigg","4173":"f\u00f8de","4174":"plus","4175":"bede","4176":" lit","4177":"rich","4178":"ecia","4179":" goo","4180":"gest","4181":"cess","4182":"gnel","4183":"rim\u00e6","4184":" stj","4185":"slev","4186":" p\u00e5v","4187":"roni","4188":"emie","4189":"mail","4190":"rote","4191":"glas","4192":"bat ","4193":"uita","4194":"kabs","4195":"dagl","4196":"el\u00f8b","4197":" utr","4198":"rlad","4199":"stiv","4200":"mina","4201":"ibli","4202":"yser","4203":"erri","4204":"our ","4205":"rfra","4206":"play","4207":"gita","4208":" v\u00e6s","4209":"vnen","4210":"sona","4211":" oli","4212":"beva","4213":"thom","4214":" nyd","4215":"ruds","4216":"udsa","4217":"tr\u00e6t","4218":"\u00f8gte","4219":"op\u00e6i","4220":"mera","4221":"\u00e6ld ","4222":"alys","4223":" cam","4224":"dst\u00e6","4225":"slin","4226":" sil","4227":"entu","4228":"jle ","4229":"nst ","4230":" \u00e5ri","4231":" opk","4232":"oer ","4233":" hyg","4234":"ngig","4235":"igit","4236":"smen","4237":"fl\u00f8j","4238":"dard","4239":"p\u00e6is","4240":" mos","4241":"hann","4242":"rskr","4243":"ddag","4244":"rres","4245":" adg","4246":"sove","4247":"elvs","4248":"\u00e6ngi","4249":"redj","4250":" dav","4251":"irer","4252":"flyg","4253":"rihe","4254":"yndi","4255":"s\u00e6t ","4256":"vart","4257":"rkes","4258":"pdag","4259":"avid","4260":"nves","4261":"nsin","4262":"tegi","4263":"\u00e6ger","4264":"tekt","4265":"oter","4266":"uffe","4267":"erim","4268":"frik","4269":" jam","4270":"nskr","4271":"eng ","4272":"nus ","4273":"ikse","4274":"mett","4275":"emin","4276":"rofi","4277":"um>0","4278":"\u00e6kni","4279":"aet ","4280":"sler","4281":"edsa","4282":"egel","4283":" pub","4284":"rivi","4285":" opm","4286":" rap","4287":"nyde","4288":"avel","4289":"prot","4290":"guit","4291":"lude","4292":"aran","4293":"aksi","4294":"lond","4295":"pira","4296":"kl\u00e6d","4297":"ysk ","4298":"verg","4299":"rudo","4300":"igni","4301":"ivis","4302":"tusi","4303":"ungd","4304":"ombi","4305":"svis","4306":"nstn","4307":"orha","4308":" inn","4309":"ljer","4310":" dr ","4311":"ceri","4312":"k\u00f8b ","4313":" opb","4314":"pute","4315":" opn","4316":"gges","4317":"shop","4318":"sman","4319":"ump ","4320":"hind","4321":"nvit","4322":"ndsy","4323":"ompo","4324":"ria ","4325":"lkom","4326":"mmed","4327":" emn","4328":" hom","4329":"opho","4330":"atti","4331":"brua","4332":"nige","4333":"kser","4334":" acc","4335":"k\u00f8rt","4336":"hej ","4337":"ihed","4338":" ass","4339":"blio","4340":"erga","4341":"gst ","4342":"iati","4343":"oger","4344":"s\u00f8re","4345":" \u00e6gt","4346":"eric","4347":"eran","4348":"febr","4349":"sber","4350":"kest","4351":"koms","4352":"\u00e5rsa","4353":"orti","4354":" wor","4355":"omet","4356":" ad ","4357":"m\u00f8ll","4358":" l\u00f8n","4359":"erda","4360":"ann ","4361":" ik ","4362":"leks","4363":"rsag","4364":"tiva","4365":"uste","4366":"pter","4367":"trop","4368":"ramt","4369":"ftes","4370":"skar","4371":" h\u00e6r","4372":"ntan","4373":"talj","4374":"fted","4375":"rhan","4376":"f\u00e6ng","4377":"ping","4378":"ankr","4379":"udbr","4380":"alre","4381":"ruar","4382":"eler","4383":"opsk","4384":"atri","4385":" win","4386":"gtes","4387":"anno","4388":"jagt","4389":"ndon","4390":"mput","4391":"ebor","4392":"ngse","4393":"nemt","4394":" ube","4395":"idte","4396":"opn\u00e5","4397":"ingl","4398":"skr\u00e6","4399":"reri","4400":"tatu","4401":"lyve","4402":"\u00f8gen","4403":"ripa","4404":"evid","4405":"hanc","4406":" dr\u00f8","4407":"haha","4408":" lea","4409":"enho","4410":"utro","4411":"ause","4412":"raff","4413":"idee","4414":"reak","4415":"stab","4416":"erh\u00e5","4417":"ill ","4418":"um>t","4419":" byd","4420":"drej","4421":" fav","4422":"orse","4423":"derh","4424":"lit\u00e6","4425":"nise","4426":" cir","4427":"liot","4428":"dsom","4429":"rlag","4430":"vogn","4431":"r\u00e5re","4432":"r\u00e6k ","4433":"kven","4434":" fys","4435":"mpet","4436":"edic","4437":"mule","4438":"t\u00e6gt","4439":"back","4440":" hil","4441":"teli","4442":"angi","4443":"imin","4444":"ekno","4445":"ick ","4446":"solg","4447":" avi","4448":"rimi","4449":"slim","4450":"n\u00e6r ","4451":"maet","4452":" cla","4453":" pga","4454":"ase ","4455":"pga ","4456":"sti ","4457":"itan","4458":"ompu","4459":"olgt","4460":"\u00f8jde","4461":" vib","4462":"opti","4463":"rita","4464":"afvi","4465":" sme","4466":"acce","4467":"appo","4468":"henv","4469":"phol","4470":"egor","4471":" b\u00f8g","4472":"unio","4473":" d\u00f8r","4474":" pak","4475":" \u00f8de","4476":"omi ","4477":"lvis","4478":" omt","4479":"uris","4480":"\u00f8ndb","4481":" m\u00f8r","4482":"ink ","4483":"l\u00e6rt","4484":"pege","4485":"ors ","4486":"venl","4487":"opfa","4488":"ntat","4489":"gyld","4490":"ohan","4491":"ddet","4492":"omas","4493":"fulg","4494":"elko","4495":"elth","4496":"lejr","4497":" \u00f8ve","4498":"esen","4499":"erfl","4500":"ndbo","4501":"nite","4502":"cast","4503":"kibe","4504":"holl","4505":"sl\u00e5e","4506":"\u00e5vir","4507":"rrig","4508":" x ","4509":"omt ","4510":"felt","4511":"rhun","4512":"tite","4513":"eori","4514":" ha ","4515":"norg","4516":"rins","4517":"rine","4518":"ifik","4519":"knol","4520":"apan","4521":"bor ","4522":"cher","4523":"ulgt","4524":" ton","4525":"m\u00e6ng","4526":" dr\u00e6","4527":"h\u00f8jd","4528":"ork ","4529":"bumm","4530":"\u00e6den","4531":"cebo","4532":" roc","4533":"bakk","4534":"kyst","4535":"etak","4536":"bort","4537":"jane","4538":"meto","4539":" arg","4540":"eboo","4541":"kens","4542":"led ","4543":"less","4544":" rac","4545":"cirk","4546":"pert","4547":"ege ","4548":"edr ","4549":"spre","4550":"jest","4551":"dsfo","4552":"kle ","4553":"n\u00e5ed","4554":"goog","4555":" att","4556":"rin ","4557":" lat","4558":"roge","4559":"cene","4560":" ime","4561":"rdt ","4562":"ebli","4563":"ign ","4564":"dstr","4565":"j\u00e6ld","4566":"defi","4567":" n\u00e5e","4568":"elan","4569":"sche","4570":"padv","4571":"rinc","4572":"nalr","4573":"j\u00e6ll","4574":"l\u00e6gt","4575":"yse ","4576":"rosk","4577":"ness","4578":"ssor","4579":"syd ","4580":"hef ","4581":"h\u00f8ve","4582":"grib","4583":"ekom","4584":"\u00f8dte","4585":"drif","4586":"nsek","4587":"dsag","4588":"rry ","4589":"usli","4590":"uel ","4591":" sha","4592":"fslu","4593":"tari","4594":"air ","4595":" g ","4596":"yens","4597":"ndsb","4598":"eh\u00f8v","4599":"vang","4600":"eer ","4601":"orsa","4602":"afho","4603":"fsta","4604":"nkri","4605":"ompe","4606":"rom ","4607":"smed","4608":"sl\u00e6g","4609":"oogl","4610":"tode","4611":"fhol","4612":"trav","4613":"brag","4614":" bl\u00e5","4615":"mynd","4616":"\u00e6rge","4617":"fryg","4618":"skaf","4619":"\u00f8rse","4620":"bnin","4621":"itel","4622":"um>\u00e5","4623":"rrin","4624":"sole","4625":"m>\u00e5r","4626":" sav","4627":"seum","4628":"idda","4629":"orl\u00f8","4630":" c ","4631":"m\u00f8rk","4632":"stel","4633":"ype ","4634":"ends","4635":"\u00f8jt ","4636":"onne","4637":"udle","4638":"pr\u00e6g","4639":"ejst","4640":"vant","4641":"imal","4642":"gren","4643":"ming","4644":" jap","4645":"sste","4646":" mai","4647":" h\u00e6v","4648":"geno","4649":"terb","4650":"ntru","4651":"vale","4652":" pin","4653":"dr\u00e6b","4654":" wee","4655":"\u00f8ler","4656":"flyd","4657":"hat ","4658":"tres","4659":" jag","4660":"rtin","4661":"f\u00f8ds","4662":"yper","4663":"m>00","4664":"afri","4665":"k\u00e6rl","4666":"rled","4667":"ngso","4668":"\u00e6lla","4669":"\u00f8jen","4670":"kamm","4671":"joha","4672":"fet ","4673":"teen","4674":"week","4675":"abil","4676":"gud ","4677":"leva","4678":"yldi","4679":"aceb","4680":" ero","4681":"torv","4682":" are","4683":"gerl","4684":"nsig","4685":"japa","4686":" lod","4687":" sce","4688":"rsio","4689":" not","4690":" bje","4691":"nh\u00e6n","4692":"debu","4693":" hit","4694":"rbor","4695":"hamp","4696":"tego","4697":" la ","4698":"tuti","4699":" coo","4700":"adem","4701":"\u00f8gni","4702":"nika","4703":"mont","4704":"g\u00e5en","4705":"enh\u00e6","4706":"s\u00f8rg","4707":"nemf","4708":"ando","4709":"omga","4710":"jysk","4711":"useu","4712":"voka","4713":"dien","4714":"rve ","4715":"kene","4716":"pm\u00e6r","4717":"pskr","4718":"somt","4719":"brik","4720":"s\u00f8gn","4721":" mak","4722":"opm\u00e6","4723":"dici","4724":"tota","4725":"ades","4726":"gsfo","4727":"ivl ","4728":" j\u00f8d","4729":"cell","4730":"slot","4731":"rsku","4732":"fly ","4733":"kane","4734":"tina","4735":" n ","4736":"bem\u00e6","4737":"ldem","4738":"etod","4739":"andm","4740":"avor","4741":"etr\u00e6","4742":"edit","4743":"ebut","4744":"musl","4745":"supp","4746":" sof","4747":"ngsr","4748":" don","4749":"jede","4750":"rbun","4751":"nent","4752":"show","4753":"turi","4754":"bel ","4755":" tun","4756":"lst ","4757":"h\u00e6ve","4758":"carl","4759":"lref","4760":"dale","4761":"favo","4762":"kone","4763":"icin","4764":"homa","4765":"eal ","4766":"pern","4767":"arl ","4768":"r\u00e6ng","4769":" hul","4770":" kna","4771":"fagl","4772":"erge","4773":"libe","4774":"\u00e6ndt","4775":"or\u00e5r","4776":"ffet","4777":"amat","4778":" pil","4779":"kana","4780":"gspu","4781":"onni","4782":"krim","4783":"yden","4784":"rali","4785":"rl\u00f8b","4786":"apit","4787":"vate","4788":"fen ","4789":"sive","4790":" lyt","4791":"ehav","4792":"skyd","4793":"v\u00e6rs","4794":"for\u00e5","4795":"arre","4796":"\u00f8bt ","4797":"irat","4798":" lib","4799":"ood ","4800":"gsel","4801":"klik","4802":"seng","4803":"\u00f8fte","4804":" afb","4805":"fing","4806":"siko","4807":"kers","4808":"uldt","4809":"plig","4810":"enla","4811":"nsyn","4812":"er\u00e5r","4813":"asmu","4814":"sne ","4815":"pler","4816":"\u00f8rke","4817":"relt","4818":"bne ","4819":"edri","4820":"fgif","4821":" mm ","4822":" ers","4823":"l\u00f8ft","4824":"ohn ","4825":"gymn","4826":"eum ","4827":"edvi","4828":"nnon","4829":"seta","4830":"dakt","4831":"aves","4832":"m>ta","4833":"enba","4834":" glo","4835":"pagn","4836":"ryge","4837":"ynte","4838":" lyn","4839":"dlan","4840":"afti","4841":"jent","4842":"\u00e5rdt","4843":"nion","4844":">tal","4845":"yrer","4846":"ymna","4847":"pote","4848":"revi","4849":"ersl","4850":"erro","4851":"dt\u00e6g","4852":"dspl","4853":"mier","4854":"gted","4855":"r\u00f8n ","4856":"olst","4857":"idse","4858":" bin","4859":" las","4860":"cykl","4861":" gym","4862":"rgi ","4863":"blok","4864":"eeke","4865":"mnas","4866":" knu","4867":" hea","4868":"ter\u00e5","4869":" bem","4870":"efer","4871":"lode","4872":"uet ","4873":" rec","4874":" pot","4875":"vedr","4876":"klet","4877":"mpag","4878":"emni","4879":"klip","4880":"ptr\u00e6","4881":"jebl","4882":"ngsa","4883":"krid","4884":" rob","4885":"n\u00e6gt","4886":"otal","4887":"lems","4888":"beke","4889":"rkl\u00e6","4890":"r\u00f8re","4891":"givn","4892":"inci","4893":"olin","4894":" fug","4895":"\u00f8jeb","4896":"rsko","4897":"ltet","4898":" vas","4899":"t\u00f8je","4900":"l\u00e5et","4901":"gulv","4902":"temn","4903":"rlev","4904":"tabt","4905":"born","4906":"t\u00e5el","4907":"r\u00e6t ","4908":"alme","4909":" arm","4910":"trib","4911":"hj\u00f8r","4912":"rium","4913":" j\u00f8r","4914":"rl\u00e6n","4915":"nigh","4916":"ruer","4917":" udo","4918":"medf","4919":"vorl","4920":"orl\u00e6","4921":"sekv","4922":" erk","4923":"cili","4924":"dg\u00e5 ","4925":"\u00f8ern","4926":"\u00e6rde","4927":"ngem","4928":"rmin","4929":"vine","4930":"imme","4931":"lusi","4932":"\u00e5dgi","4933":" bos","4934":" jon","4935":"ed\u00f8m","4936":"r\u00e5dg","4937":" id\u00e9","4938":"\u00e6ge ","4939":"erfr","4940":"kapi","4941":"nded","4942":"lkes","4943":"lfre","4944":"opla","4945":"rasm","4946":"lini","4947":"titl","4948":"r\u00e5dt","4949":" ond","4950":"pple","4951":"omta","4952":"ston","4953":" cho","4954":" boe","4955":"ospi","4956":"lema","4957":"m\u00f8dt","4958":"ntil","4959":" beb","4960":"lagd","4961":"eber","4962":"ones","4963":"vins","4964":"pari","4965":"dsst","4966":"edak","4967":" sl\u00e6","4968":"mus ","4969":"ail ","4970":"etur","4971":"unit","4972":"ryds","4973":"edra","4974":"drik","4975":"dron","4976":"ock ","4977":"epro","4978":"lvst","4979":"otiv","4980":"kite","4981":"thav","4982":"sest","4983":"nned","4984":"inn ","4985":"sbje","4986":"ride","4987":"hopp","4988":"rost","4989":"abri","4990":"kisk","4991":"solu","4992":"rama","4993":"tein","4994":"pfat","4995":"ike ","4996":"oldi","4997":"afsn","4998":"komb","4999":"nnen"}}