{"deu":{"0":"der ","1":" die","2":"die ","3":" der","4":" ein","5":"und ","6":" und","7":"ich ","8":"den ","9":"ten ","10":"eine","11":"num>","12":"<num","13":" in ","14":" <nu","15":"hen ","16":"um> ","17":"chen","18":"gen ","19":" das","20":"ung ","21":"sche","22":"icht","23":"lich","24":" ver","25":"nen ","26":"cht ","27":" sch","28":"das ","29":"isch","30":" mit","31":" den","32":"ein ","33":"ist ","34":"von ","35":"mit ","36":"ine ","37":" auf","38":" von","39":" ist","40":"ren ","41":"che ","42":"ter ","43":" zu ","44":"iche","45":" aus","46":"f\u00fcr ","47":"auf ","48":"sich","49":"ber ","50":"nder","51":"uch ","52":" ich","53":" im ","54":" f\u00fcr","55":" wir","56":"auch","57":" nic","58":"nich","59":"ben ","60":"nter","61":"eich","62":" sic","63":"des ","64":" es ","65":" des","66":"len ","67":" bei","68":"dem ","69":"eit ","70":" sie","71":"ngen","72":"tion","73":" auc","74":"sen ","75":"eite","76":"ner ","77":" sei","78":" wie","79":" dem","80":"ende","81":"als ","82":"nach","83":" als","84":"sie ","85":"rden","86":"\u00fcber","87":"ach ","88":"dies","89":" wer","90":"bei ","91":" vor","92":"nden","93":" nac","94":"chte","95":"men ","96":"iese","97":"aus ","98":"ern ","99":"ann ","100":"erst","101":" ges","102":"ert ","103":"ande","104":"sten","105":"scha","106":"igen","107":"unge","108":" sta","109":"och ","110":"alle","111":" \u00fcbe","112":"eren","113":"schl","114":" bes","115":"ssen","116":"unte","117":" all","118":"iner","119":"rung","120":" sin","121":"inen","122":"eben","123":"iert","124":"wie ","125":" wei","126":" war","127":"sein","128":" an ","129":"ind ","130":"erde","131":"cher","132":"her ","133":"egen","134":" hab","135":"ion ","136":"tlic","137":"tsch","138":" hat","139":" man","140":"and ","141":"rsch","142":" unt","143":"elle","144":"esch","145":" ihr","146":"tung","147":"sind","148":"nsch","149":"nde ","150":"lle ","151":"inde","152":"oder","153":"ass ","154":"vers","155":"werd","156":"ehr ","157":"llen","158":" abe","159":"ange","160":"iede","161":" wur","162":"mein","163":"atio","164":"urde","165":"unde","166":" ent","167":"wurd","168":"habe","169":"rde ","170":"ster","171":"tell","172":"ungs","173":"dass","174":" ode","175":"aber","176":"jahr","177":" wen","178":" so ","179":"acht","180":"urch","181":"hren","182":"eder","183":"durc","184":"stel","185":"erte","186":"erun","187":"ere ","188":" pro","189":"nnen","190":"reic","191":"land","192":"schi","193":"este","194":"wird","195":"ird ","196":"chaf","197":"kann","198":" jah","199":" dur","200":" vie","201":"weit","202":"man ","203":"hat ","204":"haft","205":"mmen","206":"aben","207":"zeit","208":"rich","209":" mei","210":"etzt","211":" ste","212":"fen ","213":"noch","214":" er ","215":" am ","216":"enn ","217":"ehen","218":"nem ","219":"wir ","220":"rech","221":" zum","222":"was ","223":"teil","224":"lung","225":" noc","226":" kan","227":"inem","228":" ber","229":" ers","230":"tisc","231":"ser ","232":"war ","233":"iter","234":"nur ","235":"deut","236":"ger ","237":" nur","238":"itte","239":"ige ","240":"komm","241":" bis","242":" was","243":"ien ","244":"ersc","245":"schw","246":"inte","247":"zum ","248":"alte","249":"sch ","250":"viel","251":"ahre","252":" uns","253":"rste","254":"asse","255":"mmer","256":"inge","257":"ken ","258":" dan","259":"mehr","260":"erei","261":"gesc","262":"rch ","263":"tern","264":" um ","265":" zur","266":"tzt ","267":"iere","268":"dere","269":"ler ","270":"ihre","271":"mer ","272":"spie","273":"tet ","274":"mal ","275":" kom","276":"end ","277":" meh","278":"ste ","279":"lten","280":" neu","281":" kon","282":"iste","283":"rten","284":"echt","285":"tte ","286":"wenn","287":"schr","288":"halt","289":"piel","290":"iten","291":"iele","292":"agen","293":"ute ","294":"enen","295":" zei","296":"vor ","297":"gege","298":"eige","299":"imme","300":" geh","301":"rte ","302":" sol","303":" her","304":"ier ","305":"esse","306":"arbe","307":"eise","308":"ensc","309":"omme","310":"schu","311":" fra","312":"onen","313":" and","314":"beit","315":" lan","316":"ache","317":"rbei","318":" kei","319":"eute","320":"tige","321":"nten","322":"kein","323":"stan","324":"erne","325":" geg","326":"eht ","327":"nung","328":"scho","329":" k\u00f6n","330":"leic","331":" lie","332":"mach","333":" fre","334":"seit","335":" ang","336":"best","337":"zen ","338":"ffen","339":"arte","340":"heit","341":"eist","342":" deu","343":"utsc","344":" gen","345":"keit","346":"nte ","347":"ione","348":"bis ","349":" mus","350":" seh","351":" ger","352":"hre ","353":"zur ","354":"reis","355":"age ","356":"elt ","357":"ese ","358":"rer ","359":"ment","360":"ndes","361":"setz","362":"hte ","363":"euts","364":"olle","365":" gut","366":" str","367":"dung","368":"ters","369":" wel","370":"stad","371":"glic","372":"mitt","373":"gend","374":"iel ","375":"gung","376":" da ","377":"folg","378":" int","379":"tere","380":"ibt ","381":"reit","382":"rund","383":"tier","384":"lte ","385":"k\u00f6nn","386":"steh","387":"dern","388":"bere","389":"eil ","390":"eits","391":"fahr","392":" gew","393":"aft ","394":" jed","395":" dar","396":"esen","397":" mal","398":"wied","399":"mens","400":"ent ","401":"tadt","402":" geb","403":"tand","404":"eins","405":"nnte","406":"eide","407":" heu","408":"chla","409":"atte","410":"inne","411":"bild","412":"isse","413":"gest","414":" du ","415":"ents","416":"chri","417":" gro","418":"chon","419":" zwe","420":"weis","421":"dann","422":"hon ","423":" hie","424":"nser","425":"verb","426":"tag ","427":"nes ","428":"heut","429":"chti","430":"such","431":"ller","432":"ort ","433":"gese","434":"det ","435":"soll","436":"zwei","437":"stra","438":"lang","439":"doch","440":" reg","441":"nisc","442":"neue","443":" mac","444":"sse ","445":"gene","446":"htig","447":"glei","448":" ins","449":"ente","450":"chei","451":"hand","452":"tig ","453":"form","454":"iebe","455":"f\u00fchr","456":"hier","457":"eten","458":"chwe","459":" imm","460":"find","461":"sser","462":"lass","463":"hmen","464":"entl","465":" spi","466":" rei","467":"chts","468":"hten","469":" gel","470":"ers ","471":" lei","472":"ise ","473":" son","474":"ing ","475":"uss ","476":"ens ","477":" men","478":"onde","479":"erwe","480":"lage","481":" ja ","482":"abe ","483":"chie","484":"aten","485":" hin","486":"annt","487":"gibt","488":"unse","489":"ang ","490":" sel","491":"fall","492":"tten","493":" pol","494":"chne","495":"rach","496":" fin","497":" bet","498":"tes ","499":"r\u00fcck","500":"ene ","501":"gro\u00df","502":"ndet","503":" par","504":" mir","505":"rage","506":"chst","507":"geme","508":"mir ","509":" for","510":"sond","511":"lebe","512":"haus","513":"iger","514":" gib","515":" gem","516":" tra","517":"nehm","518":"nge ","519":"tzen","520":"erha","521":" mic","522":" eig","523":"chli","524":"frei","525":"sehr","526":"erge","527":"sier","528":"ntli","529":"eden","530":"erre","531":" per","532":"iden","533":"lieb","534":"poli","535":"llte","536":" zus","537":"ines","538":"erli","539":"amme","540":"ieru","541":"tter","542":"\u00e4nde","543":"einf","544":"cken","545":"dlic","546":"enst","547":"verl","548":"hrer","549":" erf","550":"ausg","551":"uen ","552":"aren","553":"eser","554":"ucht","555":"mich","556":"orde","557":" beg","558":"ihr ","559":"selb","560":"fach","561":"tel ","562":"welt","563":"mmt ","564":"dert","565":"rlic","566":"dien","567":"rgen","568":" jet","569":"les ","570":" gef","571":"nger","572":"sere","573":"uche","574":"\u00f6nne","575":" the","576":"erin","577":" leb","578":"jetz","579":" tei","580":"ktio","581":"nige","582":"ehme","583":"ener","584":"schn","585":"lein","586":" hau","587":"zahl","588":" nat","589":"ele ","590":"rend","591":"erke","592":"ders","593":" rec","594":"weil","595":"onal","596":"stat","597":"grun","598":"orge","599":"hung","600":"ete ","601":"berg","602":"iege","603":"adt ","604":"\u00dfen ","605":"ress","606":"risc","607":"ttel","608":" gan","609":" mar","610":"nnt ","611":" hei","612":"trag","613":" dam","614":"llt ","615":"vom ","616":" vom","617":"eln ","618":"jede","619":"regi","620":"samm","621":" han","622":" tag","623":"ring","624":"it\u00e4t","625":"muss","626":"isti","627":"betr","628":"ganz","629":"emei","630":"etwa","631":"gebe","632":"hatt","633":"ohne","634":"lter","635":" arb","636":"ollt","637":"sehe","638":" sow","639":"hlen","640":" etw","641":"stre","642":"anis","643":" bil","644":"akti","645":"auss","646":" gru","647":"wert","648":"frag","649":"biet","650":"burg","651":"oche","652":"lche","653":"ahr ","654":"all ","655":"verw","656":" eur","657":"star","658":" hal","659":"tzte","660":"ell ","661":" nie","662":"stim","663":"eim ","664":"besc","665":"rein","666":"nken","667":"reib","668":"elte","669":"trie","670":"rtei","671":"erle","672":"timm","673":"unkt","674":"offe","675":"zent","676":"nste","677":"aufg","678":"eing","679":"uten","680":"gena","681":" bez","682":"part","683":"igt ","684":" bek","685":"wisc","686":"zung","687":"ions","688":"sst ","689":" doc","690":"euro","691":"usge","692":"uns ","693":" kin","694":"ellt","695":"bund","696":" wil","697":"klei","698":"vert","699":" bra","700":"chul","701":"ses ","702":"sion","703":"ware","704":"ale ","705":"dene","706":"rum ","707":"hein","708":"lbst","709":"elbs","710":" kle","711":" ans","712":"ertr","713":"igke","714":"gkei","715":" bin","716":"ker ","717":"stei","718":"nner","719":"esta","720":"amen","721":"anz ","722":" woh","723":"ette","724":"kind","725":"est ","726":"zeic","727":"m\u00f6gl","728":"alis","729":"\u00f6gli","730":"ndig","731":"atz ","732":"terr","733":"rrei","734":"nati","735":"alen","736":"oste","737":"letz","738":"ding","739":"iona","740":"wirk","741":" bed","742":"olge","743":"zwis","744":"eres","745":"pers","746":"chre","747":"anke","748":"hied","749":" alt","750":"enti","751":" end","752":" ab ","753":"net ","754":"liti","755":"gr\u00fcn","756":" zwi","757":"ches","758":"ite ","759":"nsta","760":" kri","761":" kla","762":" dir","763":" stu","764":" dre","765":"will","766":"rei ","767":"sch\u00f6","768":" abs","769":"einz","770":"hes ","771":"ober","772":"eile","773":"erla","774":"infa","775":" gle","776":" gra","777":"hend","778":"meis","779":"entw","780":"eini","781":" bew","782":"oll ","783":"verf","784":"olit","785":"rati","786":" pla","787":"wiss","788":" min","789":"erbe","790":"erfo","791":"mati","792":"gang","793":"euer","794":"laub","795":"wend","796":"rank","797":"echn","798":"hne ","799":"freu","800":"erer","801":"mann","802":"rst ","803":" spr","804":"geht","805":"egt ","806":"tehe","807":"lieg","808":"gute","809":"verg","810":"anze","811":"voll","812":"erfa","813":" vol","814":"ro\u00dfe","815":"rieb","816":"eter","817":"lege","818":"esti","819":"gehe","820":"inst","821":"tens","822":" wah","823":"tive","824":"werk","825":"nfac","826":"hrt ","827":"zusa","828":"gut ","829":" pre","830":" erh","831":"kte ","832":" sti","833":"alt ","834":"auer","835":"tage","836":"bin ","837":"hnen","838":"ahme","839":"nlic","840":"rist","841":"uell","842":"lles","843":"iell","844":"ufen","845":"port","846":"rder","847":"test","848":"rige","849":"eset","850":"eis ","851":"usam","852":"egel","853":"iete","854":"eche","855":" mon","856":"gele","857":"verk","858":"sch\u00e4","859":"wer ","860":"lsch","861":" akt","862":"sung","863":"wohn","864":" weg","865":"nier","866":"enig","867":"ndun","868":"inig","869":"ante","870":"chni","871":"ndel","872":"ecke","873":"hrei","874":" sag","875":"staa","876":"ch\u00f6n","877":"gier","878":" ihn","879":"halb","880":"nges","881":"ziel","882":"nahm","883":"rhal","884":" wol","885":"ritt","886":"brau","887":"elen","888":"taat","889":"plat","890":"nzen","891":" kur","892":" fol","893":"usst","894":"><nu","895":"um><","896":"m><n","897":"tzun","898":"st\u00e4n","899":"fest","900":"rin ","901":"ilde","902":"otel","903":"blic","904":"stun","905":"\u00e4nge","906":"bung","907":"t\u00e4t ","908":"auto","909":"t\u00e4nd","910":"zier","911":"haup","912":"bewe","913":" nor","914":"erat","915":"erwa","916":"hnun","917":"sste","918":"orma","919":" ric","920":"auen","921":"wohl","922":"chic","923":"wort","924":"lem ","925":"art ","926":"gent","927":"beim","928":"kenn","929":"isie","930":"asch","931":"emen","932":"aufe","933":"res ","934":"\u00fcsse","935":"mark","936":"rger","937":"zeig","938":"aupt","939":"atur","940":"weni","941":"nst ","942":"hote","943":" f\u00fch","944":"vier","945":"0000","946":"raus","947":"llun","948":"bst ","949":"erse","950":"ast ","951":" bun","952":" ant","953":"eric","954":"lige","955":"erze","956":"arti","957":"gte ","958":"icke","959":"ndli","960":" abg","961":"enge","962":"entr","963":"its ","964":"wick","965":"ive ","966":"chau","967":"dank","968":" ohn","969":"lie\u00df","970":"kauf","971":"krei","972":"eh\u00f6r","973":" w\u00e4h","974":"rauc","975":"ling","976":"ichn","977":"rem ","978":"wei ","979":"tete","980":"bar ","981":"tur ","982":" aut","983":"ativ","984":" let","985":"erso","986":"tatt","987":"hrun","988":"ellu","989":"eibe","990":"w\u00fcrd","991":" spa","992":"ngs ","993":"dami","994":"uer ","995":"amit","996":"illi","997":"rege","998":" mor","999":"hlan","1000":"rken","1001":"ade ","1002":"stri","1003":"chke","1004":"ahl ","1005":"renz","1006":"gesa","1007":" bau","1008":"itio","1009":"tik ","1010":"ehre","1011":" lin","1012":"nhei","1013":"rgan","1014":"tein","1015":"frau","1016":"teri","1017":"eue ","1018":"woch","1019":" w\u00fcr","1020":"stem","1021":"berl","1022":"beso","1023":"ften","1024":"logi","1025":"riff","1026":"ichk","1027":"sitz","1028":"geri","1029":" mil","1030":"chse","1031":"date","1032":"eson","1033":"gebi","1034":"lien","1035":"spra","1036":" inf","1037":" inn","1038":"abge","1039":"gr\u00f6\u00df","1040":" m\u00f6g","1041":"nell","1042":"chtu","1043":"euch","1044":" art","1045":"ater","1046":"hkei","1047":"ies ","1048":"pen ","1049":"hts ","1050":"gens","1051":"fern","1052":"ings","1053":" zah","1054":"sisc","1055":" bef","1056":"ntwi","1057":"ohl ","1058":" wes","1059":"wich","1060":" fal","1061":"prac","1062":"twic","1063":"also","1064":"ider","1065":" wor","1066":"send","1067":"fass","1068":"klic","1069":"fran","1070":"htet","1071":"olog","1072":"pass","1073":"elch","1074":"ause","1075":" lau","1076":"woll","1077":"luss","1078":"owie","1079":"stal","1080":"itis","1081":" kam","1082":"chun","1083":" spe","1084":"urg ","1085":"ersi","1086":"bens","1087":"ogen","1088":" ind","1089":"uppe","1090":"rfol","1091":"rieg","1092":"ltun","1093":"sage","1094":"leit","1095":"leid","1096":"rtsc","1097":"tike","1098":"teht","1099":"satz","1100":"vera","1101":"sens","1102":"sowi","1103":"htun","1104":" erk","1105":"rhei","1106":"hund","1107":"igun","1108":"onst","1109":"cke ","1110":"enta","1111":"drei","1112":"dent","1113":"nutz","1114":"welc","1115":"w\u00e4hr","1116":" gr\u00fc","1117":" s ","1118":"ins ","1119":"krie","1120":"\u00fchrt","1121":"gewi","1122":"ommt","1123":"wege","1124":"erie","1125":" erw","1126":"immt","1127":"leis","1128":"aut ","1129":" dab","1130":"assi","1131":"erna","1132":"nkt ","1133":" las","1134":"\u00e4chs","1135":"wand","1136":"\u00e4re ","1137":"ekt ","1138":"enau","1139":"aum ","1140":"hste","1141":"orte","1142":"ile ","1143":" w\u00e4r","1144":"atis","1145":"usch","1146":"dabe","1147":"rier","1148":"altu","1149":"abei","1150":"yste","1151":"denn","1152":" gr\u00f6","1153":"komp","1154":"spre","1155":"lso ","1156":"nke ","1157":"mus ","1158":"rche","1159":" ebe","1160":"punk","1161":"heim","1162":"gabe","1163":"rade","1164":"chle","1165":" zug","1166":"enne","1167":"fent","1168":"ges ","1169":"smus","1170":"lauf","1171":"verm","1172":"sges","1173":"ugen","1174":"west","1175":"eran","1176":"ogra","1177":"iens","1178":"kont","1179":"oren","1180":"isen","1181":"vors","1182":"itun","1183":" kre","1184":"ktiv","1185":"prob","1186":"enan","1187":"schm","1188":"inan","1189":" dor","1190":"itze","1191":"mini","1192":"prei","1193":"ill ","1194":"zieh","1195":"eind","1196":"nis ","1197":"achs","1198":" kra","1199":"ckt ","1200":"egie","1201":"misc","1202":" fr\u00fc","1203":"onnt","1204":"anti","1205":"medi","1206":"ezei","1207":"bahn","1208":"deru","1209":"syst","1210":"mber","1211":"geh\u00f6","1212":"mili","1213":"eses","1214":"lisc","1215":"heid","1216":"hter","1217":"stis","1218":"rate","1219":"tech","1220":"ngeb","1221":" obe","1222":"hab ","1223":"hin ","1224":"ssch","1225":"sach","1226":"gern","1227":"\u00fcnde","1228":"fr\u00fch","1229":"line","1230":"verh","1231":"au\u00dfe","1232":"\u00fcrde","1233":"\u00fcck ","1234":"bend","1235":"eitu","1236":" bel","1237":"rien","1238":"list","1239":"wahl","1240":"trei","1241":"lit\u00e4","1242":"itik","1243":"nist","1244":"agt ","1245":" off","1246":"fehl","1247":"ielt","1248":"dort","1249":"rie ","1250":"rupp","1251":"mmun","1252":"rtig","1253":" pri","1254":"stag","1255":"vere","1256":"urop","1257":"nale","1258":" wis","1259":" woc","1260":"\u00e4tte","1261":"sver","1262":"mode","1263":" cha","1264":"herr","1265":"ersu","1266":"inie","1267":"inis","1268":"umen","1269":"erdi","1270":"ngt ","1271":"eint","1272":" bri","1273":"rson","1274":"ufge","1275":"denk","1276":" gla","1277":"buch","1278":"prod","1279":"tati","1280":"ismu","1281":"grif","1282":"ppen","1283":"rans","1284":"rodu","1285":"gef\u00fc","1286":"sagt","1287":"zeug","1288":"hlie","1289":"hoch","1290":"tze ","1291":" fah","1292":"rsta","1293":"ilie","1294":"eleg","1295":"r\u00fcnd","1296":"ruck","1297":"kung","1298":" fes","1299":"beis","1300":"wirt","1301":"\u00f6ste","1302":"gera","1303":"are ","1304":"dich","1305":"hlt ","1306":"lier","1307":"eisp","1308":"beka","1309":" gar","1310":"info","1311":"hlic","1312":"hwer","1313":"gesp","1314":"nie ","1315":"\u00e4ndi","1316":"ands","1317":"roll","1318":"fang","1319":"ital","1320":"euen","1321":" kar","1322":" tro","1323":"rne ","1324":"izie","1325":"ngel","1326":"erhe","1327":"alb ","1328":"rwei","1329":"indu","1330":" fri","1331":"chlo","1332":"erbr","1333":" dic","1334":" kau","1335":" jun","1336":" wic","1337":" zie","1338":"osse","1339":"\u00e4hre","1340":"oten","1341":"irts","1342":" fer","1343":"llei","1344":"n\u00e4ch","1345":"sem ","1346":" mod","1347":"ichs","1348":"per ","1349":"aube","1350":"afte","1351":"raum","1352":"hema","1353":" dat","1354":"kehr","1355":" chr","1356":"lied","1357":"irch","1358":"tsta","1359":"nebe","1360":"eld ","1361":"ekan","1362":"dein","1363":"stig","1364":"rsuc","1365":"nann","1366":"tor ","1367":"itet","1368":"embe","1369":"onne","1370":"zial","1371":"ispi","1372":"wass","1373":"l\u00e4nd","1374":"esem","1375":"prec","1376":"kurz","1377":"ient","1378":" au\u00df","1379":"ermi","1380":"samt","1381":" med","1382":"kost","1383":"kirc","1384":"iefe","1385":"llig","1386":"tem ","1387":"sp\u00e4t","1388":"fer ","1389":"hwei","1390":"u\u00dfer","1391":"kel ","1392":"hich","1393":"twa ","1394":"affe","1395":"morg","1396":" m\u00fcs","1397":" tre","1398":"tiv ","1399":"name","1400":" res","1401":"etze","1402":"edoc","1403":"ldun","1404":"frie","1405":"stud","1406":"angs","1407":" d ","1408":"loss","1409":"iver","1410":"insa","1411":"m\u00fcss","1412":"nfor","1413":"span","1414":"jedo","1415":"mals","1416":" hoc","1417":" dei","1418":"aden","1419":"bers","1420":" fas","1421":" pas","1422":"enke","1423":"dige","1424":"rneh","1425":" daz","1426":"gel ","1427":"walt","1428":"bess","1429":"\u00fchre","1430":" a ","1431":"fte ","1432":"begr","1433":"rges","1434":"plan","1435":"gere","1436":"att ","1437":" beh","1438":"ekom","1439":"nne ","1440":" st\u00e4","1441":" ehe","1442":"ahrh","1443":"rant","1444":" sp\u00e4","1445":"els ","1446":"nord","1447":" mas","1448":"chwa","1449":"rtra","1450":" pos","1451":"nver","1452":" ben","1453":" erl","1454":"tori","1455":"stru","1456":"w\u00e4re","1457":"ntsc","1458":"nsti","1459":"ate ","1460":"tend","1461":"alls","1462":"cker","1463":"lese","1464":"zten","1465":"esam","1466":"enze","1467":"dest","1468":" rau","1469":"esel","1470":" wo ","1471":"eber","1472":"mand","1473":" hot","1474":"pr\u00e4s","1475":"iben","1476":"wach","1477":"auft","1478":"ebie","1479":"rekt","1480":"dazu","1481":"bede","1482":" run","1483":"raue","1484":"ank ","1485":"hlos","1486":"ewer","1487":"ebe ","1488":"latz","1489":"trum","1490":"them","1491":"nstr","1492":"wahr","1493":"ried","1494":"lgen","1495":"jekt","1496":"ntie","1497":"gar ","1498":" ob ","1499":"iegt","1500":"wese","1501":"zlic","1502":" bre","1503":" \u00f6st","1504":"erad","1505":"efin","1506":" win","1507":" kun","1508":"twas","1509":"los ","1510":"orm ","1511":"rmat","1512":"enz ","1513":"beid","1514":"lern","1515":"lder","1516":"llem","1517":"dir ","1518":"oble","1519":"anne","1520":"rete","1521":"efer","1522":"etri","1523":"tigt","1524":"erti","1525":"glau","1526":"rfah","1527":"nied","1528":" eng","1529":"ford","1530":"alit","1531":"f\u00e4ll","1532":" l\u00e4n","1533":"erma","1534":"sorg","1535":"druc","1536":"zur\u00fc","1537":"lls ","1538":"h\u00e4ng","1539":"rakt","1540":"hilf","1541":"arke","1542":"gste","1543":"ehe ","1544":"ur\u00fcc","1545":"rlau","1546":"dukt","1547":"gebo","1548":" pr\u00e4","1549":"fort","1550":"blei","1551":"ells","1552":"talt","1553":"chin","1554":"eili","1555":"scht","1556":"dete","1557":"roze","1558":"erf\u00fc","1559":"\u00fccke","1560":" kos","1561":"rdin","1562":"rlin","1563":"azu ","1564":"tler","1565":" nun","1566":"robl","1567":"proz","1568":"ef\u00fch","1569":"erba","1570":"tr\u00e4g","1571":"eund","1572":"blem","1573":"reun","1574":"niss","1575":"iehe","1576":"hule","1577":"stie","1578":" anf","1579":"h\u00e4lt","1580":"anst","1581":"hera","1582":"\u00f6ffe","1583":"gisc","1584":" met","1585":"toff","1586":"\u00e4che","1587":"trau","1588":"ieg ","1589":" kat","1590":"asst","1591":"chtl","1592":"eman","1593":"ntra","1594":" bie","1595":"grei","1596":"kten","1597":" dis","1598":"arum","1599":"erg ","1600":"inze","1601":"amer","1602":"radi","1603":"konn","1604":"ark ","1605":"ahle","1606":"kons","1607":" euc","1608":"lekt","1609":"ezie","1610":"feld","1611":"nche","1612":"iker","1613":"stor","1614":" err","1615":"onta","1616":"essi","1617":"hnet","1618":"bert","1619":" uhr","1620":"chlu","1621":"sell","1622":"sozi","1623":"dara","1624":"gram","1625":"\u00e4ter","1626":"sieh","1627":"grup","1628":"leib","1629":"rkun","1630":"sinn","1631":"dsch","1632":"gion","1633":" neb","1634":"ngst","1635":"ium ","1636":"nig ","1637":"bern","1638":"herz","1639":" ele","1640":"chut","1641":"tran","1642":"tret","1643":"funk","1644":"\u00f6nnt","1645":" uni","1646":"ekte","1647":"ven ","1648":"orie","1649":"uhr ","1650":"nun ","1651":"musi","1652":"wart","1653":"tra\u00df","1654":"ensi","1655":"chwi","1656":"kund","1657":" kli","1658":" ern","1659":"rinn","1660":"erga","1661":"zte ","1662":"bezi","1663":"tart","1664":"orga","1665":"gie ","1666":" fun","1667":"gebu","1668":" ide","1669":"tuel","1670":"hutz","1671":" bit","1672":"rag ","1673":"enbe","1674":"legt","1675":"lick","1676":"echs","1677":"ftli","1678":"rauf","1679":"edeu","1680":"ingt","1681":"eier","1682":"wei\u00df","1683":"gren","1684":" tie","1685":"kult","1686":"uren","1687":"zer ","1688":" s\u00fcd","1689":"rkli","1690":"sel ","1691":"erhi","1692":"ilig","1693":"oduk","1694":"uft ","1695":"stof","1696":"zuge","1697":"sent","1698":"amil","1699":"spor","1700":"bene","1701":" tri","1702":" ung","1703":" suc","1704":"aftl","1705":"htli","1706":"son ","1707":"ra\u00dfe","1708":" erg","1709":"nfal","1710":"disc","1711":"gten","1712":"ordn","1713":"ekti","1714":"twor","1715":"kl\u00e4r","1716":"ssio","1717":"aufs","1718":"ilt ","1719":"link","1720":"p\u00e4te","1721":" qua","1722":"rhun","1723":" gre","1724":"h\u00f6ne","1725":"ick ","1726":"igte","1727":"nend","1728":"tert","1729":"rter","1730":"sonn","1731":"amp ","1732":"itt ","1733":"erkl","1734":"hint","1735":" ble","1736":" sog","1737":"film","1738":"rgeb","1739":"stli","1740":"glie","1741":"\u00fcrge","1742":" flu","1743":"ustr","1744":"erem","1745":" fil","1746":"ramm","1747":"dire","1748":" ken","1749":"tspr","1750":"onze","1751":"hrhu","1752":" amp","1753":"weg ","1754":"rand","1755":"mill","1756":"eigt","1757":"brei","1758":" nam","1759":"char","1760":"orsc","1761":"bitt","1762":"werb","1763":"ture","1764":"konz","1765":"fami","1766":"ersp","1767":" fan","1768":"ozia","1769":"merk","1770":"tudi","1771":"inzi","1772":"inse","1773":"irkl","1774":"sch\u00fc","1775":"chs ","1776":"lati","1777":"nzel","1778":" mag","1779":"chma","1780":"ersa","1781":"bsch","1782":"hst ","1783":"bare","1784":"fizi","1785":"rzei","1786":"ntwo","1787":" sam","1788":"anch","1789":"ftig","1790":"hisc","1791":"eien","1792":" h\u00e4t","1793":"trat","1794":"antw","1795":"effe","1796":"brin","1797":"ennt","1798":"kran","1799":"ille","1800":"ckel","1801":" hof","1802":" aug","1803":"h\u00e4tt","1804":"hlag","1805":"irek","1806":"rika","1807":" umg","1808":"elbe","1809":"l\u00e4ss","1810":"nal ","1811":"hnel","1812":"swei","1813":"deck","1814":"lden","1815":" b ","1816":"erns","1817":" ged","1818":"ppe ","1819":"ngli","1820":"klas","1821":"b\u00fcrg","1822":"rkt ","1823":"mung","1824":"llsc","1825":" hel","1826":"riti","1827":"iff ","1828":"demo","1829":"istu","1830":" sit","1831":"indi","1832":"hris","1833":" anz","1834":"ihne","1835":"ildu","1836":"eihe","1837":" mat","1838":"ffe ","1839":"enhe","1840":"geno","1841":"erbi","1842":"wien","1843":"haff","1844":" rea","1845":" sto","1846":"ickl","1847":"mitg","1848":"chnu","1849":"kart","1850":"ntsp","1851":"nze ","1852":" b\u00fcr","1853":"mind","1854":"dess","1855":"h\u00f6he","1856":"hrte","1857":"ieht","1858":" har","1859":"vorg","1860":"prog","1861":"usik","1862":"t\u00fcck","1863":"rift","1864":"eina","1865":" get","1866":" m ","1867":"ald ","1868":"here","1869":"tste","1870":"st\u00fcc","1871":"bach","1872":"ant ","1873":"einh","1874":"oft ","1875":"gebr","1876":"rau ","1877":"rmen","1878":"esuc","1879":"ssis","1880":"ultu","1881":"ausb","1882":"enba","1883":"ild ","1884":"erau","1885":"leme","1886":" dav","1887":"ltur","1888":"nau ","1889":" hil","1890":"ntst","1891":"rnen","1892":"rwen","1893":"onat","1894":" soz","1895":"h\u00e4ft","1896":"ie\u00dfe","1897":"gefa","1898":"lber","1899":" nah","1900":"egri","1901":"ssun","1902":" kir","1903":"ager","1904":"endl","1905":"stet","1906":"nein","1907":"erka","1908":" bev","1909":"\u00fcnst","1910":"chis","1911":"aktu","1912":"ther","1913":"hrif","1914":"gewa","1915":" has","1916":"lin ","1917":"rnat","1918":" buc","1919":"ruch","1920":"empf","1921":"terl","1922":"gela","1923":" ort","1924":"lief","1925":"tark","1926":"usse","1927":"nlin","1928":"stro","1929":"lett","1930":"orbe","1931":"rke ","1932":"lar ","1933":"reie","1934":"serv","1935":"rkeh","1936":"ihn ","1937":"w\u00e4hl","1938":"enha","1939":"ilen","1940":"mona","1941":"nien","1942":"iffe","1943":"word","1944":" ost","1945":"aler","1946":" rel","1947":" leu","1948":" ser","1949":" bal","1950":"sam ","1951":"arkt","1952":"eher","1953":"mess","1954":"ard ","1955":"r\u00f6\u00dfe","1956":" les","1957":" gab","1958":"mier","1959":"wind","1960":"ratu","1961":"aste","1962":"h\u00f6rt","1963":"mete","1964":"elde","1965":"nomm","1966":"chem","1967":"ergi","1968":"lini","1969":"gewe","1970":" emp","1971":"anda","1972":"j\u00e4hr","1973":" ihm","1974":"nkti","1975":"afts","1976":"ch\u00e4f","1977":"aris","1978":"nete","1979":"beze","1980":"rogr","1981":"ihm ","1982":"ehle","1983":"inke","1984":"fert","1985":" oft","1986":"iene","1987":"beri","1988":"miss","1989":"endu","1990":"ansc","1991":" lag","1992":"\u00fcrli","1993":" che","1994":"reih","1995":"umge","1996":" ban","1997":"egio","1998":"tali","1999":" fam","2000":"bera","2001":"ropa","2002":" hol","2003":"l\u00e4ng","2004":"ideo","2005":"h\u00f6re","2006":"getr","2007":"flug","2008":"ver ","2009":"bau ","2010":"eife","2011":"einm","2012":"at\u00fcr","2013":" mai","2014":"rben","2015":"rspr","2016":"waru","2017":"raft","2018":" r\u00fcc","2019":"\u00fcche","2020":"enfa","2021":"wies","2022":"eral","2023":"etzu","2024":"ebot","2025":"o\u00dfen","2026":" kul","2027":"tal ","2028":" n\u00e4c","2029":"hme ","2030":"eiti","2031":" wan","2032":"side","2033":"nat\u00fc","2034":"\u00f6rt ","2035":"beko","2036":"afen","2037":"lech","2038":"\u00e4hlt","2039":"osit","2040":"chge","2041":"eibt","2042":"stau","2043":"verd","2044":"t\u00fcrl","2045":"itig","2046":"ussi","2047":"inn ","2048":"hall","2049":"posi","2050":"baut","2051":"ust ","2052":"z\u00e4hl","2053":"erme","2054":"rat ","2055":"eler","2056":"tent","2057":" som","2058":"renn","2059":" daf","2060":"ule ","2061":"hlus","2062":"vide","2063":"oris","2064":"ktue","2065":"jung","2066":"pann","2067":"itz ","2068":"absc","2069":" \u00f6ff","2070":"geld","2071":" ach","2072":"leut","2073":"int ","2074":"spri","2075":"rtet","2076":" pra","2077":"nive","2078":"spro","2079":"iedl","2080":"irge","2081":"ssie","2082":"terh","2083":"nsat","2084":"klar","2085":"rtun","2086":"bind","2087":"unst","2088":"ieb ","2089":" sen","2090":"teue","2091":" wal","2092":"ltig","2093":"spar","2094":"hnit","2095":"onie","2096":"shal","2097":"fund","2098":" h\u00f6h","2099":"slan","2100":"rote","2101":"one ","2102":"tren","2103":"e\u00dfen","2104":" zen","2105":"orst","2106":"hei\u00df","2107":"tore","2108":"lig ","2109":"siti","2110":"tzli","2111":" bea","2112":"onli","2113":"ervi","2114":"tner","2115":"dens","2116":"terb","2117":"dlun","2118":"latt","2119":" erz","2120":"nmal","2121":" bli","2122":"ess ","2123":"ett ","2124":"o\u00dfe ","2125":"l\u00e4ch","2126":" tec","2127":"egeb","2128":"utze","2129":"iges","2130":"nzei","2131":"st\u00fct","2132":"isto","2133":" de ","2134":"ebra","2135":" feh","2136":" sor","2137":"male","2138":"daf\u00fc","2139":"ils ","2140":"dig ","2141":"ewei","2142":"trot","2143":"ide ","2144":"unds","2145":"uste","2146":"inma","2147":"tin ","2148":"af\u00fcr","2149":" bzw","2150":"zimm","2151":"bedi","2152":" onl","2153":"ntag","2154":"laut","2155":"bzw ","2156":"hres","2157":"rlie","2158":"akte","2159":"amt ","2160":"ense","2161":"gab ","2162":"natu","2163":"uck ","2164":" dah","2165":"klun","2166":"nand","2167":"delt","2168":"gesu","2169":"cklu","2170":"rsit","2171":"aust","2172":"t\u00fctz","2173":"meri","2174":" nut","2175":"lisi","2176":"enth","2177":"unft","2178":"\u00f6nig","2179":"hoff","2180":"chan","2181":"utli","2182":"eris","2183":"ansp","2184":"ektr","2185":" rot","2186":" bas","2187":"\u00f6ren","2188":"prof","2189":"ittl","2190":"ball","2191":"tels","2192":"vorh","2193":"dach","2194":"nitt","2195":"brac","2196":"zust","2197":"lend","2198":"mpfe","2199":"gart","2200":"izei","2201":"trit","2202":"espr","2203":"elek","2204":"lerd","2205":"oliz","2206":"f\u00fchl","2207":" net","2208":"lker","2209":"assu","2210":"\u00fcnsc","2211":"besi","2212":"w\u00fcns","2213":"eme ","2214":"hnli","2215":" sac","2216":"olgt","2217":"reif","2218":" zwa","2219":"arau","2220":"k\u00f6ni","2221":"alie","2222":"beha","2223":"krit","2224":" ums","2225":"erec","2226":"rotz","2227":"ogis","2228":"uali","2229":" dri","2230":" fac","2231":"r\u00f6ff","2232":"s\u00e4tz","2233":"er\u00f6f","2234":"ubli","2235":"insc","2236":"einl","2237":"hers","2238":" red","2239":" exp","2240":"fekt","2241":"ners","2242":"ssel","2243":" chi","2244":" sof","2245":"ompl","2246":" dra","2247":"ngss","2248":"ktur","2249":"fina","2250":"nhal","2251":"iven","2252":"gema","2253":"itgl","2254":"ied ","2255":"ergl","2256":"erbu","2257":"lose","2258":"rest","2259":"rst\u00fc","2260":"gani","2261":"ktor","2262":"band","2263":"chal","2264":"\u00f6rde","2265":" rad","2266":"rkl\u00e4","2267":"etre","2268":"fung","2269":"fast","2270":"bran","2271":"the ","2272":"iet ","2273":"reck","2274":"hsen","2275":"wund","2276":"onis","2277":"igst","2278":" mer","2279":" not","2280":"rzeu","2281":"etra","2282":"tver","2283":"pres","2284":"teig","2285":"erk ","2286":"mlic","2287":"bote","2288":"park","2289":"eckt","2290":"hner","2291":"tral","2292":"sei ","2293":" tat","2294":"einb","2295":" spo","2296":"ans ","2297":"olch","2298":"\u00fchru","2299":"arch","2300":"llst","2301":" gep","2302":"ame ","2303":"davo","2304":" san","2305":" cor","2306":" see","2307":"hrie","2308":"dorf","2309":"tgli","2310":"egun","2311":"\u00e4tze","2312":"ldet","2313":"nds ","2314":"ergr","2315":"ebun","2316":"gef\u00e4","2317":"lehr","2318":"vorb","2319":"enom","2320":" fei","2321":"same","2322":"lize","2323":"rts ","2324":"use ","2325":"bnis","2326":"nsam","2327":"anal","2328":"hine","2329":"um>0","2330":"erzi","2331":"flic","2332":"paar","2333":"kunf","2334":"edie","2335":"ting","2336":"tnis","2337":" org","2338":"gewo","2339":"ei\u00df ","2340":"vent","2341":" zer","2342":"solc","2343":"rtik","2344":" gei","2345":"post","2346":" ter","2347":"v\u00f6lk","2348":"steu","2349":"hmer","2350":"anla","2351":"terg","2352":" hoh","2353":"erri","2354":"mme ","2355":"hlec","2356":"ator","2357":" pfl","2358":"erve","2359":"rain","2360":"mple","2361":"ran ","2362":"rman","2363":"proj","2364":"ranz","2365":"hler","2366":"sene","2367":"andl","2368":"uter","2369":"omen","2370":"mate","2371":" set","2372":"beru","2373":" h\u00e4u","2374":" gek","2375":"oden","2376":"russ","2377":"anns","2378":"ote ","2379":"ikel","2380":" vid","2381":"zige","2382":"nzig","2383":"roje","2384":"manc","2385":" wun","2386":"tarb","2387":"\u00f6lke","2388":"lade","2389":"ikat","2390":"text","2391":"besu","2392":"eweg","2393":"ege ","2394":"rere","2395":"szei","2396":"zept","2397":"erh\u00e4","2398":"arf ","2399":" i ","2400":"bank","2401":"darf","2402":"esun","2403":"\u00e4ren","2404":"hist","2405":" via","2406":"fl\u00e4c","2407":"uchs","2408":"mali","2409":" unb","2410":"egan","2411":"rukt","2412":"ede ","2413":"r\u00f6\u00dft","2414":"farb","2415":"truk","2416":"fors","2417":"hof ","2418":"egin","2419":"kelt","2420":"anfa","2421":" bla","2422":" umf","2423":" bar","2424":"lge ","2425":"tund","2426":"elie","2427":"norm","2428":"ahn ","2429":"witt","2430":"ose ","2431":"ahrt","2432":"r\u00fche","2433":"hohe","2434":"ocke","2435":"mass","2436":"ogie","2437":"inha","2438":"del ","2439":"pezi","2440":"ikan","2441":"erfe","2442":"erar","2443":"ngsa","2444":"spez","2445":"r\u00e4ge","2446":"weiz","2447":" irg","2448":"m>00","2449":"uber","2450":"nber","2451":"rber","2452":"tref","2453":"reff","2454":"nft ","2455":"\u00f6\u00dfte","2456":"flus","2457":"endi","2458":"oben","2459":"utig","2460":"r\u00fcbe","2461":"usen","2462":"unbe","2463":"temp","2464":"graf","2465":"eseh","2466":"ebni","2467":" leg","2468":" k\u00fcn","2469":"wett","2470":"rst\u00e4","2471":"emac","2472":"r\u00e4si","2473":"befi","2474":" sal","2475":"ton ","2476":" sup","2477":" tol","2478":"st\u00e4r","2479":"bel ","2480":"t\u00e4rk","2481":" gri","2482":"\u00e4sid","2483":"rtne","2484":"hrig","2485":"lion","2486":"prin","2487":"st\u00e4d","2488":"ojek","2489":"ontr","2490":"chme","2491":"erik","2492":"ufig","2493":"kraf","2494":"entf","2495":"t\u00e4dt","2496":" mis","2497":"last","2498":"\u00f6ffn","2499":"000 ","2500":"takt","2501":" com","2502":"andt","2503":"a\u00dfe ","2504":"theo","2505":"ozen","2506":"taus","2507":"nkre","2508":"derl","2509":"eitr","2510":"ngig","2511":"rad ","2512":"diti","2513":" zun","2514":"erra","2515":"kam ","2516":"artn","2517":"elan","2518":"pfer","2519":"eibu","2520":"atie","2521":"ginn","2522":"stle","2523":"rf\u00fcg","2524":"hrli","2525":"krat","2526":"mend","2527":"avon","2528":"rhin","2529":"inzu","2530":"\u00e4hri","2531":" erm","2532":"univ","2533":"zug ","2534":" u ","2535":"rlan","2536":"ommu","2537":" z ","2538":"sons","2539":"uro ","2540":"hlun","2541":"\u00e4tig","2542":"rper","2543":"engl","2544":"lock","2545":" bad","2546":"etis","2547":"rbun","2548":"\u00f6cht","2549":"iali","2550":"hsch","2551":" leh","2552":"kuns","2553":"etz ","2554":"l\u00fcck","2555":"tzer","2556":"ilfe","2557":"via ","2558":"leri","2559":"traf","2560":" got","2561":"foto","2562":"iale","2563":"esha","2564":"tera","2565":"rzen","2566":"eilt","2567":"meng","2568":"estr","2569":"mmel","2570":"rfen","2571":"nfan","2572":"wald","2573":"udie","2574":"aute","2575":"netz","2576":"rmal","2577":"ehun","2578":"st\u00f6r","2579":"nlag","2580":"volk","2581":"rver","2582":"begi","2583":"euge","2584":"llio","2585":"ina ","2586":"fris","2587":"nkte","2588":"ebli","2589":"\u00e4hle","2590":"edin","2591":"pera","2592":"erwi","2593":"utte","2594":"ukti","2595":"ohnu","2596":"lust","2597":"ure ","2598":"ausw","2599":"\u00e4ufi","2600":"tum ","2601":"gew\u00e4","2602":"fand","2603":"nstl","2604":"t\u00e4ti","2605":" kol","2606":"ausf","2607":"rtre","2608":"wech","2609":"emal","2610":"minu","2611":"rgle","2612":"ance","2613":"heru","2614":" ech","2615":"chsc","2616":" m\u00f6c","2617":" e ","2618":"ei\u00dfe","2619":"aar ","2620":"para","2621":"ilit","2622":"nik ","2623":"publ","2624":"einw","2625":"undl","2626":"ebt ","2627":"geis","2628":"m\u00f6ch","2629":"tale","2630":"uftr","2631":"meld","2632":"hbar","2633":" pat","2634":"nanz","2635":"euti","2636":"gott","2637":"idun","2638":"naus","2639":"nnun","2640":"ema ","2641":"rbre","2642":"verz","2643":"fere","2644":"ice ","2645":" anl","2646":"vate","2647":"eidu","2648":"ack ","2649":"kern","2650":"ampf","2651":"sund","2652":"enut","2653":"sone","2654":" w\u00fcn","2655":" wid","2656":"eruf","2657":"tron","2658":" rol","2659":"ernt","2660":"orme","2661":"rh\u00e4l","2662":"ndsc","2663":" rep","2664":"acke","2665":" paa","2666":"geha","2667":"rass","2668":"u\u00dfen","2669":"eils","2670":"rbin","2671":"tivi","2672":"rfas","2673":"thal","2674":"spek","2675":"sing","2676":"einr","2677":"arme","2678":"entu","2679":"ssta","2680":"genu","2681":"fisc","2682":"orts","2683":"ntin","2684":"r\u00e4um","2685":"lrei","2686":"lie ","2687":"kame","2688":"selt","2689":"\u00e4ngi","2690":"ndus","2691":"itar","2692":"urze","2693":" web","2694":"ucke","2695":"trol","2696":" hun","2697":"stam","2698":"disk","2699":"urz ","2700":" app","2701":" l\u00f6s","2702":"infl","2703":"\u00f6rpe","2704":"k\u00f6rp","2705":" kap","2706":" 000","2707":" far","2708":" tun","2709":"ial ","2710":"umme","2711":" usa","2712":"winn","2713":"usti","2714":" erd","2715":"ibun","2716":"sign","2717":"konf","2718":"rset","2719":"ons ","2720":" new","2721":" tru","2722":"aran","2723":"ndst","2724":"lag ","2725":"s\u00e4ch","2726":"nzie","2727":"kamp","2728":"rent","2729":"rang","2730":"haue","2731":"rgie","2732":"ntro","2733":"ausl","2734":" gas","2735":"aner","2736":"hene","2737":"sati","2738":"ages","2739":"stec","2740":"orf ","2741":"\u00e4sst","2742":"osen","2743":"zwar","2744":"chba","2745":"ngsp","2746":"geor","2747":"ging","2748":"toll","2749":"\u00e4lt ","2750":"f\u00e4hr","2751":"l\u00e4uf","2752":"r\u00e4gt","2753":"ntei","2754":" sys","2755":" mot","2756":"tags","2757":"nsge","2758":"d\u00fcrf","2759":"grad","2760":" ren","2761":"ries","2762":"daue","2763":"obil","2764":"geli","2765":"othe","2766":"berh","2767":"mobi","2768":"iels","2769":"olut","2770":"qual","2771":" arm","2772":"ewin","2773":" kor","2774":"dust","2775":"sieg","2776":"ode ","2777":"tele","2778":"tigk","2779":"isla","2780":"ahlr","2781":"\u00e4gt ","2782":"rona","2783":"agte","2784":"ew\u00e4h","2785":" jem","2786":"ndlu","2787":"alig","2788":" mut","2789":"hina","2790":"nspr","2791":"ube ","2792":"aats","2793":"rnet","2794":"etro","2795":"tene","2796":"ets ","2797":"hrem","2798":" fot","2799":" h\u00f6r","2800":"desh","2801":"usta","2802":"utz ","2803":" m\u00fcn","2804":"rmit","2805":"rleb","2806":"uar ","2807":"rlei","2808":"fens","2809":"nce ","2810":"hlre","2811":"jema","2812":" blo","2813":"real","2814":"\u00fccht","2815":" rus","2816":" kop","2817":" twi","2818":"endw","2819":"inut","2820":"nute","2821":"nate","2822":"egr\u00fc","2823":"amm ","2824":"blie","2825":"\u00dflic","2826":"stil","2827":"hast","2828":"sant","2829":"rren","2830":"hmal","2831":"inhe","2832":"prot","2833":"nsel","2834":"gl\u00fcc","2835":" gil","2836":"sher","2837":"h\u00f6n ","2838":"astr","2839":" eis","2840":"hsel","2841":"nzer","2842":"kati","2843":" ana","2844":"nerg","2845":"ehal","2846":" t\u00fcr","2847":" bru","2848":"nera","2849":"\u00e4\u00dfig","2850":"nric","2851":"sbes","2852":"nsbe","2853":"ssig","2854":"dahe","2855":"m\u00e4\u00dfi","2856":"ista","2857":"ndem","2858":"erho","2859":"otte","2860":"inal","2861":"rwar","2862":"edli","2863":"amte","2864":"immu","2865":"olen","2866":"ioni","2867":"ertu","2868":"nali","2869":"ngsb","2870":"rale","2871":"feie","2872":"ums ","2873":" ham","2874":"ussc","2875":"ahru","2876":">000","2877":"swer","2878":" bee","2879":"stin","2880":"uern","2881":"l\u00fcss","2882":"ntru","2883":" l\u00e4s","2884":"wede","2885":"baue","2886":"tief","2887":"eam ","2888":"sive","2889":"okra","2890":"hann","2891":" bah","2892":"keru","2893":" lit","2894":"auge","2895":"muni","2896":"zess","2897":"urla","2898":"hem ","2899":"pekt","2900":"ivat","2901":"uden","2902":"anie","2903":"ffne","2904":"tun ","2905":"twit","2906":"dama","2907":"vora","2908":"geba","2909":"sik ","2910":"roma","2911":" h ","2912":"rhau","2913":"tien","2914":"eutl","2915":"tmal","2916":"amal","2917":"nbar","2918":"hiel","2919":"a\u00dfen","2920":"ngsm","2921":"erl\u00e4","2922":"opti","2923":"umfa","2924":"h\u00e4uf","2925":"aher","2926":" nei","2927":"utzt","2928":"nove","2929":"luft","2930":"stit","2931":"inun","2932":"phil","2933":"rchi","2934":"mte ","2935":"utun","2936":"aub ","2937":"priv","2938":"gebn","2939":"erpr","2940":"utet","2941":"nere","2942":"ngsg","2943":"term","2944":"abh\u00e4","2945":"hlaf","2946":"gnet","2947":" pun","2948":"ian ","2949":"ger\u00e4","2950":"\u00dfer ","2951":"benf","2952":"lach","2953":"\u00e4cht","2954":"ogar","2955":"koll","2956":" que","2957":"\u00e4dte","2958":"etei","2959":" tod","2960":" ruh","2961":"n\u00e4he","2962":"ulen","2963":"rede","2964":"empe","2965":"gelt","2966":"bot ","2967":"aria","2968":"bh\u00e4n","2969":"wide","2970":"mten","2971":"eure","2972":"trai","2973":"\u00e4lte","2974":"bges","2975":"lfe ","2976":" eri","2977":"pric","2978":"rial","2979":"mont","2980":" kal","2981":"tlin","2982":"mari","2983":"ehrs","2984":"einu","2985":"stes","2986":" fl\u00fc","2987":"oper","2988":"abel","2989":" tot","2990":"aate","2991":"ndhe","2992":"roch","2993":"riva","2994":"esit","2995":"smit","2996":"l\u00f6su","2997":"heil","2998":"usa ","2999":"m\u00e4nn","3000":"wein","3001":"dier","3002":"zeln","3003":"tei ","3004":"enlo","3005":"ebur","3006":"nflu","3007":"appe","3008":"inri","3009":"tenb","3010":"rdnu","3011":"\u00f6sun","3012":"sber","3013":"t\u00e4te","3014":"eign","3015":"ift ","3016":"rock","3017":"ngef","3018":"uper","3019":"trec","3020":"fft ","3021":"user","3022":"odel","3023":"hens","3024":"ebau","3025":"tour","3026":"anzi","3027":"lant","3028":"iber","3029":"enso","3030":"arin","3031":" con","3032":"abst","3033":"tall","3034":"lver","3035":"zehn","3036":"urte","3037":"eitl","3038":"eria","3039":"uktu","3040":"itel","3041":"itge","3042":"pani","3043":"lite","3044":"eita","3045":" ca ","3046":"e\u00dfli","3047":" tex","3048":"team","3049":"eiss","3050":"etet","3051":"llge","3052":" gl\u00fc","3053":"dnun","3054":"fene","3055":"bev\u00f6","3056":"\u00e4ten","3057":"soga","3058":"imen","3059":" of ","3060":"rwal","3061":"onel","3062":"extr","3063":"ev\u00f6l","3064":"lebt","3065":" imp","3066":"arst","3067":"isat","3068":"enve","3069":" v ","3070":"trad","3071":" tes","3072":"efor","3073":"allg","3074":"ie\u00dfl","3075":"supe","3076":"errs","3077":"weih","3078":" rom","3079":"mmte","3080":"eck ","3081":"rnst","3082":"chde","3083":"spru","3084":"apie","3085":"herh","3086":"elli","3087":"urge","3088":"gen\u00fc","3089":"warz","3090":"reue","3091":"tamm","3092":"r\u00e4nk","3093":"chel","3094":"haut","3095":"st\u00e4t","3096":" f\u00fcn","3097":" neh","3098":" nen","3099":"pfle","3100":"pfli","3101":"fleg","3102":" sau","3103":"hrze","3104":" anw","3105":" geo","3106":"dell","3107":" rat","3108":" n\u00e4h","3109":"hwar","3110":"zirk","3111":"ehrt","3112":" fir","3113":"n\u00fcbe","3114":"estl","3115":"hnt ","3116":" tel","3117":"gst ","3118":" car","3119":"gilt","3120":"germ","3121":" mes","3122":"bele","3123":"irku","3124":"bald","3125":"eilu","3126":"stge","3127":"opa ","3128":"tenl","3129":"ssag","3130":"r\u00e4nd","3131":"ttle","3132":"rrsc","3133":"tanz","3134":"geru","3135":"masc","3136":"oron","3137":"dhei","3138":"andr","3139":" jan","3140":"ktro","3141":"lanz","3142":" st\u00fc","3143":"\u00e4isc","3144":" urs","3145":"ver\u00e4","3146":"tfer","3147":"gsge","3148":" feu","3149":"niti","3150":" dau","3151":"essa","3152":"r\u00fcne","3153":"enbu","3154":"\u00e4lle","3155":"ilun","3156":"twei","3157":"klin","3158":"eize","3159":"elig","3160":"derz","3161":"ishe","3162":"tigu","3163":"tenz","3164":"bili","3165":"wann","3166":"ost ","3167":"live","3168":"pier","3169":"nsic","3170":"f\u00fcnf","3171":"ude ","3172":"ohn ","3173":"rric","3174":"nlos","3175":"trac","3176":"oppe","3177":"rher","3178":" f\u00e4l","3179":"henk","3180":"kopf","3181":"hing","3182":"pete","3183":"ewal","3184":"ntar","3185":"nern","3186":"fel ","3187":"i\u00dft ","3188":"anwe","3189":"elfe","3190":"geda","3191":" wet","3192":" joh","3193":"erts","3194":"enre","3195":"offi","3196":"ei\u00dft","3197":"spr\u00fc","3198":" jul","3199":" jug","3200":" gol","3201":"idee","3202":"firm","3203":"kani","3204":"rett","3205":"sit\u00e4","3206":"hind","3207":"sgeb","3208":"\u00fctze","3209":"stma","3210":"ingu","3211":"efun","3212":"well","3213":"mes ","3214":" ess","3215":"trom","3216":"berw","3217":" luf","3218":"ona ","3219":"eger","3220":"berf","3221":"holz","3222":"ensw","3223":"\u00f6\u00dfer","3224":"ika ","3225":"blik","3226":"rsic","3227":"eink","3228":"ppel","3229":"\u00e4ume","3230":" zuk","3231":"hnis","3232":" gin","3233":"rop\u00e4","3234":"hart","3235":"gesi","3236":"nent","3237":"rkau","3238":"bist","3239":"ausc","3240":"muse","3241":" blu","3242":"ckte","3243":"ahrs","3244":"upts","3245":"szen","3246":"juge","3247":"lima","3248":"asti","3249":"pro ","3250":" d\u00fcr","3251":"emie","3252":"ebte","3253":"app ","3254":"rhan","3255":" ras","3256":"juli","3257":"coro","3258":"ndar","3259":"rmut","3260":"ch\u00fct","3261":" his","3262":"edri","3263":"hnik","3264":"robe","3265":"dels","3266":" m\u00e4n","3267":" una","3268":"\u00e4hnl","3269":"iser","3270":" fel","3271":" je ","3272":"klim","3273":"heor","3274":"\u00e4chl","3275":"ahrz","3276":"bisc","3277":"hick","3278":"ffiz","3279":"hle ","3280":"nbur","3281":"epte","3282":"er\u00e4n","3283":"achb","3284":"seri","3285":"rbar","3286":"mart","3287":"okto","3288":"akt ","3289":"iehu","3290":" gt ","3291":"\u00f6rte","3292":"haha","3293":"uben","3294":"\u00fchle","3295":"hern","3296":"ngeh","3297":" din","3298":"nens","3299":"g\u00e4ng","3300":"nahe","3301":" def","3302":"see ","3303":"grie","3304":"gita","3305":"mita","3306":"nts ","3307":"temb","3308":"iken","3309":"init","3310":"mie ","3311":"eut ","3312":" gez","3313":"neu ","3314":"\u00e4tzl","3315":"bete","3316":"tant","3317":"somm","3318":"angr","3319":"emok","3320":"digt","3321":"ufgr","3322":"ssan","3323":" gal","3324":" jew","3325":"utio","3326":" ord","3327":"erig","3328":" m\u00e4r","3329":"zoge","3330":"nhau","3331":"egal","3332":"gust","3333":"rdem","3334":"alts","3335":"rlag","3336":"iedr","3337":"bruc","3338":"iss ","3339":" pap","3340":"hard","3341":"jewe","3342":"tan ","3343":"erlo","3344":"chat","3345":"ehnt","3346":"wuss","3347":"sona","3348":"ltet","3349":"verp","3350":"nimm","3351":"erta","3352":"ngun","3353":"erks","3354":"isku","3355":"lgem","3356":"basi","3357":"tats","3358":" k\u00f6r","3359":"nnst","3360":" phi","3361":"fgru","3362":"lfen","3363":"mokr","3364":" x ","3365":"rmei","3366":"geni","3367":"wehr","3368":"achd","3369":"itli","3370":"rchs","3371":"tobe","3372":"ilm ","3373":" sep","3374":"f\u00fcll","3375":"erku","3376":"iegs","3377":"brig","3378":"rleg","3379":"ufe ","3380":"over","3381":"r\u00e4se","3382":"gast","3383":"ozes","3384":" don","3385":"fein","3386":" por","3387":"stab","3388":"ifen","3389":"ausz","3390":"erbo","3391":"lgt ","3392":" fu\u00df","3393":" ref","3394":"spr\u00e4","3395":"ar\u00fcb","3396":"able","3397":"ts\u00e4c","3398":" ann","3399":"alsc","3400":"mbur","3401":"kter","3402":"gess","3403":"dar\u00fc","3404":"ermu","3405":"sper","3406":"edit","3407":"en\u00fcb","3408":"rahm","3409":" ene","3410":"it\u00e4r","3411":" opt","3412":"nkun","3413":"een ","3414":" ext","3415":"chil","3416":"sand","3417":"sbil","3418":" tau","3419":"enie","3420":"ntha","3421":"grat","3422":"elne","3423":"rmin","3424":"hrit","3425":"drit","3426":"mper","3427":"nkel","3428":"gsbe","3429":"ttun","3430":"andi","3431":"rfor","3432":"nerh","3433":"vern","3434":" ope","3435":" \u00e4hn","3436":" dig","3437":"\u00f6nen","3438":"oss ","3439":"genh","3440":"op\u00e4i","3441":"\u00e4mpf","3442":"rnt ","3443":"ase ","3444":"geln","3445":"p\u00e4is","3446":"l\u00e4rt","3447":" liv","3448":" hom","3449":"\u00fcher","3450":"urt ","3451":"rdne","3452":" tem","3453":"\u00e4hrl","3454":"ntak","3455":"esic","3456":"ock ","3457":"pfen","3458":"elei","3459":" okt","3460":" ehr","3461":" sec","3462":"sied","3463":" bro","3464":"hafe","3465":"chef","3466":"deo ","3467":"ltes","3468":" v\u00f6l","3469":"bege","3470":"weet","3471":"bett","3472":" rie","3473":"\u00fcrfe","3474":"feue","3475":"mutt","3476":"er\u00e4t","3477":"titu","3478":"bish","3479":"hzei","3480":" ma\u00df","3481":"zend","3482":"dera","3483":"sern","3484":"kale","3485":"fig ","3486":"nswe","3487":"ver\u00f6","3488":"imal","3489":"rium","3490":" fla","3491":"amml","3492":"ezir","3493":"runt","3494":" nov","3495":"itiv","3496":"mani","3497":"ayer","3498":"f\u00f6rd","3499":"iebt","3500":" mel","3501":"lan ","3502":"espe","3503":"\u00e4sen","3504":"ntfe","3505":"ttes","3506":"esig","3507":"atze","3508":"erni","3509":"eid ","3510":" bus","3511":"achr","3512":"gefu","3513":"spit","3514":"peri","3515":"gert","3516":"ragt","3517":"tite","3518":"oman","3519":"ehan","3520":"min ","3521":"\u00e4gli","3522":"rafi","3523":" fle","3524":"itra","3525":"alti","3526":"pr\u00fcf","3527":"ers\u00f6","3528":"utor","3529":"iema","3530":"spei","3531":"reli","3532":" typ","3533":"ord ","3534":"eutu","3535":"adit","3536":"\u00e4ge ","3537":"eles","3538":"rstm","3539":"inli","3540":"eima","3541":"istr","3542":"eiz ","3543":"nisa","3544":"roni","3545":"terw","3546":"igit","3547":"twee","3548":"abso","3549":"bevo","3550":"h\u00e4us","3551":"zell","3552":"nenn","3553":" ame","3554":" dru","3555":" lic","3556":"k\u00fcns","3557":"berr","3558":" h\u00e4n","3559":"chmi","3560":"uris","3561":"ndor","3562":"trop","3563":"wegu","3564":"eues","3565":"niem","3566":"omit","3567":"zers","3568":"wint","3569":"ntis","3570":"rall","3571":"ktob","3572":"rise","3573":"ngsf","3574":" ne ","3575":"chze","3576":"emat","3577":" w ","3578":"meer","3579":"digi","3580":"omet","3581":"iebs","3582":"tdec","3583":" los","3584":"brec","3585":"kris","3586":" sat","3587":"\u00e4fti","3588":"ewor","3589":" fli","3590":"rela","3591":"ris ","3592":"agne","3593":"rmie","3594":" tea","3595":"ensa","3596":"ervo","3597":"rbes","3598":"issi","3599":"hnte","3600":"usga","3601":"zei ","3602":" abw","3603":"blau","3604":"denb","3605":"chl\u00e4","3606":"derh","3607":"\u00e4use","3608":"ttet","3609":"hige","3610":"nwoh","3611":" alb","3612":"burt","3613":"tieg","3614":"eer ","3615":"lben","3616":"off ","3617":" tou","3618":"hnac","3619":"\u00dferd","3620":" dia","3621":"ntde","3622":"ues ","3623":"eque","3624":"rge ","3625":"lleg","3626":"kali","3627":"omat","3628":"tar ","3629":"vort","3630":"ateg","3631":"terk","3632":"elas","3633":"ulie","3634":"entd","3635":"ekto","3636":" pet","3637":"undh","3638":"\u00fcnft","3639":" unv","3640":"gold","3641":"chr\u00e4","3642":"asie","3643":"moti","3644":"elem","3645":"teme","3646":"\u00f6nli","3647":"ifte","3648":"tric","3649":"chif","3650":" h\u00e4l","3651":" exi","3652":"uni ","3653":"\u00fctzt","3654":"r\u00e4ch","3655":"hien","3656":"rner","3657":"00er","3658":"rs\u00f6n","3659":"kurs","3660":" ler","3661":"edes","3662":"fini","3663":"s\u00f6nl","3664":"flan","3665":"aine","3666":"enar","3667":"ngle","3668":"gers","3669":"nseh","3670":"exis","3671":"\u00dfere","3672":"uge ","3673":" tit","3674":"albe","3675":"ends","3676":"tie ","3677":"esag","3678":"allo","3679":"xist","3680":" wac","3681":"bad ","3682":"herb","3683":"nage","3684":"ius ","3685":"hert","3686":"egis","3687":"flie","3688":"ning","3689":"evor","3690":"zert","3691":"erfl","3692":"olks","3693":"hiff","3694":"eidi","3695":"nlan","3696":"augu","3697":"dr\u00fcc","3698":"olls","3699":"\u00f6her","3700":" ita","3701":" z\u00e4h","3702":"agie","3703":"huld","3704":" pau","3705":" anh","3706":"helf","3707":" jen","3708":"aat ","3709":"elsw","3710":"defi","3711":"mlun","3712":"insb","3713":"digk","3714":"kath","3715":"enes","3716":"emis","3717":"\u00e4ndl","3718":"ugus","3719":"ef\u00e4h","3720":"elun","3721":" ker","3722":"meth","3723":"ehem","3724":"arsc","3725":"k\u00e4mp","3726":" sil","3727":"mmlu","3728":"inve","3729":"lism","3730":"phon","3731":"\u00fccks","3732":"ieri","3733":"pert","3734":" ori","3735":"zude","3736":"erm\u00f6","3737":"kaum","3738":"baum","3739":"\u00e4llt","3740":"\u00e4hig","3741":"lste","3742":"enla","3743":"mome","3744":" n ","3745":"salz","3746":"ussa","3747":"erkr","3748":"upt ","3749":"expe","3750":"bade","3751":"geb\u00e4","3752":"rtie","3753":"rbe ","3754":"bier","3755":"teck","3756":"daru","3757":"f\u00e4hi","3758":"rkei","3759":"terv","3760":"okal","3761":"ntri","3762":" tan","3763":"hang","3764":"ando","3765":"efan","3766":"uert","3767":"bjek","3768":"inks","3769":"derg","3770":" zuf","3771":"seum","3772":"auff","3773":"beli","3774":"vest","3775":"olis","3776":"bte ","3777":"aufb","3778":"ausr","3779":" kas","3780":"gner","3781":"hrsc","3782":"geze","3783":"fend","3784":"\u00e4nne","3785":" fro","3786":"onte","3787":"tos ","3788":"iech","3789":"est\u00e4","3790":"fnet","3791":"rzie","3792":"lens","3793":"ffer","3794":"furt","3795":" br\u00fc","3796":" bur","3797":"egte","3798":"ibli","3799":"mine","3800":"ntes","3801":"bsol","3802":"gebl","3803":"lswe","3804":"tigs","3805":"eitg","3806":"stik","3807":"sfor","3808":"dreh","3809":" rah","3810":" inh","3811":"t\u00fcrk","3812":"useu","3813":"mern","3814":" pal","3815":"onse","3816":"ngeg","3817":"erda","3818":"sbur","3819":"ambu","3820":"rchg","3821":" sex","3822":"rm\u00f6g","3823":"eihn","3824":" mom","3825":"ria ","3826":"mag ","3827":"athe","3828":"teln","3829":"uli ","3830":"reme","3831":"weig","3832":"ndwi","3833":"\u00fcste","3834":"igne","3835":"mgeb","3836":"pati","3837":"rell","3838":"pisc","3839":"ihna","3840":"esto","3841":"\u00f6chs","3842":"orti","3843":"uzie","3844":" une","3845":"rofi","3846":" ran","3847":"ohen","3848":"ofor","3849":" dez","3850":"adio","3851":"benu","3852":"dars","3853":" lis","3854":"ntat","3855":"naly","3856":"ison","3857":"eiln","3858":"bode","3859":"lbar","3860":"tus ","3861":"derb","3862":"smar","3863":"rig ","3864":"hlte","3865":"h\u00f6ch","3866":" h\u00f6c","3867":"epr\u00e4","3868":"fals","3869":"sers","3870":"rtes","3871":" kna","3872":"apri","3873":"intr","3874":"ukun","3875":"loge","3876":"lgre","3877":"sept","3878":"rvie","3879":"inz ","3880":"rstr","3881":"000e","3882":"srei","3883":"r\u00e4ft","3884":"udem","3885":"kr\u00e4f","3886":"aufz","3887":"ever","3888":"hone","3889":"deln","3890":"ests","3891":"merz","3892":" j\u00e4h","3893":"nwei","3894":"sofo","3895":"laus","3896":"tlan","3897":"thod","3898":"dend","3899":"erbl","3900":"neut","3901":"inwe","3902":"mai ","3903":"hie ","3904":"digu","3905":" tor","3906":"pfla","3907":"\u00fcbri","3908":"ngsr","3909":" amt","3910":"\u00fcgen","3911":"ufga","3912":" \u00e4lt","3913":"lizi","3914":"ngew","3915":"br\u00fcc","3916":"elis","3917":"rsor","3918":"terp","3919":" zud","3920":"onom","3921":"ch\u00e4t","3922":"juni","3923":"efah","3924":"desi","3925":"dnet","3926":"zes ","3927":"sech","3928":" sho","3929":"deze","3930":" url","3931":"h\u00fctz","3932":"ngre","3933":"rian","3934":"gegr","3935":"h\u00e4tz","3936":"rban","3937":"ief ","3938":"gal ","3939":"umst","3940":"trah","3941":" apr","3942":"hric","3943":"amst","3944":"ikal","3945":" \u00fcbr","3946":"\u00e4ger","3947":"hwin","3948":"alli","3949":"opf ","3950":" dac","3951":" tr\u00e4","3952":" t\u00e4t","3953":"rasc","3954":"hdem","3955":"unsc","3956":"rneu","3957":" max","3958":"remi","3959":"\u00e4fte","3960":"edig","3961":"hrhe","3962":"quel","3963":"raph","3964":"ligi","3965":"perf","3966":"olgr","3967":"rsio","3968":"kant","3969":"treu","3970":"ufst","3971":" arc","3972":"sort","3973":"edan","3974":"comp","3975":"uers","3976":"aubt","3977":"rufe","3978":"icha","3979":"dler","3980":"thol","3981":"ursp","3982":"ndis","3983":"n\u00f6ti","3984":" det","3985":"orhe","3986":"\u00f6tig","3987":"rinz","3988":"elst","3989":"fgab","3990":"waff","3991":" inv","3992":"orau","3993":" bio","3994":"\u00fcckt","3995":"ndle","3996":"ufer","3997":"aser","3998":"rwer","3999":"drin","4000":"llie","4001":" ros","4002":"hr\u00e4n","4003":" km ","4004":"soft","4005":"zuku","4006":"chec","4007":"ity ","4008":" ret","4009":" zim","4010":"sstr","4011":"b\u00fcch","4012":"anga","4013":"ezog","4014":"ntel","4015":"itut","4016":"ulat","4017":"umin","4018":"orta","4019":"plet","4020":"ingl","4021":"risi","4022":"rsei","4023":"msta","4024":"bewu","4025":"rtli","4026":"ihei","4027":"glis","4028":"ie\u00df ","4029":"dres","4030":"gnis","4031":" sym","4032":"dium","4033":"otor","4034":"sige","4035":"pitz","4036":"nhof","4037":"ber\u00fc","4038":"fakt","4039":"kand","4040":"erpa","4041":"insg","4042":"opfe","4043":"bsta","4044":"miet","4045":"tges","4046":"xper","4047":"ohle","4048":"\u00e4ngt","4049":"hamb","4050":"nhan","4051":"ptem","4052":"proc","4053":"ovem","4054":"droh","4055":"rdie","4056":"wobe","4057":" bay","4058":"thek","4059":"ngsv","4060":"atho","4061":"ott ","4062":"arun","4063":"webs","4064":"unve","4065":"nwen","4066":"anzu","4067":"ngsk","4068":" top","4069":"imat","4070":"rlas","4071":"tbar","4072":"ahlu","4073":"\u00e4rke","4074":"nspi","4075":"teie","4076":" umw","4077":"reng","4078":"rali","4079":" wec","4080":"vati","4081":"moto","4082":" mee","4083":" pan","4084":"vice","4085":"ukte","4086":"trem","4087":"ntal","4088":"mpf ","4089":"ranc","4090":"trof","4091":"orsi","4092":"grap","4093":" fak","4094":"ril ","4095":"ielf","4096":"otz ","4097":"\u00fcndu","4098":"rlet","4099":"ausd","4100":"rras","4101":"rahl","4102":"xtre","4103":" sub","4104":" twe","4105":"kapi","4106":"eswe","4107":"prak","4108":"ngsw","4109":"brit","4110":"achf","4111":"pr\u00e4g","4112":"pril","4113":"ifiz","4114":"meta","4115":"seln","4116":"etho","4117":"dard","4118":"neri","4119":"aufl","4120":" wob","4121":"enwe","4122":"obei","4123":"utzu","4124":"rst\u00f6","4125":"anen","4126":"apit","4127":"rtel","4128":"lerw","4129":"mund","4130":"isst","4131":"ankr","4132":"ngsl","4133":"vemb","4134":"\u00e4ste","4135":"unab","4136":"chtb","4137":"ewes","4138":"roff","4139":"ngri","4140":"abt ","4141":" pen","4142":"duzi","4143":"lwei","4144":" vat","4145":"back","4146":"nomi","4147":" dad","4148":"arla","4149":"\u00fcndi","4150":"ktis","4151":"kreu","4152":"nso ","4153":"rvor","4154":"weck","4155":"dika","4156":"\u00e4uft","4157":"rarb","4158":"evan","4159":"riec","4160":"hara","4161":"bein","4162":"rom ","4163":"eum ","4164":"bus ","4165":"kass","4166":"chad","4167":"nrei","4168":"eges","4169":" kil","4170":"korr","4171":"tick","4172":"heri","4173":"itta","4174":"hell","4175":"tast","4176":"janu","4177":"refo","4178":"soge","4179":"ckli","4180":"ichi","4181":"eb\u00e4u","4182":"andk","4183":" g ","4184":"anac","4185":"ight","4186":"\u00fcnf ","4187":"\u00e4ude","4188":"mina","4189":"sses","4190":"itua","4191":"rweg","4192":"menh","4193":"ral ","4194":"ttag","4195":"thea","4196":"b\u00e4ud","4197":" anb","4198":"ahm ","4199":"zig ","4200":"g\u00fcns","4201":"rtst","4202":"ptio","4203":"ssiv","4204":"ortl","4205":"\u00f6ne ","4206":"habt","4207":"h\u00e4nd","4208":"heat","4209":"psyc","4210":"inba","4211":"elat","4212":"eltw","4213":" erb","4214":"pfeh","4215":"gle ","4216":"irke","4217":"rsac","4218":"reuz","4219":"ltni","4220":"pole","4221":"m\u00e4rz","4222":"orha","4223":"dari","4224":"\u00fctte","4225":"\u00dfig ","4226":"nabh","4227":"sych","4228":"anua","4229":"rbot","4230":"esis","4231":"indr","4232":"asen","4233":"ndie","4234":"assa","4235":"idig","4236":"gig ","4237":"holi","4238":"llia","4239":"vorl","4240":"pend","4241":"divi","4242":"inat","4243":"ortu","4244":"owoh","4245":" zuv","4246":"ehei","4247":"demi","4248":"ernd","4249":"ume ","4250":"zdem","4251":"egne","4252":"shop","4253":"alys","4254":"itag","4255":"r\u00e4te","4256":"reig","4257":"f\u00fcrs","4258":"obje","4259":"ewus","4260":"tzde","4261":"ats\u00e4","4262":"rief","4263":"aise","4264":"ruhe","4265":" you","4266":"eltk","4267":"ilte","4268":"ngla","4269":"zun\u00e4","4270":"feri","4271":"solu","4272":" isl","4273":"eori","4274":"ensp","4275":"nuar","4276":"lore","4277":"tisi","4278":"anta","4279":"gige","4280":"baye","4281":"arie","4282":"\u00dfte ","4283":"eate","4284":"\u00fclle","4285":"stst","4286":"oran","4287":"eein","4288":"iati","4289":"un\u00e4c","4290":"lame","4291":"repu","4292":"ffnu","4293":"doku","4294":"omin","4295":"sowo","4296":" lus","4297":"antr","4298":"fess","4299":"otzd","4300":"erw\u00e4","4301":"toma","4302":"fnun","4303":"napp","4304":"were","4305":"soph","4306":"prov","4307":"izin","4308":" unf","4309":"nkom","4310":"nsio","4311":" zul","4312":"\u00f6run","4313":"esso","4314":"\u00e4rz ","4315":"bell","4316":"kend","4317":"\u00e4ltn","4318":"umwe","4319":"lsta","4320":"emer","4321":"atik","4322":"achl","4323":"dee ","4324":"r\u00fcch","4325":"tipp","4326":"tut ","4327":"nfra","4328":" wit","4329":"evol","4330":"tabe","4331":"kate","4332":"biss","4333":"andw","4334":"utom","4335":"geko","4336":"hobe","4337":"arde","4338":"pruc","4339":"tgeb","4340":"herv","4341":"gist","4342":"adur","4343":"enis","4344":"reut","4345":" kai","4346":"ates","4347":"etr\u00e4","4348":"edia","4349":"nisi","4350":"0er ","4351":"nnta","4352":"ngsz","4353":"rwie","4354":" ton","4355":"ourn","4356":"vari","4357":"f\u00e4ng","4358":"swah","4359":"heme","4360":"itsc","4361":" \u00e4nd","4362":"epub","4363":"ickt","4364":"ulti","4365":"sams","4366":" zeh","4367":"rker","4368":"ross","4369":"ermo","4370":" log","4371":"luti","4372":"dte ","4373":"rme ","4374":" bod","4375":"rheb","4376":"hade","4377":"volu","4378":"rvic","4379":"rgru","4380":"rbra","4381":"late","4382":" mob","4383":" bac","4384":"rers","4385":"rill","4386":" f\ufffdr","4387":"teur","4388":"nett","4389":"rwac","4390":" dro","4391":"esie","4392":"sohn","4393":"uto ","4394":"orre","4395":"bega","4396":"iers","4397":"liga","4398":"egs ","4399":"book","4400":"eur ","4401":"dadu","4402":"dizi","4403":"f\ufffdr ","4404":"time","4405":"irat","4406":"nigs","4407":"err ","4408":"cks ","4409":"lere","4410":"tail","4411":"\u00dften","4412":"verr","4413":"desr","4414":"ezem","4415":"inwo","4416":"erh\u00f6","4417":"l\u00e4re","4418":"veru","4419":"innt","4420":"king","4421":"hase","4422":"pieg","4423":"uder","4424":"lent","4425":"mpel","4426":" sai","4427":"hild","4428":"konk","4429":"sf\u00fch","4430":"aufn","4431":" nim","4432":"ormi","4433":" abl","4434":"ngem","4435":"ngab","4436":"reak","4437":"uati","4438":"zemb","4439":"reze","4440":"ocht","4441":"eord","4442":"ophi","4443":" fis","4444":" elt","4445":"ktie","4446":"l\u00f6st","4447":"inau","4448":"dana","4449":"nz\u00f6s","4450":"sger","4451":"ichu","4452":"anz\u00f6","4453":"gepr","4454":"edel","4455":"k\u00fcnd","4456":" hor","4457":"batt","4458":"eilw","4459":"skan","4460":"epla","4461":"hl\u00e4g","4462":"dame","4463":"ennu","4464":"gsst","4465":"even","4466":"z\u00f6si","4467":"rhol","4468":"mste","4469":"mwel","4470":"tari","4471":" obw","4472":"enzi","4473":"anto","4474":"hwie","4475":" st ","4476":"trea","4477":"unio","4478":"fl\u00fcc","4479":"pl\u00e4t","4480":"uran","4481":"chl\u00fc","4482":"lst\u00e4","4483":" dom","4484":"site","4485":"t\u00e4gl","4486":"pari","4487":"eali","4488":" lad","4489":" rev","4490":"redi","4491":"rsto","4492":"omis","4493":"ohan","4494":"tat ","4495":"zune","4496":"\u00f6sis","4497":"ltwe","4498":"tate","4499":"f\u00fcgt","4500":"\u00e4rte","4501":"ihe ","4502":"attf","4503":"obwo","4504":"kret","4505":"ombi","4506":"rfte","4507":"bwoh","4508":"\u00fcnch","4509":"l\u00fcch","4510":" is ","4511":"nfer","4512":"wage","4513":"l\u00e4tz","4514":"desw","4515":"mana","4516":" pop","4517":"mel ","4518":"kilo","4519":"obac","4520":"rafe","4521":"olla","4522":"neid","4523":"efre","4524":"gegn","4525":" pub","4526":"stic","4527":"atli","4528":"nzug","4529":"lehn","4530":"gien","4531":"pack","4532":"brie","4533":"achh","4534":"eere","4535":"quen","4536":"ewan","4537":"ichz","4538":"ndin","4539":"nat ","4540":"erro","4541":"gelm","4542":"eoba","4543":"sweg","4544":"befr","4545":"enkt","4546":"drau","4547":"twer","4548":"mail","4549":"t\u00e4ts","4550":"herm","4551":"llo ","4552":"lkom","4553":"olz ","4554":"bloc","4555":"wang","4556":"zusc","4557":"kata","4558":" dok","4559":"somi","4560":"\u00e4u\u00dfe","4561":"\u00e4ufe","4562":"ane ","4563":"alog","4564":"us\u00e4t","4565":"pr\u00e4c","4566":"atri","4567":"atsa","4568":"ream","4569":"ness","4570":"klag","4571":"attu","4572":"ble ","4573":"g\u00e4st","4574":"aufw","4575":"ivit","4576":"karl","4577":"ilwe","4578":"stop","4579":"\u00fcckg","4580":"arge","4581":"ochs","4582":"\u00fcler","4583":"rse ","4584":"trin","4585":"gori","4586":"dopp","4587":"ore ","4588":"ome ","4589":"nika","4590":"abwe","4591":"old ","4592":"zus\u00e4","4593":"urts","4594":"nntn","4595":"m\u00fcnc","4596":"wieg","4597":"ckun","4598":"\u00fcnen","4599":"perr","4600":"efra","4601":"tris","4602":"achw","4603":"sthe","4604":"vorz","4605":"enga","4606":"mfas","4607":"situ","4608":"uneh","4609":"lare","4610":"usbi","4611":"beob","4612":"tine","4613":"ediz","4614":"tkri","4615":"ntni","4616":"bese","4617":"kais","4618":"news","4619":"phys","4620":"joha","4621":"ales","4622":"rg\u00e4n","4623":"exte","4624":" flo","4625":"unke","4626":"elba","4627":"wier","4628":"top ","4629":"l\u00fcge","4630":"rhie","4631":"illa","4632":"ch\u00e4d","4633":"keln","4634":"rh\u00f6h","4635":"ftra","4636":"elef","4637":" sig","4638":"ewis","4639":" var","4640":"olg ","4641":"log ","4642":"nism","4643":"sis ","4644":"blen","4645":" bor","4646":"ilbe","4647":"kana","4648":"rma ","4649":"rnte","4650":"tuat","4651":" rez","4652":"uszu","4653":"hysi","4654":"blin","4655":"rkan","4656":"harm","4657":"\u00e4rt ","4658":"parl","4659":"nion","4660":"tabl","4661":" afd","4662":" er\u00f6","4663":"gsve","4664":"chro","4665":"hilo","4666":"tod ","4667":"rlor","4668":" bem","4669":"alko","4670":"rump","4671":"otes","4672":"nolo","4673":"tlei","4674":"ext ","4675":"erum","4676":"undi","4677":" coo","4678":"ebil","4679":"slos","4680":"aiso","4681":"rlam","4682":"anag","4683":"onti","4684":"ime ","4685":"kume","4686":"reiz","4687":"gran","4688":"rgeh","4689":"itat","4690":"geho","4691":"enko","4692":"anbi","4693":"holt","4694":"eet ","4695":"\u00e4ssi","4696":"achg","4697":"elin","4698":"tatu","4699":"abil","4700":"bill","4701":"nbau","4702":"spla","4703":"lik ","4704":"ook ","4705":"slic","4706":"fu\u00dfb","4707":"rze ","4708":"egle","4709":"irma","4710":"uhig","4711":"hinz","4712":"hode","4713":"lind","4714":" tab","4715":" goo","4716":"senk","4717":"ars ","4718":"ma\u00dfn","4719":"tbew","4720":"ruhi","4721":"chra","4722":"k\u00fcrz","4723":"ezah","4724":"lome","4725":"ael ","4726":"bena","4727":"tist","4728":"estg","4729":"a\u00dfna","4730":"esst","4731":"erbs","4732":"beh\u00f6","4733":"nbes","4734":" k ","4735":"\u00dfnah","4736":"ntan","4737":"urna","4738":"nzip","4739":"view","4740":" haf","4741":" tur","4742":"twen","4743":"\u00e4he ","4744":"nker","4745":"main","4746":" c ","4747":"ch\u00fcl","4748":"rot ","4749":"tzes","4750":"dric","4751":"tifi","4752":" psy","4753":"ahah","4754":"elm\u00e4","4755":"atin","4756":" abh","4757":"aini","4758":"kade","4759":" att","4760":"tian","4761":" eve","4762":"lgte","4763":"\u00fcge ","4764":"ndre","4765":"r\u00fcng","4766":"sola","4767":"afd ","4768":"pr\u00fcn","4769":"ahne","4770":"peic","4771":"phie","4772":"ags ","4773":" abz","4774":"rnse","4775":"atei","4776":" loc","4777":" unm","4778":"i\u00dfen","4779":"lers","4780":" mie","4781":"h\u00fcle","4782":"ilos","4783":"echi","4784":"kolo","4785":"sais","4786":"anni","4787":"ouri","4788":"ndte","4789":"heck","4790":" pha","4791":"zern","4792":"aket","4793":"berz","4794":"hnei","4795":"ain ","4796":"till","4797":"terf","4798":"erfr","4799":"pita","4800":"loka","4801":"play","4802":"fenb","4803":"ivie","4804":"arak","4805":"hinw","4806":"geta","4807":"sreg","4808":"rtr\u00e4","4809":"kett","4810":"mas ","4811":" zb ","4812":" g\u00fcn","4813":"\u00fcsst","4814":"ilne","4815":"gati","4816":"onfe","4817":"ahlt","4818":"otwe","4819":" eu ","4820":"unfa","4821":"beei","4822":"ltkr","4823":"koch","4824":" hum","4825":"bren","4826":" arg","4827":"frem","4828":"turm","4829":"k\u00fcnf","4830":"moni","4831":"eakt","4832":"osop","4833":"arze","4834":"erur","4835":"berb","4836":"rus ","4837":"\u00fcgt ","4838":" f\u00f6r","4839":" vir","4840":"stuf","4841":"ippe","4842":"irks","4843":"akto","4844":"wing","4845":"helm","4846":"rast","4847":"anzl","4848":"okum","4849":"erko","4850":"hl\u00fcs","4851":"rnal","4852":"nzah","4853":"rigi","4854":"uhe ","4855":"blut","4856":"lug ","4857":"gem\u00e4","4858":"nsiv","4859":"rzt ","4860":"papi","4861":"bela","4862":"agra","4863":"beda","4864":"beck","4865":"ntre","4866":"pens","4867":"ofes","4868":"rkst","4869":"kens","4870":"trup","4871":"tela","4872":"ndkr","4873":"jour","4874":"eorg","4875":"remd","4876":"ewic","4877":" ank","4878":"llko","4879":"rkra","4880":"ntum","4881":"paus","4882":"ahnh","4883":"\u00f6sen","4884":"orgt","4885":" beo","4886":"rgt ","4887":"dten","4888":"istl","4889":"rude","4890":"afft","4891":"nmit","4892":"hemi","4893":"nthe","4894":"rror","4895":"stia","4896":"erz\u00e4","4897":"kier","4898":"hans","4899":"rdig","4900":"rovi","4901":"enle","4902":"mera","4903":"rry ","4904":" f ","4905":"vit\u00e4","4906":"espa","4907":"lger","4908":"zumi","4909":"lneh","4910":"dati","4911":"spa\u00df","4912":"\u00e4run","4913":"erap","4914":"chna","4915":"each","4916":"desl","4917":"knap","4918":"gsam","4919":" l\u00e4u","4920":" tal","4921":" dop","4922":"rone","4923":" rob","4924":"rz\u00e4h","4925":"fl\u00fcs","4926":" ale","4927":"erzu","4928":"ausp","4929":"telt","4930":"agun","4931":"rimi","4932":"nnov","4933":"etai","4934":"kuss","4935":"ivid","4936":" mau","4937":"\u00fctzu","4938":"dnis","4939":"skri","4940":"rkte","4941":"lus ","4942":"aufh","4943":"raun","4944":"deal","4945":"beza","4946":"komb","4947":" tip","4948":"nchm","4949":"chir","4950":"htes","4951":"rtin","4952":"igin","4953":"taur","4954":"allt","4955":"tsst","4956":"las ","4957":"b\u00fcro","4958":"weic","4959":"hani","4960":"nks ","4961":"new ","4962":" dag","4963":"enwa","4964":"sist","4965":"deta","4966":"drig","4967":"nerk","4968":"pfun","4969":"nf\u00fch","4970":"ubt ","4971":"stum","4972":" eva","4973":"rgel","4974":"nsei","4975":"hwan","4976":"our ","4977":"chha","4978":" lat","4979":"edem","4980":"kisc","4981":"arat","4982":"aush","4983":"ower","4984":"rofe","4985":"\u00fchl ","4986":"efal","4987":"gepl","4988":" t ","4989":"etal","4990":"mena","4991":"arre","4992":"itie","4993":"rzli","4994":"\u00fcngl","4995":"nst\u00e4","4996":"nzep","4997":"nves","4998":"\u00dfend","4999":"ems "}}