{"eng":{"0":" the","1":"the ","2":"ing ","3":"and ","4":" of ","5":" and","6":" to ","7":" a ","8":" in ","9":"tion","10":"num>","11":"<num","12":" <nu","13":"um> ","14":"ion ","15":" is ","16":" for","17":"hat ","18":" tha","19":" i ","20":" you","21":"for ","22":"that","23":"his ","24":"atio","25":"ent ","26":" thi","27":" wit","28":"with","29":"ted ","30":" it ","31":" on ","32":"ith ","33":"ther","34":"you ","35":" con","36":"are ","37":" pro","38":" as ","39":" are","40":"this","41":"ere ","42":" was","43":"ment","44":"ers ","45":" com","46":"ter ","47":"was ","48":" be ","49":"her ","50":"our ","51":"ave ","52":" by ","53":"ting","54":" hav","55":"nce ","56":" not","57":"ons ","58":"one ","59":" can","60":"all ","61":" fro","62":"have","63":"here","64":"out ","65":"rom ","66":"from","67":" at ","68":"ate ","69":"ions","70":"ies ","71":"lly ","72":"not ","73":"ill ","74":" sta","75":"ity ","76":"ive ","77":" all","78":" s ","79":" int","80":"ver ","81":" but","82":"ally","83":"ever","84":" or ","85":" wor","86":"but ","87":"ome ","88":"ight","89":"ore ","90":" we ","91":"thin","92":" whe","93":"sed ","94":" whi","95":"can ","96":" my ","97":" an ","98":"over","99":" he ","100":"ould","101":"ding","102":"een ","103":"nts ","104":"ght ","105":"hen ","106":" his","107":"red ","108":"ble ","109":"ess ","110":"king","111":"some","112":"uld ","113":"ctio","114":" wil","115":"hey ","116":"they","117":" eve","118":" som","119":" pla","120":" par","121":"your","122":" cou","123":"est ","124":"hing","125":"will","126":" rea","127":"nal ","128":"ring","129":"othe","130":" res","131":" pre","132":" t ","133":"ust ","134":" one","135":" has","136":"ure ","137":" cha","138":"ough","139":" man","140":"port","141":"has ","142":"use ","143":"inte","144":" mor","145":"time","146":" sho","147":" so ","148":"comp","149":"ning","150":" per","151":"sion","152":"ence","153":"ple ","154":"nter","155":"any ","156":"ical","157":"ame ","158":" who","159":"ant ","160":" new","161":"its ","162":" tra","163":"ated","164":"onal","165":"ich ","166":"now ","167":"day ","168":"tive","169":" out","170":"ned ","171":" if ","172":"like","173":"mber","174":" her","175":"very","176":"ear ","177":" yea","178":"comm","179":" abo","180":"ike ","181":"part","182":"hich","183":"cal ","184":"whic","185":" dis","186":"more","187":"ance","188":"able","189":"ost ","190":"reat","191":"iona","192":"ary ","193":"der ","194":"form","195":"ents","196":"cont","197":"ime ","198":" lik","199":"ture","200":" me ","201":" wha","202":"when","203":"ial ","204":"what","205":"year","206":" tim","207":"ine ","208":"just","209":"age ","210":"thei","211":"heir","212":"eir ","213":"ound","214":"ain ","215":"were","216":" jus","217":"abou","218":"pres","219":" inc","220":"ake ","221":"sing","222":" wer","223":"ded ","224":" fir","225":"led ","226":"bout","227":" use","228":"enti","229":"ice ","230":"work","231":"nder","232":"own ","233":"ast ","234":"uch ","235":" bee","236":" how","237":"ber ","238":" hea","239":"ely ","240":" its","241":"new ","242":"ery ","243":"who ","244":" exp","245":" lea","246":"than","247":"nati","248":"ral ","249":"ces ","250":" rec","251":" don","252":" see","253":"ount","254":"rati","255":"ugh ","256":"ian ","257":"ard ","258":" up ","259":"tes ","260":" str","261":"cons","262":" thr","263":" als","264":" car","265":" oth","266":"also","267":"lso ","268":"itio","269":"know","270":"been","271":" app","272":"les ","273":"ell ","274":"side","275":"ster","276":"acti","277":"ack ","278":"ood ","279":" tho","280":"ecti","281":"how ","282":" kno","283":"ays ","284":"cent","285":"even","286":"ans ","287":"ling","288":" no ","289":"stan","290":"coun","291":"emen","292":"stat","293":" bec","294":" our","295":"had ","296":" had","297":" off","298":"man ","299":" fin","300":" spe","301":" mar","302":"mes ","303":" do ","304":"rst ","305":"nly ","306":"tter","307":"rate","308":" any","309":"ous ","310":"ars ","311":"land","312":"son ","313":"ses ","314":"cial","315":"art ","316":" wou","317":"ose ","318":"irst","319":" get","320":"ople","321":" peo","322":" act","323":"peop","324":" ind","325":"eopl","326":"thou","327":"woul","328":" pri","329":"ase ","330":"firs","331":"ong ","332":"most","333":"ese ","334":"nds ","335":" acc","336":"ide ","337":"spec","338":" suc","339":" rep","340":"call","341":" ove","342":"ish ","343":"tly ","344":" gre","345":"ect ","346":" onl","347":"dent","348":" mak","349":"lati","350":"ite ","351":"late","352":"und ","353":"end ","354":" uni","355":" ser","356":"ven ","357":" ins","358":"them","359":" rel","360":" des","361":"eral","362":"get ","363":"ange","364":"ngs ","365":"unde","366":"serv","367":"embe","368":"ying","369":"ace ","370":" imp","371":" col","372":" pos","373":"ress","374":"nto ","375":"vers","376":"only","377":"ater","378":"ving","379":"ove ","380":"res ","381":"ead ","382":"real","383":" min","384":" mos","385":" she","386":"lect","387":"come","388":" may","389":" m ","390":"rent","391":"ease","392":"afte","393":"han ","394":"ade ","395":"caus","396":"ries","397":"ist ","398":"arti","399":"ings","400":"way ","401":" sup","402":" sto","403":"ause","404":"mple","405":"ved ","406":"chan","407":"ory ","408":"read","409":"thes","410":" ver","411":"stor","412":" mon","413":"inst","414":"play","415":"fter","416":"llow","417":"ort ","418":"prov","419":"ves ","420":" now","421":" aft","422":"ates","423":" bet","424":"eat ","425":" chi","426":"rese","427":"stra","428":" us ","429":"cess","430":"into","431":"tate","432":"beca","433":"ile ","434":" cal","435":"eed ","436":" wel","437":"tic ","438":"tern","439":"ties","440":"ffer","441":" sec","442":"leas","443":" day","444":"ree ","445":"ook ","446":"fore","447":"make","448":"cati","449":"back","450":" und","451":" goo","452":"ork ","453":"sign","454":" gen","455":" nee","456":"crea","457":"hese","458":"need","459":"alle","460":" tak","461":"star","462":"tain","463":"don ","464":"ied ","465":"erat","466":"iver","467":"tal ","468":"ears","469":"ters","470":" dec","471":"unit","472":"als ","473":"many","474":"nclu","475":" nat","476":"iden","477":" wan","478":" hel","479":" gro","480":" pol","481":" sin","482":"hem ","483":"atin","484":"roug","485":"sts ","486":" mus","487":"may ","488":" fre","489":"each","490":" bac","491":"clud","492":"old ","493":"ines","494":"esti","495":"vide","496":"ced ","497":"wher","498":"used","499":"line","500":"ener","501":" ass","502":"take","503":"tati","504":"incl","505":"well","506":" loo","507":"reas","508":"ind ","509":" reg","510":"rest","511":"ilit","512":"ors ","513":"iste","514":"good","515":"fere","516":"thro","517":"lity","518":"nmen","519":"ked ","520":" sha","521":"try ","522":"twee","523":"icat","524":"ativ","525":"rica","526":"ness","527":"ctor","528":"ract","529":" two","530":"long","531":"ssio","532":"rodu","533":"eren","534":"oduc","535":"pers","536":"ious","537":"love","538":"ower","539":"eing","540":"atur","541":" inf","542":"such","543":" lov","544":"ink ","545":" bri","546":" sur","547":"vent","548":"arch","549":"ntin","550":"she ","551":"gain","552":"ders","553":"ctiv","554":"hed ","555":"two ","556":" mad","557":"nes ","558":"evel","559":"ered","560":"houg","561":"tran","562":"righ","563":" sou","564":"look","565":" mea","566":"rien","567":"orma","568":"sent","569":"cond","570":"econ","571":"illi","572":" cen","573":"aid ","574":"ndin","575":"rds ","576":" war","577":" fac","578":" att","579":" did","580":" stu","581":"want","582":"see ","583":"cted","584":" him","585":"enta","586":"tor ","587":"ges ","588":"usin","589":"then","590":"sure","591":" cre","592":"ffic","593":"supp","594":"gene","595":" wat","596":" win","597":" rem","598":"worl","599":" cla","600":"orld","601":" fou","602":"rly ","603":"low ","604":"lled","605":"oing","606":" say","607":"ach ","608":" too","609":"expe","610":"vern","611":"arge","612":"hink","613":"ship","614":" ele","615":"indi","616":"ming","617":" mil","618":"ecau","619":"essi","620":"efor","621":" gov","622":"roun","623":" sti","624":" gra","625":"ught","626":"lar ","627":"poli","628":"grea","629":"atte","630":"high","631":"rans","632":" bro","633":"hang","634":"ince","635":" dev","636":" hig","637":"list","638":" giv","639":" bel","640":" aga","641":"shou","642":" bei","643":" sai","644":"act ","645":"elec","646":" lat","647":"ubli","648":"bein","649":"gove","650":"inal","651":" mat","652":"ful ","653":"cana","654":" bas","655":"stin","656":"mati","657":"agai","658":" dea","659":"made","660":"rts ","661":"wing","662":"char","663":"less","664":"hose","665":"med ","666":" sub","667":"gree","668":"peci","669":"live","670":"memb","671":" ear","672":"ten ","673":"hrou","674":"lish","675":"ited","676":"chin","677":"ende","678":" tea","679":" rig","680":"diff","681":"riti","682":"publ","683":" way","684":"tory","685":"rch ","686":"houl","687":"ward","688":"per ","689":" dif","690":" fol","691":"rovi","692":"urin","693":" sch","694":"prod","695":"mate","696":"oint","697":"peri","698":" inv","699":"appe","700":" hou","701":" lon","702":" che","703":" fun","704":"plan","705":" lan","706":"ente","707":"alth","708":"ific","709":" ref","710":"nera","711":"diti","712":"tabl","713":"cts ","714":" tru","715":"nge ","716":"pect","717":"ern ","718":" sen","719":"ire ","720":"reco","721":" mem","722":"itie","723":"vice","724":"ontr","725":" sea","726":"anad","727":" sam","728":"ular","729":" liv","730":"lace","731":" har","732":"mini","733":"ual ","734":"ains","735":"ets ","736":"ject","737":"ican","738":"ife ","739":" ope","740":"ily ","741":" nor","742":"ppor","743":"wer ","744":"hile","745":"rld ","746":"give","747":"once","748":"athe","749":"main","750":"tart","751":"tand","752":"nted","753":"him ","754":"eate","755":" lif","756":"self","757":" lin","758":"plac","759":"life","760":"name","761":"till","762":"ervi","763":"ins ","764":"rect","765":"cate","766":"ined","767":"oper","768":"rela","769":"view","770":"ger ","771":"grou","772":"tle ","773":"coul","774":"whil","775":"soci","776":"atch","777":" ter","778":"itte","779":"noth","780":" add","781":"acco","782":"last","783":" boo","784":" bea","785":"etwe","786":"tant","787":"poin","788":"ulat","789":"resp","790":"arly","791":"ise ","792":"ible","793":" def","794":" hom","795":"des ","796":" fee","797":"siti","798":"llin","799":"ollo","800":"stri","801":"ttle","802":"olog","803":"book","804":"omet","805":"ord ","806":"tica","807":"ours","808":"ustr","809":" cit","810":"happ","811":" mov","812":" bot","813":"amp ","814":"rson","815":"><nu","816":"stic","817":" cam","818":"duct","819":"onsi","820":" gam","821":" ret","822":"isti","823":" hap","824":"term","825":"m><n","826":"um><","827":" num","828":"show","829":"prop","830":"earl","831":" muc","832":"medi","833":"akin","834":"esse","835":"orth","836":"uppo","837":"hous","838":"said","839":"ersi","840":"ernm","841":"ette","842":"much","843":"ntly","844":" end","845":"inis","846":"stil","847":"rnme","848":" doe","849":"ompa","850":" art","851":"foll","852":"posi","853":"esen","854":"stru","855":" loc","856":"mean","857":"turn","858":" las","859":"ased","860":"ways","861":"nist","862":" cor","863":"eal ","864":"erso","865":"ttin","866":"ics ","867":"does","868":"tent","869":" eng","870":" ent","871":" kin","872":"uall","873":"omin","874":" am ","875":"renc","876":" shi","877":"assi","878":"rth ","879":"amer","880":"rder","881":"ween","882":"umbe","883":"yste","884":" bes","885":"eric","886":"oes ","887":"ean ","888":"utio","889":" ame","890":"rist","891":"orde","892":"fect","893":"game","894":"ient","895":"best","896":"east","897":" pub","898":" go ","899":"lear","900":"thre","901":"elf ","902":" cas","903":" pas","904":"betw","905":" amp","906":"osit","907":"help","908":"ienc","909":"ogra","910":"home","911":"miss","912":" fri","913":"rtic","914":"iffe","915":" exc","916":"ged ","917":" lit","918":"erna","919":"loca","920":"este","921":"rece","922":" bus","923":"stem","924":"erie","925":"oth ","926":" sol","927":"erin","928":" set","929":"lls ","930":"ligh","931":"down","932":" nam","933":"city","934":"inat","935":" mod","936":"muni","937":"cord","938":"thos","939":"came","940":" let","941":" fil","942":"disc","943":"resi","944":" fam","945":" dat","946":"ecte","947":"elat","948":"tch ","949":"ompl","950":"ton ","951":"stud","952":" why","953":" sig","954":"numb","955":"ason","956":"why ","957":"ishe","958":"entl","959":"rain","960":"same","961":"ass ","962":" clo","963":"ped ","964":"untr","965":"men ","966":"cour","967":"chil","968":" dur","969":"syst","970":"eall","971":" tri","972":"hear","973":"lude","974":"rman","975":" exa","976":"lead","977":"ner ","978":"eam ","979":"eet ","980":"conc","981":"nded","982":" ste","983":"full","984":"tely","985":"liti","986":"did ","987":"tual","988":"mmun","989":"entr","990":"coll","991":"ntro","992":"nces","993":" med","994":"int ","995":" eas","996":"sted","997":"ctur","998":"ping","999":"nfor","1000":"meri","1001":"hip ","1002":"rope","1003":"ond ","1004":"ism ","1005":"ommu","1006":"goin","1007":" tre","1008":" cat","1009":" bef","1010":"ensi","1011":"neve","1012":" han","1013":"mark","1014":"bili","1015":"trat","1016":"onst","1017":"visi","1018":"ool ","1019":"pera","1020":" ple","1021":"meth","1022":"owin","1023":" sim","1024":"befo","1025":" dow","1026":"teri","1027":"shed","1028":"ign ","1029":"requ","1030":" ext","1031":"scho","1032":" awa","1033":"aste","1034":" rev","1035":"easo","1036":"choo","1037":"tors","1038":" sys","1039":"frie","1040":"rive","1041":" fra","1042":"ands","1043":"ures","1044":"fact","1045":"ick ","1046":"nite","1047":" dir","1048":"both","1049":"kes ","1050":"top ","1051":"base","1052":"velo","1053":"lowe","1054":"sive","1055":"trea","1056":"dire","1057":" own","1058":"air ","1059":"duri","1060":"irec","1061":" dep","1062":"eep ","1063":"tere","1064":" nev","1065":" hol","1066":"ouse","1067":"toda","1068":"nger","1069":"tial","1070":"oday","1071":"sinc","1072":"imes","1073":" cur","1074":"ocia","1075":"howe","1076":" rat","1077":" tod","1078":"powe","1079":" bar","1080":" got","1081":"anti","1082":"elop","1083":" sel","1084":" met","1085":" mis","1086":"fina","1087":"blic","1088":"foun","1089":"test","1090":"conf","1091":"ope ","1092":"deve","1093":" tal","1094":" ide","1095":"duce","1096":"pose","1097":" men","1098":"free","1099":"offi","1100":" lar","1101":"ives","1102":"orta","1103":"cept","1104":"itic","1105":"tori","1106":"olle","1107":"hes ","1108":"tell","1109":" tel","1110":"ont ","1111":" pop","1112":" re ","1113":"laye","1114":"care","1115":"equi","1116":"spon","1117":"reme","1118":"truc","1119":"rdin","1120":"stre","1121":"rial","1122":"move","1123":"cien","1124":" wee","1125":"ucti","1126":"ptio","1127":"iend","1128":"outh","1129":"amil","1130":"els ","1131":" pow","1132":"post","1133":"ecia","1134":"rnin","1135":"entu","1136":"date","1137":"lic ","1138":"war ","1139":"icul","1140":"erio","1141":"alit","1142":"ext ","1143":"ole ","1144":"rvic","1145":"ists","1146":"cult","1147":" goi","1148":"hers","1149":"ovid","1150":"plea","1151":"writ","1152":"ital","1153":"ices","1154":" spa","1155":"eter","1156":"prob","1157":"larg","1158":"too ","1159":"mont","1160":"radi","1161":" soc","1162":"orm ","1163":"cces","1164":"onta","1165":"omme","1166":" bre","1167":"lass","1168":"dian","1169":"rmat","1170":" ban","1171":" cap","1172":"ntio","1173":" pat","1174":" ann","1175":"ems ","1176":"mpor","1177":" mai","1178":"nity","1179":"esid","1180":"asse","1181":"head","1182":"olic","1183":" poi","1184":"tric","1185":" pho","1186":"mer ","1187":"hank","1188":"impo","1189":"proc","1190":"nigh","1191":"ssed","1192":"erve","1193":" chr","1194":"lway","1195":"elie","1196":"vera","1197":"arri","1198":"rty ","1199":"mina","1200":" lis","1201":"ator","1202":"lion","1203":"pend","1204":"bers","1205":"rse ","1206":"ranc","1207":"isto","1208":"week","1209":" blo","1210":"regi","1211":"hout","1212":"onti","1213":" cri","1214":"inin","1215":" wri","1216":"sult","1217":" ano","1218":"off ","1219":"tral","1220":"hand","1221":"imat","1222":"let ","1223":"rity","1224":"weve","1225":"sses","1226":"sibl","1227":"ady ","1228":"team","1229":"hild","1230":"alis","1231":" aut","1232":"urre","1233":"mode","1234":"ayin","1235":" bra","1236":"ecom","1237":"ieve","1238":"trac","1239":"fami","1240":" det","1241":"ues ","1242":"tary","1243":"roup","1244":"ethe","1245":"ats ","1246":"ney ","1247":" typ","1248":"ntra","1249":" ira","1250":"ille","1251":"mall","1252":"sist","1253":"feel","1254":"ards","1255":"offe","1256":"ider","1257":"desi","1258":"eath","1259":"rted","1260":"gram","1261":"ging","1262":"ians","1263":" emp","1264":" los","1265":"tmen","1266":"ank ","1267":" sma","1268":" cli","1269":"ages","1270":"cove","1271":"prin","1272":"ens ","1273":"ones","1274":"iew ","1275":"eres","1276":"info","1277":"tem ","1278":"temp","1279":"dist","1280":" eff","1281":"ows ","1282":"scri","1283":"rote","1284":"clea","1285":"ampl","1286":"ants","1287":"ealt","1288":" hum","1289":"niti","1290":"seco","1291":"espe","1292":" sit","1293":"curr","1294":"alwa","1295":" nig","1296":"rge ","1297":"cula","1298":" eac","1299":"find","1300":"trai","1301":"nate","1302":"lose","1303":" vie","1304":" won","1305":"roce","1306":"ruct","1307":"icia","1308":"anot","1309":"kill","1310":"issi","1311":"omen","1312":"ques","1313":"hist","1314":"espo","1315":" adv","1316":"isio","1317":" alw","1318":"nsid","1319":"ntry","1320":"nnin","1321":"got ","1322":"rry ","1323":"exam","1324":"perf","1325":"resu","1326":"gest","1327":"hool","1328":" bla","1329":"llio","1330":"iate","1331":" var","1332":"prog","1333":"rogr","1334":"owev","1335":"ames","1336":" god","1337":"eart","1338":"seve","1339":" red","1340":"ural","1341":"allo","1342":" pra","1343":" ful","1344":"ivin","1345":"nten","1346":"appr","1347":"aint","1348":"fica","1349":"avin","1350":"urse","1351":"stro","1352":"uest","1353":"actu","1354":" cle","1355":"zed ","1356":"beli","1357":"olut","1358":" hop","1359":"ote ","1360":"pula","1361":"xper","1362":"ews ","1363":"west","1364":"init","1365":"forc","1366":" dra","1367":"istr","1368":"nada","1369":"ethi","1370":"erma","1371":"lica","1372":"set ","1373":" cho","1374":"eque","1375":"ends","1376":"clas","1377":"acce","1378":"tend","1379":" air","1380":"amen","1381":"yone","1382":" u ","1383":"impl","1384":" que","1385":"appl","1386":" mas","1387":" alt","1388":" sev","1389":"ude ","1390":"say ","1391":"refe","1392":"unti","1393":"efer","1394":" foo","1395":"face","1396":" son","1397":"area","1398":"sear","1399":"orce","1400":"para","1401":" req","1402":"educ","1403":"word","1404":"wate","1405":"fort","1406":"unt ","1407":" aro","1408":"hard","1409":"oss ","1410":"prot","1411":"elp ","1412":"ier ","1413":" old","1414":"divi","1415":"hone","1416":"clos","1417":"earc","1418":"uth ","1419":"eria","1420":"site","1421":"trad","1422":"ncre","1423":"iall","1424":"elli","1425":"blis","1426":"pare","1427":"rren","1428":"tten","1429":"arte","1430":"arou","1431":"rmin","1432":"fici","1433":" ord","1434":"ized","1435":"ecto","1436":"mine","1437":"bly ","1438":"buil","1439":" spo","1440":"onse","1441":"isla","1442":"days","1443":"tinu","1444":"nive","1445":"ody ","1446":"opul","1447":"ntal","1448":"nort","1449":" beg","1450":"ythi","1451":"ired","1452":"yed ","1453":"nstr","1454":"ale ","1455":"nse ","1456":"alia","1457":"nall","1458":"shar","1459":"pass","1460":"colo","1461":"popu","1462":"brea","1463":"sis ","1464":"quir","1465":"esig","1466":"keep","1467":"fini","1468":" age","1469":"watc","1470":" tur","1471":"aine","1472":"akes","1473":"heal","1474":"mill","1475":"lay ","1476":" dri","1477":"ayer","1478":" kee","1479":"ada ","1480":" leg","1481":"ntia","1482":"tron","1483":" wom","1484":"udin","1485":"sic ","1486":"hris","1487":"eade","1488":"orit","1489":" wal","1490":"ader","1491":" fai","1492":"logi","1493":" qua","1494":"ute ","1495":"rove","1496":"mili","1497":"emai","1498":"open","1499":"chri","1500":"ull ","1501":"vari","1502":"ordi","1503":" pic","1504":"ffec","1505":"ches","1506":" val","1507":" del","1508":"ail ","1509":"itin","1510":"mpan","1511":"ghts","1512":"pons","1513":" dem","1514":"ista","1515":"ects","1516":"esta","1517":"rnat","1518":"oble","1519":"epar","1520":"ossi","1521":"seri","1522":"inde","1523":"dia ","1524":" ran","1525":"ult ","1526":"hree","1527":"rite","1528":"rms ","1529":"orat","1530":"eek ","1531":"ross","1532":"ury ","1533":"ock ","1534":"rce ","1535":"eady","1536":" pur","1537":"orga","1538":" cau","1539":"nown","1540":"hin ","1541":" law","1542":"ludi","1543":"eld ","1544":"issu","1545":"rgan","1546":"case","1547":"havi","1548":"onom","1549":"arin","1550":"ark ","1551":"riou","1552":"etti","1553":"ooks","1554":" big","1555":"ckin","1556":"eati","1557":"ode ","1558":"hts ","1559":" fig","1560":"incr","1561":" wea","1562":"aren","1563":"ense","1564":"0000","1565":"anda","1566":"aust","1567":"reve","1568":"ntur","1569":" try","1570":"olit","1571":"eve ","1572":"lian","1573":"ath ","1574":"revi","1575":"titu","1576":"must","1577":"ingl","1578":"trie","1579":"rthe","1580":"ntai","1581":"cks ","1582":" bui","1583":"iati","1584":"earn","1585":"tude","1586":"seas","1587":"ssue","1588":"eel ","1589":"ssin","1590":"andi","1591":"type","1592":"igh ","1593":"cros","1594":"ran ","1595":"inve","1596":"adin","1597":"smal","1598":" est","1599":"fire","1600":"ler ","1601":"omes","1602":" eco","1603":"ngin","1604":"sity","1605":"bett","1606":"poss","1607":"sine","1608":"tage","1609":"ache","1610":"univ","1611":"ize ","1612":"nst ","1613":"urn ","1614":"ermi","1615":"edia","1616":"rall","1617":"wed ","1618":"lack","1619":" vis","1620":"nks ","1621":"conv","1622":"ntri","1623":"edit","1624":"cing","1625":"rali","1626":" qui","1627":"tech","1628":"ched","1629":"leme","1630":"erta","1631":"ommo","1632":"body","1633":"ball","1634":"mic ","1635":"atic","1636":"iter","1637":" nex","1638":"rian","1639":"esul","1640":"weet","1641":"comi","1642":" fea","1643":" kil","1644":"busi","1645":"news","1646":" top","1647":"osed","1648":"rtan","1649":"next","1650":"euro","1651":"rand","1652":"ocal","1653":"orme","1654":" put","1655":"eds ","1656":"rele","1657":"put ","1658":"onth","1659":"tera","1660":"alon","1661":"rage","1662":"arke","1663":"ctua","1664":"atta","1665":"vel ","1666":" run","1667":"ren ","1668":" aus","1669":" ask","1670":"vati","1671":"talk","1672":" agr","1673":"okin","1674":" hal","1675":"dica","1676":"achi","1677":"cle ","1678":"musi","1679":" iss","1680":"anno","1681":" sal","1682":"rang","1683":"uary","1684":"uire","1685":"hold","1686":" ori","1687":"tura","1688":"ared","1689":" flo","1690":"trol","1691":" alo","1692":"epre","1693":" amo","1694":"urs ","1695":"erse","1696":"dge ","1697":"xamp","1698":" org","1699":" ve ","1700":"liev","1701":" bor","1702":"gion","1703":"leve","1704":"road","1705":"repo","1706":"rtin","1707":"gle ","1708":"lang","1709":"nch ","1710":" pai","1711":"hope","1712":" unt","1713":"sout","1714":"ooki","1715":"usic","1716":"tanc","1717":"mana","1718":"ssib","1719":"nage","1720":"ncy ","1721":"ithi","1722":"gani","1723":" far","1724":" opp","1725":"erst","1726":"hit ","1727":"oman","1728":"stop","1729":"iran","1730":"nna ","1731":" bat","1732":"nica","1733":"ppro","1734":" coo","1735":"nic ","1736":"mmen","1737":" sco","1738":" mot","1739":"epor","1740":"ppli","1741":"ocat","1742":" hon","1743":"gina","1744":"tice","1745":"ncer","1746":" rai","1747":"edic","1748":"hall","1749":"ounc","1750":"ords","1751":" low","1752":"sten","1753":" tec","1754":"ecor","1755":"prof","1756":"brit","1757":"rigi","1758":"logy","1759":"terr","1760":"abil","1761":"acte","1762":"mmon","1763":"nsta","1764":"onte","1765":"succ","1766":"litt","1767":"prom","1768":" bil","1769":"thor","1770":"expl","1771":"engl","1772":"ply ","1773":"lete","1774":" bal","1775":"urch","1776":"ogy ","1777":"ulti","1778":"mily","1779":"sour","1780":" cro","1781":" few","1782":"uman","1783":"ken ","1784":"ller","1785":"lot ","1786":"elle","1787":"rong","1788":"defi","1789":"adia","1790":" isl","1791":"endi","1792":"ntil","1793":"ker ","1794":"eas ","1795":"angu","1796":"ndar","1797":"anis","1798":" cer","1799":"huma","1800":"orte","1801":"ucce","1802":"orig","1803":" tow","1804":" wes","1805":"itch","1806":"grap","1807":" div","1808":"igin","1809":"atel","1810":"efin","1811":" les","1812":"anag","1813":"ica ","1814":" eur","1815":"qual","1816":"ield","1817":"oppo","1818":"film","1819":"indu","1820":"ived","1821":"god ","1822":"reac","1823":"rkin","1824":" non","1825":"pen ","1826":"cant","1827":" im ","1828":"ectr","1829":"ppy ","1830":"ners","1831":" jan","1832":"raph","1833":" tou","1834":" sid","1835":" fan","1836":"bill","1837":"blem","1838":"fran","1839":"oces","1840":"itho","1841":"echn","1842":" por","1843":"feat","1844":" dan","1845":"rsit","1846":" th ","1847":"ittl","1848":"ciat","1849":"ommi","1850":" lig","1851":"peak","1852":"til ","1853":"nish","1854":"ppea","1855":"anci","1856":"nced","1857":"ourc","1858":"ams ","1859":"oup ","1860":"oks ","1861":"ncti","1862":"repr","1863":"rema","1864":" lev","1865":"nomi","1866":"bjec","1867":"stit","1868":"eigh","1869":"oney","1870":"llen","1871":"enin","1872":" ger","1873":"near","1874":"icle","1875":"natu","1876":"tect","1877":"hite","1878":"urce","1879":"oon ","1880":"ried","1881":"trum","1882":" lot","1883":"luti","1884":"cono","1885":" ben","1886":"cert","1887":"aini","1888":" guy","1889":"robl","1890":" mig","1891":" ant","1892":"rea ","1893":"tici","1894":"oved","1895":"ream","1896":"rant","1897":"fer ","1898":"tche","1899":" twi","1900":"scie","1901":"denc","1902":"trib","1903":"few ","1904":"anne","1905":"redi","1906":"ifie","1907":"ngle","1908":"ngua","1909":" arm","1910":"lowi","1911":"reen","1912":"mone","1913":" maj","1914":"den ","1915":"rned","1916":"pmen","1917":"uali","1918":" d ","1919":"omeo","1920":"ovin","1921":"orts","1922":" cel","1923":"lth ","1924":" equ","1925":"orie","1926":"mon ","1927":" occ","1928":"addi","1929":"ario","1930":"eali","1931":"ency","1932":"rks ","1933":"reak","1934":"ised","1935":" sci","1936":"plet","1937":"eans","1938":"done","1939":"retu","1940":"plic","1941":"itar","1942":"reli","1943":"etur","1944":"auth","1945":"lita","1946":"uenc","1947":" ten","1948":"ltur","1949":"phon","1950":"ultu","1951":"ppen","1952":"pear","1953":"ccou","1954":"uck ","1955":"vely","1956":"solu","1957":"icti","1958":"augh","1959":"beco","1960":"appy","1961":" ima","1962":"aria","1963":"ovem","1964":"deal","1965":"ety ","1966":"unda","1967":"ceiv","1968":"cell","1969":"subs","1970":"yer ","1971":"eadi","1972":"rshi","1973":"ium ","1974":"idea","1975":"tire","1976":" roo","1977":"ateg","1978":"lies","1979":"quen","1980":"mmer","1981":"fice","1982":"agre","1983":"lent","1984":"ande","1985":" lib","1986":"room","1987":"moun","1988":"shin","1989":"ype ","1990":"ild ","1991":"ided","1992":"olve","1993":"ideo","1994":"arli","1995":"erti","1996":"deci","1997":"grow","1998":"rise","1999":"ofte","2000":"cide","2001":"eone","2002":"ths ","2003":"nanc","2004":"majo","2005":"onde","2006":"ante","2007":"ees ","2008":" coa","2009":"tist","2010":"ryin","2011":"ajor","2012":"ghte","2013":"shor","2014":"spea","2015":" lef","2016":" twe","2017":"arts","2018":"epen","2019":"imag","2020":" bit","2021":"iven","2022":"empl","2023":"rime","2024":"inue","2025":"hara","2026":"uage","2027":" sep","2028":"desc","2029":"stio","2030":"etin","2031":"guag","2032":"left","2033":"urop","2034":"ften","2035":"meon","2036":"ases","2037":" oft","2038":"orti","2039":"gran","2040":"uild","2041":"arty","2042":"rmed","2043":" usi","2044":"ides","2045":" vid","2046":"ured","2047":"fuck","2048":"row ","2049":" die","2050":"net ","2051":"ria ","2052":"uden","2053":"itor","2054":"eak ","2055":" fuc","2056":"dont","2057":"tifi","2058":"ert ","2059":"ecei","2060":" nea","2061":"mind","2062":"nsti","2063":" fla","2064":"ric ","2065":"mani","2066":"exte","2067":"ttac","2068":"owed","2069":"onne","2070":"onve","2071":"ept ","2072":"nadi","2073":" pay","2074":"depe","2075":"zati","2076":"izat","2077":"cked","2078":"sly ","2079":"dly ","2080":"elea","2081":"code","2082":"ctic","2083":"tack","2084":"repl","2085":"stab","2086":"sona","2087":" fal","2088":"sual","2089":"impr","2090":"pert","2091":" cos","2092":"ket ","2093":"utho","2094":"hole","2095":"lock","2096":"effe","2097":"yes ","2098":" rol","2099":"tivi","2100":"ribu","2101":"vest","2102":"essa","2103":"lite","2104":"mitt","2105":"germ","2106":"ips ","2107":"oad ","2108":"valu","2109":"mal ","2110":" mid","2111":"hare","2112":"ront","2113":"away","2114":"fiel","2115":"umen","2116":"oor ","2117":"four","2118":"ata ","2119":"eeds","2120":"gan ","2121":"ctin","2122":"estr","2123":"vert","2124":"isco","2125":"rade","2126":"alli","2127":" fur","2128":" ll ","2129":"ivid","2130":"ldin","2131":" cul","2132":" joh","2133":"erfo","2134":"moti","2135":"awar","2136":"fied","2137":"prim","2138":"elin","2139":"gard","2140":" yes","2141":"mand","2142":" nov","2143":"rfor","2144":" bur","2145":"sens","2146":"exce","2147":"data","2148":"rtai","2149":"ourt","2150":"esea","2151":"omic","2152":"nden","2153":"eft ","2154":" san","2155":"anks","2156":"egio","2157":" dia","2158":"defe","2159":"kind","2160":" gir","2161":" sun","2162":" cra","2163":"blac","2164":" bir","2165":" sca","2166":"rnal","2167":"wish","2168":"dren","2169":"rces","2170":"ltho","2171":" scr","2172":"nner","2173":" mee","2174":"ppin","2175":"girl","2176":" chu","2177":"grat","2178":" 000","2179":"ourn","2180":"ortu","2181":"rsta","2182":"zing","2183":"prev","2184":"fic ","2185":"ildr","2186":" den","2187":"ldre","2188":"ods ","2189":" mou","2190":" bod","2191":"tish","2192":"vail","2193":"aila","2194":"itut","2195":" ava","2196":"roje","2197":"tree","2198":"etic","2199":"othi","2200":"ably","2201":"deli","2202":"volu","2203":"proj","2204":" arr","2205":"sica","2206":"nion","2207":"simp","2208":"whit","2209":"tics","2210":"gue ","2211":"dust","2212":"ojec","2213":"ussi","2214":"unct","2215":" beh","2216":" ene","2217":"cher","2218":" wai","2219":"dere","2220":"reso","2221":"uper","2222":"aliz","2223":"gati","2224":"eive","2225":"wome","2226":"cter","2227":"meet","2228":"maki","2229":"escr","2230":"spen","2231":"ump ","2232":" ski","2233":" onc","2234":"driv","2235":" alr","2236":"wait","2237":"igne","2238":"rket","2239":"ivel","2240":"stea","2241":" doc","2242":"ots ","2243":"inan","2244":"kers","2245":"ticu","2246":"pace","2247":"clai","2248":"oom ","2249":"matt","2250":"etai","2251":"lder","2252":"migh","2253":"ntar","2254":"mage","2255":"arat","2256":"itis","2257":"lege","2258":"beau","2259":" aff","2260":"ousl","2261":"aper","2262":"tail","2263":"usly","2264":"dete","2265":"hort","2266":"pris","2267":"ully","2268":"rter","2269":"icke","2270":" bad","2271":"heck","2272":" exi","2273":"anta","2274":"orks","2275":"amon","2276":"spir","2277":"easi","2278":"olde","2279":"corr","2280":"demo","2281":"john","2282":"ibut","2283":"ndus","2284":"eatu","2285":"via ","2286":" net","2287":"big ","2288":"urth","2289":"uced","2290":"hoto","2291":" hos","2292":"ompo","2293":"mper","2294":"ung ","2295":"alk ","2296":"iron","2297":"ivit","2298":"rave","2299":"gine","2300":"supe","2301":"inci","2302":" ill","2303":"avai","2304":"didn","2305":"arth","2306":"rice","2307":"tury","2308":"ilab","2309":"secu","2310":"phot","2311":"ropo","2312":"ina ","2313":"oung","2314":"tall","2315":"marc","2316":"lize","2317":"ened","2318":" gon","2319":" rou","2320":"ples","2321":"nste","2322":"chec","2323":"lant","2324":"card","2325":"conn","2326":"nent","2327":"camp","2328":"lain","2329":"sons","2330":"dera","2331":"join","2332":"movi","2333":"admi","2334":"gett","2335":"stry","2336":"nove","2337":"orni","2338":"labl","2339":"ogic","2340":"reta","2341":"ils ","2342":"fall","2343":"lia ","2344":"asti","2345":"pora","2346":"rrie","2347":" nic","2348":"laim","2349":"orki","2350":"oke ","2351":" tem","2352":"inni","2353":"ploy","2354":" wis","2355":"ecam","2356":"cifi","2357":"sect","2358":"citi","2359":"rmal","2360":"text","2361":"spac","2362":"itiv","2363":"slan","2364":"band","2365":" dre","2366":" rul","2367":"gula","2368":"eaut","2369":"alre","2370":"doin","2371":"ndia","2372":"lleg","2373":"eck ","2374":"spor","2375":"lds ","2376":"ribe","2377":" geo","2378":"pita","2379":"ntre","2380":"vere","2381":"chie","2382":"anua","2383":"ecen","2384":"pany","2385":"fund","2386":"dle ","2387":"dom ","2388":"imen","2389":"nven","2390":"ston","2391":"nshi","2392":"ithe","2393":"law ","2394":" doi","2395":"riva","2396":"igni","2397":"urne","2398":"sati","2399":"shit","2400":"hine","2401":"asso","2402":"ecre","2403":"amin","2404":"uses","2405":"enou","2406":"arac","2407":" lau","2408":"arie","2409":"leav","2410":"went","2411":"assa","2412":" exe","2413":"lue ","2414":"lopm","2415":"opme","2416":"msel","2417":"ued ","2418":"dual","2419":"nkin","2420":"ppos","2421":"pens","2422":"lrea","2423":"ivat","2424":"xist","2425":"pati","2426":"nges","2427":"ram ","2428":"heat","2429":"occu","2430":"gges","2431":"prac","2432":"ngli","2433":"pped","2434":" hun","2435":"illa","2436":"nves","2437":"ccor","2438":"edge","2439":"ior ","2440":"ley ","2441":" fas","2442":" pea","2443":" tot","2444":" joi","2445":"lett","2446":"0th ","2447":"erne","2448":"exis","2449":"fine","2450":" mal","2451":"cies","2452":"ryon","2453":"bit ","2454":"ests","2455":"tari","2456":"bed ","2457":" imm","2458":"ser ","2459":"pret","2460":"isin","2461":"pain","2462":"hour","2463":"intr","2464":" ric","2465":" abs","2466":"dest","2467":"iber","2468":"rol ","2469":" mag","2470":" lab","2471":"ayed","2472":"youn","2473":"elig","2474":"ids ","2475":"gues","2476":"mari","2477":" ris","2478":"val ","2479":" spi","2480":" glo","2481":"etim","2482":"ntat","2483":"onic","2484":"ctly","2485":" cut","2486":"hate","2487":"anim","2488":"agin","2489":" c ","2490":"empt","2491":"riod","2492":" gui","2493":"chur","2494":"limi","2495":"haha","2496":"acto","2497":"wide","2498":"nali","2499":"uati","2500":" tes","2501":" adm","2502":" wro","2503":"extr","2504":" thu","2505":"rmer","2506":"unte","2507":"arde","2508":" hat","2509":"eryo","2510":"oder","2511":"octo","2512":"tali","2513":"eith","2514":"nsio","2515":"nnec","2516":"llec","2517":"ondi","2518":"gica","2519":"otal","2520":"mend","2521":"amou","2522":"lega","2523":"crib","2524":" ton","2525":" via","2526":"mpos","2527":"ols ","2528":"ddit","2529":"seem","2530":" ani","2531":" fat","2532":"urt ","2533":"ssoc","2534":"pric","2535":"ratu","2536":"tian","2537":"inco","2538":"note","2539":"roll","2540":"egis","2541":" mac","2542":"deat","2543":" alb","2544":"pani","2545":"park","2546":"liam","2547":" hot","2548":"meti","2549":"yers","2550":" sug","2551":" job","2552":"link","2553":"oard","2554":"nima","2555":"mong","2556":"auti","2557":"eave","2558":" sat","2559":"eces","2560":"lice","2561":" rom","2562":"plai","2563":"tens","2564":"brin","2565":"rega","2566":" mic","2567":"veme","2568":"leng","2569":"gers","2570":" jun","2571":"theo","2572":"tota","2573":"hurc","2574":"dies","2575":"volv","2576":"ober","2577":"isit","2578":"past","2579":" ama","2580":"mmit","2581":"nian","2582":"infl","2583":"lan ","2584":"ompe","2585":"nerg","2586":"nect","2587":"pape","2588":"mplo","2589":"boar","2590":"deo ","2591":" due","2592":"dres","2593":"mass","2594":"rtun","2595":"onfi","2596":"bad ","2597":"ales","2598":"viou","2599":"cade","2600":" pen","2601":"lem ","2602":" soo","2603":"rule","2604":"lves","2605":"step","2606":"half","2607":"styl","2608":"erva","2609":"eser","2610":"eful","2611":"due ","2612":"dece","2613":"cost","2614":"ovie","2615":"aker","2616":" lim","2617":"cast","2618":"ops ","2619":"gent","2620":"olla","2621":"erri","2622":"ticl","2623":"enge","2624":"ardi","2625":"roma","2626":" cov","2627":"usua","2628":"thod","2629":" vic","2630":"ane ","2631":"xten","2632":"lord","2633":"janu","2634":" lor","2635":" ang","2636":"refo","2637":"xpec","2638":"remo","2639":"wind","2640":"furt","2641":"bert","2642":"won ","2643":"glis","2644":"batt","2645":"eryt","2646":"ads ","2647":" ren","2648":"dict","2649":"song","2650":"food","2651":"ete ","2652":"toge","2653":" sor","2654":" dom","2655":" mes","2656":"imit","2657":"nuar","2658":" mer","2659":"eer ","2660":" mom","2661":"tin ","2662":"func","2663":"grad","2664":" clu","2665":"une ","2666":"rgy ","2667":"cret","2668":"que ","2669":"tems","2670":" sav","2671":"aniz","2672":"rpor","2673":"figh","2674":"cipa","2675":"sage","2676":"duca","2677":"ucat","2678":"stal","2679":" vol","2680":"iety","2681":" boy","2682":" fav","2683":"bran","2684":"ergy","2685":"ione","2686":"oice","2687":"tan ","2688":"basi","2689":"labo","2690":"spit","2691":"ligi","2692":"lts ","2693":"reci","2694":" tog","2695":" arc","2696":"hell","2697":"ique","2698":" sum","2699":"00s ","2700":" esp","2701":"wood","2702":"says","2703":"carr","2704":"ird ","2705":" edu","2706":"nor ","2707":"itat","2708":"oget","2709":"mers","2710":"reig","2711":"mila","2712":"nual","2713":"geth","2714":" dar","2715":"role","2716":" eno","2717":" ana","2718":"seen","2719":"tria","2720":" hit","2721":"orke","2722":"nary","2723":"rump","2724":"scen","2725":"otec","2726":" mul","2727":" rad","2728":"itle","2729":"imal","2730":"egor","2731":"tre ","2732":"ersh","2733":"mult","2734":"egin","2735":"rinc","2736":"ores","2737":"aven","2738":"raft","2739":" fie","2740":" hor","2741":"00th","2742":"ires","2743":"orge","2744":" st ","2745":"twit","2746":" deb","2747":"nsiv","2748":" dam","2749":" alm","2750":"erm ","2751":" saf","2752":"rack","2753":"epte","2754":"ash ","2755":" wen","2756":" gar","2757":"azin","2758":"bles","2759":"dern","2760":"circ","2761":"regu","2762":" pet","2763":"pes ","2764":"nth ","2765":"ague","2766":"shop","2767":"rtis","2768":"unic","2769":"enda","2770":"ints","2771":"nese","2772":" spr","2773":"unds","2774":"rns ","2775":"gned","2776":" vot","2777":"cred","2778":"wers","2779":"rabl","2780":"rred","2781":"ryth","2782":"ndon","2783":"outs","2784":"gist","2785":"crit","2786":"cong","2787":" wid","2788":"sett","2789":"ask ","2790":"fess","2791":"disp","2792":"oria","2793":"opti","2794":" roa","2795":"whol","2796":"otio","2797":"mail","2798":"anyt","2799":" edi","2800":"town","2801":"ware","2802":"ilm ","2803":"uce ","2804":"hair","2805":" yet","2806":"win ","2807":"oesn","2808":"disa","2809":"tour","2810":" cir","2811":"ecur","2812":"rrow","2813":"sell","2814":"egul","2815":"nue ","2816":"000s","2817":" dro","2818":"emem","2819":"urna","2820":"almo","2821":"yet ","2822":"erce","2823":"ago ","2824":"tyle","2825":"uly ","2826":"usti","2827":"ang ","2828":" bou","2829":" fel","2830":"ench","2831":"jor ","2832":" tax","2833":"safe","2834":"oach","2835":"prec","2836":" pot","2837":"hern","2838":" abl","2839":"nsur","2840":" tom","2841":"enjo","2842":"dati","2843":"pict","2844":"thir","2845":" enj","2846":" tol","2847":"ana ","2848":"mpro","2849":"eign","2850":"acy ","2851":"cles","2852":"rior","2853":"comb","2854":"danc","2855":" kid","2856":"orre","2857":"elve","2858":"rous","2859":"rror","2860":"nifi","2861":"hori","2862":"asin","2863":"mas ","2864":"priv","2865":"iful","2866":"arra","2867":"tore","2868":"soun","2869":"alue","2870":"ccur","2871":"vote","2872":"deri","2873":"genc","2874":"refu","2875":"acke","2876":"witt","2877":"rath","2878":"njoy","2879":"phys","2880":"opin","2881":"libe","2882":"uent","2883":" swe","2884":" boa","2885":"oste","2886":"idua","2887":"anal","2888":"urit","2889":"vict","2890":"alen","2891":"sian","2892":" env","2893":" gol","2894":"ferr","2895":"ugge","2896":"simi","2897":"ilar","2898":"ison","2899":"usto","2900":" usu","2901":"inge","2902":"arry","2903":"vity","2904":"ndiv","2905":"alls","2906":"tifu","2907":"unch","2908":"nia ","2909":"key ","2910":" buy","2911":"rely","2912":"orn ","2913":"merc","2914":" 00t","2915":" emb","2916":"efen","2917":"igna","2918":"hysi","2919":" pac","2920":"jour","2921":"rget","2922":"aged","2923":"asur","2924":"geme","2925":"oned","2926":" phy","2927":"reed","2928":"ndit","2929":" b ","2930":" fut","2931":"aris","2932":"ival","2933":"vidu","2934":"easu","2935":"rich","2936":" tro","2937":"cann","2938":"ecif","2939":"trod","2940":"ohn ","2941":"remi","2942":"tima","2943":" cus","2944":"walk","2945":" bab","2946":"inne","2947":"annu","2948":"utur","2949":"nolo","2950":"onge","2951":"stom","2952":"dard","2953":" enc","2954":"stay","2955":"unce","2956":"itua","2957":"rsel","2958":"favo","2959":"rown","2960":" tex","2961":" evi","2962":"ntif","2963":"tchi","2964":"imil","2965":"vanc","2966":"ania","2967":"rsio","2968":" afr","2969":"onto","2970":"ddle","2971":"nyth","2972":"rofe","2973":"magi","2974":"morn","2975":"mess","2976":" sle","2977":" pap","2978":"noug","2979":"aces","2980":"sequ","2981":"norm","2982":"uctu","2983":"tine","2984":"ofes","2985":"tty ","2986":"invo","2987":"utif","2988":"irth","2989":"amed","2990":"hter","2991":"tead","2992":"ief ","2993":"begi","2994":"nabl","2995":"egan","2996":"futu","2997":"scre","2998":"pted","2999":"ored","3000":" hai","3001":"took","3002":"etho","3003":"adva","3004":"esso","3005":" key","3006":"crip","3007":" gla","3008":"phil","3009":" acr","3010":"aken","3011":"noun","3012":" dou","3013":"sia ","3014":"alf ","3015":"emin","3016":"ait ","3017":"ello","3018":" rus","3019":"emor","3020":"gres","3021":"ompu","3022":"dvan","3023":"mpli","3024":"lmos","3025":"agen","3026":"alan","3027":"epti","3028":"itia","3029":" cop","3030":" rob","3031":"onme","3032":"lici","3033":"birt","3034":"quit","3035":"vinc","3036":"hats","3037":"adit","3038":"cket","3039":"plie","3040":"vate","3041":" tit","3042":"tar ","3043":"memo","3044":"avel","3045":"onsh","3046":"amaz","3047":"draw","3048":"cust","3049":"manc","3050":"rve ","3051":"run ","3052":"titi","3053":"abli","3054":"gnif","3055":"acro","3056":"titl","3057":"ncia","3058":"iple","3059":"fair","3060":"ript","3061":"lope","3062":"trav","3063":"ongr","3064":"tego","3065":"inki","3066":"race","3067":" opt","3068":"iod ","3069":"slee","3070":"quar","3071":"tryi","3072":"layi","3073":"ombi","3074":"reet","3075":"ouri","3076":"rew ","3077":"rcha","3078":"anyo","3079":"fron","3080":"nvol","3081":"envi","3082":"odel","3083":"lter","3084":" gal","3085":"ict ","3086":"pire","3087":"lane","3088":"ites","3089":"bour","3090":"ecis","3091":"ncou","3092":"unci","3093":"lean","3094":"sess","3095":"rank","3096":"rict","3097":"ncil","3098":"deta","3099":"sele","3100":"ron ","3101":"erre","3102":"ildi","3103":" riv","3104":" jou","3105":" pan","3106":"evol","3107":"onsu","3108":"oil ","3109":" roc","3110":"egar","3111":"ills","3112":"rock","3113":"gust","3114":"ffor","3115":"nyon","3116":"pute","3117":"redu","3118":"uter","3119":"russ","3120":"host","3121":" eit","3122":"ssiv","3123":"glob","3124":"sand","3125":"true","3126":"ondo","3127":"sugg","3128":" y ","3129":" bio","3130":"chol","3131":"sus ","3132":"romi","3133":"nged","3134":"ups ","3135":"sale","3136":"belo","3137":"esto","3138":"hanc","3139":"ssag","3140":"engi","3141":"sue ","3142":"peac","3143":"ocke","3144":"rvat","3145":"gate","3146":"orro","3147":" jul","3148":"sayi","3149":"bank","3150":"tone","3151":"omer","3152":"five","3153":"mpet","3154":"hill","3155":"luen","3156":"acks","3157":"iled","3158":"aced","3159":"toni","3160":"ensu","3161":"imin","3162":"llia","3163":"minu","3164":"equa","3165":"fast","3166":"udge","3167":" phi","3168":"viro","3169":"perc","3170":"cree","3171":"nvir","3172":"owne","3173":"abor","3174":"mput","3175":"rary","3176":"holi","3177":"heor","3178":"onna","3179":"otes","3180":"tele","3181":"send","3182":"tact","3183":"rue ","3184":" mys","3185":"mpar","3186":"tres","3187":"evie","3188":"iali","3189":"eles","3190":"erro","3191":"owar","3192":"icip","3193":"unts","3194":"uldn","3195":"nnua","3196":"teac","3197":"slat","3198":"chal","3199":"summ","3200":"foot","3201":"nty ","3202":" web","3203":"igat","3204":"male","3205":"rett","3206":"igio","3207":"ccep","3208":"taki","3209":"erfe","3210":"mous","3211":"ronm","3212":"corp","3213":" tor","3214":"plat","3215":" goa","3216":"gly ","3217":" jud","3218":" swi","3219":"erge","3220":" n ","3221":"wond","3222":"uran","3223":" de ","3224":"pon ","3225":"flue","3226":" epi","3227":"far ","3228":"stag","3229":"icie","3230":" cod","3231":" blu","3232":"livi","3233":"clim","3234":"soon","3235":"ighe","3236":"nflu","3237":"hind","3238":"ntic","3239":" lol","3240":"olid","3241":"fail","3242":" arg","3243":"rais","3244":"spee","3245":"repu","3246":"anie","3247":"repa","3248":"rges","3249":" plu","3250":"load","3251":"tren","3252":"pene","3253":"ivil","3254":" rac","3255":" sex","3256":"mit ","3257":"olor","3258":"erci","3259":"mbin","3260":"ford","3261":"oms ","3262":"orwa","3263":"anni","3264":"twor","3265":" log","3266":"empe","3267":"cuss","3268":"harg","3269":"door","3270":" fis","3271":"ims ","3272":"cern","3273":"ults","3274":"tted","3275":"leag","3276":"aps ","3277":" fiv","3278":"rita","3279":"eded","3280":"ysic","3281":"rchi","3282":"uys ","3283":" eye","3284":"peti","3285":"anna","3286":" sty","3287":"pper","3288":"eder","3289":"thus","3290":"orms","3291":"idn ","3292":"cele","3293":"unio","3294":"cham","3295":"pher","3296":" bon","3297":"olum","3298":"larl","3299":"ledg","3300":"fers","3301":"saw ","3302":"clar","3303":"fric","3304":"hrea","3305":"rded","3306":"ools","3307":"mart","3308":"eagu","3309":"guys","3310":"desp","3311":" poo","3312":" sus","3313":"size","3314":" ber","3315":"hot ","3316":"ictu","3317":"gal ","3318":" w ","3319":" pie","3320":"winn","3321":"egal","3322":"lers","3323":"crim","3324":"attl","3325":"hird","3326":"nize","3327":"hase","3328":"ssur","3329":"chno","3330":" pm ","3331":"curi","3332":"scot","3333":"ails","3334":"scus","3335":"clin","3336":"udes","3337":" bud","3338":"lost","3339":" dig","3340":"ssia","3341":"skin","3342":"nsib","3343":" ini","3344":"tuat","3345":"rend","3346":"era ","3347":"eeti","3348":"enes","3349":"igur","3350":"sit ","3351":"devi","3352":"nlin","3353":" sil","3354":"arni","3355":"cisi","3356":"manu","3357":"marr","3358":"oooo","3359":" dee","3360":"iner","3361":"else","3362":"arit","3363":"idin","3364":"flow","3365":"dio ","3366":"iss ","3367":"noti","3368":"stia","3369":"firm","3370":"figu","3371":"ighl","3372":"lol ","3373":"leep","3374":"ntir","3375":"doub","3376":"ocus","3377":"fish","3378":"chem","3379":"nsit","3380":"drop","3381":"ansa","3382":"nday","3383":"aver","3384":"iscu","3385":" oct","3386":"indo","3387":"oin ","3388":"hips","3389":"oped","3390":"secr","3391":"coup","3392":"lkin","3393":"legi","3394":"gory","3395":" gue","3396":"risi","3397":"otic","3398":"niqu","3399":" tab","3400":"ando","3401":"afri","3402":" pal","3403":"roba","3404":"ris ","3405":"orse","3406":"ape ","3407":"erty","3408":"ctro","3409":"eme ","3410":"thy ","3411":" wei","3412":"egat","3413":"metr","3414":"alki","3415":"user","3416":"orry","3417":"aske","3418":"dona","3419":"club","3420":"hnol","3421":"utes","3422":"hani","3423":"ibil","3424":"lse ","3425":"uded","3426":"rwar","3427":"nny ","3428":" neg","3429":" nec","3430":"snt ","3431":"anin","3432":"hly ","3433":"scor","3434":"crat","3435":"owle","3436":"xpla","3437":"expr","3438":"trip","3439":"iddl","3440":" saw","3441":"cer ","3442":"gold","3443":"core","3444":"ocra","3445":"ritt","3446":"niza","3447":"stly","3448":"yle ","3449":" ont","3450":"ashi","3451":"romo","3452":"heth","3453":"lor ","3454":"elem","3455":"sept","3456":"anic","3457":" cru","3458":"oast","3459":"nver","3460":"nnot","3461":"drea","3462":"soft","3463":"onli","3464":"vill","3465":"tuti","3466":"alin","3467":"obje","3468":"nsis","3469":"eede","3470":"nda ","3471":"ials","3472":"morr","3473":"ndep","3474":" foc","3475":"fren","3476":"uate","3477":"whet","3478":"ovel","3479":" ema","3480":"appo","3481":"ule ","3482":"mary","3483":"rint","3484":"xpre","3485":"nser","3486":"pean","3487":"lima","3488":"forg","3489":"focu","3490":" rid","3491":"opos","3492":"hest","3493":"capi","3494":"ntag","3495":"eman","3496":"ntac","3497":" eli","3498":"lood","3499":"arm ","3500":"olar","3501":"insi","3502":"bove","3503":"subj","3504":"chni","3505":" ken","3506":"elev","3507":"ells","3508":"apri","3509":"eake","3510":"rick","3511":"oted","3512":"anch","3513":"abov","3514":"ael ","3515":"uthe","3516":"obab","3517":"ngly","3518":"cogn","3519":"nism","3520":"tus ","3521":"ubje","3522":"dea ","3523":"selv","3524":"inta","3525":"uit ","3526":"fath","3527":"nies","3528":"arn ","3529":" jam","3530":"emic","3531":"bega","3532":"ngth","3533":" obj","3534":" tar","3535":"asy ","3536":"ift ","3537":"cus ","3538":"ege ","3539":"emon","3540":" led","3541":"llar","3542":"decl","3543":"nute","3544":"ril ","3545":"rked","3546":"icy ","3547":"ongs","3548":" eat","3549":"dina","3550":"ppoi","3551":"idge","3552":"chai","3553":" slo","3554":"orin","3555":"goal","3556":"aile","3557":"aft ","3558":"suff","3559":"omot","3560":" obs","3561":"undi","3562":"uite","3563":"augu","3564":"licy","3565":"bene","3566":"oubl","3567":"lved","3568":" apr","3569":"uble","3570":"nths","3571":"roke","3572":"terp","3573":"iece","3574":"apan","3575":" jew","3576":"ager","3577":" h ","3578":"phy ","3579":"hus ","3580":"mans","3581":"etwo","3582":"japa","3583":"eeme","3584":"eari","3585":"ansf","3586":"arne","3587":"upon","3588":"lute","3589":"job ","3590":"ecut","3591":"ogni","3592":"cycl","3593":"nest","3594":" ago","3595":" civ","3596":"gonn","3597":"ebra","3598":"diat","3599":" ave","3600":"civi","3601":"ircu","3602":"onat","3603":"elan","3604":"cemb","3605":"chas","3606":"inut","3607":"eted","3608":"page","3609":" jap","3610":"epla","3611":"file","3612":"abso","3613":"heri","3614":"xplo","3615":"anes","3616":"alla","3617":"eks ","3618":"erag","3619":"mist","3620":"ucki","3621":"kin ","3622":" sof","3623":" woo","3624":"acts","3625":"ecem","3626":"nice","3627":"tobe","3628":"eani","3629":"lin ","3630":"dnt ","3631":" mr ","3632":"mons","3633":"artm","3634":"ridg","3635":"tles","3636":"insu","3637":"engt","3638":"uted","3639":" dru","3640":"ssis","3641":"etit","3642":"sues","3643":"ssor","3644":"apit","3645":"unta","3646":"rust","3647":"pril","3648":"iame","3649":"car ","3650":" inn","3651":"bera","3652":"tiva","3653":"arbo","3654":"ene ","3655":"mpre","3656":"bloc","3657":"born","3658":" six","3659":"sche","3660":"uilt","3661":"tick","3662":" pag","3663":"erfu","3664":"addr","3665":"deca","3666":"path","3667":"aise","3668":"temb","3669":"opea","3670":"fit ","3671":"pond","3672":"netw","3673":"orpo","3674":"broa","3675":"ntit","3676":" vir","3677":"wall","3678":"ddre","3679":"turi","3680":"rfec","3681":"perm","3682":" van","3683":"eaki","3684":"rine","3685":"lari","3686":"nche","3687":"nowl","3688":"prem","3689":"ncom","3690":"oral","3691":"rize","3692":" sad","3693":"ein ","3694":" ali","3695":"ndic","3696":"tudi","3697":"faci","3698":"ctob","3699":"irel","3700":"pay ","3701":"auto","3702":"rful","3703":"ray ","3704":"ctri","3705":" dav","3706":"uct ","3707":"ilia","3708":"cian","3709":"wled","3710":" gua","3711":" sli","3712":"itti","3713":"ahah","3714":"oppe","3715":"ptem","3716":"unni","3717":"ece ","3718":"ansi","3719":"ersa","3720":"fun ","3721":"hari","3722":"hemi","3723":"tuni","3724":"nduc","3725":"oldi","3726":"situ","3727":"held","3728":" e ","3729":"lone","3730":"audi","3731":" ach","3732":"vant","3733":"sume","3734":"lows","3735":"etty","3736":" o ","3737":" k ","3738":"rtme","3739":"ddin","3740":" aug","3741":" isn","3742":"midd","3743":"ama ","3744":"told","3745":"loss","3746":"omor","3747":"rday","3748":" x ","3749":"ror ","3750":"sold","3751":"surv","3752":"irl ","3753":"rato","3754":"wors","3755":"inds","3756":"save","3757":"eams","3758":"piec","3759":"eace","3760":" suf","3761":" bul","3762":"ioni","3763":"agem","3764":"nel ","3765":"rame","3766":" bru","3767":" nob","3768":"osts","3769":" fed","3770":"ani ","3771":"loye","3772":"argu","3773":"ndat","3774":"arme","3775":"igge","3776":"mayb","3777":"orei","3778":"bute","3779":"evid","3780":"sor ","3781":"omis","3782":" oil","3783":"iers","3784":"rfac","3785":"ainl","3786":" isr","3787":"towa","3788":"isra","3789":"nnou","3790":"iday","3791":"wort","3792":"eeks","3793":"oups","3794":" r ","3795":"gas ","3796":"mise","3797":"aybe","3798":"roni","3799":"dead","3800":"alte","3801":"suit","3802":"cil ","3803":"lus ","3804":"rima","3805":"inar","3806":"oyed","3807":"ybe ","3808":"blue","3809":"ssen","3810":" lou","3811":" feb","3812":"forw","3813":"urni","3814":"rael","3815":"atis","3816":"guy ","3817":"udy ","3818":"srae","3819":"tiat","3820":"rtie","3821":"uris","3822":"enco","3823":"rtio","3824":"riso","3825":" p ","3826":"ius ","3827":" tas","3828":"bloo","3829":"eare","3830":"babl","3831":"joy ","3832":"tomo","3833":" els","3834":"ramm","3835":"affe","3836":"etar","3837":"moth","3838":"omy ","3839":"lied","3840":"ceme","3841":" fem","3842":"andr","3843":"rger","3844":"rgen","3845":"died","3846":"gure","3847":"ony ","3848":"oten","3849":"uick","3850":"lla ","3851":"arco","3852":" sym","3853":"pick","3854":"harm","3855":" len","3856":"mazi","3857":"cipl","3858":" ble","3859":"ttem","3860":" sla","3861":"scar","3862":"lake","3863":"nsac","3864":"rved","3865":"oud ","3866":"mome","3867":"capa","3868":"ugus","3869":"erou","3870":"pref","3871":" doo","3872":"lanc","3873":"june","3874":"domi","3875":"ishi","3876":"atri","3877":"aran","3878":"nnel","3879":"quic","3880":"plem","3881":"wear","3882":" cry","3883":"iffi","3884":"clus","3885":"nsul","3886":"sact","3887":"guar","3888":"ngla","3889":"mond","3890":"tudy","3891":"lann","3892":"udie","3893":" eth","3894":"ify ","3895":"icit","3896":"onar","3897":"umme","3898":"beha","3899":"pete","3900":"tay ","3901":" gri","3902":"ncie","3903":"veri","3904":"mula","3905":"thea","3906":"iet ","3907":"july","3908":"arre","3909":" unl","3910":"egre","3911":"tenc","3912":"pari","3913":"parl","3914":"roth","3915":"peni","3916":"epub","3917":"expo","3918":" der","3919":"fede","3920":"fest","3921":"oose","3922":"esn ","3923":"viol","3924":"nant","3925":"oric","3926":"fill","3927":" ens","3928":"scal","3929":"vil ","3930":"rpri","3931":"ecog","3932":"dmin","3933":"del ","3934":"astr","3935":"ises","3936":"lond","3937":"pray","3938":"eact","3939":"purp","3940":"oys ","3941":"rres","3942":" luc","3943":" sui","3944":"shes","3945":"lier","3946":"hiev","3947":"pent","3948":"oura","3949":"bal ","3950":" fle","3951":"insp","3952":"ymen","3953":"phic","3954":"burn","3955":" asi","3956":"rlia","3957":"lars","3958":" bc ","3959":" oh ","3960":"barc","3961":"ondu","3962":"hop ","3963":"gin ","3964":"emoc","3965":"sepa","3966":"nals","3967":"pred","3968":"eets","3969":"ysel","3970":"lyin","3971":"myse","3972":"baby","3973":" hen","3974":"tsid","3975":"mocr","3976":"nece","3977":"scov","3978":" fit","3979":"mens","3980":" ado","3981":"eard","3982":"naly","3983":"sers","3984":"ndle","3985":" lie","3986":"lusi","3987":"brid","3988":"sea ","3989":" upo","3990":"rker","3991":"paci","3992":"xcep","3993":"heav","3994":"yout","3995":"guid","3996":"gend","3997":" unc","3998":"oure","3999":"utin","4000":"ella","4001":"woma","4002":"uppl","4003":"ivis","4004":"ansp","4005":"easy","4006":"lism","4007":"cott","4008":" rei","4009":"rio ","4010":"carb","4011":"emov","4012":"ciet","4013":"cker","4014":"moni","4015":"ocie","4016":"prep","4017":"osse","4018":"cume","4019":"inti","4020":"meta","4021":" vio","4022":" ita","4023":"meas","4024":"utsi","4025":"pic ","4026":"glan","4027":"ssar","4028":" yor","4029":"pote","4030":"docu","4031":"esis","4032":" dog","4033":"pack","4034":"capt","4035":"stim","4036":"ilt ","4037":"evic","4038":"rlie","4039":"merg","4040":"eeli","4041":"nefi","4042":"obal","4043":"brat","4044":"essu","4045":"enef","4046":"beat","4047":"lenc","4048":"umer","4049":"ampa","4050":"sole","4051":"rche","4052":"ndre","4053":"vemb","4054":"imar","4055":"tast","4056":"hims","4057":"osin","4058":"ompr","4059":" nei","4060":"ocum","4061":" ale","4062":" hug","4063":"imme","4064":"ibra","4065":" gat","4066":"ecid","4067":"nspi","4068":" rap","4069":"buy ","4070":"ilin","4071":"igra","4072":"ectl","4073":"albu","4074":"sful","4075":"depa","4076":"dive","4077":"tlan","4078":"pair","4079":"eliv","4080":"ssfu","4081":"sibi","4082":"ades","4083":"nomy","4084":"esou","4085":"canc","4086":"anit","4087":"vels","4088":"bsol","4089":" squ","4090":"olat","4091":"brow","4092":" bed","4093":"wild","4094":"rail","4095":"tner","4096":"hamp","4097":"elow","4098":"ules","4099":" gav","4100":"rene","4101":"lebr","4102":" siz","4103":"onin","4104":"gen ","4105":"rill","4106":"adve","4107":"coas","4108":"choi","4109":"gger","4110":"ride","4111":"eleb","4112":"gave","4113":"pica","4114":"erno","4115":"ncip","4116":"brok","4117":"reti","4118":"erit","4119":" ada","4120":"tra ","4121":"fens","4122":"lems","4123":"york","4124":"terv","4125":"mply","4126":" jes","4127":"obse","4128":"spla","4129":"hina","4130":"loba","4131":"ceed","4132":"imse","4133":"mast","4134":"uple","4135":" jac","4136":" anc","4137":"avor","4138":"sked","4139":"bell","4140":"ubst","4141":"deep","4142":"lbum","4143":"enga","4144":"army","4145":"evio","4146":" lak","4147":"stoc","4148":"hosp","4149":"rtne","4150":"resh","4151":"sary","4152":"oyal","4153":"iles","4154":"reem","4155":"item","4156":"aphi","4157":" f ","4158":"egra","4159":"die ","4160":"orri","4161":" gas","4162":"sday","4163":"essf","4164":"gets","4165":"rofi","4166":"exci","4167":" ans","4168":"adde","4169":"gic ","4170":"mete","4171":"lub ","4172":"rnet","4173":"icha","4174":"ucts","4175":"surp","4176":"runn","4177":"ham ","4178":"ampi","4179":" lac","4180":"accu","4181":"urge","4182":"non ","4183":"tize","4184":"oupl","4185":"rrec","4186":"ngel","4187":"pone","4188":"ficu","4189":"onen","4190":"pane","4191":"lien","4192":"cand","4193":" lad","4194":"roac","4195":"prea","4196":" lay","4197":"iest","4198":"ero ","4199":"cath","4200":"attr","4201":"lcom","4202":"andl","4203":"lore","4204":"xcit","4205":"antl","4206":"onda","4207":"soli","4208":"arab","4209":"aten","4210":"dime","4211":"artn","4212":"oron","4213":"oses","4214":"rmy ","4215":"iant","4216":"exac","4217":"hnic","4218":"rish","4219":"hems","4220":"echa","4221":"onfe","4222":" dai","4223":"tom ","4224":"icto","4225":" aud","4226":"welc","4227":"oal ","4228":"pion","4229":"omat","4230":"wron","4231":"hday","4232":"ghou","4233":"febr","4234":"lle ","4235":"bear","4236":"lty ","4237":"pply","4238":"appa","4239":"oris","4240":"ebru","4241":"ciou","4242":"uffe","4243":"surf","4244":"adio","4245":"emat","4246":"ruar","4247":"trem","4248":"sorr","4249":"hows","4250":"elco","4251":" una","4252":"brua","4253":" loa","4254":"mino","4255":"kids","4256":"brot","4257":" deg","4258":"onia","4259":"vour","4260":"ush ","4261":"fant","4262":"espi","4263":"xtra","4264":"eads","4265":"ugho","4266":"digi","4267":"nteg","4268":" ite","4269":"nned","4270":"hera","4271":" hyp","4272":"expa","4273":" pul","4274":"swer","4275":"igen","4276":"assu","4277":"spri","4278":"tax ","4279":"effo","4280":"riat","4281":" fli","4282":"thda","4283":" ven","4284":" unf","4285":"ghly","4286":"ssic","4287":"davi","4288":"migr","4289":"aby ","4290":"angi","4291":"cite","4292":"dit ","4293":"otel","4294":"emse","4295":"usio","4296":"ikel","4297":"risk","4298":" mix","4299":"eorg","4300":"piri","4301":"ecad","4302":"uts ","4303":" ham","4304":"skil","4305":"avou","4306":"ara ","4307":"tel ","4308":"ncep","4309":"ncin","4310":"plex","4311":" hil","4312":"nsor","4313":"answ","4314":"ngre","4315":"oods","4316":"rink","4317":"hors","4318":"urpo","4319":"hann","4320":"poor","4321":"xact","4322":"gage","4323":"onso","4324":"mpti","4325":" pdf","4326":"ste ","4327":"cili","4328":"proa","4329":"airs","4330":"nswe","4331":"pdf ","4332":" mur","4333":"lex ","4334":"lida","4335":"bord","4336":" ice","4337":"erpr","4338":"tome","4339":"nson","4340":" ess","4341":"arle","4342":"eps ","4343":"otte","4344":"tee ","4345":"hic ","4346":"erms","4347":"oked","4348":"mpai","4349":"oto ","4350":"xpan","4351":"ldn ","4352":"bodi","4353":"atie","4354":"rthd","4355":"blin","4356":"emis","4357":"icin","4358":"hood","4359":"eref","4360":"embl","4361":"urag","4362":"ibed","4363":" 0n0","4364":"tute","4365":"oles","4366":"urat","4367":"alif","4368":"teme","4369":"irs ","4370":"etal","4371":"ban ","4372":"ech ","4373":"hoic","4374":"tbal","4375":"isse","4376":"advi","4377":"harl","4378":"erns","4379":"mite","4380":"otin","4381":"liza","4382":"erry","4383":" syn","4384":"ippi","4385":"rcod","4386":"cool","4387":" pha","4388":" kit","4389":"cut ","4390":"teve","4391":"aiti","4392":"atem","4393":"hibi","4394":"nova","4395":"pite","4396":"iraq","4397":"edin","4398":"tsel","4399":"trus","4400":"eems","4401":"cale","4402":"mpir","4403":"tock","4404":"oll ","4405":"aves","4406":"rpos","4407":"ngra","4408":" moo","4409":" tan","4410":"mmis","4411":"ltip","4412":"evis","4413":"rose","4414":"sher","4415":"erab","4416":"olen","4417":"neer","4418":" wed","4419":"geor","4420":"mora","4421":"lest","4422":"atho","4423":"ouch","4424":"iews","4425":"endo","4426":"kets","4427":"tien","4428":"chic","4429":"chro","4430":"bine","4431":"bes ","4432":"bum ","4433":"xf0 ","4434":"pate","4435":"0n0 ","4436":"ingd","4437":"degr","4438":"bia ","4439":" sce","4440":"fkax","4441":"log ","4442":"erni","4443":"kaxf","4444":"efit","4445":"eous","4446":"aha ","4447":"thol","4448":"axf0","4449":"mmed","4450":"nfer","4451":"matc","4452":"bing","4453":"barr","4454":"cers","4455":"aded","4456":"ume ","4457":"mile","4458":"ias ","4459":"hono","4460":"elt ","4461":"mach","4462":"emer","4463":" ros","4464":"hica","4465":"oves","4466":"ooke","4467":"tale","4468":"prox","4469":"tein","4470":"colu","4471":"uge ","4472":"oid ","4473":"yeah","4474":"rus ","4475":"weig","4476":"rani","4477":"ngdo","4478":"ginn","4479":"sort","4480":"holo","4481":"mote","4482":"pan ","4483":"eah ","4484":" fer","4485":"ettl","4486":"doct","4487":"itiz","4488":"ntel","4489":"weat","4490":"tatu","4491":"ppre","4492":"empo","4493":"anco","4494":"inly","4495":"impe","4496":"eply","4497":"amme","4498":"veni","4499":"inen","4500":"idat","4501":"givi","4502":"asic","4503":"cens","4504":"farm","4505":"aim ","4506":"asio","4507":"dese","4508":"kely","4509":"freq","4510":"squa","4511":"rrit","4512":"dise","4513":"cuti","4514":"hor ","4515":"rls ","4516":"shal","4517":"enci","4518":"ecla","4519":"erla","4520":"urie","4521":"dded","4522":"ibit","4523":"urfa","4524":"brou","4525":"aws ","4526":"avid","4527":"eals","4528":" coi","4529":"rily","4530":"shot","4531":"fell","4532":"chel","4533":" dic","4534":"mica","4535":"rees","4536":" flu","4537":"wrot","4538":"icer","4539":"ares","4540":"omma","4541":"cute","4542":"fres","4543":" pus","4544":"hote","4545":"rip ","4546":"xed ","4547":"repe","4548":"sapp","4549":"sund","4550":"ehin","4551":"impa","4552":"stig","4553":"rran","4554":" voi","4555":"rriv","4556":"tora","4557":"fuse","4558":"boy ","4559":"wise","4560":"cans","4561":"pros","4562":"six ","4563":"craf","4564":" cab","4565":"itse","4566":"emal","4567":"uart","4568":" goe","4569":"rcen","4570":"surr","4571":"rast","4572":"heme","4573":"aril","4574":"ehav","4575":"dnes","4576":"tiga","4577":"pter","4578":"gher","4579":"oot ","4580":"unny","4581":"spre","4582":"affi","4583":" ive","4584":" ara","4585":"thic","4586":"sal ","4587":"fans","4588":" gai","4589":"soph","4590":"behi","4591":"cise","4592":"eats","4593":" hah","4594":"uty ","4595":"webs","4596":"math","4597":"trin","4598":"ipat","4599":"alys","4600":"gth ","4601":"rete","4602":"feri","4603":"ipti","4604":"chap","4605":"exec","4606":"eein","4607":"ewis","4608":"yal ","4609":"ptur","4610":"twar","4611":"semb","4612":"icro","4613":"ntee","4614":"typi","4615":"loud","4616":"libr","4617":"pts ","4618":"purc","4619":"inno","4620":" pin","4621":"eory","4622":" eva","4623":"solv","4624":"micr","4625":"otta","4626":"patr","4627":"gnal","4628":"cook","4629":"wann","4630":"uide","4631":"hape","4632":"owth","4633":"asis","4634":"mman","4635":"lie ","4636":"rupt","4637":" wif","4638":"jesu","4639":"drin","4640":" eme","4641":"goes","4642":"onig","4643":" map","4644":"sen ","4645":"hmen","4646":"rgin","4647":"ippe","4648":"toma","4649":"ndan","4650":"riet","4651":"pact","4652":"emot","4653":" dol","4654":"mech","4655":" sno","4656":"neti","4657":"ouve","4658":"targ","4659":"rowt","4660":"erac","4661":"uste","4662":"ndow","4663":" g ","4664":"trop","4665":"shap","4666":"staf","4667":"acil","4668":"whos","4669":"angl","4670":" pau","4671":" jer","4672":"wth ","4673":"mals","4674":"bser","4675":" gt ","4676":"seat","4677":"stai","4678":" mec","4679":"hipp","4680":"wave","4681":"efle","4682":"ecie","4683":"laun","4684":"usse","4685":"acki","4686":"sych","4687":"epin","4688":"lber","4689":" usa","4690":" bag","4691":" abi","4692":"inct","4693":"swee","4694":"eavi","4695":"oken","4696":"vid ","4697":"tipl","4698":"kly ","4699":"ehol","4700":"ispl","4701":" inj","4702":"otto","4703":"psyc","4704":" kar","4705":"ngag","4706":"mum ","4707":"lays","4708":"erly","4709":" nav","4710":"racy","4711":"cine","4712":"flec","4713":"inee","4714":"reek","4715":"prio","4716":"terd","4717":" pun","4718":"nus ","4719":"las ","4720":"rams","4721":"rivi","4722":" nar","4723":"igit","4724":"paig","4725":" din","4726":" dau","4727":" cup","4728":"fram","4729":"nued","4730":" box","4731":" upd","4732":"dden","4733":"isk ","4734":"perh","4735":"hola","4736":"roxi","4737":" psy","4738":"ebsi","4739":"rowi","4740":"epis","4741":"hief","4742":"aign","4743":"add ","4744":"daug","4745":"boun","4746":"esus","4747":"xecu","4748":"bull","4749":"avy ","4750":"rrin","4751":"eepi","4752":" dut","4753":"eeke","4754":"met ","4755":" jok","4756":"erha","4757":"taff","4758":"pdat","4759":"lust","4760":"ssem","4761":"osti","4762":"iabl","4763":"tled","4764":" smi","4765":"upda","4766":"apte","4767":"etro","4768":"shir","4769":"stma","4770":"rden","4771":"buti","4772":"lame","4773":"dark","4774":"span","4775":"casi","4776":"mera","4777":"rer ","4778":"rbon","4779":"ald ","4780":"dget","4781":"mpla","4782":"crow","4783":"ingt","4784":"rome","4785":"pple","4786":"istm","4787":"mich","4788":" hur","4789":"ectu","4790":"esh ","4791":"amic","4792":"irls","4793":"coin","4794":"bsit","4795":"orda","4796":"usta","4797":"hoos","4798":"afe ","4799":"vie ","4800":"viti","4801":"kend","4802":"tinc","4803":"empi","4804":"fend","4805":"wint","4806":"phas","4807":"corn","4808":"erra","4809":"brai","4810":"min ","4811":"urpr","4812":"plor","4813":"paul","4814":"izen","4815":"uals","4816":"aree","4817":"stle","4818":"xes ","4819":"giou","4820":"mann","4821":"ccom","4822":"usan","4823":"rcia","4824":"mpac","4825":"olon","4826":"xtre","4827":"rner","4828":" dr ","4829":"revo","4830":"iole","4831":"sena","4832":"oner","4833":"bsta","4834":"sper","4835":"immi","4836":"rito","4837":"ocks","4838":"000 ","4839":"ret ","4840":"laug","4841":"bigg","4842":"xpen","4843":"rlin","4844":"oxim","4845":"ypic","4846":"reer","4847":"esol","4848":"voca","4849":"cuse","4850":"ghan","4851":"anet","4852":"tegr","4853":"unge","4854":"jack","4855":"bora","4856":" uk ","4857":"ppar","4858":"ospi","4859":"rum ","4860":"crac","4861":"onis","4862":"geri","4863":"dema","4864":"app ","4865":"tos ","4866":"blog","4867":"dama","4868":"rein","4869":"aunc","4870":"ilie","4871":"atme","4872":"ostl","4873":"lick","4874":"avio","4875":"tta ","4876":"gdom","4877":"peed","4878":"mble","4879":"das ","4880":"tool","4881":"ghti","4882":"fits","4883":"cart","4884":"orne","4885":"lms ","4886":"trik","4887":"viet","4888":"exua","4889":"voic","4890":"asia","4891":"len ","4892":"nsum","4893":"rtif","4894":"obil","4895":"undr","4896":" vil","4897":"nega","4898":"sexu","4899":"izin","4900":"judg","4901":" roy","4902":"ndom","4903":"floo","4904":"rves","4905":"itud","4906":"ufac","4907":"rifi","4908":"iman","4909":"spot","4910":"habi","4911":"sert","4912":"wash","4913":"anyw","4914":"anuf","4915":"olli","4916":"lets","4917":"acin","4918":"ingu","4919":"fema","4920":"glas","4921":"iger","4922":"nufa","4923":"xual","4924":"owns","4925":"roph","4926":"radu","4927":"hire","4928":"tmas","4929":"rop ","4930":"levi","4931":" smo","4932":"san ","4933":" exh","4934":" sov","4935":"appi","4936":"ttee","4937":"nspo","4938":"gita","4939":"itan","4940":"stme","4941":"lend","4942":"rout","4943":"adua","4944":"enth","4945":"rlan","4946":"uel ","4947":"bina","4948":"patt","4949":"cali","4950":"witc","4951":"isn ","4952":"seei","4953":" ari","4954":"jame","4955":"toro","4956":" hus","4957":"eatm","4958":"hart","4959":" asp","4960":" aca","4961":"rged","4962":" sem","4963":"bush","4964":"wner","4965":"nton","4966":" abu","4967":"rama","4968":"uff ","4969":"nume","4970":"eken","4971":" bin","4972":"seek","4973":"xima","4974":"burg","4975":"dail","4976":"aphy","4977":" max","4978":"senc","4979":"amma","4980":"aily","4981":"refl","4982":"mobi","4983":"inks","4984":"eyes","4985":"eran","4986":"otor","4987":"gall","4988":"hydr","4989":"deba","4990":"fee ","4991":"acad","4992":" l ","4993":"ngto","4994":"tery","4995":"dium","4996":"nfir","4997":"ootb","4998":"eers","4999":" cyc"}}