{"est":{"0":"num","1":"ja","2":"on","3":"et","4":"ka","5":"ei","6":"kui","7":"ta","8":"oli","9":"ning","10":"see","11":"mis","12":"eesti","13":"oma","14":"aastal","15":"ma","16":"v\u00f5i","17":"aga","18":"siis","19":"nii","20":"me","21":"kes","22":"seda","23":"selle","24":"aasta","25":"hai","26":"tema","27":"kuid","28":"se","29":"v\u00e4lja","30":"ki","31":"pole","32":"kus","33":"sai","34":"mida","35":"ole","36":"kas","37":"\u00fcle","38":"v\u00e4ga","39":"p\u00e4rast","40":"juba","41":"saab","42":"k\u00f5ik","43":"\u00fcks","44":"veel","45":"v\u00f5ib","46":"de","47":"mille","48":"sa","49":"nagu","50":"0000","51":"kuni","52":"nende","53":"to","54":"nad","55":"tallinna","56":"need","57":"tartu","58":"eest","59":"\u00e4ra","60":"kuidas","61":"ajal","62":"palju","63":"olid","64":"vaid","65":"koos","66":"meie","67":"sest","68":"vastu","69":"mitte","70":"ehk","71":"just","72":"tuleb","73":"la","74":"k\u00f5ige","75":"ko","76":"peale","77":"olla","78":"kohta","79":"olnud","80":"te","81":"alates","82":"lt","83":"poolt","84":"tagasi","85":"na","86":"n\u00e4iteks","87":"eestis","88":"euroopa","89":"ainult","90":"olen","91":"l\u00e4bi","92":"is","93":"ni","94":"kaks","95":"the","96":"kokku","97":"enne","98":"osa","99":"oleks","100":"neid","101":"ise","102":"samuti","103":"teha","104":"rohkem","105":"j\u00e4rgi","106":"sellest","107":"enam","108":"no","109":"ga","110":"t\u00e4na","111":"n\u00fc\u00fcd","112":"hea","113":"aa","114":"sama","115":"seal","116":"kuna","117":"aastat","118":"all","119":"iga","120":"kogu","121":"tu","122":"mu","123":"aastast","124":"aastatel","125":"ke","126":"lo","127":"mul","128":"hi","129":"midagi","130":"saa","131":"lisaks","132":"hiljem","133":"ikka","134":"korda","135":"km","136":"mi","137":"esimene","138":"peab","139":"alla","140":"\u00fche","141":"miks","142":"aja","143":"tee","144":"vahel","145":"in","146":"elu","147":"ho","148":"jaoks","149":"enda","150":"umbes","151":"aap","152":"v\u00f5imalik","153":"saanud","154":"minu","155":"siin","156":"suur","157":"edasi","158":"lihtsalt","159":"asub","160":"video","161":"uus","162":"nahi","163":"le","164":"saada","165":"k\u00fcll","166":"teda","167":"vene","168":"cm","169":"of","170":"uue","171":"usa","172":"raha","173":"da","174":"soome","175":"\u00fclikooli","176":"ette","177":"mai","178":"von","179":"isegi","180":"venemaa","181":"kuud","182":"puhul","183":"maailma","184":"liidu","185":"linna","186":"ju","187":"and","188":"inimesed","189":"mulle","190":"kell","191":"mm","192":"eriti","193":"t\u00f5ttu","194":"tuli","195":"eu","196":"keegi","197":"ega","198":"jooksul","199":"end","200":"peaks","201":"siiski","202":"saksa","203":"ne","204":"sir","205":"juurde","206":"el","207":"aega","208":"olema","209":"ab","210":"nhi","211":"ii","212":"teine","213":"do","214":"j\u00e4i","215":"korral","216":"toimub","217":"koi","218":"sel","219":"time","220":"like","221":"esimese","222":"kuigi","223":"praegu","224":"seotud","225":"teise","226":"p\u00e4eva","227":"talle","228":"kaasa","229":"tallinnas","230":"nime","231":"vaata","232":"kolm","233":"poole","234":"vaja","235":"alati","236":"tallinn","237":"selles","238":"linn","239":"h\u00e4sti","240":"mingi","241":"isa","242":"ilma","243":"juures","244":"tal","245":"vald","246":"meil","247":"riigi","248":"mein","249":"keeles","250":"k\u00fcla","251":"di","252":"anna","253":"s\u00fcndinud","254":"teada","255":"teiste","256":"maa","257":"kunagi","258":"samas","259":"rootsi","260":"liige","261":"kohe","262":"selleks","263":"aeg","264":"valmis","265":"v\u00e4hemalt","266":"v\u00f5iks","267":"aku","268":"good","269":"pe","270":"kasutada","271":"j\u00e4\u00e4b","272":"my","273":"pool","274":"kahe","275":"liiga","276":"mina","277":"v\u00f5itis","278":"aru","279":"suure","280":"\u00fcles","281":"sellega","282":"pea","283":"it","284":"sellele","285":"samal","286":"ees","287":"teeb","288":"as","289":"mees","290":"que","291":"neist","292":"kasutatakse","293":"si","294":"andis","295":"mind","296":"said","297":"taas","298":"v\u00f5tta","299":"viis","300":"oled","301":"ek","302":"maha","303":"kelle","304":"ku","305":"valla","306":"annab","307":"sisse","308":"ye","309":"n\u00f5ukogude","310":"tegi","311":"one","312":"ha","313":"last","314":"t\u00f6\u00f6","315":"olemas","316":"endale","317":"su","318":"mil","319":"sinu","320":"amp","321":"you","322":"ee","323":"hind","324":"so","325":"alles","326":"tavaliselt","327":"l\u00e4ks","328":"loe","329":"t\u00f6\u00f6tas","330":"neil","331":"t\u00f6\u00f6d","332":"p\u00e4rnu","333":"v\u00f5ivad","334":"inimene","335":"\u00fctles","336":"s\u00fcndis","337":"ya","338":"seega","339":"tegelikult","340":"l\u00f5petas","341":"n\u00e4ha","342":"minna","343":"president","344":"sajandi","345":"juhul","346":"inimest","347":"\u00fcmber","348":"kuda","349":"bhi","350":"tehtud","351":"varem","352":"seej\u00e4rel","353":"eurot","354":"saavad","355":"asi","356":"kindlasti","357":"selline","358":"panna","359":"tuntud","360":"hakkas","361":"m\u00f5ned","362":"millest","363":"inimese","364":"kuulub","365":"head","366":"oleme","367":"ema","368":"l\u00e4heb","369":"new","370":"s\u00f5nul","371":"st","372":"toh","373":"j\u00e4rel","374":"p\u00e4ris","375":"eh","376":"jab","377":"peamiselt","378":"\u00f5petaja","379":"inimeste","380":"kaudu","381":"or","382":"teie","383":"sinna","384":"\u00f5ppis","385":"tweet","386":"arv","387":"jo","388":"jne","389":"ennast","390":"kuhu","391":"millega","392":"toimus","393":"kooli","394":"kuus","395":"miljonit","396":"nimi","397":"v\u00e4ike","398":"maja","399":"inglise","400":"meri","401":"igal","402":"\u00fcldse","403":"vallas","404":"vabariigi","405":"vana","406":"muusika","407":"anda","408":"for","409":"l\u00f5puks","410":"suri","411":"hakkab","412":"ameerika","413":"kar","414":"ge","415":"esimest","416":"koguduse","417":"viimane","418":"ah","419":"v\u00e4hem","420":"inimesi","421":"tegemist","422":"rahul","423":"toimunud","424":"auto","425":"kuu","426":"oluline","427":"tasuta","428":"hoga","429":"saad","430":"august","431":"poeg","432":"uut","433":"suurem","434":"osales","435":"hetkel","436":"alguses","437":"kord","438":"v\u00f5ttis","439":"abil","440":"ligi","441":"koha","442":"septembril","443":"suhtes","444":"kohal","445":"tartus","446":"veebruaril","447":"sageli","448":"team","449":"antud","450":"asus","451":"baat","452":"m\u00e4rtsil","453":"al","454":"he","455":"osas","456":"t\u00e4hendab","457":"seet\u00f5ttu","458":"tea","459":"p\u00e4ev","460":"hain","461":"kellele","462":"kinni","463":"valiti","464":"ada","465":"t\u00e4iesti","466":"k\u00e4igus","467":"kuch","468":"j\u00e4\u00e4nud","469":"nsv","470":"neile","471":"teised","472":"miss","473":"iii","474":"ra","475":"paljud","476":"via","477":"saksamaa","478":"mail","479":"mitu","480":"ilmselt","481":"surma","482":"pa","483":"aaj","484":"juunil","485":"love","486":"jaan","487":"v\u00f5imalus","488":"film","489":"osta","490":"kolme","491":"aprillil","492":"ongi","493":"juht","494":"suurim","495":"maailmas","496":"leida","497":"neli","498":"poola","499":"aur","500":"jaanuaril","501":"es","502":"kohale","503":"alusel","504":"uudised","505":"je","506":"k\u00e4tte","507":"\u00fclikoolis","508":"nu","509":"kuulus","510":"riigikogu","511":"valitsuse","512":"vaba","513":"main","514":"viimase","515":"vastavalt","516":"em","517":"parem","518":"sul","519":"jah","520":"tahaks","521":"mitmeid","522":"hulka","523":"aastani","524":"raske","525":"t\u00e4nap\u00e4eval","526":"valitsus","527":"asemel","528":"peavad","529":"nimetatakse","530":"enamasti","531":"milles","532":"kr","533":"k\u00fclas","534":"sellel","535":"j\u00f5e","536":"sab","537":"aastane","538":"o\u00fc","539":"s\u00f5na","540":"aitab","541":"uuesti","542":"detsembril","543":"alustas","544":"ani","545":"lugu","546":"saaks","547":"sind","548":"teinud","549":"tk","550":"sulle","551":"seas","552":"pidi","553":"muu","554":"oktoobril","555":"hiina","556":"tak","557":"j\u00f5udis","558":"pigem","559":"kg","560":"kahjuks","561":"fans","562":"hoopis","563":"kodus","564":"abi","565":"movie","566":"ilmus","567":"j\u00e4lle","568":"linnas","569":"l\u00e4hedal","570":"novembril","571":"laste","572":"saare","573":"meeldib","574":"norra","575":"augustil","576":"terve","577":"polnud","578":"hulgas","579":"koht","580":"juulil","581":"paavst","582":"l\u00e4ti","583":"nt","584":"p\u00e4eval","585":"m\u00f5ne","586":"kasutatud","587":"esimees","588":"kuningas","589":"sealhulgas","590":"n\u00f5ukogu","591":"tarneaeg","592":"taga","593":"please","594":"peaaegu","595":"l\u00f5pus","596":"valge","597":"vist","598":"info","599":"tihti","600":"prantsuse","601":"taha","602":"00","603":"teel","604":"muud","605":"ala","606":"\u00f6elda","607":"kiriku","608":"online","609":"k\u00f5iki","610":"t\u00e4nu","611":"\u00fcsna","612":"olles","613":"politsei","614":"juhatuse","615":"id","616":"ok","617":"avatud","618":"t\u00e4pselt","619":"en","620":"allah","621":"tuleks","622":"naine","623":"seoses","624":"mere","625":"hota","626":"keda","627":"semoga","628":"meile","629":"kiiresti","630":"vs","631":"sajandil","632":"twitter","633":"eile","634":"too","635":"but","636":"muidugi","637":"pikk","638":"sealt","639":"paar","640":"p\u00f5hja","641":"viljandi","642":"lapsed","643":"erinevate","644":"del","645":"k\u00f5igile","646":"vend","647":"bro","648":"tule","649":"partei","650":"ent","651":"peal","652":"khud","653":"otse","654":"nr","655":"k\u00f5igi","656":"por","657":"lahti","658":"j\u00f5udnud","659":"olevat","660":"va","661":"riik","662":"nai","663":"hu","664":"parim","665":"keele","666":"this","667":"suurt","668":"sobib","669":"t\u00f6\u00f6p\u00e4eva","670":"keskus","671":"vaadata","672":"kuuluvad","673":"mee","674":"eesm\u00e4rk","675":"pani","676":"milline","677":"keha","678":"balti","679":"sisaldab","680":"palun","681":"jaldi","682":"narva","683":"par","684":"kohaselt","685":"t\u00f6\u00f6le","686":"best","687":"kirjutas","688":"m\u00f5ni","689":"teist","690":"l\u00e4inud","691":"m\u00f5isa","692":"raamat","693":"mei","694":"nn","695":"veidi","696":"p\u00e4rit","697":"mas","698":"min","699":"k\u00f5rval","700":"itaalia","701":"t\u00f5i","702":"anti","703":"vi","704":"uusi","705":"asja","706":"loodud","707":"saar","708":"erinevaid","709":"r\u00e4\u00e4gib","710":"mais","711":"lisa","712":"p\u00fcha","713":"j\u00fcri","714":"m\u00e4ngu","715":"juuli","716":"teatas","717":"poolest","718":"t\u00e4helepanu","719":"esimesed","720":"alguse","721":"karl","722":"toob","723":"m\u00f5eldud","724":"m\u00f5ju","725":"feel","726":"prantsusmaa","727":"elab","728":"mehed","729":"v\u00f5rreldes","730":"eelk\u00f5ige","731":"sellist","732":"liit","733":"m\u00f6\u00f6da","734":"dil","735":"algas","736":"are","737":"klubi","738":"abikaasa","739":"t\u00f5esti","740":"vai","741":"v\u00e4he","742":"jaanuar","743":"krooni","744":"tulnud","745":"must","746":"first","747":"ordu","748":"valmistatud","749":"artiklit","750":"un","751":"kya","752":"koju","753":"millel","754":"teed","755":"tahab","756":"taani","757":"martin","758":"teile","759":"hoida","760":"eraldi","761":"rooma","762":"m\u00f5lemad","763":"saate","764":"juuni","765":"lapse","766":"koosneb","767":"erinevad","768":"ss","769":"kasvab","770":"paremini","771":"oru","772":"moskva","773":"lastele","774":"rahva","775":"teri","776":"nee","777":"kodu","778":"n\u00e4dala","779":"sees","780":"muidu","781":"algab","782":"t\u00fctar","783":"peetakse","784":"esimesel","785":"uued","786":"pakub","787":"pikkus","788":"\u00f5igus","789":"nimetatud","790":"ettev\u00f5tte","791":"ikkagi","792":"n\u00e4itab","793":"naiste","794":"hoti","795":"v\u00f5eti","796":"looks","797":"t\u00e4nav","798":"saatis","799":"v\u00f5tab","800":"ji","801":"tundub","802":"\u00fctleb","803":"ti","804":"kust","805":"laps","806":"hakata","807":"koolis","808":"k\u00f5rge","809":"teema","810":"\u00f5ige","811":"keelt","812":"juhataja","813":"m\u00f5te","814":"hispaania","815":"v\u00f5ru","816":"eestimaa","817":"ringi","818":"morning","819":"endine","820":"protsenti","821":"johann","822":"\u00e4\u00e4res","823":"india","824":"number","825":"lihtne","826":"post","827":"go","828":"soomes","829":"hommikul","830":"k\u00fcsimus","831":"kellel","832":"j\u00e4rgmisel","833":"sain","834":"kooda","835":"t\u00e4is","836":"aastaks","837":"tekkinud","838":"aastate","839":"autor","840":"siit","841":"briti","842":"suvel","843":"muuta","844":"tere","845":"venemaal","846":"j\u00e4rgmine","847":"projekti","848":"asju","849":"estonia","850":"am","851":"p\u00f5hjal","852":"tra","853":"olin","854":"vahele","855":"levinud","856":"abiellus","857":"hoone","858":"top","859":"teisel","860":"teatud","861":"tunne","862":"seltsi","863":"elus","864":"use","865":"pm","866":"miljoni","867":"hum","868":"din","869":"uute","870":"lagi","871":"foto","872":"mist\u00f5ttu","873":"baad","874":"piisavalt","875":"saal","876":"sellise","877":"hoon","878":"seni","879":"\u00f5htul","880":"vajalik","881":"us","882":"saan","883":"real","884":"rahi","885":"raamatu","886":"r\u00e4\u00e4kis","887":"temast","888":"kirja","889":"suunas","890":"friedrich","891":"naa","892":"suured","893":"mingit","894":"keskmine","895":"eri","896":"natuke","897":"ainus","898":"luua","899":"aprill","900":"night","901":"mart","902":"esineb","903":"tegema","904":"asjad","905":"johannes","906":"tegu","907":"minutit","908":"j\u00e4rve","909":"seaduse","910":"noored","911":"kaam","912":"nimetati","913":"laulu","914":"elas","915":"riikliku","916":"noorte","917":"apni","918":"maakonnas","919":"k\u00e4ib","920":"leedu","921":"l\u00e4\u00e4ne","922":"hooaja","923":"tundi","924":"t\u00f6\u00f6tab","925":"lol","926":"we","927":"tv","928":"m\u00e4rts","929":"ettev\u00f5te","930":"zindagi","931":"astus","932":"v\u00f5imaldab","933":"euroopas","934":"viimasel","935":"re","936":"avaldas","937":"saaremaa","938":"eestisse","939":"jaga","940":"asuvad","941":"peeter","942":"tegevus","943":"v\u00f5rra","944":"t\u00f5en\u00e4oliselt","945":"yoongi","946":"\u00fches","947":"kaotas","948":"meid","949":"huvi","950":"kiire","951":"m\u00e4ngis","952":"agar","953":"\u00fchel","954":"veebruar","955":"eks","956":"by","957":"jajaja","958":"est","959":"j\u00f5gi","960":"millele","961":"leiab","962":"tegevuse","963":"don","964":"log","965":"m\u00f5ttes","966":"j\u00e4rjest","967":"up","968":"aastail","969":"november","970":"teevad","971":"kirjutab","972":"teisi","973":"kkkkk","974":"loodi","975":"m\u00f5is","976":"trend","977":"suhteliselt","978":"iv","979":"detsember","980":"t\u00e4ielikult","981":"live","982":"ves","983":"jaise","984":"thi","985":"j\u00e4rele","986":"otsustas","987":"tulla","988":"pidevalt","989":"at","990":"pidada","991":"ekre","992":"klassi","993":"\u00fcheks","994":"korras","995":"euro","996":"s\u00fcsteemi","997":"test","998":"keel","999":"ajalugu","1000":"p\u00e4ritolu","1001":"jt","1002":"kuidagi","1003":"meu","1004":"rakvere","1005":"l\u00f5i","1006":"tohi","1007":"valida","1008":"saksamaal","1009":"tha","1010":"eur","1011":"jajajaja","1012":"september","1013":"tekib","1014":"esmakordselt","1015":"otsa","1016":"kl","1017":"teises","1018":"ante","1019":"helme","1020":"k\u00f5rgus","1021":"leidis","1022":"school","1023":"k\u00e4is","1024":"riia","1025":"naised","1026":"kirik","1027":"veelgi","1028":"vee","1029":"keep","1030":"tehakse","1031":"kon","1032":"filmi","1033":"muutunud","1034":"vote","1035":"john","1036":"varsti","1037":"hulk","1038":"algul","1039":"be","1040":"paljude","1041":"mari","1042":"s\u00fcgisel","1043":"dr","1044":"liivi","1045":"endiselt","1046":"\u00fckski","1047":"mitmed","1048":"suurema","1049":"kahju","1050":"las","1051":"oh","1052":"rahe","1053":"gt","1054":"minema","1055":"ini","1056":"meetrit","1057":"teenis","1058":"professor","1059":"surnud","1060":"riikide","1061":"maakond","1062":"soon","1063":"suurus","1064":"hakkama","1065":"esitatud","1066":"kirikus","1067":"\u00fchtlasi","1068":"silma","1069":"liikmed","1070":"\u00fchte","1071":"ehitatud","1072":"punkti","1073":"juga","1074":"andmed","1075":"nelja","1076":"ajaloo","1077":"aamiin","1078":"seisuga","1079":"ilmunud","1080":"tab","1081":"sellep\u00e4rast","1082":"vara","1083":"lugeda","1084":"firma","1085":"kuninga","1086":"s\u00e4ilinud","1087":"j\u00e4\u00e4vad","1088":"j\u00e4tta","1089":"ai","1090":"ukraina","1091":"kkkkkk","1092":"\u00fclej\u00e4\u00e4nud","1093":"kreeka","1094":"muutub","1095":"kirjutatud","1096":"kaua","1097":"km\u00b2","1098":"puudub","1099":"los","1100":"oluliselt","1101":"tum","1102":"huvitav","1103":"kaetud","1104":"pere","1105":"mujhe","1106":"ilus","1107":"oktoober","1108":"cinema","1109":"kasutamise","1110":"kultuuri","1111":"ajaks","1112":"ele","1113":"side","1114":"kasutamine","1115":"aastaid","1116":"s\u00f5ja","1117":"tekkis","1118":"life","1119":"tehti","1120":"pean","1121":"k\u00f5ike","1122":"ali","1123":"kauba","1124":"kaitse","1125":"omavahel","1126":"inimestele","1127":"presidendi","1128":"homme","1129":"sisu","1130":"lennud","1131":"olete","1132":"aise","1133":"kolmas","1134":"linda","1135":"saame","1136":"peagi","1137":"\u00fchtegi","1138":"kaise","1139":"pidas","1140":"ela","1141":"kool","1142":"viimased","1143":"kkkk","1144":"amo","1145":"jaapani","1146":"toomas","1147":"valik","1148":"v\u00f5imu","1149":"google","1150":"paul","1151":"andmetel","1152":"tegevust","1153":"kisi","1154":"happy","1155":"lahkus","1156":"release","1157":"hogi","1158":"viia","1159":"kohaliku","1160":"let","1161":"fc","1162":"teil","1163":"\u00fcha","1164":"lg","1165":"raat","1166":"per","1167":"thumb","1168":"jaa","1169":"kasutaja","1170":"vanemad","1171":"galerii","1172":"n\u00e4eb","1173":"tapi","1174":"valitud","1175":"koosseisu","1176":"kkkkkkk","1177":"esse","1178":"kinnitas","1179":"pr","1180":"parima","1181":"alt","1182":"yg","1183":"andres","1184":"energia","1185":"not","1186":"lahe","1187":"t\u00e4htis","1188":"eelmise","1189":"pehle","1190":"lu","1191":"kasutab","1192":"yaad","1193":"t\u00e4nava","1194":"rahvusvahelise","1195":"more","1196":"girl","1197":"ida","1198":"korra","1199":"l\u00f5una","1200":"tulevad","1201":"kella","1202":"\u00fcldiselt","1203":"con","1204":"peaminister","1205":"alal","1206":"pra","1207":"elama","1208":"inka","1209":"enamik","1210":"s\u00f5da","1211":"eesm\u00e4rgiks","1212":"edu","1213":"siia","1214":"oka","1215":"eestist","1216":"r\u00e4\u00e4kida","1217":"s\u00f5ltub","1218":"dia","1219":"endast","1220":"meeste","1221":"tho","1222":"hakati","1223":"kandis","1224":"v\u00f5is","1225":"avati","1226":"ajast","1227":"kellega","1228":"avaldatud","1229":"erinevalt","1230":"kirjutanud","1231":"\u00fcksnes","1232":"toote","1233":"naise","1234":"lisas","1235":"sina","1236":"pakkuda","1237":"usas","1238":"maria","1239":"piirkonnas","1240":"peeti","1241":"sellised","1242":"idee","1243":"tore","1244":"suuda","1245":"koost\u00f6\u00f6s","1246":"v\u00f5imalusi","1247":"l\u00f5puni","1248":"j\u00e4\u00e4da","1249":"get","1250":"para","1251":"paari","1252":"elada","1253":"meetri","1254":"album","1255":"line","1256":"omakorda","1257":"t\u00e4navu","1258":"robert","1259":"raames","1260":"kevadel","1261":"ca","1262":"vale","1263":"v\u00f5etud","1264":"muutus","1265":"same","1266":"jadi","1267":"city","1268":"leitud","1269":"elanike","1270":"tuua","1271":"selge","1272":"j\u00e4rv","1273":"k\u00f5rvale","1274":"kasutusel","1275":"millised","1276":"leidnud","1277":"kasvas","1278":"algselt","1279":"super","1280":"pro","1281":"arvu","1282":"n\u00e4dalal","1283":"k\u00e4es","1284":"support","1285":"elavad","1286":"mehe","1287":"rahvusvaheline","1288":"laul","1289":"\u00e4kki","1290":"koost\u00f6\u00f6d","1291":"toime","1292":"leidub","1293":"lubatud","1294":"osalenud","1295":"ekr","1296":"aata","1297":"tava","1298":"kasutati","1299":"logo","1300":"peetud","1301":"james","1302":"vahepeal","1303":"il","1304":"komisjoni","1305":"akadeemia","1306":"j\u00e4rgmise","1307":"pas","1308":"tahan","1309":"millal","1310":"m\u00e4\u00e4rati","1311":"olev","1312":"vajab","1313":"eelmisel","1314":"j\u00e4relmaks","1315":"andnud","1316":"from","1317":"v\u00f5itnud","1318":"fotod","1319":"m\u00e4ngus","1320":"toimuvad","1321":"n\u00e4itleja","1322":"laga","1323":"aastas","1324":"arvan","1325":"jao","1326":"langes","1327":"harjumaa","1328":"rahu","1329":"kedagi","1330":"link","1331":"kindel","1332":"saama","1333":"kena","1334":"nendega","1335":"pakiautomaati","1336":"oska","1337":"m\u00e4ngib","1338":"teen","1339":"aleksander","1340":"v\u00e4ltida","1341":"n\u00f5us","1342":"j\u00e4id","1343":"paavsti","1344":"pealt","1345":"piirkonna","1346":"v\u00e4rvi","1347":"tulemusena","1348":"talu","1349":"korraga","1350":"raadio","1351":"arvatud","1352":"loo","1353":"liivimaa","1354":"saata","1355":"amiga","1356":"kasutusele","1357":"meest","1358":"v\u00f5ibolla","1359":"arvates","1360":"liked","1361":"puu","1362":"registreeritud","1363":"n\u00e4dal","1364":"riigis","1365":"seekord","1366":"poolel","1367":"ratas","1368":"gustav","1369":"wo","1370":"tagab","1371":"lapsi","1372":"kaugusel","1373":"kasutavad","1374":"delfi","1375":"v\u00f5id","1376":"suurbritannia","1377":"pata","1378":"t\u00f6\u00f6tanud","1379":"soovi","1380":"kutsub","1381":"paneb","1382":"asutati","1383":"v\u00f5imaluse","1384":"saadeti","1385":"viidi","1386":"ve","1387":"kasutajaid","1388":"lepingu","1389":"ehitati","1390":"probleeme","1391":"heinrich","1392":"nb","1393":"ruumi","1394":"abielus","1395":"koost\u00f6\u00f6","1396":"toode","1397":"vesi","1398":"full","1399":"dm","1400":"tn","1401":"meelde","1402":"day","1403":"vormista","1404":"olukord","1405":"kolmanda","1406":"rajati","1407":"t\u00e4ida","1408":"t\u00f5usis","1409":"peterburi","1410":"season","1411":"nimega","1412":"maantee","1413":"li","1414":"bb","1415":"m\u00f5nikord","1416":"esimeses","1417":"tweets","1418":"com","1419":"bas","1420":"old","1421":"l\u00e4hemalt","1422":"esitada","1423":"heaks","1424":"minister","1425":"m\u00fc\u00fca","1426":"sb","1427":"v\u00f5ta","1428":"pandud","1429":"v\u00f5imalust","1430":"probleem","1431":"\u00f6\u00f6sel","1432":"p\u00fchap\u00e4eval","1433":"v\u00f5idu","1434":"naistele","1435":"k\u00f5ikide","1436":"kasutades","1437":"meeldiks","1438":"free","1439":"enna","1440":"esialgu","1441":"pindala","1442":"poe","1443":"programmi","1444":"aidata","1445":"n\u00e4inud","1446":"jai","1447":"postimees","1448":"saadud","1449":"rolli","1450":"kasvanud","1451":"tegid","1452":"otsib","1453":"esindaja","1454":"nendest","1455":"aaa","1456":"k\u00fclge","1457":"andmeid","1458":"ootab","1459":"mitme","1460":"pidanud","1461":"bhai","1462":"instituudi","1463":"avaliku","1464":"vamos","1465":"teab","1466":"punane","1467":"gi","1468":"vo","1469":"l\u00f5ppes","1470":"kuuluv","1471":"antakse","1472":"maakonna","1473":"musta","1474":"pilt","1475":"parimad","1476":"hahaha","1477":"kinda","1478":"oktoobris","1479":"im","1480":"anne","1481":"andmete","1482":"kaheksa","1483":"maailmas\u00f5ja","1484":"pane","1485":"mihkel","1486":"kogus","1487":"laup\u00e4eval","1488":"suutnud","1489":"battle","1490":"otsus","1491":"fir","1492":"\u00fchest","1493":"lai","1494":"seadus","1495":"lekin","1496":"kontrolli","1497":"next","1498":"v\u00f5tma","1499":"covid","1500":"j\u00e4\u00e4","1501":"black","1502":"n\u00e4dalat","1503":"m\u00e4\u00e4ratud","1504":"tugev","1505":"teeme","1506":"\u00f5nne","1507":"moodustavad","1508":"saabus","1509":"ait\u00e4h","1510":"s\u00fcsteem","1511":"valga","1512":"m\u00e4rtsis","1513":"keskel","1514":"nikolai","1515":"out","1516":"liitu","1517":"kkkkkkkk","1518":"saarel","1519":"teiseks","1520":"v\u00e4ljas","1521":"pead","1522":"kutsus","1523":"aameen","1524":"ehkki","1525":"leiti","1526":"raja","1527":"sahi","1528":"ellu","1529":"kusjuures","1530":"hooajal","1531":"m\u00e4ng","1532":"tem","1533":"tervise","1534":"armee","1535":"m\u00f5ista","1536":"raamatukogu","1537":"start","1538":"tunda","1539":"t\u00fc\u00fcpi","1540":"jumal","1541":"michael","1542":"kinnisvara","1543":"s\u00f5itis","1544":"b\u00e4ndi","1545":"vanem","1546":"kannab","1547":"san","1548":"sh","1549":"nendele","1550":"rootsis","1551":"soovib","1552":"raudtee","1553":"aina","1554":"urmas","1555":"nimelt","1556":"wa","1557":"teemal","1558":"bad","1559":"bi","1560":"detsembris","1561":"pisut","1562":"lausa","1563":"v\u00e4ikese","1564":"tegutses","1565":"mau","1566":"poleks","1567":"otto","1568":"siiani","1569":"meeru","1570":"selliseid","1571":"eid","1572":"proud","1573":"eli","1574":"otsuse","1575":"har","1576":"mass","1577":"saavutas","1578":"nimetas","1579":"yaar","1580":"olemasolu","1581":"eeln\u00f5u","1582":"j\u00e4tkas","1583":"aapko","1584":"omega","1585":"suht","1586":"metsa","1587":"hakkavad","1588":"tahad","1589":"apne","1590":"mama","1591":"suurte","1592":"k\u00e4inud","1593":"itna","1594":"keskmiselt","1595":"phir","1596":"suuri","1597":"kadunud","1598":"sana","1599":"nimel","1600":"arvuti","1601":"kunsti","1602":"georg","1603":"eestlased","1604":"vaatamata","1605":"david","1606":"pildid","1607":"veebruaris","1608":"vastab","1609":"keiser","1610":"annavad","1611":"sihtkohta","1612":"parema","1613":"m\u00fc\u00fck","1614":"kehtib","1615":"haha","1616":"v\u00f5imalikult","1617":"nak","1618":"g\u00fcmnaasiumi","1619":"edaspidi","1620":"roll","1621":"aastaga","1622":"tegeleb","1623":"telugu","1624":"noor","1625":"jaye","1626":"taotluse","1627":"enamus","1628":"maal","1629":"suunatud","1630":"aapki","1631":"majas","1632":"kujul","1633":"kanda","1634":"kk","1635":"wilhelm","1636":"suuremad","1637":"k\u00f5igil","1638":"kada","1639":"kita","1640":"rt","1641":"s\u00f5brad","1642":"puta","1643":"j\u00f5uab","1644":"oja","1645":"koosseisus","1646":"toodud","1647":"aset","1648":"pika","1649":"kuressaare","1650":"muusikat","1651":"man","1652":"yaa","1653":"toetab","1654":"t\u00e4nap\u00e4eva","1655":"aik","1656":"septembris","1657":"selgus","1658":"ametisse","1659":"tagaj\u00e4rjel","1660":"world","1661":"\u00fclikool","1662":"osakonna","1663":"t\u00fcrgi","1664":"sid","1665":"rapla","1666":"tasub","1667":"park","1668":"m\u00e4\u00e4ras","1669":"tp","1670":"poliitik","1671":"asutatud","1672":"sirf","1673":"loomulikult","1674":"wale","1675":"kahte","1676":"mood","1677":"maailm","1678":"back","1679":"piiri","1680":"t\u00f5sta","1681":"backup","1682":"jms","1683":"kuskil","1684":"harju","1685":"ostukorvil","1686":"vett","1687":"po","1688":"teid","1689":"piiskop","1690":"majandus","1691":"lvl","1692":"direktor","1693":"endise","1694":"toetust","1695":"j\u00e4rgmised","1696":"okei","1697":"p\u00e4evas","1698":"austria","1699":"saamiseks","1700":"eestlaste","1701":"vastas","1702":"m\u00f5elda","1703":"esile","1704":"liikmete","1705":"gonna","1706":"enduku","1707":"kellest","1708":"lisatud","1709":"tag","1710":"kohtus","1711":"haapsalu","1712":"\u00f5iguse","1713":"mera","1714":"auhinna","1715":"piiratud","1716":"m\u00f6\u00f6dunud","1717":"naam","1718":"hans","1719":"osakonnad","1720":"infot","1721":"ungari","1722":"hukkus","1723":"nenu","1724":"temaga","1725":"\u00fcksi","1726":"m\u00e4ngida","1727":"big","1728":"riiki","1729":"s\u00fc\u00fca","1730":"erialal","1731":"oleksid","1732":"volikogu","1733":"praeguse","1734":"itni","1735":"tooted","1736":"summa","1737":"maarja","1738":"home","1739":"jajajajaja","1740":"ap","1741":"p\u00e4lvis","1742":"omanik","1743":"jud","1744":"vastus","1745":"music","1746":"\u00f5de","1747":"carl","1748":"\u00f5nnestus","1749":"halb","1750":"valimistel","1751":"\u00fchendriikide","1752":"that","1753":"kasu","1754":"p\u00f5hjus","1755":"aluseks","1756":"with","1757":"kuju","1758":"n\u00f5u","1759":"friends","1760":"aastase","1761":"reedel","1762":"inna","1763":"ametlikult","1764":"aaaa","1765":"kaa","1766":"v\u00f5tnud","1767":"episode","1768":"ehitus","1769":"peamine","1770":"saadaval","1771":"k\u00e4ia","1772":"friend","1773":"tekitab","1774":"update","1775":"projekt","1776":"tasu","1777":"tulemused","1778":"juhi","1779":"selgelt","1780":"mega","1781":"chala","1782":"kohus","1783":"perekond","1784":"karna","1785":"teistest","1786":"teistele","1787":"kam","1788":"m\u00e4\u00e4ral","1789":"igale","1790":"korraldab","1791":"viimati","1792":"if","1793":"pildi","1794":"tehnoloogia","1795":"tooteid","1796":"likes","1797":"tegutseb","1798":"muudab","1799":"piirkond","1800":"arvatavasti","1801":"parlamendi","1802":"aastaselt","1803":"esimeseks","1804":"boss","1805":"tera","1806":"ml","1807":"viru","1808":"milleks","1809":"roomas","1810":"laa","1811":"heli","1812":"etv","1813":"viie","1814":"oodata","1815":"maksab","1816":"laius","1817":"nimeks","1818":"keskkooli","1819":"richard","1820":"kai","1821":"korraldatud","1822":"linnaosa","1823":"err","1824":"jumala","1825":"viga","1826":"l\u00f5ppu","1827":"v\u00e4iksem","1828":"k\u00fcsimusele","1829":"kasutas","1830":"asutas","1831":"viimastel","1832":"wali","1833":"kal","1834":"police","1835":"olukorda","1836":"arvamus","1837":"kohas","1838":"party","1839":"n\u00f5mme","1840":"lasi","1841":"igas","1842":"sorry","1843":"aitavad","1844":"kasutamiseks","1845":"liiki","1846":"meeda","1847":"finaalis","1848":"kasvavad","1849":"juhtis","1850":"leo","1851":"s\u00f5ita","1852":"rajatud","1853":"j\u00e4relmaksu","1854":"isik","1855":"\u00f5ppima","1856":"plus","1857":"moodustati","1858":"pls","1859":"arvestades","1860":"kuum","1861":"v\u00e4rve","1862":"ledu","1863":"lase","1864":"ainuke","1865":"kerge","1866":"tegin","1867":"jaanuaris","1868":"matlab","1869":"karj\u00e4\u00e4ri","1870":"panga","1871":"sport","1872":"hinnad","1873":"n\u00e4itas","1874":"uma","1875":"kasuks","1876":"trump","1877":"j\u00e4ttis","1878":"tulid","1879":"juventus","1880":"v\u00e4hendada","1881":"paide","1882":"pariisi","1883":"hoolimata","1884":"aaaaaa","1885":"jaak","1886":"mt\u00fc","1887":"kohati","1888":"kahel","1889":"kood","1890":"hakkasid","1891":"tahavad","1892":"k\u00f5rgeim","1893":"vajadusel","1894":"neend","1895":"kellegi","1896":"loomade","1897":"hiljuti","1898":"mo","1899":"modi","1900":"mainitud","1901":"tasuda","1902":"au","1903":"peaksid","1904":"ausalt","1905":"kirjuta","1906":"ulatuses","1907":"\u00e4\u00e4rmiselt","1908":"itaalias","1909":"raees","1910":"tiitli","1911":"uueks","1912":"mingil","1913":"l\u00e4hevad","1914":"vc","1915":"erineva","1916":"erakonna","1917":"sellisel","1918":"os","1919":"pass","1920":"baar","1921":"mana","1922":"justkui","1923":"asuva","1924":"p\u00f5hjuseks","1925":"infoshoppa","1926":"artikkel","1927":"v\u00e4ljaspool","1928":"game","1929":"praegune","1930":"augustis","1931":"apple","1932":"reaalselt","1933":"\u00f5ppida","1934":"kaubagak\u00f5ik","1935":"kaasas","1936":"l\u00f5petanud","1937":"inglismaa","1938":"sarja","1939":"kraadi","1940":"muuhulgas","1941":"tulevikus","1942":"fake","1943":"keeruline","1944":"\u00fchendust","1945":"mujal","1946":"viib","1947":"mat","1948":"kalev","1949":"meeskonna","1950":"prantsusmaal","1951":"jm","1952":"hariduse","1953":"enim","1954":"s\u00f5ber","1955":"m\u00e4nginud","1956":"festival","1957":"r\u00e4\u00e4gitakse","1958":"suures","1959":"j\u00e4tkab","1960":"take","1961":"show","1962":"kirjas","1963":"perekonna","1964":"lipp","1965":"p\u00f5hiliselt","1966":"viisil","1967":"aati","1968":"m\u00f5nda","1969":"oleva","1970":"t\u00e4naval","1971":"moodustab","1972":"laeva","1973":"nk","1974":"single","1975":"keskuse","1976":"jata","1977":"k\u00fcmme","1978":"toidu","1979":"aegade","1980":"k\u00e4est","1981":"toodet","1982":"k\u00f5igest","1983":"miljardit","1984":"suudab","1985":"apa","1986":"neljas","1987":"v\u00e4ikesed","1988":"k\u00fcsimusi","1989":"juhtimisel","1990":"vida","1991":"kirjutada","1992":"ae","1993":"kogudus","1994":"um","1995":"uuring","1996":"vladimir","1997":"mitmete","1998":"ostis","1999":"tavaline","2000":"yes","2001":"kuulusid","2002":"saja","2003":"tootekood","2004":"jalatsidlapsed","2005":"rein","2006":"kasvu","2007":"remontraamat","2008":"suuremat","2009":"vaidya","2010":"l\u00e4he","2011":"tervislemmikloomadsport","2012":"her","2013":"lood","2014":"pikka","2015":"guys","2016":"k\u00e4ima","2017":"kuulutas","2018":"t\u00f5nu","2019":"sad","2020":"paas","2021":"juttu","2022":"your","2023":"ott","2024":"ettev\u00f5tete","2025":"sisustusaed","2026":"imikudm\u00e4nguasjad","2027":"pandi","2028":"motoehitus","2029":"\u00fclevaade","2030":"tean","2031":"aegauto","2032":"yeh","2033":"alistas","2034":"juhan","2035":"mark","2036":"hei","2037":"indrek","2038":"p\u00e4rineb","2039":"lk","2040":"esitas","2041":"kunstnik","2042":"aprillis","2043":"k\u00e4e","2044":"suurima","2045":"unna","2046":"wala","2047":"sattus","2048":"v\u00e4rske","2049":"grupp","2050":"aafrika","2051":"valminud","2052":"osaleda","2053":"hulga","2054":"karne","2055":"kaha","2056":"kasutama","2057":"isiku","2058":"gai","2059":"muude","2060":"soovitab","2061":"aadmi","2062":"madrid","2063":"v\u00f5etakse","2064":"tulemus","2065":"osaliselt","2066":"riikides","2067":"mb","2068":"v\u00e4gede","2069":"sakta","2070":"karo","2071":"organisatsiooni","2072":"nikal","2073":"seejuures","2074":"teksti","2075":"kindlaks","2076":"will","2077":"ammu","2078":"jis","2079":"pilte","2080":"tasemel","2081":"gol","2082":"inimesele","2083":"plaan","2084":"tl","2085":"juunis","2086":"vaimulik","2087":"ravi","2088":"teatri","2089":"laulja","2090":"feeling","2091":"rahvas","2092":"avas","2093":"tegelt","2094":"hiinas","2095":"n\u00f6","2096":"andma","2097":"kala","2098":"tudo","2099":"iss","2100":"pealkiri","2101":"lipu","2102":"asuv","2103":"n\u00e4e","2104":"t\u00fc\u00fcp","2105":"p\u00e4\u00e4ses","2106":"informatsiooni","2107":"maad","2108":"asjade","2109":"suletud","2110":"ainda","2111":"n\u00f5nda","2112":"jagada","2113":"vii","2114":"muuseumi","2115":"der","2116":"kirjanik","2117":"arst","2118":"lasta","2119":"raa","2120":"help","2121":"saates","2122":"perekonda","2123":"toodetud","2124":"hakanud","2125":"t\u00f6\u00f6tajate","2126":"\u00f5nneks","2127":"liikumine","2128":"kiirelt","2129":"org","2130":"n\u00f5uab","2131":"meedia","2132":"teenuse","2133":"meeskond","2134":"liikumise","2135":"elust","2136":"kivi","2137":"j\u00f5udsid","2138":"bisa","2139":"isso","2140":"arvutidilumaailm","2141":"pic","2142":"air","2143":"eduard","2144":"ladina","2145":"toetas","2146":"sisuliselt","2147":"ajakirja","2148":"poiss","2149":"kolis","2150":"th","2151":"l\u00e4tis","2152":"look","2153":"keelatud","2154":"moskvas","2155":"app","2156":"ba","2157":"videoelektroonika","2158":"talvel","2159":"k\u00f5igepealt","2160":"kab","2161":"ometi","2162":"muusikakogu","2163":"paistab","2164":"t\u00f6\u00f6l","2165":"omg","2166":"interneti","2167":"aam","2168":"nimetus","2169":"edukalt","2170":"kohli","2171":"hetk","2172":"news","2173":"eestit","2174":"\u00f5ppinud","2175":"agr","2176":"du","2177":"sari","2178":"suhe","2179":"follow","2180":"laiali","2181":"teisele","2182":"peter","2183":"ama","2184":"van","2185":"sale","2186":"kestab","2187":"aitas","2188":"mine","2189":"jayega","2190":"ilm","2191":"rhi","2192":"meistriv\u00f5istlustel","2193":"hinnangul","2194":"esimesena","2195":"m\u00f5nel","2196":"erinevates","2197":"maksma","2198":"star","2199":"alustada","2200":"poja","2201":"omandas","2202":"poliitika","2203":"vahet","2204":"baru","2205":"soov","2206":"olgu","2207":"some","2208":"n\u00e4idata","2209":"jan","2210":"got","2211":"kutsuti","2212":"undi","2213":"v\u00f5rdle","2214":"suutis","2215":"kataloogm\u00fc\u00fc","2216":"again","2217":"lubas","2218":"yo","2219":"kristjan","2220":"priit","2221":"toetuse","2222":"pero","2223":"rock","2224":"m\u00f5iste","2225":"charles","2226":"make","2227":"kat","2228":"hoiab","2229":"moel","2230":"appi","2231":"jalgpalli","2232":"eelmine","2233":"hindu","2234":"m\u00f5jutab","2235":"tiit","2236":"paraku","2237":"suurendada","2238":"sarnane","2239":"bilkul","2240":"kan","2241":"ara","2242":"usu","2243":"kia","2244":"laev","2245":"kis","2246":"raamatus","2247":"k\u00fcmne","2248":"asunud","2249":"haridus","2250":"elanud","2251":"loodan","2252":"l\u00e4hen","2253":"nd","2254":"filmis","2255":"j\u00f5hvi","2256":"vali","2257":"level","2258":"materjali","2259":"telefoni","2260":"esmalt","2261":"aktiivselt","2262":"kilomeetril","2263":"t\u00e4naseks","2264":"v\u00e4ed","2265":"kommentaari","2266":"mullu","2267":"pq","2268":"hit","2269":"gb","2270":"jutt","2271":"house","2272":"p\u00e4rnus","2273":"p\u00f5lva","2274":"m\u00f5tlesin","2275":"kuninganna","2276":"apna","2277":"esitamise","2278":"koondise","2279":"\u00fchendatud","2280":"nato","2281":"eelarve","2282":"v\u00f5ime","2283":"liikmeks","2284":"koer","2285":"laos","2286":"selgub","2287":"state","2288":"liha","2289":"mitmes","2290":"selgitas","2291":"kujunes","2292":"teele","2293":"siinshoppadiilabi","2294":"saksamaale","2295":"ese","2296":"pruugi","2297":"pannud","2298":"kuulutus","2299":"kindlalt","2300":"j\u00f5uda","2301":"beautiful","2302":"t\u00e4itsa","2303":"r\u00fchma","2304":"uuri","2305":"l\u00e4ksid","2306":"jajajajajaja","2307":"kinnitatud","2308":"vabaduse","2309":"kuldne","2310":"osad","2311":"s\u00fc\u00fcdi","2312":"meeldis","2313":"muid","2314":"\u00fchiskonna","2315":"suubub","2316":"kel","2317":"looduse","2318":"bgt","2319":"aapka","2320":"kahest","2321":"esimehe","2322":"saavutada","2323":"rajooni","2324":"adi","2325":"juhtus","2326":"hinnaga","2327":"sath","2328":"christian","2329":"eemale","2330":"toimusid","2331":"hollandi","2332":"esines","2333":"peame","2334":"tarkvara","2335":"postimehe","2336":"poliitilise","2337":"kaitseliidu","2338":"kkkkkkkkk","2339":"male","2340":"majanduse","2341":"norras","2342":"roheline","2343":"karta","2344":"god","2345":"minha","2346":"pakistan","2347":"teenuste","2348":"juulis","2349":"avaldanud","2350":"j\u00e4tkub","2351":"algust","2352":"korduvalt","2353":"olevad","2354":"kohalike","2355":"sinine","2356":"liideti","2357":"langenud","2358":"tuhat","2359":"hinna","2360":"alkoholi","2361":"kasutamist","2362":"meet","2363":"l\u00f5peb","2364":"mt","2365":"kuulunud","2366":"tohiks","2367":"ajakirjanik","2368":"heas","2369":"sunnitud","2370":"maksta","2371":"ehitada","2372":"n\u00e4gin","2373":"essa","2374":"pannakse","2375":"rubina","2376":"perioodil","2377":"saadetud","2378":"j\u00e4lgida","2379":"come","2380":"an","2381":"kkk","2382":"toetada","2383":"austraalia","2384":"johan","2385":"p\u00f5hineb","2386":"match","2387":"kliendi","2388":"eelk","2389":"printsess","2390":"liitus","2391":"harva","2392":"sis","2393":"hakka","2394":"kaldal","2395":"class","2396":"l\u00f5pul","2397":"araabia","2398":"road","2399":"margus","2400":"lubab","2401":"hotel","2402":"omal","2403":"vastanud","2404":"liigub","2405":"m\u00e4gi","2406":"paikneb","2407":"suhted","2408":"l\u00f5petada","2409":"algusest","2410":"ukse","2411":"sun","2412":"soovid","2413":"tulemuseks","2414":"delhi","2415":"teadmisi","2416":"name","2417":"suurep\u00e4rane","2418":"kani","2419":"aisa","2420":"lisada","2421":"liidus","2422":"puidust","2423":"uues","2424":"ametlik","2425":"well","2426":"ippudu","2427":"alustab","2428":"malli","2429":"george","2430":"positiivne","2431":"gue","2432":"m\u00f5tet","2433":"m\u00e4rkis","2434":"h\u00e4\u00e4l","2435":"insta","2436":"arenenud","2437":"illa","2438":"saath","2439":"seitse","2440":"andsid","2441":"inimestel","2442":"\u00fcht","2443":"valu","2444":"aage","2445":"eee","2446":"lahendus","2447":"j\u00e4tkuvalt","2448":"aayega","2449":"son","2450":"voolab","2451":"loomad","2452":"klassis","2453":"tagada","2454":"people","2455":"riigid","2456":"tunnustas","2457":"\u00fcksk\u00f5ik","2458":"abhi","2459":"k\u00e4esoleva","2460":"prints","2461":"ettepaneku","2462":"k\u00fcsib","2463":"tekivad","2464":"n\u00e4htud","2465":"linnast","2466":"aapke","2467":"maine","2468":"week","2469":"hote","2470":"arengu","2471":"seep\u00e4rast","2472":"she","2473":"sobivad","2474":"s\u00fcnnip\u00e4eva","2475":"autot","2476":"kanada","2477":"p\u00fchendatud","2478":"probleemi","2479":"tegemine","2480":"kallis","2481":"kapten","2482":"dj","2483":"tulemusi","2484":"arvata","2485":"kisses","2486":"lehed","2487":"aaaaa","2488":"sugukonda","2489":"deus","2490":"grupi","2491":"v\u00f5in","2492":"leping","2493":"alanud","2494":"pikkune","2495":"mnt","2496":"\u00f5petajate","2497":"t\u00f5nis","2498":"ansambel","2499":"tunnen","2500":"m\u00e4ngima","2501":"v\u00f5tavad","2502":"aana","2503":"dale","2504":"was","2505":"vt","2506":"mdea","2507":"kirjanduse","2508":"selliste","2509":"keskerakonna","2510":"song","2511":"\u00fcro","2512":"artikli","2513":"p\u00f5lvkonna","2514":"keskmise","2515":"\u00f5petajaks","2516":"pake","2517":"toetus","2518":"reede","2519":"enti","2520":"vastava","2521":"n\u00e3o","2522":"ekkuva","2523":"saidil","2524":"gente","2525":"k\u00e4isin","2526":"ps","2527":"thomas","2528":"koik","2529":"kampaania","2530":"sadama","2531":"astuda","2532":"koroona","2533":"v\u00f5imalused","2534":"ep","2535":"suve","2536":"tehnika","2537":"aus","2538":"kau","2539":"t\u00f6\u00f6tavad","2540":"tegutsenud","2541":"les","2542":"\u00f5igeusu","2543":"room","2544":"abielust","2545":"festivali","2546":"jana","2547":"soo","2548":"mingeid","2549":"m\u00e4lu","2550":"loobus","2551":"hui","2552":"erinev","2553":"suuruse","2554":"osaleb","2555":"lis","2556":"hy","2557":"ametist","2558":"sellesse","2559":"viimast","2560":"nimetada","2561":"oskab","2562":"novembris","2563":"talaga","2564":"kurb","2565":"vms","2566":"minuga","2567":"paljudes","2568":"p\u00fc\u00fcdis","2569":"oblastis","2570":"kutsuda","2571":"jane","2572":"loodus","2573":"kasutajad","2574":"abielu","2575":"m\u00e4ngija","2576":"paiku","2577":"v\u00e4\u00e4rtus","2578":"erinevat","2579":"madal","2580":"t\u00e4histab","2581":"n\u00f5udis","2582":"erik","2583":"nuvvu","2584":"probleemid","2585":"ak","2586":"kama","2587":"protsessi","2588":"saadi","2589":"kiiremini","2590":"pakuvad","2591":"wanna","2592":"stiilis","2593":"kuulata","2594":"kenapa","2595":"tead","2596":"tugeva","2597":"eurovisiooni","2598":"isamaa","2599":"vanaisa","2600":"silmad","2601":"h\u00f5lmab","2602":"juhtub","2603":"year","2604":"kanepi","2605":"pta","2606":"otseselt","2607":"kergesti","2608":"harilik","2609":"valdavalt","2610":"puhas","2611":"jaja","2612":"ver","2613":"vabalt","2614":"group","2615":"hall","2616":"vajalikud","2617":"pilti","2618":"organisatsioon","2619":"talk","2620":"sekundit","2621":"v\u00e4lismaal","2622":"l\u00e4\u00e4nes","2623":"tarvis","2624":"tunni","2625":"sei","2626":"win","2627":"surmani","2628":"youtube","2629":"kohapeal","2630":"kadri","2631":"ur","2632":"puud","2633":"tunduvalt","2634":"aasia","2635":"looma","2636":"tanel","2637":"endal","2638":"helilooja","2639":"helsingi","2640":"made","2641":"n\u00e4en","2642":"osaks","2643":"kalju","2644":"kalo","2645":"bahut","2646":"niimoodi","2647":"n\u00e4itus","2648":"puuduvad","2649":"teadlased","2650":"p\u00f5hjust","2651":"toodete","2652":"komisjon","2653":"naha","2654":"sild","2655":"non","2656":"una","2657":"und","2658":"sisaldavad","2659":"tulen","2660":"lahingus","2661":"soovitan","2662":"kaupa","2663":"arnold","2664":"liye","2665":"ade","2666":"instituut","2667":"mati","2668":"tootja","2669":"teose","2670":"keila","2671":"arvestada","2672":"also","2673":"r\u00e4\u00e4givad","2674":"\u00f6elnud","2675":"laenu","2676":"v\u00f5tsid","2677":"pildiga","2678":"belgia","2679":"list","2680":"lee","2681":"amma","2682":"\u00fclevaate","2683":"kiri","2684":"off","2685":"parimaks","2686":"king","2687":"otsas","2688":"omavalitsuse","2689":"meister","2690":"mitmel","2691":"kategooria","2692":"kategoorias","2693":"kanna","2694":"ser","2695":"edit","2696":"pesa","2697":"saarte","2698":"v\u00f5itsid","2699":"albumi","2700":"finaali","2701":"max","2702":"mihhail","2703":"metsas","2704":"sergei","2705":"pidid","2706":"jakob","2707":"naljakas","2708":"haiglas","2709":"kaamera","2710":"nao","2711":"tamil","2712":"onu","2713":"nimekirja","2714":"mudel","2715":"valgevene","2716":"t\u00f5eline","2717":"days","2718":"inim\u00f5iguste","2719":"kursis","2720":"sooja","2721":"tamm","2722":"k\u00f5rgema","2723":"venna","2724":"uuele","2725":"age","2726":"t\u00e4ielik","2727":"populaarne","2728":"jam","2729":"maailmas\u00f5da","2730":"muutis","2731":"magama","2732":"\u00e4rge","2733":"what","2734":"nada","2735":"londonis","2736":"hehe","2737":"t\u00f5siselt","2738":"p\u00f5hjamaade","2739":"plaanis","2740":"master","2741":"louis","2742":"keisririigi","2743":"n\u00e4gi","2744":"reply","2745":"kujunenud","2746":"aine","2747":"tagant","2748":"babu","2749":"n\u00e4itavad","2750":"liiget","2751":"tel","2752":"k\u00fcsida","2753":"ajaloos","2754":"saime","2755":"inimestega","2756":"right","2757":"dollarit","2758":"raamatuid","2759":"didi","2760":"ig","2761":"fb","2762":"valimiste","2763":"riigile","2764":"leader","2765":"tunneb","2766":"weekend","2767":"food","2768":"silmas","2769":"sarnased","2770":"mg","2771":"nehi","2772":"huvitatud","2773":"dan","2774":"may","2775":"esindajad","2776":"adhi","2777":"fan","2778":"p\u00e4ike","2779":"speed","2780":"programm","2781":"osutus","2782":"kaitses","2783":"pehme","2784":"kaljulaid","2785":"selts","2786":"turu","2787":"juhib","2788":"t\u00f6\u00f6tada","2789":"p\u00e4evad","2790":"hua","2791":"lasti","2792":"ajas","2793":"v\u00f5itja","2794":"karte","2795":"lisainfo","2796":"today","2797":"p\u00f5genes","2798":"\u00f6\u00f6","2799":"pakume","2800":"klient","2801":"tai","2802":"ajeeb","2803":"vaadates","2804":"kinnitab","2805":"veits","2806":"k\u00e4ivad","2807":"\u00fcldjuhul","2808":"date","2809":"olukorras","2810":"meenutab","2811":"story","2812":"meel","2813":"status","2814":"n\u00e4ita","2815":"m\u00e4rgitud","2816":"\u00f5petas","2817":"polegi","2818":"teater","2819":"s\u00f5jav\u00e4elane","2820":"daniel","2821":"set","2822":"\u00f5pilased","2823":"kaalub","2824":"mary","2825":"teooria","2826":"\u00e4rip\u00e4ev","2827":"co","2828":"t\u00f6\u00f6p\u00e4eval","2829":"wait","2830":"\u00f5nnestunud","2831":"protsess","2832":"k\u00e4si","2833":"pank","2834":"noon","2835":"vas","2836":"ansambli","2837":"\u00fchele","2838":"viitab","2839":"loob","2840":"jada","2841":"pidama","2842":"l\u00fc\u00fca","2843":"vasta","2844":"m\u00f5tlen","2845":"krahv","2846":"teos","2847":"aegajalt","2848":"avaleht","2849":"flirticee","2850":"mr","2851":"jasmin","2852":"toodi","2853":"m\u00f5nes","2854":"miski","2855":"here","2856":"international","2857":"kasv","2858":"kuri","2859":"k\u00fcsi","2860":"william","2861":"v\u00e4idetavalt","2862":"t\u00e4psemalt","2863":"namjoon","2864":"nda","2865":"aleksandr","2866":"t\u00fctre","2867":"siim","2868":"bon","2869":"maeti","2870":"ntr","2871":"berliini","2872":"jaanuarist","2873":"pakka","2874":"l\u00f5petamist","2875":"jaapanis","2876":"media","2877":"kolmest","2878":"n\u00e4ide","2879":"lauri","2880":"ajaga","2881":"soe","2882":"iphone","2883":"autode","2884":"aastap\u00e4eva","2885":"ehituse","2886":"oo","2887":"teaduste","2888":"dah","2889":"b\u00e4nd","2890":"s\u00e4ilitada","2891":"venemaale","2892":"toonud","2893":"hii","2894":"turul","2895":"uudis","2896":"punaarmee","2897":"hero","2898":"\u00fclem","2899":"m\u00f5lemal","2900":"\u00e4ri","2901":"h\u00e4id","2902":"aprillist","2903":"kasutanud","2904":"neenga","2905":"k\u00f5ne","2906":"krne","2907":"meelest","2908":"harry","2909":"now","2910":"otsusega","2911":"flora","2912":"teaser","2913":"internet","2914":"\u00fclesandeks","2915":"tb","2916":"paremaks","2917":"koguni","2918":"noori","2919":"jaanus","2920":"eel","2921":"muudeti","2922":"alevik","2923":"pidu","2924":"vahe","2925":"valis","2926":"p\u00f5hjas","2927":"s\u00e4testatud","2928":"l\u00e4bib","2929":"muuseum","2930":"kuulda","2931":"autoga","2932":"kuningaks","2933":"avastas","2934":"parandada","2935":"his","2936":"tingimustes","2937":"siirdus","2938":"londoni","2939":"kirjastus","2940":"s\u00f5jas","2941":"mulje","2942":"suvi","2943":"tutvuda","2944":"toimib","2945":"koera","2946":"anni","2947":"lastega","2948":"muutuvad","2949":"viimsi","2950":"maitse","2951":"league","2952":"asemele","2953":"risti","2954":"noore","2955":"vanim","2956":"chelsea","2957":"otsustab","2958":"jaani","2959":"tunnustatud","2960":"provintsi","2961":"esa","2962":"langeb","2963":"jungkook","2964":"banda","2965":"kehtestatud","2966":"suu","2967":"liverpool","2968":"agenda","2969":"muutmise","2970":"rajas","2971":"haige","2972":"street","2973":"ernst","2974":"final","2975":"eriala","2976":"dost","2977":"aab","2978":"kestis","2979":"kaitsta","2980":"kindla","2981":"rajada","2982":"vaikselt","2983":"aaja","2984":"send","2985":"power","2986":"noorem","2987":"teistes","2988":"naasis","2989":"m\u00fc\u00fcgile","2990":"moon","2991":"kaja","2992":"vaatama","2993":"t\u00e4nane","2994":"s\u00f5nas","2995":"kese","2996":"suureks","2997":"andrus","2998":"j\u00f5geva","2999":"n\u00e4dalavahetusel","3000":"henry","3001":"ambu","3002":"tund","3003":"algus","3004":"armas","3005":"lemmik","3006":"peetri","3007":"iga\u00fcks","3008":"case","3009":"linnavolikogu","3010":"joon","3011":"saaremaal","3012":"s\u00f5lmitud","3013":"k\u00e4ed","3014":"kloostri","3015":"korter","3016":"die","3017":"meistrite","3018":"kkkkkkkkkk","3019":"aluse","3020":"sakte","3021":"did","3022":"vanemate","3023":"chal","3024":"k\u00f5lab","3025":"kohalik","3026":"aaye","3027":"kok","3028":"favorite","3029":"arvab","3030":"linnuse","3031":"asula","3032":"ilves","3033":"k\u00f5rgusel","3034":"ed","3035":"fucking","3036":"ch","3037":"t\u00f5epoolest","3038":"still","3039":"jama","3040":"v\u00e4ravat","3041":"taime","3042":"n\u00e4ol","3043":"konkursi","3044":"little","3045":"turniiri","3046":"aadressil","3047":"noh","3048":"vastavad","3049":"hoo","3050":"mcm","3051":"hone","3052":"ordineeriti","3053":"instituudis","3054":"ev","3055":"valimised","3056":"hd","3057":"loetakse","3058":"range","3059":"k\u00f5va","3060":"kaotanud","3061":"como","3062":"kohtumine","3063":"toitu","3064":"m\u00e4ngud","3065":"olulised","3066":"t\u00e4nase","3067":"v\u00f5it","3068":"avaldati","3069":"ilmub","3070":"our","3071":"peas","3072":"tellida","3073":"keset","3074":"vangi","3075":"keelest","3076":"esta","3077":"k\u00e4isid","3078":"thanks","3079":"puudus","3080":"saaksid","3081":"\u00f5li","3082":"edward","3083":"okka","3084":"pk","3085":"\u00fchiskonnas","3086":"saades","3087":"l\u00e4heduses","3088":"kukkus","3089":"avalik","3090":"teadmata","3091":"k\u00fclm","3092":"t\u00f5useb","3093":"peres","3094":"normaalne","3095":"materjal","3096":"k\u00fcsimustele","3097":"maht","3098":"kuumakse","3099":"pak","3100":"vajavad","3101":"kuulnud","3102":"band","3103":"arvatakse","3104":"\u00fchendus","3105":"piiskopi","3106":"nba","3107":"oi","3108":"otep\u00e4\u00e4","3109":"kare","3110":"kultuur","3111":"korralikult","3112":"vees","3113":"hot","3114":"andrei","3115":"vanema","3116":"miljardi","3117":"sajandist","3118":"v\u00e4rava","3119":"p\u00f5hjustab","3120":"hinda","3121":"rha","3122":"tau","3123":"ik","3124":"never","3125":"inimesel","3126":"standard","3127":"light","3128":"teisiti","3129":"kogemus","3130":"kaitstud","3131":"kirjeldab","3132":"minute","3133":"endi","3134":"huhu","3135":"avalikult","3136":"minuti","3137":"photo","3138":"albert","3139":"paavstiks","3140":"teistel","3141":"teadus","3142":"hugo","3143":"sada","3144":"etapp","3145":"paika","3146":"kaheks","3147":"r\u00e4\u00e4kima","3148":"haigla","3149":"vere","3150":"pealinna","3151":"vajadus","3152":"komplekt","3153":"punktiga","3154":"katoliku","3155":"bill","3156":"omab","3157":"kahes","3158":"j\u00e4tkata","3159":"xi","3160":"plz","3161":"korraldada","3162":"haa","3163":"nyyd","3164":"\u00fcheksa","3165":"tasandil","3166":"kontrollida","3167":"loss","3168":"lugusid","3169":"jeet","3170":"sam","3171":"kallas","3172":"ettev\u00f5tted","3173":"tingimused","3174":"punase","3175":"edukas","3176":"j\u00f5ua","3177":"kitna","3178":"julgeoleku","3179":"ata","3180":"movies","3181":"s\u00f5idab","3182":"n\u00e4dalas","3183":"t\u00f6\u00f6s","3184":"sakti","3185":"kasuta","3186":"endas","3187":"vastupidi","3188":"ajada","3189":"gruusia","3190":"oodatud","3191":"praeguseks","3192":"turule","3193":"luba","3194":"meistriks","3195":"ideed","3196":"arsti","3197":"asusid","3198":"ostetud","3199":"areng","3200":"laval","3201":"toimetaja","3202":"g\u00fcmnaasiumis","3203":"kaal","3204":"kaadu","3205":"dekh","3206":"fast","3207":"armastus","3208":"koolitus","3209":"pagi","3210":"\u00fchingu","3211":"p\u00e4ikese","3212":"over","3213":"gregorius","3214":"kaart","3215":"toit","3216":"koroonaviiruse","3217":"p\u00e4he","3218":"xd","3219":"times","3220":"p\u00e4riselt","3221":"kujutab","3222":"t\u00f5si","3223":"arvamust","3224":"romaani","3225":"aj","3226":"linnapea","3227":"messi","3228":"k\u00f5rgem","3229":"check","3230":"tou","3231":"vorm","3232":"vormi","3233":"kanal","3234":"kohvi","3235":"\u00fcksteise","3236":"videos","3237":"ar","3238":"ninja","3239":"k\u00f5ikidele","3240":"raamatut","3241":"energiat","3242":"metal","3243":"intha","3244":"nem","3245":"serbia","3246":"hari","3247":"elukoht","3248":"anta","3249":"call","3250":"uurida","3251":"l\u00f5ppenud","3252":"hilisem","3253":"t\u00fcdruk","3254":"lapsele","3255":"p\u00f5hjusel","3256":"om","3257":"teate","3258":"kasulik","3259":"alexander","3260":"valitseja","3261":"alustati","3262":"\u00fchelt","3263":"mon","3264":"seisab","3265":"elanikud","3266":"muna","3267":"unte","3268":"jackson","3269":"etapil","3270":"komitee","3271":"lena","3272":"teeks","3273":"h\u00e4\u00e4lt","3274":"block","3275":"retweet","3276":"omniva","3277":"neiu","3278":"kulgeb","3279":"saku","3280":"sagedamini","3281":"hinge","3282":"kesklinna","3283":"omaette","3284":"mdp","3285":"record","3286":"ava","3287":"saadik","3288":"intervjuu","3289":"only","3290":"records","3291":"selgitab","3292":"tulu","3293":"mini","3294":"katrin","3295":"business","3296":"mure","3297":"plaani","3298":"stop","3299":"vastav","3300":"peatoimetaja","3301":"m\u00f6\u00f6bel","3302":"juhiks","3303":"\u00f5pilaste","3304":"paremad","3305":"liik","3306":"kalle","3307":"k\u00fclastas","3308":"kyu","3309":"jail","3310":"lugeja","3311":"red","3312":"loeb","3313":"antha","3314":"\u00f5igesti","3315":"juuksed","3316":"mugav","3317":"kohtumist","3318":"statistika","3319":"reeglina","3320":"v\u00f5\u00f5rsil","3321":"pojana","3322":"\u00fclesanne","3323":"birthday","3324":"lmao","3325":"t\u0161ehhi","3326":"lihtsam","3327":"0000ndatel","3328":"suuremaid","3329":"keeldus","3330":"pealinn","3331":"maar","3332":"point","3333":"leia","3334":"nigga","3335":"v\u00e4ikeste","3336":"samamoodi","3337":"kaunis","3338":"t\u00f6\u00f6taja","3339":"iska","3340":"kaugele","3341":"vallu","3342":"masjid","3343":"tegemiseks","3344":"kliima","3345":"riiklik","3346":"hama","3347":"ready","3348":"kose","3349":"palus","3350":"abiks","3351":"kosam","3352":"territooriumil","3353":"arutelu","3354":"millist","3355":"baltic","3356":"maale","3357":"sub","3358":"\u00f5igust","3359":"vadu","3360":"jaguneb","3361":"k\u00fcsis","3362":"usun","3363":"aai","3364":"kutsutakse","3365":"brasiilia","3366":"j\u00f5ud","3367":"teisip\u00e4eval","3368":"tiina","3369":"viies","3370":"hindi","3371":"teatris","3372":"m\u00f5istlik","3373":"have","3374":"mata","3375":"valitses","3376":"cute","3377":"sarjas","3378":"selgeks","3379":"l\u00f5unas","3380":"enn","3381":"banget","3382":"hooaeg","3383":"suudavad","3384":"saalis","3385":"kuue","3386":"v\u00f5rumaa","3387":"tell","3388":"nalja","3389":"jagu","3390":"cr","3391":"v\u00f5im","3392":"piirneb","3393":"v\u00f5iksid","3394":"tingitud","3395":"pirita","3396":"meehun","3397":"jaama","3398":"\u00fchine","3399":"niiv\u00f5rd","3400":"esinevad","3401":"mv","3402":"m\u00e4\u00e4rab","3403":"fi","3404":"arsenal","3405":"proovida","3406":"hope","3407":"kesklinnas","3408":"reisi","3409":"saadab","3410":"sobiv","3411":"kana","3412":"isikut","3413":"reformierakonna","3414":"leningradi","3415":"lavale","3416":"vaatan","3417":"grand","3418":"n\u00e4ed","3419":"l\u00f5pp","3420":"lahendada","3421":"has","3422":"kah","3423":"t\u00f5de","3424":"korralik","3425":"nonton","3426":"sex","3427":"endaga","3428":"ilu","3429":"liikme","3430":"kohtu","3431":"pikalt","3432":"ajab","3433":"valesti","3434":"ft","3435":"mano","3436":"mingid","3437":"hiljemalt","3438":"omale","3439":"mikk","3440":"nautida","3441":"tolle","3442":"tunnistas","3443":"valmistada","3444":"viibis","3445":"\u00fcleval","3446":"uski","3447":"ad","3448":"juhid","3449":"korraldas","3450":"eva","3451":"ix","3452":"marko","3453":"j\u00e4rgu","3454":"jaati","3455":"internetis","3456":"t\u00e4iskasvanud","3457":"arhiiv","3458":"kliendid","3459":"p\u00e4rnumaa","3460":"namma","3461":"raamatute","3462":"kersti","3463":"ain","3464":"tartumaa","3465":"j\u00f5udu","3466":"des","3467":"data","3468":"m\u00f5istis","3469":"omadused","3470":"bjp","3471":"aivar","3472":"looduses","3473":"shit","3474":"bs","3475":"t\u00e4ita","3476":"versiooni","3477":"meeldi","3478":"kaup","3479":"kb","3480":"vaatasin","3481":"tulema","3482":"pooled","3483":"baasil","3484":"selgitada","3485":"s\u00f5ltuvalt","3486":"lisandus","3487":"bc","3488":"s\u00f5nad","3489":"praktiliselt","3490":"leht","3491":"jati","3492":"otsida","3493":"rada","3494":"variant","3495":"taavi","3496":"magnus","3497":"sattunud","3498":"t\u00fc","3499":"m\u00e4e","3500":"trumpi","3501":"cool","3502":"ghar","3503":"vormis","3504":"kogenud","3505":"videot","3506":"minutes","3507":"kami","3508":"ootamatult","3509":"raul","3510":"n\u00e4gu","3511":"benedictus","3512":"mar","3513":"ooo","3514":"christmas","3515":"kohalikud","3516":"pakkumised","3517":"tekitas","3518":"estonian","3519":"presidendiks","3520":"meiega","3521":"bus","3522":"kopeeri","3523":"teemad","3524":"osakaal","3525":"aktiivne","3526":"vanad","3527":"aadress","3528":"maaf","3529":"asukoht","3530":"tallinnast","3531":"j\u00e4tab","3532":"tuleviku","3533":"versioon","3534":"valged","3535":"balik","3536":"say","3537":"lehel","3538":"pikad","3539":"samaaegselt","3540":"regulaarselt","3541":"neljap\u00e4eval","3542":"neljanda","3543":"tujhe","3544":"p\u00fc\u00fcab","3545":"aset\u00e4itja","3546":"york","3547":"tol","3548":"muudetud","3549":"kali","3550":"v\u00e4\u00e4rt","3551":"nundi","3552":"rendu","3553":"esinenud","3554":"autorid","3555":"face","3556":"p\u00f6\u00f6rduda","3557":"omavalitsuste","3558":"hendrik","3559":"t\u00f5mmata","3560":"raamatud","3561":"v\u00e4ltel","3562":"edgar","3563":"meeskonda","3564":"asalu","3565":"sarnaselt","3566":"septembrist","3567":"ol\u00fcmpiam\u00e4ngudel","3568":"vapp","3569":"mal","3570":"s\u00f5nu","3571":"aaya","3572":"kellelegi","3573":"aayegi","3574":"kuulutati","3575":"kauem","3576":"eesotsas","3577":"rida","3578":"ligikaudu","3579":"kaitsev\u00e4e","3580":"poliitiline","3581":"naal","3582":"tulemusel","3583":"kilomeetri","3584":"very","3585":"barcelona","3586":"piiril","3587":"pc","3588":"eestile","3589":"hertsog","3590":"vanade","3591":"kilomeetrit","3592":"tulemuse","3593":"ajalehe","3594":"punkt","3595":"kaitseb","3596":"avatakse","3597":"sea","3598":"uuel","3599":"k\u00fclma","3600":"tootmise","3601":"kodust","3602":"tugevalt","3603":"twitteris","3604":"v\u00e4hendab","3605":"l\u00f5petab","3606":"keskkonna","3607":"hinnata","3608":"inimestest","3609":"arengut","3610":"pildil","3611":"eelnevalt","3612":"ametis","3613":"loomise","3614":"l\u00e4\u00e4nemaa","3615":"laaa","3616":"tollal","3617":"saadakse","3618":"peatreener","3619":"nice","3620":"series","3621":"eas","3622":"idas","3623":"sega","3624":"juhitud","3625":"poolas","3626":"seeria","3627":"valdkonna","3628":"uksed","3629":"p\u00e4evaleht","3630":"\u00fclo","3631":"laulud","3632":"ants","3633":"sinuga","3634":"kolmap\u00e4eval","3635":"m\u00e4rks\u00f5nad","3636":"nya","3637":"sweet","3638":"filme","3639":"pakkumine","3640":"marie","3641":"rahvast","3642":"leidsid","3643":"teavet","3644":"\u00e4\u00e4rde","3645":"t\u00f6\u00f6tajad","3646":"porra","3647":"k\u00f5ikjal","3648":"\u00e4sja","3649":"ideaalne","3650":"virumaa","3651":"hermann","3652":"v\u00e4lisminister","3653":"ila","3654":"kvartalis","3655":"tervis","3656":"normal","3657":"suhete","3658":"matemaatika","3659":"phone","3660":"klubis","3661":"naku","3662":"facebook","3663":"esineda","3664":"m\u00fc\u00fcs","3665":"maailmameistriv\u00f5istlustel","3666":"tipp","3667":"j\u00f5uavad","3668":"vahemikus","3669":"chesi","3670":"aktsia","3671":"kujutatud","3672":"meeku","3673":"laine","3674":"\u00f5htu","3675":"muudatused","3676":"b\u00f6rs","3677":"v\u00f5inud","3678":"ootan","3679":"nimekiri","3680":"pikkuse","3681":"petrol","3682":"halvasti","3683":"koostatud","3684":"viimaste","3685":"este","3686":"desh","3687":"kerja","3688":"k\u00fcllaltki","3689":"ulatub","3690":"kro","3691":"juhtudel","3692":"sven","3693":"viii","3694":"s\u00fcda","3695":"m\u00f5isteti","3696":"lava","3697":"tabas","3698":"pakkus","3699":"v\u00f5ttes","3700":"nalla","3701":"minust","3702":"kontsert","3703":"led","3704":"loomine","3705":"tellimust","3706":"ms","3707":"bola","3708":"l\u00fchikese","3709":"turvalise","3710":"koguaeg","3711":"tas","3712":"v\u00f5ita","3713":"m\u00f5tle","3714":"jimin","3715":"muutused","3716":"haiglasse","3717":"temperatuur","3718":"tahtnud","3719":"r\u00f5\u00f5mu","3720":"club","3721":"p\u00f5nev","3722":"\u00fctle","3723":"tehes","3724":"j\u00e4\u00e4ma","3725":"rahvusvahelisel","3726":"toda","3727":"baap","3728":"portugali","3729":"kihelkonna","3730":"jk","3731":"eestlane","3732":"karega","3733":"t\u00f5usnud","3734":"korteri","3735":"eemal","3736":"kutsutud","3737":"nafta","3738":"mustam\u00e4e","3739":"ou","3740":"kim","3741":"aastad","3742":"haiguste","3743":"krna","3744":"suurbritannias","3745":"uuest","3746":"open","3747":"ameti","3748":"kass","3749":"hiiumaa","3750":"k\u00f5vasti","3751":"parimat","3752":"liigi","3753":"l\u00fchike","3754":"publiku","3755":"kalau","3756":"nikki","3757":"tellimuse","3758":"torn","3759":"pihta","3760":"fraktsiooni","3761":"oluliseks","3762":"beta","3763":"jalad","3764":"s\u00fcgavus","3765":"saade","3766":"loonud","3767":"dei","3768":"asuda","3769":"koh","3770":"maari","3771":"tase","3772":"j\u00e4rgnes","3773":"boy","3774":"vahest","3775":"n\u00e4ituse","3776":"karti","3777":"k\u00fcsimused","3778":"dua","3779":"united","3780":"oligi","3781":"neis","3782":"ludwig","3783":"puri","3784":"gaya","3785":"m\u00e4\u00e4rata","3786":"isiklikult","3787":"ensv","3788":"ajakiri","3789":"soovis","3790":"\u00fchise","3791":"vahetult","3792":"korea","3793":"against","3794":"l\u00f5unaosas","3795":"s\u00f5itnud","3796":"tulenevalt","3797":"poes","3798":"ootame","3799":"\u00f5hku","3800":"\u00fclendati","3801":"era","3802":"\u00fchendada","3803":"olulist","3804":"luik","3805":"soovivad","3806":"done","3807":"tundma","3808":"ookeani","3809":"preemia","3810":"vahendusel","3811":"\u00fchendriikides","3812":"ootavad","3813":"\u00fchenduse","3814":"omad","3815":"allikas","3816":"struktuuri","3817":"minuto","3818":"kahi","3819":"t\u00e4histatakse","3820":"sm","3821":"registrikood","3822":"riias","3823":"vera","3824":"v\u00f5itu","3825":"avalduse","3826":"windows","3827":"koordinaadid","3828":"blood","3829":"v\u00e4idab","3830":"kestnud","3831":"pariisis","3832":"sim","3833":"automaatselt","3834":"arendada","3835":"andreas","3836":"tegelema","3837":"kollane","3838":"arvavad","3839":"kergelt","3840":"tartusse","3841":"kohad","3842":"aaaaaaaa","3843":"pi","3844":"viljandis","3845":"tapa","3846":"arhitekt","3847":"samad","3848":"hon","3849":"neeku","3850":"p\u00f5him\u00f5tteliselt","3851":"varustatud","3852":"tadi","3853":"v\u00f5rdleveel","3854":"m\u00f5\u00f5dud","3855":"yaaa","3856":"asjaolu","3857":"viktor","3858":"luck","3859":"aas","3860":"tuntakse","3861":"lagta","3862":"vanaema","3863":"kuula","3864":"osariigis","3865":"perioodi","3866":"poega","3867":"girls","3868":"etten\u00e4htud","3869":"tonni","3870":"gaa","3871":"avab","3872":"m\u00f5nus","3873":"k\u00f5igist","3874":"paremat","3875":"linna\u00f5igused","3876":"liikuda","3877":"teemat","3878":"tiibeti","3879":"\u00f5nnelik","3880":"v\u00f5tan","3881":"pataljoni","3882":"true","3883":"kaugel","3884":"kohast","3885":"loom","3886":"ohtlik","3887":"saari","3888":"das","3889":"sleep","3890":"mobile","3891":"konstantin","3892":"aapne","3893":"s\u00f5lmis","3894":"julge","3895":"jd","3896":"singel","3897":"tarmo","3898":"santa","3899":"meelis","3900":"t\u00e4hem\u00e4rgilt","3901":"t\u00e4henda","3902":"halduskeskus","3903":"vabariik","3904":"suuresti","3905":"akkada","3906":"lennujaam","3907":"lehte","3908":"puude","3909":"l\u00e4bim\u00f5\u00f5t","3910":"tootmine","3911":"erineb","3912":"eposti","3913":"riigikogus","3914":"che","3915":"p\u00e4rinevad","3916":"l\u00f5ikes","3917":"katariina","3918":"naisi","3919":"demokraatia","3920":"juurest","3921":"paljudele","3922":"kiss","3923":"dete","3924":"\u00fcritus","3925":"j\u00e4tnud","3926":"liikumist","3927":"v\u00e4henenud","3928":"algusega","3929":"keisri","3930":"peamiseks","3931":"acha","3932":"k\u00fclla","3933":"beli","3934":"tahes","3935":"haigus","3936":"dna","3937":"kuulu","3938":"b\u00fcroo","3939":"teenuseid","3940":"teisest","3941":"telefon","3942":"english","3943":"v\u00f5imule","3944":"liigas","3945":"nunca","3946":"v\u00f5ite","3947":"inglismaal","3948":"can","3949":"vallutasid","3950":"hotelli","3951":"jb","3952":"piiskopkonna","3953":"seemned","3954":"valdkonnas","3955":"tiktok","3956":"maetud","3957":"milliseid","3958":"tuhandeid","3959":"lossi","3960":"m\u00f5tlema","3961":"jaanuari","3962":"taimede","3963":"haiguse","3964":"otsima","3965":"nga","3966":"\u00f5petajad","3967":"todo","3968":"dollari","3969":"elektri","3970":"tubli","3971":"kaardi","3972":"ringis","3973":"laule","3974":"arvas","3975":"rae","3976":"hakkan","3977":"panni","3978":"uske","3979":"tappa","3980":"juhtida","3981":"sammu","3982":"v\u00e4itis","3983":"ruumis","3984":"soovime","3985":"better","3986":"sin","3987":"huvides","3988":"hold","3989":"hing","3990":"tegeles","3991":"niii","3992":"okupatsiooni","3993":"jald","3994":"kw","3995":"rudolf","3996":"peapiiskop","3997":"vaga","3998":"aane","3999":"ameen","4000":"0d","4001":"k\u00f5igis","4002":"winner","4003":"madala","4004":"great","4005":"paras","4006":"j\u00e4rjekorras","4007":"viisid","4008":"someone","4009":"\u0161veitsi","4010":"koduhoovkodumasinadriided","4011":"ettev\u00f5tja","4012":"uuris","4013":"l\u00f5plikult","4014":"hukka","4015":"uuringu","4016":"vormistades","4017":"vanakreeka","4018":"maleva","4019":"kriisi","4020":"part","4021":"palka","4022":"kulub","4023":"erilist","4024":"challenge","4025":"filosoofia","4026":"aprilli","4027":"lord","4028":"meistriv\u00f5istlused","4029":"mk","4030":"uurib","4031":"klassikaline","4032":"esitatada","4033":"original","4034":"\u00f5ues","4035":"v\u00f5imeline","4036":"esitati","4037":"osalesid","4038":"olulise","4039":"vahetada","4040":"liikide","4041":"maailmast","4042":"maailmas\u00f5jas","4043":"suguv\u00f5sa","4044":"tegeleda","4045":"jyada","4046":"tegelik","4047":"m\u00fc\u00fcdi","4048":"laura","4049":"teemadel","4050":"had","4051":"t\u00e4pne","4052":"esitab","4053":"rohelised","4054":"kohustus","4055":"vahendab","4056":"juua","4057":"pooja","4058":"hakkasin","4059":"kalkulaatorsissemakse","4060":"stiili","4061":"osakond","4062":"suurusega","4063":"stress","4064":"leiad","4065":"kokkuv\u00f5ttes","4066":"saadetakse","4067":"hr","4068":"stuudios","4069":"tundus","4070":"s\u00f5jav\u00e4e","4071":"kuul","4072":"lund","4073":"arvad","4074":"ndatel","4075":"islandi","4076":"paise","4077":"dont","4078":"klass","4079":"taim","4080":"sbb","4081":"makseperiood","4082":"seadusega","4083":"ainete","4084":"krta","4085":"meestele","4086":"lahendusi","4087":"always","4088":"ex","4089":"k\u00fclastajate","4090":"gud","4091":"seade","4092":"aleksei","4093":"viidud","4094":"valiku","4095":"klientidele","4096":"taastada","4097":"loll","4098":"viimaseks","4099":"muito","4100":"jagatakse","4101":"millegi","4102":"tahtis","4103":"usse","4104":"\u00fcmbruses","4105":"baby","4106":"netflix","4107":"kandidaadiks","4108":"joseph","4109":"keelde","4110":"valda","4111":"geograafilised","4112":"kuningriigi","4113":"iru","4114":"videod","4115":"organismi","4116":"moodustatud","4117":"valitsuses","4118":"hispaanias","4119":"eesk\u00e4tt","4120":"tulemuste","4121":"job","4122":"wifi","4123":"j\u00e4tkus","4124":"moodustas","4125":"muusik","4126":"evaru","4127":"noortele","4128":"p\u00f5hikooli","4129":"taste","4130":"toetavad","4131":"kaitseks","4132":"kindral","4133":"peaministri","4134":"lavastaja","4135":"plaadi","4136":"kalevi","4137":"sakala","4138":"mootori","4139":"juulist","4140":"isikliku","4141":"vallavolikogu","4142":"\u00f5hu","4143":"m\u00e4nge","4144":"hakatakse","4145":"segu","4146":"erinevatel","4147":"alad","4148":"transport","4149":"berliinis","4150":"v\u00f5istlus","4151":"m\u00fc\u00fcdud","4152":"v\u00f5imsus","4153":"p\u00e4evaga","4154":"disaini","4155":"joe","4156":"years","4157":"kanti","4158":"esindatud","4159":"panin","4160":"jajajajajajaja","4161":"mmil","4162":"austraalias","4163":"v\u00e4rv","4164":"seatud","4165":"semua","4166":"rindu","4167":"konkursil","4168":"ajalooline","4169":"estoy","4170":"ako","4171":"maist","4172":"g\u00fcmnaasium","4173":"otsuseid","4174":"t\u00e4idab","4175":"jee","4176":"ring","4177":"kanadas","4178":"kesk","4179":"esiteks","4180":"clemens","4181":"\u00fcletab","4182":"juhtunud","4183":"oskus","4184":"linnud","4185":"naseeb","4186":"k\u00e4ttesaamisel","4187":"pius","4188":"papa","4189":"\u00fchendab","4190":"linnavalitsus","4191":"its","4192":"linnavalitsuse","4193":"t\u00f6\u00f6andja","4194":"poolfinaali","4195":"nina","4196":"m\u00e4rtsi","4197":"gurinchi","4198":"vaade","4199":"t\u00f6id","4200":"kunst","4201":"teaduse","4202":"lahkuda","4203":"mehhiko","4204":"nemad","4205":"roosa","4206":"tan","4207":"kursuse","4208":"kommentaare","4209":"rail","4210":"million","4211":"raivo","4212":"t\u00f6\u00f6de","4213":"emi","4214":"dmitri","4215":"revolutsiooni","4216":"lehe","4217":"tuba","4218":"mootor","4219":"jannat","4220":"tuhande","4221":"erakond","4222":"plaanib","4223":"klientide","4224":"vennad","4225":"anton","4226":"perekonnas","4227":"uurimise","4228":"ks","4229":"meist","4230":"valguse","4231":"much","4232":"suurenenud","4233":"rahulikult","4234":"n\u00e4idanud","4235":"vanuses","4236":"sarnast","4237":"voorus","4238":"kameh","4239":"ram","4240":"anu","4241":"t\u00e4idetud","4242":"viiakse","4243":"maksud","4244":"teatab","4245":"jaane","4246":"madam","4247":"\u00fcheskoos","4248":"kandma","4249":"n\u00e4eme","4250":"eat","4251":"positsiooni","4252":"osalema","4253":"panuse","4254":"iisraeli","4255":"high","4256":"blogi","4257":"arvo","4258":"teavad","4259":"m\u00e4rksa","4260":"kardinal","4261":"olukorra","4262":"mehi","4263":"lapsena","4264":"gooooooool","4265":"kadu","4266":"niisama","4267":"aed","4268":"peamised","4269":"kirjeldatud","4270":"crush","4271":"r\u00e4\u00e4gime","4272":"linnade","4273":"teadmised","4274":"nahk","4275":"m\u00fc\u00fcgil","4276":"tom","4277":"aastasena","4278":"kad","4279":"jalgpallikoondise","4280":"l\u00f5ike","4281":"\u00fcldine","4282":"keskkoolis","4283":"kinnistu","4284":"suurimad","4285":"\u00f5pib","4286":"lasnam\u00e4e","4287":"iseenesest","4288":"esimeheks","4289":"uska","4290":"t\u00e4nak","4291":"metallist","4292":"read","4293":"faida","4294":"vou","4295":"kirjutama","4296":"version","4297":"v\u00e4heneb","4298":"rekord","4299":"investorid","4300":"oblasti","4301":"pun","4302":"kujuga","4303":"\u00fcksinda","4304":"poliitikud","4305":"ndate","4306":"\u00f5igused","4307":"legend","4308":"palume","4309":"lama","4310":"sihtasutus","4311":"samm","4312":"fondi","4313":"panid","4314":"julius","4315":"tekst","4316":"sos","4317":"hard","4318":"panema","4319":"elizabeth","4320":"juhendaja","4321":"nimed","4322":"naist","4323":"veetis","4324":"christoph","4325":"k\u00e4itumine","4326":"l\u00e4\u00e4nemere","4327":"veenendaal","4328":"juhtimise","4329":"vaane","4330":"kolmandat","4331":"kino","4332":"jean","4333":"olime","4334":"kantud","4335":"unga","4336":"hoje","4337":"kodulehel","4338":"lennujaama","4339":"kogemusi","4340":"troll","4341":"talent","4342":"kiirus","4343":"tekitada","4344":"anal\u00fc\u00fcs","4345":"ea","4346":"temale","4347":"ukrainas","4348":"lagu","4349":"peatselt","4350":"kongressi","4351":"osariigi","4352":"isse","4353":"luuletaja","4354":"maksimaalne","4355":"parlament","4356":"saabunud","4357":"vallavalitsus","4358":"arengukava","4359":"arust","4360":"m\u00b2","4361":"ist","4362":"euroga","4363":"tuleneb","4364":"xii","4365":"about","4366":"ohtu","4367":"toas","4368":"mim","4369":"imagine","4370":"kuti","4371":"linnad","4372":"arvamuse","4373":"west","4374":"arvesse","4375":"tegemise","4376":"j\u00e4llegi","4377":"esmasp\u00e4eval","4378":"v\u00f5idakse","4379":"\u00e4ge","4380":"m\u00f5jutavad","4381":"iirimaa","4382":"padega","4383":"hooldus","4384":"poolfinaalis","4385":"suka","4386":"kavatseb","4387":"scene","4388":"deti","4389":"aju","4390":"deep","4391":"kutt","4392":"alus","4393":"janta","4394":"vahetus","4395":"seina","4396":"iraani","4397":"muudatusi","4398":"tuntuks","4399":"engineer","4400":"share","4401":"soovin","4402":"panen","4403":"l\u00e4bim\u00f5\u00f5duga","4404":"maksa","4405":"paljudel","4406":"aime","4407":"late","4408":"ronaldo","4409":"gak","4410":"kristiina","4411":"hahahaha","4412":"tutvustab","4413":"\u00fctlevad","4414":"tasemele","4415":"lag","4416":"trending","4417":"cd","4418":"v\u00f5istluse","4419":"trenni","4420":"pai","4421":"treener","4422":"n\u00fc\u00fcdseks","4423":"laialt","4424":"vajadust","4425":"peterburis","4426":"panevad","4427":"\u00fclema","4428":"vaa","4429":"olevate","4430":"s\u00fcdame","4431":"lause","4432":"adolf","4433":"kutse","4434":"elle","4435":"kasvatada","4436":"vos","4437":"karika","4438":"paki","4439":"seevastu","4440":"provintsis","4441":"eetris","4442":"vb","4443":"ettev\u00f5tjad","4444":"koma","4445":"konkreetse","4446":"sektori","4447":"tervisele","4448":"heaolu","4449":"met","4450":"funktsiooni","4451":"r\u00f5\u00f5m","4452":"s\u00f5itma","4453":"r\u00e4\u00e4gi","4454":"m\u00f5tteid","4455":"nanti","4456":"chalega","4457":"moodustasid","4458":"college","4459":"tihedalt","4460":"valgus","4461":"students","4462":"sissemakse","4463":"baltisaksa","4464":"armastan","4465":"tunned","4466":"linnus","4467":"ideid","4468":"000stokker","4469":"flop","4470":"enga","4471":"tt\u00fc","4472":"rohit","4473":"fuck","4474":"j\u00e4\u00e4des","4475":"t\u00e4iendavaid","4476":"vast","4477":"gua","4478":"jaate","4479":"marju","4480":"major","4481":"otsused","4482":"piirkonda","4483":"v\u00e4ikest","4484":"\u00f5ppej\u00f5ud","4485":"verga","4486":"liikmeid","4487":"mimi","4488":"t\u00e4ieliku","4489":"maksepuhkus","4490":"kohtades","4491":"p\u00f5ltsamaa","4492":"muhammad","4493":"kamu","4494":"tellimisel","4495":"aaaaaaa","4496":"piirangud","4497":"uudistegaliitueposti","4498":"argentina","4499":"oskar","4500":"viivad","4501":"madalam","4502":"uuringud","4503":"kaasaegse","4504":"amet","4505":"dar","4506":"model","4507":"t\u00e4itmise","4508":"ean","4509":"keskkonnas","4510":"huvipakkuvate","4511":"vajaliku","4512":"irukku","4513":"absoluutselt","4514":"lepas","4515":"aare","4516":"hindab","4517":"lene","4518":"avada","4519":"waise","4520":"ate","4521":"kinnitati","4522":"s\u00f5ltumata","4523":"skta","4524":"asuvas","4525":"sadam","4526":"muul","4527":"romaan","4528":"kuusalu","4529":"saamise","4530":"seaduste","4531":"uks","4532":"jala","4533":"koolides","4534":"tekkida","4535":"ots","4536":"eemaldada","4537":"ol","4538":"ey","4539":"veega","4540":"veini","4541":"s\u00f5num","4542":"arvasin","4543":"kate","4544":"m\u00fc\u00fcja","4545":"juudi","4546":"jagab","4547":"veekogu","4548":"most","4549":"v\u00f5imatu","4550":"t\u00f5id","4551":"kolmel","4552":"struktuur","4553":"vallavalitsuse","4554":"kommunistliku","4555":"komplekti","4556":"dp","4557":"katse","4558":"soch","4559":"poliitikas","4560":"muutusi","4561":"kihelkond","4562":"account","4563":"donald","4564":"aate","4565":"drama","4566":"kombel","4567":"jagatud","4568":"v\u00e4rvid","4569":"kujuta","4570":"p\u00e4evane","4571":"karu","4572":"avi","4573":"seisneb","4574":"l\u00e4hed","4575":"k\u00fcljest","4576":"preisimaa","4577":"poodi","4578":"niiet","4579":"liivimaal","4580":"hinnatud","4581":"hun","4582":"ilmselgelt","4583":"page","4584":"mihaaru","4585":"lugema","4586":"motor","4587":"soovitud","4588":"siberi","4589":"avastati","4590":"igati","4591":"galat","4592":"tuu","4593":"eristada","4594":"uudiskirjagaja","4595":"lga","4596":"m\u00f5elnud","4597":"mets","4598":"gadu","4599":"once","4600":"grande","4601":"facebooki","4602":"l\u00f5plik","4603":"twitteri","4604":"protsendi","4605":"family","4606":"artiklis","4607":"ruum","4608":"lasteaed","4609":"tahtsin","4610":"p\u00f6\u00f6rata","4611":"s\u00f5jalise","4612":"f\u00fc\u00fcsika","4613":"korteri\u00fchistu","4614":"ostukorvi","4615":"koda","4616":"spetsiaalselt","4617":"m\u00f5nev\u00f5rra","4618":"tutvustas","4619":"\u00f5iguste","4620":"korralduse","4621":"valmistatakse","4622":"kellelgi","4623":"sadu","4624":"lets","4625":"pakutakse","4626":"kirjeldas","4627":"viinud","4628":"jaaye","4629":"valimisi","4630":"saale","4631":"punda","4632":"j\u00e4rgnevalt","4633":"\u00fcrituse","4634":"pikem","4635":"kt","4636":"tervikuna","4637":"gaasi","4638":"\u00f5ied","4639":"korrusel","4640":"paks","4641":"kitne","4642":"know","4643":"j\u00f5uti","4644":"waste","4645":"seat","4646":"k\u00e4ive","4647":"esimeste","4648":"aala","4649":"mohabbat","4650":"iseloomustab","4651":"iseloomulik","4652":"vaimu","4653":"tarbeks","4654":"corona","4655":"football","4656":"kavas","4657":"paha","4658":"already","4659":"daal","4660":"dream","4661":"esimesest","4662":"huvid","4663":"rahvaste","4664":"kasutuses","4665":"pronksmedali","4666":"voy","4667":"d\u00fcnastia","4668":"haiget","4669":"septembri","4670":"senise","4671":"tulemas","4672":"dulu","4673":"hoy","4674":"l\u00f6\u00f6nud","4675":"juhtima","4676":"kolmandal","4677":"toovad","4678":"kak","4679":"aladel","4680":"hotellis","4681":"kunagine","4682":"p\u00fcksid","4683":"mare","4684":"sehat","4685":"vabaduss\u00f5jas","4686":"kasv\u00f5i","4687":"total","4688":"isikute","4689":"p\u00e4rines","4690":"meme","4691":"l\u00e4htudes","4692":"hooned","4693":"laiemalt","4694":"m\u00e4rgatavalt","4695":"ajaloolane","4696":"l\u00e4htuvalt","4697":"congress","4698":"mean","4699":"bina","4700":"olegi","4701":"meeles","4702":"otsust","4703":"enese","4704":"n\u00e4evad","4705":"l\u00f5vi","4706":"iiri","4707":"kusagil","4708":"hey","4709":"madre","4710":"kii","4711":"postitus","4712":"ekraani","4713":"dance","4714":"keskkonda","4715":"t\u00e4hele","4716":"teame","4717":"abiga","4718":"liikuma","4719":"parimaid","4720":"hoones","4721":"poolsaare","4722":"koheselt","4723":"auhind","4724":"roju","4725":"imelik","4726":"v\u00e4ljastamisekskullerteenus","4727":"engineering","4728":"t\u00fchjaks","4729":"vihma","4730":"place","4731":"algavad","4732":"nlkp","4733":"eeldab","4734":"sem","4735":"artur","4736":"usko","4737":"plaanid","4738":"fail","4739":"apki","4740":"kvaliteedi","4741":"pasti","4742":"osade","4743":"n\u00e4o","4744":"p\u00e4evasee","4745":"komme","4746":"p\u00f5hjaosas","4747":"plaat","4748":"masuk","4749":"jitna","4750":"sekret\u00e4r","4751":"repeat","4752":"aseesimees","4753":"manchester","4754":"hindamine","4755":"aao","4756":"k\u00f5rgemal","4757":"malem","4758":"paiknevad","4759":"kohtumise","4760":"feliz","4761":"auks","4762":"augusti","4763":"v\u00f5tame","4764":"kaob","4765":"elanikest","4766":"seeder","4767":"kodulehe","4768":"tarneinfoselle","4769":"nendes","4770":"p\u00e4rsia","4771":"j\u00fcrgen","4772":"teated","4773":"kodumasinadkodu","4774":"une","4775":"bodu","4776":"peep","4777":"austrias","4778":"autori","4779":"kuule","4780":"viitsi","4781":"v\u00f5imalikud","4782":"lastel","4783":"v\u00f5imas","4784":"leidsin","4785":"l\u00e4\u00e4nemaal","4786":"eesm\u00e4rgiga","4787":"j\u00e4rva","4788":"erinevus","4789":"talve","4790":"juunist","4791":"niisiis","4792":"p\u00f5hjalikult","4793":"korraldamine","4794":"turg","4795":"omaniku","4796":"alevikus","4797":"osanud","4798":"neeme","4799":"buat","4800":"t\u00e4nasest","4801":"\u00f5pilane","4802":"hello","4803":"riided","4804":"koolide","4805":"stiil","4806":"deta","4807":"ostlemise","4808":"vastust","4809":"vahva","4810":"p\u00f6\u00f6rdus","4811":"k\u00e4sitsi","4812":"l\u00fchend","4813":"\u00f5hutemperatuur","4814":"iseenda","4815":"torni","4816":"title","4817":"meeleolu","4818":"m\u00e4rk","4819":"rekordi","4820":"ivan","4821":"m\u00f5tted","4822":"sitt","4823":"m\u00f5lema","4824":"k\u00fcsimuse","4825":"dena","4826":"probleemide","4827":"rebane","4828":"daa","4829":"sii","4830":"liiguvad","4831":"rb","4832":"lgta","4833":"sobi","4834":"tidur","4835":"nama","4836":"jagah","4837":"l\u00f5pu","4838":"pal","4839":"vasakul","4840":"simple","4841":"sekka","4842":"raskem","4843":"kommentaarid","4844":"\u00fclemn\u00f5ukogu","4845":"lisab","4846":"piletid","4847":"kokkuleppele","4848":"keskosas","4849":"yorgis","4850":"hotell","4851":"kuiv\u00f5rd","4852":"teosed","4853":"\u00fching","4854":"p\u00f5hjustatud","4855":"p\u00e4\u00e4sta","4856":"p\u00fcsti","4857":"paremal","4858":"speaks","4859":"ajakirjanduses","4860":"omast","4861":"piret","4862":"kuusk","4863":"olukorrast","4864":"edetabelis","4865":"esimesi","4866":"l\u00f5hna","4867":"loa","4868":"v\u00e4rvus","4869":"j\u00e4etud","4870":"rahvusvaheliste","4871":"tundnud","4872":"tegutseda","4873":"minnes","4874":"villa","4875":"s\u00f5bra","4876":"keelte","4877":"loobuda","4878":"ban","4879":"vanemuise","4880":"t\u00f5usta","4881":"tglt","4882":"self","4883":"moodi","4884":"lahkub","4885":"tunde","4886":"v\u00f5rrelda","4887":"aag","4888":"ajaloost","4889":"pargi","4890":"allpool","4891":"postkontorisse","4892":"bu","4893":"kasutasid","4894":"ninna","4895":"eppudu","4896":"t\u00f5stis","4897":"cup","4898":"ferdinand","4899":"lindude","4900":"stuudio","4901":"smartpost","4902":"k\u00f5rgemale","4903":"ami","4904":"door","4905":"hooaega","4906":"pagal","4907":"bank","4908":"aq","4909":"aadu","4910":"lind","4911":"vaatab","4912":"garantii","4913":"betul","4914":"ostes","4915":"paragrahvi","4916":"madis","4917":"t\u00fcri","4918":"m\u00f5jub","4919":"hp","4920":"ainu\u00fcksi","4921":"riiklikus","4922":"umeed","4923":"\u00f6eldakse","4924":"t\u00f5eliselt","4925":"\u00fctlen","4926":"s\u00fcndmuste","4927":"otsustada","4928":"pidasid","4929":"tamme","4930":"eristatakse","4931":"hulgast","4932":"objekti","4933":"oleneb","4934":"propaganda","4935":"muusikakooli","4936":"sk","4937":"punased","4938":"anime","4939":"eelistab","4940":"erinevatest","4941":"artikleid","4942":"artist","4943":"elvis","4944":"liat","4945":"who","4946":"sy","4947":"p\u00f5hiline","4948":"jayegi","4949":"reis","4950":"valmistamiseks","4951":"periood","4952":"kolmandaks","4953":"uurinud","4954":"lausus","4955":"t\u00e4nap\u00e4evani","4956":"theatre","4957":"delete","4958":"esi","4959":"ajad","4960":"teenida","4961":"v\u00e4iksema","4962":"saami","4963":"ollakse","4964":"buss","4965":"premium","4966":"bussi","4967":"tuju","4968":"\u00fclemaks","4969":"klassikalise","4970":"voldemar","4971":"kolmandas","4972":"bole","4973":"tulevik","4974":"vabaks","4975":"uku","4976":"juulini","4977":"rahvusliku","4978":"lahkunud","4979":"l\u00e4hedalt","4980":"s\u00f6\u00f6ma","4981":"pihkva","4982":"varaku","4983":"suurimaks","4984":"toma","4985":"paik","4986":"disain","4987":"kasutajate","4988":"mudeli","4989":"arendamise","4990":"n\u00e4htus","4991":"mubarak","4992":"kohila","4993":"haldus\u00fcksus","4994":"kohti","4995":"otsustasid","4996":"kraavi","4997":"vahendeid","4998":"protest","4999":"m\u00e4ngivad"}}