{"fin":{"0":" ja ","1":"<num","2":"num>","3":"ssa ","4":" <nu","5":"aan ","6":"sta ","7":" on ","8":"um> ","9":"lla ","10":"nen ","11":"sen ","12":"een ","13":"ista","14":"inen","15":"iin ","16":"lle ","17":"ksi ","18":"vat ","19":"\u00e4\u00e4n ","20":"den ","21":"ll\u00e4 ","22":"st\u00e4 ","23":"utta","24":"ten ","25":"ss\u00e4 ","26":"tta ","27":"taa ","28":"sti ","29":"llis","30":" oli","31":"kin ","32":"isen","33":"asta","34":" vuo","35":"tt\u00e4 ","36":"ett\u00e4","37":"assa","38":"issa","39":" ei ","40":"ukse","41":"taan","42":"alli","43":" ett","44":" toi","45":"lais","46":"it\u00e4 ","47":" suo","48":"ien ","49":"iste","50":"oli ","51":" voi","52":" ole","53":" vai","54":"essa","55":" val","56":"alla","57":"ises","58":"aise","59":" kun","60":"ksen","61":"ille","62":"sest","63":"set ","64":" kan","65":"usta","66":" my\u00f6","67":"ist\u00e4","68":"ella","69":"sia ","70":"maan","71":"t\u00e4\u00e4 ","72":"tiin","73":"illa","74":"oitt","75":"iden","76":"tava","77":"mist","78":"esta","79":" h\u00e4n","80":"sin ","81":"itta","82":" tul","83":"ita ","84":"kaan","85":"tett","86":" saa","87":"h\u00e4n ","88":" p\u00e4\u00e4","89":"vast","90":"toim","91":"seen","92":"tti ","93":"aika","94":" tai","95":"itte","96":" per","97":"nyt ","98":"oimi","99":" nii","100":"suom","101":"aine","102":"mise","103":" jos","104":"ttaa","105":" mut","106":"aist","107":"aisi","108":"my\u00f6s","109":" maa","110":" k\u00e4y","111":"alai","112":"staa","113":" tar","114":" se ","115":" muu","116":"y\u00f6s ","117":"sten","118":"esti","119":" kau","120":" jok","121":"tuks","122":" pal","123":"lise","124":"nut ","125":" kui","126":"aikk","127":" sii","128":"ana ","129":"ttel","130":"isi ","131":" lis","132":"ossa","133":"mutt","134":" kes","135":"olla","136":"osta","137":"man ","138":"itt\u00e4","139":"t\u00e4m\u00e4","140":"list","141":"elle","142":"lta ","143":" oll","144":"kun ","145":" hyv","146":"eet ","147":"teen","148":"k\u00e4yt","149":"v\u00e4t ","150":"itse","151":"lis\u00e4","152":"taja","153":"ikka","154":" tie","155":"kans","156":"nkin","157":" yht","158":"isuu","159":" kai","160":" tuo","161":"otta","162":" mit","163":"ina ","164":"istu","165":"ain ","166":"uude","167":"ivat","168":"enki","169":"etti","170":"kais","171":" mie","172":" vii","173":" aik","174":"eksi","175":"ttii","176":"t\u00e4\u00e4n","177":"sell","178":" lii","179":"iset","180":"siin","181":"kirj","182":" var","183":"nsa ","184":" kir","185":"\u00e4ytt","186":"aali","187":"nna ","188":" sit","189":"ill\u00e4","190":"ansa","191":"jen ","192":"asti","193":" esi","194":" vas","195":"ovat","196":" suu","197":"isto","198":"muut","199":"puol","200":" pit","201":"tila","202":"joka","203":"niin","204":" par","205":"kesk","206":"est\u00e4","207":"rin ","208":"uksi","209":"tied","210":" hal","211":"lisi","212":"tai ","213":"joit","214":" l\u00e4h","215":"ytt\u00e4","216":"ttu ","217":" eri","218":" ker","219":"alta","220":"uome","221":"ess\u00e4","222":"ell\u00e4","223":" kuu","224":"itti","225":"dell","226":"sill","227":" sek","228":" ova","229":"iksi","230":" ty\u00f6","231":" kok","232":" vie","233":"uonn","234":"oist","235":"t\u00e4v\u00e4","236":"ilma","237":"iss\u00e4","238":"sitt","239":"oin ","240":"yksi","241":"stel","242":"etta","243":"teis","244":"mine","245":"oja ","246":"kaik","247":"oulu","248":"eist","249":"van ","250":"ttav","251":"kaa ","252":"iten","253":"tois","254":" jot","255":"uden","256":"oka ","257":"telu","258":" osa","259":" sen","260":"muka","261":"alle","262":" ilm","263":"kuva","264":"llin","265":"kka ","266":"kaup","267":"onna","268":"sess","269":"p\u00e4iv","270":"aksi","271":"iitt","272":"ikki","273":" pel","274":"ole ","275":"tama","276":" muk","277":"min ","278":"tiet","279":"lut ","280":"vaik","281":"elli","282":"inta","283":" vaa","284":"enne","285":"liit","286":"jan ","287":"valt","288":"anta","289":" huo","290":"isti","291":"ussa","292":"kuin","293":"asia","294":"nin ","295":"yhte","296":"uutt","297":"tin ","298":"ohta","299":" t\u00e4m","300":"hin ","301":"isia","302":"vuon","303":"iedo","304":"tais","305":"oitu","306":"uste","307":"aina","308":"nta ","309":"koko","310":"m\u00e4n ","311":"ian ","312":"nan ","313":"uuri","314":" tek","315":" kor","316":"uin ","317":"ensi","318":"tus ","319":" teh","320":"amis","321":"ettu","322":"han ","323":"lain","324":"ulla","325":" tun","326":"mme ","327":" san","328":"uun ","329":" min","330":"olli","331":"kunn","332":"\u00e4ss\u00e4","333":"leen","334":"tami","335":"\u00e4ll\u00e4","336":"ihin","337":" kii","338":"tt\u00e4\u00e4","339":"hall","340":"ton ","341":"rist","342":"line","343":"merk","344":"atta","345":"lin ","346":" sam","347":"ntaa","348":"0000","349":"mall","350":" asi","351":" men","352":" hel","353":"eli ","354":"hyv\u00e4","355":" ain","356":"nist","357":"oon ","358":" jou","359":" alk","360":"isin","361":"ykse","362":"jos ","363":"seur","364":"men ","365":"olis","366":"vall","367":"eura","368":" pai","369":"len ","370":"uuta","371":"\u00e4iv\u00e4","372":"ajan","373":" ens","374":"ttam","375":"oita","376":"eill","377":"peru","378":" luo","379":" nyt","380":"oike","381":"eell","382":"ojen","383":"kki ","384":"unta","385":"kses","386":"kkaa","387":"kana","388":" sil","389":"voit","390":" seu","391":"tyks","392":"miel","393":" j\u00e4l","394":"uosi","395":"edot","396":" its","397":"aja ","398":"anss","399":"omen","400":"voi ","401":"amaa","402":" mui","403":"stet","404":"isee","405":" yhd","406":"itus","407":" ver","408":"aisu","409":"v\u00e4li","410":"imin","411":" mon","412":"\u00e4m\u00e4 ","413":"llut","414":"avat","415":"iv\u00e4t","416":"itet","417":"erus","418":"dist","419":"dot ","420":"yll\u00e4","421":" kyl","422":" kat","423":"iikk","424":" puo","425":"kkkk","426":" mik","427":" p\u00e4i","428":"tele","429":" joh","430":"ns\u00e4 ","431":" tap","432":"tenk","433":"eita","434":"lan ","435":"paik","436":"keen","437":"kiin","438":" yks","439":"uoma","440":"sek\u00e4","441":"kert","442":"tapa","443":"teri","444":" sel","445":"><nu","446":"liik","447":"um><","448":"m><n","449":"lman","450":"suur","451":"mit\u00e4","452":"leva","453":"ek\u00e4 ","454":"kset","455":"vuod","456":"matt","457":"rust","458":" alu","459":" kos","460":" ihm","461":"uode","462":"kunt","463":"koul","464":"nnet","465":"nais","466":"tule","467":"tain","468":"uole","469":" koh","470":"is\u00e4t","471":"simm","472":"mass","473":"kosk","474":"sama","475":"uott","476":"ikan","477":"joht","478":" lai","479":"emmi","480":" nim","481":"tust","482":"\u00e4ise","483":"h\u00e4ne","484":"llee","485":"\u00e4st\u00e4","486":"tuu ","487":" hei","488":"ukaa","489":"unni","490":"seks","491":"nnan","492":"koht","493":"uist","494":" jo ","495":"unna","496":" aja","497":" yli","498":"lt\u00e4 ","499":" kul","500":" mar","501":"talo","502":"aati","503":" sai","504":"rjoi","505":"atti","506":" van","507":"imm\u00e4","508":"kuul","509":"erki","510":"sist","511":"ksia","512":"tuot","513":"htei","514":"ilai","515":"si\u00e4 ","516":"anna","517":"erin","518":"pit\u00e4","519":"neet","520":"nssa","521":" tal","522":" puh","523":"vain","524":"irja","525":"elma","526":"j\u00e4lk","527":"\u00e4tie","528":"in\u00e4 ","529":" v\u00e4l","530":"oise","531":" oik","532":"mmin","533":"akin","534":" sis","535":" til","536":"mala","537":"dess","538":"asto","539":" oma","540":"ava ","541":"tt\u00e4v","542":"stus","543":"auks","544":"inna","545":"yrit","546":"\u00e4rje","547":"s\u00e4ti","548":"tark","549":"suun","550":"atka","551":" kuv","552":"lee ","553":"alue","554":"k\u00e4\u00e4n","555":" mat","556":"iit\u00e4","557":"utki","558":"uta ","559":"vaa ","560":"aken","561":"upun","562":"rjes","563":"ttaj","564":"j\u00e4rj","565":"aupu","566":"ihan","567":"um>0","568":"nett","569":"jest","570":" tut","571":"rake","572":"arvi","573":"ihmi","574":"sano","575":"isel","576":"aava","577":"it\u00e4\u00e4","578":" n\u00e4i","579":"alis","580":"\u00e4in ","581":"maa ","582":"tunn","583":"etaa","584":"lisu","585":"skus","586":"ena ","587":" rak","588":"okse","589":"rity","590":"m>00","591":" lop","592":"p\u00e4\u00e4t","593":"ment","594":"eide","595":" jul","596":"alve","597":" poi","598":"tell","599":" tur","600":" kas","601":"mais","602":" keh","603":"aatt","604":"ein ","605":" har","606":"anne","607":" eli","608":"mast","609":"eri ","610":"kan ","611":" joi","612":"vin ","613":"ituk","614":"saan","615":"tt\u00e4m","616":"ttei","617":" el\u00e4","618":"itys","619":"elin","620":"otte","621":"ntti","622":"lkee","623":"aaaa","624":"\u00e4lke","625":" iha","626":"mm\u00e4i","627":"ksee","628":"omal","629":" mer","630":" yle","631":"000 ","632":" kol","633":"tutk","634":"tua ","635":"ajat","636":"nost","637":"maal","638":"iele","639":"laan","640":" kie","641":"esku","642":"ollu","643":"m\u00e4\u00e4r","644":"stan","645":"tori","646":"inno","647":"htee","648":"et\u00e4\u00e4","649":"aste","650":"oiss","651":"oisi","652":"oill","653":"mene","654":"hyvi","655":"kent","656":"vaih","657":"uoli","658":" v\u00e4h","659":"vuot","660":"into","661":"valm","662":"nsim","663":"p\u00e4\u00e4s","664":"sit\u00e4","665":">000","666":"oden","667":"teli","668":" en ","669":"uus ","670":"ikko","671":"ion ","672":"vaan","673":"akka","674":"hmis","675":"anut","676":"kasv","677":"isty","678":"neen","679":" t\u00e4s","680":"suud","681":"vali","682":" arv","683":"ritt","684":"astu","685":"sis\u00e4","686":"siss","687":"lun ","688":"m\u00e4\u00e4n","689":"kenn","690":" ede","691":"lvel","692":"irjo","693":" vir","694":"nnit","695":"este","696":" use","697":" pol","698":"last","699":"kuit","700":"mat ","701":"l\u00e4he","702":"julk","703":"ikaa","704":"palv","705":"pien","706":"olle","707":"tia ","708":"llit","709":"telm","710":"tui ","711":"saa ","712":"ik\u00e4 ","713":" hen","714":"pist","715":" jon","716":"utus","717":" pro","718":"uttu","719":"ehit","720":"olii","721":"tuli","722":"uusi","723":" yri","724":"kuut","725":" enn","726":"arjo","727":"isii","728":"voim","729":"ttee","730":"esim","731":"ilta","732":"uten","733":"saat","734":" j\u00e4r","735":"uite","736":" kou","737":"vuos","738":"\u00e4h\u00e4n","739":"etty","740":"itel","741":" mah","742":"iel\u00e4","743":" tav","744":"itty","745":"tyy ","746":"nnis","747":"oksi","748":"\u00e4m\u00e4n","749":" kys","750":"kiel","751":"jois","752":"asi ","753":"alka","754":" ter","755":" mai","756":"lait","757":"kehi","758":"kyll","759":"n\u00e4yt","760":"isis","761":"tten","762":"viel","763":"autt","764":"uunn","765":" lap","766":"omaa","767":"toa ","768":"eise","769":"suus","770":"almi","771":"ari ","772":"ota ","773":" mei","774":" sin","775":"ata ","776":"stam","777":"ieto","778":"oska","779":"nka ","780":"ustu","781":"inki","782":" pie","783":" las","784":"eja ","785":"ikke","786":"yst\u00e4","787":"poli","788":"muks","789":"mia ","790":"ran ","791":"arja","792":"aiku","793":"uomi","794":"el\u00e4 ","795":" sij","796":" uud","797":"eess","798":"doll","799":"arin","800":" kar","801":"erit","802":"kann","803":"k\u00e4si","804":"uja ","805":"kust","806":" t\u00e4y","807":"inti","808":"teet","809":"koit","810":"dest","811":"tunt","812":"\u00e4nen","813":" kot","814":"ster","815":"lloi","816":"lmis","817":"t\u00e4mi","818":"enti","819":"jat ","820":"elt\u00e4","821":" tak","822":" ant","823":"aval","824":"arvo","825":"ulut","826":"\u00e4isi","827":"jouk","828":"ston","829":"oima","830":"ens\u00e4","831":"yvin","832":" luk","833":"opis","834":"peli","835":"tien","836":"ohje","837":"henk","838":"mite","839":"ikoi","840":"\u00e4ksi","841":" kuo","842":"noin","843":"rkki","844":"teht","845":"aude","846":" ott","847":"mmat","848":"enta","849":"jonk","850":" asu","851":"tyi ","852":"kall","853":"leis","854":"illi","855":"uri ","856":"ika ","857":"llaa","858":"ailm","859":" poh","860":"velu","861":"entt","862":"peri","863":"ityk","864":"ette","865":"nne ","866":"maai","867":"avan","868":"mill","869":"aail","870":"pohj","871":"kko ","872":"ttom","873":"udes","874":"amin","875":"kolm","876":"pela","877":"aihe","878":" kut","879":"kast","880":"olen","881":"oide","882":"hdis","883":"vanh","884":"ailu","885":"huom","886":"usko","887":"inte","888":" t\u00e4n","889":"luee","890":" tod","891":"\u00e4\u00e4r\u00e4","892":"viim","893":"joss","894":"palj","895":"erta","896":"sija","897":"aino","898":"hoit","899":"tka ","900":" kon","901":"eiss","902":"ska ","903":"eni ","904":"iime","905":"sto ","906":"euro","907":"uraa","908":"nnen","909":"halu","910":" mus","911":" n\u00e4y","912":"atte","913":" aut","914":"v\u00e4n ","915":" mil","916":" noi","917":"nnus","918":"tulo","919":"erra","920":"nkil","921":" ohj","922":"aast","923":"unne","924":"ytt\u00f6","925":"erto","926":"tees","927":" met","928":"matk","929":"uvat","930":"ngin","931":"unut","932":"staj","933":" kak","934":"miss","935":"tty ","936":"ahdo","937":"uute","938":"\u00e4ine","939":"alit","940":"hdol","941":"jotk","942":"mahd","943":"usei","944":"otka","945":" uus","946":" ase","947":"ksel","948":"itto","949":"tumi","950":"kats","951":" lau","952":"ente","953":"moni","954":"oine","955":"maks","956":"aaja","957":" jat","958":"siit","959":"ohja","960":"amma","961":" l\u00f6y","962":" k\u00e4s","963":"muis","964":"kuus","965":"tion","966":"nimi","967":"olem","968":"minu","969":"jatk","970":"\u00e4\u00e4ll","971":"ikut","972":"soit","973":" laa","974":"nime","975":"imer","976":"ksis","977":"mitt","978":"esit","979":" n\u00e4k","980":"uulu","981":"t\u00e4ll","982":"el\u00e4m","983":"umis","984":"v\u00e4\u00e4 ","985":"nnat","986":"olev","987":"kaud","988":"lema","989":"tse ","990":"iito","991":"ijoi","992":"imis","993":"ntee","994":"st\u00e4\u00e4","995":"ieli","996":"s\u00e4\u00e4n","997":"l\u00e4ht","998":"aiva","999":"sala","1000":"vist","1001":"alan","1002":" eur","1003":"hti ","1004":"sall","1005":" hie","1006":"viik","1007":"m\u00e4is","1008":"tise","1009":"opet","1010":"oite","1011":"alin","1012":"empi","1013":"kein","1014":"gin ","1015":"luvu","1016":"auto","1017":"erkk","1018":"vara","1019":"taka","1020":"kea ","1021":"hden","1022":"oukk","1023":"koti","1024":"usi ","1025":" ruo","1026":"pala","1027":"\u00e4n\u00e4 ","1028":" nuo","1029":"tarv","1030":"tari","1031":"loku","1032":"t\u00e4n\u00e4","1033":"litu","1034":" kal","1035":" t\u00e4l","1036":"isek","1037":"mess","1038":"imit","1039":"iivi","1040":"uori","1041":"tys ","1042":"laps","1043":"toin","1044":"teki","1045":"\u00e4tt\u00e4","1046":"toja","1047":"arkk","1048":" syy","1049":"via ","1050":" syn","1051":"arko","1052":" tot","1053":"nnos","1054":"llai","1055":"loin","1056":"autu","1057":"elta","1058":"aljo","1059":"aami","1060":"aksa","1061":"oint","1062":"urin","1063":"liva","1064":"iisi","1065":" j\u00e4\u00e4","1066":"rill","1067":"avoi","1068":"kerr","1069":"ilan","1070":"kaks","1071":"ennu","1072":"yv\u00e4 ","1073":"sime","1074":"stav","1075":"ikeu","1076":"main","1077":"onka","1078":"skel","1079":"attu","1080":"atio","1081":"elsi","1082":" onn","1083":"udel","1084":"oko ","1085":"alko","1086":"isi\u00e4","1087":"ist\u00f6","1088":"l\u00e4m\u00e4","1089":"alti","1090":"osti","1091":"utti","1092":"stee","1093":"iike","1094":"osto","1095":"eski","1096":"t\u00e4is","1097":" nyk","1098":"uli ","1099":"elmi","1100":"mint","1101":"kist","1102":"sopi","1103":"is\u00e4l","1104":"tanu","1105":"mik\u00e4","1106":"menn","1107":"ria ","1108":"toma","1109":" juu","1110":" muo","1111":"mest","1112":"n\u00e4\u00e4n","1113":" mak","1114":" ene","1115":"\u00e4lle","1116":"isil","1117":"lkai","1118":"\u00e4yte","1119":" eik","1120":" her","1121":"eit\u00e4","1122":"kois","1123":"rast","1124":"onta","1125":" ne ","1126":" ala","1127":" nai","1128":"hitt","1129":"ukku","1130":"kia ","1131":"avaa","1132":"aita","1133":"iaan","1134":"nyky","1135":"aama","1136":"laaj","1137":"aman","1138":"lust","1139":"stin","1140":"iint","1141":" kil","1142":"teta","1143":"tode","1144":"kala","1145":"\u00e4m\u00e4\u00e4","1146":"ukka","1147":"sarj","1148":" m\u00e4\u00e4","1149":"lsin","1150":"inaa","1151":" pys","1152":"enem","1153":"kon ","1154":"eikk","1155":"tyis","1156":"ulka","1157":"edel","1158":"hels","1159":"nest","1160":"logi","1161":"ljon","1162":"ytet","1163":" sal","1164":"ikea","1165":"sena","1166":"\u00e4mis","1167":"jaa ","1168":"ent\u00e4","1169":"jon ","1170":"teke","1171":" ran","1172":"ikin","1173":"oste","1174":"avas","1175":"itaa","1176":" kah","1177":"elok","1178":"terv","1179":"ulee","1180":" han","1181":"iken","1182":"akun","1183":"mmen","1184":"esty","1185":"pitk","1186":"san ","1187":"eens","1188":"pari","1189":"atto","1190":"net ","1191":"aus ","1192":"oida","1193":"ttis","1194":"kil\u00f6","1195":"huol","1196":"alou","1197":"tuva","1198":"rkoi","1199":"kone","1200":"aari","1201":"erik","1202":"ani ","1203":"annu","1204":" usk","1205":"ensa","1206":"isku","1207":"nuor","1208":"tan ","1209":" taa","1210":"tunu","1211":"ttua","1212":"linn","1213":"lint","1214":"lija","1215":"akaa","1216":"ahtu","1217":"pois","1218":" pak","1219":"osit","1220":" kom","1221":"hemm","1222":"amal","1223":"erve","1224":"pain","1225":"aloi","1226":" ete","1227":"teit","1228":"mpi ","1229":"luss","1230":"ttan","1231":"oman","1232":"ostu","1233":"loit","1234":" tas","1235":"yhde","1236":"lmas","1237":" por","1238":"ttuu","1239":"skun","1240":"kes\u00e4","1241":"ulle","1242":"uuss","1243":"eisi","1244":"din ","1245":"ittu","1246":"emm\u00e4","1247":" lin","1248":"aiht","1249":"nall","1250":"sien","1251":"t\u00e4j\u00e4","1252":"siaa","1253":"puhe","1254":"synt","1255":"sink","1256":"aust","1257":"mieh","1258":"emaa","1259":"um>l","1260":"ivis","1261":"oliv","1262":"htaj","1263":"nkaa","1264":"ama ","1265":"eiv\u00e4","1266":"oppi","1267":"ntei","1268":"pung","1269":"non ","1270":"varm","1271":" elo","1272":"tyst","1273":"arha","1274":"appa","1275":"mies","1276":"\u00e4rke","1277":"ssaa","1278":"oria","1279":"eest","1280":"koke","1281":"vien","1282":"siir","1283":"okuv","1284":"hen ","1285":"tist","1286":"daan","1287":"oihi","1288":"hank","1289":"elen","1290":"tiiv","1291":"lma ","1292":"kuun","1293":"t\u00e4ss","1294":"kkai","1295":"is\u00e4\u00e4","1296":"anni","1297":"imen","1298":"atso","1299":"itos","1300":"kaut","1301":"vill","1302":"ylei","1303":"nnal","1304":"n\u00e4in","1305":" rii","1306":"\u00e4v\u00e4 ","1307":"omes","1308":"ungi","1309":"lill","1310":"vitt","1311":"eril","1312":"jota","1313":"euvo","1314":"apah","1315":"ityi","1316":"onne","1317":"iinn","1318":"inis","1319":"joll","1320":" s\u00e4\u00e4","1321":"usti","1322":"paht","1323":"imaa","1324":"neuv","1325":"aat ","1326":"star","1327":"kilp","1328":"luku","1329":"ynyt","1330":"lask","1331":"m>lu","1332":"ulko","1333":"osin","1334":"osia","1335":"itk\u00e4","1336":"stuu","1337":"ento","1338":" lev","1339":"ttai","1340":"elm\u00e4","1341":"jall","1342":"ija ","1343":"lkoi","1344":"teel","1345":"tos ","1346":"uolu","1347":"tavi","1348":"rkit","1349":"para","1350":"lopp","1351":"kork","1352":"isem","1353":"ante","1354":"sina","1355":"nko ","1356":"\u00e4\u00e4ri","1357":" ope","1358":"arma","1359":"naan","1360":"stuk","1361":"suor","1362":" ulk","1363":"pail","1364":" sat","1365":"is\u00e4k","1366":"sein","1367":"sema","1368":"elis","1369":"kiks","1370":"imi ","1371":"\u00e4ist","1372":" n ","1373":"ahde","1374":"vapa","1375":"inni","1376":"elee","1377":"selv","1378":"lent","1379":"litt","1380":" sop","1381":"oppu","1382":" sie","1383":"tet\u00e4","1384":" opi","1385":"sivu","1386":"kitt","1387":"orke","1388":"lutu","1389":"ulta","1390":"d\u00e4n ","1391":"jelm","1392":" ven","1393":">luv","1394":"ty\u00f6n","1395":"taji","1396":"sent","1397":"voin","1398":"anti","1399":"kkee","1400":"vaat","1401":"hjel","1402":"evan","1403":"nite","1404":"kute","1405":"tarj","1406":"must","1407":"jaks","1408":" omi","1409":"tuma","1410":"kell","1411":"utuk","1412":"en\u00e4 ","1413":" kaa","1414":"tkim","1415":"nell","1416":"nnon","1417":"asem","1418":"toon","1419":"etel","1420":"aito","1421":" onk","1422":"ilpa","1423":"tehd","1424":"elij","1425":" haa","1426":"tt\u00e4i","1427":"uva ","1428":"stoi","1429":"\u00e4n\u00e4\u00e4","1430":"mark","1431":"suos","1432":"t\u00e4yt","1433":"tine","1434":"allo","1435":"st\u00e4v","1436":" het","1437":"taas","1438":"okon","1439":"\u00e4v\u00e4t","1440":"tull","1441":"inka","1442":"outu","1443":"sain","1444":"v\u00e4h\u00e4","1445":" nou","1446":"omis","1447":"ryhm","1448":"ntam","1449":"tiva","1450":"ltio","1451":" kap","1452":"ehti","1453":"tall","1454":"keli","1455":"lann","1456":"punk","1457":"rkik","1458":"edus","1459":"ntai","1460":"eria","1461":" eiv","1462":"vois","1463":"kutt","1464":"lua ","1465":" mis","1466":"unki","1467":" rah","1468":"ujen","1469":"toje","1470":"levi","1471":"see ","1472":"lest","1473":"\u00e4t\u00e4 ","1474":"huon","1475":"kuol","1476":"vost","1477":"mien","1478":"vull","1479":"otto","1480":"aike","1481":"iirt","1482":"tosi","1483":"nnut","1484":"alku","1485":"iest","1486":"tt\u00e4j","1487":"s\u00e4ks","1488":" jak","1489":"kuvi","1490":"mp\u00e4r","1491":"\u00e4sit","1492":"riko","1493":"lell","1494":"nitt","1495":"jast","1496":"aris","1497":" tam","1498":"mini","1499":"\u00e4lt\u00e4","1500":" jol","1501":"\u00e4nyt","1502":" puu","1503":"aitt","1504":"luon","1505":"ymp\u00e4","1506":"llan","1507":" sar","1508":"una ","1509":"odel","1510":"tote","1511":"otet","1512":"saar","1513":"ikal","1514":"amme","1515":" tuk","1516":"yhty","1517":"kee ","1518":"l\u00f6yt","1519":" t\u00e4h","1520":"itsi","1521":" t\u00e4r","1522":"kult","1523":"erro","1524":"nki ","1525":"meis","1526":"nnas","1527":"tune","1528":"ikku","1529":"keis","1530":"osa ","1531":"ltaa","1532":" pid","1533":"tkai","1534":"asva","1535":"kimu","1536":"lpai","1537":"kaus","1538":"rkko","1539":" edu","1540":"iske","1541":"ona ","1542":"ilij","1543":"iaal","1544":"\u00f6ss\u00e4","1545":"mm\u00e4n","1546":"stui","1547":"htaa","1548":"nnin","1549":"t\u00e4rk","1550":"yhdi","1551":"toiv","1552":"stei","1553":"stun","1554":"rjan","1555":"turv","1556":"kysy","1557":"ynty","1558":" teo","1559":"alas","1560":" rat","1561":"rvit","1562":"isyy","1563":"nt\u00e4 ","1564":"dan ","1565":"rmaa","1566":"anee","1567":"sity","1568":"ielt","1569":"paa ","1570":"tait","1571":"suut","1572":"eutt","1573":" all","1574":"tiik","1575":"poik","1576":" kei","1577":"amat","1578":"oiva","1579":"liss","1580":"nust","1581":"sing","1582":"eik\u00e4","1583":"lois","1584":"p\u00e4ri","1585":"tkin","1586":"imus","1587":"ikai","1588":"osal","1589":" lei","1590":" sot","1591":"emma","1592":"dett","1593":"ttia","1594":"sken","1595":"emis","1596":"nia ","1597":"onen","1598":"anki","1599":"eese","1600":"iass","1601":"kyse","1602":"taki","1603":"rran","1604":"alua","1605":"pett","1606":"juur","1607":"lon ","1608":" uut","1609":"uvan","1610":"skuu","1611":"esee","1612":"ren ","1613":"omat","1614":"siis","1615":"alus","1616":"ikon","1617":"apaa","1618":"okka","1619":"tymi","1620":"ntoi","1621":"lopu","1622":"emme","1623":" aih","1624":"ahan","1625":"kkin","1626":"aill","1627":" t\u00e4\u00e4","1628":"ivan","1629":"stai","1630":"ala ","1631":" opp","1632":"imuk","1633":"rint","1634":"laat","1635":"iini","1636":"niss","1637":"ioit","1638":"det ","1639":"ukan","1640":"ilas","1641":"muun","1642":"elu ","1643":"post","1644":"omai","1645":" vap","1646":"ty\u00e4 ","1647":"urva","1648":"toi ","1649":"kirk","1650":" vah","1651":"maat","1652":"toks","1653":"palk","1654":"olet","1655":"lant","1656":"rit ","1657":"sana","1658":"anto","1659":" iso","1660":" the","1661":"naa ","1662":"verk","1663":" tos","1664":"olme","1665":" alo","1666":"nous","1667":"unti","1668":"ingi","1669":"idaa","1670":" hoi","1671":" nel","1672":"iiko","1673":"site","1674":"tely","1675":"otti","1676":"iiii","1677":"yyyy","1678":"eid\u00e4","1679":"teil","1680":"syys","1681":"dost","1682":" tyy","1683":"inee","1684":"iell","1685":"osi ","1686":"ppal","1687":"piir","1688":"oten","1689":"kiit","1690":"ulki","1691":"enee","1692":"nti ","1693":" ava","1694":"uoka","1695":"kien","1696":"lia ","1697":" neu","1698":" ep\u00e4","1699":"nass","1700":"yise","1701":"id\u00e4n","1702":" pan","1703":"t\u00e4vi","1704":"sval","1705":"laa ","1706":"iv\u00e4n","1707":"rans","1708":"ngel","1709":" myy","1710":"itii","1711":" len","1712":" \u00e4\u00e4n","1713":"aas ","1714":"osaa","1715":"uoti","1716":"metr","1717":"siva","1718":"rall","1719":"iika","1720":"sai ","1721":"lass","1722":" vih","1723":"liin","1724":"antu","1725":"p\u00e4\u00e4l","1726":"nter","1727":"\u00e4\u00e4nt","1728":"eine","1729":" rau","1730":"omas","1731":"eman","1732":"ksin","1733":"akko","1734":"kohd","1735":"anka","1736":"per\u00e4","1737":"tasa","1738":"aall","1739":"\u00e4kin","1740":" pii","1741":"t\u00e4ny","1742":"siik","1743":"void","1744":" ymp","1745":"raha","1746":"aran","1747":"aani","1748":"imma","1749":"eena","1750":"tyv\u00e4","1751":"ej\u00e4 ","1752":"nemm","1753":"uoks","1754":"umin","1755":"onni","1756":"aide","1757":"nto ","1758":"atko","1759":" kri","1760":"ulun","1761":"musi","1762":"vaal","1763":"rila","1764":"miin","1765":"ollo","1766":"utet","1767":"iis ","1768":" raj","1769":" siv","1770":" kuk","1771":"ken ","1772":"ulos","1773":"rtaa","1774":"\u00e4nn\u00f6","1775":"aits","1776":"eske","1777":"\u00e4\u00e4st","1778":"yhm\u00e4","1779":"taus","1780":" amm","1781":"jaan","1782":"inoi","1783":"dust","1784":"evat","1785":"lemm","1786":"natt","1787":"ulev","1788":"aala","1789":"hjoi","1790":"olog","1791":"noa ","1792":"ueen","1793":"suht","1794":"rsin","1795":"ht\u00e4v","1796":"raav","1797":"imei","1798":"hdes","1799":"\u00e4sen","1800":"ehdo","1801":"alia","1802":"akas","1803":"vuor","1804":"iete","1805":"uuto","1806":"arti","1807":"kus ","1808":" ann","1809":"jana","1810":"arsi","1811":" ost","1812":"sian","1813":"saks","1814":"tyny","1815":"hist","1816":"kona","1817":"noma","1818":"pale","1819":" sak","1820":"isoi","1821":"pide","1822":"riss","1823":"joul","1824":"onko","1825":"riit","1826":"mmis","1827":"nat ","1828":"semm","1829":"help","1830":"inai","1831":"miks","1832":"yli ","1833":"kest","1834":"mari","1835":"uote","1836":"iide","1837":"l\u00e4is","1838":"misi","1839":"siak","1840":"olel","1841":"nope","1842":"stor","1843":"usii","1844":"ankk","1845":"uoll","1846":"skaa","1847":"heen","1848":"meil","1849":" ero","1850":"ois ","1851":"ippu","1852":"\u00e4sti","1853":"olai","1854":"elem","1855":"\u00e4\u00e4tt","1856":"asku","1857":"ymis","1858":"ikuu","1859":"kari","1860":"usto","1861":"enna","1862":"uuti","1863":"ideo","1864":"kill","1865":"\u00e4v\u00e4n","1866":"aras","1867":"kemi","1868":"nssi","1869":"elev","1870":" ast","1871":"atku","1872":"kain","1873":"puhu","1874":"uure","1875":"siel","1876":"ohjo","1877":"etri","1878":"tit ","1879":"hdys","1880":" kov","1881":"sit ","1882":"unto","1883":" suk","1884":"ty\u00f6s","1885":"elaa","1886":"vun ","1887":"taso","1888":"ijai","1889":" hak","1890":"roop","1891":"iene","1892":"oito","1893":"meri","1894":"mpia","1895":"sen\u00e4","1896":"auta","1897":"tavo","1898":"uodo","1899":"aiko","1900":" s ","1901":"erhe","1902":"mone","1903":"stol","1904":"ilaa","1905":"ajoi","1906":"perh","1907":"ori ","1908":"rant","1909":"laki","1910":"tter","1911":"koll","1912":" hy\u00f6","1913":"ehd\u00e4","1914":"muod","1915":"son ","1916":"tuur","1917":"\u00e4hti","1918":"sty\u00f6","1919":"ty\u00f6t","1920":"rjas","1921":"ven\u00e4","1922":"yhti","1923":" mal","1924":"j\u00e4se","1925":"minn","1926":"heil","1927":"ikas","1928":"unee","1929":"ies ","1930":"enet","1931":"nt\u00e4\u00e4","1932":"\u00e4ris","1933":" ken","1934":"anha","1935":"nnes","1936":" a ","1937":"amas","1938":" man","1939":"kahd","1940":"ntia","1941":"llen","1942":"t\u00f6n ","1943":"ital","1944":"apau","1945":"teid","1946":"ntin","1947":"jien","1948":"nee ","1949":"liop","1950":"koon","1951":" nor","1952":"kkue","1953":" kel","1954":"akuu","1955":"the ","1956":"stys","1957":"kava","1958":"riaa","1959":"tto ","1960":"onee","1961":"nnel","1962":"hti\u00f6","1963":"edes","1964":"kev\u00e4","1965":" mua","1966":"east","1967":"vi\u00e4 ","1968":"esi ","1969":"uvaa","1970":"esii","1971":"nsal","1972":"uroo","1973":"enka","1974":"etus","1975":"uuuu","1976":"till","1977":"ing ","1978":"aske","1979":"onin","1980":"kier","1981":"kyl\u00e4","1982":"mets","1983":"ataa","1984":" sei","1985":"inak","1986":"mus ","1987":"nast","1988":"taut","1989":"emin","1990":"niit","1991":" int","1992":"enn\u00e4","1993":"iehe","1994":"iala","1995":"meen","1996":"ajaa","1997":"eitt","1998":"leht","1999":"eht\u00e4","2000":"aata","2001":"htye","2002":"\u00e4min","2003":"elun","2004":"my\u00f6h","2005":"elus","2006":"\u00e4lis","2007":"eeee","2008":"ihen","2009":"luis","2010":"koro","2011":"l\u00e4\u00e4n","2012":"oris","2013":" kiv","2014":"tekn","2015":"raan","2016":"\u00e4yt\u00e4","2017":"pia ","2018":"aupp","2019":"yden","2020":"mman","2021":"pall","2022":"ali ","2023":"ltai","2024":"ehk\u00e4","2025":"aira","2026":"ulli","2027":"keit","2028":"\u00e4yty","2029":"reen","2030":"lmoi","2031":"\u00e4hk\u00f6","2032":"isaa","2033":"iopi","2034":"aiki","2035":"ksi\u00e4","2036":" jal","2037":"rhei","2038":"jote","2039":"rja ","2040":" mun","2041":"suoj","2042":"kass","2043":"yhdy","2044":"olin","2045":"eutu","2046":"ieni","2047":"uota","2048":"ylio","2049":"eles","2050":"inut","2051":"ysva","2052":"s\u00e4\u00e4 ","2053":"akse","2054":"mina","2055":"hd\u00e4 ","2056":"koin","2057":"onno","2058":" soi","2059":"n\u00e4k\u00f6","2060":"s\u00e4hk","2061":"kapp","2062":"ttun","2063":"stat","2064":"ekij","2065":"ilt\u00e4","2066":"kons","2067":"py\u00f6r","2068":"tala","2069":"tola","2070":"n\u00e4is","2071":" vet","2072":"viss","2073":"silt","2074":"tt\u00f6m","2075":"onge","2076":"s\u00e4lt","2077":"let ","2078":"kail","2079":"ikei","2080":"lue ","2081":"aite","2082":"nuks","2083":"vahv","2084":" juh","2085":"immi","2086":"illo","2087":"kova","2088":" ehk","2089":"don ","2090":"osen","2091":"iist","2092":"iili","2093":"port","2094":"moit","2095":"raa ","2096":"vira","2097":"hell","2098":"tali","2099":"utee","2100":" no ","2101":"htey","2102":" t\u00e4t","2103":"tein","2104":"ttil","2105":"pisk","2106":"sosi","2107":"imme","2108":"unnu","2109":"kost","2110":"n\u00e4\u00e4 ","2111":"tuom","2112":"v\u00e4ks","2113":"vier","2114":" vil","2115":"orit","2116":"ueel","2117":"alaa","2118":" s\u00e4h","2119":"ttin","2120":"rann","2121":"joid","2122":"anis","2123":"elut","2124":"sens","2125":"iaa ","2126":"unte","2127":"uhte","2128":"ieno","2129":"gelm","2130":"sair","2131":"\u00e4ni ","2132":"laut","2133":"stos","2134":"kkia","2135":"sioi","2136":"oivo","2137":"ukko","2138":"kulu","2139":"ismi","2140":"tutt","2141":"lasi","2142":"ttiv","2143":"ssi ","2144":" mm ","2145":"hetk","2146":"lit ","2147":" ehd","2148":"ultt","2149":"eett","2150":"yht\u00e4","2151":"ymme","2152":"ilme","2153":"yv\u00e4t","2154":"iihe","2155":"kant","2156":"uvas","2157":"pros","2158":"saad","2159":"olue","2160":" suh","2161":"nnek","2162":"hien","2163":"rose","2164":"ntaj","2165":"onaa","2166":"etee","2167":"stum","2168":" hau","2169":"uran","2170":"tamm","2171":" vak","2172":"atii","2173":"uill","2174":"ruok","2175":"levy","2176":"arra","2177":"lmen","2178":"rkea","2179":"inin","2180":"m\u00e4in","2181":" leh","2182":"siih","2183":"pare","2184":" nop","2185":"koi ","2186":"kuu ","2187":"ilmo","2188":"tuja","2189":"iton","2190":"telt","2191":"elj\u00e4","2192":"lost","2193":"ival","2194":"uass","2195":"lett","2196":"neis","2197":"y\u00f6t\u00e4","2198":"ytyy","2199":"milj","2200":"rvey","2201":"elvi","2202":"vuok","2203":" l\u00e4m","2204":" n\u00e4h","2205":" kev","2206":"iin\u00e4","2207":"otil","2208":"ysty","2209":"uoto","2210":"uska","2211":"umaa","2212":"s\u00e4ll","2213":"ein\u00e4","2214":"nelj","2215":"dott","2216":"onki","2217":"l\u00e4\u00e4k","2218":"uore","2219":"rkei","2220":" j\u00e4t","2221":"syyt","2222":"tann","2223":"anin","2224":"aada","2225":"vero","2226":"rras","2227":"rtti","2228":"oona","2229":"kkau","2230":"kiva","2231":"visi","2232":"\u00f6yty","2233":"saam","2234":"vars","2235":"muas","2236":"neks","2237":"opim","2238":"mpaa","2239":"odot","2240":"apse","2241":"kett","2242":"eyde","2243":"olit","2244":"\u00e4het","2245":"tun ","2246":"vide","2247":"odos","2248":"utui","2249":"kint","2250":" koi","2251":"t\u00e4st","2252":"idet","2253":"noll","2254":"styk","2255":"stut","2256":" j\u00e4s","2257":"t\u00e4t\u00e4","2258":"enen","2259":"j\u00e4rv","2260":"ntie","2261":"ratk","2262":"nkki","2263":"eaa ","2264":"mann","2265":"okai","2266":"inul","2267":"nill","2268":" aiv","2269":"osoi","2270":"\u00e4hte","2271":"ehto","2272":"y\u00f6nt","2273":"tei ","2274":"vies","2275":"harj","2276":"asen","2277":"ytte","2278":"ergi","2279":"eilu","2280":"pimu","2281":"meni","2282":" mas","2283":"tiss","2284":"riin","2285":"lkaa","2286":"olta","2287":" sos","2288":"j\u00e4n ","2289":"kkei","2290":" pah","2291":"keus","2292":"arki","2293":"ykyi","2294":"itee","2295":"k\u00e4yn","2296":"ttuj","2297":"ouko","2298":"ksit","2299":"hint","2300":"sast","2301":"elua","2302":"v\u00e4st","2303":"rikk","2304":"dent","2305":"sijo","2306":" mel","2307":"uunt","2308":"ytti","2309":"ulis","2310":" sta","2311":"amer","2312":"yyde","2313":"iina","2314":"tisi","2315":"omio","2316":"\u00f6t\u00e4 ","2317":"otan","2318":" jut","2319":" hin","2320":"int\u00e4","2321":"tuo ","2322":"akti","2323":" ent","2324":"vell","2325":"sinu","2326":"ymm\u00e4","2327":"tsem","2328":"omin","2329":"ajal","2330":" sul","2331":"l\u00e4hi","2332":"m\u00e4ll","2333":"tane","2334":"vass","2335":"ansk","2336":"iv\u00e4 ","2337":"imat","2338":"it\u00e4i","2339":"ron ","2340":"haas","2341":"otaa","2342":"parh","2343":"naki","2344":"tt\u00e4n","2345":"rina","2346":"nsan","2347":"uita","2348":"rten","2349":"kymm","2350":"mm\u00e4r","2351":"arka","2352":" rik","2353":"siks","2354":"mell","2355":" pos","2356":"null","2357":"ruot","2358":"ntis","2359":"komm","2360":"ksik","2361":"tsi ","2362":"uvul","2363":"ksil","2364":"nn\u00e4 ","2365":"kutu","2366":"rvio","2367":" kum","2368":"isko","2369":"uots","2370":"kkoj","2371":" lak","2372":"ottu","2373":"lous","2374":"eeni","2375":"koa ","2376":"opea","2377":"ihto","2378":" ryh","2379":"stal","2380":"akso","2381":"nska","2382":"suku","2383":"umal","2384":"uiva","2385":"y\u00f6he","2386":"utam","2387":"lttu","2388":"vais","2389":"luva","2390":"rke\u00e4","2391":" koo","2392":"pan ","2393":"el\u00e4i","2394":" pik","2395":"aana","2396":"\u00e4ns\u00e4","2397":" juo","2398":" odo","2399":"pin ","2400":"iett","2401":"uust","2402":"luok","2403":"dysv","2404":" tee","2405":"deks","2406":"eris","2407":"en\u00e4\u00e4","2408":"\u00e4lli","2409":"luot","2410":"t\u00e4h\u00e4","2411":"stil","2412":"ksii","2413":"uvun","2414":"\u00f6hem","2415":"utum","2416":"muot","2417":"est\u00f6","2418":" pis","2419":"aini","2420":"oske","2421":" klo","2422":"vits","2423":"joil","2424":"skon","2425":"uppa","2426":"iska","2427":" ymm","2428":"t\u00e4in","2429":" sy\u00f6","2430":"kiss","2431":"des ","2432":"sias","2433":"ijan","2434":"inty","2435":"vesi","2436":"elpo","2437":" mul","2438":" tau","2439":"eude","2440":"mull","2441":"unno","2442":"erot","2443":"reit","2444":" yll","2445":"omi ","2446":"udet","2447":"jala","2448":"laul","2449":"taku","2450":"kuka","2451":"ime ","2452":"utis","2453":"v\u00e4he","2454":"toss","2455":"joon","2456":"tel\u00e4","2457":"utaa","2458":"ets\u00e4","2459":"lli ","2460":"alau","2461":"saav","2462":"\u00e4\u00e4ne","2463":"imet","2464":"ness","2465":"ite ","2466":"luke","2467":"eva ","2468":"arem","2469":"anom","2470":"apsi","2471":" ale","2472":"emas","2473":"ivaa","2474":"ahvi","2475":"ntun","2476":" lue","2477":"\u00e4j\u00e4n","2478":"m\u00e4ss","2479":" ves","2480":"tikk","2481":"asio","2482":"kas ","2483":"stii","2484":" ris","2485":"\u00e4yt\u00f6","2486":" hai","2487":"\u00e4\u00e4t\u00f6","2488":"oma ","2489":"less","2490":"uuks","2491":"ohti","2492":"nnuk","2493":"opul","2494":"uone","2495":"teut","2496":"rgia","2497":"avai","2498":"iiri","2499":"otsi","2500":"ener","2501":"pere","2502":"ellu","2503":"joku","2504":"maas","2505":"rika","2506":" kur","2507":"stau","2508":"raal","2509":" he ","2510":"veri","2511":"valo","2512":"anot","2513":" tuh","2514":" vel","2515":"ekin","2516":"nott","2517":"puut","2518":"oime","2519":" ong","2520":"aamu","2521":"lien","2522":"isiv","2523":"hdot","2524":"elui","2525":"aaks","2526":"min\u00e4","2527":"ammi","2528":"vart","2529":"etke","2530":"ven ","2531":"uora","2532":"ntel","2533":" rei","2534":" k\u00e4v","2535":"tyne","2536":"omme","2537":"jout","2538":"uhan","2539":"raja","2540":"oku ","2541":"\u00f6\u00f6n ","2542":"st\u00e4m","2543":"liis","2544":"ihee","2545":"lenk","2546":"otia","2547":"yv\u00e4\u00e4","2548":"htum","2549":"inne","2550":" tei","2551":"\u00e4ivi","2552":"mun ","2553":"aatu","2554":"koja","2555":"lmaa","2556":"uper","2557":"kuni","2558":" tor","2559":"tsee","2560":"ev\u00e4t","2561":"rhai","2562":"auri","2563":"ikun","2564":" k\u00e4r","2565":"nsi ","2566":"\u00e4lil","2567":"hk\u00e4 ","2568":"uisi","2569":"stis","2570":" hui","2571":"aset","2572":" run","2573":"aton","2574":"nsai","2575":" pre","2576":"m\u00e4tt","2577":" lah","2578":"auha","2579":"ink\u00e4","2580":"isim","2581":"orin","2582":"mana","2583":" avu","2584":"mper","2585":"lall","2586":"ukau","2587":" kam","2588":"eihi","2589":"oteu","2590":"etin","2591":" nau","2592":"seit","2593":"imel","2594":"aili","2595":"nlai","2596":"rite","2597":"onia","2598":"irkk","2599":"\u00e4si ","2600":"teho","2601":"rtai","2602":" aam","2603":"hann","2604":"liti","2605":" kis","2606":"\u00f6st\u00e4","2607":"luks","2608":"siko","2609":"tusk","2610":"avar","2611":"loma","2612":"avia","2613":"yytt","2614":"ansi","2615":"ada ","2616":" his","2617":"oron","2618":"lits","2619":"untu","2620":"unin","2621":"soda","2622":"ekem","2623":"yt\u00e4n","2624":"klo ","2625":"ersi","2626":"avin","2627":" et ","2628":"iall","2629":"kaat","2630":"itin","2631":"tym\u00e4","2632":"tyyp","2633":"enes","2634":"miku","2635":"viin","2636":"ullu","2637":"aavi","2638":"hity","2639":" vid","2640":"ttor","2641":"stit","2642":"t\u00e4\u00e4l","2643":"toli","2644":"anno","2645":"nees","2646":"jatt","2647":"tytt","2648":"n\u00e4ky","2649":"semi","2650":"utun","2651":" ras","2652":"eisk","2653":"ksan","2654":"ntoj","2655":" fin","2656":"keil","2657":" m\u00e4 ","2658":"pyst","2659":"lkis","2660":"albu","2661":"inoa","2662":"paan","2663":"anan","2664":"elit","2665":"josk","2666":"vott","2667":"hon ","2668":"sikk","2669":"kyis","2670":"ajak","2671":"ll\u00e4\u00e4","2672":"rjal","2673":"sun ","2674":"ysym","2675":" tii","2676":"enin","2677":"kuis","2678":"kemu","2679":"tio ","2680":"iva ","2681":"aria","2682":"tomu","2683":"opa ","2684":"aksu","2685":"aans","2686":"ini ","2687":"luki","2688":"lbum","2689":"ntek","2690":"sota","2691":"tima","2692":"haa ","2693":"ila ","2694":" er\u00e4","2695":"asun","2696":"noit","2697":"ulu ","2698":"inan","2699":"ri\u00e4 ","2700":"yv\u00e4k","2701":"ekti","2702":"rian","2703":"pila","2704":" ark","2705":"valk","2706":"\u00e4tti","2707":"lehd","2708":"nnoi","2709":"etsi","2710":"tuis","2711":"okem","2712":"ekni","2713":"teja","2714":"tuke","2715":"alei","2716":"tant","2717":"tetu","2718":"ine ","2719":"skin","2720":"orma","2721":"rssi","2722":"tost","2723":"aulu","2724":"seni","2725":"m\u00e4t ","2726":"medi","2727":"uvos","2728":" jop","2729":"urhe","2730":"odes","2731":"\u00e4hes","2732":"t\u00f6\u00f6n","2733":"juhl","2734":"\u00e4\u00e4nn","2735":"enk\u00e4","2736":"hees","2737":"ljet","2738":"n\u00e4j\u00e4","2739":"tsen","2740":"raat","2741":"en\u00e4j","2742":"insa","2743":"j\u00e4ll","2744":"neit","2745":" l\u00e4\u00e4","2746":"olma","2747":"kivi","2748":"uiss","2749":"ter ","2750":" en\u00e4","2751":"ajie","2752":"v\u00e4ri","2753":"imie","2754":"ukai","2755":"elas","2756":"aale","2757":"tasi","2758":" tah","2759":"anko","2760":"vioi","2761":"pakk","2762":"okuu","2763":"ulje","2764":"ress","2765":"\u00e4vel","2766":"nnyt","2767":"ikse","2768":"l\u00e4pi","2769":"utsu","2770":"kuts","2771":"nsin","2772":" it\u00e4","2773":"seva","2774":"er\u00e4i","2775":"uolt","2776":"utte","2777":"and ","2778":"jaka","2779":"ylee","2780":"jopa","2781":"pani","2782":"jass","2783":"otel","2784":"iera","2785":"isik","2786":"edia","2787":" v\u00e4r","2788":"stra","2789":"ohda","2790":"anaa","2791":"oika","2792":"jait","2793":"\u00e4nne","2794":"leet","2795":"keut","2796":"ampe","2797":"ahoi","2798":"alon","2799":"otai","2800":"nnol","2801":"too ","2802":"keud","2803":"symy","2804":"ti\u00e4 ","2805":"luun","2806":"rien","2807":"eeks","2808":" alb","2809":" v\u00e4i","2810":"evai","2811":"ljoo","2812":"ngis","2813":"kkal","2814":" mur","2815":"stas","2816":"iti ","2817":"heit","2818":"rval","2819":"\u00e4kuu","2820":"heid","2821":"nerg","2822":" sov","2823":"eten","2824":" mes","2825":"iljo","2826":"essi","2827":"ovel","2828":"aver","2829":"uide","2830":"vai ","2831":"alme","2832":"ello","2833":"rona","2834":"uhee","2835":"orja","2836":"tsel","2837":"mate","2838":" is\u00e4","2839":"kauk","2840":"oott","2841":"koma","2842":"viis","2843":"iota","2844":"nois","2845":" ik\u00e4","2846":"\u00e4nt\u00e4","2847":"rell","2848":"tamp","2849":"kij\u00e4","2850":"bumi","2851":" roo","2852":"t\u00e4ys","2853":"mi\u00e4 ","2854":"kaas","2855":"aska","2856":"ului","2857":"ravi","2858":"oles","2859":"uluk","2860":"isar","2861":"petu","2862":" py\u00f6","2863":"vers","2864":"koss","2865":"aara","2866":"jutt","2867":"itoi","2868":"vatt","2869":"anoi","2870":"puna","2871":"ski ","2872":"okou","2873":"stie","2874":"ydes","2875":"ssss","2876":"toko","2877":" l\u00e4n","2878":"lmai","2879":"lt\u00e4\u00e4","2880":"inke","2881":"seli","2882":"assi","2883":"inei","2884":"laji","2885":"j\u00e4tt","2886":" tan","2887":" huu","2888":"skan","2889":"oopa","2890":"usku","2891":" nos","2892":"uink","2893":"\u00e4m\u00e4t","2894":"riis","2895":"niid","2896":"ikol","2897":"ikil","2898":"irty","2899":"laus","2900":"remp","2901":"etuk","2902":"tiaa","2903":" v ","2904":"eili","2905":"yste","2906":"hinn","2907":"tko ","2908":"ogia","2909":"iski","2910":"antt","2911":"er\u00e4\u00e4","2912":"sata","2913":"p\u00e4in","2914":"toll","2915":" etu","2916":"\u00e4r\u00e4 ","2917":"taid","2918":"uluu","2919":" pil","2920":"\u00f6it\u00e4","2921":"opin","2922":"uono","2923":"imii","2924":"leik","2925":"tiko","2926":" tyt","2927":"l\u00e4mp","2928":"ssin","2929":"hein","2930":"atus","2931":"link","2932":"katt","2933":"oude","2934":"rask","2935":"ola ","2936":"ohte","2937":"tans","2938":"rkka","2939":"oinn","2940":"myks","2941":"anhe","2942":"jia ","2943":"test","2944":"koje","2945":"alo ","2946":"ss\u00e4\u00e4","2947":"heut","2948":"kinn","2949":"luet","2950":"rata","2951":"jost","2952":"aupa","2953":"ahti","2954":"mink","2955":"osku","2956":"loa ","2957":"\u00e4rit","2958":"iheu","2959":"ussi","2960":"ntyi","2961":"atal","2962":"aaa ","2963":" me ","2964":"ttim","2965":"pres","2966":" tuu","2967":"yys ","2968":"r\u00e4is","2969":"okra","2970":"rauh","2971":"st\u00f6n","2972":"aen ","2973":"ki\u00e4 ","2974":" luu","2975":" ajo","2976":"ijat","2977":"time","2978":"utuu","2979":"tuna","2980":"sari","2981":"oki ","2982":"rvos","2983":"seis","2984":"kk\u00e4\u00e4","2985":"tte ","2986":"liko","2987":"ltav","2988":"tauk","2989":"rkis","2990":" esp","2991":"eis\u00f6","2992":"ater","2993":" tel","2994":"mans","2995":"miet","2996":"ampa","2997":"toni","2998":"nk\u00e4\u00e4","2999":" pet","3000":"avis","3001":"empa","3002":"ktii","3003":"lutt","3004":"alki","3005":"akai","3006":"ied\u00e4","3007":"uoro","3008":" pur","3009":"ke\u00e4 ","3010":"aalt","3011":"tomi","3012":"ttui","3013":"akia","3014":"ausi","3015":"ynee","3016":"sett","3017":" oso","3018":"ehty","3019":" m ","3020":"htai","3021":" k\u00e4\u00e4","3022":"nkii","3023":"anen","3024":"muit","3025":"emat","3026":"inko","3027":"ahta","3028":"verr","3029":"ppaa","3030":"lijo","3031":" pun","3032":"ilja","3033":"elly","3034":"osas","3035":"l\u00e4in","3036":"ihte","3037":"kat ","3038":"iv\u00e4\u00e4","3039":"njoh","3040":"pill","3041":" lyh","3042":"osan","3043":" str","3044":"niem","3045":"lme ","3046":"aare","3047":"reis","3048":"ik\u00e4\u00e4","3049":"tuol","3050":"rhee","3051":"aant","3052":"ning","3053":"ynni","3054":"ouks","3055":"tuul","3056":"ean ","3057":"iet\u00e4","3058":"oni ","3059":"hett","3060":"y\u00f6n ","3061":"\u00e4ily","3062":"pint","3063":" jum","3064":"noss","3065":"ortt","3066":"taal","3067":"llak","3068":"nain","3069":"jatu","3070":"alat","3071":"yyli","3072":"koil","3073":" est","3074":"etet","3075":"ynti","3076":"loud","3077":"t\u00e4nn","3078":"teks","3079":"akan","3080":"asin","3081":"oisa","3082":"mont","3083":"ulok","3084":"eren","3085":"eron","3086":"korv","3087":"mati","3088":"aiss","3089":"nes ","3090":"ioid","3091":"heli","3092":"impi","3093":"alii","3094":"anga","3095":"iran","3096":"lata","3097":"keas","3098":"urss","3099":"lat ","3100":"lisk","3101":"onto","3102":"nnee","3103":" rai","3104":"ilmi","3105":"loks","3106":"uett","3107":"m\u00e4st","3108":"tie ","3109":"lkin","3110":"\u00f6lli","3111":"llon","3112":"roje","3113":" kym","3114":" sun","3115":"\u00e4rin","3116":"eino","3117":"v\u00e4n\u00e4","3118":"ntii","3119":"uull","3120":"\u00e4net","3121":"giss","3122":"aisk","3123":"rtoo","3124":"anke","3125":"silm","3126":"aapu","3127":"ekst","3128":"ainv","3129":"nv\u00e4l","3130":"pauk","3131":"j\u00e4\u00e4n","3132":"uhti","3133":"hana","3134":"kola","3135":"pers","3136":"eti ","3137":"melk","3138":"selt","3139":"kkie","3140":"kino","3141":"orva","3142":"tuus","3143":"htuu","3144":" hii","3145":" l\u00e4p","3146":"onai","3147":"denn","3148":"kene","3149":"kata","3150":" pin","3151":"ngas","3152":"uris","3153":"radi","3154":"arte","3155":"luu ","3156":"lles","3157":"l\u00e4n ","3158":"tutu","3159":" hom","3160":"asuk","3161":"nhan","3162":"oton","3163":"onis","3164":" v\u00e4\u00e4","3165":"\u00e4j\u00e4 ","3166":"jett","3167":"land","3168":"anja","3169":" aur","3170":"ysin","3171":"teol","3172":"akau","3173":"ida ","3174":"lkka","3175":"\u00e4\u00e4ni","3176":"unsa","3177":"onet","3178":"odan","3179":"taav","3180":"ohan","3181":"eija","3182":"oraa","3183":"itan","3184":"imia","3185":"eus ","3186":"ntak","3187":"eraa","3188":" med","3189":" k ","3190":"iraa","3191":"luei","3192":"d\u00e4\u00e4n","3193":"kaku","3194":" eng","3195":"ivin","3196":"onsa","3197":"eki ","3198":"stot","3199":"iiki","3200":"\u00e4ynn","3201":"m\u00e4\u00e4 ","3202":"hake","3203":"jalk","3204":"\u00e4hde","3205":"init","3206":"kity","3207":"eoll","3208":"\u00f6yt\u00e4","3209":"tens","3210":"rajo","3211":"in\u00e4k","3212":"ttik","3213":"ivit","3214":"mein","3215":"rkas","3216":"rhaa","3217":"kija","3218":" pas","3219":"sut ","3220":"kuuk","3221":"\u00e4ysi","3222":"ivoi","3223":" lie","3224":"jaja","3225":" tou","3226":"\u00e4nes","3227":"soti","3228":"teem","3229":"uuka","3230":" i ","3231":"stuv","3232":"kise","3233":"ohon","3234":"nnia","3235":"ero ","3236":"atuk","3237":"v\u00e4it","3238":"kaal","3239":"kaun","3240":"yv\u00e4n","3241":" huh","3242":"uut ","3243":"iast","3244":"varu","3245":"\u00f6nte","3246":"semp","3247":"otoi","3248":"liha","3249":"meno","3250":"oikk","3251":"y\u00f6sk","3252":"side","3253":"p\u00e4\u00e4 ","3254":"heis","3255":"koir","3256":"oppa","3257":"pelk","3258":"juma","3259":"j\u00e4\u00e4 ","3260":"i\u00f6n ","3261":"uhel","3262":"dun ","3263":"arpe","3264":"utos","3265":"enny","3266":"suuk","3267":" twi","3268":"v\u00e4ll","3269":"onse","3270":"v\u00e4\u00e4r","3271":"emen","3272":"nun ","3273":"k\u00e4\u00e4 ","3274":"sais","3275":"ikat","3276":"engl","3277":"otus","3278":"kulm","3279":"tsin","3280":"stoj","3281":"atin","3282":"hes ","3283":"nvoi","3284":"roma","3285":"ijaa","3286":"ntyn","3287":"eimm","3288":" ilt","3289":"pull","3290":"ty\u00f6p","3291":"uoja","3292":"mppa","3293":"viit","3294":"ajia","3295":" pyr","3296":"lenn","3297":"mmil","3298":"tkaa","3299":"nant","3300":" blo","3301":"utok","3302":"kulk","3303":" t ","3304":"inn\u00e4","3305":"issi","3306":"apai","3307":" rad","3308":"ppi ","3309":"llyt","3310":" yst","3311":"inv\u00e4","3312":"\u00e4v\u00e4\u00e4","3313":"atsa","3314":" rav","3315":"aaha","3316":"uuli","3317":"k\u00e4vi","3318":" rin","3319":"v\u00e4\u00e4n","3320":"uont","3321":"nus ","3322":"n\u00e4m\u00e4","3323":"jott","3324":"teko","3325":"loss","3326":"rjaa","3327":"sin\u00e4","3328":"\u00e4en ","3329":"lmes","3330":"umat","3331":"arta","3332":"okoo","3333":"lkup","3334":"niik","3335":"hast","3336":" and","3337":"invo","3338":"em\u00e4\u00e4","3339":"nni ","3340":"aakk","3341":"mut ","3342":"v\u00e4lt","3343":"apal","3344":"appi","3345":"\u00e4it\u00e4","3346":" urh","3347":"ppil","3348":"rost","3349":"nhem","3350":"ekka","3351":"kort","3352":"nten","3353":"tsev","3354":"viet","3355":"nkie","3356":" vau","3357":"\u00e4nty","3358":" e ","3359":"rita","3360":"dia ","3361":" luv","3362":" ruu","3363":"udis","3364":"harr","3365":"aivo","3366":"urha","3367":" joo","3368":"ous ","3369":"veys","3370":"imes","3371":"tyee","3372":"lima","3373":"st\u00f6 ","3374":"meid","3375":"omak","3376":"helm","3377":"etoj","3378":" h\u00e4m","3379":"joki","3380":"ikk\u00f6","3381":"not ","3382":"tut ","3383":"arit","3384":"iant","3385":"alik","3386":"artt","3387":"y\u00f6r\u00e4","3388":"imai","3389":"vust","3390":"\u00e4rve","3391":"alvo","3392":"rasi","3393":"mitu","3394":"linj","3395":"tty\u00e4","3396":" aie","3397":"lis ","3398":"itok","3399":"esin","3400":"toki","3401":"llik","3402":"talv","3403":"ste ","3404":"osik","3405":"reil","3406":"elko","3407":"tioi","3408":"aruu","3409":"apan","3410":"heik","3411":"ssan","3412":"aavu","3413":"ehde","3414":"nien","3415":"mato","3416":" cha","3417":"olus","3418":"avut","3419":"etoi","3420":" amp","3421":"oopp","3422":" bri","3423":"kart","3424":"niis","3425":"myyn","3426":"oina","3427":" n\u00e4m","3428":"likk","3429":"aiem","3430":"yisi","3431":"ihme","3432":"sial","3433":"ehen","3434":"iko ","3435":"roa ","3436":"uluv","3437":"resi","3438":"ngla","3439":"mmas","3440":"ito ","3441":"ovin","3442":"erei","3443":"gian","3444":"tuki","3445":"von ","3446":"uule","3447":"heti","3448":"uudi","3449":"keva","3450":" avo","3451":"stu ","3452":"\u00e4\u00e4se","3453":"\u00e4nee","3454":"tarp","3455":"\u00e4tty","3456":"stiv","3457":"mani","3458":"inos","3459":"ntav","3460":"tyyl","3461":"k\u00e4is","3462":" pot","3463":"ivot","3464":"is\u00e4n","3465":" o ","3466":"ttyv","3467":" paa","3468":"ntol","3469":"nit ","3470":"skit","3471":" naa","3472":"taak","3473":"ttej","3474":" jun","3475":" of ","3476":"arme","3477":"eltu","3478":"pian","3479":"nkke","3480":"ulai","3481":"hait","3482":"ttyi","3483":"uihi","3484":"\u00e4hin","3485":"hans","3486":"arik","3487":"oit ","3488":"met ","3489":"el\u00e4k","3490":"nala","3491":"kulj","3492":"vint","3493":"mero","3494":"ras ","3495":"\u00e4ri ","3496":" mol","3497":"tina","3498":"mere","3499":"adio","3500":"kurs","3501":"vana","3502":"hdet","3503":"lvit","3504":"eree","3505":" for","3506":"ely ","3507":"ilen","3508":"eeri","3509":"rta ","3510":"aute","3511":"remm","3512":"kapa","3513":"tapp","3514":" arm","3515":"s\u00e4il","3516":"riks","3517":"\u00e4m\u00e4s","3518":" jus","3519":" j\u00e4i","3520":"irko","3521":"svat","3522":"aula","3523":"uokk","3524":"ssak","3525":"glan","3526":"alkk","3527":"tili","3528":" sol","3529":"raut","3530":"yt\u00f6s","3531":" lat","3532":"ntal","3533":"netu","3534":"one ","3535":"j\u00e4nn","3536":"iehi","3537":"kkk ","3538":"tart","3539":" hav","3540":"styn","3541":"ntym","3542":"syks","3543":"ukuu","3544":" sik","3545":"naal","3546":"tk\u00e4 ","3547":"ev\u00e4\u00e4","3548":" pyy","3549":"okei","3550":"er\u00e4t","3551":"usla","3552":"\u00e4\u00e4ss","3553":"loka","3554":" raa","3555":"ttyy","3556":"erko","3557":"virt","3558":"pako","3559":"lauk","3560":" inn","3561":"\u00e4hen","3562":"sim ","3563":"aanu","3564":"luja","3565":"arke","3566":"iert","3567":"ilu ","3568":"ntoa","3569":"iois","3570":"jekt","3571":"kkar","3572":"raho","3573":"eta ","3574":"yv\u00e4s","3575":"etto","3576":"y\u00e4\u00e4n","3577":"ukea","3578":"johd","3579":"ikos","3580":"ilun","3581":"sunn","3582":"vaks","3583":"\u00e4ksy","3584":"sava","3585":" pia","3586":"neta","3587":"pass","3588":"iakk","3589":" oul","3590":"aper","3591":"iket","3592":"kku ","3593":"hta ","3594":"arat","3595":"kris","3596":" oy ","3597":"neid","3598":"ikis","3599":"uton","3600":"vink","3601":" tok","3602":"odis","3603":" hil","3604":"umer","3605":"vutt","3606":"er\u00e4s","3607":"ohto","3608":"hdek","3609":"j\u00e4t ","3610":"tiv\u00e4","3611":"panj","3612":"ij\u00f6i","3613":"taam","3614":"ttym","3615":" art","3616":"nker","3617":" osu","3618":"ntoo","3619":"sine","3620":"tt\u00f6\u00f6","3621":"nsaa","3622":" tes","3623":"anal","3624":"omet","3625":"vert","3626":"apa ","3627":"llo ","3628":"atu ","3629":"ltak","3630":"jill","3631":" ide","3632":"sunt","3633":" tra","3634":"uvia","3635":"noil","3636":"sass","3637":"ardi","3638":"opan","3639":"lank","3640":"alen","3641":"skas","3642":"\u00e4mme","3643":"kave","3644":"ara ","3645":" ura","3646":" syk","3647":"ilis","3648":"ksti","3649":"hava","3650":"armi","3651":"elim","3652":" net","3653":"euks","3654":"turi","3655":"pikk","3656":"etoa","3657":"atil","3658":"inas","3659":"velt","3660":"tatt","3661":"yky\u00e4","3662":"pysy","3663":" loi","3664":"llek","3665":"siki","3666":"tiot","3667":"norm","3668":"inja","3669":"ukas","3670":"kuee","3671":"k\u00f6is","3672":"mmik","3673":"tttt","3674":"htel","3675":"vaar","3676":"stak","3677":"ntyy","3678":"tiku","3679":"umma","3680":"omia","3681":"kem\u00e4","3682":"iema","3683":"eile","3684":"ni\u00e4 ","3685":"kita","3686":"auti","3687":"unis","3688":"mii ","3689":"uski","3690":" vei","3691":"t\u00f6ks","3692":"lij\u00e4","3693":"kilo","3694":"lupa","3695":"\u00e4lin","3696":"iras","3697":"htii","3698":"saal","3699":"olan","3700":"um>v","3701":"lm\u00e4 ","3702":"im\u00e4\u00e4","3703":"pake","3704":"itei","3705":"vita","3706":"rott","3707":" rom","3708":"mole","3709":"ntok","3710":"turk","3711":"iiti","3712":"usea","3713":"m\u00e4ki","3714":"vank","3715":"ajaj","3716":"vata","3717":"uutu","3718":"naar","3719":"arei","3720":"dotu","3721":"kit ","3722":"toil","3723":"inga","3724":"inal","3725":"utin","3726":"ttyn","3727":"il\u00e4i","3728":"nume","3729":"oust","3730":"ausk","3731":"kina","3732":"ppuu","3733":"apin","3734":"kate","3735":"\u00e4k\u00f6i","3736":"tuin","3737":"kkuu","3738":"uise","3739":"nmaa","3740":"hat ","3741":"evis","3742":"rtoi","3743":"inuu","3744":"ttae","3745":"avuu","3746":"inun","3747":"avul","3748":"ntil","3749":"\u00e4lla","3750":"ipal","3751":"nser","3752":"atel","3753":"v\u00e4ki","3754":"rkin","3755":"ura ","3756":" fil","3757":"vise","3758":"tata","3759":"jais","3760":"ulma","3761":"\u00e4\u00e4mi","3762":"hiem","3763":"aess","3764":"ntuu","3765":"\u00f6ide","3766":"iemm","3767":"skal","3768":" ket","3769":"det\u00e4","3770":" s\u00e4i","3771":"sove","3772":"ty\u00f6 ","3773":"otuk","3774":" pap","3775":"kua ","3776":"kkel","3777":"t\u00e4ji","3778":"sket","3779":"llei","3780":"los ","3781":"omuu","3782":"rtin","3783":"otii","3784":"\u00e4nsi","3785":" lou","3786":" ans","3787":"\u00e4isy","3788":"saki","3789":"meks","3790":"maht","3791":"itar","3792":" pat","3793":"brit","3794":"vede","3795":"elk\u00e4","3796":"liia","3797":"kot ","3798":"kkos","3799":"tavu","3800":" t\u00f6i","3801":"asvi","3802":"lytt","3803":"hy\u00f6k","3804":"meta","3805":"ioon","3806":"poja","3807":"oiti","3808":"mikk","3809":"lkom","3810":"osuu","3811":"ttau","3812":"enla","3813":"\u00e4nt\u00f6","3814":"ntas","3815":"ierr","3816":"kema","3817":"asvu","3818":"aile","3819":"samo","3820":"aren","3821":"kaam","3822":"atie","3823":"alos","3824":"esid","3825":"ilin","3826":"auni","3827":"rett","3828":"rven","3829":"l\u00e4mm","3830":"maah","3831":"n\u00e4ke","3832":"latt","3833":"situ","3834":"puri","3835":"usia","3836":"lita","3837":"araa","3838":"\u00e4lit","3839":"kaav","3840":"ll\u00e4t","3841":"senn","3842":"ivii","3843":"osak","3844":"urak","3845":" lom","3846":"ulus","3847":"puun","3848":"ampi","3849":" ser","3850":"sua ","3851":"lti ","3852":"delt","3853":"styi","3854":"uost","3855":"ohtu","3856":"selk","3857":"lmat","3858":"enno","3859":"t\u00e4yd","3860":" kek","3861":"onei","3862":"isio","3863":"kump","3864":"yj\u00e4 ","3865":"t\u00e4n ","3866":"part","3867":" ote","3868":" ets","3869":"imiv","3870":"hoid","3871":"kovi","3872":"katu","3873":"roks","3874":"nk\u00e4 ","3875":"piti","3876":"ht\u00e4 ","3877":" osi","3878":"ekse","3879":"iekk","3880":" jan","3881":"en\u00e4i","3882":"m>vu","3883":">vuo","3884":"yyn ","3885":"yt\u00e4 ","3886":"issu","3887":"tana","3888":"ekee","3889":"harv","3890":"opas","3891":"ovan","3892":"et\u00e4 ","3893":"ussu","3894":"vala","3895":"utto","3896":"nomi","3897":"ieme","3898":" laj","3899":"kkoa","3900":"dall","3901":"raam","3902":"nian","3903":"oira","3904":"soin","3905":"elke","3906":"nava","3907":"spal","3908":"st\u00e4n","3909":" akt","3910":"tii ","3911":"etal","3912":"aket","3913":"ratt","3914":"emia","3915":"pano","3916":"emus","3917":"okau","3918":"rjat","3919":"arii","3920":"iian","3921":"ukav","3922":"mmal","3923":" ins","3924":"akou","3925":" sup","3926":"ttie","3927":"eits","3928":"ltuu","3929":"entu","3930":"urim","3931":"r\u00e4n ","3932":"rkos","3933":"tati","3934":"ntan","3935":"rink","3936":"mas ","3937":"rpee","3938":"koku","3939":"voiv","3940":"noja","3941":"hais","3942":"lahd","3943":"vaku","3944":"koto","3945":"pank","3946":"hjaa","3947":"t\u00f6m\u00e4","3948":"etys","3949":"eenj","3950":"aate","3951":"turu","3952":"tuho","3953":"alee","3954":"dull","3955":"ema ","3956":"ande","3957":" ham","3958":"\u00e4l\u00e4i","3959":"enjo","3960":"lott","3961":"tona","3962":"tuss","3963":"rati","3964":"keri","3965":" ilo","3966":"yt\u00e4\u00e4","3967":"eluu","3968":" pen","3969":"stik","3970":"l\u00e4ns","3971":"etki","3972":"ysku","3973":"yksy","3974":"teek","3975":"htie","3976":"rimm","3977":"ij\u00e4 ","3978":"eoks","3979":" edi","3980":"ttoa","3981":"sukk","3982":" ist","3983":"kato","3984":"\u00e4vi\u00e4","3985":"tout","3986":"s\u00e4\u00e4t","3987":"siv\u00e4","3988":"kont","3989":"vant","3990":"dote","3991":"tani","3992":"kara","3993":"lahj","3994":"nhoi","3995":"toka","3996":"\u00e4yde","3997":"oski","3998":"yynt","3999":"krii","4000":" s\u00e4v","4001":"mpan","4002":"liig","4003":"ep\u00e4i","4004":" pri","4005":"rinn","4006":"ioss","4007":"emuk","4008":"iiga","4009":"rsio","4010":"mmit","4011":"ote ","4012":"kuud","4013":" in ","4014":" kkk","4015":" res","4016":"t\u00e4ht","4017":"nder","4018":" vit","4019":"yysk","4020":"puis","4021":"rmas","4022":" lok","4023":"siti","4024":"span","4025":"arve","4026":"tont","4027":"lyhy","4028":"irka","4029":"iaka","4030":"styy","4031":"\u00e4nel","4032":"\u00f6kse","4033":"ahaa","4034":"pua ","4035":"hty ","4036":"kuor","4037":"aril","4038":"joo ","4039":"ohdi","4040":"her\u00e4","4041":" pes","4042":"luul","4043":" rea","4044":"sion","4045":"virk","4046":"varo","4047":"rmei","4048":"sois","4049":"llas","4050":"iloi","4051":"htav","4052":"imak","4053":"unei","4054":"joen","4055":"proj","4056":" h ","4057":"keuk","4058":"salo","4059":"ooli","4060":"sinn","4061":" lip","4062":"ker\u00e4","4063":"t\u00f6\u00e4 ","4064":"anoo","4065":"uen ","4066":"prof","4067":"lisy","4068":"altu","4069":"tee ","4070":"ogis","4071":"orti","4072":"kuks","4073":"pite","4074":"auan","4075":"touk","4076":" lan","4077":"knii","4078":"iost","4079":"sika","4080":"aluk","4081":"vett","4082":"oooo","4083":"eksa","4084":"skau","4085":"ukem","4086":"teyd","4087":"tt\u00f6 ","4088":"muid","4089":"ania","4090":"okak","4091":"y\u00f6kk","4092":"elv\u00e4","4093":"\u00f6kk\u00e4","4094":"stoa","4095":"mant","4096":"\u00e4mp\u00f6","4097":"etun","4098":"syyd","4099":"eudu","4100":"uhla","4101":"avak","4102":" oon","4103":"uman","4104":"rjoa","4105":" kre","4106":" pla","4107":"vaka","4108":"tot ","4109":"iirr","4110":"ysel","4111":"uan ","4112":" sur","4113":"taru","4114":"muus","4115":"hde ","4116":"ikui","4117":"iat ","4118":"mail","4119":" apu","4120":"okas","4121":"akat","4122":"my\u00f6n","4123":" gra","4124":"kupe","4125":"vine","4126":"luje","4127":"mita","4128":"ppa ","4129":"intu","4130":"ret ","4131":"eluj","4132":"kamp","4133":"iiku","4134":"valv","4135":"htam","4136":"alun","4137":"keks","4138":"mon ","4139":"kasi","4140":"yist","4141":"es\u00e4k","4142":"s\u00e4ve","4143":"kama","4144":"ousi","4145":"sios","4146":"kine","4147":"ruus","4148":"t\u00f6is","4149":"arus","4150":"korj","4151":"\u00e4\u00e4si","4152":"inla","4153":"skuk","4154":"just","4155":"hent","4156":"opiv","4157":"huip","4158":"n\u00e4it","4159":" sav","4160":"harm","4161":"inkk","4162":"usin","4163":"vaus","4164":"ssii","4165":"onal","4166":"imal","4167":"tott","4168":"amen","4169":"anla","4170":"vase","4171":"meij","4172":"ysti","4173":"t\u00f6ss","4174":"rate","4175":"orte","4176":" hot","4177":"teok","4178":"ky\u00e4\u00e4","4179":"kouk","4180":"ilti","4181":"kisi","4182":" kus","4183":"t\u00e4ne","4184":" kit","4185":"ty\u00f6k","4186":"anie","4187":" ill","4188":"nnak","4189":"\u00e4hem","4190":"taes","4191":"makk","4192":"ukok","4193":"ksie","4194":"s\u00e4n ","4195":"okaa","4196":"sytt","4197":"oaa ","4198":"etul","4199":"gia ","4200":"sko ","4201":"mett","4202":"ekis","4203":"n\u00e4hd","4204":"innu","4205":"keak","4206":" ku ","4207":"isit","4208":"lmia","4209":"eik\u00f6","4210":" tre","4211":"ele ","4212":"pinn","4213":"omie","4214":"y\u00f6pa","4215":" ved","4216":"li\u00e4 ","4217":"nkar","4218":"\u00e4iti","4219":"yss\u00e4","4220":"ppu ","4221":"moin","4222":"nink","4223":"\u00e4\u00e4k\u00e4","4224":"etis","4225":"laiv","4226":" ulo","4227":"lyn ","4228":"ikau","4229":"uma ","4230":"isa ","4231":" bar","4232":"ousu","4233":"vinv","4234":" tha","4235":"ojek","4236":"elan","4237":"\u00e4v\u00e4s","4238":"enis","4239":"onan","4240":"alal","4241":"\u00e4ht\u00f6","4242":"rotu","4243":"rino","4244":" dem","4245":"my\u00f6t","4246":"ikir","4247":"anon","4248":" tyk","4249":"noo ","4250":"nise","4251":"palo","4252":"lail","4253":"tuut","4254":"nn\u00f6s","4255":"stok","4256":"ijal","4257":" \u00e4\u00e4r","4258":"irta","4259":" yl\u00e4","4260":"riti","4261":"aank","4262":"yeen","4263":"\u00e4\u00e4ki","4264":"miva","4265":"iede","4266":" mor","4267":"p\u00e4\u00e4m","4268":"ommi","4269":"ukup","4270":"haan","4271":"tija","4272":"kaiv","4273":"koos","4274":"\u00e4hel","4275":"edis","4276":"kkej","4277":"huht","4278":" ana","4279":"puss","4280":" uni","4281":"tusl","4282":"ili ","4283":"lipa","4284":"live","4285":"ty\u00f6l","4286":"amie","4287":"ltii","4288":" ali","4289":"iipp","4290":"\u00e4ki ","4291":"las ","4292":"tat ","4293":"iman","4294":"rvoi","4295":"oen ","4296":"okan","4297":"laam","4298":"ingo","4299":"isla","4300":"ntar","4301":"kkoo","4302":"kalu","4303":"eluk","4304":"lmii","4305":"asan","4306":"ti\u00f6 ","4307":" ren","4308":"alto","4309":" rap","4310":" moo","4311":"kaap","4312":"uort","4313":"arva","4314":"e\u00e4\u00e4 ","4315":"sant","4316":"keti","4317":"p\u00e4\u00e4n","4318":" de ","4319":"moot","4320":"lope","4321":"otee","4322":"k\u00e4ri","4323":"kahv","4324":" put","4325":"porn","4326":"maak","4327":"ateg","4328":"pid\u00e4","4329":"berg","4330":"ydel","4331":"tehn","4332":"erai","4333":"sio ","4334":"hemp","4335":" car","4336":"tuon","4337":"olik","4338":"ins\u00e4","4339":"hdel","4340":"smin","4341":"rakk","4342":"ltu ","4343":"roit","4344":"til\u00e4","4345":" h\u00e4v","4346":"umen","4347":"etui","4348":"run ","4349":"\u00e4sky","4350":"l\u00e4hd","4351":"imo ","4352":"blog","4353":"ktio","4354":"demo","4355":"neti","4356":"itui","4357":"ulke","4358":"kite","4359":"kuja","4360":"idem","4361":"ti\u00f6n","4362":"siiv","4363":"iris","4364":"alja","4365":"seud","4366":"psen","4367":"juha","4368":"japa","4369":"mp\u00e4\u00e4","4370":"uaal","4371":"\u00e4k\u00e4r","4372":"utuv","4373":"doss","4374":"uoje","4375":"\u00f6ise","4376":"risk","4377":" hir","4378":"tias","4379":"itai","4380":"kaar","4381":"amoi","4382":" ame","4383":"iety","4384":"tera","4385":"skei","4386":"uka ","4387":"imas","4388":"etok","4389":" vin","4390":"roll","4391":"juok","4392":"elip","4393":"tuun","4394":"totu","4395":"ljel","4396":"iral","4397":"aasi","4398":"jaus","4399":"aaji","4400":"ntit","4401":"omit","4402":"r\u00e4\u00e4n","4403":" kav","4404":"teer","4405":"l\u00f6yd","4406":"hto ","4407":"tika","4408":"anho","4409":"jain","4410":"\u00e4rt\u00e4","4411":"ius ","4412":"malt","4413":"hnyt","4414":" ton","4415":"uria","4416":"lity","4417":"ymyk","4418":"ntij","4419":"mma ","4420":"posi","4421":"ahva","4422":"ytty","4423":"heng","4424":" v\u00e4k","4425":"neli","4426":"todi","4427":"rvet","4428":"keaa","4429":"hote","4430":"kott","4431":"\u00e4m\u00e4l","4432":"nt\u00e4m","4433":"ehok","4434":"lm\u00e4n","4435":"kkon","4436":" \u00e4it","4437":" eu ","4438":"\u00e4t\u00f6k","4439":"umi ","4440":"ssit","4441":"kuri","4442":"herk","4443":"sj\u00e4r","4444":"kut ","4445":"raka","4446":"opio","4447":"edon","4448":"itat","4449":"ilom","4450":"kai ","4451":"kalt","4452":"uspa","4453":"eroi","4454":"tusp","4455":"reik","4456":" sod","4457":" tim","4458":"esto","4459":"ed\u00e4 ","4460":"htik","4461":"alvi","4462":"iver","4463":"ojel","4464":"unai","4465":"ioin","4466":" you","4467":"ipai","4468":"holl","4469":"aase","4470":"iona","4471":"neil","4472":"t\u00f6st","4473":"peas","4474":"kome","4475":"aass","4476":"ust ","4477":"ohde","4478":"kisa","4479":"rjai","4480":"tk\u00e4\u00e4","4481":"iite","4482":"rkon","4483":"ssis","4484":"m\u00e4rt","4485":"past","4486":"aski","4487":"lemp","4488":"\u00e4kse","4489":"joho","4490":"isma","4491":"okin","4492":"lari","4493":" sor","4494":"hvis","4495":" pir","4496":"y\u00f6dy","4497":"uees","4498":"ouse","4499":"lko ","4500":"aura","4501":" eil","4502":"pait","4503":"rise","4504":"elia","4505":"noks","4506":"hd\u00e4\u00e4","4507":"ilus","4508":"lkop","4509":"h\u00e4vi","4510":"paav","4511":"ympi","4512":"pais","4513":"inus","4514":"soll","4515":"hy\u00f6d","4516":"tety","4517":"pula","4518":"atav","4519":"anda","4520":"tuiv","4521":"saap","4522":"kait","4523":"kin\u00e4","4524":"l\u00e4tt","4525":" to ","4526":"uhta","4527":"nata","4528":"elat","4529":"pult","4530":"ituu","4531":"vaim","4532":"ieti","4533":"\u00e4\u00e4ka","4534":"kk\u00f6 ","4535":"ias ","4536":"rova","4537":"rool","4538":"\u00e4k\u00e4\u00e4","4539":"aint","4540":"m\u00e4rr","4541":"lite","4542":"krei","4543":"kkas","4544":"tova","4545":" ber","4546":"neel","4547":"ring","4548":"ekko","4549":"ik\u00e4i","4550":" nat","4551":"inat","4552":"\u00e4est","4553":"olim","4554":"enit","4555":"lkei","4556":"j\u00e4\u00e4k","4557":"toeh","4558":"htoe","4559":"eute","4560":"pi\u00e4 ","4561":"rrok","4562":"rkku","4563":"rdin","4564":"gani","4565":"polt","4566":"stoo","4567":"llia","4568":"ivas","4569":"tian","4570":"ooma","4571":"trin","4572":"pera","4573":"kaka","4574":"urku","4575":" isk","4576":"keel","4577":"ahin","4578":"rain","4579":"rvat","4580":"utua","4581":"umpp","4582":"ykk\u00e4","4583":"akoi","4584":"iero","4585":"andi","4586":"ytyi","4587":"riip","4588":"lime","4589":"noi ","4590":"luov","4591":"nmuu","4592":"marr","4593":"ino ","4594":"alet","4595":"j\u00e4i ","4596":"kkii","4597":"nuut","4598":"iso ","4599":"hten","4600":"komi","4601":"ioni","4602":"laht","4603":"\u00f6ist","4604":"viid","4605":"yypp","4606":"veli","4607":"llu ","4608":"d\u00e4t ","4609":"pys\u00e4","4610":"rail","4611":"tkel","4612":"otis","4613":"rros","4614":"naut","4615":"tuaa","4616":" olo","4617":"rauk","4618":"over","4619":"kula","4620":" d ","4621":"uhka","4622":"nsio","4623":"imek","4624":"tsis","4625":"np\u00e4i","4626":"vilj","4627":"stua","4628":" sau","4629":"s\u00e4ku","4630":"kuop","4631":"tios","4632":"lmik","4633":"ipuo","4634":"vite","4635":"kiek","4636":"gist","4637":"paha","4638":"\u00f6ske","4639":"slai","4640":"ajas","4641":"yiv\u00e4","4642":"sori","4643":"enp\u00e4","4644":"tri\u00e4","4645":" hit","4646":" auk","4647":"anav","4648":"yysi","4649":"iaat","4650":"uske","4651":"tita","4652":"osis","4653":"piva","4654":"anso","4655":"yh\u00e4 ","4656":"saak","4657":"atia","4658":"iv\u00e4l","4659":"eden","4660":"iita","4661":"kkan","4662":"leki","4663":"ppan","4664":"ahmo","4665":"y\u00f6ll","4666":"\u00e4mmi","4667":"p\u00e4\u00e4k","4668":"tail","4669":"emp\u00e4","4670":"ima ","4671":"rass","4672":"kumm","4673":"olto","4674":" rek","4675":"kkea","4676":"muse","4677":"ako ","4678":"aaku","4679":"rret","4680":"illu","4681":"vuus","4682":"vans","4683":"ymys","4684":"haut","4685":"kila","4686":"elpp","4687":"htoi","4688":"niko","4689":"irto","4690":"lome","4691":"\u00e4\u00e4te","4692":"yvi\u00e4","4693":"tern","4694":"teat","4695":"karj","4696":"hill","4697":"yl\u00e4n","4698":"eatt","4699":"lppo","4700":"esil","4701":"haku","4702":" hol","4703":"uroa","4704":" jaa","4705":"auka","4706":"mys ","4707":"jalt","4708":"ient","4709":"elik","4710":"uhut","4711":"ttum","4712":" mih","4713":" p ","4714":"evaa","4715":"ntat","4716":"lika","4717":"ampu","4718":" com","4719":"room","4720":"eto ","4721":"lkae","4722":"ymin","4723":"yppi","4724":"aida","4725":"nk\u00e4y","4726":"yypi","4727":"telo","4728":"oril","4729":"yyt\u00e4","4730":"eno ","4731":"nelm","4732":"nn\u00e4k","4733":"elei","4734":"lian","4735":"utoi","4736":"kelu","4737":" con","4738":"vihr","4739":"ahas","4740":"uola","4741":"ssai","4742":" ele","4743":"apor","4744":"haus","4745":" hah","4746":"sene","4747":"lute","4748":"hahm","4749":"aki ","4750":"irin","4751":"pasi","4752":"timi","4753":"\u00e4vis","4754":"akav","4755":"ula ","4756":" dig","4757":" nuk","4758":"ais ","4759":"eni\u00e4","4760":"uine","4761":"olym","4762":"oksu","4763":"kale","4764":"taat","4765":"rusk","4766":"skyl","4767":"nnik","4768":"sees","4769":"yrki","4770":"ihre","4771":"hjau","4772":"ik\u00e4l","4773":"p\u00e4il","4774":"lemi","4775":"eako","4776":"eat ","4777":"orga","4778":"nkoh","4779":"ttuv","4780":"anmu","4781":"elai","4782":"ard ","4783":"\u00f6koh","4784":"\u00f6yd\u00e4","4785":"ike ","4786":"ule ","4787":"jist","4788":"nalt","4789":"amia","4790":"esso","4791":"eina","4792":"simi","4793":"uon ","4794":"herr","4795":"v\u00e4es","4796":"rine","4797":"limi","4798":"rman","4799":"urun","4800":" j ","4801":"kiso","4802":"tkuv","4803":"omma","4804":"ik\u00f6 ","4805":"aroi","4806":"ksaa","4807":"emal","4808":"leni","4809":"ap\u00e4i","4810":"llet","4811":"appe","4812":"\u00e4j\u00e4l","4813":"nkis","4814":"lymp","4815":"aha ","4816":"apur","4817":"gan ","4818":"vetu","4819":"enos","4820":"taha","4821":" inf","4822":"\u00e4pi ","4823":"nnun","4824":"uki ","4825":"oses","4826":"paus","4827":"avil","4828":"itun","4829":"mpie","4830":"tema","4831":"eini","4832":"stia","4833":"rat ","4834":"\u00e4sty","4835":"espa","4836":"oren","4837":"uvit","4838":"tilo","4839":"lism","4840":"aaka","4841":"era ","4842":" lih","4843":"tsut","4844":"leja","4845":"murh","4846":"hier","4847":"\u00e4kau","4848":"taju","4849":"itu ","4850":"riso","4851":"teor","4852":"aihd","4853":"veyd","4854":"hite","4855":"uras","4856":"eika","4857":"htau","4858":"asis","4859":"\u00e4rsi","4860":"jous","4861":"atim","4862":"erne","4863":"roni","4864":"rvin","4865":"r\u00e4tt","4866":"jant","4867":"sivi","4868":"iot ","4869":"ikok","4870":"hjan","4871":"ispa","4872":"apel","4873":"iill","4874":"reet","4875":"hokk","4876":" pih","4877":"anil","4878":"rial","4879":"opuo","4880":"erho","4881":"n\u00e4ku","4882":"tuos","4883":"veto","4884":"iisa","4885":"inva","4886":"vaki","4887":"piin","4888":"ova ","4889":"koho","4890":"homm","4891":"kees","4892":"eilt","4893":"tkus","4894":"uoda","4895":"\u00e4itt","4896":" que","4897":" mau","4898":"trat","4899":"ensu","4900":"v\u00e4hi","4901":"keet","4902":"ller","4903":" num","4904":"onte","4905":"upuo","4906":"tkij","4907":" vis","4908":"urat","4909":"digi","4910":"sasi","4911":"\u00e4ltt","4912":"tota","4913":"aimo","4914":"n\u00e4ki","4915":"rvaa","4916":"ajil","4917":"tuje","4918":"ertt","4919":"uipp","4920":"vene","4921":"lein","4922":"hai ","4923":"reid","4924":"r\u00e4\u00e4 ","4925":"alut","4926":"rt\u00e4\u00e4","4927":" eni","4928":"diss","4929":"erni","4930":"\u00e4hd\u00e4","4931":"atun","4932":"y\u00f6tt","4933":"leit","4934":" j\u00e4n","4935":"ale ","4936":"kuiv","4937":"yn\u00e4 ","4938":"alak","4939":"ulaa","4940":"otku","4941":" pui","4942":"enra","4943":"rrat","4944":" ste","4945":"aaje","4946":" ita","4947":"mata","4948":"rtom","4949":" haj","4950":" hiu","4951":"usik","4952":" fre","4953":"kous","4954":"juli","4955":"suu ","4956":" lup","4957":"lipi","4958":"ukio","4959":"omus","4960":"jako","4961":"puu ","4962":"tone","4963":"erja","4964":"aamm","4965":"itaj","4966":"akku","4967":"anoa","4968":"jyv\u00e4","4969":"lipp","4970":"der ","4971":"inot","4972":"vet\u00e4","4973":"\u00e4\u00e4ti","4974":"rote","4975":"all ","4976":"kopu","4977":"kkak","4978":"anat","4979":"ntap","4980":"nval","4981":"uaa ","4982":"lot ","4983":"tkan","4984":"uvot","4985":"h\u00e4nt","4986":" koe","4987":"dusk","4988":"olmi","4989":"kaen","4990":"iiht","4991":"ones","4992":"maku","4993":"hmin","4994":"denk","4995":"laka","4996":"rump","4997":"satt","4998":"oido","4999":"ent "}}