{"fra":{"0":"de","1":"la","2":"le","3":"et","4":"les","5":"en","6":"des","7":"num","8":"est","9":"un","10":"du","11":"pour","12":"que","13":"une","14":"dans","15":"il","16":"qui","17":"pas","18":"au","19":"je","20":"par","21":"sur","22":"plus","23":"ce","24":"avec","25":"vous","26":"mais","27":"se","28":"on","29":"ou","30":"ne","31":"sont","32":"son","33":"comme","34":"cette","35":"fait","36":"\u00e7a","37":"aux","38":"sa","39":"tout","40":"elle","41":"nous","42":"si","43":"ai","44":"tu","45":"ont","46":"m\u00eame","47":"bien","48":"qu","49":"me","50":"\u00e9t\u00e9","51":"ses","52":"faire","53":"\u00eatre","54":"aussi","55":"dun","56":"deux","57":"ils","58":"leur","59":"tr\u00e8s","60":"ces","61":"dune","62":"mon","63":"peut","64":"cest","65":"quand","66":"apr\u00e8s","67":"lui","68":"tous","69":"entre","70":"moi","71":"\u00e9tait","72":"suis","73":"ma","74":"votre","75":"sans","76":"alors","77":"ans","78":"depuis","79":"o\u00f9","80":"non","81":"va","82":"encore","83":"donc","84":"trop","85":"ainsi","86":"temps","87":"dont","88":"vie","89":"fois","90":"monde","91":"avoir","92":"quil","93":"contre","94":"notre","95":"france","96":"sous","97":"peu","98":"pays","99":"bon","100":"l\u00e0","101":"avant","102":"faut","103":"toujours","104":"\u00e9galement","105":"ville","106":"moins","107":"dit","108":"autres","109":"premier","110":"te","111":"voir","112":"leurs","113":"soit","114":"premi\u00e8re","115":"jour","116":"mes","117":"avait","118":"rien","119":"grand","120":"nos","121":"chez","122":"plusieurs","123":"toute","124":"jamais","125":"partie","126":"vos","127":"d\u00e9j\u00e0","128":"fin","129":"lors","130":"cas","131":"toutes","132":"autre","133":"toi","134":"selon","135":"sera","136":"comment","137":"gens","138":"cours","139":"nom","140":"nest","141":"vraiment","142":"ann\u00e9es","143":"quelques","144":"personnes","145":"dire","146":"personne","147":"trois","148":"nouveau","149":"place","150":"quoi","151":"chaque","152":"fran\u00e7ais","153":"mois","154":"ann\u00e9e","155":"vers","156":"pendant","157":"juste","158":"fut","159":"beaucoup","160":"car","161":"puis","162":"grande","163":"prix","164":"cet","165":"nouvelle","166":"es","167":"cela","168":"jai","169":"oui","170":"suite","171":"jours","172":"bonne","173":"merci","174":"politique","175":"compte","176":"petit","177":"vu","178":"travail","179":"doit","180":"guerre","181":"ton","182":"partir","183":"groupe","184":"famille","185":"certains","186":"part","187":"quelle","188":"ceux","189":"moment","190":"dautres","191":"mort","192":"pr\u00e9sident","193":"souvent","194":"reste","195":"nombre","196":"vais","197":"as","198":"lieu","199":"via","200":"ta","201":"seul","202":"aime","203":"eu","204":"dernier","205":"vid\u00e9o","206":"point","207":"gouvernement","208":"parce","209":"peuvent","210":"exemple","211":"r\u00e9gion","212":"trouve","213":"maison","214":"site","215":"notamment","216":"mal","217":"centre","218":"afin","219":"projet","220":"elles","221":"pouvoir","222":"prendre","223":"surtout","224":"mieux","225":"veut","226":"droit","227":"effet","228":"d\u00e8s","229":"ici","230":"genre","231":"paris","232":"avez","233":"d\u00e9but","234":"syst\u00e8me","235":"tant","236":"permet","237":"sais","238":"recherche","239":"niveau","240":"celui","241":"commune","242":"fais","243":"pourquoi","244":"enfants","245":"vrai","246":"devant","247":"soir","248":"mettre","249":"demande","250":"sest","251":"na","252":"font","253":"face","254":"nord","255":"besoin","256":"ca","257":"semaine","258":"jusqu\u00e0","259":"nombreux","260":"femme","261":"film","262":"celle","263":"soci\u00e9t\u00e9","264":"\u00e9taient","265":"pr\u00e8s","266":"gt","267":"aller","268":"coup","269":"forme","270":"question","271":"gros","272":"maintenant","273":"seulement","274":"donne","275":"conseil","276":"peux","277":"service","278":"t\u00eate","279":"ligne","280":"parle","281":"mdr","282":"enfin","283":"petite","284":"raison","285":"chose","286":"gr\u00e2ce","287":"veux","288":"sens","289":"journ\u00e9e","290":"belle","291":"possible","292":"savoir","293":"dieu","294":"dis","295":"pense","296":"jeu","297":"rapport","298":"cependant","299":"parti","300":"c\u00f4t\u00e9","301":"quel","302":"d\u00e9veloppement","303":"sud","304":"passe","305":"tour","306":"ministre","307":"services","308":"population","309":"membres","310":"tellement","311":"m\u00e8re","312":"roi","313":"mise","314":"millions","315":"aujourdhui","316":"fran\u00e7aise","317":"vue","318":"eux","319":"base","320":"produits","321":"femmes","322":"certaines","323":"g\u00e9n\u00e9ral","324":"loi","325":"seule","326":"homme","327":"parfois","328":"plan","329":"aurait","330":"vient","331":"p\u00e9riode","332":"sant\u00e9","333":"the","334":"etc","335":"mis","336":"ni","337":"avons","338":"parler","339":"corps","340":"serait","341":"belgique","342":"terre","343":"nationale","344":"formation","345":"cause","346":"retour","347":"p\u00e8re","348":"histoire","349":"passer","350":"jeune","351":"hommes","352":"derni\u00e8re","353":"fa\u00e7on","354":"qualit\u00e9","355":"probl\u00e8me","356":"aujourd","357":"durant","358":"grands","359":"hui","360":"lorsque","361":"fort","362":"s\u00e9rie","363":"assez","364":"mai","365":"titre","366":"\u00eates","367":"fils","368":"juin","369":"lon","370":"pris","371":"quatre","372":"tard","373":"type","374":"musique","375":"an","376":"public","377":"mars","378":"fonction","379":"programme","380":"\u00e9tant","381":"nouvelles","382":"important","383":"matin","384":"rue","385":"\u00e9tat","386":"parmi","387":"cadre","388":"jeunes","389":"photo","390":"aucune","391":"prend","392":"langue","393":"donn\u00e9es","394":"meilleur","395":"chambre","396":"mani\u00e8re","397":"donner","398":"ensuite","399":"ah","400":"aucun","401":"porte","402":"devient","403":"match","404":"saison","405":"grave","406":"envie","407":"offre","408":"vont","409":"produit","410":"nuit","411":"long","412":"choix","413":"janvier","414":"vois","415":"existe","416":"avais","417":"seront","418":"s\u00e9curit\u00e9","419":"ayant","420":"beau","421":"quils","422":"propre","423":"viens","424":"jean","425":"fille","426":"\u00e9quipe","427":"terme","428":"juillet","429":"situation","430":"trouver","431":"septembre","432":"bonjour","433":"pu","434":"met","435":"habitants","436":"octobre","437":"nombreuses","438":"force","439":"deuxi\u00e8me","440":"l\u00e9tat","441":"canada","442":"photos","443":"tes","444":"arrive","445":"loin","446":"national","447":"r\u00f4le","448":"march\u00e9","449":"bah","450":"aura","451":"but","452":"autour","453":"moyen","454":"heures","455":"sommes","456":"gars","457":"pass\u00e9","458":"club","459":"direction","460":"plut\u00f4t","461":"lun","462":"sait","463":"donn\u00e9","464":"laquelle","465":"quelque","466":"pouvez","467":"commence","468":"livre","469":"voit","470":"simple","471":"date","472":"quon","473":"haut","474":"entreprises","475":"choses","476":"autant","477":"pr\u00e9sente","478":"amis","479":"milieu","480":"d\u00e9cembre","481":"premiers","482":"mec","483":"vite","484":"novembre","485":"demain","486":"ensemble","487":"sagit","488":"succ\u00e8s","489":"liste","490":"malgr\u00e9","491":"saint","492":"crois","493":"bruxelles","494":"cameroun","495":"minutes","496":"main","497":"diff\u00e9rents","498":"super","499":"adresse","500":"rencontre","501":"mer","502":"grandes","503":"domaine","504":"qu\u00e9bec","505":"travaux","506":"lann\u00e9e","507":"lire","508":"production","509":"hier","510":"environ","511":"bois","512":"mouvement","513":"cr\u00e9ation","514":"chef","515":"faites","516":"construction","517":"of","518":"\u00e9crit","519":"version","520":"gestion","521":"culture","522":"train","523":"d\u00eatre","524":"plein","525":"cinq","526":"bas","527":"pr","528":"plupart","529":"jeux","530":"\u00e9tatsunis","531":"territoire","532":"seconde","533":"c\u0153ur","534":"lhistoire","535":"mot","536":"twitter","537":"heure","538":"pierre","539":"quune","540":"route","541":"travers","542":"\u00e9conomique","543":"compris","544":"mode","545":"pourtant","546":"mesure","547":"conditions","548":"diff\u00e9rentes","549":"r\u00e9seau","550":"avril","551":"connu","552":"particulier","553":"ailleurs","554":"campagne","555":"venir","556":"propose","557":"voici","558":"doivent","559":"lensemble","560":"points","561":"sein","562":"allez","563":"plaisir","564":"fr\u00e8re","565":"quun","566":"nouveaux","567":"vas","568":"vivre","569":"nature","570":"amp","571":"politiques","572":"salle","573":"droits","574":"sujet","575":"dimanche","576":"mondiale","577":"taux","578":"jouer","579":"longtemps","580":"vacances","581":"luniversit\u00e9","582":"tel","583":"rendre","584":"truc","585":"activit\u00e9s","586":"jsuis","587":"petits","588":"amour","589":"internet","590":"meilleure","591":"international","592":"importante","593":"rapidement","594":"anglais","595":"mati\u00e8re","596":"peuple","597":"gauche","598":"esp\u00e8re","599":"utilis\u00e9","600":"leau","601":"pourrait","602":"voix","603":"pr\u00e9sence","604":"comprendre","605":"risque","606":"accord","607":"pratique","608":"cour","609":"r\u00e9publique","610":"soleil","611":"chacun","612":"\u00e9tais","613":"droite","614":"valeur","615":"questions","616":"actuellement","617":"presse","618":"louis","619":"hein","620":"manque","621":"situ\u00e9e","622":"presque","623":"sortir","624":"t\u00e9l\u00e9phone","625":"sinon","626":"noir","627":"vendredi","628":"web","629":"l\u00e9poque","630":"technique","631":"sc\u00e8ne","632":"air","633":"publi\u00e9","634":"quelqu","635":"tweet","636":"peur","637":"prise","638":"police","639":"er","640":"rouge","641":"informations","642":"article","643":"marque","644":"secteur","645":"soutien","646":"europe","647":"toutefois","648":"f\u00e9vrier","649":"lannonce","650":"merde","651":"\u00e9poque","652":"mod\u00e8le","653":"r\u00e9sultats","654":"professionnels","655":"pire","656":"sil","657":"annonce","658":"d\u00e9sormais","659":"charles","660":"appel","661":"facile","662":"poste","663":"devrait","664":"projets","665":"voiture","666":"quartier","667":"cr\u00e9er","668":"lune","669":"km","670":"finalement","671":"si\u00e8cle","672":"paix","673":"semble","674":"nouvel","675":"situ\u00e9","676":"fond","677":"d\u00e9part","678":"voil\u00e0","679":"d\u00e9partement","680":"probl\u00e8mes","681":"ny","682":"crise","683":"sort","684":"in","685":"premi\u00e8res","686":"justice","687":"soir\u00e9e","688":"contr\u00f4le","689":"semaines","690":"ao\u00fbt","691":"voyage","692":"aider","693":"jusqu","694":"dabord","695":"top","696":"comprend","697":"classe","698":"cuisine","699":"source","700":"taille","701":"continue","702":"parents","703":"l\u00e9glise","704":"peine","705":"meilleurs","706":"r\u00e9alit\u00e9","707":"particuli\u00e8rement","708":"avaient","709":"communaut\u00e9","710":"\u00e9tudes","711":"code","712":"g\u00e9n\u00e9rale","713":"villes","714":"style","715":"membre","716":"libre","717":"enfant","718":"yeux","719":"groupes","720":"permis","721":"laisse","722":"fou","723":"lhomme","724":"\u00e9tats","725":"proche","726":"capitale","727":"troisi\u00e8me","728":"joueurs","729":"celles","730":"g\u00e9n\u00e9ralement","731":"frais","732":"clients","733":"europ\u00e9enne","734":"mdrr","735":"lundi","736":"laide","737":"derri\u00e8re","738":"direct","739":"solution","740":"r\u00e9gions","741":"album","742":"samedi","743":"mm","744":"zone","745":"courant","746":"village","747":"n\u00e9","748":"devenir","749":"protection","750":"new","751":"ya","752":"bureau","753":"or","754":"marche","755":"page","756":"belge","757":"dailleurs","758":"lautre","759":"majorit\u00e9","760":"cm","761":"entreprise","762":"fran\u00e7ois","763":"f\u00eate","764":"ii","765":"carte","766":"\u00e9cole","767":"simplement","768":"visite","769":"sauf","770":"\u00e9lections","771":"d\u00e9couvrir","772":"publique","773":"lordre","774":"mots","775":"chine","776":"davoir","777":"mariage","778":"aupr\u00e8s","779":"terrain","780":"avis","781":"regarde","782":"couleur","783":"directement","784":"sortie","785":"regarder","786":"vente","787":"port","788":"retrouve","789":"couple","790":"commerce","791":"communication","792":"bient\u00f4t","793":"soient","794":"feu","795":"six","796":"victoire","797":"rend","798":"doute","799":"partout","800":"principalement","801":"passage","802":"s\u00fbr","803":"macron","804":"gagner","805":"faisant","806":"joue","807":"libert\u00e9","808":"lequel","809":"nont","810":"concernant","811":"forte","812":"appelle","813":"derni\u00e8res","814":"coeur","815":"r\u00e9gime","816":"cin\u00e9ma","817":"outre","818":"communes","819":"chaud","820":"putain","821":"l\u00e9quipe","822":"physique","823":"connais","824":"argent","825":"personnel","826":"sociale","827":"changer","828":"fini","829":"affaires","830":"pied","831":"ouais","832":"surface","833":"furent","834":"mesures","835":"social","836":"lorigine","837":"bout","838":"parc","839":"bande","840":"propos","841":"relation","842":"m\u00eames","843":"\u0153uvre","844":"couleurs","845":"films","846":"wsh","847":"celuici","848":"deau","849":"meme","850":"certain","851":"longue","852":"sport","853":"contact","854":"suivant","855":"moyenne","856":"double","857":"aide","858":"internationale","859":"pr\u00e9sent","860":"perdu","861":"hors","862":"commission","863":"montre","864":"vieux","865":"quen","866":"derniers","867":"rester","868":"id\u00e9e","869":"message","870":"grosse","871":"blanc","872":"r\u00e9sultat","873":"r\u00e9ponse","874":"confiance","875":"difficile","876":"eau","877":"num\u00e9ro","878":"joueur","879":"filles","880":"larm\u00e9e","881":"roman","882":"afrique","883":"disponible","884":"dessus","885":"th\u00e9orie","886":"exp\u00e9rience","887":"acheter","888":"position","889":"poss\u00e8de","890":"d\u00e9cision","891":"texte","892":"unique","893":"puisque","894":"qu\u00e0","895":"jeudi","896":"n\u00e9cessaire","897":"manger","898":"devenu","899":"ancien","900":"second","901":"compagnie","902":"tels","903":"traitement","904":"festival","905":"am\u00e9ricain","906":"suivre","907":"utiliser","908":"vs","909":"tandis","910":"suivi","911":"demander","912":"total","913":"charge","914":"chemin","915":"quant","916":"carri\u00e8re","917":"voie","918":"permettre","919":"haute","920":"relations","921":"parties","922":"sol","923":"souhaite","924":"\u00e2ge","925":"garde","926":"magnifique","927":"lunion","928":"principal","929":"montr\u00e9al","930":"meuf","931":"si\u00e8ge","932":"cher","933":"sept","934":"techniques","935":"fonds","936":"dur\u00e9e","937":"militaire","938":"comit\u00e9","939":"concours","940":"respect","941":"maire","942":"mardi","943":"cest\u00e0dire","944":"mercredi","945":"province","946":"ptn","947":"processus","948":"moyens","949":"langues","950":"forces","951":"r\u00e8gles","952":"directeur","953":"vendre","954":"quelles","955":"monsieur","956":"trouv\u00e9","957":"allah","958":"r\u00e9pondre","959":"lumi\u00e8re","960":"loccasion","961":"cr\u00e9\u00e9","962":"large","963":"appel\u00e9","964":"populaire","965":"oh","966":"compos\u00e9","967":"divers","968":"lutte","969":"lest","970":"moderne","971":"espace","972":"mdrrr","973":"prochain","974":"lit","975":"principe","976":"re\u00e7u","977":"l\u00e9cole","978":"ait","979":"d\u00e9fense","980":"responsable","981":"commun","982":"\u00e9tudiants","983":"clairement","984":"activit\u00e9","985":"images","986":"laisser","987":"salon","988":"ami","989":"lien","990":"impression","991":"neuf","992":"john","993":"syst\u00e8mes","994":"chance","995":"sociaux","996":"ch\u00e2teau","997":"possibilit\u00e9","998":"radio","999":"journal","1000":"sites","1001":"fer","1002":"\u00e9l\u00e8ves","1003":"coupe","1004":"sciences","1005":"contraire","1006":"transport","1007":"moiti\u00e9","1008":"\u00e9l\u00e9ments","1009":"ligue","1010":"temp\u00e9rature","1011":"banque","1012":"ok","1013":"change","1014":"contrat","1015":"travailler","1016":"anniversaire","1017":"table","1018":"veulent","1019":"termes","1020":"pi\u00e8ces","1021":"cherche","1022":"dollars","1023":"dois","1024":"historique","1025":"retrouver","1026":"d\u00fb","1027":"connaissance","1028":"critique","1029":"paul","1030":"livres","1031":"sorte","1032":"mobile","1033":"appartement","1034":"ex","1035":"jardin","1036":"penser","1037":"acc\u00e8s","1038":"cheveux","1039":"permettant","1040":"besoins","1041":"milliards","1042":"id\u00e9es","1043":"bataille","1044":"croire","1045":"bord","1046":"conna\u00eetre","1047":"v\u00e9ritable","1048":"rapide","1049":"mission","1050":"\u00e9coles","1051":"chambres","1052":"gaz","1053":"payer","1054":"masse","1055":"ben","1056":"lol","1057":"types","1058":"gratuit","1059":"conseils","1060":"m\u00e9moire","1061":"faible","1062":"limite","1063":"personnage","1064":"s\u00e9jour","1065":"vitesse","1066":"familles","1067":"tt","1068":"lint\u00e9rieur","1069":"\u00e9lectrique","1070":"bravo","1071":"bonheur","1072":"permettent","1073":"solutions","1074":"fonctions","1075":"animaux","1076":"morts","1077":"faisait","1078":"militaires","1079":"th\u00e9\u00e2tre","1080":"nomm\u00e9","1081":"jusquau","1082":"luim\u00eame","1083":"capacit\u00e9","1084":"articles","1085":"zones","1086":"commencer","1087":"discours","1088":"r\u00e9volution","1089":"anciens","1090":"dormir","1091":"lespace","1092":"scientifique","1093":"objectif","1094":"image","1095":"dix","1096":"s\u00e9rieux","1097":"\u00e9lu","1098":"d\u00e9couverte","1099":"peut\u00eatre","1100":"attention","1101":"euros","1102":"faite","1103":"cit\u00e9","1104":"rire","1105":"combat","1106":"\u00e9tude","1107":"finale","1108":"dorigine","1109":"ptdr","1110":"lignes","1111":"candidat","1112":"artistes","1113":"lempire","1114":"calme","1115":"ajout\u00e9","1116":"importe","1117":"ci","1118":"chercher","1119":"ouvert","1120":"telle","1121":"choisir","1122":"diverses","1123":"pr\u00eat","1124":"diff\u00e9rence","1125":"lois","1126":"occasion","1127":"impossible","1128":"emploi","1129":"voulez","1130":"d\u00e9cid\u00e9","1131":"\u00e9dition","1132":"philippe","1133":"esp\u00e8ces","1134":"maladie","1135":"note","1136":"prochaine","1137":"dehors","1138":"petites","1139":"suisse","1140":"t\u00f4t","1141":"concert","1142":"proximit\u00e9","1143":"arr\u00eater","1144":"moteur","1145":"ancienne","1146":"action","1147":"textes","1148":"uniquement","1149":"compl\u00e8tement","1150":"r\u00e9ussi","1151":"incroyable","1152":"louer","1153":"aurais","1154":"celleci","1155":"no\u00ebl","1156":"utilis\u00e9e","1157":"croissance","1158":"pourra","1159":"louest","1160":"mus\u00e9e","1161":"m\u00e8tres","1162":"rome","1163":"parlement","1164":"minist\u00e8re","1165":"absolument","1166":"go","1167":"explique","1168":"svp","1169":"m\u00e9thode","1170":"arm\u00e9e","1171":"affaire","1172":"lancien","1173":"commenc\u00e9","1174":"bref","1175":"jacques","1176":"structure","1177":"europ\u00e9en","1178":"mauvais","1179":"concept","1180":"sup\u00e9rieur","1181":"lecture","1182":"facilement","1183":"dapr\u00e8s","1184":"ressources","1185":"totalement","1186":"\u0153uvres","1187":"conf\u00e9rence","1188":"pouvait","1189":"atteint","1190":"soci\u00e9t\u00e9s","1191":"confinement","1192":"normal","1193":"religion","1194":"raisons","1195":"changement","1196":"pi\u00e8ce","1197":"r\u00e9f\u00e9rence","1198":"revient","1199":"japon","1200":"r\u00e9alis\u00e9","1201":"pote","1202":"bus","1203":"propres","1204":"langage","1205":"pression","1206":"m\u00e9dias","1207":"nul","1208":"royaume","1209":"naissance","1210":"chinois","1211":"pape","1212":"art","1213":"am\u00e9ricaine","1214":"palais","1215":"prison","1216":"mondial","1217":"to","1218":"n\u00e9anmoins","1219":"statut","1220":"r\u00e9union","1221":"\u00e8me","1222":"r\u00e9seaux","1223":"court","1224":"puissance","1225":"trait\u00e9","1226":"\u00e9viter","1227":"cha\u00eene","1228":"champ","1229":"faits","1230":"portes","1231":"lorganisation","1232":"demand\u00e9","1233":"pcq","1234":"valeurs","1235":"constitue","1236":"tient","1237":"l\u00eele","1238":"conna\u00eet","1239":"c\u00e9tait","1240":"ceci","1241":"ajouter","1242":"philosophie","1243":"lettre","1244":"vent","1245":"dur","1246":"lutilisation","1247":"formes","1248":"d\u00e9bat","1249":"l\u00e2ge","1250":"mains","1251":"poids","1252":"budget","1253":"stade","1254":"faux","1255":"partager","1256":"c\u00e9l\u00e8bre","1257":"dirait","1258":"michel","1259":"profiter","1260":"sen","1261":"documents","1262":"finir","1263":"pro","1264":"\u00e9v\u00e9nements","1265":"utilise","1266":"vid\u00e9os","1267":"re","1268":"station","1269":"parfait","1270":"fil","1271":"caract\u00e8re","1272":"\u00e9pisode","1273":"dispose","1274":"perdre","1275":"principaux","1276":"c\u00f4te","1277":"marie","1278":"restaurant","1279":"lenvironnement","1280":"peau","1281":"principale","1282":"b\u00e2timent","1283":"distance","1284":"qd","1285":"sources","1286":"spectacle","1287":"venez","1288":"pose","1289":"r\u00eave","1290":"largement","1291":"rappelle","1292":"scientifiques","1293":"lair","1294":"priv\u00e9","1295":"ferme","1296":"caract\u00e9ristiques","1297":"contenu","1298":"lentreprise","1299":"lieux","1300":"sy","1301":"pleine","1302":"gare","1303":"live","1304":"sert","1305":"connaissances","1306":"arts","1307":"voire","1308":"repr\u00e9sente","1309":"centrale","1310":"combien","1311":"robert","1312":"r\u00e9aliser","1313":"arr\u00eate","1314":"larticle","1315":"plan\u00e8te","1316":"attaque","1317":"canton","1318":"client","1319":"prot\u00e9ger","1320":"info","1321":"am\u00e9ricains","1322":"bonnes","1323":"contexte","1324":"naturel","1325":"consid\u00e9r\u00e9","1326":"publics","1327":"noms","1328":"york","1329":"bcp","1330":"comprends","1331":"personnages","1332":"course","1333":"futur","1334":"construit","1335":"hauteur","1336":"disposition","1337":"vit","1338":"min","1339":"violence","1340":"r\u00e9guli\u00e8rement","1341":"heureux","1342":"lobjet","1343":"and","1344":"obtenir","1345":"classique","1346":"vaut","1347":"quotidien","1348":"allemagne","1349":"dossier","1350":"\u00e9toiles","1351":"participation","1352":"pens\u00e9e","1353":"plantes","1354":"kilom\u00e8tres","1355":"triste","1356":"constitution","1357":"re\u00e7oit","1358":"arriver","1359":"endroit","1360":"david","1361":"victimes","1362":"partage","1363":"probablement","1364":"pareil","1365":"apprendre","1366":"papier","1367":"auteurs","1368":"sang","1369":"programmes","1370":"pratiques","1371":"vision","1372":"recherches","1373":"ps","1374":"juge","1375":"lassociation","1376":"maximum","1377":"tombe","1378":"complet","1379":"collection","1380":"coll\u00e8ge","1381":"officielle","1382":"fit","1383":"entier","1384":"parcours","1385":"blanche","1386":"propri\u00e9t\u00e9","1387":"etre","1388":"trump","1389":"lindustrie","1390":"volont\u00e9","1391":"l\u00e9conomie","1392":"principales","1393":"b\u00e9b\u00e9","1394":"d\u00e9couvrez","1395":"belles","1396":"vote","1397":"malade","1398":"logement","1399":"henri","1400":"machine","1401":"st","1402":"mat\u00e9riel","1403":"don","1404":"partis","1405":"devoir","1406":"ordre","1407":"dites","1408":"fera","1409":"condition","1410":"telles","1411":"complexe","1412":"coronavirus","1413":"objets","1414":"facebook","1415":"enti\u00e8rement","1416":"v\u00e9rit\u00e9","1417":"ouf","1418":"participer","1419":"troupes","1420":"lart","1421":"prince","1422":"agr\u00e9able","1423":"lettres","1424":"r\u00e9duire","1425":"m\u00e9decine","1426":"commande","1427":"covid","1428":"lid\u00e9e","1429":"d\u00e9velopper","1430":"final","1431":"cat\u00e9gorie","1432":"britannique","1433":"allemand","1434":"utilis\u00e9s","1435":"porter","1436":"concerne","1437":"\u00e9conomiques","1438":"d\u00e9cide","1439":"actions","1440":"chanson","1441":"lac","1442":"championnat","1443":"jeunesse","1444":"construire","1445":"allait","1446":"application","1447":"plage","1448":"continuer","1449":"choisi","1450":"signe","1451":"ma\u00eetre","1452":"nan","1453":"van","1454":"bons","1455":"d\u00e9tails","1456":"collaboration","1457":"professeur","1458":"eh","1459":"devait","1460":"russie","1461":"section","1462":"suivante","1463":"d\u00e9put\u00e9","1464":"n\u00e9tait","1465":"enqu\u00eate","1466":"certaine","1467":"end","1468":"c\u00f4t\u00e9s","1469":"viennent","1470":"climat","1471":"minimum","1472":"montrer","1473":"locaux","1474":"compl\u00e8te","1475":"annonc\u00e9","1476":"compter","1477":"dr\u00f4le","1478":"trucs","1479":"touche","1480":"tours","1481":"officiellement","1482":"milliers","1483":"rendu","1484":"travaille","1485":"maisons","1486":"r\u00e9forme","1487":"places","1488":"puisse","1489":"professionnel","1490":"lu","1491":"secr\u00e9taire","1492":"lance","1493":"football","1494":"esprit","1495":"tradition","1496":"dautre","1497":"rendez","1498":"beaut\u00e9","1499":"video","1500":"disent","1501":"soins","1502":"domicile","1503":"attendre","1504":"information","1505":"effets","1506":"vert","1507":"front","1508":"vol","1509":"disponibles","1510":"proches","1511":"pieds","1512":"\u00e9quipes","1513":"arriv\u00e9","1514":"offrir","1515":"envers","1516":"essayer","1517":"no","1518":"week","1519":"soi","1520":"gueule","1521":"fermeture","1522":"con","1523":"douala","1524":"organisation","1525":"portant","1526":"al","1527":"officiel","1528":"pa","1529":"plans","1530":"go\u00fbt","1531":"candidats","1532":"limage","1533":"haine","1534":"document","1535":"suffit","1536":"canal","1537":"iii","1538":"figure","1539":"citoyens","1540":"lenseignement","1541":"capable","1542":"comptes","1543":"mandat","1544":"pont","1545":"v\u00e9hicule","1546":"logique","1547":"midi","1548":"t\u00e9l\u00e9vision","1549":"arr\u00eat\u00e9","1550":"financi\u00e8re","1551":"tomber","1552":"poser","1553":"pr\u00e9sent\u00e9","1554":"fronti\u00e8re","1555":"foi","1556":"parole","1557":"conscience","1558":"montant","1559":"excellent","1560":"tente","1561":"domaines","1562":"populations","1563":"jusquen","1564":"terres","1565":"central","1566":"objet","1567":"actuelle","1568":"tableau","1569":"contient","1570":"signifie","1571":"r\u00e9el","1572":"science","1573":"tendance","1574":"tourisme","1575":"lyc\u00e9e","1576":"ph\u00e9nom\u00e8ne","1577":"vin","1578":"belges","1579":"professionnelle","1580":"livraison","1581":"fortement","1582":"connue","1583":"di","1584":"leurope","1585":"dm","1586":"visage","1587":"froid","1588":"humain","1589":"preuve","1590":"description","1591":"vraie","1592":"max","1593":"utile","1594":"quitte","1595":"seuls","1596":"armes","1597":"beaux","1598":"analyse","1599":"servir","1600":"revenir","1601":"actuel","1602":"consommation","1603":"d\u00e9finition","1604":"r\u00e9action","1605":"ciel","1606":"centres","1607":"londres","1608":"pr\u00e9f\u00e8re","1609":"bras","1610":"patrimoine","1611":"riche","1612":"efficace","1613":"europ\u00e9ens","1614":"commentaires","1615":"davantage","1616":"diffusion","1617":"latin","1618":"garder","1619":"d\u00e9pend","1620":"royal","1621":"s\u0153ur","1622":"humaine","1623":"pr\u00e9senter","1624":"perso","1625":"cool","1626":"voulais","1627":"foot","1628":"studio","1629":"\u00e9nergie","1630":"exactement","1631":"pr\u00e9vu","1632":"liens","1633":"phase","1634":"promotion","1635":"chien","1636":"fr\u00e8res","1637":"clair","1638":"entendre","1639":"proposer","1640":"pute","1641":"nen","1642":"essentiellement","1643":"march\u00e9s","1644":"assurer","1645":"faveur","1646":"cr\u00e9e","1647":"dommage","1648":"meurt","1649":"tournoi","1650":"tenu","1651":"m\u00e9decin","1652":"envoie","1653":"attend","1654":"sociales","1655":"camp","1656":"champion","1657":"expliquer","1658":"r\u00e9sistance","1659":"savez","1660":"caf\u00e9","1661":"suit","1662":"gagne","1663":"litt\u00e9rature","1664":"g\u00e9rer","1665":"\u00e9couter","1666":"sac","1667":"den","1668":"dos","1669":"venu","1670":"appara\u00eet","1671":"trouvent","1672":"j\u00e9sus","1673":"profit","1674":"grec","1675":"\u00e9crire","1676":"parfaitement","1677":"local","1678":"italie","1679":"malheureusement","1680":"obtenu","1681":"somme","1682":"sommet","1683":"jvais","1684":"autorit\u00e9s","1685":"num\u00e9rique","1686":"co","1687":"journaliste","1688":"soutenir","1689":"renseignements","1690":"supprimer","1691":"m\u00e9tier","1692":"charg\u00e9","1693":"relativement","1694":"organis\u00e9","1695":"r\u00e8gne","1696":"claude","1697":"lassembl\u00e9e","1698":"int\u00e9r\u00eat","1699":"jaune","1700":"pr\u00e9sentation","1701":"responsabilit\u00e9","1702":"s\u00e9lection","1703":"strat\u00e9gie","1704":"soin","1705":"joseph","1706":"recevoir","1707":"courage","1708":"produire","1709":"mur","1710":"congr\u00e8s","1711":"avenir","1712":"li\u00e8ge","1713":"retard","1714":"bain","1715":"reprendre","1716":"location","1717":"proposition","1718":"imm\u00e9diatement","1719":"design","1720":"v\u00e9hicules","1721":"appel\u00e9e","1722":"nicolas","1723":"risques","1724":"outils","1725":"fleurs","1726":"envoyer","1727":"lait","1728":"institutions","1729":"bi","1730":"tenir","1731":"heureusement","1732":"priv\u00e9e","1733":"int\u00e9rieur","1734":"laction","1735":"jou\u00e9","1736":"tribunal","1737":"totale","1738":"r\u00e9pond","1739":"mettent","1740":"situe","1741":"convention","1742":"alg\u00e9rie","1743":"\u00e9lev\u00e9","1744":"sp\u00e9cial","1745":"auteur","1746":"passant","1747":"mourir","1748":"annonces","1749":"anciennes","1750":"b\u00e2timents","1751":"th\u00e8me","1752":"durable","1753":"victime","1754":"comportement","1755":"eaux","1756":"bleu","1757":"contrairement","1758":"po","1759":"importants","1760":"lanc\u00e9","1761":"religieux","1762":"rang","1763":"google","1764":"franchement","1765":"longueur","1766":"visiter","1767":"titres","1768":"\u00e9coute","1769":"arriv\u00e9e","1770":"tweets","1771":"meufs","1772":"tres","1773":"piscine","1774":"s\u00e9ries","1775":"pr\u00e9cise","1776":"seigneur","1777":"erreur","1778":"huit","1779":"coups","1780":"lesprit","1781":"\u00e9tape","1782":"critiques","1783":"reprise","1784":"etat","1785":"tv","1786":"gamme","1787":"accueil","1788":"ouest","1789":"pr\u00e9sidentielle","1790":"playlist","1791":"correspond","1792":"r\u00e9cemment","1793":"adore","1794":"sujets","1795":"mdrrrr","1796":"comte","1797":"matchs","1798":"richard","1799":"g\u00e9n\u00e9ration","1800":"wallah","1801":"indiqu\u00e9","1802":"montagne","1803":"stage","1804":"marre","1805":"achet\u00e9","1806":"sign\u00e9","1807":"tiers","1808":"visites","1809":"juifs","1810":"humains","1811":"el","1812":"fonctionnement","1813":"quantit\u00e9","1814":"biens","1815":"propri\u00e9taire","1816":"efforts","1817":"remettre","1818":"mille","1819":"objectifs","1820":"repr\u00e9sentants","1821":"\u00e9norme","1822":"r\u00e9alisation","1823":"prennent","1824":"lib\u00e9ration","1825":"meilleures","1826":"regardez","1827":"h\u00e9ros","1828":"potes","1829":"d\u00e9tat","1830":"rentre","1831":"sexe","1832":"entendu","1833":"lempereur","1834":"participe","1835":"difficult\u00e9s","1836":"d\u00e9clar\u00e9","1837":"musulmans","1838":"rivi\u00e8re","1839":"lorsquil","1840":"honte","1841":"hiver","1842":"test","1843":"jaime","1844":"tentatives","1845":"municipal","1846":"multiples","1847":"circulation","1848":"h\u00e2te","1849":"bac","1850":"f\u00e9d\u00e9ral","1851":"vivant","1852":"perte","1853":"environnement","1854":"acteurs","1855":"prends","1856":"passion","1857":"publication","1858":"centaines","1859":"s\u00e9ance","1860":"f\u00e9d\u00e9ration","1861":"consiste","1862":"martin","1863":"marqu\u00e9","1864":"mauvaise","1865":"lesquels","1866":"danse","1867":"cent","1868":"mets","1869":"revenu","1870":"cancer","1871":"vouloir","1872":"fallait","1873":"cartes","1874":"vall\u00e9e","1875":"tenue","1876":"retraite","1877":"cru","1878":"faute","1879":"publiques","1880":"guide","1881":"pouvant","1882":"larriv\u00e9e","1883":"prises","1884":"secret","1885":"technologie","1886":"conduit","1887":"royale","1888":"pr\u00e9paration","1889":"\u00e9conomie","1890":"iphone","1891":"int\u00e9ressant","1892":"marques","1893":"conseiller","1894":"aurai","1895":"association","1896":"vaste","1897":"l\u00e9tude","1898":"chat","1899":"associations","1900":"bo\u00eete","1901":"d\u00e9crit","1902":"turquie","1903":"d\u00e9couvert","1904":"virus","1905":"ouverte","1906":"quatri\u00e8me","1907":"million","1908":"rencontrer","1909":"menace","1910":"aim\u00e9","1911":"cr\u00e9\u00e9e","1912":"sorti","1913":"origine","1914":"lyon","1915":"unis","1916":"dor","1917":"reprises","1918":"noire","1919":"sah","1920":"sourire","1921":"remise","1922":"danger","1923":"bretagne","1924":"prof","1925":"financement","1926":"former","1927":"imagine","1928":"publie","1929":"repr\u00e9sentation","1930":"\u00e9cran","1931":"thomas","1932":"actes","1933":"sent","1934":"psg","1935":"scolaire","1936":"rejoindre","1937":"r\u00e9serve","1938":"bel","1939":"pages","1940":"conflit","1941":"plateau","1942":"chiffres","1943":"follow","1944":"reconnu","1945":"l\u00e9t\u00e9","1946":"russe","1947":"m\u00e9rite","1948":"av","1949":"hommage","1950":"verre","1951":"san","1952":"romaine","1953":"infos","1954":"comp\u00e9tition","1955":"wallonie","1956":"mouvements","1957":"conception","1958":"dentre","1959":"rentrer","1960":"fruits","1961":"propos\u00e9","1962":"n\u00e9cessaires","1963":"bouche","1964":"d\u00e9faite","1965":"op\u00e9rations","1966":"savent","1967":"veille","1968":"jure","1969":"forc\u00e9ment","1970":"pr\u00e9sents","1971":"lemploi","1972":"pr\u00e9parer","1973":"majeur","1974":"formule","1975":"avions","1976":"regard","1977":"tjrs","1978":"am\u00e9liorer","1979":"performance","1980":"europ\u00e9ennes","1981":"temple","1982":"surprise","1983":"maman","1984":"f\u00eates","1985":"mtn","1986":"magasin","1987":"reine","1988":"fondation","1989":"youtube","1990":"mecs","1991":"dirigeants","1992":"primaire","1993":"noter","1994":"soldats","1995":"moments","1996":"pc","1997":"pluie","1998":"volume","1999":"utilisant","2000":"chang\u00e9","2001":"champs","2002":"transports","2003":"excellente","2004":"accident","2005":"chasse","2006":"interdit","2007":"maintenir","2008":"niveaux","2009":"technologies","2010":"peinture","2011":"lt","2012":"ouvrir","2013":"m\u00e9thodes","2014":"black","2015":"\u00e9mission","2016":"locale","2017":"lenfant","2018":"cons\u00e9quences","2019":"chaleur","2020":"espagne","2021":"envoy\u00e9","2022":"printemps","2023":"catholique","2024":"\u00e9v\u00e9nement","2025":"logiciel","2026":"locales","2027":"pain","2028":"entr\u00e9e","2029":"moindre","2030":"madame","2031":"sainte","2032":"travailleurs","2033":"venant","2034":"notion","2035":"you","2036":"proc\u00e8s","2037":"tuer","2038":"james","2039":"repas","2040":"for\u00eat","2041":"appareils","2042":"avance","2043":"rares","2044":"oubli\u00e9","2045":"reconnaissance","2046":"basse","2047":"cycle","2048":"refuse","2049":"salles","2050":"marine","2051":"arabe","2052":"offres","2053":"\u00e9l\u00e9ment","2054":"constitu\u00e9","2055":"revue","2056":"socialiste","2057":"seraient","2058":"int\u00e9r\u00eats","2059":"d\u00e9fendre","2060":"mod\u00e8les","2061":"baisse","2062":"ds","2063":"propri\u00e9t\u00e9s","2064":"vide","2065":"fan","2066":"disque","2067":"lexp\u00e9rience","2068":"consid\u00e8re","2069":"oublier","2070":"demi","2071":"d\u00e9c\u00e8s","2072":"demeure","2073":"ouverture","2074":"ouvrage","2075":"exp\u00e9riences","2076":"japonais","2077":"cellules","2078":"suivants","2079":"trafic","2080":"\u00e9lectronique","2081":"donnent","2082":"chefs","2083":"revanche","2084":"cl\u00e9","2085":"r\u00e9sidence","2086":"avion","2087":"arr\u00eatez","2088":"naturelle","2089":"universit\u00e9","2090":"su","2091":"usage","2092":"sucre","2093":"mari","2094":"ceuxci","2095":"tl","2096":"r\u00e9ellement","2097":"sup\u00e9rieure","2098":"lallemagne","2099":"italien","2100":"secours","2101":"traduction","2102":"restent","2103":"drapeau","2104":"utilis\u00e9es","2105":"allemande","2106":"comp\u00e9tences","2107":"devenue","2108":"rues","2109":"repr\u00e9sentant","2110":"raconte","2111":"tiens","2112":"hausse","2113":"gouverneur","2114":"champions","2115":"proc\u00e9dure","2116":"approche","2117":"limites","2118":"ptdrrr","2119":"lexistence","2120":"pleurer","2121":"quels","2122":"d\u00e9mocratie","2123":"cr\u00e9dit","2124":"limportance","2125":"allemands","2126":"chercheurs","2127":"cabinet","2128":"r\u00e9gional","2129":"jsp","2130":"sale","2131":"id\u00e9al","2132":"justement","2133":"peuples","2134":"billets","2135":"fran\u00e7aises","2136":"laiss\u00e9","2137":"andr\u00e9","2138":"lheure","2139":"lactivit\u00e9","2140":"compos\u00e9e","2141":"salaire","2142":"obligatoire","2143":"\u00e9videmment","2144":"nombres","2145":"aimer","2146":"r\u00e9ussite","2147":"dure","2148":"faudra","2149":"br\u00e9sil","2150":"eut","2151":"vendu","2152":"lauteur","2153":"op\u00e9ration","2154":"romain","2155":"commercial","2156":"attends","2157":"bases","2158":"r\u00e8gle","2159":"g\u00e9nie","2160":"atteindre","2161":"for","2162":"d\u00e9signe","2163":"salut","2164":"rendezvous","2165":"garantie","2166":"by","2167":"cul","2168":"nn","2169":"visant","2170":"form\u00e9","2171":"lancer","2172":"voter","2173":"active","2174":"faudrait","2175":"informatique","2176":"l\u0153uvre","2177":"tourn\u00e9e","2178":"arri\u00e8re","2179":"indique","2180":"commentaire","2181":"affirme","2182":"lh\u00f4tel","2183":"potentiel","2184":"normes","2185":"division","2186":"communiqu\u00e9","2187":"con\u00e7u","2188":"parl\u00e9","2189":"one","2190":"pourraient","2191":"vise","2192":"mat\u00e9riaux","2193":"l\u00e9ducation","2194":"nations","2195":"riches","2196":"mises","2197":"lancement","2198":"deuros","2199":"ouvre","2200":"assure","2201":"quartiers","2202":"linstitut","2203":"math\u00e9matiques","2204":"lendemain","2205":"silence","2206":"gr\u00e8ve","2207":"javais","2208":"responsables","2209":"co\u00fbt","2210":"secondes","2211":"ressemble","2212":"invite","2213":"pouvoirs","2214":"guillaume","2215":"coin","2216":"traduit","2217":"partenaires","2218":"profite","2219":"chansons","2220":"suivantes","2221":"bizarre","2222":"emplois","2223":"accessible","2224":"logiciels","2225":"nucl\u00e9aire","2226":"composition","2227":"d\u00e9sol\u00e9","2228":"ministres","2229":"quitter","2230":"organisations","2231":"bilan","2232":"utilisation","2233":"d\u00e9claration","2234":"acte","2235":"appel\u00e9s","2236":"am\u00e9rique","2237":"v\u00e9lo","2238":"horaires","2239":"comporte","2240":"opposition","2241":"oublie","2242":"li\u00e9s","2243":"voitures","2244":"lapplication","2245":"vieille","2246":"alimentaire","2247":"avantages","2248":"effectivement","2249":"courriel","2250":"maroc","2251":"symbole","2252":"estime","2253":"dossiers","2254":"fr","2255":"fond\u00e9e","2256":"anti","2257":"voulu","2258":"v\u00eatements","2259":"rythme","2260":"dessin","2261":"r\u00e9duction","2262":"violences","2263":"maladies","2264":"d\u00e9crire","2265":"mange","2266":"marc","2267":"l\u00e9gislatives","2268":"civile","2269":"confortable","2270":"d\u00e9terminer","2271":"manche","2272":"phrase","2273":"namur","2274":"voies","2275":"dite","2276":"viande","2277":"pq","2278":"ch\u00f4mage","2279":"croit","2280":"union","2281":"contacter","2282":"classes","2283":"snap","2284":"lesquelles","2285":"lagriculture","2286":"changements","2287":"rencontres","2288":"finances","2289":"buts","2290":"accueille","2291":"pensais","2292":"obtient","2293":"ladministration","2294":"fabrication","2295":"stp","2296":"paiement","2297":"pensez","2298":"demandes","2299":"paroles","2300":"insta","2301":"format","2302":"dinformation","2303":"toulouse","2304":"communaut\u00e9s","2305":"parlent","2306":"retrouv\u00e9","2307":"entend","2308":"lan","2309":"joie","2310":"sympa","2311":"particuliers","2312":"jme","2313":"orange","2314":"romains","2315":"rare","2316":"patients","2317":"portable","2318":"partenariat","2319":"enti\u00e8re","2320":"voulait","2321":"linformation","2322":"modernes","2323":"accueillir","2324":"canadiens","2325":"biblioth\u00e8que","2326":"couche","2327":"t\u00e9l\u00e9","2328":"mont","2329":"secondaire","2330":"simples","2331":"repris","2332":"unit\u00e9","2333":"tests","2334":"profil","2335":"dialogue","2336":"ambiance","2337":"superbe","2338":"nez","2339":"l\u00e9volution","2340":"recours","2341":"chocolat","2342":"royaumeuni","2343":"capital","2344":"sons","2345":"manga","2346":"fonctionne","2347":"d\u00e9noncer","2348":"port\u00e9e","2349":"arm\u00e9es","2350":"termine","2351":"sentir","2352":"cesse","2353":"degr\u00e9","2354":"animal","2355":"pauvre","2356":"influence","2357":"minute","2358":"nai","2359":"d\u00e9lai","2360":"neige","2361":"culte","2362":"lusage","2363":"financiers","2364":"h\u00f4pital","2365":"impact","2366":"entrer","2367":"employ\u00e9s","2368":"d\u00e9put\u00e9s","2369":"qu\u00e9b\u00e9cois","2370":"mme","2371":"tirer","2372":"so","2373":"up","2374":"fond\u00e9","2375":"couverture","2376":"savais","2377":"pr\u00e9sidence","2378":"routes","2379":"emmanuel","2380":"britanniques","2381":"possibles","2382":"\u00e9tablissements","2383":"respecter","2384":"rock","2385":"love","2386":"lancienne","2387":"d\u00e9teste","2388":"l\u00e9nergie","2389":"apporter","2390":"cercle","2391":"audessus","2392":"cerveau","2393":"fleuve","2394":"do\u00f9","2395":"d\u00e9tudes","2396":"d\u00e9couvre","2397":"autrement","2398":"cuir","2399":"standard","2400":"relative","2401":"record","2402":"tenter","2403":"weekend","2404":"\u00e9glise","2405":"historiques","2406":"vi","2407":"pauvres","2408":"d\u00e9fi","2409":"aimerais","2410":"adopt\u00e9","2411":"port\u00e9","2412":"maternelle","2413":"licence","2414":"duc","2415":"chacune","2416":"gagn\u00e9","2417":"trouverez","2418":"dessous","2419":"d\u00e9faut","2420":"retourner","2421":"dr","2422":"georges","2423":"s\u00fbrement","2424":"espaces","2425":"bernard","2426":"d\u00e9cret","2427":"reprend","2428":"parfaite","2429":"dart","2430":"d\u00e9finitivement","2431":"experts","2432":"agricole","2433":"dame","2434":"linfluence","2435":"bateau","2436":"nation","2437":"positif","2438":"li\u00e9es","2439":"importantes","2440":"\u00e9pouse","2441":"netflix","2442":"navigation","2443":"dargent","2444":"fasse","2445":"heureuse","2446":"lentr\u00e9e","2447":"banques","2448":"\u00e9lectriques","2449":"docteur","2450":"luxembourg","2451":"jusque","2452":"destination","2453":"disparu","2454":"constituent","2455":"navait","2456":"voyageurs","2457":"culturel","2458":"ellem\u00eame","2459":"issus","2460":"disant","2461":"intelligence","2462":"vot\u00e9","2463":"structures","2464":"plac\u00e9","2465":"appris","2466":"certainement","2467":"ext\u00e9rieur","2468":"nourriture","2469":"forum","2470":"post","2471":"journalistes","2472":"l\u00e9tranger","2473":"\u00e9trangers","2474":"us","2475":"chute","2476":"d\u00e9velopp\u00e9","2477":"classement","2478":"plat","2479":"solaire","2480":"disait","2481":"grv","2482":"poursuit","2483":"tourner","2484":"george","2485":"oblig\u00e9","2486":"traiter","2487":"perd","2488":"r\u00e9flexion","2489":"mail","2490":"applications","2491":"connus","2492":"marseille","2493":"sports","2494":"sovi\u00e9tique","2495":"auquel","2496":"morale","2497":"race","2498":"acquis","2499":"juridique","2500":"william","2501":"\u00e9lus","2502":"soeur","2503":"\u00e9tage","2504":"l\u00e9lection","2505":"chapelle","2506":"m\u00e9decins","2507":"industrielle","2508":"po\u00e9sie","2509":"propri\u00e9taires","2510":"d\u00e9mocratique","2511":"h\u00f4tel","2512":"entretien","2513":"lunivers","2514":"revoir","2515":"soucis","2516":"da","2517":"coop\u00e9ration","2518":"angleterre","2519":"boulot","2520":"ondes","2521":"forts","2522":"sentiment","2523":"sauver","2524":"email","2525":"adultes","2526":"prenez","2527":"tu\u00e9","2528":"principes","2529":"allant","2530":"branche","2531":"ma\u00eetrise","2532":"distribution","2533":"attendant","2534":"confirme","2535":"programmation","2536":"chiffre","2537":"urgent","2538":"cons\u00e9quence","2539":"agents","2540":"concerts","2541":"pr\u00e9vention","2542":"diff\u00e9rent","2543":"voisins","2544":"caract\u00e8res","2545":"lagence","2546":"histoires","2547":"particuli\u00e8re","2548":"isra\u00ebl","2549":"plateforme","2550":"souvenir","2551":"majeure","2552":"\u00eeles","2553":"organise","2554":"importance","2555":"content","2556":"n\u00e9cessit\u00e9","2557":"m\u00e9lange","2558":"p\u00eache","2559":"rentr\u00e9e","2560":"facteurs","2561":"berlin","2562":"dimension","2563":"star","2564":"transfert","2565":"proc\u00e9d\u00e9","2566":"bas\u00e9","2567":"gratuitement","2568":"agit","2569":"rose","2570":"mettant","2571":"cat\u00e9gories","2572":"tourne","2573":"outil","2574":"\u00e9tudiant","2575":"bruit","2576":"rapports","2577":"aspects","2578":"dann\u00e9es","2579":"inde","2580":"confort","2581":"deurope","2582":"\u00e9ducation","2583":"prit","2584":"communiste","2585":"tranquille","2586":"iv","2587":"jc","2588":"convient","2589":"r\u00e9solution","2590":"news","2591":"policiers","2592":"gratuite","2593":"rejoint","2594":"benin","2595":"puissant","2596":"cons\u00e9quent","2597":"d\u00e9finir","2598":"cadeau","2599":"canadien","2600":"aiment","2601":"ordinateur","2602":"mati\u00e8res","2603":"extr\u00eamement","2604":"r\u00e9ception","2605":"letat","2606":"conduite","2607":"automatique","2608":"sp\u00e9cifique","2609":"jolie","2610":"real","2611":"suppl\u00e9mentaires","2612":"retourne","2613":"formations","2614":"transition","2615":"logements","2616":"pri\u00e8re","2617":"circonscription","2618":"apple","2619":"\u00e9trang\u00e8res","2620":"cimeti\u00e8re","2621":"surveillance","2622":"d\u00e9nergie","2623":"lourd","2624":"lot","2625":"croix","2626":"capacit\u00e9s","2627":"terrasse","2628":"\u00e9tabli","2629":"amoureux","2630":"rive","2631":"booster","2632":"ren\u00e9","2633":"vivent","2634":"carbone","2635":"particip\u00e9","2636":"r\u00e9daction","2637":"bar","2638":"denviron","2639":"rarement","2640":"r\u00e9elle","2641":"monter","2642":"territoires","2643":"montagnes","2644":"fournir","2645":"poisson","2646":"citer","2647":"pens\u00e9","2648":"\u00e8re","2649":"taxe","2650":"civil","2651":"r\u00e9alis\u00e9e","2652":"esp\u00e8ce","2653":"vip","2654":"sommeil","2655":"mr","2656":"noirs","2657":"construite","2658":"secteurs","2659":"remplacer","2660":"nationales","2661":"ventes","2662":"\u00e9lection","2663":"blog","2664":"remis","2665":"solo","2666":"supporter","2667":"paradis","2668":"postes","2669":"permettra","2670":"chapitre","2671":"li","2672":"talent","2673":"man","2674":"porto","2675":"occupe","2676":"li\u00e9","2677":"laurent","2678":"morte","2679":"sois","2680":"fixe","2681":"humaines","2682":"organismes","2683":"apres","2684":"entrain","2685":"apparemment","2686":"foutre","2687":"jv","2688":"canadienne","2689":"soumis","2690":"recettes","2691":"leader","2692":"fans","2693":"labsence","2694":"litt\u00e9raire","2695":"vrais","2696":"personnalit\u00e9","2697":"\u00e9ditions","2698":"s\u00e9n\u00e9gal","2699":"albert","2700":"premium","2701":"signature","2702":"lanalyse","2703":"pr\u00e9sentes","2704":"para\u00eet","2705":"devraient","2706":"l\u00e9gende","2707":"machines","2708":"chr\u00e9tiens","2709":"deviennent","2710":"l\u00e9g\u00e8rement","2711":"assembl\u00e9e","2712":"bureaux","2713":"soyez","2714":"courants","2715":"mener","2716":"cadeaux","2717":"deja","2718":"instant","2719":"cap","2720":"auraient","2721":"joyeux","2722":"agence","2723":"vivement","2724":"concurrence","2725":"arr\u00eat","2726":"forment","2727":"jaunes","2728":"trou","2729":"renforcer","2730":"degr\u00e9s","2731":"exemples","2732":"liaison","2733":"dici","2734":"complexes","2735":"pr\u00e9cis","2736":"condamn\u00e9","2737":"daffaires","2738":"internationales","2739":"compose","2740":"signes","2741":"mi","2742":"apporte","2743":"utilisateurs","2744":"adapt\u00e9","2745":"personnels","2746":"lhumanit\u00e9","2747":"daniel","2748":"clip","2749":"billet","2750":"\u00e9quipement","2751":"performances","2752":"atelier","2753":"lille","2754":"laissez","2755":"von","2756":"calendrier","2757":"couilles","2758":"rt","2759":"appartements","2760":"unit\u00e9s","2761":"dynamique","2762":"wesh","2763":"recette","2764":"m\u00e9tro","2765":"fr\u00e9quence","2766":"vienne","2767":"eme","2768":"amie","2769":"piste","2770":"internationaux","2771":"francs","2772":"pourrez","2773":"urgence","2774":"batterie","2775":"pr\u00eate","2776":"r\u00eaves","2777":"ptdrr","2778":"d\u00e9veloppe","2779":"lacad\u00e9mie","2780":"toucher","2781":"story","2782":"fromage","2783":"propositions","2784":"auparavant","2785":"pr\u00e9f\u00e9r\u00e9","2786":"organis\u00e9e","2787":"fc","2788":"consulter","2789":"culturelle","2790":"modifier","2791":"progr\u00e8s","2792":"interview","2793":"transmission","2794":"pr\u00e9cis\u00e9ment","2795":"d\u00e9signer","2796":"conserver","2797":"lunit\u00e9","2798":"\u00eele","2799":"r\u00e9duit","2800":"naturelles","2801":"lutter","2802":"finit","2803":"vingt","2804":"repr\u00e9sentent","2805":"parakou","2806":"tennis","2807":"difficult\u00e9","2808":"toit","2809":"balle","2810":"do","2811":"rendent","2812":"gentil","2813":"monnaie","2814":"bassin","2815":"solidarit\u00e9","2816":"serai","2817":"laffaire","2818":"m\u00e8ne","2819":"cidessous","2820":"lattention","2821":"lautorit\u00e9","2822":"rappel","2823":"densit\u00e9","2824":"arbres","2825":"conduire","2826":"lever","2827":"remarque","2828":"pr\u00e9nom","2829":"solide","2830":"avoue","2831":"num\u00e9ros","2832":"norme","2833":"team","2834":"carr\u00e9","2835":"profondeur","2836":"dangereux","2837":"patron","2838":"fermer","2839":"commandes","2840":"abord","2841":"nomme","2842":"feuilles","2843":"lalbum","2844":"couper","2845":"tunisie","2846":"rencontr\u00e9","2847":"c\u00e9r\u00e9monie","2848":"jte","2849":"luxe","2850":"utilisent","2851":"support","2852":"sachant","2853":"appeler","2854":"bordel","2855":"superficie","2856":"hasard","2857":"connexion","2858":"frappe","2859":"d\u00e9mocrate","2860":"vies","2861":"contenant","2862":"laccord","2863":"chier","2864":"consid\u00e9rer","2865":"difficiles","2866":"collectif","2867":"temp\u00e9ratures","2868":"consid\u00e9r\u00e9e","2869":"pk","2870":"accompagn\u00e9","2871":"univers","2872":"oiseaux","2873":"f\u00e9licitations","2874":"t\u00e2ches","2875":"revenus","2876":"journaux","2877":"n\u00e9e","2878":"\u00e9volution","2879":"cc","2880":"pensent","2881":"ind\u00e9pendant","2882":"r\u00e9publicain","2883":"certes","2884":"r\u00e9ponses","2885":"clubs","2886":"libres","2887":"demploi","2888":"pointe","2889":"fier","2890":"soutient","2891":"commis","2892":"v\u00e9cu","2893":"quelquun","2894":"augmente","2895":"alexandre","2896":"doux","2897":"auront","2898":"bienvenue","2899":"montr\u00e9","2900":"universit\u00e9s","2901":"populaires","2902":"rel\u00e8ve","2903":"is","2904":"circuit","2905":"quau","2906":"origines","2907":"essentiel","2908":"endroits","2909":"rouges","2910":"tonnes","2911":"devint","2912":"donn\u00e9e","2913":"pr\u00e9cision","2914":"interne","2915":"vigueur","2916":"courte","2917":"cath\u00e9drale","2918":"calcul","2919":"audel\u00e0","2920":"sp\u00e9cialement","2921":"ch","2922":"boire","2923":"chaussures","2924":"lavenir","2925":"restaurants","2926":"accessoires","2927":"bourse","2928":"\u00e9glises","2929":"artiste","2930":"ha","2931":"saisons","2932":"messages","2933":"tentative","2934":"dobtenir","2935":"jen","2936":"dynastie","2937":"appels","2938":"provenant","2939":"leffet","2940":"washington","2941":"guerres","2942":"massif","2943":"publi\u00e9e","2944":"serais","2945":"r\u00e9cit","2946":"my","2947":"vierge","2948":"parking","2949":"luc","2950":"parlementaire","2951":"rayon","2952":"citoyen","2953":"issu","2954":"repose","2955":"engagement","2956":"apprend","2957":"m\u00e9tal","2958":"souhaitez","2959":"paroisse","2960":"vrmt","2961":"lint\u00e9r\u00eat","2962":"papa","2963":"\u00e2me","2964":"dizaines","2965":"net","2966":"fronti\u00e8res","2967":"install\u00e9","2968":"syrie","2969":"\u00e9change","2970":"touristiques","2971":"alli\u00e9s","2972":"d\u00e9placement","2973":"dimensions","2974":"correspondant","2975":"personnelle","2976":"moral","2977":"due","2978":"jss","2979":"langleterre","2980":"manifestation","2981":"auto","2982":"ptdrrrr","2983":"effectuer","2984":"journ\u00e9es","2985":"pouvons","2986":"instruments","2987":"allais","2988":"pratiquement","2989":"battre","2990":"allons","2991":"penses","2992":"nimporte","2993":"crit\u00e8res","2994":"graphique","2995":"situations","2996":"grosses","2997":"existence","2998":"appartient","2999":"bi\u00e8re","3000":"douverture","3001":"directe","3002":"disparition","3003":"regard\u00e9","3004":"participants","3005":"retirer","3006":"traditionnelle","3007":"vague","3008":"m\u00e9canique","3009":"inspir\u00e9","3010":"traditionnel","3011":"mali","3012":"parlant","3013":"constante","3014":"for\u00eats","3015":"coach","3016":"sportif","3017":"accept\u00e9","3018":"cache","3019":"z\u00e9ro","3020":"enseignants","3021":"actifs","3022":"voyez","3023":"candidature","3024":"fins","3025":"iran","3026":"magasins","3027":"\u00e9tapes","3028":"universitaire","3029":"essay\u00e9","3030":"erreurs","3031":"souvenirs","3032":"mexique","3033":"annuaire","3034":"remplac\u00e9","3035":"bio","3036":"alger","3037":"district","3038":"sp\u00e9cialiste","3039":"ouvrages","3040":"vive","3041":"instagram","3042":"racisme","3043":"africaine","3044":"t\u00e9l\u00e9phonique","3045":"bail","3046":"dents","3047":"claire","3048":"largent","3049":"assur\u00e9","3050":"donnant","3051":"quinze","3052":"mit","3053":"ski","3054":"destruction","3055":"dedans","3056":"ferm\u00e9","3057":"partisans","3058":"succession","3059":"robe","3060":"suivent","3061":"urbaine","3062":"voient","3063":"reconna\u00eetre","3064":"lobjectif","3065":"vis","3066":"judiciaire","3067":"financier","3068":"faim","3069":"ht","3070":"couronne","3071":"passent","3072":"distingue","3073":"consacr\u00e9","3074":"nulle","3075":"\u00e9missions","3076":"contribution","3077":"fruit","3078":"italienne","3079":"notes","3080":"lind\u00e9pendance","3081":"arabes","3082":"maurice","3083":"devra","3084":"publicit\u00e9","3085":"transformation","3086":"pleure","3087":"empire","3088":"casse","3089":"invit\u00e9","3090":"vend","3091":"traces","3092":"score","3093":"pauvret\u00e9","3094":"contente","3095":"positions","3096":"cr\u00e8me","3097":"men\u00e9","3098":"provinces","3099":"dutiliser","3100":"atil","3101":"accepter","3102":"douze","3103":"intervention","3104":"achat","3105":"r\u00e9actions","3106":"falloir","3107":"prenant","3108":"termin\u00e9","3109":"liquide","3110":"travaillent","3111":"pr\u00e9c\u00e9dent","3112":"clinique","3113":"thread","3114":"rupture","3115":"professeurs","3116":"distinction","3117":"destin\u00e9s","3118":"pure","3119":"initiative","3120":"limit\u00e9","3121":"attaques","3122":"dordre","3123":"marketing","3124":"plaque","3125":"blague","3126":"remport\u00e9","3127":"devez","3128":"hyper","3129":"la\u00e9roport","3130":"litt\u00e9ralement","3131":"accepte","3132":"m\u00e9dicaments","3133":"pr\u00e9voit","3134":"chauffage","3135":"charges","3136":"t\u00e9moins","3137":"pr\u00e9pare","3138":"masque","3139":"garage","3140":"th\u00e9or\u00e8me","3141":"duo","3142":"sauce","3143":"demandent","3144":"\u00e9lev\u00e9e","3145":"conseillers","3146":"souffle","3147":"acteur","3148":"bonsoir","3149":"titulaire","3150":"fondateur","3151":"session","3152":"plastique","3153":"glace","3154":"particules","3155":"litalie","3156":"extraordinaire","3157":"d\u00e9roule","3158":"disques","3159":"joli","3160":"archi","3161":"travaill\u00e9","3162":"pass\u00e9e","3163":"absolue","3164":"d\u00e9clare","3165":"nationaux","3166":"r\u00e8glement","3167":"alain","3168":"paysbas","3169":"der","3170":"occup\u00e9","3171":"city","3172":"sc\u00e9nario","3173":"louverture","3174":"peter","3175":"supr\u00eame","3176":"th\u00e8mes","3177":"magique","3178":"conflits","3179":"sudest","3180":"d\u00e9marche","3181":"r\u00e9v\u00e8le","3182":"lexpression","3183":"normandie","3184":"d\u00e9tail","3185":"anne","3186":"patient","3187":"plaques","3188":"m\u00e9dical","3189":"pardon","3190":"artistique","3191":"g\u00e9n\u00e9raux","3192":"agricoles","3193":"consommateurs","3194":"r\u00e9gionales","3195":"victor","3196":"\u00e9tudier","3197":"si\u00e8cles","3198":"honneur","3199":"smith","3200":"d\u00e9cennies","3201":"douce","3202":"cl\u00e9s","3203":"normalement","3204":"vues","3205":"\u00e9ventuellement","3206":"urbain","3207":"gilets","3208":"pop","3209":"congo","3210":"voisin","3211":"\u00eatres","3212":"discussion","3213":"provoque","3214":"s\u00e9nat","3215":"l\u00e9gumes","3216":"cha\u00eenes","3217":"rappeler","3218":"jules","3219":"vertu","3220":"semblent","3221":"chevaux","3222":"riz","3223":"maillot","3224":"d\u00e9bats","3225":"chantier","3226":"noyau","3227":"fume","3228":"installations","3229":"d\u00e9cisions","3230":"usa","3231":"fonctionnaires","3232":"espagnol","3233":"seules","3234":"suppl\u00e9mentaire","3235":"exigences","3236":"magazine","3237":"pourrais","3238":"courses","3239":"langlais","3240":"couvre","3241":"sortes","3242":"r\u00e9pondu","3243":"tr\u00f4ne","3244":"hauts","3245":"larmes","3246":"publier","3247":"campagnes","3248":"\u00e9quip\u00e9","3249":"repos","3250":"secondaires","3251":"chronique","3252":"retrouvez","3253":"traite","3254":"recommande","3255":"daccord","3256":"indispensable","3257":"p\u00e9trole","3258":"souci","3259":"morceaux","3260":"panier","3261":"plainte","3262":"gr\u00e8ce","3263":"immense","3264":"enseignement","3265":"etait","3266":"lop\u00e9ration","3267":"si\u00e8ges","3268":"dacc\u00e8s","3269":"del","3270":"fortes","3271":"regroupe","3272":"blancs","3273":"d\u00e9placer","3274":"\u00e9lectorale","3275":"partenaire","3276":"richesse","3277":"cookies","3278":"compliqu\u00e9","3279":"dessins","3280":"d\u00e9mission","3281":"linde","3282":"fichiers","3283":"aliments","3284":"vari\u00e9t\u00e9","3285":"pousse","3286":"nordouest","3287":"pourront","3288":"manuel","3289":"sable","3290":"dates","3291":"douche","3292":"r\u00e9ussir","3293":"flemme","3294":"\u00e9valuation","3295":"col\u00e8re","3296":"lext\u00e9rieur","3297":"we","3298":"m\u00e9tropole","3299":"enfance","3300":"nettoyage","3301":"conducteur","3302":"employ\u00e9","3303":"m\u00b2","3304":"conform\u00e9ment","3305":"oeuvre","3306":"examen","3307":"sexuelle","3308":"peintre","3309":"offert","3310":"charte","3311":"l\u00e9criture","3312":"bless\u00e9s","3313":"r\u00e9veil","3314":"jardins","3315":"bisous","3316":"mesurer","3317":"longues","3318":"0\u00e8me","3319":"renaissance","3320":"strat\u00e9gique","3321":"n\u00e9gociations","3322":"f\u00e9d\u00e9rale","3323":"s\u00e9tend","3324":"diversit\u00e9","3325":"placer","3326":"bat","3327":"li\u00e9e","3328":"bas\u00e9e","3329":"mention","3330":"fcfa","3331":"ateliers","3332":"connait","3333":"bloqu\u00e9","3334":"fusion","3335":"agent","3336":"villages","3337":"chimie","3338":"fournit","3339":"foule","3340":"graves","3341":"mairie","3342":"augmentation","3343":"avantage","3344":"christian","3345":"romans","3346":"touristes","3347":"four","3348":"jveux","3349":"visiteurs","3350":"coucher","3351":"scolaires","3352":"historiens","3353":"invit\u00e9s","3354":"v\u00e9rifier","3355":"\u00e9trang\u00e8re","3356":"strasbourg","3357":"originaire","3358":"modifications","3359":"repr\u00e9senter","3360":"archives","3361":"it","3362":"possibilit\u00e9s","3363":"personnelles","3364":"industriel","3365":"africain","3366":"emp\u00eacher","3367":"californie","3368":"comparaison","3369":"emp\u00eache","3370":"durgence","3371":"michael","3372":"connaissent","3373":"b\u00e9n\u00e9ficier","3374":"d\u00e9penses","3375":"doigts","3376":"\u00e9voque","3377":"th\u00e8se","3378":"issue","3379":"verte","3380":"exceptionnel","3381":"fonde","3382":"ouvriers","3383":"religieuse","3384":"statistiques","3385":"francophones","3386":"terrestre","3387":"sp\u00e9cialistes","3388":"bloc","3389":"pr\u00eats","3390":"chant","3391":"future","3392":"remporte","3393":"salari\u00e9s","3394":"fameux","3395":"dentr\u00e9e","3396":"bless\u00e9","3397":"r\u00e9cup\u00e9rer","3398":"malades","3399":"religieuses","3400":"chiens","3401":"tue","3402":"espoir","3403":"mat","3404":"pollution","3405":"dieux","3406":"madrid","3407":"amoureuse","3408":"\u00e9crits","3409":"lacc\u00e8s","3410":"manifestations","3411":"r\u00e9partition","3412":"familiale","3413":"\u00e9lectroniques","3414":"om","3415":"laboratoire","3416":"d\u00e9p\u00f4t","3417":"world","3418":"automatiquement","3419":"po\u00e8te","3420":"sils","3421":"r\u00e9alise","3422":"sp\u00e9ciale","3423":"inscrit","3424":"comptait","3425":"d\u00e9bit","3426":"lamour","3427":"traverse","3428":"ferait","3429":"pause","3430":"cheval","3431":"serez","3432":"tester","3433":"abrite","3434":"dinformations","3435":"\u00e9quip\u00e9e","3436":"effectu\u00e9","3437":"classiques","3438":"l\u00e9mission","3439":"compr\u00e9hension","3440":"destin\u00e9","3441":"global","3442":"\u00e9motions","3443":"all\u00e9","3444":"comt\u00e9","3445":"venue","3446":"domination","3447":"augment\u00e9","3448":"voile","3449":"donald","3450":"chanter","3451":"actif","3452":"voyages","3453":"jouent","3454":"centreville","3455":"moche","3456":"mobilit\u00e9","3457":"limiter","3458":"contr\u00f4ler","3459":"poudre","3460":"sors","3461":"sudouest","3462":"ordres","3463":"chanteur","3464":"casser","3465":"sympathique","3466":"identit\u00e9","3467":"henry","3468":"retrait","3469":"cellule","3470":"trouvait","3471":"dhonneur","3472":"aurez","3473":"islamique","3474":"\u00e9quipements","3475":"signal","3476":"ira","3477":"aimez","3478":"racine","3479":"faciliter","3480":"fuite","3481":"caract\u00e9ristique","3482":"administration","3483":"laspect","3484":"s\u00e9paration","3485":"cible","3486":"organiser","3487":"personnellement","3488":"mines","3489":"russes","3490":"\u00e9toile","3491":"cellesci","3492":"classification","3493":"\u00e9l\u00e8ve","3494":"dipl\u00f4me","3495":"hectares","3496":"physiques","3497":"soutenu","3498":"terrible","3499":"douleur","3500":"int\u00e9rieure","3501":"confirm\u00e9","3502":"profitez","3503":"repr\u00e9sent\u00e9","3504":"pologne","3505":"abonn\u00e9s","3506":"parles","3507":"lappartement","3508":"visible","3509":"diff\u00e9rente","3510":"poursuivre","3511":"nexiste","3512":"existent","3513":"menu","3514":"ennemis","3515":"aventure","3516":"d\u00e9buts","3517":"euro","3518":"r\u00e9\u00e9lu","3519":"transformer","3520":"murs","3521":"catholiques","3522":"sombre","3523":"priorit\u00e9","3524":"dizaine","3525":"associ\u00e9","3526":"gar\u00e7on","3527":"pr\u00e9sentent","3528":"diff\u00e9rences","3529":"choc","3530":"lacs","3531":"cultures","3532":"nobel","3533":"suivie","3534":"fiche","3535":"d\u00e9passe","3536":"darnaques","3537":"reviens","3538":"villa","3539":"marqu\u00e9e","3540":"terminer","3541":"promouvoir","3542":"business","3543":"finance","3544":"dadministration","3545":"bombe","3546":"autorit\u00e9","3547":"refaire","3548":"r\u00e9putation","3549":"h\u00f4pitaux","3550":"trente","3551":"suffisamment","3552":"\u00e9crite","3553":"lecteur","3554":"plats","3555":"mini","3556":"humour","3557":"restera","3558":"tension","3559":"cons","3560":"marcher","3561":"r\u00e9fl\u00e9chir","3562":"bible","3563":"variable","3564":"individu","3565":"toile","3566":"lai","3567":"christ","3568":"augmenter","3569":"voila","3570":"editer","3571":"p\u00e9riodes","3572":"oreilles","3573":"signaleznous","3574":"flandre","3575":"aimes","3576":"faibles","3577":"d\u00e9chets","3578":"exposition","3579":"servi","3580":"avocat","3581":"tire","3582":"quasiment","3583":"causes","3584":"caisse","3585":"roger","3586":"pib","3587":"lessentiel","3588":"s\u00e9tait","3589":"motivation","3590":"occidentale","3591":"remonte","3592":"lh\u00f4pital","3593":"pascal","3594":"comp\u00e9tence","3595":"piano","3596":"concentrer","3597":"co\u00fbts","3598":"r\u00e9formes","3599":"c\u00e9l\u00e8bres","3600":"extr\u00eame","3601":"grandebretagne","3602":"\u00e9tablissement","3603":"drogue","3604":"appareil","3605":"breton","3606":"verbe","3607":"subi","3608":"\u00e9changes","3609":"pos\u00e9","3610":"rap","3611":"\u00e9criture","3612":"originale","3613":"d\u00e9truit","3614":"napol\u00e9on","3615":"alg\u00e9rien","3616":"lorraine","3617":"concentration","3618":"bruxellois","3619":"prisonniers","3620":"microsoft","3621":"wifi","3622":"cor\u00e9e","3623":"commencent","3624":"etats","3625":"d\u00e9di\u00e9","3626":"rayons","3627":"facult\u00e9","3628":"maintien","3629":"suicide","3630":"communal","3631":"philosophe","3632":"mons","3633":"touch\u00e9","3634":"copie","3635":"r\u00e9volte","3636":"supporters","3637":"\u00e9vidence","3638":"sec","3639":"syndicat","3640":"cliquez","3641":"comparer","3642":"corruption","3643":"hugo","3644":"pay\u00e9","3645":"pistes","3646":"boutique","3647":"neymar","3648":"uns","3649":"\u00e9chec","3650":"com","3651":"ballon","3652":"habituellement","3653":"yi","3654":"syndicats","3655":"th\u00e9","3656":"cit\u00e9s","3657":"game","3658":"anglaise","3659":"albums","3660":"portugal","3661":"bandes","3662":"charme","3663":"naturels","3664":"investissements","3665":"producteurs","3666":"infrastructures","3667":"king","3668":"combats","3669":"dj","3670":"original","3671":"similaires","3672":"stable","3673":"aspect","3674":"verra","3675":"yves","3676":"rest\u00e9","3677":"environs","3678":"monuments","3679":"panneaux","3680":"dispositif","3681":"seuil","3682":"labbaye","3683":"laxe","3684":"relais","3685":"l\u00e9on","3686":"combattre","3687":"ouvertes","3688":"fa\u00e7ade","3689":"patrick","3690":"pleins","3691":"tas","3692":"l\u00e9tablissement","3693":"folie","3694":"league","3695":"moscou","3696":"habitude","3697":"religions","3698":"accompagner","3699":"comprenant","3700":"trouvez","3701":"doctrine","3702":"metz","3703":"pertes","3704":"pur","3705":"producteur","3706":"australie","3707":"gu\u00e8re","3708":"troubles","3709":"viol","3710":"argument","3711":"coll\u00e8gues","3712":"barre","3713":"alliance","3714":"portrait","3715":"chimique","3716":"arrivent","3717":"poss\u00e8dent","3718":"futurs","3719":"vo","3720":"versions","3721":"vincent","3722":"centaine","3723":"impose","3724":"fid\u00e8les","3725":"priv\u00e9es","3726":"effort","3727":"pp","3728":"sondage","3729":"statue","3730":"bleus","3731":"recrutement","3732":"commerciaux","3733":"bo","3734":"dvd","3735":"\u00e9crivain","3736":"messi","3737":"ventre","3738":"avenue","3739":"enceinte","3740":"limpression","3741":"r\u00e9sum\u00e9","3742":"aventures","3743":"beurre","3744":"mo","3745":"montrent","3746":"profond\u00e9ment","3747":"installation","3748":"industriels","3749":"r\u00e9pression","3750":"dispositions","3751":"tre","3752":"crimes","3753":"tir\u00e9","3754":"d\u00e9c\u00e9d\u00e9","3755":"meurtre","3756":"progression","3757":"\u00e9lecteurs","3758":"correctement","3759":"r\u00e9serv\u00e9","3760":"initialement","3761":"incendie","3762":"internes","3763":"musical","3764":"t\u00e9l\u00e9charger","3765":"inscription","3766":"b\u00e9ton","3767":"musicale","3768":"pou","3769":"progressivement","3770":"dautant","3771":"m\u00e9nage","3772":"vicepr\u00e9sident","3773":"parisien","3774":"simon","3775":"probable","3776":"m\u00e9diterran\u00e9e","3777":"veuillez","3778":"pousser","3779":"milieux","3780":"inclus","3781":"savoie","3782":"windows","3783":"communications","3784":"conclusion","3785":"jazz","3786":"refus","3787":"jeanne","3788":"normale","3789":"com\u00e9die","3790":"fid\u00e8le","3791":"chr\u00e9tien","3792":"chicago","3793":"wallon","3794":"remarquable","3795":"ki","3796":"paye","3797":"suivez","3798":"africains","3799":"lonu","3800":"lunettes","3801":"restauration","3802":"fortune","3803":"g\u00e9n\u00e9rales","3804":"remplacement","3805":"alimentaires","3806":"stations","3807":"collecte","3808":"parall\u00e8le","3809":"l\u00e9g\u00e8re","3810":"lis","3811":"enregistr\u00e9","3812":"\u00e9cologique","3813":"balance","3814":"essaye","3815":"lib\u00e9rer","3816":"amateurs","3817":"recommandations","3818":"r\u00e9gionale","3819":"extension","3820":"situ\u00e9s","3821":"stress","3822":"office","3823":"manager","3824":"darmes","3825":"cr\u00e9\u00e9s","3826":"ind\u00e9pendants","3827":"damour","3828":"distinguer","3829":"pr\u00e9sent\u00e9e","3830":"ind\u00e9pendance","3831":"migrants","3832":"f\u00e9minin","3833":"catherine","3834":"musiques","3835":"priv\u00e9s","3836":"consultez","3837":"tu\u00e9s","3838":"denis","3839":"contemporain","3840":"voisine","3841":"situ\u00e9es","3842":"julien","3843":"militants","3844":"bloque","3845":"bu\u00e9a","3846":"personnalit\u00e9s","3847":"bordeaux","3848":"option","3849":"venus","3850":"lecteurs","3851":"continuent","3852":"d\u00e9mographique","3853":"profession","3854":"rois","3855":"l\u00e9ger","3856":"sympt\u00f4mes","3857":"tarif","3858":"olivier","3859":"interpr\u00e9tation","3860":"sacr\u00e9","3861":"d\u00e9viter","3862":"men\u00e9e","3863":"continent","3864":"hall","3865":"contacts","3866":"lendroit","3867":"discipline","3868":"rigole","3869":"ali","3870":"dakar","3871":"tom","3872":"stabilit\u00e9","3873":"at","3874":"cam\u00e9ra","3875":"gardien","3876":"d\u00e9lire","3877":"motif","3878":"emplacement","3879":"n\u00e9erlandais","3880":"chances","3881":"gris","3882":"immeuble","3883":"\u00e9pisodes","3884":"lachat","3885":"bourg","3886":"big","3887":"poursuite","3888":"quasi","3889":"coalition","3890":"bassenormandie","3891":"vainqueur","3892":"int\u00e9ressante","3893":"g\u00e9rard","3894":"amiti\u00e9","3895":"intitul\u00e9","3896":"biais","3897":"nomm\u00e9e","3898":"pacifique","3899":"prime","3900":"architecture","3901":"missions","3902":"did\u00e9es","3903":"drame","3904":"arbre","3905":"lhonneur","3906":"l\u00e8ve","3907":"espagnole","3908":"quart","3909":"marquer","3910":"casino","3911":"pilote","3912":"copain","3913":"charleroi","3914":"gratuits","3915":"exclusivement","3916":"\u00e9lev\u00e9s","3917":"hypoth\u00e8se","3918":"jus","3919":"las","3920":"germanique","3921":"ajoute","3922":"pr\u00e9c\u00e9dente","3923":"stop","3924":"congolais","3925":"commerciale","3926":"commerces","3927":"quavec","3928":"monte","3929":"genres","3930":"linstallation","3931":"montage","3932":"am\u00e9ricaines","3933":"musulman","3934":"adjoint","3935":"pr\u00e9sidente","3936":"fi\u00e8re","3937":"sauvage","3938":"horrible","3939":"xd","3940":"partag\u00e9","3941":"l\u00e9gard","3942":"modification","3943":"tape","3944":"best","3945":"aient","3946":"micro","3947":"n\u00e9cessite","3948":"expression","3949":"tapis","3950":"attendu","3951":"merveilleux","3952":"motifs","3953":"professionnelles","3954":"inqui\u00e8te","3955":"varie","3956":"colonne","3957":"hello","3958":"audio","3959":"liaisons","3960":"livrer","3961":"all","3962":"daccueil","3963":"absence","3964":"show","3965":"contribu\u00e9","3966":"possession","3967":"pr\u00e9cieux","3968":"monument","3969":"d\u00e9finie","3970":"d\u00e9partements","3971":"d\u00e9l\u00e9gation","3972":"navire","3973":"sp\u00e9cifiques","3974":"assurance","3975":"plafond","3976":"m\u00e9dicale","3977":"m\u00e9canisme","3978":"d\u00e9fis","3979":"g\u00e8re","3980":"open","3981":"passagers","3982":"r\u00e9gler","3983":"choisit","3984":"dispo","3985":"ba","3986":"coucou","3987":"fous","3988":"substance","3989":"manquer","3990":"crime","3991":"r\u00e9cente","3992":"remercie","3993":"constamment","3994":"attendent","3995":"satisfaction","3996":"lopposition","3997":"nourrir","3998":"paire","3999":"logo","4000":"jack","4001":"limit\u00e9e","4002":"terrorisme","4003":"copyright","4004":"pme","4005":"dy","4006":"led","4007":"fdp","4008":"enfer","4009":"cv","4010":"extrait","4011":"r\u00e9novation","4012":"taper","4013":"r\u00e9volutionnaire","4014":"supporte","4015":"discuter","4016":"raciste","4017":"accompagne","4018":"\u00e9norm\u00e9ment","4019":"dirais","4020":"l\u00e9toile","4021":"loffre","4022":"tjr","4023":"circonstances","4024":"primaires","4025":"lapproche","4026":"sachez","4027":"totalit\u00e9","4028":"rdc","4029":"s\u00e9rieusement","4030":"verts","4031":"ko","4032":"terrains","4033":"violent","4034":"offrant","4035":"m\u00e9taux","4036":"plante","4037":"couples","4038":"positive","4039":"masques","4040":"offrent","4041":"jury","4042":"naturellement","4043":"nayant","4044":"communiquer","4045":"bg","4046":"pr\u00e9ciser","4047":"m\u00e9tiers","4048":"intention","4049":"turc","4050":"souverain","4051":"ford","4052":"humanit\u00e9","4053":"recensement","4054":"financer","4055":"essais","4056":"appr\u00e9ci\u00e9","4057":"refus\u00e9","4058":"baie","4059":"lenqu\u00eate","4060":"civils","4061":"daller","4062":"wow","4063":"lion","4064":"dot\u00e9","4065":"galerie","4066":"explications","4067":"juive","4068":"ft","4069":"serveur","4070":"protocole","4071":"omg","4072":"r\u00e9fugi\u00e9s","4073":"venait","4074":"novo","4075":"peupl\u00e9e","4076":"hollande","4077":"auras","4078":"lanc\u00e9e","4079":"bar\u00e7a","4080":"exercice","4081":"diam\u00e8tre","4082":"center","4083":"d\u00e9t\u00e9","4084":"disney","4085":"nantes","4086":"ph\u00e9nom\u00e8nes","4087":"habite","4088":"incapable","4089":"parcs","4090":"consid\u00e9rablement","4091":"hockey","4092":"successeur","4093":"victoires","4094":"accords","4095":"synth\u00e8se","4096":"remarquer","4097":"euxm\u00eames","4098":"lintention","4099":"master","4100":"policier","4101":"consid\u00e9rable","4102":"\u00e2g\u00e9es","4103":"lafrique","4104":"prot\u00e8ge","4105":"f\u00e9minine","4106":"dette","4107":"colis","4108":"individus","4109":"t\u00eates","4110":"consid\u00e9r\u00e9s","4111":"remet","4112":"usine","4113":"sols","4114":"datant","4115":"limpact","4116":"r\u00e9alisateur","4117":"lemplacement","4118":"cr\u00e9dits","4119":"po\u00e8mes","4120":"fout","4121":"queue","4122":"favoriser","4123":"olympique","4124":"p\u00e9tition","4125":"magie","4126":"geste","4127":"islam","4128":"sportifs","4129":"appartenant","4130":"axe","4131":"relatives","4132":"client\u00e8le","4133":"sensation","4134":"r\u00e9ussit","4135":"asie","4136":"dose","4137":"obligation","4138":"connaissez","4139":"carr\u00e9ment","4140":"institut","4141":"profond","4142":"discussions","4143":"insulte","4144":"reconstruction","4145":"nu","4146":"correspondent","4147":"repr\u00e9sentations","4148":"accessibles","4149":"dangers","4150":"imaginez","4151":"ext\u00e9rieure","4152":"su\u00e8de","4153":"nordest","4154":"fa","4155":"excuse","4156":"r\u00e9alis\u00e9es","4157":"conserve","4158":"mont\u00e9e","4159":"alg\u00e9riens","4160":"envoi","4161":"sortant","4162":"l\u00e2cher","4163":"duquel","4164":"certificat","4165":"mac","4166":"dirige","4167":"poissons","4168":"fiches","4169":"proc\u00e9dures","4170":"trait\u00e9s","4171":"dan","4172":"qualit\u00e9s","4173":"challenge","4174":"conservation","4175":"courrier","4176":"livr\u00e9","4177":"suffrages","4178":"conversation","4179":"expliqu\u00e9","4180":"foyer","4181":"moutons","4182":"lappareil","4183":"monaco","4184":"bled","4185":"p\u00f4le","4186":"thierry","4187":"croyez","4188":"d\u00e9fini","4189":"traitements","4190":"traditionnellement","4191":"alternative","4192":"civilisation","4193":"agir","4194":"sensible","4195":"installer","4196":"debout","4197":"out","4198":"quotidienne","4199":"raconter","4200":"kg","4201":"d\u00e9fend","4202":"couvert","4203":"d\u00e9jeuner","4204":"pr\u00e9venir","4205":"voudrais","4206":"b\u00eate","4207":"tqt","4208":"introduit","4209":"messieurs","4210":"consacr\u00e9e","4211":"d\u00e9finit","4212":"lespagne","4213":"marge","4214":"chers","4215":"annuel","4216":"chr\u00e9tienne","4217":"pr\u00e9vue","4218":"larchitecture","4219":"servent","4220":"chinoise","4221":"sentiments","4222":"recrute","4223":"latine","4224":"inverse","4225":"\u00e9tranger","4226":"alerte","4227":"fourni","4228":"daction","4229":"mettez","4230":"conseille","4231":"cousine","4232":"red","4233":"copine","4234":"golf","4235":"cannes","4236":"l\u00e9chelle","4237":"dactivit\u00e9s","4238":"ultra","4239":"bob","4240":"l\u00e9v\u00e9nement","4241":"chats","4242":"compos\u00e9s","4243":"regrette","4244":"le\u00e7ons","4245":"portent","4246":"communautaire","4247":"onze","4248":"rapporte","4249":"vingtaine","4250":"contribuer","4251":"rotation","4252":"automobile","4253":"trace","4254":"os","4255":"b\u00e9n\u00e9ficie","4256":"respectivement","4257":"christophe","4258":"poche","4259":"aille","4260":"fake","4261":"battu","4262":"scrutin","4263":"propos\u00e9e","4264":"expos\u00e9","4265":"rendement","4266":"mobiles","4267":"imp\u00f4ts","4268":"cordes","4269":"c\u00f4tes","4270":"pen","4271":"oubliez","4272":"alentours","4273":"dexploitation","4274":"documentaire","4275":"douceur","4276":"climatique","4277":"anim\u00e9","4278":"longs","4279":"suites","4280":"princesse","4281":"scandale","4282":"descendre","4283":"sciencefiction","4284":"incluant","4285":"entr\u00e9es","4286":"voyant","4287":"soir\u00e9es","4288":"courante","4289":"accueilli","4290":"para\u00eetre","4291":"l\u00e9gislature","4292":"prochaines","4293":"mignon","4294":"financi\u00e8res","4295":"d\u00e9but\u00e9","4296":"devront","4297":"trous","4298":"faisaient","4299":"mang\u00e9","4300":"r\u00e9publicains","4301":"francophone","4302":"cousin","4303":"ladresse","4304":"trio","4305":"linstant","4306":"proph\u00e8te","4307":"nancy","4308":"tomb\u00e9","4309":"nice","4310":"t\u00e9moignage","4311":"flotte","4312":"manifeste","4313":"junior","4314":"haha","4315":"conforme","4316":"capitaine","4317":"t\u00e9moignages","4318":"atmosph\u00e8re","4319":"mentale","4320":"quest","4321":"d\u00e9velopp\u00e9e","4322":"dons","4323":"diminuer","4324":"puisquil","4325":"bouton","4326":"duch\u00e9","4327":"juif","4328":"bonus","4329":"reportage","4330":"rubrique","4331":"pis","4332":"souviens","4333":"apparaissent","4334":"ha\u00efti","4335":"chimiques","4336":"lex\u00e9cution","4337":"talents","4338":"sp\u00e9cialis\u00e9","4339":"d\u00e9cennie","4340":"contemporaine","4341":"parlementaires","4342":"like","4343":"back","4344":"signaler","4345":"ouverts","4346":"universel","4347":"apparition","4348":"perspective","4349":"lislam","4350":"camps","4351":"climatiques","4352":"dair","4353":"modes","4354":"gouvernance","4355":"deviendra","4356":"excellence","4357":"belga","4358":"contrats","4359":"estim\u00e9","4360":"gouvernements","4361":"lalg\u00e9rie","4362":"musiciens","4363":"essence","4364":"souris","4365":"japonaise","4366":"exceptionnelle","4367":"c\u00e9sar","4368":"charbon","4369":"institution","4370":"colonies","4371":"chante","4372":"v\u00e9ritables","4373":"g\u00e9ographique","4374":"co\u00fbte","4375":"proposons","4376":"huile","4377":"d\u00e9bute","4378":"euh","4379":"foire","4380":"cr","4381":"mythologie","4382":"d\u00e9nonce","4383":"magn\u00e9tique","4384":"fav","4385":"d\u00e9passer","4386":"exprimer","4387":"investissement","4388":"respecte","4389":"d\u00e9sir","4390":"strictement","4391":"tr\u00e9sor","4392":"r\u00e9veiller","4393":"sorties","4394":"r\u00e9serves","4395":"connues","4396":"stockage","4397":"catastrophe","4398":"avc","4399":"tkt","4400":"biologique","4401":"angle","4402":"destin\u00e9es","4403":"lhiver","4404":"ind\u00e9pendante","4405":"accus\u00e9","4406":"\u00e9nerg\u00e9tique","4407":"balles","4408":"th","4409":"cr\u00e9ateur","4410":"larchitecte","4411":"dirig\u00e9e","4412":"satellite","4413":"tourn\u00e9","4414":"cens\u00e9","4415":"accorde","4416":"los","4417":"puissent","4418":"gloire","4419":"mince","4420":"opinion","4421":"soldat","4422":"samsung","4423":"communs","4424":"yaound\u00e9","4425":"banc","4426":"file","4427":"\u00e9tages","4428":"intervient","4429":"compagnies","4430":"rapides","4431":"compagnon","4432":"minuit","4433":"publications","4434":"attendez","4435":"n\u00e9cessairement","4436":"aid\u00e9","4437":"responsabilit\u00e9s","4438":"proposent","4439":"harry","4440":"familial","4441":"jeter","4442":"capables","4443":"dint\u00e9r\u00eat","4444":"int\u00e9resse","4445":"l\u00e9gion","4446":"hop","4447":"dirig\u00e9","4448":"etatsunis","4449":"comptabilit\u00e9","4450":"remplir","4451":"\u00e2g\u00e9","4452":"ponts","4453":"avancer","4454":"g\u00e9nial","4455":"bateaux","4456":"unies","4457":"camerounais","4458":"class\u00e9","4459":"tunnel","4460":"engag\u00e9","4461":"dignit\u00e9","4462":"digne","4463":"lissue","4464":"po\u00e8me","4465":"devaient","4466":"linstar","4467":"facture","4468":"g\u00e9ant","4469":"bouteille","4470":"dessin\u00e9e","4471":"attitude","4472":"bleue","4473":"maritime","4474":"d\u00e9g\u00e2ts","4475":"morceau","4476":"sc\u00e8nes","4477":"r\u00e9gionaux","4478":"listes","4479":"entends","4480":"affiche","4481":"\u00e9douard","4482":"quitt\u00e9","4483":"proportion","4484":"spectacles","4485":"psk","4486":"d\u00e9truire","4487":"styles","4488":"latmosph\u00e8re","4489":"divine","4490":"atteinte","4491":"interpr\u00e8te","4492":"ing\u00e9nieurs","4493":"l\u00e9cran","4494":"productivit\u00e9","4495":"inf\u00e9rieur","4496":"d\u00e9voile","4497":"ptit","4498":"golfe","4499":"dors","4500":"high","4501":"fixer","4502":"acc\u00e9der","4503":"d\u00e9\u00e7u","4504":"municipalit\u00e9","4505":"artificielle","4506":"fr\u00e9quemment","4507":"lexception","4508":"fr\u00e9d\u00e9ric","4509":"interm\u00e9diaire","4510":"steve","4511":"d\u00e9placements","4512":"cardinal","4513":"insulter","4514":"maximale","4515":"del\u00e0","4516":"toronto","4517":"sportive","4518":"laval","4519":"devoirs","4520":"d\u00e9sign\u00e9","4521":"l\u00e9v\u00eaque","4522":"largeur","4523":"devons","4524":"nuits","4525":"\u00e9chelle","4526":"associ\u00e9s","4527":"associ\u00e9e","4528":"jcrois","4529":"lentretien","4530":"touristique","4531":"music","4532":"portugais","4533":"inutile","4534":"utilisez","4535":"cherchez","4536":"savons","4537":"d\u00e9di\u00e9e","4538":"feuille","4539":"pharmacie","4540":"copines","4541":"tableaux","4542":"temp\u00eate","4543":"modalit\u00e9s","4544":"\u00e9tudiante","4545":"prouver","4546":"combinaison","4547":"chemins","4548":"votes","4549":"destin","4550":"p\u00e2te","4551":"coran","4552":"christianisme","4553":"benjamin","4554":"attirer","4555":"collines","4556":"coll\u00e8gue","4557":"surpris","4558":"lue","4559":"milliard","4560":"jugement","4561":"navires","4562":"orientale","4563":"participent","4564":"retraites","4565":"explication","4566":"school","4567":"be","4568":"taff","4569":"barcelone","4570":"cf","4571":"dangleterre","4572":"0d","4573":"serre","4574":"rassemblement","4575":"essai","4576":"recommand\u00e9","4577":"estce","4578":"dominique","4579":"renseignement","4580":"libert\u00e9s","4581":"htt","4582":"clavier","4583":"ramener","4584":"poster","4585":"ns","4586":"lapparition","4587":"porteparole","4588":"permanent","4589":"tirage","4590":"recul","4591":"ensembles","4592":"\u00e9quivalent","4593":"00\u00e8me","4594":"sherbrooke","4595":"antique","4596":"apr\u00e8smidi","4597":"recevrez","4598":"arme","4599":"sinc\u00e8rement","4600":"doigt","4601":"\u00e9tudi\u00e9","4602":"enlever","4603":"tome","4604":"tort","4605":"cycliste","4606":"dutilisation","4607":"sache","4608":"ptdrrrrr","4609":"jo","4610":"informer","4611":"dh\u00f4tes","4612":"ceinture","4613":"procureur","4614":"catalogue","4615":"publi\u00e9s","4616":"puissante","4617":"indien","4618":"commerciales","4619":"minorit\u00e9","4620":"sapplique","4621":"sarkozy","4622":"satisfait","4623":"tables","4624":"loisirs","4625":"prestations","4626":"fausse","4627":"industries","4628":"gar\u00e7ons","4629":"analyses","4630":"alpes","4631":"avanc\u00e9e","4632":"d\u00e9fenseur","4633":"tensions","4634":"conseillons","4635":"constructions","4636":"nettement","4637":"tent\u00e9","4638":"veste","4639":"d\u00e9monstration","4640":"sint\u00e9resse","4641":"amazon","4642":"profonde","4643":"passez","4644":"promis","4645":"pires","4646":"rural","4647":"r\u00e9soudre","4648":"party","4649":"culturels","4650":"confirmer","4651":"officielles","4652":"cadres","4653":"men","4654":"accent","4655":"olympiques","4656":"plomb","4657":"joindre","4658":"laissant","4659":"codes","4660":"afficher","4661":"pouvaient","4662":"linguistique","4663":"enjeux","4664":"chaude","4665":"gay","4666":"immobilier","4667":"id\u00e9ale","4668":"despagne","4669":"qualifi\u00e9","4670":"ier","4671":"venise","4672":"cinqui\u00e8me","4673":"implique","4674":"s\u00e9par\u00e9s","4675":"sel","4676":"gen\u00e8ve","4677":"folle","4678":"mere","4679":"full","4680":"th\u00e9ories","4681":"collaborateurs","4682":"hey","4683":"product","4684":"r\u00e9unis","4685":"sagissait","4686":"remarqu\u00e9","4687":"compl\u00e9ment","4688":"parquet","4689":"paysage","4690":"convaincre","4691":"organes","4692":"lumineux","4693":"arrondissement","4694":"cr\u00e9ations","4695":"r\u00e9unions","4696":"lagglom\u00e9ration","4697":"pr\u00e9f\u00e9rence","4698":"tendances","4699":"attribu\u00e9","4700":"maria","4701":"consid\u00e8rent","4702":"tentent","4703":"frank","4704":"t\u00e2che","4705":"panique","4706":"not\u00e9","4707":"d\u00e9couvertes","4708":"propagande","4709":"d\u00e9cor","4710":"pompe","4711":"\u00e9cout\u00e9","4712":"popularit\u00e9","4713":"\u00e9coutez","4714":"frapper","4715":"signer","4716":"relatifs","4717":"coton","4718":"pr\u00e9alable","4719":"sp\u00e9ciaux","4720":"\u00e9conomies","4721":"italiens","4722":"d\u00e9poser","4723":"facteur","4724":"ach\u00e8te","4725":"h\u00f4tels","4726":"g\u00e9n\u00e9tique","4727":"adjoints","4728":"relatif","4729":"traditions","4730":"datteindre","4731":"attente","4732":"lorsqu","4733":"justifier","4734":"blanches","4735":"fi","4736":"miroir","4737":"lits","4738":"p\u00e8res","4739":"jug\u00e9","4740":"j\u00e9tais","4741":"\u00e9tablir","4742":"corriger","4743":"ferais","4744":"tr","4745":"commissaire","4746":"preuves","4747":"mobilisation","4748":"grecs","4749":"prestation","4750":"tri","4751":"\u00e9vident","4752":"loc\u00e9an","4753":"s\u0153urs","4754":"favorable","4755":"ap","4756":"mosqu\u00e9e","4757":"brevet","4758":"qlq","4759":"dirigeant","4760":"loire","4761":"thermique","4762":"commander","4763":"effectu\u00e9e","4764":"habitant","4765":"pack","4766":"figures","4767":"fiert\u00e9","4768":"organisme","4769":"pacte","4770":"bulle","4771":"c\u00e2ble","4772":"diffuser","4773":"consultation","4774":"tissus","4775":"spectaculaire","4776":"d\u00e9montrer","4777":"loccupation","4778":"pol\u00e9mique","4779":"atlantique","4780":"favorise","4781":"entra\u00eene","4782":"plaine","4783":"facilit\u00e9","4784":"anime","4785":"noblesse","4786":"cents","4787":"d\u00e9coration","4788":"fine","4789":"photographie","4790":"mobilier","4791":"trajet","4792":"vapeur","4793":"p\u00e9ninsule","4794":"ma\u00eetres","4795":"scott","4796":"poulet","4797":"rennes","4798":"entiers","4799":"provient","4800":"marquis","4801":"attentats","4802":"digital","4803":"int\u00e9gr\u00e9","4804":"ump","4805":"int\u00e9grer","4806":"lautomne","4807":"stars","4808":"d\u00e9ficit","4809":"fatigu\u00e9","4810":"imposer","4811":"\u00e9gard","4812":"amen\u00e9","4813":"oncle","4814":"avocats","4815":"d\u00e9esse","4816":"fabriquer","4817":"marcel","4818":"constitutionnelle","4819":"impressionnant","4820":"autrefois","4821":"\u0153il","4822":"arthur","4823":"view","4824":"tiendra","4825":"effectue","4826":"rage","4827":"conscient","4828":"vestiges","4829":"irak","4830":"franc","4831":"louvrage","4832":"\u00e9lectoral","4833":"essentielle","4834":"n\u00e9gatif","4835":"vents","4836":"ridicule","4837":"vols","4838":"seine","4839":"pr\u00eatre","4840":"priorit\u00e9s","4841":"spirituel","4842":"hahaha","4843":"cacher","4844":"dead","4845":"pr\u00e9sidents","4846":"s\u00e9pare","4847":"globale","4848":"concepts","4849":"repr\u00e9sent\u00e9e","4850":"rdv","4851":"actuels","4852":"assister","4853":"meubles","4854":"diable","4855":"lam\u00e9rique","4856":"anges","4857":"partiellement","4858":"detat","4859":"produisent","4860":"rivi\u00e8res","4861":"l\u00e9gal","4862":"l\u00e9galit\u00e9","4863":"cirque","4864":"initiale","4865":"trimestre","4866":"branches","4867":"patience","4868":"num\u00e9riques","4869":"daide","4870":"souhaitent","4871":"restant","4872":"po\u00e8tes","4873":"adapt\u00e9s","4874":"pr\u00e9cis\u00e9","4875":"appliqu\u00e9e","4876":"dexp\u00e9rience","4877":"acier","4878":"conf\u00e9rences","4879":"pr\u00e9fecture","4880":"day","4881":"pla\u00eet","4882":"occuper","4883":"t\u00e9moin","4884":"donnera","4885":"relever","4886":"litt\u00e9raires","4887":"pr\u00e9f\u00e9r\u00e9e","4888":"boucle","4889":"racines","4890":"explorer","4891":"feux","4892":"cuivre","4893":"nucl\u00e9aires","4894":"permanente","4895":"tournage","4896":"didier","4897":"pass","4898":"details","4899":"trait","4900":"piti\u00e9","4901":"officiels","4902":"transforme","4903":"curieux","4904":"parlez","4905":"parfum","4906":"options","4907":"cr\u00e9ant","4908":"navigateur","4909":"park","4910":"daronne","4911":"dassurer","4912":"with","4913":"suspect","4914":"suspension","4915":"leaders","4916":"ete","4917":"miss","4918":"dragon","4919":"remplace","4920":"reconnue","4921":"rechercher","4922":"milan","4923":"lhuile","4924":"lhypoth\u00e8se","4925":"s\u00e9ances","4926":"entourage","4927":"ch\u00e8re","4928":"enseigne","4929":"expositions","4930":"constitutionnel","4931":"actuelles","4932":"job","4933":"fix\u00e9","4934":"donnez","4935":"valence","4936":"juges","4937":"xii","4938":"administrative","4939":"fifa","4940":"juridiques","4941":"fen\u00eatres","4942":"fa\u00e7ons","4943":"reproduction","4944":"renforcement","4945":"annoncer","4946":"lintervention","4947":"s\u00e9quence","4948":"bains","4949":"comportements","4950":"d\u00e9cider","4951":"tant\u00f4t","4952":"comprennent","4953":"d\u00e9clarations","4954":"psychologie","4955":"versailles","4956":"concern\u00e9s","4957":"d\u00e9pass\u00e9","4958":"mauvaises","4959":"autoroute","4960":"conserv\u00e9","4961":"mari\u00e9","4962":"masculin","4963":"conclu","4964":"compl\u00e9ter","4965":"continu","4966":"continuit\u00e9","4967":"litres","4968":"collective","4969":"collectivit\u00e9s","4970":"colonie","4971":"mercure","4972":"voulons","4973":"s\u00fbre","4974":"lont","4975":"look","4976":"mental","4977":"paquet","4978":"communale","4979":"menaces","4980":"efficacit\u00e9","4981":"alimentation","4982":"cot\u00e9","4983":"studios","4984":"chelou","4985":"massacre","4986":"\u00e9galit\u00e9","4987":"grandeur","4988":"hautes","4989":"soulign\u00e9","4990":"m\u00e8res","4991":"r\u00e9pondent","4992":"francis","4993":"bosser","4994":"usines","4995":"intense","4996":"\u00e9valuations","4997":"intelligent","4998":"froide","4999":"inf\u00e9rieure"}}