{"glg":{"0":" de ","1":"\ufffd\ufffd\ufffd\ufffd","2":" a ","3":" que","4":"que ","5":" e ","6":" o ","7":"<num","8":"num>","9":" <nu","10":"um> ","11":"i\u00f3n ","12":"ci\u00f3n","13":" con","14":" en ","15":" par","16":" do ","17":"\ufffd\ufffd\ufffd ","18":" \ufffd\ufffd\ufffd","19":"aci\u00f3","20":" est","21":" da ","22":" com","23":"nte ","24":"dos ","25":"ment","26":" un ","27":"ara ","28":"para","29":"ente","30":"ndo ","31":" no ","32":"ado ","33":" pro","34":"unha","35":" por","36":"nha ","37":"dade","38":"esta","39":"idad","40":" des","41":" os ","42":"das ","43":"ada ","44":"nos ","45":"tos ","46":"ade ","47":" per","48":" se ","49":"con ","50":"ante","51":"res ","52":" na ","53":" \u00e9 ","54":"nto ","55":" unh","56":"por ","57":"sta ","58":"tes ","59":"ica ","60":"ento","61":" pol","62":"non ","63":"ando","64":" non","65":" as ","66":" pre","67":"ncia","68":"cia ","69":"omo ","70":"ais ","71":"como","72":" tra","73":"entr","74":"cont","75":"\u00f3ns ","76":"tas ","77":" dos","78":"mos ","79":"ntes","80":" gal","81":"enci","82":"ras ","83":"enta","84":"i\u00f3ns","85":"ico ","86":"este","87":"pres","88":"amen","89":" ao ","90":" ser","91":"part","92":"ros ","93":"eiro","94":"ero ","95":"des ","96":" mar","97":"ito ","98":"ista","99":"ste ","100":" ent","101":"llo ","102":" can","103":" car","104":"segu","105":"\u00e1is ","106":" esp","107":"cons","108":" for","109":"eira","110":"iona","111":"inte","112":" cor","113":"comp","114":"iro ","115":"m\u00e1is","116":" m\u00e1i","117":"ados","118":"ido ","119":" s\u00faa","120":"nda ","121":"form","122":" seu","123":"r\u00eda ","124":"orma","125":"ron ","126":"rio ","127":"ira ","128":"ios ","129":"tura","130":" pri","131":" das","132":" nos","133":" tod","134":" seg","135":" ano","136":" int","137":" cas","138":"ano ","139":"ario","140":"port","141":"ello","142":" me ","143":"nas ","144":"cion","145":"ores","146":"nta ","147":"los ","148":" gra","149":" \u00e1 ","150":"arti","151":"ria ","152":"ias ","153":"si\u00f3n","154":" ou ","155":"rte ","156":" pod","157":"ase ","158":"cos ","159":" esc","160":"les ","161":"nde ","162":"tar ","163":"tro ","164":"nter","165":" rec","166":"raci","167":"conc","168":"tado","169":"tica","170":" san","171":" res","172":"ura ","173":"ida ","174":"ador","175":"tivo","176":"ende","177":"s\u00faa ","178":"tant","179":" ter","180":"las ","181":"icia","182":"ial ","183":"liza","184":" foi","185":"esen","186":" tem","187":"emen","188":" cal","189":"era ","190":"foi ","191":"pode","192":"ecto","193":"ola ","194":" cam","195":" nov","196":" ver","197":"ntre","198":" col","199":" act","200":"est\u00e1","201":"ades","202":"once","203":"son ","204":"olo ","205":"ntra","206":"todo","207":" ant","208":"nal ","209":" man","210":"polo","211":"bre ","212":" dis","213":"onte","214":"esti","215":"seu ","216":"cent","217":"cial","218":"nse ","219":"tori","220":"pero","221":"cida","222":" son","223":"adas","224":" out","225":"ivo ","226":"cci\u00f3","227":"rese","228":"gale","229":"sent","230":"espe","231":"ral ","232":"mpre","233":" sen","234":"cas ","235":" d\u00eda","236":"stas","237":"ici\u00f3","238":"taci","239":"aliz","240":"arte","241":"obre","242":"ntro","243":"anos","244":"ora ","245":"lici","246":"prim","247":" ten","248":"aleg","249":"lida","250":"mas ","251":"tiva","252":" moi","253":" mes","254":"lle ","255":"ntos","256":" imp","257":"sto ","258":"aria","259":"ontr","260":"rime","261":"post","262":"ita ","263":"tal ","264":" dun","265":"lica","266":" med","267":"anti","268":"lla ","269":"smo ","270":" pas","271":" tam","272":"amos","273":"medi","274":"rado","275":"tre ","276":" sob","277":"dest","278":"onal","279":"outr","280":" pos","281":"dent","282":"stra","283":"empr","284":"pola","285":" inf","286":" coa","287":"odo ","288":"come","289":"anta","290":"aba ","291":"sobr","292":"ina ","293":" \ufffd\ufffd ","294":"ese ","295":"espa","296":"vers","297":" mai","298":"am\u00e9n","299":"orte","300":"ball","301":"erso","302":"m\u00e9n ","303":" nun","304":"estr","305":"ctiv","306":"ecci","307":"iste","308":"d\u00eda ","309":"vida","310":" emp","311":" uni","312":"caci","313":"lar ","314":" ins","315":"sos ","316":"erio","317":"pers","318":"ran ","319":"ana ","320":"onse","321":"i\u00f1a ","322":"ela ","323":"meir","324":"fica","325":" \ufffd ","326":"ativ","327":"gar ","328":"blic","329":"sas ","330":"ncel","331":" cha","332":"nada","333":"teri","334":"quer","335":"tra ","336":"ata ","337":" men","338":"naci","339":"dese","340":"icas","341":"oria","342":"gali","343":"dor ","344":"endo","345":"gran","346":" fal","347":"st\u00e1 ","348":" cen","349":"emos","350":"cand","351":" fac","352":"raba","353":"onta","354":"anci","355":"rece","356":"tico","357":"acio","358":"temp","359":"ific","360":"soci","361":"vos ","362":"abal","363":"aron","364":"cada","365":"icos","366":"erra","367":"cto ","368":"er\u00eda","369":"nici","370":" den","371":"cell","372":" fin","373":"inci","374":"undo","375":"onde","376":"bro ","377":"tam\u00e9","378":"cipa","379":"spec","380":" exp","381":"ser ","382":"imei","383":"iver","384":"uci\u00f3","385":"dici","386":"alla","387":"ller","388":" co ","389":"ten ","390":"orta","391":" che","392":" mun","393":"anda","394":"illa","395":"ter ","396":"igo ","397":"egun","398":"tras","399":"anto","400":"\u00edas ","401":"nado","402":"muni","403":"esco","404":"eres","405":"ego ","406":"ntar","407":"itar","408":"coa ","409":" sem","410":"iden","411":"serv","412":"rios","413":" dep","414":" rea","415":"espo","416":"alme","417":"lmen","418":"posi","419":"lega","420":" xa ","421":"icip","422":"ense","423":"rar ","424":"trab","425":"laci","426":"itos","427":"egui","428":"esa ","429":"isto","430":"ver ","431":" alg","432":"sant","433":"stad","434":" fra","435":"terr","436":"tan ","437":"tros","438":" tan","439":"ocia","440":"rand","441":" inc","442":" lin","443":"mes ","444":"gos ","445":"alle","446":"nica","447":" sol","448":"rant","449":"iva ","450":" era","451":" sup","452":"nova","453":"cult","454":"der ","455":"tor ","456":" hab","457":"orre","458":" rep","459":"cer ","460":"resi","461":"alic","462":"nci\u00f3","463":"enti","464":"ande","465":"tido","466":"pare","467":" mon","468":"ses ","469":"conv","470":"\u00faas ","471":"rada","472":" mat","473":"gund","474":" deb","475":"xunt","476":"tari","477":" sal","478":"erna","479":"><nu","480":" lib","481":"titu","482":"um><","483":"m><n","484":"scri","485":"real","486":"embr","487":"unda","488":"itan","489":"rra ","490":"mais","491":"idos","492":"cola","493":"lego","494":" cre","495":"list","496":" ind","497":"ogra","498":"allo","499":"maci","500":" ven","501":" mor","502":"ient","503":"eren","504":"a\u00f1a ","505":"ismo","506":"omen","507":"use ","508":"icac","509":"rse ","510":"pera","511":"icio","512":"camp","513":"marc","514":"oder","515":" as\u00ed","516":"eito","517":"osa ","518":" pla","519":"stic","520":"rela","521":"spa\u00f1","522":" dec","523":"prop","524":"as\u00ed ","525":"ega ","526":"fici","527":"aos ","528":" fer","529":" bar","530":"corr","531":"dio ","532":" lug","533":" soc","534":"ctor","535":"resa","536":"unta","537":"oso ","538":" cat","539":"enos","540":"ois ","541":"volv","542":"co\u00f1e","543":"eza ","544":"reci","545":" rel","546":" pen","547":"nive","548":" dir","549":" nas","550":" val","551":"cias","552":" cul","553":"sco ","554":"ar\u00eda","555":"rior","556":"eus ","557":"dura","558":" cad","559":"osta","560":"prov","561":" pra","562":" aut","563":"ble ","564":"cado","565":"cant","566":"rica","567":"tema","568":"resp","569":" dur","570":"o\u00f1ec","571":"able","572":" cos","573":"acti","574":"alid","575":" cab","576":"izac","577":"zaci","578":"tici","579":"trad","580":"ior ","581":" ele","582":"xect","583":"mina","584":"rque","585":"ulo ","586":"esto","587":" vol","588":"eces","589":"fina","590":"inst","591":"ato ","592":"rto ","593":"moit","594":"desc","595":"unto","596":"ranc","597":"oas ","598":" ata","599":"cara","600":"ersi","601":"tran","602":"itor","603":"desp","604":"nfor","605":" mel","606":"mell","607":"maio","608":"ctua","609":"lado","610":"visi","611":"rsoa","612":" art","613":"ular","614":"reco","615":"olve","616":"i\u00f1o ","617":"unic","618":" \u00e1s ","619":" la ","620":"actu","621":"ino ","622":"ltur","623":"iros","624":"cio ","625":"sen ","626":" dou","627":"ecid","628":"pa\u00f1a","629":" cid","630":" fun","631":" nac","632":" vid","633":" mil","634":"trat","635":"rito","636":"ares","637":" obr","638":"ona ","639":" pon","640":" xun","641":"enda","642":"mesm","643":"ngo ","644":" cla","645":"quen","646":" co\u00f1","647":"side","648":"elec","649":"ensa","650":" ben","651":"tenc","652":"sist","653":"nist","654":"eso ","655":"mini","656":"pasa","657":"nten","658":" aos","659":"ual ","660":"san ","661":"unci","662":"info","663":"dun ","664":"lect","665":" bai","666":"zas ","667":"fran","668":" nor","669":"azo ","670":" sin","671":"nunc","672":"ixo ","673":"empo","674":" cap","675":"inal","676":"tame","677":"vas ","678":" lle","679":" inv","680":"rmac","681":"libr","682":"dore","683":"lecc","684":"uran","685":"imo ","686":"ober","687":"oxe ","688":"mbro","689":"curs","690":"habi","691":"istr","692":"cheg","693":" cer","694":" tre","695":"ompa","696":"ome ","697":"gas ","698":"tou ","699":" hox","700":"uper","701":"abor","702":"hoxe","703":"utro","704":"elo ","705":"ervi","706":" hai","707":"mpor","708":" nad","709":"face","710":"gado","711":" cun","712":"unid","713":" min","714":"tual","715":"obra","716":"fere","717":"hai ","718":"taba","719":"cole","720":"car ","721":"nden","722":"cal ","723":"rtic","724":"euro","725":"esca","726":"ugar","727":" cel","728":"ivid","729":"llor","730":" aco","731":" ond","732":"ema ","733":"esde","734":" vis","735":"onst","736":"ultu","737":"desd","738":"arec","739":"sde ","740":"star","741":" rei","742":"rama","743":"ama ","744":"pois","745":"escr","746":"isi\u00f3","747":" enc","748":"axe ","749":"rodu","750":" aca","751":"hist","752":" eur","753":"equi","754":"odos","755":"rest","756":"r\u00e1n ","757":"reir","758":"urso","759":"rno ","760":"ubli","761":"auto","762":"stru","763":"izad","764":"culo","765":"nida","766":"anza","767":"peri","768":"casa","769":"prob","770":"atur","771":"grup","772":"tres","773":"inic","774":"stit","775":" pob","776":"asa ","777":"ella","778":" nes","779":"oita","780":" xer","781":"llos","782":"bili","783":"stan","784":" hom","785":"ingu","786":"che ","787":"rans","788":" cur","789":"mpo ","790":" der","791":"rias","792":"esid","793":" del","794":"publ","795":"ntac","796":" sub","797":"mili","798":"lta ","799":"zos ","800":"tern","801":"ago ","802":"seus","803":"luga","804":" fil","805":"eran","806":"ermi","807":"rens","808":"impo","809":"rma ","810":" hor","811":" dif","812":"elle","813":"nico","814":"gram","815":"erto","816":"leva","817":"labo","818":"ece ","819":"omin","820":"sica","821":"estu","822":"rent","823":"mpos","824":"icad","825":"oito","826":"stab","827":" his","828":"rtid","829":"mar ","830":"acer","831":"nza ","832":"ima ","833":"prox","834":"plan","835":"ena ","836":" mul","837":" ban","838":"dar ","839":"erno","840":"eral","841":" nin","842":"prod","843":"tend","844":" lev","845":" tri","846":"mari","847":"onti","848":"moi ","849":"utra","850":" te ","851":" edi","852":"\u00edtic","853":"hora","854":"ulle","855":"aban","856":"eali","857":"rta ","858":"dist","859":"apar","860":"nest","861":"cast","862":"indo","863":"ling","864":"dire","865":"sida","866":" eu ","867":" mal","868":"ouse","869":"rogr","870":"bern","871":"arro","872":"ambi","873":" ini","874":" nom","875":" gru","876":"conf","877":"baix","878":"zar ","879":"abit","880":" vec","881":"illo","882":" sab","883":"osto","884":"er\u00e1 ","885":"\u00edsti","886":"rovi","887":"ntin","888":"prog","889":"rgan","890":"lor ","891":" abr","892":"orqu","893":"oma ","894":"emas","895":"umen","896":" sec","897":" and","898":" sex","899":"ntan","900":"mund","901":"irec","902":"ces ","903":"iza ","904":"nece","905":"ivos","906":"rupo","907":"sita","908":"ital","909":"ecti","910":"ater","911":"tivi","912":" pub","913":" viv","914":"ilia","915":" el ","916":"mont","917":"toda","918":"esmo","919":"ala ","920":"den ","921":"xist","922":"prof","923":" ref","924":" xen","925":"fund","926":" org","927":"bert","928":"coma","929":"tada","930":"erta","931":"bra ","932":" mod","933":"comu","934":" var","935":"0000","936":"novo","937":" apr","938":"dema","939":"eta ","940":"aso ","941":"arca","942":"ntal","943":" s\u00f3 ","944":" ago","945":"meno","946":"imen","947":"idas","948":"omun","949":"ulta","950":" met","951":" bas","952":"bita","953":" aqu","954":"coru","955":"stro","956":"raza","957":" ade","958":"band","959":"mpa\u00f1","960":"exis","961":"isti","962":"alta","963":"oste","964":"stor","965":"dera","966":"educ","967":"nais","968":"loca","969":"univ","970":"cido","971":"rend","972":"dunh","973":"tera","974":"ben ","975":" def","976":"stel","977":"rist","978":"ntid","979":"xera","980":"ipo ","981":"aior","982":" sit","983":" alt","984":" ami","985":"dica","986":"arse","987":"peci","988":"itas","989":"uro ","990":" dom","991":"cula","992":"lia ","993":" fot","994":"inve","995":"supe","996":"acto","997":" apa","998":"stud","999":" xog","1000":"pont","1001":"inis","1002":"ous ","1003":"land","1004":"eria","1005":"ova ","1006":"rega","1007":"hega","1008":"eman","1009":"u\u00f1a ","1010":"p\u00fabl","1011":"ural","1012":"\u00fabli","1013":"niza","1014":"mate","1015":"pens","1016":"gobe","1017":" ped","1018":" q ","1019":"bora","1020":"ecer","1021":"stin","1022":"ite ","1023":"xent","1024":"sici","1025":"oru\u00f1","1026":"dend","1027":"arqu","1028":"porq","1029":"ecem","1030":"vinc","1031":"cali","1032":"nsti","1033":"nder","1034":"cele","1035":"home","1036":"cien","1037":"pos ","1038":" equ","1039":" our","1040":"oron","1041":" gob","1042":"ster","1043":"bras","1044":"ode ","1045":"ltim","1046":"elac","1047":"tida","1048":"nome","1049":"tent","1050":"ensi","1051":"a\u00ednd","1052":"fest","1053":"duci","1054":" loc","1055":"caso","1056":"atos","1057":"cham","1058":"edic","1059":"foto","1060":" fam","1061":"mana","1062":"rinc","1063":"sar ","1064":"prin","1065":"\u00ednda","1066":"vist","1067":" a\u00edn","1068":"olec","1069":"deir","1070":"ible","1071":" si ","1072":" cri","1073":"pobo","1074":"arra","1075":"proc","1076":"sion","1077":"caba","1078":"uen ","1079":"stri","1080":"puta","1081":"\u00f1os ","1082":"iras","1083":"mand","1084":"orga","1085":"plic","1086":"zado","1087":" mer","1088":"rofe","1089":"indi","1090":" chi","1091":"orna","1092":"rso ","1093":"domi","1094":" nec","1095":"erda","1096":" div","1097":"sten","1098":"ecia","1099":" red","1100":" qui","1101":"ncip","1102":"vez ","1103":"vent","1104":"preg","1105":"erro","1106":"orio","1107":"ogo ","1108":"rde ","1109":" exe","1110":"isco","1111":"nun ","1112":"alis","1113":"\u00falti","1114":"oure","1115":"tir ","1116":" fei","1117":"ler ","1118":"rect","1119":"revi","1120":" ese","1121":"edia","1122":" dem","1123":" ext","1124":"edio","1125":" bal","1126":"izar","1127":"dous","1128":" acc","1129":" te\u00f1","1130":"pren","1131":"iais","1132":"aque","1133":"vari","1134":" exi","1135":"itua","1136":"pol\u00ed","1137":"nio ","1138":"roxe","1139":"stre","1140":"icar","1141":"onve","1142":"tand","1143":" edu","1144":"oras","1145":"rida","1146":"uren","1147":"\u00e1tic","1148":"sper","1149":" gar","1150":"l\u00edti","1151":"eses","1152":" dar","1153":" lis","1154":" \u00f3 ","1155":" reg","1156":"ecta","1157":"merc","1158":"dida","1159":"lico","1160":"rata","1161":" mi ","1162":"utor","1163":"mple","1164":"cond","1165":"nali","1166":" dat","1167":"inad","1168":"nca ","1169":"crit","1170":"anse","1171":"mull","1172":"debe","1173":"rtes","1174":"ican","1175":"ropi","1176":"oxec","1177":"ovin","1178":"iso ","1179":"nari","1180":"amig","1181":"eles","1182":" pat","1183":"ales","1184":" pal","1185":"ol\u00edt","1186":"ate ","1187":"iado","1188":"scol","1189":" asi","1190":"ndic","1191":"ntas","1192":"s\u00faas","1193":"ctos","1194":"amil","1195":"cesi","1196":"imos","1197":" \u00falt","1198":"vest","1199":"dere","1200":"omez","1201":"term","1202":"spoi","1203":" dor","1204":"ompo","1205":"esi\u00f3","1206":"erac","1207":"migo","1208":" ale","1209":" pan","1210":"paci","1211":"uto ","1212":"quip","1213":" vez","1214":"nsta","1215":"eron","1216":"llas","1217":"aste","1218":"remo","1219":"rdo ","1220":"rme ","1221":"mero","1222":"fect","1223":" vil","1224":"evis","1225":"coll","1226":"cede","1227":"cord","1228":"gani","1229":" rex","1230":" ase","1231":"oduc","1232":"eto ","1233":"ofes","1234":"duca","1235":" dia","1236":"ar\u00e1 ","1237":"ru\u00f1a","1238":"ipal","1239":"punt","1240":"perm","1241":"inar","1242":"dan ","1243":"remi","1244":"ose ","1245":"orde","1246":" fel","1247":"\u00f1ece","1248":"olle","1249":"ban ","1250":"ocal","1251":"or\u00eda","1252":"osic","1253":"eno ","1254":"olic","1255":"radi","1256":"reit","1257":"sult","1258":"prem","1259":"erte","1260":"d\u00edas","1261":"pect","1262":"epor","1263":"stac","1264":"iaci","1265":"nstr","1266":" apo","1267":"camb","1268":"ncio","1269":"feli","1270":"arre","1271":"rtan","1272":"abri","1273":"stal","1274":"ovo ","1275":"fala","1276":" mad","1277":"ing ","1278":"lita","1279":" p\u00fab","1280":"vizo","1281":"leir","1282":"rviz","1283":"t\u00e1n ","1284":"colo","1285":"xico","1286":" ori","1287":"alde","1288":"canc","1289":"adem","1290":"sado","1291":"tiga","1292":"sabe","1293":"has ","1294":"nco ","1295":" alc","1296":"alia","1297":"oqui","1298":"disc","1299":"roba","1300":"edes","1301":"eos ","1302":"tere","1303":"prot","1304":"iar ","1305":"nver","1306":"ompr","1307":"epar","1308":"omar","1309":"aro ","1310":" dan","1311":"aniz","1312":" doc","1313":"ront","1314":"ceme","1315":"soas","1316":"rial","1317":" vai","1318":"esar","1319":"atro","1320":"olos","1321":"dado","1322":"tele","1323":"ilid","1324":"erei","1325":"edra","1326":"depo","1327":"c\u00eda ","1328":"bell","1329":"dia ","1330":"cert","1331":"trac","1332":"voca","1333":"ibro","1334":" rev","1335":" pun","1336":"reso","1337":"iga ","1338":"qued","1339":"foro","1340":"ion ","1341":" bel","1342":" pou","1343":"ance","1344":"rca ","1345":"demo","1346":"eque","1347":" agr","1348":"igos","1349":" es ","1350":"ifer","1351":"clar","1352":"resu","1353":"dora","1354":"sell","1355":"egur","1356":"upo ","1357":" tar","1358":"eis ","1359":"pre ","1360":"spon","1361":"abra","1362":" nat","1363":"dios","1364":"nvol","1365":"\u00f1as ","1366":"soli","1367":"sema","1368":" mas","1369":"man ","1370":"iter","1371":"logo","1372":" eco","1373":"praz","1374":"aber","1375":"econ","1376":"emai","1377":"alg\u00fa","1378":"recu","1379":"prom","1380":"sina","1381":"mart","1382":"lg\u00fan","1383":"ustr","1384":" arr","1385":"atal","1386":"pa\u00f1o","1387":"cha ","1388":"pal ","1389":"onsi","1390":"egar","1391":"neir","1392":"roce","1393":"uaci","1394":" tel","1395":"ator","1396":"sque","1397":"luci","1398":"ceso","1399":"inos","1400":"st\u00e1n","1401":" amo","1402":"renc","1403":"epre","1404":"opa ","1405":"haha","1406":"oda ","1407":"crea","1408":"acci","1409":"nosa","1410":"aixo","1411":"eita","1412":"gust","1413":" xor","1414":"gura","1415":"envo","1416":"situ","1417":"ngua","1418":"teir","1419":"rais","1420":"nar ","1421":"aaaa","1422":"stes","1423":"pouc","1424":"escu","1425":" pel","1426":"vert","1427":" bra","1428":"onar","1429":"\u00edan ","1430":"razo","1431":"lant","1432":"uel ","1433":"repr","1434":"ahah","1435":"tall","1436":"alo ","1437":"trav","1438":"arta","1439":" ide","1440":"mica","1441":" rem","1442":"lere","1443":"urop","1444":"venc","1445":"senv","1446":"dife","1447":"ndos","1448":"poli","1449":"gres","1450":"acab","1451":"uras","1452":"fami","1453":"ula ","1454":"ivas","1455":"scar","1456":"rato","1457":"lan ","1458":"disp","1459":"ti\u00f1a","1460":"arco","1461":"incl","1462":"astr","1463":" ill","1464":"rman","1465":"guer","1466":"base","1467":" her","1468":"timo","1469":"arac","1470":" det","1471":"dra ","1472":"tima","1473":" y ","1474":"pa\u00eds","1475":"ille","1476":" pa\u00ed","1477":"sito","1478":"rico","1479":"inde","1480":"cend","1481":"xorn","1482":"roqu","1483":"stos","1484":"tore","1485":"ede ","1486":"ntia","1487":"stem","1488":"exa ","1489":"asco","1490":"lada","1491":" dei","1492":"eter","1493":" rom","1494":"semp","1495":"quia","1496":" tor","1497":"dato","1498":" log","1499":"lind","1500":"iago","1501":" fon","1502":" neg","1503":"nunh","1504":"uns ","1505":"lare","1506":"ermo","1507":"oluc","1508":"desa","1509":"admi","1510":" tom","1511":"iant","1512":"oca ","1513":"uint","1514":"cabe","1515":"aqu\u00ed","1516":"lora","1517":"noso","1518":"edad","1519":"veci","1520":"mill","1521":" tal","1522":"pend","1523":"endi","1524":"eas ","1525":" bus","1526":"pita","1527":"xes ","1528":" mom","1529":"pert","1530":"uali","1531":"anas","1532":"rea ","1533":"lver","1534":"isit","1535":"zada","1536":"anco","1537":"x\u00eda ","1538":" alu","1539":"pret","1540":"rsid","1541":"rase","1542":"esor","1543":"\u00f1en ","1544":"tela","1545":"nove","1546":"alca","1547":"alar","1548":"deo ","1549":"ebra","1550":"e\u00f1o ","1551":"vend","1552":" lon","1553":"ecen","1554":"uipo","1555":"aran","1556":"nves","1557":" vig","1558":"ndes","1559":" adm","1560":"uere","1561":"ropo","1562":"hama","1563":"llad","1564":"a\u00f1ol","1565":" fes","1566":"ferr","1567":" cou","1568":"eros","1569":"carg","1570":"reta","1571":"ases","1572":"r\u00edo ","1573":"orac","1574":"ning","1575":"rda ","1576":"ompl","1577":"mpar","1578":"edo ","1579":" dic","1580":"lebr","1581":"tiag","1582":"arde","1583":"dian","1584":"eda ","1585":" ate","1586":"ota ","1587":" ret","1588":"enza","1589":"parr","1590":"t\u00f3n ","1591":"gua ","1592":"ienc","1593":"\u00e9cul","1594":"guin","1595":" exc","1596":"dorm","1597":"nso ","1598":"aten","1599":"deci","1600":"ntad","1601":"ormi","1602":"oboa","1603":"omer","1604":"cami","1605":"ract","1606":" fix","1607":"erad","1608":"mome","1609":"graf","1610":"lbum","1611":" fre","1612":"carr","1613":" mus","1614":"pais","1615":"apro","1616":"sari","1617":"trib","1618":"cita","1619":"tabl","1620":"olas","1621":"dez ","1622":"itiv","1623":"rou ","1624":"tude","1625":"ouco","1626":"vide","1627":"erce","1628":"empe","1629":"algu","1630":"seri","1631":" vel","1632":" poi","1633":"uso ","1634":"rote","1635":"fico","1636":"esas","1637":" ti\u00f1","1638":"tina","1639":" ord","1640":"etro","1641":"dito","1642":"erva","1643":"eleb","1644":" fro","1645":"prec","1646":"\u00e1lbu","1647":"ren ","1648":"iliz","1649":" \u00e1lb","1650":" vin","1651":"mado","1652":"er\u00e1n","1653":" axu","1654":"leme","1655":"erar","1656":"vigo","1657":"ingo","1658":"tali","1659":"omes","1660":"ming","1661":"norm","1662":" gue","1663":"qu\u00ed ","1664":"call","1665":"onad","1666":"alen","1667":"ortu","1668":" s\u00e9c","1669":"rnad","1670":"arri","1671":"refe","1672":"s\u00e9cu","1673":"atri","1674":"rexi","1675":"ofic","1676":" ing","1677":" pai","1678":"itad","1679":"deix","1680":"mant","1681":"ider","1682":"ilit","1683":"cald","1684":" the","1685":"nsel","1686":"metr","1687":"reto","1688":"v\u00eda ","1689":"ctur","1690":" mem","1691":"erca","1692":"elas","1693":"inco","1694":"ntig","1695":" asc","1696":"lumn","1697":"regu","1698":"mar\u00ed","1699":"olox","1700":"cunh","1701":" pes","1702":"empl","1703":" x ","1704":"g\u00fan ","1705":"scen","1706":"m\u00e1ti","1707":"rroq","1708":"ique","1709":"gaci","1710":"amar","1711":"pequ","1712":" ofi","1713":"perd","1714":"rede","1715":"abil","1716":"uerr","1717":"lles","1718":"orto","1719":"tora","1720":"tral","1721":"rro ","1722":"mal ","1723":"ectu","1724":"cost","1725":" not","1726":"denc","1727":"oto ","1728":"gue ","1729":"icit","1730":"ndar","1731":" cin","1732":" d\u00faa","1733":"i\u00f1os","1734":"ame ","1735":"lema","1736":"rtir","1737":"d\u00faas","1738":"osas","1739":"sona","1740":"nsid","1741":"oaci","1742":"inan","1743":"otec","1744":"ampo","1745":"tuac","1746":"emio","1747":"nhas","1748":"mir ","1749":"axud","1750":" ma\u00f1","1751":"orad","1752":"xeit","1753":"rema","1754":"adic","1755":" m\u00fas","1756":"toma","1757":" pin","1758":" peq","1759":"usta","1760":" don","1761":"onto","1762":"uco ","1763":"stig","1764":"ete ","1765":" ato","1766":"erie","1767":"alum","1768":"cale","1769":"cios","1770":"acia","1771":"rati","1772":"volu","1773":"clas","1774":"van ","1775":"ieda","1776":"erci","1777":"agor","1778":" fai","1779":" atr","1780":"gora","1781":" gus","1782":"arga","1783":"oral","1784":"unca","1785":" sis","1786":"reme","1787":"fern","1788":"ni\u00f3n","1789":" ali","1790":"v\u00e9s ","1791":"bles","1792":"v\u00edde","1793":"egad","1794":"pio ","1795":"sor ","1796":"algo","1797":"orti","1798":"boac","1799":"lent","1800":"dame","1801":"llar","1802":"rei ","1803":" mos","1804":"osos","1805":"alor","1806":"rixi","1807":"natu","1808":"capa","1809":"nes ","1810":"mode","1811":"quit","1812":"m\u00fasi","1813":"\u00fasic","1814":"\u00f1eci","1815":"lox\u00ed","1816":"roma","1817":"tria","1818":"nia ","1819":"rzo ","1820":"tipo","1821":"lexi","1822":"bado","1823":"erri","1824":"rego","1825":"ox\u00eda","1826":"edor","1827":" meu","1828":"guir","1829":" v\u00eda","1830":"azas","1831":"grad","1832":" tip","1833":"xoga","1834":"ciai","1835":"fron","1836":"stiv","1837":"mend","1838":"av\u00e9s","1839":" tur","1840":" lit","1841":"busc","1842":"xuda","1843":"vaci","1844":"\u00eddeo","1845":"rosa","1846":" amb","1847":"vado","1848":"\u00f3mic","1849":" gan","1850":"ersa","1851":" sel","1852":" lim","1853":"tamo","1854":"ueda","1855":" gol","1856":"rav\u00e9","1857":"cris","1858":"xina","1859":"uros","1860":" arq","1861":"ser\u00e1","1862":"most","1863":"ullo","1864":"lore","1865":"zona","1866":"quel","1867":"cipi","1868":"divi","1869":"inas","1870":"onai","1871":" v\u00edd","1872":"vila","1873":"rson","1874":"edit","1875":"ondo","1876":"mada","1877":"\u00f3nic","1878":" tro","1879":"perf","1880":"agar","1881":"orme","1882":"acad","1883":"tigo","1884":" ani","1885":"the ","1886":"anei","1887":"odas","1888":" d ","1889":"nclu","1890":"erde","1891":"rqui","1892":"paso","1893":"expl","1894":" via","1895":"orar","1896":"izo ","1897":"crib","1898":" pap","1899":"asta","1900":"ener","1901":"mpra","1902":"\u00f3xic","1903":" mi\u00f1","1904":" mir","1905":"tifi","1906":"osib","1907":"mano","1908":"e\u00f1en","1909":"bros","1910":"igua","1911":"itud","1912":"esqu","1913":"ndas","1914":"aza ","1915":"gada","1916":"olab","1917":"onda","1918":"ine ","1919":" aso","1920":"ribu","1921":" bol","1922":"rmir","1923":" zon","1924":" sei","1925":" tiv","1926":" hum","1927":"stat","1928":"epen","1929":"madr","1930":"nce ","1931":"difi","1932":" aba","1933":"ropa","1934":"fill","1935":"mira","1936":"mper","1937":"veme","1938":" sim","1939":"cter","1940":"blem","1941":"char","1942":"atop","1943":"expe","1944":"arme","1945":"nort","1946":"eder","1947":"ila ","1948":"case","1949":"olar","1950":" r\u00edo","1951":"ude ","1952":"mani","1953":"esio","1954":"dece","1955":" ren","1956":"ll\u00f3n","1957":"ltad","1958":"usca","1959":"lite","1960":"lgo ","1961":" vos","1962":"erre","1963":" ace","1964":"rmin","1965":"ecib","1966":" van","1967":" > ","1968":"mi\u00f1a","1969":"vai ","1970":" cie","1971":"ousa","1972":" ama","1973":"par ","1974":"abel","1975":"vale","1976":"into","1977":"defe","1978":"rame","1979":"ampa","1980":"usa ","1981":"comi","1982":"ari\u00f1","1983":"zou ","1984":"rari","1985":"cata","1986":"cun ","1987":"aixa","1988":"cart","1989":"l\u00f3n ","1990":"ideo","1991":"depu","1992":"ceir","1993":"falt","1994":"tard","1995":"patr","1996":"barr","1997":"llan","1998":"inda","1999":"verd","2000":"iber","2001":"corp","2002":"art\u00ed","2003":"pazo","2004":"nin ","2005":"ompe","2006":"ndid","2007":"rein","2008":"reo ","2009":"teve","2010":"ctic","2011":"cen ","2012":"una ","2013":"ollo","2014":"vill","2015":"quin","2016":"dina","2017":"uia ","2018":"oche","2019":"exo ","2020":"esul","2021":"utur","2022":"amad","2023":" sig","2024":"axes","2025":"adri","2026":"p\u00f3n ","2027":"sou ","2028":"lece","2029":"miti","2030":" i ","2031":"ueno","2032":"gunh","2033":"forz","2034":"ostr","2035":"rien","2036":"eixa","2037":"obxe","2038":"orza","2039":"icul","2040":"eput","2041":" set","2042":"ovem","2043":"quis","2044":"redo","2045":"po\u00f1e","2046":"mata","2047":"send","2048":" bri","2049":"andi","2050":"nsa ","2051":"nche","2052":"lame","2053":"cana","2054":"iali","2055":"cate","2056":"n\u00f3mi","2057":"pedr","2058":"bxec","2059":"erma","2060":"iano","2061":"ache","2062":"lari","2063":"inta","2064":"rici","2065":"leta","2066":"rnac","2067":"enso","2068":" h ","2069":" obx","2070":"r\u00edas","2071":"tion","2072":"f\u00eda ","2073":"cesa","2074":"depe","2075":"on\u00f3m","2076":" rod","2077":"ciac","2078":"ntev","2079":"grac","2080":" gui","2081":"feit","2082":"gual","2083":"capi","2084":" cua","2085":" ana","2086":"mite","2087":"nvoc","2088":"oces","2089":"rsos","2090":"\u00edcul","2091":" tot","2092":"cano","2093":"ordo","2094":"onvo","2095":"atar","2096":"bril","2097":"ies ","2098":"xica","2099":"pula","2100":"tudo","2101":"func","2102":"boa ","2103":" n\u00fam","2104":"vive","2105":"dita","2106":" ela","2107":"cume","2108":"sete","2109":"ardo","2110":"ispo","2111":"ton ","2112":" sur","2113":"apa ","2114":"vedr","2115":"rmat","2116":"came","2117":"ves ","2118":"tota","2119":"egra","2120":"tanc","2121":"\u00fanic","2122":"rade","2123":"barc","2124":"pora","2125":"taca","2126":"valo","2127":" mot","2128":"tala","2129":"ono ","2130":"apit","2131":"cous","2132":"pedi","2133":"otal","2134":"dou ","2135":"asad","2136":"rita","2137":"amor","2138":"asoc","2139":"val ","2140":"long","2141":"mati","2142":" nen","2143":" ber","2144":"efer","2145":" ens","2146":" igu","2147":"tade","2148":"sexa","2149":"a\u00eds ","2150":"nfer","2151":"manu","2152":"ise ","2153":"rmit","2154":"n\u00fame","2155":"mane","2156":"vela","2157":"ipio","2158":"orix","2159":"\u00famer","2160":"ear ","2161":"ter\u00ed","2162":"undi","2163":"eved","2164":"\u00e1ndo","2165":"cou ","2166":"ide ","2167":"opos","2168":"quei","2169":"oro ","2170":"repa","2171":"tens","2172":"xi\u00f3n","2173":"tric","2174":"acha","2175":"uta ","2176":"ingl","2177":"pala","2178":"gall","2179":"oman","2180":"mplo","2181":"nces","2182":"ulos","2183":"bos ","2184":"efen","2185":"rco ","2186":"ches","2187":"r\u00f3n ","2188":"ueir","2189":" anu","2190":"aio ","2191":"az\u00f3n","2192":"arad","2193":"pci\u00f3","2194":"cir ","2195":" bue","2196":" emi","2197":" n ","2198":" vir","2199":"i\u00f1as","2200":"lara","2201":"ndia","2202":" bat","2203":"extr","2204":" ni\u00f1","2205":"can ","2206":" aug","2207":"ence","2208":" coc","2209":"te\u00f1e","2210":"onio","2211":"rdad","2212":"ber ","2213":"\u00e9tic","2214":" esa","2215":"se\u00f1o","2216":"cort","2217":"trem","2218":"asar","2219":" amp","2220":"ncen","2221":"acce","2222":"cabo","2223":" \u00fani","2224":"rrit","2225":"enca","2226":"meu ","2227":"sand","2228":"inac","2229":"oble","2230":"fin ","2231":"mio ","2232":"egal","2233":"nseg","2234":"lio ","2235":"lleg","2236":"orpo","2237":" fol","2238":"enga","2239":"mbio","2240":" mac","2241":"dmin","2242":"outu","2243":"mort","2244":"tulo","2245":"terc","2246":"ntab","2247":"dro ","2248":"nt\u00f3n","2249":"rrei","2250":"tive","2251":"fant","2252":"ocum","2253":"os\u00e9 ","2254":"sibl","2255":"egue","2256":"ntem","2257":"misi","2258":"reve","2259":"enas","2260":"docu","2261":" al ","2262":"onsu","2263":"romo","2264":"rres","2265":"pada","2266":" clu","2267":"eado","2268":"sign","2269":"agos","2270":"eber","2271":"club","2272":"coro","2273":"cati","2274":"ven ","2275":"ans ","2276":"utub","2277":"cade","2278":"raf\u00ed","2279":"enco","2280":"tira","2281":"icie","2282":"efec","2283":"uman","2284":"util","2285":"alab","2286":"fort","2287":" nav","2288":"evol","2289":"trar","2290":"rol ","2291":"quil","2292":"af\u00eda","2293":"torn","2294":"opor","2295":"tili","2296":" abe","2297":" cru","2298":"dari","2299":"esit","2300":" sed","2301":"ituc","2302":" lab","2303":" m ","2304":" mis","2305":"xest","2306":"rons","2307":"l\u00f3xi","2308":"ti\u00f3n","2309":"llei","2310":"cide","2311":" xes","2312":" fan","2313":"stam","2314":"rope","2315":" ist","2316":"defi","2317":"tuci","2318":"agra","2319":" xul","2320":"edid","2321":" ima","2322":"rmen","2323":"emat","2324":"bas ","2325":" esq","2326":"cnic","2327":" pop","2328":"gal ","2329":" ado","2330":" sor","2331":"ndez","2332":" cop","2333":"meza","2334":"sti\u00f3","2335":"limi","2336":"erat","2337":"icid","2338":"ume ","2339":"\u00edfic","2340":"fini","2341":"eal ","2342":"ixa ","2343":"ecis","2344":" am\u00e9","2345":"uera","2346":"ncon","2347":"arzo","2348":"evan","2349":"r\u00e1fi","2350":"cuen","2351":"rcia","2352":"\u00f1eir","2353":"ucac","2354":"uero","2355":"uez ","2356":"sico","2357":"etar","2358":"\u00e1fic","2359":" le ","2360":"dose","2361":"lgun","2362":"solu","2363":"apac","2364":"cret","2365":"icam","2366":"pond","2367":" ros","2368":"imin","2369":"empa","2370":"ques","2371":"uir ","2372":"apoi","2373":"oden","2374":"mico","2375":"elev","2376":"prev","2377":"dive","2378":"mara","2379":"topa","2380":"bio ","2381":"lcal","2382":"ecla","2383":"etra","2384":"tais","2385":"indu","2386":"elic","2387":"auga","2388":"scan","2389":"marz","2390":"a\u00f1o ","2391":"fesi","2392":"tist","2393":" fav","2394":"\u00edtul","2395":" sac","2396":"aaa ","2397":"gost","2398":"osit","2399":"\u00fans ","2400":" coi","2401":"per ","2402":"dena","2403":"celo","2404":"arce","2405":"exem","2406":"ugo ","2407":"del ","2408":" lec","2409":" poe","2410":"sesi","2411":"nven","2412":"firm","2413":"cina","2414":"dete","2415":"iore","2416":"fai ","2417":"exi\u00f3","2418":"alan","2419":"efin","2420":"igue","2421":"buen","2422":" tes","2423":"ler\u00ed","2424":"bran","2425":"rtos","2426":" iso","2427":"mpli","2428":"ximo","2429":"mita","2430":" tec","2431":"favo","2432":"nand","2433":"elix","2434":" env","2435":"scal","2436":"ril ","2437":"olla","2438":"t\u00e9cn","2439":"\u00e9cni","2440":"etas","2441":"z\u00f3n ","2442":"mor ","2443":"mi\u00f1o","2444":"ecor","2445":"truc","2446":"izos","2447":"avor","2448":"eca ","2449":"lenc","2450":"moci","2451":"siti","2452":"frec","2453":" cho","2454":" fas","2455":"egos","2456":"andr","2457":" ga\u00f1","2458":" apl","2459":"uent","2460":"ill\u00f3","2461":"teng","2462":"eten","2463":"opia","2464":"umes","2465":"ceu ","2466":"li\u00f1a","2467":"sele","2468":"cans","2469":"expo","2470":"nqui","2471":" uti","2472":"spos","2473":"hes ","2474":"otos","2475":"oper","2476":"apel","2477":"rez ","2478":"r\u00e1ct","2479":"acor","2480":"ilar","2481":" lei","2482":" boa","2483":"peza","2484":"coas","2485":"rona","2486":" alb","2487":"ndad","2488":"lama","2489":"labr","2490":"minu","2491":"test","2492":"\u00e1ns ","2493":"tint","2494":"nido","2495":"var ","2496":"cari","2497":"oque","2498":"iari","2499":"upos","2500":"liga","2501":" jos","2502":"sada","2503":"rden","2504":"utac","2505":" nar","2506":"utos","2507":"carl","2508":"ecin","2509":" xe ","2510":" you","2511":"xemp","2512":"togr","2513":"atra","2514":"bate","2515":"veni","2516":"aca ","2517":" gre","2518":" tea","2519":"esma","2520":"infa","2521":"ncer","2522":"gand","2523":"ndei","2524":" dio","2525":"xito","2526":" eli","2527":"ebre","2528":" c ","2529":"ngre","2530":"iba ","2531":"opul","2532":"even","2533":"cato","2534":"rmal","2535":"impl","2536":"\u00e1rea","2537":"rota","2538":"aren","2539":"erse","2540":"ibil","2541":" ach","2542":"ocup","2543":"ma\u00f1\u00e1","2544":"libe","2545":" bib","2546":"rcel","2547":"rtam","2548":"udo ","2549":" ava","2550":"teca","2551":"rnos","2552":"rimo","2553":"gan ","2554":"iron","2555":"via ","2556":"arel","2557":"cicl","2558":" tir","2559":"taro","2560":"nsul","2561":"dele","2562":"egas","2563":"arda","2564":"pant","2565":"xima","2566":"emin","2567":"xeno","2568":"mida","2569":"onom","2570":" bro","2571":"ongo","2572":"ciar","2573":"oite","2574":"cito","2575":"ian ","2576":"xogo","2577":"lase","2578":"lde ","2579":"nima","2580":"alqu","2581":"anue","2582":"cept","2583":"rras","2584":" acu","2585":"mese","2586":"ibir","2587":"tuto","2588":"data","2589":"rido","2590":" uso","2591":" far","2592":"uela","2593":"cho ","2594":"\u00e1nic","2595":" noi","2596":" t\u00e9c","2597":"nita","2598":"turi","2599":"plo ","2600":"popu","2601":"bibl","2602":" vic","2603":" s\u00e1b","2604":"abo ","2605":"pas ","2606":"erme","2607":"dust","2608":" gas","2609":" tit","2610":"ramo","2611":"pase","2612":"ical","2613":"\u00f3ric","2614":"orra","2615":" xan","2616":"ol\u00f3x","2617":"ocio","2618":" eso","2619":"rcad","2620":"riva","2621":"ndus","2622":" pag","2623":"ibre","2624":"rmos","2625":" som","2626":"ecol","2627":"ogad","2628":"lto ","2629":"ratu","2630":"uest","2631":"ere ","2632":" xei","2633":"sin ","2634":"ibli","2635":"xper","2636":"ilo ","2637":" uns","2638":"stou","2639":"t\u00edn ","2640":"secu","2641":"usi\u00f3","2642":" enf","2643":"impe","2644":"huma","2645":"nser","2646":"cens","2647":"aras","2648":"move","2649":" vot","2650":" lig","2651":"cibi","2652":"nuel","2653":"tase","2654":"esce","2655":"vece","2656":"and ","2657":"brei","2658":"b\u00e1n ","2659":"morr","2660":"teme","2661":"ixe ","2662":"ampi","2663":"itac","2664":"nifi","2665":"rtug","2666":"anim","2667":" xd ","2668":"mpet","2669":"nton","2670":"uido","2671":"bien","2672":"iven","2673":"ale ","2674":" 0\u00ba ","2675":"adio","2676":"arch","2677":"ones","2678":"chan","2679":"orda","2680":"cora","2681":"vita","2682":"exce","2683":" rap","2684":"dial","2685":"enor","2686":"fond","2687":"robl","2688":"xas ","2689":"erti","2690":"g\u00fans","2691":" gt ","2692":"brad","2693":"ciad","2694":"apre","2695":"liar","2696":"onso","2697":"imax","2698":"m\u00eda ","2699":"tinu","2700":"mora","2701":"gana","2702":" web","2703":"daci","2704":"s\u00e1ba","2705":" rad","2706":"tect","2707":"diri","2708":" lem","2709":"text","2710":"tbol","2711":"uni\u00f3","2712":"onfi","2713":"dido","2714":"ci\ufffdn","2715":"core","2716":"nfan","2717":"gula","2718":"ers ","2719":" \u00e1re","2720":"dens","2721":"uda ","2722":" paz","2723":"nato","2724":"laro","2725":"uenc","2726":"irix","2727":"rtas","2728":"gala","2729":"impr","2730":"lito","2731":"rian","2732":"rpre","2733":"ovas","2734":"ecre","2735":"gard","2736":"acte","2737":"arlo","2738":"temo","2739":"mezo","2740":"apli","2741":"ami\u00f1","2742":"000 ","2743":" fem","2744":"gou ","2745":"rmas","2746":"anca","2747":"chin","2748":"rsi\u00f3","2749":"lina","2750":"gr\u00e1f","2751":"volt","2752":"meta","2753":"moni","2754":"late","2755":"casi","2756":" ocu","2757":" vio","2758":"umna","2759":"aler","2760":"ace ","2761":"iran","2762":"bel ","2763":" din","2764":"\u00e1bad","2765":"echa","2766":"cian","2767":"nera","2768":"erve","2769":"lati","2770":"e\u00f1a ","2771":"r\u00edst","2772":"eliz","2773":"egor","2774":"iada","2775":"a\u00f1\u00e1 ","2776":"ectr","2777":"usto","2778":"alto","2779":"cino","2780":"elat","2781":"arto","2782":"iote","2783":"acen","2784":"nota","2785":"blio","2786":"olta","2787":"mest","2788":"tino","2789":" pr\u00f3","2790":"dela","2791":"lugo","2792":"ri\u00f1o","2793":"feso","2794":"nimo","2795":"alac","2796":"seo ","2797":"ltar","2798":"idea","2799":" aga","2800":"spir","2801":"vou ","2802":"nace","2803":" b\u00e1n","2804":"memb","2805":"irma","2806":"trol","2807":"ime ","2808":"sma ","2809":" coo","2810":"dad ","2811":"iii ","2812":"lque","2813":"exto","2814":"eric","2815":"emia","2816":"ofre","2817":" los","2818":"itut","2819":"deu ","2820":"sur ","2821":"duto","2822":"roso","2823":" usa","2824":"dea ","2825":"tula","2826":"edro","2827":"peti","2828":"lanc","2829":"blec","2830":"omis","2831":"azos","2832":" adi","2833":"nism","2834":"rill","2835":"vivi","2836":"asin","2837":"pons","2838":"drid","2839":"\u00e1cti","2840":"til ","2841":"cupa","2842":"iana","2843":"elen","2844":"ovid","2845":"sect","2846":"ribi","2847":" ya ","2848":" po\u00f1","2849":"vame","2850":"bol ","2851":"isa ","2852":"orno","2853":"rrer","2854":"fall","2855":"viol","2856":"rir ","2857":" s ","2858":"aco ","2859":"mia ","2860":"\u00e9ric","2861":"eixo","2862":"plet","2863":" eng","2864":"\u00e9xic","2865":"uena","2866":"vell","2867":"ocas","2868":"ar\u00e1n","2869":"ordi","2870":"opin","2871":"pira","2872":"ampl","2873":"pint","2874":"con\u00f3","2875":"raz\u00f3","2876":"u\u00f1o ","2877":" m\u00e1s","2878":"rgo ","2879":"bido","2880":" pis","2881":"ues ","2882":" bon","2883":"ire ","2884":" una","2885":"bast","2886":"beir","2887":"engo","2888":"liz ","2889":"onas","2890":" ir ","2891":" feb","2892":"onia","2893":"reza","2894":" mov","2895":"catr","2896":" tex","2897":"nteg","2898":"sala","2899":"mete","2900":"men ","2901":"ecue","2902":"anif","2903":"eatr","2904":"icen","2905":" fut","2906":"arba","2907":" dig","2908":"solo","2909":" loi","2910":"rtiv","2911":"ulad","2912":"amo ","2913":"izan","2914":"poll","2915":"ruta","2916":"riba","2917":" deu","2918":"recc","2919":"rie ","2920":"ince","2921":" r\u00faa","2922":"rten","2923":"ons ","2924":"anal","2925":"cili","2926":"rid ","2927":"vind","2928":" \u00e9xi","2929":"xust","2930":"\u00e9xit","2931":"feri","2932":" niv","2933":" lan","2934":"asos","2935":"r\u00edan","2936":"ialm","2937":"uga ","2938":"paga","2939":"adoi","2940":" ram","2941":" opi","2942":"exte","2943":" t\u00edt","2944":"ern\u00e1","2945":"calq","2946":"emor","2947":"deos","2948":"sca ","2949":" cum","2950":"t\u00edtu","2951":"viso","2952":"ribe","2953":"digo","2954":"rna ","2955":"agon","2956":"tegr","2957":"ualm","2958":" ame","2959":"ulas","2960":"nscr","2961":"nsi\u00f3","2962":"ntou","2963":" cli","2964":"ent\u00ed","2965":"lvem","2966":"orri","2967":"omos","2968":"\u00e1ron","2969":" rob","2970":" gua","2971":" cub","2972":"i\ufffdn ","2973":"nsab","2974":"oooo","2975":"n\u00e1nd","2976":" vas","2977":" ric","2978":"graz","2979":"imit","2980":"ntic","2981":"figu","2982":"anch","2983":" rib","2984":"om\u00eda","2985":"rmad","2986":"ist\u00f3","2987":" pec","2988":" sa\u00ed","2989":"otog","2990":"riza","2991":"igac","2992":" dix","2993":"odut","2994":"lian","2995":"soal","2996":"enun","2997":"tare","2998":"asis","2999":"abez","3000":"noit","3001":"m\u00e1n ","3002":" les","3003":"lest","3004":" bor","3005":"rn\u00e1n","3006":"itul","3007":" cir","3008":"acid","3009":"spaz","3010":"mbra","3011":"cump","3012":"\u00e1nde","3013":"lism","3014":"cono","3015":"nom\u00ed","3016":"l\u00f3ns","3017":"ateg","3018":" sta","3019":"ondi","3020":"t\u00edst","3021":" bot","3022":"bume","3023":"ival","3024":"odes","3025":"adei","3026":"grav","3027":"t\u00f3ri","3028":" ape","3029":" vi\u00f1","3030":" pac","3031":" inm","3032":"rima","3033":"imas","3034":"lona","3035":"ntam","3036":"audi","3037":"clu\u00ed","3038":"opio","3039":"febr","3040":"omet","3041":"zan ","3042":"oal ","3043":"carb","3044":"ixid","3045":"rano","3046":"m\u00e1xi","3047":"\u00f1ol ","3048":"negr","3049":"are ","3050":"dico","3051":"mori","3052":"ulti","3053":"usti","3054":" sil","3055":" m\u00e1x","3056":"eco\u00f1","3057":"alem","3058":"edan","3059":"mpez","3060":"pena","3061":"tego","3062":"brig","3063":"icou","3064":"poca","3065":" agu","3066":"tuad","3067":"eci\u00f1","3068":"lixi","3069":"urad","3070":"oest","3071":"reac","3072":" xu\u00f1","3073":"uari","3074":"foll","3075":"gara","3076":" reu","3077":"rism","3078":"tero","3079":"xu\u00f1o","3080":"ixen","3081":"ive ","3082":"rete","3083":"paz ","3084":"pia ","3085":"garc","3086":"etem","3087":" xur","3088":" lo ","3089":" roc","3090":"ga\u00f1a","3091":"neno","3092":"olor","3093":"r\u00f3xi","3094":"sei ","3095":"ave ","3096":" ita","3097":"isca","3098":"pref","3099":"cie ","3100":"beza","3101":"min ","3102":"arma","3103":"alas","3104":" hos","3105":"\u00edda ","3106":"naxe","3107":"arab","3108":"ice ","3109":"lub ","3110":"pr\u00f3x","3111":"obo ","3112":"udos","3113":"imon","3114":"etal","3115":"dero","3116":"ione","3117":"t\u00eda ","3118":"uais","3119":"\u00f3xim","3120":"dolo","3121":"uris","3122":"ccio","3123":"web ","3124":"pere","3125":"avan","3126":"mpad","3127":"pra ","3128":"uite","3129":"igad","3130":"te\u00f1o","3131":"bail","3132":"oced","3133":"tubr","3134":"conx","3135":"resc","3136":"tiza","3137":"cces","3138":"xull","3139":"erem","3140":"derr","3141":" opo","3142":"teat","3143":"riga","3144":"dout","3145":"trip","3146":" pet","3147":"nga ","3148":"xtra","3149":"tar\u00e1","3150":"mpro","3151":" yo ","3152":" li\u00f1","3153":"dal ","3154":" pa ","3155":"nomi","3156":"sia ","3157":" mag","3158":"xido","3159":" sou","3160":"exio","3161":"u\u00eddo","3162":"eras","3163":"liot","3164":"e\u00f3n ","3165":" fic","3166":"onos","3167":"onsa","3168":"vir ","3169":"r\u00f3ni","3170":"rome","3171":" va ","3172":"cta ","3173":"femi","3174":"rtad","3175":"jos\u00e9","3176":"anun","3177":"rapa","3178":"aga ","3179":"sino","3180":"ruci","3181":"rnan","3182":"oco ","3183":"dada","3184":"fede","3185":"tale","3186":"rmar","3187":"name","3188":" efe","3189":"subs","3190":"usas","3191":"toni","3192":"ntir","3193":"nero","3194":"erfi","3195":"ferm","3196":"asas","3197":"memo","3198":"rdin","3199":"tuda","3200":"ntil","3201":" put","3202":"maxe","3203":"vera","3204":"rtis","3205":" cit","3206":"eceu","3207":" ave","3208":"mato","3209":"vel ","3210":"ipai","3211":"exua","3212":"rove","3213":"sexu","3214":" exa","3215":"rre ","3216":"igur","3217":"ntel","3218":"cela","3219":"bir ","3220":"m\u00e9ri","3221":"ntei","3222":"cais","3223":"trop","3224":"acom","3225":"otar","3226":"loit","3227":" vit","3228":" las","3229":"lice","3230":"trut","3231":"tecn","3232":"ncor","3233":"fixo","3234":"cala","3235":"temb","3236":"l\u00e1n ","3237":" dim","3238":"erid","3239":"taxe","3240":"vemb","3241":"ivel","3242":"clus","3243":"argo","3244":"sibi","3245":"creo","3246":"atas","3247":"rixe","3248":"perc","3249":"\u00f1ola","3250":"arla","3251":" cau","3252":"nou ","3253":" ofr","3254":" obt","3255":" inn","3256":"time","3257":"xane","3258":"xenc","3259":"reun","3260":"treg","3261":"dand","3262":" ope","3263":"mbie","3264":"\u00e1xim","3265":"ipar","3266":"lime","3267":"oida","3268":"anis","3269":" pi\u00f1","3270":"mosa","3271":"guro","3272":"ser\u00ed","3273":"meri","3274":"ocie","3275":"viax","3276":"alad","3277":"comb","3278":"m\u00e1s ","3279":"insc","3280":"bito","3281":"ndac","3282":"oiro","3283":"aqui","3284":"ni\u00f1o","3285":"ncre","3286":"bera","3287":"ebid","3288":"dond","3289":"xeir","3290":"cinc","3291":"pech","3292":" axe","3293":" fig","3294":"ma\u00f1a","3295":"trim","3296":"xpos","3297":"bar ","3298":"alma","3299":" tu ","3300":"ivis","3301":"debi","3302":"inai","3303":"rell","3304":" sus","3305":"nzas","3306":"onis","3307":"ezo ","3308":"tar\u00ed","3309":"rlle","3310":"uxo ","3311":" hon","3312":"\u00e1sic","3313":"sani","3314":" f\u00fat","3315":"f\u00fatb","3316":"vant","3317":"amas","3318":"nan ","3319":"circ","3320":" bur","3321":"poio","3322":"alim","3323":" luc","3324":"\u00fatbo","3325":"atio","3326":"atac","3327":" ti ","3328":" hou","3329":"lusi","3330":"lano","3331":"ivam","3332":" obs","3333":"evar","3334":"outo","3335":" flo","3336":"mpla","3337":"isor","3338":"axen","3339":" cov","3340":"ubro","3341":" irm","3342":"eino","3343":" ded","3344":"dir ","3345":"braz","3346":" se\u00f1","3347":" bo ","3348":"st\u00f3r","3349":" bla","3350":"stil","3351":" afe","3352":"rmo ","3353":"obri","3354":"n\u00eda ","3355":"xpli","3356":"ovos","3357":"aia ","3358":"brar","3359":"pios","3360":"rcor","3361":"rali","3362":" fis","3363":" \u00e9po","3364":"quet","3365":"ocar","3366":"onfe","3367":" dal","3368":" cue","3369":"abe ","3370":" tr\u00e1","3371":"radu","3372":"utad","3373":"amer","3374":"\u00e9poc","3375":"dant","3376":"stur","3377":" ii ","3378":" xus","3379":"u\u00eda ","3380":"ipad","3381":" bre","3382":" aud","3383":"asto","3384":"delo","3385":"salv","3386":" sea","3387":"egan","3388":" so\u00f1","3389":"alte","3390":"rao ","3391":"odem","3392":"otel","3393":" chu","3394":"scul","3395":"ixin","3396":"fens","3397":"eva ","3398":"ver\u00e1","3399":" asa","3400":"gor\u00ed","3401":" arm","3402":"elos","3403":" ilu","3404":"rcei","3405":"ntor","3406":" arc","3407":"sexo","3408":"nume","3409":"greg","3410":" in ","3411":"cubr","3412":"rren","3413":"der\u00e1","3414":" bos","3415":"ocat","3416":" raz","3417":"oran","3418":"alda","3419":"urac","3420":"e\u00f1or","3421":"cupe","3422":"atad","3423":"ri\u00f1a","3424":"quez","3425":"tron","3426":"ogr\u00e1","3427":"udio","3428":"orie","3429":"sali","3430":"ipos","3431":" cic","3432":" bil","3433":"anqu","3434":"atch","3435":"aura","3436":"init","3437":"ebe ","3438":"alva","3439":"xto ","3440":" mic","3441":"caro","3442":"regr","3443":"dern","3444":"rrad","3445":"chad","3446":"eada","3447":"r\u00faa ","3448":"ncis","3449":"vid ","3450":"lend","3451":"nalm","3452":"enio","3453":"urba","3454":"ile ","3455":" abo","3456":"omba","3457":"musi","3458":"uita","3459":"pan ","3460":"egul","3461":"igni","3462":"afec","3463":"m\u00e9xi","3464":"decl","3465":"ezar","3466":"\u00f1ado","3467":"ndep","3468":"ulto","3469":" let","3470":"imar","3471":" m\u00e9x","3472":"m\u00f3n ","3473":"cruz","3474":" ida","3475":"esos","3476":"uist","3477":" mol","3478":"o\u00f1a ","3479":"oio ","3480":" toc","3481":"guid","3482":"cied","3483":"moto","3484":"mali","3485":"rban","3486":" p ","3487":" ofe","3488":"onxu","3489":"ucat","3490":"same","3491":"mou ","3492":"nife","3493":"b\u00eda ","3494":"lou ","3495":"till","3496":"mens","3497":"ulac","3498":"aris","3499":"elan","3500":"rlos","3501":"scur","3502":"r\u00e1s ","3503":"tiro","3504":"em\u00e1t","3505":"ndam","3506":" civ","3507":"ogar","3508":" ene","3509":" dra","3510":"idio","3511":" ast","3512":"pini","3513":"lber","3514":"prep","3515":"guen","3516":"ab\u00eda","3517":"nito","3518":"ese\u00f1","3519":"pron","3520":"rnal","3521":" sos","3522":"nsin","3523":"ilio","3524":" of ","3525":"acar","3526":"iles","3527":"more","3528":"bum ","3529":"lemb","3530":"acho","3531":"tr\u00f3n","3532":"esin","3533":"lato","3534":"ube ","3535":"euni","3536":"pa\u00f1e","3537":" c\u00f3m","3538":"egre","3539":"pape","3540":"herm","3541":"egou","3542":"efic","3543":"uado","3544":"rexa","3545":"per\u00ed","3546":" eve","3547":"noch","3548":"ecno","3549":"rreo","3550":"ecom","3551":"usic","3552":"spor","3553":"stim","3554":"xos ","3555":"diar","3556":"up\u00f3n","3557":" gon","3558":"puls","3559":"muse","3560":"odel","3561":"olon","3562":"siva","3563":" sof","3564":"f\u00edsi","3565":"ifes","3566":"deno","3567":" oca","3568":"trev","3569":"\u00edsic","3570":"rc\u00eda","3571":"onat","3572":"fora","3573":"moti","3574":"euse","3575":"elem","3576":"ecup","3577":"soa ","3578":" mam","3579":"scub","3580":"over","3581":" dev","3582":"nati","3583":"mula","3584":"er\u00edo","3585":"anit","3586":"rxen","3587":"all ","3588":"stia","3589":"noti","3590":"ndon","3591":"inua","3592":"cnol","3593":" are","3594":" ris","3595":"efor","3596":" mur","3597":"rbal","3598":"chil","3599":"raro","3600":"ldad","3601":"llen","3602":"ivil","3603":"ciat","3604":"olit","3605":"infl","3606":"bia ","3607":"rsit","3608":"mer ","3609":" all","3610":"rt\u00edn","3611":" ple","3612":"rava","3613":"itec","3614":"leza","3615":"envi","3616":"ansp","3617":"sup\u00f3","3618":"bala","3619":" noc","3620":"coit","3621":"irse","3622":"aman","3623":"ioso","3624":"don ","3625":"icin","3626":"ccid","3627":"lter","3628":"sens","3629":"copa","3630":"asan","3631":"clam","3632":"arc\u00ed","3633":"oci\u00f3","3634":"mila","3635":" leg","3636":"bida","3637":" len","3638":"impa","3639":"rpor","3640":"tru\u00ed","3641":"ove ","3642":"ucio","3643":"albe","3644":"esan","3645":"rcha","3646":" sep","3647":"asil","3648":" urb","3649":"adur","3650":"igre","3651":"nxun","3652":"cemb","3653":" lad","3654":"xual","3655":"reno","3656":"aval","3657":"ovis","3658":"r\u00edod","3659":"enom","3660":"ivad","3661":"at\u00e9 ","3662":" ala","3663":" mig","3664":" emb","3665":"oba ","3666":"olid","3667":"asi\u00f3","3668":"fert","3669":"fend","3670":"edif","3671":" fed","3672":"\u00edodo","3673":"nanc","3674":"uber","3675":"aves","3676":" b ","3677":" tou","3678":"oren","3679":"pion","3680":"oles","3681":"irad","3682":"rer ","3683":"vada","3684":"urai","3685":"guez","3686":"acta","3687":" lat","3688":"uste","3689":"doir","3690":"ncar","3691":"udas","3692":"rate","3693":"olan","3694":"alon","3695":"\u00f1an ","3696":"ader","3697":"kkkk","3698":"reas","3699":"aci\ufffd","3700":"rran","3701":"ic\u00eda","3702":"espi","3703":"cisc","3704":"pete","3705":"futu","3706":"mbia","3707":"ofer","3708":"quiv","3709":"ircu","3710":"iati","3711":"gonz","3712":"ent\u00f3","3713":" alm","3714":"vor ","3715":"font","3716":"stei","3717":"tell","3718":" pr\u00e1","3719":"gast","3720":"ecur","3721":"rina","3722":"o\u00f1o ","3723":" f\u00eds","3724":" usu","3725":"elon","3726":" vou","3727":"letr","3728":"ezou","3729":"uis ","3730":"omas","3731":"nent","3732":"ampe","3733":"erga","3734":"rutu","3735":" air","3736":"uada","3737":" at\u00e9","3738":"turo","3739":"pr\u00e1c","3740":" cai","3741":"caus","3742":"irar","3743":"ing\u00fc","3744":"bng ","3745":"novi","3746":"redi","3747":"ixar","3748":"ci\u00f1a","3749":"adec","3750":"otiv","3751":"ovel","3752":"rtig","3753":"denu","3754":"aire","3755":" bng","3756":"ntai","3757":"tede","3758":"udan","3759":"angu","3760":"suar","3761":"ack ","3762":"uito","3763":"dimi","3764":"ean ","3765":"ris ","3766":"doce","3767":"l\u00e9s ","3768":"telo","3769":"exan","3770":"tel ","3771":"gunt","3772":"ripa","3773":"moso","3774":" ara","3775":"lvar","3776":"idor","3777":"mbre","3778":"entu","3779":"umpr","3780":"seme","3781":"leci","3782":"dona","3783":"advi","3784":"ter\u00e1","3785":"cidi","3786":"grex","3787":" suc","3788":" asu","3789":"toca","3790":"mnad","3791":"area","3792":"nolo","3793":"xar ","3794":"riai","3795":"pel ","3796":"rcio","3797":" asp","3798":"navi","3799":" qu\u00e9","3800":"senc","3801":"iou ","3802":" gor","3803":"sfor","3804":"rasi","3805":"aila","3806":"cena","3807":"ibe ","3808":"ber\u00ed","3809":"demi","3810":"bene","3811":"verg","3812":" blo","3813":"risc","3814":"usua","3815":"emoc","3816":"ndem","3817":"banc","3818":"ctad","3819":"ore ","3820":"secr","3821":"taur","3822":" pau","3823":"revo","3824":"o\u00f1en","3825":"uas ","3826":"anad","3827":"\u00eddo ","3828":" evi","3829":"orro","3830":" reb","3831":" nai","3832":"adou","3833":"expr","3834":"ecie","3835":"fase","3836":"bric","3837":"fixe","3838":"rus ","3839":"pand","3840":"eme ","3841":"refo","3842":"otes","3843":"lei ","3844":"one ","3845":"der\u00ed","3846":"igna","3847":"cura","3848":" lic","3849":"tter","3850":" bac","3851":"enad","3852":"icir","3853":"cuar","3854":"read","3855":"etic","3856":"asti","3857":"mpio","3858":"civi","3859":"fact","3860":"epci","3861":"inut","3862":" sai","3863":"berg","3864":"cepc","3865":" ina","3866":"um>0","3867":"mino","3868":"teu ","3869":"leo ","3870":" igr","3871":"nnnn","3872":"line","3873":"mach","3874":" twi","3875":"ir\u00e1 ","3876":"ncur","3877":"asen","3878":"asca","3879":"intr","3880":"pran","3881":"rago","3882":" hot","3883":"plat","3884":"aume","3885":"bata","3886":"s\u00eda ","3887":"olli","3888":" xeo","3889":"zand","3890":"oriz","3891":"pica","3892":"asou","3893":"useo","3894":"gnif","3895":"sora","3896":"inha","3897":"rrol","3898":"tact","3899":"exer","3900":"terp","3901":"mult","3902":" avi","3903":"ni\u00f1a","3904":"cobe","3905":"a\u00edda","3906":"rave","3907":" cae","3908":"rodr","3909":"eche","3910":"riz ","3911":" etc","3912":"enre","3913":"emit","3914":"torr","3915":"trai","3916":"ior\u00ed","3917":" sar","3918":"vice","3919":"ncid","3920":" pic","3921":"rcos","3922":"bes ","3923":"u\u00e9n ","3924":"lanz","3925":"elad","3926":"pote","3927":"a\u00f1ad","3928":"deme","3929":"ausa","3930":"cerc","3931":"r\u00edn ","3932":"supo","3933":"icat","3934":"han ","3935":"orci","3936":" suf","3937":" pot","3938":"rena","3939":"sea ","3940":"iclo","3941":"bres","3942":" num","3943":"cric","3944":"o\u00f1er","3945":"obil","3946":"uerd","3947":"hote","3948":"rga ","3949":"ain ","3950":"xios","3951":"agua","3952":"semi","3953":"olen","3954":"lota","3955":"gull","3956":" tax","3957":"zame","3958":"t\u00faa ","3959":"qu\u00e9 ","3960":"lero","3961":"ogos","3962":"idar","3963":"dvis","3964":"xero","3965":" km ","3966":"nsec","3967":"ranx","3968":"ocen","3969":"tche","3970":"rfic","3971":"orid","3972":"esol","3973":"ubri","3974":"padv","3975":"ugal","3976":"iole","3977":"ndan","3978":"guei","3979":"pobr","3980":"palm","3981":"xand","3982":"incr","3983":"ldo ","3984":"osti","3985":"erne","3986":"uill","3987":"umer","3988":"rous","3989":"citu","3990":"mena","3991":"vero","3992":"rall","3993":"ctri","3994":"acon","3995":"ansf","3996":"nor ","3997":"acol","3998":"paro","3999":"om\u00fan","4000":" cag","4001":"stau","4002":"coci","4003":"ticu","4004":"quir","4005":"com\u00fa","4006":"trou","4007":"aseg","4008":"t\u00edfi","4009":"ngue","4010":"igra","4011":"a\u00f1an","4012":"riqu","4013":"llll","4014":"hego","4015":"xpre","4016":"pist","4017":"onit","4018":"ondu","4019":"etc ","4020":"scoi","4021":"twit","4022":"itir","4023":"izou","4024":"alos","4025":" d\u00e9c","4026":"vil ","4027":"saca","4028":"cosa","4029":"gu\u00e9n","4030":" gri","4031":"parq","4032":" ses","4033":"priv","4034":"ci\u00f1o","4035":"lata","4036":" max","4037":"isio","4038":"tudi","4039":"car\u00e1","4040":"uxa ","4041":"aral","4042":"flor","4043":"xplo","4044":" a\u00f1o","4045":" rol","4046":"tram","4047":"game","4048":" cob","4049":" on ","4050":"requ","4051":"arxe","4052":"sumi","4053":"atin","4054":"simp","4055":"levi","4056":" abs","4057":"igas","4058":"ntif","4059":"amin","4060":"neo ","4061":"a\u00f1os","4062":"cong","4063":"\u00edndo","4064":"etir","4065":"tem\u00e1","4066":"alec","4067":"lera","4068":"levo","4069":" di ","4070":"umno","4071":"mono","4072":"orit","4073":"mobi","4074":" caf","4075":" mex","4076":"esad","4077":"iaxe","4078":"uno ","4079":"oncu","4080":"nque","4081":"oraz","4082":"ncha","4083":"rm\u00e1n","4084":"itou","4085":"mare","4086":"afor","4087":" f\u00f3r","4088":"exec","4089":"uida","4090":"terv","4091":"flex","4092":"ilus","4093":"fusi","4094":"egro","4095":" xov","4096":"adal","4097":"onga","4098":"mala","4099":"plen","4100":" aum","4101":" aus","4102":"rura","4103":"ouro","4104":"aldo","4105":"r\u00edti","4106":" \u00f3s ","4107":"roxi","4108":"ipan","4109":"nt\u00edf","4110":"rono","4111":"lic\u00ed","4112":"nsum","4113":"deus","4114":"bill","4115":"rgar","4116":"urid","4117":"pesa","4118":"cine","4119":"arll","4120":" sum","4121":" ha ","4122":"x\u00e9ne","4123":"usad","4124":"seda","4125":"utiv","4126":"ivir","4127":"ens ","4128":"xove","4129":"xio ","4130":"otic","4131":"am\u00e9r","4132":"itte","4133":"uart","4134":"ucir","4135":"rtur","4136":"ooo ","4137":"eleg","4138":"luen","4139":"nese","4140":"l\u00eda ","4141":"len ","4142":" \u00e1mb","4143":"irm\u00e1","4144":"uan ","4145":"llet","4146":"nflu","4147":"it\u00e1n","4148":"reti","4149":"gro ","4150":"i\u00f1ei","4151":"sa\u00fad","4152":"\u00f1ar ","4153":"eaci","4154":"es\u00eda","4155":"maxi","4156":"gare","4157":"deba","4158":"xecu","4159":" abu","4160":" teo","4161":"tat\u00ed","4162":"cerr","4163":"atem","4164":" pad","4165":" cr\u00ed","4166":"seis","4167":" rur","4168":"migr","4169":"ntur","4170":"ocid","4171":" bio","4172":"augu","4173":"al\u00f3n","4174":"dedi","4175":"raxe","4176":" ves","4177":"arag","4178":"ciou","4179":"rcit","4180":"niti","4181":"copi","4182":"arin","4183":"at\u00eds","4184":"gues","4185":"amac","4186":" m\u00e9r","4187":"rigo","4188":"xxxx","4189":"somo","4190":"ock ","4191":"asce","4192":"nres","4193":"nerx","4194":"nuto","4195":"vamo","4196":"lem\u00e1","4197":"vali","4198":"manc","4199":"nego","4200":"rear","4201":"pari","4202":"grao","4203":"rtar","4204":"iame","4205":" ler","4206":"rter","4207":"zaro","4208":"flue","4209":"oxim","4210":" to ","4211":"chez","4212":"burg","4213":"idat","4214":" riv","4215":" sa\u00fa","4216":"anzo","4217":"mil ","4218":"pico","4219":"sede","4220":" rut","4221":"culi","4222":"arat","4223":"apaz","4224":" jua","4225":"ing\u00fa","4226":"reli","4227":"ng\u00fan","4228":"dice","4229":"tapa","4230":"spar","4231":"iosa","4232":"ting","4233":"odr\u00ed","4234":"venr","4235":"leno","4236":"rven","4237":"tars","4238":"a\u00edse","4239":" vac","4240":"ocad","4241":" pp ","4242":"inno","4243":"asi ","4244":"sabi","4245":"elab","4246":"rexe","4247":"n\u00f3n ","4248":"impu","4249":" mob","4250":" cot","4251":"guri","4252":"rgul","4253":"ins ","4254":" cac","4255":"lien","4256":"bara","4257":"velo","4258":"omoc","4259":"crem","4260":"\u00edses","4261":"tin\u00fa","4262":"vito","4263":"uina","4264":"acan","4265":"arar","4266":"ranq","4267":" beb","4268":"anxe","4269":"hez ","4270":"rock","4271":" dol","4272":" pil","4273":"ture","4274":"rezo","4275":"cero","4276":"sola","4277":"pou ","4278":"uton","4279":" atl","4280":"iorm","4281":"saxe","4282":" p\u00e1x","4283":"nnov","4284":"juan","4285":"desi","4286":"nsis","4287":" s\u00fap","4288":"llow","4289":"alei","4290":"ard ","4291":"rtal","4292":"sifi","4293":"ilos","4294":"renz","4295":"etad","4296":" pui","4297":"uven","4298":"s\u00fape","4299":"pto ","4300":" ont","4301":"acas","4302":"acul","4303":"ngas","4304":"oten","4305":"imad","4306":"er\u00eds","4307":"ezas","4308":"lexa","4309":"erco","4310":"guil","4311":"covi","4312":"tuga","4313":"ell ","4314":"\u00e9ner","4315":"cil ","4316":"mpri","4317":"tago","4318":" fir","4319":"ubo ","4320":"udar","4321":"limp","4322":"enfe","4323":"net ","4324":"loso","4325":"ostu","4326":" lun","4327":" luz","4328":"ta\u00f1a","4329":"made","4330":"eden","4331":"xene","4332":"lazo","4333":"nava","4334":"tube","4335":"obse","4336":"\u00e1xin","4337":"luz ","4338":"xida","4339":" x\u00e9n","4340":"inio","4341":"ucid","4342":"ilan","4343":"xia ","4344":"p\u00e1xi","4345":"porc","4346":"gl\u00e9s","4347":"opea","4348":"alif","4349":"sivo","4350":"vi\u00f1a","4351":"ansa","4352":"ncep","4353":"pez ","4354":"ever","4355":"rola","4356":"acos","4357":"reca","4358":"adam","4359":"tena","4360":"ngl\u00e9","4361":"pelo","4362":"mbit","4363":"vene","4364":"crec","4365":"sted","4366":"witt","4367":"opie","4368":"erfe","4369":" gen","4370":"tris","4371":"guel","4372":"ecut","4373":"vall","4374":"pai ","4375":"grat","4376":"biu ","4377":"calo","4378":"ndre","4379":"ote ","4380":"enar","4381":"arid","4382":"eixe","4383":"ixer","4384":"onan","4385":"pide","4386":"plem","4387":"loni","4388":"ntri","4389":"ti\u00f1o","4390":"gant","4391":"llec","4392":"habe","4393":"asia","4394":" moz","4395":"in\u00faa","4396":"vota","4397":"cone","4398":"boni","4399":"xcel","4400":"inxe","4401":"viru","4402":" s\u00e1n","4403":"irus","4404":"robe","4405":"n\u00f3s ","4406":"sual","4407":" n\u00f3s","4408":"nant","4409":" nou","4410":"isla","4411":"m\u00e9di","4412":"bana","4413":"orne","4414":"mera","4415":"itio","4416":"erpr","4417":"incu","4418":"\u00edsim","4419":" afi","4420":"raga","4421":" ca ","4422":"ctr\u00f3","4423":"feij","4424":"ir\u00eda","4425":"abar","4426":"nora","4427":"saba","4428":"scob","4429":"ipe ","4430":"miso","4431":" teu","4432":" afo","4433":" v ","4434":"rpo ","4435":" a\u00ed ","4436":" rus","4437":" mou","4438":"\u00faper","4439":"ipac","4440":"lima","4441":"\u00e9cad","4442":"smos","4443":"faci","4444":"otor","4445":"oros","4446":"d\u00e9ca","4447":"erec","4448":"brir","4449":"avid","4450":"egoc","4451":"olin","4452":"tama","4453":"epto","4454":"a\u00fade","4455":"suce","4456":"enov","4457":"carn","4458":"matr","4459":"lido","4460":"migu","4461":"lago","4462":"rza ","4463":"ubst","4464":"cisa","4465":"aust","4466":"ovac","4467":"iao ","4468":"tio ","4469":"achi","4470":"ctam","4471":"\u00edgue","4472":"riad","4473":"esap","4474":"puid","4475":"mbar","4476":"od\u00eda","4477":"ntec","4478":"abre","4479":"sort","4480":"itam","4481":"noma","4482":"moda","4483":"leto","4484":"refl","4485":"aper","4486":"lias","4487":"icha","4488":"est ","4489":"aven","4490":"tece","4491":"parl","4492":"lena","4493":"te\u00f1a","4494":"trum","4495":"aut\u00f3","4496":" lou","4497":"tuar","4498":"aces","4499":" ada","4500":"vivo","4501":"stir","4502":" rat","4503":"garr","4504":"blan","4505":" iba","4506":"avar","4507":"redu","4508":"ansi","4509":"xter","4510":"\u00fade ","4511":"ini\u00f3","4512":"ibiu","4513":"aula","4514":"simo","4515":"raia","4516":"rimi","4517":"tati","4518":"ombi","4519":" dad","4520":"mesa","4521":"ambo","4522":"inch","4523":"scos","4524":" epi","4525":"voz ","4526":"celt","4527":"tara","4528":"evo ","4529":"goni","4530":"itu\u00ed","4531":"llid","4532":"ongr","4533":"chas","4534":"eand","4535":"arem","4536":"tiu ","4537":" dez","4538":"oga ","4539":" xuv","4540":"garo","4541":"mexi","4542":"nxel","4543":"talo","4544":"utar","4545":"tese","4546":"ar\u00f3n","4547":" req","4548":"m>00","4549":" t ","4550":"opar","4551":"daba","4552":"acep","4553":"\u00e1mbi","4554":"vido","4555":"\u00e9dic","4556":"lasi","4557":"ivin","4558":" glo","4559":"ingr","4560":"a\u00f1ei","4561":"goci","4562":" sue","4563":"onci","4564":"fisc","4565":"asal","4566":"llam","4567":" fab","4568":"al\u00eda","4569":" m\u00e9d","4570":"sepa","4571":" har","4572":"pela","4573":"cist","4574":"vare","4575":"ent ","4576":"mame","4577":"aden","4578":"en\u00f3n","4579":"nzo ","4580":"xan ","4581":"tene","4582":" dit","4583":"sal ","4584":"gent","4585":"uces","4586":"olum","4587":"al\u00ed ","4588":"\u00e1nch","4589":" lui","4590":"brit","4591":"t\u00e9n ","4592":"alex","4593":"l\u00f3pe","4594":"\u00f3pez","4595":"rcul","4596":" hol","4597":"ibu\u00ed","4598":"egac","4599":" 000","4600":"iend","4601":"lume","4602":"se\u00f1a","4603":" rou","4604":"ibra","4605":"anid","4606":"hous","4607":"\u00e1cte","4608":"anga","4609":"ber\u00e1","4610":"pana","4611":" l\u00f3p","4612":"cenc","4613":" ron","4614":"iscu","4615":"diu ","4616":"amba","4617":"deri","4618":"s\u00e1nc","4619":"xerc","4620":"agre","4621":"bols","4622":" vam","4623":"out ","4624":" ni ","4625":"feir","4626":"orgu","4627":"gu\u00eda","4628":"difu","4629":"mnos","4630":"secc","4631":"subi","4632":"cere","4633":" lex","4634":"bal ","4635":"balo","4636":"irme","4637":"gles","4638":"ospi","4639":"alco","4640":"\u00edos ","4641":" lag","4642":"repo","4643":"ions","4644":"aduc","4645":"ites","4646":"aric","4647":"rmel","4648":"u\u00edda","4649":"mios","4650":"eser","4651":"xuve","4652":"nega","4653":"adia","4654":"rder","4655":"rrio","4656":"inat","4657":" p\u00f3d","4658":" gat","4659":" nel","4660":"cese","4661":"salt","4662":" dam","4663":"etid","4664":"occi","4665":"ngad","4666":"alli","4667":"iuse","4668":"depa","4669":"filo","4670":"matc","4671":"ltas","4672":"apos","4673":"sapa","4674":"hosp","4675":"fore","4676":"luis","4677":"care","4678":"ncan","4679":"lcan","4680":"tugu","4681":"guit","4682":"meni","4683":"card","4684":"exic","4685":" fr\u00ed","4686":" wil","4687":"pado","4688":" al\u00ed","4689":"obar","4690":"igan","4691":"p\u00f3de","4692":"sen\u00f3","4693":"magn","4694":"oza ","4695":"erai","4696":"bedo","4697":"trel","4698":"cube","4699":"rdes","4700":"papa","4701":"tine","4702":" ta ","4703":"nao ","4704":"roga","4705":"masc","4706":"eite","4707":"adar","4708":"ston","4709":"spit","4710":"logr","4711":"olex","4712":"tren","4713":"deli","4714":"rsas","4715":"cher","4716":" r ","4717":"cisi","4718":" at\u00f3","4719":"modo","4720":"ncl\u00fa","4721":"enin","4722":"scon","4723":" ton","4724":"rlan","4725":"voto","4726":"you ","4727":"obed","4728":"urar","4729":" cro","4730":" c\u00f3d","4731":"tel\u00e1","4732":"i\u00f1an","4733":"ixio","4734":" xvi","4735":"sore","4736":"modi","4737":"evit","4738":"ianz","4739":"ng\u00fc\u00ed","4740":"an\u00eda","4741":"deta","4742":"arno","4743":"lide","4744":"mis ","4745":"teo ","4746":"mans","4747":"rrid","4748":"ioni","4749":"enri","4750":" lar","4751":"ertu","4752":"paul","4753":"rlam","4754":"anua","4755":"ngle","4756":"m\u00fan ","4757":"loqu","4758":"upac","4759":"\u00e9rci","4760":"cl\u00fae","4761":"u\u00edr ","4762":"erdo","4763":"arie","4764":"a\u00f1ar","4765":"elta","4766":"nave","4767":" mit","4768":"atis","4769":"vio ","4770":"cues","4771":"talm","4772":" hip","4773":"aram","4774":"lao ","4775":"lez ","4776":"rtun","4777":"bser","4778":"nata","4779":"g\u00fc\u00eds","4780":"vern","4781":"yout","4782":"ndio","4783":"asif","4784":"\u00eddos","4785":" sat","4786":"tour","4787":"ngan","4788":" tab","4789":"udes","4790":"uele","4791":"uisi","4792":"rros","4793":"apta","4794":"\u00fc\u00edst","4795":"inen","4796":"poid","4797":"c\u00f3di","4798":"c\u00e9s ","4799":"gato","4800":"acil","4801":"trae","4802":"ex\u00e9r","4803":"ueri","4804":"atam","4805":"otag","4806":"our ","4807":"\u00e9mic","4808":"ngel","4809":"invi","4810":"fan ","4811":"rrot","4812":"tilo","4813":"rep\u00fa","4814":"n\u00e9s ","4815":"teor","4816":"rrar","4817":" alf","4818":"dre ","4819":" idi","4820":" mei","4821":" peg","4822":"trax","4823":"anar","4824":"otac","4825":"uivo","4826":"ner ","4827":" ex\u00e9","4828":" ang","4829":"\u00edmic","4830":"x\u00e9rc","4831":"ant\u00ed","4832":"km\u00b2 ","4833":"chis","4834":"atan","4835":"bord","4836":"repe","4837":" fos","4838":"rred","4839":"masi","4840":"dedo","4841":" pid","4842":"olvi","4843":"opol","4844":"bale","4845":" die","4846":" voc","4847":"olis","4848":"guas","4849":"bios","4850":"laba","4851":"ur\u00eds","4852":"vasc","4853":"i\u00e1n ","4854":"mba ","4855":"\u00f1er ","4856":"suma","4857":"dien","4858":"aver","4859":"odif","4860":"pi\u00f1a","4861":"emo ","4862":"elim","4863":"omea","4864":"hab\u00ed","4865":"eina","4866":"ugur","4867":"roll","4868":"itic","4869":"c\u00f3mo","4870":"igno","4871":"ier ","4872":"mine","4873":"uer\u00ed","4874":"uard","4875":"lamo","4876":"ralm","4877":"neta","4878":"xela","4879":" pur","4880":" evo","4881":"rrec","4882":"erim","4883":"miga","4884":"rise","4885":"padr","4886":"lifi","4887":"inga","4888":"vand","4889":"emba","4890":"ien ","4891":"edir","4892":"umin","4893":"emel","4894":"brev","4895":"oves","4896":"avis","4897":"ucha","4898":"odio","4899":" oll","4900":"opeo","4901":"nel ","4902":"tana","4903":"bach","4904":"reu ","4905":"\u00e1sti","4906":"nme ","4907":"piso","4908":"virt","4909":"rovo","4910":" fri","4911":" sua","4912":" enr","4913":"ole ","4914":"nsar","4915":"verm","4916":"infe","4917":"bore","4918":"rive","4919":"orpr","4920":"sula","4921":"liac","4922":"nai ","4923":"qu\u00edm","4924":" azu","4925":"uar ","4926":"esex","4927":"cr\u00edt","4928":"\u00f3dig","4929":"duro","4930":"ames","4931":"brac","4932":"\u00f3lic","4933":"nela","4934":"ep\u00fab","4935":"pido","4936":"nsan","4937":"evad","4938":"v\u00e9n ","4939":"riu ","4940":"rmid","4941":"ndal","4942":"\u00f3nom","4943":"fren","4944":" ere","4945":" t\u00faa","4946":"enes","4947":"lace","4948":"ariz","4949":"vanz","4950":"inau","4951":"otas","4952":"ixas","4953":"ulga","4954":"onvi","4955":"lesi","4956":"dr\u00edg","4957":"iori","4958":"low ","4959":"inme","4960":"nspo","4961":"uque","4962":"cobr","4963":"tur\u00ed","4964":" joh","4965":"retr","4966":" t\u00f3d","4967":"r\u00edgu","4968":"azad","4969":"bor ","4970":" voz","4971":"ltan","4972":"u\u00edmi","4973":"cund","4974":"illi","4975":" sop","4976":"ibei","4977":"pa\u00f1\u00ed","4978":"tecc","4979":"ters","4980":" rac","4981":"excl","4982":"ar\u00e1c","4983":"n\u00faa ","4984":"cadr","4985":"ombr","4986":"arez","4987":"nta\u00f1","4988":"repu","4989":"ele ","4990":"le\u00f3n","4991":"rtif","4992":" xap","4993":" cei","4994":" osc","4995":" top","4996":"lane","4997":"rrib","4998":"r\u00e9s ","4999":"naug"}}