{"hun":{"0":" a ","1":" az ","2":"num>","3":"<num","4":" <nu","5":" \u00e9s ","6":" egy","7":" meg","8":"um> ","9":"ban ","10":"ben ","11":" nem","12":"hogy","13":"nem ","14":"ogy ","15":"szer","16":" hog","17":" sze","18":" is ","19":"egy ","20":"nak ","21":" min","22":"nek ","23":"ett ","24":" fel","25":"ott ","26":" k\u00f6z","27":" csa","28":" vol","29":" mag","30":" sz\u00e1","31":"volt","32":"olt ","33":" de ","34":"nagy","35":"mind","36":"int ","37":"meg ","38":"egye","39":"kor ","40":"tott","41":"tett","42":"ket ","43":"agy ","44":" nag","45":" leg","46":"elle","47":"vagy","48":" vag","49":" m\u00e1r","50":" val","51":" van","52":"kat ","53":"tek ","54":"elen","55":"ezet","56":" ami","57":"rend","58":"ette","59":"sak ","60":"hely","61":"csak","62":"zere","63":" ter","64":"van ","65":"tele","66":"agyo","67":"embe","68":"\u00e1ban","69":"tart","70":"um>b","71":" ala","72":" ker","73":"m\u00e1r ","74":" sza","75":" \u00e1ll","76":"inde","77":" jel","78":" ha ","79":"ehet","80":"jele","81":"tem ","82":" tud","83":"mint","84":" ez ","85":"s\u00e9ge","86":" el\u0151","87":" kel","88":"mely","89":"\u00e9rt ","90":"ert ","91":"agya","92":"gyar","93":" v\u00e1l","94":"tam ","95":"er\u00fcl","96":" ren","97":"sz\u00e1m","98":"lett","99":" m\u00e9g","100":"nden","101":"elye","102":"magy","103":" mel","104":"tak ","105":"lehe","106":"eszt","107":" tel","108":"yen ","109":" leh","110":"eket","111":" hel","112":" szo","113":"r\u00e9sz","114":"sen ","115":"\u00e1lta","116":"mber","117":"vel ","118":"sok ","119":"rint","120":"t\u00f6bb","121":"tal\u00e1","122":"\u00e9nye","123":"eres","124":"lete","125":"m\u00e9g ","126":"val ","127":"m\u00e9ny","128":"t\u00e1n ","129":"orsz","130":" tar","131":"zett","132":"dig ","133":"t\u00e1k ","134":"\u00f6tt ","135":"b\u00f3l ","136":"\u00fclet","137":"kell","138":" fog","139":"ssze","140":" t\u00f6b","141":"kkor","142":"etet","143":" kor","144":"aszt","145":"kere","146":"s\u00e9g ","147":"szak","148":" el ","149":" m\u00e1s","150":"rsz\u00e1","151":" v\u00e1r","152":"\u00e1lla","153":"sz\u00e1g","154":"\u00e9ben","155":"olya","156":"unk ","157":" ame","158":" v\u00e9g","159":"\u00e1ra ","160":"\u00e9sze","161":"zik ","162":" aki","163":"erin","164":"zott","165":" t\u00f6r","166":" hat","167":"ut\u00e1n","168":"lyen","169":"okat","170":"at\u00e1s","171":"szem","172":" kap","173":" vis","174":"mert","175":"veze","176":" azt","177":" for","178":"lent","179":"vala","180":"hoz ","181":"m>be","182":"zeri","183":">ben","184":"lesz","185":" r\u00e9s","186":"alma","187":"els\u0151","188":"\u00edt\u00e1s","189":"k\u00f6z\u00f6","190":"inte","191":"\u00f6ssz","192":"al\u00e1l","193":" nap","194":"len ","195":" mer","196":"eti ","197":" kis","198":"yan ","199":"t\u00e9k ","200":" k\u00e9s","201":" szi","202":"llen","203":" ki ","204":"lni ","205":"llet","206":"ilye","207":"at\u00f3 ","208":"hat\u00f3","209":"m\u00e1ny","210":"ende","211":"akko","212":"\u00fclt ","213":" sem","214":"mond","215":" \u00f6ss","216":"het ","217":" els","218":"erek","219":"r\u00f3l ","220":"\u00f6vet","221":"\u00e9nt ","222":" k\u00e9p","223":"\u00e9let","224":"tok ","225":"iszt","226":"het\u0151","227":"tte ","228":"\u00e1sa ","229":" mos","230":" has","231":"otta","232":"\u00e1sok","233":"ell ","234":"dik ","235":"pont","236":"azt ","237":"szet","238":" sok","239":"ssza","240":" akk","241":" mon","242":" azo","243":"\u00e1nak","244":"san ","245":"alak","246":"\u00e1ros","247":" tal","248":" men","249":"den ","250":" k\u00fcl","251":"szen","252":"amel","253":"ent ","254":"aki ","255":"alap","256":" ell","257":"s\u00e1g ","258":" \u00e9ve","259":" biz","260":"k\u00e9nt","261":"att ","262":" ut\u00e1","263":"k\u00e9sz","264":"esen","265":"etek","266":" \u00e9n ","267":"\u00e9se ","268":"ikus","269":"t\u00f3l ","270":" eze","271":"ls\u0151 ","272":"enne","273":"eret","274":"\u00e1ny ","275":"etle","276":" bel","277":" kez","278":"\u00fcnk ","279":" sz\u00e9","280":"sz\u00fcl","281":"k\u00f6ve","282":"ami ","283":" emb","284":" vil","285":"sem ","286":"t\u00e1s ","287":"tal ","288":"szab","289":"\u00edtot","290":"szte","291":" l\u00e1t","292":"v\u00e1ro","293":"r\u0151l ","294":"tlen","295":" k\u00e9t","296":"ost ","297":" \u00e9rt","298":"\u00e1st ","299":" hal","300":"hasz","301":"yar ","302":"aszn","303":" tan","304":"ikor","305":"miko","306":" les","307":"most","308":" nek","309":"ker\u00fc","310":"orm\u00e1","311":"il\u00e1g","312":"ment","313":"k\u00e9t ","314":" itt","315":" lak","316":" pro","317":"nnyi","318":" mar","319":"ts\u00e9g","320":"vil\u00e1","321":"\u00e9nek","322":"et\u00e9s","323":"kezd","324":" han","325":"b\u0151l ","326":"foly","327":"sz\u00edn","328":"fele","329":" oly","330":"ely ","331":"mit ","332":"lyan","333":" k\u00f6r","334":" nev","335":"\u00e9re ","336":"\u00edt\u00e9s","337":"leg ","338":"lis ","339":"hat\u00e1","340":"lasz","341":"ezt ","342":"term","343":" sz\u00f3","344":" maj","345":"\u00edgy ","346":"v\u00e1lt","347":"alam","348":"gyon","349":" \u00edgy","350":"tos ","351":"ez\u00e9s","352":"j\u00e1t ","353":"munk","354":"t\u00f6rt","355":"esz ","356":"\u00e1val","357":"ebb ","358":"tta ","359":"ltal","360":"kal ","361":"elet","362":"val\u00f3","363":"abb ","364":" hoz","365":" k\u00f6v","366":" id\u0151","367":"alat","368":"ondo","369":"zete","370":"j\u00e1k ","371":"let ","372":"et\u0151 ","373":"\u00e1lis","374":"lami","375":"\u00fagy ","376":" ezt","377":"zni ","378":"kkal","379":"neve","380":"yon ","381":" \u00e9le","382":"ber ","383":"majd","384":"elem","385":"itt ","386":"atok","387":"z\u00f6tt","388":"\u00e1si ","389":"isme","390":"smer","391":"\u00f6bb ","392":"szn\u00e1","393":"zn\u00e1l","394":"\u00e9ny ","395":"k\u00e9pe","396":" alk","397":"maga","398":"t\u0151l ","399":"azon","400":" let","401":"alko","402":" sz\u00ed","403":"arto","404":" j\u00f3 ","405":"szt\u00e1","406":"erve","407":"mell","408":"elje","409":" sor","410":"gyan","411":"g\u00e9sz","412":"\u00e9rde","413":"atot","414":"issz","415":"obb ","416":"tja ","417":"egyi","418":"juk ","419":" mun","420":"kus ","421":"elme","422":" sz\u00fc","423":" par","424":"lhat","425":"enge","426":"olta","427":"tudo","428":"atal","429":"lom ","430":"igaz","431":" vid","432":"lato","433":"eset","434":" ped","435":"\u00e9rte","436":"hez ","437":" fol","438":" ele","439":"elke","440":"amik","441":"kai ","442":"ente","443":"onto","444":"z\u00e9rt","445":"port","446":" \u00fagy","447":" ann","448":"alom","449":"yek ","450":"oz\u00e1s","451":"yik ","452":" ism","453":"eg\u00e9s","454":"><nu","455":"utat","456":"\u00f6z\u00f6t","457":"ajd ","458":"tes ","459":"\u00f6rt\u00e9","460":"\u00edtet","461":" \u00faj ","462":"ad\u00e1s","463":"pedi","464":"tkez","465":"kban","466":"\u00e1ci\u00f3","467":"ezte","468":"ossz","469":"m><n","470":"um><","471":"rt\u00e9n","472":"edig","473":"ten ","474":" tet","475":" kon","476":"get ","477":"\u00e9sz ","478":" \u00e1lt","479":" dol","480":"elek","481":"at\u00e1r","482":"\u00e9st ","483":"el\u00e9s","484":"oszt","485":"sz\u00e1z","486":"r\u00fcle","487":"megy","488":"viss","489":"sek ","490":"szol","491":"sz\u00e9l","492":"om\u00e1n","493":"jobb","494":" ide","495":" aho","496":"\u00e1las","497":"v\u00e1la","498":" ily","499":"vide","500":"ikai","501":" len","502":"ozot","503":"sz\u00e1l","504":"zen ","505":"sze ","506":" gye","507":"f\u00f6ld","508":"etes","509":"keze","510":" ese","511":"\u00e9sek","512":"gond","513":"k\u00fcl\u00f6","514":"telj","515":"este","516":"gyen","517":"t\u00e9se","518":"eni ","519":"hol ","520":" s ","521":" e ","522":"olg\u00e1","523":"ss\u00e9g","524":"tet ","525":"csal","526":"anna","527":" kat","528":"nap ","529":"gyik","530":"rek ","531":"form","532":"gyel","533":"\u00e1ll\u00ed","534":"ll\u00edt","535":"szin","536":"ont ","537":"\u00e1nyo","538":"ljes","539":"\u00fcl\u00f6n","540":"bbi ","541":" fej","542":" mil","543":"ani ","544":" aka","545":"gysz","546":"fel ","547":"t\u00e9s ","548":" kar","549":"lako","550":" be ","551":"ozta","552":"akar","553":" tes","554":"yok ","555":"ltak","556":"zer ","557":"gyer","558":"dott","559":"r\u00fclt","560":" iga","561":" vez","562":"nnak","563":"el\u0151t","564":"nyi ","565":"vesz","566":"incs","567":"\u00e9tel","568":"neke","569":"\u00e1lt ","570":" eg\u00e9","571":"n\u00e1l ","572":"ysze","573":"t\u00e1rs","574":"kben","575":"ult ","576":"ter ","577":"osan","578":"dsze","579":"elte","580":" gon","581":"bban","582":"kel ","583":" bar","584":"anya","585":"m>ba","586":"enek","587":">ban","588":"\u00fcl\u00e9s","589":" saj","590":"ros ","591":"ges ","592":" k\u00e9r","593":" \u00e9rd","594":"that","595":"t\u00e1s\u00e1","596":"l\u00e1s ","597":"olda","598":"hozz","599":"pest","600":"z\u00e1ll","601":"v\u00e9ny","602":"\u00e1s\u00e1r","603":"ozat","604":"tat\u00e1","605":"dolg","606":"egys","607":"zek ","608":"\u00e1bb ","609":"\u00e9vel","610":" cso","611":" ben","612":"erm\u00e9","613":"em\u00e9n","614":"enny","615":"bizt","616":"k\u00f6ze","617":"sebb","618":"ogat","619":"\u0151s\u00e9g","620":"m\u00e1s ","621":"besz","622":" ill","623":"latt","624":" p\u00e1r","625":" ugy","626":" per","627":"ll\u00e1s","628":" j\u00e1t","629":"szon","630":"megt","631":"nos ","632":"ille","633":"rvez","634":"l\u0151tt","635":" el\u00e9","636":"izto","637":"ntet","638":"olna","639":"ozz\u00e1","640":"egy\u00e9","641":" kom","642":"elep","643":"\u00e9si ","644":"mara","645":" fil","646":"kkel","647":" k\u00f6n","648":"szt ","649":"met ","650":"tot ","651":" t\u00e1r","652":"zet ","653":"hang","654":" har","655":"sal\u00e1","656":" j\u00e1r","657":"ezek","658":"film","659":"lege","660":"szta","661":"olgo","662":" ma ","663":"esze","664":"tere","665":"ered","666":"lkoz","667":"csol","668":"yes ","669":"ldal","670":" c\u00edm","671":"ete ","672":"ez\u0151 ","673":"ntos","674":" ere","675":" nye","676":"sz\u00e1r","677":" ott","678":" n\u00e9z","679":"ter\u00fc","680":"ves ","681":"z\u00e1za","682":"atta","683":"gyet","684":"let\u00e9","685":"esz\u00e9","686":"apcs","687":"as\u00e1g","688":"tisz","689":"arad","690":" ver","691":"sz\u00edt","692":"kapc","693":"lyet","694":" b\u00e1r","695":"elt ","696":"zint","697":"tel ","698":"zel ","699":"arta","700":"edve","701":" bes","702":"atla","703":"nyel","704":" int","705":"t\u00e1sa","706":"\u00e9rt\u00e9","707":"al\u00e1d","708":"miat","709":"got ","710":"szik","711":"nni ","712":"iatt","713":"alka","714":"eren","715":"ends","716":"zerv","717":"hete","718":"menn","719":"s\u00e1go","720":" elk","721":" h\u00e1z","722":" fal","723":"ndsz","724":" kir","725":"rt\u00e9k","726":"tve ","727":" f\u00f6l","728":"l\u00e9s ","729":"nyek","730":"pcso","731":"tov\u00e1","732":"\u00e1lat","733":"tni ","734":"nban","735":"gyes","736":"ess\u00e9","737":"lem ","738":" ked","739":"inek","740":"\u00e9p\u00edt","741":"kedv","742":"\u00e9get","743":"atos","744":"ncs ","745":" ors","746":"ss\u00e1g","747":"v\u00e1bb","748":"lyek","749":"lenn","750":"etke","751":" nin","752":"ndol","753":"\u0151tt ","754":"ov\u00e1b","755":" ind","756":"erep","757":" mik","758":" mi ","759":"zs\u00e9g","760":" gya","761":" tov","762":"s\u00e9g\u00e9","763":"mai ","764":"lmaz","765":" i ","766":"edet","767":"zony","768":"tben","769":"zer\u0171","770":"amit","771":"tt\u00e1k","772":"vett","773":"\u00e1zad","774":" mia","775":"muta","776":"ivel","777":"k\u00f6ny","778":" pol","779":"erre","780":"t\u00e9ne","781":"llam","782":"ep\u00fcl","783":"nyom","784":"udom","785":"\u00e1tsz","786":"rom ","787":"sban","788":"s\u00e1t ","789":" haj","790":" eml","791":"csap","792":"\u00e9ge ","793":"n\u00e9l ","794":"\u00e1lto","795":"ugya","796":"indi","797":"\u00e1ba ","798":"bere","799":"j\u00e1n ","800":"ttek","801":"soka","802":"ninc","803":"ton ","804":"hagy","805":"iker","806":"okka","807":"tala","808":"est ","809":"onba","810":" csi","811":" seg","812":"knak","813":"etbe","814":"tani","815":"szor","816":"gazd","817":"zolg","818":"olva","819":"olat","820":"fogl","821":"gen ","822":" bud","823":"int\u00e9","824":" enn","825":"vele","826":"ele ","827":"rdek","828":"glal","829":"\u00e1rsa","830":"m\u00e1so","831":"ndel","832":"ide\u00f3","833":"emel","834":"\u00f6nyv","835":"etem","836":"r\u00e1ny","837":" er\u0151","838":"ndez","839":"enni","840":"eg\u00edt","841":" h\u00e1t","842":"egy\u00fc","843":" cse","844":"szto","845":"unka","846":"napo","847":"nnek","848":" pon","849":"etsz","850":"ogla","851":"nne ","852":" m\u00e9r","853":"sal ","854":"igye","855":"lja ","856":"kir\u00e1","857":"isko","858":"evez","859":"ttem","860":"zent","861":"szt\u00e9","862":"buda","863":"amin","864":"\u00e1b\u00f3l","865":"\u00e1gi ","866":"tlan","867":" any","868":"t\u00e9s\u00e9","869":"t\u00e9n ","870":" elm","871":"emze","872":"nemz","873":"z\u00e9s ","874":"dni ","875":"gyak","876":"skol","877":"adat","878":"iszo","879":"ir\u00e1l","880":"mag\u00e1","881":" sik","882":"em\u00e9l","883":"ata ","884":" hol","885":"dom ","886":"erme","887":"ekbe","888":"zerz","889":" arr","890":"ltoz","891":"resz","892":"yaro","893":"foga","894":"ed\u00e9s","895":"iai ","896":"os\u00edt","897":" bet","898":"ahol","899":"\u00e1rom","900":"mzet","901":"lkal","902":"m\u00e9ly","903":"ire ","904":"z\u00e1mo","905":"vetk","906":"tiku","907":"uszt","908":"sike","909":" old","910":"yet ","911":" le ","912":"ltam","913":"talm","914":"eli ","915":"akos","916":" h\u00e9t","917":"ssal","918":"ford","919":" job","920":"apot","921":"\u0151bb ","922":" f\u00e9l","923":"\u00e1ja ","924":"erte","925":"rok ","926":" kiv","927":"es\u00edt","928":"\u00e9ges","929":"mily","930":" ves","931":"seg\u00ed","932":"\u00e1s\u00e1t","933":"er\u0151s","934":"nyug","935":"ztos","936":"visz","937":"\u00e9szt","938":"\u00e9gi ","939":"illa","940":" vet","941":"tunk","942":" d ","943":" bal","944":" l\u00e9t","945":"\u00e1bor","946":"szek","947":"\u00e9sz\u00fc","948":"\u00e1ll\u00e1","949":"nyos","950":"szok","951":"\u00e9sz\u00ed","952":"j\u00e1t\u00e9","953":"lmi ","954":"yos ","955":"z\u00e1g ","956":"\u00e1t\u00e9k","957":"zeti","958":"egsz","959":"megf","960":"test","961":"\u00e1lha","962":"\u0151en ","963":"t\u00e1ro","964":"teni","965":"enki","966":"ez\u00e9r","967":"megs","968":"gyok","969":"l\u00e9se","970":"thet","971":"tt\u00e9k","972":"el\u0151 ","973":"r\u00e1ly","974":"lg\u00e1l","975":"kik ","976":"lna ","977":" nyi","978":"\u00f6zel","979":" vel","980":"dja ","981":" uta","982":" von","983":"aran","984":"al\u00e1n","985":"eges","986":"ett\u00e9","987":"leme","988":"mes ","989":"nyir","990":"szti","991":"knek","992":"dalo","993":"zben","994":"sz\u00f3l","995":"zaba","996":" esz","997":"oros","998":"vona","999":"anul","1000":"zonb","1001":"megh","1002":"z\u00e9se","1003":"rra ","1004":"akik","1005":"abad","1006":"zene","1007":"v\u00e1ny","1008":"bben","1009":"kra ","1010":" n\u00e9m","1011":"tosa","1012":"zet\u00e9","1013":"tika","1014":"gyob","1015":"kon ","1016":"r\u00e1n ","1017":"yobb","1018":"assz","1019":"ius ","1020":"lek ","1021":"lta ","1022":"tat\u00f3","1023":"lat ","1024":"nyag","1025":"sabb","1026":"k\u00f6z\u00e9","1027":"illi","1028":"elad","1029":"zem ","1030":"gok ","1031":"szeg","1032":"rm\u00e1n","1033":"ztet","1034":"ebbe","1035":"ir\u00e1n","1036":" t\u00e1m","1037":"hall","1038":"z\u00e1s ","1039":" tis","1040":"ranc","1041":"nyt ","1042":"res ","1043":"lan ","1044":"apes","1045":"ati ","1046":"dape","1047":"lgoz","1048":" n\u00e9p","1049":"soro","1050":"ys\u00e9g","1051":"y\u00fctt","1052":"d\u00e1s ","1053":"\u00e1gba","1054":" zen","1055":"\u00e9gek","1056":"feje","1057":"vers","1058":"udap","1059":"gy\u00fct","1060":" m ","1061":"azda","1062":"tban","1063":"\u00e1hoz","1064":"fejl","1065":"ken ","1066":"megj","1067":"font","1068":"\u00e9pes","1069":"zat ","1070":"bizo","1071":"anny","1072":"zem\u00e9","1073":"lapo","1074":"kem ","1075":"ndig","1076":"megk","1077":"\u00f3ta ","1078":"dta ","1079":"tik ","1080":"s\u00e9t ","1081":" eur","1082":"egje","1083":" nyo","1084":"megv","1085":"etve","1086":"rre ","1087":"ndul","1088":"tsze","1089":"ggel","1090":"szes","1091":"korm","1092":"p\u00e9ld","1093":" aut","1094":"ott\u00e1","1095":"sz\u00f6r","1096":"\u00e9lye","1097":"al\u00e1b","1098":"\u0151d\u00e9s","1099":"k\u00e9s\u0151","1100":"itik","1101":" p\u00e9l","1102":" az\u00e9","1103":"kkkk","1104":"j\u00e1ts","1105":"gy\u00e9b","1106":"el\u0151s","1107":"isze","1108":"ekem","1109":"unk\u00e1","1110":" t ","1111":"l\u00e1to","1112":"lvas","1113":"sra ","1114":" fek","1115":"az\u00e9r","1116":" r\u00e9g","1117":"kez\u0151","1118":"szi ","1119":"elve","1120":"adta","1121":" h\u00e1r","1122":"k\u00e9rd","1123":" ist","1124":"n\u00e9me","1125":" ne ","1126":"aj\u00e1t","1127":"t\u00e1so","1128":"pen ","1129":"aton","1130":"apj\u00e1","1131":"yere","1132":"nti ","1133":"hata","1134":"m\u0171k\u00f6","1135":" bir","1136":" reg","1137":"h\u00e1t ","1138":"mill","1139":"fel\u00e9","1140":"ekke","1141":" t\u00fal","1142":"hat ","1143":"rors","1144":"jegy","1145":"terv","1146":"lyi ","1147":"figy","1148":"falu","1149":"zet\u0151","1150":" elv","1151":"son ","1152":"\u0171k\u00f6d","1153":"ivat","1154":"llal","1155":"ster","1156":"eur\u00f3","1157":"rete","1158":"p\u00fcl\u00e9","1159":"rtoz","1160":"kalm","1161":"g\u00e9ny","1162":"oss\u00e1","1163":"\u00e9met","1164":"r\u00e1s ","1165":"amer","1166":"elyi","1167":"ztat","1168":"felt","1169":"h\u00e1z ","1170":"zta ","1171":"sapa","1172":"h\u00e1ro","1173":"\u00e9p\u00fcl","1174":" kia","1175":"zte ","1176":"et\u00e9n","1177":"oz\u00f3 ","1178":"tan\u00e1","1179":"kor\u00e1","1180":"voln","1181":"s\u0151bb","1182":"dett","1183":"igen","1184":" sz\u00f6","1185":"etne","1186":"saj\u00e1","1187":"sola","1188":"\u00e9s\u00e9t","1189":"arra","1190":" jog","1191":"ci\u00f3 ","1192":"sten","1193":"part","1194":"nyit","1195":"rban","1196":"elel","1197":"land","1198":"t\u0151s\u00e9","1199":"ing ","1200":"eteg","1201":" k\u00f6t","1202":"indu","1203":"rtok","1204":"\u00e9ves","1205":"\u00f6r\u00fcl","1206":"lep\u00fc","1207":"fels","1208":"okba","1209":" nyu","1210":"tets","1211":"lk\u00fcl","1212":"s\u00e1gi","1213":"\u00e1r\u00e1s","1214":" p\u00e9n","1215":" haz","1216":" ada","1217":"ad\u00f3 ","1218":"yelv","1219":"et\u0151s","1220":" lev","1221":"\u00e1bbi","1222":"renc","1223":"sztr","1224":"t\u00fcnk","1225":"aror","1226":"k\u00f6sz","1227":"apat","1228":"eles","1229":"teke","1230":"\u00e9vek","1231":"hoss","1232":"t\u00e9ny","1233":"ait ","1234":"al\u00f3 ","1235":"tesz","1236":"t\u00f6lt","1237":"\u00e1ssa","1238":"eked","1239":" d\u00e9l","1240":"\u00f6r\u00f6k","1241":"lnak","1242":"kos ","1243":"list","1244":"rtel","1245":"el\u00e9g","1246":" \u0151 ","1247":"agas","1248":"akor","1249":"aj\u00e1n","1250":"tanu","1251":"hane","1252":"kre ","1253":"i\u00e1ba","1254":"\u00e1sod","1255":"tre ","1256":"odik","1257":" k\u00edv","1258":"h\u00e1ny","1259":"poli","1260":"nyer","1261":" fra","1262":"meri","1263":"szel","1264":"vise","1265":"szom","1266":"lene","1267":" m\u0171v","1268":"t\u00f6tt","1269":" bor","1270":"d\u00e9s ","1271":"j\u00fck ","1272":" the","1273":"denk","1274":"zato","1275":"omba","1276":"leve","1277":"\u00e9s\u0151b","1278":"anak","1279":"gban","1280":"reke","1281":"\u00e1ll\u00f3","1282":" k\u00f6l","1283":"ttak","1284":"mben","1285":"\u00e9ld\u00e1","1286":"t\u00e9ke","1287":"l\u00e1n ","1288":"m\u00e9sz","1289":"isel","1290":"ross","1291":"anem","1292":"egna","1293":"eml\u00e9","1294":"lott","1295":" his","1296":"semm","1297":" elt","1298":"nt\u00e9s","1299":" gaz","1300":"zt\u00e1s","1301":" ven","1302":" ige","1303":"ezen","1304":"t\u00e1si","1305":"d\u00f6nt","1306":" tem","1307":" bol","1308":"gram","1309":"tkoz","1310":"zava","1311":"emmi","1312":"erse","1313":"ango","1314":"lok ","1315":"h\u00e1za","1316":"elk\u00e9","1317":"ist\u00e1","1318":"mive","1319":"gjel","1320":"\u00e1got","1321":"kori","1322":"um>e","1323":" osz","1324":"csin","1325":"talo","1326":"tv\u00e1n","1327":"ks\u00e9g","1328":" tag","1329":" kit","1330":"\u00e9ter","1331":"enti","1332":"ddig","1333":"ol\u00e1s","1334":"end\u0151","1335":" hag","1336":"nete","1337":"lkez","1338":"sta ","1339":"g\u00e1t ","1340":" ir\u00e1","1341":"sz\u00f6v","1342":"j\u00e1ba","1343":"lmas","1344":" k\u00f6s","1345":" vas","1346":" j\u00f3l","1347":" t\u00e9r","1348":"hisz","1349":"\u00e1rt ","1350":"kis ","1351":"\u00e1r\u00f3l","1352":"\u00e1nos","1353":"\u00f3ja ","1354":"ur\u00f3p","1355":" hos","1356":" n\u00e9h","1357":"ogya","1358":" ura","1359":"essz","1360":" fen","1361":"legy","1362":" ebb","1363":"erel","1364":" olv","1365":"ent\u0151","1366":"letv","1367":" \u00e9sz","1368":"\u00e1nya","1369":" f\u00e9r","1370":"in\u00e1l","1371":"ort ","1372":" fig","1373":"szob","1374":"sza ","1375":"gos ","1376":"azok","1377":"\u0151ket","1378":"llan","1379":"v\u00e1ll","1380":"\u00f3s\u00e1g","1381":"lag ","1382":"rkez","1383":" eln","1384":"leti","1385":"atko","1386":"abba","1387":"kint","1388":"\u00f3val","1389":"kult","1390":"k\u00f6lt","1391":"aut\u00f3","1392":"lapj","1393":"mos ","1394":"m\u00e1ra","1395":"elt\u00e9","1396":"ven ","1397":"kele","1398":"t\u00e1st","1399":"sz\u00e9p","1400":"zok ","1401":"ori ","1402":"csat","1403":"z\u00fcle","1404":" \u00e9p\u00ed","1405":"z\u00e1go","1406":"adt ","1407":" ez\u00e9","1408":"ntem","1409":"mini","1410":"ttam","1411":"lik ","1412":"z\u00f6ve","1413":"\u00edr\u00e1s","1414":"z\u00f6r ","1415":" mit","1416":"zlet","1417":"lyes","1418":"i\u00e9rt","1419":" n\u00e9v","1420":"eit ","1421":"gek ","1422":"szav","1423":"s\u00e9re","1424":"lel\u0151","1425":" ten","1426":"nok ","1427":" mes","1428":"t\u00e9t ","1429":" p\u00e1l","1430":"bele","1431":"p\u00e9nz","1432":"ason","1433":"v\u00e9sz","1434":"j\u00f3l ","1435":"el\u00fcl","1436":"ezze","1437":"v\u00e9te","1438":"zzel","1439":" ban","1440":"kozt","1441":"l\u00edt\u00e1","1442":"teki","1443":"onal","1444":"sel ","1445":"ul\u00e1s","1446":"fran","1447":"f\u00fcgg","1448":" kev","1449":" \u00e9rz","1450":"n\u00e9lk","1451":"rtal","1452":" err","1453":"sik ","1454":"erik","1455":"egha","1456":" k\u00e1r","1457":"nya ","1458":"\u00e9lk\u00fc","1459":"ns\u00e1g","1460":"kato","1461":" m\u00f3d","1462":"v\u00e9ge","1463":"sz\u00fck","1464":"ar\u00e1t","1465":"rv\u00e9n","1466":"rte ","1467":" \u00e9p\u00fc","1468":"tor ","1469":"enet","1470":"v\u00e9g\u00e9","1471":"i\u00f3s ","1472":"r\u00fcl ","1473":"ltek","1474":"sz\u00edv","1475":"ent\u00e9","1476":"vek ","1477":"ira ","1478":"forr","1479":" viz","1480":" \u00fcgy","1481":"irod","1482":" c\u00e9l","1483":"olit","1484":"adot","1485":"n\u00e1lt","1486":"nte ","1487":" mai","1488":"ets\u00e9","1489":"ezik","1490":"al\u00f3s","1491":"pr\u00f3b","1492":"zter","1493":"gyed","1494":"yben","1495":"s\u00e1ra","1496":"d\u00e9se","1497":"ogra","1498":"elsz","1499":"szat","1500":"lalk","1501":"ika ","1502":"izon","1503":"ltat","1504":"bete","1505":"emes","1506":"\u00e1l\u00e1s","1507":"ista","1508":"z\u00e1m\u00e1","1509":"\u00e9sz\u00e9","1510":"ml\u00e9k","1511":"ekin","1512":"tnak","1513":"gel ","1514":"nyez","1515":" fon","1516":"m>es","1517":"elha","1518":"llem","1519":"ts\u00e1g","1520":"az\u00e1s","1521":"\u00f6rny","1522":"alan","1523":"mas ","1524":"k\u00f6zb","1525":"t\u00e9ko","1526":"mege","1527":" fia","1528":"apja","1529":"znek","1530":"kci\u00f3","1531":"t\u00e9be","1532":"ony ","1533":"\u00e9s\u00e9r","1534":" m\u0171k","1535":"liti","1536":"vann","1537":"l\u00e1s\u00e1","1538":"yre ","1539":"lhet","1540":"nter","1541":"lyam","1542":"yeke","1543":"\u00f6sz\u00f6","1544":"galm","1545":"rika","1546":"bar\u00e1","1547":"\u00e1sra","1548":"rm\u00e9s","1549":"dtam","1550":" ros","1551":"ked\u00e9","1552":"repe","1553":"gat\u00f3","1554":" k ","1555":"gye ","1556":">es ","1557":" h\u00edr","1558":"lte ","1559":"deke","1560":"\u00e1gos","1561":"m\u0171ve","1562":"or\u00e1b","1563":"elm\u00e9","1564":"izet","1565":"gat\u00e1","1566":"\u00f6zbe","1567":" rem","1568":"or\u00e1n","1569":"cson","1570":"sre ","1571":"rt\u00e1s","1572":"ssel","1573":"ezde","1574":"egfe","1575":"neki","1576":"enes","1577":" fer","1578":"elmi","1579":"ezel","1580":"p\u00e1ly","1581":"nk\u00e1b","1582":"\u00e1rol","1583":" n ","1584":"sz\u00f6n","1585":"mi\u00e9r","1586":" kut","1587":"k\u00f6zs","1588":"m\u0171v\u00e9","1589":"felh","1590":"esek","1591":"zon ","1592":" ang","1593":" n\u00e9l","1594":"ll\u00f3 ","1595":" hor","1596":"iste","1597":"laki","1598":"haso","1599":"tra ","1600":"aszo","1601":"v\u00e9de","1602":"csi ","1603":"ol\u00f3g","1604":"dom\u00e1","1605":"szig","1606":"rni ","1607":"plom","1608":"amat","1609":"tese","1610":"adal","1611":"snak","1612":"iv\u00e1l","1613":"szlo","1614":"j\u00e9n ","1615":"l\u00e1lh","1616":"delm","1617":"rtot","1618":"rede","1619":" v\u00edz","1620":"tudj","1621":"mat ","1622":"tom ","1623":"\u00e1ga ","1624":"don ","1625":"\u00e1sba","1626":" rom","1627":"egal","1628":"felv","1629":"das\u00e1","1630":" ado","1631":" \u00e1t ","1632":"\u00e1ly ","1633":"ozik","1634":"rsen","1635":" had","1636":"prog","1637":"j\u00e1r\u00e1","1638":" eng","1639":"ap\u00edt","1640":"ink\u00e1","1641":"\u00e1lni","1642":"hiva","1643":" aj\u00e1","1644":"anci","1645":"alt ","1646":"nal ","1647":"\u00edtan","1648":" teh","1649":"\u00e1ri ","1650":" kif","1651":"\u00e9ken","1652":" miv","1653":"k\u00e1bb","1654":"rogr","1655":"ekko","1656":"sonl","1657":"ria ","1658":"megn","1659":"nger","1660":"lva ","1661":"tj\u00e1k","1662":"et\u0151e","1663":"atba","1664":"l\u0151sz","1665":"vet ","1666":"v\u00e1s\u00e1","1667":"onos","1668":"tti ","1669":"kine","1670":"vez\u00e9","1671":"dok ","1672":"seny","1673":"lap\u00ed","1674":" raj","1675":"j\u00f6tt","1676":"b\u00e1r ","1677":"k\u00e9pz","1678":"de\u00f3 ","1679":"retn","1680":"zdas","1681":"rosz","1682":"sor\u00e1","1683":"vese","1684":"erz\u0151","1685":"onna","1686":"r\u00f3b\u00e1","1687":"keny","1688":"toka","1689":" ber","1690":"ncia","1691":"\u00f6zs\u00e9","1692":"the ","1693":"pj\u00e1n","1694":"sony","1695":"\u00e1lko","1696":"\u00f6z\u00f6s","1697":"opor","1698":" sta","1699":"f\u00e9ny","1700":"yete","1701":" es ","1702":"ondj","1703":"k\u00f6r\u00fc","1704":" h ","1705":"art ","1706":"gfel","1707":"ns\u00e9g","1708":" moz","1709":"t\u00edv ","1710":"tet\u00e9","1711":"eri ","1712":"s\u00e9gi","1713":" kic","1714":"yako","1715":"koz\u00e1","1716":"yzet","1717":"lkod","1718":"l\u00f6nb","1719":"llat","1720":"ogad","1721":"ejez","1722":"rm\u00e9k","1723":" elh","1724":"rja ","1725":"er\u0171 ","1726":" hit","1727":"es\u00fcl","1728":"rdul","1729":"t\u00e9te","1730":" baj","1731":" and","1732":"\u00e9ve ","1733":"amen","1734":"g\u00e1lt","1735":"dalm","1736":"eleg","1737":"lyez","1738":" fes","1739":"od\u00e1s","1740":" \u00e9v ","1741":" inf","1742":"zaka","1743":"kics","1744":"benn","1745":"tnek","1746":" d\u00f6n","1747":"z\u00fclt","1748":"oroz","1749":" kin","1750":"erje","1751":" ing","1752":"ajno","1753":"k\u00f6rn","1754":" mut","1755":"j\u00e1ra","1756":"\u00f6tte","1757":"csop","1758":"s\u00e1ga","1759":"akad","1760":"olyt","1761":"z\u00e9s\u00e9","1762":"h\u00e1bo","1763":"\u00e9net","1764":" l\u00e9p","1765":"evel","1766":"temp","1767":"egyh","1768":"nyil","1769":"zt\u00e9s","1770":"\u00f3ban","1771":"ordu","1772":"al\u00e1s","1773":"iget","1774":" hiv","1775":"\u00e1m\u00edt","1776":"\u00f6lt\u00f6","1777":" okt","1778":"z\u00e1m\u00ed","1779":"llap","1780":"birt","1781":"n\u00e1la","1782":"\u00edt\u00f3 ","1783":"lati","1784":"t\u0151en","1785":"roza","1786":"\u00e1ul ","1787":"ron ","1788":"empl","1789":"eln\u00f6","1790":"eseb","1791":"\u0151re ","1792":"ln\u00f6k","1793":"ahog","1794":"legj","1795":"nia ","1796":" mi\u00e9","1797":"hal\u00e1","1798":"etn\u00e9","1799":"irto","1800":"\u00e9g\u00e9n","1801":"jes ","1802":"nki ","1803":"\u00e9nyt","1804":"lt\u00e1k","1805":"elez","1806":" szl","1807":"gete","1808":" elf","1809":"gy\u00e1r","1810":"r\u00f3pa","1811":"sopo","1812":"gon ","1813":"obba","1814":"perc","1815":"l\u00e1ba","1816":"nes ","1817":"\u00f6z\u00e9p","1818":"inak","1819":" man","1820":"el\u00e9 ","1821":"sodi","1822":"mene","1823":"eken","1824":"jell","1825":"\u00e9ret","1826":"et\u00e9t","1827":"akul","1828":"tus ","1829":"ersz","1830":"zemb","1831":" tek","1832":"moga","1833":"roda","1834":"vata","1835":"vizs","1836":"um>a","1837":"okoz","1838":"\u00e9sre","1839":"nyok","1840":"egta","1841":"rmek","1842":"terj","1843":"thon","1844":"jon ","1845":"napi","1846":" spo","1847":"mego","1848":"lass","1849":"asz ","1850":"0000","1851":"akoz","1852":" v\u00e9d","1853":"telm","1854":"s\u00e1g\u00e1","1855":" oko","1856":"eget","1857":"\u00e9sza","1858":"ozni","1859":"icsi","1860":"kez\u00e9","1861":"n\u00e9gy","1862":"um>\u00e9","1863":"forg","1864":" ara","1865":"atja","1866":" kol","1867":"et\u00e9b","1868":"orga","1869":"ejle","1870":" kie","1871":"ondt","1872":" se ","1873":"k\u00edv\u00fc","1874":"izsg","1875":"\u0151ben","1876":"m\u00e1n ","1877":"bor\u00fa","1878":"zes ","1879":"les ","1880":"m\u00e9t ","1881":"\u00fcks\u00e9","1882":"z\u00fcks","1883":"haza","1884":"zont","1885":"\u0171v\u00e9s","1886":"\u00f6bbe","1887":"itte","1888":"\u00edv\u00fcl","1889":" est","1890":"\u00e9rke","1891":" jut","1892":" kul","1893":"\u00f3b\u00e1l","1894":"sin\u00e1","1895":" por","1896":"leke","1897":"arok","1898":"\u00e1roz","1899":"l\u00f3gi","1900":" lel","1901":"p\u00edt\u00e9","1902":"nt\u00e9z","1903":"\u0151sz\u00f6","1904":"ere ","1905":"ak\u00e1r","1906":"ppen","1907":"k\u00e1r ","1908":"\u00e1m\u00e1r","1909":"art\u00e1","1910":"rd\u00e9s","1911":"yuga","1912":"\u00e9gre","1913":"nt\u0151s","1914":"elej","1915":"k\u00f6zt","1916":"d\u00f6tt","1917":"ezni","1918":"lkot","1919":"gyh\u00e1","1920":"yh\u00e1z","1921":" n\u00e9g","1922":"\u0151je ","1923":"mban","1924":"\u00e9lem","1925":" gyo","1926":"ttho","1927":"t\u00f3k ","1928":"ttel","1929":"ld\u00e1u","1930":"legn","1931":"d\u00e1ul","1932":"laku","1933":"idej","1934":"yom\u00e1","1935":"nleg","1936":"jdon","1937":"t\u00e1mo","1938":"nyol","1939":"egge","1940":" \u00fajr","1941":"gyek","1942":"zhat","1943":"erke","1944":"erem","1945":"lnek","1946":"\u00fajra","1947":"zpon","1948":"nnye","1949":"l\u00e1sa","1950":"\u00e1mog","1951":" ezz","1952":"hegy","1953":"ztot","1954":"v\u00e1n ","1955":"zt\u00e1n","1956":"is\u00e9g","1957":"erce","1958":"gyor","1959":"\u00fclte","1960":" ela","1961":"ztal","1962":"sz\u00e9k","1963":"vet\u0151","1964":"l\u00e1ny","1965":"f\u00e9le","1966":"n\u00e9k ","1967":"dm\u00e9n","1968":"mot ","1969":" bef","1970":" bev","1971":" t\u00e1v","1972":"tk\u00f6z","1973":"koss","1974":" te ","1975":" al\u00e1","1976":"eki ","1977":"radt","1978":"rs\u00e9g","1979":"orba","1980":"k\u00fcl ","1981":"\u00e9rd\u00e9","1982":"l\u00e1lt","1983":"spor","1984":"\u00e1rme","1985":"korl","1986":"\u00e1llt","1987":"yerm","1988":" k\u00e9n","1989":"tatt","1990":"kony","1991":"t\u00e1vo","1992":"egym","1993":"\u00e9sse","1994":" lis","1995":" n\u00f6v","1996":" f\u00e9n","1997":"z\u00edte","1998":"art\u00f3","1999":"lunk","2000":"lata","2001":"sokk","2002":"atai","2003":"ynek","2004":"gyi ","2005":"j\u00e1nl","2006":" \u00edrt","2007":"\u00f3ra ","2008":"ej\u00e9n","2009":"s\u00e1ba","2010":"mok ","2011":"\u00edten","2012":"eddi","2013":"sztu","2014":"\u00e9ven","2015":" gy\u00f6","2016":" ak\u00e1","2017":" v\u00e9l","2018":"fize","2019":"tos\u00ed","2020":"kot ","2021":"eten","2022":"okra","2023":"ny\u00edt","2024":" t\u00e9n","2025":"koz\u00f3","2026":"t\u00e1ly","2027":"m>\u00e9n","2028":"\u00e9rfi","2029":"tula","2030":"vend","2031":" l\u00e1n","2032":"ttal","2033":" ink","2034":"\u00fctt ","2035":"redm","2036":"m\u00e1si","2037":"etel","2038":"\u00e9ppe","2039":"cia ","2040":" jav","2041":"zige","2042":">\u00e9n ","2043":"yors","2044":"napj","2045":" isk","2046":"eszk","2047":"ls\u00f3 ","2048":"atna","2049":"gsze","2050":"tter","2051":"utol","2052":"kozo","2053":"\u00e1l\u00f3 ","2054":"eszi","2055":"elfo","2056":"rhet","2057":"odal","2058":"\u00e1ly\u00e1","2059":"telt","2060":"edel","2061":"f\u00e9rf","2062":"okna","2063":"lon ","2064":"ekne","2065":"mere","2066":"edm\u00e9","2067":"para","2068":" ham","2069":"net ","2070":"rsze","2071":"okon","2072":"mplo","2073":"zlov","2074":"kek ","2075":"arab","2076":"\u00e1lyo","2077":"egjo","2078":"ora ","2079":"nyes","2080":"m\u00e9te","2081":"ener","2082":"ugat","2083":"znak","2084":"nisz","2085":"l\u00e1bb","2086":"ress","2087":"mal ","2088":"k\u00f6zi","2089":"el\u00e9r","2090":" str","2091":"gjob","2092":"ak\u00edt","2093":"zal ","2094":" uto","2095":"ulat","2096":"ene ","2097":"ink ","2098":"tan ","2099":"and ","2100":"c\u00edm\u0171","2101":" zsi","2102":"ngol","2103":"rese","2104":"dato","2105":"gym\u00e1","2106":"tudt","2107":"\u00e1ll ","2108":"esti","2109":"\u00f6rv\u00e9","2110":"dele","2111":"ell\u00e9","2112":" f\u00fcg","2113":"ulaj","2114":"nten","2115":"erne","2116":"r\u00e1bb","2117":"r\u00e9gi","2118":"\u00e9pek","2119":"kola","2120":" kil","2121":"\u00e1sik","2122":"\u00edm\u0171 ","2123":"megi","2124":" \u00f3r\u00e1","2125":"alu ","2126":"zert","2127":" fiz","2128":"edik","2129":"bold","2130":"kol\u00e1","2131":" tul","2132":"bert","2133":"tete","2134":"t\u00f6rv","2135":"ztem","2136":"k\u00f6zp","2137":"t\u00e1t ","2138":"dnak","2139":"dult","2140":"jese","2141":"eksz","2142":"t\u00e9st","2143":" k\u00edn","2144":"arma","2145":"\u00e9h\u00e1n","2146":"n\u00e9h\u00e1","2147":"kapt","2148":"\u00e1gok","2149":"g\u00e1la","2150":"lv\u00e1n","2151":"ndta","2152":"\u00e1zat","2153":"cser","2154":"kosa","2155":"tva ","2156":"nik ","2157":"es\u00e9g","2158":"lyta","2159":"ons\u00e1","2160":" neh","2161":"s\u00e1na","2162":"gre ","2163":" kri","2164":"t\u00e1ma","2165":"egen","2166":" erd","2167":" r\u00e1 ","2168":"vall","2169":"oron","2170":"elni","2171":"pja ","2172":"lgat","2173":"lajd","2174":"etik","2175":"s\u00e9gb","2176":"mest","2177":"\u00e1s\u00e1n","2178":"lli\u00f3","2179":"zsg\u00e1","2180":"lmet","2181":"lfog","2182":"ajdo","2183":"mek ","2184":"\u00e1nyz","2185":" eme","2186":"\u00e1sai","2187":"lefo","2188":"kert","2189":" kam","2190":"osz ","2191":"k\u00f6te","2192":"ym\u00e1s","2193":" \u00f3ta","2194":"sz\u00f3 ","2195":"olt\u00e1","2196":"harc","2197":"harm","2198":"kett","2199":"koro","2200":" pr\u00f3","2201":"feh\u00e9","2202":"\u00e9kel","2203":"amar","2204":"kok ","2205":"l\u00e9ke","2206":"eh\u00e9r","2207":"okta","2208":"rz\u00e9s","2209":"v\u00e9le","2210":" vit","2211":"sere","2212":"len\u00fc","2213":"p\u00e1r ","2214":"ideg","2215":"sai ","2216":"g\u00e9n ","2217":"\u00f6zpo","2218":"ett\u0151","2219":"tech","2220":"m\u00edg ","2221":"djuk","2222":"\u00e1rma","2223":"\u00e1tha","2224":"yel ","2225":"lem\u00e9","2226":"g\u00e9t ","2227":"\u00e1kat","2228":"eml\u00ed","2229":"osab","2230":"szle","2231":"l\u00e9g ","2232":"ml\u00edt","2233":"\u00fcnte","2234":"n\u00fcl ","2235":"zab\u00e1","2236":"mre ","2237":"iben","2238":"\u00e1t\u00f3l","2239":"kiad","2240":" ola","2241":"lj\u00e1k","2242":"zt\u00e9k","2243":"dolo","2244":"\u00e9tre","2245":"szar","2246":"k\u00e1t ","2247":"assa","2248":"megl","2249":"regg","2250":"l\u00e9te","2251":" het","2252":"hetn","2253":"en\u00fcl","2254":"ontj","2255":"gben","2256":"\u00f6nny","2257":"ezt\u00e9","2258":"vete","2259":"zel\u00e9","2260":"kapo","2261":"kuta","2262":"lens","2263":"rta ","2264":" t\u00f6l","2265":"id\u0151s","2266":"ival","2267":"zt\u00e1l","2268":"kes ","2269":"ngye","2270":"s\u00edte","2271":"k\u00f6nn","2272":" j\u00f6v","2273":"olni","2274":"ab\u00e1l","2275":"inis","2276":"\u00e9del","2277":"k\u00fcld","2278":"g\u00edts","2279":"elhe","2280":"sz\u00e9t","2281":" alb","2282":" hon","2283":"mega","2284":"fela","2285":"atik","2286":"jles","2287":"nged","2288":"heti","2289":"egyr","2290":"j\u00e1na","2291":" kik","2292":"zhet","2293":"gy\u0151z","2294":" szu","2295":"m\u00e9re","2296":" b\u00edr","2297":"om\u00e1s","2298":"pai ","2299":"ci\u00f3s","2300":"tudn","2301":"zad ","2302":"z\u00e1gb","2303":"zm\u00e9n","2304":"lg\u00e1r","2305":"t\u00e9si","2306":" fut","2307":"t\u00f6r\u00f6","2308":"oly ","2309":" edd","2310":"\u00e1lja","2311":"onda","2312":"usok","2313":"hatj","2314":"eves","2315":"ted ","2316":"s\u00faly","2317":"apok","2318":" her","2319":" x ","2320":"y\u00e9be","2321":" \u00f6r\u00f6","2322":" ekk","2323":"elef","2324":"z\u00fcl ","2325":"zza ","2326":"osa ","2327":" abb","2328":"m\u00e1t ","2329":"keve","2330":"\u00e1rat","2331":"emet","2332":"yira","2333":"s\u00edt\u00e1","2334":"aros","2335":"end\u00e9","2336":"ztel","2337":"oda ","2338":"dban","2339":"pet ","2340":"gy\u00f3g","2341":"ntes","2342":"ssz\u00fa","2343":" gy\u0151","2344":"yama","2345":"avas","2346":"info","2347":" mod","2348":"kesz","2349":"\u00e9szs","2350":"\u00e9gbe","2351":"y\u00f3gy","2352":"azt\u00e1","2353":" utc","2354":"zele","2355":"ekes","2356":"mmal","2357":"\u00edv\u00e1n","2358":"\u00e1gon","2359":"fere","2360":"rett","2361":"yene","2362":"delk","2363":"akra","2364":"sszi","2365":"etni","2366":"ntek","2367":"\u00e9kes","2368":"los ","2369":"k\u00edv\u00e1","2370":"zgat","2371":"ktor","2372":"l\u00e1tt","2373":"s\u00e1va","2374":" dal","2375":"nt\u00e9n","2376":"l\u00e9s\u00e9","2377":"nai ","2378":"szs\u00e9","2379":"p\u00e1rt","2380":"lyze","2381":"m\u00falt","2382":"\u00e9g\u00e9t","2383":"tols","2384":"j\u00f6n ","2385":"gnag","2386":"kart","2387":"itel","2388":"jabb","2389":"sit ","2390":"enc ","2391":" bej","2392":"ov\u00e1k","2393":"teng","2394":"nfor","2395":" tra","2396":" \u0151ke","2397":"rtam","2398":"atol","2399":"or\u00fa ","2400":"tato","2401":" eli","2402":"gato","2403":"allg","2404":"r\u00e1t ","2405":"ural","2406":"it\u00e1s","2407":" mez","2408":"mele","2409":"temb","2410":"lov\u00e1","2411":"atni","2412":"echn","2413":"almi","2414":"v\u00fcl ","2415":" tor","2416":"llga","2417":"yeze","2418":"kede","2419":"seke","2420":"l\u00e1g ","2421":"\u00f3nap","2422":"megb","2423":"\u00e1lt\u00e1","2424":"meg\u00e9","2425":"onat","2426":"r\u00e1ci","2427":"m\u00f3do","2428":"lega","2429":"mel ","2430":"jra ","2431":"ens\u00e9","2432":"ig\u00e9n","2433":"h\u00f3na","2434":"dhat","2435":"ajta","2436":"nye ","2437":" \u00e9pp","2438":"lyne","2439":"haha","2440":"\u00e1cso","2441":"ut\u00f3b","2442":"\u00f6kke","2443":"nyve","2444":"lked","2445":"kise","2446":"tjuk","2447":"ind ","2448":"yelm","2449":"zmus","2450":" cs\u00e1","2451":"\u00edts\u00e9","2452":"llt ","2453":"m\u00e9le","2454":"bel\u00fc","2455":"kora","2456":"tetl","2457":"kelt","2458":"yett","2459":"sben","2460":"andr","2461":"nb\u00f6z","2462":"\u00e1tok","2463":"elv\u00e9","2464":"\u00f3an ","2465":"\u00f6nb\u00f6","2466":"apta","2467":"mode","2468":"nyeg","2469":"ktat","2470":"yire","2471":"tern","2472":"lom\u00e1","2473":"ols\u00f3","2474":"z\u00e9ke","2475":" h\u00f3n","2476":"\u00e9szl","2477":"t\u00fck ","2478":"etre","2479":"gold","2480":"cikk","2481":"epel","2482":"osok","2483":"enci","2484":"l\u00e9tr","2485":"akat","2486":"dal ","2487":"\u00fajab","2488":"nd\u0151r","2489":"\u0151leg","2490":"onyo","2491":"z\u00e9p ","2492":"orra","2493":" kih","2494":"ssz ","2495":"l\u00e1so","2496":"lenl","2497":"liku","2498":"tagj","2499":"\u00e9hez","2500":"\u00e1llo","2501":"eg\u00e9n","2502":"\u00edrta","2503":"ence","2504":"ezd\u0151","2505":"ztek","2506":" c\u00e9g","2507":"okt\u00f3","2508":" bem","2509":"pott","2510":"rsas","2511":"rem\u00e9","2512":"anti","2513":"orr\u00e1","2514":"utaz","2515":"izmu","2516":" gy\u00e1","2517":"rben","2518":"s\u00e9ve","2519":" dar","2520":"at\u00f3k","2521":"egin","2522":"stan","2523":"snek","2524":"d\u00e9s\u00e9","2525":"kb\u00f3l","2526":" na ","2527":"z\u0151d\u00e9","2528":"el\u0151z","2529":"iata","2530":"csen","2531":"\u00f6lcs","2532":"once","2533":" \u00fcze","2534":"nd\u00e9g","2535":" lem","2536":"sz\u00e1n","2537":"fesz","2538":"mati","2539":"fiat","2540":"b\u00e1ly","2541":"orvo","2542":" ant","2543":"eske","2544":"ag\u00e1t","2545":"l\u00e1sz","2546":"p\u00edte","2547":"z\u00e1s\u00e1","2548":"azza","2549":"gja ","2550":"polg","2551":"lak\u00ed","2552":" m\u00fal","2553":"\u00e9ly ","2554":"kife","2555":"rvos","2556":" mis","2557":"ltet","2558":"csit","2559":"elyz","2560":"j\u00e9t ","2561":"ism\u00e9","2562":"komm","2563":"zeke","2564":"legf","2565":"apos","2566":"\u00e1ny\u00e1","2567":"enye","2568":"f\u00e9l ","2569":"tava","2570":"m\u00e1ci","2571":" tav","2572":" ad\u00f3","2573":"orto","2574":"ytat","2575":"ttes","2576":"lam ","2577":"dara","2578":"prob","2579":"kit ","2580":" fin","2581":"mez\u0151","2582":"fogy","2583":"\u00e9s\u00e9n","2584":"kiv\u00e1","2585":"\u00f3gia","2586":"hala","2587":"el\u00f6l","2588":"\u00e9kek","2589":"t\u0151s ","2590":"rakt","2591":"ekre","2592":"\u00e9r\u0151l","2593":"iseb","2594":"aga ","2595":"otth","2596":"r\u00f3la","2597":"rmaz","2598":"avar","2599":" kal","2600":"lad\u00f3","2601":"\u00e9rz\u00e9","2602":"z\u00edn\u0171","2603":"alon","2604":"gyom","2605":"gyre","2606":"z\u00e1rm","2607":"tsz\u00e1","2608":"k\u00f6z\u00fc","2609":"ilm ","2610":"ztr\u00e1","2611":"onl\u00f3","2612":"egol","2613":"ar\u00e1n","2614":"egte","2615":"enle","2616":"konc","2617":"tehe","2618":"lamo","2619":"\u00e1s\u00e1v","2620":" h\u00edv","2621":"lyik","2622":"ion ","2623":"lk\u00e9s","2624":"oldo","2625":"hajt","2626":"szl\u00f3","2627":"r\u00f6vi","2628":"sg\u00e1l","2629":"\u00f6vid","2630":"r\u00f6k ","2631":"um>\u00e1","2632":"and\u00f3","2633":"otel","2634":"el\u0151r","2635":" teg","2636":"\u00e9nyl","2637":"\u00e1szl","2638":" hot","2639":"l\u00fcl ","2640":"\u00f3kat","2641":"rnak","2642":"ndor","2643":"torn","2644":"kara","2645":"pusz","2646":"fel\u00fc","2647":"osi ","2648":"id\u0151 ","2649":" rep","2650":" oro","2651":"len\u00e9","2652":"rr\u00e1s","2653":"ium ","2654":"yert","2655":"s\u00fclt","2656":"sti ","2657":"tten","2658":"agja","2659":"sm\u00e9t","2660":" r\u00f3m","2661":"api ","2662":"megm","2663":"alm\u00e1","2664":"\u00e1j\u00e1t","2665":"elyn","2666":"\u00e9rhe","2667":"ztak","2668":"emen","2669":"v\u00e9gr","2670":"\u00e9s\u00e9v","2671":"\u00e1mad","2672":"zk\u00f6z","2673":"vill","2674":"esse","2675":"l\u00e1th","2676":" ut\u00f3","2677":"ezer","2678":"nys\u00e9","2679":"l\u0151re","2680":"l\u00e1lk","2681":"rany","2682":"szal","2683":" n\u00e1l","2684":"s\u00edt\u00e9","2685":"teme","2686":"pers","2687":"zz\u00e1 ","2688":"elne","2689":" ket","2690":"tatj","2691":"udta","2692":" p ","2693":"zerk","2694":"rel ","2695":"ztik","2696":" fot","2697":" iro","2698":"\u00edt\u0151 ","2699":"inth","2700":"\u00f6bbs","2701":"hatn","2702":"eg\u00e1l","2703":"\u00f6z\u00fcl","2704":" gy\u00f3","2705":"k\u00e9ny","2706":" \u00e9rk","2707":"set\u00e9","2708":"nkor","2709":"efon","2710":"szep","2711":"lekt","2712":"ereg","2713":" v\u00e1s","2714":"mmel","2715":" ig\u00e9","2716":"l\u00e1d ","2717":"orb\u00e1","2718":"csod","2719":"n\u00e1ll","2720":"\u00e9g\u00fcl","2721":"kezt","2722":" \u00e1ra","2723":"zeme","2724":" l ","2725":"ruh\u00e1","2726":"k\u00e9rt","2727":" b\u00e9k","2728":"p\u00fcle","2729":"g\u00fcl ","2730":"sked","2731":" orb","2732":"rosa","2733":"lak ","2734":"ali ","2735":"mato","2736":"lame","2737":"ifej","2738":"v\u00e9t ","2739":"zdet","2740":"\u00e9le ","2741":" nya","2742":" heg","2743":"v\u00e9gz","2744":"i\u00e1t ","2745":"\u0151sza","2746":"h\u00e1zi","2747":"\u00e1tor","2748":"lat\u00e1","2749":" jan","2750":" j\u00f6n","2751":"mon ","2752":"h\u00edre","2753":" szt","2754":"ipar","2755":"egyz","2756":"agok","2757":"yilv","2758":"irat","2759":"g\u00e1ll","2760":"ass\u00e1","2761":"encs","2762":"fot\u00f3","2763":" veg","2764":"\u00e9r\u00e9s","2765":"toro","2766":"kasz","2767":"emez","2768":" hir","2769":"bs\u00e9g","2770":"k\u00e9p ","2771":"enn\u00e9","2772":"pot ","2773":"l\u00e9ny","2774":"um>t","2775":"\u00e1nt ","2776":"robl","2777":"toga","2778":"\u00e1rok","2779":" neg","2780":"t\u00fal ","2781":" fri","2782":"kken","2783":"tuk ","2784":"moly","2785":"des ","2786":"\u00e9pet","2787":"n\u00e9ve","2788":"\u00e1vol","2789":"sos ","2790":"ilv\u00e1","2791":"\u00e9be ","2792":" cs\u00f6","2793":"pasz","2794":"oly\u00f3","2795":"rdem","2796":"zege","2797":" gra","2798":"sz\u00e1s","2799":"venc","2800":"pvis","2801":"zor ","2802":" r\u00f6v","2803":"szk\u00f6","2804":"gyal","2805":" m\u00e9l","2806":"hato","2807":"lak\u00e1","2808":"olog","2809":" g\u00e9p","2810":"usz ","2811":"zzal","2812":"lelk","2813":" tap","2814":"epte","2815":"nkat","2816":"\u00edtha","2817":"cs\u00f6k","2818":"deti","2819":"letb","2820":"\u00e9sbe","2821":"l\u0151d\u00e9","2822":"lmes","2823":"\u00e9pvi","2824":"omol","2825":" oda","2826":" hi\u00e1","2827":"nev\u00e9","2828":" gy\u0171","2829":"rrel","2830":" id\u00e9","2831":"man ","2832":"ever","2833":"k\u00e9pv","2834":"szt\u00f3","2835":" \u00e9re","2836":"ltem","2837":"rz\u0151d","2838":" pos","2839":"l\u00e1st","2840":"\u00e9psz","2841":" tit","2842":"rb\u00e1n","2843":"lts\u00e9","2844":"eve ","2845":"yetl","2846":"orin","2847":"nyle","2848":"hote","2849":"eg\u00e9r","2850":"\u00f6lte","2851":"b\u00e1n ","2852":"vekb","2853":"\u00f3pai","2854":"dat ","2855":"ezdt","2856":"\u00e1ig ","2857":"s\u00e9g\u00fc","2858":" jeg","2859":"r\u00e1ba","2860":"t\u00e1na","2861":"ancs","2862":"ci\u00f3k","2863":"t\u00e1r ","2864":"szt\u0151","2865":"\u00e9li ","2866":"tozo","2867":" nov","2868":"yban","2869":"yes\u00fc","2870":"tize","2871":"ilis","2872":"sz\u00e9d","2873":"n\u00e9ze","2874":"nnep","2875":"iban","2876":"lm\u00e9n","2877":"ine ","2878":"ste ","2879":"j\u00e1rt","2880":"tszi","2881":"lleg","2882":"z\u00edne","2883":"ghat","2884":"sz\u00e9n","2885":"etei","2886":"j\u00f6v\u0151","2887":"min\u0151","2888":"en\u00e9s","2889":"fog ","2890":"legi","2891":"gys\u00e9","2892":"\u00e9sei","2893":"in\u0151s","2894":"b\u00e1rm","2895":"nci\u00e1","2896":"alad","2897":"dent","2898":"\u00e1rna","2899":" mas","2900":"z\u00e1si","2901":"\u00e9gy ","2902":"allo","2903":"\u00e9lte","2904":"komo","2905":" cik","2906":"beli","2907":"felk","2908":"agam","2909":"d\u0151sz","2910":" mot","2911":" lap","2912":"nket","2913":"rdet","2914":"fest","2915":"adik","2916":"mozg","2917":" feh","2918":"t\u00f3bb","2919":"ell\u00e1","2920":"haj\u00f3","2921":"vere","2922":"at\u00edv","2923":"bl\u00e9m","2924":"sszo","2925":"el\u0151l","2926":" g\u00f6r","2927":"park","2928":" kb ","2929":"\u00e9lt ","2930":"oni ","2931":"r\u00f3ma","2932":" sen","2933":"sajn","2934":"\u00fcnne","2935":"\u00e1tta","2936":"ajt\u00f3","2937":"t\u00e1rg","2938":"zolt","2939":"hird","2940":"vben","2941":" mat","2942":"ev\u00e9s","2943":"nom ","2944":" pla","2945":"eje ","2946":" elj","2947":" t\u00f6k","2948":"rist","2949":"ergi","2950":"\u00f6z\u0151 ","2951":"rium","2952":"lemz","2953":"anta","2954":"erez","2955":"csom","2956":" koc","2957":"k\u00e9pp","2958":"irde","2959":" kim","2960":"sas\u00e1","2961":"t\u00e9sz","2962":"zak ","2963":"pek ","2964":"rako","2965":"nyei","2966":" l\u00e1s","2967":" \u00e9l\u0151","2968":"an\u00e1c","2969":"s\u00e9ne","2970":"n\u00e1cs","2971":" z\u00e1r","2972":"ulta","2973":"\u00f6zi ","2974":"hama","2975":"meke","2976":"utot","2977":"dven","2978":" v\u00e1g","2979":"k\u00f6zl","2980":"rnye","2981":"m>as","2982":" pap","2983":" u ","2984":"\u00e1ndo","2985":"artj","2986":"vets","2987":"rnek","2988":"pes ","2989":"ekek","2990":"\u00e1rgy","2991":"erbe","2992":"y\u00e1rt","2993":"n\u00f6ve","2994":"tik\u00e1","2995":"iak ","2996":"\u00f6zve","2997":"el\u0151a","2998":"zomb","2999":"tet\u0151","3000":"v\u00e9gi","3001":"ak\u00e1s","3002":"ren ","3003":"atti","3004":"karo","3005":"obl\u00e9","3006":"nnal","3007":"s\u00edto","3008":"\u00e9rs\u00e9","3009":" uni","3010":"ger ","3011":">as ","3012":"zetk","3013":"erhe","3014":"gem ","3015":"gyez","3016":"s\u00f6kk","3017":"\u00e9zet","3018":" nor","3019":"y\u00fajt","3020":"lhas","3021":"\u00e1mos","3022":" l\u00e9g","3023":" b ","3024":"maz\u00e1","3025":"ant ","3026":"l\u00edto","3027":"zked","3028":" j\u00e1n","3029":" bri","3030":"llom","3031":"adba","3032":"m\u00e9ke","3033":"n\u00e1lj","3034":"lalt","3035":"tion","3036":"gal\u00e1","3037":"negy","3038":"k\u00f6zv","3039":"kott","3040":"m>\u00e1n","3041":"lada","3042":"yei ","3043":"bor ","3044":"ilme","3045":"csil","3046":"ekez","3047":"agad","3048":"egfo","3049":"\u00f3ber","3050":"zetb","3051":"ked ","3052":"egt\u00f6","3053":"tegy","3054":"rmel","3055":"aina","3056":"rece","3057":"ar\u00e1z","3058":"vezt","3059":"jel\u00f6","3060":"melt","3061":"alta","3062":"z\u00e1sa","3063":" j\u00f6t","3064":"ari ","3065":" am\u00fa","3066":"z\u00e9t ","3067":"tana","3068":"dtak","3069":"z\u00e9st","3070":"j\u00e1no","3071":"nk\u00e9n","3072":"gtal","3073":"am\u00fag","3074":"kba ","3075":"okos","3076":"gal ","3077":"stra","3078":"ny\u00e1r","3079":"iz\u00e1l","3080":"m\u00fagy","3081":"kisz","3082":"\u00e1sna","3083":"eine","3084":"all\u00e1","3085":"\u00fcli ","3086":"\u00e1nyt","3087":">\u00e1n ","3088":" dec","3089":"rr\u00f3l","3090":"tene","3091":"v\u00e1r ","3092":"mus ","3093":"alla","3094":"akci","3095":"inga","3096":"arco","3097":"kr\u00f3l","3098":"fenn","3099":"n\u00e9ps","3100":"\u0171en ","3101":"ejte","3102":" tec","3103":"azga","3104":"\u00e1rmi","3105":"rat ","3106":"rtem","3107":"akba","3108":"gy\u0171j","3109":"y\u0171jt","3110":"osta","3111":" \u00faja","3112":"emut","3113":"\u00f3ri\u00e1","3114":"lybe","3115":"ny\u00e9k","3116":"bajn","3117":"k\u00e1ro","3118":"latb","3119":"magu","3120":"gazg","3121":"ptem","3122":"ncse","3123":"l\u0151ad","3124":"kar ","3125":"olas","3126":"\u00fcgyi","3127":"szed","3128":"evet","3129":"venn","3130":" r\u00f3l","3131":"etk\u00f6","3132":"sill","3133":" k\u00e9z","3134":" \u00fcnn","3135":"ntot","3136":" r ","3137":"rzet","3138":"emek","3139":"eged","3140":"zata","3141":"i\u00f3t ","3142":"ezhe","3143":"ekel","3144":"\u00e1rta","3145":"nika","3146":"enys","3147":"ev\u00e9t","3148":" pan","3149":" c ","3150":"r\u00e1so","3151":"nd\u00edt","3152":"rmad","3153":"rm\u00e1c","3154":"\u00e9gei","3155":"deme","3156":"sz\u00fa ","3157":" kid","3158":"orok","3159":"n\u00e1ln","3160":"ztus","3161":"tons","3162":"n\u00f6k ","3163":"\u00e9kos","3164":"kszi","3165":"gnak","3166":"ezne","3167":"yana","3168":" gar","3169":"ran ","3170":"set ","3171":"z\u00e1so","3172":"rom\u00e1","3173":"nove","3174":" dob","3175":"bemu","3176":"\u00f6ld ","3177":"feke","3178":"\u00edtja","3179":"\u00e1nyi","3180":"resk","3181":"um>i","3182":"lm\u00e1n","3183":"shoz","3184":"\u00edti ","3185":"zob\u00e1","3186":"zton","3187":"meg\u00e1","3188":"l\u00e1go","3189":"d\u00e9si","3190":" pil","3191":" f ","3192":"mbat","3193":"ldog","3194":"t\u0151k ","3195":"kod\u00e1","3196":" lej","3197":"t\u00e9ve","3198":" fok","3199":"yar\u00e1","3200":" m\u0171s","3201":"vid\u00e9","3202":" pal","3203":"det\u00e9","3204":"ola ","3205":"tapa","3206":"\u00e9rle","3207":"teg ","3208":" kan","3209":"jnok","3210":"ram ","3211":"bolt","3212":"amok","3213":"kete","3214":"rgal","3215":"kezi","3216":"k\u00e1ba","3217":"et\u0171 ","3218":"li\u00f3 ","3219":"log ","3220":"rajt","3221":"\u00f6d\u00e9s","3222":" o ","3223":"ideo","3224":"tenn","3225":"tel\u00e9","3226":"beri","3227":"hon ","3228":" med","3229":"zaki","3230":"egs\u00e9","3231":"apon","3232":"\u00e1sz\u00e1","3233":"\u00e1s\u00e1b","3234":"t\u00f3t ","3235":"bet ","3236":"eggy","3237":"yzat","3238":"ukat","3239":" hib","3240":"an\u00edt","3241":"tai ","3242":"jai ","3243":"ide ","3244":"kar\u00e1","3245":"zt\u00e1r","3246":" azz","3247":"tm\u00e9n","3248":" of ","3249":"toz\u00e1","3250":" \u00f3ra","3251":"rtek","3252":" sim","3253":"azot","3254":"fori","3255":"cent","3256":" bek","3257":"kev\u00e9","3258":"nd\u00e9k","3259":"rny\u00e9","3260":"d\u00e1s\u00e1","3261":"hets","3262":"orl\u00e1","3263":"ys\u00e1g","3264":"omsz","3265":"\u00e9rze","3266":" ny\u00fa","3267":"\u00f6tel","3268":" ny\u00ed","3269":"istv","3270":"leng","3271":"det ","3272":"id\u00e9k","3273":"fogo","3274":"l\u00f3sz","3275":"\u00fcgye","3276":" var","3277":"egel","3278":"sel\u0151","3279":" arc","3280":"szot","3281":"terr","3282":"\u00f3nak","3283":"egyv","3284":"felf","3285":"v\u00e9g\u00fc","3286":"nis ","3287":"jaja","3288":" met","3289":"yleg","3290":"att\u00e1","3291":"rasz","3292":"ndan","3293":" ny\u00e1","3294":"ala ","3295":"vid ","3296":"egle","3297":" v\u00e9r","3298":"s\u00e9gg","3299":"t\u00fcl ","3300":"s\u00e9rt","3301":"alos","3302":"ral ","3303":" t\u00f6m","3304":"zadb","3305":"k\u00eds\u00e9","3306":" add","3307":"ozza","3308":"olik","3309":" m\u00edg","3310":"sele","3311":" ft ","3312":" h\u00e1b","3313":"r\u00e1cs","3314":"\u00eds\u00e9r","3315":"letr","3316":"\u00e1lya","3317":"lej\u00e9","3318":"m\u00e9rt","3319":"ahah","3320":"stv\u00e1","3321":"\u00f6bbi","3322":"r\u00e1nt","3323":"zd\u0151d","3324":"b\u00f6z\u0151","3325":"l\u00e9v\u0151","3326":"p\u00fclt","3327":"rada","3328":"nyen","3329":"tatn","3330":"u\u00e1r ","3331":"taka","3332":"gazi","3333":"sod\u00e1","3334":"mmi ","3335":"hite","3336":"olja","3337":"elyb","3338":" ali","3339":"egk\u00f6","3340":"lese","3341":"koll","3342":"lt\u00e9k","3343":"riss","3344":"d\u00e1sa","3345":"\u00e9tez","3346":"\u00e1ron","3347":"ag\u00e1n","3348":"\u00f6r\u00f6g","3349":"t\u00e9rt","3350":"iket","3351":"\u00e9les","3352":"gnap","3353":"kial","3354":"tev\u00e9","3355":"komp","3356":"ngat","3357":"zvet","3358":"nce ","3359":"orma","3360":"d\u00edja","3361":"ind\u00ed","3362":"l\u00e1si","3363":"iala","3364":"z\u00e1sz","3365":" b\u00e1n","3366":"ozna","3367":"lt\u00e9t","3368":"k\u00e1s ","3369":"ki\u00e1l","3370":"rlat","3371":"z\u00e1n ","3372":"nerg","3373":"zabb","3374":"\u00e9p\u00e9s","3375":"\u00e9sen","3376":"onta","3377":"n\u00e9sz","3378":"\u00e1nd\u00e9","3379":"r\u00e1li","3380":"rem ","3381":"nius","3382":"lago","3383":"apas","3384":" gen","3385":"v\u00e1rm","3386":"egis","3387":"\u00e1mol","3388":"hi\u00e1n","3389":"vegy","3390":"efor","3391":"s\u00e9be","3392":" g ","3393":"nie ","3394":"rep\u00fc","3395":"zen\u00e9","3396":"zept","3397":"dves","3398":" poz","3399":"toli","3400":"\u00f6ss\u00e9","3401":"ld\u00e1s","3402":"m\u00e1ba","3403":"ghal","3404":"jelz","3405":"ilag","3406":"cius","3407":"rt\u00f3 ","3408":"nybe","3409":"yezt","3410":"\u00e1bba","3411":"i\u00e1ny","3412":"yakr","3413":" vir","3414":"ileg","3415":"\u0151vel","3416":"gyas","3417":"ggal","3418":"\u00edrt ","3419":"adni","3420":"lak\u00f3","3421":"\u00e9gge","3422":"legk","3423":"yese","3424":"ely\u00e9","3425":"g\u00e1ba","3426":"tha ","3427":"albu","3428":"udja","3429":"i\u00e1li","3430":"nyai","3431":"eh\u00e1t","3432":"anis","3433":"bank","3434":"et\u00e9r","3435":"khoz","3436":"az\u00e1n","3437":"rd\u00edt","3438":" t\u00e1j","3439":"\u0151d\u00f6t","3440":"orol","3441":"veke","3442":"z\u00fck ","3443":"\u00e1s\u00fa ","3444":" lov","3445":"szan","3446":"orla","3447":"ls\u00e1g","3448":" rak","3449":" faj","3450":" las","3451":"otts","3452":"rjed","3453":"sz\u00f3v","3454":"gia ","3455":" lin","3456":"rand","3457":"\u00f3mai","3458":"\u00edtik","3459":"rato","3460":"ul\u00f3 ","3461":"legt","3462":"rajz","3463":"k\u00f6d\u00e9","3464":"ejl\u0151","3465":"yis\u00e9","3466":"mad\u00e1","3467":"\u00e9pze","3468":"kr\u0151l","3469":" \u00e9ri","3470":" tev","3471":"s\u00e1gb","3472":"lye ","3473":"egv\u00e1","3474":"gra ","3475":"t\u00e1li","3476":"z\u00f6ss","3477":"lyos","3478":"kent","3479":"atom","3480":"r\u00e9be","3481":"sz\u00fcn","3482":" ii ","3483":"dez\u00e9","3484":" akt","3485":"aszk","3486":" ref","3487":"ris ","3488":"toko","3489":"repl","3490":"gy\u0171l","3491":"tegn","3492":"zsid","3493":"sorb","3494":"bek ","3495":"lt\u00f6z","3496":"szil","3497":"mire","3498":"mmun","3499":" ger","3500":"t\u00e1ss","3501":" hom","3502":"\u00e9v\u0151 ","3503":"t\u00f3be","3504":"t\u00e1ra","3505":"dolt","3506":"dani","3507":"fris","3508":"yago","3509":"gyve","3510":"yasz","3511":" tur","3512":"t\u00e9nt","3513":"senk","3514":"\u00f6zle","3515":"utal","3516":"utas","3517":"omma","3518":" att","3519":"jta ","3520":"deze","3521":"mra ","3522":"orsa","3523":"moto","3524":"\u00e9kon","3525":"psze","3526":"dej\u00e9","3527":"kocs","3528":"gese","3529":" aug","3530":"lyoz","3531":"c\u00edme","3532":"lbum","3533":" web","3534":"giai","3535":"ksze","3536":"p\u00e1n ","3537":" hid","3538":"kuty","3539":"t\u00f3s\u00e1","3540":"sz\u00f3r","3541":"cs\u00e1s","3542":"sett","3543":" m\u00e1j","3544":"elvi","3545":"ektr","3546":"lf\u00f6l","3547":" \u00e9vi","3548":"dece","3549":" l\u00e9v","3550":"tiv\u00e1","3551":"d\u0151be","3552":"teh\u00e1","3553":"yele","3554":"avaz","3555":"gala","3556":"l\u00f3k ","3557":" v ","3558":"t\u00e1l ","3559":" tol","3560":"tts\u00e1","3561":"d\u00e9k ","3562":"s\u00e1ho","3563":" ser","3564":"t\u00e9re","3565":"trom","3566":" l\u00e9n","3567":"elis","3568":"arr\u00f3","3569":" t\u0151l","3570":"s\u00e9g\u0171","3571":"\u00falt ","3572":"ret ","3573":"titk","3574":"lter","3575":"tege","3576":"nysz","3577":"\u00e1ma ","3578":"eger","3579":"egny","3580":"le\u00edr","3581":"gs\u00e9g","3582":"mar ","3583":"\u00e9ny\u00e9","3584":"ncer","3585":"anyo","3586":"an\u00e1r","3587":" adt","3588":"galo","3589":"szt\u00fc","3590":"lla ","3591":"nyar","3592":"\u00e1sos","3593":" kas","3594":"jl\u0151d","3595":" \u00e9lt","3596":"lyt ","3597":"rai ","3598":"v\u00e1lo","3599":"tszo","3600":"kt\u00f3b","3601":"at\u00f3s","3602":"agys","3603":"solt","3604":"nyza","3605":" pus","3606":"ljuk","3607":"ci\u00f3j","3608":"ny\u00edl","3609":"s\u00e1ro","3610":"gaz\u00e1","3611":"acso","3612":" tak","3613":"ds\u00e1g","3614":" t\u00e9m","3615":"ord\u00ed","3616":"d\u00e1so","3617":"nd\u00f3 ","3618":"maro","3619":"rkol","3620":"omat","3621":"toza","3622":"g\u00f6r\u00f6","3623":"ecem","3624":"\u00f3sz\u00ed","3625":"leni","3626":"el\u00e9b","3627":" spa","3628":"atun","3629":"zl\u00f3 ","3630":"d\u00e9n ","3631":"\u00e1rul","3632":"esem","3633":"pon ","3634":"akin","3635":"ny\u00faj","3636":"lius","3637":"ator","3638":"hatt","3639":"der ","3640":"nget","3641":"rtan","3642":"iter","3643":"ykor","3644":"v\u00e9ke","3645":"emi ","3646":"\u00e9nys","3647":"rva ","3648":" csu","3649":"cemb","3650":"pany","3651":"l\u00e9p\u00e9","3652":"d\u00e9ly","3653":"ldi ","3654":"nta ","3655":"sid\u00f3","3656":"ogal","3657":"\u0151z\u00e9s","3658":"old\u00e1","3659":"szne","3660":"mazo","3661":"juto","3662":" ene","3663":"\u00fczem","3664":"prof","3665":"ona ","3666":" ki\u00e1","3667":"otor","3668":"g\u00e9ve","3669":"\u00e9nte","3670":"rral","3671":"est\u00e9","3672":"d\u00e1st","3673":"elys","3674":" kij","3675":" f\u0151 ","3676":"ver ","3677":"tori","3678":"\u00f6v\u00e9n","3679":"lmez","3680":"tatl","3681":" ken","3682":"r\u00e1s\u00e1","3683":"s\u00e1sz","3684":"fia ","3685":"rh\u00e1z","3686":" orv","3687":"vemb","3688":"\u00f6veg","3689":"\u00e9kez","3690":"rmes","3691":"\u00e9rez","3692":" bas","3693":"feli","3694":"gol ","3695":"rl\u00e1s","3696":" mad","3697":" pl ","3698":" dun","3699":"er\u00e9s","3700":"elv\u00e1","3701":"jes\u00ed","3702":"ev\u00e9k","3703":"t\u00edpu","3704":"tan\u00ed","3705":"kozn","3706":"rtj\u00e1","3707":"ajon","3708":"nka ","3709":" \u00f6nk","3710":"\u00edpus","3711":"men ","3712":"gatt","3713":"z\u00e9le","3714":"gett","3715":"ol\u00f3 ","3716":"\u00e9gez","3717":"vvel","3718":"egke","3719":" tri","3720":"j\u00e1r\u00f3","3721":"pata","3722":"z\u00e1m ","3723":"rosi","3724":"ozha","3725":"ntke","3726":"n\u0151s\u00e9","3727":"z\u00e9ly","3728":" pia","3729":"rhat","3730":" mac","3731":"ar\u00e1c","3732":"\u0151s\u00edt","3733":"z\u00edt\u00e9","3734":" km ","3735":"cert","3736":"onti","3737":"pel ","3738":"mbe ","3739":"h\u00e9t ","3740":"arat","3741":"\u00e1sho","3742":"epet","3743":"t\u0151le","3744":"osba","3745":"m\u00e1rc","3746":" bab","3747":"nek\u00fc","3748":"rosb","3749":"fede","3750":" vad","3751":"oha ","3752":"\u00e9ket","3753":"ci\u00e1l","3754":"ad\u00e9k","3755":"feks","3756":"\u00fcgge","3757":" rob","3758":"desz","3759":"augu","3760":"elmo","3761":"\u00e1tog","3762":"agyt","3763":"sada","3764":"\u00e1tla","3765":"dul\u00f3","3766":"\u00e1rja","3767":"ard ","3768":"dot ","3769":"ndja","3770":"\u00e9pp ","3771":"tat ","3772":"l\u00e9st","3773":" d\u00edj","3774":"ovem","3775":"rciu","3776":"java","3777":"riti","3778":"\u00e9vbe","3779":"at\u00e1t","3780":"\u00e1lom","3781":"bra ","3782":"dt\u00e1k","3783":"zel\u0151","3784":"\u00e9gig","3785":"llag","3786":"dve ","3787":"m\u00e1ju","3788":"e\u00e1ll","3789":"\u00e1s\u00e1h","3790":" gal","3791":"d\u00edto","3792":"z\u00e1ma","3793":"udni","3794":"\u0151le ","3795":"g\u00e9pe","3796":"gis ","3797":"entk","3798":"gene","3799":"v\u00e9s ","3800":"ed\u0151 ","3801":"rsad","3802":"yani","3803":"adja","3804":"zdte","3805":"kan ","3806":"ust ","3807":"lej\u00e1","3808":"lk\u00e9p","3809":"halt","3810":"tj\u00fck","3811":"\u00e1sza","3812":"ugus","3813":"chni","3814":"egek","3815":"masz","3816":"m>ig","3817":"egva","3818":"n\u00f6v\u00e9","3819":"l\u00e1t ","3820":"gybe","3821":"rfi ","3822":"oszl","3823":">ig ","3824":"\u00edtm\u00e9","3825":"tozt","3826":"t\u00e9ri","3827":"\u00e9ri ","3828":"ntar","3829":"anat","3830":"oka ","3831":"zt\u00e1k","3832":"zati","3833":"or\u00edt","3834":" pes","3835":" pat","3836":"loga","3837":"anu\u00e1","3838":" cha","3839":"esz\u00e1","3840":"z\u00f3va","3841":"bels","3842":" le\u00ed","3843":"b\u00edr\u00f3","3844":" kur","3845":"ekte","3846":"\u0151sze","3847":"appa","3848":"ombo","3849":"ll\u00e1t","3850":"megr","3851":"nyba","3852":"ike ","3853":"olcs","3854":"rmeg","3855":"burg","3856":"nul ","3857":"amos","3858":"pess","3859":"tors","3860":"\u00e9gis","3861":"v\u00e1ra","3862":"lj\u00e1r","3863":"kate","3864":" rea","3865":"piac","3866":"ort\u00e1","3867":"erze","3868":" pre","3869":"rak ","3870":"\u00e1rci","3871":"edi ","3872":"aink","3873":"ktro","3874":"\u00e9g\u00e9v","3875":"dul ","3876":"\u00e1lun","3877":"ralk","3878":"enve","3879":"ol\u00f3d","3880":"janu","3881":"lia ","3882":"el\u0151k","3883":"r\u0151s ","3884":"reme","3885":"at\u00e9r","3886":"gas ","3887":" agy","3888":"\u00f3bbi","3889":"\u00e1nk ","3890":"neme","3891":"on\u00e1l","3892":"lomb","3893":"res\u00e9","3894":"t\u00e9r ","3895":"addi","3896":"y\u00e1t ","3897":"\u00e1lj\u00e1","3898":"\u00f6vek","3899":"\u00e1zi ","3900":"sato","3901":"p\u00e9te","3902":" con","3903":"nhet","3904":"z\u00edve","3905":" bon","3906":"hett","3907":"gzet","3908":"end ","3909":"ond ","3910":"et\u00fcn","3911":" k\u00eds","3912":"arak","3913":"labd","3914":"n\u00e1ba","3915":"gaz ","3916":"gusz","3917":"risz","3918":"pill","3919":" t\u00fcn","3920":"edte","3921":" soh","3922":"csel","3923":"\u00e1nyb","3924":"madi","3925":"id\u00e9n","3926":"nteg","3927":"l\u00e9be","3928":"elfe","3929":"rgya","3930":"dj\u00e1k","3931":"eny ","3932":"rang","3933":"eink","3934":"z\u00e1st","3935":"\u00e1jus","3936":" f\u00e1j","3937":" hun","3938":"beje","3939":" dom","3940":" \u00edr\u00e1","3941":"goka","3942":"alah","3943":" t\u0171z","3944":"rezt","3945":" com","3946":"\u00e9nyb","3947":"\u00fcl\u0151 ","3948":"\u00edci\u00f3","3949":"akas","3950":"olko","3951":"egre","3952":"\u00edlus","3953":"akit","3954":" mec","3955":"kb\u0151l","3956":"dala","3957":"dtek","3958":"\u00e1lna","3959":"rolt","3960":"zt\u00fcl","3961":"tali","3962":"busz","3963":"soha","3964":"nen ","3965":"\u00e1t\u00e1s","3966":"agos","3967":"\u0171vel","3968":"ajaj","3969":"tegs","3970":"radi","3971":"lism","3972":" far","3973":"zako","3974":"yit ","3975":"inke","3976":"lap ","3977":"oszo","3978":"zakm","3979":" s\u00e1r","3980":"ommu","3981":"vas\u00e1","3982":"\u00e1j\u00e1b","3983":"bbek","3984":"kod\u00f3","3985":"muni","3986":"\u00f6r\u00f6s","3987":"\u00falyo","3988":"ethe","3989":"i\u00e1ll","3990":"foko","3991":"reg ","3992":"kt\u00edv","3993":"l\u00e1t\u00e1","3994":"szef","3995":"rili","3996":"hnik","3997":"book","3998":"vez\u0151","3999":"kt\u00f3l","4000":"zat\u00e9","4001":"tin ","4002":"dege","4003":" aza","4004":" als","4005":"zemp","4006":"les\u00e9","4007":"zve ","4008":"s\u0151t ","4009":" fas","4010":"st\u00edl","4011":"tona","4012":"ner ","4013":"ncs\u00e9","4014":"rk\u00e9p","4015":"lmat","4016":"\u00e9koz","4017":"terh","4018":"vert","4019":"\u00f6ldi","4020":"ando","4021":"onya","4022":"tts\u00e9","4023":"herc","4024":"lepe","4025":"tleg","4026":"etts","4027":"yunk","4028":"epl\u0151","4029":"gatl","4030":"\u00fczle","4031":" car","4032":"z\u00e1r\u00f3","4033":"amp ","4034":"m\u00e1st","4035":"neh\u00e9","4036":" inn","4037":"ls\u0151s","4038":"orna","4039":"nu\u00e1r","4040":" mir","4041":"h\u00e1zb","4042":"egyk","4043":"line","4044":"pril","4045":"gren","4046":"gyul","4047":"dezt","4048":"sba ","4049":"agyi","4050":"hozt","4051":" ipa","4052":"ndju","4053":"\u00e9l\u0151 ","4054":"k\u00edn\u00e1","4055":"l\u00e9k ","4056":"elin","4057":" t\u0171n","4058":"\u00edthe","4059":"sol\u00f3","4060":"pos ","4061":"tsz ","4062":"eh\u00e9z","4063":"nben","4064":"tozi","4065":"idei","4066":"l\u00e9m\u00e1","4067":"ez\u0151k","4068":"angs","4069":" asz","4070":"adna","4071":"ider","4072":"et\u0151k","4073":"egyb","4074":"reng","4075":" \u00e9ne","4076":"\u00f6lgy","4077":"ers ","4078":"\u00e9nel","4079":"bala","4080":"ocsi","4081":"\u00e9tsz","4082":"lma ","4083":"m\u00e9gi","4084":" en ","4085":"nder","4086":"t\u00edlu","4087":"\u00e9nyk","4088":"yomo","4089":"\u00e9t\u0151l","4090":"ingy","4091":"ura ","4092":"tran","4093":"kkk ","4094":" \u00e9vb","4095":"\u00e9g\u0171 ","4096":"\u0151v\u00e1r","4097":"ana ","4098":"refo","4099":"kem\u00e9","4100":"\u00e9rin","4101":"\u00e1g\u00e1t","4102":"rm\u00e1l","4103":"dolk","4104":" mus","4105":"lmon","4106":" on ","4107":"\u00e9kok","4108":"\u00e1sz ","4109":" in ","4110":"t\u00e1sr","4111":"sszu","4112":"lve ","4113":"nthe","4114":" sz\u0151","4115":"ang ","4116":"bbs\u00e9","4117":"bad ","4118":"\u00f3lag","4119":"tud ","4120":"rr\u0151l","4121":"egn\u00e9","4122":"fegy","4123":"dnek","4124":"\u0151dik","4125":"k\u00e9ne","4126":"aval","4127":"t\u00e1ba","4128":"mpon","4129":" rek","4130":"dor ","4131":"tne ","4132":"alok","4133":"tr\u00e1l","4134":"ked\u0151","4135":"atra","4136":"\u00f6lt\u00e9","4137":"ser\u00e9","4138":"\u00f6lts","4139":"tlak","4140":" amp","4141":" \u00e1tl","4142":"udva","4143":"uper","4144":"d\u00e9st","4145":"ina ","4146":" ass","4147":"\u00e1log","4148":"z\u0151k ","4149":"al\u00e9k","4150":"asta","4151":"\u00e1cs ","4152":"lsze","4153":"atha","4154":"ara ","4155":" spe","4156":"gy\u00f6n","4157":"jnos","4158":"\u00f6lde","4159":"kran","4160":"n\u00e9zn","4161":"lnap","4162":"v\u00e1rj","4163":" p\u00e9t","4164":"\u00f6dik","4165":"mba ","4166":" st\u00ed","4167":"y\u00e9b ","4168":"zonn","4169":"olha","4170":"zerb","4171":"star","4172":"zenv","4173":"\u00e9lel","4174":" t\u00e1b","4175":"holn","4176":"ramo","4177":" im\u00e1","4178":"\u00e9b\u0151l","4179":"er\u00e9n","4180":"soma","4181":"eszn","4182":"erd\u0151","4183":"t\u00f3ja","4184":"one ","4185":"j\u00fani","4186":"gyei","4187":" j\u00fan","4188":"r\u00e9t ","4189":"ler ","4190":"nh\u00e1z","4191":" vaj","4192":"elyr","4193":" ins","4194":"\u00f6n\u00f6s","4195":"rtet","4196":"lya ","4197":"dell","4198":"\u00faniu","4199":"l\u00e1no","4200":"\u00e9lek","4201":"szl\u00e1","4202":"ak\u00e9n","4203":"i\u00f3k ","4204":"kata","4205":"roso","4206":"lves","4207":"ital","4208":"lemb","4209":"y\u00e9t ","4210":"r\u0171en","4211":"u\u00e1li","4212":"rdez","4213":"gt\u00f6b","4214":" hav","4215":"sei ","4216":"udok","4217":"g\u00e9rt","4218":"g\u00e1na","4219":"\u00e1pri","4220":"post","4221":"\u00f3dot","4222":"\u00e9des","4223":" kos","4224":"krit","4225":"hib\u00e1","4226":" gyu","4227":"kont","4228":"z\u00ednh","4229":"ian ","4230":"l\u00f3s ","4231":"ssen","4232":"setl","4233":" miu","4234":"\u00f6rt\u00f6","4235":"jat ","4236":" deb","4237":" ope","4238":"h\u00e1z\u00e1","4239":"ain ","4240":"ci\u00f3t","4241":"arla","4242":"z\u00fcnk","4243":"\u00faj\u00edt","4244":"ztam","4245":"\u00e1di ","4246":"edez","4247":"zala","4248":"yedi","4249":"lenc","4250":"er\u00e9k","4251":"befo","4252":"miut","4253":"dvar","4254":"\u00f6sen","4255":"zai ","4256":"j\u00fali","4257":"n\u00e9v ","4258":"z\u00e9si","4259":" j\u00fal","4260":"alac","4261":"kiha","4262":"tess","4263":"stre","4264":"b\u00e1ny","4265":"\u00f6nt\u00f6","4266":"vel\u00e9","4267":"l\u00fcnk","4268":"en\u00e9r","4269":"tasz","4270":"aguk","4271":" \u00e1pr","4272":"atat","4273":"ztes","4274":" fac","4275":"rian","4276":"tt\u00f3l","4277":"\u00e1rd ","4278":" lef","4279":" b\u0171n","4280":"ita ","4281":"sem\u00e9","4282":"nl\u00f3 ","4283":"stor","4284":" j\u00f3z","4285":"digi","4286":"nult","4287":"gass","4288":"vita","4289":"r\u00e9ge","4290":"st\u00f3l","4291":"t\u00fcnt","4292":"s\u00e1rl","4293":" \u00fczl","4294":"r\u00e1k ","4295":" sz\u0171","4296":"\u0151ad\u00e1","4297":"\u00edr\u00f3 ","4298":"rlet","4299":"alis","4300":" dem","4301":"t\u00e9ly","4302":"ring","4303":" dis","4304":"v\u00e9n ","4305":"zkod","4306":">t\u0151l","4307":"atju","4308":"l\u0151k ","4309":"iut\u00e1","4310":"nik\u00e1","4311":"m>t\u0151","4312":"er\u0171e","4313":"zban","4314":"ides","4315":"\u00e9s\u00e9b","4316":"\u00fara ","4317":"lysz","4318":"ntha","4319":"dia ","4320":"tren","4321":" h\u00e1l","4322":"gget","4323":"tes\u00ed","4324":"uh\u00e1z","4325":"ess ","4326":"rceg","4327":"utca","4328":"mese","4329":"nato","4330":"\u00e9pen","4331":"\u00e1ny\u00ed","4332":"tj\u00e1n","4333":"err\u0151","4334":"esi ","4335":"geke","4336":"lv\u00e9t","4337":"\u00e1zba","4338":"\u00e1pol","4339":"dr\u00e1s","4340":"iii ","4341":"\u0151k\u00e9n","4342":"dekl","4343":"olaj","4344":"lben","4345":"k\u00e9re","4346":"dte ","4347":"getl","4348":"\u00e1ni ","4349":"r\u00e1sa","4350":"atin","4351":"z\u00f6ld","4352":"v\u00e1k ","4353":" fed","4354":"zlek","4355":"bbet","4356":"\u00e9ke ","4357":"vir\u00e1","4358":"szt\u00ed","4359":"kapu","4360":" rit","4361":"gyil","4362":" l\u00e1b","4363":"relm","4364":"satl","4365":"fasz","4366":"reg\u00e9","4367":"p\u00fcl\u0151","4368":"ales","4369":"z\u00fcl\u0151","4370":"ks\u00e1g","4371":"felm","4372":"lsz ","4373":"setb","4374":" lat","4375":"\u00edt\u00e9l","4376":"osto","4377":"der\u00fc","4378":"dek ","4379":"vent","4380":"odot","4381":"ntj\u00e1","4382":"lomm","4383":"k\u00e9be","4384":"rna ","4385":"arna","4386":"posz","4387":" kem","4388":"mete","4389":"lala","4390":"deo ","4391":"st\u00e1k","4392":"ntel","4393":"\u00e1z\u00e1s","4394":"ntja","4395":"\u00f6zep","4396":"toz\u00f3","4397":"lova","4398":" s\u00fal","4399":"kolc","4400":"hull","4401":"ntin","4402":"nved","4403":"zoka","4404":" tiz","4405":"kors","4406":" der","4407":" ran","4408":"lana","4409":"es\u00e9s","4410":"\u00e9s\u0171 ","4411":"usa ","4412":" pet","4413":"brit","4414":"pzel","4415":"ulla","4416":"szim","4417":"amil","4418":"im\u00e1d","4419":"j\u00e1b\u00f3","4420":"\u00fcket","4421":"t\u00f6me","4422":" net","4423":"lra ","4424":"link","4425":"p\u00edto","4426":"tebb","4427":"ica ","4428":" new","4429":"zom ","4430":"\u00e1tus","4431":" lab","4432":"okb\u00f3","4433":" alu","4434":"eted","4435":"tila","4436":"lig ","4437":"\u00e9g\u00e9r","4438":"nna ","4439":"ej\u00e1t","4440":"vast","4441":"all ","4442":"befe","4443":" s\u0151t","4444":"lyre","4445":" dr\u00e1","4446":" you","4447":"onul","4448":"alig","4449":"ini ","4450":"llot","4451":"\u00e1lln","4452":"\u00f6meg","4453":"\u00e1rak","4454":"zaz ","4455":" cs\u00fa","4456":"izot","4457":" \u0151sz","4458":"aliz","4459":"\u00e1rba","4460":"cs\u00e1n","4461":"nist","4462":"vonu","4463":"biro","4464":"sor ","4465":"lm\u00fal","4466":"m\u00e1li","4467":"dal\u00e1","4468":"feld","4469":"\u00e1zas","4470":"ecen","4471":"egbe","4472":"umok","4473":"natk","4474":"\u00f6zte","4475":"gati","4476":"gyun","4477":"\u00e1j\u00e1n","4478":"bb\u0151l","4479":"omor","4480":"data","4481":"yara","4482":"l\u00e9si","4483":"gara","4484":" dok","4485":"zono","4486":"lt\u00f6t","4487":"dvez","4488":"kt\u0151l","4489":"ebb\u0151","4490":"gv\u00e1l","4491":"misk","4492":"l\u00edti","4493":"\u00e1lyi","4494":"rik ","4495":"ngem","4496":" \u00e9de","4497":"hajl","4498":"\u00e1rt\u00e1","4499":" kkk","4500":"andi","4501":"tria","4502":"lisa","4503":"melk","4504":"len\u0151","4505":"k\u00e9ts","4506":"ilko","4507":"oder","4508":"es\u00e9l","4509":"\u00f6nt\u00e9","4510":"tya ","4511":"dos ","4512":"id\u0151b","4513":"vize","4514":"h\u00e9r ","4515":"yver","4516":"gy\u00f6r","4517":"gn\u00e9z","4518":"lm\u00e9l","4519":"gint","4520":"atj\u00e1","4521":"nkin","4522":"azi ","4523":"jen ","4524":"gyz\u00e9","4525":"basz","4526":"n\u00e9zt","4527":"romo","4528":"g\u00e9re","4529":" ahh","4530":"jekt","4531":"j\u00f3zs","4532":"jogo","4533":"gosa","4534":"boro","4535":"zokt","4536":" mal","4537":"asab","4538":"l\u00e1sh","4539":"pok ","4540":"ikke","4541":"t\u00e1bo","4542":"szke","4543":"lgok","4544":"ltot","4545":"mess","4546":"k\u00e9k ","4547":"zell","4548":"\u00f3don","4549":" bea","4550":"omag","4551":"y\u00f6rg","4552":"n\u0151tt","4553":"al\u00e1 ","4554":"kris","4555":"\u00e1zta","4556":" sch","4557":"lal ","4558":"bads","4559":"mine","4560":"enk\u00e9","4561":"fide","4562":"nda ","4563":"zt\u00edt","4564":"z\u00e1r ","4565":"ateg","4566":"inge","4567":"el\u00e9p","4568":"\u00e9rk\u00e9","4569":"f\u00fcrd","4570":" pri","4571":"face","4572":" f\u0151l","4573":"span","4574":"azaz","4575":"j\u00e1va","4576":"og\u00e1s","4577":"\u00faliu","4578":"fell","4579":"lajo","4580":"emz\u0151","4581":"ed\u00fcl","4582":" fid","4583":"tb\u00f3l","4584":"szoc","4585":"ads\u00e1","4586":"ieme","4587":"en\u00edt","4588":"z\u00edt\u0151","4589":"\u00ednh\u00e1","4590":"z\u00e1rt","4591":"nnan","4592":"yilk","4593":"agyu","4594":"fogj","4595":"nyal","4596":"\u00e1rad","4597":"de\u00f3t","4598":"zz\u00e1a","4599":"ker ","4600":"efog","4601":"f\u0151le","4602":"t\u00fara","4603":"ztan","4604":"usba","4605":"yed\u00fc","4606":" p\u00e1p","4607":"inne","4608":"ir\u00e1g","4609":"it\u00e1l","4610":"lmen","4611":"aha ","4612":"sete","4613":"szex","4614":"kel\u00e9","4615":"atio","4616":"\u00f3zse","4617":"ebre","4618":"jav\u00ed","4619":"enbe","4620":"z\u00e1ad","4621":"ejel","4622":"r\u0151s\u00ed","4623":"nan ","4624":"pat ","4625":"el\u0151b","4626":"e\u00f3t ","4627":"etil","4628":"n\u00e9zz","4629":"kn\u00e1l","4630":" vik","4631":"rad ","4632":"mnak","4633":"kozi","4634":"oksz","4635":" igy","4636":"ein ","4637":"\u00e1n\u00e1l","4638":"\u00f3la ","4639":"l\u00f3ba","4640":"yag ","4641":"red ","4642":"nev\u0171","4643":" mor","4644":"t\u0151je","4645":"elbe","4646":"eboo","4647":"z\u00e1ra","4648":"n\u00e1lu","4649":"teli","4650":"h\u00e9tv","4651":"jtot","4652":"lt\u00far","4653":"tv\u00e9g","4654":"av\u00edt","4655":"zelm","4656":"sul ","4657":"latk","4658":"g\u00edte","4659":"ev\u0171 ","4660":"szko","4661":"jsza","4662":"yal ","4663":"norm","4664":"c\u00e9lj","4665":"niku","4666":"ulm\u00e1","4667":" adj","4668":"er\u00edt","4669":"eled","4670":" col","4671":" til","4672":"ony\u00ed","4673":"oper","4674":" pas","4675":"ek\u00fcl","4676":"gadt","4677":"lget","4678":"becs","4679":"ack ","4680":"gyis","4681":"k\u00e1rt","4682":"gott","4683":"gyko","4684":"l\u00f6n\u00f6","4685":"agyj","4686":" all","4687":"lkel","4688":"skor","4689":"suk ","4690":"z\u00f6s ","4691":"kieg","4692":"\u00e9vve","4693":"ult\u00fa","4694":"k\u00e1n ","4695":"ek\u00e9n","4696":"tba ","4697":"eccs","4698":" seb","4699":"\u00e9lni","4700":"neti","4701":"engy","4702":"omos","4703":"t\u00far\u00e1","4704":"tlet","4705":"inti","4706":"\u00e9tv\u00e9","4707":"v\u00edzi","4708":"\u00e1gra","4709":"letk","4710":"tilt","4711":"lind","4712":"g\u00e9ne","4713":"old ","4714":" \u00fajs","4715":"ill ","4716":"etti","4717":"erge","4718":"rit ","4719":"\u00f6rgy","4720":"\u00faton","4721":"ogok","4722":"vetl","4723":"kiem","4724":"bk\u00e9n","4725":"m\u00e1ri","4726":"ens ","4727":"gnek","4728":"\u00e9zni","4729":"dben","4730":" r\u00f6g","4731":"r\u00e1lt","4732":"t\u00e9rk","4733":"ark ","4734":"indk","4735":"v\u00e9re","4736":"bbsz","4737":"l\u00e1ts","4738":"min ","4739":"aja ","4740":"onyi","4741":"\u00f6lt ","4742":" san","4743":"ege ","4744":"yege","4745":"\u00e1na ","4746":"vaso","4747":"ndes","4748":"ezre","4749":"zsef","4750":"\u00e1rto","4751":"hara","4752":"git\u00e1","4753":" kib","4754":"utc\u00e1","4755":"\u00e9szb","4756":"ezm\u00e9","4757":"z\u00e1gi","4758":" feg","4759":"b\u00e9ke","4760":"n\u00e9ha","4761":"olj\u00e1","4762":"csok","4763":" b\u0151r","4764":"zoci","4765":"d\u00e9ge","4766":"\u0171sor","4767":" des","4768":"m\u0171so","4769":"kiv\u00e9","4770":"\u00e1ldo","4771":"\u00e1son","4772":"dai ","4773":"sebe","4774":"rkes","4775":"rus ","4776":"zut\u00e1","4777":"l\u00e1gb","4778":"lai ","4779":"\u00e1rny","4780":"ker\u00e9","4781":"id\u00f3 ","4782":"rest","4783":"dtem","4784":"szbe","4785":"ly\u00e1s","4786":"\u00f6r\u00f6m","4787":" cuk","4788":"rtes","4789":"z\u00e9n ","4790":" f\u0151v","4791":"okan","4792":"\u00f3dik","4793":"bocs","4794":" \u00e1m ","4795":" b\u0151v","4796":"zva ","4797":"z\u00edn\u00e9","4798":"arti","4799":"velt","4800":"elei","4801":" blo","4802":"z\u00f3l\u00f3","4803":" h\u00fas","4804":"pta ","4805":" \u00edr\u00f3","4806":"ppal","4807":" t\u00edp","4808":" vic","4809":"lvet","4810":"n\u00e9re","4811":"zerr","4812":"rnap","4813":"n\u00e9pe","4814":"yis ","4815":"asze","4816":"l\u00e1tn","4817":" z\u00f6l","4818":"zunk","4819":"v\u00edz ","4820":"\u00e9pez","4821":"rnet","4822":" sos","4823":" fun","4824":"eny\u00e9","4825":"\u0151nek","4826":"ndr\u00e1","4827":"ut\u00f3 ","4828":"rofi","4829":" max","4830":"ics ","4831":"tend","4832":"liz\u00e1","4833":"n\u00e1t ","4834":"l\u00e1gh","4835":"ztiv","4836":"akot","4837":"\u00fctte","4838":"\u00e1g\u00e1b","4839":"elm\u00fa","4840":"jain","4841":"ller","4842":"deje","4843":"tago","4844":" r\u00e1d","4845":" kmr","4846":"kide","4847":"rsan","4848":"mer\u0151","4849":"r\u00e9se","4850":"any\u00e1","4851":"sajt","4852":"soks","4853":"gere","4854":"gam ","4855":"kezn","4856":"gasa","4857":"\u00f6nt\u0151","4858":" to ","4859":"t\u00f6k\u00e9","4860":"\u00e9lyi","4861":"kolt","4862":"kmre","4863":"\u0151tte","4864":"ern ","4865":"y\u00e9bk","4866":"cial","4867":"uni\u00f3","4868":"li\u00e1r","4869":"\u0151sen","4870":"get\u00e9","4871":"\u00e1gga","4872":"l\u00e9rh","4873":"debr","4874":"\u0171s\u00e9g","4875":"\u00f6k\u00e9l","4876":"lt\u00e1s","4877":"akon","4878":"\u00e9zte","4879":"\u00e9vi ","4880":"\u00e9bk\u00e9","4881":"as\u00fat","4882":"abda","4883":"ikto","4884":"\u00f3rak","4885":"gatn","4886":"lli\u00e1","4887":"gk\u00f6z","4888":"\u0151seb","4889":"t\u00e1j\u00e9","4890":"oks\u00e1","4891":"vas\u00fa","4892":"tt\u0151l","4893":"ysz\u00ed","4894":"nel ","4895":"rgy ","4896":" ruh","4897":" fan","4898":" bus","4899":"t\u00e9m\u00e1","4900":"t\u00e1r\u00e1","4901":"dhet","4902":"k\u00f6t\u0151","4903":"angu","4904":" kiz","4905":" aus","4906":"hhoz","4907":"l\u00f3j\u00e1","4908":"ahho","4909":"lin ","4910":"n\u00e9m ","4911":"el\u00edt","4912":"mate","4913":" t\u00e9v","4914":"ajna","4915":"l\u0151bb","4916":"k\u00e1v\u00e9","4917":"\u00e1j\u00e9k","4918":"\u00f6ny\u00f6","4919":"nulm","4920":"eg\u00faj","4921":"\u00f6nhe","4922":"empo","4923":"\u00e1tom","4924":"nt\u0151 ","4925":"ajos","4926":"nt\u00e1l","4927":"kul\u00e1","4928":"l\u00f6n ","4929":"gs\u00e1g","4930":" \u00e9rv","4931":" b\u00e9r","4932":"brec","4933":"hord","4934":"lyok","4935":"nkba","4936":"msz\u00e9","4937":"k\u00e1j\u00e1","4938":"gom ","4939":"\u0171leg","4940":" dr ","4941":"ttan","4942":"j\u00e1nd","4943":"gula","4944":"entr","4945":"ssan","4946":"arba","4947":"rtja","4948":"h\u00e1l\u00f3","4949":"auto","4950":"et\u0151j","4951":"kite","4952":"\u0171l\u00e9s","4953":"r\u00e9s ","4954":" bec","4955":"zetn","4956":"rege","4957":"zeg\u00e9","4958":" \u00e1ta","4959":"ed\u00e9l","4960":"gosz","4961":"sztj","4962":"id\u0151k","4963":"mari","4964":"szov","4965":" \u00e1ld","4966":"t\u00e1ho","4967":"lt\u00e9r","4968":"zat\u00e1","4969":"ndom","4970":" mic","4971":"d\u0151k ","4972":"onai","4973":"ook ","4974":"zoms","4975":"inst","4976":"teti","4977":"dei ","4978":" bra","4979":"ber\u00e9","4980":"jus ","4981":"pres","4982":"v\u00e1l\u00f3","4983":"ehez","4984":" sin","4985":"mecc","4986":"\u00edn\u00e1l","4987":"ezi ","4988":"z\u00f6nh","4989":"ater","4990":"i\u00e1rd","4991":"\u00e9ksz","4992":"r\u00e9ny","4993":"zdag","4994":"l\u00e1di","4995":" bul","4996":"ldoz","4997":"d\u00e9ko","4998":"itot","4999":"sk\u00e9n"}}