{"ind":{"0":"yang","1":"dan","2":"num","3":"di","4":"ini","5":"dengan","6":"untuk","7":"dari","8":"pada","9":"dalam","10":"aku","11":"itu","12":"ada","13":"adalah","14":"tidak","15":"ke","16":"juga","17":"bisa","18":"tahun","19":"akan","20":"yg","21":"anda","22":"sebagai","23":"oleh","24":"orang","25":"tak","26":"atau","27":"dia","28":"menjadi","29":"karena","30":"kita","31":"lebih","32":"mereka","33":"tapi","34":"indonesia","35":"satu","36":"dapat","37":"banyak","38":"saya","39":"ia","40":"lagi","41":"ya","42":"saat","43":"ni","44":"sudah","45":"sama","46":"apa","47":"tersebut","48":"seperti","49":"baru","50":"jadi","51":"hari","52":"lain","53":"sebuah","54":"nak","55":"merupakan","56":"memiliki","57":"telah","58":"semua","59":"kamu","60":"kalau","61":"masih","62":"hanya","63":"harga","64":"sangat","65":"bahwa","66":"salah","67":"setelah","68":"mau","69":"beberapa","70":"kota","71":"buat","72":"harus","73":"pun","74":"dah","75":"sampai","76":"baik","77":"anak","78":"secara","79":"tu","80":"kami","81":"para","82":"bagi","83":"hal","84":"bukan","85":"aja","86":"jika","87":"namun","88":"sendiri","89":"ga","90":"besar","91":"pernah","92":"jangan","93":"saja","94":"dunia","95":"seorang","96":"nama","97":"kepada","98":"atas","99":"rumah","100":"cara","101":"kau","102":"kalo","103":"dua","104":"the","105":"pertama","106":"kemudian","107":"nya","108":"kali","109":"membuat","110":"waktu","111":"kata","112":"gak","113":"tempat","114":"la","115":"masa","116":"ketika","117":"sekarang","118":"negara","119":"antara","120":"bahasa","121":"online","122":"boleh","123":"air","124":"lalu","125":"hingga","126":"menggunakan","127":"serta","128":"paling","129":"kan","130":"diri","131":"udah","132":"mana","133":"tentang","134":"mulai","135":"kembali","136":"belum","137":"dulu","138":"selalu","139":"terus","140":"lah","141":"kerja","142":"lainnya","143":"melakukan","144":"maka","145":"allah","146":"bagian","147":"selama","148":"daerah","149":"setiap","150":"yaitu","151":"bersama","152":"jalan","153":"memang","154":"hidup","155":"masuk","156":"melalui","157":"agar","158":"mungkin","159":"suka","160":"bulan","161":"sehingga","162":"film","163":"masyarakat","164":"punya","165":"tau","166":"je","167":"hati","168":"desa","169":"makan","170":"bila","171":"lama","172":"selain","173":"lagu","174":"sejak","175":"terbaru","176":"berbagai","177":"jakarta","178":"rasa","179":"ingin","180":"tetap","181":"langsung","182":"tanpa","183":"manusia","184":"of","185":"pemerintah","186":"video","187":"digunakan","188":"cukup","189":"suatu","190":"tetapi","191":"sebelum","192":"terjadi","193":"in","194":"tinggi","195":"kedua","196":"jam","197":"informasi","198":"kecil","199":"murah","200":"wilayah","201":"sedang","202":"memberikan","203":"dilakukan","204":"sekitar","205":"tim","206":"sekali","207":"akhirnya","208":"produk","209":"tahu","210":"gue","211":"pagi","212":"terhadap","213":"banget","214":"sih","215":"tengah","216":"perlu","217":"semoga","218":"tanggal","219":"sering","220":"perusahaan","221":"amp","222":"terbaik","223":"beli","224":"malam","225":"sekolah","226":"si","227":"sebab","228":"berada","229":"bahkan","230":"kabupaten","231":"macam","232":"hasil","233":"barat","234":"kenapa","235":"kena","236":"org","237":"and","238":"awal","239":"siapa","240":"penting","241":"luar","242":"depan","243":"jual","244":"jenis","245":"wanita","246":"nanti","247":"presiden","248":"jawa","249":"ibu","250":"dgn","251":"termasuk","252":"sistem","253":"timur","254":"mata","255":"menurut","256":"tp","257":"seluruh","258":"pasti","259":"berhasil","260":"disebut","261":"tiga","262":"sementara","263":"biasanya","264":"keluarga","265":"anggota","266":"bawah","267":"amerika","268":"mendapatkan","269":"biasa","270":"terdapat","271":"inggris","272":"bola","273":"gambar","274":"cuma","275":"pemain","276":"mudah","277":"rp","278":"dekat","279":"tidur","280":"kecamatan","281":"selamat","282":"dikenal","283":"baju","284":"utama","285":"bermain","286":"semakin","287":"website","288":"kat","289":"melihat","290":"jepang","291":"datang","292":"keluar","293":"masalah","294":"ku","295":"sakit","296":"selatan","297":"begitu","298":"membeli","299":"nasional","300":"bokep","301":"belajar","302":"islam","303":"pas","304":"cerita","305":"balik","306":"uang","307":"berikut","308":"permainan","309":"bikin","310":"tanah","311":"umum","312":"kok","313":"mampu","314":"kasih","315":"baca","316":"negeri","317":"bentuk","318":"pulau","319":"terletak","320":"perempuan","321":"kepala","322":"mobil","323":"cepat","324":"pak","325":"dimana","326":"sesuai","327":"gitu","328":"kalian","329":"cari","330":"warga","331":"tinggal","332":"perang","333":"bahan","334":"sebelumnya","335":"akhir","336":"makanan","337":"kurang","338":"utara","339":"ternyata","340":"buku","341":"program","342":"album","343":"musik","344":"rakyat","345":"jumlah","346":"lupa","347":"mempunyai","348":"an","349":"jauh","350":"lewat","351":"foto","352":"kesehatan","353":"mengenai","354":"acara","355":"pendidikan","356":"main","357":"cinta","358":"pihak","359":"judi","360":"no","361":"biar","362":"khusus","363":"kelas","364":"berbeda","365":"pergi","366":"bernama","367":"musim","368":"pusat","369":"proses","370":"usaha","371":"tangan","372":"tubuh","373":"kerajaan","374":"maupun","375":"nih","376":"mengatakan","377":"bekerja","378":"situs","379":"hukum","380":"bagaimana","381":"mencari","382":"badan","383":"sebagian","384":"juta","385":"universitas","386":"panjang","387":"sini","388":"obat","389":"klik","390":"pula","391":"gua","392":"politik","393":"agama","394":"to","395":"sedikit","396":"dr","397":"terlalu","398":"membantu","399":"pake","400":"raja","401":"muda","402":"kini","403":"laut","404":"kulit","405":"berarti","406":"warna","407":"kegiatan","408":"terima","409":"siap","410":"pria","411":"pakai","412":"hahaha","413":"walaupun","414":"merasa","415":"bidang","416":"soal","417":"terakhir","418":"nyaman","419":"malah","420":"kuat","421":"sedangkan","422":"tadi","423":"utk","424":"penduduk","425":"berita","426":"ilmu","427":"provinsi","428":"ikut","429":"muncul","430":"eh","431":"data","432":"bgt","433":"bagus","434":"game","435":"gw","436":"menteri","437":"apakah","438":"putih","439":"suara","440":"nk","441":"bisnis","442":"buah","443":"benar","444":"cek","445":"serikat","446":"media","447":"daftar","448":"kasus","449":"resmi","450":"surat","451":"asal","452":"berasal","453":"kak","454":"padahal","455":"minggu","456":"motor","457":"sebenarnya","458":"mengalami","459":"cantik","460":"luas","461":"contoh","462":"mcm","463":"iya","464":"barang","465":"jerman","466":"alam","467":"pilihan","468":"tuhan","469":"adanya","470":"jelas","471":"seseorang","472":"mati","473":"pasar","474":"terlihat","475":"makin","476":"naik","477":"nomor","478":"liat","479":"terdiri","480":"memilih","481":"terkenal","482":"sayang","483":"kaya","484":"model","485":"kelompok","486":"menarik","487":"karakter","488":"coba","489":"tuh","490":"meskipun","491":"sang","492":"pt","493":"segera","494":"sejumlah","495":"disini","496":"tingkat","497":"lokasi","498":"emang","499":"ekonomi","500":"bangsa","501":"agen","502":"takut","503":"tentu","504":"aman","505":"bakal","506":"mencapai","507":"gini","508":"demikian","509":"sumber","510":"pasukan","511":"berdasarkan","512":"posisi","513":"sungai","514":"kondisi","515":"ketua","516":"pemerintahan","517":"guru","518":"berat","519":"dirinya","520":"hampir","521":"sejarah","522":"minta","523":"km","524":"dasar","525":"teman","526":"udara","527":"belanda","528":"perancis","529":"jokowi","530":"as","531":"nilai","532":"sebelah","533":"tiba","534":"terkait","535":"terutama","536":"sampe","537":"mas","538":"asli","539":"lihat","540":"on","541":"raya","542":"kantor","543":"pengen","544":"marketplace","545":"daripada","546":"betul","547":"misalnya","548":"zaman","549":"penuh","550":"mendapat","551":"korban","552":"bilang","553":"sana","554":"kehidupan","555":"lepas","556":"pembangunan","557":"tiap","558":"lu","559":"percaya","560":"maaf","561":"menerima","562":"penyakit","563":"tua","564":"habis","565":"sosial","566":"benda","567":"dianggap","568":"hubungan","569":"at","570":"proyek","571":"buka","572":"download","573":"artikel","574":"karya","575":"merah","576":"empat","577":"teknologi","578":"versi","579":"kaki","580":"april","581":"yakni","582":"segala","583":"sepatu","584":"dibuat","585":"sesuatu","586":"membawa","587":"aplikasi","588":"menemukan","589":"orangorang","590":"susah","591":"twitter","592":"lahir","593":"malaysia","594":"de","595":"lg","596":"jiwa","597":"mesin","598":"bandar","599":"time","600":"menyebabkan","601":"wisata","602":"toko","603":"me","604":"nonton","605":"kesempatan","606":"semangat","607":"namanya","608":"bank","609":"internasional","610":"al","611":"terbesar","612":"muka","613":"ii","614":"menuju","615":"hitam","616":"menang","617":"alat","618":"sm","619":"tengok","620":"partai","621":"poker","622":"klo","623":"kadang","624":"sebesar","625":"belakang","626":"akun","627":"mei","628":"gelar","629":"haha","630":"ikan","631":"kartu","632":"tepat","633":"sebanyak","634":"wa","635":"tujuan","636":"duit","637":"sempat","638":"so","639":"berubah","640":"mahasiswa","641":"jgn","642":"apalagi","643":"sukses","644":"you","645":"mengambil","646":"new","647":"korea","648":"dong","649":"apabila","650":"deh","651":"bener","652":"kereta","653":"lakukan","654":"batu","655":"jaringan","656":"nggak","657":"surabaya","658":"muslim","659":"melawan","660":"via","661":"gubernur","662":"diberikan","663":"wkwk","664":"meski","665":"pertandingan","666":"agustus","667":"gereja","668":"ketiga","669":"cakap","670":"kawasan","671":"gimana","672":"usia","673":"eropa","674":"for","675":"daya","676":"abad","677":"sbb","678":"jd","679":"selanjutnya","680":"gunung","681":"perubahan","682":"organisasi","683":"lima","684":"alasan","685":"tertentu","686":"mencoba","687":"bangun","688":"ingat","689":"ditemukan","690":"enak","691":"pasangan","692":"darah","693":"bali","694":"meninggal","695":"kapal","696":"ayam","697":"diskon","698":"demi","699":"sedih","700":"industri","701":"ah","702":"hotel","703":"gratis","704":"maret","705":"sma","706":"ka","707":"pulak","708":"sehat","709":"bandung","710":"katanya","711":"udh","712":"tugas","713":"layanan","714":"gt","715":"suku","716":"november","717":"alhamdulillah","718":"memberi","719":"sambil","720":"tanya","721":"januari","722":"panas","723":"operasi","724":"kebutuhan","725":"ruang","726":"bumi","727":"minyak","728":"september","729":"keadaan","730":"sepanjang","731":"juli","732":"internet","733":"penggunaan","734":"info","735":"mah","736":"kekuatan","737":"tokoh","738":"kawan","739":"ialah","740":"per","741":"oktober","742":"terpercaya","743":"asia","744":"meningkatkan","745":"menunjukkan","746":"milik","747":"perjalanan","748":"lingkungan","749":"desember","750":"umumnya","751":"komputer","752":"liga","753":"pasal","754":"wajah","755":"up","756":"duduk","757":"temen","758":"menit","759":"keras","760":"juni","761":"produksi","762":"gamis","763":"mesti","764":"bahagia","765":"is","766":"guna","767":"biaya","768":"pukul","769":"jawab","770":"sulit","771":"tolong","772":"dana","773":"pekerjaan","774":"da","775":"indah","776":"polisi","777":"bunga","778":"nah","779":"dm","780":"rendah","781":"hujan","782":"tv","783":"aceh","784":"mantan","785":"lo","786":"pesawat","787":"kemampuan","788":"rambut","789":"budaya","790":"persen","791":"jatuh","792":"kisah","793":"jg","794":"calon","795":"yuk","796":"mengikuti","797":"senang","798":"akibat","799":"berusaha","800":"dh","801":"mendukung","802":"bapak","803":"pulang","804":"api","805":"tokopedia","806":"juara","807":"pilih","808":"berapa","809":"ja","810":"menghasilkan","811":"promo","812":"rasanya","813":"prediksi","814":"meraih","815":"sisi","816":"membangun","817":"arah","818":"bantuan","819":"kemenangan","820":"hilang","821":"lazada","822":"lengkap","823":"nasi","824":"pantai","825":"istri","826":"gaya","827":"hak","828":"minum","829":"bangunan","830":"kaum","831":"dlm","832":"member","833":"wakil","834":"tunggu","835":"grup","836":"bergabung","837":"berkembang","838":"pemimpin","839":"dapatkan","840":"taruhan","841":"angka","842":"apapun","843":"mu","844":"bukalapak","845":"semuanya","846":"area","847":"dimulai","848":"dokter","849":"listrik","850":"karna","851":"berharap","852":"kalah","853":"pengguna","854":"menjaga","855":"sekaligus","856":"marah","857":"saling","858":"membuka","859":"kayak","860":"inilah","861":"meminta","862":"bintang","863":"membaca","864":"hp","865":"hutan","866":"ahli","867":"menyatakan","868":"periode","869":"berjalan","870":"lanjut","871":"turun","872":"gagal","873":"set","874":"drama","875":"ko","876":"kamar","877":"diketahui","878":"hadir","879":"itulah","880":"berupa","881":"jalur","882":"stasiun","883":"keputusan","884":"anakanak","885":"ak","886":"paket","887":"lembaga","888":"masingmasing","889":"my","890":"desain","891":"alami","892":"kek","893":"istilah","894":"sabar","895":"ramai","896":"tampil","897":"jugak","898":"membentuk","899":"klub","900":"hahahaha","901":"sultan","902":"gerakan","903":"butuh","904":"menikah","905":"kopi","906":"mengetahui","907":"nampak","908":"menulis","909":"mak","910":"siang","911":"ulang","912":"tenaga","913":"pon","914":"ma","915":"februari","916":"dibawah","917":"beliau","918":"berikan","919":"isi","920":"taman","921":"dibangun","922":"mohon","923":"penghargaan","924":"ataupun","925":"buruk","926":"tentara","927":"militer","928":"menyediakan","929":"otak","930":"berlangsung","931":"republik","932":"olahraga","933":"diberi","934":"yaa","935":"keuangan","936":"bertemu","937":"didirikan","938":"selesai","939":"pesan","940":"kebanyakan","941":"titik","942":"ukuran","943":"hai","944":"tips","945":"arab","946":"laki","947":"lelaki","948":"togel","949":"putra","950":"bebas","951":"seni","952":"bang","953":"sikit","954":"berdiri","955":"iklan","956":"bayi","957":"pribadi","958":"best","959":"bertahan","960":"kualitas","961":"gila","962":"cewek","963":"istana","964":"piala","965":"putri","966":"awalnya","967":"pembayaran","968":"tas","969":"medan","970":"memulai","971":"kampung","972":"total","973":"seri","974":"ayah","975":"begini","976":"pengalaman","977":"emas","978":"italia","979":"kaisar","980":"dahulu","981":"update","982":"spesifikasi","983":"gk","984":"ngga","985":"kursi","986":"pastu","987":"kabar","988":"kemungkinan","989":"sel","990":"karpet","991":"it","992":"band","993":"fungsi","994":"tni","995":"hehe","996":"keduanya","997":"populer","998":"pindah","999":"umat","1000":"mmg","1001":"modern","1002":"pohon","1003":"dpt","1004":"cocok","1005":"berwarna","1006":"langkah","1007":"by","1008":"konsep","1009":"india","1010":"teknik","1011":"sepak","1012":"paus","1013":"fitur","1014":"kapan","1015":"masjid","1016":"khususnya","1017":"agung","1018":"bekas","1019":"soalnya","1020":"kelurahan","1021":"bantu","1022":"supaya","1023":"chat","1024":"live","1025":"doa","1026":"rindu","1027":"status","1028":"mengandung","1029":"siswa","1030":"perasaan","1031":"pengembangan","1032":"suami","1033":"se","1034":"ri","1035":"penerbangan","1036":"aksi","1037":"beda","1038":"dewan","1039":"takde","1040":"muhammad","1041":"berhenti","1042":"aktif","1043":"perangkat","1044":"perkembangan","1045":"serangan","1046":"berakhir","1047":"pintu","1048":"jasa","1049":"mimpi","1050":"bandara","1051":"abis","1052":"sederhana","1053":"adik","1054":"tentunya","1055":"manajemen","1056":"umur","1057":"memutuskan","1058":"artinya","1059":"perhatian","1060":"final","1061":"ribu","1062":"memperoleh","1063":"kendaraan","1064":"agak","1065":"jaga","1066":"wajib","1067":"vs","1068":"trus","1069":"besok","1070":"android","1071":"pelayanan","1072":"berani","1073":"dijadikan","1074":"bukti","1075":"bogor","1076":"mirip","1077":"yah","1078":"menghadapi","1079":"efek","1080":"manfaat","1081":"khas","1082":"kenal","1083":"anaknya","1084":"meninggalkan","1085":"dipakai","1086":"doang","1087":"budak","1088":"tradisional","1089":"sd","1090":"kpk","1091":"kekuasaan","1092":"sadar","1093":"esok","1094":"mandi","1095":"web","1096":"mengaku","1097":"smp","1098":"skrg","1099":"manis","1100":"melayu","1101":"bayar","1102":"membutuhkan","1103":"kejadian","1104":"sumpah","1105":"energi","1106":"dirilis","1107":"kehilangan","1108":"peserta","1109":"oh","1110":"kuliah","1111":"laporan","1112":"lokal","1113":"penelitian","1114":"tersedia","1115":"spesial","1116":"mahal","1117":"modal","1118":"lucu","1119":"kalimantan","1120":"positif","1121":"rencana","1122":"jumpa","1123":"rm","1124":"dewasa","1125":"dibandingkan","1126":"australia","1127":"fasilitas","1128":"kemarin","1129":"yakin","1130":"keuntungan","1131":"bupati","1132":"salam","1133":"jarang","1134":"tanda","1135":"sahabat","1136":"like","1137":"lawan","1138":"kode","1139":"kayu","1140":"tumbuh","1141":"terasa","1142":"kunci","1143":"google","1144":"meter","1145":"teh","1146":"menjelaskan","1147":"blog","1148":"berikutnya","1149":"pertempuran","1150":"terlebih","1151":"serial","1152":"post","1153":"tdk","1154":"amat","1155":"ye","1156":"tiket","1157":"peran","1158":"memenuhi","1159":"burung","1160":"ig","1161":"cm","1162":"televisi","1163":"kot","1164":"asing","1165":"kematian","1166":"cina","1167":"paham","1168":"banjir","1169":"kebijakan","1170":"abg","1171":"hijau","1172":"unik","1173":"wib","1174":"menunggu","1175":"puasa","1176":"sy","1177":"gol","1178":"pajak","1179":"kamera","1180":"serius","1181":"discount","1182":"era","1183":"berjudul","1184":"bergerak","1185":"silahkan","1186":"diambil","1187":"komunikasi","1188":"dimiliki","1189":"indo","1190":"terbuka","1191":"unit","1192":"mari","1193":"radio","1194":"bawa","1195":"pelaku","1196":"gedung","1197":"fokus","1198":"diam","1199":"pertemuan","1200":"ambil","1201":"min","1202":"gigi","1203":"mengapa","1204":"daun","1205":"kecuali","1206":"kakak","1207":"asam","1208":"papua","1209":"susu","1210":"tahan","1211":"standar","1212":"tweet","1213":"jenderal","1214":"berlaku","1215":"bodoh","1216":"menciptakan","1217":"maju","1218":"hewan","1219":"keren","1220":"kira","1221":"tisu","1222":"generasi","1223":"sibuk","1224":"senjata","1225":"jaya","1226":"tipe","1227":"publik","1228":"peraturan","1229":"saudara","1230":"harapan","1231":"dinas","1232":"aktivitas","1233":"tanaman","1234":"memakai","1235":"awak","1236":"dewa","1237":"tindakan","1238":"ketemu","1239":"suruh","1240":"jabatan","1241":"laga","1242":"or","1243":"jarak","1244":"dukungan","1245":"pikiran","1246":"bingung","1247":"hebat","1248":"mbak","1249":"malu","1250":"menentukan","1251":"kristen","1252":"pemuda","1253":"tambahan","1254":"upaya","1255":"dijual","1256":"flanel","1257":"komunitas","1258":"diatas","1259":"ok","1260":"mengeluarkan","1261":"mengembangkan","1262":"garis","1263":"remaja","1264":"menikmati","1265":"free","1266":"satunya","1267":"keamanan","1268":"penulis","1269":"tk","1270":"justru","1271":"kesalahan","1272":"laa","1273":"benarbenar","1274":"suci","1275":"menjual","1276":"peluang","1277":"dpr","1278":"nabi","1279":"urusan","1280":"kalangan","1281":"diterima","1282":"episode","1283":"city","1284":"okay","1285":"mulut","1286":"distrik","1287":"malas","1288":"penyanyi","1289":"mendirikan","1290":"tangga","1291":"gunakan","1292":"kanan","1293":"perbedaan","1294":"situasi","1295":"bin","1296":"kementerian","1297":"nangis","1298":"digital","1299":"keturunan","1300":"selangor","1301":"pemilihan","1302":"one","1303":"pertumbuhan","1304":"angkatan","1305":"pulsa","1306":"dingin","1307":"sore","1308":"memenangkan","1309":"loh","1310":"enam","1311":"pimpinan","1312":"pertanian","1313":"mengubah","1314":"all","1315":"berusia","1316":"super","1317":"pos","1318":"bermanfaat","1319":"games","1320":"ngentot","1321":"ha","1322":"ayahnya","1323":"pacar","1324":"solo","1325":"faktor","1326":"dilihat","1327":"tertinggi","1328":"pendek","1329":"facebook","1330":"alias","1331":"korang","1332":"menjabat","1333":"alamat","1334":"sifat","1335":"dapet","1336":"ama","1337":"memainkan","1338":"menjadikan","1339":"pejabat","1340":"yunani","1341":"lowongan","1342":"hadiah","1343":"lapangan","1344":"aliran","1345":"bareng","1346":"yogyakarta","1347":"ayo","1348":"harap","1349":"tenang","1350":"artis","1351":"aneh","1352":"ayat","1353":"metode","1354":"bu","1355":"sampah","1356":"gadis","1357":"perut","1358":"mama","1359":"transaksi","1360":"perdana","1361":"dipimpin","1362":"bersih","1363":"menyerang","1364":"order","1365":"janji","1366":"kl","1367":"teori","1368":"laptop","1369":"lintas","1370":"be","1371":"krn","1372":"layar","1373":"ujian","1374":"gas","1375":"ibukota","1376":"katolik","1377":"pengetahuan","1378":"dki","1379":"nasib","1380":"ahok","1381":"rt","1382":"last","1383":"email","1384":"padang","1385":"masak","1386":"tulisan","1387":"group","1388":"pangeran","1389":"kt","1390":"ujung","1391":"do","1392":"poin","1393":"kucing","1394":"berbentuk","1395":"ujar","1396":"ganti","1397":"masing","1398":"ajang","1399":"tutup","1400":"walau","1401":"antaranya","1402":"kiri","1403":"nyata","1404":"spanyol","1405":"tambah","1406":"paris","1407":"ditulis","1408":"sikap","1409":"jantung","1410":"real","1411":"but","1412":"halaman","1413":"pm","1414":"malang","1415":"petani","1416":"covid","1417":"fisik","1418":"pabrik","1419":"judul","1420":"rusia","1421":"koleksi","1422":"tgk","1423":"dll","1424":"bersifat","1425":"sulawesi","1426":"memimpin","1427":"pakaian","1428":"samping","1429":"berisi","1430":"turut","1431":"lampung","1432":"jawaban","1433":"makanya","1434":"memasuki","1435":"meja","1436":"sepeda","1437":"menu","1438":"dok","1439":"kuala","1440":"tewas","1441":"normal","1442":"studi","1443":"bulu","1444":"disebabkan","1445":"rapat","1446":"target","1447":"daging","1448":"penjualan","1449":"terbang","1450":"sabtu","1451":"tahap","1452":"lari","1453":"tampak","1454":"tata","1455":"miliar","1456":"stadion","1457":"kampus","1458":"link","1459":"bekasi","1460":"dengar","1461":"terpilih","1462":"dibutuhkan","1463":"puncak","1464":"gaji","1465":"share","1466":"ide","1467":"korupsi","1468":"strategi","1469":"melaksanakan","1470":"semalam","1471":"perpustakaan","1472":"day","1473":"kg","1474":"bro","1475":"sis","1476":"stock","1477":"roma","1478":"with","1479":"line","1480":"prabowo","1481":"pelajar","1482":"maskapai","1483":"this","1484":"meliputi","1485":"fakultas","1486":"latihan","1487":"telepon","1488":"matahari","1489":"mendengar","1490":"diduga","1491":"biru","1492":"diantaranya","1493":"peristiwa","1494":"seru","1495":"smartphone","1496":"full","1497":"lulus","1498":"kimia","1499":"mengurangi","1500":"semarang","1501":"ajak","1502":"tuan","1503":"jembatan","1504":"single","1505":"majalah","1506":"ulama","1507":"mengecek","1508":"terlibat","1509":"ketersediaan","1510":"pelanggan","1511":"ponsel","1512":"lancar","1513":"setengah","1514":"nantinya","1515":"pembuatan","1516":"gara","1517":"menolak","1518":"happy","1519":"kain","1520":"pandai","1521":"tergantung","1522":"melanjutkan","1523":"berkata","1524":"mencegah","1525":"pengaruh","1526":"anti","1527":"izin","1528":"kirim","1529":"babak","1530":"km\u00b2","1531":"silakan","1532":"belanja","1533":"menjalankan","1534":"potensi","1535":"aturan","1536":"pernikahan","1537":"pertanyaan","1538":"penampilan","1539":"sengaja","1540":"festival","1541":"hm","1542":"mengatasi","1543":"john","1544":"rezeki","1545":"sorang","1546":"penyebab","1547":"komisi","1548":"dibuka","1549":"es","1550":"kampanye","1551":"langit","1552":"tenggara","1553":"menyebut","1554":"memahami","1555":"lahan","1556":"follow","1557":"roda","1558":"peningkatan","1559":"imam","1560":"first","1561":"jadwal","1562":"china","1563":"luka","1564":"perjanjian","1565":"meningkat","1566":"entah","1567":"israel","1568":"menambah","1569":"afrika","1570":"streaming","1571":"wah","1572":"menambahkan","1573":"saham","1574":"open","1575":"level","1576":"next","1577":"bakar","1578":"bonus","1579":"terbukti","1580":"dibawa","1581":"virus","1582":"bicara","1583":"perjuangan","1584":"arti","1585":"tema","1586":"berguna","1587":"direktur","1588":"home","1589":"pencarian","1590":"abang","1591":"hi","1592":"hmm","1593":"kecepatan","1594":"situ","1595":"pekan","1596":"membunuh","1597":"kompetisi","1598":"love","1599":"sempurna","1600":"man","1601":"pasien","1602":"menyampaikan","1603":"harini","1604":"guys","1605":"sehari","1606":"plus","1607":"enggak","1608":"melewatkan","1609":"komentar","1610":"kuno","1611":"tpi","1612":"berbasis","1613":"pegawai","1614":"angin","1615":"batik","1616":"tulang","1617":"perdagangan","1618":"bukit","1619":"windows","1620":"sumatera","1621":"departemen","1622":"akses","1623":"pendapat","1624":"dikatakan","1625":"seharusnya","1626":"kredit","1627":"fakta","1628":"penat","1629":"menyelesaikan","1630":"berhubungan","1631":"wkwkwk","1632":"tetep","1633":"ditambah","1634":"putus","1635":"global","1636":"pemenang","1637":"setia","1638":"merasakan","1639":"solusi","1640":"lampu","1641":"mulu","1642":"liburan","1643":"singapura","1644":"casino","1645":"telur","1646":"penonton","1647":"kategori","1648":"berbicara","1649":"mengalahkan","1650":"bus","1651":"rekaman","1652":"hasilnya","1653":"sri","1654":"sebut","1655":"kering","1656":"dalamnya","1657":"struktur","1658":"ali","1659":"catatan","1660":"menawarkan","1661":"bersyukur","1662":"pariwisata","1663":"lumpur","1664":"ciri","1665":"original","1666":"pandangan","1667":"united","1668":"kebudayaan","1669":"world","1670":"cahaya","1671":"vitamin","1672":"cuman","1673":"pikir","1674":"cowok","1675":"beragam","1676":"herbal","1677":"news","1678":"go","1679":"tol","1680":"setidaknya","1681":"dilengkapi","1682":"pelatih","1683":"temukan","1684":"diangkat","1685":"pola","1686":"kontrak","1687":"pengunjung","1688":"minuman","1689":"lakilaki","1690":"peringkat","1691":"lantai","1692":"terkadang","1693":"menimbulkan","1694":"kepercayaan","1695":"berpikir","1696":"hahahahaha","1697":"kosong","1698":"anggaran","1699":"menyebutkan","1700":"pemilu","1701":"ntar","1702":"jaman","1703":"ade","1704":"senin","1705":"sedap","1706":"menguasai","1707":"berjuang","1708":"cuba","1709":"lemak","1710":"rahasia","1711":"singkat","1712":"untung","1713":"niat","1714":"kuning","1715":"dipilih","1716":"batas","1717":"list","1718":"start","1719":"sesungguhnya","1720":"setuju","1721":"peduli","1722":"mending","1723":"menjalani","1724":"minat","1725":"kemerdekaan","1726":"mengunjungi","1727":"pemilik","1728":"petugas","1729":"konflik","1730":"terimakasih","1731":"gangguan","1732":"pasir","1733":"goreng","1734":"ditetapkan","1735":"ki","1736":"call","1737":"miskin","1738":"ringan","1739":"kanker","1740":"pelajaran","1741":"kepentingan","1742":"cabang","1743":"honda","1744":"satusatunya","1745":"pelaksanaan","1746":"keinginan","1747":"madrid","1748":"cewe","1749":"bukanlah","1750":"lambat","1751":"kalinya","1752":"ba","1753":"mengatur","1754":"weh","1755":"profesional","1756":"materi","1757":"sepertinya","1758":"ckp","1759":"uu","1760":"parah","1761":"tradisi","1762":"sebagaimana","1763":"aktor","1764":"dikirim","1765":"makhluk","1766":"mengingat","1767":"jl","1768":"top","1769":"pesta","1770":"gampang","1771":"wali","1772":"kotak","1773":"nikah","1774":"diterbitkan","1775":"blm","1776":"diharapkan","1777":"sdh","1778":"bencana","1779":"international","1780":"antar","1781":"mental","1782":"pertahanan","1783":"kangen","1784":"danau","1785":"dinding","1786":"musuh","1787":"syarat","1788":"halhal","1789":"ajaran","1790":"banjar","1791":"asian","1792":"isu","1793":"tiada","1794":"layan","1795":"layak","1796":"penumpang","1797":"malem","1798":"puas","1799":"jahat","1800":"melayani","1801":"keberadaan","1802":"mempertahankan","1803":"kepulauan","1804":"pro","1805":"prof","1806":"keempat","1807":"konser","1808":"pengusaha","1809":"polres","1810":"telkomsel","1811":"dinasti","1812":"lebar","1813":"reaksi","1814":"berbagi","1815":"konsumen","1816":"ruangan","1817":"file","1818":"penjelasan","1819":"maksimal","1820":"am","1821":"huruf","1822":"gula","1823":"rock","1824":"anime","1825":"suhu","1826":"kebaikan","1827":"that","1828":"tukang","1829":"instagram","1830":"admin","1831":"unsur","1832":"memungkinkan","1833":"prestasi","1834":"dibentuk","1835":"coklat","1836":"pasang","1837":"setempat","1838":"lomba","1839":"murid","1840":"naskah","1841":"mundur","1842":"babi","1843":"kitab","1844":"ratu","1845":"tujuh","1846":"berfungsi","1847":"sekian","1848":"adat","1849":"sipil","1850":"sobat","1851":"letak","1852":"contohnya","1853":"kesulitan","1854":"rasfur","1855":"mp","1856":"karyawan","1857":"perintah","1858":"ala","1859":"tulis","1860":"mandiri","1861":"gatau","1862":"timnas","1863":"melainkan","1864":"sms","1865":"terkena","1866":"berkualitas","1867":"diperlukan","1868":"saluran","1869":"sungguh","1870":"serupa","1871":"investasi","1872":"berperan","1873":"faham","1874":"fans","1875":"usah","1876":"cuti","1877":"dilahirkan","1878":"mengadakan","1879":"menganggap","1880":"good","1881":"bosan","1882":"undangundang","1883":"terbatas","1884":"aq","1885":"from","1886":"yahudi","1887":"anjing","1888":"youtube","1889":"ekor","1890":"beneran","1891":"reply","1892":"mo","1893":"nusantara","1894":"diadakan","1895":"story","1896":"dosen","1897":"merk","1898":"engkau","1899":"london","1900":"risiko","1901":"abu","1902":"novel","1903":"permukaan","1904":"pilkada","1905":"rusak","1906":"nanya","1907":"non","1908":"komik","1909":"out","1910":"sebaliknya","1911":"pertengahan","1912":"besi","1913":"lho","1914":"jumat","1915":"melahirkan","1916":"san","1917":"membuatnya","1918":"uni","1919":"keseluruhan","1920":"tiongkok","1921":"seneng","1922":"trs","1923":"melewati","1924":"still","1925":"kala","1926":"make","1927":"sebaiknya","1928":"berkaitan","1929":"team","1930":"dosa","1931":"terminal","1932":"pemeriksaan","1933":"review","1934":"tersangka","1935":"setahun","1936":"minimal","1937":"dilaksanakan","1938":"gelap","1939":"uda","1940":"haji","1941":"jujur","1942":"menara","1943":"bukannya","1944":"sekitarnya","1945":"menangis","1946":"angkat","1947":"caranya","1948":"arus","1949":"menampilkan","1950":"pekerja","1951":"dukung","1952":"lebaran","1953":"kah","1954":"ad","1955":"jodoh","1956":"hidupnya","1957":"menggantikan","1958":"semacam","1959":"kerana","1960":"negaranegara","1961":"event","1962":"kaca","1963":"takkan","1964":"panggil","1965":"kertas","1966":"tes","1967":"dirimu","1968":"skor","1969":"cuci","1970":"gerbang","1971":"buang","1972":"oke","1973":"menilai","1974":"ratarata","1975":"pedagang","1976":"pendukung","1977":"pendapatan","1978":"dikarenakan","1979":"hamil","1980":"bau","1981":"tertarik","1982":"memanfaatkan","1983":"infeksi","1984":"konsumsi","1985":"efektif","1986":"kuda","1987":"pi","1988":"perawatan","1989":"then","1990":"kebiasaan","1991":"disana","1992":"ganteng","1993":"sia","1994":"beserta","1995":"jari","1996":"part","1997":"bertugas","1998":"dikembangkan","1999":"rabu","2000":"jurusan","2001":"forex","2002":"mendorong","2003":"mengisi","2004":"binatang","2005":"bos","2006":"menghilangkan","2007":"thailand","2008":"wartawan","2009":"domino","2010":"sgt","2011":"amin","2012":"membahas","2013":"pernyataan","2014":"tunggal","2015":"upacara","2016":"kumpulan","2017":"terang","2018":"cenderung","2019":"ribuan","2020":"spesies","2021":"harian","2022":"dg","2023":"nder","2024":"menyenangkan","2025":"ngomong","2026":"kekurangan","2027":"makna","2028":"restoran","2029":"konten","2030":"kang","2031":"perguruan","2032":"khawatir","2033":"rangka","2034":"corona","2035":"heran","2036":"na","2037":"mikir","2038":"yesus","2039":"celana","2040":"mengerti","2041":"university","2042":"dimainkan","2043":"tamu","2044":"mencintai","2045":"kelak","2046":"belakangan","2047":"misi","2048":"pengobatan","2049":"pengertian","2050":"inget","2051":"fisika","2052":"lemah","2053":"rupanya","2054":"administrasi","2055":"seringkali","2056":"samsung","2057":"harta","2058":"life","2059":"york","2060":"fikir","2061":"perak","2062":"makasih","2063":"sanggup","2064":"tekanan","2065":"tegas","2066":"kayaknya","2067":"dibilang","2068":"bertambah","2069":"kanada","2070":"diikuti","2071":"maria","2072":"kecewa","2073":"miliki","2074":"om","2075":"mencetak","2076":"huhu","2077":"bersamaan","2078":"menengah","2079":"server","2080":"service","2081":"mencakup","2082":"banten","2083":"mempelajari","2084":"microsoft","2085":"mengajak","2086":"anjir","2087":"not","2088":"bs","2089":"kunjungan","2090":"klasik","2091":"senyum","2092":"pastikan","2093":"dprd","2094":"benci","2095":"mba","2096":"beri","2097":"emg","2098":"iii","2099":"seminggu","2100":"mengumpulkan","2101":"ta","2102":"bawang","2103":"kompleks","2104":"sektor","2105":"mintak","2106":"iphone","2107":"dokumen","2108":"resep","2109":"pastinya","2110":"whatsapp","2111":"penguasa","2112":"park","2113":"gabisa","2114":"tepi","2115":"tepatnya","2116":"beras","2117":"black","2118":"swasta","2119":"memproduksi","2120":"mengenal","2121":"bunuh","2122":"us","2123":"britania","2124":"pertamanya","2125":"dusun","2126":"btw","2127":"sisa","2128":"suasana","2129":"diperkirakan","2130":"terjadinya","2131":"kue","2132":"kene","2133":"terpaksa","2134":"pokok","2135":"tido","2136":"dibanding","2137":"kandungan","2138":"iman","2139":"permintaan","2140":"pa","2141":"pendaftaran","2142":"penasaran","2143":"persiapan","2144":"bakteri","2145":"berbatasan","2146":"massa","2147":"pembelian","2148":"mini","2149":"mobile","2150":"memerlukan","2151":"solat","2152":"bertanya","2153":"tag","2154":"disampaikan","2155":"ibunya","2156":"mengangkat","2157":"st","2158":"menjawab","2159":"berangkat","2160":"menceritakan","2161":"ibadah","2162":"banyaknya","2163":"sosok","2164":"rekan","2165":"pc","2166":"rb","2167":"pintar","2168":"jerawat","2169":"maksudnya","2170":"mesir","2171":"gelombang","2172":"sholat","2173":"detail","2174":"sewaktu","2175":"doi","2176":"ngapain","2177":"pelatihan","2178":"individu","2179":"dikit","2180":"lirik","2181":"menghabiskan","2182":"ratusan","2183":"van","2184":"patut","2185":"kasi","2186":"candi","2187":"klan","2188":"seharihari","2189":"sorry","2190":"gajah","2191":"panggung","2192":"kesultanan","2193":"patah","2194":"tukar","2195":"delapan","2196":"kuota","2197":"tutorial","2198":"rata","2199":"baby","2200":"karier","2201":"melindungi","2202":"studio","2203":"kemaren","2204":"mengakibatkan","2205":"mengumumkan","2206":"fc","2207":"beruntung","2208":"ahmad","2209":"maksud","2210":"narkoba","2211":"masker","2212":"transfer","2213":"usai","2214":"istimewa","2215":"cover","2216":"negatif","2217":"hiburan","2218":"hot","2219":"tumbuhan","2220":"sarana","2221":"menghindari","2222":"puluhan","2223":"polri","2224":"cowo","2225":"support","2226":"engga","2227":"perkara","2228":"just","2229":"kamis","2230":"menurutnya","2231":"dipercaya","2232":"riau","2233":"didukung","2234":"bawak","2235":"museum","2236":"was","2237":"lt","2238":"hoax","2239":"biji","2240":"mula","2241":"cuaca","2242":"li","2243":"dkt","2244":"alternatif","2245":"keterangan","2246":"ramadhan","2247":"plastik","2248":"seiring","2249":"sofa","2250":"dipanggil","2251":"tanjung","2252":"tanggung","2253":"more","2254":"tante","2255":"dampak","2256":"kebahagiaan","2257":"mengakui","2258":"siaran","2259":"membayar","2260":"bendera","2261":"prinsip","2262":"please","2263":"kelebihan","2264":"nyari","2265":"utamanya","2266":"perbatasan","2267":"rupiah","2268":"sejauh","2269":"sepenuhnya","2270":"males","2271":"diperoleh","2272":"kes","2273":"le","2274":"pandang","2275":"mai","2276":"menyimpan","2277":"isinya","2278":"berkat","2279":"anies","2280":"label","2281":"kebun","2282":"belom","2283":"bg","2284":"ape","2285":"asyik","2286":"memperbaiki","2287":"even","2288":"yayasan","2289":"peringatan","2290":"permasalahan","2291":"otomatis","2292":"halnya","2293":"golongan","2294":"mitra","2295":"helm","2296":"pancasila","2297":"pura","2298":"we","2299":"tangerang","2300":"kelapa","2301":"libur","2302":"wujud","2303":"palsu","2304":"menahan","2305":"tarik","2306":"disebutkan","2307":"waktunya","2308":"national","2309":"ilmiah","2310":"makam","2311":"sejenis","2312":"bkn","2313":"hanyalah","2314":"terbuat","2315":"kolam","2316":"he","2317":"promosi","2318":"objek","2319":"abdul","2320":"sebutan","2321":"penjara","2322":"dibagi","2323":"penjual","2324":"kekerasan","2325":"kapasitas","2326":"detik","2327":"thread","2328":"transportasi","2329":"ngantuk","2330":"harry","2331":"hang","2332":"mengobati","2333":"sastra","2334":"merilis","2335":"adil","2336":"bocah","2337":"stop","2338":"depok","2339":"sayangnya","2340":"sapa","2341":"buatan","2342":"padat","2343":"habib","2344":"kedai","2345":"dri","2346":"sinetron","2347":"singel","2348":"kelahiran","2349":"sok","2350":"ditangkap","2351":"pengelolaan","2352":"matematika","2353":"dlu","2354":"wow","2355":"sepi","2356":"lumayan","2357":"latin","2358":"makassar","2359":"edisi","2360":"selasa","2361":"mayoritas","2362":"menggambarkan","2363":"halo","2364":"demokrasi","2365":"raksasa","2366":"harusnya","2367":"nyanyi","2368":"hehehe","2369":"bilik","2370":"segar","2371":"asuransi","2372":"terpisah","2373":"kecelakaan","2374":"sebulan","2375":"sinyal","2376":"urutan","2377":"kinerja","2378":"gejala","2379":"power","2380":"roti","2381":"pengiriman","2382":"segi","2383":"disediakan","2384":"tersendiri","2385":"rajin","2386":"pelabuhan","2387":"saraf","2388":"memegang","2389":"sembuh","2390":"dinamakan","2391":"termurah","2392":"ujarnya","2393":"sa","2394":"phone","2395":"iv","2396":"ucapan","2397":"mi","2398":"toyota","2399":"sex","2400":"master","2401":"dimaksud","2402":"sekalian","2403":"fb","2404":"dada","2405":"pusing","2406":"kadangkadang","2407":"jambi","2408":"persatuan","2409":"favorit","2410":"seleksi","2411":"kemana","2412":"saran","2413":"kalimat","2414":"halus","2415":"melibatkan","2416":"milan","2417":"sinar","2418":"smk","2419":"terbentuk","2420":"payah","2421":"sebagainya","2422":"jangka","2423":"liverpool","2424":"shah","2425":"dewi","2426":"damai","2427":"sebenernya","2428":"hobi","2429":"try","2430":"komen","2431":"telinga","2432":"pers","2433":"pegunungan","2434":"grosir","2435":"perawan","2436":"bela","2437":"romawi","2438":"komune","2439":"tercatat","2440":"buruh","2441":"david","2442":"sapi","2443":"cita","2444":"pondok","2445":"campuran","2446":"lantas","2447":"jitu","2448":"terjun","2449":"th","2450":"masakan","2451":"bahaya","2452":"rute","2453":"kreatif","2454":"aslinya","2455":"kehadiran","2456":"tersebar","2457":"aamiin","2458":"pengadilan","2459":"mm","2460":"nikmat","2461":"beroperasi","2462":"yo","2463":"jogja","2464":"balapan","2465":"dini","2466":"ban","2467":"tokyo","2468":"dikasih","2469":"akal","2470":"mengungkapkan","2471":"pembelajaran","2472":"can","2473":"mendatang","2474":"bbm","2475":"mood","2476":"postingan","2477":"subuh","2478":"pd","2479":"sunda","2480":"wisatawan","2481":"sarjana","2482":"menghancurkan","2483":"kontak","2484":"pahlawan","2485":"triliun","2486":"perbaikan","2487":"menjelang","2488":"knp","2489":"hakim","2490":"stress","2491":"kepolisian","2492":"gabungan","2493":"pembentukan","2494":"family","2495":"mewakili","2496":"diminta","2497":"center","2498":"persib","2499":"motif","2500":"darat","2501":"kesuksesan","2502":"emosi","2503":"jati","2504":"tampilan","2505":"sesama","2506":"divisi","2507":"bugil","2508":"cerdas","2509":"slot","2510":"dinilai","2511":"seputar","2512":"fashion","2513":"memastikan","2514":"cepet","2515":"maha","2516":"mewah","2517":"ikuti","2518":"harganya","2519":"now","2520":"sudut","2521":"sewa","2522":"kapten","2523":"panggilan","2524":"berdua","2525":"rutin","2526":"menutup","2527":"kerap","2528":"kenyataan","2529":"duk","2530":"grand","2531":"bodo","2532":"tari","2533":"vietnam","2534":"kerjasama","2535":"elok","2536":"gede","2537":"istrinya","2538":"rs","2539":"ton","2540":"rame","2541":"soviet","2542":"seks","2543":"bertanggung","2544":"award","2545":"santai","2546":"atlet","2547":"kenaikan","2548":"disuruh","2549":"giliran","2550":"siapkan","2551":"keluarganya","2552":"muhammadiyah","2553":"pacaran","2554":"bangga","2555":"ampuh","2556":"bpk","2557":"kekaisaran","2558":"sari","2559":"gudang","2560":"kuil","2561":"penduduknya","2562":"batang","2563":"kekalahan","2564":"pen","2565":"merujuk","2566":"swt","2567":"asik","2568":"show","2569":"merdeka","2570":"pihaknya","2571":"diubah","2572":"sidang","2573":"adapun","2574":"capek","2575":"menderita","2576":"beban","2577":"rizieq","2578":"join","2579":"turki","2580":"hahahah","2581":"dialami","2582":"nuklir","2583":"sekretaris","2584":"miss","2585":"kenangan","2586":"ready","2587":"baiknya","2588":"seksual","2589":"menduduki","2590":"joko","2591":"kejuaraan","2592":"infrastruktur","2593":"system","2594":"ambik","2595":"garam","2596":"dihasilkan","2597":"pendiri","2598":"puisi","2599":"menetapkan","2600":"pilpres","2601":"penggemar","2602":"halal","2603":"dibunuh","2604":"sekalipun","2605":"id","2606":"sah","2607":"rangkaian","2608":"sutradara","2609":"botol","2610":"kacang","2611":"kebakaran","2612":"taknak","2613":"sesi","2614":"byk","2615":"jdi","2616":"dasarnya","2617":"pink","2618":"geng","2619":"kpu","2620":"ac","2621":"kemajuan","2622":"merek","2623":"dugaan","2624":"rokok","2625":"hrs","2626":"dibantu","2627":"thanks","2628":"menegaskan","2629":"seragam","2630":"sejuk","2631":"saksi","2632":"james","2633":"nu","2634":"disingkat","2635":"surga","2636":"premium","2637":"td","2638":"pemandangan","2639":"lagulagu","2640":"keindahan","2641":"aktris","2642":"menyadari","2643":"lol","2644":"memperkuat","2645":"perilaku","2646":"hr","2647":"aset","2648":"how","2649":"didalam","2650":"gb","2651":"ikutan","2652":"berkunjung","2653":"johor","2654":"relatif","2655":"blok","2656":"crush","2657":"pesantren","2658":"kekayaan","2659":"semula","2660":"senior","2661":"tok","2662":"cc","2663":"berharga","2664":"bertindak","2665":"menggelar","2666":"previous","2667":"mengirim","2668":"yaudah","2669":"office","2670":"deposit","2671":"hangat","2672":"ambal","2673":"your","2674":"aduh","2675":"bertarung","2676":"boneka","2677":"yes","2678":"perlindungan","2679":"perencanaan","2680":"shopee","2681":"perayaan","2682":"ancaman","2683":"peralatan","2684":"ajar","2685":"membela","2686":"staf","2687":"pisang","2688":"kotakota","2689":"berukuran","2690":"alih","2691":"warung","2692":"mengalir","2693":"buddha","2694":"terlengkap","2695":"menyerah","2696":"kedokteran","2697":"diganti","2698":"search","2699":"hong","2700":"off","2701":"senyawa","2702":"digantikan","2703":"dapur","2704":"wajar","2705":"surya","2706":"el","2707":"harinya","2708":"club","2709":"dibeli","2710":"sepuluh","2711":"bab","2712":"perlawanan","2713":"rasulullah","2714":"paulus","2715":"strategis","2716":"respon","2717":"red","2718":"populasi","2719":"tetangga","2720":"jazz","2721":"teruk","2722":"lulusan","2723":"ketawa","2724":"mengenakan","2725":"berlanjut","2726":"topik","2727":"manajer","2728":"lembut","2729":"mantap","2730":"berdoa","2731":"keselamatan","2732":"berasa","2733":"kurikulum","2734":"berbahaya","2735":"syariah","2736":"star","2737":"zat","2738":"saw","2739":"jan","2740":"sembilan","2741":"akurat","2742":"nunggu","2743":"rumahnya","2744":"mengirimkan","2745":"ular","2746":"diatur","2747":"balikpapan","2748":"nie","2749":"jadinya","2750":"daratan","2751":"dimanfaatkan","2752":"assalamualaikum","2753":"beredar","2754":"dp","2755":"dirumah","2756":"simak","2757":"teks","2758":"memek","2759":"dilanjutkan","2760":"diajak","2761":"pengurus","2762":"suaminya","2763":"han","2764":"elektronik","2765":"say","2766":"menyebar","2767":"music","2768":"hmmm","2769":"dtg","2770":"kawin","2771":"kebetulan","2772":"atom","2773":"hahah","2774":"setan","2775":"rekomendasi","2776":"darurat","2777":"digelar","2778":"ceritanya","2779":"lubang","2780":"protein","2781":"latar","2782":"song","2783":"walikota","2784":"pns","2785":"terlepas","2786":"dituju","2787":"dibaca","2788":"panglima","2789":"kilometer","2790":"bekerjasama","2791":"pergerakan","2792":"metro","2793":"bersamasama","2794":"merusak","2795":"diluar","2796":"benteng","2797":"perwakilan","2798":"kaget","2799":"ditutup","2800":"nenek","2801":"lee","2802":"diciptakan","2803":"sekedar","2804":"diselenggarakan","2805":"yaaa","2806":"kuliner","2807":"internal","2808":"ras","2809":"tantangan","2810":"ditujukan","2811":"budi","2812":"quran","2813":"elemen","2814":"simpan","2815":"year","2816":"segini","2817":"salat","2818":"lapisan","2819":"menuntut","2820":"bed","2821":"pemberian","2822":"prancis","2823":"satuan","2824":"customer","2825":"dinyatakan","2826":"point","2827":"lolos","2828":"pembaca","2829":"pemberontakan","2830":"hendak","2831":"logam","2832":"dimakan","2833":"payudara","2834":"down","2835":"diproduksi","2836":"hindu","2837":"lapar","2838":"gold","2839":"peroleh","2840":"mall","2841":"motivasi","2842":"kong","2843":"karenanya","2844":"bismillah","2845":"konon","2846":"cetak","2847":"konstitusi","2848":"medis","2849":"kesatuan","2850":"konferensi","2851":"kedatangan","2852":"berjumlah","2853":"nnti","2854":"selengkapnya","2855":"terdekat","2856":"jom","2857":"jadikan","2858":"menangani","2859":"bukak","2860":"legenda","2861":"rela","2862":"bung","2863":"ngerti","2864":"teringat","2865":"sendirian","2866":"kebenaran","2867":"ditentukan","2868":"cairan","2869":"pengawasan","2870":"sayap","2871":"berencana","2872":"tebal","2873":"kelamin","2874":"pengganti","2875":"pembunuhan","2876":"cam","2877":"perumahan","2878":"kaos","2879":"signifikan","2880":"masalahnya","2881":"operator","2882":"sampaikan","2883":"mengajar","2884":"memperkenalkan","2885":"kebebasan","2886":"agus","2887":"yamaha","2888":"teknis","2889":"msh","2890":"hindia","2891":"hongkong","2892":"memerintahkan","2893":"turnamen","2894":"armada","2895":"duh","2896":"king","2897":"hubungi","2898":"menonton","2899":"saatnya","2900":"selepas","2901":"saudi","2902":"demam","2903":"berlebihan","2904":"mengingatkan","2905":"seluas","2906":"brand","2907":"chelsea","2908":"menghargai","2909":"material","2910":"jack","2911":"menghubungkan","2912":"diantara","2913":"identitas","2914":"biarkan","2915":"bah","2916":"format","2917":"are","2918":"software","2919":"men","2920":"pp","2921":"diluncurkan","2922":"persyaratan","2923":"diskusi","2924":"ragu","2925":"kambing","2926":"berkuasa","2927":"bersatu","2928":"atm","2929":"kecantikan","2930":"penderita","2931":"kesian","2932":"menyukai","2933":"diakui","2934":"debut","2935":"denger","2936":"sarapan","2937":"uji","2938":"kepemimpinan","2939":"cream","2940":"mengganti","2941":"gitar","2942":"debat","2943":"channel","2944":"hg","2945":"praktis","2946":"istirahat","2947":"nyawa","2948":"barcelona","2949":"mode","2950":"voc","2951":"gerak","2952":"pemkab","2953":"teluk","2954":"berjaya","2955":"meluncurkan","2956":"kombinasi","2957":"lgi","2958":"polandia","2959":"betapa","2960":"balas","2961":"semester","2962":"perbuatan","2963":"kasian","2964":"penjaga","2965":"manchester","2966":"auto","2967":"renang","2968":"kunjungi","2969":"menyelamatkan","2970":"ketentuan","2971":"pemegang","2972":"ham","2973":"lainlain","2974":"fpi","2975":"menerbitkan","2976":"fase","2977":"intinya","2978":"properti","2979":"penang","2980":"stay","2981":"menyaksikan","2982":"kudus","2983":"siapapun","2984":"keliatan","2985":"bermula","2986":"komponen","2987":"perlahan","2988":"aspek","2989":"pecinta","2990":"tampaknya","2991":"kabel","2992":"ketinggian","2993":"bagikan","2994":"klu","2995":"kerugian","2996":"jilbab","2997":"un","2998":"pembawa","2999":"check","3000":"terbagi","3001":"rupa","3002":"penurunan","3003":"besarnya","3004":"berminat","3005":"gan","3006":"tidaklah","3007":"diet","3008":"seekor","3009":"sial","3010":"tahta","3011":"yohanes","3012":"tunjuk","3013":"bi","3014":"berhak","3015":"metal","3016":"berkas","3017":"prasasti","3018":"gapapa","3019":"kubu","3020":"lunak","3021":"forum","3022":"fenomena","3023":"referensi","3024":"menurunkan","3025":"rekor","3026":"hello","3027":"argentina","3028":"dipastikan","3029":"polda","3030":"tahunan","3031":"sepakbola","3032":"gi","3033":"parlemen","3034":"keperluan","3035":"menyiapkan","3036":"lukisan","3037":"puluh","3038":"sesudah","3039":"yan","3040":"menginginkan","3041":"berbuat","3042":"berlalu","3043":"ngasih","3044":"what","3045":"pe","3046":"logo","3047":"pecah","3048":"gp","3049":"mulia","3050":"distributor","3051":"penemuan","3052":"katakata","3053":"terkini","3054":"tibatiba","3055":"dicari","3056":"dak","3057":"ungkap","3058":"pantas","3059":"karyanya","3060":"if","3061":"bapa","3062":"people","3063":"lengan","3064":"selat","3065":"masukan","3066":"inti","3067":"filipina","3068":"pasca","3069":"terbit","3070":"wayang","3071":"laku","3072":"nikmati","3073":"memengaruhi","3074":"pentingnya","3075":"tolak","3076":"big","3077":"wkwkw","3078":"haram","3079":"deket","3080":"bayern","3081":"ketahui","3082":"jatim","3083":"gmn","3084":"george","3085":"memakan","3086":"komitmen","3087":"persoalan","3088":"arsenal","3089":"yak","3090":"kim","3091":"melepaskan","3092":"mengganggu","3093":"tgh","3094":"pertunjukan","3095":"melanggar","3096":"potong","3097":"swiss","3098":"skala","3099":"segalanya","3100":"bunyi","3101":"dikunjungi","3102":"dikenakan","3103":"los","3104":"pasaran","3105":"patung","3106":"haih","3107":"cctv","3108":"akademi","3109":"tertawa","3110":"matang","3111":"persia","3112":"dataran","3113":"keberhasilan","3114":"body","3115":"birthday","3116":"tersenyum","3117":"en","3118":"jaket","3119":"sby","3120":"produser","3121":"mengejar","3122":"netizen","3123":"kadar","3124":"pop","3125":"banjarmasin","3126":"lelah","3127":"demo","3128":"ditanya","3129":"uskup","3130":"perkebunan","3131":"praktik","3132":"kuasa","3133":"penyelenggaraan","3134":"pembahasan","3135":"bom","3136":"polsek","3137":"warisan","3138":"smpai","3139":"bar","3140":"diturunkan","3141":"pertamina","3142":"move","3143":"kerusakan","3144":"kesel","3145":"kurus","3146":"bertujuan","3147":"tionghoa","3148":"zona","3149":"study","3150":"merebut","3151":"ai","3152":"moga","3153":"jin","3154":"raden","3155":"stabil","3156":"natal","3157":"taiwan","3158":"ganda","3159":"selamanya","3160":"bibir","3161":"panitia","3162":"gatal","3163":"koneksi","3164":"jelek","3165":"menghentikan","3166":"keliling","3167":"kariernya","3168":"berkebangsaan","3169":"papan","3170":"kristus","3171":"tombol","3172":"protes","3173":"pameran","3174":"prajurit","3175":"mesum","3176":"membuktikan","3177":"maya","3178":"hukuman","3179":"keadilan","3180":"murni","3181":"roh","3182":"hatinya","3183":"angkasa","3184":"dengerin","3185":"seolah","3186":"menangkap","3187":"simbol","3188":"wahai","3189":"menguntungkan","3190":"dimasukkan","3191":"parkir","3192":"pembalap","3193":"teruskan","3194":"kasar","3195":"menyambut","3196":"kabinet","3197":"padi","3198":"baterai","3199":"aparat","3200":"trading","3201":"serba","3202":"pembeli","3203":"kahwin","3204":"derajat","3205":"pemikiran","3206":"viral","3207":"investor","3208":"cod","3209":"riset","3210":"destinasi","3211":"hulu","3212":"bijak","3213":"rugi","3214":"ih","3215":"jamur","3216":"komite","3217":"mengelola","3218":"domain","3219":"karet","3220":"penghasilan","3221":"jualan","3222":"item","3223":"nda","3224":"nobel","3225":"terluka","3226":"takda","3227":"gaada","3228":"movie","3229":"lepastu","3230":"ayu","3231":"naruto","3232":"analisis","3233":"prefektur","3234":"dikalahkan","3235":"radikal","3236":"semasa","3237":"ngan","3238":"minimalis","3239":"bagai","3240":"tren","3241":"protokol","3242":"bahas","3243":"bakalan","3244":"hancur","3245":"alquran","3246":"berpengaruh","3247":"gagasan","3248":"inginkan","3249":"views","3250":"adam","3251":"semenjak","3252":"citra","3253":"planet","3254":"ikhlas","3255":"sambung","3256":"pangan","3257":"ditahan","3258":"class","3259":"series","3260":"seharga","3261":"konsentrasi","3262":"dikeluarkan","3263":"akibatnya","3264":"bumn","3265":"ketinggalan","3266":"perangai","3267":"takleh","3268":"otot","3269":"aneka","3270":"perhitungan","3271":"takpe","3272":"sik","3273":"pembagian","3274":"laju","3275":"jantan","3276":"dilarang","3277":"mengembalikan","3278":"terpenting","3279":"mencatat","3280":"berumur","3281":"michael","3282":"klasemen","3283":"ml","3284":"manga","3285":"jaminan","3286":"putaran","3287":"california","3288":"anggap","3289":"impian","3290":"medali","3291":"kejahatan","3292":"komunis","3293":"madu","3294":"melaka","3295":"lemari","3296":"insiden","3297":"masi","3298":"profesor","3299":"kebangsaan","3300":"kacau","3301":"gempa","3302":"majelis","3303":"pegi","3304":"selaku","3305":"mengajukan","3306":"gamau","3307":"tablet","3308":"cat","3309":"charles","3310":"ketat","3311":"tipis","3312":"seberapa","3313":"berpendapat","3314":"bersaing","3315":"iran","3316":"trans","3317":"diabetes","3318":"tertua","3319":"mun","3320":"mataram","3321":"temanteman","3322":"kirakira","3323":"why","3324":"keyakinan","3325":"nkri","3326":"sentiasa","3327":"kayanya","3328":"kemudahan","3329":"merayakan","3330":"teratur","3331":"disaat","3332":"disamping","3333":"naga","3334":"gresik","3335":"diisi","3336":"revolusi","3337":"dijamin","3338":"risau","3339":"berkurang","3340":"tubuhnya","3341":"memandang","3342":"sejati","3343":"pemahaman","3344":"kenyamanan","3345":"pegang","3346":"sayur","3347":"dipenuhi","3348":"institut","3349":"mendengarkan","3350":"pasalnya","3351":"menerapkan","3352":"swedia","3353":"panduan","3354":"daniel","3355":"tayang","3356":"produsen","3357":"champions","3358":"morning","3359":"dibalik","3360":"project","3361":"inspirasi","3362":"akuntansi","3363":"kesejahteraan","3364":"kelemahan","3365":"belah","3366":"diperhatikan","3367":"mlm","3368":"nada","3369":"his","3370":"gpp","3371":"sbobet","3372":"pesisir","3373":"kecik","3374":"survei","3375":"upload","3376":"alkitab","3377":"konstruksi","3378":"sam","3379":"gadget","3380":"beragama","3381":"bergantung","3382":"putera","3383":"kedudukan","3384":"mutualan","3385":"didapat","3386":"sem","3387":"travel","3388":"organ","3389":"rumput","3390":"kemiskinan","3391":"perihal","3392":"simple","3393":"tks","3394":"santo","3395":"dinamai","3396":"cirebon","3397":"kutai","3398":"sangatlah","3399":"school","3400":"kudu","3401":"s0","3402":"read","3403":"kh","3404":"komandan","3405":"persis","3406":"digambarkan","3407":"tempo","3408":"kediri","3409":"ditayangkan","3410":"test","3411":"marketing","3412":"widodo","3413":"pertimbangan","3414":"magelang","3415":"tindak","3416":"boss","3417":"akbar","3418":"palembang","3419":"belas","3420":"pejuang","3421":"gausah","3422":"jutaan","3423":"penilaian","3424":"ip","3425":"berbahasa","3426":"menentang","3427":"bunda","3428":"penerimaan","3429":"papa","3430":"melarikan","3431":"pemasaran","3432":"mie","3433":"olah","3434":"pembinaan","3435":"dulunya","3436":"lion","3437":"dolar","3438":"klien","3439":"racun","3440":"kyk","3441":"pinjaman","3442":"pki","3443":"bani","3444":"hantu","3445":"dijelaskan","3446":"sport","3447":"cape","3448":"dekade","3449":"menempatkan","3450":"memaksa","3451":"sahaja","3452":"bulat","3453":"staff","3454":"pembuat","3455":"rilis","3456":"gugur","3457":"menghadirkan","3458":"aing","3459":"domestik","3460":"sekelompok","3461":"musisi","3462":"dipengaruhi","3463":"memuat","3464":"pemkot","3465":"plan","3466":"tertutup","3467":"selagi","3468":"pokoknya","3469":"te","3470":"company","3471":"berganti","3472":"busana","3473":"diriku","3474":"perhatikan","3475":"basah","3476":"memperhatikan","3477":"penanganan","3478":"teater","3479":"ra","3480":"bioskop","3481":"jk","3482":"belgia","3483":"kb","3484":"peperangan","3485":"memudahkan","3486":"lbh","3487":"toh","3488":"tuk","3489":"pencipta","3490":"tonton","3491":"posting","3492":"robot","3493":"pesanan","3494":"jak","3495":"bukunya","3496":"jejak","3497":"pemeran","3498":"diserahkan","3499":"american","3500":"majapahit","3501":"qing","3502":"pinter","3503":"formula","3504":"lipat","3505":"dimensi","3506":"makeup","3507":"volume","3508":"rencananya","3509":"mencuri","3510":"terkejut","3511":"diresmikan","3512":"mengundang","3513":"ngerasa","3514":"sebentar","3515":"bangkit","3516":"ngakak","3517":"selera","3518":"dateng","3519":"im","3520":"berbuka","3521":"singapore","3522":"depa","3523":"ingatkan","3524":"angkutan","3525":"dek","3526":"penutup","3527":"bilangan","3528":"klau","3529":"moral","3530":"karang","3531":"koordinasi","3532":"curhat","3533":"cup","3534":"ninja","3535":"sir","3536":"mewujudkan","3537":"box","3538":"perdamaian","3539":"dompet","3540":"berpengalaman","3541":"seksi","3542":"galaxy","3543":"juru","3544":"dirasakan","3545":"persahabatan","3546":"konsisten","3547":"pks","3548":"tetiba","3549":"dilaporkan","3550":"koordinat","3551":"play","3552":"mempersiapkan","3553":"ikatan","3554":"allahu","3555":"kaga","3556":"tulus","3557":"frekuensi","3558":"duta","3559":"menyesal","3560":"tl","3561":"formal","3562":"tepung","3563":"batak","3564":"cucu","3565":"setara","3566":"jurnal","3567":"jagung","3568":"better","3569":"gram","3570":"robert","3571":"sepakat","3572":"petang","3573":"layaknya","3574":"kesepakatan","3575":"petunjuk","3576":"memasukkan","3577":"sale","3578":"rekening","3579":"kesenian","3580":"kedalam","3581":"pakar","3582":"ditempatkan","3583":"neraka","3584":"pengumuman","3585":"jeruk","3586":"teroris","3587":"akar","3588":"palestina","3589":"semesta","3590":"handphone","3591":"menjamin","3592":"kerjaan","3593":"persija","3594":"sasaran","3595":"kewajiban","3596":"bo","3597":"gambaran","3598":"keunggulan","3599":"road","3600":"kepadanya","3601":"dibayar","3602":"madura","3603":"basis","3604":"seo","3605":"jaksa","3606":"kabur","3607":"ketimbang","3608":"kongres","3609":"juventus","3610":"varian","3611":"sedar","3612":"memperlihatkan","3613":"tarif","3614":"sempit","3615":"back","3616":"akrab","3617":"junior","3618":"jelly","3619":"ternama","3620":"orangnya","3621":"reformasi","3622":"nelayan","3623":"semi","3624":"bursa","3625":"tgl","3626":"beb","3627":"lambang","3628":"its","3629":"vokal","3630":"thank","3631":"tinggalkan","3632":"melaporkan","3633":"dubai","3634":"will","3635":"ditunjuk","3636":"pertarungan","3637":"peta","3638":"trik","3639":"art","3640":"melakukannya","3641":"personil","3642":"berbedabeda","3643":"ditandai","3644":"penyebaran","3645":"diterapkan","3646":"terapi","3647":"don","3648":"disitu","3649":"memasang","3650":"erat","3651":"telekomunikasi","3652":"long","3653":"type","3654":"berkumpul","3655":"die","3656":"paul","3657":"kejap","3658":"maluku","3659":"keputihan","3660":"lembah","3661":"abah","3662":"gawang","3663":"tour","3664":"paksa","3665":"ji","3666":"pidana","3667":"cafe","3668":"potongan","3669":"skripsi","3670":"perkataan","3671":"kotamadya","3672":"krim","3673":"selfie","3674":"tembok","3675":"dc","3676":"dear","3677":"meksiko","3678":"hidung","3679":"brebes","3680":"alergi","3681":"end","3682":"hutang","3683":"eksekutif","3684":"institusi","3685":"klinik","3686":"laboratorium","3687":"alasannya","3688":"sambal","3689":"tajam","3690":"su","3691":"comel","3692":"ws","3693":"balai","3694":"semata","3695":"disertai","3696":"cpns","3697":"dipindahkan","3698":"smua","3699":"arsitektur","3700":"cedera","3701":"austria","3702":"perekonomian","3703":"memuaskan","3704":"dirancang","3705":"pekanbaru","3706":"idol","3707":"ps","3708":"pembukaan","3709":"nan","3710":"ampe","3711":"kemanusiaan","3712":"tabung","3713":"siklus","3714":"sekutu","3715":"kab","3716":"dikelola","3717":"asus","3718":"mendekati","3719":"tangkap","3720":"sumatra","3721":"del","3722":"persaingan","3723":"gelas","3724":"etnis","3725":"nusa","3726":"haa","3727":"rombongan","3728":"beranda","3729":"memori","3730":"pengeluaran","3731":"bentar","3732":"mengajarkan","3733":"saldo","3734":"retweet","3735":"jawabannya","3736":"banda","3737":"buta","3738":"terjaga","3739":"inter","3740":"intel","3741":"mention","3742":"jelasnya","3743":"mendaftar","3744":"berdarah","3745":"gada","3746":"kekasih","3747":"canggih","3748":"tertulis","3749":"kendala","3750":"mulanya","3751":"yusuf","3752":"bf","3753":"bersalah","3754":"hormat","3755":"krisis","3756":"disiplin","3757":"ane","3758":"undang","3759":"sabah","3760":"tgok","3761":"ditolak","3762":"gaduh","3763":"co","3764":"padanya","3765":"kader","3766":"college","3767":"janganlah","3768":"mr","3769":"visa","3770":"kebersihan","3771":"jomblo","3772":"marga","3773":"pengakuan","3774":"utang","3775":"sandi","3776":"jalanan","3777":"hadapan","3778":"serang","3779":"penulisan","3780":"dengannya","3781":"tah","3782":"undangan","3783":"akak","3784":"santri","3785":"wafat","3786":"keknya","3787":"lautan","3788":"operasional","3789":"bakat","3790":"berenang","3791":"boy","3792":"panik","3793":"statistik","3794":"menyerahkan","3795":"induk","3796":"pin","3797":"memikirkan","3798":"ramah","3799":"arena","3800":"menghormati","3801":"sim","3802":"surakarta","3803":"kalender","3804":"rasakan","3805":"terjemahan","3806":"kesadaran","3807":"asrama","3808":"persamaan","3809":"pedas","3810":"adek","3811":"mengakses","3812":"ditawarkan","3813":"pelanggaran","3814":"olimpiade","3815":"giveaway","3816":"pengantin","3817":"rezim","3818":"emak","3819":"aa","3820":"adegan","3821":"bole","3822":"ekspor","3823":"vi","3824":"truk","3825":"jt","3826":"diem","3827":"didapatkan","3828":"disajikan","3829":"doh","3830":"amal","3831":"bpjs","3832":"iblis","3833":"disney","3834":"sawit","3835":"kpd","3836":"diyakini","3837":"ber","3838":"teriak","3839":"f0","3840":"pemakaian","3841":"distribusi","3842":"syukur","3843":"kritik","3844":"xiaomi","3845":"tipu","3846":"menghadiri","3847":"menyelenggarakan","3848":"peneliti","3849":"drive","3850":"bangsawan","3851":"nambah","3852":"campur","3853":"seminar","3854":"las","3855":"wifi","3856":"jelang","3857":"relawan","3858":"rektor","3859":"player","3860":"bersikap","3861":"supplier","3862":"animasi","3863":"regional","3864":"sumut","3865":"ngobrol","3866":"profesi","3867":"doakan","3868":"kian","3869":"indra","3870":"irak","3871":"tbk","3872":"munculnya","3873":"hits","3874":"musa","3875":"definisi","3876":"ek","3877":"import","3878":"nakal","3879":"cincin","3880":"house","3881":"satelit","3882":"demokrat","3883":"matanya","3884":"haritu","3885":"sandiaga","3886":"wangi","3887":"hub","3888":"may","3889":"perbandingan","3890":"bambang","3891":"lagunya","3892":"salib","3893":"alumni","3894":"nge","3895":"koalisi","3896":"asi","3897":"terkesan","3898":"menetap","3899":"suzuki","3900":"susunan","3901":"sila","3902":"larangan","3903":"memanggil","3904":"pencari","3905":"seribu","3906":"wadah","3907":"punggung","3908":"ex","3909":"bnyk","3910":"pbb","3911":"kentang","3912":"berkah","3913":"betina","3914":"apel","3915":"penerima","3916":"kegagalan","3917":"liar","3918":"konteks","3919":"vegas","3920":"registrasi","3921":"leher","3922":"rasul","3923":"thomas","3924":"tuanya","3925":"resi","3926":"nemu","3927":"raga","3928":"pensiun","3929":"buru","3930":"kasur","3931":"kedah","3932":"ledakan","3933":"english","3934":"biologi","3935":"adu","3936":"kasino","3937":"andalan","3938":"adakah","3939":"bersaudara","3940":"terbakar","3941":"kolom","3942":"berbelanja","3943":"have","3944":"diinginkan","3945":"pangkat","3946":"public","3947":"messi","3948":"pendekatan","3949":"pesat","3950":"grafis","3951":"unggul","3952":"pdip","3953":"baku","3954":"berlin","3955":"telkom","3956":"tikus","3957":"platform","3958":"ampun","3959":"kandidat","3960":"bts","3961":"variasi","3962":"tertinggal","3963":"cadangan","3964":"batuk","3965":"senantiasa","3966":"barisan","3967":"nutrisi","3968":"dipandang","3969":"ny","3970":"sensus","3971":"durasi","3972":"kakek","3973":"temannya","3974":"slow","3975":"dijalankan","3976":"demak","3977":"bit","3978":"momen","3979":"bangka","3980":"mineral","3981":"exo","3982":"terbanyak","3983":"mikirin","3984":"kai","3985":"ditambahkan","3986":"sea","3987":"selingkuh","3988":"partner","3989":"alkohol","3990":"ktp","3991":"menyusun","3992":"lidah","3993":"ditampilkan","3994":"sek","3995":"akhirat","3996":"ilang","3997":"tun","3998":"liu","3999":"bayangkan","4000":"trend","4001":"mendadak","4002":"pengikut","4003":"menjalin","4004":"prioritas","4005":"shop","4006":"william","4007":"lebat","4008":"skandal","4009":"sahur","4010":"god","4011":"lurus","4012":"resiko","4013":"sambas","4014":"bersangkutan","4015":"produktif","4016":"porno","4017":"lawa","4018":"sub","4019":"ne","4020":"oppo","4021":"flash","4022":"know","4023":"bad","4024":"way","4025":"visi","4026":"jkt","4027":"kirain","4028":"dara","4029":"batam","4030":"aj","4031":"kotor","4032":"koran","4033":"terdengar","4034":"sakti","4035":"kandang","4036":"lak","4037":"memecahkan","4038":"hormon","4039":"mempengaruhi","4040":"majlis","4041":"suap","4042":"mengoperasikan","4043":"penawaran","4044":"hubungannya","4045":"kelima","4046":"menandakan","4047":"sabun","4048":"oknum","4049":"kelihatan","4050":"mengucapkan","4051":"senilai","4052":"gtu","4053":"sejahtera","4054":"ginjal","4055":"bengkulu","4056":"beasiswa","4057":"sombong","4058":"capres","4059":"menemui","4060":"plak","4061":"pssi","4062":"koperasi","4063":"over","4064":"pakistan","4065":"injil","4066":"asisten","4067":"perbankan","4068":"pg","4069":"inovasi","4070":"ph","4071":"kelantan","4072":"institute","4073":"pidato","4074":"mkn","4075":"pemprov","4076":"pelik","4077":"tahanan","4078":"gerhana","4079":"siti","4080":"smart","4081":"thn","4082":"musibah","4083":"berkomunikasi","4084":"bercerita","4085":"gerai","4086":"who","4087":"wawancara","4088":"awam","4089":"tangannya","4090":"mendalam","4091":"fiksi","4092":"ditunggu","4093":"katakan","4094":"ti","4095":"markas","4096":"ibrahim","4097":"ibnu","4098":"percuma","4099":"bersedia","4100":"lantaran","4101":"kompetensi","4102":"peter","4103":"kaltim","4104":"apartemen","4105":"dihukum","4106":"penerbit","4107":"menempati","4108":"jepara","4109":"mendesak","4110":"apple","4111":"dikerjakan","4112":"galeri","4113":"puteri","4114":"belitung","4115":"pedang","4116":"kembar","4117":"pembuka","4118":"maen","4119":"fitnah","4120":"mahkota","4121":"gemuk","4122":"league","4123":"apaan","4124":"bagaimanapun","4125":"angel","4126":"high","4127":"ehh","4128":"herpes","4129":"nampaknya","4130":"menunjuk","4131":"dendam","4132":"instansi","4133":"kmu","4134":"meriah","4135":"nasihat","4136":"hantar","4137":"kk","4138":"sabung","4139":"mengklaim","4140":"jabatannya","4141":"arondisemen","4142":"beralih","4143":"reti","4144":"orangtua","4145":"bca","4146":"performa","4147":"cikgu","4148":"tali","4149":"store","4150":"sun","4151":"ae","4152":"yu","4153":"semenanjung","4154":"japan","4155":"membalas","4156":"malaikat","4157":"pencegahan","4158":"propinsi","4159":"said","4160":"saking","4161":"telat","4162":"kantong","4163":"athena","4164":"dipaksa","4165":"kepalanya","4166":"sbg","4167":"kecerdasan","4168":"airlines","4169":"doktor","4170":"kiai","4171":"terhubung","4172":"size","4173":"timbul","4174":"topi","4175":"terkemuka","4176":"pan","4177":"impor","4178":"led","4179":"social","4180":"bubur","4181":"seberang","4182":"mengejutkan","4183":"wong","4184":"meeting","4185":"get","4186":"mainan","4187":"perahu","4188":"rumit","4189":"xi","4190":"stadium","4191":"jadilah","4192":"gelak","4193":"cipta","4194":"kuis","4195":"tan","4196":"dikonsumsi","4197":"hadapi","4198":"komedi","4199":"simpang","4200":"komposisi","4201":"diselesaikan","4202":"irlandia","4203":"ibarat","4204":"ft","4205":"market","4206":"metropolitan","4207":"pramuka","4208":"ani","4209":"tanam","4210":"business","4211":"efisien","4212":"0d","4213":"sales","4214":"meh","4215":"pendeta","4216":"universal","4217":"suaranya","4218":"petualangan","4219":"edit","4220":"ceme","4221":"agenda","4222":"dicapai","4223":"royal","4224":"kos","4225":"skincare","4226":"formasi","4227":"sisanya","4228":"lanjutkan","4229":"pengaturan","4230":"tambang","4231":"menurun","4232":"pn","4233":"chen","4234":"menyajikan","4235":"memerintah","4236":"menghubungi","4237":"menghitung","4238":"kotamobagu","4239":"norwegia","4240":"gamat","4241":"food","4242":"hindari","4243":"galau","4244":"tiens","4245":"melebihi","4246":"dikuasai","4247":"vagina","4248":"bedanya","4249":"samarinda","4250":"sempet","4251":"apresiasi","4252":"tropis","4253":"diperiksa","4254":"anggotanya","4255":"dagang","4256":"duluan","4257":"mengerjakan","4258":"kite","4259":"sate","4260":"berpotensi","4261":"terjual","4262":"katalog","4263":"cerah","4264":"nnt","4265":"rancangan","4266":"garut","4267":"mainkan","4268":"terakhirnya","4269":"paspor","4270":"related","4271":"tawaran","4272":"perlengkapan","4273":"hamba","4274":"menyusul","4275":"ht","4276":"mengakhiri","4277":"ap","4278":"ribet","4279":"dilantik","4280":"mekanisme","4281":"design","4282":"mitologi","4283":"sosialisasi","4284":"soekarno","4285":"masehi","4286":"suriah","4287":"tempatnya","4288":"disesuaikan","4289":"dipasang","4290":"fm","4291":"yaallah","4292":"ormas","4293":"ucap","4294":"kursus","4295":"card","4296":"bervariasi","4297":"tenggelam","4298":"direncanakan","4299":"cd","4300":"permanen","4301":"dn","4302":"pencapaian","4303":"berpartisipasi","4304":"ribut","4305":"block","4306":"menanti","4307":"berawal","4308":"tersisa","4309":"ngeliat","4310":"po","4311":"pinggiran","4312":"iklim","4313":"den","4314":"seakan","4315":"oksigen","4316":"ion","4317":"teologi","4318":"beralamat","4319":"penis","4320":"dihentikan","4321":"iri","4322":"membersihkan","4323":"rep","4324":"pelan","4325":"karno","4326":"paku","4327":"kesan","4328":"form","4329":"nur","4330":"legal","4331":"manual","4332":"kematiannya","4333":"semen","4334":"stok","4335":"apaapa","4336":"bru","4337":"sape","4338":"terdaftar","4339":"ilmuwan","4340":"rel","4341":"soeharto","4342":"slalu","4343":"lawak","4344":"lombok","4345":"ego","4346":"percobaan","4347":"ui","4348":"mudik","4349":"tujuannya","4350":"cair","4351":"hahahahah","4352":"penerbitan","4353":"posisinya","4354":"driver","4355":"sasuke","4356":"ragam","4357":"mengandalkan","4358":"polis","4359":"sat","4360":"perwira","4361":"menggabungkan","4362":"potter","4363":"oposisi","4364":"take","4365":"app","4366":"night","4367":"hero","4368":"ngajak","4369":"nol","4370":"urat","4371":"baja","4372":"komplek","4373":"kasihan","4374":"jemput","4375":"terganggu","4376":"persetujuan","4377":"amik","4378":"tegur","4379":"sembang","4380":"white","4381":"pelindung","4382":"milih","4383":"pendirian","4384":"base","4385":"pengacara","4386":"persekutuan","4387":"gang","4388":"pipa","4389":"louis","4390":"kanton","4391":"mengontrol","4392":"report","4393":"muara","4394":"membawakan","4395":"diorang","4396":"jalannya","4397":"visual","4398":"ahh","4399":"gerindra","4400":"perkawinan","4401":"lanjutan","4402":"ttg","4403":"kacamata","4404":"terorisme","4405":"kuningan","4406":"misteri","4407":"perdebatan","4408":"penambahan","4409":"sediakan","4410":"sensasi","4411":"kehormatan","4412":"perasan","4413":"tong","4414":"jap","4415":"insya","4416":"trump","4417":"sepasang","4418":"dj","4419":"wilayahnya","4420":"perairan","4421":"girl","4422":"percakapan","4423":"audio","4424":"minit","4425":"karbon","4426":"special","4427":"alis","4428":"hahahahahaha","4429":"keje","4430":"tudung","4431":"adiknya","4432":"sya","4433":"nyeri","4434":"samasama","4435":"mark","4436":"kebencian","4437":"ditinggalkan","4438":"bertajuk","4439":"hias","4440":"tamat","4441":"konfirmasi","4442":"aksesoris","4443":"student","4444":"balasan","4445":"text","4446":"menunjukan","4447":"karpetkarakterco","4448":"pemasangan","4449":"sekadar","4450":"stres","4451":"teguh","4452":"ben","4453":"bakso","4454":"disarankan","4455":"bergelar","4456":"login","4457":"kualifikasi","4458":"abdullah","4459":"kepadatan","4460":"rapi","4461":"seharian","4462":"tergolong","4463":"orde","4464":"insyaallah","4465":"dipisahkan","4466":"dik","4467":"dipake","4468":"hemat","4469":"goblok","4470":"dangdut","4471":"tom","4472":"skema","4473":"kritis","4474":"pengawas","4475":"hape","4476":"cont","4477":"west","4478":"monyet","4479":"kelar","4480":"tahunnya","4481":"obligasi","4482":"basa","4483":"light","4484":"penyimpanan","4485":"general","4486":"dihitung","4487":"kunjung","4488":"ttp","4489":"tergabung","4490":"pati","4491":"tunai","4492":"prima","4493":"batin","4494":"menanggapi","4495":"lepak","4496":"bernilai","4497":"masukkan","4498":"jumlahnya","4499":"menekan","4500":"season","4501":"dibintangi","4502":"peternakan","4503":"berdekatan","4504":"sanksi","4505":"island","4506":"gizi","4507":"julukan","4508":"jumaat","4509":"ditinggal","4510":"gaes","4511":"dayak","4512":"kakaknya","4513":"lensa","4514":"records","4515":"pening","4516":"miliknya","4517":"penyelenggara","4518":"tur","4519":"udang","4520":"dakwah","4521":"heboh","4522":"serat","4523":"arwah","4524":"menikahi","4525":"suda","4526":"usb","4527":"menjanjikan","4528":"jago","4529":"persegi","4530":"iwan","4531":"ustadz","4532":"human","4533":"region","4534":"wish","4535":"bermarkas","4536":"bebek","4537":"trending","4538":"sandal","4539":"mengkonsumsi","4540":"linux","4541":"management","4542":"diumumkan","4543":"manado","4544":"terpantau","4545":"basket","4546":"kajian","4547":"mengonsumsi","4548":"anwar","4549":"mega","4550":"melarang","4551":"andi","4552":"playlist","4553":"kepikiran","4554":"tembak","4555":"kehamilan","4556":"mengendalikan","4557":"keagamaan","4558":"membatasi","4559":"mengancam","4560":"polos","4561":"tang","4562":"kekal","4563":"after","4564":"interior","4565":"explore","4566":"tawar","4567":"kejar","4568":"klaim","4569":"membedakan","4570":"ciptaan","4571":"bag","4572":"pahit","4573":"berupaya","4574":"kembang","4575":"kemasan","4576":"week","4577":"nulis","4578":"umar","4579":"kencang","4580":"brasil","4581":"proposal","4582":"ekspresi","4583":"megatron","4584":"bentuknya","4585":"juri","4586":"khalifah","4587":"pinggir","4588":"skenario","4589":"boeing","4590":"atap","4591":"sebetulnya","4592":"user","4593":"sains","4594":"lamaran","4595":"opini","4596":"dituduh","4597":"laman","4598":"vidio","4599":"sentai","4600":"vii","4601":"penyelesaian","4602":"ternak","4603":"bumbu","4604":"fantasy","4605":"rw","4606":"contact","4607":"tuduhan","4608":"nafsu","4609":"angeles","4610":"langka","4611":"penyerang","4612":"baper","4613":"ronaldo","4614":"young","4615":"awards","4616":"mbah","4617":"mil","4618":"disimpan","4619":"jendela","4620":"washington","4621":"untukmu","4622":"ring","4623":"keluhan","4624":"persero","4625":"pelantikan","4626":"prosedur","4627":"medical","4628":"medsos","4629":"sopan","4630":"personal","4631":"elektron","4632":"diserang","4633":"ubah","4634":"terbiasa","4635":"delta","4636":"sunan","4637":"cobalah","4638":"keju","4639":"second","4640":"balita","4641":"pamer","4642":"latest","4643":"acah","4644":"acc","4645":"golden","4646":"motogp","4647":"barangkali","4648":"tea","4649":"politisi","4650":"xl","4651":"maap","4652":"menyebarkan","4653":"baris","4654":"kerjanya","4655":"bahanbahan","4656":"date","4657":"pengamanan","4658":"aksara","4659":"dipergunakan","4660":"diperkenalkan","4661":"ipa","4662":"konsili","4663":"nongkrong","4664":"well","4665":"pln","4666":"bertanding","4667":"note","4668":"samudera","4669":"sharing","4670":"membagikan","4671":"mendidik","4672":"dpd","4673":"pembangkit","4674":"evaluasi","4675":"dipegang","4676":"melatih","4677":"peradaban","4678":"seumur","4679":"buaya","4680":"radiasi","4681":"tembus","4682":"terjebak","4683":"perhubungan","4684":"feng","4685":"perikanan","4686":"dorang","4687":"error","4688":"abadi","4689":"lebah","4690":"ngopi","4691":"sihat","4692":"hd","4693":"tahapan","4694":"menggunakannya","4695":"nagari","4696":"kontrol","4697":"muntah","4698":"menonjol","4699":"lamanya","4700":"jajaran","4701":"mp0","4702":"pokemon","4703":"membebaskan","4704":"tri","4705":"ter","4706":"menghadap","4707":"pisau","4708":"hasan","4709":"palu","4710":"seandainya","4711":"kelakuan","4712":"landasan","4713":"bias","4714":"misterius","4715":"otonomi","4716":"jersey","4717":"kriteria","4718":"kepastian","4719":"din","4720":"meneruskan","4721":"merekam","4722":"sajikan","4723":"jabar","4724":"army","4725":"sayuran","4726":"result","4727":"blue","4728":"berdampak","4729":"beriman","4730":"jela","4731":"kemeja","4732":"permohonan","4733":"toilet","4734":"tank","4735":"merokok","4736":"dipahami","4737":"abc","4738":"opsi","4739":"komando","4740":"kapolres","4741":"oli","4742":"asosiasi","4743":"rama","4744":"denmark","4745":"kontribusi","4746":"membuang","4747":"sorg","4748":"comeback","4749":"mahkamah","4750":"menemani","4751":"rantai","4752":"mulus","4753":"merugikan","4754":"soalan","4755":"portugis","4756":"mengeluh","4757":"dominan","4758":"sweet","4759":"geram","4760":"komersial","4761":"research","4762":"letaknya","4763":"penerangan","4764":"akademik","4765":"tokugawa","4766":"diakses","4767":"meme","4768":"wisuda","4769":"usul","4770":"syurga","4771":"bt","4772":"ar","4773":"legend","4774":"isteri","4775":"menyanyi","4776":"dilayani","4777":"bek","4778":"kental","4779":"berduka","4780":"tintin","4781":"au","4782":"limbah","4783":"terbilang","4784":"budget","4785":"kebanggaan","4786":"resort","4787":"mui","4788":"mengharapkan","4789":"subang","4790":"raih","4791":"seng","4792":"tarian","4793":"fifa","4794":"almarhum","4795":"kakinya","4796":"corporation","4797":"sabu","4798":"namanama","4799":"only","4800":"sawah","4801":"natural","4802":"peninggalan","4803":"tegal","4804":"ombak","4805":"diceritakan","4806":"scroll","4807":"ngerasain","4808":"asupan","4809":"zhang","4810":"drum","4811":"pujian","4812":"asa","4813":"apk","4814":"wang","4815":"takdir","4816":"madiun","4817":"kontol","4818":"pasifik","4819":"girls","4820":"manapun","4821":"adi","4822":"minangkabau","4823":"berkarier","4824":"romantis","4825":"timeline","4826":"basic","4827":"tekan","4828":"instruksi","4829":"ulasan","4830":"bima","4831":"ngomongin","4832":"sumur","4833":"jenuh","4834":"politikus","4835":"seram","4836":"sesaat","4837":"mok","4838":"molekul","4839":"crusher","4840":"book","4841":"safety","4842":"perkiraan","4843":"cakep","4844":"kepuasan","4845":"gps","4846":"misal","4847":"kepribadian","4848":"rajaraja","4849":"pupuk","4850":"akting","4851":"macet","4852":"gusti","4853":"bersenjata","4854":"indosat","4855":"moto","4856":"takyah","4857":"kartun","4858":"pergantian","4859":"tsunami","4860":"krna","4861":"uno","4862":"xde","4863":"roger","4864":"tiktok","4865":"didesain","4866":"milenial","4867":"keliru","4868":"taun","4869":"jemaat","4870":"presenter","4871":"pemilih","4872":"berjanji","4873":"sangka","4874":"finansial","4875":"mukanya","4876":"view","4877":"ram","4878":"ujungnya","4879":"com","4880":"pls","4881":"vaksin","4882":"kolonial","4883":"bermasalah","4884":"skin","4885":"setinggi","4886":"manager","4887":"pemula","4888":"personel","4889":"dimaksudkan","4890":"elu","4891":"melupakan","4892":"ice","4893":"iyaa","4894":"tutur","4895":"wkwkwkwk","4896":"identik","4897":"koordinator","4898":"serem","4899":"khilafah","4900":"ngaku","4901":"lingkaran","4902":"spt","4903":"fresh","4904":"sumbangan","4905":"waspada","4906":"rejeki","4907":"merawat","4908":"mat","4909":"drpd","4910":"jurus","4911":"ruu","4912":"mencintaimu","4913":"umpan","4914":"des","4915":"vatikan","4916":"reseller","4917":"jenazah","4918":"mengukur","4919":"hit","4920":"memotong","4921":"maybe","4922":"merubah","4923":"ceo","4924":"pengendalian","4925":"ngn","4926":"cawapres","4927":"infokan","4928":"kerabat","4929":"jawatan","4930":"wu","4931":"0g","4932":"jln","4933":"hargai","4934":"plis","4935":"hilir","4936":"hall","4937":"shui","4938":"instan","4939":"log","4940":"portugal","4941":"tuntutan","4942":"ria","4943":"baginya","4944":"henry","4945":"silaturahmi","4946":"denpasar","4947":"resolusi","4948":"official","4949":"berperang","4950":"jemaah","4951":"duka","4952":"menghilang","4953":"pinang","4954":"von","4955":"sp","4956":"berturutturut","4957":"entertainment","4958":"richard","4959":"street","4960":"subtitle","4961":"puji","4962":"keluaran","4963":"silap","4964":"\u3164\u3164","4965":"jenjang","4966":"nga","4967":"twit","4968":"weekend","4969":"yb","4970":"bio","4971":"dikutip","4972":"modifikasi","4973":"pok\u00e9mon","4974":"kontroversi","4975":"huhuhu","4976":"memisahkan","4977":"jr","4978":"kumpul","4979":"pembuluh","4980":"nyamuk","4981":"hey","4982":"durian","4983":"larut","4984":"mutu","4985":"keenam","4986":"penyedia","4987":"timnya","4988":"nyaris","4989":"wei","4990":"obatobatan","4991":"makcik","4992":"interaksi","4993":"keterampilan","4994":"cokelat","4995":"penerapan","4996":"sarung","4997":"tulah","4998":"lahh","4999":"menandai"}}