{"ita":{"0":"di","1":"il","2":"la","3":"che","4":"in","5":"num","6":"per","7":"un","8":"del","9":"non","10":"con","11":"una","12":"le","13":"della","14":"si","15":"da","16":"al","17":"nel","18":"sono","19":"ma","20":"dei","21":"come","22":"pi\u00f9","23":"ha","24":"anche","25":"alla","26":"delle","27":"gli","28":"se","29":"lo","30":"ad","31":"mi","32":"dal","33":"questo","34":"su","35":"nella","36":"ed","37":"ci","38":"tra","39":"ho","40":"solo","41":"due","42":"anni","43":"essere","44":"cui","45":"tutti","46":"dalla","47":"ai","48":"era","49":"io","50":"dopo","51":"prima","52":"sua","53":"sul","54":"sempre","55":"questa","56":"parte","57":"alle","58":"stato","59":"quando","60":"suo","61":"degli","62":"hanno","63":"perch\u00e9","64":"tutto","65":"uno","66":"loro","67":"poi","68":"fu","69":"fa","70":"molto","71":"sia","72":"ti","73":"chi","74":"cos\u00ec","75":"senza","76":"oggi","77":"cosa","78":"fatto","79":"ancora","80":"ogni","81":"via","82":"sulla","83":"pu\u00f2","84":"fare","85":"me","86":"vi","87":"dove","88":"quello","89":"nei","90":"ne","91":"grande","92":"dai","93":"altri","94":"italia","95":"mai","96":"primo","97":"gi\u00e0","98":"tempo","99":"vita","100":"no","101":"grazie","102":"nelle","103":"ora","104":"dell","105":"secondo","106":"quella","107":"casa","108":"fino","109":"mondo","110":"citt\u00e0","111":"quindi","112":"quanto","113":"viene","114":"de","115":"proprio","116":"nuovo","117":"san","118":"comune","119":"mia","120":"mio","121":"questi","122":"volta","123":"mentre","124":"bene","125":"giorno","126":"tre","127":"quale","128":"anno","129":"tutte","130":"contro","131":"sei","132":"nome","133":"durante","134":"modo","135":"lavoro","136":"all","137":"noi","138":"persone","139":"oltre","140":"per\u00f2","141":"fine","142":"dalle","143":"qui","144":"stesso","145":"paese","146":"centro","147":"altro","148":"sar\u00e0","149":"stata","150":"sta","151":"te","152":"storia","153":"stati","154":"siamo","155":"suoi","156":"roma","157":"sotto","158":"alcuni","159":"caso","160":"lui","161":"invece","162":"dello","163":"video","164":"agli","165":"infatti","166":"tanto","167":"secolo","168":"altre","169":"abbiamo","170":"giorni","171":"aveva","172":"meno","173":"circa","174":"nuova","175":"comunque","176":"serie","177":"dire","178":"quali","179":"va","180":"erano","181":"verso","182":"hai","183":"quelli","184":"fra","185":"posto","186":"possono","187":"chiesa","188":"po","189":"venne","190":"corso","191":"film","192":"tu","193":"ore","194":"detto","195":"negli","196":"visto","197":"queste","198":"li","199":"foto","200":"poco","201":"punto","202":"territorio","203":"zona","204":"governo","205":"volte","206":"possibile","207":"sarebbe","208":"sui","209":"sistema","210":"avere","211":"momento","212":"nostro","213":"insieme","214":"piano","215":"quel","216":"tutta","217":"provincia","218":"italiano","219":"periodo","220":"qualche","221":"numero","222":"molti","223":"quasi","224":"soprattutto","225":"famiglia","226":"voi","227":"esempio","228":"deve","229":"ci\u00f2","230":"sulle","231":"attivit\u00e0","232":"meglio","233":"gruppo","234":"guerra","235":"sue","236":"milano","237":"seconda","238":"aver","239":"cose","240":"seguito","241":"the","242":"euro","243":"rispetto","244":"so","245":"inoltre","246":"base","247":"ben","248":"ecco","249":"particolare","250":"sito","251":"sto","252":"allora","253":"vero","254":"far","255":"allo","256":"dice","257":"tipo","258":"lei","259":"grandi","260":"vedere","261":"quelle","262":"troppo","263":"spesso","264":"fuori","265":"buon","266":"buona","267":"bella","268":"societ\u00e0","269":"stessa","270":"terra","271":"presidente","272":"forse","273":"fanno","274":"importante","275":"fosse","276":"nostra","277":"tuo","278":"alcune","279":"vista","280":"sembra","281":"trova","282":"presso","283":"campo","284":"tale","285":"attraverso","286":"servizio","287":"dato","288":"lungo","289":"mare","290":"uomo","291":"milioni","292":"gente","293":"scuola","294":"gran","295":"corsi","296":"nazionale","297":"forma","298":"furono","299":"davvero","300":"mesi","301":"politica","302":"col","303":"morte","304":"donna","305":"nessuno","306":"quattro","307":"appena","308":"parole","309":"legge","310":"livello","311":"certo","312":"andare","313":"male","314":"progetto","315":"strada","316":"bambini","317":"porta","318":"abitanti","319":"tua","320":"successo","321":"realt\u00e0","322":"problema","323":"libro","324":"subito","325":"niente","326":"pure","327":"prodotti","328":"causa","329":"primi","330":"nulla","331":"vengono","332":"italiani","333":"ormai","334":"persona","335":"donne","336":"giornata","337":"nuovi","338":"dagli","339":"stagione","340":"dati","341":"sa","342":"diverse","343":"diversi","344":"vuole","345":"senso","346":"cuore","347":"ricerca","348":"nostri","349":"forza","350":"almeno","351":"settembre","352":"generico","353":"maggio","354":"maria","355":"letto","356":"grado","357":"amici","358":"potrebbe","359":"luogo","360":"amore","361":"settimana","362":"cucina","363":"generale","364":"qualcosa","365":"nord","366":"dicembre","367":"natale","368":"mano","369":"studio","370":"pochi","371":"piazza","372":"adesso","373":"piccolo","374":"state","375":"re","376":"domani","377":"ieri","378":"italiana","379":"c\u00e8","380":"napoli","381":"regione","382":"nello","383":"notte","384":"qualcuno","385":"padre","386":"servizi","387":"voglio","388":"migliori","389":"giugno","390":"figlio","391":"presenza","392":"sera","393":"squadra","394":"mondiale","395":"consiglio","396":"mercato","397":"avete","398":"mezzo","399":"forte","400":"credo","401":"allinterno","402":"online","403":"titolo","404":"maggiore","405":"propria","406":"genere","407":"trovare","408":"minuti","409":"s\u00ec","410":"ce","411":"unico","412":"cio\u00e8","413":"luglio","414":"informazioni","415":"musica","416":"continua","417":"cazzo","418":"problemi","419":"papa","420":"basta","421":"tanti","422":"km","423":"avuto","424":"posizione","425":"bisogno","426":"dio","427":"pubblico","428":"termine","429":"salvini","430":"sede","431":"repubblica","432":"santa","433":"sud","434":"data","435":"nuove","436":"aprile","437":"programma","438":"dare","439":"produzione","440":"marzo","441":"siete","442":"vendita","443":"futuro","444":"europa","445":"web","446":"tratta","447":"tuttavia","448":"nonostante","449":"molte","450":"of","451":"spazio","452":"scritto","453":"principale","454":"qualit\u00e0","455":"partire","456":"qualsiasi","457":"parla","458":"finale","459":"giovanni","460":"testa","461":"domenica","462":"avrebbe","463":"gioco","464":"punti","465":"calcio","466":"corpo","467":"mese","468":"tempi","469":"possibilit\u00e0","470":"migliore","471":"sviluppo","472":"sicurezza","473":"ottobre","474":"perch\u00e8","475":"bello","476":"vicino","477":"presente","478":"fronte","479":"novembre","480":"importanti","481":"passato","482":"opere","483":"camera","484":"nell","485":"parlare","486":"maggior","487":"miei","488":"prezzo","489":"cinque","490":"francese","491":"uomini","492":"prodotto","493":"stile","494":"ultimi","495":"potere","496":"gennaio","497":"cultura","498":"auto","499":"giovani","500":"posso","501":"comuni","502":"tv","503":"madre","504":"prendere","505":"sole","506":"formazione","507":"giovane","508":"presenti","509":"francesco","510":"post","511":"principali","512":"tramite","513":"valore","514":"saranno","515":"popolazione","516":"bagno","517":"linea","518":"capire","519":"paesi","520":"stelle","521":"met\u00e0","522":"buongiorno","523":"diritto","524":"ragazzi","525":"regno","526":"comunit\u00e0","527":"ciao","528":"siano","529":"vari","530":"scelta","531":"abbia","532":"storico","533":"sinistra","534":"faccia","535":"oppure","536":"agosto","537":"internazionale","538":"gestione","539":"luce","540":"festa","541":"media","542":"semplice","543":"partito","544":"opera","545":"conto","546":"viaggio","547":"soldi","548":"castello","549":"situazione","550":"casi","551":"comunale","552":"lavori","553":"metri","554":"sapere","555":"valle","556":"ex","557":"francia","558":"bisogna","559":"lingua","560":"puoi","561":"stanno","562":"usa","563":"settore","564":"ruolo","565":"probabilmente","566":"premio","567":"versione","568":"rete","569":"alto","570":"presenta","571":"costruzione","572":"faccio","573":"personale","574":"arriva","575":"controllo","576":"ministro","577":"palazzo","578":"monte","579":"piccola","580":"classe","581":"locale","582":"struttura","583":"composto","584":"risultati","585":"giusto","586":"dall","587":"propriet\u00e0","588":"torino","589":"guida","590":"massimo","591":"vorrei","592":"lega","593":"condizioni","594":"giro","595":"uniti","596":"penso","597":"paolo","598":"effetti","599":"hotel","600":"alta","601":"siti","602":"devo","603":"vuoi","604":"prime","605":"carlo","606":"magari","607":"incontro","608":"completamente","609":"ii","610":"studi","611":"possa","612":"difficile","613":"vedo","614":"fai","615":"villa","616":"vera","617":"mettere","618":"ultimo","619":"altra","620":"esiste","621":"capo","622":"parti","623":"acqua","624":"pd","625":"cerca","626":"mostra","627":"capito","628":"ragione","629":"dovrebbe","630":"fiume","631":"to","632":"voce","633":"nemmeno","634":"torna","635":"natura","636":"centrale","637":"breve","638":"occasione","639":"piace","640":"piccoli","641":"figli","642":"new","643":"spero","644":"inizio","645":"leggere","646":"stampa","647":"rapporto","648":"vivere","649":"costa","650":"ufficiale","651":"totale","652":"uso","653":"sindaco","654":"sabato","655":"avevano","656":"vede","657":"varie","658":"conte","659":"febbraio","660":"firenze","661":"campionato","662":"davanti","663":"cura","664":"naturale","665":"accordo","666":"devono","667":"pensare","668":"funzione","669":"popolo","670":"terzo","671":"occhi","672":"elementi","673":"modello","674":"ac","675":"veramente","676":"mq","677":"bianco","678":"sopra","679":"eh","680":"sociale","681":"ebbe","682":"prova","683":"trovato","684":"poter","685":"direttamente","686":"tour","687":"appartamento","688":"presto","689":"locali","690":"pur","691":"guarda","692":"germania","693":"fatti","694":"numerosi","695":"purtroppo","696":"gara","697":"messo","698":"nessun","699":"vittoria","700":"specie","701":"social","702":"fondo","703":"propri","704":"twitter","705":"teatro","706":"giuseppe","707":"camere","708":"serata","709":"avanti","710":"colori","711":"pare","712":"famiglie","713":"bel","714":"dico","715":"stare","716":"amp","717":"successivamente","718":"fase","719":"resto","720":"pace","721":"destra","722":"pubblicato","723":"articolo","724":"vedi","725":"eventi","726":"movimento","727":"aziende","728":"ovvero","729":"ordine","730":"unica","731":"sala","732":"diretta","733":"risultato","734":"ritorno","735":"tweet","736":"gt","737":"superiore","738":"marco","739":"pari","740":"processo","741":"sport","742":"caratteristiche","743":"mamma","744":"piedi","745":"fatta","746":"on","747":"preso","748":"felice","749":"piuttosto","750":"parco","751":"libert\u00e0","752":"soluzione","753":"scrivere","754":"egli","755":"libri","756":"inizia","757":"intorno","758":"avevo","759":"facendo","760":"madonna","761":"vanno","762":"chiamato","763":"sicuramente","764":"paura","765":"dentro","766":"ponte","767":"motivo","768":"precedente","769":"differenza","770":"favore","771":"incontri","772":"leggi","773":"voglia","774":"dietro","775":"crisi","776":"parola","777":"creare","778":"stasera","779":"immagini","780":"dovuto","781":"cinema","782":"significa","783":"nero","784":"n\u00e9","785":"ragazza","786":"soggiorno","787":"merda","788":"news","789":"numerose","790":"pubblica","791":"partita","792":"dunque","793":"comunicazione","794":"idee","795":"basso","796":"finalmente","797":"ovviamente","798":"numeri","799":"reale","800":"bambino","801":"localit\u00e0","802":"passo","803":"codice","804":"internet","805":"mani","806":"capacit\u00e0","807":"verde","808":"poich\u00e9","809":"ricordo","810":"conoscere","811":"passare","812":"venezia","813":"campagna","814":"esperienza","815":"sicuro","816":"serve","817":"disponibile","818":"quei","819":"museo","820":"sola","821":"essendo","822":"nota","823":"risposta","824":"tecnica","825":"idea","826":"ottenere","827":"riferimento","828":"case","829":"gratis","830":"cittadini","831":"pietro","832":"porto","833":"milan","834":"ingresso","835":"notizie","836":"percorso","837":"infine","838":"terza","839":"club","840":"pagina","841":"mila","842":"usato","843":"essa","844":"tante","845":"verit\u00e0","846":"rischio","847":"diritti","848":"animali","849":"fin","850":"dedicato","851":"mente","852":"colore","853":"team","854":"l\u00ec","855":"maniera","856":"lanno","857":"possiamo","858":"direzione","859":"carta","860":"facile","861":"permette","862":"ok","863":"inglese","864":"romano","865":"capitale","866":"legno","867":"amico","868":"divenne","869":"salute","870":"difficolt\u00e0","871":"radio","872":"festival","873":"forze","874":"ideale","875":"stazione","876":"lunga","877":"miglior","878":"personaggi","879":"auguri","880":"originale","881":"necessario","882":"questione","883":"memoria","884":"prende","885":"diventa","886":"stiamo","887":"moglie","888":"speciale","889":"relazione","890":"amo","891":"vale","892":"vostro","893":"essi","894":"prezzi","895":"sai","896":"ero","897":"vogliono","898":"gruppi","899":"posti","900":"acquistare","901":"commerciale","902":"noto","903":"visita","904":"offre","905":"tema","906":"strumenti","907":"richiesta","908":"mattina","909":"disponibili","910":"nato","911":"vostra","912":"direttore","913":"giardino","914":"neanche","915":"pensa","916":"corte","917":"and","918":"trovano","919":"frazione","920":"ultima","921":"mie","922":"rappresenta","923":"raggiungere","924":"luoghi","925":"deciso","926":"civile","927":"entrambi","928":"scuole","929":"libero","930":"italiane","931":"genova","932":"secoli","933":"testo","934":"soltanto","935":"militare","936":"interno","937":"morti","938":"prossimo","939":"origine","940":"covid","941":"riguarda","942":"diventare","943":"attenzione","944":"chiama","945":"sistemi","946":"stai","947":"distanza","948":"politico","949":"s\u00e9","950":"piaciuto","951":"fece","952":"categoria","953":"aspetto","954":"domanda","955":"fratello","956":"sale","957":"fuoco","958":"tali","959":"imprese","960":"coronavirus","961":"semplicemente","962":"portare","963":"et\u00e0","964":"polizia","965":"dallo","966":"arrivare","967":"piccole","968":"stessi","969":"arte","970":"computer","971":"nn","972":"perdere","973":"chat","974":"scena","975":"soli","976":"pensiero","977":"borgo","978":"portato","979":"zone","980":"quest","981":"edizione","982":"rende","983":"piu","984":"porno","985":"sicilia","986":"giochi","987":"battaglia","988":"stella","989":"tradizione","990":"ah","991":"passa","992":"antonio","993":"misura","994":"teoria","995":"evento","996":"disposizione","997":"ecc","998":"notizia","999":"romana","1000":"sogno","1001":"dedicata","1002":"scegliere","1003":"formula","1004":"lago","1005":"regionale","1006":"abbastanza","1007":"attualmente","1008":"colpa","1009":"santo","1010":"voto","1011":"carriera","1012":"energia","1013":"particolarmente","1014":"esso","1015":"nostre","1016":"tornare","1017":"lista","1018":"figura","1019":"morto","1020":"canzone","1021":"perso","1022":"clienti","1023":"collaborazione","1024":"lavorare","1025":"oggetti","1026":"estate","1027":"pieno","1028":"mille","1029":"riesce","1030":"esistono","1031":"fate","1032":"conoscenza","1033":"dimensioni","1034":"azienda","1035":"entro","1036":"mette","1037":"ditalia","1038":"difesa","1039":"nasce","1040":"situato","1041":"apple","1042":"peso","1043":"rosso","1044":"maggiori","1045":"do","1046":"scopo","1047":"rosa","1048":"sull","1049":"qua","1050":"chiaro","1051":"torre","1052":"sesso","1053":"bellezza","1054":"alessandro","1055":"sugli","1056":"est","1057":"assieme","1058":"bellissima","1059":"vecchio","1060":"vinto","1061":"tecnico","1062":"ultime","1063":"complesso","1064":"spagna","1065":"personaggio","1066":"compagnia","1067":"finito","1068":"venerd\u00ec","1069":"val","1070":"ampio","1071":"massa","1072":"culo","1073":"usare","1074":"poteva","1075":"articoli","1076":"canale","1077":"offerte","1078":"raga","1079":"simile","1080":"epoca","1081":"superficie","1082":"verr\u00e0","1083":"realizzato","1084":"leader","1085":"pronto","1086":"andrea","1087":"sette","1088":"precedenti","1089":"coloro","1090":"parlamento","1091":"livelli","1092":"tuoi","1093":"assolutamente","1094":"design","1095":"bologna","1096":"palermo","1097":"pro","1098":"completa","1099":"stefano","1100":"sento","1101":"rimane","1102":"vennero","1103":"realizzazione","1104":"parigi","1105":"libera","1106":"elezioni","1107":"scorso","1108":"storie","1109":"posta","1110":"assistenza","1111":"culturale","1112":"raccolta","1113":"genitori","1114":"pratica","1115":"giocatori","1116":"medico","1117":"gas","1118":"cambio","1119":"dieci","1120":"dobbiamo","1121":"ottimo","1122":"cercare","1123":"europea","1124":"pelle","1125":"proprie","1126":"live","1127":"cambiare","1128":"capoluogo","1129":"cielo","1130":"unit\u00e0","1131":"costo","1132":"quantit\u00e0","1133":"luigi","1134":"lotta","1135":"file","1136":"interessante","1137":"solito","1138":"manca","1139":"messaggio","1140":"tedesco","1141":"utilizzato","1142":"consegna","1143":"novit\u00e0","1144":"lascia","1145":"danni","1146":"crescita","1147":"macchina","1148":"scrive","1149":"professionale","1150":"considerato","1151":"chiedere","1152":"effetto","1153":"co","1154":"dettagli","1155":"valori","1156":"lato","1157":"interesse","1158":"calabria","1159":"fossero","1160":"regioni","1161":"ragazzo","1162":"d\u00e0","1163":"renzi","1164":"chiesto","1165":"que","1166":"luned\u00ec","1167":"maggioranza","1168":"unaltra","1169":"figlia","1170":"facebook","1171":"velocit\u00e0","1172":"test","1173":"vai","1174":"disco","1175":"passaggio","1176":"luna","1177":"entrare","1178":"diverso","1179":"juve","1180":"conti","1181":"digitale","1182":"messa","1183":"uscita","1184":"potete","1185":"fortuna","1186":"contratto","1187":"colpo","1188":"piacere","1189":"studenti","1190":"coppia","1191":"nessuna","1192":"londra","1193":"anzi","1194":"sentire","1195":"merito","1196":"passione","1197":"capelli","1198":"com","1199":"son","1200":"poche","1201":"risulta","1202":"europeo","1203":"vogliamo","1204":"proposta","1205":"romani","1206":"cm","1207":"pietra","1208":"top","1209":"scusa","1210":"zero","1211":"utilizzare","1212":"giorgio","1213":"visione","1214":"attorno","1215":"termini","1216":"risorse","1217":"squadre","1218":"area","1219":"migranti","1220":"fenomeno","1221":"utenti","1222":"aperto","1223":"completo","1224":"protagonista","1225":"medici","1226":"documenti","1227":"normale","1228":"don","1229":"farlo","1230":"supporto","1231":"entra","1232":"ricetta","1233":"moto","1234":"materiale","1235":"membri","1236":"certa","1237":"giocare","1238":"vino","1239":"deriva","1240":"scoprire","1241":"blog","1242":"luca","1243":"pagamento","1244":"dicono","1245":"corsa","1246":"sarebbero","1247":"lontano","1248":"tecniche","1249":"belle","1250":"nascita","1251":"evitare","1252":"analisi","1253":"bellissimo","1254":"iii","1255":"inter","1256":"confronti","1257":"piena","1258":"politici","1259":"pensato","1260":"recente","1261":"lettera","1262":"perfetto","1263":"linee","1264":"atto","1265":"passi","1266":"costi","1267":"fonte","1268":"profilo","1269":"note","1270":"singolo","1271":"standard","1272":"centri","1273":"progetti","1274":"settimane","1275":"fondamentale","1276":"chiamata","1277":"popolare","1278":"partenza","1279":"confronto","1280":"album","1281":"vediamo","1282":"peggio","1283":"spettacolo","1284":"durata","1285":"strade","1286":"contatto","1287":"resta","1288":"ambiente","1289":"blu","1290":"ca","1291":"vostri","1292":"pagine","1293":"sociali","1294":"tipi","1295":"contrario","1296":"decreto","1297":"aree","1298":"carica","1299":"iniziato","1300":"importanza","1301":"oggetto","1302":"ricorda","1303":"spese","1304":"caro","1305":"devi","1306":"realizzare","1307":"strutture","1308":"seguenti","1309":"attuale","1310":"vado","1311":"pubblici","1312":"nonch\u00e9","1313":"aspetti","1314":"tardi","1315":"cavallo","1316":"danno","1317":"quarto","1318":"successivo","1319":"seguire","1320":"lavoratori","1321":"carattere","1322":"farsi","1323":"strumento","1324":"tenere","1325":"necessit\u00e0","1326":"presentazione","1327":"signore","1328":"uscire","1329":"vento","1330":"creato","1331":"confine","1332":"economica","1333":"aiuto","1334":"costituzione","1335":"soluzioni","1336":"commento","1337":"veneto","1338":"scala","1339":"capisco","1340":"pena","1341":"temperatura","1342":"ges\u00f9","1343":"alcun","1344":"chiede","1345":"indipendente","1346":"chiusura","1347":"rapporti","1348":"ministero","1349":"politiche","1350":"entrambe","1351":"allinizio","1352":"canzoni","1353":"volete","1354":"bocca","1355":"violenza","1356":"tradizionale","1357":"momenti","1358":"facciamo","1359":"notevole","1360":"puntata","1361":"antico","1362":"miliardi","1363":"scelto","1364":"scarpe","1365":"super","1366":"laltro","1367":"vivo","1368":"trattamento","1369":"appunto","1370":"materiali","1371":"avrei","1372":"campi","1373":"intanto","1374":"prese","1375":"pi","1376":"telefono","1377":"umano","1378":"praticamente","1379":"toscana","1380":"moderna","1381":"prossima","1382":"prove","1383":"mario","1384":"vs","1385":"moda","1386":"giustizia","1387":"scoperto","1388":"bassa","1389":"terreno","1390":"attesa","1391":"vecchia","1392":"matteo","1393":"pomeriggio","1394":"gol","1395":"partite","1396":"funziona","1397":"modi","1398":"femminile","1399":"misure","1400":"modelli","1401":"racconta","1402":"stadio","1403":"resistenza","1404":"spiaggia","1405":"pianeta","1406":"lasciare","1407":"addirittura","1408":"bar","1409":"matrimonio","1410":"it","1411":"preventivo","1412":"certi","1413":"costruire","1414":"enne","1415":"migliorare","1416":"significato","1417":"sanno","1418":"impianti","1419":"ms","1420":"episodio","1421":"formato","1422":"materia","1423":"chiave","1424":"tecnologia","1425":"john","1426":"potrebbero","1427":"chiese","1428":"iv","1429":"intervista","1430":"avendo","1431":"rai","1432":"beh","1433":"regista","1434":"york","1435":"domande","1436":"universit\u00e0","1437":"porte","1438":"truppe","1439":"commissione","1440":"aggiunto","1441":"spirito","1442":"cane","1443":"ospedale","1444":"musicale","1445":"metodo","1446":"marina","1447":"forme","1448":"lazio","1449":"funzioni","1450":"fiducia","1451":"principe","1452":"europei","1453":"trasporto","1454":"software","1455":"inizialmente","1456":"doveva","1457":"cina","1458":"concerto","1459":"facilmente","1460":"luso","1461":"sezione","1462":"greco","1463":"punta","1464":"avesse","1465":"fisica","1466":"chiss\u00e0","1467":"latino","1468":"giornalista","1469":"schifo","1470":"speciali","1471":"ragazze","1472":"morire","1473":"pezzi","1474":"bari","1475":"pezzo","1476":"tue","1477":"bergamo","1478":"rendere","1479":"chiedo","1480":"privato","1481":"emergenza","1482":"dominio","1483":"na","1484":"date","1485":"segno","1486":"peccato","1487":"esattamente","1488":"complimenti","1489":"modalit\u00e0","1490":"diretto","1491":"cara","1492":"racconto","1493":"by","1494":"marketing","1495":"potenza","1496":"umani","1497":"dovrebbero","1498":"economico","1499":"lasciato","1500":"veloce","1501":"intervento","1502":"decisione","1503":"vince","1504":"mangiare","1505":"enrico","1506":"tratto","1507":"principio","1508":"grave","1509":"mancanza","1510":"costante","1511":"speriamo","1512":"dolce","1513":"minimo","1514":"vincere","1515":"romanzo","1516":"star","1517":"ve","1518":"particolari","1519":"altrimenti","1520":"collega","1521":"commercio","1522":"cercando","1523":"rossa","1524":"simbolo","1525":"storica","1526":"annunci","1527":"andata","1528":"nomi","1529":"regole","1530":"stesse","1531":"storici","1532":"ferro","1533":"chilometri","1534":"volo","1535":"virus","1536":"inferiore","1537":"vuol","1538":"ospiti","1539":"traffico","1540":"principalmente","1541":"finire","1542":"puglia","1543":"stava","1544":"permesso","1545":"pressione","1546":"armi","1547":"certe","1548":"simili","1549":"riguardo","1550":"litalia","1551":"dolore","1552":"aria","1553":"sentito","1554":"costruito","1555":"patrimonio","1556":"banca","1557":"avr\u00e0","1558":"veniva","1559":"cosi","1560":"spesa","1561":"vie","1562":"maestro","1563":"vacanze","1564":"app","1565":"fianco","1566":"forti","1567":"contenuti","1568":"prevede","1569":"protezione","1570":"doppio","1571":"seguente","1572":"onda","1573":"fiori","1574":"sullo","1575":"band","1576":"scoperta","1577":"militari","1578":"venire","1579":"chiuso","1580":"responsabilit\u00e0","1581":"vescovo","1582":"massima","1583":"bianca","1584":"commenti","1585":"artisti","1586":"speranza","1587":"fede","1588":"america","1589":"turismo","1590":"aperta","1591":"visitare","1592":"volevo","1593":"voti","1594":"corrente","1595":"apre","1596":"lombardia","1597":"angolo","1598":"pagare","1599":"arrivo","1600":"eccellenza","1601":"compleanno","1602":"giocatore","1603":"paio","1604":"corona","1605":"onore","1606":"pazienti","1607":"territori","1608":"piani","1609":"olio","1610":"ricevuto","1611":"comprare","1612":"parlato","1613":"vive","1614":"abbraccio","1615":"trieste","1616":"ovest","1617":"creazione","1618":"umana","1619":"presa","1620":"antica","1621":"odio","1622":"ricordare","1623":"documento","1624":"primavera","1625":"minore","1626":"definizione","1627":"alberto","1628":"aiutare","1629":"beni","1630":"dialetto","1631":"quanti","1632":"arrivato","1633":"fondazione","1634":"presentato","1635":"far\u00e0","1636":"contesto","1637":"cibo","1638":"mor\u00ec","1639":"concetto","1640":"compito","1641":"ridere","1642":"google","1643":"faceva","1644":"letteratura","1645":"l\u00e0","1646":"classico","1647":"comprende","1648":"for","1649":"ricco","1650":"caldo","1651":"ufficio","1652":"riusc\u00ec","1653":"mantenere","1654":"bilancio","1655":"pubblicazione","1656":"attacco","1657":"rossi","1658":"cena","1659":"otto","1660":"roberto","1661":"esse","1662":"situata","1663":"industriale","1664":"composta","1665":"regalo","1666":"caff\u00e8","1667":"fondi","1668":"conosciuto","1669":"nuovamente","1670":"ue","1671":"soggetto","1672":"provenienti","1673":"solamente","1674":"avrebbero","1675":"gusto","1676":"sostegno","1677":"discorso","1678":"campione","1679":"inizi\u00f2","1680":"potr\u00e0","1681":"consente","1682":"organizzazione","1683":"sin","1684":"autori","1685":"feste","1686":"positivo","1687":"trattato","1688":"0tour","1689":"luomo","1690":"denaro","1691":"gioia","1692":"malattia","1693":"laurea","1694":"cristo","1695":"naturali","1696":"economia","1697":"lultimo","1698":"responsabile","1699":"detta","1700":"pass\u00f2","1701":"pressi","1702":"negozio","1703":"buone","1704":"semplici","1705":"successivi","1706":"vicina","1707":"vacanza","1708":"master","1709":"lunico","1710":"aumento","1711":"carico","1712":"iniziare","1713":"concorso","1714":"conferma","1715":"link","1716":"et","1717":"principi","1718":"classifica","1719":"caratteristica","1720":"buono","1721":"mezzi","1722":"solidariet\u00e0","1723":"villaggio","1724":"continuo","1725":"impegno","1726":"azione","1727":"fonti","1728":"0000","1729":"monti","1730":"possibili","1731":"guardare","1732":"azioni","1733":"operazioni","1734":"cambia","1735":"feudo","1736":"amica","1737":"sebbene","1738":"culturali","1739":"voluto","1740":"scienza","1741":"tanta","1742":"ognuno","1743":"giusta","1744":"continuare","1745":"dipartimento","1746":"dante","1747":"recensione","1748":"auguro","1749":"programmi","1750":"appuntamento","1751":"dellanno","1752":"coraggio","1753":"bravo","1754":"nata","1755":"consigli","1756":"michele","1757":"anna","1758":"conseguenza","1759":"cos","1760":"info","1761":"terre","1762":"acque","1763":"cento","1764":"vittime","1765":"mg","1766":"nellambito","1767":"inutile","1768":"ciclo","1769":"francesi","1770":"rivoluzione","1771":"giulia","1772":"marted\u00ec","1773":"esterno","1774":"como","1775":"compreso","1776":"conferenza","1777":"motivi","1778":"coppa","1779":"riesco","1780":"fondata","1781":"sangue","1782":"quotidiano","1783":"linguaggio","1784":"manifestazione","1785":"scambio","1786":"condizione","1787":"notare","1788":"ligure","1789":"ricordi","1790":"regime","1791":"recentemente","1792":"lunica","1793":"lettura","1794":"pertanto","1795":"parma","1796":"famoso","1797":"registrati","1798":"trasmissione","1799":"atti","1800":"insomma","1801":"carabinieri","1802":"lorenzo","1803":"limite","1804":"sardegna","1805":"democrazia","1806":"recensioni","1807":"parlando","1808":"offerta","1809":"legato","1810":"medio","1811":"messi","1812":"opzioni","1813":"sfida","1814":"contiene","1815":"piante","1816":"fan","1817":"obiettivo","1818":"negozi","1819":"pero","1820":"piatto","1821":"utili","1822":"coi","1823":"verona","1824":"pronti","1825":"potuto","1826":"utile","1827":"dotato","1828":"diventato","1829":"woolrich","1830":"eppure","1831":"prof","1832":"spazi","1833":"studiare","1834":"componenti","1835":"lunghezza","1836":"dando","1837":"oro","1838":"acquisto","1839":"privati","1840":"pranzo","1841":"ascoltare","1842":"benissimo","1843":"affrontare","1844":"professionisti","1845":"gioved\u00ec","1846":"decide","1847":"medicina","1848":"divisione","1849":"pasta","1850":"impossibile","1851":"silenzio","1852":"marito","1853":"sino","1854":"sconto","1855":"salone","1856":"regina","1857":"condominio","1858":"isola","1859":"propone","1860":"pubblicit\u00e0","1861":"set","1862":"montagna","1863":"scrivi","1864":"partecipazione","1865":"sappiamo","1866":"incidente","1867":"conta","1868":"scritta","1869":"immagine","1870":"line","1871":"critica","1872":"croce","1873":"belli","1874":"agenzia","1875":"voleva","1876":"ottenuto","1877":"spiega","1878":"gratuitamente","1879":"berlusconi","1880":"leone","1881":"frattempo","1882":"differenti","1883":"sorge","1884":"giappone","1885":"volume","1886":"tradizioni","1887":"antichi","1888":"finisce","1889":"missione","1890":"soldati","1891":"motore","1892":"mobile","1893":"origini","1894":"sanit\u00e0","1895":"partecipare","1896":"appare","1897":"rispondere","1898":"provare","1899":"scrittore","1900":"andato","1901":"fiscale","1902":"tentativo","1903":"testi","1904":"canto","1905":"svolge","1906":"reggio","1907":"chiunque","1908":"dura","1909":"mediante","1910":"collezione","1911":"generazione","1912":"firma","1913":"dipendenti","1914":"terme","1915":"contenuto","1916":"qual","1917":"eletto","1918":"diversa","1919":"secondi","1920":"cartongesso","1921":"totalmente","1922":"sacco","1923":"risale","1924":"palle","1925":"manco","1926":"controsoffitti","1927":"tedeschi","1928":"mercoled\u00ec","1929":"port\u00f2","1930":"art","1931":"internazionali","1932":"conosce","1933":"perdita","1934":"ulteriori","1935":"mura","1936":"dipende","1937":"globale","1938":"famosa","1939":"carne","1940":"giunta","1941":"raggiunto","1942":"doro","1943":"organizzato","1944":"quartiere","1945":"esigenze","1946":"istituzioni","1947":"accanto","1948":"ristorante","1949":"franco","1950":"es","1951":"emilia","1952":"nazionali","1953":"costituito","1954":"love","1955":"lavora","1956":"descrizione","1957":"rivista","1958":"veri","1959":"soggetti","1960":"maio","1961":"opportunit\u00e0","1962":"richieste","1963":"clima","1964":"rimase","1965":"business","1966":"aspettiamo","1967":"trovo","1968":"ss","1969":"arrestato","1970":"cambiamento","1971":"previsto","1972":"quadro","1973":"dovr\u00e0","1974":"salvare","1975":"temi","1976":"stanza","1977":"maglia","1978":"elemento","1979":"matematica","1980":"capitano","1981":"interna","1982":"perfetta","1983":"esce","1984":"triste","1985":"poesia","1986":"edifici","1987":"single","1988":"tal","1989":"fornire","1990":"sconfitta","1991":"ambito","1992":"lingue","1993":"tavola","1994":"accesso","1995":"tracce","1996":"federico","1997":"credere","1998":"show","1999":"direi","2000":"riforma","2001":"moderno","2002":"colonna","2003":"promozione","2004":"autore","2005":"immediatamente","2006":"incredibile","2007":"gare","2008":"gratuito","2009":"tempio","2010":"ricca","2011":"lettere","2012":"interventi","2013":"sacro","2014":"personali","2015":"voci","2016":"arrivano","2017":"finch\u00e9","2018":"st","2019":"sbagliato","2020":"piatti","2021":"pc","2022":"gradi","2023":"utilizzando","2024":"bordo","2025":"farmacia","2026":"with","2027":"occidentale","2028":"clicca","2029":"ucciso","2030":"vittorio","2031":"giudizio","2032":"mm","2033":"chiara","2034":"posizioni","2035":"interessi","2036":"protagonisti","2037":"aspetta","2038":"rock","2039":"associazione","2040":"nazione","2041":"emozioni","2042":"frutto","2043":"dichiarato","2044":"mar","2045":"isole","2046":"pa","2047":"bandiera","2048":"dubbio","2049":"lultima","2050":"giornalisti","2051":"lezioni","2052":"disse","2053":"alcuna","2054":"finita","2055":"operatori","2056":"caccia","2057":"sorta","2058":"ricevere","2059":"generalmente","2060":"succede","2061":"email","2062":"sogni","2063":"treno","2064":"guardia","2065":"caduta","2066":"errore","2067":"autorit\u00e0","2068":"cinese","2069":"santi","2070":"concerti","2071":"bianchi","2072":"rifiuti","2073":"proposito","2074":"ama","2075":"americani","2076":"russia","2077":"bassi","2078":"fisico","2079":"tasse","2080":"reazione","2081":"ipotesi","2082":"utilizzati","2083":"registrazione","2084":"legale","2085":"aereo","2086":"relazioni","2087":"questultimo","2088":"tecnologie","2089":"servono","2090":"you","2091":"pe","2092":"comando","2093":"interni","2094":"divertente","2095":"religione","2096":"anima","2097":"parliamo","2098":"italy","2099":"cesare","2100":"pericolo","2101":"esperti","2102":"lidea","2103":"commerciali","2104":"pioggia","2105":"cc","2106":"aumentare","2107":"trump","2108":"meridionale","2109":"scopri","2110":"andando","2111":"abbiano","2112":"pizza","2113":"aggiornamento","2114":"aprire","2115":"sembrano","2116":"considerazione","2117":"nera","2118":"signora","2119":"sorriso","2120":"quota","2121":"ottima","2122":"assoluto","2123":"pilota","2124":"migliaia","2125":"piscina","2126":"elettrica","2127":"elettorale","2128":"obiettivi","2129":"decise","2130":"palco","2131":"informazione","2132":"buoni","2133":"membro","2134":"en","2135":"titoli","2136":"dici","2137":"rivolta","2138":"sorella","2139":"kg","2140":"filippo","2141":"quante","2142":"pensavo","2143":"acquisti","2144":"capace","2145":"partiti","2146":"resti","2147":"box","2148":"portata","2149":"manutenzione","2150":"ch","2151":"muore","2152":"colle","2153":"torneo","2154":"galleria","2155":"tedesca","2156":"persino","2157":"culto","2158":"svolta","2159":"proprietario","2160":"ferrari","2161":"tribunale","2162":"composizione","2163":"minori","2164":"condividere","2165":"benessere","2166":"fascista","2167":"rimanere","2168":"duro","2169":"perfettamente","2170":"reso","2171":"cani","2172":"viaggi","2173":"naturalmente","2174":"nicola","2175":"monastero","2176":"trovi","2177":"cottura","2178":"dieta","2179":"splendida","2180":"cd","2181":"prego","2182":"cristiana","2183":"xvi","2184":"fratelli","2185":"giornale","2186":"definitivamente","2187":"xviii","2188":"ufficialmente","2189":"regola","2190":"el","2191":"applicazioni","2192":"certamente","2193":"xii","2194":"binarie","2195":"energetica","2196":"tuttora","2197":"tranquilla","2198":"provinciale","2199":"esperienze","2200":"colazione","2201":"carcere","2202":"scienze","2203":"qualunque","2204":"cittadina","2205":"solare","2206":"david","2207":"taglio","2208":"oh","2209":"conquista","2210":"uffici","2211":"lancio","2212":"imparare","2213":"scene","2214":"network","2215":"cambiato","2216":"grecia","2217":"processi","2218":"mondiali","2219":"freddo","2220":"preparazione","2221":"limiti","2222":"vergogna","2223":"esatto","2224":"mandato","2225":"intero","2226":"ossia","2227":"decisamente","2228":"pasqua","2229":"caratterizzato","2230":"superiori","2231":"tendenza","2232":"occupa","2233":"prestazioni","2234":"adulti","2235":"errori","2236":"campania","2237":"suono","2238":"orientale","2239":"sorpresa","2240":"confini","2241":"frequenza","2242":"abitato","2243":"brescia","2244":"tutela","2245":"amministrazione","2246":"contributo","2247":"quegli","2248":"tipici","2249":"record","2250":"claudio","2251":"europee","2252":"definire","2253":"pensate","2254":"giallo","2255":"recenti","2256":"cervello","2257":"sportivo","2258":"perche","2259":"poveri","2260":"giacomo","2261":"vantaggio","2262":"cliente","2263":"stamattina","2264":"scelte","2265":"avviene","2266":"discussione","2267":"indagini","2268":"rimasto","2269":"mica","2270":"stranieri","2271":"cronaca","2272":"serio","2273":"certificato","2274":"fiera","2275":"aspettare","2276":"scusate","2277":"latina","2278":"lati","2279":"gamma","2280":"cera","2281":"smartphone","2282":"segreto","2283":"segue","2284":"spedizione","2285":"weekend","2286":"dormire","2287":"senato","2288":"combattere","2289":"cattolica","2290":"sostanze","2291":"iniziativa","2292":"xv","2293":"giornate","2294":"candidato","2295":"corriere","2296":"pianta","2297":"centinaia","2298":"ampia","2299":"classica","2300":"risolvere","2301":"scientifico","2302":"gestire","2303":"distribuzione","2304":"roba","2305":"diffusione","2306":"parlano","2307":"definita","2308":"appello","2309":"riscaldamento","2310":"votare","2311":"sti","2312":"maschile","2313":"laboratorio","2314":"volont\u00e0","2315":"minuto","2316":"nave","2317":"vabb\u00e8","2318":"solitamente","2319":"muro","2320":"tifosi","2321":"windows","2322":"schermo","2323":"comportamento","2324":"figure","2325":"crescere","2326":"tocca","2327":"reali","2328":"tecnici","2329":"vissuto","2330":"tornato","2331":"investimenti","2332":"scrittura","2333":"settentrionale","2334":"onde","2335":"nacque","2336":"city","2337":"americano","2338":"dollari","2339":"dc","2340":"cittadinanza","2341":"lt","2342":"privata","2343":"nove","2344":"forno","2345":"venivano","2346":"controlli","2347":"ordini","2348":"apertura","2349":"basato","2350":"ristoranti","2351":"cantante","2352":"alti","2353":"campionati","2354":"chiudere","2355":"occhio","2356":"indica","2357":"redazione","2358":"indietro","2359":"norma","2360":"referendum","2361":"grosso","2362":"xiii","2363":"passando","2364":"accessori","2365":"cittadino","2366":"crea","2367":"piangere","2368":"duca","2369":"frutta","2370":"marche","2371":"pensi","2372":"capisce","2373":"unito","2374":"partner","2375":"xx","2376":"day","2377":"ricette","2378":"biglietti","2379":"costituisce","2380":"mo","2381":"svizzera","2382":"borsa","2383":"mini","2384":"stemma","2385":"affari","2386":"tratti","2387":"proponiamo","2388":"ridurre","2389":"padova","2390":"calendario","2391":"racconti","2392":"manager","2393":"medievale","2394":"utilizzo","2395":"credito","2396":"giapponese","2397":"portano","2398":"trono","2399":"desiderio","2400":"lavorato","2401":"prossimi","2402":"popolazioni","2403":"crema","2404":"vicini","2405":"harry","2406":"frase","2407":"fortemente","2408":"capitolo","2409":"riuscito","2410":"dicendo","2411":"rischi","2412":"ottenne","2413":"ufficiali","2414":"medioevo","2415":"nobile","2416":"monaco","2417":"vittima","2418":"perde","2419":"sviluppare","2420":"carte","2421":"permettono","2422":"tiene","2423":"personalmente","2424":"mafia","2425":"effettuare","2426":"sviluppato","2427":"dellimpero","2428":"celebre","2429":"antiche","2430":"disegno","2431":"fatica","2432":"blocco","2433":"morale","2434":"turno","2435":"dacqua","2436":"lezione","2437":"soccorso","2438":"champions","2439":"definito","2440":"pisa","2441":"civili","2442":"comitato","2443":"lattivit\u00e0","2444":"appartamenti","2445":"potente","2446":"merita","2447":"economiche","2448":"metro","2449":"leggenda","2450":"conosciuta","2451":"attivo","2452":"giornali","2453":"cristiano","2454":"fatte","2455":"presentano","2456":"segni","2457":"limperatore","2458":"ricerche","2459":"russo","2460":"pagato","2461":"compare","2462":"passati","2463":"instagram","2464":"pesce","2465":"proposte","2466":"immigrati","2467":"darte","2468":"associazioni","2469":"americana","2470":"costruita","2471":"restare","2472":"risposte","2473":"unione","2474":"possiede","2475":"strano","2476":"biblioteca","2477":"partecipato","2478":"troviamo","2479":"reddito","2480":"congresso","2481":"rilievo","2482":"incontrare","2483":"sensazione","2484":"tranquillo","2485":"situazioni","2486":"raggiunge","2487":"altezza","2488":"eventuali","2489":"utilizza","2490":"usata","2491":"iphone","2492":"potranno","2493":"neve","2494":"estremamente","2495":"spalle","2496":"stretto","2497":"leonardo","2498":"latte","2499":"nemici","2500":"sguardo","2501":"spa","2502":"venuto","2503":"scaricare","2504":"sergio","2505":"tranne","2506":"uguale","2507":"gratuita","2508":"anziani","2509":"michael","2510":"lopera","2511":"aiuta","2512":"dispiace","2513":"perci\u00f2","2514":"fuga","2515":"dimensione","2516":"tappa","2517":"portale","2518":"giudice","2519":"statua","2520":"anch","2521":"chiude","2522":"xix","2523":"mappa","2524":"is","2525":"evidente","2526":"banda","2527":"enorme","2528":"probabilit\u00e0","2529":"segnale","2530":"pap\u00e0","2531":"visti","2532":"fontana","2533":"malattie","2534":"santuario","2535":"possesso","2536":"francesca","2537":"droga","2538":"vicenda","2539":"catania","2540":"berlino","2541":"regia","2542":"fame","2543":"ospita","2544":"inserito","2545":"letteralmente","2546":"statunitense","2547":"valutazione","2548":"contrasto","2549":"attacchi","2550":"artistico","2551":"frazioni","2552":"matrimoniale","2553":"possano","2554":"piattaforma","2555":"fascia","2556":"cari","2557":"mal","2558":"dubbi","2559":"laccesso","2560":"dovuta","2561":"reti","2562":"accoglienza","2563":"offrire","2564":"province","2565":"prestito","2566":"stavo","2567":"dellepoca","2568":"dovete","2569":"comincia","2570":"bronzo","2571":"specifico","2572":"pubblicata","2573":"garanzia","2574":"continuano","2575":"provato","2576":"ambientale","2577":"arrivati","2578":"conflitto","2579":"diede","2580":"nazioni","2581":"esclusivamente","2582":"gratuiti","2583":"poeta","2584":"ripresa","2585":"occorre","2586":"cerimonia","2587":"porti","2588":"siena","2589":"sara","2590":"positivi","2591":"colpito","2592":"messina","2593":"navi","2594":"titolare","2595":"0\u00ba","2596":"fini","2597":"pubbliche","2598":"free","2599":"necessari","2600":"programmazione","2601":"costretto","2602":"ristrutturato","2603":"affitto","2604":"sostenere","2605":"nucleo","2606":"indirizzo","2607":"usati","2608":"polo","2609":"chimica","2610":"realizzata","2611":"home","2612":"profonda","2613":"firmato","2614":"riflessione","2615":"operativo","2616":"sente","2617":"dimostrato","2618":"tradizionali","2619":"venti","2620":"scomparsa","2621":"attori","2622":"bambina","2623":"fascismo","2624":"uscito","2625":"autonomia","2626":"marchio","2627":"conseguenze","2628":"bloccato","2629":"balcone","2630":"banche","2631":"vecchi","2632":"richiede","2633":"talmente","2634":"legata","2635":"sportiva","2636":"gravi","2637":"quarantena","2638":"palla","2639":"dimostra","2640":"doppia","2641":"riconoscimento","2642":"mancano","2643":"quinto","2644":"like","2645":"guerre","2646":"facolt\u00e0","2647":"coscienza","2648":"viagra","2649":"adoro","2650":"tragedia","2651":"meraviglioso","2652":"riccardo","2653":"compagni","2654":"concluso","2655":"riescono","2656":"noti","2657":"crede","2658":"vini","2659":"largo","2660":"catena","2661":"grazia","2662":"account","2663":"fiore","2664":"store","2665":"produttori","2666":"prevalentemente","2667":"selezione","2668":"prevenzione","2669":"variet\u00e0","2670":"votato","2671":"capodanno","2672":"realizzati","2673":"considerata","2674":"effettivamente","2675":"guardando","2676":"originali","2677":"variabile","2678":"leggo","2679":"tende","2680":"ansa","2681":"cancro","2682":"brutto","2683":"fondato","2684":"conosco","2685":"preferito","2686":"volto","2687":"alternativa","2688":"edificio","2689":"stop","2690":"questanno","2691":"paga","2692":"man","2693":"interessanti","2694":"lutilizzo","2695":"arrivata","2696":"tommaso","2697":"ridotto","2698":"giulio","2699":"moneta","2700":"be","2701":"gi\u00f9","2702":"fondamentali","2703":"chiusa","2704":"simone","2705":"tenuto","2706":"poteri","2707":"percentuale","2708":"tesi","2709":"dellisola","2710":"one","2711":"premier","2712":"addio","2713":"lazienda","2714":"diciamo","2715":"zucchero","2716":"iniziative","2717":"lucca","2718":"portando","2719":"nominato","2720":"pista","2721":"cit","2722":"lusso","2723":"scontro","2724":"vasta","2725":"comunista","2726":"angelo","2727":"accedere","2728":"norme","2729":"successive","2730":"dellordine","2731":"costituita","2732":"tesoro","2733":"allenatore","2734":"indicazioni","2735":"legati","2736":"dignit\u00e0","2737":"alimentare","2738":"rappresentazione","2739":"esempi","2740":"indicato","2741":"ovunque","2742":"somma","2743":"fattori","2744":"dondolo","2745":"quarta","2746":"match","2747":"recupero","2748":"ospite","2749":"srl","2750":"ferroviaria","2751":"macchine","2752":"regionali","2753":"turisti","2754":"dover","2755":"maggiormente","2756":"ricchi","2757":"parrocchiale","2758":"anti","2759":"riduzione","2760":"james","2761":"arriv\u00f2","2762":"convinto","2763":"parere","2764":"ricercatori","2765":"lhotel","2766":"decenni","2767":"popolari","2768":"agenti","2769":"time","2770":"medaglia","2771":"cosiddetto","2772":"sarei","2773":"raggi","2774":"brava","2775":"collina","2776":"van","2777":"juventus","2778":"up","2779":"ulteriore","2780":"panorama","2781":"ancor","2782":"professore","2783":"dovevano","2784":"etc","2785":"fotografia","2786":"versi","2787":"batteria","2788":"leggermente","2789":"intelligente","2790":"eu","2791":"boschi","2792":"sembrava","2793":"riprese","2794":"aggiungere","2795":"sapete","2796":"pronta","2797":"pensione","2798":"facciata","2799":"patria","2800":"ambienti","2801":"temperature","2802":"staff","2803":"strategia","2804":"bagni","2805":"decidere","2806":"organizzata","2807":"interessa","2808":"terremoto","2809":"argomenti","2810":"basi","2811":"funzionamento","2812":"dimenticare","2813":"compresa","2814":"relative","2815":"modifiche","2816":"produce","2817":"cerco","2818":"presentare","2819":"garage","2820":"intende","2821":"cappella","2822":"successiva","2823":"abitabile","2824":"diffuso","2825":"grillo","2826":"ritardo","2827":"superare","2828":"pane","2829":"andr\u00e0","2830":"tavolo","2831":"slm","2832":"filo","2833":"verranno","2834":"utilizzata","2835":"campioni","2836":"legate","2837":"opinioni","2838":"comprendere","2839":"recuperare","2840":"straordinaria","2841":"vicende","2842":"fila","2843":"gioca","2844":"xvii","2845":"godere","2846":"farmi","2847":"viso","2848":"esame","2849":"attiva","2850":"ragioni","2851":"alberi","2852":"riserva","2853":"lecce","2854":"vite","2855":"stagioni","2856":"musicali","2857":"capi","2858":"edizioni","2859":"sapevo","2860":"questultima","2861":"episodi","2862":"resa","2863":"vincenzo","2864":"cima","2865":"rispettivamente","2866":"partecipanti","2867":"professionali","2868":"premi","2869":"procura","2870":"gay","2871":"penisola","2872":"puo","2873":"probabile","2874":"mac","2875":"neri","2876":"felicit\u00e0","2877":"inghilterra","2878":"famosi","2879":"pio","2880":"periodi","2881":"dispositivo","2882":"girare","2883":"cinesi","2884":"calcolo","2885":"open","2886":"dovette","2887":"potenziale","2888":"ix","2889":"vostre","2890":"marino","2891":"visitatori","2892":"allanno","2893":"cristiani","2894":"liguria","2895":"navigazione","2896":"nemico","2897":"curiosit\u00e0","2898":"ebrei","2899":"percorsi","2900":"delluomo","2901":"visibile","2902":"responsabili","2903":"pareti","2904":"generali","2905":"vendo","2906":"denuncia","2907":"costituiscono","2908":"enti","2909":"risponde","2910":"allepoca","2911":"frasi","2912":"amare","2913":"scritti","2914":"lunghi","2915":"contemporanea","2916":"andiamo","2917":"chiaramente","2918":"settori","2919":"coda","2920":"ottiene","2921":"normalmente","2922":"compagno","2923":"taranto","2924":"lancia","2925":"metto","2926":"rivolto","2927":"filosofia","2928":"pensando","2929":"trento","2930":"finestra","2931":"doccia","2932":"diego","2933":"garantire","2934":"paesaggio","2935":"africa","2936":"schema","2937":"avranno","2938":"morta","2939":"basket","2940":"segretario","2941":"molta","2942":"los","2943":"diventata","2944":"rimasta","2945":"dialogo","2946":"nellarea","2947":"trovate","2948":"braccio","2949":"residenza","2950":"entrate","2951":"ferma","2952":"cerchi","2953":"cause","2954":"ricordato","2955":"adatto","2956":"falso","2957":"imperiale","2958":"mobili","2959":"montagne","2960":"cookie","2961":"operazione","2962":"raccogliere","2963":"personalit\u00e0","2964":"consumo","2965":"collegamento","2966":"fenomeni","2967":"denominazione","2968":"cellule","2969":"manifestazioni","2970":"sovrano","2971":"vorrebbe","2972":"questioni","2973":"cammino","2974":"gesto","2975":"testimonianza","2976":"argomento","2977":"ospedali","2978":"sonno","2979":"gentile","2980":"best","2981":"istituto","2982":"dispositivi","2983":"sensi","2984":"pubblicare","2985":"mattino","2986":"venga","2987":"statale","2988":"entrata","2989":"specialmente","2990":"minaccia","2991":"vuoto","2992":"oscar","2993":"finora","2994":"progettazione","2995":"dolci","2996":"tipico","2997":"sp","2998":"corpi","2999":"movimenti","3000":"sessuale","3001":"vedono","3002":"diceva","3003":"capita","3004":"professionista","3005":"paziente","3006":"vendere","3007":"caratterizzata","3008":"vada","3009":"lacqua","3010":"elegante","3011":"vincitore","3012":"trasformazione","3013":"competenza","3014":"civilt\u00e0","3015":"avvocato","3016":"determinato","3017":"lattuale","3018":"gg","3019":"my","3020":"fedeli","3021":"league","3022":"modena","3023":"panoramica","3024":"esclusiva","3025":"fornisce","3026":"incontra","3027":"arti","3028":"terreni","3029":"fermo","3030":"linizio","3031":"fabbrica","3032":"ricordiamo","3033":"maurizio","3034":"indicare","3035":"cioccolato","3036":"amicizia","3037":"imperatore","3038":"cazzi","3039":"televisione","3040":"diventano","3041":"raccontare","3042":"diventando","3043":"versioni","3044":"neppure","3045":"fantastico","3046":"accettare","3047":"preferisco","3048":"disponibilit\u00e0","3049":"meccanica","3050":"fusione","3051":"efficace","3052":"comunicato","3053":"pdf","3054":"farci","3055":"aperte","3056":"terapia","3057":"diffusa","3058":"seguendo","3059":"esterni","3060":"bosco","3061":"grafica","3062":"sostiene","3063":"comandante","3064":"singoli","3065":"more","3066":"forum","3067":"max","3068":"umane","3069":"signori","3070":"gatto","3071":"sposa","3072":"potevano","3073":"relativi","3074":"sostanza","3075":"familiari","3076":"leggera","3077":"logica","3078":"assai","3079":"piemonte","3080":"mercati","3081":"parcheggio","3082":"vangelo","3083":"spiegare","3084":"vide","3085":"rappresentano","3086":"amiche","3087":"mediterraneo","3088":"cercano","3089":"brani","3090":"radici","3091":"avvenuto","3092":"disposto","3093":"dimenticato","3094":"cellulare","3095":"sci","3096":"dista","3097":"produrre","3098":"regolare","3099":"cardinale","3100":"ta","3101":"orario","3102":"debito","3103":"legame","3104":"assumere","3105":"appartiene","3106":"zio","3107":"novanta","3108":"big","3109":"componente","3110":"espresso","3111":"omaggio","3112":"occasioni","3113":"andate","3114":"doc","3115":"risposto","3116":"vergine","3117":"urbano","3118":"viva","3119":"brano","3120":"bere","3121":"industriali","3122":"materie","3123":"dotata","3124":"george","3125":"nonno","3126":"stabile","3127":"manovra","3128":"cagliari","3129":"mah","3130":"scrisse","3131":"amato","3132":"impara","3133":"saluto","3134":"paradiso","3135":"fasi","3136":"colonia","3137":"elettrico","3138":"immobiliare","3139":"immobile","3140":"nipote","3141":"real","3142":"visite","3143":"pene","3144":"trattati","3145":"at","3146":"torta","3147":"finanza","3148":"cantina","3149":"toponimo","3150":"tipica","3151":"farmaci","3152":"sviluppa","3153":"cosiddetta","3154":"agricola","3155":"conclusione","3156":"controllare","3157":"dispone","3158":"salvatore","3159":"coglioni","3160":"medie","3161":"risalente","3162":"go","3163":"pensano","3164":"messaggi","3165":"influenza","3166":"trama","3167":"elettronico","3168":"barbara","3169":"consumatori","3170":"scientifica","3171":"xiv","3172":"utilizzate","3173":"liceo","3174":"necessarie","3175":"impresa","3176":"nonna","3177":"torrente","3178":"pianura","3179":"protesta","3180":"cremona","3181":"appassionati","3182":"competenze","3183":"verdi","3184":"inglesi","3185":"laltra","3186":"ritiro","3187":"talvolta","3188":"espressione","3189":"tessuto","3190":"israele","3191":"cassa","3192":"criteri","3193":"ove","3194":"lha","3195":"distruzione","3196":"rispettare","3197":"lesistenza","3198":"amanti","3199":"permettere","3200":"fumetti","3201":"amministrativa","3202":"brutta","3203":"elettronica","3204":"colpi","3205":"monete","3206":"dodici","3207":"quadri","3208":"bus","3209":"diviso","3210":"trading","3211":"chiuse","3212":"amazon","3213":"montana","3214":"varia","3215":"sentimenti","3216":"mascherina","3217":"sentenza","3218":"rotto","3219":"canali","3220":"consiste","3221":"gatti","3222":"microsoft","3223":"attore","3224":"reato","3225":"pensieri","3226":"rabbia","3227":"madrid","3228":"whatsapp","3229":"castelli","3230":"orari","3231":"parenti","3232":"sar\u00f2","3233":"delluniversit\u00e0","3234":"destino","3235":"crescente","3236":"teorie","3237":"corretta","3238":"ignoranza","3239":"playlist","3240":"world","3241":"stima","3242":"categorie","3243":"sereno","3244":"razzismo","3245":"puro","3246":"promuovere","3247":"lupo","3248":"sconti","3249":"vii","3250":"riconosciuto","3251":"louis","3252":"cresce","3253":"maschio","3254":"colleghi","3255":"paul","3256":"danza","3257":"friuli","3258":"specifica","3259":"terribile","3260":"impero","3261":"stavolta","3262":"entr\u00f2","3263":"correre","3264":"iscritti","3265":"stradale","3266":"mezza","3267":"mettono","3268":"under","3269":"vicinanze","3270":"usando","3271":"capolavoro","3272":"youtube","3273":"ansia","3274":"benedetto","3275":"basilica","3276":"potesse","3277":"pr","3278":"equilibrio","3279":"divina","3280":"evidentemente","3281":"fabio","3282":"calore","3283":"chiamati","3284":"difendere","3285":"risalgono","3286":"finta","3287":"basa","3288":"specifiche","3289":"larea","3290":"troppi","3291":"inizi","3292":"potrete","3293":"milione","3294":"vivono","3295":"martin","3296":"sintomi","3297":"osservare","3298":"lacrime","3299":"vedremo","3300":"abbandonato","3301":"disciplina","3302":"descritto","3303":"sky","3304":"approccio","3305":"ottanta","3306":"cattedrale","3307":"frega","3308":"assoluta","3309":"corretto","3310":"vigore","3311":"trapani","3312":"viii","3313":"residenti","3314":"contemporaneamente","3315":"salvo","3316":"giudici","3317":"sufficiente","3318":"campagne","3319":"copia","3320":"trovava","3321":"musei","3322":"boh","3323":"lintero","3324":"copertura","3325":"togliere","3326":"ascensore","3327":"inserire","3328":"umberto","3329":"dichiarazione","3330":"metodi","3331":"scienziati","3332":"religiosa","3333":"modulo","3334":"riuscita","3335":"guardate","3336":"cambiamenti","3337":"elevato","3338":"estende","3339":"creando","3340":"metropolitana","3341":"prevista","3342":"ebbero","3343":"affinch\u00e9","3344":"densit\u00e0","3345":"rimasti","3346":"qu","3347":"meta","3348":"du","3349":"inviato","3350":"animale","3351":"cipro","3352":"annunciato","3353":"farina","3354":"vendite","3355":"server","3356":"esperto","3357":"piede","3358":"comunali","3359":"viaggiatori","3360":"stia","3361":"istruzione","3362":"streaming","3363":"saputo","3364":"emanuele","3365":"tom","3366":"profondo","3367":"felici","3368":"spettacoli","3369":"martino","3370":"birra","3371":"terrazzo","3372":"semi","3373":"sintesi","3374":"battista","3375":"colline","3376":"fossi","3377":"duomo","3378":"pone","3379":"elisabetta","3380":"necessaria","3381":"polonia","3382":"greca","3383":"nba","3384":"superato","3385":"loccasione","3386":"risoluzione","3387":"trattamenti","3388":"dibattito","3389":"assenza","3390":"economici","3391":"parlo","3392":"dedicati","3393":"saremo","3394":"opinione","3395":"settanta","3396":"canta","3397":"fondatore","3398":"piacciono","3399":"rendono","3400":"liberi","3401":"destinazioni","3402":"esami","3403":"canada","3404":"consenso","3405":"tensione","3406":"genio","3407":"sequenza","3408":"rappresentanti","3409":"scarica","3410":"giuliano","3411":"mito","3412":"borghi","3413":"povero","3414":"restano","3415":"popoli","3416":"ringrazio","3417":"sbaglio","3418":"partecipa","3419":"presidenza","3420":"uscite","3421":"treni","3422":"dipendente","3423":"suoni","3424":"stazioni","3425":"accade","3426":"an","3427":"lobiettivo","3428":"chiusi","3429":"pazienza","3430":"avviso","3431":"comodo","3432":"prendendo","3433":"private","3434":"pieni","3435":"senatore","3436":"esposizione","3437":"straordinario","3438":"dovremmo","3439":"meravigliosa","3440":"colonne","3441":"ammirare","3442":"troverete","3443":"fake","3444":"comprese","3445":"pre","3446":"spiagge","3447":"motori","3448":"viola","3449":"figa","3450":"sesto","3451":"plastica","3452":"restauro","3453":"bruno","3454":"partendo","3455":"dirigente","3456":"romagna","3457":"parlamentari","3458":"continuit\u00e0","3459":"extra","3460":"cialis","3461":"interamente","3462":"assegnato","3463":"giuro","3464":"mostrato","3465":"chiedono","3466":"sfruttare","3467":"ispirato","3468":"ciascuno","3469":"proposto","3470":"importa","3471":"precisione","3472":"decisioni","3473":"relax","3474":"red","3475":"tim","3476":"lettori","3477":"ps","3478":"greci","3479":"negativo","3480":"messico","3481":"perdono","3482":"inverno","3483":"classi","3484":"bravi","3485":"riva","3486":"pesante","3487":"riferisce","3488":"uova","3489":"attuali","3490":"buonanotte","3491":"universale","3492":"domenico","3493":"aperti","3494":"ali","3495":"ritiene","3496":"dite","3497":"opposizione","3498":"serena","3499":"effettuato","3500":"riceve","3501":"dellitalia","3502":"aggiunge","3503":"sosta","3504":"ovvio","3505":"critiche","3506":"rapidamente","3507":"riuscire","3508":"fascino","3509":"jazz","3510":"meteo","3511":"successione","3512":"decine","3513":"classici","3514":"mistero","3515":"bonus","3516":"attimo","3517":"brillante","3518":"talento","3519":"anticipo","3520":"vittorie","3521":"lappartamento","3522":"accordi","3523":"eccezione","3524":"rischia","3525":"lautore","3526":"condannato","3527":"console","3528":"saga","3529":"iniziale","3530":"conoscenze","3531":"siccome","3532":"lordine","3533":"insegna","3534":"insediamenti","3535":"veicoli","3536":"signor","3537":"candidati","3538":"giocato","3539":"peter","3540":"regolamento","3541":"insegnanti","3542":"concilio","3543":"rio","3544":"chiamate","3545":"detti","3546":"contatti","3547":"azzurro","3548":"turistico","3549":"alleati","3550":"lavorando","3551":"impatto","3552":"pop","3553":"guardo","3554":"lanciato","3555":"ugg","3556":"artista","3557":"ministri","3558":"rassegna","3559":"passata","3560":"riunione","3561":"dellunione","3562":"circuito","3563":"ricostruzione","3564":"disney","3565":"lenergia","3566":"autobus","3567":"ricambi","3568":"elenco","3569":"tasso","3570":"sapeva","3571":"architettura","3572":"iva","3573":"caratteri","3574":"calo","3575":"compie","3576":"cuba","3577":"dettaglio","3578":"gia","3579":"lamore","3580":"cavalli","3581":"adriano","3582":"citato","3583":"municipio","3584":"differenze","3585":"arresti","3586":"international","3587":"vere","3588":"sana","3589":"poste","3590":"tantissimi","3591":"moderni","3592":"vetro","3593":"traccia","3594":"android","3595":"spagnolo","3596":"lettore","3597":"can","3598":"lasciando","3599":"riportato","3600":"dellacqua","3601":"eliminare","3602":"sostenuto","3603":"tripadvisor","3604":"precedentemente","3605":"mt","3606":"traduzione","3607":"alte","3608":"fi","3609":"magia","3610":"anime","3611":"assurdo","3612":"vieni","3613":"eravamo","3614":"fiorentina","3615":"palazzina","3616":"benefici","3617":"sfondo","3618":"lucia","3619":"correnti","3620":"testimonianze","3621":"fallimento","3622":"basata","3623":"consapevolezza","3624":"guidata","3625":"allet\u00e0","3626":"funzionalit\u00e0","3627":"cifre","3628":"audio","3629":"dallinizio","3630":"cavalieri","3631":"valli","3632":"riposo","3633":"quell","3634":"salire","3635":"riporta","3636":"von","3637":"farla","3638":"colui","3639":"impianto","3640":"spezia","3641":"tg","3642":"concordo","3643":"positive","3644":"posteriore","3645":"intelligenza","3646":"ingredienti","3647":"variabili","3648":"pura","3649":"salva","3650":"robot","3651":"allarme","3652":"chitarra","3653":"intitolato","3654":"profondit\u00e0","3655":"lho","3656":"dirigenti","3657":"bomba","3658":"soci","3659":"rinnovo","3660":"razza","3661":"viale","3662":"convento","3663":"singola","3664":"robert","3665":"food","3666":"preparare","3667":"sabbia","3668":"alimentari","3669":"conserva","3670":"veicolo","3671":"positiva","3672":"seriamente","3673":"valentino","3674":"spagnola","3675":"consapevole","3676":"sinceramente","3677":"scrivo","3678":"licenza","3679":"ulteriormente","3680":"oriente","3681":"luci","3682":"esterna","3683":"fissa","3684":"avventura","3685":"htt","3686":"ottime","3687":"biglietto","3688":"storiche","3689":"salto","3690":"golfo","3691":"pesca","3692":"precisamente","3693":"acido","3694":"des","3695":"identit\u00e0","3696":"esistenza","3697":"attrazioni","3698":"diversamente","3699":"terrazza","3700":"lintera","3701":"out","3702":"notato","3703":"tantissimo","3704":"sessanta","3705":"formare","3706":"polemica","3707":"registrato","3708":"certezza","3709":"trasferimento","3710":"curva","3711":"territoriale","3712":"dirlo","3713":"soddisfare","3714":"ottenendo","3715":"esprimere","3716":"cercato","3717":"spiegato","3718":"larte","3719":"australia","3720":"gianni","3721":"affreschi","3722":"destinato","3723":"gabriele","3724":"lavorazione","3725":"bretagna","3726":"brevi","3727":"cucine","3728":"distrutto","3729":"teorema","3730":"svolto","3731":"ritmo","3732":"riusciti","3733":"miracolo","3734":"eroi","3735":"velocemente","3736":"fumetto","3737":"destinati","3738":"condotto","3739":"farti","3740":"feriti","3741":"barcellona","3742":"pesci","3743":"connessione","3744":"familiare","3745":"rocca","3746":"castel","3747":"limmagine","3748":"elevata","3749":"daniele","3750":"iniziata","3751":"sveglia","3752":"pulizia","3753":"approvato","3754":"regali","3755":"informatica","3756":"novecento","3757":"afferma","3758":"reparto","3759":"matrice","3760":"vaticano","3761":"commedia","3762":"intenso","3763":"savona","3764":"venduto","3765":"bimbi","3766":"bimbo","3767":"coste","3768":"mantova","3769":"volumi","3770":"desideri","3771":"trasporti","3772":"milanese","3773":"altrettanto","3774":"gregorio","3775":"dette","3776":"avvenne","3777":"russa","3778":"capaci","3779":"patto","3780":"conservazione","3781":"annuncio","3782":"taglia","3783":"barca","3784":"finanziaria","3785":"sicuri","3786":"fretta","3787":"senti","3788":"residente","3789":"fantasia","3790":"fiumi","3791":"napoleone","3792":"scontri","3793":"professione","3794":"parli","3795":"digitali","3796":"lunghe","3797":"grandezza","3798":"vienna","3799":"giardini","3800":"leconomia","3801":"residenziale","3802":"quinta","3803":"invito","3804":"verifica","3805":"pulito","3806":"generazioni","3807":"sezioni","3808":"center","3809":"contributi","3810":"precedenza","3811":"coro","3812":"difficili","3813":"sanitari","3814":"rosse","3815":"destinazione","3816":"elettrici","3817":"diocesi","3818":"direzioni","3819":"mentale","3820":"corrispondenza","3821":"casino","3822":"alluniversit\u00e0","3823":"smettere","3824":"bici","3825":"sfera","3826":"preparato","3827":"dichiarazioni","3828":"ruote","3829":"soliti","3830":"prendono","3831":"stipendio","3832":"religiosi","3833":"reperti","3834":"seria","3835":"segnali","3836":"bolzano","3837":"dovranno","3838":"autonomo","3839":"aiuti","3840":"comprato","3841":"artistica","3842":"riconoscere","3843":"offrono","3844":"nucleare","3845":"ricorso","3846":"applicazione","3847":"considerando","3848":"notevoli","3849":"acciaio","3850":"ri","3851":"fantastica","3852":"nomina","3853":"facevano","3854":"minima","3855":"patrono","3856":"relativa","3857":"school","3858":"consulenza","3859":"passaggi","3860":"piloti","3861":"interne","3862":"specifici","3863":"federazione","3864":"dovere","3865":"organizzare","3866":"jack","3867":"consigliere","3868":"modifica","3869":"domicilio","3870":"condanna","3871":"frutti","3872":"industrie","3873":"ni","3874":"peggiore","3875":"proveniente","3876":"salerno","3877":"comunisti","3878":"tetto","3879":"parete","3880":"prosegue","3881":"belgio","3882":"vice","3883":"mauro","3884":"suona","3885":"samsung","3886":"sciopero","3887":"made","3888":"cazzate","3889":"federale","3890":"ripreso","3891":"pm","3892":"successi","3893":"disastro","3894":"stress","3895":"kit","3896":"rinunciare","3897":"rivela","3898":"unici","3899":"calda","3900":"valido","3901":"mussolini","3902":"suolo","3903":"compresi","3904":"bando","3905":"interpretazione","3906":"anzich\u00e9","3907":"coinvolto","3908":"cosenza","3909":"omicidio","3910":"stabilit\u00e0","3911":"corrisponde","3912":"borse","3913":"fermata","3914":"collo","3915":"farei","3916":"scritte","3917":"vicine","3918":"umbria","3919":"strategie","3920":"black","3921":"spaziale","3922":"pesanti","3923":"quartieri","3924":"gerusalemme","3925":"preghiera","3926":"brasile","3927":"gr","3928":"abbigliamento","3929":"rom","3930":"flotta","3931":"governi","3932":"indagine","3933":"evoluzione","3934":"definitiva","3935":"ferdinando","3936":"distretto","3937":"concesso","3938":"aziendale","3939":"rappresentare","3940":"vasca","3941":"sicura","3942":"collaterali","3943":"leggendo","3944":"coglione","3945":"dominazione","3946":"trascorrere","3947":"umanit\u00e0","3948":"esteri","3949":"avvenuta","3950":"lex","3951":"esercito","3952":"imparato","3953":"fecero","3954":"baby","3955":"fedele","3956":"copertina","3957":"continu\u00f2","3958":"realmente","3959":"lambiente","3960":"prodotta","3961":"dono","3962":"costellazione","3963":"salvato","3964":"performance","3965":"shopping","3966":"nobili","3967":"competizione","3968":"mail","3969":"air","3970":"visibili","3971":"ahahah","3972":"seguo","3973":"diretti","3974":"scolastico","3975":"abitazioni","3976":"aeroporto","3977":"mister","3978":"esemplari","3979":"cadere","3980":"interpretato","3981":"riso","3982":"significativo","3983":"soddisfazione","3984":"aumenta","3985":"emma","3986":"discorsi","3987":"esserci","3988":"grigio","3989":"mostrare","3990":"presentata","3991":"aggiungi","3992":"cover","3993":"integrazione","3994":"acquistato","3995":"romanzi","3996":"las","3997":"alimenti","3998":"assume","3999":"disegni","4000":"siria","4001":"digital","4002":"dia","4003":"sanitario","4004":"abilit\u00e0","4005":"avessi","4006":"convenzione","4007":"regala","4008":"muove","4009":"mettendo","4010":"riproduzione","4011":"commissario","4012":"proprietari","4013":"dj","4014":"dimostrare","4015":"mise","4016":"educazione","4017":"canti","4018":"guardi","4019":"prato","4020":"pacchetto","4021":"relativamente","4022":"pratiche","4023":"circolazione","4024":"originario","4025":"ricchezza","4026":"alloggio","4027":"unite","4028":"atleti","4029":"lucio","4030":"virtuale","4031":"spettatori","4032":"essersi","4033":"tira","4034":"procedure","4035":"divertimento","4036":"rifugio","4037":"luminoso","4038":"stavano","4039":"vicinanza","4040":"tipologia","4041":"casale","4042":"rotta","4043":"sapore","4044":"annuale","4045":"turistica","4046":"propaganda","4047":"mettersi","4048":"ottieni","4049":"tela","4050":"originariamente","4051":"lesercito","4052":"espansione","4053":"enormi","4054":"decennio","4055":"crollo","4056":"music","4057":"bacio","4058":"variazioni","4059":"musicisti","4060":"pellegrini","4061":"scatola","4062":"agente","4063":"potrei","4064":"dir","4065":"parrocchia","4066":"usate","4067":"estivo","4068":"larga","4069":"valutare","4070":"estero","4071":"pittura","4072":"piemontese","4073":"britannico","4074":"ideali","4075":"avevamo","4076":"ht","4077":"augusto","4078":"larrivo","4079":"cmq","4080":"storicamente","4081":"vaccini","4082":"relativo","4083":"attivi","4084":"fascisti","4085":"immobili","4086":"appartenente","4087":"gloria","4088":"confina","4089":"lattenzione","4090":"autonoma","4091":"battuta","4092":"previsioni","4093":"fama","4094":"primaria","4095":"requisiti","4096":"presi","4097":"sottile","4098":"corrispondente","4099":"bit","4100":"splendido","4101":"sostituito","4102":"brand","4103":"strage","4104":"carnevale","4105":"rese","4106":"prescindere","4107":"albero","4108":"favorire","4109":"abiti","4110":"libreria","4111":"paola","4112":"prestazione","4113":"denti","4114":"paperone","4115":"rito","4116":"charles","4117":"cibi","4118":"villaggi","4119":"dellesercito","4120":"prospettiva","4121":"arredamento","4122":"costruzioni","4123":"ramo","4124":"critico","4125":"ascolto","4126":"tennis","4127":"angeles","4128":"tiro","4129":"trovata","4130":"angeli","4131":"poca","4132":"deposito","4133":"teatrale","4134":"follia","4135":"produttore","4136":"dimissioni","4137":"lassociazione","4138":"sardine","4139":"divisa","4140":"incluso","4141":"alba","4142":"disegnare","4143":"individui","4144":"corto","4145":"esseri","4146":"limone","4147":"arrivando","4148":"spettro","4149":"iniziano","4150":"flusso","4151":"min","4152":"legali","4153":"manuale","4154":"diamo","4155":"trasforma","4156":"entit\u00e0","4157":"confermato","4158":"accetta","4159":"panchina","4160":"meloni","4161":"fattore","4162":"rigore","4163":"unita","4164":"finali","4165":"cantone","4166":"religioso","4167":"sembrare","4168":"braccia","4169":"laura","4170":"usano","4171":"vanta","4172":"appartenenti","4173":"download","4174":"vigili","4175":"nodo","4176":"attrice","4177":"coltivazione","4178":"pubblicati","4179":"savoia","4180":"curioso","4181":"p\u00f2","4182":"ferito","4183":"leva","4184":"dichiara","4185":"metal","4186":"comma","4187":"terrestre","4188":"pescara","4189":"alloggi","4190":"derby","4191":"dinastia","4192":"ritorna","4193":"tonnellate","4194":"addosso","4195":"thomas","4196":"golf","4197":"nascosto","4198":"uccidere","4199":"perse","4200":"cade","4201":"alleanza","4202":"specchio","4203":"cimitero","4204":"conquistare","4205":"segreti","4206":"pieve","4207":"energetico","4208":"sanremo","4209":"gode","4210":"sacrificio","4211":"definisce","4212":"reazioni","4213":"guglielmo","4214":"richard","4215":"bozza","4216":"annuncia","4217":"governatore","4218":"california","4219":"aerei","4220":"vertici","4221":"foggia","4222":"privo","4223":"parzialmente","4224":"limportanza","4225":"divenuto","4226":"sognare","4227":"voler","4228":"vinse","4229":"dellopera","4230":"caterina","4231":"spiace","4232":"por","4233":"introdotto","4234":"complessi","4235":"suonare","4236":"clinica","4237":"riguardanti","4238":"arredato","4239":"veste","4240":"cantare","4241":"luminosit\u00e0","4242":"condotta","4243":"orchestra","4244":"frequenti","4245":"sportive","4246":"dellambiente","4247":"autunno","4248":"tipicamente","4249":"raggiungibile","4250":"arco","4251":"cattivo","4252":"der","4253":"destro","4254":"giunto","4255":"palio","4256":"intera","4257":"coinvolti","4258":"discutere","4259":"collegio","4260":"esistere","4261":"vaccino","4262":"seno","4263":"catanzaro","4264":"chiarezza","4265":"mln","4266":"sondaggio","4267":"guadagnare","4268":"temporale","4269":"ottimi","4270":"andati","4271":"sostenibile","4272":"rose","4273":"concorrenza","4274":"verificare","4275":"convegno","4276":"risparmio","4277":"accompagnato","4278":"asta","4279":"fisso","4280":"giornalismo","4281":"corruzione","4282":"buio","4283":"viste","4284":"stanze","4285":"austria","4286":"seduta","4287":"monumento","4288":"passano","4289":"concentrazione","4290":"tl","4291":"schiena","4292":"considerare","4293":"avversari","4294":"bei","4295":"fisiche","4296":"napoletano","4297":"mandare","4298":"estiva","4299":"polemiche","4300":"organizzazioni","4301":"hall","4302":"scenario","4303":"scheda","4304":"polvere","4305":"pittore","4306":"procedimento","4307":"lunit\u00e0","4308":"liquido","4309":"immagino","4310":"dipinti","4311":"vederlo","4312":"acquista","4313":"ferrovia","4314":"ammesso","4315":"fredda","4316":"torno","4317":"jean","4318":"descrive","4319":"sindacati","4320":"ambientali","4321":"contratti","4322":"turchia","4323":"look","4324":"compiuto","4325":"tono","4326":"davide","4327":"moderne","4328":"dovrei","4329":"piacerebbe","4330":"comunicazioni","4331":"costruiti","4332":"vasto","4333":"prendo","4334":"grossa","4335":"dischi","4336":"national","4337":"pericoloso","4338":"utilizzano","4339":"dovesse","4340":"anniversario","4341":"coppie","4342":"am","4343":"perdite","4344":"podio","4345":"cambiano","4346":"lincontro","4347":"differente","4348":"virt\u00f9","4349":"er","4350":"chiamano","4351":"dar","4352":"outlet","4353":"dramma","4354":"considerate","4355":"lalbum","4356":"laiuto","4357":"divinit\u00e0","4358":"vito","4359":"palazzi","4360":"uguali","4361":"guai","4362":"mangia","4363":"street","4364":"comunicare","4365":"dellimperatore","4366":"ricevette","4367":"individuare","4368":"brindisi","4369":"donato","4370":"treviso","4371":"appuntamenti","4372":"basse","4373":"atene","4374":"rumore","4375":"parametri","4376":"scorsa","4377":"marcia","4378":"desidera","4379":"dellarte","4380":"semifinale","4381":"finanziamento","4382":"sacra","4383":"clemente","4384":"vecchie","4385":"vestito","4386":"n\u00e8","4387":"innovazione","4388":"trentino","4389":"intellettuale","4390":"finestre","4391":"care","4392":"diffuse","4393":"insulti","4394":"profumo","4395":"spot","4396":"effettua","4397":"avessero","4398":"conosciuti","4399":"laboratori","4400":"piero","4401":"sagra","4402":"intitolata","4403":"salvezza","4404":"cosiddetti","4405":"persa","4406":"svolgere","4407":"trasmesso","4408":"perfino","4409":"bacino","4410":"topolino","4411":"letti","4412":"bench\u00e9","4413":"penale","4414":"margherita","4415":"meccanismo","4416":"india","4417":"alpi","4418":"quotidiana","4419":"creativit\u00e0","4420":"monaci","4421":"vietnam","4422":"cristina","4423":"istruzioni","4424":"guidato","4425":"criminali","4426":"leghista","4427":"rimangono","4428":"camino","4429":"separazione","4430":"park","4431":"troppe","4432":"guidate","4433":"circolo","4434":"proteggere","4435":"webcam","4436":"ste","4437":"registro","4438":"collegato","4439":"furto","4440":"lasci\u00f2","4441":"ducato","4442":"fresca","4443":"supera","4444":"prossime","4445":"risultano","4446":"mix","4447":"franchi","4448":"rocco","4449":"agire","4450":"porzione","4451":"lasciate","4452":"assunto","4453":"richiedere","4454":"offerto","4455":"statunitensi","4456":"processione","4457":"visconti","4458":"call","4459":"volontari","4460":"nazionalit\u00e0","4461":"tassa","4462":"ripostiglio","4463":"olimpiadi","4464":"william","4465":"mantiene","4466":"manda","4467":"costituzionale","4468":"studiato","4469":"ciascuna","4470":"viaggiare","4471":"peraltro","4472":"gusti","4473":"morbido","4474":"settimo","4475":"carino","4476":"para","4477":"lorigine","4478":"trasformare","4479":"ab","4480":"luciano","4481":"trovati","4482":"deboli","4483":"comfort","4484":"cinquanta","4485":"amante","4486":"condividi","4487":"adatta","4488":"difetti","4489":"esponenti","4490":"studiosi","4491":"concetti","4492":"sinistro","4493":"venere","4494":"zingaretti","4495":"chiamare","4496":"retta","4497":"cos\u00e8","4498":"fermare","4499":"consorzio","4500":"frank","4501":"deputati","4502":"liste","4503":"saldi","4504":"marmo","4505":"abitazione","4506":"pantaloni","4507":"rosario","4508":"pavia","4509":"contessa","4510":"terr\u00e0","4511":"guido","4512":"vigilia","4513":"scadenza","4514":"funghi","4515":"contea","4516":"spirituale","4517":"pausa","4518":"ricordano","4519":"infrastrutture","4520":"meraviglia","4521":"andava","4522":"riservato","4523":"agricolo","4524":"dintorni","4525":"ronaldo","4526":"formata","4527":"ruota","4528":"indipendenti","4529":"montaggio","4530":"pellicola","4531":"miglioramento","4532":"agricoltura","4533":"esercizi","4534":"ritratto","4535":"nozze","4536":"rapido","4537":"interessato","4538":"venduti","4539":"lindustria","4540":"interessati","4541":"us","4542":"palestra","4543":"eugenio","4544":"gravidanza","4545":"conosciamo","4546":"ignorante","4547":"seguono","4548":"cominciare","4549":"sanitaria","4550":"andrebbe","4551":"gambe","4552":"consentire","4553":"pannelli","4554":"elena","4555":"nazista","4556":"ballo","4557":"alluminio","4558":"girone","4559":"torn\u00f2","4560":"wifi","4561":"estrema","4562":"sindaci","4563":"fumo","4564":"sant","4565":"les","4566":"girato","4567":"dimostrazione","4568":"riparazione","4569":"raramente","4570":"inviare","4571":"folla","4572":"trasparenza","4573":"fidanzata","4574":"atteggiamento","4575":"sostituire","4576":"debole","4577":"tessuti","4578":"bicchiere","4579":"accolto","4580":"avanzata","4581":"usufruire","4582":"diventer\u00e0","4583":"trenta","4584":"salve","4585":"condivido","4586":"rappresentata","4587":"fresco","4588":"masse","4589":"rappresentate","4590":"ladri","4591":"turchi","4592":"ra","4593":"monumenti","4594":"procedura","4595":"volere","4596":"considera","4597":"potenti","4598":"ville","4599":"collegamenti","4600":"location","4601":"sostituzione","4602":"diabete","4603":"elettori","4604":"alessandria","4605":"complessa","4606":"intesa","4607":"debba","4608":"nobel","4609":"esprime","4610":"database","4611":"prossimit\u00e0","4612":"circolare","4613":"corti","4614":"religiose","4615":"dea","4616":"and\u00f2","4617":"problematiche","4618":"insegnante","4619":"farebbe","4620":"onorevole","4621":"procedere","4622":"segna","4623":"riga","4624":"cuori","4625":"indipendenza","4626":"gomma","4627":"valorizzazione","4628":"pianeti","4629":"distrutta","4630":"torri","4631":"teste","4632":"poesie","4633":"saggio","4634":"ong","4635":"accaduto","4636":"caduti","4637":"ebraica","4638":"gola","4639":"naso","4640":"tenuta","4641":"pallavolo","4642":"luniversit\u00e0","4643":"bio","4644":"immigrazione","4645":"previste","4646":"protocollo","4647":"ospitare","4648":"passeggiata","4649":"arma","4650":"disposizioni","4651":"intervenire","4652":"battuto","4653":"sensibilit\u00e0","4654":"archi","4655":"petrolio","4656":"sedi","4657":"provo","4658":"televisiva","4659":"sessione","4660":"nellanno","4661":"ingegneria","4662":"aspettando","4663":"trasfer\u00ec","4664":"copie","4665":"gi","4666":"boss","4667":"normali","4668":"risalire","4669":"concezione","4670":"aldo","4671":"eseguire","4672":"genovese","4673":"mary","4674":"facili","4675":"sub\u00ec","4676":"eseguito","4677":"abruzzo","4678":"denominato","4679":"sentirsi","4680":"ricordate","4681":"calci","4682":"sfruttamento","4683":"clandestini","4684":"lamministrazione","4685":"magico","4686":"albergo","4687":"inferno","4688":"costretti","4689":"argento","4690":"formazioni","4691":"raccolte","4692":"from","4693":"impegnati","4694":"sentite","4695":"mantenuto","4696":"pastore","4697":"raccoglie","4698":"daccordo","4699":"patate","4700":"stretta","4701":"magnitudine","4702":"credono","4703":"impedire","4704":"seri","4705":"riconosciuta","4706":"regolarmente","4707":"delleconomia","4708":"studente","4709":"ombra","4710":"next","4711":"archeologico","4712":"giove","4713":"fabrizio","4714":"scegli","4715":"innanzitutto","4716":"creata","4717":"funzionale","4718":"galera","4719":"eroe","4720":"sceglie","4721":"creano","4722":"blue","4723":"spagnoli","4724":"specialit\u00e0","4725":"gigante","4726":"leggero","4727":"imprenditori","4728":"perugia","4729":"edicola","4730":"ciascun","4731":"descrivere","4732":"play","4733":"richiesto","4734":"schiera","4735":"sostanzialmente","4736":"dm","4737":"dallaltro","4738":"limitato","4739":"vincitori","4740":"tipologie","4741":"puntate","4742":"solita","4743":"legami","4744":"game","4745":"diario","4746":"terzi","4747":"lipotesi","4748":"faranno","4749":"sospeso","4750":"individuale","4751":"tomba","4752":"triangolo","4753":"dopoguerra","4754":"lisola","4755":"punte","4756":"vicenza","4757":"sarai","4758":"aggiornamenti","4759":"utente","4760":"dallaltra","4761":"vivi","4762":"scendere","4763":"tocco","4764":"delluniverso","4765":"basilicata","4766":"blocchi","4767":"dr","4768":"padrone","4769":"inaugurato","4770":"incontrato","4771":"raggiunse","4772":"dichiar\u00f2","4773":"secondaria","4774":"provvedimento","4775":"not","4776":"contenente","4777":"anello","4778":"musical","4779":"cifra","4780":"studia","4781":"variante","4782":"voli","4783":"notevolmente","4784":"letterario","4785":"alfa","4786":"cure","4787":"allestero","4788":"spinge","4789":"modificare","4790":"vantaggi","4791":"conservare","4792":"piana","4793":"assistente","4794":"manifesto","4795":"ritrovato","4796":"vettura","4797":"circo","4798":"favorevole","4799":"house","4800":"attraversato","4801":"dovuti","4802":"laureati","4803":"averlo","4804":"smart","4805":"contempo","4806":"over","4807":"catalogo","4808":"promosso","4809":"editoriale","4810":"adige","4811":"accedi","4812":"giurisdizione","4813":"ditta","4814":"rappresentante","4815":"prezioso","4816":"giunti","4817":"livorno","4818":"contano","4819":"management","4820":"week","4821":"grand","4822":"geometria","4823":"strato","4824":"lazione","4825":"britannica","4826":"combinazione","4827":"raccolti","4828":"tolto","4829":"considerati","4830":"logo","4831":"mancare","4832":"soglia","4833":"spessore","4834":"meriti","4835":"accusa","4836":"artificiale","4837":"navata","4838":"galaxy","4839":"troppa","4840":"conduce","4841":"distante","4842":"dott","4843":"stupenda","4844":"camminare","4845":"toro","4846":"abbandonare","4847":"lantica","4848":"contatta","4849":"bloccare","4850":"progettare","4851":"medesimo","4852":"lesperienza","4853":"precisa","4854":"molteplici","4855":"gravit\u00e0","4856":"costume","4857":"troia","4858":"gb","4859":"status","4860":"righe","4861":"elementari","4862":"pino","4863":"sindrome","4864":"cominciato","4865":"assessore","4866":"costumi","4867":"argentina","4868":"preciso","4869":"dargento","4870":"nati","4871":"ettari","4872":"a0","4873":"far\u00f2","4874":"contribuito","4875":"dance","4876":"collaborare","4877":"eccezionale","4878":"dedicate","4879":"vetture","4880":"terminato","4881":"collaboratori","4882":"limmobile","4883":"sacerdoti","4884":"tristezza","4885":"essenziali","4886":"segnato","4887":"disturbi","4888":"servito","4889":"college","4890":"giri","4891":"correttamente","4892":"pregio","4893":"trailer","4894":"sospensione","4895":"proporre","4896":"versante","4897":"conoscono","4898":"gelato","4899":"laspetto","4900":"culture","4901":"allultimo","4902":"conservati","4903":"determinazione","4904":"terapie","4905":"allegri","4906":"orgoglio","4907":"dellazienda","4908":"previsione","4909":"automatico","4910":"monza","4911":"inutili","4912":"alex","4913":"particelle","4914":"sovietica","4915":"registrare","4916":"limpero","4917":"campanile","4918":"chiedendo","4919":"corse","4920":"sella","4921":"pier","4922":"immaginare","4923":"boom","4924":"garda","4925":"giunse","4926":"orlando","4927":"happy","4928":"lenti","4929":"ami","4930":"rapida","4931":"shop","4932":"loco","4933":"mira","4934":"labitato","4935":"formano","4936":"vestiti","4937":"universo","4938":"curare","4939":"esclusivo","4940":"esperimenti","4941":"occidentali","4942":"tedesche","4943":"burro","4944":"tradizionalmente","4945":"lestate","4946":"dimostrano","4947":"unarea","4948":"curato","4949":"messe","4950":"dotati","4951":"ridotta","4952":"sano","4953":"scienziato","4954":"avrai","4955":"strettamente","4956":"necessita","4957":"ford","4958":"fiamme","4959":"autostrada","4960":"guidati","4961":"allievi","4962":"mobilit\u00e0","4963":"maltempo","4964":"iniziarono","4965":"profili","4966":"turco","4967":"levento","4968":"festeggia","4969":"lorganizzazione","4970":"foglie","4971":"riguardano","4972":"green","4973":"rubato","4974":"invernali","4975":"sexy","4976":"respiro","4977":"libia","4978":"dvd","4979":"lavorano","4980":"cognome","4981":"scrittori","4982":"energie","4983":"pensioni","4984":"netto","4985":"testamento","4986":"limitata","4987":"pietre","4988":"maestri","4989":"cattolici","4990":"rifiuto","4991":"pandemia","4992":"longobardi","4993":"rimini","4994":"stabilire","4995":"armato","4996":"medioevale","4997":"istituito","4998":"frequenze","4999":"politicamente"}}