{"lav":{"0":" un ","1":"<num","2":"num>","3":" <nu","4":"um> ","5":" ir ","6":"iem ","7":"jas ","8":" par","9":" pie","10":"ijas","11":" ar ","12":" gad","13":"par ","14":"kas ","15":" vie","16":"ija ","17":" no ","18":"tas ","19":"ies ","20":"vien","21":"nas ","22":"bas ","23":" lai","24":" jau","25":" vai","26":" kur","27":" ka ","28":" lie","29":" tik","30":"\u0161ana","31":" vis","32":"\u012bbas","33":"ar\u012b ","34":"ties","35":" ar\u012b","36":"ums ","37":" k\u0101 ","38":" p\u0101r","39":"tika","40":" kas","41":"dien","42":" uz ","43":"umu ","44":" lat","45":" var","46":"ais ","47":" tie","48":"cija","49":"atvi","50":" vi\u0146","51":"latv","52":"l\u012bdz","53":" bet","54":"bet ","55":" bij","56":" pro","57":"darb","58":" val","59":"\u0101cij","60":" sav","61":"ij\u0101 ","62":"niek","63":"vai ","64":"iju ","65":"ika ","66":"bija","67":"laik","68":"p\u0113c ","69":" dar","70":"ada ","71":"\u012bbu ","72":"liel","73":" l\u012bd","74":"tvij","75":" pas","76":"anas","77":"in\u0101t","78":" to ","79":"gada","80":"dz\u012bv","81":" ies","82":"viet","83":"alst","84":" man","85":"sts ","86":"jaun","87":"ras ","88":"aj\u0101 ","89":" t\u0101 ","90":"vija","91":" pir","92":"ad\u0101 ","93":" nav","94":" aiz","95":"nav ","96":"das ","97":"gad\u0101","98":"j\u0101s ","99":"uma ","100":" pat","101":" kon","102":" die","103":"audz","104":" tas","105":" p\u0113c","106":"raks","107":" vei","108":" ska","109":" v\u0113l","110":"pirm","111":"akst","112":"lai ","113":" lab","114":"iena","115":"mas ","116":"veid","117":" pil","118":"\u0113ja ","119":" sp\u0113","120":"t\u0101s ","121":" pre","122":"skat","123":" sta","124":" kom","125":"skai","126":"liet","127":"var ","128":" dzi","129":"jumu","130":"vair","131":"n\u0101s ","132":"gas ","133":"jau ","134":"o\u0161an","135":" ja ","136":" kar","137":"jiem","138":" es ","139":"tiem","140":"\u012bdz ","141":"vals","142":"ojum","143":"\u012bba ","144":"vas ","145":"les ","146":"tiek","147":"pils","148":"um\u0101 ","149":" not","150":"las ","151":"prie","152":" pri","153":" gan","154":"iek ","155":"k\u0101rt","156":"zin\u0101","157":"tes ","158":"sp\u0113j","159":" tur","160":"\u0101jum","161":"\u012bgi ","162":" k\u0101d","163":"kai ","164":"ievi","165":"ens ","166":"j\u0101m ","167":"anu ","168":"reiz","169":"ina ","170":" nos","171":"st\u0101v","172":"tisk","173":"in\u0101j","174":"otie","175":"pied","176":"gan ","177":" dau","178":" cil","179":"stu ","180":"ana ","181":"jums","182":" dz\u012b","183":"i\u0146\u0161 ","184":"\u012bjum","185":" kop","186":" aug","187":"ikai","188":"\u0113\u0161an","189":" cit","190":"cilv","191":"t\u0101ju","192":" sas","193":"teik","194":"sta ","195":" kri","196":"ilv\u0113","197":"daud","198":"ir\u0101k","199":"air\u0101","200":"\u0101ja ","201":"z\u012bvo","202":" nev","203":"nes ","204":"mes ","205":" vid","206":"iek\u0161","207":"kad ","208":"oti ","209":"iec\u012b","210":"ietu","211":"lv\u0113k","212":" pal","213":"ien\u0101","214":" att","215":" bal","216":" ko ","217":"\u0161anu","218":"i\u0146a ","219":"\u0101ju ","220":"ams ","221":"riek","222":"enu ","223":" izm","224":"tad ","225":"star","226":" izv","227":" nek","228":" nov","229":" gal","230":" nep","231":" pa\u0161","232":" nod","233":"des ","234":"ik\u0101 ","235":"ien ","236":"iesp","237":"evie","238":" kad","239":"eido","240":"iedz","241":"\u0161an\u0101","242":"sp\u0113l","243":"ion\u0101","244":" izs","245":"savu","246":"niec","247":"iska","248":"esp\u0113","249":" s\u0101k","250":"ienu","251":"vi\u0146a","252":" tad","253":"isk\u0101","254":"rast","255":" r\u012bg","256":"rija","257":" b\u016bt","258":"iel\u0101","259":"umi ","260":"ot\u0101j","261":"\u012bgas","262":"str\u0101","263":"inte","264":"iet ","265":"pie ","266":"redz","267":"tos ","268":" cen","269":"ieto","270":"ec\u012bb","271":"\u0113tu ","272":" int","273":"tam ","274":" atb","275":"usi ","276":"vald","277":"r\u012bga","278":"ram ","279":"jis ","280":"man ","281":"snie","282":"sti ","283":"t\u012bba","284":" maz","285":"eikt","286":"k\u0101s ","287":"e\u0161u ","288":"tus ","289":"ikum","290":"i\u0146u ","291":"p\u0113ja","292":"iski","293":"iedr","294":"auto","295":"ena ","296":" str","297":"\u012bb\u0101 ","298":" kau","299":"ikas","300":" t\u0101d","301":"miem","302":"ment","303":"cent","304":"saul","305":"form","306":"ciju","307":"\u0146as ","308":"izma","309":" ier","310":"\u0101\u0161an","311":"ieku","312":"ris ","313":"noti","314":" jo ","315":"pat ","316":" min","317":"ieci","318":" zin","319":" atr","320":"pret","321":"mant","322":"avu ","323":"pasa","324":"c\u012bba","325":" aut","326":"r\u0101k ","327":"jumi","328":"lab\u0101","329":"skol","330":"vi\u0146\u0161","331":"lsts","332":" aps","333":" tra","334":"pas ","335":" pol","336":"maks","337":" da\u017e","338":"lis ","339":"nter","340":"v\u0113l ","341":"\u012bja ","342":"var\u0113","343":" uzs","344":" dom","345":"piem","346":" div","347":"jot ","348":"ie\u0161u","349":" atk","350":"iens","351":"mus ","352":"ajie","353":"kiem","354":" zem","355":"ils\u0113","356":"ls\u0113t","357":"\u0101kum","358":"teri","359":"augs","360":"poli","361":"aik\u0101","362":"dal\u012b","363":"t\u0101ji","364":"avas","365":"kais","366":"vad\u012b","367":" kat","368":"iela","369":"kura","370":"eiro","371":" gar","372":" pag","373":"tr\u0101d","374":"umie","375":"ast\u0101","376":"istr","377":"krie","378":" b\u0113r","379":" nes","380":" vec","381":"it\u0101t","382":"\u0101rst","383":"aist","384":"><nu","385":"enas","386":"dzim","387":"um><","388":"zman","389":"m><n","390":"b\u016bt ","391":"nai ","392":"p\u0101rs","393":"tori","394":"n\u0101ju","395":"eku ","396":"kur ","397":"ieno","398":"anto","399":"ski ","400":"st\u012bt","401":"m\u0113r ","402":" eir","403":"iera","404":" izd","405":" ne ","406":"bied","407":" nor","408":"tarp","409":"kait","410":"ieki","411":"nis ","412":"amat","413":"asau","414":" br\u012b","415":"port","416":"bals","417":" iel","418":" iet","419":"tie\u0161","420":"gadu","421":"b\u0113rn","422":" gai","423":"ieta","424":" zie","425":"\u013coti","426":"umus","427":" iek","428":" pla","429":"zska","430":"galv","431":"veik","432":" sar","433":"sas ","434":"an\u0101s","435":"kara","436":" \u013cot","437":"sies","438":"kumu","439":" bez","440":" da\u013c","441":" per","442":" ieg","443":"smu ","444":"iks ","445":"atra","446":" rad","447":" ats","448":" m\u016bs","449":"p\u0113l\u0113","450":" sal","451":"iku ","452":"nija","453":"\u012bt\u0101j","454":" rak","455":"inie","456":"r\u0101d\u0101","457":"ara ","458":"b\u016bs ","459":"tie ","460":"iete","461":"\u0101du ","462":"jam ","463":"entr","464":" rei","465":"riev","466":"dro\u0161","467":" otr","468":" vir","469":" vad","470":"dzie","471":"brau","472":"taj\u0101","473":"nist","474":"isko","475":"visu","476":"stru","477":"\u0101da ","478":"v\u0113rt","479":"ieks","480":" pam","481":" mai","482":"\u016btu ","483":"d\u012bju","484":"on\u0101l","485":" lik","486":"dus ","487":" \u012bpa","488":"\u0113ju ","489":"ie\u0161i","490":"i\u0146as","491":"prot","492":"u\u0161i ","493":"ugst","494":"oja ","495":"para","496":"zes ","497":"vij\u0101","498":"ien\u012b","499":"mini","500":" ter","501":"s\u0101ku","502":"odas","503":" ned","504":" t\u0101s","505":"\u012bga ","506":"l\u0101s ","507":"ziem","508":"iest","509":"jai ","510":"auku","511":"inis","512":"uru ","513":"paga","514":"orij","515":"aras","516":"adu ","517":"\u012bpa\u0161","518":"tais","519":" sko","520":"tnie","521":"dom\u0101","522":"isti","523":"ots ","524":"\u0113t\u0101j","525":"anai","526":"\u0113jam","527":" pus","528":"arb\u012b","529":" apm","530":"ktu ","531":"\u0113ta ","532":" m\u0101j","533":" b\u016bs","534":"t\u016bra","535":"ukum","536":" gru","537":"ieka","538":" uz\u0146","539":"visi","540":" ied","541":"\u0101ti ","542":"juma","543":"\u0101ts ","544":" st\u0101","545":"kam ","546":" v\u0101r","547":" stu","548":"jos ","549":"cij\u0101","550":"vis ","551":"n\u0101t ","552":"diem","553":"note","554":" pa ","555":"eta ","556":"rb\u012bb","557":" inf","558":"kat\u012b","559":"\u0113mum","560":"vie\u0161","561":"enes","562":" nu ","563":"el\u0101k","564":"riem","565":"\u016bras","566":"sko ","567":" \u0161o ","568":"ci\u0101l","569":" bie","570":"in\u0101\u0161","571":" mar","572":"ieti","573":" lau","574":"\u012bts ","575":"aut ","576":"\u0101di ","577":" v\u0113r","578":"en\u0101 ","579":"\u0113jum","580":"grup","581":"aule","582":"\u012b\u0161an","583":"\u012bgs ","584":"udz ","585":"n\u0101\u0161a","586":"r\u012bba","587":"e\u0161i ","588":"pama","589":"vaja","590":" gri","591":"ad\u012bt","592":"kaut","593":"liku","594":"etu ","595":" izl","596":"0000","597":" izp","598":"tbil","599":"v\u0113l\u0113","600":"kus ","601":"proj","602":"t\u0101ja","603":"atbi","604":" cie","605":"eks ","606":"\u0101jas","607":" t\u0101p","608":"visa","609":"\u016bsu ","610":"gais","611":" iev","612":"arba","613":"\u012bg\u0101 ","614":"otei","615":"s\u0113ta","616":" pad","617":"cin\u0101","618":"st\u012bb","619":"ator","620":"jusi","621":"ona ","622":"tur ","623":" noz","624":"\u0101tu ","625":" sau","626":"kcij","627":"kuru","628":"dz\u012bb","629":"jekt","630":"stur","631":"tik ","632":"z\u0146\u0113m","633":"kur\u0161","634":"sais","635":"ves ","636":"ules","637":"pers","638":"balt","639":"isu ","640":"kts ","641":"orm\u0101","642":"emes","643":"akar","644":"stie","645":"\u0101ds ","646":"piet","647":"\u0101p\u0113c","648":"rauc","649":"iegu","650":"nisk","651":"mums","652":"ald\u012b","653":"\u0113ts ","654":"spor","655":"mekl","656":"\u0113tas","657":" nea","658":"\u0101li ","659":"\u0161\u0137ir","660":"piln","661":"ad\u012bj","662":"nts ","663":"irms","664":" pak","665":"sist","666":"izve","667":"ur\u0161 ","668":"da\u017e\u0101","669":"b\u016btu","670":"esmu","671":" sak","672":"stra","673":" neb","674":"ab\u0101k","675":" apr","676":"gad ","677":"at\u012bv","678":"ikt ","679":"alod","680":"irop","681":" sai","682":"ses ","683":"st\u0101 ","684":"rta ","685":"ils ","686":"entu","687":"pild","688":"d\u012bba","689":" mak","690":"v\u0113st","691":" akt","692":"\u012bvot","693":"t\u0101m ","694":"ekl\u0113","695":"augu","696":"trau","697":" k\u0101r","698":"ntu ","699":"valo","700":"bild","701":" red","702":"icin","703":"neva","704":"nepi","705":"ld\u012bb","706":"nieg","707":"niem","708":"\u013cas ","709":"al\u012bd","710":"nova","711":"taut","712":"nos ","713":" med","714":"uz\u0146\u0113","715":"t\u0101js","716":"katr","717":"ret ","718":"da\u013ca","719":"asti","720":"dzin","721":"ieda","722":" tam","723":"rson","724":"past","725":"tvie","726":"zvei","727":"aru ","728":"ura ","729":"ors ","730":"kur\u0101","731":" pav","732":" v\u0113s","733":"ieli","734":"aika","735":"v\u0101rd","736":"erso","737":"lo\u0123i","738":" bei","739":"kums","740":"cion","741":"\u0101js ","742":"aska","743":"ista","744":"komp","745":" fil","746":"sauk","747":"enti","748":"etot","749":"dz\u0113t","750":"eni ","751":"mos ","752":"tru ","753":"\u0161aj\u0101","754":"\u0146\u0113mu","755":"nosa","756":"iesa","757":"iem\u0113","758":"era ","759":"em\u0113r","760":" iep","761":"izst","762":"op\u0101 ","763":" tom","764":"at\u012bt","765":" sie","766":"ie\u0161a","767":"iet\u0101","768":"sast","769":"atu ","770":"a\u017e\u0101d","771":"sk\u0101 ","772":"isma","773":"ovad","774":"sv\u0113t","775":"kaj\u0101","776":"pras","777":"rauk","778":"lauk","779":"\u0101jie","780":"eru ","781":"nevi","782":"info","783":"ist\u0113","784":"tiks","785":"lekt","786":" sap","787":"br\u012bv","788":"zeme","789":" jeb","790":"eiz ","791":" sab","792":"st\u0101d","793":"\u012bti ","794":"tra ","795":"kstu","796":"ieme","797":"abie","798":"\u012btie","799":"edz\u0113","800":"otik","801":"rms ","802":"t\u0101te","803":"r\u0101d\u012b","804":"tot ","805":"m\u0113ra","806":"odie","807":"otu ","808":"m\u0113s ","809":"\u0101ji ","810":"embr","811":"d\u0101s ","812":"nek\u0101","813":"grie","814":"trum","815":"edz\u012b","816":" mil","817":"tija","818":"\u0101l\u0101 ","819":"aj\u0101m","820":" sek","821":"aust","822":" sad","823":"kaid","824":"\u0101ta ","825":"mand","826":"jaut","827":"piec","828":"\u0161as ","829":"edr\u012b","830":"uva ","831":"epie","832":"eres","833":"oman","834":"risk","835":" spo","836":"a\u010du ","837":"rba ","838":"ar\u0113t","839":"d\u012bt\u0101","840":" j\u016bs","841":" sat","842":"kti ","843":"n\u0101m ","844":"kuri","845":"aizs","846":"riet","847":"aidr","848":"list","849":"roda","850":"n\u012bba","851":"anda","852":"ju\u0161i","853":"d\u0113\u013c ","854":"likt","855":"k\u0101da","856":" eks","857":"\u0101ka ","858":"aukt","859":"auna","860":" pra","861":" dra","862":"\u0146iem","863":" rez","864":" nei","865":" sli","866":"pies","867":"ers ","868":" sti","869":" n\u0101k","870":"run\u0101","871":"idot","872":" kam","873":"vi\u0146i","874":"sava","875":" ta\u010d","876":"ied\u0101","877":"ota ","878":"raud","879":"dam ","880":"ta\u010du","881":" paz","882":"ata ","883":"nfor","884":"kuma","885":"atie","886":"pare","887":"uri ","888":"prin","889":"t\u012bt ","890":" kal","891":"drau","892":"eki ","893":" bra","894":"mnie","895":"zdev","896":"auni","897":" izg","898":"sk\u0101s","899":"liek","900":"v\u0113ki","901":"lven","902":" v\u0101c","903":" ce\u013c","904":"itor","905":" kla","906":"r\u0113tu","907":"onu ","908":" vaj","909":"grib","910":"st\u0101s","911":" met","912":"ar\u012bg","913":"evij","914":"tere","915":"res ","916":"itu ","917":"avie","918":"part","919":"aut\u0101","920":"ojas","921":"bez ","922":" tre","923":"jum\u0101","924":"sapr","925":"akti","926":"din\u0101","927":" m\u0113s","928":"biju","929":"veic","930":"\u012bta ","931":"\u0113l\u0113t","932":"lst\u012b","933":"ama ","934":"zst\u0101","935":"olo\u0123","936":"ons ","937":"ents","938":"koma","939":" tu ","940":"kst\u012b","941":"dos ","942":"stam","943":"\u0101das","944":"ist\u012b","945":"lija","946":"tis ","947":"dent","948":"kont","949":" m\u0101k","950":" kre","951":"ropa","952":"i\u0146i ","953":"\u0101kaj","954":"\u0113ram","955":"vide","956":" uzv","957":"dr\u012bb","958":"iema","959":"ola ","960":"arti","961":"gata","962":"ro\u0161i","963":"vers","964":"trod","965":"\u0146emt","966":"idoj","967":"ustr","968":" m\u0113r","969":"sabi","970":"atro","971":"robe","972":"prog","973":"p\u0101rv","974":"enot","975":"\u0161odi","976":"svar","977":" tag","978":"roje","979":"\u0113j\u0101s","980":" izc","981":" sag","982":"irma","983":"en\u012bb","984":"iss ","985":"piek","986":"vi\u0146u","987":" \u016bde","988":"\u0113j\u0101 ","989":"arbi","990":" \u0161od","991":"ubli","992":"saka","993":"ies\u012b","994":"\u012bgu ","995":"main","996":"olit","997":"dar\u012b","998":"atka","999":"taga","1000":"jams","1001":"alve","1002":"piev","1003":"kumi","1004":"gani","1005":"gaid","1006":"ojot","1007":"ur\u0101 ","1008":"agad","1009":"ojek","1010":" gr\u0101","1011":"ami ","1012":"m\u0101c\u012b","1013":"tehn","1014":"kta ","1015":"\u0113jie","1016":" izr","1017":"rin\u0101","1018":"orga","1019":"om\u0113r","1020":" ilg","1021":"\u0113ma ","1022":" dze","1023":"\u0101rt ","1024":"atav","1025":"\u0113stu","1026":"tom\u0113","1027":"rist","1028":"imen","1029":"edal","1030":"publ","1031":"\u0101kai","1032":"savi","1033":"\u0101k\u0101 ","1034":"mani","1035":"k\u0161an","1036":"ces ","1037":"ult\u0101","1038":"r\u012bg\u0101","1039":"ojam","1040":"ecie","1041":"ttie","1042":"skaj","1043":"aici","1044":"\u016bden","1045":"gram","1046":"sija","1047":"isku","1048":" tel","1049":"stud","1050":"agas","1051":" klu","1052":" dat","1053":"andr","1054":"br\u012bd","1055":"atti","1056":"in\u0101s","1057":" \u0161\u0101d","1058":"\u0113ku ","1059":"gad\u012b","1060":"pali","1061":" mum","1062":"rus ","1063":"anti","1064":"teic","1065":"asta","1066":"m\u0101ks","1067":"rgan","1068":"kl\u0101t","1069":" for","1070":"ats ","1071":"dz\u012bg","1072":" ele","1073":"\u0101d\u0101 ","1074":"isi ","1075":"erit","1076":" cik","1077":"iesm","1078":"vies","1079":"st\u0113m","1080":"dens","1081":"onas","1082":"pal\u012b","1083":"\u0161iem","1084":"vaka","1085":"izla","1086":"turp","1087":"rota","1088":"ener","1089":"b\u0101m ","1090":"apst","1091":"es\u012bb","1092":"aks\u0101","1093":"cien","1094":"rito","1095":" net","1096":"nesa","1097":" sis","1098":"et\u0101 ","1099":"paka","1100":" dal","1101":" kol","1102":"rupa","1103":"trs ","1104":"kult","1105":"not ","1106":" tau","1107":"empi","1108":"\u0101ksl","1109":" l\u012bg","1110":"cie\u0161","1111":"pion","1112":"gast","1113":"kt\u012bv","1114":"st\u0101k","1115":"ktor","1116":"\u0113ji ","1117":" apg","1118":"\u012bcij","1119":"re\u0123i","1120":"m\u016bsu","1121":"zies","1122":"plat","1123":"ezon","1124":"lisk","1125":"ska\u0146","1126":"uras","1127":"liti","1128":"br\u012b ","1129":"cis ","1130":"vara","1131":"opas","1132":"nied","1133":"mier","1134":"kop\u0101","1135":" dis","1136":"rij\u0101","1137":"k\u013cuv","1138":"\u0101la ","1139":"umos","1140":"inu ","1141":"dot ","1142":"kaln","1143":" kr\u0101","1144":"ela ","1145":" sv\u0113","1146":" pap","1147":"iev\u0113","1148":"izde","1149":"ut\u0101j","1150":"\u0101nij","1151":"liec","1152":"mais","1153":"z\u012bm\u0113","1154":"ita ","1155":" sa\u0146","1156":"n\u0101ja","1157":" \u0161\u012b ","1158":"abi ","1159":"nta ","1160":"atba","1161":" vel","1162":"prof","1163":"siev","1164":"ciem","1165":"\u017eas ","1166":"ecin","1167":"kons","1168":"viss","1169":"izv\u0113","1170":" kra","1171":" aus","1172":"\u0101ls ","1173":" mat","1174":" sev","1175":"sevi","1176":"tors","1177":" org","1178":"sezo","1179":"tiec","1180":"uzsk","1181":"\u010demp","1182":" sam","1183":"aiku","1184":"radi","1185":"cas ","1186":"tbal","1187":" \u010dem","1188":"r\u0113ja","1189":"\u0101lu ","1190":"zied","1191":"ent\u0101","1192":"est\u0101","1193":" fin","1194":"konk","1195":"erak","1196":"rogr","1197":"mpio","1198":"pado","1199":"film","1200":"isa ","1201":"pati","1202":" apk","1203":"lit\u0101","1204":"rts ","1205":"ska ","1206":"\u0101tie","1207":"m\u0101ci","1208":"tiku","1209":"pier","1210":"sav\u0101","1211":"kos ","1212":" sen","1213":"ogra","1214":"obe\u017e","1215":" kan","1216":"etas","1217":"sara","1218":" kul","1219":"\u012btu ","1220":"an\u0101 ","1221":"arbo","1222":"sp\u0101r","1223":"tur\u0113","1224":"att\u012b","1225":"kola","1226":"tras","1227":"ikti","1228":"noz\u012b","1229":"oz\u012bm","1230":"ijai","1231":" m\u0101c","1232":" re\u0123","1233":"m\u0101s ","1234":"sp\u0113k","1235":"t\u012bju","1236":" vak","1237":"\u012bdz\u012b","1238":"evar","1239":" \u0161aj","1240":"\u0113jai","1241":"jies","1242":"av\u0101 ","1243":"ars ","1244":"asni","1245":"sl\u0113g","1246":"\u0101tes","1247":" p\u0113t","1248":"\u012bb\u0101m","1249":" teh","1250":"r\u0101ci","1251":" zi\u0146","1252":"eris","1253":"\u0101ko ","1254":"ktie","1255":"vot\u0101","1256":"atkl","1257":" p\u0113d","1258":" sez","1259":"sam ","1260":"nomi","1261":"virs","1262":"trad","1263":"\u0101lis","1264":"sin\u0101","1265":"eidz","1266":"alie","1267":" nel","1268":"nam ","1269":"l\u0101k ","1270":"\u0101ks ","1271":"ros ","1272":"beig","1273":"tkl\u0101","1274":"vada","1275":" pl\u0101","1276":"aid\u012b","1277":"ejas","1278":"\u0123ija","1279":"tbol","1280":"eju ","1281":"ek\u0101 ","1282":"b\u012bba","1283":"ielu","1284":"etie","1285":"o\u0161in","1286":"ramm","1287":"l\u0113\u0161a","1288":"labi","1289":"cik ","1290":" uzt","1291":"kurs","1292":"elis","1293":"mam ","1294":"pl\u0101n","1295":"in\u0101m","1296":"stip","1297":"vidu","1298":"m\u0101ja","1299":"r\u0101ma","1300":"adom","1301":"neat","1302":"arp ","1303":"\u012bvi ","1304":"nus ","1305":"elek","1306":"a\u013ca ","1307":"\u0101t\u0101 ","1308":" spe","1309":" \u0123im","1310":"kalp","1311":" run","1312":" mas","1313":"arak","1314":"m\u016bzi","1315":"t\u012bbu","1316":" \u0161\u0137i","1317":"izsa","1318":"v\u0101ci","1319":"asar","1320":" sva","1321":"mis ","1322":"nti ","1323":" dro","1324":" atv","1325":"v\u0113ro","1326":"amer","1327":"ersi","1328":"visp","1329":"\u0113jo ","1330":"e\u013cu ","1331":" tei","1332":" tev","1333":"t\u012bst","1334":"osau","1335":"zvar","1336":"k\u0101ds","1337":"eiku","1338":"n\u0101ta","1339":"elas","1340":"elie","1341":"\u0101lo ","1342":"tt\u012bs","1343":"ajad","1344":"lt\u0101t","1345":"rm\u0101c","1346":"maz ","1347":" pan","1348":"par\u0101","1349":"jadz","1350":" bar","1351":"aniz","1352":"eja ","1353":" tir","1354":" nom","1355":"\u0113jas","1356":"uzva","1357":" k\u0101p","1358":" ind","1359":"aka ","1360":" asv","1361":"asv ","1362":"iedo","1363":"\u0101kas","1364":"auti","1365":"nepa","1366":"sada","1367":" ves","1368":"iepr","1369":"siem","1370":"d\u0101v\u0101","1371":"on\u0101 ","1372":"izi ","1373":"paz\u012b","1374":"slim","1375":"onis","1376":"arbu","1377":"krit","1378":"rezu","1379":" a ","1380":" tai","1381":"saim","1382":" j\u016br","1383":"izsk","1384":"eizi","1385":"jais","1386":"pa\u0161i","1387":"r\u012bt ","1388":"\u0113d\u0113j","1389":"istu","1390":"ild\u012b","1391":" uni","1392":"tnes","1393":"\u012bg\u0101k","1394":"noda","1395":"ij\u0101m","1396":"rst\u0101","1397":"alit","1398":"\u0101l\u0101s","1399":"enta","1400":"bai ","1401":"o\u0161i ","1402":"\u012bvo ","1403":"ezul","1404":"z\u012bba","1405":" taj","1406":"n\u0101ka","1407":"tipr","1408":"gl\u012bt","1409":"d\u012bt ","1410":"zult","1411":"iz\u0101c","1412":"z\u0101ci","1413":"gr\u0101m","1414":"adar","1415":"imni","1416":"\u0101ku ","1417":"maz\u0101","1418":"c\u012bbu","1419":"ed\u0101v","1420":"pr\u0101t","1421":"\u0161is ","1422":" kor","1423":"s\u0101ka","1424":"metr","1425":"\u0123ime","1426":"kum\u0101","1427":"ava ","1428":"proc","1429":"klub","1430":"soci","1431":"izdo","1432":" v\u012br","1433":"alpo","1434":"k\u0101du","1435":"\u0101mat","1436":"aina","1437":"ideo","1438":"auga","1439":" k\u013cu","1440":"z\u012bve","1441":" \u0101tr","1442":"eras","1443":"mija","1444":" las","1445":"p\u0113d\u0113","1446":" \u0161is","1447":" tr\u012b","1448":" m\u016bz","1449":"auta","1450":"orta","1451":"rad\u012b","1452":"\u012bj\u0101s","1453":"t\u0101ti","1454":"iksm","1455":" atz","1456":"kras","1457":"\u0101kot","1458":"idro","1459":"izgl","1460":"roce","1461":"\u0101k\u0101s","1462":"m\u0113ne","1463":"citu","1464":"etum","1465":"st\u012bj","1466":"stat","1467":" vil","1468":"n\u012bca","1469":"vid\u0113","1470":"t\u0101p\u0113","1471":" dab","1472":"\u012bbai","1473":"ieri","1474":"vnie","1475":"esi ","1476":"ain\u012b","1477":"zvie","1478":"erat","1479":"iden","1480":"ar\u0101 ","1481":"tr\u012bs","1482":"\u0101rva","1483":" nau","1484":"eme\u013c","1485":"edz ","1486":"a\u0161i ","1487":"\u012bdzi","1488":" atg","1489":"\u0113tie","1490":" mod","1491":"tai ","1492":" izt","1493":"ists","1494":"ektr","1495":"sku ","1496":"irs ","1497":"elu ","1498":"\u012bst\u012b","1499":"\u0113ki ","1500":"ofes","1501":"l\u0113t\u0101","1502":"its ","1503":"sto\u0161","1504":"k\u0161\u0113j","1505":"dz\u0113j","1506":"\u013ciem","1507":"to\u0161a","1508":" iem","1509":"evis","1510":" sni","1511":"irmo","1512":"do\u0161a","1513":"aimn","1514":"oto ","1515":"medi","1516":"nov\u0113","1517":"eri ","1518":"okli","1519":"sma ","1520":"tavo","1521":"oru ","1522":" nop","1523":"t\u0101st","1524":"n\u0101t\u0101","1525":"rofe","1526":"p\u0101rd","1527":"tr\u0101 ","1528":"kst ","1529":"mata","1530":"lais","1531":"obr\u012b","1532":"d\u0113j\u0101","1533":"i\u0101li","1534":" fra","1535":"ienk","1536":"meri","1537":"prec","1538":"a\u013cu ","1539":"ins ","1540":"\u0113rnu","1541":"gads","1542":"sdie","1543":" rie","1544":"naud","1545":"apra","1546":" m ","1547":"dzi ","1548":"auno","1549":"simt","1550":"spil","1551":"ned\u0113","1552":"rot ","1553":"rds ","1554":"celt","1555":"vasa","1556":"\u0101d\u0101t","1557":" apv","1558":"\u012bvoj","1559":"vese","1560":"ri\u0101l","1561":"usie","1562":"v\u0113tk","1563":"e\u0161am","1564":"aldi","1565":"aksa","1566":"ekie","1567":" m\u0113n","1568":"iek\u013c","1569":"n\u0101l\u0101","1570":"ed\u0113\u013c","1571":"v\u0101s ","1572":"\u0101d\u012bt","1573":"\u0101j\u0101s","1574":" kva","1575":"klas","1576":"etei","1577":"foto","1578":"las\u012b","1579":"vied","1580":"v\u0113ku","1581":" san","1582":"ient","1583":"roja","1584":"iver","1585":"kop\u0161","1586":"kr\u0101s","1587":"onom","1588":"skas","1589":"konc","1590":"o\u0123ij","1591":"zgl\u012b","1592":"disk","1593":"ijs ","1594":"en\u0101s","1595":"rt\u0113j","1596":"a\u013cas","1597":"eder","1598":"om\u0101j","1599":"once","1600":" \u012bst","1601":"spec","1602":"\u0113rij","1603":"ztur","1604":" alb","1605":"um>g","1606":" nol","1607":"inot","1608":"raug","1609":"\u0123isk","1610":"esel","1611":"k\u0101r\u0161","1612":"zija","1613":"mbr\u012b","1614":"om\u0101t","1615":"azin","1616":"ida ","1617":"irm\u0101","1618":"ans ","1619":"\u0161in\u0101","1620":"iene","1621":"a\u0146em","1622":"al\u012bb","1623":"akt\u012b","1624":"gadi","1625":"\u0113ti ","1626":"ora ","1627":"nij\u0101","1628":" jum","1629":"vis\u0101","1630":"ek\u0161\u0113","1631":" ner","1632":"rbu ","1633":"j\u016bs ","1634":"\u0137is ","1635":"adie","1636":"ekas","1637":"inst","1638":"iz\u0113t","1639":"atik","1640":"eksp","1641":"devu","1642":"sion","1643":"zlas","1644":"pa\u0161u","1645":"ienv","1646":"riju","1647":"lus ","1648":"imis","1649":"eska","1650":"sim ","1651":" k\u013c\u016b","1652":" ins","1653":"risi","1654":" uzr","1655":"ini ","1656":"t\u0101d\u0113","1657":"stri","1658":" rob","1659":"ksts","1660":"edri","1661":"neka","1662":"edza","1663":"olas","1664":" mei","1665":"aliz","1666":" sim","1667":" aud","1668":"pats","1669":"zv\u0113l","1670":"anos","1671":"g\u0101s ","1672":"punk","1673":"toti","1674":"d\u012bja","1675":"\u0101t\u0101j","1676":"\u013caut","1677":" gra","1678":"vec\u0101","1679":" sma","1680":"lat\u012b","1681":"bin\u0101","1682":"iegt","1683":"isin","1684":"nodo","1685":"\u0101d\u0101j","1686":"\u0101des","1687":"z\u012bst","1688":"unkt","1689":"aunu","1690":" me\u017e","1691":"slav","1692":"beid","1693":"ev\u0113r","1694":" atl","1695":"envi","1696":"acio","1697":"at\u016br","1698":"ksta","1699":"adam","1700":"enoj","1701":"e\u0146em","1702":"ebij","1703":"pla\u0161","1704":"sauc","1705":"ehni","1706":" mel","1707":" kli","1708":"oci\u0101","1709":"t\u0113ma","1710":"lt\u016br","1711":"odro","1712":"aun\u0101","1713":" kok","1714":"egul","1715":"rpin","1716":"ult\u016b","1717":"\u0161\u0101s ","1718":"udzi","1719":"jebk","1720":"pirk","1721":" nez","1722":"nodr","1723":"enk\u0101","1724":"vain","1725":"\u016bzik","1726":"vent","1727":"ani ","1728":"varu","1729":"vali","1730":"bie\u017e","1731":"kart","1732":"nk\u0101r","1733":"uns ","1734":" tuv","1735":"anta","1736":"evi ","1737":"ciet","1738":"alti","1739":"t\u012bti","1740":" esm","1741":"otam","1742":"n\u0101ti","1743":"kot ","1744":"umen","1745":"sarg","1746":"\u012bsta","1747":"eica","1748":"\u0113t\u0101 ","1749":" kap","1750":"iero","1751":"naci","1752":" nem","1753":"tern","1754":"i\u0146ie","1755":"\u0113jis","1756":"\u0113l\u0113j","1757":" apa","1758":"peci","1759":"omis","1760":"urpi","1761":"rnu ","1762":" t\u0101l","1763":"inan","1764":"ekon","1765":"kie ","1766":"ezer","1767":"\u0101ri ","1768":"cina","1769":"ieej","1770":"dr\u012bz","1771":"mies","1772":"ar\u0101d","1773":"n\u012bgi","1774":"tams","1775":"tele","1776":"ov\u0113r","1777":"t\u012bva","1778":"tver","1779":"aizv","1780":"as\u0101k","1781":"\u0161ano","1782":"citi","1783":"liep","1784":"pas\u0101","1785":"nvid","1786":"trij","1787":" j\u0101 ","1788":"\u0113jot","1789":" ide","1790":" eso","1791":"prob","1792":"adus","1793":"zsar","1794":"edzi","1795":"n\u0101ku","1796":"rt\u012bb","1797":"sten","1798":"r\u012bko","1799":"st\u0101j","1800":"pie\u0146","1801":"abas","1802":"en\u012bg","1803":"pes ","1804":"\u0113rt\u0113","1805":"kar\u012b","1806":" fot","1807":"dome","1808":"zimi","1809":" nac","1810":"otra","1811":"ica ","1812":"isie","1813":"ksti","1814":"t\u012bta","1815":"alva","1816":"amie","1817":"n\u0101la","1818":" aic","1819":"n\u0101tn","1820":"esta","1821":"ipri","1822":"tdie","1823":" pub","1824":"\u0101kie","1825":"ekst","1826":"erik","1827":"auks","1828":"nais","1829":"\u013cauj","1830":"jama","1831":"um>0","1832":"rtu ","1833":"ie\u0146e","1834":"auda","1835":" dev","1836":"oska","1837":"fina","1838":"klis","1839":"\u012bgo ","1840":"giem","1841":"divi","1842":"n\u0101ts","1843":"sasn","1844":"rtij","1845":"onst","1846":"nosl","1847":" apt","1848":"z\u0146em","1849":"mazi","1850":"prak","1851":" pos","1852":" ama","1853":"\u013cuva","1854":"gumu","1855":"r\u012bs ","1856":"iesn","1857":" apd","1858":"sama","1859":"in\u0101l","1860":"iste","1861":"mode","1862":"umam","1863":"prez","1864":"zi\u0146a","1865":"\u012bgum","1866":"smas","1867":" sla","1868":"iede","1869":"virz","1870":" soc","1871":"a\u013c\u0101 ","1872":"esa ","1873":"s\u016bt\u012b","1874":"t\u012bvi","1875":"adz\u012b","1876":"ldes","1877":"ajos","1878":"arka","1879":"kris","1880":" sac","1881":"\u0101v\u0101 ","1882":" sil","1883":"sask","1884":" lid","1885":"ra\u017eo","1886":"\u0161\u0101m ","1887":"en\u0101k","1888":"dies","1889":"pien","1890":"\u012bnas","1891":"aj\u0101s","1892":"lase","1893":"tera","1894":"v\u0113l\u0101","1895":"fesi","1896":"zika","1897":"smes","1898":"p\u0113le","1899":"az\u0101k","1900":" bas","1901":"robl","1902":" l\u012bm","1903":"trol","1904":"orma","1905":"zn\u012bc","1906":"eva ","1907":"lpoj","1908":"esti","1909":"on\u0101t","1910":"ek\u013ca","1911":"\u0123ist","1912":"d\u0113ja","1913":"l\u012bme","1914":"ater","1915":"nkur","1916":"ptau","1917":"s\u012bba","1918":"odu ","1919":"lbum","1920":"etek","1921":"eli ","1922":" mek","1923":" dep","1924":"sept","1925":"u\u0161ie","1926":" kai","1927":"op\u0161 ","1928":" bri","1929":"andi","1930":"\u0101pat","1931":"d\u0101m ","1932":"fran","1933":"mai\u0146","1934":" i ","1935":"\u0101laj","1936":"nest","1937":"mate","1938":"daug","1939":"iln\u012b","1940":"kat\u0101","1941":"rmo ","1942":"iece","1943":"nosk","1944":"nive","1945":"aud\u0113","1946":"ndas","1947":"isp\u0101","1948":"\u0101kam","1949":"nstr","1950":" tri","1951":"\u016bra ","1952":"tran","1953":" sit","1954":"\u012bt\u012bb","1955":"kl\u0101j","1956":"otas","1957":"m>ga","1958":"t\u0101pa","1959":"p\u0113ju","1960":"spie","1961":"asto","1962":"al\u0101 ","1963":"onku","1964":"apro","1965":"pa\u0161a","1966":">gad","1967":"sona","1968":"akal","1969":"eeja","1970":"stis","1971":"\u012bves","1972":" sep","1973":" \u0101rs","1974":"isas","1975":"eika","1976":"toju","1977":"k\u0101p\u0113","1978":"nakt","1979":" ser","1980":"r\u0101s ","1981":"zi\u0146o","1982":"\u0113ka ","1983":"kolo","1984":"tkar","1985":"\u0113l\u0101k","1986":"albu","1987":"iep\u0101","1988":"riez","1989":"rboj","1990":"l\u012bga","1991":"nda ","1992":"eiks","1993":"laid","1994":"rodu","1995":" fak","1996":" eko","1997":"misk","1998":"kata","1999":"sa\u0146e","2000":"l\u012bt\u012b","2001":" cau","2002":"univ","2003":"as\u012bt","2004":" atp","2005":"amo ","2006":"auc ","2007":"ari ","2008":"neli","2009":"bl\u0113m","2010":"min\u0113","2011":"al\u012bj","2012":"liem","2013":"\u0101ki ","2014":"eka ","2015":"kome","2016":"el\u0101 ","2017":" vas","2018":"ntot","2019":" rek","2020":"olu ","2021":" ra\u017e","2022":"ala ","2023":" b\u016bv","2024":" put","2025":"k\u013cau","2026":"rbin","2027":"viem","2028":" neg","2029":"poju","2030":"m>00","2031":"kval","2032":" d\u0113\u013c","2033":"\u0101rto","2034":"in\u0113t","2035":"ekto","2036":"iegl","2037":"\u0146am ","2038":" gat","2039":" nog","2040":"amma","2041":"vieg","2042":"\u0161val","2043":"maj\u0101","2044":"unie","2045":"i\u0146am","2046":"rval","2047":"l\u012bgu","2048":"l\u012bba","2049":"lstu","2050":"peri","2051":"ajam","2052":" pun","2053":"mene","2054":" mir","2055":"milj","2056":"obl\u0113","2057":"zona","2058":"imta","2059":"t\u0101da","2060":"\u0113ks ","2061":"lta ","2062":"liz\u0113","2063":"pava","2064":"l\u0101ka","2065":"dija","2066":"pa\u0161v","2067":"raid","2068":"avot","2069":"nebi","2070":"tev ","2071":" \u0161\u012bs","2072":"apvi","2073":"ar\u0113j","2074":" lap","2075":"rmai","2076":"una ","2077":"ati ","2078":"tot\u0101","2079":"\u0161\u012bs ","2080":"eri\u0101","2081":"k\u013cu ","2082":"eguv","2083":"cit\u0101","2084":"da\u013c\u0101","2085":"\u0113mas","2086":"lien","2087":"\u0113js ","2088":"ered","2089":" rok","2090":"t\u012bja","2091":"id\u0113j","2092":"\u0113rni","2093":"tri ","2094":"ma\u0161\u012b","2095":"anis","2096":"ietn","2097":"ar\u012bt","2098":"t\u012bts","2099":"p\u0101rt","2100":"uden","2101":"a\u0161\u012bn","2102":"ared","2103":"auns","2104":"sks ","2105":"lkst","2106":"n\u012bbu","2107":"prod","2108":"aizm","2109":" and","2110":"lido","2111":"e\u0146a ","2112":"rezi","2113":" at\u0161","2114":"l\u0113mu","2115":"\u0101ra ","2116":"\u0146em ","2117":"ep\u0101j","2118":"tora","2119":"alas","2120":"atz\u012b","2121":" d\u0101r","2122":"\u0101jam","2123":"laba","2124":"rans","2125":"\u012bdze","2126":"iekr","2127":"ldie","2128":"ektu","2129":"\u0161os ","2130":"m\u016bsd","2131":"pera","2132":"ugav","2133":"at\u0161\u0137","2134":"stas","2135":" rep","2136":"rnie","2137":"p\u0101r ","2138":"ul\u0101r","2139":"gst\u0101","2140":"epri","2141":"\u0101r\u0113j","2142":"ntr\u0101","2143":"stan","2144":"kono","2145":"zas ","2146":" uzl","2147":"toru","2148":"zr\u0101d","2149":"enai","2150":"tni ","2151":"els ","2152":"\u0101c\u012bb","2153":" ris","2154":"\u016bsdi","2155":"labo","2156":"tuve","2157":"ntie","2158":"oris","2159":"\u0101rta","2160":"\u0101rli","2161":"\u0101d\u012bj","2162":"ezid","2163":"k\u0101m ","2164":"lika","2165":"ieva","2166":"t\u012bb\u0101","2167":"tirg","2168":"glab","2169":"ntoj","2170":"m\u0101ju","2171":"zaud","2172":"piee","2173":"apsk","2174":" ban","2175":"ncer","2176":"pska","2177":"t\u0101l\u0101","2178":"apme","2179":"vus ","2180":"z\u0113t ","2181":"a\u0161va","2182":"izvi","2183":"varb","2184":"un\u0101 ","2185":" tos","2186":"\u0113rt\u012b","2187":"enis","2188":" rea","2189":"caur","2190":"smit","2191":"no\u0161a","2192":"astu","2193":"m\u0161an","2194":" apl","2195":"ieg\u0101","2196":"ilst","2197":"t\u0113ja","2198":"kaji","2199":"n\u0101li","2200":"dzot","2201":"upas","2202":"tikt","2203":"itie","2204":"\u0113les","2205":"ikal","2206":"itu\u0101","2207":"osl\u0113","2208":"matu","2209":"ikta","2210":"zpil","2211":"\u0101jus","2212":"da\u013cu","2213":"dina","2214":" mal","2215":"zot ","2216":" d ","2217":"\u0113l\u0113\u0161","2218":"gr\u0101f","2219":"tumu","2220":" pop","2221":"bils","2222":"m\u0101m ","2223":"loda","2224":"ljon","2225":"rm\u0101 ","2226":"m\u0113r\u0137","2227":"ras\u012b","2228":"emin","2229":" ap ","2230":"ec\u0101k","2231":"idus","2232":"p\u0101ri","2233":"kred","2234":"alde","2235":"unu ","2236":"d\u0101rz","2237":"cita","2238":" uzb","2239":"zlie","2240":"arb\u016b","2241":"l\u0101no","2242":" baz","2243":"tram","2244":"t\u0101v ","2245":"uto ","2246":" mie","2247":"ieg\u016b","2248":"str\u0113","2249":"sant","2250":"kli ","2251":"bola","2252":"\u0101te ","2253":"evum","2254":"k\u0101ci","2255":"etes","2256":"\u012bna ","2257":"dzam","2258":"l\u0113ja","2259":"az\u012bs","2260":"itas","2261":" ven","2262":"jami","2263":"izra","2264":" zva","2265":"ugur","2266":"oces","2267":"neti","2268":" nee","2269":"vism","2270":"tin\u0101","2271":" spi","2272":"akci","2273":"at\u0101 ","2274":"g\u0161an","2275":"zien","2276":"ejam","2277":"ases","2278":"sit\u0101","2279":"abal","2280":" rai","2281":"p\u0101ni","2282":"voja","2283":"omen","2284":"apil","2285":"ezin","2286":"baud","2287":"uris","2288":"evu ","2289":"oj\u0101s","2290":"mart","2291":"rb\u016bt","2292":"lici","2293":"iju\u0161","2294":"laj\u0101","2295":"bank","2296":"v\u012bri","2297":"\u0113roj","2298":"datu","2299":"arei","2300":"sus ","2301":"\u012bkst","2302":"tr\u0101l","2303":"ie\u0161\u0101","2304":"sel\u012b","2305":"al\u012bt","2306":"utis","2307":"izva","2308":"t\u0161\u0137i","2309":"sati","2310":"pin\u0101","2311":"mana","2312":"an\u0101k","2313":"usu ","2314":"dzes","2315":"var\u012b","2316":"jus ","2317":" res","2318":"spri","2319":"ed\u012bt","2320":"esan","2321":"papi","2322":"rsit","2323":"stes","2324":"r\u012bd ","2325":"dnie","2326":"ce\u013ca","2327":"turi","2328":"ster","2329":"etoj","2330":"c\u012bb\u0101","2331":"cert","2332":"nor\u0101","2333":"oda ","2334":"dzel","2335":"ritu","2336":"\u0146us ","2337":"r\u0161i ","2338":"norm","2339":"n\u0101tu","2340":"zide","2341":"deo ","2342":"rotu","2343":"am\u0101 ","2344":"aiks","2345":"\u0113mu ","2346":"z\u0113ja","2347":"ebku","2348":"situ","2349":"tre\u0161","2350":"u\u0101ci","2351":"e\u013ca ","2352":"iz\u0113j","2353":" reg","2354":"erne","2355":"jeb ","2356":"bkur","2357":"ikam","2358":"lasi","2359":" ang","2360":"n\u0101k ","2361":"ilde","2362":" nok","2363":"a\u0161u ","2364":"pat\u012b","2365":"e\u0123is","2366":"stin","2367":"vest","2368":"t\u0101li","2369":" esa","2370":"balv","2371":"iepa","2372":"sot ","2373":"ud\u0113j","2374":"o\u0123is","2375":"utom","2376":"r\u0101m ","2377":"esio","2378":"rtas","2379":"mumu","2380":"vecu","2381":"l\u0113t ","2382":"ajag","2383":"izr\u0101","2384":"land","2385":"\u0101na ","2386":"izpi","2387":"gus ","2388":"ence","2389":"pvie","2390":"stik","2391":"udin","2392":" por","2393":"\u0113r\u0101 ","2394":"aisa","2395":"et\u0113j","2396":"r\u012bgi","2397":"r\u012bz ","2398":"idu ","2399":"resa","2400":"ik\u0101c","2401":"indi","2402":"v\u0113la","2403":"bazn","2404":"iemi","2405":"neb\u016b","2406":"t\u012bt\u0101","2407":"\u0101\u0146u ","2408":"smaz","2409":" te ","2410":"nove","2411":"rat\u012b","2412":"rt\u0101 ","2413":"amas","2414":"ul\u0113 ","2415":"ksme","2416":"iek\u0101","2417":"v\u0113ja","2418":"p\u0113t\u012b","2419":"rien","2420":"om\u0101 ","2421":"izc\u012b","2422":"nezi","2423":"eti ","2424":"l\u0113ma","2425":"zvai","2426":"iere","2427":"mju ","2428":"zinu","2429":"v\u0113rs","2430":"bnie","2431":" \u013cau","2432":"esam","2433":"osta","2434":"iljo","2435":"kusi","2436":"maij","2437":"tris","2438":"onij","2439":"komi","2440":"ktro","2441":"azn\u012b","2442":"jag ","2443":"j\u016bra","2444":"ar\u012bb","2445":"\u0161ie ","2446":"egum","2447":"vaig","2448":"zimt","2449":"t\u0113m ","2450":"lij\u0101","2451":"m\u0101ti","2452":"\u0101nu ","2453":"mati","2454":"\u012brie","2455":"etuv","2456":"vi\u0161\u0137","2457":"ekta","2458":"tu\u0101c","2459":"ene ","2460":"b\u0101s ","2461":"pate","2462":" sl\u0113","2463":"omas","2464":"dzu ","2465":"be\u017eo","2466":" sol","2467":"sard","2468":"kust","2469":"t\u0101ci","2470":"e\u017ei ","2471":"\u0101nis","2472":" nen","2473":" muz","2474":"ksks","2475":" km ","2476":"urie","2477":"emas","2478":"eko ","2479":"ienm","2480":"roni","2481":"000 ","2482":"c\u012bn\u012b","2483":"seko","2484":"adsi","2485":"ksas","2486":"truk","2487":" r\u012bt","2488":"\u012bgai","2489":"saei","2490":"at\u012bk","2491":"it\u0101l","2492":"itis","2493":"sis ","2494":"amaz","2495":"aeim","2496":"ardz","2497":"term","2498":"\u013cus ","2499":"d\u012bti","2500":"ibin","2501":" sae","2502":"evi\u0161","2503":"rakt","2504":"dsim","2505":"it\u0101 ","2506":"dis ","2507":" god","2508":"ievu","2509":"dota","2510":"eg\u0101d","2511":"\u0101ru ","2512":"dzek","2513":"eici","2514":"g\u0101m ","2515":"atgr","2516":"t\u012bv\u0101","2517":"klau","2518":"usa ","2519":"posm","2520":"rmaj","2521":"s\u0101s ","2522":"brit","2523":"ekam","2524":"olis","2525":"biji","2526":"gand","2527":" raj","2528":"dza ","2529":"viel","2530":" z\u012bm","2531":"\u0161ais","2532":"ndu ","2533":"etur","2534":"sala","2535":"piea","2536":"neiz","2537":"misi","2538":"lin\u0101","2539":"dibi","2540":"inas","2541":"utas","2542":"t\u012bs ","2543":"ados","2544":" sve","2545":"rik\u0101","2546":"or\u0101d","2547":"amen","2548":"ugus","2549":"rajo","2550":" pul","2551":"ntra","2552":"rpta","2553":"rumu","2554":"slas","2555":"zina","2556":"enie","2557":"ast ","2558":"\u0113ne\u0161","2559":"rjer","2560":"aral","2561":"\u0101rdo","2562":"iet\u0113","2563":"\u0161obr","2564":"odar","2565":"telp","2566":"atla","2567":"\u0113kie","2568":"etru","2569":"epte","2570":"stab","2571":"\u0101ris","2572":"rato","2573":"\u012bnu ","2574":"meni","2575":" s ","2576":" \u0161ob","2577":"esai","2578":"apga","2579":"\u0101ju\u0161","2580":"omes","2581":"kand","2582":"airs","2583":"tgri","2584":"ogr\u0101","2585":"nm\u0113r","2586":"eit ","2587":"enm\u0113","2588":"ajon","2589":"ijis","2590":"min\u0101","2591":"t\u0101vo","2592":"tota","2593":"\u016bst ","2594":" arh","2595":"tudi","2596":"rdz\u012b","2597":"rat\u016b","2598":"varo","2599":"rais","2600":"rnet","2601":" tro","2602":"atce","2603":"arpt","2604":"lsti","2605":"nees","2606":"nopi","2607":"toja","2608":"kol\u0101","2609":"ecum","2610":"dok\u013c","2611":" ame","2612":"kar ","2613":" cer","2614":"ieau","2615":"e\u0161\u0101m","2616":"e\u0161an","2617":"opul","2618":"iro ","2619":" nak","2620":" j\u0101n","2621":"rika","2622":"nie\u0161","2623":"piel","2624":"pald","2625":"est ","2626":"ie\u017ei","2627":"n\u012bb\u0101","2628":" zau","2629":" \u0161ei","2630":"isks","2631":"vena","2632":"isij","2633":"ieni","2634":"rie\u0161","2635":" fut","2636":"m\u0101j\u0101","2637":"kaus","2638":" the","2639":"okto","2640":"pie\u0161","2641":" sin","2642":"los ","2643":" cel","2644":"zstr","2645":"konf","2646":"alu ","2647":"red\u012b","2648":"\u0101tni","2649":"ekci","2650":"popu","2651":"arta","2652":"s\u0113t\u0101","2653":" jan","2654":"acij","2655":"bask","2656":"rit\u0101","2657":"rali","2658":"l\u0101k\u0101","2659":"\u012bbni","2660":"boli","2661":"doju","2662":"meit","2663":"iktu","2664":"vokl","2665":"z\u012bme","2666":"kato","2667":"pazi","2668":"kol\u0113","2669":"eig\u0101","2670":"udij","2671":"ur\u0113t","2672":"tums","2673":"ess ","2674":"ovs ","2675":"lam ","2676":"taci","2677":"trat","2678":"e\u0123io","2679":"t\u0101lu","2680":"d\u0113ju","2681":"man\u012b","2682":"noja","2683":" ast","2684":"edze","2685":"s\u012bt ","2686":"\u0161ies","2687":"\u0123ion","2688":"ju\u0161a","2689":" ver","2690":"tren","2691":" atm","2692":"atei","2693":" poz","2694":"kl\u0113t","2695":" agr","2696":"olij","2697":"zs\u0101k","2698":" pel","2699":"gale","2700":"gava","2701":"sksk","2702":"d\u012bta","2703":"ic\u0113t","2704":"gums","2705":"ij\u0101s","2706":"o\u0161o ","2707":"teks","2708":"\u012bcas","2709":"utor","2710":" imp","2711":" izb","2712":"zelt","2713":"tekm","2714":" due","2715":"d\u0113jo","2716":"kan\u0101","2717":"emt ","2718":"oduk","2719":"\u0161eit","2720":"s\u012bb\u0101","2721":"d\u012bbu","2722":"atve","2723":"u\u0161as","2724":" kru","2725":" vin","2726":"ido ","2727":"m\u0113\u0123i","2728":"lvas","2729":" mon","2730":"stac","2731":" saj","2732":"t\u0101di","2733":"odok","2734":"eima","2735":"ekli","2736":"od\u0101 ","2737":"c\u0101s ","2738":"guva","2739":"mta ","2740":"bini","2741":"\u0113\u0123in","2742":"alik","2743":"sl\u0113d","2744":"\u010detr","2745":" kl\u0101","2746":"dris","2747":" \u010det","2748":"b\u016bv\u0113","2749":"futb","2750":"park","2751":"utbo","2752":"regu","2753":"\u0101rti","2754":"ermi","2755":"znie","2756":"gr\u016bt","2757":"icis","2758":"aktu","2759":"ksla","2760":"g\u0101d\u0101","2761":"ludi","2762":"apm\u0113","2763":"s\u0101ko","2764":"etri","2765":"aram","2766":"ivas","2767":"ait\u0101","2768":"pm\u0113r","2769":"iti ","2770":"ek\u013cu","2771":"l\u0113dz","2772":"dzir","2773":"eaug","2774":"atur","2775":"karo","2776":"aul\u0113","2777":"\u012bjis","2778":"stei","2779":"dod ","2780":"l\u012bbn","2781":" izk","2782":" bur","2783":" t\u0113v","2784":"ietv","2785":"atja","2786":" sp\u0101","2787":" gr\u016b","2788":" rom","2789":"pisk","2790":" tem","2791":"vid ","2792":"abu ","2793":"audu","2794":"\u0113jus","2795":"n\u0101ko","2796":"diev","2797":"i\u0146\u0101 ","2798":"tobr","2799":"ntro","2800":"mper","2801":" ant","2802":"mugu","2803":"el\u012bb","2804":"nces","2805":"auca","2806":"stot","2807":" spr","2808":" k ","2809":"slin","2810":"t\u0101v\u0113","2811":"\u0101de ","2812":"esma","2813":"\u0101r\u0161i","2814":"atas","2815":"laus","2816":"pmek","2817":"mask","2818":"nema","2819":"ori ","2820":"z\u0101k ","2821":"gado","2822":"a\u0146\u0113m","2823":"\u012btas","2824":" pac","2825":"drs ","2826":"ajai","2827":"stni","2828":"\u0113l\u0113 ","2829":" arm","2830":"i\u0101l\u0101","2831":"aske","2832":"atru","2833":"veni","2834":" sug","2835":"saga","2836":"zc\u012bn","2837":"fakt","2838":"the ","2839":"kate","2840":" sir","2841":"aism","2842":" oli","2843":"aba ","2844":"oni ","2845":"sket","2846":"ilma","2847":"j\u016bsu","2848":"elta","2849":"rti ","2850":"v\u0101m ","2851":"saru","2852":"sace","2853":"gust","2854":"emot","2855":"taji","2856":"aven","2857":"\u0123in\u0101","2858":"vari","2859":"uzs\u0101","2860":"eiz\u0113","2861":"nika","2862":"niz\u0101","2863":"tjau","2864":"kotn","2865":"agai","2866":"avuk","2867":"uk\u0101r","2868":"l\u0101t ","2869":"\u0101ns ","2870":"blik","2871":"p\u0101rb","2872":"t\u0101ka","2873":"ontr","2874":" j\u0101s","2875":"rdu ","2876":"neno","2877":"tron","2878":"oper","2879":"\u012bvni","2880":"arun","2881":"skie","2882":"z\u012bvn","2883":"klie","2884":"emon","2885":"rlie","2886":"\u0113tku","2887":"kl\u0113j","2888":"garu","2889":"vuk\u0101","2890":" l\u0113m","2891":"ekt\u012b","2892":"astr","2893":"audi","2894":"rust","2895":"t\u0101de","2896":"esu ","2897":"igau","2898":"apr\u012b","2899":"is\u0101 ","2900":"n\u0101ci","2901":"esmi","2902":"sm\u012bg","2903":"\u0101d\u0101s","2904":"r\u0101ka","2905":"nsti","2906":"\u0101d\u0113\u013c","2907":"t\u0113ju","2908":"c\u012bgi","2909":"l\u012bni","2910":" jur","2911":"diva","2912":" bai","2913":"pst\u0101","2914":"ems ","2915":"azi\u0146","2916":"itik","2917":"aits","2918":"eci\u0101","2919":"ik\u0161a","2920":"\u0113to ","2921":"k\u013ca ","2922":"z\u0101s ","2923":"atst","2924":"ojo\u0161","2925":"guma","2926":"gaba","2927":"omu ","2928":" atj","2929":" atc","2930":"ksto","2931":"udz\u012b","2932":"pus\u0113","2933":"uc\u0113j","2934":" dok","2935":"dist","2936":" j\u0101p","2937":"apak","2938":"\u012bm\u0113 ","2939":"tkal","2940":" iga","2941":"joti","2942":"leks","2943":"rim ","2944":"lini","2945":"s\u0113d\u0113","2946":"aid\u0101","2947":" m\u0101r","2948":"adz\u0113","2949":"ranc","2950":"izda","2951":" g ","2952":" plk","2953":"tava","2954":"iter","2955":" gul","2956":"olic","2957":"z\u012bbu","2958":"ukt ","2959":"r\u0101da","2960":"noju","2961":"stun","2962":"plks","2963":"neko","2964":"anci","2965":"t\u0113\u0161a","2966":" uzd","2967":"tund","2968":"krus","2969":"\u0101lij","2970":"p\u0101r\u0113","2971":"dzen","2972":"silt","2973":"d\u012b\u0161a","2974":"d\u0113t ","2975":"s\u012bbu","2976":" fon","2977":" nam","2978":"ad\u012bb","2979":"\u0146\u0113ma","2980":"gara","2981":"skan","2982":"iesk","2983":"izli","2984":"t\u0101v\u0101","2985":"izpl","2986":"ikvi","2987":"\u0161\u0137ie","2988":"auja","2989":"\u0113rot","2990":"atus","2991":"r\u012bbu","2992":"kspe","2993":"\u0101die","2994":"rzem","2995":" svi","2996":"kst\u0101","2997":"\u0161us ","2998":"duel","2999":"\u0161\u012bba","3000":"nto ","3001":"lave","3002":" skr","3003":"\u0101jis","3004":"kal ","3005":"manu","3006":"asa ","3007":"alis","3008":"etni","3009":"slie","3010":"ai\u0146a","3011":"oju ","3012":"r\u012bb\u0101","3013":"ut\u0101t","3014":"\u0113t\u012bj","3015":"ro\u0161a","3016":"nans","3017":"poz\u012b","3018":" r\u012bk","3019":"daba","3020":"voju","3021":" j\u0101b","3022":"oka ","3023":"auj ","3024":"i\u0101la","3025":"b\u0101k ","3026":" tek","3027":"\u0101jot","3028":"rest","3029":"drot","3030":"aino","3031":"ad\u0101s","3032":"\u0101rt\u012b","3033":"rant","3034":"eize","3035":"ic\u012bg","3036":"der ","3037":"mot ","3038":"ueli","3039":"pak\u0161","3040":"rese","3041":" des","3042":"opie","3043":"rai ","3044":"\u0113ju\u0161","3045":"dukt","3046":"test","3047":"ketb","3048":"stum","3049":"ads ","3050":" tic","3051":"sper","3052":"mont","3053":"turk","3054":"ildi","3055":"rums","3056":"sms ","3057":"armi","3058":"lod\u0101","3059":"r\u0101fi","3060":"meln","3061":"nere","3062":"enci","3063":"stit","3064":"ld\u012bt","3065":"ro\u0161\u012b","3066":"fekt","3067":"t\u012b\u0161a","3068":"etbo","3069":"unas","3070":"k\u013c\u016bs","3071":"neie","3072":"l\u0101m ","3073":"roj\u0101","3074":"p\u0101rl","3075":"reis","3076":"zimu","3077":" ana","3078":"otr\u0101","3079":"aizd","3080":"admi","3081":"ekus","3082":"erob","3083":"tura","3084":" dr\u012b","3085":"o\u0161\u012bb","3086":"prat","3087":"ides","3088":" ope","3089":"z\u0113tu","3090":"ova ","3091":"am\u0113r","3092":"desm","3093":"velo","3094":"ing ","3095":"r\u0113t ","3096":"ekti","3097":"v\u012bzi","3098":"\u0101v\u0101j","3099":" p ","3100":"l\u0113gt","3101":" deg","3102":"erij","3103":"lnie","3104":"arje","3105":"ens\u012b","3106":"omet","3107":"o\u0161u ","3108":"ol\u0101 ","3109":"numu","3110":"\u0101rs ","3111":"tojo","3112":"\u0113r\u0137i","3113":"anal","3114":"eso\u0161","3115":"\u0101lie","3116":"upa ","3117":"mat\u0101","3118":"ce\u013co","3119":"ales","3120":"\u0101r\u012b ","3121":"tv\u0113r","3122":"dots","3123":"zmak","3124":"e\u0146u ","3125":"ur\u0113j","3126":"eles","3127":"ktis","3128":"noza","3129":"eput","3130":"mi\u0146a","3131":"t\u0101du","3132":"ec\u012bg","3133":"runa","3134":"piep","3135":"put\u0101","3136":"\u012bvu ","3137":"temb","3138":"uztu","3139":"nik\u0101","3140":" apz","3141":"\u0101rba","3142":"putn","3143":"z\u0113ta","3144":"agat","3145":" dod","3146":"demo","3147":" uzm","3148":"kaim","3149":"turn","3150":"\u012bv\u012bb","3151":"kole","3152":"nori","3153":"r\u0101ku","3154":"ries","3155":"n\u012bga","3156":"ebru","3157":"izes","3158":"stil","3159":"boja","3160":" tav","3161":"at\u0101s","3162":"zino","3163":"\u0101l\u0101k","3164":"zek\u013c","3165":"atpa","3166":"ln\u012bg","3167":"sal\u012b","3168":"irdz","3169":"e\u0161ie","3170":"ok\u013cu","3171":"ieko","3172":"slud","3173":"lda ","3174":"iesi","3175":"ek\u0101r","3176":"stus","3177":"\u0101ca ","3178":" kin","3179":"krei","3180":"neda","3181":"zvad","3182":"v\u012bba","3183":"oj\u0101m","3184":"\u012bzij","3185":"m\u0113ro","3186":"v\u0113ks","3187":"t\u0101t\u0113","3188":"doja","3189":"nolo","3190":" tor","3191":"ksli","3192":"ltij","3193":"niz\u0113","3194":"kt\u0101 ","3195":"\u016bkst","3196":"t\u012bgi","3197":"slik","3198":"roju","3199":"z\u012bci","3200":"dmin","3201":"ansp","3202":"aptu","3203":"puse","3204":" \u0161ie","3205":"ptem","3206":"\u0101rk\u0101","3207":"r\u0101li","3208":"agla","3209":"berg","3210":" adm","3211":"doti","3212":"it\u0101r","3213":"olim","3214":"oz\u012bc","3215":"rind","3216":" deb","3217":"rad\u0101","3218":"\u0101cu ","3219":"ntrs","3220":" ien","3221":"\u0146emo","3222":"d\u012bb\u0101","3223":"kt\u016br","3224":"t\u0101la","3225":"r\u0101de","3226":"laim","3227":"auc\u0113","3228":"augi","3229":"\u0101vok","3230":"\u0101lai","3231":"izte","3232":"ek\u0101d","3233":"udz\u0113","3234":"uzst","3235":"amu ","3236":"muma","3237":"b\u012bbu","3238":"kar\u0101","3239":"zis ","3240":" eur","3241":"akts","3242":"to\u0161i","3243":"\u0101ms ","3244":"l\u012bti","3245":"atse","3246":"cena","3247":"ants","3248":"\u0101kus","3249":"acen","3250":"aik ","3251":"ekts","3252":" j\u0101i","3253":"rvie","3254":"trie","3255":"renc","3256":"ema ","3257":"zdar","3258":"ver ","3259":"\u012bgie","3260":"as\u012bj","3261":"riec","3262":"erin","3263":"svei","3264":"imas","3265":"ets ","3266":"uktu","3267":"elga","3268":"estr","3269":"in\u0113j","3270":"l\u0101ci","3271":"reti","3272":"d\u0113t\u0101","3273":"\u012bnij","3274":"me\u0146a","3275":"esot","3276":"te\u0101t","3277":"icam","3278":"usta","3279":"boj\u0101","3280":"oma ","3281":"ie\u0161\u0137","3282":"\u016bnij","3283":" pab","3284":"esni","3285":"pres","3286":"ier\u012b","3287":"erti","3288":"sagl","3289":"l\u0113ju","3290":"e\u0101tr","3291":"ila ","3292":"\u016bru ","3293":" bil","3294":"\u0101tri","3295":"depu","3296":"tur\u012b","3297":"opro","3298":" dem","3299":"\u012bgaj","3300":"aros","3301":"uss ","3302":" m\u0101t","3303":" zir","3304":"ies\u0101","3305":"rmij","3306":" n\u0113 ","3307":"limp","3308":"aste","3309":"\u016bta ","3310":"irgu","3311":"\u0101rdu","3312":"zpla","3313":"ncij","3314":"\u0113m\u0113j","3315":"\u016blij","3316":"adio","3317":"en\u0113 ","3318":"ktob","3319":" iec","3320":"l\u016bdz","3321":"rgs ","3322":"via ","3323":"znes","3324":"kati","3325":" \u0161au","3326":"mirs","3327":" dec","3328":"\u0113mij","3329":"i\u0146oj","3330":" gro","3331":"m\u012bba","3332":" t ","3333":"tku ","3334":"epar","3335":"ovid","3336":" ber","3337":" ste","3338":"stai","3339":"avad","3340":"rib\u0113","3341":"tspi","3342":"arum","3343":"eida","3344":"r\u0113t\u0101","3345":" tal","3346":"uda ","3347":"sand","3348":"gres","3349":"muze","3350":"p\u0101ja","3351":" tak","3352":"saj\u016b","3353":"v\u0101cu","3354":"priv","3355":"uzej","3356":"v\u0113ka","3357":"\u0146\u0113m\u0113","3358":"apka","3359":" r\u016bp","3360":"mui\u017e","3361":"guld","3362":"idej","3363":"dece","3364":"aku ","3365":"atis","3366":"asts","3367":"ste ","3368":"\u0137ir\u012b","3369":"ek\u0161 ","3370":"udu ","3371":"oku ","3372":"n\u012bja","3373":"atv\u0113","3374":"iels","3375":"olek","3376":"dara","3377":"kars","3378":"mato","3379":" dur","3380":"kopu","3381":" dib","3382":"estu","3383":"lts ","3384":"apli","3385":"ompl","3386":"aug\u0161","3387":"\u012btes","3388":"nota","3389":"sa\u0146\u0113","3390":"d\u0113ji","3391":"zini","3392":"b\u0101ka","3393":"temp","3394":"serv","3395":"riti","3396":"\u0101r\u0101 ","3397":"rece","3398":"d\u0113\u013ca","3399":"sark","3400":" bru","3401":"r\u0113ti","3402":"ecem","3403":"lsto","3404":" c\u012b\u0146","3405":"cemb","3406":"j\u016bni","3407":" smi","3408":"toma","3409":"ztei","3410":"epaz","3411":"orie","3412":"vemb","3413":"\u012bg\u0101s","3414":"tn\u0113 ","3415":" v ","3416":"hnik","3417":"impi","3418":"j\u016bli","3419":"er\u012bg","3420":"kama","3421":"tsev","3422":"orti","3423":"divu","3424":"r\u0113\u0161a","3425":"enam","3426":" zvi","3427":"tist","3428":"orei","3429":"noma","3430":"tst\u0101","3431":"zon\u0101","3432":"ovem","3433":"alvo","3434":"nt\u0101r","3435":"rukt","3436":"fizi","3437":"ek\u0161s","3438":"zv\u0113r","3439":"ilso","3440":"uku ","3441":"ekad","3442":"koju","3443":"pus ","3444":"antu","3445":"\u012bsie","3446":"\u0101tis","3447":"uzbr","3448":"vju ","3449":"karj","3450":"r\u0113s ","3451":"skar","3452":"katu","3453":"ugu ","3454":" \u017eur","3455":"id\u0101m","3456":"n\u0101ls","3457":"repu","3458":" d\u0101v","3459":"ugun","3460":" z\u0101l","3461":" ale","3462":"ndr\u012b","3463":" paa","3464":"almi","3465":"s\u0101kt","3466":"ent\u0113","3467":"t\u0101d\u012b","3468":"aida","3469":"ervi","3470":"uzra","3471":"koti","3472":"t\u0113jo","3473":"nspo","3474":"irst","3475":"\u0113\u013cu ","3476":"arhi","3477":" top","3478":"v\u0101rt","3479":" eze","3480":" bir","3481":"\u016bti ","3482":"role","3483":"k\u013ci ","3484":"l\u0113s ","3485":" ene","3486":"unda","3487":"neri","3488":"sac\u012b","3489":"rkan","3490":"fici","3491":">000","3492":"elin","3493":"tne ","3494":"zem\u0113","3495":"re\u0101l","3496":" ugu","3497":"ksa ","3498":"neta","3499":"zirg","3500":"pul\u0101","3501":"\u0161nie","3502":"st\u0113 ","3503":"aud\u012b","3504":"\u0101rij","3505":"real","3506":"uta ","3507":"ozar","3508":"apri","3509":"\u012bmen","3510":" pau","3511":"\u0161\u0113j\u0101","3512":"zird","3513":"tivi","3514":"r\u0113ji","3515":"r\u0113\u0137i","3516":"\u012bb\u0101s","3517":"\u0113\u0137in","3518":" g\u0101j","3519":"jumo","3520":"udas","3521":"kapi","3522":"izmi","3523":"ensi","3524":"\u012bn\u012bj","3525":"\u0113las","3526":"elai","3527":"\u0113jo\u0161","3528":" okt","3529":" \u0161ov","3530":"ande","3531":"ld\u012bj","3532":"vot ","3533":"rpus","3534":"d\u0113mi","3535":"g\u0101ju","3536":"rzie","3537":"ols ","3538":"kop\u0113","3539":"kste","3540":"ais\u012b","3541":"sl\u0113p","3542":"g\u0101ka","3543":"epas","3544":"rinc","3545":"rie\u017e","3546":"\u0113taj","3547":"erie","3548":" bag","3549":"atsk","3550":"ildu","3551":"dzni","3552":" cov","3553":"fic\u0113","3554":"zdot","3555":"auci","3556":"reze","3557":"eren","3558":"otn\u0113","3559":" apb","3560":"udzu","3561":"ivi ","3562":"nost","3563":" re\u017e","3564":"att\u0113","3565":"aisn","3566":"g\u013cu ","3567":"est\u012b","3568":" esi","3569":"epub","3570":"urn\u0101","3571":"\u0146\u0101m ","3572":"s\u012bju","3573":"ulta","3574":"also","3575":"s\u0101k ","3576":"tit\u016b","3577":"\u0113li ","3578":"res\u0113","3579":"ino\u0161","3580":"rsta","3581":"d\u0101t ","3582":"san\u0101","3583":"t\u0101tu","3584":"ntsp","3585":"nce ","3586":"nese","3587":"kolu","3588":" \u0137er","3589":"\u0113nu ","3590":"covi","3591":"ev\u0113l","3592":"am\u012bb","3593":"tkri","3594":"p\u0101rk","3595":"ust\u012b","3596":"iztu","3597":"st\u012bs","3598":"fija","3599":" \u0146em","3600":"ier\u0101","3601":"ce\u013cu","3602":"ieru","3603":"tt\u0113l","3604":" zel","3605":"\u013cos ","3606":"sen ","3607":" som","3608":"nsta","3609":" mot","3610":"\u012bste","3611":"j\u0101b\u016b","3612":"\u017eurn","3613":"mans","3614":"rgu ","3615":"a\u017eot","3616":" izn","3617":"o\u0161\u0101 ","3618":" fiz","3619":"j\u016bta","3620":"diez","3621":" l\u016bd","3622":"suga","3623":"eto\u0161","3624":"\u012bva ","3625":"zelz","3626":"ktiv","3627":"d\u012bts","3628":"nv\u0101r","3629":"\u0113ra ","3630":"\u0137iet","3631":" p\u0113r","3632":"mple","3633":"icij","3634":"kr\u0101t","3635":"urs ","3636":"lmie","3637":"mala","3638":"r\u012bdi","3639":"jelg","3640":"lgav","3641":"kava","3642":"t\u012bkl","3643":"satu","3644":"\u0113j\u0101m","3645":"cens","3646":"ture","3647":"o\u0161aj","3648":"eno ","3649":"r\u0113j\u0101","3650":"\u0146oju","3651":"kume","3652":"tcer","3653":"ain\u0101","3654":"ejs ","3655":"eatk","3656":"tuv\u0101","3657":" ses","3658":" dot","3659":"en\u012b ","3660":"durv","3661":"aka\u013c","3662":"rauj","3663":" kus","3664":"oder","3665":"\u0101r\u0101k","3666":"hnol","3667":"bjek","3668":" r\u0101d","3669":"siet","3670":"eces","3671":"\u0101ma ","3672":"inci","3673":"\u0101kt ","3674":"rn\u0101l","3675":"vit\u0101","3676":"ehno","3677":" kos","3678":"mp\u0101n","3679":"\u0101ves","3680":"orm\u0113","3681":"tart","3682":"omp\u0101","3683":"e\u0161\u0137i","3684":"nesp","3685":"ner\u0123","3686":"\u0101b\u016bt","3687":" s\u0113d","3688":"uzla","3689":"irzi","3690":"at\u012bj","3691":"dato","3692":"valm","3693":"ek\u013ci","3694":"k\u0101d\u0101","3695":" led","3696":"ogad","3697":" bla","3698":"jopr","3699":"ar\u0113s","3700":"ks\u0101t","3701":"\u0101rt\u0113","3702":"amai","3703":" hok","3704":"anka","3705":"remo","3706":"trak","3707":"diju","3708":"efek","3709":"atri","3710":"udze","3711":"idos","3712":"doku","3713":"jam\u0101","3714":"aidu","3715":"un\u0101j","3716":" nob","3717":" pr\u0101","3718":"lsta","3719":" jop","3720":"ik\u0101l","3721":"tird","3722":"rada","3723":" j\u016bn","3724":"m\u012bgi","3725":"u\u0161\u0101s","3726":"\u0113jos","3727":"siju","3728":"rbau","3729":"\u012bju ","3730":"\u012bdz\u0113","3731":"rbs ","3732":"etis","3733":"svin","3734":"a\u0161um","3735":"\u0123iju","3736":"pa\u0161n","3737":"ag\u0101t","3738":"unik","3739":"d\u0101ja","3740":"juri","3741":"roka","3742":"ilit","3743":"trai","3744":"okum","3745":"op\u0113j","3746":"\u017e\u0101du","3747":"ojie","3748":"aini","3749":" her","3750":"labu","3751":"\u012bv\u0101 ","3752":" j\u016bl","3753":"uzma","3754":"arte","3755":"ormu","3756":"t\u0101ds","3757":"t\u0113t ","3758":"r\u0101di","3759":" rit","3760":"r\u0101ki","3761":" lin","3762":"kr\u0113t","3763":"veno","3764":"id\u012bj","3765":"ibli","3766":" j\u0101a","3767":"bibl","3768":"idzo","3769":"p\u0101rn","3770":"rmas","3771":"t\u012bk ","3772":" lit","3773":"rtra","3774":"uz\u0146e","3775":"pavi","3776":"zlab","3777":"us\u0113 ","3778":"egt ","3779":"asi ","3780":"gaun","3781":"\u013c\u016bst","3782":"blio","3783":"bag\u0101","3784":"\u0161\u0101da","3785":"iesl","3786":"deni","3787":"erio","3788":"\u0113nes","3789":"eram","3790":" jel","3791":"tion","3792":"\u0101zij","3793":"\u0146em\u0161","3794":"iekt","3795":" ret","3796":"iz\u0146e","3797":"p\u0113te","3798":"plek","3799":"rvis","3800":"dzis","3801":"opum","3802":"nkci","3803":"mpis","3804":"gori","3805":"skap","3806":" alg","3807":"gar\u0161","3808":"groz","3809":"stos","3810":"ures","3811":" te\u0101","3812":"ete ","3813":" bib","3814":"\u012bra ","3815":"jauk","3816":"edok","3817":"lnu ","3818":"erme","3819":"blis","3820":"komu","3821":"janv","3822":"sm\u0101 ","3823":"sos ","3824":"tic\u012b","3825":" iza","3826":"paau","3827":"pulk","3828":"uno ","3829":"kino","3830":"tien","3831":"omik","3832":"ulis","3833":"zmai","3834":"ece ","3835":"iku\u0161","3836":"nga ","3837":"emen","3838":"sak\u0101","3839":" abs","3840":"er\u0123i","3841":"doma","3842":"em\u0161a","3843":"isam","3844":"rkl\u0101","3845":"izai","3846":"lik\u0101","3847":" lv ","3848":"t\u0101k\u0101","3849":"ntus","3850":"z\u0113ju","3851":"dzi\u013c","3852":"lde ","3853":"rekt","3854":" loc","3855":"anv\u0101","3856":"rekl","3857":" it ","3858":"\u0161oga","3859":"tu\u0101l","3860":"okej","3861":"zdom","3862":"ids ","3863":"edic","3864":" mui","3865":"eksa","3866":"unij","3867":" d\u017ee","3868":"hoke","3869":"j\u0101ni","3870":"pens","3871":"uga ","3872":"vilk","3873":"rtne","3874":"olot","3875":"ests","3876":"ance","3877":"teni","3878":" til","3879":"aide","3880":"rsij","3881":"onfe","3882":"liot","3883":"arg\u0101","3884":"\u0113d\u0113t","3885":"vado","3886":"\u016bt\u012bt","3887":"skri","3888":"fin\u0101","3889":"\u012bte ","3890":"ikts","3891":"un\u0101t","3892":"ktus","3893":"ting","3894":"\u0101dus","3895":" asi","3896":" dir","3897":" rud","3898":"fere","3899":"n\u0113m ","3900":"\u016btis","3901":"orde","3902":" num","3903":"nism","3904":" psr","3905":"\u0113t\u0101s","3906":"dze ","3907":"zce\u013c","3908":"r\u0161an","3909":"ilgs","3910":" ieb","3911":" cet","3912":" akc","3913":"aman","3914":"ikus","3915":"l\u012bj\u0101","3916":"lna ","3917":"vad\u0101","3918":"otaj","3919":"t\u0101k\u013c","3920":"ion ","3921":"tro ","3922":" kod","3923":"r\u0113ta","3924":" via","3925":"e\u0146\u0113m","3926":"mobi","3927":" \u0161og","3928":"pk\u0101r","3929":"\u0113tis","3930":"guns","3931":"tude","3932":"uld\u012b","3933":"apk\u0101","3934":"iltu","3935":"r\u0123ij","3936":"\u0101rtr","3937":"raj\u0101","3938":"lot\u0101","3939":"et\u0101l","3940":"ti\u0146a","3941":"mai ","3942":"\u0137irt","3943":"rene","3944":"ivit","3945":"isus","3946":"riod","3947":"niju","3948":"o\u0161ie","3949":"d\u012bci","3950":"muni","3951":"oju\u0161","3952":"izsl","3953":" s\u0113r","3954":"tsko","3955":"p\u0113j ","3956":"ter ","3957":"a\u0146u ","3958":"cisk","3959":"rt\u012bg","3960":"ndar","3961":"onkr","3962":"uven","3963":"omun","3964":"kr\u012bt","3965":"n\u012bc\u0101","3966":"rbi ","3967":"d\u012bga","3968":"erts","3969":"n\u0101ca","3970":" br\u0101","3971":"eg\u016bt","3972":"ie\u0146\u0113","3973":"deva","3974":"joni","3975":"tat\u012b","3976":" sku","3977":"ijus","3978":" ofi","3979":"sird","3980":"nega","3981":"ot\u0101 ","3982":"hnis","3983":"aj\u016bt","3984":" mik","3985":"iona","3986":"ried","3987":"cetu","3988":"rns ","3989":"arbs","3990":"noli","3991":"node","3992":"adal","3993":"ido\u0161","3994":"velt","3995":" za\u013c","3996":"rda ","3997":"mika","3998":"smag","3999":"ait\u012b","4000":"der\u012b","4001":" tip","4002":"zaic","4003":"un\u0101k","4004":"ino ","4005":" t\u012bk","4006":"g\u016bst","4007":"ofic","4008":" rel","4009":" sig","4010":"\u012bkot","4011":"vo\u0161a","4012":"\u012bto ","4013":"\u012bder","4014":"in\u012bt","4015":"\u0161\u012bna","4016":"r\u012bks","4017":"iepi","4018":"c\u0113ju","4019":"skav","4020":"\u0101va ","4021":"izmu","4022":"ot\u0113k","4023":"t\u0101ta","4024":"rm\u0101l","4025":"radu","4026":"v\u0113r\u0161","4027":"kla ","4028":"n\u0113s ","4029":"a\u0161a ","4030":"t\u012bvu","4031":" x ","4032":"ik\u0101\u0146","4033":" teo","4034":"bruk","4035":"tei ","4036":"z\u012bm\u012b","4037":" n ","4038":"spek","4039":"s\u0101m ","4040":"ussk","4041":"eto ","4042":"uk\u0161a","4043":"rtot","4044":"isla","4045":"kari","4046":"izm\u0113","4047":"zrau","4048":" biz","4049":"baro","4050":"atsa","4051":"pan\u0101","4052":"i\u0146us","4053":"dzem","4054":"utu ","4055":"ici\u0101","4056":"one ","4057":"upes","4058":"eros","4059":"ngs ","4060":" tuk","4061":"smi ","4062":"ado\u0161","4063":"uvis","4064":" v\u0113j","4065":"dic\u012b","4066":"tene","4067":"duss","4068":"adi ","4069":"z\u012bgi","4070":"ar\u012bj","4071":"\u016bv\u0113t","4072":"ns\u012bb","4073":"\u012bju\u0161","4074":"zzin","4075":"febr","4076":"onta","4077":" rin","4078":"\u0101tas","4079":"bus ","4080":"sia ","4081":" ord","4082":"ab\u0101 ","4083":"nkr\u0113","4084":"mesl","4085":"u\u0161o ","4086":"abs ","4087":"b\u016bve","4088":"ifik","4089":"r\u0101t ","4090":"\u0113c\u012bg","4091":"\u0113\u013cas","4092":" \u0161im","4093":"v\u012bru","4094":"ezga","4095":"rain","4096":"am\u0101s","4097":"\u0101tru","4098":"r\u0113ju","4099":"meta","4100":"zmug","4101":"m\u0101k ","4102":"rdzn","4103":"l\u0101ko","4104":"z\u012bga","4105":" \u0123en","4106":"\u0113ter","4107":"lite","4108":"dev\u0101","4109":"deja","4110":"noga","4111":" bud","4112":"ssko","4113":"evaj","4114":"ic\u012bn","4115":"roma","4116":"tuva","4117":"sme ","4118":"t\u0113mu","4119":"skus","4120":"ans\u0113","4121":"nie ","4122":"izne","4123":"t\u0113ji","4124":"umur","4125":"mark","4126":"\u0113rst","4127":" m\u0113\u0123","4128":"psti","4129":" bau","4130":" ie\u0146","4131":"iem\u0101","4132":"ist\u0101","4133":"eali","4134":" m\u012bl","4135":"arat","4136":"ju\u0161\u0101","4137":"\u0101j\u0101m","4138":" u ","4139":"b\u016bti","4140":"als ","4141":"al\u0101s","4142":"empe","4143":" mus","4144":"reko","4145":"ukti","4146":"laic","4147":"vpil","4148":"rtie","4149":"obje","4150":"lies","4151":"t\u0113j\u0101","4152":"akto","4153":"avus","4154":"\u0113k\u0101 ","4155":"teor","4156":"blic","4157":"i\u0146\u0101m","4158":"urn\u012b","4159":"musi","4160":"avs ","4161":"dzas","4162":"loce","4163":" cm ","4164":"atk\u0101","4165":"tik\u0101","4166":"apzi","4167":"k\u0101di","4168":"inam","4169":"pa\u0161\u0101","4170":"art\u0101","4171":" n\u0101v","4172":" k\u0101j","4173":"rn\u012br","4174":"rk\u0101r","4175":"net\u0101","4176":"pdz\u012b","4177":"dru ","4178":"r\u016bti","4179":"l\u012bg\u0101","4180":"mumi","4181":"epat","4182":"gavp","4183":"atva","4184":" kun","4185":"auk\u0161","4186":"pieg","4187":"lic\u0113","4188":"viju","4189":"avpi","4190":"ksm\u012b","4191":"stro","4192":"apdz","4193":"omin","4194":"rdie","4195":"er\u0101c","4196":"paci","4197":"t\u0101ri","4198":"iot\u0113","4199":"iten","4200":"rimi","4201":"id\u0101 ","4202":"bert","4203":"\u012bm\u012bg","4204":"aita","4205":"amaj","4206":" fun","4207":"ekor","4208":"bru\u0101","4209":"nera","4210":"ru\u0101r","4211":"esap","4212":"\u012bvs ","4213":"r\u012bgs","4214":"kis ","4215":" bro","4216":"r\u0101ti","4217":"aran","4218":"\u0161im ","4219":"arot","4220":"n\u0101j\u0101","4221":"lekc","4222":"tr\u016bk","4223":"ogal","4224":"pada","4225":"arda","4226":"kam\u0113","4227":"ptuv","4228":"\u012bvok","4229":"\u0123ent","4230":"in\u012bg","4231":"\u016bcij","4232":"ko\u0161a","4233":"mmas","4234":" dek","4235":"ismu","4236":"ic\u0113j","4237":"t\u016bri","4238":"bra ","4239":"epra","4240":"i\u0101lu","4241":" ku\u0123","4242":"edau","4243":"svai","4244":"fest","4245":"sing","4246":"mbri","4247":"tiv\u0101","4248":"t\u0101ni","4249":"l\u0113ti","4250":"ojus","4251":"rga ","4252":"aimi","4253":"e\u0161a ","4254":"ku\u0161i","4255":"mats","4256":"onie","4257":"g\u0101ja","4258":"ej\u0101 ","4259":"vert","4260":" obj","4261":"ekm\u0113","4262":" lom","4263":"fik\u0101","4264":"gait","4265":"uli ","4266":"dr\u012bk","4267":"gali","4268":"vist","4269":"devi","4270":" t\u012br","4271":"burg","4272":" avo","4273":"idi ","4274":"\u012bjie","4275":"zbru","4276":"and ","4277":"iedi","4278":"at\u012bb","4279":"ucie","4280":" non","4281":"atli","4282":"esak","4283":" upe","4284":"moto","4285":"mma ","4286":"elik","4287":"ere ","4288":"\u0113l\u0113s","4289":"tilp","4290":"p\u0113j\u0101","4291":"\u0101nas","4292":"\u012bsti","4293":" pen","4294":"e\u017eoj","4295":"etin","4296":"\u0161\u0113ja","4297":"naj\u0101","4298":"r\u0101sa","4299":"funk","4300":"pum\u0101","4301":"ekl\u0101","4302":"ks\u0101j","4303":"gstu","4304":"etus","4305":"id\u012bt","4306":"riv\u0101","4307":"ksim","4308":"limn","4309":"t\u0113ri","4310":"tica","4311":"iv\u0101t","4312":" atd","4313":"u\u0161aj","4314":"jonu","4315":" re\u0101","4316":"pag\u0101","4317":"sp\u0113c","4318":"\u0101rtu","4319":"alek","4320":"rku ","4321":"eite","4322":"dokl","4323":" sup","4324":"inga","4325":"\u0101tne","4326":"esij","4327":"ig\u0101s","4328":"unkc","4329":"r\u012bv\u012b","4330":" d\u017eo","4331":" uzz","4332":"mit ","4333":"dz\u0113s","4334":"son\u012b","4335":"c\u012bga","4336":"k\u0161s\u0113","4337":"jie ","4338":"olog","4339":" kab","4340":"s\u0113tu","4341":"lezn","4342":"br\u012bn","4343":" e ","4344":"o\u0161a ","4345":"sij\u0101","4346":" l\u012bn","4347":"r\u012bgu","4348":"izbr","4349":"mat\u012b","4350":"at\u0101m","4351":"kop\u012b","4352":"atot","4353":"ekot","4354":"zbra","4355":"akad","4356":"ol\u0113n","4357":"agr\u0101","4358":"nt\u0101l","4359":"stre","4360":"d\u0101ju","4361":"t\u016bru","4362":"\u0137erm","4363":" feb","4364":" dej","4365":"oda\u013c","4366":" gle","4367":"aic\u012b","4368":" dia","4369":"rni ","4370":"s\u0113ju","4371":"post","4372":"an\u012bb","4373":"mazu","4374":"apma","4375":"zmir","4376":"ldin","4377":"iedu","4378":"turt","4379":"ort\u0101","4380":"it\u0101n","4381":"d\u012btu","4382":"uses","4383":"isms","4384":" van","4385":"e\u017eu ","4386":"ild\u0113","4387":"i\u0137is","4388":" rem","4389":"tekt","4390":"et\u0101m","4391":" sod","4392":"etik","4393":"glez","4394":"aizl","4395":"lma ","4396":"\u0161s\u0113d","4397":"ti\u0137i","4398":"maza","4399":"eksi","4400":"stul","4401":"t\u012bvo","4402":"tnis","4403":"n\u0101si","4404":"\u017e\u0113l ","4405":"gsti","4406":"k\u013cie","4407":"\u0113le ","4408":" jom","4409":"visl","4410":"asp\u0113","4411":"ur\u012bg","4412":"zemi","4413":"zrak","4414":"c\u0101ki","4415":"er\u0101l","4416":"\u0101fij","4417":"z\u012bvi","4418":" c ","4419":"asis","4420":"bizn","4421":"ukta","4422":"uzzi","4423":"krim","4424":"lodu","4425":"\u012bvas","4426":"pak\u0101","4427":"leme","4428":"ojis","4429":"traj","4430":"lapa","4431":"id\u012bg","4432":" \u0161or","4433":"\u012bt\u0101 ","4434":"\u016btas","4435":"\u0101j\u0101 ","4436":" art","4437":"ampa","4438":"egor","4439":"uca ","4440":"artu","4441":"labs","4442":"ad\u0113m","4443":"z\u0113m ","4444":"gli ","4445":" at\u013c","4446":"\u0101mas","4447":"c\u012bna","4448":" bre","4449":"elos","4450":" b ","4451":"aij\u0101","4452":"p\u0113c\u012b","4453":"izkl","4454":"eesm","4455":"ust\u0101","4456":"kast","4457":"atga","4458":"meda","4459":"vos ","4460":"rum\u0101","4461":"iz\u0113 ","4462":"isai","4463":" log","4464":" t\u0113r","4465":"rtis","4466":"eur ","4467":"\u0101not","4468":" ref","4469":"c\u0113ja","4470":"\u0101rds","4471":"art\u0113","4472":"d\u0101t\u0101","4473":" t\u0101m","4474":"izci","4475":"zi\u0146\u0101","4476":"\u012bca ","4477":"mie ","4478":"urus","4479":"cept","4480":"in\u0101 ","4481":"\u0101v\u0113j","4482":"arin","4483":"\u0146ai ","4484":"gala","4485":"elef","4486":"ogu ","4487":"dri ","4488":"gam ","4489":"ibu ","4490":"arla","4491":"mine","4492":"alda","4493":"\u0101dam","4494":"rina","4495":"tore","4496":"titu","4497":"ven\u0101","4498":"droj","4499":"tr\u0101c","4500":"\u0101cis","4501":"kad\u0113","4502":" t\u016br","4503":" fan","4504":"\u012bzes","4505":"rup\u0101","4506":"i\u0101lo","4507":"klus","4508":"mass","4509":"rm\u0101s","4510":"ngli","4511":"a\u0146as","4512":"k\u0101\u0146u","4513":"meto","4514":" rot","4515":"gur\u0113","4516":"esis","4517":"tona","4518":"\u0123ene","4519":"uper","4520":"\u0113tai","4521":"k\u0161\u0101 ","4522":"domj","4523":"ocek","4524":"min\u016b","4525":"ev\u0101s","4526":"omju","4527":"esen","4528":"ali ","4529":"en\u0101m","4530":"lieg","4531":"togr","4532":"eik\u0161","4533":"lefo","4534":"tpak","4535":"\u0101t\u0113 ","4536":"nds ","4537":"g\u0101di","4538":"efon","4539":"lame","4540":"n\u0161u ","4541":"ific","4542":" sia","4543":"vam ","4544":"v\u0113r\u0101","4545":"\u0101sie","4546":"\u0113lu ","4547":"\u0101rie","4548":"rop\u0101","4549":"at\u013ca","4550":"atne","4551":"gudr","4552":"ega ","4553":" mis","4554":"auri","4555":"eid\u0101","4556":"\u0113rs ","4557":"sev ","4558":"\u0137iem","4559":"tier","4560":"mn\u012bc","4561":"\u012b\u0161u ","4562":"tr\u0113t","4563":"t\u013cau","4564":"gul\u0113","4565":"ks\u0101 ","4566":"ogs ","4567":"jaja","4568":"esto","4569":"ncip","4570":"zem ","4571":"dev\u0113","4572":" \u0161os","4573":"t\u0113s ","4574":"iesu","4575":"jo\u0161a","4576":"e\u013cau","4577":"alga","4578":"lvu ","4579":"mari","4580":" aka","4581":"rism","4582":"sald","4583":"pert","4584":"stop","4585":"b\u012bb\u0101","4586":"tatu","4587":"\u016bris","4588":"izie","4589":"n\u0113ta","4590":"v\u0101ju","4591":"mts ","4592":"n\u012bg\u0101","4593":"rste","4594":"d\u012bgi","4595":"rude","4596":"oga ","4597":"\u017e\u0101di","4598":"p\u0113ku","4599":"rka ","4600":"nesi","4601":"novi","4602":"ev\u0113j","4603":"kami","4604":"m\u0113ju","4605":"iris","4606":"ingr","4607":" \u0113ka","4608":"aiz ","4609":" inv","4610":"erna","4611":"im\u0101l","4612":"ikto","4613":"an\u0101m","4614":"okr\u0101","4615":"plie","4616":" ori","4617":"da\u017ei","4618":"sest","4619":"r\u012bta","4620":"ndes","4621":"atum","4622":"mmu ","4623":"roti","4624":"ld\u012bg","4625":"vars","4626":"aksi","4627":"kurz","4628":"t\u0101d\u0101","4629":"latg","4630":"al\u012bg","4631":"avis","4632":"tvar","4633":"v\u0113ta","4634":"leja","4635":"rado","4636":"d\u017eet","4637":"sult","4638":"isto","4639":"skal","4640":"\u012bm\u0113j","4641":" d\u0113l","4642":"o\u0161s ","4643":"uves","4644":"pekt","4645":"n\u010du ","4646":"zi\u0146u","4647":"ka\u0146o","4648":"asin","4649":"pil\u012b","4650":" gre","4651":"k\u0161u ","4652":"a\u0161ni","4653":"non\u0101","4654":"a\u0161\u0101 ","4655":"ienl","4656":"\u012bjus","4657":"t\u0101t\u0101","4658":"nep\u0101","4659":"ndid","4660":"gts ","4661":"neap","4662":"p\u0101rm","4663":"ecis","4664":"o\u0161\u0101s","4665":"aspi","4666":"z\u0113ts","4667":"stiv","4668":"ujas","4669":"\u016bt\u012bj","4670":"n\u012bt ","4671":"id\u016b ","4672":"esas","4673":" vol","4674":"\u0101rdi","4675":"jien","4676":"\u012bme\u0146","4677":"abso","4678":"uvas","4679":"\u0101rda","4680":"urze","4681":"atzi","4682":"vilc","4683":"ud\u017ee","4684":" it\u0101","4685":"dei ","4686":"er\u0101 ","4687":"leri","4688":"\u0101t\u012bg","4689":" n\u0101c","4690":"not\u0101","4691":"anna","4692":"srs ","4693":"niet","4694":"ekt\u0101","4695":"gul\u0101","4696":"\u017eiem","4697":"et\u0101s","4698":"alvu","4699":"biem","4700":"odel","4701":"vid\u016b","4702":"gar\u0101","4703":"tikl","4704":"nesk","4705":" \u0101rp","4706":"met\u0101","4707":"nt\u0113t","4708":"rt\u0113t","4709":"i\u0137i ","4710":" liv","4711":"apdr","4712":"\u0161\u0101du","4713":" lok","4714":" b\u012bs","4715":"irku","4716":"ili ","4717":"st\u012b ","4718":"eist","4719":"pas\u016b","4720":"olej","4721":"okas","4722":"t\u016bks","4723":"irkt","4724":"ka\u0146a","4725":"v\u0101r\u012b","4726":"lie ","4727":"e\u017ea ","4728":"ide ","4729":"iti\u0137","4730":"iroj","4731":"roz\u012b","4732":"psrs","4733":"z\u012bti","4734":"edij","4735":"sisk","4736":"edus","4737":"zvan","4738":"a\u017eie","4739":"rmal","4740":"topa","4741":"t\u012bm ","4742":" psi","4743":"sai ","4744":"ntas","4745":"zb\u016bv","4746":"ruma","4747":"\u012bkoj","4748":"and\u0101","4749":"zcil","4750":"etva","4751":"kaja","4752":"avai","4753":"mest","4754":"bud\u017e","4755":"ivu ","4756":"otog","4757":"stor","4758":"uzde","4759":"gran","4760":"ep\u0101r","4761":"ist ","4762":"kosm","4763":"ldi ","4764":"\u017e\u0101d\u0101","4765":"resi","4766":"dres","4767":"l\u0113m ","4768":"ende","4769":"son\u0101","4770":"itul","4771":"\u0113kab","4772":" t\u016bk","4773":"ugas","4774":"ztic","4775":"j\u0113ka","4776":"la\u0161i","4777":"nfer","4778":"ods ","4779":" der","4780":"rst ","4781":"eda\u013c","4782":"n\u0101lo","4783":"icio","4784":"att\u0101","4785":" kr\u0113","4786":"t\u0101vj","4787":"tt\u0101l","4788":"\u0161ova","4789":"a\u0146\u0101 ","4790":"liz\u0101","4791":"rdi ","4792":"teno","4793":" 000","4794":"ase ","4795":" j\u0113k","4796":"aija","4797":"\u012bmes","4798":"spar","4799":"er\u0113t","4800":"dom\u0113","4801":"es\u0101 ","4802":" m\u016b\u017e","4803":"\u0101les","4804":"ksu ","4805":"\u0101zes","4806":" din","4807":"il\u012b ","4808":"as\u016bt","4809":"er\u0101d","4810":"pogu","4811":"lmas","4812":"ima ","4813":"egri","4814":"r\u0101t\u012b","4815":"ka\u0146\u0101","4816":"cer\u0113","4817":"atbr","4818":"nome","4819":"eno\u0161","4820":"slai","4821":"cini","4822":"\u012btis","4823":"nktu","4824":" tit","4825":"akme","4826":"m\u0113r\u0101","4827":"angl","4828":"idza","4829":"ateg","4830":"uts ","4831":"zgan","4832":"aur ","4833":"rote","4834":"ndij","4835":"ot\u0101s","4836":"eb\u016bs","4837":"psih","4838":"odes","4839":"ikt\u0101","4840":"\u012bvai","4841":"p\u0101s ","4842":"\u0101\u013cu ","4843":"iezg","4844":"ldus","4845":"pulc","4846":"mtas","4847":"rtik","4848":"jiet","4849":"eb\u016bt","4850":"dire","4851":"supe","4852":"tuvi","4853":" har","4854":"elo ","4855":"erad","4856":"\u012bst ","4857":"ares","4858":"\u0161aji","4859":"nim ","4860":"\u0161ina","4861":"dal\u0101","4862":"pgab","4863":"dati","4864":"rsu ","4865":"ok\u013ca","4866":"svie","4867":"irek","4868":"mbol","4869":"lzce","4870":"alif","4871":"ursu","4872":"in\u0101r","4873":"ka\u013c ","4874":"ese ","4875":"ribu","4876":"lns ","4877":"c\u012b\u0146a","4878":"ntar","4879":"ulu ","4880":" \u0161\u0137\u0113","4881":"elzc","4882":"zcel","4883":"eita","4884":" tv ","4885":"irtu","4886":"tevi","4887":"c\u0113ji","4888":"\u0113kas","4889":"g\u016bt ","4890":"tilt","4891":"rmi\u0146","4892":"acie","4893":"d\u0113m ","4894":"pr\u012bl","4895":"t\u012bga","4896":"tego","4897":"mili","4898":"s\u0113ri","4899":"\u0161lai","4900":"pask","4901":"jera","4902":"k\u013c\u016bt","4903":"alni","4904":"zkla","4905":"m\u0113ja","4906":"auts","4907":"t\u0101k ","4908":"hite","4909":"izce","4910":"st\u016br","4911":"ters","4912":"aime","4913":"e\u017eas","4914":" fes","4915":"idze","4916":"d\u0101va","4917":"plan","4918":"me\u017ea","4919":"doda","4920":"izau","4921":"aigz","4922":"ktri","4923":"rume","4924":"adre","4925":"lejb","4926":"m\u0101te","4927":"skis","4928":"jnie","4929":"p\u0113ri","4930":"ubu ","4931":"st\u0101t","4932":"dai ","4933":"nei ","4934":"bums","4935":"elem","4936":"tn\u0113j","4937":"iv\u0101l","4938":"ukci","4939":"onte","4940":"deli","4941":"ak\u0101p","4942":"g\u0101de","4943":" guv","4944":"eci ","4945":"ner\u0101","4946":"o\u013cu ","4947":"edom","4948":"ic\u012bb","4949":"eico","4950":"\u0113tni","4951":"i\u0101ci","4952":"igzn","4953":"kdie","4954":"virt","4955":"m\u012bga","4956":"uram","4957":"ang\u013c","4958":"obus","4959":"z\u012bju","4960":"\u0101van","4961":" kro","4962":"ovsk","4963":"takt","4964":"d\u0113v\u0113","4965":"andu","4966":"ausa","4967":"biro","4968":"simb","4969":"lim ","4970":"usti","4971":"tsp\u0113","4972":"atmi","4973":"im\u0161a","4974":"lied","4975":"jeru","4976":"\u0146os ","4977":" tes","4978":"d\u012bs ","4979":" efe","4980":"orit","4981":"riba","4982":"elbr","4983":" lig","4984":"itek","4985":"ukst","4986":"ndri","4987":"ukt\u016b","4988":"i\u0146ai","4989":"ek\u0161\u0101","4990":"ksai","4991":"urkl","4992":"n\u0113ti","4993":"pa\u0161l","4994":"\u017e\u0101da","4995":"enok","4996":"est\u0113","4997":"r\u012bvo","4998":"m\u012bbu","4999":"visk"}}