{"nld":{"0":" de ","1":" van","2":"een ","3":"van ","4":" een","5":" het","6":"het ","7":" en ","8":" in ","9":"aar ","10":"oor ","11":"num>","12":"<num","13":"den ","14":"voor","15":" <nu","16":" ver","17":"um> ","18":"ten ","19":" voo","20":" is ","21":"ing ","22":"gen ","23":" op ","24":"ijn ","25":"dat ","26":" met","27":"nder","28":"met ","29":" aan","30":"lijk","31":" dat","32":" nie","33":" zij","34":" te ","35":"aan ","36":"ren ","37":"zijn","38":" die","39":"ken ","40":"die ","41":"iet ","42":"niet","43":" je ","44":" maa","45":"eer ","46":" ik ","47":"ijk ","48":"onde","49":" uit","50":"als ","51":"elij","52":"eren","53":"len ","54":"cht ","55":"nen ","56":" wer","57":"der ","58":" bij","59":" wor","60":"word","61":"ers ","62":"ook ","63":" als","64":"ande","65":"over","66":"door","67":" ook","68":"ter ","69":"men ","70":" doo","71":"bij ","72":"maar","73":" er ","74":"ngen","75":" ove","76":"nde ","77":"ven ","78":"erd ","79":" om ","80":"tie ","81":"eel ","82":"ende","83":"rden","84":"and ","85":" mee","86":"acht","87":"waar","88":"ens ","89":"inge","90":"ste ","91":"sen ","92":"orde","93":"aat ","94":"erde","95":" naa","96":"even","97":"sche","98":" sta","99":"alle","100":"chte","101":" hee","102":"land","103":" dan","104":"uit ","105":" waa","106":"atie","107":"naar","108":" sch","109":"isch","110":"echt","111":" of ","112":"eken","113":"nnen","114":"dere","115":"ver ","116":" gro","117":" ond","118":"deze","119":" dez","120":" bes","121":" heb","122":"pen ","123":"ijke","124":" kan","125":"dan ","126":"eze ","127":"eerd","128":" wat","129":"aal ","130":" all","131":"llen","132":" was","133":"egen","134":" dit","135":"dit ","136":"werk","137":"eld ","138":" hij","139":"hij ","140":"ige ","141":"was ","142":"nden","143":"icht","144":" pro","145":"tijd","146":"eft ","147":"ster","148":"erst","149":"werd","150":" geb","151":"vers","152":" nog","153":"eeft","154":"meer","155":" ste","156":"nog ","157":"ben ","158":" ze ","159":"ent ","160":"inde","161":" tot","162":"este","163":" wel","164":"ere ","165":"staa","166":"oord","167":"ling","168":"eder","169":"schi","170":"wel ","171":" moe","172":" wee","173":"eden","174":"heid","175":"laat","176":"che ","177":"rdt ","178":"nieu","179":" vol","180":"ordt","181":"ieuw","182":"wat ","183":"end ","184":" we ","185":"eid ","186":" toe","187":" gee","188":"tot ","189":"daar","190":"ring","191":"kan ","192":" gel","193":" men","194":"ien ","195":" daa","196":"heef","197":"ange","198":"stel","199":"jke ","200":"ssen","201":"ier ","202":"omen","203":"rde ","204":"aats","205":"sten","206":"eten","207":"scha","208":" bel","209":"elen","210":" and","211":"zich","212":"ijd ","213":"ding","214":"aard","215":" kun","216":"ente","217":"lang","218":" ont","219":" lan","220":"ning","221":"goed","222":"best","223":"oen ","224":" al ","225":" mij","226":"erke","227":"ies ","228":"jaar","229":"deli","230":"ele ","231":"rste","232":"veel","233":" ter","234":" gaa","235":"ond ","236":" zo ","237":" goe","238":"zelf","239":"oude","240":"emen","241":"geen","242":"volg","243":"nten","244":"ment","245":" per","246":" pla","247":"ker ","248":"eers","249":" wil","250":"est ","251":"ebbe","252":"aren","253":"igen","254":"hebb","255":"erin","256":" gev","257":" gew","258":"moet","259":"gebr","260":" eer","261":" hie","262":"geli","263":"bben","264":" tij","265":" ben","266":"dag ","267":" hoo","268":"ater","269":" ges","270":"rsch","271":"esch","272":"hier","273":" vee","274":"verd","275":" jaa","276":" con","277":"agen","278":"ders","279":"tege","280":"ting","281":" zic","282":" kom","283":"ging","284":"tuur","285":"aag ","286":"erla","287":"hter","288":"uur ","289":"zen ","290":"weer","291":"ijde","292":" u ","293":" gen","294":" hoe","295":"eest","296":"mens","297":"lle ","298":"open","299":"twee","300":" doe","301":" twe","302":" str","303":"iste","304":" bet","305":" gem","306":"ctie","307":"oet ","308":" nu ","309":"ale ","310":"ense","311":"amen","312":"rder","313":"aken","314":"aten","315":" teg","316":"brui","317":" haa","318":"ich ","319":"oed ","320":"scho","321":"ille","322":"derl","323":"geve","324":"nter","325":"kend","326":"ant ","327":"mijn","328":"leve","329":" hel","330":"itie","331":"rlan","332":"nkel","333":"ebru","334":"ruik","335":" zie","336":"ersc","337":"stra","338":"esta","339":"kken","340":"plaa","341":"inte","342":"rech","343":" na ","344":"taat","345":"aand","346":"gele","347":" ech","348":"elde","349":"deel","350":"nede","351":" spe","352":"usse","353":"ert ","354":"onge","355":"aakt","356":"dig ","357":"rond","358":"ndel","359":"eeld","360":"stan","361":"unne","362":"tere","363":" zou","364":"nsen","365":"maak","366":"zoek","367":"gens","368":"keli","369":"erk ","370":"houd","371":"olge","372":"zond","373":"ings","374":"jes ","375":" beg","376":"rijk","377":" min","378":"tje ","379":"inne","380":"gaan","381":"itei","382":"elin","383":" wij","384":"verl","385":"hten","386":"king","387":" com","388":"huis","389":" zel","390":"stee","391":" ned","392":"hand","393":"ast ","394":" gez","395":"kunn","396":"geno","397":"groe","398":"euwe","399":"geme","400":" par","401":"kome","402":"uite","403":" man","404":"eter","405":" int","406":"leid","407":"lgen","408":"oek ","409":"ger ","410":" vri","411":" bed","412":"tten","413":"dien","414":"rlij","415":"anda","416":"oon ","417":"els ","418":"uwe ","419":" zon","420":"elle","421":"rach","422":"late","423":" hun","424":"aak ","425":"taan","426":"vind","427":"schr","428":"verk","429":"iek ","430":"zien","431":"alen","432":"hun ","433":"rken","434":"chti","435":"ang ","436":"rege","437":"rote","438":" dag","439":"anne","440":"erge","441":"ede ","442":"tell","443":"iets","444":"ons ","445":" onz","446":"art ","447":"ort ","448":"chap","449":"ties","450":" lee","451":"jden","452":"sch ","453":"heb ","454":" kle","455":"eens","456":"lde ","457":"tion","458":"blij","459":" gra","460":" had","461":"erli","462":"tand","463":"ine ","464":"tisc","465":"enst","466":"verw","467":" ber","468":"onze","469":"akt ","470":" laa","471":"uden","472":"ets ","473":" her","474":"teit","475":" vin","476":"haar","477":"iede","478":"grot","479":"verb","480":"eige","481":"oort","482":"ocht","483":"nze ","484":"emaa","485":"enen","486":"make","487":"eide","488":" bli","489":"toch","490":"ette","491":"iten","492":"pers","493":" reg","494":"vert","495":"midd","496":"amer","497":"bouw","498":"mer ","499":"raag","500":" wan","501":" ged","502":"zou ","503":"oede","504":"idde","505":"tste","506":"ever","507":"dus ","508":"rouw","509":"dige","510":"gaat","511":" pri","512":"elli","513":"cent","514":"olle","515":"rand","516":"kte ","517":"derd","518":"gere","519":"ief ","520":"nse ","521":"had ","522":"ord ","523":" han","524":"krij","525":"rgen","526":"ands","527":" rec","528":"enke","529":" noo","530":"uis ","531":"maal","532":" mar","533":"woor","534":"och ","535":"erda","536":"doen","537":"iden","538":"moge","539":" mak","540":"rich","541":"per ","542":" sto","543":"emee","544":"tal ","545":" sam","546":"chil","547":"elan","548":"vrij","549":" lat","550":"heel","551":"chri","552":"eker","553":"ard ","554":" war","555":"aart","556":"ters","557":"aans","558":"oren","559":" hui","560":" dus","561":" voe","562":"roep","563":"aang","564":"mee ","565":" lev","566":"rie ","567":"ieke","568":"tig ","569":"eet ","570":"eit ","571":" eig","572":"part","573":" eve","574":" ons","575":"uren","576":"gest","577":"ntie","578":"rati","579":"tuss","580":" elk","581":"stad","582":" toc","583":"bela","584":"baar","585":"euw ","586":"ouw ","587":" kri","588":"orge","589":"verh","590":"uitg","591":"meen","592":"keer","593":" kon","594":"arti","595":" bek","596":"rijd","597":"gevo","598":" the","599":"stri","600":"ieve","601":" den","602":"eind","603":"ekke","604":" nat","605":"gewo","606":"lich","607":"beel","608":"acti","609":"same","610":"onin","611":" tra","612":"egel","613":"ote ","614":" oud","615":"gend","616":"ante","617":"elf ","618":" dui","619":"aaro","620":"ware","621":" stu","622":"itte","623":" moo","624":" vro","625":"lend","626":"arde","627":"uwen","628":"ist ","629":"ijve","630":"nger","631":"nste","632":"lie ","633":"verg","634":"bied","635":"ndaa","636":"hoe ","637":"mees","638":"zorg","639":"leen","640":" boe","641":"anse","642":"ogel","643":" dee","644":"vond","645":"neme","646":" kla","647":"ber ","648":"aam ","649":" win","650":"oven","651":"les ","652":"root","653":"euro","654":" bev","655":"ouwe","656":" pol","657":"enge","658":"ind ","659":"port","660":"woon","661":"groo","662":"kers","663":" mog","664":"via ","665":"nte ","666":" zee","667":"oorb","668":"enti","669":" via","670":" tus","671":"eek ","672":" eur","673":"tter","674":"appe","675":" kwa","676":"besc","677":" bez","678":"erel","679":"rijg","680":" ope","681":"itge","682":"uits","683":"wee ","684":"gewe","685":" bin","686":" ger","687":" hou","688":" opg","689":"bete","690":"eert","691":" geh","692":"akke","693":"voer","694":" ach","695":" pre","696":"teru","697":"ggen","698":"ans ","699":"neer","700":"lein","701":"llee","702":"vere","703":"hele","704":"atuu","705":" zal","706":" lie","707":"were","708":"kijk","709":"man ","710":"erva","711":"egin","712":"mmer","713":"grij","714":"enin","715":"kant","716":" wet","717":" ind","718":"erso","719":" kin","720":"gesc","721":"mooi","722":"iend","723":" vor","724":"opge","725":"erwi","726":"wil ","727":"kkel","728":"vorm","729":"mati","730":"eur ","731":"ikt ","732":"omt ","733":"anti","734":"erug","735":"kind","736":" bew","737":" sla","738":"atio","739":"llin","740":" beh","741":"oete","742":"binn","743":"teke","744":"taal","745":"dens","746":"arte","747":"asse","748":"cont","749":"zal ","750":" alt","751":"tte ","752":"orte","753":"spel","754":"zij ","755":"oot ","756":"oals","757":"tjes","758":"reld","759":"komt","760":"kaar","761":"verv","762":"wij ","763":"naam","764":"vand","765":"sie ","766":"wen ","767":"inst","768":"nds ","769":"bedr","770":"nlij","771":" zoa","772":"stig","773":"zoal","774":"nati","775":" fra","776":" sin","777":"unt ","778":"teri","779":"denk","780":"rede","781":"geva","782":"anta","783":"esti","784":"ddel","785":"chts","786":"jven","787":"beke","788":" weg","789":" vla","790":" zeg","791":"verz","792":" ker","793":"erle","794":"ving","795":"rend","796":"terd","797":"gebo","798":" res","799":" har","800":" mis","801":"ogen","802":"daag","803":"net ","804":"erkt","805":" ins","806":"ect ","807":"dele","808":"orma","809":"oste","810":"eent","811":"nsch","812":"hoog","813":"ppen","814":"are ","815":"arin","816":"ijs ","817":"maat","818":"elt ","819":" sne","820":" rij","821":"ndig","822":"rage","823":" nee","824":"oeke","825":" s ","826":"klei","827":" enk","828":"rkt ","829":"spec","830":" bre","831":"poli","832":"wate","833":"atst","834":"ming","835":"ezen","836":"ikke","837":"will","838":"snel","839":"ucht","840":"chie","841":"ats ","842":" jul","843":" vra","844":"ervo","845":" med","846":"iere","847":"elke","848":" omd","849":"oop ","850":"eeds","851":"eeuw","852":"lden","853":"gema","854":" ong","855":"tige","856":"weg ","857":"omda","858":"plan","859":" afg","860":"stre","861":" net","862":"tiek","863":"alti","864":" lij","865":"mdat","866":"tel ","867":"rbij","868":"name","869":"liti","870":"form","871":"ltij","872":"tief","873":"enig","874":"hem ","875":" dri","876":"oten","877":"ijks","878":"rten","879":"eve ","880":"eke ","881":"comp","882":"teer","883":"slag","884":" ron","885":" uw ","886":"entr","887":" ein","888":"omst","889":"burg","890":" mil","891":" sti","892":"alis","893":"eds ","894":"vana","895":"sing","896":"reke","897":"lke ","898":"prob","899":"kker","900":" me ","901":" hem","902":"trek","903":"rom ","904":" gek","905":"afge","906":"olit","907":"tad ","908":"ntal","909":"boek","910":"lema","911":"week","912":"rwij","913":"teli","914":"weet","915":"rug ","916":"aant","917":"mber","918":"fde ","919":"enoe","920":"erzo","921":"ngel","922":"orbe","923":" bui","924":" pas","925":"rodu","926":"gde ","927":"toen","928":"kele","929":"oege","930":"aars","931":"orga","932":"belg","933":" bru","934":" bra","935":"fran","936":"mers","937":"kel ","938":"val ","939":" som","940":"lede","941":"eree","942":" jon","943":"oduc","944":"dank","945":"drij","946":" zit","947":"leer","948":"mij ","949":" wie","950":"hill","951":" ant","952":"ziek","953":" jar","954":"etje","955":"eger","956":"natu","957":"igin","958":" ing","959":" woo","960":"anke","961":" ken","962":"aald","963":"zeke","964":"eili","965":" lig","966":"verm","967":"hoor","968":" aut","969":"haal","970":"jong","971":"htig","972":"idin","973":"lege","974":"isse","975":"evol","976":"geze","977":"ewoo","978":"oors","979":"oofd","980":"nken","981":"oit ","982":"stat","983":"ssie","984":" ten","985":" zwa","986":"mete","987":" pra","988":"jken","989":"oest","990":"ijf ","991":"ees ","992":"indi","993":"ooit","994":"erki","995":"noem","996":"ral ","997":"oorl","998":" ied","999":"dse ","1000":"aaaa","1001":"begi","1002":"vera","1003":" der","1004":"embe","1005":"vens","1006":" zor","1007":"egge","1008":"teld","1009":" bee","1010":" act","1011":"arom","1012":" vaa","1013":"vang","1014":"druk","1015":"ein ","1016":"iona","1017":"trij","1018":"ader","1019":"vrou","1020":"stem","1021":"kort","1022":"erha","1023":"hte ","1024":"eem ","1025":"bere","1026":"tati","1027":"gezi","1028":"traa","1029":"mand","1030":"oost","1031":"anis","1032":" leu","1033":"eidi","1034":"dden","1035":"reen","1036":"akte","1037":"rant","1038":"rst ","1039":" spo","1040":"spre","1041":"prod","1042":"kame","1043":" kee","1044":"choo","1045":" tre","1046":"mili","1047":"nsta","1048":"eman","1049":"maan","1050":"nst ","1051":"uikt","1052":" blo","1053":"onen","1054":"llie","1055":"terk","1056":"rvan","1057":"erne","1058":"vier","1059":"lite","1060":"rijv","1061":"rijs","1062":"lope","1063":"nis ","1064":"rans","1065":"htin","1066":" tro","1067":"ode ","1068":"rgan","1069":"ontw","1070":" vie","1071":"oorz","1072":"uist","1073":"erg ","1074":"geld","1075":"lder","1076":"lati","1077":"rige","1078":"tern","1079":" dra","1080":"ener","1081":"uide","1082":" kij","1083":"oora","1084":" zoe","1085":"ssel","1086":"jare","1087":"teed","1088":"aad ","1089":"auto","1090":"ngri","1091":"happ","1092":"ezel","1093":"eval","1094":"rbee","1095":" bro","1096":"dage","1097":"ijge","1098":"seer","1099":"drie","1100":" mag","1101":"elgi","1102":"edri","1103":"bove","1104":"raat","1105":"wete","1106":"eraa","1107":"erte","1108":"iens","1109":"zet ","1110":"vraa","1111":" mid","1112":"tiev","1113":"urop","1114":"epen","1115":"evoe","1116":"heer","1117":" iet","1118":"lant","1119":"buit","1120":" af ","1121":"hoof","1122":"gelo","1123":"ruim","1124":"punt","1125":"gers","1126":"stal","1127":"tale","1128":"uder","1129":"hap ","1130":"gron","1131":"graa","1132":"andi","1133":"onne","1134":"lles","1135":"aste","1136":"vall","1137":" kor","1138":"lige","1139":"rdig","1140":"erwe","1141":"evin","1142":"atis","1143":"eine","1144":"ensc","1145":"tens","1146":"oep ","1147":"koms","1148":"angr","1149":"mini","1150":"the ","1151":"ecte","1152":"zeer","1153":" hal","1154":"tend","1155":"rij ","1156":"antw","1157":" oor","1158":"naf ","1159":"eran","1160":"\u00e9\u00e9n ","1161":"nist","1162":"luch","1163":"eleg","1164":" tel","1165":"aast","1166":"ide ","1167":"ebie","1168":"odig","1169":"nge ","1170":"doel","1171":"deri","1172":"geri","1173":" fil","1174":" jou","1175":"anaf","1176":"miss","1177":" \u00e9\u00e9n","1178":"ture","1179":"ekt ","1180":"hede","1181":"ijze","1182":"link","1183":"gisc","1184":"gebi","1185":"dach","1186":"sel ","1187":"mind","1188":"vast","1189":"erse","1190":" bov","1191":"comm","1192":"enaa","1193":"dent","1194":" inf","1195":"rijf","1196":" erg","1197":"oppe","1198":"ndse","1199":" n ","1200":" sle","1201":"ulli","1202":"want","1203":" rui","1204":"twer","1205":"koni","1206":"nodi","1207":"derz","1208":" bep","1209":"rtij","1210":"egev","1211":"kwam","1212":"erme","1213":"duct","1214":"ijkt","1215":"iver","1216":"orlo","1217":"ene ","1218":"zett","1219":"oral","1220":"inke","1221":"onal","1222":"ighe","1223":"oeg ","1224":"noor","1225":" ban","1226":"site","1227":"mark","1228":"euws","1229":"cial","1230":"spee","1231":"isti","1232":"lage","1233":"slui","1234":"ank ","1235":"erie","1236":"iema","1237":"drag","1238":" mon","1239":"hrij","1240":" ja ","1241":"rien","1242":" cor","1243":"wach","1244":"wege","1245":"erei","1246":"avon","1247":"elfs","1248":"pele","1249":"rist","1250":"ooi ","1251":"erna","1252":"oud ","1253":"rdel","1254":"raad","1255":"oemd","1256":"lag ","1257":"igt ","1258":" lic","1259":"rika","1260":"luit","1261":" kam","1262":" afs","1263":"ame ","1264":"pres","1265":"bele","1266":" vel","1267":"vaak","1268":"edig","1269":"tsen","1270":"weed","1271":"merk","1272":"evee","1273":"vrie","1274":"lech","1275":"angs","1276":" mat","1277":"ngev","1278":"lees","1279":"ijne","1280":"eric","1281":"iete","1282":" nam","1283":"elei","1284":"gene","1285":"werp","1286":"laar","1287":"leuk","1288":"west","1289":"berg","1290":"toe ","1291":"ezie","1292":"uik ","1293":" leg","1294":"orst","1295":"erhe","1296":"onts","1297":"erwa","1298":" col","1299":"ecti","1300":" won","1301":"vaar","1302":"rhei","1303":" jij","1304":"cten","1305":"ilde","1306":"stud","1307":" art","1308":"ogra","1309":"voll","1310":" spr","1311":"jij ","1312":"jkt ","1313":"soor","1314":"uike","1315":"prij","1316":"peel","1317":"gani","1318":"ooie","1319":"logi","1320":"lijf","1321":"eede","1322":"erko","1323":"rest","1324":"ood ","1325":"spor","1326":"rust","1327":"ion ","1328":"ilie","1329":"cher","1330":"draa","1331":"jull","1332":"last","1333":" uur","1334":"assi","1335":"schu","1336":"ite ","1337":"stuu","1338":" val","1339":"ijkh","1340":"gelu","1341":"nooi","1342":"ied ","1343":"tali","1344":" zui","1345":"rin ","1346":"rzoe","1347":"vlaa","1348":"tse ","1349":"spro","1350":" a ","1351":" jan","1352":"wone","1353":"volk","1354":"aarn","1355":"ndin","1356":"info","1357":"inds","1358":" zek","1359":"wie ","1360":"rmee","1361":"arna","1362":"ller","1363":"kenn","1364":" erv","1365":"leme","1366":"lach","1367":" lin","1368":"reek","1369":"rdam","1370":"stis","1371":"leur","1372":"ler ","1373":"ject","1374":"trum","1375":" rea","1376":"ewer","1377":"jkhe","1378":"zitt","1379":" lei","1380":"leef","1381":"age ","1382":"arme","1383":"reng","1384":"rte ","1385":"ssin","1386":"naas","1387":"veer","1388":"emd ","1389":"esse","1390":"bran","1391":"ire ","1392":"del ","1393":"rkin","1394":"rdoo","1395":"ress","1396":"gege","1397":"gie ","1398":" app","1399":"okke","1400":"raak","1401":"elka","1402":" bou","1403":"endi","1404":"erve","1405":"nale","1406":"ntra","1407":"stro","1408":"toeg","1409":"><nu","1410":"rmen","1411":" m ","1412":"enis","1413":"loop","1414":"sind","1415":"gesp","1416":"m><n","1417":"tele","1418":"um><","1419":"slec","1420":"ust ","1421":"nel ","1422":"vend","1423":"foto","1424":"aven","1425":" cen","1426":"reid","1427":"aarb","1428":" nod","1429":"tor ","1430":"asti","1431":"dam ","1432":"tran","1433":"eerl","1434":" gep","1435":"conc","1436":"tree","1437":"enne","1438":" zet","1439":"orm ","1440":" spa","1441":" gin","1442":"peci","1443":"ssch","1444":"ewel","1445":"paar","1446":"iter","1447":"etro","1448":" ser","1449":"slaa","1450":"alit","1451":"oel ","1452":" kli","1453":"welk","1454":" vas","1455":"gent","1456":"nnee","1457":"ulle","1458":"enta","1459":"star","1460":"estu","1461":"duit","1462":"mate","1463":"mste","1464":"laan","1465":"gels","1466":"eef ","1467":"morg","1468":" rus","1469":"film","1470":"ool ","1471":"stor","1472":"ston","1473":"bezo","1474":"eite","1475":"gang","1476":"zit ","1477":"enli","1478":"kerk","1479":"gram","1480":"eids","1481":"ardi","1482":"wijz","1483":"radi","1484":"erat","1485":"offe","1486":"unst","1487":"voel","1488":"nome","1489":"jgen","1490":" vak","1491":"ners","1492":"lkaa","1493":"opt ","1494":" pos","1495":" get","1496":"olog","1497":"enom","1498":"urt ","1499":"regi","1500":"iger","1501":"mach","1502":" bas","1503":"teen","1504":"trou","1505":" kop","1506":" mei","1507":"orme","1508":"cati","1509":"medi","1510":"ubli","1511":"pel ","1512":"rlog","1513":"blee","1514":"ndt ","1515":"gesl","1516":"edin","1517":" kre","1518":"ppel","1519":"erma","1520":"onli","1521":"stof","1522":"ledi","1523":"ijft","1524":"rekk","1525":"bare","1526":"geko","1527":"ude ","1528":"lfde","1529":"zie ","1530":"uurl","1531":"wijs","1532":" geg","1533":"peri","1534":"egt ","1535":"oog ","1536":"amel","1537":"ersi","1538":"atte","1539":"aire","1540":"gezo","1541":"mani","1542":"llem","1543":"wann","1544":"meri","1545":"tsch","1546":"chre","1547":"pass","1548":" t ","1549":"iken","1550":"chik","1551":" dru","1552":"aanv","1553":" for","1554":"prin","1555":"roeg","1556":"elfd","1557":" ide","1558":"begr","1559":" bur","1560":"lekk","1561":" ple","1562":"tera","1563":"mmen","1564":"zuid","1565":" kra","1566":"vest","1567":"geda","1568":"ijst","1569":" car","1570":"lig ","1571":"inis","1572":"kleu","1573":" mor","1574":"otte","1575":"urge","1576":"arbi","1577":"izen","1578":"lief","1579":"ebou","1580":"beur","1581":"beta","1582":"bren","1583":" cha","1584":"moed","1585":"rect","1586":"igd ","1587":" eeu","1588":"ermi","1589":" uni","1590":"lfs ","1591":"wikk","1592":" loo","1593":"herm","1594":"duid","1595":"isme","1596":"list","1597":"ghei","1598":" boo","1599":" fot","1600":"oble","1601":"urli","1602":"robl","1603":"erik","1604":"publ","1605":" red","1606":"elem","1607":"geef","1608":"aden","1609":"iale","1610":"log ","1611":"eed ","1612":"erbo","1613":"vent","1614":"slot","1615":"aarv","1616":"zing","1617":"ner ","1618":"ntwi","1619":"dier","1620":"pper","1621":"rsoo","1622":" rel","1623":"onta","1624":"stij","1625":"tien","1626":"ilig","1627":" org","1628":"tori","1629":"enk ","1630":"ouwd","1631":"spra","1632":"uwd ","1633":"koop","1634":"rmat","1635":"egd ","1636":"sme ","1637":"oeve","1638":"hoge","1639":"econ","1640":" koo","1641":"rse ","1642":"wam ","1643":" bla","1644":"mede","1645":"lijn","1646":" ga ","1647":"nige","1648":"hard","1649":"ertr","1650":" opl","1651":" oos","1652":"zend","1653":" wes","1654":"reve","1655":"amp ","1656":"roen","1657":"inci","1658":"betr","1659":"rein","1660":"one ","1661":"etal","1662":"line","1663":"erbe","1664":"ese ","1665":"derw","1666":" soo","1667":" bri","1668":"stuk","1669":"hen ","1670":"oere","1671":"ontr","1672":"chij","1673":" mod","1674":"mome","1675":"oepe","1676":"oene","1677":"besl","1678":"gste","1679":"coll","1680":" paa","1681":"anie","1682":"ommi","1683":"ntwo","1684":"mag ","1685":"eelt","1686":" ext","1687":"norm","1688":"omme","1689":"sis ","1690":"amil","1691":"olen","1692":"rent","1693":"idel","1694":"erbi","1695":"band","1696":"veri","1697":"tond","1698":"ober","1699":"orzi","1700":"itse","1701":"ezin","1702":"soon","1703":" raa","1704":"risc","1705":"haha","1706":"eldi","1707":"ffen","1708":"terr","1709":"indt","1710":"lijv","1711":"slan","1712":" wei","1713":"mode","1714":"ege ","1715":"ari ","1716":"vloe","1717":" hen","1718":"enie","1719":"gehe","1720":"cons","1721":"nier","1722":" mom","1723":"meld","1724":"uize","1725":" ele","1726":"rgel","1727":"rpen","1728":" hon","1729":"erij","1730":"llig","1731":"wens","1732":"hool","1733":" mer","1734":"oots","1735":"twik","1736":"rsta","1737":"tech","1738":"alt ","1739":"prak","1740":"proc","1741":"oms ","1742":" inv","1743":"oer ","1744":"euke","1745":"ald ","1746":"serv","1747":"beid","1748":"bewe","1749":"fect","1750":"rker","1751":"geni","1752":"ijl ","1753":"rson","1754":" ame","1755":"kuns","1756":"gebe","1757":" bie","1758":" luc","1759":" dec","1760":"yste","1761":"ramm","1762":"tart","1763":"ars ","1764":"rwer","1765":"gena","1766":"oie ","1767":"vroe","1768":"erpe","1769":"zake","1770":"elaa","1771":"vari","1772":"ermo","1773":"eper","1774":"hts ","1775":"chin","1776":"sati","1777":" e ","1778":"kse ","1779":"bepa","1780":"int ","1781":"lect","1782":"ijna","1783":" zul","1784":"mde ","1785":"bijv","1786":"roei","1787":"umme","1788":"ngs ","1789":"seri","1790":"bijn","1791":"vele","1792":"wart","1793":"ligt","1794":"ezig","1795":"alde","1796":"oerd","1797":"rdag","1798":"enni","1799":"rdee","1800":"ione","1801":"veld","1802":"dich","1803":"igde","1804":"twoo","1805":"jft ","1806":"ina ","1807":"rmin","1808":"ardo","1809":"onst","1810":"ital","1811":"voet","1812":" ric","1813":"fami","1814":"uari","1815":"liek","1816":"erho","1817":"ost ","1818":"chaa","1819":"oom ","1820":"issc","1821":"act ","1822":"ewon","1823":"ezet","1824":"kope","1825":" hog","1826":"tra ","1827":"tus ","1828":"gist","1829":" lek","1830":"teur","1831":"muzi","1832":"dern","1833":"out ","1834":"test","1835":"hale","1836":"meli","1837":"roce","1838":" mac","1839":"demo","1840":" keu","1841":"rop ","1842":"dert","1843":" din","1844":" sup","1845":"loed","1846":"rtje","1847":"oper","1848":"mst ","1849":" i ","1850":" dir","1851":" bar","1852":"beho","1853":"nnin","1854":"geha","1855":"elat","1856":"khei","1857":"onda","1858":"ngst","1859":"anwe","1860":" del","1861":"ruit","1862":"kost","1863":"tent","1864":"iaal","1865":"eloo","1866":"soci","1867":"espr","1868":"nig ","1869":"naal","1870":"lere","1871":" tek","1872":"rogr","1873":"eeg ","1874":"stap","1875":"emer","1876":"ate ","1877":"derh","1878":"nlan","1879":"raal","1880":" opn","1881":"dstr","1882":"ldig","1883":"rope","1884":"oken","1885":"russ","1886":"chei","1887":"isee","1888":"effe","1889":"rum ","1890":"soms","1891":"edra","1892":"hijn","1893":"extr","1894":"atse","1895":"milj","1896":" vij","1897":" fam","1898":"keni","1899":"ium ","1900":"prog","1901":"ijvo","1902":"ure ","1903":"steu","1904":"kste","1905":"kere","1906":"ndie","1907":"isat","1908":"oden","1909":" top","1910":"klaa","1911":"stru","1912":"nfor","1913":"peli","1914":"ager","1915":"reni","1916":"zwar","1917":"neem","1918":"warm","1919":"juis","1920":"gin ","1921":"inig","1922":"esla","1923":"adde","1924":"disc","1925":"span","1926":"toon","1927":"rvoo","1928":"tate","1929":"kent","1930":"eure","1931":"stin","1932":"park","1933":"echn","1934":"etek","1935":"ezon","1936":" dis","1937":"ces ","1938":"tuig","1939":"jvoo","1940":"eluk","1941":"wijk","1942":"amst","1943":"fen ","1944":"doet","1945":"kbaa","1946":"nisc","1947":"robe","1948":"ntwe","1949":"euze","1950":" chr","1951":" web","1952":"syst","1953":"rate","1954":"mann","1955":"bloe","1956":"beha","1957":"ecia","1958":"verp","1959":" iem","1960":"dsch","1961":"nie ","1962":"res ","1963":"trat","1964":"essi","1965":"ntst","1966":"brac","1967":"oner","1968":"bent","1969":"iel ","1970":"troo","1971":" omg","1972":" zod","1973":"moes","1974":"umen","1975":"nkt ","1976":"ntro","1977":"ergi","1978":"aams","1979":" dic","1980":" gre","1981":" ene","1982":"kiez","1983":"moei","1984":"reed","1985":"brie","1986":"dire","1987":"plei","1988":"bevo","1989":"jna ","1990":"erre","1991":"nstr","1992":"vrag","1993":"aas ","1994":"eini","1995":"kom ","1996":"uten","1997":"amma","1998":"lass","1999":"nes ","2000":"ceer","2001":"rake","2002":"epte","2003":"vlie","2004":" gas","2005":"siti","2006":"vlak","2007":"erlo","2008":"ekom","2009":"nive","2010":"lote","2011":"laag","2012":"gedr","2013":"oorg","2014":"irec","2015":"zegg","2016":" rei","2017":" eng","2018":" zat","2019":"vero","2020":" gri","2021":" muz","2022":"arkt","2023":"rkee","2024":" aar","2025":" eni","2026":"uurt","2027":"ctor","2028":"euk ","2029":"basi","2030":"numm","2031":"ndag","2032":"room","2033":"fiet","2034":" don","2035":"aanb","2036":"aari","2037":"rger","2038":"thui","2039":"para","2040":"amme","2041":"aris","2042":"klan","2043":"teun","2044":"enla","2045":" des","2046":"espe","2047":"nkom","2048":"erpl","2049":"ncie","2050":"bezi","2051":"tes ","2052":"mend","2053":" vli","2054":"nach","2055":"oute","2056":"zame","2057":"ordi","2058":"krac","2059":"nks ","2060":"daan","2061":"posi","2062":"rtel","2063":"fsta","2064":"uzie","2065":" chi","2066":"eslo","2067":"mige","2068":"trok","2069":"akel","2070":"prek","2071":"erdi","2072":"ider","2073":" nad","2074":"duur","2075":"erti","2076":"stie","2077":"orie","2078":"onee","2079":"ntje","2080":"roje","2081":"kon ","2082":"veil","2083":" thu","2084":"omge","2085":" fin","2086":" von","2087":" dro","2088":" soc","2089":" kie","2090":"term","2091":"eres","2092":"offi","2093":"mmig","2094":"grat","2095":"terw","2096":"apen","2097":"lieg","2098":"otst","2099":"osit","2100":"kunt","2101":"sver","2102":"diti","2103":"ezoe","2104":"paal","2105":"alin","2106":"chel","2107":"jnen","2108":"lled","2109":"leze","2110":"post","2111":"tis ","2112":"elk ","2113":"oos ","2114":"nove","2115":"proj","2116":"ewee","2117":" twi","2118":"hond","2119":"ocia","2120":" rol","2121":"ojec","2122":" kar","2123":"ijen","2124":" rom","2125":"ieze","2126":"eroe","2127":"icat","2128":"hout","2129":"witt","2130":"assa","2131":"reik","2132":" jui","2133":"erze","2134":"hart","2135":"rnat","2136":" dor","2137":"wint","2138":"hebt","2139":"pas ","2140":"tall","2141":"rank","2142":"iner","2143":"anen","2144":"rna ","2145":"fijn","2146":" wis","2147":"kans","2148":"ebt ","2149":"ntru","2150":"enwe","2151":" vis","2152":"ervi","2153":"rale","2154":"gevi","2155":"kaan","2156":"enko","2157":"ewij","2158":"ong ","2159":"erec","2160":" doc","2161":"alig","2162":"nomi","2163":"imaa","2164":"asis","2165":" off","2166":"ance","2167":" kos","2168":"stop","2169":" exp","2170":"alge","2171":"dje ","2172":" vre","2173":"vern","2174":"iele","2175":"tein","2176":"erkl","2177":"pera","2178":" kaa","2179":"ton ","2180":"dend","2181":"rspr","2182":"fina","2183":"tore","2184":" hor","2185":" ble","2186":"riek","2187":"tral","2188":"elev","2189":"ugge","2190":"jker","2191":"zon ","2192":"nele","2193":"kje ","2194":"oork","2195":"rade","2196":" wed","2197":"kamp","2198":" nem","2199":"ikel","2200":"ustr","2201":"tact","2202":" zin","2203":"nker","2204":"nerg","2205":"zig ","2206":"niek","2207":"mma ","2208":"bel ","2209":"wees","2210":"odat","2211":"uimt","2212":"digi","2213":" adv","2214":"dood","2215":"ttin","2216":"ehee","2217":"ensi","2218":"edst","2219":"sse ","2220":" opt","2221":" d ","2222":"erio","2223":" klo","2224":" ams","2225":"prof","2226":"rokk","2227":"uper","2228":"uitz","2229":"uurd","2230":" fie","2231":"oopt","2232":"fees","2233":"ries","2234":"ije ","2235":"sone","2236":"evel","2237":"gede","2238":"broe","2239":"onke","2240":"neel","2241":"arke","2242":"ebeu","2243":"bank","2244":"klas","2245":"issi","2246":" mas","2247":"kkin","2248":"top ","2249":"nee ","2250":" pub","2251":"rela","2252":" zow","2253":"edaa","2254":"reer","2255":"epaa","2256":"oeie","2257":"lleg","2258":"esto","2259":"ruk ","2260":"hulp","2261":"imte","2262":" fun","2263":"erba","2264":"rije","2265":" bal","2266":"ropa","2267":"arch","2268":" geo","2269":"zin ","2270":"ukke","2271":"rese","2272":"hore","2273":"somm","2274":"omer","2275":"wink","2276":" tec","2277":"onom","2278":"digd","2279":" roo","2280":"once","2281":"jen ","2282":"dorp","2283":" mel","2284":"ade ","2285":"oudi","2286":"nuit","2287":"wild","2288":"cult","2289":"genw","2290":"hien","2291":"ator","2292":" bei","2293":" wit","2294":"urg ","2295":"tuin","2296":"help","2297":" lag","2298":"tsta","2299":"orig","2300":"geho","2301":"weds","2302":"rome","2303":"kree","2304":"lgem","2305":"seli","2306":"\u00eble ","2307":"prac","2308":" rad","2309":"ligg","2310":"estr","2311":" nor","2312":"tude","2313":"uid ","2314":"lgi\u00eb","2315":" lui","2316":"hris","2317":" amp","2318":"iser","2319":"cces","2320":"mond","2321":"zaak","2322":"illi","2323":" fij","2324":"rman","2325":"rakt","2326":"gi\u00eb ","2327":" duu","2328":" wen","2329":"zoda","2330":"ntee","2331":"zegt","2332":"emme","2333":"edoe","2334":" slo","2335":"supe","2336":"epas","2337":"elek","2338":" spi","2339":"ijgt","2340":"jgt ","2341":"arsc","2342":" v ","2343":"reeg","2344":"oorn","2345":"eler","2346":"ffic","2347":"chen","2348":"ersp","2349":"oogt","2350":"rovi","2351":"tant","2352":"uze ","2353":"zull","2354":"fici","2355":"akan","2356":" eco","2357":"prov","2358":"etre","2359":" alb","2360":" kat","2361":"nisa","2362":"agin","2363":"woni","2364":"temm","2365":"temp","2366":"ther","2367":"i\u00eble","2368":"weli","2369":" zwe","2370":"visi","2371":"vijf","2372":"aria","2373":"owel","2374":"kund","2375":"gte ","2376":"uwel","2377":"bond","2378":"unde","2379":"onte","2380":"loos","2381":"roke","2382":"wijl","2383":"pend","2384":"empe","2385":"rijp","2386":"uro ","2387":"emt ","2388":"sere","2389":"arva","2390":"riod","2391":"arts","2392":"hadd","2393":"teme","2394":"abel","2395":"erni","2396":"iest","2397":"ntac","2398":"eau ","2399":"past","2400":"gel ","2401":"eria","2402":"oto ","2403":" dem","2404":"enhe","2405":"ikaa","2406":"enwo","2407":"ertu","2408":"gren","2409":"air ","2410":"brug","2411":" zom","2412":"ebra","2413":"rgie","2414":"mari","2415":"voeg","2416":"hang","2417":"beri","2418":"rona","2419":"nver","2420":"rnaa","2421":" onl","2422":"ucti","2423":"anva","2424":"zowe","2425":"vaka","2426":"hoev","2427":"tair","2428":"rkte","2429":"noeg","2430":"teve","2431":"inee","2432":"lise","2433":" zoo","2434":" cam","2435":"have","2436":"tsla","2437":"plat","2438":" zak","2439":" alg","2440":"ompl","2441":"anci","2442":"kwal","2443":"rhaa","2444":"ontv","2445":"urde","2446":"praa","2447":"jzen","2448":"ris ","2449":" tev","2450":"plic","2451":"ogis","2452":"edel","2453":"rens","2454":"boer","2455":" opv","2456":"eral","2457":"wind","2458":"xtra","2459":"lekt","2460":"iljo","2461":"vol ","2462":"tij ","2463":"trac","2464":"gela","2465":"toff","2466":"mper","2467":"dia ","2468":"nges","2469":"genl","2470":" pat","2471":"vori","2472":"misc","2473":"egri","2474":"laam","2475":"else","2476":"aarm","2477":"ffer","2478":"pann","2479":"orda","2480":"club","2481":"uws ","2482":"wijd","2483":"wein","2484":" koe","2485":"raan","2486":"wali","2487":"onis","2488":"ehou","2489":"opa ","2490":"ctiv","2491":"blie","2492":"ultu","2493":"eetj","2494":"unct","2495":"terl","2496":"oedi","2497":"chni","2498":"icha","2499":"loof","2500":"sje ","2501":"huid","2502":"anto","2503":"sele","2504":"ehan","2505":"eled","2506":"ncti","2507":"webs","2508":"ljoe","2509":"org ","2510":" let","2511":"joen","2512":"voed","2513":"ark ","2514":"dhei","2515":"rvar","2516":"ierd","2517":"olie","2518":" tie","2519":"heen","2520":"vinc","2521":"appa","2522":"stic","2523":"erto","2524":"rugg","2525":"nnis","2526":"aagd","2527":"enda","2528":"mse ","2529":"pect","2530":"isto","2531":"hote","2532":"etse","2533":" suc","2534":"weld","2535":"ovin","2536":"iege","2537":"rlie","2538":"ract","2539":"rvol","2540":"dece","2541":"oeri","2542":"klim","2543":"ossi","2544":" god","2545":"eweg","2546":"ndst","2547":"hild","2548":"beve","2549":"erig","2550":"orti","2551":"eurs","2552":"inks","2553":"iode","2554":"truc","2555":"ersl","2556":" tal","2557":"igge","2558":"ppar","2559":"afst","2560":"oter","2561":"ngt ","2562":"etaa","2563":"ukki","2564":"itsl","2565":"raar","2566":"egio","2567":"onds","2568":"rnem","2569":"succ","2570":"elop","2571":"pnie","2572":"ucce","2573":"jks ","2574":"aker","2575":" pun","2576":"atur","2577":"lan ","2578":"jouw","2579":" sit","2580":"lukk","2581":"erzi","2582":"tgev","2583":"liet","2584":"orsp","2585":"wijn","2586":"nlin","2587":"telt","2588":"rts ","2589":" pop","2590":"laas","2591":"sted","2592":"ektr","2593":"rig ","2594":"ople","2595":"tivi","2596":"mte ","2597":"gast","2598":"itst","2599":"lett","2600":"rol ","2601":"ilit","2602":" sep","2603":"hrev","2604":"vide","2605":" joh","2606":"opni","2607":"edia","2608":"lgis","2609":"beet","2610":"aalt","2611":"gepa","2612":"reis","2613":"erra","2614":"trol","2615":"poor","2616":"nwoo","2617":"oron","2618":"enba","2619":" taa","2620":"nhei","2621":"rkom","2622":"gete","2623":"afha","2624":"inen","2625":"eks ","2626":"eien","2627":"func","2628":"nce ","2629":"verr","2630":" rot","2631":"raai","2632":" avo","2633":"ilan","2634":"rkel","2635":"zoud","2636":" las","2637":" fac","2638":"hoop","2639":" fee","2640":"istr","2641":"tred","2642":"vanu","2643":"nkri","2644":" mus","2645":" div","2646":"sdag","2647":"teem","2648":"jst ","2649":"bert","2650":"brus","2651":"lier","2652":" num","2653":"rdie","2654":" vei","2655":"hine","2656":"uin ","2657":"dels","2658":"egon","2659":"anni","2660":"aarl","2661":" ree","2662":"eus ","2663":"chtb","2664":"dure","2665":"anui","2666":"tric","2667":"stek","2668":"usti","2669":"buur","2670":"legg","2671":"ogte","2672":"erga","2673":"eron","2674":"oris","2675":"vite","2676":"brei","2677":" bor","2678":"ice ","2679":"loss","2680":"wand","2681":"diep","2682":"eurt","2683":"rwac","2684":"oele","2685":"elst","2686":"oge ","2687":"risi","2688":"tike","2689":"emde","2690":" zov","2691":"zove","2692":"aagt","2693":"deld","2694":"winn","2695":"etti","2696":"bego","2697":"arig","2698":"nwer","2699":"acte","2700":"ozen","2701":"date","2702":" ops","2703":"lega","2704":"ekte","2705":"mgev","2706":" roe","2707":" amb","2708":"edt ","2709":"mes ","2710":"coro","2711":"oorw","2712":"temb","2713":" max","2714":"dewe","2715":"ondi","2716":"fgel","2717":"uto ","2718":"zaam","2719":"lijs","2720":"side","2721":"unte","2722":"moti","2723":" cul","2724":"vade","2725":"nage","2726":"terv","2727":"isie","2728":"kten","2729":"tst ","2730":" fei","2731":"krui","2732":"alve","2733":"mple","2734":"i\u00ebnt","2735":"dom ","2736":"ebre","2737":"aanw","2738":"roni","2739":"sult","2740":"rek ","2741":"erdr","2742":"envo","2743":"pakk","2744":"ideo","2745":"ntel","2746":"nsti","2747":"makk","2748":"adio","2749":"slac","2750":"ratu","2751":"ete ","2752":"bedo","2753":" hei","2754":"sept","2755":"tbal","2756":"nali","2757":"mei ","2758":"luis","2759":"prec","2760":"toes","2761":"edac","2762":"sint","2763":"rzie","2764":"ampi","2765":"rlin","2766":" lez","2767":"des ","2768":"uter","2769":"ont ","2770":"lse ","2771":"zoen","2772":"beer","2773":" pan","2774":"mali","2775":" nov","2776":"etba","2777":"rmaa","2778":"minu","2779":"rtik","2780":"zome","2781":"jari","2782":" bos","2783":"graf","2784":"tite","2785":"idee","2786":"ril ","2787":"ovee","2788":"kkig","2789":"ines","2790":"tgeb","2791":"agt ","2792":" pau","2793":"oeil","2794":" wac","2795":"urs ","2796":"imme","2797":"huiz","2798":"weke","2799":" tur","2800":"keld","2801":"init","2802":"tels","2803":"pron","2804":"etin","2805":" wek","2806":"juli","2807":"bijz","2808":"niti","2809":"iers","2810":"bewo","2811":" buu","2812":"mail","2813":"its ","2814":"enbe","2815":"rove","2816":"doe ","2817":"getr","2818":"keur","2819":" vlo","2820":"ltje","2821":"feit","2822":"elig","2823":"trad","2824":"team","2825":"chol","2826":"mine","2827":"sent","2828":"atig","2829":"zijd","2830":"tudi","2831":"cono","2832":"daad","2833":" mic","2834":" tem","2835":"amse","2836":"mmun","2837":"tede","2838":"ivit","2839":"ijfe","2840":" por","2841":"cies","2842":" pak","2843":"iaan","2844":" nac","2845":"evan","2846":"teel","2847":"nner","2848":"tuk ","2849":"tof ","2850":" tui","2851":" rep","2852":" var","2853":"ziet","2854":"tota","2855":"appi","2856":" fri","2857":"anua","2858":"ilij","2859":"ogie","2860":"janu","2861":" inc","2862":"erfe","2863":"hank","2864":"imen","2865":"ruct","2866":" inz","2867":"rver","2868":"itel","2869":" ass","2870":"uitv","2871":"eila","2872":"derg","2873":"toer","2874":"bode","2875":" fan","2876":" acc","2877":"fhan","2878":" hul","2879":" sei","2880":"plek","2881":"gust","2882":"atsc","2883":" hol","2884":"plos","2885":" mot","2886":"onbe","2887":"eeks","2888":"ptem","2889":"bind","2890":"ijds","2891":"perk","2892":"lid ","2893":"iene","2894":"ijnl","2895":"lver","2896":"oods","2897":" sol","2898":"arle","2899":"muni","2900":"liev","2901":" pie","2902":"trai","2903":"inan","2904":" gis","2905":"enee","2906":"ioen","2907":"erbr","2908":" ton","2909":"epla","2910":"elee","2911":"elas","2912":"nuar","2913":" rek","2914":"ilm ","2915":"niem","2916":"stus","2917":"lima","2918":"deni","2919":"nere","2920":" vac","2921":"nmid","2922":"izoe","2923":"rain","2924":"erdo","2925":"oger","2926":"advi","2927":"ontd","2928":"lpen","2929":" onb","2930":"trei","2931":"hers","2932":"bero","2933":"lak ","2934":"mie ","2935":"seiz","2936":"leem","2937":"achi","2938":"rne ","2939":"pens","2940":"tobe","2941":"nera","2942":"otel","2943":"ehoo","2944":"efde","2945":"eizo","2946":"vluc","2947":"opes","2948":"tari","2949":" sec","2950":"urd ","2951":"apri","2952":"zate","2953":"ucte","2954":"resu","2955":"rchi","2956":"levi","2957":"blem","2958":" led","2959":"oeme","2960":"lies","2961":"tone","2962":"ruis","2963":"pese","2964":"kens","2965":" slu","2966":"pje ","2967":"uidi","2968":"zwaa","2969":"legd","2970":"kond","2971":"gewi","2972":"vold","2973":"oplo","2974":" jun","2975":" o ","2976":"ping","2977":"egra","2978":"hoef","2979":"dive","2980":"inat","2981":"elhe","2982":" okt","2983":" dom","2984":" che","2985":"edee","2986":"ins ","2987":"oond","2988":"edew","2989":"rapp","2990":" aug","2991":" nik","2992":"nweg","2993":"ica ","2994":"oonl","2995":"nise","2996":"odel","2997":"arli","2998":"omin","2999":"kreg","3000":"rkla","3001":"alli","3002":"ime ","3003":"ommu","3004":"wond","3005":" ita","3006":"rhou","3007":"ius ","3008":"jnli","3009":"jan ","3010":"ligh","3011":"geer","3012":"othe","3013":"lind","3014":"ebsi","3015":" gou","3016":" b ","3017":"ikte","3018":" zaa","3019":" los","3020":"eels","3021":"tref","3022":"pale","3023":"ron ","3024":"cept","3025":"oetb","3026":"auwe","3027":" pet","3028":"esul","3029":"ahah","3030":"iali","3031":"arop","3032":" bon","3033":"male","3034":" ren","3035":"char","3036":"ria ","3037":"reci","3038":" bus","3039":"bsit","3040":"orko","3041":" eff","3042":"eact","3043":"rtem","3044":"emin","3045":"rtie","3046":" sma","3047":"okto","3048":"ntde","3049":"dio ","3050":" vid","3051":"ergr","3052":"gepl","3053":" apr","3054":"ijzo","3055":"sjes","3056":"rtre","3057":"ekij","3058":"dde ","3059":"wage","3060":"uige","3061":"ktob","3062":" baa","3063":"dste","3064":"riet","3065":"zoon","3066":"cemb","3067":"jzon","3068":"ecem","3069":"riaa","3070":" ooi","3071":"ient","3072":" noe","3073":"let ","3074":"eroo","3075":"deur","3076":"chou","3077":"augu","3078":"llan","3079":"chad","3080":"fel ","3081":"ikba","3082":"pier","3083":"isje","3084":" sys","3085":"onel","3086":"resi","3087":" hah","3088":"tdek","3089":"riti","3090":" tri","3091":"usie","3092":"rven","3093":"bine","3094":"egan","3095":"rdaa","3096":"erbl","3097":"vene","3098":"stoo","3099":"kig ","3100":" goo","3101":"ive ","3102":"olla","3103":"albu","3104":"e\u00ebn ","3105":"ulta","3106":"kast","3107":" vad","3108":"evon","3109":"voud","3110":" fre","3111":"pril","3112":"ieel","3113":"ake ","3114":"sion","3115":"nsda","3116":"blad","3117":"stil","3118":"luid","3119":" deu","3120":"trie","3121":"wet ","3122":" san","3123":"mere","3124":" tes","3125":"ute ","3126":"erop","3127":" dia","3128":"huld","3129":"jou ","3130":"erkr","3131":"beki","3132":"oces","3133":"rmal","3134":"ierv","3135":"inse","3136":"geke","3137":"las ","3138":" opp","3139":" cre","3140":"nade","3141":"son ","3142":"bron","3143":"zee ","3144":"roor","3145":"rijw","3146":" x ","3147":"ippe","3148":"rsla","3149":"ginn","3150":"olki","3151":"lent","3152":"enma","3153":"wezi","3154":" p ","3155":"lkin","3156":"grie","3157":"proe","3158":"tena","3159":"oldo","3160":"ugus","3161":"ldoe","3162":"moor","3163":"rweg","3164":"aank","3165":"engt","3166":"baan","3167":"rus ","3168":"hikt","3169":"bal ","3170":" lop","3171":"univ","3172":"ach ","3173":"deer","3174":" pal","3175":" km ","3176":" h ","3177":"koch","3178":"ache","3179":"neen","3180":"eemt","3181":" inw","3182":"alte","3183":"ika ","3184":"ofd ","3185":"egaa","3186":"rsit","3187":" zan","3188":" zei","3189":" tea","3190":"emie","3191":"aha ","3192":"rief","3193":"chat","3194":"halv","3195":"iep ","3196":"duce","3197":" mos","3198":" arc","3199":" kru","3200":"eugd","3201":"lair","3202":"elma","3203":"lter","3204":"rbin","3205":"enve","3206":"bod ","3207":"lbum","3208":"jkst","3209":"camp","3210":"lub ","3211":" oms","3212":"rzam","3213":"amin","3214":"rsie","3215":"eenv","3216":" 00e","3217":"olde","3218":" hot","3219":"esid","3220":"oens","3221":"reac","3222":" ge\u00ef","3223":"eam ","3224":"rkie","3225":" kap","3226":"rdat","3227":"rter","3228":"ngeb","3229":"digh","3230":" ven","3231":" clu","3232":" arm","3233":" gec","3234":"ecie","3235":"onie","3236":"ames","3237":"nada","3238":"gemi","3239":"ail ","3240":"olgd","3241":"elie","3242":" sho","3243":"eboo","3244":" opr","3245":"held","3246":"fort","3247":"mein","3248":"time","3249":"00e ","3250":"akti","3251":"reef","3252":"ombi","3253":"perf","3254":"real","3255":"note","3256":"kun ","3257":"nhou","3258":"tver","3259":"sser","3260":" plo","3261":"weze","3262":" lok","3263":"lari","3264":"ekst","3265":"meni","3266":"erza","3267":"nanc","3268":"unie","3269":" tit","3270":"rott","3271":"kale","3272":"ilt ","3273":"nell","3274":"ents","3275":"ink ","3276":"juni","3277":"mass","3278":" cri","3279":"allo","3280":"rali","3281":"dsta","3282":" liv","3283":"lade","3284":"spoo","3285":"hoek","3286":"valt","3287":"uele","3288":" pen","3289":" dre","3290":"rtro","3291":"beva","3292":" wal","3293":"nood","3294":"nne ","3295":"uim ","3296":"ser ","3297":"astr","3298":"drac","3299":"taar","3300":"zer ","3301":"opti","3302":"tges","3303":"huur","3304":"ulp ","3305":"clus","3306":" too","3307":"roer","3308":"nigi","3309":" onv","3310":"ndee","3311":"prim","3312":"rgro","3313":"ddag","3314":"anje","3315":"tenl","3316":"sign","3317":"navo","3318":"ovem","3319":" gar","3320":"ndje","3321":" len","3322":" jam","3323":"ess ","3324":"rnie","3325":"nigd","3326":"ots ","3327":"hied","3328":"uken","3329":"nhui","3330":" zes","3331":"nvlo","3332":"houw","3333":"iks ","3334":"rzaa","3335":"undi","3336":"nval","3337":"rag ","3338":"ndhe","3339":"mart","3340":"wiss","3341":"uitb","3342":"iezi","3343":"nink","3344":"pell","3345":"role","3346":"ras ","3347":"ci\u00ebl","3348":"chto","3349":"eekt","3350":"olg ","3351":"iker","3352":"erp ","3353":"idda","3354":"conf","3355":"ronk","3356":"ertj","3357":"nwez","3358":"rber","3359":"tijn","3360":" nou","3361":"arri","3362":"ntre","3363":"hist","3364":"gedu","3365":"itai","3366":" imm","3367":"brek","3368":"cite","3369":"agne","3370":"edan","3371":" da ","3372":"orp ","3373":"rtin","3374":"here","3375":" lid","3376":"mpen","3377":"evaa","3378":"vree","3379":" typ","3380":"laap","3381":"tzel","3382":"uke ","3383":" gea","3384":"redi","3385":"ntva","3386":"anks","3387":" vlu","3388":"prom","3389":"wist","3390":"ams ","3391":"ngez","3392":" tan","3393":"gita","3394":"beda","3395":"lers","3396":" bad","3397":"rlen","3398":"blok","3399":"rood","3400":" ete","3401":"chip","3402":"obee","3403":" ler","3404":"fest","3405":"goud","3406":"rukk","3407":"elte","3408":"tvan","3409":" def","3410":"erta","3411":"bree","3412":"agel","3413":"hoon","3414":"eris","3415":"osse","3416":"iefd","3417":" cat","3418":"sant","3419":"onve","3420":"ffec","3421":"etee","3422":"haam","3423":"chot","3424":"oogs","3425":"pte ","3426":"vemb","3427":"otie","3428":"mas ","3429":"tsto","3430":"elpe","3431":"mpel","3432":"orza","3433":" pap","3434":"edie","3435":"udt ","3436":"oudt","3437":"moto","3438":" kas","3439":"otor","3440":"alla","3441":"gina","3442":"ldin","3443":"lusi","3444":"ussi","3445":"oeld","3446":"zoch","3447":"chul","3448":"inut","3449":"emid","3450":"fsch","3451":"wegi","3452":"arbe","3453":"onaa","3454":"cte ","3455":"eurd","3456":"bepe","3457":" opd","3458":"spar","3459":" tru","3460":"kies","3461":"gse ","3462":"loot","3463":"raaf","3464":"mene","3465":"rtui","3466":"rece","3467":"eize","3468":"love","3469":"ciaa","3470":"thou","3471":"fers","3472":"nute","3473":"drin","3474":"idig","3475":"kene","3476":"evat","3477":"ona ","3478":"bbel","3479":"lank","3480":"traf","3481":"omis","3482":"chan","3483":"eins","3484":"udig","3485":"nwon","3486":"jder","3487":"olut","3488":"comb","3489":"ompe","3490":"vuur","3491":"ntin","3492":"nou ","3493":"keuz","3494":"vat ","3495":"ack ","3496":"liss","3497":"opst","3498":"enhu","3499":"lte ","3500":"ecto","3501":"doch","3502":"vanw","3503":"mont","3504":"omei","3505":"eeke","3506":"inwo","3507":"edem","3508":"droo","3509":"oekt","3510":" neg","3511":" dam","3512":"tron","3513":"ome ","3514":"hove","3515":"lita","3516":" can","3517":"niks","3518":"live","3519":"rren","3520":"tigd","3521":"euge","3522":"oeko","3523":"toor","3524":"tier","3525":"gera","3526":" hop","3527":"dame","3528":"ijzi","3529":"elge","3530":"nam ","3531":"ends","3532":"jne ","3533":"tser","3534":"leng","3535":"lhei","3536":"ubbe","3537":"rite","3538":"jde ","3539":"muse","3540":"meng","3541":"ific","3542":"menw","3543":"hree","3544":"ijns","3545":"rry ","3546":"nus ","3547":"inal","3548":"vati","3549":"trec","3550":"emak","3551":"oeft","3552":"theo","3553":"erri","3554":"ncer","3555":"insp","3556":"nend","3557":"erhu","3558":"efen","3559":"brit","3560":"lek ","3561":"oder","3562":" bio","3563":" loc","3564":"indu","3565":"oewe","3566":"ustu","3567":"cus ","3568":"lik ","3569":"htba","3570":"behe","3571":"remi","3572":"toek","3573":"ebor","3574":"euve","3575":"resp","3576":"oeli","3577":"llet","3578":"rvoe","3579":"ntoo","3580":"kke ","3581":"rere","3582":"popu","3583":"eis ","3584":"mmin","3585":"rwaa","3586":"opul","3587":"elft","3588":"volu","3589":"penb","3590":" eil","3591":"oont","3592":"iero","3593":"bewi","3594":"eist","3595":" sal","3596":" zag","3597":"rgaa","3598":"ogst","3599":"opva","3600":"slim","3601":"rme ","3602":"esen","3603":"ranc","3604":"0000","3605":"oend","3606":"arm ","3607":"ijdi","3608":" kil","3609":" ran","3610":"orbi","3611":"lauw","3612":"lve ","3613":"fere","3614":"ampe","3615":"hoew","3616":"plee","3617":"enoo","3618":"kjes","3619":"rgt ","3620":" afl","3621":"uwde","3622":"rgem","3623":"koor","3624":"rras","3625":"ansl","3626":"orta","3627":"ptie","3628":"afel","3629":"elec","3630":"uli ","3631":" fou","3632":"aarh","3633":"ukt ","3634":"vel ","3635":"epro","3636":"stur","3637":"mist","3638":"uati","3639":"ekki","3640":" gla","3641":"andr","3642":"uive","3643":" you","3644":"ocat","3645":"twit","3646":" sna","3647":"aran","3648":"tads","3649":"rass","3650":"esli","3651":"rijz","3652":"edic","3653":"anal","3654":" jeu","3655":"nged","3656":"rhal","3657":"rieu","3658":"ewor","3659":"rloo","3660":"zonn","3661":"roma","3662":"ift ","3663":"dee ","3664":"spaa","3665":"hop ","3666":"ndus","3667":"cteu","3668":"arhe","3669":"uut ","3670":"etel","3671":"ervl","3672":"ndac","3673":"ocen","3674":"kenh","3675":"koze","3676":"tijl","3677":"ecen","3678":" neu","3679":" rac","3680":"ight","3681":"bore","3682":"rode","3683":"agd ","3684":"uni ","3685":"erka","3686":"tvoe","3687":"holl","3688":"prot","3689":"ijpe","3690":"ontb","3691":"dene","3692":"aaie","3693":"hetz","3694":"ngsp","3695":"dell","3696":"ngin","3697":"zell","3698":"nsel","3699":"rave","3700":"enor","3701":"cie ","3702":"sers","3703":"tafe","3704":"shop","3705":"tiva","3706":"snap","3707":"keri","3708":"rmoe","3709":"type","3710":"zeve","3711":" ana","3712":"loka","3713":"gon ","3714":"li\u00eb ","3715":"mbin","3716":" kno","3717":"bum ","3718":"eenk","3719":" woe","3720":"mbur","3721":"eldo","3722":" log","3723":"aals","3724":"ants","3725":"ket ","3726":"ourn","3727":" rod","3728":"iati","3729":"half","3730":"pree","3731":"geba","3732":"enbo","3733":"adit","3734":"leg ","3735":"eltj","3736":"rofe","3737":"adat","3738":"etze","3739":"vred","3740":"lem ","3741":"tren","3742":"bevi","3743":"ni\u00eb ","3744":" lon","3745":" sco","3746":"send","3747":"raf ","3748":" eno","3749":"toma","3750":"utre","3751":" cas","3752":"pati","3753":"ball","3754":"eves","3755":" kei","3756":"ormi","3757":"jeug","3758":"efti","3759":"sies","3760":" mal","3761":"lla ","3762":"jver","3763":"opdr","3764":"gio ","3765":"aus ","3766":"enze","3767":"ndsc","3768":"lus ","3769":"omet","3770":"vatt","3771":"ndan","3772":"tich","3773":"enem","3774":"rdin","3775":" zev","3776":"emis","3777":"orre","3778":"sect","3779":"corr","3780":"ieri","3781":"itis","3782":"meta","3783":"wape","3784":"arij","3785":" c ","3786":"emon","3787":"egis","3788":" bea","3789":"sisc","3790":"voge","3791":"sief","3792":"nvou","3793":"era ","3794":" dur","3795":"endo","3796":"reem","3797":"tage","3798":"ansp","3799":"our ","3800":"rift","3801":" utr","3802":"sdie","3803":"situ","3804":" sli","3805":"elui","3806":"etwe","3807":"ase ","3808":"adem","3809":" new","3810":"edit","3811":"spri","3812":" gef","3813":"ppor","3814":"treg","3815":"afsc","3816":"rges","3817":"ltuu","3818":"tapp","3819":"expe","3820":"oof ","3821":"aags","3822":"deo ","3823":"gran","3824":" opz","3825":"lij ","3826":"orgt","3827":"dust","3828":"emor","3829":"aine","3830":"nje ","3831":"ront","3832":" rob","3833":"ctuu","3834":"frie","3835":"ept ","3836":"lanc","3837":"rfec","3838":"afri","3839":"teks","3840":"fer ","3841":"divi","3842":"erui","3843":"oze ","3844":"ehaa","3845":"rled","3846":"oegd","3847":"spir","3848":"wing","3849":"cond","3850":"vice","3851":"jkse","3852":"rzit","3853":"hope","3854":"erm ","3855":"lied","3856":" kro","3857":"boor","3858":"rekt","3859":"her ","3860":"ulai","3861":"rbli","3862":"blik","3863":" les","3864":"crat","3865":"stoe","3866":"utte","3867":" ann","3868":" k ","3869":"hake","3870":"opvo","3871":"ram ","3872":"zag ","3873":"fini","3874":"oons","3875":"llec","3876":"ssis","3877":" la ","3878":" imp","3879":"abri","3880":"eldt","3881":"evor","3882":"aron","3883":"trom","3884":"lann","3885":"ankr","3886":"uste","3887":"ijt ","3888":"rins","3889":"arre","3890":"euri","3891":"itee","3892":"mpio","3893":" afw","3894":"eali","3895":"aaf ","3896":"geru","3897":"emmi","3898":" vuu","3899":"mole","3900":"arie","3901":"atre","3902":"troe","3903":"entj","3904":"ehad","3905":" oog","3906":"hela","3907":" abs","3908":"itua","3909":" sen","3910":"catu","3911":"udie","3912":"fie ","3913":"ateg","3914":"cade","3915":" vle","3916":"ival","3917":"otaa","3918":"ips ","3919":"hall","3920":"mis ","3921":"jze ","3922":"sfee","3923":"all ","3924":"icit","3925":"ueel","3926":" sim","3927":"ssan","3928":"wde ","3929":"chep","3930":"maxi","3931":"kels","3932":"entu","3933":" jac","3934":"iedt","3935":"ekse","3936":" moc","3937":"nica","3938":"deed","3939":"icee","3940":"pula","3941":"turk","3942":"stam","3943":"ge\u00efn","3944":"tene","3945":"dica","3946":"lkom","3947":" mol","3948":" bak","3949":"pisc","3950":"ick ","3951":"zwem","3952":"tdag","3953":"utie","3954":"topp","3955":" jez","3956":"lken","3957":"cert","3958":"vaca","3959":"sloo","3960":"gero","3961":"besp","3962":"axim","3963":"rian","3964":"acat","3965":"base","3966":"ijda","3967":"rmel","3968":"apel","3969":"dres","3970":"meis","3971":"bell","3972":"blic","3973":" riv","3974":"romo","3975":" hav","3976":" ram","3977":"rnet","3978":"leeg","3979":"icie","3980":"elko","3981":"leek","3982":"loeg","3983":" hit","3984":"ezeg","3985":"lot ","3986":" fla","3987":"pijn","3988":" fle","3989":"siek","3990":"bure","3991":" dik","3992":"erwo","3993":"ocra","3994":"nts ","3995":"alia","3996":"nzen","3997":"loca","3998":"boom","3999":" z ","4000":"rbei","4001":"htel","4002":"moch","4003":"geco","4004":"rlem","4005":"ore ","4006":"chtt","4007":"pete","4008":"rwar","4009":"rele","4010":"itio","4011":"andb","4012":"eum ","4013":"etho","4014":"hrif","4015":"nbaa","4016":"uldi","4017":"ern ","4018":"herk","4019":"thee","4020":"aamd","4021":"ema ","4022":"tos ","4023":"xper","4024":"gst ","4025":"aatr","4026":" hom","4027":"pagi","4028":"trak","4029":"min ","4030":"artn","4031":"priv","4032":"gree","4033":"erov","4034":"itle","4035":"geor","4036":"rsto","4037":"uld ","4038":"mans","4039":"ima ","4040":" feb","4041":"rhan","4042":" sym","4043":"ieks","4044":"rsen","4045":"keuk","4046":"rban","4047":"loem","4048":"rong","4049":"fout","4050":"rik ","4051":"chit","4052":" afk","4053":"klin","4054":" afr","4055":" cla","4056":"cate","4057":"jdag","4058":"well","4059":"haag","4060":"piet","4061":"hnie","4062":"tuat","4063":"toel","4064":"eorg","4065":"ldoo","4066":"veen","4067":"ctio","4068":"nauw","4069":"invl","4070":"drei","4071":"klop","4072":"lare","4073":" mai","4074":" he ","4075":" rit","4076":"aanl","4077":"pdra","4078":"atho","4079":"omat","4080":"nget","4081":"zat ","4082":"elef","4083":"tour","4084":"ndom","4085":"rkoo","4086":"nnel","4087":"ella","4088":" qua","4089":" gol","4090":" pij","4091":"isen","4092":"ankt","4093":"atri","4094":"rstr","4095":"dera","4096":"hole","4097":"rima","4098":"ijg ","4099":"fant","4100":"peni","4101":"rspe","4102":"holi","4103":" dak","4104":"eend","4105":"ttel","4106":" dac","4107":"nsie","4108":"alf ","4109":"ega ","4110":"derb","4111":"rafi","4112":"itvo","4113":"grav","4114":"tail","4115":"efin","4116":"olks","4117":"adel","4118":" cal","4119":"iepe","4120":" ero","4121":"ssio","4122":"sier","4123":"kter","4124":"djes","4125":" cel","4126":"enot","4127":"rits","4128":"gedi","4129":"isis","4130":"hema","4131":"enho","4132":"lefo","4133":"illa","4134":"stit","4135":"kust","4136":"prem","4137":"epub","4138":" lim","4139":"mmel","4140":"nent","4141":" not","4142":"tner","4143":"oega","4144":"ierb","4145":" dig","4146":"apie","4147":"gaf ","4148":"urin","4149":"idt ","4150":"hiel","4151":"hil ","4152":"wilt","4153":"slis","4154":" sub","4155":"nteg","4156":"kilo","4157":" nau","4158":"uctu","4159":"prok","4160":"oert","4161":"gepr","4162":" ona","4163":"rpla","4164":" his","4165":"rtne","4166":"rmij","4167":"sels","4168":"urig","4169":"optr","4170":"inni","4171":" tv ","4172":" pot","4173":"taur","4174":"zeg ","4175":" kab","4176":"ezic","4177":"los ","4178":"enov","4179":"niss","4180":"ppij","4181":"tsel","4182":"stau","4183":" arb","4184":"ouds","4185":"rbod","4186":"perv","4187":"ico ","4188":"cess","4189":"fges","4190":" lit","4191":" kus","4192":"hikb","4193":"tris","4194":"rlee","4195":"ndri","4196":"ity ","4197":"kled","4198":"pari","4199":"essa","4200":"eisj","4201":"lice","4202":"orin","4203":"reig","4204":"ivea","4205":"fact","4206":"auw ","4207":"seum","4208":"useu","4209":"tem ","4210":"fspr","4211":"oooo","4212":"uffe","4213":"nal ","4214":"chth","4215":"aura","4216":"titi","4217":"nclu","4218":"tije","4219":"eage","4220":" aja","4221":"rink","4222":" ord","4223":" afh","4224":"zes ","4225":"lmat","4226":"lft ","4227":"krit","4228":" tip","4229":"chee","4230":"geta","4231":"izer","4232":"luti","4233":"lste","4234":"enme","4235":"afsp","4236":"atti","4237":"vies","4238":"edur","4239":"uitd","4240":"wame","4241":"ama ","4242":"itin","4243":"gint","4244":"iekt","4245":" exc","4246":"mina","4247":"view","4248":"reat","4249":"atje","4250":"ijfs","4251":"ield","4252":"tstr","4253":"loze","4254":"febr","4255":"liaa","4256":"vuld","4257":"ici\u00eb","4258":"brua","4259":"hade","4260":"leeu","4261":"terp","4262":"feer","4263":"wich","4264":"chem","4265":"veau","4266":"aanp","4267":" tou","4268":"ruar","4269":"ses ","4270":"ktri","4271":"rget","4272":"twij","4273":"stiv","4274":"perm","4275":"hite","4276":" sel","4277":" ink","4278":"eike","4279":"uwer","4280":"leed","4281":"blau","4282":"gden","4283":"bege","4284":"anko","4285":"rak ","4286":"ldt ","4287":"indo","4288":" bod","4289":"chak","4290":"erno","4291":"orna","4292":" ijs","4293":"zegd","4294":"nami","4295":"smaa","4296":"oei ","4297":"llic","4298":"dkam","4299":" ang","4300":"heri","4301":"dvie","4302":"bus ","4303":"bad ","4304":"uiti","4305":"ftij","4306":"ekje","4307":"ondh","4308":"lici","4309":"merc","4310":"ise ","4311":"lei ","4312":"terg","4313":"tbre","4314":"gara","4315":"tbaa","4316":"gega","4317":"choe","4318":"gori","4319":" to ","4320":"ana ","4321":"cere","4322":"pioe","4323":"ntat","4324":"defi","4325":" inh","4326":"frik","4327":"mocr","4328":"gelm","4329":"pert","4330":"migr","4331":"loge","4332":"rinc","4333":"ptre","4334":"arvo","4335":"kath","4336":"rpli","4337":"edde","4338":"ecor","4339":"dwij","4340":"toep","4341":"also","4342":"hof ","4343":"inve","4344":" beu","4345":"ivie","4346":"etai","4347":"oorm","4348":"kopp","4349":"egro","4350":"igit","4351":"ward","4352":"letj","4353":"toev","4354":" bot","4355":"ofds","4356":"ichz","4357":"htst","4358":"gees","4359":"ktij","4360":"chze","4361":"wiel","4362":"oran","4363":"hzel","4364":"nda ","4365":"nsla","4366":"nfo ","4367":" lam","4368":"erja","4369":"hat ","4370":"dode","4371":"erek","4372":"ence","4373":"ando","4374":"bord","4375":"ndwe","4376":"thol","4377":"ankz","4378":" ris","4379":"afko","4380":"enar","4381":"emoc","4382":"feli","4383":"rke ","4384":"eits","4385":"i\u00e8re","4386":"ions","4387":"\u00ebnte","4388":"kran","4389":"aks ","4390":"nkzi","4391":" bom","4392":" ge ","4393":"hoen","4394":"ehal","4395":"lore","4396":"anna","4397":"arda","4398":" plu","4399":"igra","4400":" inm","4401":"bewa","4402":" gan","4403":"ijvi","4404":"ciee","4405":"gebl","4406":"erus","4407":"demi","4408":"cham","4409":"ensd","4410":" kal","4411":" ade","4412":"dekt","4413":"orgd","4414":"kern","4415":"isla","4416":"hone","4417":"euwd","4418":"sens","4419":"ali\u00eb","4420":"nege","4421":"zone","4422":"ohan","4423":"pjes","4424":"loni","4425":"rnam","4426":"ttig","4427":"stje","4428":"ormd","4429":"skun","4430":"unic","4431":"uran","4432":"ghed","4433":"tici","4434":"ntig","4435":"dege","4436":"idea","4437":"rivi","4438":"heil","4439":"rvic","4440":"sta ","4441":" rou","4442":"orwa","4443":"ngew","4444":"anle","4445":"jour","4446":"menl","4447":"anst","4448":"cris","4449":" edi","4450":" w ","4451":"tiep","4452":"elic","4453":"egem","4454":"zoge","4455":"reag","4456":"enri","4457":"enle","4458":"oefe","4459":"rbet","4460":"enre","4461":" bac","4462":"\u00e8re ","4463":" dub","4464":" gaf","4465":"afle","4466":"ulie","4467":"wakk","4468":"lezi","4469":"edre","4470":"ijkb","4471":"mule","4472":"eute","4473":"utom","4474":" vir","4475":"bene","4476":"han ","4477":"gge ","4478":"dijk","4479":"cier","4480":"rtus","4481":"fdst","4482":"nmer","4483":"ave ","4484":"loei","4485":"lica","4486":"tert","4487":"paul","4488":"wass","4489":"enka","4490":"esel","4491":"nenk","4492":"ici ","4493":"anav","4494":"dubb","4495":" cir","4496":"lad ","4497":"roon","4498":"ie\u00ebn","4499":"viel","4500":"fess","4501":"ieer","4502":"inho","4503":"tect","4504":"ento","4505":" kol","4506":"oers","4507":" nic","4508":"moni","4509":"ils ","4510":"roll","4511":"stge","4512":"jax ","4513":"joha","4514":"dder","4515":"mins","4516":"eeee","4517":"ajax","4518":" fas","4519":"mons","4520":"nzet","4521":"foon","4522":" ern","4523":" det","4524":"apt ","4525":"urna","4526":"msti","4527":"oeit","4528":"rout","4529":"mobi","4530":"raba","4531":"dond","4532":" poo","4533":"kzij","4534":"heet","4535":"ntai","4536":"renz","4537":"dida","4538":"tast","4539":"nia ","4540":"carr","4541":" air","4542":"uitl","4543":"rzor","4544":"olk ","4545":"oeid","4546":"ondo","4547":"oepa","4548":"terb","4549":" vog","4550":"adre","4551":"eep ","4552":" cm ","4553":"eikt","4554":" rev","4555":"sych","4556":"huwe","4557":"inti","4558":"anbo","4559":"ofes","4560":" ves","4561":"eeln","4562":"inet","4563":"anbi","4564":"code","4565":"uurw","4566":"psyc","4567":"than","4568":"egde","4569":" bab","4570":"them","4571":"trap","4572":"itic","4573":"rvla","4574":"rlop","4575":" oli","4576":"mich","4577":"data","4578":"egre","4579":"ole ","4580":"inze","4581":"nton","4582":"ount","4583":" gam","4584":" tim","4585":"belo","4586":"ompo","4587":"ati\u00eb","4588":"vare","4589":"icke","4590":"gle ","4591":"ereg","4592":"dekk","4593":"god ","4594":"opel","4595":"jvin","4596":"chui","4597":"oman","4598":"reta","4599":"tger","4600":" zog","4601":"fiek","4602":" ent","4603":" dod","4604":"enth","4605":"patr","4606":"htof","4607":" ref","4608":"nism","4609":"ges ","4610":"nnem","4611":"rint","4612":"lami","4613":"lijd","4614":"mana","4615":"siev","4616":"zang","4617":"chro","4618":"rlei","4619":"book","4620":"nber","4621":"gave","4622":"nspi","4623":"noot","4624":" g ","4625":"ace ","4626":"netw","4627":"abin","4628":"cijf","4629":" opm","4630":"oeds","4631":"slap","4632":"ntho","4633":"rang","4634":" deb","4635":"ijhe","4636":"jkba","4637":"lukt","4638":"lokk","4639":"jfer","4640":"reli","4641":"rit ","4642":"tspr","4643":"seks","4644":"khed","4645":"scen","4646":"dver","4647":"duiz","4648":"spie","4649":"oedk","4650":" ii ","4651":"roef","4652":"ortu","4653":"ntas","4654":"acco","4655":"eges","4656":"stev","4657":"lens","4658":"ane ","4659":"inmi","4660":"cifi","4661":"thod","4662":"lome","4663":"prei","4664":"anpa","4665":"hip ","4666":"loer","4667":"rzic","4668":"uurz","4669":"nrij","4670":"tuee","4671":"show","4672":"zand","4673":"mant","4674":" inn","4675":" nl ","4676":"kenm","4677":"otos","4678":"bili","4679":"aban","4680":"tap ","4681":"solu","4682":"omie","4683":"tine","4684":"kara","4685":"papi","4686":"orpe","4687":"arat","4688":"ecre","4689":"rtaa","4690":"elba","4691":"ontm","4692":"chtv","4693":"iber","4694":"ewen","4695":"rmer","4696":"gekr","4697":"uurs","4698":"pute","4699":"ata ","4700":"urza","4701":"colo","4702":"inie","4703":"edse","4704":"tica","4705":"zei ","4706":"ampa","4707":"ewaa","4708":"ekoz","4709":"bber","4710":"fabr","4711":"ruch","4712":"onaf","4713":"ones","4714":"genh","4715":"okal","4716":"lopt","4717":"crea","4718":"ijdr","4719":"kwar","4720":"impe","4721":"rzek","4722":"mpag","4723":"rel ","4724":"rook","4725":"spla","4726":"rzet","4727":" oge","4728":"bije","4729":" ora","4730":"pagn","4731":"lond","4732":"indr","4733":"repu","4734":"sico","4735":"ngre","4736":"less","4737":"udin","4738":"netj","4739":"maas","4740":"pot ","4741":"nbie","4742":" out","4743":"smet","4744":"ncen","4745":"helf","4746":"sper","4747":"kloo","4748":" tha","4749":"emel","4750":"ian ","4751":"old ","4752":"kand","4753":" deg","4754":"cter","4755":"aler","4756":"ehoe","4757":"lera","4758":"iefs","4759":"fte ","4760":"grap","4761":"reda","4762":"nova","4763":"stok","4764":"rukt","4765":" eu ","4766":"hous","4767":"pere","4768":"endr","4769":"epar","4770":" zwi","4771":"tiel","4772":"zige","4773":" fli","4774":"voch","4775":"ales","4776":" ale","4777":"ktro","4778":"jpen","4779":"inkt","4780":"parl","4781":"limb","4782":"dati","4783":"keiz","4784":"hert","4785":"rjaa","4786":"anaa","4787":" psy","4788":"viru","4789":"zete","4790":"leni","4791":"ista","4792":"ered","4793":"fisc","4794":"onti","4795":"eerg","4796":"pakt","4797":"nap ","4798":" cap","4799":"eque","4800":"rame","4801":"jhei","4802":"raci","4803":"irus","4804":"oorh","4805":" cit","4806":"erpa","4807":"etis","4808":"pger","4809":"ilip","4810":"uime","4811":"itga","4812":"ght ","4813":"anag","4814":"gine","4815":"hans","4816":"rijn","4817":"deal","4818":"nest","4819":" ori","4820":"ebas","4821":"artj","4822":"aanz","4823":"face","4824":" cou","4825":"enkt","4826":"emai","4827":"uitk","4828":" rug","4829":"gem ","4830":"gas ","4831":"oets","4832":"hatt","4833":"elis","4834":"rofi","4835":"tist","4836":"bina","4837":"ligi","4838":"app ","4839":"jamm","4840":"kana","4841":"oelt","4842":"isic","4843":"orwe","4844":"aien","4845":"waal","4846":" onm","4847":"klar","4848":"itaa","4849":"lber","4850":"lieu","4851":"antr","4852":" wap","4853":"gger","4854":"scoo","4855":"gewa","4856":"ifte","4857":"onse","4858":"ilja","4859":"rots","4860":"gati","4861":"denb","4862":"orke","4863":"iche","4864":"aatj","4865":"rhee","4866":"iegt","4867":"und ","4868":"reff","4869":"pvol","4870":"dist","4871":"nvoe","4872":"omot","4873":" lac","4874":" pag","4875":" kwe","4876":"asee","4877":"bred","4878":"emat","4879":"geza","4880":"aanr","4881":"ogin","4882":"ntaa","4883":"noch","4884":"mmis","4885":"new ","4886":"ock ","4887":"rial","4888":"daal","4889":"erns","4890":"rium","4891":"nolo","4892":"bijg","4893":"deta","4894":"slam","4895":"athe","4896":"erdw","4897":"intr","4898":"ecif","4899":"tijk","4900":"tmoe","4901":"imal","4902":" isl","4903":"marc","4904":"nkli","4905":" ema","4906":"nafh","4907":"rgeb","4908":" ca ","4909":"toet","4910":"dedi","4911":"pges","4912":"ieus","4913":"eela","4914":"ndid","4915":"bed ","4916":"rip ","4917":" age","4918":"nthe","4919":"tijg","4920":"rbon","4921":"enzi","4922":"arge","4923":"atin","4924":" nab","4925":"grad","4926":"ijbe","4927":"ngep","4928":"nnes","4929":"rijh","4930":"spon","4931":"tbij","4932":"eemd","4933":"aill","4934":"acce","4935":"gevr","4936":"wit ","4937":"htte","4938":" on ","4939":"peld","4940":" = ","4941":"dsel","4942":"zinn","4943":" shi","4944":"blog","4945":"plex","4946":"gonn","4947":"ose ","4948":"tick","4949":"oma ","4950":"pgel","4951":"koff","4952":"gres","4953":" eri","4954":"azen","4955":"hann","4956":"orn ","4957":" lib","4958":"erf ","4959":"etge","4960":"erkg","4961":"ical","4962":"urea","4963":"inkl","4964":" afd","4965":"ara ","4966":"ugen","4967":"psta","4968":"oorr","4969":"bos ","4970":"beno","4971":"itat","4972":"imbu","4973":"ewus","4974":"inko","4975":"klij","4976":"evis","4977":"astg","4978":"rded","4979":"nelh","4980":"lape","4981":"cell","4982":"dans","4983":"actu","4984":"gooi","4985":"fica","4986":"ids ","4987":"zus ","4988":"tch ","4989":"eenh","4990":"heor","4991":"wust","4992":"lism","4993":"hepe","4994":"rdra","4995":"emba","4996":" sek","4997":"nnet","4998":"ften","4999":"itsp"}}