{"nor":{"0":" i ","1":" og ","2":" for","3":"det ","4":" det","5":" er ","6":"kkkk","7":"num>","8":"<num","9":" <nu","10":" til","11":"um> ","12":" p\u00e5 ","13":" som","14":"som ","15":" en ","16":"til ","17":"for ","18":" av ","19":"den ","20":" med","21":"ter ","22":"med ","23":" \u00e5 ","24":" har","25":"ene ","26":"har ","27":" den","28":"ing ","29":"ikke","30":" de ","31":"kke ","32":"ette","33":"ere ","34":"der ","35":" at ","36":"ler ","37":" ikk","38":" men","39":"jeg ","40":" jeg","41":" han","42":"men ","43":" var","44":"ten ","45":"inge","46":"tter","47":" fra","48":"var ","49":"gen ","50":"ger ","51":"ste ","52":"lig ","53":"ller","54":"ning","55":"ske ","56":"elle","57":"han ","58":"sjon","59":"ner ","60":"tte ","61":" et ","62":"fra ","63":"lle ","64":" om ","65":" ble","66":"ngen","67":"ble ","68":"ker ","69":" man","70":" kan","71":"ende","72":"ring","73":" opp","74":"este","75":"tet ","76":" du ","77":"ver ","78":"sen ","79":"nger","80":"nne ","81":"mer ","82":" inn","83":" der","84":"kan ","85":"over","86":"nde ","87":" nor","88":" sam","89":" s\u00e5 ","90":"ert ","91":" kom","92":"alle","93":"else","94":"ser ","95":"enne","96":"rer ","97":" vi ","98":" ska","99":"ange","100":"inne","101":"dre ","102":" hel","103":"ille","104":"land","105":"nder","106":"ige ","107":"kkk ","108":"ente","109":" bli","110":"nen ","111":" ove","112":"ster","113":" ett","114":"elig","115":"itt ","116":" f\u00f8r","117":" ogs","118":" all","119":"ndre","120":"ogs\u00e5","121":"gs\u00e5 ","122":" bar","123":"lige","124":" sto","125":" sta","126":"isk ","127":"ens ","128":"stor","129":"nter","130":"amme","131":"omme","132":" kon","133":"net ","134":" v\u00e6r","135":" kkk","136":"komm","137":"unde","138":"ren ","139":" ell","140":"rte ","141":"asjo","142":" seg","143":" vil","144":"ling","145":"len ","146":" pro","147":"nge ","148":" noe","149":"seg ","150":"get ","151":"iste","152":"and ","153":"iske","154":"dett","155":"mmer","156":"are ","157":"fors","158":"ikk ","159":" ved","160":" da ","161":"skal","162":"spil","163":"kal ","164":"ett ","165":"sten","166":" min","167":" lan","168":"tisk","169":"dde ","170":" and","171":"ken ","172":"ings","173":"iden","174":" spi","175":"ved ","176":"orsk","177":"att ","178":"erne","179":"dere","180":"elt ","181":"enge","182":"andr","183":" sel","184":" tid","185":"ent ","186":"\u00e6re ","187":"gjen","188":" dag","189":"tere","190":"eren","191":"let ","192":"man ","193":" sin","194":" fin","195":"nes ","196":" bes","197":" gje","198":" ver","199":"lere","200":" bru","201":"hold","202":" god","203":" tre","204":"pill","205":"ret ","206":"mmen","207":"ansk","208":"dag ","209":"ket ","210":"per ","211":"\u00f8rst","212":" mot","213":"bruk","214":"jone","215":"erin","216":"side","217":" kun","218":"nske","219":"rett","220":" her","221":"hvor","222":" sen","223":" hvo","224":" ste","225":"rste","226":"ier ","227":"ande","228":"gang","229":"anne","230":"jon ","231":"ener","232":" had","233":" und","234":"samm","235":"erte","236":" del","237":"v\u00e6re","238":"iser","239":"vil ","240":"ang ","241":"adde","242":"ort ","243":"litt","244":"alt ","245":" fre","246":"atte","247":"dig ","248":"skap","249":"nner","250":"hadd","251":" mer","252":"orge","253":"kker","254":"bare","255":"est ","256":"rne ","257":"unne","258":" tro","259":" per","260":"ant ","261":" ut ","262":"mme ","263":"selv","264":"ment","265":"ine ","266":" lit","267":" fle","268":"oner","269":" vel","270":"sse ","271":"f\u00f8rs","272":"mang","273":"denn","274":"opp ","275":"oen ","276":"lse ","277":"tene","278":"vet ","279":"nnen","280":"like","281":" n\u00e5 ","282":"nte ","283":"till","284":"lir ","285":"ting","286":" \u00e5r ","287":" to ","288":"blir","289":"skje","290":"n\u00e5r ","291":"gene","292":"vis ","293":"inte","294":"ghet","295":" n\u00e5r","296":"ighe","297":" ser","298":" mar","299":"rden","300":"asse","301":"legg","302":"her ","303":"rlig","304":"ike ","305":"nest","306":" reg","307":"art ","308":" hun","309":"onen","310":" str","311":"tid ","312":"verd","313":"sent","314":" mel","315":" gan","316":"arbe","317":" van","318":"arte","319":"sett","320":" par","321":"erer","322":"res ","323":" pla","324":" sid","325":"best","326":"ale ","327":"stre","328":"sker","329":"gere","330":"rbei","331":"noen","332":"nnes","333":"beid","334":"anse","335":"\u00e6rt ","336":" meg","337":"enn ","338":"mot ","339":"lass","340":" kje","341":" ha ","342":" gru","343":"eder","344":"eter","345":"all ","346":"form","347":"hete","348":" lik","349":"het ","350":"gj\u00f8r","351":"jenn","352":"sin ","353":"lder","354":"orde","355":" hen","356":"itte","357":"stil","358":"sert","359":"inn ","360":" skr","361":" int","362":"nnet","363":"orte","364":"fort","365":"haha","366":"nors","367":"illi","368":" hje","369":" dis","370":" m\u00e5 ","371":"sene","372":" lag","373":"ttet","374":" eks","375":"finn","376":" gra","377":"emme","378":" bil","379":"ien ","380":"lage","381":"irke","382":"folk","383":"pet ","384":"les ","385":" kla","386":"nere","387":" hvi","388":"pen ","389":"ytte","390":"skri","391":"eres","392":" beg","393":" sku","394":"iver","395":"rene","396":"satt","397":" pre","398":" alt","399":" st\u00f8","400":"fler","401":" hve","402":" ann","403":"noe ","404":"lsen","405":" bla","406":"svar","407":"enes","408":"grun","409":"v\u00e6rt","410":"sted","411":"ider","412":"ans ","413":"stan","414":"fore","415":" bet","416":" kri","417":"lite","418":"norg","419":" se ","420":"lede","421":"ktig","422":"runn","423":"egge","424":"llet","425":"met ","426":"tall","427":"ekke","428":"kjen","429":" vis","430":"stat","431":"pres","432":"jent","433":"hver","434":"olde","435":" ret","436":"elv ","437":"gger","438":"rge ","439":"ber ","440":" sli","441":" ute","442":"dage","443":"tore","444":"kunn","445":" mor","446":"ede ","447":"mest","448":"erso","449":"erde","450":"lang","451":"ore ","452":"hun ","453":"ford","454":"stem","455":"esse","456":"erie","457":"itet","458":"set ","459":" f\u00e5 ","460":"hand","461":"stra","462":"frem","463":"fikk","464":"vor ","465":"ress","466":"tren","467":" pol","468":"kken","469":"uten","470":"vers","471":"ulle","472":"mell","473":"ater","474":"dele","475":" lig","476":"kont","477":"rend","478":"ele ","479":"leve","480":"ekte","481":"ever","482":"sksk","483":" ned","484":"tten","485":"nlig","486":"ello","487":"tre ","488":"rist","489":" tra","490":"eten","491":"ruke","492":"tnin","493":"meg ","494":"ell ","495":"poli","496":"styr","497":"tor ","498":" fol","499":"hans","500":"nord","501":"ksks","502":"f\u00f8r ","503":" dem","504":" fik","505":"agen","506":"\u00f8re ","507":" mes","508":"nnom","509":" bra","510":"ers ","511":"alen","512":"menn","513":"dene","514":" gj\u00f8","515":"isse","516":" spe","517":"lene","518":" san","519":" sit","520":" hol","521":" sti","522":" mil","523":"nsen","524":"tig ","525":"enno","526":"tilb","527":" pri","528":"tikk","529":"klar","530":"sist","531":"akti","532":" f\u00e5r","533":"vide","534":" res","535":"del ","536":"barn","537":"ilde","538":"g\u00e5r ","539":"olit","540":"f\u00e5r ","541":" a ","542":"mann","543":" end","544":"vert","545":" enn","546":"iger","547":"part","548":" hva","549":"ndel","550":"arti","551":"llom","552":"rske","553":"deli","554":"liti","555":" nok","556":" g\u00e5r","557":"tale","558":" h\u00f8y","559":"pers","560":"eldi","561":" ven","562":"ikti","563":" jo ","564":"helt","565":" kor","566":"elen","567":"seri","568":"jord","569":"ets ","570":" skj","571":" dan","572":"skul","573":" the","574":" set","575":"rfor","576":"mark","577":"elsk","578":"kape","579":"star","580":" ber","581":" kar","582":"ygge","583":" ski","584":"sere","585":"kte ","586":"port","587":"tar ","588":"kter","589":"ann ","590":"ssen","591":"lant","592":"lom ","593":"utte","594":"forb","595":"sser","596":"erke","597":"keli","598":"virk","599":" vid","600":"nett","601":"lte ","602":"\u00e5de ","603":"dels","604":"llen","605":" arb","606":"akke","607":"egne","608":"nok ","609":"ahah","610":" ing","611":"kere","612":"r\u00e5de","613":"egen","614":" kj\u00f8","615":"old ","616":"vare","617":"ante","618":"nten","619":"kamp","620":" des","621":"j\u00f8re","622":"tlig","623":"f\u00f8lg","624":"jern","625":"slik","626":"rans","627":"ndet","628":"vel ","629":"ord ","630":"enke","631":"hva ","632":"\u00e5tt ","633":"ive ","634":" syn","635":"tert","636":"oppe","637":"bygg","638":"\u00f8lge","639":" ja ","640":"ill ","641":" sko","642":"rive","643":"sikk","644":"tori","645":"aget","646":"rest","647":" fri","648":"mmun","649":" gre","650":"tide","651":"oss ","652":"eide","653":"mye ","654":" mye","655":"teri","656":"ense","657":" deg","658":"bli ","659":"jen ","660":"ands","661":"ykke","662":"ndt ","663":"llin","664":"kull","665":"gjor","666":" kam","667":"dens","668":"rund","669":" ban","670":"gge ","671":"ommu","672":"ders","673":"godt","674":" nye","675":"dlig","676":" vik","677":" far","678":"mene","679":"isti","680":"blan","681":"tede","682":" mas","683":"ager","684":" kal","685":"berg","686":"lag ","687":"><nu","688":"rson","689":"um><","690":"m><n","691":"tes ","692":"ake ","693":" liv","694":" ege","695":"plas","696":"ligh","697":"ist ","698":" net","699":"kans","700":"nytt","701":"valg","702":"the ","703":" leg","704":" val","705":"stad","706":"andl","707":"deg ","708":" fan","709":" f\u00f8l","710":"lett","711":"knin","712":"tand","713":"ldig","714":"vill","715":" bor","716":"st\u00f8r","717":" e ","718":"nser","719":"veld","720":" tak","721":"kons","722":"list","723":"slag","724":"lik ","725":"ekst","726":"odt ","727":"rter","728":"ligg","729":"rekk","730":"gjer","731":"vise","732":"skol","733":"kje ","734":"nene","735":"kom ","736":"kole","737":"idli","738":"rgen","739":"ide ","740":"min ","741":"rre ","742":"sitt","743":" run","744":" vin","745":"nye ","746":"diss","747":" mat","748":"nden","749":"igge","750":" len","751":"ksjo","752":" utv","753":"tidl","754":" vir","755":"tart","756":"vinn","757":"egg ","758":" byg","759":"atis","760":"ordi","761":"hele","762":"nom ","763":" fil","764":"rien","765":"muli","766":"ulig","767":" o ","768":"tell","769":"vest","770":" sty","771":"jell","772":"tern","773":" dat","774":"lde ","775":"mr\u00e5d","776":"leng","777":"ngel","778":"omr\u00e5","779":"verk","780":"agt ","781":"rde ","782":"pros","783":"atur","784":"rsk ","785":"nfor","786":"orda","787":"sine","788":"slo ","789":"slut","790":" fly","791":"tok ","792":"onal","793":"rodu","794":" fer","795":" gam","796":" hal","797":"anta","798":"iker","799":"topp","800":"rede","801":"pper","802":"plan","803":" mul","804":" sik","805":" ant","806":" v\u00e5r","807":"inst","808":"send","809":" b\u00e5d","810":"b\u00e5de","811":"tatt","812":"rker","813":" mus","814":"onge","815":"enta","816":"rakt","817":"god ","818":" me ","819":"mens","820":"ktiv","821":"dem ","822":"ensk","823":"utvi","824":" led","825":"isjo","826":"sier","827":" ham","828":" sol","829":"dan ","830":"isto","831":" ten","832":" stu","833":"oslo","834":"t\u00e5r ","835":"eret","836":"navn","837":" sis","838":"iet ","839":" din","840":"vikt","841":"ding","842":"aten","843":"bedr","844":" nat","845":"gens","846":" sna","847":"iner","848":"onse","849":" gjo","850":"nist","851":"lest","852":"\u00f8rer","853":" ta ","854":"olle","855":"akte","856":"reng","857":"ass ","858":"prod","859":"rens","860":"kong","861":"esen","862":" osl","863":" nes","864":"hvis","865":" bed","866":"ifte","867":"st\u00e5r","868":"son ","869":"orie","870":"lutt","871":"orts","872":"ite ","873":"stri","874":" n\u00e6r","875":"amer","876":" nav","877":"reve","878":" ord","879":"empe","880":"alis","881":" pas","882":"ode ","883":"eske","884":" eng","885":"kket","886":" lev","887":"nnel","888":"kort","889":"f\u00f8re","890":" m\u00e5t","891":"erik","892":" mid","893":"rand","894":"krev","895":"ppen","896":"hjem","897":" ans","898":"ein ","899":"live","900":"stis","901":" sie","902":"samt","903":"aler","904":"ndo ","905":"vend","906":" sve","907":"kene","908":" sva","909":"arke","910":"enin","911":"ror ","912":" d\u00f8d","913":"orma","914":"dnin","915":"hell","916":" les","917":"kes ","918":"tur ","919":"entr","920":"skre","921":"und ","922":"j\u00f8r ","923":"vent","924":"hove","925":"lert","926":"yste","927":"rift","928":" rom","929":"ion ","930":"mere","931":"vite","932":" bre","933":"blit","934":"llig","935":"roll","936":"bild","937":"rdi ","938":"ark ","939":"kriv","940":"indr","941":" ele","942":"erdi","943":"endi","944":"lser","945":"gels","946":"nesk","947":"igje","948":"film","949":"oppl","950":" kro","951":"dler","952":" rek","953":" pen","954":" igj","955":"rten","956":"ate ","957":"edet","958":" job","959":"ham ","960":"kap ","961":"uppe","962":"pass","963":"unn ","964":"tjen","965":"rukt","966":"ekt ","967":"trol","968":"rdan","969":" met","970":"rke ","971":"forh","972":"elde","973":"pris","974":"vens","975":" bak","976":"rati","977":"embe","978":"jobb","979":"isen","980":"lles","981":"mber","982":"amle","983":" m\u00e5l","984":" enk","985":"eier","986":" hov","987":"mmet","988":"amp ","989":"olog","990":"erna","991":" ene","992":"esti","993":" gen","994":"ndig","995":"ven ","996":"hist","997":"rige","998":"arer","999":"mini","1000":"erfo","1001":"oren","1002":"begy","1003":"egyn","1004":"mmel","1005":"entl","1006":" fal","1007":" oss","1008":"ters","1009":" ind","1010":"rder","1011":" com","1012":"ned ","1013":" st\u00e5","1014":"elli","1015":"mune","1016":"ntli","1017":"ted ","1018":"tens","1019":"olk ","1020":"nasj","1021":"jons","1022":" hus","1023":" art","1024":"tak ","1025":"orst","1026":" fak","1027":" \u00e5re","1028":"stud","1029":"tend","1030":" gir","1031":"ball","1032":" uts","1033":"nska","1034":"aker","1035":" uni","1036":"itis","1037":"oved","1038":"nkel","1039":"kirk","1040":"rst ","1041":"mili","1042":"nale","1043":"lagt","1044":"ture","1045":"bake","1046":"akt ","1047":" nyt","1048":"late","1049":"jene","1050":" fun","1051":"rgan","1052":" blo","1053":"vikl","1054":"rken","1055":" slu","1056":"snin","1057":"byen","1058":" s\u00f8r","1059":" ves","1060":"ard ","1061":"full","1062":"tate","1063":"\u00f8rt ","1064":"rese","1065":"tasj","1066":"avne","1067":"ativ","1068":"erre","1069":"kkel","1070":"erst","1071":"yen ","1072":" pra","1073":" spr","1074":"gent","1075":"reis","1076":"edre","1077":"undt","1078":"nsk ","1079":" dri","1080":"delt","1081":"trek","1082":"logi","1083":"tvik","1084":"nnin","1085":" bye","1086":"dent","1087":"risk","1088":"tive","1089":" ful","1090":"eget","1091":"jona","1092":"anis","1093":" lov","1094":"rika","1095":" sex","1096":"etts","1097":"ogra","1098":"fatt","1099":"grup","1100":"emen","1101":"ise ","1102":"f\u00f8rt","1103":"ilba","1104":" sat","1105":"uker","1106":"m\u00e5l ","1107":"krig","1108":"fran","1109":"obbe","1110":"fte ","1111":"\u00e5ret","1112":"anda","1113":" syk","1114":"ppe ","1115":" vei","1116":" rei","1117":" beh","1118":"gikk","1119":"rere","1120":"ampe","1121":"rier","1122":"kten","1123":"rie ","1124":" kul","1125":"unge","1126":" kra","1127":"\u00f8nsk","1128":"tils","1129":" fot","1130":" ung","1131":"ong ","1132":"rupp","1133":"oppr","1134":" red","1135":" ins","1136":" kir","1137":"spor","1138":"inns","1139":"vord","1140":" tal","1141":"kris","1142":"sels","1143":"ngre","1144":"inis","1145":" por","1146":"vere","1147":"siel","1148":"eise","1149":"lbak","1150":"ane ","1151":" sla","1152":"king","1153":"aste","1154":"sake","1155":"kjel","1156":"ktet","1157":"din ","1158":" tur","1159":"tror","1160":"lleg","1161":" his","1162":" tek","1163":"hjel","1164":"nnnn","1165":"aren","1166":"ersk","1167":" \u00f8ns","1168":"rise","1169":"lge ","1170":"fred","1171":" jul","1172":"nal ","1173":"fall","1174":"age ","1175":"time","1176":"etni","1177":"rike","1178":"s\u00f8ke","1179":"ntet","1180":" ald","1181":"spes","1182":"esta","1183":"jort","1184":"\u00f8rre","1185":"geli","1186":"hels","1187":"heng","1188":"rose","1189":"ofte","1190":" ben","1191":"ngt ","1192":"lden","1193":" let","1194":" ny ","1195":"medi","1196":" rik","1197":"regi","1198":" kvi","1199":"fant","1200":"orga","1201":"ntra","1202":"angs","1203":"ire ","1204":"sjek","1205":"pesi","1206":"disk","1207":"regn","1208":"funn","1209":" hah","1210":" h\u00f8r","1211":"etal","1212":"alte","1213":"ges ","1214":" bri","1215":" kre","1216":"fakt","1217":" no ","1218":"olke","1219":"tsat","1220":"ram ","1221":"usik","1222":"riti","1223":"\u00f8tte","1224":" mod","1225":"inal","1226":"meld","1227":"gren","1228":"terk","1229":"nstr","1230":"fest","1231":" cha","1232":"ontr","1233":" utg","1234":"sasj","1235":"iten","1236":"inde","1237":"drin","1238":"ktis","1239":"urde","1240":"oble","1241":"nleg","1242":"itik","1243":"lske","1244":"prin","1245":"sisk","1246":"istr","1247":"nede","1248":" f\u00f8d","1249":"meri","1250":"tenk","1251":"ekse","1252":" gik","1253":"olig","1254":"orme","1255":"ttel","1256":"utt ","1257":" oft","1258":" tar","1259":"tort","1260":" sak","1261":"arne","1262":"radi","1263":"peri","1264":"lekt","1265":" ter","1266":" s ","1267":"elge","1268":" kat","1269":"nse ","1270":"erli","1271":"mass","1272":" hos","1273":"ersi","1274":"amil","1275":"gend","1276":"rhol","1277":"t\u00f8rr","1278":"lska","1279":" omr","1280":"jelp","1281":"merk","1282":"mine","1283":" off","1284":"idde","1285":"saml","1286":"vann","1287":"one ","1288":"bety","1289":"evet","1290":"aner","1291":"tiv ","1292":"l\u00e6re","1293":" fir","1294":"ikt ","1295":" mis","1296":" tok","1297":"edle","1298":"tion","1299":"rykk","1300":" bok","1301":" lin","1302":"jer ","1303":"lise","1304":"arn ","1305":"ole ","1306":"akk ","1307":"olen","1308":" akt","1309":"asje","1310":"ferd","1311":"euro","1312":"tete","1313":"kult","1314":" pos","1315":" ras","1316":"mill","1317":"ruk ","1318":" m ","1319":"lege","1320":"ando","1321":"lar ","1322":"anli","1323":"derf","1324":"tige","1325":"hos ","1326":"rig ","1327":"vanl","1328":"ess ","1329":"even","1330":"okal","1331":"fram","1332":"ukke","1333":" la ","1334":"musi","1335":"test","1336":" tan","1337":"erge","1338":"midd","1339":" sal","1340":"tein","1341":"oste","1342":" l\u00e6r","1343":"des ","1344":" car","1345":"talt","1346":"m\u00f8te","1347":"ull ","1348":"nskj","1349":"tyre","1350":"eden","1351":" fas","1352":"bane","1353":"mind","1354":"mtid","1355":" eu ","1356":"hund","1357":"asti","1358":"anke","1359":"sver","1360":"tysk","1361":"iter","1362":" fje","1363":"ndle","1364":"tegn","1365":" dra","1366":"mand","1367":"elte","1368":"tels","1369":"klas","1370":"ione","1371":"syne","1372":" ang","1373":"apet","1374":" kva","1375":"ital","1376":"ast ","1377":"\u00f8mme","1378":"rekt","1379":" mak","1380":" tys","1381":"tran","1382":"nels","1383":"igen","1384":"user","1385":" g\u00e5 ","1386":"gram","1387":"anti","1388":" hav","1389":" tin","1390":"\u00f8dt ","1391":"anen","1392":" que","1393":"tfor","1394":" spa","1395":"sing","1396":"deri","1397":"kelt","1398":" dre","1399":" bas","1400":"gir ","1401":" sek","1402":"love","1403":"aha ","1404":"kvin","1405":"nget","1406":" mon","1407":"ikan","1408":"ukt ","1409":"onta","1410":"vart","1411":"alde","1412":"arin","1413":"serv","1414":"dlin","1415":"\u00e5tte","1416":"grat","1417":"uren","1418":"klin","1419":"pr\u00f8v","1420":"tryk","1421":"ggen","1422":"midl","1423":"rasj","1424":"oduk","1425":"enfo","1426":" hat","1427":" kli","1428":"klub","1429":"ldt ","1430":" m\u00f8t","1431":"borg","1432":"medl","1433":"komp","1434":"tele","1435":" eur","1436":"ave ","1437":"ideo","1438":"rang","1439":"nakk","1440":"hus ","1441":"opps","1442":" tru","1443":"offe","1444":" vet","1445":"uke ","1446":"eran","1447":"assa","1448":"dlem","1449":"rket","1450":"um>t","1451":"dann","1452":"punk","1453":"vist","1454":"kj\u00f8p","1455":"avn ","1456":" tem","1457":"vels","1458":"sone","1459":"post","1460":"mode","1461":"rkel","1462":"sex ","1463":" joh","1464":"halv","1465":"ben ","1466":"trak","1467":"ltur","1468":"enti","1469":"rem ","1470":"bra ","1471":" tim","1472":"raft","1473":" lok","1474":"ntak","1475":"atin","1476":"rent","1477":" utf","1478":"erve","1479":"tiet","1480":"fami","1481":"tron","1482":"traf","1483":"idet","1484":" org","1485":" s\u00f8n","1486":" avs","1487":" rep","1488":"iere","1489":" tri","1490":"site","1491":"unkt","1492":"kalt","1493":"ilie","1494":"idle","1495":"ramm","1496":"elin","1497":"urop","1498":"kert","1499":"ina ","1500":"eng ","1501":"st\u00f8t","1502":"gitt","1503":"endt","1504":"semp","1505":"appe","1506":"ntas","1507":"eser","1508":"\u00e5det","1509":"orho","1510":"l\u00f8pe","1511":"grad","1512":"loka","1513":"ered","1514":"eid ","1515":"duse","1516":"eids","1517":"evel","1518":"song","1519":"gani","1520":"m>ta","1521":"sial","1522":"mari","1523":"aken","1524":"snak","1525":">tal","1526":"ikte","1527":" mai","1528":"besk","1529":"natu","1530":"kj\u00f8r","1531":"jekt","1532":"vnet","1533":"ultu","1534":" top","1535":"sp\u00f8r","1536":"peng","1537":"sjsj","1538":"lubb","1539":"\u00e6rli","1540":"riks","1541":"blem","1542":"rsom","1543":"pene","1544":"kjer","1545":"tilt","1546":"prob","1547":" fam","1548":"kun ","1549":"eien","1550":" jan","1551":"sikt","1552":"ltid","1553":"erat","1554":"endo","1555":" bro","1556":" tor","1557":"tis ","1558":"ntro","1559":"syst","1560":"prog","1561":"dans","1562":"erti","1563":"mate","1564":"ippe","1565":"ksem","1566":"leme","1567":"ropp","1568":"stei","1569":"robl","1570":"dret","1571":"erse","1572":"uar ","1573":"ydel","1574":" pr\u00f8","1575":" fel","1576":"aldr","1577":"skel","1578":"jeld","1579":"reni","1580":"henn","1581":"ader","1582":"fter","1583":" tat","1584":"ian ","1585":" rea","1586":" sle","1587":" inf","1588":"ndli","1589":" f\u00e5t","1590":"fisk","1591":"bile","1592":" \u00f8st","1593":"nda ","1594":"takt","1595":"ttes","1596":"dert","1597":" si ","1598":"oder","1599":"egje","1600":" jen","1601":"rsen","1602":"lare","1603":"unns","1604":"ngst","1605":"erme","1606":"park","1607":"nia ","1608":"fell","1609":"endr","1610":"ldri","1611":"f\u00e5tt","1612":"aske","1613":"rnet","1614":" sig","1615":"somm","1616":"yrke","1617":"sfor","1618":"une ","1619":"ivet","1620":"sand","1621":"ilt ","1622":" bev","1623":" rel","1624":" spo","1625":"lger","1626":"f\u00f8dt","1627":"m\u00e5te","1628":"mper","1629":"ustr","1630":"\u00f8rte","1631":"erio","1632":"isme","1633":"nker","1634":"kraf","1635":"vern","1636":"ris ","1637":" lys","1638":"mpel","1639":"amen","1640":"sdag","1641":"alit","1642":"rdig","1643":"gne ","1644":"\u00e5ren","1645":"rafi","1646":"nna ","1647":"erg ","1648":"erk ","1649":"lart","1650":"gode","1651":" ren","1652":"t\u00f8tt","1653":" sky","1654":"rmer","1655":"assi","1656":"t\u00f8rs","1657":"flyt","1658":"sket","1659":"ars ","1660":"gggg","1661":"rate","1662":"tali","1663":"via ","1664":" ein","1665":"rskj","1666":"idig","1667":"fekt","1668":" of ","1669":"\u00f8ren","1670":" b\u00f8r","1671":" s\u00f8k","1672":"bran","1673":"teme","1674":"dire","1675":"umen","1676":"gnin","1677":"venn","1678":"gte ","1679":"rs\u00f8k","1680":"rikk","1681":"\u00f8ker","1682":"fast","1683":"h\u00e5nd","1684":" rus","1685":"kost","1686":"h\u00f8re","1687":"efor","1688":"rtet","1689":"osen","1690":"enst","1691":"anni","1692":"gste","1693":" ame","1694":" vok","1695":"fles","1696":"spar","1697":"ekk ","1698":"gget","1699":"ynes","1700":"eler","1701":"ilte","1702":"nset","1703":"kade","1704":"gvis","1705":"regj","1706":"mete","1707":"rtsa","1708":"edde","1709":"ensi","1710":"ust ","1711":"grep","1712":"mle ","1713":" kos","1714":"kend","1715":"oppd","1716":"jsjs","1717":"pel ","1718":"lend","1719":"ften","1720":" l\u00f8p","1721":"inga","1722":"ekti","1723":"ynte","1724":"rran","1725":" gi ","1726":"\u00e6rin","1727":" mal","1728":"ldre","1729":"hatt","1730":"ngs ","1731":"\u00f8ste","1732":"\u00e5pen","1733":"temm","1734":"stet","1735":"ddel","1736":"tral","1737":"\u00f8nne","1738":"veri","1739":"kron","1740":" hei","1741":" sp\u00f8","1742":"nnsk","1743":"trum","1744":" lei","1745":"tant","1746":"hets","1747":"tset","1748":"rone","1749":"ift ","1750":"mpen","1751":"konk","1752":"igvi","1753":"rtel","1754":" bal","1755":"enhe","1756":" gul","1757":" fei","1758":"tyrk","1759":"orsv","1760":"fire","1761":"dal ","1762":"stru","1763":"avis","1764":"onom","1765":"edri","1766":"take","1767":"takk","1768":"esie","1769":"fina","1770":"skin","1771":"dom ","1772":"rat ","1773":"otte","1774":"jemm","1775":" unn","1776":"voks","1777":"igne","1778":"affe","1779":"ikle","1780":" sup","1781":"nomi","1782":"umme","1783":"alg ","1784":" usa","1785":"lem ","1786":" lav","1787":"stas","1788":"aria","1789":"sult","1790":"vari","1791":"pple","1792":"tats","1793":"lese","1794":" try","1795":"ritt","1796":"dige","1797":" hot","1798":"tidi","1799":"bben","1800":"kall","1801":"rogr","1802":"int ","1803":"sv\u00e6r","1804":"kste","1805":"brit","1806":"gnet","1807":"rik ","1808":"kjem","1809":"angt","1810":"\u00e6rer","1811":"okke","1812":"skil","1813":"jeri","1814":"unst","1815":"elve","1816":"heim","1817":"usen","1818":"trer","1819":" sei","1820":"feri","1821":"nive","1822":"uder","1823":"domm","1824":"hvil","1825":"rger","1826":"org ","1827":"dte ","1828":"alts","1829":" dei","1830":" mag","1831":"give","1832":"para","1833":" tel","1834":"nevn","1835":"ffen","1836":" tje","1837":" fro","1838":"ista","1839":"enig","1840":"oden","1841":"amti","1842":"line","1843":"tyr ","1844":" sje","1845":"likt","1846":"ara ","1847":"ria ","1848":"bill","1849":" new","1850":"ade ","1851":"drif","1852":"ssis","1853":"veie","1854":"irek","1855":"nert","1856":"sang","1857":"digh","1858":"ndin","1859":"real","1860":"usjo","1861":"riod","1862":"onst","1863":"ynne","1864":" via","1865":"ilme","1866":" cas","1867":"epre","1868":" flo","1869":"samf","1870":" bur","1871":"krit","1872":"ving","1873":"anns","1874":"usa ","1875":"enda","1876":"uset","1877":" ca ","1878":"orfo","1879":"rst\u00e5","1880":"eld ","1881":"nsat","1882":"ging","1883":"nsta","1884":"lemm","1885":" bol","1886":"\u00f8de ","1887":"sept","1888":"sper","1889":"mitt","1890":"nnle","1891":"tekn","1892":"tera","1893":"amar","1894":"\u00f8rin","1895":"eral","1896":"illa","1897":"prof","1898":"nsti","1899":"forf","1900":"ts\u00e5 ","1901":"gisk","1902":"verr","1903":"m\u00e5tt","1904":"lts\u00e5","1905":"ton ","1906":" kol","1907":"ytt ","1908":"kel ","1909":" in ","1910":" bel","1911":"igst","1912":"morg","1913":"hard","1914":"ngsp","1915":"effe","1916":"mati","1917":" klo","1918":"tbal","1919":"allt","1920":"r\u00f8ve","1921":"lytt","1922":"unnl","1923":"vilk","1924":" vek","1925":"date","1926":"sign","1927":"spr\u00e5","1928":"roli","1929":"ielt","1930":"pr\u00e5k","1931":"iode","1932":"ivt ","1933":"gave","1934":"lykk","1935":"egel","1936":"que ","1937":"\u00f8st ","1938":"rikt","1939":"eson","1940":"ete ","1941":" fem","1942":"aver","1943":"rosj","1944":"beha","1945":" sm\u00e5","1946":"nst ","1947":"indu","1948":" vit","1949":"ntal","1950":" ent","1951":"fjor","1952":" uli","1953":"rev ","1954":"aser","1955":"orre","1956":" dyr","1957":"tad ","1958":"tadi","1959":"sel ","1960":"tyde","1961":"rask","1962":"scor","1963":"enga","1964":"osje","1965":"lipp","1966":"ntar","1967":"gner","1968":"vant","1969":"eks ","1970":"rtid","1971":"\u00f8ver","1972":" s\u00e6r","1973":"lmen","1974":"pilt","1975":" can","1976":"stin","1977":"ukte","1978":"gaml","1979":"huse","1980":"egre","1981":"edel","1982":"ntin","1983":"stop","1984":"ehol","1985":"sess","1986":"nga ","1987":"nmar","1988":"\u00e5rli","1989":"arge","1990":" dia","1991":" kin","1992":"lien","1993":"iell","1994":"ndri","1995":"ilke","1996":"dri ","1997":"ehan","1998":"yre ","1999":"fork","2000":"0000","2001":"alan","2002":"tttt","2003":"sens","2004":"amfu","2005":"natt","2006":" klu","2007":"esid","2008":"ulik","2009":"ervi","2010":" con","2011":" nas","2012":"arme","2013":"llti","2014":" gle","2015":" sv\u00e6","2016":"kuns","2017":"ubli","2018":" uke","2019":"kale","2020":"ubbe","2021":"tast","2022":" inv","2023":"orm ","2024":"mfun","2025":"resi","2026":"oret","2027":"otel","2028":"bort","2029":"kj\u00e6r","2030":"indi","2031":"sama","2032":" typ","2033":"teks","2034":"kjed","2035":"lade","2036":" dam","2037":"russ","2038":"band","2039":"spen","2040":" dom","2041":" eg ","2042":" you","2043":" rol","2044":"ordr","2045":"rom ","2046":"oran","2047":"ses ","2048":" gla","2049":"tilf","2050":"iler","2051":"com ","2052":"rert","2053":"oppf","2054":" fyl","2055":"nste","2056":"ansa","2057":"oldt","2058":"tike","2059":"eles","2060":"rinn","2061":"forv","2062":"dess","2063":"gift","2064":"ikli","2065":"kono","2066":"epar","2067":"kels","2068":"ober","2069":"lla ","2070":"pera","2071":"ttig","2072":"nlag","2073":"vans","2074":"oppt","2075":"nisk","2076":"begr","2077":"drag","2078":"ktor","2079":"kstr","2080":" git","2081":"tudi","2082":" dir","2083":"seso","2084":"f\u00f8le","2085":"tivt","2086":"b\u00f8r ","2087":"rels","2088":"stav","2089":"rite","2090":"able","2091":"v\u00e5re","2092":"norm","2093":"nke ","2094":"\u00e6ren","2095":"terr","2096":"skad","2097":"vorf","2098":"lter","2099":"univ","2100":"gler","2101":"sm\u00e5l","2102":"oppg","2103":"orel","2104":"aper","2105":"anle","2106":"tred","2107":"st\u00e5 ","2108":"rsva","2109":" lis","2110":" jor","2111":"type","2112":"gynn","2113":" arr","2114":"oris","2115":"roma","2116":"rege","2117":" lar","2118":"alli","2119":" fes","2120":"resu","2121":"forl","2122":"tlan","2123":"nell","2124":"innt","2125":"liv ","2126":"spis","2127":"viss","2128":"ratu","2129":"arde","2130":"eve ","2131":"ropa","2132":"aret","2133":"publ","2134":"base","2135":"tian","2136":"ldet","2137":"ngle","2138":"hote","2139":" h\u00e5n","2140":"lgt ","2141":" lil","2142":" d ","2143":"m\u00e5le","2144":"odus","2145":"rman","2146":"uler","2147":"ldin","2148":"uden","2149":"milj","2150":"blik","2151":"epte","2152":"vene","2153":"rum ","2154":"beta","2155":"h\u00f8ye","2156":"ilen","2157":"ost ","2158":"orbi","2159":"gjel","2160":"end ","2161":"kval","2162":" nev","2163":"d\u00f8d ","2164":"last","2165":"info","2166":"graf","2167":"erla","2168":"linj","2169":"iend","2170":"nhet","2171":"\u00f8kon","2172":"onel","2173":"leri","2174":"ute ","2175":"fjel","2176":" eie","2177":"essa","2178":"eksp","2179":"rant","2180":"midt","2181":"inen","2182":"ekni","2183":"dia ","2184":" ses","2185":"dern","2186":"lyse","2187":"dati","2188":"dela","2189":"urer","2190":"tta ","2191":"eldr","2192":"onli","2193":"aksj","2194":" \u00f8ko","2195":"vurd","2196":"rets","2197":"\u00f8nn ","2198":"rar ","2199":"adis","2200":"repr","2201":"eit ","2202":"rad ","2203":"esul","2204":"utst","2205":"n\u00e6rm","2206":"otba","2207":"derm","2208":"have","2209":"likk","2210":"omst","2211":"evis","2212":"etti","2213":"asin","2214":"begg","2215":"seks","2216":"krif","2217":"andi","2218":"ator","2219":" alb","2220":"ksom","2221":"rhet","2222":"lott","2223":"uksj","2224":"bler","2225":"aden","2226":" bek","2227":"kund","2228":"emer","2229":"demo","2230":"iene","2231":"posi","2232":" fla","2233":" bry","2234":"sosi","2235":"gynt","2236":"ino ","2237":"vege","2238":"masj","2239":"nkt ","2240":"beho","2241":"tal ","2242":" kap","2243":"vali","2244":"stia","2245":" dig","2246":"bind","2247":" ale","2248":" but","2249":"lign","2250":"\u00e6rme","2251":"vera","2252":"mins","2253":"uper","2254":"rmen","2255":"bil ","2256":"slet","2257":"sje ","2258":" jun","2259":" veg","2260":"rmas","2261":"sta ","2262":"tro ","2263":"vei ","2264":"aven","2265":"inje","2266":" bef","2267":"ksen","2268":"rtin","2269":"\u00f8pet","2270":"rtie","2271":"ran ","2272":" gar","2273":"ano ","2274":"orer","2275":"misk","2276":"velg","2277":"orit","2278":" rin","2279":"ilj\u00f8","2280":"anal","2281":"tra ","2282":"v\u00e5r ","2283":"essi","2284":"lokk","2285":"d\u00f8de","2286":"lill","2287":"tude","2288":"espi","2289":"ern ","2290":"ient","2291":"nend","2292":"lan ","2293":"neli","2294":" amp","2295":"innl","2296":"iale","2297":" eve","2298":"nsva","2299":"slan","2300":"algt","2301":"rmed","2302":"gust","2303":"ada ","2304":" kve","2305":" eta","2306":"batt","2307":" \u00e5pn","2308":" bon","2309":"ores","2310":"\u00e5end","2311":"sken","2312":" vol","2313":"sant","2314":"amt ","2315":" sma","2316":" pop","2317":" plu","2318":"str\u00f8","2319":" l\u00f8s","2320":" twi","2321":" tap","2322":"rked","2323":" ros","2324":"vind","2325":" fag","2326":"varm","2327":"ming","2328":"ons ","2329":" do ","2330":"rver","2331":"sikr","2332":"een ","2333":" dro","2334":"sto ","2335":"alla","2336":"rlan","2337":"angr","2338":"ukes","2339":" dek","2340":"oper","2341":"ansv","2342":"p\u00f8rs","2343":" sl\u00e5","2344":"kvel","2345":"lver","2346":"oven","2347":"retn","2348":"tids","2349":" sa ","2350":"gion","2351":" fis","2352":" kil","2353":"rnat","2354":"eim ","2355":"kj\u00f8n","2356":"dese","2357":"evne","2358":"lion","2359":"mots","2360":"mat ","2361":"farg","2362":"lane","2363":"rdin","2364":"atio","2365":"twit","2366":"onto","2367":"mege","2368":"ttin","2369":"forn","2370":"auto","2371":"ltat","2372":"usse","2373":" ide","2374":"imer","2375":" nov","2376":"albu","2377":"isas","2378":"jem ","2379":"fer ","2380":"mart","2381":"ftet","2382":"fotb","2383":"meni","2384":" aug","2385":" son","2386":" gud","2387":"gdom","2388":" \u00e5rs","2389":"ulta","2390":"ndte","2391":" omg","2392":"stol","2393":"lket","2394":"\u00e5re ","2395":"luft","2396":"opph","2397":"tabl","2398":"witt","2399":"nkte","2400":" rad","2401":"tem ","2402":" kur","2403":"trad","2404":"ndag","2405":"ata ","2406":"\u00e5te ","2407":"ack ","2408":"mor ","2409":"ame ","2410":"erle","2411":"ile ","2412":"elpe","2413":"nove","2414":"yer ","2415":"minu","2416":"ika ","2417":"tivi","2418":" kas","2419":" gal","2420":" lek","2421":"katt","2422":"ove ","2423":"lave","2424":"ilit","2425":"driv","2426":"grav","2427":"mask","2428":" utr","2429":"pppp","2430":"llio","2431":"idt ","2432":"dder","2433":"rsit","2434":"oll ","2435":"rsta","2436":"undr","2437":"deo ","2438":"jert","2439":"orbu","2440":"ndom","2441":"s\u00f8nn","2442":"ight","2443":"tigh","2444":"syke","2445":"era ","2446":" sos","2447":"gres","2448":"g\u00e5rd","2449":"mel ","2450":" so ","2451":"rges","2452":"sven","2453":"arra","2454":"ime ","2455":"etyd","2456":"lgen","2457":"plat","2458":"skip","2459":"gamm","2460":"rapp","2461":"par ","2462":"pret","2463":"mas ","2464":"emet","2465":" chr","2466":"rtik","2467":"ffer","2468":" h\u00e5p","2469":"rygg","2470":"lsk ","2471":"ppor","2472":"mars","2473":"vang","2474":"dres","2475":"anma","2476":"kret","2477":" m\u00e5n","2478":"stik","2479":" vur","2480":"egis","2481":"felt","2482":"trik","2483":" app","2484":" avi","2485":" pan","2486":"leie","2487":"nera","2488":" d\u00e5r","2489":" smi","2490":" deb","2491":"inse","2492":"erda","2493":" t ","2494":"dend","2495":"rank","2496":" tom","2497":" s\u00e5n","2498":"keve","2499":"d\u00e5rl","2500":" n ","2501":"sund","2502":"m\u00e5ne","2503":"disj","2504":"dame","2505":"derl","2506":"orfa","2507":" akk","2508":"olsk","2509":"mist","2510":"ross","2511":"engi","2512":"skyt","2513":"kurs","2514":"fora","2515":"osia","2516":"nisa","2517":" utd","2518":"krin","2519":"mess","2520":"temp","2521":"skj\u00f8","2522":"fjer","2523":"ana ","2524":" bid","2525":"bred","2526":" r\u00f8d","2527":"lers","2528":"snar","2529":"ergi","2530":"kast","2531":"evnt","2532":"onku","2533":"reda","2534":"hjer","2535":"eleg","2536":"ins ","2537":"ppet","2538":"kkje","2539":"kler","2540":"gans","2541":"spek","2542":"tank","2543":"repe","2544":"jeng","2545":"raff","2546":"riva","2547":"nar ","2548":"red ","2549":"edni","2550":"skni","2551":"espe","2552":"nkur","2553":"lbum","2554":"pekt","2555":"ndsk","2556":"ffek","2557":"toma","2558":"nati","2559":"bygd","2560":"uell","2561":" tit","2562":"hann","2563":"nklu","2564":" sep","2565":"hall","2566":"omer","2567":"tans","2568":"enen","2569":"verf","2570":" bis","2571":"kant","2572":"new ","2573":"nnla","2574":"dei ","2575":"lia ","2576":"orbr","2577":"hend","2578":" ram","2579":"rems","2580":"havn","2581":" mit","2582":"penn","2583":"nali","2584":"atet","2585":"vem ","2586":"eri ","2587":"danm","2588":"dale","2589":"ors\u00f8","2590":"omat","2591":"ngan","2592":"uter","2593":" utt","2594":" bom","2595":"sset","2596":"ngdo","2597":" ope","2598":"supe","2599":"ngss","2600":"pra ","2601":"plev","2602":"rtal","2603":"aen ","2604":"elst","2605":" nu ","2606":"kt\u00f8r","2607":"inut","2608":"grei","2609":" lat","2610":"data","2611":"rnes","2612":"chri","2613":"\u00f8res","2614":"smin","2615":"dren","2616":"ikkj","2617":"juli","2618":"tema","2619":" ink","2620":"rela","2621":" ref","2622":" nei","2623":"elp ","2624":"s\u00e6rl","2625":"truk","2626":"rdag","2627":" sch","2628":"onte","2629":"bert","2630":"ogis","2631":"bank","2632":"rav ","2633":"tras","2634":"tin ","2635":"redd","2636":"hris","2637":" avg","2638":" fav","2639":"ntre","2640":"veds","2641":"nsyn","2642":" na ","2643":" sjo","2644":" by ","2645":"efte","2646":"ksis","2647":"okse","2648":"kern","2649":" p ","2650":"est\u00e5","2651":"rner","2652":"enni","2653":"sme ","2654":"edie","2655":"foto","2656":"ligv","2657":"tekt","2658":"bere","2659":"ggin","2660":" ei ","2661":"sann","2662":"rnas","2663":"elta","2664":"marb","2665":"llia","2666":"nds ","2667":" ess","2668":"elag","2669":"dukt","2670":"emt ","2671":"skyl","2672":"hvit","2673":" don","2674":"atti","2675":"span","2676":"spre","2677":"rskn","2678":"eria","2679":"sino","2680":"krop","2681":" n\u00f8d","2682":"ohan","2683":" eld","2684":"bisk","2685":"rofe","2686":"anna","2687":"vik ","2688":"ose ","2689":"makt","2690":"ral ","2691":"utfo","2692":" sag","2693":"ida ","2694":"jule","2695":" sys","2696":"svin","2697":"koll","2698":"veks","2699":"orti","2700":"ies ","2701":"titu","2702":"ngsm","2703":"rdel","2704":"nspi","2705":"ity ","2706":"aris","2707":" is ","2708":" lon","2709":"nart","2710":"j\u00f8nn","2711":"buti","2712":"kild","2713":"kate","2714":"estr","2715":"fris","2716":"lgte","2717":" slo","2718":"prak","2719":"ium ","2720":"hat ","2721":"liga","2722":"anua","2723":"renn","2724":"prov","2725":"trin","2726":"skat","2727":" rev","2728":"udd ","2729":"avet","2730":"dier","2731":"stit","2732":" nem","2733":"latt","2734":"alge","2735":"kst ","2736":"pte ","2737":"bevi","2738":" sor","2739":"t\u00f8r ","2740":"omhe","2741":"st\u00e5e","2742":"feil","2743":"augu","2744":"ese ","2745":"ardi","2746":"mhet","2747":"utik","2748":"elan","2749":" luf","2750":" sov","2751":"lie ","2752":"ikev","2753":"janu","2754":" sj\u00f8","2755":"angl","2756":"joha","2757":"stig","2758":"bber","2759":"erra","2760":"h\u00f8rt","2761":"ales","2762":"nhol","2763":"h\u00e5pe","2764":"ngsl","2765":"don ","2766":"tets","2767":"ivel","2768":"lima","2769":"hage","2770":" teg","2771":"tan ","2772":"jens","2773":"ndus","2774":"jekk","2775":"ivit","2776":"kara","2777":"duks","2778":"ome ","2779":" jer","2780":"moto","2781":"ping","2782":"krav","2783":"mers","2784":"dist","2785":"ugus","2786":" dit","2787":" r\u00e5d","2788":"opa ","2789":" sun","2790":"minn","2791":"inkl","2792":"somh","2793":"lati","2794":"resp","2795":" tha","2796":"priv","2797":"eveg","2798":" pet","2799":"imen","2800":"sats","2801":"fise","2802":"mes ","2803":"hest","2804":" imp","2805":"oman","2806":" het","2807":" tv ","2808":"\u00f8ya ","2809":"etab","2810":"eine","2811":"rsm\u00e5","2812":"\u00e5pne","2813":"blad","2814":"rsda","2815":"logg","2816":"erfa","2817":" tho","2818":"odel","2819":"nuar","2820":"adio","2821":"gre ","2822":"tors","2823":" tot","2824":"\u00f8te ","2825":"erri","2826":"oler","2827":"konf","2828":"sson","2829":"dell","2830":"ungd","2831":"mlin","2832":"arli","2833":"essu","2834":"gran","2835":"utda","2836":"onde","2837":"held","2838":"ilbu","2839":"kine","2840":" f ","2841":"ona ","2842":" apr","2843":"nutt","2844":"rdet","2845":"beve","2846":"elev","2847":"nken","2848":"nei ","2849":"odde","2850":"yske","2851":"gnes","2852":"gar ","2853":"pens","2854":"dekk","2855":"meli","2856":" cor","2857":"ora ","2858":"rfar","2859":"arki","2860":"ians","2861":"\u00f8rsm","2862":"befo","2863":"kyld","2864":"imid","2865":"foru","2866":"udie","2867":" imi","2868":"s\u00e5nn","2869":" bus","2870":"ssas","2871":"ice ","2872":"mte ","2873":"porn","2874":"setn","2875":"bar ","2876":"tr\u00f8m","2877":"alin","2878":"lude","2879":"lin ","2880":"tdan","2881":" aks","2882":"dust","2883":"amli","2884":"rven","2885":"esco","2886":"engt","2887":" eni","2888":"mai ","2889":"ius ","2890":"erta","2891":"rkso","2892":"lags","2893":"gist","2894":"avhe","2895":"agli","2896":"nerg","2897":"lot ","2898":" gr\u00f8","2899":"eet ","2900":" ass","2901":"dina","2902":"lfel","2903":" tip","2904":"tste","2905":"vhen","2906":" wil","2907":" vak","2908":"gr\u00f8n","2909":"glan","2910":"turn","2911":" kj\u00e6","2912":"kurr","2913":"ivat","2914":"utga","2915":"rfat","2916":"rale","2917":" mun","2918":"spun","2919":"tist","2920":"boli","2921":"urat","2922":" pub","2923":" sja","2924":"\u00e5ten","2925":"fent","2926":"some","2927":"onis","2928":" eff","2929":"h\u00f8yr","2930":"klim","2931":"ves ","2932":" col","2933":"ordn","2934":" rap","2935":"eil ","2936":"klan","2937":"klud","2938":"skog","2939":"s\u00f8k ","2940":"ogi ","2941":"ung ","2942":"tann","2943":"utse","2944":"kskk","2945":"kura","2946":"reli","2947":"juni","2948":"rbin","2949":"skks","2950":"ppre","2951":"eksi","2952":"arri","2953":"bidr","2954":"ngde","2955":"aksi","2956":"kre ","2957":"tver","2958":" gut","2959":"stne","2960":"bet ","2961":"uske","2962":"ela ","2963":"aski","2964":"pere","2965":"fang","2966":"ines","2967":"bund","2968":"slip","2969":"avta","2970":"forr","2971":"ania","2972":"verg","2973":" ris","2974":" tes","2975":"esto","2976":"nce ","2977":"stje","2978":" las","2979":" hum","2980":"muni","2981":"sagt","2982":"r\u00e5d ","2983":"\u00e5ned","2984":"rond","2985":" egn","2986":"opul","2987":"urs ","2988":"evde","2989":"innb","2990":"engs","2991":"\u00f8se ","2992":"lget","2993":"make","2994":"okto","2995":"bart","2996":"elek","2997":" luk","2998":"bud ","2999":"fem ","3000":"vde ","3001":"engl","3002":"omfa","3003":"rome","3004":"efol","3005":"n\u00e6ri","3006":"haug","3007":" \u00f8ye","3008":"\u00f8yre","3009":"adig","3010":"popu","3011":"ppda","3012":"ikre","3013":"emst","3014":"hvem","3015":"kksk","3016":"vars","3017":"fine","3018":"pare","3019":"ateg","3020":"g\u00e5tt","3021":"dska","3022":"insk","3023":"far ","3024":" mob","3025":" els","3026":"ftig","3027":"ul\u00e6r","3028":"es\u00f8k","3029":"eger","3030":" omf","3031":"epla","3032":"lses","3033":"ndar","3034":" my ","3035":"nnn ","3036":"erhe","3037":" hor","3038":"rade","3039":"ntil","3040":"psyk","3041":"fart","3042":"bes\u00f8","3043":"mf\u00f8r","3044":" ga ","3045":"drik","3046":"ilfe","3047":"otor","3048":" gri","3049":"dags","3050":"lame","3051":" pak","3052":"mar ","3053":"ebru","3054":"vold","3055":" are","3056":"brua","3057":"adet","3058":" on ","3059":"gutt","3060":"uer ","3061":"kolo","3062":" def","3063":"afik","3064":"esko","3065":"tilg","3066":"erma","3067":"rave","3068":"ehus","3069":"kkur","3070":"trom","3071":"sjer","3072":"innf","3073":"herr","3074":" br\u00f8","3075":"ngla","3076":"gers","3077":"kede","3078":"ntes","3079":" feb","3080":"\u00e5let","3081":"temt","3082":"etyr","3083":"ssan","3084":"akku","3085":"john","3086":"orve","3087":"rna ","3088":"casi","3089":"glig","3090":"j\u00f8rn","3091":"desi","3092":"lbud","3093":"tner","3094":"vtal","3095":" jus","3096":" tea","3097":"etis","3098":"husk","3099":"rmal","3100":"terl","3101":"jemp","3102":"smen","3103":"ppri","3104":" pau","3105":"eire","3106":"inan","3107":" utl","3108":"ott ","3109":"stof","3110":"ogen","3111":"stal","3112":"ekla","3113":"els ","3114":"omin","3115":"ama ","3116":"mple","3117":"tent","3118":"funk","3119":"ykk ","3120":"vale","3121":" jon","3122":"nig ","3123":"rret","3124":"bak ","3125":" poe","3126":"arie","3127":"rry ","3128":"lans","3129":"burg","3130":"isst","3131":"eskr","3132":"rann","3133":"dven","3134":"hen ","3135":"aft ","3136":"knyt","3137":"ndal","3138":"j\u00f8pe","3139":"dine","3140":"engd","3141":"rian","3142":" psy","3143":" kr ","3144":" gif","3145":"edag","3146":"doms","3147":"ips ","3148":"gel ","3149":"apri","3150":"rmin","3151":"efin","3152":"rkla","3153":"teng","3154":"ald ","3155":"dyr ","3156":"unna","3157":"turl","3158":"ella","3159":"tuel","3160":"ther","3161":"egle","3162":"hopp","3163":"rkes","3164":"temb","3165":"rdre","3166":" log","3167":"ykte","3168":"mina","3169":" bud","3170":" ita","3171":"trat","3172":"lkni","3173":"ltak","3174":"sm\u00e5 ","3175":"ngig","3176":"ilta","3177":"hent","3178":" sim","3179":"semb","3180":"utgi","3181":"lefo","3182":"tros","3183":"kest","3184":"remt","3185":"tiva","3186":"olkn","3187":"avan","3188":"olje","3189":" cam","3190":"aran","3191":"rska","3192":"ase ","3193":"more","3194":" ran","3195":"efal","3196":"omis","3197":"yndi","3198":"ektr","3199":"ekre","3200":"s\u00f8kt","3201":"rime","3202":"d\u00f8mm","3203":"gita","3204":"spir","3205":"toff","3206":"tris","3207":"elef","3208":" as ","3209":"arna","3210":"elat","3211":"rtse","3212":"efon","3213":"mste","3214":" dok","3215":"avsl","3216":"ppga","3217":"male","3218":"just","3219":"gled","3220":"mpet","3221":"tava","3222":"egio","3223":"r\u00f8mm","3224":" sho","3225":"por ","3226":"sig ","3227":"remi","3228":"seie","3229":"erfe","3230":"riet","3231":"stid","3232":" \u00e5pe","3233":" geo","3234":"ntan","3235":"ords","3236":" jak","3237":" nak","3238":"rins","3239":"rsel","3240":"nikk","3241":" suk","3242":" ark","3243":"vint","3244":" esc","3245":" aut","3246":"kle ","3247":"rep ","3248":"nise","3249":"b\u00f8ke","3250":"ook ","3251":"vand","3252":"itie","3253":"l\u00f8se","3254":"niv\u00e5","3255":"yene","3256":"pert","3257":" pal","3258":"tenf","3259":"omen","3260":" mad","3261":"gue ","3262":"unen","3263":"\u00e5der","3264":"vins","3265":"oeng","3266":"bakk","3267":" wal","3268":"l\u00f8sn","3269":"obil","3270":" kl ","3271":"poen","3272":"anno","3273":"kar ","3274":"nneh","3275":" tun","3276":" omt","3277":"esem","3278":"arse","3279":"lsta","3280":"reta","3281":"tel ","3282":"tatu","3283":"skla","3284":"bete","3285":"edd ","3286":"eras","3287":"leks","3288":"ompe","3289":"r\u00f8nn","3290":" pap","3291":"dra ","3292":" anl","3293":"lad ","3294":" okt","3295":"mert","3296":"nolo","3297":"edis","3298":"ival","3299":"erig","3300":"ansi","3301":"bj\u00f8r","3302":" lid","3303":"abel","3304":" bl\u00e5","3305":"orta","3306":"deba","3307":"rona","3308":"ndhe","3309":"sjef","3310":"ure ","3311":" lyd","3312":"mott","3313":"\u00f8yer","3314":"kers","3315":"isko","3316":"avde","3317":"lyst","3318":"nans","3319":"oto ","3320":"bok ","3321":" svi","3322":"rlin","3323":"dets","3324":" sem","3325":" bos","3326":"\u00e5nn ","3327":"kkes","3328":"ehov","3329":" tol","3330":" tyd","3331":"hode","3332":"sak ","3333":"ril ","3334":"gle ","3335":"divi","3336":"tobe","3337":"ilm ","3338":" te ","3339":"nksj","3340":"otal","3341":"synl","3342":" bod","3343":"febr","3344":"b\u00e6re","3345":"eman","3346":" gro","3347":"ptem","3348":"kasj","3349":" ana","3350":"ndes","3351":"spon","3352":"lide","3353":"pasi","3354":"t\u00f8y ","3355":"isin","3356":"fint","3357":"klok","3358":"tine","3359":"nskr","3360":"skif","3361":"leg ","3362":"tota","3363":"enet","3364":"glad","3365":"arve","3366":" che","3367":"tus ","3368":"reko","3369":"iona","3370":"lje ","3371":"flot","3372":"helg","3373":"rope","3374":" ok ","3375":"orbe","3376":"blog","3377":"lukk","3378":"alia","3379":"neri","3380":"gull","3381":"app ","3382":"pise","3383":"rykt","3384":" elv","3385":"reft","3386":"\u00f8sni","3387":"dhei","3388":" q ","3389":"sis ","3390":" km ","3391":"rren","3392":"kele","3393":"esso","3394":" bei","3395":"ruar","3396":"inke","3397":"utro","3398":"ttst","3399":"idra","3400":"\u00f8kt ","3401":"ktur","3402":" sco","3403":"rita","3404":"burd","3405":"mobi","3406":"ssel","3407":"fare","3408":"ifis","3409":"akse","3410":"ynli","3411":"nyhe","3412":" lea","3413":"enyt","3414":"ape ","3415":"\u00f8kte","3416":"gde ","3417":"uli ","3418":" ori","3419":"mtal","3420":"ekor","3421":"amin","3422":" knu","3423":"rsik","3424":"cort","3425":" it ","3426":"lega","3427":"orkl","3428":"ance","3429":"bord","3430":"ind ","3431":" u ","3432":"log ","3433":"holm","3434":"bren","3435":"drep","3436":"uni ","3437":" arm","3438":"kref","3439":"ikas","3440":"tise","3441":"ndon","3442":"\u00f8ke ","3443":"r\u00e5k ","3444":"geri","3445":"lels","3446":"ktob","3447":"etet","3448":"nha ","3449":" not","3450":"kill","3451":" \u00e9n ","3452":"eie ","3453":"tett","3454":"ekto","3455":"appo","3456":"book","3457":"ssa ","3458":"ebat","3459":" ken","3460":"rovi","3461":"seli","3462":"ilby","3463":"oses","3464":"dyre","3465":"skop","3466":"malt","3467":"uste","3468":"drer","3469":"olds","3470":"ombi","3471":"beny","3472":"uss ","3473":"edje","3474":"frit","3475":"kerh","3476":"you ","3477":"stiv","3478":"iens","3479":"nng\u00e5","3480":"kaff","3481":" k ","3482":"isla","3483":"orla","3484":"nto ","3485":"ttt ","3486":" kry","3487":"lken","3488":"gard","3489":"titt","3490":"ldel","3491":"itiv","3492":"eist","3493":"syn ","3494":"orsi","3495":"estl","3496":"utom","3497":"befa","3498":" fjo","3499":" omk","3500":"pril","3501":" uan","3502":"ngar","3503":"ourn","3504":"yret","3505":"perf","3506":"isni","3507":"spla","3508":"skud","3509":" utb","3510":"itua","3511":"elvs","3512":"redj","3513":"las ","3514":"ial ","3515":" h ","3516":"otta","3517":" pun","3518":"roni","3519":"ussi","3520":"ank ","3521":"eili","3522":"urra","3523":"itan","3524":"urli","3525":"kvar","3526":"erks","3527":"rial","3528":"ditt","3529":"ness","3530":" st ","3531":"krat","3532":"uans","3533":" sym","3534":"hai ","3535":"lov ","3536":"pete","3537":"mpe ","3538":"rres","3539":"trod","3540":"dsta","3541":"ffe ","3542":"ilst","3543":"edt ","3544":"romm","3545":"salg","3546":"verl","3547":"kspe","3548":"lste","3549":"ofes","3550":" bat","3551":"aust","3552":"orno","3553":"oter","3554":"derv","3555":"ngsf","3556":"char","3557":"lgel","3558":"\u00e5per","3559":"lke ","3560":"pgav","3561":" n\u00e3o","3562":"lind","3563":"kaps","3564":"isku","3565":"our ","3566":"obb ","3567":" erf","3568":"ondh","3569":"n\u00e3o ","3570":"astr","3571":"enri","3572":"teli","3573":"tigs","3574":" olj","3575":"tips","3576":" eri","3577":"edal","3578":"\u00f8dve","3579":"admi","3580":"sisj","3581":"ena ","3582":" pav","3583":"tret","3584":"reld","3585":"rote","3586":"sso ","3587":" tet","3588":"l\u00e5tt","3589":"menl","3590":"fari","3591":"gert","3592":"bang","3593":" gav","3594":"utta","3595":"h\u00f8st","3596":"pote","3597":"okus","3598":"ege ","3599":"ira ","3600":"n\u00f8dv","3601":"sste","3602":"nus ","3603":" g\u00e5t","3604":"numm","3605":"mend","3606":"esia","3607":"enli","3608":"alsk","3609":"tres","3610":"esig","3611":"ilig","3612":" eli","3613":"fylk","3614":"tryg","3615":"mani","3616":" rob","3617":"nern","3618":" chi","3619":"pave","3620":"rmes","3621":"s\u00f8nd","3622":"bytt","3623":"sjov","3624":"nho ","3625":"ola ","3626":"esis","3627":"yst ","3628":"glen","3629":" isl","3630":"it\u00e6r","3631":"rsla","3632":"ondo","3633":" lur","3634":"spro","3635":"skor","3636":" onl","3637":"scen","3638":"ylke","3639":"edst","3640":"pakk","3641":"anto","3642":" bac","3643":"rbun","3644":"pul\u00e6","3645":"llan","3646":"ovem","3647":" x ","3648":"f\u00f8ri","3649":" sil","3650":"frie","3651":" hom","3652":" oms","3653":"tilh","3654":" pat","3655":"mynd","3656":"ygni","3657":"ksjs","3658":"mora","3659":"dste","3660":"term","3661":" kle","3662":"stro","3663":"kato","3664":"\u00f8yen","3665":"tsta","3666":"nomf","3667":"l\u00e6rt","3668":"reds","3669":"t\u00f8re","3670":"offi","3671":"dikt","3672":" fat","3673":"erkt","3674":"rnal","3675":"nlan","3676":"foku","3677":" mos","3678":" pot","3679":"ensj","3680":" ton","3681":"svei","3682":"tage","3683":"nsek","3684":"oten","3685":"entu","3686":"lars","3687":"raks","3688":" fac","3689":" gol","3690":"rag ","3691":"ukse","3692":"osse","3693":" hau","3694":"tat ","3695":" hop","3696":"vekt","3697":"kume","3698":"imot","3699":"nsjo","3700":" h\u00f8s","3701":"use ","3702":"um>\u00e5","3703":"kikk","3704":"tykk","3705":"rno ","3706":"m>\u00e5r","3707":"omf\u00f8","3708":"emte","3709":"\u00f8per","3710":"\u00f8yde","3711":"mane","3712":"uken","3713":"urne","3714":" egg","3715":"yhet","3716":"eska","3717":"nnsy","3718":"alls","3719":"v\u00e6r ","3720":"ygg ","3721":" p\u00e5s","3722":"l\u00f8nn","3723":"avor","3724":"atol","3725":"nta ","3726":"link","3727":"rlag","3728":" sha","3729":"mfat","3730":"nitt","3731":" alv","3732":"jour","3733":"urna","3734":"torb","3735":" fry","3736":"aket","3737":"meda","3738":"situ","3739":"brud","3740":"gate","3741":"boks","3742":"ype ","3743":"play","3744":"iss ","3745":" mic","3746":"reak","3747":"dio ","3748":"vnt ","3749":"ght ","3750":"epet","3751":"ain ","3752":"nnsa","3753":"etto","3754":" hev","3755":"kand","3756":"klag","3757":" nyh","3758":"roms","3759":"ari ","3760":"kytt","3761":"tas ","3762":"ergr","3763":"fere","3764":"ava ","3765":"ala ","3766":"ltet","3767":"kift","3768":"ags ","3769":"rudd","3770":"trop","3771":"rasi","3772":"favo","3773":"tsty","3774":"erva","3775":"unks","3776":"kana","3777":"visn","3778":"skue","3779":"ggel","3780":" lyk","3781":"vemb","3782":"ntru","3783":"sksj","3784":"neho","3785":"ermi","3786":" gat","3787":"tone","3788":" sme","3789":"tf\u00f8r","3790":"nlin","3791":"evan","3792":"verv","3793":"tove","3794":"\u00f8kke","3795":"stel","3796":"lond","3797":"kl\u00e6r","3798":"bygn","3799":"ntor","3800":"esky","3801":"doku","3802":"nrik","3803":"face","3804":"inng","3805":" fok","3806":" kna","3807":"ovin","3808":"rid ","3809":"vdel","3810":"nnon","3811":"ligi","3812":"trem","3813":"tsid","3814":"iber","3815":"ors ","3816":"hov ","3817":"risi","3818":"alet","3819":"rump","3820":"ias ","3821":"um>0","3822":"stam","3823":"nite","3824":"kard","3825":"ofil","3826":"girl","3827":"kyst","3828":"rase","3829":"okum","3830":"ppa ","3831":"rrel","3832":"datt","3833":"eal ","3834":"henr","3835":"evar","3836":"omet","3837":"ekno","3838":"vese","3839":"kkkj","3840":" v ","3841":"tati","3842":"\u00f8rge","3843":"knol","3844":"remm","3845":" anb","3846":"uasj","3847":" fen","3848":"smit","3849":"sl\u00e5t","3850":" erk","3851":"nese","3852":"skar","3853":" b\u00e6r","3854":" mik","3855":"pend","3856":"ylle","3857":"ogge","3858":"klet","3859":"inno","3860":"ers\u00f8","3861":"frik","3862":"\u00e5nd ","3863":" \u00f8ke","3864":" fyr","3865":" thi","3866":"s\u00f8r ","3867":"dro ","3868":"unik","3869":"rage","3870":"\u00f8nde","3871":"\u00f8ye ","3872":" sur","3873":"nnby","3874":"\u00e5rsa","3875":"keri","3876":"\u00f8ken","3877":"orsl","3878":"dmin","3879":"spri","3880":"arak","3881":"ions","3882":" myn","3883":"emie","3884":"apte","3885":" tvi","3886":"mano","3887":"osis","3888":"buds","3889":"osta","3890":"prot","3891":"ppst","3892":"weet","3893":"oken","3894":"nsik","3895":"hind","3896":"kudd","3897":"unit","3898":" adm","3899":"anbe","3900":"rute","3901":"tuas","3902":"erto","3903":"fung","3904":"mkri","3905":"urre","3906":"kka ","3907":"stli","3908":"muse","3909":"arl ","3910":" avh","3911":"ensa","3912":"mera","3913":"livs","3914":"eteg","3915":" um ","3916":"pans","3917":"utf\u00f8","3918":" \u00f8kt","3919":"tval","3920":" hin","3921":"afte","3922":"lapp","3923":"iali","3924":"okst","3925":"eris","3926":"omkr","3927":" hit","3928":" avt","3929":"mmes","3930":"okra","3931":" dik","3932":"\u00f8ve ","3933":" enh","3934":"kens","3935":"ereg","3936":" dr\u00f8","3937":" ero","3938":"ikse","3939":"sort","3940":"kdom","3941":" utn","3942":"pone","3943":"edsa","3944":"lent","3945":"terf","3946":"jkkk","3947":"n\u00e6r ","3948":"tang","3949":"ivil","3950":"apen","3951":"p\u00e5vi","3952":"refe","3953":"disi","3954":" hod","3955":"ael ","3956":"g\u00e5en","3957":"lema","3958":"fri ","3959":"avgj","3960":"matt","3961":"yper","3962":"hei ","3963":"krik","3964":"isa ","3965":"hens","3966":" p\u00e5v","3967":"yskl","3968":" hes","3969":"idda","3970":" dep","3971":"inha","3972":"buss","3973":"yest","3974":"ranc","3975":"nbef","3976":"lasj","3977":"ikal","3978":"kapt","3979":"gges","3980":"\u00e5et ","3981":"aman","3982":"kart","3983":"back","3984":"rme ","3985":"vedt","3986":"steg","3987":"irks","3988":"sman","3989":"otek","3990":"\u00e5ter","3991":"jett","3992":"mal ","3993":"rdis","3994":"fet ","3995":" t\u00f8r","3996":"same","3997":"smar","3998":"meta","3999":"tr\u00e5d","4000":"sjan","4001":"pent","4002":" sks","4003":"eile","4004":"twee","4005":"seng","4006":" ko ","4007":"sien","4008":"dien","4009":"arre","4010":"mont","4011":"redu","4012":"tung","4013":"nens","4014":"lkes","4015":"\u00f8ter","4016":"oer ","4017":"rber","4018":"vne ","4019":"yere","4020":"umet","4021":"brin","4022":"oron","4023":" g ","4024":"sjsk","4025":"but ","4026":" ekt","4027":"innh","4028":"igur","4029":"utva","4030":"alvo","4031":" bad","4032":"indo","4033":"cara","4034":" von","4035":"lly ","4036":"lit\u00e6","4037":"eppe","4038":"\u00f8del","4039":"terv","4040":"elvf","4041":"sele","4042":"blod","4043":"sonl","4044":"ankr","4045":"\u00f8rda","4046":"phol","4047":" esk","4048":"gan ","4049":"yet ","4050":"gsti","4051":"fysi","4052":"insp","4053":"eate","4054":"tuse","4055":"rras","4056":"tnev","4057":" ane","4058":" tus","4059":"aktu","4060":"gud ","4061":" hea","4062":"kutt","4063":"core","4064":"jede","4065":" l\u00f8r","4066":" jam","4067":"tle ","4068":"rine","4069":"rset","4070":"tari","4071":"avst","4072":"ini ","4073":"ppho","4074":" vai","4075":"fulg","4076":"ais ","4077":"sinn","4078":"tref","4079":"ign ","4080":"drev","4081":"rama","4082":"rsak","4083":"bett","4084":"afti","4085":"isso","4086":"kven","4087":" mei","4088":"nenf","4089":"enho","4090":"h\u00f8yt","4091":"osit","4092":" nam","4093":"belt","4094":" byt","4095":" num","4096":"alje","4097":"ppel","4098":"stab","4099":"asie","4100":" est","4101":"ykeh","4102":"nas ","4103":"kass","4104":"less","4105":"lvor","4106":"pisk","4107":"ddag","4108":"slek","4109":" cla","4110":"vori","4111":"sjen","4112":" bea","4113":"ild ","4114":"nje ","4115":"ssig","4116":"itti","4117":"nigh","4118":"here","4119":" ama","4120":"brun","4121":"\u00e5den","4122":"prem","4123":"sorg","4124":" mac","4125":"ppta","4126":"pani","4127":"auge","4128":"rdt ","4129":"slin","4130":"nkle","4131":"ersp","4132":"fin ","4133":"val ","4134":"omt ","4135":" b ","4136":"ledn","4137":"\u00e5rt ","4138":" gun","4139":"leke","4140":"air ","4141":" amo","4142":"ohn ","4143":"ydni","4144":"urse","4145":"otst","4146":"ngse","4147":"erko","4148":" adv","4149":" goo","4150":"enkl","4151":"efer","4152":"nbyg","4153":"yder","4154":"ulgt","4155":"eker","4156":"skan","4157":"gasj","4158":"emok","4159":"egn ","4160":"rti ","4161":"jsks","4162":" div","4163":"kisk","4164":"erga","4165":"h\u00f8y ","4166":"skot","4167":"enkt","4168":"ssor","4169":"defi","4170":"m>00","4171":"chat","4172":"omma","4173":"meng","4174":"mund","4175":" ger","4176":"syns","4177":" hai","4178":"redi","4179":"ryte","4180":"lkom","4181":"lys ","4182":"onne","4183":"ffis","4184":"\u00f8en ","4185":" c ","4186":"preg","4187":"agel","4188":" att","4189":"hamm","4190":"kame","4191":" jou","4192":"elet","4193":"abil","4194":"rock","4195":"kule","4196":"erel","4197":"amma","4198":"ggg ","4199":"h\u00f8yd","4200":" lun","4201":"nspo","4202":"ump ","4203":"volu","4204":"etan","4205":"mokr","4206":" abs","4207":"ekve","4208":"innv","4209":"kald","4210":"\u00f8nns","4211":"vekk","4212":"rell","4213":"ruks","4214":"lanl","4215":"dram","4216":"ppdr","4217":"kser","4218":"dje ","4219":"urg ","4220":"idsp","4221":"plus","4222":"ormi","4223":" sar","4224":"jedd","4225":"rrig","4226":"rrie","4227":" p\ufffd ","4228":"skam","4229":"fly ","4230":"siti","4231":"sion","4232":"abri","4233":"rich","4234":"eorg","4235":"bell","4236":" os ","4237":"vrig","4238":"lykt","4239":"nade","4240":"ligs","4241":"glas","4242":"lens","4243":" if\u00f8","4244":" bib","4245":" epi","4246":"plik","4247":"bili","4248":"ront","4249":"ica ","4250":"aer ","4251":" win","4252":"l\u00e6ri","4253":" \u00f8de","4254":"ffet","4255":" jes","4256":"regu","4257":"teor","4258":"rove","4259":" bit","4260":"digv","4261":"evol","4262":"lian","4263":"paul","4264":" cal","4265":"mlig","4266":" ida","4267":"idre","4268":"\u00f8ret","4269":"kane","4270":" b\u00f8k","4271":"vai ","4272":"br\u00f8d","4273":"orse","4274":"lund","4275":"ersj","4276":"akta","4277":"refo","4278":"deta","4279":"lmer","4280":" teo","4281":"bla ","4282":"fugl","4283":"flat","4284":" nrk","4285":"kali","4286":"nnta","4287":"will","4288":"l\u00f8rd","4289":" ti ","4290":"v\u00e5rt","4291":"iert","4292":"supp","4293":"neve","4294":"ulen","4295":" b\u00e5t","4296":"ngsk","4297":"j\u00f8pt","4298":"skt ","4299":"unio","4300":"nhen","4301":"pnin","4302":" ank","4303":"000 ","4304":"tgan","4305":"smak","4306":"tole","4307":"kus ","4308":"tsen","4309":"ivis","4310":"rkt ","4311":"nons","4312":"rele","4313":"lack","4314":"erim","4315":"moti","4316":"ansp","4317":"ppin","4318":"imin","4319":"l\u00e6r ","4320":"afri","4321":"lav ","4322":" fuc","4323":"day ","4324":"ehag","4325":"bene","4326":" \u00f8ve","4327":"lier","4328":"rill","4329":"mpon","4330":"uris","4331":"ska ","4332":"if\u00f8l","4333":"inas","4334":"vice","4335":" got","4336":"skut","4337":"ames","4338":"skik","4339":"orn ","4340":" dav","4341":"onni","4342":"egor","4343":"nsie","4344":"rtis","4345":"icha","4346":"oser","4347":"fuck","4348":"nche","4349":"fen ","4350":"lei ","4351":"lbar","4352":"\u00f8pe ","4353":"voka","4354":"plei","4355":"rdri","4356":"snit","4357":"vid ","4358":"v\u00e5pe","4359":"kehu","4360":"rget","4361":"brik","4362":"etur","4363":"bor ","4364":"leir","4365":"vf\u00f8l","4366":"plys","4367":" aus","4368":"gnen","4369":"ttle","4370":"die ","4371":"mlet","4372":"usta","4373":"ept ","4374":"ssut","4375":" bab","4376":"vakt","4377":"fyll","4378":"smer","4379":"pply","4380":"idel","4381":"vitt","4382":"ule ","4383":"esjo","4384":"nkri","4385":"\u00f8nda","4386":"long","4387":"j\u00e6re","4388":"vner","4389":" sir","4390":" duk","4391":"forg","4392":"levd","4393":"edus","4394":" fli","4395":"dard","4396":"visj","4397":" h\u00e5r","4398":" pin","4399":"digi","4400":"blac","4401":"vin ","4402":"erd ","4403":"pdag","4404":"ink ","4405":"ktes","4406":"sike","4407":"emli","4408":" bio","4409":" dal","4410":"ansj","4411":"odet","4412":"ngsa","4413":"lvf\u00f8","4414":"apt ","4415":" dar","4416":"falt","4417":"ley ","4418":"stod","4419":"lusj","4420":" fek","4421":" neg","4422":"olla","4423":" fys","4424":"gern","4425":"urt ","4426":"teat","4427":"arts","4428":"fera","4429":"karl","4430":"bryt","4431":"sige","4432":"eam ","4433":"reit","4434":"nny ","4435":"ico ","4436":"ekon","4437":"saks","4438":"tydn","4439":"off ","4440":"iote","4441":" niv","4442":"nsje","4443":"tod ","4444":"lgje","4445":" kny","4446":"krys","4447":"elas","4448":" vc ","4449":" bun","4450":"pira","4451":"meto","4452":"free","4453":"ream","4454":" kys","4455":"iven","4456":"ague","4457":"ingl","4458":" l\u00f8n","4459":"ttry","4460":"krim","4461":"\u00f8lel","4462":"regl","4463":"alie","4464":"agi ","4465":"ompl","4466":"dagl","4467":"siko","4468":"velk","4469":"gsko","4470":" pel","4471":"sern","4472":"karr","4473":"etre","4474":"harr","4475":" m\u00f8r","4476":"edes","4477":"trid","4478":"erbe","4479":" wor","4480":"otis","4481":"korr","4482":"eboo","4483":"elds","4484":"byr ","4485":"tvil","4486":"nven","4487":"cont","4488":"miss","4489":"dest","4490":"ilse","4491":"tjer","4492":"\u00e5vir","4493":"uttr","4494":"ock ","4495":" \u00f8ya","4496":"enor","4497":"nf\u00f8r","4498":" bj\u00f8","4499":"lber","4500":"kors","4501":"ork ","4502":" avd","4503":"eta ","4504":"tols","4505":"rakk","4506":"rrer","4507":"selg","4508":"gig ","4509":"inve","4510":" hur","4511":"mons","4512":"gele","4513":"emat","4514":"atri","4515":"insi","4516":"elko","4517":"stni","4518":"mpan","4519":"eali","4520":"ebut","4521":"bum ","4522":"idag","4523":"dog ","4524":"yte ","4525":"neha","4526":"sjet","4527":"erni","4528":"t\u00e5en","4529":"ldes","4530":"igit","4531":"isik","4532":"rodd","4533":"orri","4534":"rmid","4535":"bass","4536":"ordl","4537":" twe","4538":"ugle","4539":"cene","4540":"inar","4541":"akel","4542":" stj","4543":"terh","4544":" fig","4545":" an ","4546":"nem ","4547":"ksk ","4548":"rud ","4549":"iket","4550":"lst ","4551":"blin","4552":" dob","4553":"ito ","4554":" arg","4555":"debu","4556":"rofi","4557":"rvis","4558":"pter","4559":" ni ","4560":"dsel","4561":"unis","4562":"stif","4563":" rut","4564":"mbin","4565":"alti","4566":"emon","4567":"yrer","4568":" rec","4569":"nent","4570":"\u00f8rke","4571":"ytel","4572":"lete","4573":"feks","4574":"mma ","4575":" uav","4576":"ripe","4577":"ita ","4578":" kop","4579":" kok","4580":"pole","4581":"true","4582":"ato ","4583":"etod","4584":"nnf\u00f8","4585":"domi","4586":"rnin","4587":"neml","4588":"gina","4589":"emis","4590":"bein","4591":"ostn","4592":"edia","4593":" tr\u00f8","4594":"ult ","4595":"ones","4596":"irer","4597":"nnho","4598":"ntat","4599":"lari","4600":"lset","4601":"stun","4602":"tode","4603":"nalt","4604":"ats ","4605":"sjel","4606":"cebo","4607":"aceb","4608":"dar ","4609":"fold","4610":"ood ","4611":"engr","4612":"eopp","4613":"redt","4614":"imel","4615":" am ","4616":" tr\u00e5","4617":"komb","4618":"kina","4619":"styk","4620":"ordm","4621":" hap","4622":"sor ","4623":"unng","4624":"trea","4625":"j\u00f8ri","4626":"fron","4627":"sute","4628":"epro","4629":" be ","4630":"yde ","4631":" pod","4632":" dog","4633":"tsti","4634":" s\u00e5k","4635":"ives","4636":"adel","4637":"rvic","4638":" ped","4639":"atus","4640":"arat","4641":"iga ","4642":"slit","4643":"erkl","4644":"tift","4645":"\u00f8yes","4646":"prim","4647":"quer","4648":"gori","4649":"cent","4650":"his ","4651":"chel","4652":"rkje","4653":"tade","4654":"game","4655":" bin","4656":"rept","4657":" mig","4658":"car ","4659":"glem","4660":"oral","4661":"way ","4662":"turi","4663":" fru","4664":" sce","4665":" cit","4666":"demi","4667":"tile","4668":"llt ","4669":"appa","4670":"ttal","4671":"mfor","4672":"reie","4673":"menh","4674":"revi","4675":"open","4676":"klam","4677":"\u00f8kel","4678":"eisk","4679":"pire","4680":"sus ","4681":" sou","4682":"sopp","4683":" nar","4684":" ske","4685":"orli","4686":"atse","4687":"ilan","4688":"flek","4689":"fale","4690":"bbel","4691":"ish ","4692":"geme","4693":"lsva","4694":"gav ","4695":"ysse","4696":"mon ","4697":"akt\u00f8","4698":"rtem","4699":"bbet","4700":"ykdo","4701":"sykd","4702":"ngsv","4703":" di ","4704":"agne","4705":"\u00f8vri","4706":" avl","4707":" she","4708":"nvit","4709":"eolo","4710":"ick ","4711":"ited","4712":"from","4713":"reme","4714":"ron ","4715":" ple","4716":"sses","4717":" faz","4718":"nses","4719":" amb","4720":"tenn","4721":"ndia","4722":"ond ","4723":"redr","4724":" eit","4725":"ree ","4726":"tne ","4727":"njen","4728":" fr\u00e5","4729":"verb","4730":"taur","4731":" iss","4732":" ill","4733":"stau","4734":"nada","4735":" lak","4736":"iv\u00e5 ","4737":" yg ","4738":"nnst","4739":"geor","4740":"ntek","4741":"aral","4742":"rus ","4743":"sj\u00f8e","4744":"ylde","4745":"apit","4746":"uran","4747":"vslu","4748":"ekom","4749":"istn","4750":"rigs","4751":"sekt","4752":"vile","4753":"resk","4754":"\u00e5rde","4755":"\u00e5kal","4756":"chan","4757":"depa","4758":" d\u00f8m","4759":"elto","4760":"reat","4761":"emti","4762":"ool ","4763":"ich ","4764":"mmed","4765":" tir","4766":"happ","4767":"pren","4768":"solg","4769":"blom","4770":" \u00f8vr","4771":"nnli","4772":"jef ","4773":"nesi","4774":"sia ","4775":"kon ","4776":"ssta","4777":"brev","4778":"smes","4779":"tyrt","4780":"nves","4781":"\u00f8rn ","4782":"rkni","4783":"l\u00f8st","4784":"ises","4785":"rnen","4786":"lpe ","4787":"gspu","4788":"jere","4789":" jac","4790":" uta","4791":"reff","4792":"atsm","4793":"sykk","4794":"iken","4795":" has","4796":"ksta","4797":"otiv","4798":"tina","4799":"skon","4800":"bume","4801":"jakt","4802":"ema ","4803":"impo","4804":"etro","4805":" roc","4806":"rfek","4807":"orke","4808":"bel ","4809":"melt","4810":"thai","4811":"ace ","4812":" d\u00f8r","4813":"imme","4814":"eper","4815":"vegg","4816":"dsen","4817":"ysni","4818":"peis","4819":"adre","4820":" kaf","4821":"ikin","4822":"cham","4823":"oma ","4824":"\u00f8ler","4825":" h\u00e6r","4826":"kses","4827":"ldni","4828":"apel","4829":"hevd","4830":" vas","4831":" shi","4832":"top ","4833":"orut","4834":"rgi ","4835":"ampa","4836":"omas","4837":"anon","4838":"jan ","4839":"mich","4840":"l\u00f8p ","4841":"rdal","4842":"olgt","4843":"avid","4844":"kapi","4845":"firm","4846":"llat","4847":"chen","4848":" ers","4849":"ause","4850":"rimi","4851":"rio ","4852":"\u00e5rin","4853":"ingr","4854":"j\u00f8en","4855":"blis","4856":"asis","4857":"rkan","4858":" ala","4859":"gien","4860":"lta ","4861":"cell","4862":" rot","4863":"empl","4864":"\u00e5rd ","4865":"boke","4866":"gara","4867":"nled","4868":"\u00f8tt ","4869":"itle","4870":"kop ","4871":"yggi","4872":"lern","4873":"ykt ","4874":"s\u00e5ka","4875":"magn","4876":" gue","4877":"nrk ","4878":"odd ","4879":"gule","4880":"anga","4881":"bror","4882":"rsjo","4883":"nya ","4884":"vste","4885":"fr\u00e5 ","4886":"kjkk","4887":"mais","4888":"kip ","4889":"lten","4890":" sn\u00f8","4891":"robe","4892":" \u00e5rh","4893":"move","4894":"eat ","4895":"ifts","4896":"gsli","4897":"ullt","4898":"tsmi","4899":"nor ","4900":"kord","4901":"elem","4902":"uesp","4903":"bodd","4904":" sub","4905":"alba","4906":"ingt","4907":"komi","4908":"alko","4909":"nion","4910":"lagi","4911":"tier","4912":"kore","4913":" hil","4914":"rbri","4915":"jans","4916":"amor","4917":"ed\u00f8m","4918":"enha","4919":"sar ","4920":"orva","4921":"rds ","4922":"kues","4923":"niel","4924":"arta","4925":" hud","4926":"nbar","4927":" hed","4928":"\u00e5rhu","4929":"dden","4930":"morr","4931":" war","4932":"slot","4933":" lad","4934":"pdra","4935":"akkk","4936":"omi ","4937":"als ","4938":"sche","4939":"mana","4940":"ulls","4941":" die","4942":"tare","4943":" ist","4944":"jest","4945":"hang","4946":"ktro","4947":"apan","4948":" kei","4949":"rekl","4950":"manu","4951":"aks ","4952":"olve","4953":"r\u00f8d ","4954":"mman","4955":"ratt","4956":"fryk","4957":"leva","4958":" ryg","4959":"ero ","4960":"semi","4961":"mnin","4962":"norw","4963":" ola","4964":"ilgj","4965":"liar","4966":"rivi","4967":"nnia","4968":"eis ","4969":"sliv","4970":"mors","4971":"rali","4972":"sena","4973":"tien","4974":" kak","4975":"olda","4976":"r\u00f8re","4977":" sof","4978":"espo","4979":"orha","4980":"knap","4981":"rval","4982":"mst ","4983":" hag","4984":" sab","4985":" pga","4986":"somt","4987":"r\u00f8m ","4988":"rin ","4989":"edak","4990":"atch","4991":"rhun","4992":"ekt\u00f8","4993":"vgj\u00f8","4994":" fos","4995":"\u00f8yt ","4996":"artn","4997":" tas","4998":"dsak","4999":"dera"}}