{"pol":{"0":"nie ","1":" w ","2":" i ","3":"<num","4":"num>","5":" nie","6":" prz","7":" <nu","8":"um> ","9":"ego ","10":" na ","11":" z ","12":"ych ","13":"prze","14":" si\u0119","15":"si\u0119 ","16":"nia ","17":"dzie","18":" to ","19":" do ","20":" jes","21":"jest","22":" jak","23":"est ","24":"owan","25":"nych","26":"ach ","27":" pod","28":"przy","29":" dzi","30":"iej ","31":" pro","32":"anie","33":" tak","34":"cie ","35":" a ","36":"kt\u00f3r","37":" \u017ce ","38":"skie","39":"o\u015bci","40":" kt\u00f3","41":" pol","42":" wie","43":" o ","44":"zeni","45":"ania","46":"osta","47":"ich ","48":"cji ","49":"enia","50":"\u015bci ","51":"owie","52":"iem ","53":"praw","54":"szcz","55":" pow","56":"enie","57":" sta","58":"jak ","59":" pra","60":"zie ","61":"wani","62":"nej ","63":"odzi","64":"raz ","65":" by\u0142","66":"ieni","67":" czy","68":" jed","69":"kie ","70":" po ","71":" roz","72":"ami ","73":"ale ","74":"nego","75":"iego","76":" od ","77":"czy ","78":"powi","79":" mie","80":"niej","81":"nym ","82":"yczn","83":" kon","84":" dla","85":" ale","86":" mo\u017c","87":"rzez","88":"uje ","89":" naj","90":"dzia","91":"wie ","92":"o\u015b\u0107 ","93":"a\u0142a ","94":"pols","95":"zez ","96":"zyst","97":" za ","98":"jedn","99":" co ","100":"kieg","101":"czne","102":"ski ","103":" spo","104":"stan","105":"iejs","106":"czas","107":"tycz","108":"wszy","109":"aj\u0105c","110":"dla ","111":"rzed","112":"pier","113":"k\u00f3w ","114":"owe ","115":"sta\u0142","116":" pie","117":"zost","118":"tego","119":" nas","120":"rzec","121":" zna","122":"rzy ","123":"wych","124":"chod","125":"iedz","126":"any ","127":"tym ","128":"niu ","129":"zia\u0142","130":"ane ","131":"olsk","132":"aj\u0105 ","133":"iczn","134":"czny","135":" tym","136":"tak ","137":"kich","138":"acji","139":" \u015bwi","140":"staw","141":"niem","142":" poz","143":"zcze","144":" wys","145":"rowa","146":"trze","147":"lski","148":"wiel","149":"iesz","150":"owy ","151":" pos","152":" wsz","153":"kiej","154":"wied","155":" rok","156":"oraz","157":" cza","158":"czni","159":" sam","160":"rze ","161":"owa\u0142","162":" mia","163":" str","164":"oku ","165":"t\u00f3w ","166":"obie","167":"sze ","168":"ony ","169":"towa","170":"cja ","171":"tem ","172":" bar","173":"edzi","174":"t\u00f3ry","175":"owyc","176":"ana ","177":" tyl","178":" spr","179":"roku","180":" kom","181":" b\u0119d","182":"mnie","183":" ora","184":" zos","185":"kim ","186":" s\u0105 ","187":"wa\u0107 ","188":"wej ","189":" zap","190":"sie ","191":"szys","192":"ardz","193":"k\u0142ad","194":"bard","195":"ia\u0142a","196":" pan","197":"dzi ","198":"prac","199":" ma ","200":" sie","201":" kol","202":"czen","203":"wany","204":"wnie","205":"\u0119dzi","206":"bie ","207":"t\u00f3re","208":"wier","209":"owa ","210":" lat","211":"taki","212":"no\u015bc","213":"owej","214":"mo\u017ce","215":" pom","216":"uj\u0105c","217":" wi\u0119","218":"\u0144ski","219":"a\u0142y ","220":" ze ","221":"\u0142em ","222":"akie","223":"rzys","224":"ju\u017c ","225":" ju\u017c","226":"st\u0119p","227":"nicz","228":"ska ","229":" lub","230":"lko ","231":"wski","232":"tylk","233":" war","234":"ylko","235":"\u015bcie","236":"mies","237":"ystk","238":"ona ","239":"a\u0142o ","240":" w\u0142a","241":"odni","242":"kiem","243":"ierz","244":"rodz","245":"cia ","246":"one ","247":"licz","248":"jego","249":" teg","250":"znie","251":"ierw","252":"j\u0105cy","253":"awie","254":" now","255":" ter","256":"ment","257":"ymi ","258":" mar","259":" zac","260":"wa\u0142 ","261":"cze ","262":" dob","263":"kole","264":"o\u017ce ","265":"nika","266":" cze","267":"wane","268":"r\u00f3wn","269":" bez","270":"hodz","271":"eszc","272":"zne ","273":"iast","274":" zaw","275":"eczn","276":" pre","277":"tani","278":" tra","279":"ali ","280":" cho","281":"jako","282":" nad","283":"kowa","284":"miej","285":" par","286":"dnie","287":"onie","288":" mni","289":" bo ","290":"dobr","291":" sto","292":" swo","293":"udzi","294":"nacz","295":"adzi","296":" pot","297":" kie","298":"mien","299":"ia\u0142 ","300":" poc","301":"by\u0142 ","302":"wego","303":" mam","304":" wyb","305":"este","306":" inn","307":"owa\u0107","308":"b\u0119dz","309":" zas","310":" wsp","311":"form","312":"wsze","313":" wyk","314":"cyjn","315":"twa ","316":"ejsz","317":"awia","318":"szy ","319":" woj","320":"\u015bwia","321":"zego","322":"dowa","323":"wiad","324":"erws","325":" trz","326":"amy ","327":"><nu","328":"rz\u0105d","329":"stro","330":"um><","331":"m><n","332":"star","333":"trzy","334":"rwsz","335":"rzeb","336":" ja ","337":" cie","338":"wi\u0105z","339":"alne","340":" jeg","341":"lub ","342":"stra","343":" pop","344":"wi\u0119c","345":" zak","346":"tnie","347":"anow","348":"prow","349":"jaki","350":"mias","351":"zej ","352":" por","353":"stki","354":"inte","355":"robi","356":"pocz","357":"rzym","358":"woje","359":"ieci","360":"odow","361":" dos","362":"ecie","363":"iera","364":"te\u017c ","365":"prez","366":" te\u017c","367":"zych","368":"strz","369":"spra","370":"owni","371":"czeg","372":"\u015bnie","373":"\u00f3ry ","374":"oweg","375":"lnie","376":" gra","377":"acja","378":"owsk","379":" ten","380":"wiec","381":"edna","382":" lud","383":" min","384":"alny","385":" odp","386":"j\u0105c ","387":"cje ","388":"dzen","389":"wiat","390":"owym","391":" ca\u0142","392":"iecz","393":"nowa","394":"ziej","395":"j\u0105ce","396":" pis","397":"\u0142am ","398":"znac","399":"czyn","400":"rawi","401":" wyp","402":"rzes","403":" zam","404":"tawi","405":"owad","406":"anyc","407":"sowa","408":"nien","409":"rski","410":" szc","411":"wadz","412":" cz\u0119","413":"rdzo","414":"\u0144stw","415":"zas ","416":"tron","417":"poli","418":"wiek","419":"jesz","420":"ten ","421":"ako ","422":"pros","423":"r\u00f3w ","424":"styc","425":"emy ","426":"ie\u017c ","427":"acze","428":" bra","429":"tych","430":"emu ","431":"zeci","432":"szko","433":"wym ","434":"wi\u0119k","435":"\u00f3re ","436":"zym ","437":" r\u00f3w","438":"rawd","439":" nap","440":" int","441":"ko\u0144c","442":" kra","443":" raz","444":"\u0105ce ","445":"mia\u0142","446":" sob","447":"sza ","448":"jej ","449":"dani","450":"dzo ","451":" chc","452":"ziel","453":"stwo","454":"pani","455":"\u00f3wni","456":"y\u0142o ","457":"orzy","458":"ejsc","459":"ika ","460":"tera","461":"skic","462":"odpo","463":"tej ","464":"pod ","465":"czon","466":"znyc","467":" maj","468":" pon","469":" zwi","470":"ta\u0142 ","471":"rani","472":" naw","473":"zach","474":"cj\u0119 ","475":"stat","476":" mi ","477":"cz\u0119\u015b","478":"no\u015b\u0107","479":"stem","480":"mier","481":"isto","482":"two ","483":"pewn","484":"enta","485":" wyd","486":"i\u0119ks","487":"by\u0107 ","488":"mie ","489":"\u0119ksz","490":" rze","491":"skim","492":" pok","493":"dzin","494":" ost","495":"era ","496":"edni","497":"rzen","498":" rod","499":"dnak","500":"ak\u017ce","501":"stwa","502":"rdzi","503":" nic","504":"k\u017ce ","505":" wid","506":"nale","507":" szk","508":" kar","509":" okr","510":"nak ","511":"nter","512":"niec","513":"sobi","514":"samo","515":"ogra","516":"y\u0142a ","517":"uj\u0105 ","518":"cych","519":"twie","520":"pisa","521":"twor","522":"ysta","523":"nast","524":"ckie","525":"by\u0142o","526":"ale\u017c","527":"dost","528":" by\u0107","529":"udow","530":"ywan","531":" gru","532":"nasz","533":" gdy","534":" dru","535":"a\u0142em","536":" tem","537":"zecz","538":"\u017cna ","539":"zani","540":"eniu","541":"aczy","542":"ada ","543":"ziec","544":"znaj","545":"ielk","546":"tkow","547":"nowi","548":"cej ","549":"osob","550":" po\u0142","551":"tak\u017c","552":"mam ","553":" r ","554":"ani ","555":" mog","556":" kor","557":"gran","558":"nik ","559":"wyst","560":"oczy","561":"orma","562":"cza ","563":"aniu","564":"szyc","565":"iele","566":"\u0105cyc","567":"arsz","568":" dom","569":"mo\u017cn","570":"tach","571":"dpow","572":" zab","573":"eszk","574":" \u017cyc","575":"olej","576":"lne ","577":"\u017cyci","578":" ich","579":" nar","580":"chow","581":"\u0105cy ","582":"owo ","583":"wyko","584":"sta ","585":"o\u017cna","586":"awa ","587":" naz","588":"c\u00f3w ","589":"pe\u0142n","590":"post","591":"swoj","592":" pla","593":"ieck","594":"jski","595":"zony","596":"\u0142\u0105cz","597":"ano ","598":"inny","599":"wart","600":"zny ","601":"tere","602":"edy ","603":"nies","604":" zar","605":"kona","606":"umie","607":" mus","608":" kto","609":"owi ","610":"szka","611":" ka\u017c","612":"esz ","613":"ko\u015bc","614":"ele ","615":"tam ","616":"sce ","617":"r\u00f3\u017cn","618":"eli ","619":"arzy","620":"ata ","621":" zmi","622":"racj","623":"a\u0144sk","624":"icy ","625":"ludz","626":"yli ","627":"iada","628":"lat ","629":" mas","630":"iny ","631":" ser","632":"ka\u017cd","633":"roni","634":"rzyj","635":" by ","636":"dzi\u0142","637":"rzew","638":"szym","639":" kil","640":"rodu","641":"erow","642":"wiet","643":"kont","644":"worz","645":"gdy ","646":"ozna","647":"list","648":"dnia","649":" bud","650":"aliz","651":"rzek","652":"poda","653":" lic","654":"dzy ","655":"m\u00f3wi","656":"rem ","657":"rzyp","658":"zwi\u0105","659":"ow\u0105 ","660":"ycie","661":"niow","662":"mian","663":"ecki","664":"kami","665":"otrz","666":"asz ","667":"olic","668":"owia","669":"nie\u017c","670":"lata","671":"gani","672":"czy\u0142","673":"aki ","674":" wyg","675":"aje ","676":"podo","677":"ie\u0144 ","678":"ocho","679":"inie","680":"mini","681":"port","682":" dni","683":"zest","684":"acy ","685":"leni","686":"n\u00f3w ","687":"kowe","688":"budo","689":"dsta","690":"racy","691":" wyn","692":"i\u0119dz","693":"znej","694":"alni","695":"iec ","696":"e\u015bni","697":" rad","698":" poj","699":" rob","700":"rost","701":"ciel","702":" oso","703":"\u015bwie","704":"emie","705":"acje","706":"logi","707":"najw","708":" cen","709":"ina ","710":"my\u015bl","711":"gl\u0105d","712":" ksi","713":" tej","714":"olog","715":"encj","716":"zy\u0107 ","717":" u ","718":"acho","719":"asta","720":"iesi","721":"iedy","722":" fil","723":"wyda","724":" pew","725":"zacj","726":"nymi","727":"kied","728":"iach","729":"kach","730":"by\u0142a","731":"olit","732":"lno\u015b","733":"niew","734":"wsp\u00f3","735":"kilk","736":"odob","737":"wet ","738":"awet","739":"\u017ceni","740":"nawe","741":"powo","742":"ik\u00f3w","743":"\u0119dzy","744":" mat","745":"i\u0119ci","746":"nad ","747":"rozw","748":"edno","749":"orze","750":"prod","751":"anic","752":"reze","753":"arze","754":" jej","755":"zone","756":"pomo","757":" du\u017c","758":"\u015bli ","759":" obr","760":"zem ","761":"sp\u00f3\u0142","762":" obe","763":"zed ","764":"sto ","765":"ieli","766":"os\u00f3b","767":" for","768":"s\u00f3b ","769":"a\u0142am","770":" ma\u0142","771":"tki ","772":"opie","773":"pows","774":" sza","775":"wali","776":"rafi","777":"gdzi","778":"atni","779":"stos","780":"obra","781":"zna ","782":" g\u0142o","783":" u\u017cy","784":"okre","785":"rii ","786":"jny ","787":" no ","788":" wym","789":"chni","790":"nowy","791":"zowa","792":"rozp","793":"izac","794":"orga","795":"ent ","796":"rgan","797":"owod","798":"acyj","799":"pozy","800":"rakt","801":"pa\u0144s","802":"d\u00f3w ","803":"zyna","804":"d\u0142ug","805":"udni","806":"potr","807":"i\u0142a ","808":"eczy","809":" tam","810":"tano","811":" wal","812":"elu ","813":" gdz","814":" mi\u0119","815":"najd","816":"ze\u015bn","817":"sprz","818":"czyt","819":"ierd","820":"wa\u017cn","821":"o\u0144cz","822":"\u0119\u015bci","823":" dok","824":"e\u015bli","825":"niki","826":"t\u0119pn","827":"wsta","828":"w\u0142a\u015b","829":" te ","830":" zro","831":"dzi\u0119","832":"g\u0142os","833":"mowa","834":" s\u0142o","835":"ebie","836":"zami","837":"ieka","838":"z\u0119\u015bc","839":"lem ","840":"nowe","841":" two","842":"kani","843":"ocze","844":"mi\u0119d","845":"korz","846":"zech","847":"amie","848":"ie\u0107 ","849":"nist","850":"erze","851":"euro","852":"zyma","853":" r\u00f3\u017c","854":"owin","855":"brze","856":"ety ","857":"ech ","858":"arty","859":" ucz","860":" aut","861":"wiem","862":" zag","863":" go ","864":"\u015bmy ","865":"aniz","866":" wyr","867":"ktor","868":"kowy","869":"elki","870":"ator","871":"godn","872":"wars","873":"czek","874":"rza ","875":"maj\u0105","876":" ele","877":"ienn","878":"ecze","879":"ci\u0105g","880":"ast\u0119","881":"nik\u00f3","882":"cent","883":"komp","884":"y\u0142y ","885":"raln","886":"piec","887":" ust","888":"bez ","889":"osow","890":"sem ","891":"tek ","892":" pa\u0144","893":"zaj\u0105","894":"wnik","895":"bezp","896":"oje ","897":"rzem","898":"stni","899":"rych","900":"adan","901":"zyli","902":"rzej","903":"iero","904":"e\u015bci","905":" sko","906":"istr","907":"wa\u0142a","908":"nich","909":"a\u0144st","910":" kr\u00f3","911":"ody ","912":"kier","913":"cjal","914":"raco","915":"iemi","916":"awy ","917":"kraj","918":"esie","919":"aby ","920":"dzis","921":"stal","922":"sz\u0105 ","923":"iaj\u0105","924":"ener","925":"nek ","926":"ypad","927":"towe","928":" szy","929":"kaza","930":"eraz","931":"ubli","932":"lny ","933":"pomi","934":"zacz","935":"widz","936":"drug","937":" inf","938":"arto","939":"kons","940":"okaz","941":"obec","942":"doda","943":" kos","944":"popr","945":" dod","946":"i\u015bci","947":" eur","948":"usta","949":" moj","950":"rudn","951":"lejn","952":"zi\u0119k","953":"rodo","954":" opi","955":"iki ","956":"rsza","957":"czes","958":"zale","959":"lity","960":" kat","961":"akty","962":"oby ","963":"\u00f3ra ","964":" nat","965":"\u017cliw","966":" je\u015b","967":"rzep","968":" m\u00f3w","969":"musi","970":" fir","971":"lnyc","972":"auto","973":"yjne","974":"nku ","975":"ciu ","976":"part","977":"tatn","978":"etni","979":"nki ","980":"arod","981":"zerw","982":"tkie","983":"yjny","984":"naro","985":" zal","986":"onow","987":" zes","988":" fra","989":"info","990":"i\u0119ce","991":"wien","992":"atur","993":"eci ","994":"znan","995":"kres","996":"ziem","997":"nazw","998":"szta","999":"onyc","1000":" his","1001":"je\u015bl","1002":"oduk","1003":"i\u0105za","1004":"krzy","1005":"nii ","1006":"ster","1007":"poko","1008":"wana","1009":"adni","1010":" spe","1011":"eren","1012":"s\u0142ow","1013":"ceni","1014":"lka ","1015":"ili ","1016":"dowy","1017":"ocz\u0105","1018":"tacj","1019":"spor","1020":"szej","1021":"asie","1022":"\u015brod","1023":"icie","1024":"firm","1025":" fun","1026":"zeka","1027":"zmie","1028":"gram","1029":"iony","1030":"zien","1031":"eby ","1032":"niez","1033":"s\u00f3w ","1034":" wyj","1035":"czer","1036":"nnyc","1037":"rywa","1038":"owst","1039":"e\u0142ni","1040":"dnio","1041":" nal","1042":" nau","1043":"ady ","1044":"g\u0142\u00f3w","1045":"mo\u017cl","1046":"ta\u0142a","1047":"o\u017cli","1048":"j\u0119ci","1049":"ono ","1050":"emat","1051":"\u015bmie","1052":"yste","1053":"pole","1054":" dop","1055":" dan","1056":" dro","1057":" org","1058":"odcz","1059":" g\u0142\u00f3","1060":"zrob","1061":"bier","1062":" uwa","1063":"nani","1064":"wia ","1065":"nim ","1066":"jne ","1067":"warz","1068":" uni","1069":" sze","1070":"omoc","1071":"dzon","1072":"zeds","1073":"or\u00f3w","1074":"ysty","1075":"iebi","1076":"ci\u0105 ","1077":"\u0119cej","1078":"owic","1079":"wisk","1080":"rowi","1081":"ta\u0107 ","1082":"publ","1083":"acow","1084":"asto","1085":"atow","1086":"wicz","1087":"iczy","1088":"rzeg","1089":"l\u0105da","1090":" zaj","1091":" wyc","1092":"apis","1093":" cha","1094":"tema","1095":"yka ","1096":" ocz","1097":"s\u0142aw","1098":"sied","1099":"tytu","1100":"miec","1101":"leps","1102":"stor","1103":"\u0119cia","1104":"wo\u015bc","1105":" obs","1106":"e\u017cy ","1107":"wymi","1108":"nem ","1109":"tury","1110":"zasi","1111":"arza","1112":"szen","1113":"ia\u0142e","1114":"asze","1115":"dent","1116":"ory ","1117":"apra","1118":"ury ","1119":"dnic","1120":"lacj","1121":" mec","1122":"da\u0107 ","1123":"zki ","1124":"jszy","1125":"dowe","1126":"zneg","1127":"zysk","1128":"acie","1129":" ins","1130":" s\u0142u","1131":" ko\u0144","1132":"bieg","1133":"nied","1134":"kowi","1135":"spo\u0142","1136":"pis ","1137":"\u0142\u00f3wn","1138":" wol","1139":"nfor","1140":"rezy","1141":" bie","1142":" aby","1143":"kacj","1144":"t\u00f3ra","1145":" chy","1146":"zy\u0142 ","1147":"g\u00f3ln","1148":"a\u015bni","1149":"otow","1150":"pami","1151":" tyc","1152":"onal","1153":" dot","1154":" kla","1155":"zawi","1156":"czyl","1157":"iwo\u015b","1158":"ybor","1159":"woln","1160":"atac","1161":"siad","1162":"min ","1163":"nion","1164":"yba ","1165":"epsz","1166":"ateg","1167":" sk\u0142","1168":"dobn","1169":" my\u015b","1170":"cia\u0142","1171":" alb","1172":"wybo","1173":"\u015bci\u0105","1174":" odb","1175":"nic ","1176":" lek","1177":"ater","1178":"podc","1179":"chyb","1180":"daj\u0105","1181":"\u015bwi\u0119","1182":"obrz","1183":"eba ","1184":"zaws","1185":"asza","1186":" tro","1187":"nne ","1188":"ice ","1189":"grup","1190":"znym","1191":" g\u00f3r","1192":"arcz","1193":"padk","1194":"ykon","1195":"aka ","1196":"ewni","1197":"acj\u0119","1198":" p\u00f3\u0142","1199":"zapr","1200":"nicy","1201":"w\u0142as","1202":" sty","1203":"aszy","1204":"ora ","1205":"tori","1206":" ni\u017c","1207":"zyta","1208":"czna","1209":"char","1210":"\u017anie","1211":"hyba","1212":"by\u0142y","1213":" cel","1214":"ranc","1215":"spod","1216":"tele","1217":"stop","1218":"czym","1219":"mina","1220":"zywi","1221":"jsze","1222":"omen","1223":"tecz","1224":"tko ","1225":"erdz","1226":"liwo","1227":"odze","1228":"ciek","1229":"zeba","1230":"nieg","1231":"wers","1232":"czyc","1233":"bywa","1234":"urop","1235":"inne","1236":" zie","1237":"dcza","1238":"pods","1239":"staj","1240":"trac","1241":"inst","1242":"dni ","1243":"acza","1244":"rasz","1245":" mor","1246":" dow","1247":"tywn","1248":" kur","1249":"isty","1250":"sji ","1251":"ncji","1252":" tu ","1253":"ucha","1254":" on ","1255":"kcji","1256":"iech","1257":"pan ","1258":"arci","1259":"cze\u015b","1260":"icze","1261":"napi","1262":" wcz","1263":" \u017ceb","1264":" zad","1265":"ter ","1266":"sk\u0142a","1267":"ozyc","1268":" ist","1269":"nt\u00f3w","1270":" wod","1271":" d\u0142u","1272":"stru","1273":" \u015bmi","1274":"ni\u0105 ","1275":"rugi","1276":"yki ","1277":" art","1278":"godz","1279":"hist","1280":"film","1281":" oko","1282":"zcza","1283":"yna ","1284":" rz\u0105","1285":"w\u0142ad","1286":"prog","1287":"szeg","1288":"towy","1289":"zeg\u00f3","1290":"zast","1291":"rmac","1292":" lis","1293":"ielo","1294":" kan","1295":"lekt","1296":"aty ","1297":"masz","1298":" opo","1299":"odat","1300":"\u017ceby","1301":"fran","1302":"lnej","1303":"ast ","1304":"iewi","1305":"wodn","1306":"echa","1307":"olsc","1308":"akow","1309":"tarz","1310":"pie ","1311":"cz\u0105c","1312":"eria","1313":"omin","1314":"spot","1315":" reg","1316":"trak","1317":"czy\u0107","1318":"ikac","1319":"echn","1320":"edyn","1321":"ia\u0142y","1322":"zycz","1323":"rosz","1324":"dem ","1325":" zwy","1326":"atyc","1327":"oczn","1328":" god","1329":"tor ","1330":"\u00f3ryc","1331":" akt","1332":"wcze","1333":"becn","1334":"i\u0119c ","1335":"wyni","1336":"maty","1337":"inis","1338":"zmia","1339":"roje","1340":" odd","1341":"jedy","1342":"izow","1343":" met","1344":"rym ","1345":"\u0119ki ","1346":"zisi","1347":" dal","1348":"ejsk","1349":"rawa","1350":" ta ","1351":"syst","1352":"szaw","1353":"prob","1354":"odst","1355":"twar","1356":"s\u0142ug","1357":"i\u0144sk","1358":"rowe","1359":"rstw","1360":"redn","1361":"\u0105zan","1362":"owal","1363":"najl","1364":"lneg","1365":"rego","1366":"bym ","1367":"eciw","1368":" lec","1369":"zycj","1370":"rach","1371":"co\u015b ","1372":" co\u015b","1373":"ajle","1374":"nas ","1375":"ieku","1376":" spa","1377":"zywa","1378":"pyta","1379":"bran","1380":"kolo","1381":"ynie","1382":"tura","1383":"rozu","1384":"niep","1385":"ilka","1386":"erzy","1387":"czyw","1388":"b\u0119d\u0105","1389":"ione","1390":"orsk","1391":"lnym","1392":"stu ","1393":"rki ","1394":"p\u00f3\u017an","1395":"jlep","1396":"anym","1397":" ska","1398":"le\u017cy","1399":"ozum","1400":"wno ","1401":"dzi\u015b","1402":" ogr","1403":"esta","1404":"zie\u0144","1405":"jaln","1406":"\u0105ca ","1407":"rzyc","1408":"posi","1409":"sz\u0119 ","1410":" nag","1411":"elek","1412":"lsce","1413":"stko","1414":"\u015bcio","1415":"zi\u015b ","1416":" pi\u0119","1417":"kobi","1418":"\u0144czy","1419":"cz\u0105t","1420":" kli","1421":"mate","1422":"zi\u0107 ","1423":"pola","1424":"\u0142adz","1425":"czaj","1426":" wra","1427":" muz","1428":" ko\u015b","1429":"dze ","1430":"iekt","1431":"rogr","1432":"sko ","1433":" tel","1434":"t\u00f3rz","1435":"ica ","1436":"ozpo","1437":"dziw","1438":"biet","1439":"macj","1440":"decy","1441":"daje","1442":"oble","1443":"estr","1444":"ostr","1445":"tnic","1446":"zasa","1447":"\u0142ani","1448":" pas","1449":"czej","1450":"\u015bcia","1451":" ofe","1452":"odu ","1453":"wne ","1454":"uj\u0119 ","1455":"teri","1456":"otni","1457":"cz\u0119s","1458":"klas","1459":"kr\u00f3l","1460":"chce","1461":"entu","1462":"rocz","1463":" pam","1464":"\u00f3rzy","1465":"nam ","1466":"ofer","1467":" mod","1468":" obo","1469":"jemy","1470":"pien","1471":" kob","1472":"\u0142ada","1473":"spos","1474":"poni","1475":"tern","1476":"den ","1477":"o\u015bwi","1478":"ywa ","1479":"icja","1480":"drow","1481":"ami\u0119","1482":"robl","1483":"opol","1484":"\u015bred","1485":"ia\u0142o","1486":"blem","1487":"ynik","1488":"zdro","1489":"m\u0142od","1490":"dku ","1491":"ecz ","1492":"powa","1493":"ala ","1494":"bia\u0142","1495":"wyso","1496":" \u015bro","1497":"zi\u0142 ","1498":"bior","1499":"maga","1500":"i\u0119ki","1501":"gicz","1502":"enty","1503":" ros","1504":"niac","1505":"komu","1506":"datk","1507":"unkc","1508":"\u0142\u00f3w ","1509":"zypa","1510":"zka ","1511":"ni\u017c ","1512":"ycho","1513":"karz","1514":"jawi","1515":"dowi","1516":"stac","1517":"rony","1518":"podz","1519":"erni","1520":" lit","1521":"awsz","1522":"iewa","1523":"ycia","1524":"liza","1525":"idzi","1526":"enni","1527":"i\u015bmy","1528":"lubi","1529":"rzyk","1530":"zpie","1531":"t\u0119pu","1532":"ezen","1533":" kul","1534":"ruch","1535":"z\u0105dz","1536":"zysz","1537":"winn","1538":"koni","1539":" rea","1540":"hodn","1541":" nam","1542":"\u017cnie","1543":"szyb","1544":"ietn","1545":"otyc","1546":"nawi","1547":" m\u0142o","1548":" bia","1549":" chr","1550":"cki ","1551":" oka","1552":"ria ","1553":" zdo","1554":"otka","1555":"adza","1556":"ytan","1557":"zji ","1558":"ost\u0119","1559":"sty ","1560":"isko","1561":"zent","1562":" kam","1563":"wojn","1564":"toso","1565":"howa","1566":"eku ","1567":"agra","1568":" mis","1569":"sk\u0105 ","1570":"chan","1571":"swoi","1572":"niek","1573":"zumi","1574":"adom","1575":"szuk","1576":"ekto","1577":" zda","1578":"osze","1579":"ualn","1580":"lowa","1581":"rej ","1582":" pog","1583":"ikow","1584":"i\u0142o ","1585":"isz ","1586":"zyde","1587":"nach","1588":" tur","1589":" zat","1590":" np ","1591":"rozm","1592":"kupi","1593":"rycz","1594":"e\u0144st","1595":"zek ","1596":"plan","1597":"pozn","1598":" p\u00f3\u017a","1599":"z\u0119st","1600":"tery","1601":"lini","1602":"ewsk","1603":"ze\u0144 ","1604":"ryst","1605":" wia","1606":"ksi\u0105","1607":"wem ","1608":"omu ","1609":"proc","1610":"oda ","1611":"owar","1612":"ezyd","1613":"alno","1614":"chci","1615":" krz","1616":"late","1617":"dnik","1618":"chor","1619":"rami","1620":"\u0142adn","1621":"jazd","1622":"osia","1623":"\u00f3\u017cni","1624":"iek ","1625":"zczy","1626":"patr","1627":"ozwi","1628":" sys","1629":"epie","1630":"trud","1631":"cego","1632":"cjon","1633":"kosz","1634":"aju ","1635":" we ","1636":"wyci","1637":"orow","1638":"funk","1639":"li\u015bm","1640":"istn","1641":"mery","1642":"i\u0119ta","1643":"szan","1644":"ospo","1645":"ntow","1646":"\u00f3rym","1647":"tarc","1648":"cze\u0144","1649":"rnik","1650":"rzyg","1651":"anej","1652":"dzi\u0107","1653":"proj","1654":"\u0142ad ","1655":"j\u0119zy","1656":"yden","1657":"cowi","1658":"brak","1659":"gii ","1660":"mecz","1661":"rawo","1662":"\u0105cym","1663":"arz ","1664":"pozo","1665":"a\u017cdy","1666":"\u0119sto","1667":"spec","1668":"tory","1669":"zuje","1670":"szer","1671":"najb","1672":"za\u0142o","1673":"og\u0105 ","1674":"goto","1675":"cj\u0105 ","1676":"ery ","1677":"\u0142owa","1678":"nta ","1679":"nka ","1680":"ojek","1681":"iowe","1682":" stu","1683":"nkcj","1684":"i\u0142y ","1685":"zeda","1686":"iona","1687":"lega","1688":"lecz","1689":" zdr","1690":"zesp","1691":"jnyc","1692":"nami","1693":" lep","1694":"obro","1695":"st\u0105p","1696":"ezpi","1697":" med","1698":"ary ","1699":" tru","1700":" kry","1701":" rac","1702":"awdz","1703":"iern","1704":"obow","1705":" pat","1706":"ratu","1707":"z\u0105tk","1708":"poch","1709":"zwyc","1710":"p\u0142yw","1711":"t\u0105pi","1712":"pona","1713":"fina","1714":"akcj","1715":"erne","1716":"tali","1717":"ste\u015b","1718":"enio","1719":"aneg","1720":" gro","1721":" ci ","1722":"runk","1723":"cowa","1724":"wnic","1725":"\u00f3\u017ani","1726":"chro","1727":"poja","1728":" pe\u0142","1729":"naln","1730":"duje","1731":"rka ","1732":"omie","1733":"awan","1734":"temu","1735":"serw","1736":"ysok","1737":"zn\u0105 ","1738":"imi ","1739":"mach","1740":"adaj","1741":"ujem","1742":"lepi","1743":" kup","1744":"z\u0105cy","1745":"\u0119puj","1746":" skr","1747":"tami","1748":"bron","1749":"rzuc","1750":"iado","1751":"orz\u0105","1752":"po\u0142o","1753":"ictw","1754":"ra\u0107 ","1755":"\u0119cie","1756":"bacz","1757":"entr","1758":"0000","1759":"oty ","1760":"elem","1761":"taj ","1762":" mon","1763":" os\u00f3","1764":" udz","1765":"rawn","1766":"omni","1767":" lin","1768":"pras","1769":"dale","1770":"oli ","1771":"tka ","1772":" nim","1773":"po\u0142u","1774":" zob","1775":"ta\u0142y","1776":"mist","1777":" szt","1778":"rze\u015b","1779":"dzaj","1780":"erwo","1781":"yst\u0119","1782":" dys","1783":"dz\u0105 ","1784":"kuje","1785":"onan","1786":"zagr","1787":"potk","1788":" j\u0119z","1789":"tora","1790":"ielu","1791":"blic","1792":"grod","1793":"\u0119zyk","1794":" urz","1795":"lna ","1796":" m ","1797":"ygod","1798":"jekt","1799":"iest","1800":"onad","1801":"mat ","1802":"iska","1803":" was","1804":" con","1805":"eczk","1806":"pomn","1807":"ent\u00f3","1808":"poka","1809":"zapo","1810":"i\u0105zk","1811":" mu ","1812":"si\u0105\u017c","1813":"\u0142a\u015bn","1814":"ak\u00f3w","1815":"rady","1816":"eje ","1817":"nkow","1818":"wi\u0119t","1819":"ocy ","1820":"nagr","1821":"lska","1822":"moje","1823":"para","1824":"onta","1825":"sku ","1826":"lite","1827":" rep","1828":"\u017cej ","1829":"\u0142owi","1830":"ieje","1831":" uro","1832":"pada","1833":"\u0105ceg","1834":"wska","1835":"rtow","1836":"owis","1837":"ajdu","1838":"uwa\u017c","1839":"asy ","1840":"oni ","1841":"rzyn","1842":"jona","1843":" cow","1844":"zyni","1845":" klu","1846":"ekaw","1847":" je ","1848":"kto ","1849":"zako","1850":"\u0142asn","1851":"eden","1852":" mil","1853":" osi","1854":"trwa","1855":"re\u015bl","1856":"komi","1857":"ktyw","1858":"onst","1859":"yjsk","1860":"ajwi","1861":"adow","1862":"kre\u015b","1863":"nnik","1864":"sta\u0107","1865":"mys\u0142","1866":"czys","1867":"ozos","1868":"domo","1869":"ular","1870":"lkie","1871":"nosi","1872":"an\u0105 ","1873":"ile ","1874":"adcz","1875":"tku ","1876":" gen","1877":"awod","1878":"o\u017con","1879":"yska","1880":"nict","1881":"wki ","1882":"albo","1883":" zgo","1884":"erac","1885":"iany","1886":"nada","1887":"rodk","1888":"a\u015bci","1889":" obi","1890":"miar","1891":"dawa","1892":"eka ","1893":" za\u0142","1894":" rol","1895":" wyw","1896":" ci\u0119","1897":"jduj","1898":" ban","1899":"zies","1900":"azem","1901":" ant","1902":"bowi","1903":"zawo","1904":" pub","1905":"r\u00f3d ","1906":"jsce","1907":"ra\u0142 ","1908":"wano","1909":"nny ","1910":" og\u00f3","1911":" jan","1912":"\u017cywa","1913":"czno","1914":"obac","1915":" pyt","1916":"yny ","1917":"usza","1918":"konc","1919":"ekt\u00f3","1920":"kowo","1921":"iani","1922":"elsk","1923":"ko\u0142o","1924":"zgod","1925":"ing ","1926":" sku","1927":"dna ","1928":"apie","1929":"dany","1930":"a\u0142e ","1931":"nier","1932":"dne ","1933":"tkic","1934":"graf","1935":" chw","1936":"eni ","1937":"ecja","1938":"tuje","1939":"dnym","1940":"atrz","1941":" bad","1942":"oprz","1943":"raze","1944":" typ","1945":" fin","1946":" tre","1947":"jede","1948":"bada","1949":"\u0142ecz","1950":"asad","1951":"dowo","1952":" zdj","1953":"dwie","1954":"iami","1955":"iadc","1956":"opra","1957":"owi\u0105","1958":"kult","1959":"prof","1960":" tys","1961":"onu ","1962":"jcie","1963":"wa\u017ca","1964":"ojsk","1965":"zkol","1966":"jnie","1967":"obni","1968":" ok ","1969":"rz\u0119d","1970":" w\u0142o","1971":"orem","1972":"ityc","1973":"czar","1974":"wypo","1975":"lika","1976":"nnym","1977":"to\u015bc","1978":"tech","1979":"adze","1980":"m\u00f3w ","1981":"dz\u0119 ","1982":"tran","1983":"chu ","1984":"raca","1985":"niza","1986":"eres","1987":"icki","1988":"iku ","1989":"arsk","1990":"nna ","1991":"po\u0142e","1992":"yzna","1993":"czn\u0105","1994":"ogic","1995":" per","1996":" p\u0142y","1997":"jwi\u0119","1998":"drze","1999":" ci\u0105","2000":"wojs","2001":"zdob","2002":"oim ","2003":"lbo ","2004":"tyka","2005":"o\u0142ec","2006":"ium ","2007":"amer","2008":"koro","2009":"roce","2010":" dwa","2011":"bi\u0107 ","2012":"wdzi","2013":" ang","2014":"y\u0144sk","2015":"asow","2016":"drog","2017":" eks","2018":"ewic","2019":"wy\u017cs","2020":"zyzn","2021":"traf","2022":"inac","2023":"zta\u0142","2024":"cach","2025":"elni","2026":"dno\u015b","2027":"y\u017csz","2028":"umen","2029":"stwi","2030":"pi\u0119k","2031":"ciow","2032":"ciem","2033":"konk","2034":"i\u0119kn","2035":"anda","2036":"ziom","2037":"rmy ","2038":"racz","2039":"wzgl","2040":"stud","2041":"za\u0107 ","2042":"odz\u0105","2043":" zbi","2044":"jmuj","2045":"waj\u0105","2046":" byl","2047":"mog\u0105","2048":"znal","2049":"ie\u015bc","2050":"prop","2051":"tyle","2052":"ni\u0107 ","2053":" odc","2054":"akic","2055":"wr\u00f3c","2056":"a\u017cni","2057":"cka ","2058":"muzy","2059":"alis","2060":"rzyw","2061":"imy ","2062":"sam ","2063":"stow","2064":"asu ","2065":"anty","2066":"yczy","2067":"west","2068":"darz","2069":"trum","2070":"kome","2071":"zwie","2072":"to\u015b ","2073":"szar","2074":"rek ","2075":"nowo","2076":"zoba","2077":"olen","2078":"espo","2079":"dzki","2080":"edst","2081":"aja ","2082":"aktu","2083":"s\u0142u\u017c","2084":"iaj ","2085":" daw","2086":"gl\u0119d","2087":"pisz","2088":" stw","2089":" pio","2090":"usa ","2091":"dawn","2092":"icza","2093":"rczy","2094":" \u015bci","2095":"uczy","2096":" mi\u0142","2097":"kto\u015b","2098":"test","2099":"scy ","2100":"aczn","2101":"kszt","2102":"isia","2103":"nio ","2104":"resz","2105":"hcia","2106":" wst","2107":"atem","2108":" moc","2109":"ryka","2110":"eg\u00f3l","2111":"dz\u0105c","2112":"nali","2113":" do\u015b","2114":"zgl\u0119","2115":" syn","2116":"taje","2117":"zygo","2118":"rans","2119":"ialn","2120":" im ","2121":"ta\u0142o","2122":"wodo","2123":"hron","2124":"oru ","2125":"wa\u0142y","2126":"nian","2127":"muni","2128":"doty","2129":"dlat","2130":"uszc","2131":" odw","2132":"iowy","2133":"pote","2134":"dane","2135":"st\u00f3w","2136":"\u0119d\u0105 ","2137":"atu ","2138":"omun","2139":"okol","2140":"larn","2141":"rok ","2142":"mowy","2143":" sch","2144":"wygl","2145":"zyci","2146":"\u0142ych","2147":"real","2148":"dwa ","2149":"okie","2150":"ar\u00f3w","2151":"adku","2152":"ci\u0107 ","2153":"ugie","2154":" kre","2155":"zesz","2156":"rona","2157":"pecj","2158":"okoj","2159":"\u00f3wno","2160":"tras","2161":"zesn","2162":"ropo","2163":"iste","2164":"grze","2165":"skow","2166":"szam","2167":"ukow","2168":"si\u0119c","2169":"o\u0142o ","2170":"ocen","2171":"yk\u0142a","2172":"tual","2173":"ole ","2174":" wrz","2175":"ama ","2176":"cym ","2177":"\u0142ugo","2178":"ostu","2179":"mamy","2180":"szo\u015b","2181":" p\u0142a","2182":"pr\u00f3b","2183":"ksi\u0119","2184":"akte","2185":"ian ","2186":"siaj","2187":"roch","2188":"lki ","2189":"marc","2190":"once","2191":"licj","2192":"jach","2193":"isa\u0142","2194":"doby","2195":"\u0142o\u015bc","2196":"onym","2197":"rowy","2198":"scho","2199":"agro","2200":" nor","2201":"zpoc","2202":"tety","2203":"ktu ","2204":"leg\u0142","2205":" kwi","2206":"zybk","2207":"j\u015bci","2208":"\u015br\u00f3d","2209":"opis","2210":"radz","2211":"wion","2212":" \u017cad","2213":"uacj","2214":"zdj\u0119","2215":"iedn","2216":" bro","2217":"pora","2218":" ii ","2219":"edne","2220":"\u0142ug ","2221":" wzg","2222":"oj\u0105 ","2223":"akim","2224":"ultu","2225":"u\u017cyw","2226":"iam ","2227":"da\u0142 ","2228":"wna ","2229":"remi","2230":" umi","2231":"ed\u0142u","2232":"nera","2233":"ucze","2234":"nauk","2235":"odar","2236":"mani","2237":"adam","2238":"mi\u0119t","2239":"ucho","2240":"nato","2241":"dukt","2242":"ugi ","2243":"zkod","2244":"yle ","2245":"ntar","2246":"ojej","2247":"awni","2248":"punk","2249":"zarz","2250":" mal","2251":" wil","2252":"za\u0142 ","2253":"napr","2254":"ento","2255":"czan","2256":" opa","2257":"zwyk","2258":" pob","2259":"kows","2260":"nia\u0142","2261":"pos\u00f3","2262":"tkim","2263":"piej","2264":"wodz","2265":"\u0142ego","2266":" ide","2267":" nik","2268":"land","2269":"prom","2270":" uda","2271":" cia","2272":" ani","2273":" pr\u00f3","2274":"kazu","2275":"nadz","2276":" ofi","2277":"pera","2278":"og\u00f3l","2279":"isan","2280":" wa\u017c","2281":"ycji","2282":"truk","2283":"os\u0142a","2284":" wer","2285":"wca ","2286":"kali","2287":"ogl\u0105","2288":"rzon","2289":"leme","2290":"sytu","2291":"atko","2292":"czki","2293":"ywa\u0142","2294":" man","2295":"ektr","2296":"olec","2297":"rusz","2298":"utor","2299":"elon","2300":"sztu","2301":"ocha","2302":"arne","2303":"muje","2304":"a\u0142u ","2305":"arch","2306":"awsk","2307":" fak","2308":"dza ","2309":"dach","2310":"kszo","2311":"ncja","2312":"iato","2313":"obry","2314":"ela ","2315":"emen","2316":"tyki","2317":"\u00f3rej","2318":"ygl\u0105","2319":"wiaj","2320":"gosp","2321":"z\u0105ce","2322":"ltur","2323":"otem","2324":"\u0142odz","2325":" akc","2326":"o\u0142ow","2327":"maln","2328":"omia","2329":"\u017adzi","2330":"ytua","2331":"wini","2332":"ca\u0142y","2333":"ena ","2334":" wpr","2335":"olni","2336":" gos","2337":" otw","2338":"wi\u0107 ","2339":"tnia","2340":"zwol","2341":"ajba","2342":" rel","2343":"jbar","2344":"zkie","2345":" rek","2346":"ojaw","2347":" opr","2348":" kas","2349":" syt","2350":"ieru","2351":"ierp","2352":"dam ","2353":"arni","2354":"ywat","2355":"sieb","2356":"\u017cne ","2357":"jemn","2358":"eta ","2359":"nstr","2360":"on\u0105 ","2361":"seri","2362":" otr","2363":"ura ","2364":"iczb","2365":"\u0105tko","2366":" imi","2367":"kter","2368":"ancj","2369":"oich","2370":"uski","2371":"amen","2372":"gene","2373":"resi","2374":"nica","2375":"znik","2376":"zcz\u0119","2377":"cnie","2378":"ewie","2379":"ca\u0142e","2380":"nk\u00f3w","2381":"zona","2382":"ontr","2383":"ukcj","2384":" tec","2385":"zepi","2386":"p\u0142ac","2387":"metr","2388":"\u0142ugi","2389":"ustr","2390":"chwi","2391":" sen","2392":"ikie","2393":" tow","2394":"ero ","2395":" grz","2396":" bog","2397":"tuac","2398":"\u0105dze","2399":"\u017cony","2400":"ekst","2401":"ciej","2402":" pi\u0142","2403":"licy","2404":"iela","2405":"mocn","2406":" ty ","2407":"ekon","2408":" nig","2409":"rcie","2410":"cha ","2411":"lacz","2412":" pun","2413":"ydzi","2414":" utr","2415":" dol","2416":"awi\u0142","2417":"letn","2418":"azuj","2419":"minu","2420":"zno\u015b","2421":"\u0142nie","2422":"zane","2423":"adzo","2424":"oria","2425":"olno","2426":" and","2427":" dec","2428":"lej ","2429":"micz","2430":"wo\u015b\u0107","2431":"tra ","2432":"skut","2433":"azyw","2434":"ion ","2435":"oper","2436":"rnie","2437":"wa\u0142o","2438":"azie","2439":"anu ","2440":"arki","2441":"arti","2442":"erzc","2443":"usz ","2444":"ryty","2445":"\u015bnia","2446":" brz","2447":"zara","2448":"zany","2449":"ch\u0142o","2450":"tkan","2451":"ziew","2452":"braz","2453":"pono","2454":"wybr","2455":"fakt","2456":"azy ","2457":"ni\u0119t","2458":"orii","2459":"sami","2460":" pal","2461":"misj","2462":"rum ","2463":"aza\u0142","2464":"okon","2465":"\u0119pni","2466":"er\u00f3w","2467":" lew","2468":"zuci","2469":"ier ","2470":"ersk","2471":"enne","2472":"nty ","2473":"zuj\u0105","2474":"rzel","2475":"blik","2476":"oko\u0142","2477":"ozwo","2478":"puj\u0105","2479":"ieln","2480":"edny","2481":"kato","2482":"g\u0142o\u015b","2483":"posz","2484":"ara ","2485":"pula","2486":"iusz","2487":"imo ","2488":"\u0105cej","2489":"oju ","2490":"olon","2491":"musz","2492":"w\u00f3j ","2493":"jdzi","2494":" sek","2495":"troc","2496":"hce ","2497":" tar","2498":"kryt","2499":" mac","2500":"styt","2501":"reni","2502":" zde","2503":"arak","2504":"wpro","2505":"ci\u0142 ","2506":"odle","2507":"ien ","2508":" po\u015b","2509":"alen","2510":"mors","2511":"rzy\u0142","2512":"oszc","2513":"domu","2514":"wies","2515":"\u0142a\u015bc","2516":"nsow","2517":" dw\u00f3","2518":"zewo","2519":"okal","2520":"ziny","2521":"konf","2522":"niam","2523":"obre","2524":"ojny","2525":"niaj","2526":"hara","2527":"arny","2528":"andr","2529":"soby","2530":"jna ","2531":"rzch","2532":"tedy","2533":" wte","2534":"wno\u015b","2535":"zyka","2536":"\u017cy\u0107 ","2537":"czu ","2538":"wi\u0142 ","2539":"esti","2540":"ka\u0107 ","2541":"etow","2542":"szon","2543":" zni","2544":"opad","2545":" doc","2546":"zasu","2547":"r\u00f3ci","2548":"kr\u00f3t","2549":"gaj\u0105","2550":"usi ","2551":"regu","2552":" s\u0105d","2553":"wted","2554":"yfik","2555":"rama","2556":"j\u0105ca","2557":"rato","2558":"akto","2559":"eryk","2560":"lony","2561":"rty ","2562":"oleg","2563":"\u017cdy ","2564":"kana","2565":"arow","2566":"pomy","2567":"ykor","2568":"i\u0105gn","2569":"gra\u0142","2570":"astr","2571":"obi\u0107","2572":"ln\u0105 ","2573":"niku","2574":"raj\u0105","2575":"a\u017cde","2576":"dj\u0119c","2577":" ram","2578":"ie\u015b ","2579":"kcja","2580":"natu","2581":"ozio","2582":"loka","2583":"rnet","2584":"lasy","2585":"omor","2586":"erci","2587":"zam ","2588":"ydow","2589":"czka","2590":"oba ","2591":"etu ","2592":"ejny","2593":"trza","2594":" dor","2595":"esow","2596":"ygot","2597":"owo\u015b","2598":"\u017cycz","2599":"olor","2600":"toli","2601":" ame","2602":"kty ","2603":"kiwa","2604":"koch","2605":"czor","2606":"iemy","2607":"u\u017cyt","2608":"stet","2609":" ste","2610":" kap","2611":"anso","2612":" ozn","2613":"sowe","2614":"cha\u0142","2615":"orto","2616":"sier","2617":"sp\u00f3l","2618":"trow","2619":"dek ","2620":"ni\u0119c","2621":"ak\u0142a","2622":"acz ","2623":"zko\u0142","2624":"p\u00f3ln","2625":"poza","2626":"pozi","2627":"icz ","2628":"cz\u0105 ","2629":"ypow","2630":"onuj","2631":"na\u0142 ","2632":"iii ","2633":"on\u00f3w","2634":" p ","2635":"hwil","2636":"\u0142owy","2637":"tore","2638":" bry","2639":"klub","2640":"o\u0142\u0105c","2641":"armi","2642":"unkt","2643":"pnie","2644":"ucie","2645":"\u0142udn","2646":" wed","2647":"zawa","2648":"\u0142ej ","2649":"nsty","2650":"n\u0105\u0107 ","2651":"mie\u0107","2652":"\u00f3reg","2653":"wny ","2654":"onej","2655":"bnie","2656":"bli\u017c","2657":"g\u0142ow","2658":"\u0119trz","2659":"hani","2660":"dia ","2661":"o\u0142ud","2662":" si\u0142","2663":"esi\u0105","2664":" utw","2665":"kszy","2666":"podp","2667":" och","2668":"ok\u0142a","2669":"zie\u0107","2670":" ruc","2671":"le\u017cn","2672":"prem","2673":"term","2674":"zier","2675":"ycza","2676":"grom","2677":"erem","2678":"cie\u017c","2679":"nigd","2680":" win","2681":" odr","2682":" mag","2683":"a\u0142o\u017c","2684":"gryw","2685":"nocz","2686":"popu","2687":"aszc","2688":" umo","2689":"ktow","2690":"zy\u0142a","2691":"\u0119\u015b\u0107 ","2692":" odn","2693":"dopi","2694":"awo ","2695":" trw","2696":"\u0105c\u0105 ","2697":"imie","2698":" wyt","2699":"tne ","2700":"wygr","2701":"nsta","2702":"iana","2703":"l\u0105sk","2704":"z\u0119\u015b\u0107","2705":"czyk","2706":"p\u00f3\u0142n","2707":"opul","2708":"owsz","2709":" wp\u0142","2710":"ma\u0142o","2711":"mark","2712":" lip","2713":"\u00f3\u0142no","2714":"echo","2715":"atom","2716":"ural","2717":"mimo","2718":"same","2719":"yscy","2720":"\u017cadn","2721":"amow","2722":"dztw","2723":"\u0142noc","2724":"rca ","2725":"\u00f3lni","2726":"pozw","2727":"reso","2728":"iom ","2729":"ram ","2730":" us\u0142","2731":"ywa\u0107","2732":"kt\u00f3w","2733":"unik","2734":"res ","2735":"najm","2736":"lizo","2737":"dneg","2738":" res","2739":"wnia","2740":"iedl","2741":"iata","2742":" wyz","2743":"aran","2744":" sil","2745":"tw\u00f3r","2746":"wi\u015bc","2747":"ecyd","2748":" ind","2749":"inow","2750":"\u0119du ","2751":"ekar","2752":"wyra","2753":"liwi","2754":"ywaj","2755":"w\u00f3dz","2756":" kwa","2757":"erat","2758":"ilku","2759":"wodu","2760":"isku","2761":"inan","2762":"amia","2763":"oneg","2764":"zypo","2765":"kurs","2766":"\u0142o\u015b\u0107","2767":"ktyc","2768":"mili","2769":"oza ","2770":"zy\u0144s","2771":"leca","2772":"nacj","2773":"odda","2774":" cor","2775":"zarn","2776":"erwa","2777":"nany","2778":"odno","2779":" koc","2780":"tomi","2781":"upy ","2782":" dar","2783":"o\u017cen","2784":"alej","2785":"ofic","2786":"chem","2787":"ola ","2788":"amoc","2789":"morz","2790":"alna","2791":"o\u0142a ","2792":"nauc","2793":"\u015bl\u0105s","2794":"po\u015br","2795":"wiam","2796":"dzic","2797":"roma","2798":" leg","2799":"osi ","2800":"anki","2801":"orac","2802":"epre","2803":"spok","2804":"ewno","2805":"ddzi","2806":"\u0144c\u00f3w","2807":"lewi","2808":"eny ","2809":"ogro","2810":" jez","2811":"ezon","2812":"oga ","2813":"etyc","2814":"ojeg","2815":"wycz","2816":"ekty","2817":"ch\u0119 ","2818":"a\u0142an","2819":"ekcj","2820":"pusz","2821":"\u0142asz","2822":"rakc","2823":"\u0142ym ","2824":"dleg","2825":"oddz","2826":"yk\u00f3w","2827":"duj\u0105","2828":"acki","2829":"rali","2830":"rto\u015b","2831":" skl","2832":"uwag","2833":"na\u0107 ","2834":"nkie","2835":"fert","2836":"niko","2837":"ia\u0107 ","2838":" d ","2839":"ncer","2840":" tyt","2841":"ersj","2842":"asem","2843":"zyja","2844":"dyni","2845":"dnej","2846":"otra","2847":"walc","2848":"wsch","2849":" a\u017c ","2850":" \u015bre","2851":" twi","2852":" daj","2853":"lone","2854":"oja ","2855":" moi","2856":"moch","2857":"zka\u0144","2858":"osto","2859":"podr","2860":"ze\u0144s","2861":"ewa\u017c","2862":" oby","2863":"arno","2864":"\u0105du ","2865":"klep","2866":"dnos","2867":"arte","2868":"aci ","2869":"apew","2870":" sez","2871":"wn\u0119t","2872":"wala","2873":"ako\u015b","2874":"ni\u0119 ","2875":"suje","2876":"najp","2877":"zape","2878":"zuka","2879":"eruj","2880":"enci","2881":"osie","2882":"nuje","2883":"n\u0119tr","2884":"aga ","2885":" szu","2886":"tren","2887":"maci","2888":"z\u00f3w ","2889":"wrze","2890":"\u0142atw","2891":"ntu ","2892":"p\u0142at","2893":"zwan","2894":"ktur","2895":"twoj","2896":" lok","2897":"mocy","2898":"ega ","2899":"unku","2900":" ch\u0142","2901":"cho\u0107","2902":"\u0142aw ","2903":"ierc","2904":"ci\u0119\u017c","2905":"wnyc","2906":" blo","2907":"\u0142uch","2908":"opoz","2909":"eali","2910":"si\u0105c","2911":"skle","2912":"arst","2913":"nuj\u0105","2914":"alow","2915":" gor","2916":"wybi","2917":" ope","2918":"eszt","2919":"wp\u0142y","2920":"zono","2921":"udno","2922":"amac","2923":"yby ","2924":" j\u0105 ","2925":"koli","2926":"odby","2927":"sezo","2928":" pap","2929":"wici","2930":"domi","2931":"azwa","2932":"obyw","2933":"od\u00f3w","2934":"azow","2935":"ciec","2936":"iepo","2937":"mie\u015b","2938":"\u017cszy","2939":"ektu","2940":"wd\u0119 ","2941":"tny ","2942":"\u00f3ch ","2943":"opro","2944":" je\u017c","2945":"arka","2946":"w\u00f3ch","2947":"dw\u00f3c","2948":"taj\u0105","2949":"wraz","2950":"dno ","2951":"ajem","2952":"ityk","2953":"leka","2954":"rzyd","2955":"taka","2956":"krak","2957":"zepr","2958":"igdy","2959":"oces","2960":" tor","2961":"rope","2962":"awd\u0119","2963":"tara","2964":"walk","2965":"dnoc","2966":"iowa","2967":"tero","2968":" ran","2969":"d\u0142u\u017c","2970":"aste","2971":"wypa","2972":"wykl","2973":"nomi","2974":"ecni","2975":"cier","2976":"odej","2977":"rta ","2978":"lam ","2979":"zku ","2980":" zai","2981":" oce","2982":"razi","2983":"mode","2984":"nieb","2985":"ient","2986":"mem ","2987":" kro","2988":"zero","2989":"rma ","2990":" chi","2991":"ewod","2992":"mi\u0142o","2993":"zyk\u0142","2994":"stre","2995":" uzy","2996":"ntra","2997":"ojew","2998":"cown","2999":"mii ","3000":"woj\u0105","3001":"awow","3002":"urod","3003":" ile","3004":"eksp","3005":"\u0105tku","3006":" jas","3007":"skor","3008":"awic","3009":"zed\u0142","3010":" ojc","3011":"an\u00f3w","3012":"s\u0142uc","3013":"doln","3014":"topa","3015":"alic","3016":"iski","3017":"tala","3018":"chy ","3019":"razy","3020":"jnej","3021":"enny","3022":"medi","3023":"pita","3024":"ywi\u015b","3025":"e\u015b\u0107 ","3026":" noc","3027":"aucz","3028":"wyma","3029":"ytu\u0142","3030":"ota ","3031":"och\u0119","3032":" wit","3033":"stol","3034":"ocie","3035":"ytko","3036":"zczo","3037":"ista","3038":"boga","3039":"zajm","3040":"g\u00f3w ","3041":"tuj\u0105","3042":"tii ","3043":"raj ","3044":"\u0142ka ","3045":"\u0142o\u017co","3046":"sobo","3047":"og\u0142o","3048":"waru","3049":"zewa","3050":"wnym","3051":"z\u0105d ","3052":"ekt ","3053":"ntac","3054":"tral","3055":"zabi","3056":"wczy","3057":"wam ","3058":"zchn","3059":"zapa","3060":"odza","3061":"\u0144ca ","3062":"u\u017co ","3063":"wate","3064":"takt","3065":"asa ","3066":"trad","3067":" mic","3068":"siln","3069":"akt ","3070":"tosu","3071":"woim","3072":"ntro","3073":"tawa","3074":"obi\u0142","3075":"ka\u0144c","3076":"czel","3077":"zyk ","3078":"styl","3079":"oszu","3080":"du\u017co","3081":"zak\u0142","3082":"ktua","3083":"pszy","3084":" t\u0142u","3085":" lot","3086":"aria","3087":"kuj\u0105","3088":" arc","3089":"wka ","3090":" suk","3091":"ietl","3092":"mont","3093":"li\u015bc","3094":"dnyc","3095":"raju","3096":"dlac","3097":"isie","3098":"atki","3099":"\u017csze","3100":"nocn","3101":"\u0142ki ","3102":"\u0142kow","3103":"atyw","3104":"wice","3105":"rwa ","3106":"iono","3107":"tyku","3108":" han","3109":"\u0119ta ","3110":"rak ","3111":"poje","3112":"plik","3113":"erun","3114":"byli","3115":"sowy","3116":"olak","3117":"ente","3118":"\u017celi","3119":" imp","3120":" bli","3121":" roc","3122":"iwan","3123":"umow","3124":"zada","3125":"za\u0142a","3126":"\u017cone","3127":"uzys","3128":"rze\u017c","3129":"w\u0142os","3130":"resu","3131":"woic","3132":"kaln","3133":"pos\u0142","3134":"rako","3135":"owol","3136":"\u017cnyc","3137":"nios","3138":"ybra","3139":"muj\u0105","3140":"jnym","3141":"arta","3142":"eral","3143":" ryn","3144":"dcze","3145":"nosz","3146":"ako\u0144","3147":"sja ","3148":"skon","3149":"urze","3150":"z\u0105c ","3151":"unki","3152":"grud","3153":"aku ","3154":"powr","3155":"trol","3156":"lisk","3157":"piek","3158":"erza","3159":"a\u0142ym","3160":"wili","3161":" ogl","3162":"kcie","3163":"dkow","3164":"erii","3165":"og\u0119 ","3166":"wed\u0142","3167":"\u0119\u0142a ","3168":" odz","3169":" uk\u0142","3170":"oro ","3171":"trat","3172":"ali\u015b","3173":"awa\u0142","3174":"porz","3175":"jech","3176":" tyg","3177":"wo\u0142a","3178":"uzna","3179":"\u017cytk","3180":"macz","3181":"andy","3182":"tyst","3183":"raci","3184":"gmin","3185":"taln","3186":"rzyb","3187":"uk\u0142a","3188":"at\u00f3w","3189":"wypr","3190":"alcz","3191":"zial","3192":"osz\u0119","3193":"samy","3194":"anta","3195":"iemn","3196":"ecyz","3197":"wita","3198":"eraj","3199":"o\u0142y ","3200":" s\u0142a","3201":"kart","3202":"zamy","3203":"si\u0119g","3204":"mowe","3205":"pi\u0142k","3206":"oron","3207":"iety","3208":"alu ","3209":"obej","3210":"lnik","3211":"ymie","3212":"iemc","3213":"towi","3214":"nows","3215":"zysc","3216":"p\u00f3\u0142 ","3217":"y\u015bli","3218":"conk","3219":"ywal","3220":"elig","3221":"czem","3222":"zemy","3223":"ste ","3224":" gmi","3225":"dzan","3226":"rto ","3227":"osi\u0142","3228":"t\u0142um","3229":"owoc","3230":"arun","3231":" nac","3232":"anal","3233":" zwa","3234":"dyna","3235":"awio","3236":"omow","3237":" fot","3238":"efek","3239":"spie","3240":"cena","3241":"atak","3242":"robo","3243":"kimi","3244":"ytuc","3245":" obj","3246":"pode","3247":"ort ","3248":"ada\u0142","3249":"alek","3250":"us\u0142u","3251":"e\u017cel","3252":"wach","3253":"ochr","3254":"ctwa","3255":"yma\u0142","3256":" ukr","3257":"trzn","3258":"awar","3259":"borc","3260":"admi","3261":"norm","3262":" wsk","3263":"utwo","3264":"zymi","3265":"ynku","3266":"bry ","3267":"prot","3268":"sach","3269":"iter","3270":"dniu","3271":" mak","3272":"skup","3273":"poro","3274":"narz","3275":" czu","3276":"wysp","3277":"arz\u0105","3278":"ity ","3279":" obc","3280":"ermi","3281":"zo\u015b\u0107","3282":"kces","3283":"jneg","3284":" wsc","3285":" uzn","3286":"demo","3287":"opin","3288":"liwe","3289":"onku","3290":"rne ","3291":"rotn","3292":"woli","3293":"\u0119ciu","3294":"mari","3295":"ni\u0142 ","3296":"skaz","3297":"isze","3298":"renc","3299":"zwal","3300":"eran","3301":"lowe","3302":"amin","3303":"\u0142osz","3304":"uter","3305":"te\u015b ","3306":"uki ","3307":"denc","3308":"rzer","3309":" xd ","3310":"iane","3311":"\u00f3wna","3312":"miel","3313":"zase","3314":"podl","3315":"je\u017ce","3316":"tygo","3317":"odkr","3318":" the","3319":"ital","3320":"eki ","3321":"szec","3322":"iwe ","3323":"osko","3324":"psze","3325":"ca\u0142k","3326":"dn\u0105 ","3327":"tnik","3328":"urow","3329":" her","3330":" wro","3331":"egul","3332":"lnic","3333":"wido","3334":"sien","3335":"nneg","3336":"dysk","3337":"kwie","3338":"ria\u0142","3339":" san","3340":"a\u017cen","3341":"teks","3342":"ligi","3343":"tana","3344":"opej","3345":"mowi","3346":" psy","3347":"wspa","3348":"i\u0142am","3349":"oryc","3350":"rmal","3351":" \u0142\u0105c","3352":"o\u015bni","3353":"r\u0119cz","3354":"ocia","3355":"ka\u0144s","3356":"parc","3357":"zymy","3358":"gdyb","3359":"i\u0119te","3360":" tzw","3361":"n\u0105\u0142 ","3362":"yce ","3363":" sol","3364":"maja","3365":"jsca","3366":" dem","3367":"\u0105czn","3368":"dyby","3369":"esu ","3370":"bryt","3371":"nkur","3372":"zynn","3373":"tro ","3374":"\u0105dow","3375":"ynar","3376":"asne","3377":"\u00f3wi ","3378":"sza\u0142","3379":"tzw ","3380":"leci","3381":"rawy","3382":" arm","3383":"rat ","3384":"szto","3385":"ej\u015bc","3386":"ariu","3387":"urz\u0105","3388":"znia","3389":"ho\u0107 ","3390":" sym","3391":"\u00f3dzt","3392":"ys\u0142a","3393":"iels","3394":"obot","3395":"egor","3396":"nisz","3397":"tudi","3398":"ntem","3399":"nizo","3400":"ksze","3401":"sych","3402":" efe","3403":" wy\u017c","3404":"szed","3405":"ko\u015b\u0107","3406":"li\u0107 ","3407":" wiz","3408":"skar","3409":"ygra","3410":"ta\u0142e","3411":"was ","3412":"egio","3413":"ew\u00f3d","3414":"adu ","3415":"lii ","3416":" km ","3417":"ykle","3418":"\u0105ski","3419":" bol","3420":" kal","3421":"oszt","3422":" pry","3423":"ncie","3424":"pnia","3425":"fika","3426":"zain","3427":"oste","3428":"abie","3429":"ndar","3430":" szp","3431":" sup","3432":"anem","3433":"rote","3434":" zma","3435":"\u0142ywa","3436":"wowa","3437":"zowi","3438":"atel","3439":"uszk","3440":"mog\u0142","3441":"i\u0105\u017ck","3442":"bawi","3443":"wc\u00f3w","3444":"\u0142o\u017cy","3445":"azu ","3446":"wist","3447":"talo","3448":" mim","3449":"pejs","3450":"atol","3451":"jmow","3452":"wneg","3453":"ruje","3454":"aczo","3455":"alon","3456":"cjac","3457":"zdan","3458":" ana","3459":"tion","3460":"niwe","3461":"umac","3462":"i\u0142em","3463":"lien","3464":" tek","3465":"opar","3466":"egra","3467":"yci\u0119","3468":"omo\u015b","3469":"adal","3470":"i\u00f3w ","3471":"eg\u0142o","3472":"cies","3473":"dok\u0142","3474":"wspo","3475":"obsz","3476":" tut","3477":"ozwa","3478":"odbi","3479":"gion","3480":"urat","3481":"dukc","3482":" s ","3483":"lach","3484":"kate","3485":"ysku","3486":"ypom","3487":"jew\u00f3","3488":"papi","3489":"nans","3490":"ojen","3491":"ckic","3492":"iat ","3493":"rmin","3494":"o\u0142o\u017c","3495":"kand","3496":"esza","3497":" sma","3498":"ezes","3499":"jska","3500":" gry","3501":"nerg","3502":"ompl","3503":"nisk","3504":" one","3505":"eryt","3506":"ewan","3507":"ewne","3508":"nane","3509":"kaj\u0105","3510":"000 ","3511":"zkan","3512":"rchi","3513":"nnie","3514":"odci","3515":"a\u0142ej","3516":"anii","3517":"zaka","3518":"\u00f3\u017cny","3519":"aski","3520":"uszy","3521":"mym ","3522":"odne","3523":"nazy","3524":"dal ","3525":"mski","3526":"znak","3527":"ymia","3528":"ezna","3529":"rium","3530":"ietr","3531":"kret","3532":"iel ","3533":"ikt ","3534":"kute","3535":" drz","3536":"da\u0142o","3537":"ak\u0105 ","3538":"iszc","3539":"po\u0142\u0105","3540":"emni","3541":"orad","3542":" ona","3543":"sto\u015b","3544":"pini","3545":"ieza","3546":" pa\u017a","3547":"park","3548":"j\u0105tk","3549":"raw ","3550":"elko","3551":" ode","3552":"czec","3553":" ods","3554":"zakr","3555":" nos","3556":" sal","3557":"stw ","3558":"atun","3559":"ybie","3560":"ynaj","3561":"a\u017adz","3562":"wrac","3563":" ene","3564":" tes","3565":"zeko","3566":"rabi","3567":"ntak","3568":"czyz","3569":"rzyz","3570":"onom","3571":"kle ","3572":"iwie","3573":"odr\u00f3","3574":"esa ","3575":"klie","3576":" m\u0119\u017c","3577":"acj\u0105","3578":"spom","3579":" wy\u0142","3580":"rmow","3581":"loni","3582":"eski","3583":"eszy","3584":"mi\u0119 ","3585":"nizm","3586":"zmar","3587":"odaj","3588":"inal","3589":"aca ","3590":"gnie","3591":"kcyj","3592":"ancu","3593":"fekt","3594":"leks","3595":"z\u0119dz","3596":"pion","3597":" kop","3598":"pa\u017ad","3599":"kown","3600":"repr","3601":"estn","3602":" dwu","3603":"cham","3604":"adio","3605":"\u00f3wki","3606":"\u0105cze","3607":"p\u00f3\u0142p","3608":" odk","3609":"doko","3610":"elew","3611":" tw\u00f3","3612":"tarn","3613":"zter","3614":" ilo","3615":"ci\u0105\u017c","3616":"podk","3617":"ortu","3618":"ob\u0105 ","3619":"gle ","3620":"zewi","3621":"toma","3622":"wyk\u0142","3623":"zmu ","3624":"tuta","3625":"wcy ","3626":"w\u015br\u00f3","3627":"lani","3628":"pokr","3629":"czy\u0144","3630":"regi","3631":"nost","3632":" w\u015br","3633":"\u00f3wny","3634":" bio","3635":"erwi","3636":"ntru","3637":"prak","3638":"gorz","3639":"mawi","3640":"taci","3641":"tni ","3642":"sk\u00f3r","3643":" wam","3644":"pach","3645":"pana","3646":" \u015bl\u0105","3647":"wie\u015b","3648":"a\u0142o\u015b","3649":"omis","3650":"iwer","3651":"adem","3652":"ra\u017ca","3653":" lut","3654":" my ","3655":"wian","3656":"\u0119czn","3657":"owac","3658":"zatr","3659":"dr\u00f3\u017c","3660":"bsza","3661":"esor","3662":"aw\u0119 ","3663":" gre","3664":"psyc","3665":"ejne","3666":"gra ","3667":"odaw","3668":"uzyk","3669":"cio\u0142","3670":"zamk","3671":"opow","3672":"skan","3673":" tom","3674":"soko","3675":"the ","3676":"alac","3677":"acz\u0105","3678":"lina","3679":"pad\u0142","3680":"ysto","3681":"art ","3682":"czte","3683":"rozs","3684":" wpi","3685":"uktu","3686":"ra\u0142a","3687":" har","3688":"okra","3689":"ymag","3690":" gaz","3691":"a\u0142ko","3692":" zim","3693":"uniw","3694":" upr","3695":" wzr","3696":"ajwy","3697":"dycj","3698":"kcjo","3699":"rza\u0142","3700":"utaj","3701":" czt","3702":"fund","3703":"upa ","3704":" sum","3705":" las","3706":"o\u015bli","3707":"dki ","3708":"odpi","3709":"mart","3710":"\u0105pi\u0142","3711":"ejrz","3712":"zora","3713":" try","3714":"ta\u0142c","3715":"zaso","3716":"zbie","3717":"choc","3718":"lku ","3719":"sadz","3720":"si\u0105g","3721":"ko\u0142a","3722":"ot\u00f3w","3723":"cydo","3724":"lami","3725":"ywis","3726":"bra ","3727":"edyc","3728":"wizj","3729":"du\u017cy","3730":"inni","3731":"rany","3732":"szyn","3733":" zwr","3734":"\u00f3wcz","3735":"rwa\u0142","3736":"apro","3737":"icha","3738":"pisu","3739":"araz","3740":"ajmn","3741":"kata","3742":"zo\u015bc","3743":"ert ","3744":"ilni","3745":"osi\u0105","3746":" dwi","3747":"yciu","3748":"\u00f3\u0142pr","3749":" che","3750":"jmni","3751":"bowa","3752":"yski","3753":"iose","3754":"ntuj","3755":" teo","3756":"adne","3757":"tars","3758":"iers","3759":"tawo","3760":" zre","3761":"radi","3762":"legi","3763":"amo ","3764":"poma","3765":" oni","3766":"twem","3767":"onic","3768":"du\u017ce","3769":"czow","3770":"dy\u015b ","3771":"yst\u0105","3772":"szac","3773":"oko\u015b","3774":"iej\u0119","3775":"lipc","3776":"bank","3777":"najc","3778":"kurw","3779":" sej","3780":"\u017cnic","3781":"h\u0142op","3782":"kazj","3783":"opni","3784":"go\u015bc","3785":"p\u0142yt","3786":"olny","3787":"ysze","3788":"\u0142e\u015b ","3789":"dawc","3790":"liko","3791":"demi","3792":"elac","3793":"i\u0119ty","3794":"armo","3795":"kura","3796":"odel","3797":"cz\u0119 ","3798":"od\u0119 ","3799":"e\u0144sk","3800":"zyje","3801":" zan","3802":"ci\u00f3\u0142","3803":" sp\u00f3","3804":"obse","3805":"zdec","3806":"\u0142ek ","3807":"ficz","3808":"dami","3809":"cora","3810":"azan","3811":"edia","3812":"ekla","3813":"ywny","3814":"ede ","3815":"tryb","3816":"uper","3817":"cyzj","3818":" pac","3819":"ard ","3820":"erwc","3821":"icz\u0105","3822":"rny ","3823":"usze","3824":"cert","3825":"rcze","3826":"sne ","3827":"o\u0144ca","3828":"ejmu","3829":"ybko","3830":"wnej","3831":"ostk","3832":"ulic","3833":"epro","3834":"ogii","3835":"usia","3836":"do\u015b\u0107","3837":" zje","3838":"wczo","3839":"ersy","3840":"amym","3841":"adyc","3842":"ilm ","3843":"gatu","3844":" kac","3845":"agi ","3846":" rej","3847":"tryc","3848":" ro\u015b","3849":"yka\u0144","3850":"o\u015bre","3851":"rofe","3852":"obi ","3853":"rzan","3854":"iano","3855":"esty","3856":"ycja","3857":"celu","3858":" twa","3859":"mocj","3860":"ulac","3861":"rpni","3862":"lefo","3863":"szki","3864":"nikt","3865":" gal","3866":"zkow","3867":"s\u0142ab","3868":"rtyk","3869":"ona\u0142","3870":"elef","3871":"wroc","3872":"anka","3873":"si\u0142 ","3874":"giel","3875":"rown","3876":"zali","3877":"olne","3878":"irmy","3879":"rmie","3880":" faj","3881":"efon","3882":"wrot","3883":"mars","3884":"unek","3885":"dru\u017c","3886":"\u015bciw","3887":"lwie","3888":"jsko","3889":"aln\u0105","3890":"scen","3891":"and ","3892":"doba","3893":"\u0142pra","3894":"wywa","3895":"tys ","3896":"olwi","3897":"erpn","3898":"doku","3899":"mple","3900":"y\u015bci","3901":"kolw","3902":"bra\u0142","3903":"bion","3904":"eni\u0105","3905":"wyj\u0105","3906":"g\u0142\u0119b","3907":"a\u0142by","3908":"jali","3909":"nala","3910":"otwi","3911":"zja ","3912":"a\u0142al","3913":"kogo","3914":" del","3915":"u\u017cyn","3916":"rado","3917":"uchu","3918":"wida","3919":"esi\u0119","3920":"wasz","3921":"ealn","3922":"ru\u017cy","3923":"oki ","3924":"onia","3925":"lowy","3926":"blis","3927":"\u0142uma","3928":"tocz","3929":" opu","3930":"kacz","3931":"dom ","3932":"ciac","3933":"trz ","3934":"ytor","3935":"eczo","3936":"j\u0105c\u0105","3937":"a\u0142\u0105 ","3938":"acz\u0119","3939":"mog\u0119","3940":"pca ","3941":"soki","3942":"iega","3943":"rzy\u017c","3944":" ple","3945":"pne ","3946":"\u0144cu ","3947":"rius","3948":"ki\u015b ","3949":"aki\u015b","3950":" po\u017c","3951":"nnej","3952":"wody","3953":" ata","3954":"\u0144ska","3955":"chrz","3956":"ktro","3957":" kaw","3958":"acuj","3959":"cz\u0119\u0142","3960":"szpi","3961":"rtu ","3962":" mot","3963":" za\u015b","3964":"zyki","3965":"rci ","3966":"cami","3967":"ia\u0142u","3968":"ywne","3969":"\u00f3r\u0105 ","3970":" got","3971":"rial","3972":"upie","3973":" wes","3974":"romo","3975":"powy","3976":"laj\u0105","3977":"mia ","3978":"utrz","3979":"m\u00f3j ","3980":"cam ","3981":"tate","3982":"\u0142aby","3983":"ieta","3984":"ynos","3985":"\u0142aln","3986":"grac","3987":"asty","3988":"cem ","3989":"zega","3990":"sejm","3991":"ycze","3992":"pi\u0107 ","3993":"scu ","3994":"tawy","3995":"rupy","3996":"lczy","3997":" rez","3998":"\u0105zku","3999":" ref","4000":" paw","4001":"jsco","4002":"scow","4003":"ewn\u0119","4004":" rus","4005":" og\u0142","4006":"puje","4007":"hand","4008":" red","4009":"rzet","4010":"ande","4011":"byt ","4012":"esze","4013":"iepr","4014":" adm","4015":"c\u0142aw","4016":"eczu","4017":" zaa","4018":"inia","4019":"supe","4020":"i\u0119cy","4021":" sk\u00f3","4022":"am\u00f3w","4023":"zaj ","4024":"y\u0142\u0105c","4025":"ckim","4026":"pisy","4027":"tucj","4028":"icac","4029":"tan ","4030":"bili","4031":" m\u00f3j","4032":"era\u0142","4033":"aru ","4034":"tysi","4035":"ine ","4036":"erna","4037":"ergi","4038":"zapi","4039":"rkow","4040":" nak","4041":"\u0142aci","4042":"skrz","4043":" uli","4044":"dny ","4045":"ros\u0142","4046":"knie","4047":" \u017cyw","4048":"adek","4049":"uczn","4050":"do\u015bw","4051":"tor\u00f3","4052":"ocz\u0119","4053":"reli","4054":"zi\u0142a","4055":"rnyc","4056":"topn","4057":"rcza","4058":"zbud","4059":" mom","4060":"zedn","4061":"i\u0105dz","4062":" r\u0119k","4063":"tno\u015b","4064":"podw","4065":"j\u00f3w ","4066":"azji","4067":"\u017cki ","4068":"mome","4069":"biek","4070":"wcza","4071":"awe ","4072":"mnia","4073":"yta ","4074":"ciep","4075":"ctwo","4076":"okr\u0119","4077":" odl","4078":"\u017cona","4079":"pali","4080":"etrz","4081":"i\u017csz","4082":"go\u015b ","4083":"w\u00f3rc","4084":" nis","4085":"poci","4086":"\u0105czy","4087":"rozg","4088":"s\u0142on","4089":"a\u0142eg","4090":"ed\u0142 ","4091":"nice","4092":"agan","4093":"yj\u0105t","4094":"ton ","4095":"iazd","4096":"jscu","4097":"jakb","4098":"miot","4099":"opod","4100":"ron ","4101":"bser","4102":"raty","4103":"zeby","4104":"akby","4105":"went","4106":"ower","4107":"der ","4108":"temp","4109":"idea","4110":"ewol","4111":"ezio","4112":"tywa","4113":"wa\u017c ","4114":" tab","4115":"\u017cy\u0142 ","4116":"wpis","4117":" mik","4118":"fajn","4119":"racu","4120":"\u0142owe","4121":"dii ","4122":"nywa","4123":"\u0105tek","4124":"edy\u015b","4125":" bur","4126":"y\u0142em","4127":"kume","4128":"spek","4129":"rene","4130":"ofes","4131":"rna ","4132":"iet ","4133":"rukt","4134":"ajci","4135":" w\u0119g","4136":" kot","4137":"ryto","4138":"wi\u0105t","4139":" wzi","4140":"to\u015b\u0107","4141":"wacj","4142":" ko\u0142","4143":" kaz","4144":"zegr","4145":"horo","4146":"gie ","4147":" des","4148":"\u0119ty ","4149":"rynk","4150":"oraj","4151":"adny","4152":"zaku","4153":"otwa","4154":"esto","4155":"dmin","4156":"ypos","4157":"zerz","4158":"lekc","4159":"ace ","4160":" spi","4161":" gat","4162":"zede","4163":"aust","4164":"ters","4165":"atra","4166":"mich","4167":"lion","4168":"\u0142ysz","4169":" x ","4170":"rno\u015b","4171":"ro\u015bl","4172":"kopo","4173":"aint","4174":"down","4175":"\u00f3lne","4176":"omys","4177":" fac","4178":"\u00f3lno","4179":"wowe","4180":"ubie","4181":"kade","4182":"giej","4183":"yty ","4184":" aus","4185":"a\u0144c\u00f3","4186":" soc","4187":"zupe","4188":"ogi ","4189":"zcie","4190":"\u017ar\u00f3d","4191":"oczo","4192":" zaz","4193":"gia ","4194":"rant","4195":"tnyc","4196":"znaw","4197":"tenc","4198":"ydat","4199":"ecia","4200":"\u0119cy ","4201":"ilo\u015b","4202":"orzo","4203":"naj\u0105","4204":"aler","4205":"\u017caj\u0105","4206":"chwa","4207":"a\u0142ac","4208":" dek","4209":"emia","4210":"okum","4211":"edze","4212":"zowe","4213":"czep","4214":"inno","4215":"wek ","4216":"ebra","4217":"inna","4218":"kom ","4219":"uch ","4220":" obu","4221":"ka\u0142 ","4222":"k\u00f3\u0142 ","4223":"polo","4224":"ance","4225":"akuj","4226":"siec","4227":"dzyn","4228":" jut","4229":"akre","4230":"a\u0142\u00f3w","4231":"dpis","4232":"kawe","4233":" ada","4234":" usa","4235":"rodn","4236":" go\u015b","4237":"ugo ","4238":"ze\u0107 ","4239":"krot","4240":"jutr","4241":" szw","4242":"akup","4243":"e\u015bla","4244":" \u0142at","4245":"trzo","4246":"posa","4247":"r\u00f3le","4248":"i\u0119ku","4249":"rwon","4250":"wa\u0142e","4251":"ag\u0119 ","4252":"oski","4253":"in\u0119 ","4254":"rzy\u0107","4255":"um>0","4256":"p\u0142yn","4257":" s\u0142y","4258":" baz","4259":"kcj\u0119","4260":"orcz","4261":" bal","4262":"j\u0105\u0142 ","4263":"t\u00f3r\u0105","4264":"\u0142ady","4265":"rane","4266":"kie\u015b","4267":"a\u017cne","4268":"dusz","4269":"ajni","4270":"erz ","4271":" \u017ar\u00f3","4272":" maz","4273":"ocja","4274":"izm ","4275":"rze\u0142","4276":"\u0119pow","4277":"o\u0144cu","4278":"ryta","4279":"g\u00f3rn","4280":"spar","4281":" sce","4282":"meta","4283":"bi\u0119 ","4284":"rcia","4285":"\u0142by ","4286":"lewa","4287":"dego","4288":"onfe","4289":"wnio","4290":"sfer","4291":" wci","4292":"p\u00f3\u0142c","4293":"obli","4294":"bne ","4295":"\u015bwi\u0105","4296":"gula","4297":"zymu","4298":"ecka","4299":"otyk","4300":"ydan","4301":"teln","4302":"typu","4303":"omi\u0119","4304":"moja","4305":"cesa","4306":"ntyn","4307":"ina\u0142","4308":"styk","4309":"upe\u0142","4310":"ast\u0105","4311":"u\u017cyc","4312":" lig","4313":" oto","4314":"olac","4315":"ward","4316":"wenc","4317":"ekaz","4318":"czuj","4319":"zin ","4320":"omag","4321":"mo\u015bc","4322":"ojni","4323":"pers","4324":" wr\u00f3","4325":"hni ","4326":"hoci","4327":"t\u0119po","4328":"mpan","4329":"kcje","4330":"jwy\u017c","4331":"nder","4332":"tale","4333":"odny","4334":"zemu","4335":"fere","4336":"zar\u00f3","4337":" n ","4338":"siej","4339":" kad","4340":"zdra","4341":"teli","4342":"stot","4343":"ypu ","4344":"ncus","4345":"ficj","4346":"ow\u0119 ","4347":"osun","4348":"erta","4349":"\u0119tni","4350":"\u0144cze","4351":"andi","4352":"ztuk","4353":"zaba","4354":" fan","4355":"inut","4356":"nown","4357":"lice","4358":" ber","4359":"\u00f3wka","4360":"ost ","4361":"omat","4362":" rzy","4363":" gwi","4364":"ydaj","4365":"arca","4366":"mput","4367":"matk","4368":" zau","4369":"pres","4370":"ajmu","4371":"ukce","4372":"rdow","4373":"zaje","4374":"ecam","4375":"s\u0142a ","4376":"erok","4377":"mper","4378":"i\u0105ga","4379":"ajwa","4380":"sukc","4381":"uty ","4382":"cieb","4383":" bru","4384":" eko","4385":"y\u0142am","4386":" jar","4387":"per ","4388":"najs","4389":"lotn","4390":"\u0142osi","4391":"rier","4392":"bram","4393":"lica","4394":"pies","4395":"lacy","4396":"rzu ","4397":"ko\u0142y","4398":"ompu","4399":"mokr","4400":" gwa","4401":"czko","4402":" odm","4403":"wowy","4404":"ska\u0142","4405":"otu ","4406":"neto","4407":"king","4408":"epis","4409":"liwy","4410":"cz\u0105\u0142","4411":" \u015bw ","4412":"tart","4413":"nolo","4414":"tom ","4415":"on\u0119 ","4416":"ucji","4417":"zie\u017c","4418":"cusk","4419":"moim","4420":"aczk","4421":"atec","4422":"dosk","4423":"r\u00f3tk","4424":"iwia","4425":"teor","4426":"bert","4427":"emon","4428":"spad","4429":"gry ","4430":"wale","4431":"szel","4432":"iej\u0105","4433":"owit","4434":"kono","4435":"\u0119d\u0119 ","4436":"ol\u0119 ","4437":"kiew","4438":"bko ","4439":"dka ","4440":" de ","4441":"zbyt","4442":"i\u00f3\u0142 ","4443":" tan","4444":"po\u017cy","4445":"sarz","4446":"\u0142awa","4447":"b\u0119d\u0119","4448":"i\u0119\u017ck","4449":"dera","4450":"yman","4451":"azwy","4452":"zebn","4453":"o\u0144sk","4454":" dia","4455":" iii","4456":"dywi","4457":"wzro","4458":"duch","4459":"owa\u017c","4460":"wyja","4461":"adki","4462":" uch","4463":"ofil","4464":"tnio","4465":" kog","4466":"z\u0105du","4467":"tr\u00f3w","4468":"ma\u0142y","4469":"gowa","4470":"doch","4471":"ikat","4472":"opon","4473":" dra","4474":"a\u0142yc","4475":"zwoj","4476":"\u0142adu","4477":"jn\u0105 ","4478":"giem","4479":"rela","4480":"ycz\u0105","4481":"m\u00f3g\u0142","4482":" pus","4483":"edsi","4484":"amor","4485":"olu ","4486":"pute","4487":"piel","4488":"ieki","4489":"iczk","4490":"ewa ","4491":"lane","4492":"tand","4493":"\u0119pny","4494":"jaka","4495":"ces ","4496":"iotr","4497":"\u015blin","4498":"ra\u017ce","4499":"urz\u0119","4500":"ruj\u0105","4501":"rsyt","4502":"orus","4503":"syte","4504":"i\u0142ka","4505":"i\u0119to","4506":"le\u017ca","4507":"lima","4508":" car","4509":"opy ","4510":"dzio","4511":"utro","4512":"ha\u0107 ","4513":"i\u0142o\u015b","4514":"sa\u0142 ","4515":"dows","4516":"ow\u00f3d","4517":"zabr","4518":"\u017cno\u015b","4519":"ze\u015bc","4520":" ksz","4521":"tunk","4522":"ecen","4523":"awda","4524":"zina","4525":" zja","4526":"wda ","4527":"angi","4528":"suj\u0105","4529":"dmio","4530":" wch","4531":"jrze","4532":"deal","4533":"sion","4534":"awno","4535":"pano","4536":"dopo","4537":"dliw","4538":"tce ","4539":" moz","4540":"okow","4541":" \u0142ad","4542":"kony","4543":"lin ","4544":"\u0105dzi","4545":"as\u00f3w","4546":"omo ","4547":"zaro","4548":"awi\u0107","4549":" wio","4550":"raku","4551":"yku\u0142","4552":"\u00f3\u0142cz","4553":"moc ","4554":"zeln","4555":"elka","4556":"nieo","4557":"jowe","4558":"wewn","4559":"anto","4560":"spow","4561":"mar\u0142","4562":"wizy","4563":"zbio","4564":" k ","4565":"a\u017cy ","4566":"\u0119stw","4567":" wew","4568":"piot","4569":"razu","4570":"anci","4571":"cha\u0107","4572":"tors","4573":" duc","4574":"oc\u0142a","4575":"wywi","4576":"rosj","4577":"romn","4578":"edmi","4579":" bib","4580":"wi\u0105 ","4581":"atru","4582":"szpa","4583":" zwo","4584":"amu ","4585":"atka","4586":"niak","4587":"wyzn","4588":"wag\u0119","4589":"olin","4590":"inii","4591":"ewiz","4592":"awcz","4593":"orob","4594":"awne","4595":"osen","4596":"foto","4597":"zwa ","4598":"ci\u0119 ","4599":" b ","4600":"rszy","4601":"atwi","4602":"s\u0142ys","4603":"rku ","4604":"sca ","4605":"litw","4606":"sob\u0105","4607":"ostw","4608":"rano","4609":"dali","4610":"\u0105gu ","4611":"a\u017con","4612":" pia","4613":"ienk","4614":"bora","4615":"d\u0142a ","4616":"meto","4617":"\u0119kuj","4618":"szty","4619":"isji","4620":"esp\u00f3","4621":"ajow","4622":"ytaj","4623":"\u0119\u017ccz","4624":"roli","4625":" doj","4626":"l\u0119du","4627":"gier","4628":"dsi\u0119","4629":"miem","4630":" szl","4631":" zby","4632":" lid","4633":"obil","4634":"tna ","4635":"ronn","4636":" awa","4637":"\u017cczy","4638":"krai","4639":"m\u0119\u017cc","4640":"is\u0142a","4641":"wywo","4642":"andl","4643":"ibli","4644":"eda\u017c","4645":"p\u00f3w ","4646":" bit","4647":"ewcz","4648":"ykow","4649":"i\u0119st","4650":"szew","4651":" dre","4652":" gar","4653":"da\u0142a","4654":"docz","4655":"dynk","4656":"eram","4657":"czuc","4658":"\u0142awi","4659":"lita","4660":"p\u0119dz","4661":"owi\u0142","4662":" swe","4663":"dym ","4664":"yku ","4665":"ngie","4666":"anio","4667":"edn\u0105","4668":"jwa\u017c","4669":"bibl","4670":" uwi","4671":"\u0105gni","4672":"sama","4673":"ar\u0142 ","4674":" dwo","4675":"eprz","4676":"\u0105da ","4677":"garn","4678":"twow","4679":"ikar","4680":"blok","4681":"odka","4682":"olan","4683":"eduk","4684":" bo\u017c","4685":"\u0142u\u017cb","4686":"ymy ","4687":"ajcz","4688":"zyty","4689":"tk\u00f3w","4690":"irma","4691":"umer","4692":"bra\u0107","4693":" deb","4694":"erty","4695":"dyda","4696":"chom","4697":"ynow","4698":"ic\u0119 ","4699":"tk\u0119 ","4700":"ozyt","4701":"ceny","4702":"es\u0142a","4703":"sko\u0144","4704":"wybu","4705":"pryw","4706":" rew","4707":"klam","4708":"budy","4709":"wysz","4710":" c ","4711":"idze","4712":"esar","4713":"inic","4714":"d\u0142o ","4715":"miny","4716":"kola","4717":"pogo","4718":"\u0142oso","4719":"ozdr","4720":"edli","4721":"wole","4722":"wiaz","4723":"uga ","4724":"wce ","4725":" ces","4726":"wi\u0142a","4727":"cian","4728":"\u00f3lny","4729":"bisk","4730":"potw","4731":"cykl","4732":"akce","4733":"nni ","4734":"a\u017ani","4735":" tea","4736":"cien","4737":"nocy","4738":"zowy","4739":"\u0142ach","4740":"kawa","4741":"zy\u0142o","4742":"io\u0142a","4743":"ycy ","4744":"doro","4745":"znic","4746":"owyw","4747":"azdy","4748":" oba","4749":" wni","4750":"zbro","4751":"torz","4752":"iesk","4753":"ydar","4754":"wy\u0142\u0105","4755":"cia\u017c","4756":" bis","4757":"rast","4758":" inw","4759":" abs","4760":"sunk","4761":"lan ","4762":"lak\u00f3","4763":"mino","4764":"z\u0105\u0142 ","4765":"egu ","4766":"\u0142o\u017ce","4767":"budz","4768":"iary","4769":"i\u0105te","4770":"abaw","4771":"szy\u0142","4772":"pekt","4773":"mora","4774":"onto","4775":"rsze","4776":"dcin","4777":"ntel","4778":"wsza","4779":"etod","4780":"jem ","4781":"roln","4782":" \u017con","4783":"apom","4784":"sand","4785":"taro","4786":"taty","4787":"ziwi","4788":"wia\u0142","4789":"esne","4790":"izuj","4791":"anis","4792":"okro","4793":" kuc","4794":" m\u00f3g","4795":"ad\u00f3w","4796":"zaj\u0119","4797":"ajdz","4798":"\u0119\u0142o ","4799":"soli","4800":"ca\u0142o","4801":"onyw","4802":" bym","4803":"rogi","4804":"\u017cesz","4805":"nume","4806":"eg\u00f3\u0142","4807":"zied","4808":"grzy","4809":"eleg","4810":"roga","4811":"span","4812":"last","4813":"ekol","4814":"za\u015b ","4815":"s\u0142an","4816":"sens","4817":"sa\u0107 ","4818":"znow","4819":"orni","4820":"koda","4821":"abra","4822":"w\u00f3wc","4823":"kasz","4824":"udyn","4825":"le\u017c\u0105","4826":"ndyd","4827":"jaci","4828":"rody","4829":"eusz","4830":"rosy","4831":"zk\u0119 ","4832":"oma ","4833":"zyny","4834":"wyno","4835":"i\u0105gu","4836":"jan ","4837":"nda ","4838":"zeki","4839":"zdy ","4840":"jasn","4841":"awdo","4842":"anna","4843":"onty","4844":"zato","4845":"ot\u0119 ","4846":"oko ","4847":"sowi","4848":"wara","4849":" g\u0142u","4850":"por\u00f3","4851":"wami","4852":"darc","4853":"m>00","4854":"rupa","4855":"li\u0142 ","4856":"isow","4857":"spol","4858":"watn","4859":"wyro","4860":"alog","4861":"kam ","4862":" zw\u0142","4863":"alsz","4864":"zuca","4865":"iote","4866":"ideo","4867":"mogl","4868":"wcho","4869":"abia","4870":"\u00f3\u017cne","4871":"ipca","4872":"j\u015b\u0107 ","4873":" tez","4874":"ucen","4875":"romi","4876":"wdop","4877":"tymi","4878":" bla","4879":"klim","4880":"uda\u0142","4881":" upa","4882":"idz\u0119","4883":"achu","4884":"rozk","4885":" wy\u015b","4886":"\u0142u\u017cy","4887":"iczo","4888":"wiar","4889":"omic","4890":"olow","4891":"ma\u0142e","4892":" \u017cyd","4893":"pi\u0105t","4894":"isa\u0107","4895":"enin","4896":"lni ","4897":"arzu","4898":"o\u017cyc","4899":"\u017cowa","4900":" pi\u0105","4901":"rosi","4902":"\u0142oby","4903":"juz ","4904":"dzil","4905":"szla","4906":"ytet","4907":"zebi","4908":"rajo","4909":"elan","4910":"yjac","4911":"\u0142nia","4912":"\u0142ami","4913":"rwca","4914":"awny","4915":"rz\u0119t","4916":"okry","4917":"apli","4918":"pi\u0142 ","4919":" t ","4920":" nr ","4921":"auko","4922":"\u0119te ","4923":"sw\u00f3j","4924":"jczy","4925":" plu","4926":"jenn","4927":"moni","4928":"ac\u0119 ","4929":"itar","4930":"jsza","4931":"g\u0142up","4932":"kwes","4933":"atyk","4934":"nawa","4935":"ryzy","4936":"zebu","4937":" sw\u00f3","4938":"arla","4939":"u\u015bci","4940":"zmow","4941":" i\u017c ","4942":"emys","4943":"\u0142bym","4944":"arab","4945":"enda","4946":"o\u0142u ","4947":" kin","4948":" o\u015bw","4949":"typo","4950":" uci","4951":"lute","4952":"bec ","4953":"iedo","4954":"aden","4955":"eder","4956":"nicj","4957":"wko ","4958":"\u00f3ci\u0142","4959":"wa\u0144 ","4960":"kocz","4961":" but","4962":" jac","4963":"ynek","4964":"i\u0105c ","4965":"atal","4966":"lano","4967":"omit","4968":"nci ","4969":"ywia","4970":"izmu","4971":"serc","4972":"\u00f3wne","4973":"cisk","4974":"rtii","4975":" w\u00f3w","4976":"ropi","4977":"bi\u0142 ","4978":"nten","4979":"rybu","4980":"sia\u0142","4981":"rwow","4982":"alin","4983":"emi ","4984":" zno","4985":"ajpi","4986":"ocne","4987":"iowi","4988":"lubu","4989":" wob","4990":"erst","4991":" zup","4992":"o\u017cem","4993":" da ","4994":"upra","4995":" usu","4996":"y\u015ble","4997":"olet","4998":"wie\u017c","4999":"stad"}}