{"por":{"0":"de","1":"que","2":"num","3":"do","4":"da","5":"em","6":"com","7":"um","8":"no","9":"para","10":"n\u00e3o","11":"uma","12":"na","13":"os","14":"eu","15":"se","16":"por","17":"as","18":"como","19":"mais","20":"dos","21":"foi","22":"mas","23":"ao","24":"s\u00e3o","25":"pra","26":"das","27":"me","28":"ser","29":"ou","30":"tem","31":"sua","32":"s\u00f3","33":"meu","34":"j\u00e1","35":"seu","36":"minha","37":"muito","38":"quando","39":"ele","40":"pelo","41":"pela","42":"dia","43":"tamb\u00e9m","44":"vai","45":"entre","46":"at\u00e9","47":"nos","48":"sobre","49":"isso","50":"ainda","51":"voc\u00ea","52":"era","53":"mesmo","54":"anos","55":"ter","56":"est\u00e1","57":"vou","58":"esse","59":"bem","60":"ela","61":"sem","62":"cidade","63":"essa","64":"vida","65":"fazer","66":"hoje","67":"nas","68":"pode","69":"grande","70":"quem","71":"pessoas","72":"tudo","73":"nem","74":"brasil","75":"rio","76":"estado","77":"seus","78":"ano","79":"todos","80":"t\u00e1","81":"assim","82":"trabalho","83":"te","84":"munic\u00edpio","85":"gente","86":"mundo","87":"agora","88":"casa","89":"universidade","90":"foram","91":"todo","92":"ver","93":"tenho","94":"depois","95":"aqui","96":"onde","97":"to","98":"parte","99":"pq","100":"aos","101":"tempo","102":"sempre","103":"este","104":"melhor","105":"vc","106":"vez","107":"sendo","108":"outros","109":"\u00e0s","110":"bom","111":"nada","112":"suas","113":"maior","114":"dois","115":"deus","116":"paulo","117":"h\u00e1","118":"t\u00e3o","119":"esta","120":"cada","121":"pessoa","122":"nome","123":"faz","124":"forma","125":"sei","126":"nunca","127":"sou","128":"\u00e1rea","129":"al\u00e9m","130":"regi\u00e3o","131":"coisa","132":"primeiro","133":"ent\u00e3o","134":"durante","135":"curso","136":"porque","137":"est\u00e3o","138":"quero","139":"cara","140":"apenas","141":"pa\u00eds","142":"segundo","143":"sul","144":"primeira","145":"novo","146":"eles","147":"vezes","148":"ficar","149":"mim","150":"queria","151":"desenvolvimento","152":"tinha","153":"dias","154":"desde","155":"nao","156":"toda","157":"nacional","158":"hist\u00f3ria","159":"ta","160":"tanto","161":"qual","162":"duas","163":"educa\u00e7\u00e3o","164":"brasileiro","165":"ap\u00f3s","166":"l\u00e1","167":"ir","168":"alguns","169":"estou","170":"outras","171":"dar","172":"acho","173":"sa\u00fade","174":"federal","175":"pelos","176":"meio","177":"centro","178":"seja","179":"outro","180":"partir","181":"menos","182":"nossa","183":"popula\u00e7\u00e3o","184":"quer","185":"contra","186":"algu\u00e9m","187":"nova","188":"antes","189":"boa","190":"sim","191":"t\u00f4","192":"outra","193":"janeiro","194":"falar","195":"pesquisa","196":"amor","197":"todas","198":"governo","199":"tr\u00eas","200":"a\u00ed","201":"ser\u00e1","202":"guerra","203":"s\u00e9culo","204":"coisas","205":"grupo","206":"v\u00eddeo","207":"atrav\u00e9s","208":"semana","209":"participa\u00e7\u00e3o","210":"tipo","211":"sistema","212":"fica","213":"final","214":"tu","215":"processo","216":"escola","217":"pouco","218":"qualquer","219":"caso","220":"produ\u00e7\u00e3o","221":"norte","222":"programa","223":"podem","224":"pois","225":"vem","226":"estava","227":"deve","228":"meus","229":"lugar","230":"conta","231":"direito","232":"presidente","233":"poder","234":"estar","235":"sabe","236":"m\u00e3e","237":"\u00e1gua","238":"voc\u00eas","239":"local","240":"mil","241":"social","242":"in","243":"ensino","244":"estudo","245":"lado","246":"habitantes","247":"mulher","248":"enquanto","249":"pro","250":"algumas","251":"desse","252":"demais","253":"hora","254":"projeto","255":"muitos","256":"quase","257":"dormir","258":"fim","259":"pai","260":"d\u00e1","261":"tava","262":"mano","263":"pol\u00edtica","264":"dizer","265":"filho","266":"jogo","267":"quanto","268":"santa","269":"fez","270":"m\u00fasica","271":"n\u00famero","272":"maria","273":"disse","274":"merda","275":"jo\u00e3o","276":"vamos","277":"mal","278":"jos\u00e9","279":"\u00e9poca","280":"gradua\u00e7\u00e3o","281":"numa","282":"saber","283":"noite","284":"fam\u00edlia","285":"teve","286":"momento","287":"the","288":"nesse","289":"per\u00edodo","290":"possui","291":"homem","292":"sido","293":"dessa","294":"ningu\u00e9m","295":"lei","296":"uso","297":"rela\u00e7\u00e3o","298":"mesma","299":"dele","300":"t\u00eam","301":"freguesia","302":"ai","303":"povo","304":"diz","305":"segunda","306":"cerca","307":"banca","308":"parece","309":"amo","310":"dentro","311":"importante","312":"acordo","313":"muitas","314":"fazendo","315":"deu","316":"grandes","317":"v\u00e1rios","318":"for","319":"exemplo","320":"in\u00edcio","321":"fora","322":"vontade","323":"vi","324":"tarde","325":"nosso","326":"tendo","327":"cultura","328":"logo","329":"estados","330":"forma\u00e7\u00e3o","331":"isto","332":"dados","333":"bolsonaro","334":"diferentes","335":"ponto","336":"amigos","337":"embora","338":"mestrado","339":"volta","340":"v\u00e3o","341":"gt","342":"seria","343":"ja","344":"esses","345":"passar","346":"neste","347":"fala","348":"feliz","349":"v\u00e1rias","350":"verdade","351":"vila","352":"sair","353":"silva","354":"brasileira","355":"conclus\u00e3o","356":"geral","357":"sociedade","358":"essas","359":"fico","360":"horas","361":"disso","362":"s\u00e9rie","363":"constru\u00e7\u00e3o","364":"congresso","365":"eram","366":"algo","367":"falta","368":"tal","369":"passou","370":"vcs","371":"por\u00e9m","372":"nessa","373":"estudos","374":"ontem","375":"sob","376":"gosto","377":"frente","378":"principais","379":"igreja","380":"devido","381":"santos","382":"deste","383":"n\u00f3s","384":"an\u00e1lise","385":"terra","386":"maioria","387":"fui","388":"pelas","389":"principalmente","390":"amanh\u00e3","391":"internacional","392":"orientador","393":"campo","394":"n\u00e9","395":"eh","396":"fosse","397":"desta","398":"livro","399":"causa","400":"mundial","401":"poss\u00edvel","402":"\u00e1reas","403":"crian\u00e7as","404":"principal","405":"mt","406":"p\u00fablico","407":"apesar","408":"dela","409":"foto","410":"servi\u00e7os","411":"corpo","412":"porto","413":"preciso","414":"via","415":"encontro","416":"amigo","417":"ficou","418":"morte","419":"sociais","420":"faculdade","421":"filme","422":"uns","423":"professor","424":"n\u00edvel","425":"objetivo","426":"economia","427":"capital","428":"portugal","429":"dinheiro","430":"milh\u00f5es","431":"existe","432":"mulheres","433":"ia","434":"falando","435":"pa\u00edses","436":"base","437":"festa","438":"quatro","439":"cabe\u00e7a","440":"real","441":"atividades","442":"quais","443":"disserta\u00e7\u00e3o","444":"qualidade","445":"alguma","446":"ci\u00eancias","447":"municipal","448":"dezembro","449":"pior","450":"passa","451":"so","452":"minhas","453":"consigo","454":"comigo","455":"hj","456":"sede","457":"certo","458":"rua","459":"pessoal","460":"valor","461":"rede","462":"gostei","463":"gest\u00e3o","464":"porra","465":"problemas","466":"vale","467":"papel","468":"espa\u00e7o","469":"d\u00e9cada","470":"total","471":"junto","472":"conhecimento","473":"meses","474":"come\u00e7ou","475":"futebol","476":"cora\u00e7\u00e3o","477":"ci\u00eancia","478":"acesso","479":"distrito","480":"partido","481":"muita","482":"diversas","483":"minas","484":"longo","485":"triste","486":"energia","487":"realmente","488":"tomar","489":"costa","490":"melhores","491":"nesta","492":"superior","493":"fato","494":"chegar","495":"havia","496":"origem","497":"instituto","498":"empresas","499":"apoio","500":"puta","501":"alunos","502":"alto","503":"sentido","504":"lhe","505":"avalia\u00e7\u00e3o","506":"medo","507":"idade","508":"carlos","509":"amiga","510":"novas","511":"estadual","512":"deixar","513":"t\u00edtulo","514":"olha","515":"posso","516":"concelho","517":"oeste","518":"maio","519":"presente","520":"precisa","521":"linda","522":"informa\u00e7\u00e3o","523":"julho","524":"problema","525":"feito","526":"verde","527":"deixa","528":"setembro","529":"0\u00ba","530":"ambiente","531":"temos","532":"engenharia","533":"tecnologia","534":"pedro","535":"atualmente","536":"mar","537":"modo","538":"unidos","539":"abril","540":"santo","541":"informa\u00e7\u00f5es","542":"ii","543":"metros","544":"favor","545":"novos","546":"manh\u00e3","547":"jogos","548":"controle","549":"m\u00e9dia","550":"outubro","551":"entanto","552":"grupos","553":"p\u00fablica","554":"estamos","555":"algum","556":"la","557":"mercado","558":"caralho","559":"aula","560":"atual","561":"territ\u00f3rio","562":"resultado","563":"f\u00edsica","564":"empresa","565":"cu","566":"homens","567":"dando","568":"km\u00b2","569":"agosto","570":"forte","571":"elas","572":"paz","573":"oliveira","574":"administra\u00e7\u00e3o","575":"comunica\u00e7\u00e3o","576":"fotos","577":"arte","578":"kkkk","579":"diversos","580":"condi\u00e7\u00f5es","581":"cidades","582":"pensar","583":"produtos","584":"obra","585":"igual","586":"conhecido","587":"portuguesa","588":"situa\u00e7\u00e3o","589":"foda","590":"profissional","591":"sistemas","592":"estes","593":"linha","594":"rela\u00e7\u00f5es","595":"movimento","596":"rei","597":"vista","598":"somente","599":"portugu\u00eas","600":"nenhum","601":"trabalhar","602":"comunidade","603":"voltar","604":"aquele","605":"\u00fanica","606":"existem","607":"evento","608":"site","609":"passado","610":"for\u00e7a","611":"ilha","612":"of","613":"zona","614":"cinco","615":"recursos","616":"cabelo","617":"cria\u00e7\u00e3o","618":"clube","619":"l\u00edngua","620":"francisco","621":"junho","622":"alta","623":"bastante","624":"praia","625":"revista","626":"pr\u00f3prio","627":"pr\u00e1tica","628":"internet","629":"m\u00eas","630":"luz","631":"oq","632":"fiz","633":"\u00faltimo","634":"filhos","635":"umas","636":"chamado","637":"rep\u00fablica","638":"prova","639":"estas","640":"novembro","641":"maiores","642":"dif\u00edcil","643":"pr\u00f3ximo","644":"tenha","645":"professores","646":"crian\u00e7a","647":"deles","648":"mar\u00e7o","649":"maneira","650":"time","651":"km","652":"artigo","653":"natureza","654":"crescimento","655":"sala","656":"trabalhos","657":"cursos","658":"resultados","659":"escolas","660":"quest\u00e3o","661":"import\u00e2ncia","662":"obras","663":"chegou","664":"presen\u00e7a","665":"central","666":"pr\u00f3pria","667":"tratamento","668":"gerais","669":"feira","670":"vendo","671":"conselho","672":"ouro","673":"cient\u00edfica","674":"\u00fanico","675":"uni\u00e3o","676":"senhora","677":"aten\u00e7\u00e3o","678":"seguran\u00e7a","679":"m\u00e3o","680":"primeiros","681":"especial","682":"fazem","683":"p\u00f3sgradua\u00e7\u00e3o","684":"importantes","685":"jesus","686":"atividade","687":"si","688":"kkkkk","689":"servi\u00e7o","690":"terras","691":"am\u00e9rica","692":"sucesso","693":"cultural","694":"acabou","695":"kkk","696":"ordem","697":"livros","698":"palavra","699":"celular","700":"comprar","701":"fiquei","702":"jeito","703":"modelo","704":"seguinte","705":"aquela","706":"domingo","707":"organiza\u00e7\u00e3o","708":"livre","709":"projetos","710":"vejo","711":"sonho","712":"direitos","713":"estudantes","714":"atr\u00e1s","715":"fase","716":"comum","717":"agr","718":"pontos","719":"cima","720":"teu","721":"jogar","722":"banda","723":"respeito","724":"tirar","725":"comer","726":"pena","727":"conhecida","728":"pais","729":"futuro","730":"profissionais","731":"significa","732":"militar","733":"texto","734":"online","735":"viu","736":"funda\u00e7\u00e3o","737":"senhor","738":"espero","739":"cabo","740":"levar","741":"entrar","742":"portanto","743":"quarto","744":"certeza","745":"usar","746":"diferente","747":"chamada","748":"seguir","749":"gosta","750":"m\u00e9dio","751":"pqp","752":"a\u00e7\u00f5es","753":"regi\u00f5es","754":"sinto","755":"chega","756":"odeio","757":"plano","758":"europa","759":"twitter","760":"cruz","761":"simples","762":"super","763":"membros","764":"assistir","765":"ganhar","766":"\u00faltima","767":"n\u00ba","768":"nenhuma","769":"claro","770":"experi\u00eancia","771":"mm","772":"\u00faltimos","773":"teoria","774":"poderia","775":"animais","776":"minutos","777":"fa\u00e7o","778":"capacidade","779":"munic\u00edpios","780":"souza","781":"pensando","782":"lindo","783":"tema","784":"humano","785":"casos","786":"s\u00e9rio","787":"pol\u00edticas","788":"campos","789":"extens\u00e3o","790":"cedo","791":"redes","792":"civil","793":"fonte","794":"etc","795":"estrutura","796":"ti","797":"menor","798":"humanos","799":"tanta","800":"fevereiro","801":"setor","802":"palavras","803":"colocar","804":"conseguir","805":"ajuda","806":"necessidade","807":"oficial","808":"tv","809":"fran\u00e7a","810":"clima","811":"conjunto","812":"interesse","813":"devem","814":"vivo","815":"ar","816":"caminho","817":"solo","818":"equipe","819":"interior","820":"ideia","821":"show","822":"lima","823":"vit\u00f3ria","824":"parab\u00e9ns","825":"entender","826":"realidade","827":"tempos","828":"popular","829":"passando","830":"boca","831":"ana","832":"pt","833":"irm\u00e3o","834":"com\u00e9rcio","835":"sai","836":"busca","837":"serra","838":"agricultura","839":"come\u00e7ar","840":"dor","841":"caracter\u00edsticas","842":"perto","843":"formas","844":"associa\u00e7\u00e3o","845":"ind\u00fastria","846":"posi\u00e7\u00e3o","847":"esp\u00e9cies","848":"f\u00e1cil","849":"filha","850":"acordar","851":"obrigada","852":"imagem","853":"perder","854":"talvez","855":"a\u00e7\u00e3o","856":"ali","857":"sol","858":"tais","859":"come\u00e7a","860":"branco","861":"v\u00ea","862":"data","863":"carro","864":"tou","865":"viver","866":"material","867":"fundo","868":"ex","869":"considerado","870":"visto","871":"ouvir","872":"sono","873":"tbm","874":"efeito","875":"desses","876":"for\u00e7as","877":"seis","878":"locais","879":"altitude","880":"antiga","881":"apresenta","882":"ler","883":"realizado","884":"c\u00e2mara","885":"jornal","886":"antigo","887":"mostra","888":"ruim","889":"saudades","890":"acontece","891":"estilo","892":"termo","893":"sp","894":"achei","895":"tua","896":"pol\u00edtico","897":"reino","898":"\u00e1lbum","899":"menina","900":"tentar","901":"kkkkkk","902":"feita","903":"criar","904":"recebeu","905":"tive","906":"respons\u00e1vel","907":"t\u00e3","908":"anivers\u00e1rio","909":"altura","910":"parar","911":"ser\u00e3o","912":"luta","913":"edi\u00e7\u00e3o","914":"hospital","915":"especialmente","916":"jovem","917":"serem","918":"deveria","919":"influ\u00eancia","920":"chorar","921":"aproximadamente","922":"teria","923":"cor","924":"vers\u00e3o","925":"pereira","926":"acha","927":"juro","928":"00\u00ba00","929":"msm","930":"elei\u00e7\u00f5es","931":"acordei","932":"passo","933":"and","934":"aumento","935":"conhecer","936":"nordeste","937":"jovens","938":"deixou","939":"ingl\u00eas","940":"institui\u00e7\u00f5es","941":"contato","942":"necess\u00e1rio","943":"quiser","944":"bahia","945":"estudar","946":"lista","947":"imp\u00e9rio","948":"mata","949":"pr\u00f3xima","950":"filmes","951":"sentir","952":"pequeno","953":"minist\u00e9rio","954":"taxa","955":"baixo","956":"natural","957":"termos","958":"al","959":"veio","960":"pacientes","961":"aulas","962":"fun\u00e7\u00e3o","963":"pedra","964":"caf\u00e9","965":"processos","966":"obrigado","967":"falou","968":"medicina","969":"dessas","970":"acima","971":"legal","972":"doen\u00e7a","973":"indo","974":"consegue","975":"inclusive","976":"doutorado","977":"qu\u00edmica","978":"regional","979":"ah","980":"entretanto","981":"longe","982":"cmg","983":"sexo","984":"metade","985":"chama","986":"olhar","987":"geralmente","988":"criado","989":"cat\u00f3lica","990":"incluindo","991":"eventos","992":"ambiental","993":"prov\u00edncia","994":"realizada","995":"acabar","996":"receber","997":"podemos","998":"tornouse","999":"semin\u00e1rio","1000":"som","1001":"defesa","1002":"dez","1003":"museu","1004":"ferreira","1005":"pesquisas","1006":"encontrar","1007":"unidade","1008":"pr\u00e1ticas","1009":"massa","1010":"pequena","1011":"monte","1012":"liga","1013":"tipos","1014":"ajudar","1015":"justi\u00e7a","1016":"p\u00fablicas","1017":"luiz","1018":"vergonha","1019":"paran\u00e1","1020":"letras","1021":"aconteceu","1022":"destaque","1023":"nossos","1024":"acredito","1025":"mudar","1026":"xix","1027":"programas","1028":"carnaval","1029":"houve","1030":"esp\u00edrito","1031":"lisboa","1032":"p\u00e9","1033":"fam\u00edlias","1034":"daqui","1035":"tese","1036":"preto","1037":"localizase","1038":"mensagem","1039":"literatura","1040":"brasileiros","1041":"econ\u00f4mica","1042":"madeira","1043":"quantidade","1044":"efeitos","1045":"terceira","1046":"mudan\u00e7a","1047":"ter\u00e1","1048":"raz\u00e3o","1049":"exame","1050":"pegar","1051":"conceito","1052":"estimada","1053":"flamengo","1054":"diferen\u00e7a","1055":"querem","1056":"esquerda","1057":"mem\u00f3ria","1058":"resto","1059":"comiss\u00e3o","1060":"imagens","1061":"querendo","1062":"bairro","1063":"sele\u00e7\u00e3o","1064":"risco","1065":"liberdade","1066":"dado","1067":"eua","1068":"aspectos","1069":"t\u00e9cnica","1070":"descri\u00e7\u00e3o","1071":"querer","1072":"reais","1073":"aqueles","1074":"significados","1075":"carreira","1076":"leste","1077":"localizado","1078":"estavam","1079":"ex\u00e9rcito","1080":"f\u00e9","1081":"prefeito","1082":"normal","1083":"medida","1084":"dist\u00e2ncia","1085":"aplica\u00e7\u00e3o","1086":"chamar","1087":"rios","1088":"categoria","1089":"dire\u00e7\u00e3o","1090":"ver\u00e3o","1091":"c\u00e9u","1092":"crise","1093":"ministro","1094":"continuar","1095":"mandar","1096":"pensamento","1097":"opini\u00e3o","1098":"morrer","1099":"\u00e1frica","1100":"banco","1101":"fundamental","1102":"proposta","1103":"ant\u00f4nio","1104":"galera","1105":"vis\u00e3o","1106":"elementos","1107":"canal","1108":"gra\u00e7as","1109":"turismo","1110":"errado","1111":"densidade","1112":"es","1113":"departamento","1114":"companhia","1115":"refer\u00eancia","1116":"homenagem","1117":"paulista","1118":"pedir","1119":"viagem","1120":"velho","1121":"campanha","1122":"jogadores","1123":"tinham","1124":"oportunidade","1125":"matem\u00e1tica","1126":"esta\u00e7\u00e3o","1127":"estando","1128":"totalmente","1129":"ac","1130":"rural","1131":"podia","1132":"assunto","1133":"inicia\u00e7\u00e3o","1134":"seguintes","1135":"fogo","1136":"temperatura","1137":"jorge","1138":"cm","1139":"valores","1140":"campeonato","1141":"n\u00edveis","1142":"sexta","1143":"institui\u00e7\u00e3o","1144":"m\u00e9todo","1145":"simplesmente","1146":"votar","1147":"\u00f3dio","1148":"leite","1149":"original","1150":"sejam","1151":"segue","1152":"conseguiu","1153":"resposta","1154":"leva","1155":"usado","1156":"gomes","1157":"sete","1158":"constitui\u00e7\u00e3o","1159":"manter","1160":"abaixo","1161":"\u00e1guas","1162":"resumo","1163":"catarina","1164":"t\u00e9cnicas","1165":"nomes","1166":"globo","1167":"realiza\u00e7\u00e3o","1168":"cena","1169":"pagar","1170":"industrial","1171":"materiais","1172":"almeida","1173":"ganhou","1174":"povoado","1175":"video","1176":"fazenda","1177":"pol\u00edcia","1178":"td","1179":"marca","1180":"casas","1181":"\u00e9s","1182":"r\u00e1pido","1183":"cama","1184":"manda","1185":"bras\u00edlia","1186":"hist\u00f3rico","1187":"encontra","1188":"poucos","1189":"m\u00e3os","1190":"estrada","1191":"ribeiro","1192":"momentos","1193":"publicado","1194":"ok","1195":"saiu","1196":"finalmente","1197":"ocorre","1198":"continua","1199":"contexto","1200":"cinema","1201":"psicologia","1202":"usando","1203":"autor","1204":"parque","1205":"medidas","1206":"aguento","1207":"sonhos","1208":"lula","1209":"contar","1210":"rodrigues","1211":"possuem","1212":"perfil","1213":"voz","1214":"carvalho","1215":"utiliza\u00e7\u00e3o","1216":"inteiro","1217":"matar","1218":"antonio","1219":"partes","1220":"reuni\u00e3o","1221":"pequenas","1222":"tivesse","1223":"s\u00e1bado","1224":"links","1225":"filosofia","1226":"professora","1227":"saudade","1228":"t\u00e9cnico","1229":"certa","1230":"atendimento","1231":"sabia","1232":"ambos","1233":"produto","1234":"padr\u00e3o","1235":"xx","1236":"fizeram","1237":"governador","1238":"et","1239":"trabalhadores","1240":"biblioteca","1241":"ciclo","1242":"baixa","1243":"corte","1244":"tentando","1245":"nascimento","1246":"neg\u00f3cio","1247":"rs","1248":"divis\u00e3o","1249":"somos","1250":"exist\u00eancia","1251":"fontes","1252":"quarentena","1253":"unidades","1254":"usp","1255":"temporada","1256":"conforme","1257":"alves","1258":"meninas","1259":"localizada","1260":"nota","1261":"ate","1262":"olhos","1263":"cargo","1264":"0\u00aa","1265":"\u00edndice","1266":"facebook","1267":"responder","1268":"internacionais","1269":"discurso","1270":"lugares","1271":"el\u00e9trica","1272":"acabei","1273":"dentre","1274":"artes","1275":"desempenho","1276":"simp\u00f3sio","1277":"china","1278":"aquilo","1279":"conte\u00fado","1280":"boas","1281":"decis\u00e3o","1282":"possibilidade","1283":"realizar","1284":"m\u00e1ximo","1285":"esp\u00e9cie","1286":"novamente","1287":"contr\u00e1rio","1288":"pesquisadores","1289":"linguagem","1290":"bandeira","1291":"azul","1292":"candidato","1293":"permite","1294":"cient\u00edfico","1295":"exposi\u00e7\u00e3o","1296":"come\u00e7o","1297":"terceiro","1298":"sentindo","1299":"comercial","1300":"iii","1301":"mudan\u00e7as","1302":"incr\u00edvel","1303":"banho","1304":"padre","1305":"henrique","1306":"sorte","1307":"lembro","1308":"naturais","1309":"p\u00e1gina","1310":"humana","1311":"pol\u00edticos","1312":"fernando","1313":"evolu\u00e7\u00e3o","1314":"express\u00e3o","1315":"alemanha","1316":"mato","1317":"sabem","1318":"prior","1319":"primeiras","1320":"campe\u00e3o","1321":"pau","1322":"entrada","1323":"democracia","1324":"imprensa","1325":"n\u00facleo","1326":"apresenta\u00e7\u00e3o","1327":"considerada","1328":"m\u00fasicas","1329":"infelizmente","1330":"acaba","1331":"econ\u00f4mico","1332":"teatro","1333":"sozinha","1334":"vir","1335":"merece","1336":"quest\u00f5es","1337":"mostrar","1338":"eduardo","1339":"eleito","1340":"gra\u00e7a","1341":"campus","1342":"tiver","1343":"belo","1344":"est\u00e1dio","1345":"frio","1346":"torno","1347":"fatores","1348":"anual","1349":"l\u00edder","1350":"delas","1351":"qnd","1352":"provavelmente","1353":"achar","1354":"militares","1355":"alegre","1356":"pa","1357":"natal","1358":"acontecer","1359":"rosa","1360":"porta","1361":"roupa","1362":"menino","1363":"solu\u00e7\u00e3o","1364":"olho","1365":"f\u00e9rias","1366":"distribui\u00e7\u00e3o","1367":"participar","1368":"dps","1369":"falei","1370":"viol\u00eancia","1371":"condi\u00e7\u00e3o","1372":"levou","1373":"caiu","1374":"direita","1375":"digital","1376":"batalha","1377":"toma","1378":"irm\u00e3","1379":"bola","1380":"transporte","1381":"tao","1382":"espanha","1383":"mat\u00e9ria","1384":"juntos","1385":"sangue","1386":"tornou","1387":"lu\u00eds","1388":"goi\u00e1s","1389":"machado","1390":"beleza","1391":"universit\u00e1rio","1392":"linhas","1393":"temas","1394":"kkkkkkk","1395":"utilizado","1396":"aparece","1397":"destes","1398":"motivo","1399":"ferro","1400":"amizade","1401":"00\u00ba","1402":"lixo","1403":"p\u00fablicos","1404":"escrever","1405":"pre\u00e7o","1406":"posteriormente","1407":"salvador","1408":"completamente","1409":"votos","1410":"planejamento","1411":"emprego","1412":"voto","1413":"ir\u00e1","1414":"chorando","1415":"capaz","1416":"kk","1417":"representa","1418":"leitura","1419":"martins","1420":"espera","1421":"franc\u00eas","1422":"classe","1423":"ficando","1424":"m\u00e9todos","1425":"da\u00ed","1426":"nasceu","1427":"veja","1428":"on","1429":"bonita","1430":"calor","1431":"ficam","1432":"defini\u00e7\u00e3o","1433":"lembrar","1434":"plantas","1435":"g\u00eanero","1436":"comportamento","1437":"pe\u00e7as","1438":"diretor","1439":"papa","1440":"dizendo","1441":"criada","1442":"procura","1443":"religi\u00e3o","1444":"prefeitura","1445":"morreu","1446":"apresentar","1447":"tweet","1448":"autores","1449":"alimentos","1450":"roberto","1451":"casamento","1452":"doen\u00e7as","1453":"vermelho","1454":"seguida","1455":"bonito","1456":"latitude","1457":"fome","1458":"aprender","1459":"r\u00e1dio","1460":"teste","1461":"cuja","1462":"pele","1463":"tradi\u00e7\u00e3o","1464":"el","1465":"troca","1466":"consumo","1467":"mente","1468":"chegando","1469":"escolha","1470":"chefe","1471":"pensa","1472":"oito","1473":"pra\u00e7a","1474":"animal","1475":"aluno","1476":"nossas","1477":"regime","1478":"sr","1479":"not\u00edcias","1480":"reis","1481":"leis","1482":"br","1483":"rir","1484":"venda","1485":"independente","1486":"imagina","1487":"culturais","1488":"poder\u00e1","1489":"tamanho","1490":"inicial","1491":"peso","1492":"revolu\u00e7\u00e3o","1493":"laborat\u00f3rio","1494":"falo","1495":"cheguei","1496":"moradores","1497":"meia","1498":"fds","1499":"prote\u00e7\u00e3o","1500":"ruas","1501":"miss\u00e3o","1502":"desculpa","1503":"orienta\u00e7\u00e3o","1504":"artista","1505":"rocha","1506":"mds","1507":"miguel","1508":"pensei","1509":"neto","1510":"comida","1511":"elei\u00e7\u00e3o","1512":"tb","1513":"grau","1514":"passagem","1515":"significado","1516":"renda","1517":"tiveram","1518":"vo","1519":"quadro","1520":"pedido","1521":"cr\u00edtica","1522":"amar","1523":"cair","1524":"escrito","1525":"geografia","1526":"comunidades","1527":"bolsa","1528":"normalmente","1529":"resist\u00eancia","1530":"infantil","1531":"potencial","1532":"andar","1533":"neg\u00f3cios","1534":"ngm","1535":"superf\u00edcie","1536":"angola","1537":"longitude","1538":"textos","1539":"documentos","1540":"oferece","1541":"modelos","1542":"desejo","1543":"pr\u00eamio","1544":"ilhas","1545":"composta","1546":"iv","1547":"m\u00e9dico","1548":"antigos","1549":"fun\u00e7\u00f5es","1550":"top","1551":"pergunta","1552":"conhe\u00e7o","1553":"conceitos","1554":"moral","1555":"semestre","1556":"entra","1557":"figura","1558":"haddad","1559":"recebe","1560":"inova\u00e7\u00e3o","1561":"copa","1562":"dr","1563":"nele","1564":"ponte","1565":"d\u00favida","1566":"marco","1567":"saco","1568":"branca","1569":"namorado","1570":"independ\u00eancia","1571":"habkm\u00b2","1572":"urbana","1573":"encontrase","1574":"dispon\u00edvel","1575":"consci\u00eancia","1576":"debate","1577":"manuel","1578":"na\u00e7\u00e3o","1579":"presentes","1580":"identidade","1581":"pronto","1582":"esperando","1583":"festas","1584":"queda","1585":"raiva","1586":"ataque","1587":"cuidado","1588":"sozinho","1589":"l\u00ednguas","1590":"dizem","1591":"ne","1592":"basta","1593":"responsabilidade","1594":"it\u00e1lia","1595":"gera\u00e7\u00e3o","1596":"artigos","1597":"escolar","1598":"carta","1599":"diante","1600":"abertura","1601":"passei","1602":"equipamentos","1603":"visita","1604":"beber","1605":"qualifica\u00e7\u00e3o","1606":"afirma","1607":"press\u00e3o","1608":"est\u00e1gio","1609":"usa","1610":"tt","1611":"amigas","1612":"grosso","1613":"desenvolver","1614":"jogador","1615":"parceria","1616":"capela","1617":"abrir","1618":"aberto","1619":"entrou","1620":"post","1621":"ferramentas","1622":"cozinha","1623":"entrevista","1624":"dom\u00ednio","1625":"artistas","1626":"limites","1627":"no\u00e7\u00e3o","1628":"festival","1629":"oi","1630":"vive","1631":"equipa","1632":"telefone","1633":"pequenos","1634":"aeroporto","1635":"programa\u00e7\u00e3o","1636":"exatamente","1637":"n\u00fameros","1638":"fa\u00e7a","1639":"caixa","1640":"col\u00e9gio","1641":"mto","1642":"tratado","1643":"marcos","1644":"excelente","1645":"trata","1646":"engra\u00e7ado","1647":"latina","1648":"gostar","1649":"m\u00eddia","1650":"lan\u00e7amento","1651":"televis\u00e3o","1652":"contudo","1653":"en","1654":"disco","1655":"chuva","1656":"posto","1657":"carga","1658":"manuten\u00e7\u00e3o","1659":"paris","1660":"tradicional","1661":"iria","1662":"rainha","1663":"diretamente","1664":"lan\u00e7ado","1665":"tecnologias","1666":"secretaria","1667":"nacionais","1668":"cujo","1669":"esperan\u00e7a","1670":"escrita","1671":"quente","1672":"cristo","1673":"design","1674":"digo","1675":"dom","1676":"adoro","1677":"d\u00e9cadas","1678":"tornar","1679":"melhorar","1680":"casal","1681":"dou","1682":"castro","1683":"anais","1684":"organiza\u00e7\u00f5es","1685":"utilizando","1686":"vos","1687":"evitar","1688":"ato","1689":"planos","1690":"centros","1691":"anterior","1692":"fronteira","1693":"criou","1694":"realizadas","1695":"importa","1696":"personagem","1697":"dei","1698":"negro","1699":"paci\u00eancia","1700":"esquecer","1701":"portugueses","1702":"hist\u00f3rias","1703":"princ\u00edpio","1704":"elemento","1705":"comuns","1706":"sousa","1707":"musical","1708":"alma","1709":"orgulho","1710":"vagas","1711":"mina","1712":"universo","1713":"familiar","1714":"perfeito","1715":"urbano","1716":"reforma","1717":"kkkkkkkk","1718":"lopes","1719":"coordena\u00e7\u00e3o","1720":"aumentar","1721":"zero","1722":"barra","1723":"tens","1724":"editora","1725":"bue","1726":"localiza\u00e7\u00e3o","1727":"v\u00eddeos","1728":"completo","1729":"gabriel","1730":"ibge","1731":"atua\u00e7\u00e3o","1732":"relacionamento","1733":"seres","1734":"conversa","1735":"composto","1736":"quarta","1737":"c\u00e9lulas","1738":"tecnol\u00f3gico","1739":"membro","1740":"devia","1741":"assembleia","1742":"roma","1743":"armas","1744":"global","1745":"arquitetura","1746":"possa","1747":"censo","1748":"apartamento","1749":"consegui","1750":"google","1751":"ocorreu","1752":"erro","1753":"\u00edndios","1754":"objeto","1755":"jap\u00e3o","1756":"alem\u00e3o","1757":"vicente","1758":"povos","1759":"academia","1760":"barbosa","1761":"vamo","1762":"fazia","1763":"min","1764":"mesmos","1765":"achando","1766":"estrat\u00e9gia","1767":"opera\u00e7\u00e3o","1768":"corrente","1769":"constru\u00edda","1770":"email","1771":"enfermagem","1772":"inferno","1773":"prazo","1774":"ind\u00fastrias","1775":"sobretudo","1776":"ideias","1777":"experi\u00eancias","1778":"ant\u00f3nio","1779":"ouvindo","1780":"esposa","1781":"at","1782":"abordagem","1783":"foco","1784":"famoso","1785":"esteja","1786":"bruno","1787":"ricardo","1788":"carne","1789":"felicidade","1790":"rock","1791":"daniel","1792":"comando","1793":"vieira","1794":"chegada","1795":"fundada","1796":"lt","1797":"andrade","1798":"dificuldades","1799":"turma","1800":"pr","1801":"inscri\u00e7\u00f5es","1802":"funciona","1803":"intera\u00e7\u00e3o","1804":"passaram","1805":"mortos","1806":"coopera\u00e7\u00e3o","1807":"facto","1808":"concurso","1809":"car\u00e1ter","1810":"existentes","1811":"assist\u00eancia","1812":"new","1813":"bu\u00e9","1814":"terminar","1815":"soares","1816":"certas","1817":"impacto","1818":"pr\u00f3prios","1819":"haver","1820":"traz","1821":"irm\u00e3os","1822":"\u00f4nibus","1823":"vim","1824":"cheio","1825":"particular","1826":"partida","1827":"exerc\u00edcio","1828":"compra","1829":"epis\u00f3dio","1830":"inicialmente","1831":"suficiente","1832":"culpa","1833":"destas","1834":"investiga\u00e7\u00e3o","1835":"extremamente","1836":"c\u00f3digo","1837":"crime","1838":"detalhes","1839":"usada","1840":"propriedade","1841":"amp","1842":"campinas","1843":"situa\u00e7\u00f5es","1844":"completa","1845":"classifica\u00e7\u00e3o","1846":"praticamente","1847":"quis","1848":"perceber","1849":"coroa","1850":"esperar","1851":"semanas","1852":"custo","1853":"face","1854":"desafios","1855":"freguesias","1856":"esporte","1857":"exterior","1858":"sonhar","1859":"cear\u00e1","1860":"cheia","1861":"provas","1862":"sinal","1863":"instala\u00e7\u00e3o","1864":"desenho","1865":"perdeu","1866":"software","1867":"lembra","1868":"you","1869":"usu\u00e1rios","1870":"universidades","1871":"exemplos","1872":"op\u00e7\u00e3o","1873":"publica\u00e7\u00e3o","1874":"gol","1875":"americano","1876":"petr\u00f3leo","1877":"\u00e2mbito","1878":"babu","1879":"alexandre","1880":"voltou","1881":"complexo","1882":"inglaterra","1883":"gado","1884":"santana","1885":"sa\u00edda","1886":"pdf","1887":"ganha","1888":"grego","1889":"personagens","1890":"para\u00edba","1891":"fortaleza","1892":"recentemente","1893":"iniciativa","1894":"tr\u00e1s","1895":"propriedades","1896":"milho","1897":"milhares","1898":"pib","1899":"escolher","1900":"general","1901":"imperador","1902":"obter","1903":"dormi","1904":"m\u00ednimo","1905":"par\u00e1","1906":"mental","1907":"reconhecimento","1908":"lidar","1909":"paula","1910":"paciente","1911":"esteve","1912":"ama","1913":"margem","1914":"instagram","1915":"interessante","1916":"entendo","1917":"discuss\u00e3o","1918":"s\u00e9culos","1919":"ocidental","1920":"pr\u00f3ximos","1921":"velha","1922":"aberta","1923":"rapidamente","1924":"agr\u00edcola","1925":"sexual","1926":"longa","1927":"margens","1928":"palmeiras","1929":"postar","1930":"formar","1931":"objetos","1932":"lucas","1933":"meios","1934":"joga","1935":"clientes","1936":"ag\u00eancia","1937":"prata","1938":"coment\u00e1rios","1939":"ramos","1940":"pediu","1941":"vindo","1942":"estruturas","1943":"s\u00edmbolo","1944":"dura\u00e7\u00e3o","1945":"tira","1946":"\u00f3timo","1947":"inform\u00e1tica","1948":"motivos","1949":"humanidade","1950":"tenham","1951":"acredita","1952":"regras","1953":"voce","1954":"propostas","1955":"xviii","1956":"executivo","1957":"aprendizagem","1958":"localidade","1959":"promo\u00e7\u00e3o","1960":"disciplina","1961":"doce","1962":"explica","1963":"candidatos","1964":"apresentam","1965":"na\u00e7\u00f5es","1966":"relacionados","1967":"feminino","1968":"estranho","1969":"quil\u00f4metros","1970":"escravos","1971":"marcelo","1972":"ribeir\u00e3o","1973":"redu\u00e7\u00e3o","1974":"enorme","1975":"bicho","1976":"limite","1977":"conserva\u00e7\u00e3o","1978":"hotel","1979":"matriz","1980":"gay","1981":"beijo","1982":"golpe","1983":"moderna","1984":"estrat\u00e9gias","1985":"torna","1986":"baseada","1987":"concentra\u00e7\u00e3o","1988":"cruzeiro","1989":"ponta","1990":"augusto","1991":"liga\u00e7\u00e3o","1992":"coragem","1993":"presid\u00eancia","1994":"john","1995":"cores","1996":"acontecendo","1997":"falam","1998":"argentina","1999":"acham","2000":"deixando","2001":"surgiu","2002":"felipe","2003":"formado","2004":"inverno","2005":"registro","2006":"familiares","2007":"carinho","2008":"bater","2009":"dm","2010":"expans\u00e3o","2011":"comerciais","2012":"dormindo","2013":"romano","2014":"levantar","2015":"sensa\u00e7\u00e3o","2016":"conhece","2017":"mendes","2018":"escreveu","2019":"pernambuco","2020":"morro","2021":"objetivos","2022":"baseado","2023":"melo","2024":"execu\u00e7\u00e3o","2025":"cenas","2026":"imposs\u00edvel","2027":"inf\u00e2ncia","2028":"disciplinas","2029":"elevado","2030":"flores","2031":"conquista","2032":"representa\u00e7\u00e3o","2033":"conseguem","2034":"g\u00e1s","2035":"metal","2036":"escala","2037":"fique","2038":"pr\u00e9dio","2039":"brasileiras","2040":"nove","2041":"alguem","2042":"breve","2043":"velocidade","2044":"contas","2045":"gostosa","2046":"naquele","2047":"los","2048":"conversar","2049":"s\u00edtio","2050":"confira","2051":"faixa","2052":"not\u00edcia","2053":"vasco","2054":"altas","2055":"olhando","2056":"dificuldade","2057":"ligado","2058":"planeta","2059":"bacia","2060":"feitas","2061":"assuntos","2062":"frase","2063":"portal","2064":"especiais","2065":"metodologia","2066":"cristina","2067":"co","2068":"oh","2069":"permanente","2070":"floresta","2071":"m\u00e9dica","2072":"namorada","2073":"c\u00e1","2074":"procurar","2075":"participantes","2076":"testes","2077":"acreditar","2078":"necessidades","2079":"perdi","2080":"mi","2081":"sabendo","2082":"investimento","2083":"relat\u00f3rio","2084":"andr\u00e9","2085":"dispon\u00edveis","2086":"fortes","2087":"diagn\u00f3stico","2088":"daquele","2089":"junior","2090":"bons","2091":"composi\u00e7\u00e3o","2092":"passam","2093":"cachorro","2094":"coloca","2095":"sentimentos","2096":"docente","2097":"d\u00e3o","2098":"confian\u00e7a","2099":"tentativa","2100":"mestre","2101":"\u00e1rvore","2102":"clara","2103":"c\u00e2ncer","2104":"feitos","2105":"resolu\u00e7\u00e3o","2106":"destino","2107":"estudante","2108":"\u00edndia","2109":"sinais","2110":"maravilhoso","2111":"rodrigo","2112":"gostaria","2113":"constru\u00eddo","2114":"gon\u00e7alves","2115":"elevada","2116":"trazer","2117":"madrugada","2118":"documento","2119":"sao","2120":"oceano","2121":"atitude","2122":"deputado","2123":"interven\u00e7\u00e3o","2124":"mentira","2125":"conhecidos","2126":"pe\u00e7a","2127":"jornada","2128":"recente","2129":"cen\u00e1rio","2130":"patrim\u00f4nio","2131":"bbb","2132":"adultos","2133":"denomina\u00e7\u00e3o","2134":"playlist","2135":"tocar","2136":"assistindo","2137":"cadeia","2138":"passos","2139":"juiz","2140":"black","2141":"ideal","2142":"dupla","2143":"chato","2144":"d\u00f3lares","2145":"semelhante","2146":"produtores","2147":"impress\u00e3o","2148":"\u00f3rg\u00e3os","2149":"promover","2150":"fav","2151":"turno","2152":"personalidade","2153":"intelig\u00eancia","2154":"jardim","2155":"mec\u00e2nica","2156":"dito","2157":"encontrados","2158":"sorriso","2159":"rindo","2160":"integra\u00e7\u00e3o","2161":"litoral","2162":"desenvolvido","2163":"horizonte","2164":"depende","2165":"ara\u00fajo","2166":"onda","2167":"nisso","2168":"verdadeiro","2169":"f\u00edsico","2170":"direto","2171":"perda","2172":"guarda","2173":"gnt","2174":"perfeita","2175":"conhecimentos","2176":"ch\u00e3o","2177":"trump","2178":"m\u00e1quina","2179":"domingos","2180":"hor\u00e1rio","2181":"nela","2182":"curto","2183":"leia","2184":"torcida","2185":"identifica\u00e7\u00e3o","2186":"arroz","2187":"sudeste","2188":"loja","2189":"tomou","2190":"sonhei","2191":"pregui\u00e7a","2192":"live","2193":"mesa","2194":"rodovia","2195":"a\u00e7\u00facar","2196":"biologia","2197":"part\u00edculas","2198":"pede","2199":"inscri\u00e7\u00e3o","2200":"imigrantes","2201":"poucas","2202":"dada","2203":"sess\u00e3o","2204":"bosta","2205":"nojo","2206":"maravilhosa","2207":"ansiedade","2208":"unido","2209":"lua","2210":"conflitos","2211":"entrega","2212":"d\u00favidas","2213":"joaquim","2214":"tabela","2215":"esfor\u00e7o","2216":"francesa","2217":"terem","2218":"universit\u00e1ria","2219":"diversidade","2220":"t\u00edtulos","2221":"trem","2222":"meados","2223":"jornalista","2224":"bento","2225":"bate","2226":"decreto","2227":"dona","2228":"negros","2229":"sal","2230":"concei\u00e7\u00e3o","2231":"naquela","2232":"anteriores","2233":"defender","2234":"lembrando","2235":"costas","2236":"baile","2237":"pal\u00e1cio","2238":"constitu\u00eddo","2239":"f\u00e3","2240":"terreno","2241":"corrup\u00e7\u00e3o","2242":"seriam","2243":"di\u00e1rio","2244":"posse","2245":"estrelas","2246":"juntamente","2247":"normas","2248":"guilherme","2249":"judeus","2250":"jogando","2251":"espanhol","2252":"quinta","2253":"populacional","2254":"moda","2255":"dan\u00e7a","2256":"solar","2257":"atuais","2258":"indiv\u00edduos","2259":"morrendo","2260":"passada","2261":"bens","2262":"coment\u00e1rio","2263":"pedras","2264":"utilizada","2265":"situada","2266":"penso","2267":"sentimento","2268":"camisa","2269":"situado","2270":"pr\u00f3prias","2271":"cidad\u00e3os","2272":"sofrer","2273":"notas","2274":"seca","2275":"computa\u00e7\u00e3o","2276":"sementes","2277":"compromisso","2278":"produzir","2279":"cl\u00ednica","2280":"r\u00fassia","2281":"chance","2282":"quartos","2283":"virar","2284":"insta","2285":"correr","2286":"trabalha","2287":"cole\u00e7\u00e3o","2288":"rica","2289":"morto","2290":"oriental","2291":"pobre","2292":"tiro","2293":"trouxe","2294":"relacionadas","2295":"v\u00edrus","2296":"come\u00e7aram","2297":"indiv\u00edduo","2298":"depress\u00e3o","2299":"relativamente","2300":"recupera\u00e7\u00e3o","2301":"gostava","2302":"rosto","2303":"viva","2304":"tradicionais","2305":"volume","2306":"batista","2307":"conflito","2308":"utilizados","2309":"mandou","2310":"utilizar","2311":"rea\u00e7\u00e3o","2312":"acad\u00eamico","2313":"tristeza","2314":"cunha","2315":"aldeia","2316":"movimentos","2317":"hein","2318":"vinte","2319":"descobrir","2320":"interpreta\u00e7\u00e3o","2321":"inten\u00e7\u00e3o","2322":"atitudes","2323":"alimenta\u00e7\u00e3o","2324":"melhoria","2325":"tradu\u00e7\u00e3o","2326":"menores","2327":"torre","2328":"funcionamento","2329":"computador","2330":"pagamento","2331":"masculino","2332":"preso","2333":"combate","2334":"fernandes","2335":"altera\u00e7\u00f5es","2336":"antigas","2337":"guimar\u00e3es","2338":"mg","2339":"pariu","2340":"continuou","2341":"lago","2342":"oficialmente","2343":"faria","2344":"lhes","2345":"leve","2346":"bairros","2347":"formada","2348":"inferior","2349":"j\u00fanior","2350":"rico","2351":"acerca","2352":"encontrado","2353":"web","2354":"tomando","2355":"actual","2356":"formato","2357":"fins","2358":"bilh\u00f5es","2359":"perspectiva","2360":"ocasi\u00e3o","2361":"chegaram","2362":"territorial","2363":"ocupa\u00e7\u00e3o","2364":"vivem","2365":"sujeito","2366":"xvi","2367":"interesses","2368":"indica","2369":"metropolitana","2370":"palestra","2371":"cardoso","2372":"constante","2373":"instrumentos","2374":"tia","2375":"suporte","2376":"vivendo","2377":"adianta","2378":"sustent\u00e1vel","2379":"tatuagens","2380":"mae","2381":"iniciou","2382":"negra","2383":"seguindo","2384":"dever\u00e1","2385":"poss\u00edveis","2386":"adolescentes","2387":"castelo","2388":"alegria","2389":"cuidar","2390":"santiago","2391":"p\u00e3o","2392":"marcar","2393":"podese","2394":"decis\u00f5es","2395":"p\u00e9s","2396":"podendo","2397":"administrativa","2398":"curtir","2399":"distritos","2400":"ind\u00edgenas","2401":"mudou","2402":"comecei","2403":"perde","2404":"status","2405":"desafio","2406":"sudoeste","2407":"estrela","2408":"feio","2409":"oferecer","2410":"princ\u00edpios","2411":"precisam","2412":"competi\u00e7\u00e3o","2413":"explora\u00e7\u00e3o","2414":"espa\u00e7os","2415":"lo","2416":"p\u00f3s","2417":"tratase","2418":"pedindo","2419":"vermelha","2420":"aplica\u00e7\u00f5es","2421":"acidente","2422":"levando","2423":"custos","2424":"considerados","2425":"explicar","2426":"aplicada","2427":"jamais","2428":"frequentemente","2429":"feia","2430":"pega","2431":"expectativa","2432":"americana","2433":"eleitoral","2434":"chamados","2435":"diferen\u00e7as","2436":"\u00e1lcool","2437":"ficaram","2438":"virtual","2439":"tropas","2440":"beijar","2441":"enfim","2442":"oficiais","2443":"braga","2444":"pesca","2445":"infraestrutura","2446":"tend\u00eancia","2447":"blog","2448":"funcion\u00e1rios","2449":"pecu\u00e1ria","2450":"garota","2451":"cerveja","2452":"incluem","2453":"descoberta","2454":"teixeira","2455":"pr\u00edncipe","2456":"ma","2457":"per\u00edodos","2458":"din\u00e2mica","2459":"canto","2460":"li","2461":"comprei","2462":"citar","2463":"demanda","2464":"arrumar","2465":"populares","2466":"t\u00e9cnicos","2467":"fen\u00f4meno","2468":"construir","2469":"doente","2470":"porte","2471":"compreens\u00e3o","2472":"bel\u00e9m","2473":"mensagens","2474":"c\u00e9sar","2475":"nesses","2476":"consiste","2477":"musica","2478":"di","2479":"namorar","2480":"b\u00e1sica","2481":"humanas","2482":"atos","2483":"espacial","2484":"manifesta\u00e7\u00f5es","2485":"merdas","2486":"cart\u00e3o","2487":"sal\u00e1rio","2488":"divulga\u00e7\u00e3o","2489":"beira","2490":"edital","2491":"bar","2492":"acad\u00eamica","2493":"considerando","2494":"planta","2495":"vender","2496":"poesia","2497":"finais","2498":"prazer","2499":"instrumento","2500":"youtube","2501":"gato","2502":"respons\u00e1veis","2503":"interna","2504":"crescer","2505":"representantes","2506":"ferramenta","2507":"curitiba","2508":"adolescente","2509":"del","2510":"aparecer","2511":"deputados","2512":"famosa","2513":"tratar","2514":"israel","2515":"apoiar","2516":"canad\u00e1","2517":"horr\u00edvel","2518":"qu","2519":"temperaturas","2520":"\u00faltimas","2521":"david","2522":"sextafeira","2523":"inclus\u00e3o","2524":"crescente","2525":"cria","2526":"netflix","2527":"m\u00e9dicos","2528":"marido","2529":"c\u00ea","2530":"moreira","2531":"municipais","2532":"resolver","2533":"atender","2534":"comprimento","2535":"respostas","2536":"link","2537":"continente","2538":"gajo","2539":"pe","2540":"contrato","2541":"cirurgia","2542":"by","2543":"lagoa","2544":"f\u00e3s","2545":"agentes","2546":"derrota","2547":"literalmente","2548":"anjo","2549":"pros","2550":"pontif\u00edcia","2551":"recife","2552":"sinceramente","2553":"paix\u00e3o","2554":"saiba","2555":"ambientais","2556":"sequ\u00eancia","2557":"fundamentais","2558":"anda","2559":"visando","2560":"ha","2561":"org","2562":"respectivamente","2563":"doido","2564":"pertence","2565":"educacional","2566":"alberto","2567":"id\u00e9ia","2568":"tropical","2569":"meter","2570":"issn","2571":"surpresa","2572":"mau","2573":"estiver","2574":"tribunal","2575":"mostrou","2576":"cai","2577":"inteira","2578":"preven\u00e7\u00e3o","2579":"financeira","2580":"tio","2581":"oposi\u00e7\u00e3o","2582":"senado","2583":"direta","2584":"europeia","2585":"analisar","2586":"parede","2587":"docentes","2588":"riqueza","2589":"corresponde","2590":"ditadura","2591":"vii","2592":"manu","2593":"reserva","2594":"vdd","2595":"piada","2596":"lan\u00e7ou","2597":"folhas","2598":"pinto","2599":"usu\u00e1rio","2600":"folha","2601":"afirmou","2602":"redor","2603":"roupas","2604":"caras","2605":"inclui","2606":"apaixonada","2607":"serve","2608":"emancipa\u00e7\u00e3o","2609":"contribuir","2610":"muda","2611":"setores","2612":"dizia","2613":"mandato","2614":"choro","2615":"denominado","2616":"progresso","2617":"reflex\u00e3o","2618":"frequ\u00eancia","2619":"fluxo","2620":"revis\u00e3o","2621":"aperfei\u00e7oamento","2622":"lideran\u00e7a","2623":"romanos","2624":"buscar","2625":"instalado","2626":"introdu\u00e7\u00e3o","2627":"autoridades","2628":"seguidores","2629":"or\u00e7amento","2630":"esta\u00e7\u00f5es","2631":"sebasti\u00e3o","2632":"filipe","2633":"coordenador","2634":"l\u00edderes","2635":"v\u00e1","2636":"contigo","2637":"s\u00e9rgio","2638":"tecnol\u00f3gica","2639":"primo","2640":"\u00f3rg\u00e3o","2641":"treinamento","2642":"venha","2643":"confer\u00eancia","2644":"usam","2645":"elabora\u00e7\u00e3o","2646":"caracteriza\u00e7\u00e3o","2647":"vias","2648":"op\u00e7\u00f5es","2649":"vidas","2650":"oportunidades","2651":"chamou","2652":"vinho","2653":"procedimentos","2654":"f\u00f3rum","2655":"coleta","2656":"aspecto","2657":"adicionei","2658":"tenta","2659":"v\u00edtima","2660":"calma","2661":"produzido","2662":"torres","2663":"culturas","2664":"afonso","2665":"letra","2666":"variedade","2667":"manoel","2668":"bernardo","2669":"net","2670":"mesmas","2671":"sovi\u00e9tica","2672":"estat\u00edstica","2673":"secret\u00e1rio","2674":"paga","2675":"participou","2676":"maia","2677":"macho","2678":"abra\u00e7o","2679":"avenida","2680":"contou","2681":"namoro","2682":"rurais","2683":"europeus","2684":"plataforma","2685":"boy","2686":"crl","2687":"contribui\u00e7\u00e3o","2688":"atl\u00e2ntico","2689":"crit\u00e9rios","2690":"perguntar","2691":"bela","2692":"estabelecimento","2693":"opera\u00e7\u00f5es","2694":"le","2695":"formam","2696":"aquelas","2697":"efici\u00eancia","2698":"tentou","2699":"amg","2700":"come","2701":"rafael","2702":"investimentos","2703":"cont\u00e9m","2704":"ambas","2705":"parlamento","2706":"luis","2707":"ataques","2708":"transforma\u00e7\u00e3o","2709":"montanhas","2710":"associada","2711":"certos","2712":"shopping","2713":"san","2714":"teorias","2715":"louco","2716":"jr","2717":"sintomas","2718":"jornalismo","2719":"cabe","2720":"retorno","2721":"estradas","2722":"devo","2723":"pedagogia","2724":"socorro","2725":"microrregi\u00e3o","2726":"meninos","2727":"r\u00e1pida","2728":"love","2729":"humor","2730":"aonde","2731":"instala\u00e7\u00f5es","2732":"sa","2733":"tecido","2734":"parada","2735":"mando","2736":"calend\u00e1rio","2737":"toca","2738":"preocupa\u00e7\u00e3o","2739":"prefiro","2740":"ando","2741":"permitiu","2742":"povoa\u00e7\u00e3o","2743":"nomeado","2744":"marketing","2745":"interno","2746":"franco","2747":"come\u00e7ando","2748":"voltando","2749":"trocar","2750":"entendi","2751":"c\u00e9rebro","2752":"usados","2753":"etapa","2754":"dc","2755":"caminhos","2756":"segundos","2757":"implanta\u00e7\u00e3o","2758":"implementa\u00e7\u00e3o","2759":"00\u00aa","2760":"dj","2761":"dms","2762":"dnv","2763":"alimentar","2764":"moeda","2765":"cortar","2766":"droga","2767":"sociologia","2768":"sofreu","2769":"institucional","2770":"xvii","2771":"\u00f3tima","2772":"dava","2773":"graduando","2774":"acorda","2775":"comunista","2776":"ocupa","2777":"barros","2778":"temer","2779":"raz\u00f5es","2780":"cliente","2781":"envolvendo","2782":"honra","2783":"positivo","2784":"possam","2785":"possibilidades","2786":"colocou","2787":"coletiva","2788":"cd","2789":"apresentou","2790":"vaga","2791":"necess\u00e1ria","2792":"padr\u00f5es","2793":"religiosa","2794":"mostrando","2795":"vegeta\u00e7\u00e3o","2796":"m\u00f3veis","2797":"aq","2798":"bancos","2799":"transmiss\u00e3o","2800":"vei","2801":"culto","2802":"amaz\u00f4nia","2803":"can\u00e7\u00f5es","2804":"ligada","2805":"existir","2806":"beb\u00ea","2807":"vento","2808":"bunda","2809":"burro","2810":"londres","2811":"kkkkkkkkk","2812":"romana","2813":"s\u00e9ries","2814":"garantir","2815":"is","2816":"borges","2817":"utilizadas","2818":"marques","2819":"canais","2820":"deram","2821":"cantando","2822":"estabelecer","2823":"realizados","2824":"haviam","2825":"mo","2826":"po","2827":"acompanhar","2828":"modalidade","2829":"pinheiro","2830":"individual","2831":"cantar","2832":"procurando","2833":"dieta","2834":"le\u00e3o","2835":"latim","2836":"luanda","2837":"compartilhar","2838":"determina\u00e7\u00e3o","2839":"bolo","2840":"hist\u00f3rica","2841":"qu\u00ea","2842":"ribeira","2843":"\u00e1rvores","2844":"mant\u00e9m","2845":"rj","2846":"precisamos","2847":"imediatamente","2848":"vieram","2849":"oferta","2850":"avaliar","2851":"piscina","2852":"cuba","2853":"privado","2854":"classes","2855":"religioso","2856":"ind\u00edgena","2857":"estrangeiros","2858":"harry","2859":"laranja","2860":"bra\u00e7o","2861":"princesa","2862":"tom","2863":"financeiro","2864":"apresentando","2865":"tantas","2866":"hahaha","2867":"visa","2868":"agente","2869":"fuder","2870":"zonas","2871":"brit\u00e2nico","2872":"erros","2873":"recebido","2874":"camila","2875":"federa\u00e7\u00e3o","2876":"role","2877":"louca","2878":"projecto","2879":"verdadeira","2880":"di\u00e1logo","2881":"lan\u00e7a","2882":"afinal","2883":"virou","2884":"alian\u00e7a","2885":"p\u00e1ginas","2886":"identificar","2887":"actividades","2888":"neves","2889":"reformas","2890":"trabalhando","2891":"sabes","2892":"treino","2893":"impostos","2894":"oriente","2895":"aus\u00eancia","2896":"hip\u00f3tese","2897":"sal\u00e3o","2898":"pr\u00f3ximas","2899":"categorias","2900":"sequer","2901":"doutor","2902":"nervoso","2903":"par\u00f3quia","2904":"precisar","2905":"doida","2906":"coloniza\u00e7\u00e3o","2907":"fundador","2908":"junta","2909":"m\u00e9xico","2910":"fernanda","2911":"comendo","2912":"apareceu","2913":"responde","2914":"arquivos","2915":"ministros","2916":"ora","2917":"reduzir","2918":"computadores","2919":"missa","2920":"acervo","2921":"bora","2922":"possu\u00eda","2923":"puto","2924":"col\u00f4nia","2925":"amazonas","2926":"juventude","2927":"gen\u00e9tica","2928":"come\u00e7am","2929":"igualmente","2930":"solos","2931":"almo\u00e7o","2932":"apresentados","2933":"gama","2934":"capit\u00e3o","2935":"reprodu\u00e7\u00e3o","2936":"seguro","2937":"visual","2938":"marcado","2939":"prop\u00f3sito","2940":"observa\u00e7\u00e3o","2941":"sdds","2942":"chegam","2943":"ed","2944":"destaca","2945":"contando","2946":"monteiro","2947":"morar","2948":"auto","2949":"representante","2950":"poderiam","2951":"jornais","2952":"assumir","2953":"morre","2954":"feij\u00e3o","2955":"funcional","2956":"noroeste","2957":"a\u00e7o","2958":"terminou","2959":"lendo","2960":"pista","2961":"rita","2962":"m\u00e1rio","2963":"us","2964":"art","2965":"pretende","2966":"m\u00e1xima","2967":"go","2968":"corrida","2969":"autonomia","2970":"queremos","2971":"vari\u00e1veis","2972":"res\u00edduos","2973":"sustentabilidade","2974":"rt","2975":"taxas","2976":"alternativa","2977":"cavalo","2978":"universal","2979":"whatsapp","2980":"xiii","2981":"talento","2982":"florestas","2983":"determinada","2984":"corre","2985":"sector","2986":"peito","2987":"tela","2988":"sabemos","2989":"areia","2990":"foz","2991":"perdendo","2992":"\u00fatil","2993":"b\u00edblia","2994":"curta","2995":"saindo","2996":"agradecer","2997":"considerar","2998":"centenas","2999":"anteriormente","3000":"venceu","3001":"der","3002":"milh\u00e3o","3003":"criando","3004":"popula\u00e7\u00f5es","3005":"cr\u00edticas","3006":"actualmente","3007":"endere\u00e7o","3008":"assis","3009":"precipita\u00e7\u00e3o","3010":"cultivo","3011":"perdido","3012":"preserva\u00e7\u00e3o","3013":"paul","3014":"contribui\u00e7\u00f5es","3015":"ambientes","3016":"lava","3017":"tomada","3018":"fama","3019":"propaganda","3020":"percep\u00e7\u00e3o","3021":"esqueci","3022":"facilmente","3023":"york","3024":"ce","3025":"pm","3026":"definitivamente","3027":"realiza","3028":"unidas","3029":"j\u00falio","3030":"gostoso","3031":"eletr\u00f4nica","3032":"dividido","3033":"coluna","3034":"aceitar","3035":"salas","3036":"chata","3037":"legais","3038":"deveriam","3039":"an\u00e1lises","3040":"\u00e1cido","3041":"ol\u00e1","3042":"consequ\u00eancia","3043":"comarca","3044":"peguei","3045":"dicion\u00e1rio","3046":"mc","3047":"exclusivamente","3048":"cheiro","3049":"transi\u00e7\u00e3o","3050":"pegou","3051":"diego","3052":"paraguai","3053":"ramo","3054":"gustavo","3055":"bloco","3056":"receita","3057":"guia","3058":"deixo","3059":"brincadeira","3060":"entende","3061":"determinado","3062":"tomara","3063":"prof","3064":"perguntas","3065":"palco","3066":"acordada","3067":"religiosas","3068":"clubes","3069":"habilidades","3070":"revela","3071":"refer\u00eancias","3072":"servidor","3073":"transfer\u00eancia","3074":"rapaz","3075":"pouca","3076":"aparelho","3077":"freitas","3078":"plena","3079":"pedi","3080":"permitir","3081":"particulares","3082":"fronteiras","3083":"pertencente","3084":"planalto","3085":"participa","3086":"man","3087":"europeu","3088":"prov\u00edncias","3089":"associados","3090":"fechar","3091":"it","3092":"acad\u00eamicos","3093":"desenvolveu","3094":"idiota","3095":"franceses","3096":"encontram","3097":"cresceu","3098":"ouvi","3099":"externa","3100":"\u00e9tica","3101":"basicamente","3102":"continuidade","3103":"provincial","3104":"algod\u00e3o","3105":"paredes","3106":"tens\u00e3o","3107":"guerras","3108":"recentes","3109":"gols","3110":"reclamar","3111":"produtor","3112":"miss\u00f5es","3113":"v\u00eam","3114":"topo","3115":"rol\u00ea","3116":"espec\u00edfico","3117":"xv","3118":"apresentado","3119":"poeta","3120":"graus","3121":"profiss\u00e3o","3122":"empres\u00e1rios","3123":"engenheiro","3124":"vencer","3125":"papo","3126":"discutir","3127":"\u00f3leo","3128":"pc","3129":"licenciatura","3130":"aff","3131":"m\u00e1quinas","3132":"pre\u00e7os","3133":"passe","3134":"econ\u00f4micas","3135":"daqueles","3136":"compara\u00e7\u00e3o","3137":"revolta","3138":"nunes","3139":"turistas","3140":"vota\u00e7\u00e3o","3141":"peixes","3142":"lenda","3143":"bando","3144":"dono","3145":"chocolate","3146":"especialistas","3147":"circula\u00e7\u00e3o","3148":"abertas","3149":"par","3150":"decidiu","3151":"constitui","3152":"russo","3153":"resid\u00eancia","3154":"originalmente","3155":"formando","3156":"gostam","3157":"moro","3158":"proteger","3159":"publicada","3160":"fonseca","3161":"segundafeira","3162":"iphone","3163":"escritor","3164":"feminina","3165":"partidos","3166":"organizado","3167":"assinatura","3168":"abre","3169":"disposi\u00e7\u00e3o","3170":"rumo","3171":"aparecida","3172":"android","3173":"italiano","3174":"gira","3175":"equil\u00edbrio","3176":"visitas","3177":"eleitos","3178":"atletas","3179":"geogr\u00e1fica","3180":"cr\u00edtico","3181":"portas","3182":"visitar","3183":"daquela","3184":"disputa","3185":"aproveitar","3186":"porno","3187":"desgra\u00e7a","3188":"bases","3189":"qu\u00e3o","3190":"cobertura","3191":"reinado","3192":"vizinhos","3193":"conhecidas","3194":"ficava","3195":"altos","3196":"auge","3197":"tornando","3198":"modernos","3199":"agr\u00edcolas","3200":"corinthians","3201":"essencial","3202":"times","3203":"experimental","3204":"duque","3205":"invas\u00e3o","3206":"bolsas","3207":"moderno","3208":"am","3209":"crist\u00e3os","3210":"shows","3211":"briga","3212":"con","3213":"fiscal","3214":"autoridade","3215":"cr\u00e9dito","3216":"l\u00f3gica","3217":"obten\u00e7\u00e3o","3218":"seco","3219":"aceita","3220":"registros","3221":"lazer","3222":"encontramse","3223":"silveira","3224":"parecer","3225":"deixe","3226":"refere","3227":"recebi","3228":"vais","3229":"lojas","3230":"pris\u00e3o","3231":"nessas","3232":"semelhantes","3233":"drogas","3234":"coronel","3235":"vargas","3236":"seletivo","3237":"declara\u00e7\u00e3o","3238":"querida","3239":"morta","3240":"hospitais","3241":"alcan\u00e7ar","3242":"mo\u00e7ambique","3243":"compreender","3244":"intelectual","3245":"tatuagem","3246":"minera\u00e7\u00e3o","3247":"integrado","3248":"baixar","3249":"continuam","3250":"distante","3251":"socialista","3252":"querido","3253":"ir\u00e3o","3254":"mesquita","3255":"hino","3256":"salvar","3257":"especificamente","3258":"empregos","3259":"vereadores","3260":"haja","3261":"figuras","3262":"primeiroministro","3263":"aumenta","3264":"arraial","3265":"m\u00ednima","3266":"defende","3267":"fluminense","3268":"mandando","3269":"prima","3270":"mortalidade","3271":"tirando","3272":"ra\u00e7a","3273":"termina","3274":"capazes","3275":"benfica","3276":"discuss\u00f5es","3277":"preta","3278":"caracter\u00edstica","3279":"aves","3280":"envolvidos","3281":"dimens\u00f5es","3282":"brito","3283":"tantos","3284":"flor","3285":"cap\u00edtulo","3286":"organismo","3287":"raiz","3288":"gabinete","3289":"crlh","3290":"tirou","3291":"superiores","3292":"fundado","3293":"par\u00e2metros","3294":"lados","3295":"larga","3296":"auxiliar","3297":"bomba","3298":"deuses","3299":"igrejas","3300":"gr\u00eamio","3301":"carros","3302":"expectativas","3303":"ultimamente","3304":"oque","3305":"tornase","3306":"baixos","3307":"conselhos","3308":"assumiu","3309":"entidade","3310":"tl","3311":"cansada","3312":"tribos","3313":"encontrou","3314":"idosos","3315":"processamento","3316":"continue","3317":"falha","3318":"eixo","3319":"sente","3320":"correia","3321":"sil\u00eancio","3322":"conto","3323":"escritos","3324":"ali\u00e1s","3325":"tomei","3326":"varia\u00e7\u00e3o","3327":"est\u00e1s","3328":"nogueira","3329":"permitem","3330":"chaves","3331":"grave","3332":"d\u00f3i","3333":"meta","3334":"gastar","3335":"desenhos","3336":"relativa","3337":"concordo","3338":"ondas","3339":"altamente","3340":"onu","3341":"existente","3342":"terapia","3343":"diretoria","3344":"lembrei","3345":"tirei","3346":"interessados","3347":"componentes","3348":"banheiro","3349":"mapa","3350":"helena","3351":"carbono","3352":"tecidos","3353":"crimes","3354":"aumentou","3355":"elite","3356":"ligar","3357":"necess\u00e1rias","3358":"estaria","3359":"bb","3360":"cl\u00e1ssico","3361":"romance","3362":"euros","3363":"surge","3364":"produz","3365":"precisava","3366":"cad\u00ea","3367":"bateria","3368":"alem\u00e3","3369":"amea\u00e7a","3370":"parecia","3371":"poderes","3372":"salto","3373":"povoamento","3374":"usadas","3375":"estabelecimentos","3376":"liberal","3377":"conquistou","3378":"bispo","3379":"ciro","3380":"mediante","3381":"publica\u00e7\u00f5es","3382":"ba\u00eda","3383":"ampla","3384":"reservas","3385":"hist\u00f3ricos","3386":"bandas","3387":"ventos","3388":"rui","3389":"conquistar","3390":"enviar","3391":"postos","3392":"educacionais","3393":"estatuto","3394":"nascido","3395":"poder\u00e3o","3396":"in\u00fameras","3397":"ocorr\u00eancia","3398":"v\u00edtimas","3399":"chin\u00eas","3400":"b\u00e1sico","3401":"ve","3402":"servidores","3403":"\u00e1rabe","3404":"fio","3405":"intensidade","3406":"leonardo","3407":"compostos","3408":"extremo","3409":"tr\u00e2nsito","3410":"fator","3411":"s\u00e1","3412":"las","3413":"sc","3414":"perspectivas","3415":"intuito","3416":"regionais","3417":"brincar","3418":"marinha","3419":"solu\u00e7\u00f5es","3420":"votou","3421":"venezuela","3422":"denominada","3423":"certamente","3424":"coreia","3425":"saia","3426":"documenta\u00e7\u00e3o","3427":"descendentes","3428":"est\u00fadio","3429":"deixam","3430":"chile","3431":"sofre","3432":"proximidade","3433":"minerais","3434":"definir","3435":"miranda","3436":"arma","3437":"fossem","3438":"p\u00f3","3439":"carolina","3440":"errada","3441":"pobres","3442":"vidro","3443":"moura","3444":"controlar","3445":"van","3446":"mo\u00e7a","3447":"d\u00ea","3448":"dilma","3449":"m\u00e1","3450":"chave","3451":"ra\u00edzes","3452":"conheci","3453":"atuar","3454":"realizou","3455":"vegetal","3456":"vers\u00f5es","3457":"digitais","3458":"escutar","3459":"antropologia","3460":"est\u00e9tica","3461":"templo","3462":"mercados","3463":"id\u00e9ias","3464":"especialista","3465":"espanh\u00f3is","3466":"legislativo","3467":"bad","3468":"nois","3469":"pobreza","3470":"abreu","3471":"segura","3472":"inv\u00e9s","3473":"vantagem","3474":"morais","3475":"passageiros","3476":"declarou","3477":"origens","3478":"exce\u00e7\u00e3o","3479":"pudesse","3480":"atmosfera","3481":"mecanismos","3482":"segmento","3483":"escreve","3484":"aguenta","3485":"uber","3486":"feriado","3487":"levado","3488":"ix","3489":"atua","3490":"objectivo","3491":"sera","3492":"necess\u00e1rios","3493":"religi\u00f5es","3494":"ensinar","3495":"benef\u00edcios","3496":"caetano","3497":"eleitores","3498":"americanos","3499":"magalh\u00e3es","3500":"pintura","3501":"satisfa\u00e7\u00e3o","3502":"governos","3503":"entregar","3504":"maluco","3505":"dispositivos","3506":"dever\u00e3o","3507":"ufmg","3508":"ve\u00edculos","3509":"racismo","3510":"fatos","3511":"tido","3512":"viajar","3513":"diminuir","3514":"\u00eanfase","3515":"app","3516":"estar\u00e1","3517":"covid","3518":"sert\u00e3o","3519":"diniz","3520":"coelho","3521":"doutrina","3522":"esquece","3523":"florestal","3524":"usina","3525":"inimigo","3526":"ter\u00e7a","3527":"entrevistas","3528":"avan\u00e7o","3529":"roda","3530":"ta\u00e7a","3531":"chuvas","3532":"restaurantes","3533":"matr\u00edcula","3534":"tweets","3535":"nasce","3536":"confus\u00e3o","3537":"agenda","3538":"servir","3539":"percebe","3540":"actividade","3541":"contendo","3542":"manual","3543":"von","3544":"administrativo","3545":"prov\u00e1vel","3546":"equipes","3547":"representar","3548":"tiago","3549":"loucura","3550":"para\u00edso","3551":"smp","3552":"isabel","3553":"jantar","3554":"ch\u00e1","3555":"\u00e1udio","3556":"quantos","3557":"tento","3558":"soldados","3559":"stories","3560":"single","3561":"videos","3562":"vira","3563":"gata","3564":"relevo","3565":"justamente","3566":"cidad\u00e3o","3567":"capa","3568":"greve","3569":"cobre","3570":"viveu","3571":"obtidos","3572":"enfrentar","3573":"lutar","3574":"curr\u00edculo","3575":"regra","3576":"fake","3577":"wpp","3578":"peixe","3579":"garcia","3580":"cresce","3581":"publicou","3582":"concreto","3583":"nuclear","3584":"policial","3585":"extra\u00e7\u00e3o","3586":"associado","3587":"extrema","3588":"livres","3589":"chico","3590":"praias","3591":"consider\u00e1vel","3592":"inteligente","3593":"podes","3594":"dai","3595":"pesco\u00e7o","3596":"oral","3597":"primavera","3598":"chamando","3599":"corporal","3600":"escrit\u00f3rio","3601":"permanece","3602":"fc","3603":"esquema","3604":"assume","3605":"insuport\u00e1vel","3606":"hrs","3607":"informa","3608":"z\u00e9","3609":"ora\u00e7\u00e3o","3610":"more","3611":"acaso","3612":"tranquilo","3613":"descrever","3614":"atl\u00e9tico","3615":"barriga","3616":"f\u00e1brica","3617":"gera","3618":"s\u00edntese","3619":"conex\u00e3o","3620":"correntes","3621":"entendimento","3622":"pacote","3623":"dependendo","3624":"senso","3625":"presos","3626":"obteve","3627":"pizza","3628":"limpeza","3629":"baixas","3630":"capitais","3631":"ajudou","3632":"art\u00edstico","3633":"sentidos","3634":"acreditam","3635":"faleceu","3636":"atingir","3637":"falava","3638":"limitado","3639":"posi\u00e7\u00f5es","3640":"agrad\u00e1vel","3641":"trajet\u00f3ria","3642":"\u00e1sia","3643":"crush","3644":"subir","3645":"quintafeira","3646":"alvo","3647":"caos","3648":"constitu\u00edda","3649":"alfabetiza\u00e7\u00e3o","3650":"pot\u00eancia","3651":"aliados","3652":"macedo","3653":"aquisi\u00e7\u00e3o","3654":"c\u00f3pia","3655":"cadeira","3656":"maconha","3657":"nutri\u00e7\u00e3o","3658":"observar","3659":"ligados","3660":"dimens\u00e3o","3661":"ya","3662":"casar","3663":"existia","3664":"porqu\u00ea","3665":"parecem","3666":"gr\u00e9cia","3667":"econ\u00f3mica","3668":"comp\u00f5em","3669":"unicamp","3670":"vivos","3671":"foder","3672":"agropecu\u00e1ria","3673":"quadros","3674":"azevedo","3675":"constituem","3676":"moraes","3677":"bandido","3678":"tavares","3679":"carneiro","3680":"sporting","3681":"largo","3682":"am\u00e9m","3683":"biol\u00f3gicas","3684":"alem\u00e3es","3685":"secund\u00e1rio","3686":"est","3687":"seguem","3688":"inaugurado","3689":"ri","3690":"publicar","3691":"formal","3692":"chorei","3693":"absolutamente","3694":"valeu","3695":"tornandose","3696":"treinador","3697":"individuais","3698":"fila","3699":"ba","3700":"pesquisador","3701":"definida","3702":"mortes","3703":"privada","3704":"sofrendo","3705":"situase","3706":"ir\u00e3","3707":"sdd","3708":"transportes","3709":"visitantes","3710":"apoia","3711":"clique","3712":"mora","3713":"acontecimentos","3714":"ganhando","3715":"perante","3716":"correndo","3717":"adapta\u00e7\u00e3o","3718":"diabo","3719":"thiago","3720":"territ\u00f3rios","3721":"tarefa","3722":"ahahah","3723":"destacase","3724":"democr\u00e1tico","3725":"lan\u00e7ada","3726":"agir","3727":"egito","3728":"organizada","3729":"esfor\u00e7os","3730":"aux\u00edlio","3731":"alternativas","3732":"entidades","3733":"haha","3734":"encontrada","3735":"aprova\u00e7\u00e3o","3736":"excesso","3737":"escolhido","3738":"gritando","3739":"continuo","3740":"gl\u00f3ria","3741":"ros\u00e1rio","3742":"aumentando","3743":"gaja","3744":"seguido","3745":"arthur","3746":"surgiram","3747":"prato","3748":"atingiu","3749":"poxa","3750":"piau\u00ed","3751":"pleno","3752":"in\u00fameros","3753":"desistir","3754":"estaduais","3755":"smith","3756":"minuto","3757":"novela","3758":"avi\u00e3o","3759":"grega","3760":"burra","3761":"defici\u00eancia","3762":"queijo","3763":"papai","3764":"pe\u00e7o","3765":"estabilidade","3766":"perguntou","3767":"aparentemente","3768":"pontes","3769":"mito","3770":"mostram","3771":"jair","3772":"centrais","3773":"inter","3774":"ido","3775":"bruna","3776":"atriz","3777":"frutos","3778":"oscar","3779":"cura","3780":"achava","3781":"amaral","3782":"pared\u00e3o","3783":"gravar","3784":"autoria","3785":"mistura","3786":"colegas","3787":"kkkkkkkkkk","3788":"arquivo","3789":"adulto","3790":"\u00e1rabes","3791":"uruguai","3792":"bolso","3793":"considera\u00e7\u00e3o","3794":"polo","3795":"amanha","3796":"game","3797":"medeiros","3798":"cantor","3799":"jur\u00eddica","3800":"descobri","3801":"trilha","3802":"constitucional","3803":"rotina","3804":"mateus","3805":"ansiosa","3806":"saud\u00e1vel","3807":"encontros","3808":"caro","3809":"pernas","3810":"sujeitos","3811":"espiritual","3812":"quadrados","3813":"aplicativo","3814":"acompanhamento","3815":"absurdo","3816":"transforma\u00e7\u00f5es","3817":"pessoalmente","3818":"durmo","3819":"manaus","3820":"jornalistas","3821":"per","3822":"utiliza","3823":"civis","3824":"nativos","3825":"chora","3826":"cerrado","3827":"superar","3828":"amparo","3829":"tr\u00e1fego","3830":"relato","3831":"hor\u00e1ria","3832":"hugo","3833":"desenvolvidos","3834":"can\u00e7\u00e3o","3835":"consequ\u00eancias","3836":"george","3837":"exerc\u00edcios","3838":"levam","3839":"convidados","3840":"excel\u00eancia","3841":"ator","3842":"pessoais","3843":"atleta","3844":"levantamento","3845":"dica","3846":"atualizado","3847":"exames","3848":"xxi","3849":"inaugura\u00e7\u00e3o","3850":"apaixonado","3851":"meme","3852":"fruto","3853":"restaurante","3854":"publicidade","3855":"pago","3856":"bibliotecas","3857":"a\u00e9rea","3858":"gelo","3859":"econ\u00f4micos","3860":"rafa","3861":"preocupado","3862":"matheus","3863":"musicais","3864":"consulta","3865":"imenso","3866":"proporcionar","3867":"representam","3868":"ingresso","3869":"xiv","3870":"resumos","3871":"motor","3872":"verificar","3873":"dan\u00e7ar","3874":"trinta","3875":"organizar","3876":"idioma","3877":"acordos","3878":"chamadas","3879":"paisagem","3880":"cotidiano","3881":"art\u00edstica","3882":"victor","3883":"af","3884":"fechado","3885":"fdp","3886":"custa","3887":"reitor","3888":"nascer","3889":"fortemente","3890":"desmembrado","3891":"treinar","3892":"obtido","3893":"sociedades","3894":"v\u00f3","3895":"malta","3896":"dedica\u00e7\u00e3o","3897":"acabando","3898":"amei","3899":"facilitar","3900":"nomeadamente","3901":"pura","3902":"titular","3903":"faziam","3904":"cidadania","3905":"desespero","3906":"hitler","3907":"viagens","3908":"autora","3909":"ritmo","3910":"enem","3911":"fundos","3912":"favorita","3913":"favorito","3914":"contempor\u00e2nea","3915":"senador","3916":"causar","3917":"p\u00f3lo","3918":"her\u00f3i","3919":"ter\u00e3o","3920":"terrestre","3921":"imperial","3922":"0000","3923":"cartas","3924":"porrada","3925":"complexos","3926":"toneladas","3927":"garagem","3928":"aprendi","3929":"ganhei","3930":"amarelo","3931":"senti","3932":"nasci","3933":"hectares","3934":"regular","3935":"quantas","3936":"libertadores","3937":"atualiza\u00e7\u00e3o","3938":"racista","3939":"conde","3940":"fria","3941":"d\u00edvida","3942":"freire","3943":"bts","3944":"conseguindo","3945":"queiroz","3946":"ranking","3947":"barcelona","3948":"provar","3949":"vendas","3950":"prioridade","3951":"lol","3952":"integral","3953":"postura","3954":"figueiredo","3955":"conte\u00fados","3956":"combust\u00edvel","3957":"circuito","3958":"relacionada","3959":"austr\u00e1lia","3960":"turquia","3961":"suco","3962":"atl\u00e2ntica","3963":"fazendas","3964":"tambem","3965":"extin\u00e7\u00e3o","3966":"louis","3967":"washington","3968":"inveja","3969":"cient\u00edficas","3970":"integrada","3971":"brit\u00e2nica","3972":"definido","3973":"infec\u00e7\u00e3o","3974":"anualmente","3975":"saio","3976":"est\u00f4mago","3977":"trabalhador","3978":"encontrei","3979":"espanhola","3980":"dores","3981":"democr\u00e1tica","3982":"vizinho","3983":"iniciativas","3984":"formados","3985":"capitalismo","3986":"mestrando","3987":"cargos","3988":"especializa\u00e7\u00e3o","3989":"paralelo","3990":"contos","3991":"sampaio","3992":"bozo","3993":"entao","3994":"amada","3995":"disp\u00f5e","3996":"bateu","3997":"brancos","3998":"maranh\u00e3o","3999":"automaticamente","4000":"estresse","4001":"emerg\u00eancia","4002":"vari\u00e1vel","4003":"p000","4004":"verdes","4005":"sofrimento","4006":"belas","4007":"va","4008":"motiva\u00e7\u00e3o","4009":"espec\u00edfica","4010":"envolve","4011":"mem\u00f3rias","4012":"diria","4013":"divulgar","4014":"musicas","4015":"my","4016":"stf","4017":"avisa","4018":"pegando","4019":"constru\u00e7\u00f5es","4020":"edif\u00edcio","4021":"cl\u00e1ssica","4022":"vs","4023":"fumar","4024":"historiadores","4025":"aquecimento","4026":"cat\u00f3licos","4027":"faculdades","4028":"exposi\u00e7\u00f5es","4029":"relatos","4030":"resulta","4031":"iniciais","4032":"cadeiras","4033":"anime","4034":"determinar","4035":"cantora","4036":"cem","4037":"cachoeira","4038":"finalidade","4039":"inimigos","4040":"f\u00e1bio","4041":"crist\u00e3","4042":"curioso","4043":"gregos","4044":"f\u00edsicas","4045":"lan\u00e7ar","4046":"b\u00e1sicas","4047":"descobriu","4048":"garoto","4049":"c\u00f3rrego","4050":"causas","4051":"abastecimento","4052":"tuas","4053":"torneio","4054":"hr","4055":"voltei","4056":"quebrar","4057":"deixem","4058":"ligadas","4059":"demandas","4060":"chego","4061":"radia\u00e7\u00e3o","4062":"provenientes","4063":"italiana","4064":"deusa","4065":"permaneceu","4066":"simone","4067":"apar\u00eancia","4068":"artificial","4069":"renato","4070":"namoral","4071":"conseguiram","4072":"aproveitamento","4073":"inser\u00e7\u00e3o","4074":"f\u00e1tima","4075":"fandom","4076":"colonial","4077":"amado","4078":"mineiro","4079":"aprovado","4080":"cia","4081":"ovo","4082":"autoestima","4083":"sus","4084":"ocidente","4085":"essencialmente","4086":"hahahaha","4087":"one","4088":"m\u00f3dulo","4089":"industriais","4090":"funcionar","4091":"mandei","4092":"michel","4093":"historia","4094":"submetidos","4095":"contabilidade","4096":"julgar","4097":"ep","4098":"atacar","4099":"imaginar","4100":"disponibilidade","4101":"fotografia","4102":"s\u00edndrome","4103":"iguais","4104":"credo","4105":"tend\u00eancias","4106":"virtude","4107":"comi","4108":"kg","4109":"mundiais","4110":"scielo","4111":"judicial","4112":"perigo","4113":"deseja","4114":"todavia","4115":"espelho","4116":"reportagem","4117":"cemit\u00e9rio","4118":"marinho","4119":"cl\u00e1udio","4120":"febre","4121":"desenvolvidas","4122":"aben\u00e7oe","4123":"vol00","4124":"garante","4125":"vossa","4126":"rev","4127":"esportes","4128":"estejam","4129":"dinastia","4130":"incid\u00eancia","4131":"publicados","4132":"cujos","4133":"particularmente","4134":"noites","4135":"encontradas","4136":"prim\u00e1ria","4137":"resolveu","4138":"integrantes","4139":"trecho","4140":"piores","4141":"audit\u00f3rio","4142":"cobra","4143":"relevantes","4144":"xavier","4145":"sites","4146":"lavar","4147":"ncia","4148":"esperava","4149":"altera\u00e7\u00e3o","4150":"puro","4151":"capacita\u00e7\u00e3o","4152":"africana","4153":"italianos","4154":"cr","4155":"usou","4156":"ocorrem","4157":"holanda","4158":"concerto","4159":"trigo","4160":"aparecem","4161":"rola","4162":"doa\u00e7\u00e3o","4163":"barreto","4164":"farinha","4165":"japon\u00eas","4166":"funk","4167":"concep\u00e7\u00e3o","4168":"apple","4169":"workshop","4170":"dezenas","4171":"desemprego","4172":"precisando","4173":"compositor","4174":"criados","4175":"navega\u00e7\u00e3o","4176":"blocos","4177":"posta","4178":"bebidas","4179":"monitoramento","4180":"question\u00e1rio","4181":"amplia\u00e7\u00e3o","4182":"impressionante","4183":"viram","4184":"proposto","4185":"consumidor","4186":"gigante","4187":"percurso","4188":"barco","4189":"danos","4190":"limpa","4191":"pen\u00ednsula","4192":"protocolo","4193":"anunciou","4194":"c\u00e3o","4195":"ocorrer","4196":"teresa","4197":"max","4198":"evidente","4199":"m\u00fasicos","4200":"eficiente","4201":"janela","4202":"consenso","4203":"ci\u00fames","4204":"relevante","4205":"umidade","4206":"ps","4207":"financiamento","4208":"surgimento","4209":"escolares","4210":"sobreviv\u00eancia","4211":"advogado","4212":"permitindo","4213":"ca\u00e7a","4214":"prepara\u00e7\u00e3o","4215":"produtividade","4216":"recebem","4217":"considera","4218":"g\u00eaneros","4219":"cola","4220":"duro","4221":"ca","4222":"av\u00f3","4223":"advers\u00e1rio","4224":"lobo","4225":"tradi\u00e7\u00f5es","4226":"corpos","4227":"l\u00edquido","4228":"entrei","4229":"debates","4230":"descoberto","4231":"mecanismo","4232":"louren\u00e7o","4233":"pesado","4234":"carai","4235":"seguiu","4236":"puder","4237":"carioca","4238":"corona","4239":"desenvolvida","4240":"acabam","4241":"fl\u00e1vio","4242":"monumento","4243":"montes","4244":"japonesa","4245":"carol","4246":"criadas","4247":"fases","4248":"quartafeira","4249":"fomos","4250":"associa\u00e7\u00f5es","4251":"civiliza\u00e7\u00e3o","4252":"dedo","4253":"jean","4254":"campeonatos","4255":"modernas","4256":"out","4257":"promove","4258":"espec\u00edficos","4259":"nego","4260":"grava\u00e7\u00e3o","4261":"apresentada","4262":"galo","4263":"apelido","4264":"b\u00e1rbara","4265":"localidades","4266":"dentes","4267":"reconhecer","4268":"convidado","4269":"navios","4270":"amores","4271":"ocidentais","4272":"trag\u00e9dia","4273":"lavras","4274":"ess\u00eancia","4275":"all","4276":"eletr\u00f4nico","4277":"liga\u00e7\u00f5es","4278":"encher","4279":"document\u00e1rio","4280":"fic\u00e7\u00e3o","4281":"neymar","4282":"adequada","4283":"aprendizado","4284":"mega","4285":"parem","4286":"privadas","4287":"exclusiva","4288":"recuperar","4289":"cumprir","4290":"doendo","4291":"exporta\u00e7\u00e3o","4292":"gabi","4293":"isolamento","4294":"faltam","4295":"palestras","4296":"re","4297":"uniforme","4298":"estreia","4299":"oficina","4300":"pano","4301":"vestido","4302":"pronta","4303":"comit\u00ea","4304":"mariana","4305":"quinto","4306":"cansado","4307":"haver\u00e1","4308":"fingir","4309":"aproxima\u00e7\u00e3o","4310":"brilhante","4311":"frota","4312":"estabelece","4313":"devemos","4314":"laborat\u00f3rios","4315":"vsf","4316":"achou","4317":"denota","4318":"intensa","4319":"intera\u00e7\u00f5es","4320":"ficaria","4321":"patrim\u00f3nio","4322":"pares","4323":"estabelecido","4324":"viria","4325":"previs\u00e3o","4326":"tar","4327":"vindos","4328":"piso","4329":"inicia","4330":"medicamentos","4331":"martinho","4332":"fodase","4333":"cient\u00edficos","4334":"assassinato","4335":"metais","4336":"indicadores","4337":"ovos","4338":"ingleses","4339":"ahah","4340":"aplicar","4341":"riscos","4342":"barulho","4343":"fa\u00e7am","4344":"discursos","4345":"cento","4346":"veterin\u00e1ria","4347":"c\u00e2mera","4348":"estudando","4349":"brazil","4350":"novinha","4351":"ve\u00edculo","4352":"jur\u00eddico","4353":"conhe\u00e7a","4354":"\u00edndices","4355":"amizades","4356":"v\u00ednculo","4357":"acidentes","4358":"atra\u00e7\u00e3o","4359":"aceito","4360":"porco","4361":"podiam","4362":"leal","4363":"necessariamente","4364":"vemos","4365":"suic\u00eddio","4366":"ensaio","4367":"reclamando","4368":"s\u00edmbolos","4369":"vota","4370":"lanche","4371":"pf","4372":"recurso","4373":"pop","4374":"nariz","4375":"rea\u00e7\u00f5es","4376":"popularidade","4377":"tocantins","4378":"empregados","4379":"legisla\u00e7\u00e3o","4380":"familia","4381":"an\u00fancio","4382":"venho","4383":"impedir","4384":"mania","4385":"amostras","4386":"terror","4387":"manteve","4388":"exige","4389":"po\u00e7o","4390":"originais","4391":"pras","4392":"consideradas","4393":"james","4394":"banana","4395":"marcada","4396":"bota","4397":"marcou","4398":"salgado","4399":"acompanhado","4400":"pensam","4401":"quaisquer","4402":"estrangeiro","4403":"igua\u00e7u","4404":"lindas","4405":"complicado","4406":"from","4407":"te\u00f3rico","4408":"limpar","4409":"mana","4410":"postando","4411":"queres","4412":"sons","4413":"refletir","4414":"dependente","4415":"gasto","4416":"depend\u00eancia","4417":"vera","4418":"regina","4419":"chamam","4420":"toque","4421":"\u00f3culos","4422":"center","4423":"serviu","4424":"parlamentar","4425":"mendon\u00e7a","4426":"odontologia","4427":"gr\u00e1fico","4428":"viii","4429":"fornecido","4430":"fode","4431":"secund\u00e1ria","4432":"complexidade","4433":"ms","4434":"thomas","4435":"criatividade","4436":"restante","4437":"viana","4438":"qu\u00edmicos","4439":"edif\u00edcios","4440":"oficinas","4441":"reconhecido","4442":"promovido","4443":"c\u00e1lculo","4444":"cavaleiros","4445":"vest\u00edgios","4446":"m\u00fasico","4447":"demora","4448":"finan\u00e7as","4449":"ocorrido","4450":"f\u00edsicos","4451":"guitarra","4452":"espec\u00edficas","4453":"recomendo","4454":"apresenta\u00e7\u00f5es","4455":"nd","4456":"comprou","4457":"parou","4458":"mexer","4459":"partiu","4460":"julia","4461":"canadea\u00e7\u00facar","4462":"voltada","4463":"fi","4464":"destinado","4465":"samba","4466":"perna","4467":"coletivo","4468":"federais","4469":"bra\u00e7os","4470":"luxemburgo","4471":"trouxa","4472":"estimativa","4473":"anel","4474":"passava","4475":"alimento","4476":"william","4477":"ferrovia","4478":"preocupar","4479":"tarefas","4480":"precis\u00e3o","4481":"jogou","4482":"lutas","4483":"fauna","4484":"contava","4485":"subst\u00e2ncias","4486":"alerta","4487":"pastor","4488":"sat\u00e9lite","4489":"eventualmente","4490":"massas","4491":"botafogo","4492":"licen\u00e7a","4493":"revistas","4494":"dignidade","4495":"colocando","4496":"dicas","4497":"londrina","4498":"preparar","4499":"possivelmente","4500":"japoneses","4501":"tag","4502":"teriam","4503":"camadas","4504":"alcance","4505":"tra\u00e7os","4506":"ouvido","4507":"narrativa","4508":"sigo","4509":"psdb","4510":"ensaios","4511":"anitta","4512":"matas","4513":"escutando","4514":"club","4515":"b\u00e1sicos","4516":"doze","4517":"gr\u00e3os","4518":"tattoo","4519":"f\u00f3rmula","4520":"marx","4521":"bala","4522":"desejar","4523":"campanhas","4524":"acontecem","4525":"indicar","4526":"vigor","4527":"charles","4528":"ativo","4529":"gerenciamento","4530":"deitar","4531":"modelagem","4532":"desfile","4533":"berlim","4534":"apanhar","4535":"ft","4536":"manejo","4537":"datas","4538":"tratados","4539":"sla","4540":"crescendo","4541":"epis\u00f3dios","4542":"distintas","4543":"h\u00e1bitos","4544":"selec\u00e7\u00e3o","4545":"quebra","4546":"\u00e1lbuns","4547":"d\u00e1gua","4548":"casais","4549":"tur\u00edstico","4550":"despesas","4551":"criador","4552":"moto","4553":"an\u00edbal","4554":"juntas","4555":"manifesta\u00e7\u00e3o","4556":"su\u00e9cia","4557":"n0","4558":"amplamente","4559":"moinho","4560":"elenco","4561":"vestibular","4562":"armazenamento","4563":"causou","4564":"perguntando","4565":"unhas","4566":"m\u00e9dias","4567":"viviam","4568":"estilos","4569":"fundou","4570":"consequentemente","4571":"detec\u00e7\u00e3o","4572":"claramente","4573":"compet\u00eancias","4574":"semi\u00e1rido","4575":"cargas","4576":"separa\u00e7\u00e3o","4577":"suave","4578":"bolsominion","4579":"exceto","4580":"pio","4581":"an","4582":"sport","4583":"nn","4584":"profunda","4585":"matou","4586":"vinha","4587":"utilizam","4588":"anima\u00e7\u00e3o","4589":"aplicadas","4590":"cuidados","4591":"el\u00e9trico","4592":"dif\u00edceis","4593":"metas","4594":"comentar","4595":"iniciar","4596":"soube","4597":"pintar","4598":"fil\u00f3sofo","4599":"dom\u00ednios","4600":"reda\u00e7\u00e3o","4601":"solteiro","4602":"world","4603":"taylor","4604":"goi\u00e2nia","4605":"neve","4606":"voltado","4607":"comemorar","4608":"miga","4609":"felizes","4610":"gerar","4611":"construiu","4612":"michael","4613":"geraldo","4614":"spotify","4615":"atraso","4616":"estabeleceu","4617":"menezes","4618":"inteligentes","4619":"produzidos","4620":"diariamente","4621":"retirar","4622":"montagem","4623":"fabrica\u00e7\u00e3o","4624":"fale","4625":"intervalo","4626":"correto","4627":"cujas","4628":"justo","4629":"reabilita\u00e7\u00e3o","4630":"mec","4631":"faixas","4632":"renova\u00e7\u00e3o","4633":"terrenos","4634":"fornecer","4635":"cientistas","4636":"trabalham","4637":"xii","4638":"facilidade","4639":"parceiros","4640":"abriga","4641":"nobel","4642":"paro","4643":"rodada","4644":"msg","4645":"colocado","4646":"bebida","4647":"fiel","4648":"representado","4649":"representada","4650":"vicepresidente","4651":"destacamse","4652":"compreende","4653":"ligando","4654":"destacar","4655":"daria","4656":"cren\u00e7a","4657":"conquistas","4658":"acompanha","4659":"completar","4660":"rodovias","4661":"trono","4662":"testamento","4663":"cerebral","4664":"qm","4665":"limpo","4666":"artigocomo","4667":"reuni\u00f5es","4668":"varias","4669":"vivemos","4670":"carregador","4671":"compet\u00eancia","4672":"efetivo","4673":"atualidade","4674":"jato","4675":"signo","4676":"coimbra","4677":"inicio","4678":"direc\u00e7\u00e3o","4679":"lagoas","4680":"teremos","4681":"dividida","4682":"independentes","4683":"mat\u00e9rias","4684":"nelson","4685":"di\u00e1ria","4686":"iniciouse","4687":"brit\u00e2nicos","4688":"saberes","4689":"xmlrefer\u00eancias","4690":"navio","4691":"receitas","4692":"fofo","4693":"padroeira","4694":"pertencia","4695":"colabora\u00e7\u00e3o","4696":"atores","4697":"equivalente","4698":"demasiado","4699":"significativo","4700":"deixei","4701":"pac\u00edfico","4702":"explica\u00e7\u00e3o","4703":"diploma","4704":"preparado","4705":"havendo","4706":"doutorando","4707":"gozar","4708":"news","4709":"sen\u00e3o","4710":"a\u00e7a\u00ed","4711":"itens","4712":"prado","4713":"terminal","4714":"retirada","4715":"votaram","4716":"explorar","4717":"engenho","4718":"artesanato","4719":"ocupar","4720":"rel\u00f3gio","4721":"varia","4722":"obviamente","4723":"cer\u00e2mica","4724":"desportiva","4725":"cumprimento","4726":"dama","4727":"contratos","4728":"compras","4729":"gramado","4730":"dispositivo","4731":"conseguia","4732":"afirmar","4733":"aplicado","4734":"ganho","4735":"toler\u00e2ncia","4736":"fugir","4737":"empresarial","4738":"africanos","4739":"africano","4740":"adeptos","4741":"coordenadas","4742":"apartamentos","4743":"atinge","4744":"gastos","4745":"be","4746":"entrando","4747":"similar","4748":"gostou","4749":"namorando","4750":"sergipe","4751":"lucro","4752":"liter\u00e1ria","4753":"rem\u00e9dio","4754":"varia\u00e7\u00f5es","4755":"bebe","4756":"ades\u00e3o","4757":"goleiro","4758":"confesso","4759":"ei","4760":"g\u00e9nero","4761":"atra\u00e7\u00f5es","4762":"largura","4763":"tocando","4764":"faltar","4765":"etapas","4766":"s\u00edtios","4767":"gajos","4768":"rap","4769":"aires","4770":"like","4771":"profundidade","4772":"montanha","4773":"cancelar","4774":"absor\u00e7\u00e3o","4775":"preconceito","4776":"ado\u00e7\u00e3o","4777":"dedos","4778":"fapesp","4779":"escolhas","4780":"download","4781":"disseram","4782":"solteira","4783":"promessa","4784":"imposto","4785":"constantes","4786":"dura","4787":"sal\u00e1rios","4788":"farm\u00e1cia","4789":"urbanos","4790":"coloquei","4791":"tentei","4792":"soja","4793":"walter","4794":"arquip\u00e9lago","4795":"fotografias","4796":"igualdade","4797":"dantas","4798":"pego","4799":"consideram","4800":"abriu","4801":"caminhada","4802":"combina\u00e7\u00e3o","4803":"parei","4804":"decora\u00e7\u00e3o","4805":"trazendo","4806":"baby","4807":"parceiro","4808":"duarte","4809":"paranaense","4810":"disto","4811":"coronav\u00edrus","4812":"parcela","4813":"t\u00f3picos","4814":"pr\u00e9","4815":"mineral","4816":"confort\u00e1vel","4817":"sabor","4818":"camada","4819":"deixaram","4820":"flora","4821":"escuro","4822":"bronze","4823":"prefer\u00eancia","4824":"substitu\u00eddo","4825":"basquetebol","4826":"recep\u00e7\u00e3o","4827":"eterno","4828":"star","4829":"marcas","4830":"convite","4831":"divulgado","4832":"namora","4833":"respeitar","4834":"aguentar","4835":"lar","4836":"apagar","4837":"britador","4838":"kkkkkkkkkkk","4839":"critica","4840":"autom\u00e1ticaenviar","4841":"oxig\u00eanio","4842":"amante","4843":"ag\u00eancias","4844":"pl\u00e1stico","4845":"emailindicadorescitado","4846":"trabalhou","4847":"coco","4848":"soma","4849":"financeiros","4850":"concess\u00e3o","4851":"insetos","4852":"tornam","4853":"circular","4854":"ruins","4855":"sexualidade","4856":"espet\u00e1culo","4857":"presta\u00e7\u00e3o","4858":"previsto","4859":"prev\u00ea","4860":"mel","4861":"comemora\u00e7\u00e3o","4862":"integrar","4863":"piracicaba","4864":"produzindo","4865":"pesquisar","4866":"garganta","4867":"supremo","4868":"block","4869":"ahaha","4870":"assisti","4871":"matando","4872":"ensina","4873":"resta","4874":"couro","4875":"propriet\u00e1rio","4876":"gratuito","4877":"descreve","4878":"consolida\u00e7\u00e3o","4879":"investir","4880":"leitor","4881":"eleva\u00e7\u00e3o","4882":"aprende","4883":"leitores","4884":"passeio","4885":"dorme","4886":"assinado","4887":"obg","4888":"evid\u00eancias","4889":"terminei","4890":"equipas","4891":"estivesse","4892":"imaginando","4893":"compro","4894":"falsa","4895":"computacional","4896":"vantagens","4897":"with","4898":"estrat\u00e9gico","4899":"impresso","4900":"destinada","4901":"raras","4902":"entro","4903":"house","4904":"carmo","4905":"sagrado","4906":"hot\u00e9is","4907":"qu\u00edmico","4908":"argumento","4909":"destacou","4910":"pensamentos","4911":"machos","4912":"m\u00f3","4913":"ter\u00e7afeira","4914":"cren\u00e7as","4915":"raios","4916":"teus","4917":"mam\u00e3e","4918":"m\u00b2","4919":"carla","4920":"sub","4921":"mandatos","4922":"povoados","4923":"turn\u00ea","4924":"muscular","4925":"ignor\u00e2ncia","4926":"morreram","4927":"vencedor","4928":"fizer","4929":"beatriz","4930":"raio","4931":"re\u00fane","4932":"desporto","4933":"legislativa","4934":"consumidores","4935":"siga","4936":"prop\u00f5e","4937":"rid\u00edculo","4938":"disney","4939":"juntar","4940":"esgoto","4941":"frases","4942":"juliana","4943":"gasolina","4944":"buraco","4945":"wagner","4946":"bact\u00e9rias","4947":"volunt\u00e1rios","4948":"organismos","4949":"mandioca","4950":"uva","4951":"frango","4952":"open","4953":"anal","4954":"nestas","4955":"av","4956":"leopoldo","4957":"preparada","4958":"ecologia","4959":"firme","4960":"vit\u00f3rias","4961":"tornaram","4962":"red","4963":"operacional","4964":"restri\u00e7\u00f5es","4965":"teses","4966":"cana","4967":"requisitos","4968":"chagas","4969":"leandro","4970":"envolver","4971":"reconhecida","4972":"volto","4973":"jerusal\u00e9m","4974":"interessa","4975":"afirmam","4976":"estudiosos","4977":"iraque","4978":"amplo","4979":"psicol\u00f3gico","4980":"conheceu","4981":"sensacional","4982":"norteamericano","4983":"un","4984":"pedidos","4985":"vegetais","4986":"cabe\u00e7as","4987":"luciana","4988":"l\u00e1grimas","4989":"su\u00ed\u00e7a","4990":"story","4991":"odeia","4992":"vasta","4993":"substitui\u00e7\u00e3o","4994":"v\u00e1cuo","4995":"anuais","4996":"gera\u00e7\u00f5es","4997":"escravid\u00e3o","4998":"vizinha","4999":"renata"}}