{"ron":{"0":" de ","1":" a ","2":" \u00een ","3":"are ","4":"num>","5":"<num","6":" la ","7":" <nu","8":"um> ","9":" \u0219i ","10":" din","11":"lui ","12":"din ","13":" cu ","14":" car","15":"ului","16":"lor ","17":"ele ","18":"care","19":"ate ","20":"rea ","21":"este","22":" con","23":"tru ","24":"ste ","25":" pe ","26":"ntru","27":"entr","28":" o ","29":" pen","30":"ile ","31":" un ","32":"pent","33":"mai ","34":" pro","35":" pri","36":" mai","37":" est","38":"tul ","39":" si ","40":"ilor","41":" se ","42":" pre","43":" in ","44":" nu ","45":" ace","46":"tate","47":"ale ","48":" s\u0103 ","49":"area","50":" fos","51":"rul ","52":"ost ","53":"fost","54":"uri ","55":"inte","56":" int","57":" com","58":"rii ","59":" au ","60":" sa ","61":"ment","62":" par","63":"tori","64":" ca ","65":"itat","66":"tea ","67":"at\u0103 ","68":" mar","69":"ine ","70":" al ","71":" rom","72":"iei ","73":" ce ","74":"prin","75":" des","76":" per","77":"nul ","78":"ntre","79":"tre ","80":" cel","81":"ice ","82":" \u015fi ","83":"iona","84":" c\u0103 ","85":"tele","86":"rie ","87":" \u00eent","88":"cest","89":" sun","90":"aces","91":"prim","92":"elor","93":"intr","94":"rile","95":"cons","96":"oare","97":"ere ","98":"ata ","99":"nte ","100":"part","101":" tre","102":"ent ","103":"sunt","104":"arte","105":"ic\u0103 ","106":" tra","107":" ale","108":"tat ","109":" sau","110":"\u021bii ","111":"unt ","112":" mul","113":"sau ","114":" \u00eenc","115":" sta","116":"sta ","117":"tare","118":"tor ","119":" loc","120":" dec","121":"turi","122":"nia ","123":"cum ","124":"onal","125":"form","126":"uril","127":"enta","128":"ica ","129":" lui","130":"nter","131":"amen","132":"\u00e2nd ","133":" am ","134":"rom\u00e2","135":"om\u00e2n","136":"nii ","137":"lul ","138":" fac","139":"al\u0103 ","140":"port","141":"cont","142":"arti","143":"mult","144":"ani ","145":" fi ","146":"ite ","147":"ator","148":" num","149":"az\u0103 ","150":"\u00eentr","151":"tulu","152":" cre","153":" va ","154":"rilo","155":"iar ","156":" dup","157":"erea","158":"rin ","159":"est ","160":"rat ","161":"orul","162":" anu","163":"ici ","164":"rte ","165":"ori ","166":" ani","167":"\u021bia ","168":"mare","169":"une ","170":"oate","171":"cat ","172":"teri","173":"ente","174":" dis","175":"iul ","176":"ara ","177":" tim","178":"atea","179":"peri","180":" min","181":"eaz\u0103","182":"comp","183":"stru","184":"stra","185":"\u021bie ","186":"spec","187":"iile","188":"esti","189":" imp","190":"mul ","191":"dint","192":"iste","193":" e ","194":"lita","195":"ntul","196":"atul","197":"nea ","198":" dar","199":"anul","200":" inc","201":"ina ","202":" ast","203":"cele","204":" for","205":"dar ","206":"stat","207":"up\u0103 ","208":" put","209":" uni","210":" apr","211":" cum","212":" ins","213":"orma","214":"cial","215":"ind ","216":"dup\u0103","217":"oman","218":"eni ","219":"spre","220":"icat","221":"nta ","222":" dat","223":" chi","224":"pre ","225":"abil","226":"iune","227":"ria ","228":"\u021bion","229":"era ","230":"itor","231":" pol","232":"onst","233":" alt","234":"istr","235":"m\u00e2ni","236":" pla","237":"medi","238":"ar\u0103 ","239":" str","240":"veni","241":"tii ","242":"ific","243":"vide","244":"lte ","245":" urm","246":"st\u0103 ","247":"\u0219ti ","248":"eri ","249":"erio","250":"curi","251":"izat","252":" dac","253":"poli","254":"mini","255":"e\u0219ti","256":" vor","257":"iuni","258":"ura ","259":" reg","260":" rep","261":"cut ","262":"tere","263":"eric","264":"esc ","265":"ane ","266":"prez","267":"rare","268":" iar","269":"toar","270":"it\u0103 ","271":"\u0103tor","272":" tot","273":"nist","274":"meni","275":"liza","276":"irea","277":"timp","278":"tura","279":"ari ","280":"ala ","281":"ial ","282":"nici","283":" unu","284":"toru","285":" i ","286":"pute","287":"face","288":"cea ","289":"mili","290":"entu","291":" vid","292":"ideo","293":"tie ","294":"ntel","295":"reze","296":"nal ","297":"ctor","298":" are","299":" spe","300":"t\u0103\u021bi","301":"ubli","302":" ser","303":"cul ","304":"a\u021bi ","305":"pers","306":" ave","307":" can","308":" inf","309":"tran","310":"mani","311":" rec","312":"ctiv","313":" med","314":" res","315":" fie","316":"feri","317":" aut","318":"blic","319":"treb","320":"acea","321":"publ","322":"rodu","323":"asta","324":" mod","325":" ter","326":" ele","327":" ori","328":"locu","329":"embr","330":" nou","331":"scri","332":"cent","333":" sub","334":"ana ","335":"cel ","336":"nei ","337":" act","338":"and ","339":" pot","340":"nde ","341":"euro","342":" luc","343":" toa","344":"auto","345":"ire ","346":"roma","347":"alit","348":"una ","349":"mbri","350":" cor","351":" noi","352":" eur","353":" poa","354":" cer","355":" sec","356":"erit","357":"ncep","358":"ntra","359":"ceas","360":"atur","361":"tern","362":"prec","363":"lica","364":"imen","365":" sal","366":"cii ","367":" ora","368":"oane","369":"acti","370":" une","371":" cal","372":"aliz","373":"trat","374":"asa ","375":"erso","376":"\u00eence","377":" sup","378":"esta","379":" exp","380":" era","381":" aju","382":"east","383":" cur","384":"ener","385":" buc","386":"rest","387":"vers","388":"rulu","389":"prod","390":"rei ","391":"ace ","392":" man","393":"stan","394":"a\u021bie","395":"ecia","396":"mari","397":" leg","398":"ntin","399":" lun","400":"ac\u0103 ","401":"desp","402":"recu","403":" gra","404":" bun","405":"ase ","406":"omen","407":"prop","408":"orii","409":" cop","410":"rmat","411":" nic","412":"mele","413":"e\u0219te","414":"brie","415":"oart","416":"comu","417":"arat","418":"rans","419":"ania","420":"a\u021bii","421":" col","422":" dep","423":"omun","424":"rima","425":"even","426":" dou","427":"\u0219te ","428":"lucr","429":"ilit","430":"ati ","431":"alul","432":"cate","433":" apa","434":" c\u00e2n","435":"\u0103ri ","436":"zare","437":"anti","438":"sul ","439":"unde","440":" s ","441":" ind","442":"poat","443":"lea ","444":" fii","445":"pune","446":"ute ","447":" cam","448":"toat","449":"espr","450":"iat ","451":" gen","452":"\u00e2n\u0103 ","453":" cat","454":" rea","455":"erat","456":"ima ","457":"orta","458":"c\u00e2nd","459":"loca","460":"\u0103rii","461":"copi","462":"seri","463":"tant","464":"orit","465":"nat ","466":"cere","467":"nume","468":"fiin","469":" cea","470":"ita ","471":" ar ","472":"desc","473":"ativ","474":"bili","475":"cond","476":"aza ","477":" mon","478":"inis","479":"dent","480":"tiv ","481":"enti","482":" mil","483":" sim","484":"tion","485":"schi","486":"rica","487":"conf","488":"rebu","489":"en\u021bi","490":"spun","491":"para","492":"regi","493":"nulu","494":"it\u0103\u021b","495":"escu","496":"fici","497":" mun","498":"icii","499":" \u00eemp","500":"ital","501":" cas","502":"ntar","503":" ai ","504":"anda","505":" cap","506":"ntro","507":"ebui","508":"ante","509":"rate","510":"pul ","511":"uni ","512":"oper","513":"lei ","514":"cali","515":"tati","516":" vre","517":"rece","518":" jud","519":"fica","520":"pres","521":"ulte","522":" art","523":"rita","524":"ocur","525":"vor ","526":" fun","527":"n\u021b\u0103 ","528":"echi","529":"dul ","530":"ista","531":"titu","532":"in\u0103 ","533":"edin","534":"ezen","535":"ive ","536":"tici","537":"anta","538":"ontr","539":"icul","540":"inci","541":"nfor","542":"ogra","543":"duce","544":"ada ","545":"ast\u0103","546":"erul","547":"stor","548":"eva ","549":"nui ","550":"ibil","551":"ou\u0103 ","552":"apar","553":"tine","554":"isti","555":"olog","556":" pie","557":"n\u021ba ","558":" fra","559":" mol","560":"iect","561":"jude","562":"ian ","563":" sin","564":" doa","565":"inut","566":" via","567":"apro","568":"scut","569":"lect","570":"iden","571":"muni","572":"rimi","573":"iilo","574":"emen","575":"na\u021bi","576":"nit ","577":"nive","578":"fect","579":"rman","580":" ant","581":"inst","582":"eze ","583":"ion ","584":"ur\u0103 ","585":"reci","586":"logi","587":"pect","588":"unui","589":"nele","590":"unea","591":" pub","592":"cei ","593":"ucur","594":"dica","595":"rit ","596":"fel ","597":"tia ","598":" acu","599":"serv","600":" mic","601":"olit","602":"ult ","603":"erii","604":"peci","605":"vest","606":" cen","607":" acc","608":" le ","609":"pozi","610":"rioa","611":"ulti","612":"stit","613":"uie ","614":"ocal","615":"re\u0219t","616":"cure","617":"ant ","618":"iind","619":"ova ","620":" caz","621":"imul","622":" fin","623":"bucu","624":"mold","625":" dom","626":"doar","627":"zent","628":"supr","629":"soci","630":"alte","631":"rtic","632":"unei","633":"rele","634":"mina","635":"noi ","636":"ofer","637":"trec","638":"nstr","639":"ra\u021bi","640":"list","641":"arul","642":"><nu","643":"oric","644":"um><","645":"m><n","646":"itic","647":"aca ","648":" pes","649":"edic","650":"siun","651":"gene","652":" afl","653":" ame","654":"nsta","655":"tic ","656":"izar","657":"conc","658":"ecti","659":"itar","660":"oldo","661":"stri","662":" te ","663":"astr","664":" pos","665":"tari","666":"erma","667":"tei ","668":"stic","669":"ract","670":"lie ","671":" spu","672":"tali","673":"use ","674":"cult","675":" fil","676":" dez","677":"dere","678":"iulu","679":" por","680":"ldov","681":"\u00e2nia","682":" tur","683":"rist","684":"urop","685":" rez","686":"mate","687":" fol","688":"nt\u0103 ","689":" sti","690":"plic","691":"arie","692":" und","693":" scr","694":"lia ","695":"real","696":" val","697":"term","698":"dat ","699":"\u021biei","700":"lege","701":"ivit","702":" ban","703":"test","704":"cuno","705":"inde","706":"eput","707":"pani","708":"mati","709":"rivi","710":"fie ","711":"stul","712":" inv","713":"ntat","714":"numi","715":"iner","716":" gre","717":"oar ","718":"iere","719":" lum","720":"rma ","721":"bil ","722":"amer","723":"atel","724":"inal","725":" nor","726":"nera","727":" fot","728":"tice","729":"upra","730":"zat ","731":" mas","732":"iale","733":" cul","734":"pest","735":"imp ","736":"scu ","737":"lulu","738":"enit","739":"an\u0103 ","740":"c\u00e2t ","741":"onsi","742":" ne ","743":"cred","744":"nare","745":" cei","746":"ecta","747":"rice","748":" pop","749":" \u00eens","750":"impo","751":"tive","752":"ster","753":" pun","754":" foa","755":"nale","756":" el ","757":"priv","758":" vin","759":"eral","760":"ral ","761":"nie ","762":"resp","763":"a\u021bio","764":"unit","765":"iver","766":" dev","767":" dre","768":" p\u00e2n","769":" alb","770":"unic","771":"dac\u0103","772":"rati","773":"ectu","774":" sch","775":"ermi","776":"ini ","777":"orga","778":"aria","779":" sol","780":"urma","781":"eria","782":"ing ","783":"liti","784":" rev","785":"ervi","786":"cand","787":"sist","788":"deo ","789":" cin","790":"bine","791":"onat","792":"vita","793":"prob","794":" mer","795":"nilo","796":"trul","797":"as\u0103 ","798":"urat","799":"rgan","800":"scop","801":"cipa","802":"telo","803":" c\u00e2t","804":" cad","805":"rtea","806":"repr","807":"rata","808":"erna","809":"impu","810":" exi","811":"foar","812":"func","813":" org","814":"exis","815":"mea ","816":"xist","817":"un\u0103 ","818":"curs","819":"onti","820":"p\u00e2n\u0103","821":"imit","822":"isto","823":"icol","824":" aco","825":"mpor","826":"igur","827":"ilie","828":" sit","829":" cla","830":"buie","831":" m ","832":"elec","833":"dire","834":"sti ","835":"icia","836":"a\u021bia","837":"pot ","838":"olos","839":"easc","840":"ora ","841":"niei","842":" ult","843":"\u0163ii ","844":"pera","845":"olul","846":"ect ","847":"er\u0103 ","848":"fina","849":"folo","850":"cris","851":"gani","852":"bile","853":" pat","854":" zil","855":"ompa","856":"utor","857":"umit","858":"nali","859":" sem","860":"orie","861":"vede","862":"disp","863":"cole","864":"anii","865":"erie","866":"zile","867":" ver","868":"rint","869":"\u021biil","870":"ctul","871":"opul","872":"stea","873":"ater","874":" cri","875":"pita","876":"dou\u0103","877":"itul","878":"etul","879":"ondu","880":" dor","881":"arii","882":"prof","883":" ei ","884":"tic\u0103","885":"avea","886":"lici","887":"epre","888":"rezi","889":"tin ","890":"\u0103m\u00e2n","891":"ider","892":"eril","893":" bin","894":" tri","895":"rept","896":"acum","897":" amp","898":"trei","899":"meri","900":"soan","901":"sc\u0103 ","902":"proc","903":"pare","904":"spor","905":"sibi","906":"rsoa","907":" mat","908":"elul","909":" soc","910":" ref","911":" sus","912":" sat","913":" rel","914":"nci ","915":"icip","916":"les ","917":"estu","918":"niza","919":"ecto","920":"nic ","921":"loc ","922":"ratu","923":" lim","924":" ext","925":"ocul","926":"rafi","927":"mite","928":" spa","929":"oria","930":" ofe","931":" bra","932":" spr","933":"mand","934":"enii","935":"anie","936":" dem","937":" met","938":"ist ","939":"\u0103r\u0103 ","940":" nat","941":"nsti","942":"tal ","943":"icar","944":"rime","945":"tric","946":"mine","947":"asc\u0103","948":"clip","949":" var","950":"mit ","951":"ioan","952":"rici","953":"odus","954":"ajun","955":"eaza","956":"eea ","957":"tudi","958":"iva ","959":"chim","960":"\u0103ril","961":"ona ","962":"trad","963":"ient","964":"ene ","965":"uter","966":"ete ","967":" red","968":"unci","969":"ular","970":"vern","971":"mpan","972":" stu","973":"tatu","974":"nica","975":"uver","976":"hiar","977":" ech","978":"lare","979":"remi","980":" lor","981":"mulu","982":"info","983":"tivi","984":" dir","985":"chia","986":"jocu","987":"dist","988":"drep","989":" sco","990":"tinu","991":"atii","992":"ort ","993":"uit ","994":"colo","995":"fran","996":"ist\u0103","997":"ensi","998":"ter ","999":" pet","1000":"mat ","1001":"vizi","1002":"stin","1003":"rial","1004":"dea ","1005":"tot ","1006":"oame","1007":"str\u0103","1008":"\u021biun","1009":"oase","1010":"pus ","1011":"eder","1012":" dra","1013":"iiii","1014":"tfel","1015":"ince","1016":" san","1017":"ecut","1018":" pan","1019":"ocia","1020":"sub ","1021":"clar","1022":" ger","1023":"ltim","1024":"semn","1025":"cepu","1026":"rect","1027":"sigu","1028":" dum","1029":"ondi","1030":"ece ","1031":"andr","1032":"lele","1033":" cun","1034":"duse","1035":"ean ","1036":"star","1037":"itua","1038":"gura","1039":" cau","1040":"lip ","1041":"chip","1042":"opii","1043":" hot","1044":"ceea","1045":"vine","1046":"ioad","1047":" c\u0103t","1048":" lan","1049":"inta","1050":"foto","1051":"mode","1052":"tra ","1053":"guve","1054":"sat ","1055":"dat\u0103","1056":" ven","1057":"dus ","1058":"imba","1059":"ume ","1060":"ulta","1061":"oduc","1062":" bis","1063":"oast","1064":"cerc","1065":"eren","1066":"irec","1067":"rope","1068":"prot","1069":" \u0219ti","1070":"triv","1071":"vea ","1072":" fru","1073":" mem","1074":"prem","1075":"tera","1076":"eau ","1077":"deoc","1078":"dova","1079":"opri","1080":" tin","1081":"stud","1082":"potr","1083":"cadr","1084":"tar ","1085":"leme","1086":"otri","1087":" guv","1088":"inat","1089":"ut\u0103 ","1090":"agin","1091":"mple","1092":"uat ","1093":"truc","1094":"t\u0103ri","1095":"ncer","1096":"vici","1097":"stre","1098":"ortu","1099":"ansa","1100":"ime ","1101":"ultu","1102":" pas","1103":"daca","1104":"ec\u021bi","1105":" f\u0103c","1106":"germ","1107":"ta\u021bi","1108":"indi","1109":"nca ","1110":"cine","1111":"atat","1112":"come","1113":"cces","1114":"stem","1115":"cte ","1116":" oam","1117":"resc","1118":" ved","1119":"a\u0219i ","1120":"ecar","1121":"lini","1122":"cara","1123":"mpul","1124":"data","1125":"reve","1126":"crea","1127":" ist","1128":"ersi","1129":"oua ","1130":" dea","1131":"iber","1132":"impl","1133":"lat ","1134":"cale","1135":"inea","1136":" f\u0103r","1137":" bar","1138":" asi","1139":"econ","1140":" tel","1141":"\u0103\u021bii","1142":"neri","1143":"etat","1144":"rat\u0103","1145":"util","1146":"umen","1147":"situ","1148":"upa ","1149":"icit","1150":"dece","1151":"\u0103tre","1152":" zon","1153":"arel","1154":"c\u0103tr","1155":" suc","1156":" doi","1157":"post","1158":"ndus","1159":"ezi ","1160":"\u0103cut","1161":"roie","1162":"tro ","1163":" exe","1164":"amp ","1165":"eocl","1166":"time","1167":"ecla","1168":"aniz","1169":"ucer","1170":"natu","1171":"f\u0103r\u0103","1172":"ocli","1173":"timi","1174":"onul","1175":"patr","1176":"unct","1177":"tat\u0103","1178":"i\u0219ti","1179":"eali","1180":"oril","1181":"iser","1182":"ceri","1183":"unos","1184":"proi","1185":"misi","1186":"acel","1187":"atic","1188":"man ","1189":"a\u021b\u0103 ","1190":"mpre","1191":"cola","1192":"graf","1193":"oiec","1194":"lii ","1195":"alia","1196":"rit\u0103","1197":" adu","1198":" spi","1199":"unul","1200":" eu ","1201":"mii ","1202":"radi","1203":"ecte","1204":" clu","1205":"etic","1206":"ciat","1207":"cide","1208":"tiva","1209":"prie","1210":" mag","1211":" ang","1212":"urm\u0103","1213":"la\u021bi","1214":"nere","1215":"lice","1216":"nou ","1217":"magi","1218":"ozit","1219":"tem ","1220":" ste","1221":" fer","1222":"rtan","1223":"aste","1224":"gram","1225":"riet","1226":" ali","1227":"tur\u0103","1228":" det","1229":"plan","1230":" baz","1231":"nesc","1232":" sis","1233":"nal\u0103","1234":"lati","1235":"unii","1236":"mane","1237":"eme ","1238":"acce","1239":"nomi","1240":" dif","1241":"amil","1242":"ieri","1243":" cit","1244":"rior","1245":"disc","1246":"sing","1247":"lega","1248":" vic","1249":"ance","1250":"rote","1251":" mor","1252":"m\u00e2ne","1253":"line","1254":"rimu","1255":"utat","1256":"iti ","1257":"ltat","1258":"ilia","1259":"nc\u0103 ","1260":"sele","1261":" lin","1262":"iliz","1263":"lung","1264":"tual","1265":"ifer","1266":"nc\u021bi","1267":"suri","1268":"iri ","1269":"tabi","1270":"cita","1271":" sen","1272":"lume","1273":"nsil","1274":" \u00eena","1275":"deci","1276":"nosc","1277":"rinc","1278":"sit ","1279":" che","1280":" ase","1281":"cord","1282":"libe","1283":"losi","1284":" viz","1285":"onom","1286":"onar","1287":"i\u021bie","1288":" mi ","1289":"nor ","1290":" fam","1291":"arca","1292":"decl","1293":"trun","1294":" and","1295":"tica","1296":"eti ","1297":"ivel","1298":"vent","1299":"fapt","1300":"orat","1301":"epar","1302":"bise","1303":" noa","1304":"mart","1305":"cazu","1306":"limb","1307":" na\u021b","1308":"lari","1309":"ingu","1310":"ocui","1311":"f\u0103cu","1312":" avu","1313":" ade","1314":"uper","1315":" fap","1316":"teaz","1317":"astf","1318":"rvic","1319":"stfe","1320":" uti","1321":"fami","1322":"legi","1323":"nita","1324":" ara","1325":"refe","1326":"teni","1327":" n ","1328":"rson","1329":"anu ","1330":"utea","1331":"celo","1332":" fel","1333":"utul","1334":"cope","1335":"himb","1336":"i\u021bia","1337":"numa","1338":"ajut","1339":"r\u0103ri","1340":"lori","1341":"pier","1342":"umul","1343":"rale","1344":"a\u021ba ","1345":"unte","1346":"pula","1347":"ca\u021bi","1348":"dezv","1349":"ord ","1350":"il\u0103 ","1351":" the","1352":"atru","1353":"\u0163ia ","1354":"gat ","1355":"roce","1356":"sion","1357":"avut","1358":" scu","1359":"dera","1360":"date","1361":"tale","1362":"cula","1363":" rus","1364":"edit","1365":"ropr","1366":"ora\u0219","1367":"fere","1368":"nime","1369":"rent","1370":"rite","1371":"mic ","1372":"trea","1373":"enea","1374":"rogr","1375":" tem","1376":" mot","1377":"dare","1378":" ope","1379":" lei","1380":"nchi","1381":"prog","1382":"adru","1383":"ris ","1384":"sia ","1385":"inar","1386":"m\u0103ri","1387":"ama ","1388":"\u00e2ndu","1389":"\u0103tur","1390":"apre","1391":" ap\u0103","1392":"coma","1393":"ac\u021bi","1394":"\u021bine","1395":"aint","1396":"camp","1397":"fiec","1398":" arm","1399":"volu","1400":"tora","1401":"ngur","1402":" eco","1403":"emei","1404":"iali","1405":" men","1406":" ide","1407":"vorb","1408":"plin","1409":"ure\u0219","1410":"\u0103toa","1411":"ptul","1412":"anga","1413":"cien","1414":" fem","1415":"drag","1416":" dan","1417":"vut ","1418":"onta","1419":"atio","1420":"volt","1421":"mene","1422":" ata","1423":"ilea","1424":"uta ","1425":"nati","1426":"sten","1427":"ape ","1428":"tili","1429":"tent","1430":"arma","1431":"firm","1432":"ctur","1433":"ctua","1434":"film","1435":"efer","1436":"lit\u0103","1437":"petr","1438":"reco","1439":"ore ","1440":"\u021bilo","1441":"ncip","1442":"eta ","1443":"egat","1444":"unc\u021b","1445":" exc","1446":"drul","1447":"\u00eent\u00e2","1448":" p\u0103r","1449":"duri","1450":"\u0219edi","1451":" nec","1452":"nda ","1453":"nile","1454":"ural","1455":"ican","1456":"tame","1457":"univ","1458":"c\u021bie","1459":"dife","1460":" nea","1461":"rofe","1462":" muz","1463":"redi","1464":"oscu","1465":"riva","1466":"soar","1467":"\u0163ie ","1468":"popu","1469":"ltur","1470":"sona","1471":" pra","1472":"acte","1473":" jur","1474":"luat","1475":"ude\u021b","1476":" ate","1477":"re\u0219e","1478":"ustr","1479":"asem","1480":"actu","1481":"lasa","1482":"\u0163ion","1483":"\u00eenc\u0103","1484":"anun","1485":"edia","1486":" apo","1487":" tip","1488":" tar","1489":"otel","1490":"lara","1491":"muri","1492":" nev","1493":"minu","1494":"ucru","1495":"memb","1496":"nic\u0103","1497":"gust","1498":"nice","1499":"nclu","1500":"rm\u0103 ","1501":"c\u0103to","1502":"ns\u0103 ","1503":"uns ","1504":"oara","1505":" joc","1506":"\u0219tii","1507":" obi","1508":" tru","1509":"came","1510":"efec","1511":" eve","1512":"one ","1513":"eci ","1514":"sili","1515":"i\u021bi ","1516":"rant","1517":"chis","1518":" sur","1519":" an ","1520":"lans","1521":"ical","1522":"ieca","1523":"sale","1524":"erin","1525":"iter","1526":" vec","1527":"run ","1528":"acci","1529":" \u00eenv","1530":"\u021bele","1531":"ier ","1532":"clas","1533":"obil","1534":"atun","1535":" gal","1536":"educ","1537":"noas","1538":"ior ","1539":"aici","1540":"pra ","1541":" gru","1542":"perm","1543":"ndat","1544":" uno","1545":"stei","1546":"sare","1547":"side","1548":" atu","1549":"umin","1550":"once","1551":"grup","1552":" doc","1553":" zi ","1554":"admi","1555":"tunc","1556":"dest","1557":"eres","1558":"um\u0103r","1559":"afla","1560":" pia","1561":"erne","1562":"nut ","1563":" sar","1564":"arta","1565":"uce ","1566":"mana","1567":"e\u021bi ","1568":"ecum","1569":"atie","1570":" asu","1571":"reme","1572":"trib","1573":"unor","1574":"cart","1575":"etar","1576":" div","1577":"rau ","1578":"ribu","1579":"parc","1580":"\u021binu","1581":"ales","1582":"proa","1583":"asti","1584":"umel","1585":"nge ","1586":"\u0103\u021bi ","1587":" sca","1588":"ecat","1589":" c\u0103r","1590":"nain","1591":" r\u0103z","1592":"elui","1593":"ten\u021b","1594":"ruct","1595":"ursu","1596":"oble","1597":"trac","1598":"geri","1599":"imin","1600":"blem","1601":"num\u0103","1602":" mom","1603":"aleg","1604":"oada","1605":"ranc","1606":"nite","1607":"repu","1608":"c\u021bia","1609":" l ","1610":"munc","1611":"ise ","1612":"resi","1613":" cup","1614":" deo","1615":" lua","1616":"\u00eench","1617":"via ","1618":" cli","1619":"vari","1620":" liv","1621":" spo","1622":"marc","1623":" vol","1624":" afa","1625":"ena ","1626":"ntr ","1627":"resa","1628":" ini","1629":" dia","1630":"rian","1631":"amin","1632":" adm","1633":"seme","1634":"zi\u021bi","1635":"iscu","1636":"ntal","1637":" lit","1638":"pari","1639":"ial\u0103","1640":"alis","1641":"rsit","1642":" edi","1643":"oto ","1644":"cono","1645":"robl","1646":"cati","1647":"vrem","1648":"espe","1649":"asup","1650":"deve","1651":"mere","1652":" lib","1653":"mome","1654":"oul ","1655":"tina","1656":"pret","1657":"rela","1658":" d ","1659":"zul ","1660":" poz","1661":"reaz","1662":"eam ","1663":"cant","1664":"ompl","1665":"tan\u021b","1666":" pic","1667":" suf","1668":"erme","1669":"iii ","1670":" aic","1671":"mint","1672":"uari","1673":"iv\u0103 ","1674":"nsul","1675":"ins ","1676":"urii","1677":"ezvo","1678":" del","1679":" voi","1680":"apte","1681":"zvol","1682":"olta","1683":"iciu","1684":"ndia","1685":"put ","1686":"ila ","1687":"a\u0163i ","1688":"rta ","1689":"mei ","1690":"m\u00e2nt","1691":"metr","1692":"demi","1693":"ediu","1694":"feme","1695":"inan","1696":"iito","1697":"late","1698":"casa","1699":"prov","1700":"iuli","1701":"ulat","1702":"the ","1703":"prom","1704":"tico","1705":"erni","1706":"rito","1707":"ucat","1708":"puri","1709":" pac","1710":"luni","1711":" flo","1712":" sep","1713":" at ","1714":"imag","1715":"in\u021ba","1716":"poi ","1717":"e\u0219ed","1718":"ese ","1719":"dial","1720":"mpli","1721":"ofes","1722":"dia ","1723":"tuat","1724":"apoi","1725":"vind","1726":"odat","1727":"riei","1728":"incl","1729":"ma\u021bi","1730":"plat","1731":"ndar","1732":"ucra","1733":"colu","1734":" v\u0103 ","1735":"rtul","1736":" niv","1737":"rind","1738":"indu","1739":"luri","1740":"ivin","1741":" da ","1742":"ectr","1743":" sf\u00e2","1744":"culu","1745":"dato","1746":"etal","1747":"epub","1748":" r\u0103s","1749":" ofi","1750":"\u00e2ntu","1751":"ipal","1752":" ana","1753":"a\u0219te","1754":"r\u0103zb","1755":"ecol","1756":"unil","1757":" lup","1758":"egis","1759":"biec","1760":"ide ","1761":"neze","1762":" ima","1763":"imat","1764":"\u021bul ","1765":"hote","1766":"lame","1767":"nire","1768":"ogic","1769":"s\u0103u ","1770":"lumi","1771":" \u00eend","1772":"di\u021bi","1773":"nord","1774":"imar","1775":"rdin","1776":"pii ","1777":"ordi","1778":" ma ","1779":" lis","1780":"alel","1781":"nder","1782":"ciun","1783":"epta","1784":"icio","1785":" rap","1786":"ad\u0103 ","1787":"elev","1788":"sulu","1789":"an\u021ba","1790":"ioar","1791":"doi ","1792":"riu ","1793":"esch","1794":" s\u0103u","1795":"rmin","1796":"reun","1797":"onic","1798":"dove","1799":"zboi","1800":"eces","1801":"curt","1802":"alat","1803":"mobi","1804":" gt ","1805":"anic","1806":" emi","1807":"tral","1808":"octo","1809":"scul","1810":"dupa","1811":"0000","1812":"revi","1813":"anua","1814":"anel","1815":"cump","1816":"rmar","1817":" mur","1818":"chi ","1819":"comi","1820":"sita","1821":"tel ","1822":"zate","1823":" aca","1824":"azi ","1825":"rier","1826":"estr","1827":"scur","1828":"ostu","1829":"ndul","1830":"aten","1831":"chet","1832":"ctat","1833":"vale","1834":" iul","1835":"erar","1836":"eul ","1837":"dina","1838":"gine","1839":"tier","1840":"stel","1841":"pere","1842":"acor","1843":"lar ","1844":"rato","1845":"spon","1846":"ust ","1847":"nduc","1848":"urit","1849":"rtie","1850":"esor","1851":"eanu","1852":"tehn","1853":"cato","1854":" dim","1855":"itan","1856":"bani","1857":"rut ","1858":"atri","1859":"inti","1860":"loar","1861":"gie ","1862":"covi","1863":"icie","1864":"frum","1865":"imi ","1866":"\u0103zbo","1867":" mes","1868":"ilio","1869":"cura","1870":" cos","1871":"cauz","1872":"cuit","1873":" den","1874":" rad","1875":"inve","1876":"ianu","1877":" efe","1878":"riul","1879":"gist","1880":"rien","1881":"erce","1882":"supe","1883":"n\u021bi ","1884":"acul","1885":"rtid","1886":"ezin","1887":"ccid","1888":"pre\u0219","1889":"fest","1890":"land","1891":"n\u021bel","1892":"capi","1893":"cal ","1894":"rezu","1895":"ofic","1896":"punc","1897":"esco","1898":"ces ","1899":"mici","1900":"\u015fti ","1901":" fir","1902":"en\u021b\u0103","1903":"diu ","1904":"ores","1905":" una","1906":"\u0103rul","1907":" ret","1908":"ocat","1909":"eten","1910":"anal","1911":"umai","1912":" sea","1913":" tea","1914":"satu","1915":"imel","1916":"osit","1917":"smul","1918":"vict","1919":"ione","1920":"en\u021ba","1921":"cute","1922":"mier","1923":"iin\u021b","1924":"augu","1925":" vii","1926":" \u00eei ","1927":"gere","1928":"reat","1929":"lite","1930":" juc","1931":" c ","1932":"inul","1933":"ept ","1934":"dele","1935":"esul","1936":"olic","1937":"tit ","1938":"dulu","1939":"tiri","1940":" g\u0103s","1941":"ridi","1942":"nten","1943":"deca","1944":"crie","1945":"gul ","1946":" blo","1947":" ben","1948":" maj","1949":" cov","1950":"\u0103tat","1951":"efic","1952":" cir","1953":"eorg","1954":"ieta","1955":"\u00eempr","1956":"doua","1957":"ful ","1958":"oste","1959":"rnul","1960":"mpar","1961":"cia ","1962":"nevo","1963":"arac","1964":"adev","1965":"eg\u0103t","1966":"totu","1967":" bri","1968":"expe","1969":"apit","1970":"posi","1971":"r\u00e2nd","1972":"evoi","1973":"init","1974":"nsid","1975":"c\u021biu","1976":"vid ","1977":"atoa","1978":"vit ","1979":" vot","1980":"ncur","1981":" aer","1982":"usti","1983":"c\u0103ri","1984":"onfo","1985":"core","1986":"ismu","1987":"rand","1988":"cari","1989":"igat","1990":"duca","1991":" neg","1992":" mam","1993":"clus","1994":"lin ","1995":"lime","1996":"ali ","1997":"gia ","1998":" def","1999":"c\u00e2te","2000":"nuar","2001":"cluj","2002":" eli","2003":"uza ","2004":"emie","2005":"moti","2006":"teva","2007":"bat ","2008":"i\u021bii","2009":" r\u0103m","2010":"azul","2011":"arla","2012":"\u021bei ","2013":" reu","2014":"acer","2015":"roap","2016":"opil","2017":" c\u0103l","2018":"mond","2019":"rsul","2020":"a\u0219ul","2021":"tist","2022":"mper","2023":"spir","2024":"ptat","2025":" ziu","2026":"riza","2027":"icil","2028":"itur","2029":"rese","2030":"egiu","2031":"eger","2032":"vech","2033":"iata","2034":"majo","2035":"\u0103rat","2036":"lt\u0103 ","2037":"trol","2038":"eleg","2039":"oape","2040":"ziua","2041":"diul","2042":"trui","2043":"pte ","2044":"ard ","2045":"iua ","2046":"olar","2047":" ia ","2048":"tr\u0103 ","2049":" fur","2050":"drum","2051":"ochi","2052":"\u0103\u021bil","2053":"ezul","2054":"ernu","2055":"riil","2056":"deri","2057":"ajor","2058":"rumu","2059":"ispo","2060":"e\u021bul","2061":" far","2062":" cet","2063":"apa ","2064":"cet\u0103","2065":"tilo","2066":"\u0103zi ","2067":"ng\u0103 ","2068":"mul\u021b","2069":"atin","2070":"emna","2071":"mplu","2072":"rcat","2073":"li\u021bi","2074":"circ","2075":"rt\u0103 ","2076":" gar","2077":"ende","2078":"iliu","2079":"omic","2080":"idic","2081":"chin","2082":"hipa","2083":"spit","2084":"demo","2085":"umne","2086":"unda","2087":"uia ","2088":"fera","2089":"omis","2090":"e\u015fti","2091":"gina","2092":"mis ","2093":"valo","2094":"eptu","2095":" ple","2096":"rma\u021b","2097":"gini","2098":"osib","2099":"rona","2100":" dru","2101":" \u00eel ","2102":"\u00eens\u0103","2103":"ropo","2104":"tifi","2105":"facu","2106":"unel","2107":"aler","2108":"enim","2109":"nun\u021b","2110":"mp\u0103r","2111":"act ","2112":"irii","2113":"dumn","2114":"parl","2115":"flor","2116":"inca","2117":"l\u021bi ","2118":"zia ","2119":"expl","2120":"epte","2121":"enul","2122":" tes","2123":"dome","2124":" apl","2125":"uro ","2126":"odel","2127":"acol","2128":"divi","2129":"lta ","2130":"egal","2131":"juns","2132":"in\u021be","2133":"lupt","2134":"cela","2135":"ap\u0103r","2136":" dur","2137":"t\u0103\u0163i","2138":" fa\u021b","2139":"uris","2140":"abor","2141":"zeaz","2142":"rama","2143":"aril","2144":"tire","2145":"cret","2146":"tri ","2147":"tutu","2148":"dmin","2149":"mba ","2150":" tu ","2151":" asa","2152":"domn","2153":"alba","2154":"simp","2155":"eniu","2156":"uc\u0103t","2157":"asca","2158":"ceva","2159":"erau","2160":"ovid","2161":"eter","2162":"c\u021bio","2163":"zona","2164":"opor","2165":" vac","2166":"muzi","2167":"esa ","2168":" \u0219co","2169":"a\u0163ii","2170":"ziti","2171":" cee","2172":"valu","2173":"uare","2174":" mec","2175":"rus ","2176":"telu","2177":"rin\u021b","2178":"trim","2179":"roas","2180":" nim","2181":"\u00ee\u0219i ","2182":"asig","2183":" bal","2184":" \u00ee\u0219i","2185":"ers ","2186":"nate","2187":"orme","2188":"tuit","2189":"ande","2190":" sud","2191":" mir","2192":"afic","2193":"ra\u0219u","2194":"uzic","2195":"icto","2196":"cani","2197":"depu","2198":" teh","2199":"ral\u0103","2200":"ocup","2201":"nsat","2202":"ascu","2203":"orin","2204":"liga","2205":"afl\u0103","2206":"nato","2207":"cat\u0103","2208":"pens","2209":"ruri","2210":" lic","2211":" iub","2212":"n\u021bii","2213":"erva","2214":"eia ","2215":"ole ","2216":"site","2217":" amb","2218":"plas","2219":"prea","2220":"odul","2221":" at\u00e2","2222":"culo","2223":"rcul","2224":"xper","2225":"relu","2226":"achi","2227":"rede","2228":"uran","2229":"rnic","2230":"evin","2231":"epis","2232":"moni","2233":"ropa","2234":" cod","2235":"tria","2236":"fara","2237":"lioa","2238":"emul","2239":"tiga","2240":"rca ","2241":"aman","2242":" s\u0103r","2243":"lent","2244":" ves","2245":"zint","2246":"jung","2247":" aug","2248":"arhi","2249":"rumo","2250":"cata","2251":"atra","2252":" sig","2253":"nche","2254":"ual ","2255":"rlam","2256":"emis","2257":"sala","2258":"ula ","2259":"itoa","2260":"apli","2261":" t\u00e2r","2262":"ent\u0103","2263":" teo","2264":"esto","2265":" fon","2266":"onsu","2267":"turn","2268":"nima","2269":"iete","2270":"extr","2271":"limi","2272":"mita","2273":"plu ","2274":"ade ","2275":"tima","2276":"ozi\u021b","2277":"ostr","2278":"ela ","2279":"fort","2280":"n\u021bia","2281":"dori","2282":" vie","2283":"nute","2284":"cept","2285":"ansp","2286":"ndre","2287":" \u021b\u0103r","2288":"evol","2289":" arh","2290":"fund","2291":"coli","2292":"stab","2293":"rbat","2294":"ctic","2295":"ecem","2296":"\u00eenai","2297":"erci","2298":"crai","2299":"aptu","2300":"neaz","2301":"levi","2302":" pli","2303":"cipi","2304":"secu","2305":"ntea","2306":"auza","2307":"nit\u0103","2308":" epi","2309":"sca ","2310":"riti","2311":"fl\u0103 ","2312":"at\u00e2t","2313":"ajul","2314":"scen","2315":"rde ","2316":" ea ","2317":"apri","2318":"rtat","2319":"otul","2320":"open","2321":"temp","2322":" cra","2323":"dimi","2324":"m\u00e2n\u0103","2325":"grad","2326":"andi","2327":"chid","2328":"trar","2329":"pat ","2330":"cter","2331":"omer","2332":" m\u0103r","2333":"ism ","2334":"rtur","2335":"plac","2336":"en\u0163i","2337":" tit","2338":"zut ","2339":" ord","2340":"bil\u0103","2341":"ne\u0219t","2342":"melo","2343":"unca","2344":"prev","2345":"voie","2346":"n\u0163\u0103 ","2347":" pur","2348":"solu","2349":"utur","2350":"nden","2351":"\u0219ter","2352":"eat ","2353":"via\u021b","2354":"\u021bial","2355":"uror","2356":"stil","2357":"anci","2358":"stir","2359":"\u00e2nie","2360":"ilul","2361":"rnat","2362":"ndep","2363":"iza ","2364":"erti","2365":"inic","2366":"urul","2367":"\u021bile","2368":"rmen","2369":"zult","2370":"baza","2371":"mpla","2372":"ateg","2373":" mih","2374":"bun\u0103","2375":"cre\u0219","2376":"oli\u021b","2377":"lic\u0103","2378":" me ","2379":"u\u0219i ","2380":"eal ","2381":" fre","2382":"avan","2383":"asi ","2384":"empl","2385":"anat","2386":"coal","2387":"alea","2388":"seco","2389":"oar\u0103","2390":"etre","2391":"ricu","2392":"dona","2393":"coro","2394":"aduc","2395":"cemb","2396":" oct","2397":"ric ","2398":"tiv\u0103","2399":"t\u0103zi","2400":"st\u0103z","2401":"ecun","2402":"grat","2403":" cev","2404":"soli","2405":"dici","2406":"uito","2407":"etel","2408":"ecen","2409":"nost","2410":"nuri","2411":"sori","2412":"der ","2413":"perf","2414":"osta","2415":"atar","2416":"fac ","2417":"ecom","2418":"paci","2419":"inel","2420":"terv","2421":"rim\u0103","2422":" agr","2423":"voca","2424":"ugus","2425":"difi","2426":" a\u0219a","2427":"p\u0103ra","2428":"arde","2429":" ion","2430":"idul","2431":"deal","2432":"roba","2433":" ghe","2434":"dec\u00e2","2435":"tene","2436":"oral","2437":"enum","2438":"alex","2439":"aci ","2440":"oces","2441":"rada","2442":" pl\u0103","2443":"tile","2444":"liul","2445":" ape","2446":"reda","2447":"mpot","2448":" ava","2449":"ansf","2450":"ngaj","2451":"ec\u00e2t","2452":"ure ","2453":"tani","2454":" \u021bar","2455":" gri","2456":"ntic","2457":"tiin","2458":" ren","2459":"onda","2460":"ltar","2461":"dine","2462":"etri","2463":"tr\u0103i","2464":"ema ","2465":"in\u021bi","2466":" ina","2467":"utin","2468":"cost","2469":"guri","2470":" geo","2471":"izea","2472":"ropi","2473":"oriu","2474":"ton ","2475":"eciz","2476":"stui","2477":" ami","2478":" mea","2479":"preg","2480":"rega","2481":"ava ","2482":" \u00e3\u00aen","2483":"cupa","2484":" moa","2485":" ocu","2486":"ipa ","2487":"tata","2488":"trag","2489":"us\u0103 ","2490":"corp","2491":"zii ","2492":"renu","2493":"radu","2494":"ert ","2495":"ieru","2496":"gii ","2497":"dese","2498":"ran\u021b","2499":"alii","2500":"\u0219ul ","2501":"rne ","2502":"ntem","2503":"rete","2504":"de\u021bu","2505":"itiv","2506":"pta ","2507":"ramu","2508":"ede ","2509":" v\u00e2n","2510":"nece","2511":"o\u021bi ","2512":"onte","2513":"rigi","2514":"olon","2515":"vei ","2516":"acut","2517":"nata","2518":" lea","2519":"redu","2520":"roni","2521":"otec","2522":" new","2523":"preu","2524":"pril","2525":" ore","2526":"succ","2527":"rade","2528":"c\u021bii","2529":"tiil","2530":"red ","2531":"alim","2532":"n\u021be ","2533":"moar","2534":"rali","2535":"ecre","2536":"teru","2537":"pei ","2538":" pus","2539":" pal","2540":"ampi","2541":"jul ","2542":"rse ","2543":"pend","2544":"izit","2545":"miha","2546":"pana","2547":"ting","2548":"rain","2549":"\u0103zut","2550":"cina","2551":"atac","2552":"acee","2553":"orar","2554":" ii ","2555":"romo","2556":"ntan","2557":"t\u00e2t ","2558":"eori","2559":"a\u0219a ","2560":"ocie","2561":" mis","2562":"deta","2563":"otiv","2564":"cru ","2565":"ucce","2566":" vit","2567":"oie ","2568":"exte","2569":" rid","2570":"inii","2571":" not","2572":" bol","2573":"vrea","2574":"che ","2575":" ber","2576":"sept","2577":"cume","2578":" lov","2579":"inge","2580":"erse","2581":"\u021b\u0103ri","2582":"\u0103n\u0103t","2583":"oile","2584":"irma","2585":"tept","2586":"e\u015fte","2587":"unta","2588":"rabi","2589":"amna","2590":"giun","2591":"ieni","2592":"anca","2593":"nari","2594":" har","2595":" vas","2596":" mac","2597":"navi","2598":"cade","2599":"ni\u021bi","2600":"pun ","2601":" mal","2602":" ian","2603":"rico","2604":"fond","2605":"ric\u0103","2606":"seam","2607":" mus","2608":"hai ","2609":"alar","2610":"\u015fte ","2611":"til ","2612":"trai","2613":"lusi","2614":"v\u00e2nd","2615":" cha","2616":"imis","2617":"oven","2618":"aris","2619":"rtam","2620":" top","2621":"arec","2622":"opea","2623":"siv ","2624":"ompo","2625":"a\u0163ie","2626":"nelo","2627":"mod ","2628":" azi","2629":"buna","2630":"ciul","2631":"mnez","2632":"cast","2633":" bas","2634":"sei ","2635":"viit","2636":"olo ","2637":"orda","2638":"pean","2639":"isco","2640":"arin","2641":"mnat","2642":"bun ","2643":"tala","2644":"lian","2645":"ariu","2646":"umea","2647":"isoa","2648":" age","2649":"cres","2650":"rani","2651":"rins","2652":" ten","2653":"ame ","2654":"lant","2655":"anum","2656":"reta","2657":"nd\u0103 ","2658":"osti","2659":"retu","2660":"teme","2661":"ntit","2662":"\u021bin ","2663":"lus ","2664":"can ","2665":"ti\u021bi","2666":"ceta","2667":"vel ","2668":"mato","2669":" las","2670":" m\u0103 ","2671":"res ","2672":"ram ","2673":"gaja","2674":" adr","2675":"lan ","2676":"aia ","2677":"ctri","2678":"tiun","2679":"otal","2680":"lier","2681":"tota","2682":" abs","2683":"atia","2684":" ati","2685":" sto","2686":"alt ","2687":"den\u021b","2688":"gent","2689":"g\u00e2nd","2690":"docu","2691":"inua","2692":"a\u021biu","2693":"na\u0163i","2694":"ierd","2695":"orm ","2696":"aran","2697":"impr","2698":"enin","2699":"oron","2700":"piat","2701":"ocum","2702":"dete","2703":"resu","2704":"puta","2705":" u ","2706":"z\u0103ri","2707":"raio","2708":"din\u021b","2709":"et\u0103\u021b","2710":"opa ","2711":"\u00e2ni ","2712":"diat","2713":"sper","2714":"nger","2715":"aga ","2716":"inil","2717":"cite","2718":"oder","2719":" ita","2720":"nico","2721":"tron","2722":"niul","2723":"desf","2724":"ula\u021b","2725":"ica\u021b","2726":" dej","2727":"\u00e2nt ","2728":"zeu ","2729":"zie ","2730":"urar","2731":"cuta","2732":"agen","2733":"andu","2734":"iau ","2735":"ctel","2736":" plu","2737":"ache","2738":"in\u021b\u0103","2739":"onia","2740":"luj ","2741":"reac","2742":"ia\u021bi","2743":"car ","2744":"enda","2745":"temb","2746":"oas\u0103","2747":"umer","2748":" ada","2749":"lu\u021bi","2750":"cert","2751":"g\u0103si","2752":"ciar","2753":"cesa","2754":"afac","2755":"ange","2756":"stal","2757":"cepe","2758":"ege ","2759":"viru","2760":" don","2761":"ival","2762":" rem","2763":"ompe","2764":"merc","2765":" s\u0103p","2766":" b\u0103r","2767":" bat","2768":"oves","2769":"bila","2770":"rtis","2771":"pt\u0103m","2772":"antu","2773":" bil","2774":"flat","2775":"stia","2776":"vem ","2777":"tiu ","2778":"noul","2779":"ul\u021bi","2780":" ene","2781":"an\u021b\u0103","2782":"r\u0103sp","2783":" tro","2784":"reu ","2785":"fa\u021b\u0103","2786":"pulu","2787":"olu\u021b","2788":"orto","2789":"bloc","2790":"ncia","2791":" mel","2792":" \u00eenf","2793":"it\u0103\u0163","2794":"ager","2795":"ptem","2796":"emat","2797":"adre","2798":"ersa","2799":"eran","2800":"art ","2801":"udec","2802":" gol","2803":"n\u021bat","2804":"rili","2805":"nsa ","2806":"apta","2807":"just","2808":"col ","2809":" fat","2810":"zita","2811":"labo","2812":"tren","2813":"nspo","2814":" of ","2815":"ropu","2816":"togr","2817":"za\u021bi","2818":" roc","2819":"stur","2820":"vezi","2821":"avem","2822":"ogie","2823":"ule ","2824":"n\u021bei","2825":"erta","2826":"rme ","2827":"nent","2828":"invi","2829":"manu","2830":"orti","2831":"ma\u0219i","2832":"rge ","2833":"conv","2834":"pove","2835":"erde","2836":"nsiu","2837":"devi","2838":"utie","2839":"irus","2840":"pu\u021bi","2841":" pov","2842":"nreg","2843":"egul","2844":"enil","2845":"sesc","2846":"\u0219in\u0103","2847":"rol ","2848":"putu","2849":"mnul","2850":"ez\u0103 ","2851":"per ","2852":"tomb","2853":"alta","2854":"capa","2855":"albu","2856":" pu\u021b","2857":"p\u0103ri","2858":"ncen","2859":"esar","2860":"puti","2861":"mar ","2862":"fic\u0103","2863":"anim","2864":"u\u021bin","2865":"oncu","2866":" lip","2867":"bru ","2868":"lic ","2869":"inim","2870":"ap\u0103 ","2871":" cuv","2872":"net ","2873":"ioas","2874":"erve","2875":"prel","2876":"men ","2877":"igin","2878":"brit","2879":"azin","2880":"aine","2881":"stau","2882":"orig","2883":" m\u00e2n","2884":"erge","2885":"cuti","2886":"tan ","2887":"plet","2888":"rmit","2889":"bune","2890":"ucea","2891":"usiv","2892":"poni","2893":"m\u0103to","2894":"ndic","2895":" bac","2896":" jos","2897":"exem","2898":" duc","2899":"c\u00e2nt","2900":"nti ","2901":"bate","2902":"mic\u0103","2903":"reg\u0103","2904":"ihai","2905":"ini\u021b","2906":"b\u0103rb","2907":"zat\u0103","2908":"obie","2909":"cana","2910":"\u0219it ","2911":"ntur","2912":"ezeu","2913":" ac\u021b","2914":" tat","2915":"ombr","2916":"rusi","2917":"ucr\u0103","2918":"pati","2919":"usul","2920":"cas\u0103","2921":"sfer","2922":"bera","2923":"voi ","2924":" ram","2925":"ngle","2926":"meaz","2927":"xemp","2928":"ror ","2929":"celu","2930":"trum","2931":"tras","2932":"hnic","2933":"chei","2934":"ulie","2935":"rcet","2936":"alen","2937":"tato","2938":" de\u0219","2939":"nala","2940":"rovi","2941":"sate","2942":"moto","2943":" psd","2944":"ergi","2945":"fice","2946":"gran","2947":"nves","2948":"emin","2949":"boi ","2950":"vist","2951":" mie","2952":"\u00eempo","2953":"temu","2954":"orba","2955":"tau ","2956":"erca","2957":"s\u0103n\u0103","2958":"fata","2959":"stiv","2960":"rcur","2961":"arcu","2962":"an\u021bi","2963":"imic","2964":"ctom","2965":"acto","2966":"noie","2967":"rapi","2968":"ircu","2969":"sedi","2970":"\u00e2tev","2971":"pies","2972":"ia\u021ba","2973":"omul","2974":"n\u0163a ","2975":" s\u0103n","2976":" ado","2977":"endi","2978":"gur ","2979":"gen ","2980":"cesu","2981":"norm","2982":"inse","2983":"a\u0219in","2984":" cut","2985":" uit","2986":"duc\u0103","2987":"luna","2988":"mant","2989":"\u021bat ","2990":"mire","2991":"fini","2992":"ehni","2993":"dore","2994":"iubi","2995":"apel","2996":" asc","2997":"onez","2998":"elef","2999":"iemb","3000":"\u0219oar","3001":" mit","3002":"dan ","3003":"urna","3004":"sor ","3005":"live","3006":" arg","3007":"nce ","3008":"onea","3009":"gori","3010":"m\u00e2n ","3011":"\u0103r\u021bi","3012":"regu","3013":" m\u0103s","3014":"infe","3015":"insu","3016":"adio","3017":"oiem","3018":" exa","3019":"latu","3020":" edu","3021":"nlin","3022":" bea","3023":"ant\u0103","3024":"a\u0163io","3025":"mitr","3026":"oti ","3027":"sar ","3028":" coa","3029":"vare","3030":"000 ","3031":" gas","3032":" ma\u0219","3033":" onl","3034":"lips","3035":"lete","3036":"elat","3037":"rm\u0103t","3038":"onli","3039":"talu","3040":"unie","3041":"ampa","3042":"pira","3043":"merg","3044":"eja ","3045":"abri","3046":" sib","3047":"lato","3048":"\u00eende","3049":"vene","3050":"spus","3051":"cut\u0103","3052":" ier","3053":"uita","3054":"eatr","3055":"ecor","3056":"uner","3057":"nis ","3058":"lbum","3059":"en\u021be","3060":"exce","3061":" jus","3062":"drea","3063":"era\u021b","3064":"defi","3065":"\u00e2ne ","3066":"\u0163iil","3067":"m\u0103ru","3068":"nat\u0103","3069":"ple ","3070":"text","3071":"psd ","3072":" v\u00e2r","3073":"rire","3074":"elic","3075":"vin ","3076":"apor","3077":"mont","3078":"\u0163iei","3079":"\u0103rba","3080":" afi","3081":" lat","3082":"trem","3083":"int\u0103","3084":"nar ","3085":"oca ","3086":"pt\u0103 ","3087":"ares","3088":"ecur","3089":"uite","3090":"uire","3091":"crat","3092":"amul","3093":"dii ","3094":"juto","3095":"ev\u0103r","3096":"liar","3097":" km ","3098":"trop","3099":"etro","3100":"case","3101":"masi","3102":" cio","3103":" mob","3104":" ung","3105":"nism","3106":"bora","3107":"rupu","3108":" fes","3109":"aje ","3110":"tara","3111":"uctu","3112":" \u00eeng","3113":"citi","3114":"acan","3115":"onfi","3116":"zuri","3117":"zato","3118":"onfe","3119":"dura","3120":"lien","3121":"mas ","3122":"s\u0103pt","3123":"nsea","3124":"oamn","3125":" ci ","3126":"nimi","3127":"let ","3128":" ach","3129":"lelo","3130":"rage","3131":"bene","3132":"in\u0103u","3133":" opt","3134":"lina","3135":"ndam","3136":"vat ","3137":"\u0103pt\u0103","3138":" vio","3139":"esio","3140":"dev\u0103","3141":"vit\u0103","3142":"tita","3143":"isiu","3144":"sus ","3145":"lefo","3146":"reas","3147":"lexa","3148":"reti","3149":"l\u00e2ng","3150":"ziun","3151":"silv","3152":"urea","3153":"\u0219tig","3154":"leri","3155":"fic ","3156":"imi\u0219","3157":" atr","3158":"surs","3159":"gres","3160":"mie ","3161":"fer\u0103","3162":"nou\u0103","3163":"chir","3164":" aus","3165":"edie","3166":"iati","3167":"mia ","3168":"mpio","3169":" tut","3170":" ta ","3171":"\u00eento","3172":"praf","3173":"reli","3174":"bal ","3175":"lter","3176":"a\u0219ov","3177":"ra\u0219o","3178":" evi","3179":"ebru","3180":"\u00eenv\u0103","3181":"insp","3182":"male","3183":"rmea","3184":" iun","3185":" ras","3186":"ra\u0163i","3187":"tal\u0103","3188":" aso","3189":"ures","3190":"depa","3191":"depl","3192":"sit\u0103","3193":"dumi","3194":"bert","3195":"cule","3196":"sus\u021b","3197":"fert","3198":"us\u021bi","3199":"tiei","3200":"ler ","3201":"toma","3202":" ala","3203":"anis","3204":"elen","3205":"rcia","3206":"denu","3207":"ncre","3208":"ern ","3209":"viat","3210":"ines","3211":"bare","3212":"relo","3213":"uren","3214":"t\u00e2nd","3215":"arce","3216":"s\u021bin","3217":"uc\u021bi","3218":"bra\u0219","3219":" obl","3220":"teor","3221":"asin","3222":"ungi","3223":"nalu","3224":"ntie","3225":"e\u0219i ","3226":"die ","3227":"pion","3228":"oat\u0103","3229":"nunt","3230":"ner ","3231":"rave","3232":" \u0219ia","3233":"ctio","3234":"rago","3235":"viet","3236":"juca","3237":"tip ","3238":"arit","3239":"maru","3240":" der","3241":"dres","3242":"aust","3243":" eva","3244":"\u0103sur","3245":"sear","3246":"alt\u0103","3247":"erel","3248":"an\u021be","3249":"ius ","3250":"grav","3251":"ioni","3252":"deco","3253":" ciu","3254":"deja","3255":" bul","3256":"ung ","3257":" ad\u0103","3258":"feso","3259":"secr","3260":"t\u0103m\u00e2","3261":"alin","3262":"faci","3263":" afe","3264":"lba ","3265":"desi","3266":"teat","3267":"m\u0103su","3268":"c\u00e2\u0219t","3269":" cru","3270":" \u00eenr","3271":"sens","3272":"cr\u0103r","3273":"urse","3274":"suce","3275":"xand","3276":"dei ","3277":" pag","3278":"cizi","3279":"anil","3280":"urs ","3281":"nsum","3282":" hai","3283":"aloa","3284":" b\u0103t","3285":"\u00e2\u0219ti","3286":"ruit","3287":"ni\u0219t","3288":"obli","3289":"riji","3290":"pate","3291":"isca","3292":"iuri","3293":"dure","3294":"aie ","3295":"omin","3296":"esiu","3297":"scar","3298":" sor","3299":"prac","3300":"\u00eemp\u0103","3301":" nos","3302":"re\u015ft","3303":" p ","3304":"blig","3305":"gari","3306":"ptur","3307":"neas","3308":"xter","3309":"oli ","3310":"uman","3311":"b\u021bin","3312":" poe","3313":"olec","3314":" van","3315":"pala","3316":" avi","3317":" vez","3318":"asat","3319":" gaz","3320":"opol","3321":"asoc","3322":"ovin","3323":"calc","3324":"fii ","3325":"ntri","3326":"orbi","3327":"ieti","3328":"hide","3329":" sua","3330":"iese","3331":"iril","3332":" il ","3333":"nfec","3334":"ean\u0103","3335":"ob\u021bi","3336":" ob\u021b","3337":"tui ","3338":"for ","3339":"plec","3340":"epe ","3341":"exec","3342":"arme","3343":"cile","3344":"ipiu","3345":"nt\u00e2l","3346":"exan","3347":"ndur","3348":" ing","3349":" rol","3350":"crit","3351":"vara","3352":"veri","3353":" deb","3354":"t\u00e2ln","3355":"mbru","3356":"dida","3357":"f\u00e2nt","3358":"mula","3359":"nefi","3360":" n\u0103s","3361":"ciu ","3362":"ionu","3363":"e\u021bin","3364":"audi","3365":"ling","3366":" max","3367":"egor","3368":"cilo","3369":" c\u00e2\u0219","3370":"infl","3371":"dru ","3372":" vir","3373":"del ","3374":"gea ","3375":"elea","3376":"ret ","3377":"nerg","3378":"dic\u0103","3379":"tand","3380":"ugat","3381":"rive","3382":"xecu","3383":"unge","3384":"jos ","3385":"uniu","3386":"don ","3387":"mit\u0103","3388":"repa","3389":"niun","3390":"eun\u0103","3391":"teti","3392":"urge","3393":"tema","3394":"dio ","3395":" aur","3396":"unga","3397":"p\u0103ru","3398":"lesc","3399":"dor ","3400":"trep","3401":"meci","3402":"\u0219ia ","3403":"vaca","3404":"dit ","3405":"ntil","3406":"i\u021ba ","3407":"tbal","3408":"lize","3409":"eie ","3410":"iun ","3411":" feb","3412":"dern","3413":" her","3414":"trup","3415":"ches","3416":"rolu","3417":"ber ","3418":"son ","3419":"rupe","3420":"onav","3421":"umat","3422":"et\u0103 ","3423":"meta","3424":"p\u00e2nd","3425":"tu\u021bi","3426":"eza ","3427":"ain ","3428":"nalt","3429":"atui","3430":"orm\u0103","3431":"oala","3432":"elel","3433":"mna ","3434":"zica","3435":"rari","3436":"azur","3437":"sect","3438":"uto ","3439":"l\u0103tu","3440":"ien\u021b","3441":" fri","3442":"c\u0103l\u0103","3443":"eche","3444":"\u00e3\u00aen ","3445":" etc","3446":"ver ","3447":"pele","3448":"rina","3449":"ndru","3450":"enzi","3451":"pisc","3452":"efor","3453":"meu ","3454":"isi ","3455":"ever","3456":"r\u0103m\u00e2","3457":"sf\u00e2r","3458":"plus","3459":"nscr","3460":" bel","3461":"spri","3462":"rege","3463":"rna\u021b","3464":"nse ","3465":" bog","3466":"greu","3467":"ua\u021bi","3468":"gale","3469":"oana","3470":"escr","3471":"mata","3472":"istu","3473":"atis","3474":"utar","3475":"art\u0103","3476":" foc","3477":"uale","3478":"dive","3479":" sam","3480":"gati","3481":"deva","3482":"antr","3483":" meu","3484":"u\u021bie","3485":"nfer","3486":"cesi","3487":"teze","3488":"vrei","3489":"pora","3490":"onie","3491":"itie","3492":" tr\u0103","3493":"mesa","3494":"nga ","3495":"iat\u0103","3496":"nct ","3497":"elig","3498":"etc ","3499":"copu","3500":"cian","3501":" ioa","3502":"emor","3503":"jori","3504":"rsur","3505":" plo","3506":"modi","3507":" fro","3508":"otba","3509":"ipat","3510":"gazi","3511":"otog","3512":"iate","3513":"ncea","3514":"\u00e2ng\u0103","3515":"suma","3516":"selo","3517":"tiza","3518":"nvin","3519":" bla","3520":"\u0103rut","3521":"ivat","3522":"chit","3523":"rena","3524":"top ","3525":" st\u0103","3526":"ercu","3527":"moas","3528":" cro","3529":"im\u0103r","3530":"roch","3531":"chil","3532":"abso","3533":"vice","3534":"ceni","3535":"spar","3536":"\u0103scu","3537":"loni","3538":"sua ","3539":"agaz","3540":"pa\u021bi","3541":"ncez","3542":"ocra","3543":"aver","3544":" ris","3545":"tidu","3546":"pone","3547":"avir","3548":"ciet","3549":"n\u0103u ","3550":"ampl","3551":"domi","3552":"rafa","3553":"vite","3554":"febr","3555":"his ","3556":"rapo","3557":"gic ","3558":"dust","3559":"riat","3560":" tal","3561":"gate","3562":"mest","3563":"lace","3564":" hor","3565":"nvit","3566":"im\u0103 ","3567":"catu","3568":"pref","3569":"p\u0103r\u0103","3570":"anto","3571":"rgen","3572":"espo","3573":"tect","3574":"rism","3575":"rdul","3576":"\u0103rin","3577":"niil","3578":"v\u00e2nt","3579":"um>0","3580":"flue","3581":"itu\u021b","3582":"sie ","3583":"ovie","3584":"cam ","3585":" bur","3586":"mara","3587":" rai","3588":"egra","3589":"vert","3590":"aru ","3591":"peti","3592":"nant","3593":"rad ","3594":"\u00e2r\u0219i","3595":"luen","3596":"liei","3597":"banc","3598":"gala","3599":"oriz","3600":"ibiu","3601":"turo","3602":"asar","3603":"titi","3604":"stim","3605":"revo","3606":"atam","3607":" gro","3608":"fotb","3609":"iera","3610":"cer ","3611":"munt","3612":"epen","3613":"tego","3614":"lose","3615":"bui ","3616":"vant","3617":"trie","3618":"rifi","3619":"maga","3620":"etra","3621":" pom","3622":"\u0219ov ","3623":" \u021bin","3624":"pene","3625":"odif","3626":"uloa","3627":"arab","3628":"ctie","3629":"peni","3630":"uma ","3631":"rmal","3632":" \u0219ef","3633":" pap","3634":"fizi","3635":" buz","3636":"sabi","3637":"xima","3638":"ess ","3639":"deos","3640":" lac","3641":"spat","3642":"vani","3643":"diti","3644":"lasi","3645":" aud","3646":"fa\u021ba","3647":"club","3648":"aspe","3649":"prox","3650":"ecer","3651":"mpoz","3652":"rba ","3653":"grij","3654":"itui","3655":"aura","3656":"eapt","3657":"unoa","3658":"atal","3659":"\u00eenre","3660":"inei","3661":"stii","3662":"bit ","3663":"for\u021b","3664":"r\u0219it","3665":"etin","3666":"noua","3667":"impe","3668":" fiu","3669":"udin","3670":"rten","3671":"r\u021bi ","3672":"esaj","3673":"ichi","3674":"afec","3675":"opie","3676":"chel","3677":"esel","3678":"ar\u021bi","3679":" obs","3680":"t\u00e2mp","3681":"cupr","3682":"u\u021bii","3683":"liu ","3684":"age ","3685":" dol","3686":" sum","3687":"upri","3688":"tr\u00e2n","3689":" al\u0103","3690":"cinc","3691":"grec","3692":"crim","3693":"esen","3694":" eta","3695":"erfe","3696":" sce","3697":"iare","3698":" lau","3699":"n\u0103to","3700":"ude ","3701":"vul ","3702":"acat","3703":"tar\u0103","3704":"stig","3705":" sel","3706":"eles","3707":"mens","3708":"ctar","3709":"alor","3710":"oseb","3711":"omat","3712":"lata","3713":" dos","3714":"teli","3715":"m\u0103n\u0103","3716":"eose","3717":"ad\u0103u","3718":"erte","3719":" x ","3720":"d\u0103ug","3721":" \u00eemb","3722":"vire","3723":"isla","3724":"atil","3725":"ruar","3726":"eroa","3727":"ates","3728":"a\u0163ia","3729":"rame","3730":"comb","3731":"\u0103spu","3732":"emon","3733":"\u0103sit","3734":"edea","3735":"sf\u00e2n","3736":" r\u00e2n","3737":" bai","3738":"t\u00e2n\u0103","3739":"urme","3740":"n\u0103st","3741":"roxi","3742":"bric","3743":"piul","3744":"mera","3745":"polo","3746":"n\u021bin","3747":"ras ","3748":"\u0103rb\u0103","3749":"ron ","3750":"favo","3751":" ros","3752":" l\u00e2n","3753":"bia ","3754":"ndit","3755":"iza\u021b","3756":"tini","3757":"ia\u021b\u0103","3758":"itel","3759":"uit\u0103","3760":"ook ","3761":"uali","3762":"ouri","3763":"omnu","3764":"efin","3765":"ltor","3766":"velu","3767":"\u0219tin","3768":"itud","3769":"ens ","3770":"ta\u0163i","3771":"vii ","3772":" adi","3773":"afar","3774":"uzat","3775":"acas","3776":"retr","3777":"brua","3778":"rghe","3779":"tore","3780":" jum","3781":"titl","3782":"int ","3783":"pale","3784":"itut","3785":"ibui","3786":" fiz","3787":" t\u00e2n","3788":"ticu","3789":"toni","3790":"juri","3791":"book","3792":" uri","3793":"rema","3794":"cis ","3795":"\u0219ulu","3796":"sufl","3797":"icti","3798":"mice","3799":"n\u0103sc","3800":"da\u021bi","3801":" tab","3802":"olut","3803":"rb\u0103t","3804":"gur\u0103","3805":"sfor","3806":"scoa","3807":"de\u0219i","3808":"\u00e2n\u0103r","3809":"amat","3810":"imal","3811":"repe","3812":"stro","3813":"rere","3814":"rost","3815":"ncti","3816":"depe","3817":"iene","3818":"oasa","3819":"miei","3820":"sara","3821":"gost","3822":"rem ","3823":"olan","3824":"ndid","3825":"n\u0103ta","3826":"cili","3827":"ios ","3828":"muna","3829":"eoar","3830":"timu","3831":"azar","3832":"te\u0219t","3833":"sebi","3834":"enal","3835":"tam ","3836":"bsol","3837":"al\u0103t","3838":"b\u0103to","3839":"onse","3840":"rofi","3841":"tind","3842":" on ","3843":"emel","3844":" fan","3845":" mij","3846":"arad","3847":"orea","3848":"de\u021bi","3849":" sil","3850":"ult\u0103","3851":"iana","3852":"ream","3853":"itlu","3854":"deoa","3855":"iga ","3856":"omit","3857":"ajat","3858":"lide","3859":" to ","3860":"adic","3861":" nr ","3862":"hest","3863":"emiu","3864":"risc","3865":"ger ","3866":" nun","3867":"nova","3868":"umir","3869":"cala","3870":"mat\u0103","3871":"atit","3872":"enef","3873":"umoa","3874":"mbat","3875":"ansm","3876":"ezer","3877":"axim","3878":"traf","3879":" sex","3880":"s\u0103rb","3881":" asp","3882":"caut","3883":"ran ","3884":"v\u0103zu","3885":"aren","3886":" bir","3887":"puse","3888":"atol","3889":"ijlo","3890":"efon","3891":"napo","3892":"mijl","3893":"pete","3894":"pagi","3895":"ront","3896":"oma ","3897":"av\u00e2n","3898":"imon","3899":"inia","3900":"pros","3901":"ida ","3902":"poar","3903":"orni","3904":"adem","3905":"orgh","3906":"\u0103rie","3907":" ero","3908":"sche","3909":"nolo","3910":"cicl","3911":"mama","3912":"mona","3913":"pici","3914":"evis","3915":" fav","3916":" ran","3917":"m>00","3918":"pena","3919":"par ","3920":" zic","3921":"seaz","3922":"gen\u021b","3923":"eolo","3924":"neam","3925":"inch","3926":" bot","3927":"\u0103uga","3928":"t\u00e2rz","3929":"esf\u0103","3930":"\u00e2rzi","3931":"tut ","3932":"oapt","3933":"rum ","3934":"maxi","3935":"urte","3936":" rut","3937":" ort","3938":"ocar","3939":"preo","3940":"imea","3941":"rim ","3942":"heor","3943":"nito","3944":" dub","3945":"mbar","3946":"eamn","3947":"fesi","3948":"ligi","3949":" bor","3950":"otes","3951":"chi\u0219","3952":"nt\u00e2m","3953":"basa","3954":" ded","3955":"oxim","3956":"adea","3957":"orbe","3958":"erim","3959":"iori","3960":" sla","3961":"amn\u0103","3962":"afir","3963":"nsmi","3964":"iesc","3965":"nflu","3966":" p\u0103s","3967":"mn\u0103 ","3968":"tens","3969":"erpr","3970":"tact","3971":"elem","3972":"rocu","3973":"ban ","3974":"ziu ","3975":"semi","3976":"oan ","3977":"doil","3978":"\u0103rit","3979":"izic","3980":" bru","3981":"fan ","3982":" fet","3983":"irat","3984":"emar","3985":"ia\u0219i","3986":"ntac","3987":"geor","3988":" re\u021b","3989":" lid","3990":"new ","3991":"upul","3992":"rpri","3993":"mpet","3994":"gest","3995":"n\u00e2nd","3996":"mure","3997":" bre","3998":" tan","3999":"acad","4000":"ispu","4001":"ntii","4002":"lat\u0103","4003":"hii ","4004":"gheo","4005":"hipe","4006":"l\u0103to","4007":"sant","4008":"ovic","4009":" eng","4010":"opun","4011":"fron","4012":"oiul","4013":"i\u015fti","4014":" nis","4015":"eava","4016":"reba","4017":"tos ","4018":"icei","4019":"gice","4020":"ncar","4021":"lit ","4022":"terp","4023":" bro","4024":"nt\u0103r","4025":"acop","4026":"re\u021bi","4027":"hann","4028":"noap","4029":"enir","4030":"ritu","4031":" m\u0103n","4032":"arba","4033":"taur","4034":"inco","4035":"zice","4036":"lalt","4037":"unat","4038":"cifi","4039":"subi","4040":"rm\u0103r","4041":"cend","4042":"iant","4043":" rob","4044":"all ","4045":"epli","4046":" ul ","4047":"tegr","4048":"buni","4049":"nv\u0103\u021b","4050":"\u00een\u021be","4051":"ren ","4052":"love","4053":"nifi","4054":"eviz","4055":"biu ","4056":"surp","4057":"rori","4058":" imi","4059":"urne","4060":"civi","4061":"inun","4062":" to\u021b","4063":"rna ","4064":"lti ","4065":"neva","4066":" v ","4067":"to\u021bi","4068":"adus","4069":" av\u00e2","4070":"leca","4071":"pict","4072":"etru","4073":"ilei","4074":"udii","4075":"zist","4076":"nsfo","4077":"lvan","4078":"insa","4079":"\u0103rui","4080":"boli","4081":"nteg","4082":" civ","4083":"span","4084":"\u00e2lni","4085":"ivil","4086":"rfec","4087":"acuz","4088":"xpli","4089":"expo","4090":"ndem","4091":"ivul","4092":"rche","4093":"f\u00e2r\u0219","4094":"umar","4095":"\u00e2nge","4096":"atre","4097":"caz ","4098":" nas","4099":" pod","4100":"ceru","4101":" coo","4102":"frun","4103":"zerv","4104":"imil","4105":"is\u0103 ","4106":"\u0219col","4107":" sov","4108":" han","4109":"albe","4110":" tex","4111":"stiu","4112":"pal ","4113":"viu ","4114":"pred","4115":"edar","4116":"reu\u0219","4117":" you","4118":" fal","4119":"lovi","4120":"la\u0219i","4121":" fis","4122":"zic\u0103","4123":"\u00eense","4124":"juta","4125":"rpre","4126":"alti","4127":"ilva","4128":"rcar","4129":"osar","4130":"agri","4131":"i\u0163i ","4132":"otor","4133":"cazi","4134":" lem","4135":"engl","4136":" fab","4137":" glo","4138":"iviz","4139":" rat","4140":"expr","4141":" s\u0103i","4142":" ari","4143":"nibi","4144":"hi\u0219i","4145":"n\u0103ri","4146":"feli","4147":" bug","4148":"e\u021bea","4149":" ghi","4150":"eris","4151":"alie","4152":"s\u0103i ","4153":"ic\u0103r","4154":" omu","4155":"ote ","4156":"lae ","4157":"ail ","4158":"apid","4159":" dus","4160":"etur","4161":"ansi","4162":"gara","4163":"tuia","4164":"agne","4165":"caza","4166":"ordu","4167":"rnet","4168":"ceav","4169":" pau","4170":"ormi","4171":"xplo","4172":"dra ","4173":"salv","4174":"epri","4175":"apt ","4176":"icin","4177":"spoz","4178":"rban","4179":"onde","4180":"aero","4181":" gr\u0103","4182":"iziu","4183":" opr","4184":"excl","4185":"\u00e2nta","4186":"nori","4187":" mos","4188":"imii","4189":"ctro","4190":" isi","4191":"adul","4192":"piri","4193":"i\u0219oa","4194":"olae","4195":"\u00e2rst","4196":"\u0103ciu","4197":"pre\u021b","4198":"todo","4199":"ave ","4200":" tv ","4201":"osco","4202":"onsa","4203":"omov","4204":" ped","4205":"sovi","4206":"unis","4207":"mori","4208":" sfa","4209":"urpr","4210":"enor","4211":"mune","4212":"r\u0103ma","4213":"imb\u0103","4214":"rgin","4215":"ctac","4216":"i\u0219in","4217":"crur","4218":"asel","4219":"\u0219coa","4220":"puns","4221":"mist","4222":" lar","4223":"uget","4224":"rovo","4225":" lig","4226":" sut","4227":"sina","4228":"chiz","4229":"onib","4230":"rnal","4231":"ubie","4232":"ufle","4233":"clud","4234":"men\u021b","4235":"v\u00e2rs","4236":"rziu","4237":" vom","4238":"olat","4239":" alc","4240":"ohan","4241":"refu","4242":"rdon","4243":"sana","4244":"usia","4245":"xtra","4246":"hris","4247":"ungu","4248":"otat","4249":"enat","4250":"ordo","4251":"avor","4252":"scal","4253":"tins","4254":"taru","4255":"opti","4256":"step","4257":"nfir","4258":"ezon","4259":"ciil","4260":" dov","4261":"eful","4262":"fisc","4263":"mero","4264":"ec\u0163i","4265":"eriu","4266":"mesc","4267":"olum","4268":"memo","4269":"treg","4270":"ela\u0219","4271":"ebit","4272":"dosa","4273":"anif","4274":"popo","4275":"fer ","4276":" ama","4277":"meto","4278":"r\u0103ci","4279":"dut ","4280":"mora","4281":"\u015fedi","4282":"ecis","4283":" om ","4284":"rezo","4285":"zone","4286":"emn ","4287":"ijin","4288":"atei","4289":"nicu","4290":"mos ","4291":"oran","4292":"lemn","4293":"nghe","4294":"efan","4295":"ucti","4296":"ntes","4297":"evar","4298":" \u00een\u021b","4299":"runt","4300":" ime","4301":"leta","4302":"asul","4303":"elim","4304":"dime","4305":" gam","4306":"rc\u0103 ","4307":"rase","4308":"ome ","4309":"ilar","4310":"itia","4311":" iti","4312":"pons","4313":"obse","4314":"egea","4315":"arci","4316":"gric","4317":"nanc","4318":"niu ","4319":"tefa","4320":"etod","4321":"over","4322":"hita","4323":"amic","4324":"tian","4325":" vla","4326":" uma","4327":"oleg","4328":"log ","4329":"urta","4330":"menu","4331":"ulia","4332":"ndra","4333":"anni","4334":" g\u00e2n","4335":"amba","4336":" mii","4337":"ight","4338":"buge","4339":"ghe ","4340":"ola ","4341":"asil","4342":"cioa","4343":"und ","4344":"viol","4345":" a\u0219t","4346":"gle ","4347":"ture","4348":"cebo","4349":"toli","4350":"nual","4351":"bul ","4352":"sud ","4353":"sea ","4354":"rmel","4355":"urt ","4356":"vom ","4357":"filo","4358":"reia","4359":" na\u0163","4360":"leg\u0103","4361":"negr","4362":"\u0103rea","4363":"crii","4364":"ack ","4365":"icro","4366":"adri","4367":"sine","4368":"\u0103l\u0103t","4369":"n\u021bio","4370":"ngul","4371":"mal ","4372":"zele","4373":"des ","4374":" mad","4375":"oad\u0103","4376":"esig","4377":"xclu","4378":"lacu","4379":"bord","4380":"g\u0103ti","4381":"pede","4382":"turc","4383":"uca ","4384":"oni ","4385":"flet","4386":"tivu","4387":"se\u0219t","4388":"orec","4389":" psi","4390":"cuza","4391":"\u0103sti","4392":" vis","4393":" sc\u0103","4394":"ren\u021b","4395":"doct","4396":"tua\u021b","4397":"ilel","4398":" hal","4399":"psih","4400":"meie","4401":"n\u021bie","4402":"anse","4403":"isa ","4404":"piii","4405":"acie","4406":"usa ","4407":"oata","4408":"iel ","4409":"susp","4410":"ce\u0219t","4411":"scat","4412":"inev","4413":"inva","4414":"rniz","4415":"ecin","4416":"aceb","4417":"like","4418":"alif","4419":" zec","4420":"babi","4421":"sile","4422":"eala","4423":"lanu","4424":"poru","4425":"ans ","4426":"aua ","4427":"tuie","4428":" r ","4429":" p\u0103m","4430":"catr","4431":"cit ","4432":"mocr","4433":"iele","4434":"emoc","4435":"t\u00e2rg","4436":"rcin","4437":"rala","4438":"a\u0163\u0103 ","4439":" bib","4440":"tim ","4441":"lar\u0103","4442":" son","4443":"i\u021bio","4444":"erir","4445":"orad","4446":"rtal","4447":" ine","4448":"luci","4449":"fia ","4450":"uate","4451":" rug","4452":"elie","4453":"barb","4454":" evo","4455":"eval","4456":"runc","4457":" abr","4458":"ump\u0103","4459":"\u0163iun","4460":"rar ","4461":"lema","4462":"cem ","4463":"ilat","4464":" dau","4465":"aric","4466":"micr","4467":"dem ","4468":"udiu","4469":"e\u021bii","4470":"otar","4471":" dob","4472":"ier\u0103","4473":" tom","4474":"ecif","4475":"p\u0103st","4476":"ruti","4477":"otur","4478":"dita","4479":"ri\u021bi","4480":"prij","4481":"deau","4482":"arge","4483":"dini","4484":"cven","4485":" sez","4486":"tipu","4487":"hine","4488":"ast ","4489":"modu","4490":"cop ","4491":"\u0103ria","4492":"boiu","4493":"ato ","4494":"mila","4495":"siei","4496":"play","4497":"ie\u0219t","4498":"iatr","4499":"aul ","4500":"ompu","4501":"cu\u021bi","4502":"purt","4503":"perc","4504":"eca ","4505":" r\u00e2u","4506":"ites","4507":"sire","4508":"here","4509":"ecul","4510":"asis","4511":"un\u021ba","4512":"xtre","4513":"sic ","4514":"pand","4515":"bire","4516":"amur","4517":" lik","4518":"esat","4519":"eboo","4520":"pilu","4521":"vasi","4522":"ilm ","4523":" \u015fti","4524":"trod","4525":"ntim","4526":" ro\u0219","4527":"\u021bar\u0103","4528":"s\u0103ri","4529":" mut","4530":"unc\u0103","4531":"espi","4532":"fric","4533":"egim","4534":"simi","4535":"\u00e2mpl","4536":"past","4537":"\u00eenal","4538":"sezo","4539":"iova","4540":"ili ","4541":"pund","4542":"lnic","4543":"eile","4544":"rn\u0103 ","4545":"ivir","4546":" b ","4547":"sta\u021b","4548":"cean","4549":"aram","4550":" tor","4551":" sed","4552":"romi","4553":"u\u021bi ","4554":"gali","4555":"um\u0103t","4556":"olab","4557":"b\u0103t\u0103","4558":"empe","4559":"eaga","4560":"niti","4561":"card","4562":"emni","4563":" oca","4564":"m\u00e2na","4565":" no ","4566":"idat","4567":"t\u0103m ","4568":"ros ","4569":" ucr","4570":"al\u021bi","4571":"sfin","4572":"pia\u021b","4573":"vele","4574":"i\u0219te","4575":"dice","4576":"ador","4577":"taco","4578":"ont ","4579":" abi","4580":"ecve","4581":"hizi","4582":"anza","4583":"avio","4584":"fant","4585":"arc\u0103","4586":" pnl","4587":"reno","4588":"iz\u0103r","4589":"niri","4590":"anit","4591":" c\u00e2m","4592":"re\u021be","4593":"eaua","4594":" flu","4595":"eara","4596":"ilii","4597":"iolo","4598":"inam","4599":"evre","4600":"upta","4601":"ocaz","4602":"ngel","4603":" nav","4604":"mino","4605":"enia","4606":"rtod","4607":"dep\u0103","4608":"ngar","4609":"supu","4610":" nep","4611":"uden","4612":"tan\u0163","4613":"alei","4614":"lore","4615":"itii","4616":"eciu","4617":"char","4618":"tra\u021b","4619":"lase","4620":"c\u00e2mp","4621":"ersu","4622":"main","4623":" off","4624":"enie","4625":"porn","4626":"hite","4627":"ontu","4628":"alva","4629":"oses","4630":"ep\u021bi","4631":"\u0103mas","4632":"mpus","4633":"m\u0103r ","4634":"fede","4635":"dic ","4636":"nsar","4637":"min ","4638":"inai","4639":"usel","4640":" och","4641":"enun","4642":"last","4643":"bran","4644":"hete","4645":"acit","4646":"hnol","4647":"ven\u021b","4648":"ca\u0163i","4649":"fla ","4650":"fabr","4651":"veti","4652":"p\u0103m\u00e2","4653":" toc","4654":"am\u0103 ","4655":"and\u0103","4656":"\u0103str","4657":"reau","4658":"ictu","4659":"sati","4660":"ntia","4661":"cit\u0103","4662":" pis","4663":"nsab","4664":"pnl ","4665":"ela\u021b","4666":"re\u015fe","4667":"cora","4668":"argi","4669":"mort","4670":"rean","4671":" joa","4672":"sign","4673":"nast","4674":"agos","4675":"v\u0103ra","4676":" caf","4677":"lifi","4678":"elua","4679":" t ","4680":"bser","4681":"val ","4682":" bio","4683":"crar","4684":"par\u021b","4685":"glez","4686":"opia","4687":"iard","4688":"ndi\u021b","4689":" oar","4690":"masa","4691":" ni ","4692":"eleb","4693":"aiov","4694":"impa","4695":"piil","4696":"nest","4697":"\u021belo","4698":"erer","4699":"rasp","4700":"ufer","4701":"piel","4702":"anch","4703":" mi\u0219","4704":"dani","4705":" cab","4706":"esit","4707":"stie","4708":"or\u021bi","4709":"neti","4710":"simt","4711":"pas ","4712":"sii ","4713":"band","4714":"de\u021be","4715":"obic","4716":"gatu","4717":"ezis","4718":" c\u0103u","4719":"i\u0163ie","4720":"omie","4721":"bere","4722":"mbol","4723":"elei","4724":"raci","4725":"r\u00e2ul","4726":"rise","4727":"ra\u0219 ","4728":"alcu","4729":"gand","4730":"euri","4731":"on\u021bi","4732":"pl\u0103c","4733":"esi ","4734":"sufe","4735":"c\u0103ru","4736":"ilan","4737":"obab","4738":"scan","4739":"subs","4740":" dig","4741":"omet","4742":"alon","4743":"reag","4744":"lcul","4745":"ibli","4746":" cot","4747":"ehno","4748":" deg","4749":"usca","4750":"end ","4751":"apon","4752":"nun\u0163","4753":"\u0219tep","4754":"sent","4755":"abia","4756":"hiri","4757":"ncil","4758":"c\u0103ut","4759":"ntif","4760":"imbi","4761":"tite","4762":"clie","4763":"n\u021bil","4764":" sfi","4765":" v\u0103z","4766":"aur ","4767":"\u0103s\u0103t","4768":"chii","4769":"dau ","4770":"deli","4771":"ndu ","4772":"dali","4773":"unar","4774":"aure","4775":"i\u021b\u0103 ","4776":"hidr","4777":"infr","4778":"mi\u0219o","4779":"\u00eenfi","4780":"rmis","4781":"\u0219ii ","4782":"imed","4783":"ccep","4784":"orte","4785":"la\u0163i","4786":" tax","4787":"ovit","4788":"ump ","4789":"enel","4790":"eulu","4791":"nim ","4792":"r\u0103in","4793":"poca","4794":"ovoc","4795":"tesc","4796":"coru","4797":"trav","4798":"tena","4799":"idea","4800":"bibl","4801":"orge","4802":"cafe","4803":"ardi","4804":"lebr","4805":"jurn","4806":"manc","4807":"nel ","4808":"olor","4809":"a\u0163a ","4810":"ipur","4811":" unt","4812":"dame","4813":"cena","4814":"pl\u0103t","4815":"juc\u0103","4816":"lora","4817":"cal\u0103","4818":"\u021beni","4819":"nven","4820":"con\u021b","4821":" f ","4822":"apac","4823":"bele","4824":" sho","4825":"\u00e2ndi","4826":" rac","4827":"g\u0103se","4828":"lile","4829":"bice","4830":"ioda","4831":"itea","4832":"ames","4833":" abo","4834":"fact","4835":"p\u0103r\u021b","4836":" jan","4837":"e\u0163i ","4838":"pant","4839":"mica","4840":"omni","4841":" so\u021b","4842":"sand","4843":" ia\u0219","4844":"ara\u021b","4845":"iet\u0103","4846":"duc ","4847":"erdu","4848":"angl","4849":"irit","4850":"tone","4851":"caro","4852":" s\u0103l","4853":"poti","4854":"uspe","4855":"ino ","4856":"masc","4857":"rgie","4858":"nnis","4859":"los ","4860":"rup ","4861":"p\u0103re","4862":"pert","4863":"nfii","4864":"ndal","4865":"m\u0103ta","4866":"anag","4867":"cede","4868":"hie ","4869":" fla","4870":"onis","4871":"frec","4872":"unti","4873":"\u0103n\u0103s","4874":"isia","4875":"rend","4876":"remu","4877":"mons","4878":"ltel","4879":"gata","4880":"g\u0103tu","4881":"lism","4882":"tacu","4883":" ue ","4884":"erei","4885":"name","4886":"\u0163ilo","4887":"sind","4888":"elib","4889":" urg","4890":"voas","4891":"ceso","4892":"\u0219tia","4893":"plim","4894":"zeci","4895":"itit","4896":"diri","4897":"\u0163ele","4898":"\u00eenvi","4899":"juru","4900":"ted ","4901":"cear","4902":"mir ","4903":"tula","4904":"orel","4905":"\u0219tir","4906":" ner","4907":"ota ","4908":"\u00eemi ","4909":"tin\u0103","4910":" \u00eemi","4911":" raz","4912":"lind","4913":"t\u0103to","4914":"ezol","4915":" lon","4916":"sti\u021b","4917":"man\u0103","4918":" joh","4919":"ovat","4920":"on\u0103 ","4921":"nzi ","4922":"dec\u0103","4923":">000","4924":"fier","4925":"sesi","4926":"rda ","4927":"buit","4928":" tai","4929":"sura","4930":"labi","4931":" jap","4932":"uses","4933":"jum\u0103","4934":"icea","4935":"lama","4936":"utom","4937":"duct","4938":"itez","4939":"fili","4940":"news","4941":" hid","4942":"izia","4943":"chie","4944":"onit","4945":"adau","4946":"rmul","4947":"arna","4948":" zia","4949":"\u015ftii","4950":"ndri","4951":"igor","4952":"riit","4953":"a\u021bil","4954":"etit","4955":"emur","4956":"esea","4957":"mise","4958":"muze","4959":"egii","4960":"zati","4961":"egel","4962":"spa\u021b","4963":"ity ","4964":"cuv\u00e2","4965":"canc","4966":" gan","4967":" fai","4968":"van ","4969":"uv\u00e2n","4970":"rvat","4971":"elle","4972":" fed","4973":"u\u021bia","4974":"t\u0103\u021be","4975":"ziar","4976":"nage","4977":"ereu","4978":"erg ","4979":"c\u0163ie","4980":"gele","4981":" goo","4982":"rbit","4983":"\u021bean","4984":"ciod","4985":"ragi","4986":"etea","4987":"rtiz","4988":"li\u0219t","4989":" iau","4990":"buri","4991":" iat","4992":"razi","4993":"nezi","4994":"rven","4995":" c\u0103s","4996":"tocm","4997":"cund","4998":"vlad","4999":"eu\u0219i"}}