{"slv":{"0":" je ","1":" v ","2":"num>","3":"<num","4":" in ","5":" <nu","6":"um> ","7":" na ","8":" pre","9":" pri","10":" se ","11":" za ","12":"ega ","13":" da ","14":" so ","15":" ki ","16":" pa ","17":"nje ","18":" z ","19":"ali ","20":"nih ","21":" pro","22":" let","23":" bil","24":"anje","25":" raz","26":" pos","27":" ne ","28":"udi ","29":"tudi","30":" s ","31":"nost","32":"prav","33":"pred","34":"slov","35":" pod","36":" tud","37":"sti ","38":"ila ","39":" del","40":" naj","41":" po ","42":"love","43":"ski ","44":"nja ","45":" slo","46":"ije ","47":"ijo ","48":"ija ","49":" kot","50":"nega","51":"kot ","52":"eta ","53":" dru","54":" sta","55":"vanj","56":"osti","57":"oven","58":" tak","59":" pol","60":"ajo ","61":"ako ","62":" nas","63":" pra","64":"ala ","65":" to ","66":"ili ","67":" med","68":" str","69":"ljen","70":"leta","71":"stav","72":"kih ","73":" vse","74":"jih ","75":" pot","76":" od ","77":" iz ","78":"acij","79":" bi ","80":"ena ","81":" ve\u010d","82":" ni ","83":"ske ","84":"anja","85":"ovan","86":"osta","87":"ilo ","88":"avlj","89":"ost ","90":"sko ","91":" nov","92":"ati ","93":"pri ","94":"jem ","95":"kaj ","96":"bil ","97":"sem ","98":" bo ","99":" o ","100":"ater","101":" \u0161e ","102":"nik ","103":"svoj","104":" lah","105":"iti ","106":"ensk","107":" sam","108":" do ","109":" lju","110":"amo ","111":"lahk","112":"tem ","113":"ani ","114":" ali","115":" kon","116":" nek","117":"nski","118":"eni ","119":"drug","120":"ina ","121":"ahko","122":" svo","123":" kar","124":"hko ","125":" pov","126":"ter ","127":"imi ","128":" ime","129":"kate","130":"iji ","131":"ska ","132":" tem","133":"eno ","134":" ko ","135":" mor","136":"ine ","137":" vel","138":" prv","139":"svet","140":"ice ","141":" pom","142":" dob","143":"ana ","144":"ica ","145":"ravi","146":"ika ","147":"nem ","148":"tako","149":"elo ","150":"stra","151":"bolj","152":"med ","153":" kat","154":" sve","155":" dan","156":"kega","157":"sta ","158":"stan","159":"\u010dno ","160":" nje","161":"ljub","162":" kak","163":"nske","164":"ve\u010d ","165":"kov ","166":" ima","167":" spo","168":"liko","169":"post","170":" mar","171":"prem","172":"tno ","173":"ejo ","174":"oval","175":" mes","176":"><nu","177":"um><","178":"m><n","179":"veni","180":"ljan","181":" ter","182":"gled","183":" spr","184":"radi","185":"veli","186":" nap","187":"ene ","188":"ela ","189":" ga ","190":" bol","191":"tran","192":"ansk","193":" zna","194":"skih","195":"pora","196":" \u010de ","197":"elik","198":"isti","199":"dela","200":" si ","201":"delo","202":"vlje","203":"alni","204":"pove","205":"vlja","206":" \u017ee ","207":"vens","208":"stop","209":" nar","210":"osto","211":"dno ","212":"ijsk","213":"krat","214":"enje","215":"mest","216":"vno ","217":"uje ","218":"blja","219":"sto ","220":"nju ","221":"adi ","222":"iki ","223":" upo","224":"ti\u010dn","225":"avni","226":"novi","227":"stal","228":"iko ","229":"redn","230":" kom","231":"rja ","232":" sto","233":"ite ","234":"enij","235":"ini ","236":"kar ","237":"teri","238":" ob ","239":"i\u010dni","240":" tre","241":"avil","242":"lja ","243":" a ","244":"ste ","245":"ravn","246":" nam","247":" sem","248":" kra","249":" pog","250":"alo ","251":"posl","252":" \u010das","253":"olj ","254":"prej","255":"bila","256":"tev ","257":"ranj","258":"reds","259":"samo","260":"iran","261":"aja ","262":" gla","263":" dol","264":" sku","265":"kem ","266":"koli","267":"orab","268":"ike ","269":"njeg","270":"vse ","271":" \u017eiv","272":"spre","273":"ami ","274":"eli ","275":"lje ","276":"govo","277":"edno","278":"oseb","279":"neka","280":"ino ","281":"skeg","282":"njen","283":" dr\u017e","284":" vod","285":" sre","286":"rani","287":"niko","288":"ima ","289":"insk","290":"skup","291":"arja","292":"dru\u017e","293":"dr\u017ea","294":"upor","295":"kako","296":" nad","297":"red ","298":" dom","299":"rat ","300":"etni","301":"grad","302":"ato ","303":" jih","304":" zdr","305":"cija","306":"prim","307":" kol","308":"ikov","309":" pla","310":" par","311":"ovor","312":"nika","313":"janj","314":"ublj","315":"rost","316":" zap","317":"anju","318":"elov","319":"vni ","320":"iste","321":"tih ","322":"daj ","323":"nova","324":"ave ","325":"tvo ","326":" vsa","327":"sred","328":"pros","329":" ust","330":"cije","331":" kaj","332":"evan","333":" obl","334":"njih","335":"itev","336":"jubl","337":"znan","338":"ovin","339":"lova","340":"prot","341":"eti ","342":"prip","343":" zad","344":"r\u017eav","345":"enja","346":"stva","347":" zar","348":"ava ","349":"poli","350":"obra","351":"mora","352":"oma ","353":" pon","354":"drav","355":"lno ","356":" sod","357":"imen","358":" cel","359":"nim ","360":"egov","361":" zak","362":"ker ","363":" zgo","364":"meni","365":"letn","366":"ane ","367":" za\u010d","368":"ico ","369":"avno","370":"njem","371":"tni ","372":"imo ","373":"avi ","374":" ker","375":"jeni","376":"pome","377":"0000","378":"jski","379":"star","380":"esti","381":"ovo ","382":"jenj","383":" bre","384":"avo ","385":"cev ","386":"zdra","387":"poda","388":"bilo","389":"igra","390":" por","391":"pisa","392":" kje","393":"nimi","394":"razl","395":"manj","396":"sled","397":"smo ","398":"rime","399":" res","400":" poz","401":"stvo","402":"imer","403":"tega","404":" igr","405":" voj","406":"saj ","407":"omen","408":"treb","409":" jo ","410":"telj","411":"nsko","412":"ova ","413":"nji ","414":"oti ","415":" kri","416":"i\u010dne","417":"arad","418":"rija","419":"klju","420":"\u010dne ","421":"ogra","422":"redi","423":"skem","424":" izv","425":"emo ","426":"tali","427":"del ","428":" spl","429":"oli ","430":"dobr","431":" vid","432":"jego","433":"glas","434":"ovni","435":"odo ","436":"pote","437":"anov","438":" man","439":"last","440":"jen ","441":"stro","442":"emu ","443":"ano ","444":"elja","445":"najb","446":"ove ","447":"elje","448":"zara","449":"prev","450":"edst","451":"dobi","452":" smo","453":"nes ","454":"jajo","455":"olit","456":" zel","457":"voje","458":"\u0161ki ","459":" ta ","460":"i\u010dno","461":" bod","462":"potr","463":"anes","464":"rugi","465":" pok","466":"tavl","467":"ment","468":"nast","469":" zas","470":"jske","471":"\u010dni ","472":"esta","473":"lni ","474":"nica","475":"dane","476":" min","477":"ovi ","478":"meri","479":" nis","480":" ose","481":"ljiv","482":" mal","483":"rist","484":"vali","485":"enih","486":" nji","487":" vla","488":"nov ","489":"edni","490":" gos","491":"esto","492":"rej ","493":"ajbo","494":"tere","495":"nove","496":" tis","497":"jev ","498":"ljud","499":"jer ","500":"kova","501":"dnik","502":"val ","503":"jbol","504":" obr","505":"rav ","506":"pogo","507":"tnik","508":"niki","509":"odel","510":"blik","511":" k ","512":"dsta","513":" izd","514":"reme","515":" mi ","516":" odp","517":" gle","518":" gra","519":" zat","520":"eri ","521":"ate ","522":" ste","523":"tov ","524":"ravl","525":" zav","526":"dni ","527":" tek","528":"ici ","529":" ver","530":"kjer","531":"brez","532":" pop","533":" na\u0161","534":"ednj","535":"\u0161tev","536":"tavi","537":" ob\u010d","538":"ral ","539":"naj ","540":" dos","541":"leda","542":"amen","543":"alne","544":" gre","545":" le ","546":"zgod","547":" ved","548":"bodo","549":"vsak","550":"za\u010de","551":"naro","552":" cen","553":"evil","554":"okol","555":"voji","556":"oje ","557":" nav","558":"tva ","559":"bno ","560":"kom ","561":"eval","562":"reje","563":"ora ","564":" odl","565":"dnji","566":"stri","567":"liti","568":"nist","569":"stni","570":" saj","571":"poln","572":"tivn","573":"pris","574":"tevi","575":"poro","576":"ekaj","577":"vlad","578":"ale ","579":"prvi","580":"leto","581":"jeno","582":" \u0161te","583":"port","584":"lne ","585":"usta","586":"etno","587":"sebn","588":"otro","589":"javn","590":"alno","591":"jena","592":"jejo","593":"stor","594":"dalj","595":" kor","596":"erje","597":"vne ","598":" jan","599":"name","600":"bili","601":"tne ","602":"ival","603":"lju\u010d","604":" eno","605":"prep","606":"trok","607":"ozna","608":"eden","609":"vih ","610":" ost","611":" tra","612":"li\u010dn","613":"ata ","614":"eje ","615":"ete ","616":" ti ","617":"evro","618":"prid","619":"iral","620":"zato","621":"nasl","622":"olet","623":" oko","624":"odat","625":"memb","626":"pres","627":"etov","628":"tist","629":" evr","630":" fil","631":"dan ","632":" skl","633":"arsk","634":" fra","635":"vrst","636":"ada ","637":" tel","638":" mat","639":"adnj","640":"cijo","641":"ladi","642":"azli","643":" sla","644":"leti","645":"obil","646":"lika","647":" pet","648":" \u017eel","649":"\u010dnih","650":"dnje","651":"nice","652":"tna ","653":"logi","654":"o\u010dil","655":"kraj","656":" avt","657":" opr","658":" men","659":"ona ","660":"knji","661":"avto","662":"roti","663":" gor","664":"vsem","665":"odje","666":"kupi","667":"i\u0161\u010de","668":" otr","669":"fran","670":"glav","671":"spod","672":"rski","673":"stre","674":"edal","675":"inte","676":"nija","677":"prij","678":" bra","679":"isto","680":"ilni","681":"\u010dna ","682":"oda ","683":" knj","684":"res ","685":"raj ","686":" sed","687":" teg","688":"pozn","689":"odni","690":"volj","691":"nska","692":"esni","693":"zelo","694":"jene","695":"rgan","696":"zdel","697":"den ","698":" vol","699":" nat","700":"let ","701":"emen","702":"ablj","703":" las","704":"itve","705":"erja","706":"haha","707":"vide","708":"orga","709":"rih ","710":"razv","711":"gost","712":"avne","713":"ajaj","714":"vnos","715":"ede ","716":"odaj","717":"obro","718":" amp","719":"etu ","720":" org","721":"vega","722":"asti","723":"jim ","724":"veda","725":"ujej","726":"ro\u010di","727":"otre","728":"vnik","729":"rno ","730":" te ","731":"ni\u0161k","732":"arje","733":"stil","734":"rati","735":"anj ","736":"menj","737":"imel","738":"enta","739":"misl","740":" bom","741":" int","742":"odob","743":" tri","744":"pole","745":"vna ","746":"tor ","747":"jeva","748":"preb","749":"nije","750":"meno","751":"vem ","752":"pose","753":" nem","754":" mil","755":"mini","756":"tja ","757":"pril","758":"sti\u010d","759":"ajal","760":"mari","761":"olje","762":" ena","763":"vojn","764":"tele","765":"edel","766":"oved","767":"eto ","768":"eda ","769":"odov","770":"ranc","771":"hran","772":"tve ","773":"emlj","774":" mla","775":"tven","776":"rjev","777":" bar","778":"celo","779":"ogle","780":"kult","781":" teh","782":"omet","783":"lna ","784":" zma","785":"plet","786":"veto","787":"mlad","788":"nom ","789":" dok","790":"vedn","791":"hodn","792":"form","793":"tori","794":"otov","795":"ivlj","796":"nter","797":" sko","798":"tek ","799":"pla\u010d","800":"prod","801":"asto","802":" zan","803":"\u010dlan","804":"ener","805":"jega","806":"nima","807":" izb","808":" \u0161ol","809":"ezni","810":"kcij","811":"tova","812":"asta","813":"stem","814":"bra ","815":"ital","816":"ampa","817":"konc","818":"vil ","819":"iska","820":"tano","821":" pis","822":"pod ","823":" na\u010d","824":"\u017eivl","825":"deli","826":"novo","827":"oste","828":"oro\u010d","829":"isli","830":" dej","831":"podr","832":"vori","833":"ve\u010dj","834":" var","835":"vaja","836":" \u010dla","837":"rije","838":"sno ","839":"podj","840":" usp","841":"naln","842":"nam ","843":"metn","844":"zadn","845":"rstv","846":"uspe","847":" sez","848":"vnih","849":"tal ","850":" zda","851":" sev","852":"ljev","853":"like","854":" zve","855":"elek","856":" vas","857":"obli","858":" jav","859":"ljal","860":" maj","861":"ere ","862":"vala","863":"alce","864":" ene","865":"oslo","866":"rske","867":" moj","868":"pak ","869":"djet","870":"anim","871":"njo ","872":"lnik","873":"ema ","874":"aka ","875":"prek","876":" mis","877":" nep","878":"gani","879":" rad","880":"roma","881":"opol","882":"medi","883":" ven","884":"torj","885":" dne","886":" \u017een","887":"orma","888":"ira ","889":"mate","890":"varj","891":"vrop","892":"ile ","893":"ndar","894":" kam","895":"ovne","896":"rji ","897":"atel","898":"dar ","899":"jal ","900":"\u0161ko ","901":" obj","902":" rek","903":" zag","904":" me ","905":"napr","906":"rni ","907":" bes","908":"kovi","909":"enci","910":" izr","911":" des","912":"stol","913":"prog","914":"ime ","915":"astn","916":"nstv","917":"enov","918":"sest","919":"niji","920":"roko","921":"istr","922":"okra","923":"enos","924":"aniz","925":"doda","926":"enda","927":"delu","928":"rvi ","929":"ob\u010di","930":" dod","931":" ses","932":"sist","933":"jno ","934":"odst","935":"tren","936":" i ","937":"lite","938":" uni","939":"ovno","940":"deja","941":"amer","942":"lavn","943":"odil","944":"mogo","945":"dnos","946":"\u0161ke ","947":" mu ","948":"o\u010dit","949":"onov","950":"etih","951":"\u010dina","952":"raci","953":"javi","954":"najv","955":" vre","956":" pes","957":"rast","958":"b\u010din","959":"zli\u010d","960":"repr","961":" skr","962":"doma","963":"lovn","964":"upin","965":"rov ","966":"pri\u010d","967":" dve","968":"rez ","969":"mati","970":"seve","971":"ovit","972":"odpr","973":"\u0161\u010din","974":"ledn","975":"dovi","976":" rep","977":"jans","978":" jez","979":"iva ","980":"gram","981":"majo","982":"ever","983":"tje ","984":"verj","985":"avit","986":"olik","987":"akov","988":"odro","989":"odno","990":"vodi","991":"pust","992":"izde","993":" izp","994":" ves","995":" zah","996":"i\u0161ki","997":"odlo","998":" lep","999":"nava","1000":"nanj","1001":"osla","1002":"stve","1003":" dir","1004":"jana","1005":" ure","1006":"nas ","1007":"tvar","1008":" dal","1009":"prve","1010":"nce ","1011":"ra\u010du","1012":"lada","1013":"rne ","1014":"arod","1015":"lo\u010di","1016":"\u0161\u010de ","1017":"pomo","1018":"ahah","1019":"kole","1020":"rali","1021":"a\u010dun","1022":"stoj","1023":"mpak","1024":"avna","1025":" kro","1026":"eneg","1027":"ama ","1028":"zani","1029":"ru\u017ei","1030":"lov ","1031":"ovol","1032":"o\u010di ","1033":"zdaj","1034":" obi","1035":"topi","1036":"cent","1037":"klad","1038":"ebno","1039":"lnih","1040":"ktor","1041":"alje","1042":"etja","1043":"sode","1044":"ele ","1045":"redv","1046":"di\u0161\u010d","1047":"znam","1048":"valc","1049":"ogo\u010d","1050":"bese","1051":"odne","1052":"dne ","1053":"mer ","1054":" kan","1055":" nag","1056":"o\u010de ","1057":"gosp","1058":"nej\u0161","1059":"vite","1060":" obs","1061":"olj\u0161","1062":"jetn","1063":" mo\u017e","1064":"esed","1065":"opra","1066":" kul","1067":"vina","1068":"maga","1069":"ivo ","1070":" ogl","1071":"ipra","1072":"snov","1073":"ripr","1074":"gral","1075":"dele","1076":"iona","1077":"tom ","1078":" cer","1079":"lija","1080":" nik","1081":"olog","1082":"enti","1083":" rav","1084":"ospo","1085":"haja","1086":" te\u017e","1087":" tur","1088":"j\u0161i ","1089":"olni","1090":"jani","1091":"reve","1092":"vili","1093":"rna ","1094":"splo","1095":" dog","1096":"omem","1097":" poj","1098":"tekm","1099":"ran ","1100":"rite","1101":"gre ","1102":"000 ","1103":"\u0161ka ","1104":"niti","1105":"icij","1106":" ja ","1107":"lani","1108":"staj","1109":"nil ","1110":"a\u010del","1111":"onal","1112":"rabl","1113":"tole","1114":"liki","1115":"blje","1116":"zaci","1117":"dil ","1118":"list","1119":"valn","1120":"\u010dine","1121":"ravo","1122":"elav","1123":"vam ","1124":"ing ","1125":"na\u010di","1126":" vrs","1127":"obja","1128":"film","1129":"aje ","1130":"velj","1131":"daja","1132":"kim ","1133":" ele","1134":"eva ","1135":"nci ","1136":"zvez","1137":"roda","1138":"nara","1139":"tera","1140":" mod","1141":"skla","1142":"ber ","1143":"apis","1144":"veza","1145":"kon\u010d","1146":" trg","1147":"lede","1148":"akon","1149":"\u010deva","1150":"lekt","1151":" red","1152":" met","1153":"akti","1154":"datk","1155":"tnih","1156":"obno","1157":"nici","1158":"sede","1159":" sli","1160":"isal","1161":" bit","1162":"izac","1163":" fin","1164":"gova","1165":"sedn","1166":" gov","1167":"sre\u010d","1168":"vneg","1169":"tira","1170":"malo","1171":"zako","1172":"rave","1173":"cijs","1174":" ods","1175":"sple","1176":"kdo ","1177":"kovn","1178":"etne","1179":"lci ","1180":"podo","1181":" sis","1182":"alij","1183":"dal ","1184":"orsk","1185":"razp","1186":"imaj","1187":"ster","1188":" zal","1189":"oni ","1190":" spe","1191":"razi","1192":"lici","1193":" dra","1194":"ihov","1195":" mas","1196":"cer ","1197":" rok","1198":"more","1199":"cial","1200":"ledi","1201":" bos","1202":"ade ","1203":"govi","1204":"asle","1205":"ivno","1206":" hit","1207":"lec ","1208":"bro ","1209":"dovo","1210":"ej\u0161i","1211":"rju ","1212":"stit","1213":"riti","1214":" mo\u010d","1215":" bel","1216":"itik","1217":"ktiv","1218":"njsk","1219":" izk","1220":"vede","1221":"varn","1222":" sic","1223":"remi","1224":"podp","1225":"ator","1226":" u\u010di","1227":" ita","1228":" inf","1229":"jsko","1230":"vila","1231":"rjen","1232":"oble","1233":"rogr","1234":"edil","1235":"osle","1236":"erij","1237":"roje","1238":"polo","1239":"resn","1240":"seda","1241":"letj","1242":"icer","1243":"oji ","1244":"itel","1245":"zira","1246":"rodn","1247":"ciji","1248":"jiho","1249":"tri ","1250":"ojni","1251":" jaz","1252":" sin","1253":"ista","1254":"anci","1255":"nca ","1256":" \u0161tu","1257":"arno","1258":" bla","1259":"lih ","1260":"embr","1261":"avst","1262":"dobn","1263":"adal","1264":"ita ","1265":"dnev","1266":"zapo","1267":"graf","1268":"voli","1269":"otem","1270":"sice","1271":"novn","1272":"jetj","1273":"ruge","1274":"skim","1275":"viln","1276":"nec ","1277":"\u010den ","1278":"elj ","1279":"ovem","1280":"trij","1281":" ted","1282":"edij","1283":" vam","1284":" ist","1285":"arav","1286":"oga ","1287":"orit","1288":"vati","1289":"gori","1290":"ak\u0161n","1291":"onsk","1292":"dna ","1293":"biti","1294":"selj","1295":"dolo","1296":"nico","1297":"iso ","1298":" mer","1299":"part","1300":"oral","1301":"rila","1302":"tvu ","1303":"ljaj","1304":"ijan","1305":" kos","1306":"slu\u017e","1307":" m ","1308":"dose","1309":"ore ","1310":"orni","1311":"ribo","1312":"odi ","1313":"vost","1314":"inis","1315":"fina","1316":"pra\u0161","1317":"bjav","1318":" ces","1319":" slu","1320":"edse","1321":"ovic","1322":"ojo ","1323":"raje","1324":"ultu","1325":"lasb","1326":"vilo","1327":"epre","1328":"ostn","1329":"ezon","1330":"isko","1331":"ltur","1332":"ajve","1333":"nato","1334":" izg","1335":"dlo\u010d","1336":"goto","1337":"radn","1338":"o\u017eno","1339":"\u0161tud","1340":"one ","1341":" tor","1342":"obla","1343":"tnos","1344":"asu ","1345":"i\u010dna","1346":" per","1347":"biva","1348":"lcev","1349":" ura","1350":"dost","1351":"ugi ","1352":"iku ","1353":"arst","1354":"jska","1355":"itvi","1356":"alog","1357":"razn","1358":"skov","1359":" tol","1360":"\u017enos","1361":"dje ","1362":"neje","1363":"imam","1364":"spor","1365":"um>0","1366":"tovn","1367":"e\u010din","1368":"skrb","1369":"ri\u010da","1370":"turn","1371":"meti","1372":" odd","1373":"dolg","1374":"vas ","1375":"embn","1376":"agra","1377":"akaj","1378":"jekt","1379":"sezo","1380":"njig","1381":" kdo","1382":"vpra","1383":"\u010dite","1384":"usti","1385":"etje","1386":"\u017eens","1387":"ence","1388":" po\u010d","1389":"\u010danj","1390":"orje","1391":"zago","1392":"ari ","1393":" dvo","1394":"oleg","1395":"bran","1396":" kre","1397":"taja","1398":"nare","1399":"izir","1400":"ru\u017eb","1401":"jaz ","1402":"aslo","1403":"ponu","1404":"embe","1405":"\u0161\u010da ","1406":"niso","1407":"vest","1408":"eba ","1409":"ole ","1410":"ajan","1411":"ekto","1412":"ovez","1413":" zam","1414":"eka ","1415":"\u010das ","1416":" sme","1417":" ame","1418":" jim","1419":"ril ","1420":"ovih","1421":"kome","1422":"laga","1423":"hitr","1424":"zbir","1425":"pret","1426":"ativ","1427":"omo ","1428":"sam ","1429":"vend","1430":"aliz","1431":" lev","1432":"ekat","1433":"stru","1434":"voja","1435":"men ","1436":"inja","1437":"prih","1438":" nak","1439":"jali","1440":"pet ","1441":"ujem","1442":"ure ","1443":"edi ","1444":"arti","1445":"voj ","1446":" for","1447":"\u0161ih ","1448":"m>00","1449":"\u010dneg","1450":" den","1451":"nali","1452":"ni\u010dn","1453":"merj","1454":" ras","1455":" vsi","1456":"inar","1457":"anji","1458":"dsed","1459":"o\u010den","1460":"reba","1461":"jve\u010d","1462":"cerk","1463":"jaja","1464":"rem ","1465":"godb","1466":"razu","1467":"ruga","1468":" mot","1469":" izo","1470":"elji","1471":"mbra","1472":"okov","1473":"kupa","1474":"slav","1475":"rje ","1476":"ogla","1477":"ogov","1478":" va\u0161","1479":"anti","1480":"ist ","1481":"rebi","1482":"alu ","1483":"olo\u010d","1484":"alci","1485":"poma","1486":"zmag","1487":"sebe","1488":"bli\u017e","1489":"edna","1490":"orij","1491":"aki ","1492":"j\u0161e ","1493":" ple","1494":"traj","1495":" vis","1496":"lka ","1497":"tehn","1498":"ve\u010di","1499":"ibor","1500":" sle","1501":"komu","1502":"esa ","1503":"razm","1504":"ram ","1505":"ero ","1506":"omo\u010d","1507":"est ","1508":"vice","1509":"priz","1510":"ustr","1511":"rnos","1512":"jni ","1513":"asa ","1514":"kriv","1515":"rabi","1516":"erih","1517":"popo","1518":"asel","1519":"jte ","1520":"kaci","1521":"apre","1522":"spom","1523":"odgo","1524":"vsi ","1525":"jivo","1526":"oto ","1527":"godo","1528":"rank","1529":"napa","1530":"\u017eavn","1531":"vseb","1532":"nagr","1533":"vijo","1534":" fot","1535":"arni","1536":"lijo","1537":"ven ","1538":"anj\u0161","1539":"lji ","1540":"nase","1541":" nev","1542":" vpr","1543":" nes","1544":"elen","1545":"ogo ","1546":"tavn","1547":" dva","1548":"olic","1549":"a\u010din","1550":"era ","1551":"a\u010det","1552":"ogod","1553":"naci","1554":"\u0161kih","1555":"pren","1556":"nike","1557":"kaza","1558":"ent ","1559":"odnj","1560":"oka ","1561":"eko ","1562":" obd","1563":"arib","1564":"reko","1565":"anih","1566":"zeml","1567":"tane","1568":"ogi ","1569":"asne","1570":" rev","1571":"jezi","1572":"\u010dlov","1573":"dali","1574":"inal","1575":"ride","1576":" ind","1577":"alna","1578":" ome","1579":"kaln","1580":"tra ","1581":"teka","1582":"dgov","1583":"\u010dino","1584":"krit","1585":" bor","1586":"edaj","1587":"oja ","1588":"esel","1589":"ektr","1590":" mog","1591":"nka ","1592":"tika","1593":"dom ","1594":"tro ","1595":"delj","1596":"rava","1597":"stne","1598":"dro\u010d","1599":">000","1600":"opsk","1601":"akra","1602":"azum","1603":"seh ","1604":"raln","1605":"same","1606":"zave","1607":" ban","1608":"bomo","1609":"mo\u017en","1610":"i\u0161ke","1611":"pogl","1612":"pada","1613":" \u010dlo","1614":"zaka","1615":"etek","1616":"tala","1617":" reg","1618":"bost","1619":" tam","1620":"a\u010dil","1621":" okr","1622":"prva","1623":"zen ","1624":" odg","1625":"judi","1626":"mese","1627":"levi","1628":"mili","1629":" upr","1630":"ripo","1631":"rans","1632":"alec","1633":"ode ","1634":"\u0161anj","1635":"\u017eno ","1636":" nim","1637":"estn","1638":" \u0161ko","1639":"zalo","1640":"oraj","1641":"osre","1642":"info","1643":"i\u0161\u010da","1644":"spro","1645":" akt","1646":"odar","1647":"bole","1648":"rajo","1649":"ele\u017e","1650":"pono","1651":"cion","1652":"ljo ","1653":"stno","1654":"asno","1655":"tvi ","1656":"otek","1657":"sov ","1658":"edin","1659":"edit","1660":"ojen","1661":"esar","1662":"ake ","1663":"tore","1664":"rok ","1665":" osv","1666":" voz","1667":"enem","1668":"rops","1669":"ebe ","1670":"opis","1671":"osno","1672":"bor ","1673":"vseh","1674":"u\u017ein","1675":"rova","1676":"\u0161\u010den","1677":"ance","1678":"\u0161por","1679":"anka","1680":"lesa","1681":"enju","1682":" naz","1683":"stvu","1684":"dina","1685":" nor","1686":"rjet","1687":" po\u0161","1688":" obv","1689":" rez","1690":"upra","1691":"vec ","1692":"ustv","1693":"este","1694":"upaj","1695":"rede","1696":" hot","1697":"lovi","1698":"gih ","1699":"ogij","1700":" bog","1701":"\u010dasu","1702":"rega","1703":"dvse","1704":"umet","1705":"orja","1706":"ro\u010dj","1707":"posa","1708":"vojo","1709":"rest","1710":" dov","1711":"tneg","1712":" gen","1713":" mon","1714":"leg ","1715":"oke ","1716":"abil","1717":"napi","1718":"ubli","1719":"poja","1720":"kora","1721":"nada","1722":"kak\u0161","1723":"cij ","1724":"nke ","1725":" no ","1726":" klj","1727":"cest","1728":"\u010dila","1729":"ado ","1730":"orej","1731":"barv","1732":"oru ","1733":"vet ","1734":" osn","1735":"opre","1736":"stu ","1737":" zla","1738":"ilno","1739":"\u010dil ","1740":" ume","1741":"njim","1742":"eren","1743":"li\u0161\u010d","1744":"ori ","1745":"sal ","1746":" \u00e5e ","1747":"zvaj","1748":"iver","1749":"esen","1750":"mov ","1751":"ten ","1752":" \u0161po","1753":"izva","1754":"otni","1755":" bri","1756":"brat","1757":"znik","1758":"javl","1759":"slik","1760":" vir","1761":"\u017eeli","1762":"anda","1763":"dese","1764":" ser","1765":"dova","1766":"tare","1767":"danj","1768":" top","1769":"eset","1770":"cem ","1771":"anco","1772":"rala","1773":" mno","1774":"publ","1775":"jati","1776":"jate","1777":"tnic","1778":"preh","1779":"omun","1780":"ilne","1781":"viso","1782":" gro","1783":"elu ","1784":"beni","1785":"\u017eeva","1786":"\u017eive","1787":" kas","1788":"verz","1789":"enim","1790":"lnic","1791":"adni","1792":"log ","1793":"edvs","1794":"paj ","1795":"rema","1796":"lepo","1797":"nkov","1798":"leni","1799":" ant","1800":"ezik","1801":"opil","1802":"zade","1803":"vari","1804":"prob","1805":"ezen","1806":"oman","1807":"dena","1808":" to\u010d","1809":" lok","1810":"aga ","1811":"lim ","1812":"oben","1813":"lom ","1814":"ame ","1815":"rane","1816":"gov ","1817":"ilij","1818":"izra","1819":"izda","1820":"atur","1821":"erne","1822":"tovi","1823":"reda","1824":"stih","1825":"\u010denj","1826":" ra\u010d","1827":"iti\u010d","1828":"nad ","1829":"jemo","1830":" kup","1831":"ast ","1832":"nogo","1833":"ive ","1834":" vra","1835":"entr","1836":"repo","1837":" boj","1838":"eja ","1839":"lan ","1840":"onom","1841":"po\u0161t","1842":"once","1843":"niza","1844":"enar","1845":"ogos","1846":"u\u017ebe","1847":"jah ","1848":"maci","1849":"pozi","1850":"vom ","1851":"najp","1852":"tam ","1853":"led ","1854":"bene","1855":"vidi","1856":"izvo","1857":"foto","1858":"renu","1859":" ang","1860":"isok","1861":"o\u010da ","1862":"inan","1863":"\u010dju ","1864":"vred","1865":"ola ","1866":"itro","1867":" ide","1868":"rese","1869":"mo\u010dj","1870":"azni","1871":"redo","1872":"hval","1873":"oveg","1874":"kupn","1875":"o\u0161ki","1876":"dars","1877":"nal ","1878":"rece","1879":"ovsk","1880":"\u017eele","1881":"mo\u010dn","1882":"e\u010de ","1883":"ikom","1884":"oseg","1885":"loka","1886":"obis","1887":"nera","1888":"nite","1889":" vrh","1890":" vlo","1891":" kop","1892":"avic","1893":"umen","1894":"rano","1895":"rej\u0161","1896":"juje","1897":"osam","1898":"nijo","1899":"oril","1900":"buje","1901":"ve\u010de","1902":" mo\u0161","1903":"dila","1904":"delk","1905":" seb","1906":"dite","1907":"\u010din ","1908":"okal","1909":"lasi","1910":" izj","1911":"avij","1912":"neko","1913":"ura ","1914":" val","1915":" sob","1916":"bnos","1917":" ni\u010d","1918":"\u017eiva","1919":"toli","1920":"som ","1921":"dbe ","1922":"rate","1923":"\u0161no ","1924":"o\u010dni","1925":"soci","1926":"arov","1927":"a\u010de ","1928":" ned","1929":"\u0161keg","1930":"dov ","1931":"ramo","1932":"azvo","1933":"bisk","1934":"taln","1935":" sim","1936":"na\u0161a","1937":"ni\u010d ","1938":"ebuj","1939":"robl","1940":"ra\u0161a","1941":"abo ","1942":"jstv","1943":"stov","1944":"ivan","1945":"ara ","1946":" sti","1947":"poka","1948":"ovil","1949":"muni","1950":"jane","1951":"osvo","1952":"zni ","1953":" odv","1954":" bli","1955":"rgov","1956":" nal","1957":"ovek","1958":"dogo","1959":"tka ","1960":"sebi","1961":"slab","1962":"luje","1963":" dec","1964":"repu","1965":"ovar","1966":" hra","1967":"ali\u0161","1968":"zame","1969":"nfor","1970":"lju ","1971":"rebn","1972":"dent","1973":" the","1974":" rec","1975":"etal","1976":"rado","1977":"eluj","1978":"dstv","1979":"vale","1980":"ojno","1981":"ito ","1982":"komp","1983":"otra","1984":"ton ","1985":"vi\u010d ","1986":"izve","1987":"trgo","1988":"jan ","1989":"arne","1990":"o\u017een","1991":"isan","1992":" vem","1993":"niku","1994":"tjo ","1995":"pira","1996":" zem","1997":"lica","1998":"prvo","1999":"veti","2000":"\u010dini","2001":"\u0161\u010dit","2002":"proj","2003":"zase","2004":"lavi","2005":"arji","2006":"stat","2007":"tema","2008":" soc","2009":"pelj","2010":"enut","2011":"okaz","2012":"poso","2013":"o\u010dno","2014":"snej","2015":"eved","2016":"sak ","2017":"ri\u0161k","2018":"enak","2019":"lati","2020":"apos","2021":" ugo","2022":"rana","2023":"iter","2024":"bne ","2025":"eles","2026":"re\u017ei","2027":"aste","2028":"tanj","2029":"narj","2030":" smr","2031":"dirk","2032":"test","2033":"regi","2034":"jne ","2035":"kor ","2036":"a\u0161a ","2037":"riva","2038":"zhod","2039":"plan","2040":"gije","2041":" obe","2042":"elit","2043":"vica","2044":"prik","2045":"oper","2046":" oku","2047":"estr","2048":"asi ","2049":"lo\u010de","2050":"turi","2051":"dnih","2052":"gene","2053":"tkov","2054":"kono","2055":"evo ","2056":"arij","2057":"rete","2058":"erat","2059":"redl","2060":"urad","2061":"anto","2062":"vnem","2063":"rmac","2064":"prof","2065":"slan","2066":"napo","2067":"remo","2068":"krep","2069":"jimi","2070":"mber","2071":"letu","2072":"esec","2073":"kolj","2074":"rsko","2075":"gove","2076":"odda","2077":"mski","2078":" son","2079":"kost","2080":"edov","2081":"zvoj","2082":"eme ","2083":"ared","2084":"ota ","2085":"lski","2086":" nog","2087":"irom","2088":"logo","2089":"edic","2090":" re\u0161","2091":"viru","2092":"\u010dek ","2093":"nive","2094":"asbe","2095":" kap","2096":"oge ","2097":"tero","2098":"kral","2099":"krog","2100":" nos","2101":"omin","2102":" vs ","2103":"rafi","2104":"\u010dje ","2105":"metr","2106":"bna ","2107":"ncij","2108":"olno","2109":"kimi","2110":"sodi","2111":"spe\u0161","2112":"rka ","2113":"rica","2114":" vi\u0161","2115":"odpo","2116":"ralj","2117":"blem","2118":" d ","2119":"van ","2120":"obve","2121":"ben ","2122":"nepr","2123":"ojek","2124":"topn","2125":"vodn","2126":"posk","2127":"domo","2128":"on\u010dn","2129":"osve","2130":"lago","2131":" spa","2132":"teva","2133":"prin","2134":"ro\u010da","2135":"mel ","2136":" jun","2137":"teh ","2138":"tati","2139":"oris","2140":" jug","2141":"ialn","2142":"azis","2143":"zmer","2144":"nji\u017e","2145":"anko","2146":"lneg","2147":"najs","2148":"anke","2149":" kit","2150":"obe ","2151":"u\u010den","2152":"zisk","2153":" vrt","2154":"rva ","2155":"zem ","2156":"enom","2157":"venc","2158":"takr","2159":"omag","2160":"lade","2161":"min ","2162":"o\u0161ko","2163":"dili","2164":" rom","2165":"sih ","2166":"per ","2167":"dajo","2168":"mam ","2169":" nah","2170":"rska","2171":"mena","2172":" san","2173":"onud","2174":"aro\u010d","2175":" p ","2176":"preg","2177":"pomi","2178":"ikol","2179":"i\u0161\u010du","2180":"otok","2181":"\u010duna","2182":"agal","2183":"vah ","2184":"ozir","2185":"viti","2186":"jasn","2187":"vnic","2188":"omov","2189":"dva ","2190":" klu","2191":"vija","2192":" o\u010di","2193":"zbor","2194":" \u010det","2195":"le\u017ei","2196":"alsk","2197":"anst","2198":"ahte","2199":"rti ","2200":" not","2201":" tu ","2202":"tke ","2203":" ber","2204":"ocen","2205":"\u0161kod","2206":"poto","2207":"nevn","2208":"ljsk","2209":"obst","2210":"ente","2211":"\u0161el ","2212":" odk","2213":"avan","2214":"na\u0161e","2215":" pad","2216":" vpl","2217":"meta","2218":"lice","2219":" ozi","2220":" pas","2221":" \u0161ti","2222":"univ","2223":"hote","2224":"ecem","2225":" and","2226":"ote ","2227":"zaht","2228":"klub","2229":"pil ","2230":"ezan","2231":"lo\u0161k","2232":"pera","2233":"\u010dist","2234":" mir","2235":"nerg","2236":"udij","2237":"zda ","2238":"e\u010dji","2239":" e ","2240":"revi","2241":" ji ","2242":"lik ","2243":"rilo","2244":"kal ","2245":"htev","2246":"nila","2247":"agot","2248":"jutr","2249":"tak ","2250":"rjem","2251":"odli","2252":"zna\u010d","2253":"nah ","2254":"dija","2255":"topa","2256":"odpi","2257":"graj","2258":" rea","2259":"most","2260":" \u017eup","2261":"plo\u0161","2262":"tnem","2263":" vkl","2264":"li\u010di","2265":"line","2266":"talo","2267":"dlag","2268":"uge ","2269":"hrva","2270":"dece","2271":"dijo","2272":"enot","2273":"tret","2274":"met ","2275":" dop","2276":" sek","2277":"tisk","2278":"o\u010dju","2279":"rebe","2280":"ikac","2281":"kasn","2282":"zgra","2283":"\u017eivi","2284":"notr","2285":"anal","2286":"\u010ditn","2287":"dnja","2288":"ivni","2289":"j\u0161ih","2290":"azal","2291":" lis","2292":"etij","2293":"bral","2294":"\u0161tvo","2295":"gel ","2296":"priv","2297":"ivi ","2298":"polj","2299":"mode","2300":"pore","2301":"ocia","2302":" ope","2303":"melj","2304":"u\u010din","2305":" les","2306":"rah ","2307":"praz","2308":"jamo","2309":"tari","2310":" edi","2311":"ejen","2312":"omis","2313":"\u010duje","2314":"vetu","2315":"oma\u010d","2316":"oren","2317":"skor","2318":" fak","2319":"prom","2320":"jam ","2321":"dve ","2322":"ojem","2323":" kla","2324":"irat","2325":"til ","2326":"top ","2327":"otel","2328":" kad","2329":"dana","2330":"pri\u0161","2331":"omog","2332":"trdi","2333":"a\u0161\u010di","2334":"arej","2335":"eter","2336":"erit","2337":"j\u0161a ","2338":" dav","2339":" plo","2340":"rili","2341":"dici","2342":"odu ","2343":"eru ","2344":" blo","2345":"ober","2346":"ajen","2347":" kme","2348":"poko","2349":"vklj","2350":"lete","2351":"ziro","2352":"loh ","2353":"kanj","2354":"tju ","2355":"demo","2356":"smer","2357":" en ","2358":"\u010dnik","2359":"enil","2360":"rijo","2361":"apri","2362":"bni ","2363":"ebiv","2364":"sni ","2365":"najd","2366":"okto","2367":"smrt","2368":"nami","2369":"enik","2370":"revo","2371":"vorn","2372":"the ","2373":"izku","2374":"bira","2375":"atki","2376":"tro\u0161","2377":"tura","2378":"nili","2379":"sega","2380":"zume","2381":"ostj","2382":" izm","2383":"cemb","2384":" hrv","2385":" zra","2386":"agov","2387":"tiri","2388":"agi ","2389":"izpo","2390":"u\u017een","2391":"litv","2392":"ezna","2393":" ukr","2394":"ojil","2395":"reno","2396":"menu","2397":"\u017eeni","2398":"java","2399":"mern","2400":"\u010dnim","2401":"ejel","2402":"oko ","2403":"\u010deni","2404":"jala","2405":" \u0161ir","2406":"eve ","2407":" zbi","2408":"ion ","2409":"evni","2410":"upan","2411":" pob","2412":"erem","2413":"der ","2414":"ekmo","2415":"bom ","2416":"lnos","2417":"mobi","2418":"olin","2419":"ri\u010dn","2420":"rek ","2421":"zdru","2422":"ozi ","2423":"odbo","2424":"ploh","2425":"an\u010dn","2426":"apra","2427":"cira","2428":"vim ","2429":"nek ","2430":"bile","2431":"ejan","2432":" nit","2433":"tovo","2434":"ovlj","2435":"lina","2436":"mark","2437":"elot","2438":"erni","2439":"vek ","2440":" ale","2441":"vizi","2442":"dbo ","2443":"oizv","2444":"ergi","2445":"rika","2446":"lega","2447":"\u017eava","2448":"zred","2449":" \u010drn","2450":" cha","2451":"pliv","2452":"itet","2453":"and ","2454":"nar ","2455":"olo\u0161","2456":"edan","2457":"tel ","2458":" alb","2459":"inov","2460":"obni","2461":"to\u010dk","2462":" h ","2463":"epub","2464":"nalo","2465":"ro\u010dn","2466":"izob","2467":" ko\u0161","2468":"ncev","2469":"i\u010den","2470":"man ","2471":"okro","2472":"ijav","2473":"noma","2474":"mamo","2475":"mske","2476":"zapi","2477":"asil","2478":"vrat","2479":" ogr","2480":" oto","2481":"vpli","2482":"ojne","2483":"iraj","2484":"ase ","2485":"on\u010da","2486":"etna","2487":"len ","2488":"astr","2489":"\u010dja ","2490":"\u010dink","2491":"avad","2492":"n\u010dno","2493":"\u010dasn","2494":"ljic","2495":"lini","2496":"ej\u0161e","2497":" nob","2498":"rad ","2499":"rato","2500":"lem ","2501":"dari","2502":"zbra","2503":"stjo","2504":"vozi","2505":"mina","2506":" mej","2507":"ntra","2508":"seli","2509":" ana","2510":"povr","2511":"klic","2512":"etro","2513":"nako","2514":"nic ","2515":" opo","2516":"\u017eave","2517":"emij","2518":"braz","2519":"anij","2520":"azen","2521":" har","2522":"vino","2523":"cena","2524":"ncu ","2525":"mlje","2526":"vtor","2527":" sej","2528":"vese","2529":"amez","2530":"tojn","2531":"nede","2532":"\u010dilo","2533":"meli","2534":"rene","2535":"\u010dasa","2536":"zno ","2537":"sten","2538":"zaho","2539":"olo ","2540":"oles","2541":"a\u0161e ","2542":"mnog","2543":"aju ","2544":"roiz","2545":"izem","2546":"ijat","2547":"tale","2548":"ra\u017ee","2549":"rve ","2550":"izme","2551":"prit","2552":"vene","2553":" lig","2554":"ames","2555":"kje ","2556":" x ","2557":"roke","2558":"ejem","2559":"ide ","2560":"ljat","2561":"inko","2562":" bal","2563":"teme","2564":"rebu","2565":"vstr","2566":"pete","2567":" dis","2568":"rca ","2569":"angl","2570":" omo","2571":" dni","2572":"reze","2573":"zapr","2574":"mo\u010d ","2575":"rom ","2576":"izij","2577":"vor ","2578":"tar ","2579":" odr","2580":"vetl","2581":"uro ","2582":"rabn","2583":"lske","2584":" kli","2585":" tuj","2586":"ajno","2587":"pis ","2588":" rod","2589":"ehni","2590":" kaz","2591":"\u010daka","2592":"va\u0161k","2593":"mezn","2594":" zgr","2595":"rido","2596":"ojav","2597":" gol","2598":"panj","2599":" avs","2600":"tki ","2601":"temu","2602":" bis","2603":"azvi","2604":"emi ","2605":"dnar","2606":"cah ","2607":"ahod","2608":"\u0161tir","2609":"zved","2610":"itni","2611":"ojih","2612":"ured","2613":"trov","2614":"eral","2615":"erno","2616":"ovat","2617":"vine","2618":"aril","2619":"povz","2620":" hi\u0161","2621":" tok","2622":"ugih","2623":" \u010dis","2624":"proi","2625":"ebni","2626":"o\u0161ke","2627":"\u0161kem","2628":" sol","2629":"\u0161nje","2630":"koro","2631":"inst","2632":"alen","2633":"nemu","2634":"ju\u010dn","2635":"retj","2636":"jako","2637":"te\u017ea","2638":"rome","2639":"vrni","2640":" kva","2641":"\u010dasi","2642":" zbo","2643":"pol ","2644":"emat","2645":"epra","2646":"imsk","2647":"na\u0161i","2648":"ntar","2649":"nem\u0161","2650":"mova","2651":"akci","2652":"kari","2653":" glo","2654":"nobe","2655":"glob","2656":"ideo","2657":"idel","2658":"epri","2659":"re\u0161i","2660":"nda ","2661":"ento","2662":" tes","2663":"minu","2664":"mlja","2665":"adu ","2666":"poti","2667":"nata","2668":"lezn","2669":"pre\u010d","2670":"nta ","2671":"ratu","2672":"vzho","2673":"olgo","2674":"rugo","2675":"nekd","2676":" dar","2677":"roka","2678":"dobe","2679":"olim","2680":"otno","2681":"emel","2682":"kali","2683":"javo","2684":"adov","2685":"ren ","2686":" lov","2687":"are ","2688":"unij","2689":"rgij","2690":"ortn","2691":"ajsk","2692":"lado","2693":"nosi","2694":"ler ","2695":"odvi","2696":"rven","2697":"rda ","2698":" dek","2699":" jul","2700":"rvo ","2701":" rus","2702":"anos","2703":" za\u0161","2704":" tvo","2705":"\u010dem ","2706":"evi ","2707":"kmet","2708":"kana","2709":"vode","2710":"dba ","2711":"rizn","2712":"erna","2713":"komi","2714":"akor","2715":" obm","2716":"nepo","2717":"lane","2718":"uri ","2719":"\u010detk","2720":"rata","2721":"park","2722":"la\u010dn","2723":"lena","2724":"kvar","2725":"estu","2726":" \u017eal","2727":"rsti","2728":" daj","2729":"loga","2730":"arko","2731":"bnik","2732":"elil","2733":" sep","2734":"naza","2735":"andi","2736":"leme","2737":"para","2738":"stik","2739":" jas","2740":"zgub","2741":"za\u0161\u010d","2742":"zobr","2743":" mam","2744":"emem","2745":"ro\u0161k","2746":"gran","2747":"a\u0161an","2748":"skal","2749":"i\u0161ko","2750":"spos","2751":"ajte","2752":"nano","2753":"lost","2754":" eks","2755":"izna","2756":"ige ","2757":"neva","2758":"kori","2759":"olo\u017e","2760":"rona","2761":"mela","2762":"tik ","2763":" oce","2764":"sben","2765":"jema","2766":"andr","2767":"riho","2768":"rira","2769":"erim","2770":"go\u010de","2771":"uden","2772":"amos","2773":"ihod","2774":"olsk","2775":"atko","2776":"obmo","2777":"kita","2778":" tro","2779":" de\u017e","2780":"nko ","2781":"asov","2782":" trd","2783":" oli","2784":" opa","2785":"alis","2786":"zlat","2787":" de ","2788":"rjal","2789":"tiko","2790":" apr","2791":"riji","2792":"lil ","2793":"irka","2794":" mag","2795":"de\u017ee","2796":"enst","2797":"\u017eje ","2798":"\u017ebe ","2799":"tron","2800":"mene","2801":"\u0161\u010du ","2802":"juli","2803":"ovna","2804":"\u0161eva","2805":"i\u0161tv","2806":"vlog","2807":"olov","2808":"njev","2809":"lu\u017eb","2810":" dem","2811":"rnik","2812":"ivos","2813":"vern","2814":"tani","2815":"truk","2816":"iden","2817":"isem","2818":"e\u010di ","2819":"ugo ","2820":"re\u010de","2821":"tern","2822":" vst","2823":"nasp","2824":"njak","2825":" fun","2826":"afij","2827":"rta ","2828":"bmo\u010d","2829":"moto","2830":" ben","2831":" vrn","2832":" lit","2833":"obre","2834":"odal","2835":"itan","2836":"gaja","2837":"tite","2838":" n ","2839":"medn","2840":"rec ","2841":"orno","2842":"maln","2843":"lnem","2844":"rimi","2845":"mira","2846":"robn","2847":"ivne","2848":"tike","2849":"nati","2850":"rjav","2851":"spet","2852":"ajst","2853":" jut","2854":"vzro","2855":"\u0161\u010dan","2856":"tekl","2857":"dijs","2858":"raja","2859":"\u010dene","2860":"nkra","2861":"ulta","2862":" ude","2863":"ugim","2864":"ard ","2865":"jave","2866":"dala","2867":" isk","2868":" sil","2869":"zna ","2870":"vski","2871":"tion","2872":"izbr","2873":"jugo","2874":"enjs","2875":" zab","2876":"ebne","2877":" hva","2878":"posr","2879":"la\u010di","2880":"icah","2881":"kont","2882":"upni","2883":" car","2884":"varo","2885":"dol\u017e","2886":" vin","2887":"sne ","2888":"obje","2889":"jna ","2890":"\u010dih ","2891":"apad","2892":"idob","2893":"ka\u017ee","2894":"vira","2895":" oba","2896":"ogom","2897":"asni","2898":"ekip","2899":" sov","2900":"rko ","2901":"nira","2902":"\u0161kof","2903":"vajo","2904":"boln","2905":"epte","2906":"indi","2907":"rote","2908":"dobj","2909":"vobo","2910":"ture","2911":"skri","2912":"enkr","2913":" ko\u017e","2914":" tip","2915":"abni","2916":"rijs","2917":"tral","2918":"urni","2919":" dr ","2920":" rab","2921":"\u017eenj","2922":" pal","2923":"rita","2924":"rina","2925":"erkv","2926":"nise","2927":"lin ","2928":" neu","2929":"amet","2930":" rim","2931":" stv","2932":"ri\u0161\u010d","2933":"dli\u010d","2934":"re\u010da","2935":"blag","2936":"ersk","2937":" eki","2938":" neo","2939":"ljam","2940":"tude","2941":"etrt","2942":" eko","2943":" \u010dak","2944":"nti ","2945":" poh","2946":"vodo","2947":"\u010detr","2948":"udel","2949":"tank","2950":"iri ","2951":"rekl","2952":"raji","2953":"rekt","2954":"aran","2955":"godi","2956":"arna","2957":"ljav","2958":"kolo","2959":"lej ","2960":"a\u0161ki","2961":"eza ","2962":"taci","2963":"razs","2964":"aric","2965":"janu","2966":"vstv","2967":"tej ","2968":"adno","2969":" rob","2970":"liva","2971":"ravs","2972":"osil","2973":"udje","2974":"mno ","2975":"oncu","2976":"udar","2977":"mo\u0161k","2978":" zaj","2979":"izgu","2980":"daje","2981":"juni","2982":"esno","2983":" nez","2984":" hah","2985":"aji ","2986":"ateg","2987":" neg","2988":"ort ","2989":"ivel","2990":"adev","2991":"ajde","2992":"lca ","2993":"ardi","2994":"eri\u0161","2995":"dru\u0161","2996":"prez","2997":"isi ","2998":"topl","2999":"em\u0161k","3000":"temb","3001":"opa ","3002":"e\u017eav","3003":"edo ","3004":"prec","3005":"pe\u0161n","3006":"ngle","3007":"dsto","3008":"skle","3009":"kone","3010":"kovo","3011":"eljs","3012":"aspr","3013":"bnih","3014":"sept","3015":" \u010dez","3016":"taro","3017":"ispe","3018":"skoz","3019":"odkr","3020":"slim","3021":"doka","3022":"ajo\u010d","3023":"olju","3024":"reva","3025":"rada","3026":"roni","3027":"vje ","3028":"risp","3029":"tila","3030":"sna ","3031":"obal","3032":"a\u017ee ","3033":"zasl","3034":"lce ","3035":"a\u0161ke","3036":" on ","3037":"\u010dka ","3038":"judj","3039":"drag","3040":"edi\u0161","3041":"bite","3042":"reml","3043":"onu ","3044":"vezn","3045":"razd","3046":"egij","3047":" tru","3048":"valo","3049":"kah ","3050":"rtni","3051":"boga","3052":"trel","3053":"anil","3054":"\u010dili","3055":"vi\u0161j","3056":" jes","3057":" o\u010de","3058":" dre","3059":"gust","3060":"diti","3061":"ibli","3062":"kdaj","3063":"zast","3064":"veno","3065":"kuje","3066":"alit","3067":"tim ","3068":"strs","3069":"azme","3070":" \u010dep","3071":"o\u010dne","3072":" jed","3073":"oran","3074":"tiva","3075":"ovim","3076":"pokr","3077":" opi","3078":"pone","3079":"les ","3080":"kril","3081":"zava","3082":"epo ","3083":"ru\u0161t","3084":"veh ","3085":"rabo","3086":"\u010dnos","3087":"demi","3088":"ptem","3089":"ratn","3090":"ve\u010da","3091":"oric","3092":"arka","3093":"kozi","3094":"mi\u010dn","3095":"stim","3096":"rama","3097":"rial","3098":"atik","3099":"edu ","3100":"e\u010der","3101":"imiv","3102":" pan","3103":"nanc","3104":"vsaj","3105":"toma","3106":"oba ","3107":" no\u010d","3108":" okt","3109":"prib","3110":"maja","3111":"gija","3112":"e\u017een","3113":"la\u010da","3114":"bist","3115":"dipl","3116":" zlo","3117":"zakl","3118":" sen","3119":"obdo","3120":"veri","3121":"ove\u010d","3122":"\u010dal ","3123":"aklj","3124":"nutn","3125":"rezu","3126":" ins","3127":"poza","3128":"ijon","3129":"uga\u010d","3130":"e\u010dan","3131":" nan","3132":"ojim","3133":"re\u010d ","3134":"vora","3135":"ktur","3136":"date","3137":" upa","3138":"\u010dez ","3139":"mali","3140":"aved","3141":"rovi","3142":"rnil","3143":"posv","3144":"dkri","3145":"nazi","3146":"abi ","3147":"tski","3148":"fere","3149":"i\u010dar","3150":"lotn","3151":"a\u0161i ","3152":"nte ","3153":"vita","3154":"egor","3155":"tku ","3156":"podl","3157":"dveh","3158":"blas","3159":"avar","3160":"anu ","3161":"anta","3162":"trin","3163":"\u010del ","3164":" pap","3165":"liza","3166":" kal","3167":"bsta","3168":"skan","3169":"i\u0161ka","3170":"zele","3171":"ko\u0161a","3172":"irje","3173":"eria","3174":"ganj","3175":"ebi ","3176":"bdob","3177":"rva\u0161","3178":"e\u010den","3179":"nolo","3180":"sel ","3181":"o\u0161ar","3182":"rnih","3183":"kata","3184":"rant","3185":"nkci","3186":"anic","3187":"\u0161tva","3188":"jalc","3189":"\u010dke ","3190":" tab","3191":"vabi","3192":"rakt","3193":"renc","3194":"spev","3195":" gal","3196":"\u010dji ","3197":"meto","3198":"\u010dast","3199":"dprt","3200":"lj\u0161i","3201":"kam ","3202":"tuje","3203":"jub ","3204":" pou","3205":"aha ","3206":"pot ","3207":"ozil","3208":"ja\u0161k","3209":"osne","3210":"obod","3211":"kopa","3212":"plom","3213":"ni\u0161t","3214":"ugot","3215":"kons","3216":" ozn","3217":"nuje","3218":"rajn","3219":" sel","3220":"obit","3221":" ede","3222":"\u017eil ","3223":"stin","3224":" jam","3225":"ojeg","3226":"obot","3227":"ncos","3228":"idej","3229":"rtne","3230":"sobo","3231":" km ","3232":"nton","3233":"rjan","3234":"dpor","3235":"a\u010drt","3236":"cosk","3237":"iplo","3238":"rimo","3239":"spel","3240":"atov","3241":"rim ","3242":"ovi\u0107","3243":" mak","3244":"lenj","3245":"otor","3246":"ezul","3247":"ago ","3248":"tina","3249":"gome","3250":"edlo","3251":"anua","3252":"e\u017ei ","3253":"navi","3254":"zult","3255":"ejav","3256":"iga ","3257":" b ","3258":"ahaj","3259":"jemn","3260":"lava","3261":" roj","3262":"uarj","3263":" mne","3264":" vab","3265":"esmi","3266":"tili","3267":"podn","3268":"prei","3269":"ulij","3270":" mad","3271":"oli\u010d","3272":"dire","3273":"ntov","3274":"slo ","3275":"rodu","3276":"ltat","3277":"vlji","3278":"\u010deno","3279":"sako","3280":" poi","3281":"itno","3282":"nenj","3283":"unal","3284":"boru","3285":"orda","3286":"evno","3287":"ust ","3288":"etos","3289":"funk","3290":"\u010djo ","3291":"drob","3292":"ladn","3293":"obne","3294":"son ","3295":"nuar","3296":" meh","3297":"erac","3298":"oten","3299":"opal","3300":"brav","3301":"etju","3302":" log","3303":"kmov","3304":"ajin","3305":" kis","3306":"na\u010dr","3307":"ratk","3308":"dilo","3309":"\u010depr","3310":"jevi","3311":"ekti","3312":" umr","3313":"utno","3314":"ddaj","3315":"obi\u010d","3316":"oces","3317":" sup","3318":"ekla","3319":"ktob","3320":"oraz","3321":"adin","3322":"e\u010dje","3323":"note","3324":"moje","3325":"u\u0161tv","3326":"\u010diln","3327":"bra\u017e","3328":" dip","3329":"dati","3330":"opi ","3331":"orod","3332":"\u0161nji","3333":"lato","3334":"vins","3335":" oz ","3336":"mlji","3337":"zgle","3338":"voda","3339":"vani","3340":"svob","3341":"izbo","3342":"zman","3343":"nani","3344":"vtom","3345":"meru","3346":"datn","3347":"darj","3348":"abe ","3349":"dvis","3350":"odi\u0161","3351":"zro\u010d","3352":"\u017enic","3353":"gosl","3354":"mnen","3355":"unkc","3356":"go\u010da","3357":"prak","3358":"upno","3359":" ohr","3360":" lik","3361":"dpis","3362":" duh","3363":"ovel","3364":"odla","3365":"gal ","3366":"rine","3367":"ereg","3368":"temp","3369":"lnim","3370":"i\u0161\u010di","3371":"n\u010dni","3372":"ktro","3373":"zpos","3374":"ati\u010d","3375":"rki ","3376":"troj","3377":"hovn","3378":"veta","3379":"ilu ","3380":"ebin","3381":"izre","3382":"tak\u0161","3383":"\u010dajo","3384":"deni","3385":"enic","3386":"rste","3387":"gore","3388":"gati","3389":"snik","3390":"a\u010dno","3391":"lo\u017ei","3392":"opus","3393":"jel ","3394":"prir","3395":"seri","3396":" tal","3397":"edat","3398":"azij","3399":"kala","3400":"atni","3401":"vilk","3402":"sli ","3403":"pina","3404":"omni","3405":"pesm","3406":" odb","3407":"ojsk","3408":"\u010diti","3409":"pade","3410":"sodo","3411":"ilom","3412":" nac","3413":"enu ","3414":"rde\u010d","3415":"ohra","3416":"ajni","3417":"cene","3418":"izje","3419":"erzi","3420":"zije","3421":"azlo","3422":"rade","3423":"snic","3424":"eber","3425":" lin","3426":" geo","3427":"znal","3428":"rodi","3429":"imat","3430":"\u017eni ","3431":"ezav","3432":" lan","3433":"moti","3434":"sami","3435":"zavo","3436":"enit","3437":"rofe","3438":"a\u010dne","3439":"zjem","3440":"ijah","3441":"akul","3442":"j\u0161nj","3443":"limp","3444":"odit","3445":"ju\u010de","3446":"anjo","3447":"dih ","3448":"ijev","3449":"onik","3450":"oskr","3451":"laci","3452":"zado","3453":"nizi","3454":"uga ","3455":" pat","3456":"impi","3457":"ovos","3458":"tomo","3459":"o\u010das","3460":"ana\u0161","3461":"ilje","3462":"rij ","3463":"zuna","3464":"li\u017en","3465":"lke ","3466":"arin","3467":"morj","3468":"irek","3469":" pak","3470":"ualn","3471":"eten","3472":"u\u010dit","3473":" teo","3474":"ekli","3475":"la\u010de","3476":" al ","3477":"vojs","3478":"avod","3479":"izma","3480":"sedi","3481":"ovra","3482":"ogaj","3483":"ozor","3484":"vemb","3485":"\u0161en ","3486":"usa ","3487":"albu","3488":"zma ","3489":"nejo","3490":"trst","3491":"sen ","3492":"iju ","3493":"ru\u017ee","3494":"klep","3495":"ezer","3496":"nese","3497":"vele","3498":"\u010daso","3499":"zlik","3500":"beri","3501":"zoni","3502":"regl","3503":"nine","3504":"rmal","3505":"ain ","3506":"apor","3507":"ritv","3508":"posn","3509":"azil","3510":"ralc","3511":" rde","3512":" rib","3513":"ukre","3514":"naha","3515":"ropa","3516":"razg","3517":"\u017eene","3518":"i\u017eni","3519":"opaz","3520":"tlin","3521":"gozd","3522":" zun","3523":"gijo","3524":" le\u017e","3525":"nans","3526":"tko ","3527":"avgu","3528":"lavo","3529":"ob\u010du","3530":"kart","3531":" \u0161el","3532":"\u0161ega","3533":"real","3534":"jami","3535":"tedn","3536":"stna","3537":"pokl","3538":"ntan","3539":"alka","3540":"titu","3541":"dneg","3542":"i\u010dev","3543":" deb","3544":"ajpr","3545":"spra","3546":" arh","3547":" pi\u0161","3548":" tej","3549":"asih","3550":" t ","3551":"olja","3552":"olez","3553":"amre","3554":" raj","3555":"\u0161la ","3556":"njav","3557":" leg","3558":"namr","3559":" avg","3560":"vka ","3561":"hodi","3562":"kran","3563":"arie","3564":"uper","3565":"iali","3566":"isat","3567":"odbe","3568":"visn","3569":"a\u017eev","3570":"irus","3571":"bori","3572":"nki ","3573":"rebr","3574":"i\u010dan","3575":"zija","3576":"porn","3577":"lbum","3578":"vi\u0107 ","3579":"mre\u010d","3580":"jame","3581":"vrem","3582":"\u010dki ","3583":"egle","3584":"mpij","3585":"tarj","3586":"proc","3587":"orov","3588":"rena","3589":"anit","3590":"njal","3591":" pr ","3592":"elim","3593":"mera","3594":" sne","3595":"dja ","3596":"onta","3597":" enk","3598":"inut","3599":"tni\u0161","3600":"pi\u0161e","3601":"alov","3602":" mol","3603":"marc","3604":"ribl","3605":" kda","3606":"desn","3607":"vr\u0161i","3608":"o\u017eil","3609":"zmed","3610":"ogoj","3611":"sanj","3612":"aven","3613":"te\u017ek","3614":"teti","3615":"rukt","3616":"osob","3617":"i\u010dak","3618":"reni","3619":"alo\u017e","3620":"tnim","3621":"vci ","3622":" hud","3623":"ilm ","3624":"lo\u017en","3625":"majh","3626":"rico","3627":"obi ","3628":"mors","3629":"eki ","3630":"hod ","3631":" goz","3632":"edla","3633":"\u010dnem","3634":"ede\u017e","3635":"orji","3636":"oki ","3637":"misi","3638":"nudb","3639":"iru ","3640":"erke","3641":"steg","3642":"ner ","3643":" tod","3644":"glej","3645":"ostr","3646":"ljni","3647":"vzel","3648":"oro ","3649":"ntin","3650":"eke ","3651":"etsk","3652":"ceni","3653":"lj\u0161a","3654":"elju","3655":"omsk","3656":" cil","3657":"ikal","3658":"lj\u0161e","3659":"ofes","3660":" pam","3661":"aba ","3662":"dnjo","3663":" bio","3664":"spoz","3665":"ljuj","3666":"povs","3667":"ori\u0161","3668":"vgus","3669":"kamn","3670":"ozem","3671":" vit","3672":"oja\u0161","3673":"kami","3674":" hai","3675":"lstv","3676":"roce","3677":"mper","3678":"eji ","3679":"rdin","3680":"ecej","3681":"ri\u010de","3682":" feb","3683":"ange","3684":" la\u017e","3685":"ovr\u0161","3686":"rvi\u010d","3687":"enin","3688":"orat","3689":"u\u017eil","3690":"dnem","3691":"onec","3692":"celj","3693":"vini","3694":"vezd","3695":"bora","3696":" hla","3697":"oku ","3698":"elan","3699":" fan","3700":"epos","3701":" oro","3702":"isij","3703":"ilna","3704":"orta","3705":" okv","3706":"amin","3707":"uhov","3708":"tanc","3709":"vete","3710":"giba","3711":"eko\u010d","3712":"ji\u017en","3713":"toda","3714":"evar","3715":"revz","3716":"leks","3717":"odra","3718":"anjk","3719":"togr","3720":"time","3721":" jaj","3722":"reli","3723":"rnic","3724":"brit","3725":"hovi","3726":"mbne","3727":"astl","3728":"tok ","3729":"loge","3730":"oron","3731":"boj ","3732":"otne","3733":"ubil","3734":"okoj","3735":"pame","3736":"ujet","3737":"tan ","3738":"re\u010di","3739":"fizi","3740":"jeve","3741":"unaj","3742":"u\u010dil","3743":"timi","3744":" \u010dud","3745":"duje","3746":"ekon","3747":"beli","3748":" uve","3749":"e\u010da ","3750":"biln","3751":"celi","3752":"epro","3753":"arca","3754":"ogat","3755":"rier","3756":"pomn","3757":"norm","3758":"e\u017eel","3759":"ju\u017en","3760":"dira","3761":" pus","3762":" \u010des","3763":"tri\u010d","3764":"bank","3765":"eraj","3766":"i\u0161e ","3767":" obo","3768":"trez","3769":"arec","3770":"adil","3771":"ikih","3772":"dam ","3773":"rosi","3774":"rog ","3775":"cilj","3776":" odn","3777":"\u0161li ","3778":"osku","3779":"zku\u0161","3780":"nave","3781":"supe","3782":"inom","3783":"tos ","3784":"vito","3785":"jpre","3786":"raze","3787":"apov","3788":" psi","3789":"treh","3790":"ljem","3791":" sal","3792":"ajev","3793":"umrl","3794":"mi\u0161l","3795":"nadz","3796":"cert","3797":"ulte","3798":"kro\u017e","3799":"elal","3800":"febr","3801":"inam","3802":"alca","3803":"arhi","3804":" eu ","3805":"jak ","3806":"vic ","3807":"hodu","3808":"epov","3809":"tske","3810":"vel ","3811":"dlog","3812":" sos","3813":" spi","3814":" vzh","3815":" ju\u017e","3816":"adel","3817":" bro","3818":"vnim","3819":"atis","3820":"kri\u017e","3821":"sebu","3822":"faku","3823":"mani","3824":" niz","3825":"ebru","3826":"nana","3827":"reti","3828":"isa ","3829":"\u010dajn","3830":"stli","3831":"o\u017eiv","3832":"pine","3833":"egan","3834":"re\u0161e","3835":"i\u0161lj","3836":" tv ","3837":"terj","3838":"idi ","3839":"term","3840":"mont","3841":"b\u010dut","3842":"lagi","3843":" muz","3844":"ovzr","3845":"\u010dena","3846":"doli","3847":"jil ","3848":" luk","3849":"tin ","3850":"razr","3851":"tost","3852":"age ","3853":"sni\u010d","3854":"ger ","3855":"icam","3856":"ruar","3857":" lad","3858":" tom","3859":"znak","3860":"rst ","3861":" her","3862":"vsto","3863":"ored","3864":"indu","3865":"sija","3866":"egel","3867":"repi","3868":"ojst","3869":"\u010dlen","3870":"omej","3871":"gist","3872":"popu","3873":"brua","3874":"reh ","3875":"godn","3876":"una ","3877":"dvor","3878":" ma ","3879":"jnik","3880":"o\u017eni","3881":"pske","3882":"enca","3883":"ezno","3884":"sezn","3885":"mago","3886":"azno","3887":"deve","3888":"sebo","3889":" con","3890":"teni","3891":"adar","3892":"najm","3893":" nen","3894":"lave","3895":"kand","3896":"li\u0161k","3897":"ltet","3898":"novl","3899":"a\u010da ","3900":"klop","3901":"ogre","3902":"eze ","3903":"o\u0161te","3904":"reho","3905":"enzi","3906":"urne","3907":"filo","3908":"aneg","3909":" tan","3910":"na\u010de","3911":"bert","3912":"kel ","3913":"\u017eelj","3914":" vi ","3915":"tins","3916":"mere","3917":"otog","3918":"bele","3919":"cih ","3920":"jubi","3921":"dim ","3922":" obn","3923":"neza","3924":"nema","3925":"msko","3926":"kade","3927":"koj ","3928":"mand","3929":"meje","3930":"\u0161ols","3931":"edav","3932":"pali","3933":"ert ","3934":"amp ","3935":"tvoj","3936":"obri","3937":"reke","3938":"mens","3939":" nab","3940":"tede","3941":"jube","3942":"vitv","3943":"klen","3944":"kron","3945":"kara","3946":"etji","3947":"oslu","3948":"lah ","3949":"ucij","3950":"abor","3951":"mem ","3952":"\u010dani","3953":"zvod","3954":"orju","3955":"bina","3956":"lili","3957":"ehno","3958":"atin","3959":"ekol","3960":"land","3961":"malu","3962":"unis","3963":"peti","3964":"acio","3965":"lino","3966":"eviz","3967":"okli","3968":" mos","3969":" vez","3970":"gim ","3971":"duho","3972":"oram","3973":"trat","3974":"zdal","3975":"telo","3976":"rtin","3977":"\u0161ola","3978":"ri\u0161l","3979":"atan","3980":"ver ","3981":"kore","3982":"zne ","3983":"alic","3984":" jak","3985":" eur","3986":"mask","3987":" srb","3988":"azre","3989":"\u017enik","3990":" zvo","3991":"\u010dera","3992":"ripa","3993":"zuje","3994":"itva","3995":"cej ","3996":"juds","3997":"zpol","3998":"nco ","3999":"estv","4000":"dale","4001":"anjs","4002":"hove","4003":"riza","4004":"obse","4005":"oblj","4006":"etom","4007":"doga","4008":"eril","4009":"kmal","4010":"klas","4011":"vske","4012":"pozo","4013":"vana","4014":"lije","4015":"elni","4016":" sor","4017":"\u0161em ","4018":"oder","4019":"\u0161est","4020":"\u017eena","4021":"njam","4022":"igi ","4023":"mord","4024":"edne","4025":"pode","4026":" kma","4027":"oljs","4028":"teor","4029":"empe","4030":"sodn","4031":"nate","4032":" g ","4033":"kato","4034":"omer","4035":"atal","4036":"soko","4037":"ante","4038":" eni","4039":"\u017eini","4040":"dani","4041":"rneg","4042":"lest","4043":"jete","4044":"okvi","4045":"pija","4046":"mokr","4047":" gib","4048":"oku\u017e","4049":"oljo","4050":"itaj","4051":"osov","4052":"dimo","4053":"evat","4054":"dem ","4055":"ornj","4056":"izvi","4057":"anez","4058":"seti","4059":"ekal","4060":"peri","4061":"smi ","4062":" uvr","4063":" sv ","4064":"bere","4065":"tiki","4066":"\u017eben","4067":" don","4068":"dije","4069":"zova","4070":"zpla","4071":"anek","4072":"stot","4073":"\u017eal ","4074":"ves ","4075":" koz","4076":"pita","4077":"zaj ","4078":"las ","4079":" vzp","4080":"ma\u010di","4081":"a\u010den","4082":"\u017een ","4083":" re\u010d","4084":"esu ","4085":"vico","4086":" dat","4087":"ipor","4088":"jica","4089":"omu ","4090":"skav","4091":"elic","4092":"ikan","4093":"opoz","4094":"evij","4095":"iolo","4096":"enj ","4097":"pre\u017e","4098":"onij","4099":"lni\u0161","4100":" fiz","4101":" izh","4102":"ajem","4103":"a\u010dev","4104":"atno","4105":"teli","4106":"ikat","4107":"mbno","4108":"zijo","4109":"rabe","4110":"tvor","4111":"zraz","4112":"emin","4113":"amni","4114":"sar ","4115":"rims","4116":"diln","4117":"tave","4118":"\u017eba ","4119":"\u010dela","4120":"urej","4121":"maj ","4122":"rami","4123":" bru","4124":"tors","4125":"lo\u0161n","4126":"ipa ","4127":" \u0161es","4128":" zme","4129":" la ","4130":"i\u010daj","4131":"plje","4132":"\u017eupa","4133":"aval","4134":" \u010dle","4135":" mul","4136":"akoj","4137":" ref","4138":"obna","4139":"lavc","4140":"sege","4141":"ihaj","4142":"elat","4143":"ravj","4144":"tokr","4145":"stev","4146":"onav","4147":" epi","4148":"zali","4149":"isel","4150":" of ","4151":"evaj","4152":"istv","4153":"fest","4154":"tava","4155":"anin","4156":"tvom","4157":"riha","4158":"e\u0161ki","4159":"ande","4160":"ezi ","4161":" sch","4162":"raz ","4163":"kemu","4164":"lo\u010da","4165":" izl","4166":"etil","4167":"tijs","4168":"ese ","4169":"ono ","4170":"set ","4171":"deva","4172":"azaj","4173":"atsk","4174":"e\u0161it","4175":"kvir","4176":"dzor","4177":"mete","4178":"emal","4179":"esne","4180":"izbi","4181":" kle","4182":" bo\u017e","4183":"krbi","4184":"adzo","4185":"esor","4186":"spec","4187":"\u017ebo ","4188":"rezn","4189":"kla ","4190":" sir","4191":" kov","4192":"tres","4193":"nina","4194":"slen","4195":" dro","4196":"ekda","4197":"uar ","4198":"lovo","4199":"znav","4200":"kdan","4201":"rsta","4202":" uri","4203":"stvi","4204":"rinj","4205":" mik","4206":"pski","4207":"otav","4208":"dava","4209":"agen","4210":"mre\u017e","4211":"etin","4212":"jano","4213":"rodo","4214":"slil","4215":" \u010dim","4216":"ines","4217":"nudi","4218":"ekle","4219":"unsk","4220":"evze","4221":"nak ","4222":"arju","4223":"kos ","4224":"zijs","4225":"\u0161na ","4226":"itiv","4227":"o\u017eaj","4228":"kola","4229":"gota","4230":"akup","4231":"elez","4232":" po\u017e","4233":"koma","4234":"lizi","4235":"kove","4236":"pu\u0161\u010d","4237":"tuji","4238":"bi\u010da","4239":"lans","4240":"re\u010dn","4241":" kur","4242":" fre","4243":"doku","4244":" gar","4245":"resi","4246":"inah","4247":"vami","4248":" u ","4249":"bodi","4250":" tov","4251":"nilo","4252":"bla\u010d","4253":"\u017eav ","4254":"tvit","4255":"erar","4256":"azmi","4257":"r\u0161in","4258":"sobn","4259":"rte ","4260":"azst","4261":"\u010dim ","4262":"godk","4263":" new","4264":"loma","4265":"deln","4266":"dvoj","4267":"avin","4268":"i\u010da ","4269":"azpo","4270":"lal ","4271":"jivi","4272":"\u0161ne ","4273":" sav","4274":"ise ","4275":" ma\u0161","4276":" osr","4277":"zgor","4278":" lo\u010d","4279":"va\u0161e","4280":" aka","4281":"osed","4282":" iva","4283":"tami","4284":"lek ","4285":"nos ","4286":"etku","4287":"mal ","4288":"turo","4289":"okom","4290":"eljn","4291":"utri","4292":"omat","4293":"olil","4294":"adne","4295":" ska","4296":"rito","4297":"robe","4298":"pnos","4299":"znih","4300":"kume","4301":"omob","4302":"cist","4303":"peci","4304":"erik","4305":"ncer","4306":"onca","4307":"par ","4308":"arke","4309":"prov","4310":"elem","4311":"ju\u010di","4312":"obo ","4313":"ozab","4314":"dej ","4315":"seni","4316":"gega","4317":"sose","4318":"rize","4319":"jive","4320":"tlet","4321":"enuj","4322":"roci","4323":" div","4324":"kon ","4325":"zane","4326":"labo","4327":"pesn","4328":"redu","4329":" ton","4330":"amsk","4331":" bat","4332":"vrov","4333":"radb","4334":"gorn","4335":"zorn","4336":" kav","4337":"rke ","4338":"u\u0161en","4339":"unan","4340":"stir","4341":"mogl","4342":"jale","4343":"zent","4344":"ziv ","4345":"imet","4346":"vals","4347":"le\u017ee","4348":"inu ","4349":" zno","4350":"inac","4351":"kev ","4352":"\u017eja ","4353":"izan","4354":"ikos","4355":" stu","4356":"elij","4357":" ce ","4358":" vzd","4359":"dini","4360":"edte","4361":"deo ","4362":"\u0161iri","4363":"ktri","4364":"naku","4365":" ka\u017e","4366":"eres","4367":"i\u010din","4368":"adem","4369":"hnol","4370":"odna","4371":"kris","4372":"sars","4373":"ant ","4374":"karj","4375":"dij ","4376":"diji","4377":"rjam","4378":" zim","4379":"dstr","4380":"dust","4381":"rezp","4382":"itar","4383":"anki","4384":"e\u010dno","4385":"emsk","4386":"isla","4387":"izko","4388":" ka ","4389":" klo","4390":"psih","4391":"lo\u017ea","4392":" led","4393":"uris","4394":"oju ","4395":"e\u017eiv","4396":"vods","4397":"limo","4398":"anom","4399":"ndus","4400":"koda","4401":"zvir","4402":"\u017eina","4403":"nomi","4404":"adic","4405":"pari","4406":"meji","4407":"nemo","4408":"\u0161lo ","4409":"iram","4410":"inje","4411":"edme","4412":"\u010dnej","4413":"dtem","4414":" u\u010de","4415":"mes ","4416":"otes","4417":"ivil","4418":"razk","4419":"ofij","4420":" npr","4421":" rel","4422":"anca","4423":" in\u0161","4424":" sha","4425":"nan ","4426":"ajpo","4427":"ubez","4428":"elev","4429":"okum","4430":" u\u017ei","4431":"oli\u0161","4432":"lame","4433":"a\u0161nj","4434":"adom","4435":"dram","4436":"mara","4437":"tric","4438":"slad","4439":"naka","4440":"ijem","4441":"ased","4442":" inv","4443":"mart","4444":"zsta","4445":"ilka","4446":"tter","4447":"marj","4448":"dpra","4449":"ozni","4450":"trad","4451":"vrhu","4452":"iloz","4453":"tual","4454":"isni","4455":"v\u010der","4456":"jaln","4457":"jo\u010de","4458":" rak","4459":"eolo","4460":"tros","4461":"dat ","4462":"kret","4463":"nten","4464":"atio","4465":"atol","4466":" tvi","4467":"jeti","4468":"rale","4469":"dome","4470":"banj","4471":"ebej","4472":"plav","4473":" dia","4474":"lozo","4475":"erma","4476":"nin ","4477":"e\u017ee ","4478":"plat","4479":"ugos","4480":"emer","4481":"bej ","4482":"\u017ebi ","4483":"vano","4484":"mo\u010di","4485":"dins","4486":"ziti","4487":"izja","4488":"var ","4489":"cami","4490":" biv","4491":"dnic","4492":"npr ","4493":"bneg","4494":"ekst","4495":"ilo\u017e","4496":"sate","4497":"ples","4498":"avah","4499":"cesa","4500":" sar","4501":"zdi ","4502":"trop","4503":"ogro","4504":"pazi","4505":"kval","4506":"emi\u010d","4507":"titi","4508":"take","4509":"sli\u0161","4510":"nala","4511":"medt","4512":" kuh","4513":"rkve","4514":"etri","4515":"kaka","4516":"ipad","4517":"ogu ","4518":"n\u010dal","4519":"bnej","4520":"gubi","4521":"\u010dan ","4522":" sad","4523":"reja","4524":"zaje","4525":"okle","4526":"akad","4527":"vadn","4528":"rkev","4529":"ovi\u010d","4530":"bimo","4531":"kta ","4532":" ve ","4533":"plin","4534":"na\u0161n","4535":" j ","4536":" kod","4537":"\u010dins","4538":"ozof","4539":"uktu","4540":"mbe ","4541":"\u010di\u010d ","4542":"rvak","4543":"artn","4544":"atke","4545":" kr\u0161","4546":"elef","4547":"golj","4548":"pani","4549":"azpr","4550":" din","4551":"onst","4552":"odre","4553":"fika","4554":"ehod","4555":"znov","4556":"atem","4557":"vije","4558":"ulti","4559":"net ","4560":"dejo","4561":"imin","4562":"do\u017ei","4563":"konf","4564":"petr","4565":" dev","4566":"laj\u0161","4567":" mel","4568":"zal ","4569":"gle\u0161","4570":"adaj","4571":"alju","4572":" vpi","4573":"vane","4574":"tego","4575":"lano","4576":"nj\u0161a","4577":"ga\u010de","4578":"lank","4579":" god","4580":"ida ","4581":"iban","4582":"po\u010di","4583":"padl","4584":"gla ","4585":" v\u010da","4586":"lefo","4587":"mila","4588":"atne","4589":"piso","4590":"v\u010das","4591":"pov ","4592":"jese","4593":"abav","4594":"ukva","4595":"jaki","4596":"vzpo","4597":"laso","4598":"kriz","4599":"avka","4600":"efon","4601":"dopo","4602":"\u010dijo","4603":"ekci","4604":"imal","4605":"ifik","4606":" jur","4607":"oksi","4608":"ajhn","4609":"nstr","4610":"zanj","4611":"arki","4612":" du\u0161","4613":"neve","4614":"itne","4615":"ropi","4616":" uli","4617":"ebel","4618":" zau","4619":"mom ","4620":"lnom","4621":"lanc","4622":"fant","4623":"tkih","4624":"ovpr","4625":"gra ","4626":"n\u010dne","4627":"nesl","4628":"olnj","4629":"akal","4630":"ekt ","4631":"ve\u0161k","4632":"zra\u010d","4633":"e\u017eko","4634":"po\u010da","4635":"j\u0161o ","4636":"vnav","4637":" sno","4638":"tijo","4639":" ped","4640":"rice","4641":"vedb","4642":" do\u017e","4643":"tiza","4644":"\u017ene ","4645":"udil","4646":" art","4647":"raba","4648":" nih","4649":"tobr","4650":" fes","4651":" smi","4652":"osi ","4653":"jan\u0161","4654":"artm","4655":" pen","4656":"\u017euje","4657":"gora","4658":"nez ","4659":"kemi","4660":" ast","4661":" mus","4662":" lat","4663":"aros","4664":" v\u010de","4665":"i\u0161in","4666":"adbe","4667":"okej","4668":"ekel","4669":"vars","4670":"avi\u010d","4671":"trac","4672":"vero","4673":"jalo","4674":"nari","4675":"etlo","4676":"\u010dete","4677":"arva","4678":"o\u0161nj","4679":"u\u017ebo","4680":"sova","4681":"agaj","4682":" ukv","4683":"atom","4684":"ridr","4685":"j\u0161an","4686":"riso","4687":"\u017eupn","4688":"rtma","4689":"pila","4690":"troc","4691":"ni\u010de","4692":"rusk","4693":"pati","4694":"vent","4695":"povp","4696":"ekta","4697":"ikar","4698":"ramb","4699":"icin","4700":"kona","4701":"edam","4702":"avje","4703":"stiv","4704":"\u010darj","4705":"bjek","4706":"redm","4707":"trum","4708":"lesn","4709":"o\u010dja","4710":"\u0161ek ","4711":"ngel","4712":"ladk","4713":"gali","4714":"oime","4715":"tand","4716":"gor ","4717":"ndid","4718":"aku ","4719":" hkr","4720":"tsko","4721":" hod","4722":"dla ","4723":"rego","4724":"nesr","4725":"\u010der ","4726":"hkra","4727":"ladu","4728":"e\u0161ke","4729":"zavi","4730":"edvi","4731":"rire","4732":"ohod","4733":" dep","4734":"lepa","4735":"hai ","4736":"pona","4737":"konj","4738":"emok","4739":"vit ","4740":"jiga","4741":"ajat","4742":"rbi ","4743":"sake","4744":" izs","4745":"ledo","4746":"mple","4747":"k\u0161ne","4748":"de\u017e ","4749":"stom","4750":"idat","4751":"agre","4752":"ovje","4753":"pa\u010d ","4754":"enec","4755":"zbol","4756":" jer","4757":" vet","4758":"nitv","4759":"vasi","4760":"ston","4761":"kant","4762":"nder","4763":"nerj","4764":"\u010djih","4765":"redp","4766":"rman","4767":"zjav","4768":"orne","4769":"tora","4770":" smu","4771":"rela","4772":"ujo\u010d","4773":"seb ","4774":"ial ","4775":" kem","4776":" che","4777":"dpir","4778":"eboj","4779":" akc","4780":"nale","4781":"pisu","4782":"boro","4783":"dika","4784":"veze","4785":"\u010deli","4786":"i\u017eev","4787":"o\u010det","4788":"ijam","4789":"fije","4790":"eman","4791":"taki","4792":" apa","4793":"teje","4794":"rstn","4795":"oci ","4796":" cas","4797":"ojev","4798":"davi","4799":"dski","4800":"doba","4801":" \u0161pa","4802":"sovr","4803":"dvaj","4804":"anem","4805":"tive","4806":"o\u017ee ","4807":"jige","4808":" usm","4809":"hite","4810":"zavr","4811":" mob","4812":"rtal","4813":"alja","4814":"jnih","4815":"budi","4816":"ndij","4817":" me\u0161","4818":"uja ","4819":"mrti","4820":"rotn","4821":"\u0161ite","4822":"via ","4823":" zdi","4824":"azov","4825":"tajs","4826":"ugeg","4827":"uma ","4828":" cm ","4829":"sve\u010d","4830":"namo","4831":"kira","4832":"alko","4833":"rdil","4834":"greb","4835":"live","4836":"o\u010dje","4837":"goje","4838":"rofi","4839":" joh","4840":"denj","4841":"ipov","4842":"lij ","4843":"ve\u010dk","4844":"navd","4845":" ran","4846":"neke","4847":" can","4848":"vezi","4849":"ozne","4850":"bvez","4851":"hnik","4852":"sla ","4853":"moj ","4854":"dida","4855":" te\u010d","4856":"rds ","4857":"\u0161ele","4858":"a\u010di ","4859":"ej\u0161n","4860":" tuk","4861":"toni","4862":"sama","4863":"arat","4864":"usme","4865":"renj","4866":" via","4867":"po\u0161k","4868":"pold","4869":"ozit","4870":"ontr","4871":"ivaj","4872":"zlog","4873":"ve\u0161\u010d","4874":"ojna","4875":"ning","4876":"sala","4877":"ikaz","4878":"luci","4879":"tavk","4880":"ers ","4881":"odba","4882":"krbe","4883":"ize ","4884":"lila","4885":"oplo","4886":"o\u010djo","4887":"aslu","4888":"atri","4889":"trik","4890":" bas","4891":"tner","4892":"a\u017een","4893":"lgo ","4894":"elom","4895":"kras","4896":"kat ","4897":"ro\u017en","4898":"ditv","4899":"lu\u017ei","4900":"vi\u0161i","4901":" mai","4902":"art ","4903":" hok","4904":"mare","4905":"ektu","4906":"rend","4907":"ule ","4908":" tim","4909":"vans","4910":"loni","4911":"vers","4912":"arma","4913":"ligi","4914":"ezne","4915":"tara","4916":"esre","4917":"rarn","4918":"podb","4919":"mije","4920":"neh ","4921":" mur","4922":"minj","4923":"azde","4924":" neb","4925":"\u0161kim","4926":"gate","4927":" zmo","4928":"aler","4929":"lase","4930":"agat","4931":"e\u010daj","4932":"rono","4933":" dun","4934":" pa\u010d","4935":"emno","4936":"nij ","4937":"dek ","4938":"prop","4939":"pova","4940":"sej ","4941":"ess ","4942":"ilja","4943":"dkov","4944":"ovod","4945":"liji","4946":"a\u010dni","4947":"snem","4948":"ovse","4949":"epoz","4950":"nga ","4951":"oro\u017e","4952":"zil ","4953":"vin ","4954":"vzem","4955":"dvig","4956":"lub ","4957":" lon","4958":"ompl","4959":"zori","4960":" ble","4961":"tah ","4962":" baz","4963":" ke ","4964":"apar","4965":"reza","4966":"e\u0161\u010di","4967":"aden","4968":"me\u0161a","4969":" nuj","4970":" len","4971":"isno","4972":"hlad","4973":"kodo","4974":"erin","4975":" ten","4976":"nem\u010d","4977":"preo","4978":"end ","4979":"\u017eko ","4980":"dino","4981":" utr","4982":"rusi","4983":"agan","4984":"aza ","4985":"bijo","4986":"idim","4987":"eklo","4988":"ulic","4989":"eksp","4990":" 000","4991":" dvi","4992":"mih ","4993":"trol","4994":"sene","4995":"hoke","4996":"\u0161enj","4997":"lo\u0161\u010d","4998":"popr","4999":"vozn"}}