{"spa":{"0":"de","1":"la","2":"en","3":"el","4":"que","5":"los","6":"num","7":"se","8":"del","9":"un","10":"con","11":"por","12":"no","13":"las","14":"es","15":"para","16":"una","17":"su","18":"lo","19":"al","20":"como","21":"me","22":"m\u00e1s","23":"este","24":"pero","25":"si","26":"mi","27":"esta","28":"te","29":"a\u00f1o","30":"ya","31":"sus","32":"le","33":"fue","34":"son","35":"todo","36":"ser","37":"cuando","38":"sin","39":"ha","40":"tu","41":"tambi\u00e9n","42":"entre","43":"yo","44":"est\u00e1","45":"sobre","46":"desde","47":"a\u00f1os","48":"todos","49":"muy","50":"hay","51":"as\u00ed","52":"ver","53":"hasta","54":"tiene","55":"dos","56":"puede","57":"porque","58":"qu\u00e9","59":"donde","60":"parte","61":"nos","62":"bien","63":"d\u00eda","64":"mejor","65":"hace","66":"solo","67":"hoy","68":"vida","69":"uno","70":"nuevo","71":"vez","72":"gran","73":"cada","74":"ni","75":"hacer","76":"eso","77":"era","78":"esto","79":"siempre","80":"durante","81":"pa\u00eds","82":"ciudad","83":"han","84":"les","85":"forma","86":"ahora","87":"gracias","88":"tiempo","89":"despu\u00e9s","90":"mundo","91":"ese","92":"otros","93":"mismo","94":"mayor","95":"personas","96":"estoy","97":"tanto","98":"nada","99":"tan","100":"tengo","101":"est\u00e1n","102":"estos","103":"d\u00edas","104":"casa","105":"gente","106":"mucho","107":"estado","108":"va","109":"menos","110":"quien","111":"sido","112":"otro","113":"aunque","114":"primera","115":"cuenta","116":"gobierno","117":"adem\u00e1s","118":"lugar","119":"sea","120":"tener","121":"quiero","122":"algo","123":"esa","124":"feliz","125":"nacional","126":"trabajo","127":"toda","128":"pueden","129":"primer","130":"mis","131":"tienen","132":"contra","133":"hab\u00eda","134":"antes","135":"opini\u00f3n","136":"voy","137":"estar","138":"otra","139":"cosas","140":"cual","141":"tres","142":"estas","143":"mas","144":"nunca","145":"guerra","146":"nueva","147":"fueron","148":"todas","149":"san","150":"s\u00f3lo","151":"dios","152":"poco","153":"presidente","154":"mientras","155":"muchos","156":"tras","157":"nombre","158":"seg\u00fan","159":"soy","160":"pelicula","161":"algunos","162":"otras","163":"familia","164":"poder","165":"c\u00f3mo","166":"ellos","167":"decir","168":"estados","169":"alguien","170":"general","171":"historia","172":"tipo","173":"estaba","174":"sistema","175":"estamos","176":"unos","177":"momento","178":"medio","179":"da","180":"online","181":"millones","182":"bueno","183":"muchas","184":"nuestro","185":"centro","186":"pues","187":"veces","188":"importante","189":"embargo","190":"\u00e9l","191":"grupo","192":"debe","193":"caso","194":"buena","195":"manera","196":"persona","197":"informaci\u00f3n","198":"he","199":"siglo","200":"aqu\u00ed","201":"bajo","202":"enero","203":"hacia","204":"ser\u00e1","205":"grandes","206":"hecho","207":"amor","208":"luego","209":"ella","210":"nadie","211":"mal","212":"siendo","213":"empresa","214":"unidos","215":"dice","216":"nivel","217":"creo","218":"trav\u00e9s","219":"mejores","220":"ir","221":"posible","222":"entonces","223":"cualquier","224":"van","225":"casi","226":"completa","227":"espa\u00f1a","228":"horas","229":"s\u00ed","230":"fin","231":"igual","232":"acuerdo","233":"puedo","234":"encuentra","235":"zona","236":"tus","237":"salud","238":"ma\u00f1ana","239":"verdad","240":"nuestra","241":"pa\u00edses","242":"sino","243":"espa\u00f1ol","244":"desarrollo","245":"dentro","246":"ejemplo","247":"a\u00fan","248":"partido","249":"noche","250":"ante","251":"agua","252":"amigos","253":"universidad","254":"final","255":"cerca","256":"buen","257":"algunas","258":"mundial","259":"equipo","260":"dijo","261":"espanol","262":"haber","263":"poblaci\u00f3n","264":"junto","265":"pueblo","266":"gratis","267":"ten\u00eda","268":"the","269":"chile","270":"punto","271":"varios","272":"mujer","273":"misma","274":"opiniones","275":"hotel","276":"tal","277":"hombre","278":"mujeres","279":"cantidad","280":"servicio","281":"uso","282":"pol\u00edtica","283":"n\u00famero","284":"parece","285":"hizo","286":"lado","287":"hora","288":"diferentes","289":"mil","290":"primero","291":"mayor\u00eda","292":"frente","293":"colombia","294":"social","295":"partir","296":"pasado","297":"regi\u00f3n","298":"norte","299":"debido","300":"serie","301":"sur","302":"internacional","303":"paso","304":"semana","305":"favor","306":"tarde","307":"viaje","308":"dar","309":"muerte","310":"vamos","311":"datos","312":"proceso","313":"cuatro","314":"juan","315":"ley","316":"obra","317":"\u00fanico","318":"ganas","319":"grande","320":"buenos","321":"falta","322":"esos","323":"jajaja","324":"mierda","325":"ah\u00ed","326":"fuera","327":"segunda","328":"principal","329":"ingl\u00e9s","330":"madre","331":"segundo","332":"tenemos","333":"s\u00e9","334":"nuevas","335":"gusta","336":"proyecto","337":"\u00faltimo","338":"meses","339":"llegar","340":"fotos","341":"servicios","342":"saber","343":"real","344":"r\u00edo","345":"km","346":"cambio","347":"incluso","348":"viajeros","349":"m\u00fasica","350":"educaci\u00f3n","351":"hacen","352":"paz","353":"quiere","354":"alto","355":"sector","356":"mediante","357":"diciembre","358":"varias","359":"pa","360":"pasa","361":"ni\u00f1os","362":"escribi\u00f3","363":"unas","364":"calidad","365":"mar","366":"tierra","367":"conocer","368":"sociedad","369":"cuba","370":"nosotros","371":"ser\u00eda","372":"peliculas","373":"largo","374":"seguir","375":"eres","376":"mala","377":"mes","378":"hijo","379":"tuvo","380":"\u00e9poca","381":"re","382":"capital","383":"programa","384":"derecho","385":"realidad","386":"edad","387":"eran","388":"m\u00e9xico","389":"original","390":"sigue","391":"dio","392":"vos","393":"atenci\u00f3n","394":"p\u00fablico","395":"nuestros","396":"jajajaja","397":"provincia","398":"quienes","399":"usted","400":"seguridad","401":"padre","402":"mejorar","403":"web","404":"hombres","405":"v\u00eda","406":"experiencia","407":"esas","408":"cuerpo","409":"obras","410":"total","411":"santa","412":"jos\u00e9","413":"haciendo","414":"salir","415":"ayer","416":"rey","417":"principales","418":"producci\u00f3n","419":"amigo","420":"alta","421":"ti","422":"sabe","423":"ello","424":"d\u00e9cada","425":"venezuela","426":"minutos","427":"dejar","428":"etc","429":"nuevos","430":"podr\u00eda","431":"iglesia","432":"precio","433":"existen","434":"hablar","435":"foto","436":"t\u00fa","437":"latino","438":"siento","439":"viene","440":"pesar","441":"libro","442":"importantes","443":"encontrar","444":"calle","445":"primeros","446":"productos","447":"amo","448":"mano","449":"situaci\u00f3n","450":"dormir","451":"l\u00ednea","452":"relaci\u00f3n","453":"base","454":"julio","455":"cuales","456":"campo","457":"\u00faltima","458":"central","459":"problemas","460":"pasar","461":"m\u00ed","462":"tema","463":"actual","464":"ayuda","465":"mayo","466":"arte","467":"mercado","468":"llamado","469":"libre","470":"claro","471":"existe","472":"santiago","473":"problema","474":"cara","475":"grupos","476":"pel\u00edcula","477":"espacio","478":"especial","479":"gt","480":"tomar","481":"propio","482":"carrera","483":"comprar","484":"orden","485":"media","486":"espero","487":"ustedes","488":"mucha","489":"sociales","490":"rep\u00fablica","491":"estudio","492":"fuerza","493":"sentido","494":"apoyo","495":"cosa","496":"dicho","497":"domingo","498":"modo","499":"vacaciones","500":"objetivo","501":"club","502":"luz","503":"haya","504":"lleg\u00f3","505":"idea","506":"reyes","507":"alg\u00fan","508":"empresas","509":"isla","510":"direcci\u00f3n","511":"carlos","512":"todav\u00eda","513":"esperamos","514":"cabeza","515":"control","516":"construcci\u00f3n","517":"cinco","518":"septiembre","519":"personal","520":"am\u00e9rica","521":"europa","522":"juego","523":"buenas","524":"trata","525":"estudios","526":"agosto","527":"permite","528":"casos","529":"resultados","530":"coraz\u00f3n","531":"investigaci\u00f3n","532":"trabajar","533":"deben","534":"dan","535":"somos","536":"fuerte","537":"veo","538":"alguna","539":"actividad","540":"deja","541":"recursos","542":"actualmente","543":"luis","544":"quieres","545":"sitio","546":"ve","547":"derechos","548":"origen","549":"necesito","550":"perfecta","551":"dicen","552":"abril","553":"os","554":"puerto","555":"marzo","556":"color","557":"ambos","558":"video","559":"precios","560":"palabras","561":"cuanto","562":"imagen","563":"cierto","564":"vi","565":"siguiente","566":"hijos","567":"\u00faltimos","568":"dinero","569":"estilo","570":"energ\u00eda","571":"consejos","572":"dem\u00e1s","573":"aire","574":"quieren","575":"comunidad","576":"respecto","577":"argentina","578":"octubre","579":"interior","580":"\u00e1rea","581":"actividades","582":"valor","583":"vista","584":"costa","585":"red","586":"ex","587":"mapa","588":"conjunto","589":"cargo","590":"pas\u00f3","591":"busca","592":"se\u00f1or","593":"reino","594":"\u00e9xito","595":"lista","596":"oficial","597":"puta","598":"ellas","599":"condiciones","600":"peor","601":"sean","602":"municipio","603":"departamento","604":"especialmente","605":"visto","606":"excelente","607":"of","608":"militar","609":"tienes","610":"resto","611":"hola","612":"playa","613":"hoteles","614":"raz\u00f3n","615":"territorio","616":"realizar","617":"juegos","618":"camino","619":"febrero","620":"iba","621":"papel","622":"puedes","623":"junio","624":"menor","625":"preguntas","626":"temporada","627":"vivir","628":"crecimiento","629":"director","630":"presencia","631":"cultura","632":"\u00fanica","633":"joven","634":"\u00e9ste","635":"sistemas","636":"uni\u00f3n","637":"vas","638":"miembros","639":"qui\u00e9n","640":"conocido","641":"queda","642":"seguro","643":"ning\u00fan","644":"econom\u00eda","645":"acerca","646":"ojal\u00e1","647":"pol\u00edtico","648":"plan","649":"cabo","650":"alrededor","651":"copia","652":"futuro","653":"encuentran","654":"escuela","655":"elementos","656":"poner","657":"organizaci\u00f3n","658":"ej\u00e9rcito","659":"podemos","660":"comenz\u00f3","661":"compa\u00f1\u00eda","662":"consejo","663":"noviembre","664":"imperio","665":"volver","666":"ii","667":"dise\u00f1o","668":"dado","669":"capacidad","670":"banda","671":"madrid","672":"ac\u00e1","673":"puesto","674":"habitantes","675":"finalmente","676":"proyectos","677":"superior","678":"traducci\u00f3n","679":"francia","680":"f\u00fatbol","681":"llama","682":"medios","683":"villa","684":"pareci\u00f3","685":"clase","686":"acceso","687":"autom\u00e1tica","688":"hemos","689":"propia","690":"mam\u00e1","691":"autom\u00e1ticamente","692":"mostrar","693":"libertad","694":"palabra","695":"resultado","696":"fecha","697":"ayude","698":"deseo","699":"zonas","700":"oro","701":"modificaci\u00f3n","702":"humanos","703":"art\u00edculo","704":"campa\u00f1a","705":"llega","706":"lugares","707":"versi\u00f3n","708":"civil","709":"jaja","710":"viendo","711":"ciudades","712":"estuvo","713":"congreso","714":"cine","715":"puntos","716":"internet","717":"sol","718":"comer","719":"com\u00fan","720":"ofrece","721":"movimiento","722":"ayudarte","723":"lleva","724":"mar\u00eda","725":"plata","726":"relaciones","727":"comercial","728":"hab\u00edan","729":"significa","730":"bastante","731":"hd","732":"popular","733":"traducciones","734":"planificar","735":"inicio","736":"principalmente","737":"traducida","738":"t\u00edtulo","739":"comunicaci\u00f3n","740":"duda","741":"ministro","742":"importancia","743":"casas","744":"inter\u00e9s","745":"tradujo","746":"tercera","747":"all\u00ed","748":"temas","749":"baja","750":"sugerencia","751":"formas","752":"pedro","753":"pregunta","754":"curso","755":"redes","756":"odio","757":"natural","758":"acciones","759":"ambiente","760":"lleno","761":"momentos","762":"cocina","763":"llevar","764":"premio","765":"recibas","766":"manos","767":"digo","768":"pensar","769":"examinando","770":"lindo","771":"mira","772":"local","773":"modelo","774":"enviarnos","775":"papa","776":"formaci\u00f3n","777":"pasable","778":"verano","779":"especies","780":"traducci\u00f3ngracias","781":"equipos","782":"venta","783":"est\u00e1s","784":"sola","785":"t\u00e9rmino","786":"j\u00f3venes","787":"estaban","788":"ni\u00f1o","789":"leer","790":"cursos","791":"medida","792":"tampoco","793":"estadounidense","794":"sue\u00f1o","795":"transporte","796":"usar","797":"causa","798":"humano","799":"teor\u00eda","800":"peque\u00f1o","801":"revoluci\u00f3n","802":"pena","803":"plaza","804":"partidos","805":"acci\u00f3n","806":"tecnolog\u00eda","807":"anterior","808":"animales","809":"mensaje","810":"constituci\u00f3n","811":"pueda","812":"p\u00fablica","813":"producto","814":"dif\u00edcil","815":"twitter","816":"gesti\u00f3n","817":"lucha","818":"industria","819":"francisco","820":"habla","821":"fiesta","822":"elecciones","823":"realmente","824":"miedo","825":"crear","826":"buscar","827":"necesita","828":"estudiantes","829":"hicieron","830":"respuesta","831":"blanco","832":"metros","833":"lengua","834":"ninguna","835":"consiste","836":"comercio","837":"seis","838":"trump","839":"principios","840":"canci\u00f3n","841":"barrio","842":"ojos","843":"llamada","844":"viernes","845":"diferencia","846":"amiga","847":"siguientes","848":"funci\u00f3n","849":"par","850":"d\u00f3nde","851":"necesidad","852":"deber\u00eda","853":"hago","854":"fuerzas","855":"vivo","856":"conocimiento","857":"oportunidad","858":"finales","859":"sale","860":"negocio","861":"partes","862":"brasil","863":"nuestras","864":"muestra","865":"caracter\u00edsticas","866":"defensa","867":"mitad","868":"eeuu","869":"parque","870":"necesario","871":"recibir","872":"informe","873":"principio","874":"espa\u00f1ola","875":"entrada","876":"efecto","877":"victoria","878":"presente","879":"unidad","880":"china","881":"f\u00e1cil","882":"tama\u00f1o","883":"museo","884":"vaya","885":"haga","886":"mayores","887":"pone","888":"in","889":"ba\u00f1o","890":"don","891":"evitar","892":"posteriormente","893":"padres","894":"justicia","895":"atr\u00e1s","896":"dia","897":"encuentro","898":"ataque","899":"diversos","900":"publicaci\u00f3n","901":"pronto","902":"hermano","903":"g\u00e9nero","904":"radio","905":"alemania","906":"mesa","907":"vale","908":"demasiado","909":"ir\u00e1n","910":"jugar","911":"encima","912":"polic\u00eda","913":"hija","914":"visita","915":"naturaleza","916":"respeto","917":"pol\u00edticos","918":"empezar","919":"reci\u00e9n","920":"tenido","921":"sos","922":"completo","923":"saben","924":"bolivia","925":"violencia","926":"consumo","927":"toma","928":"asamblea","929":"familias","930":"batalla","931":"riesgo","932":"votos","933":"historias","934":"posici\u00f3n","935":"profesional","936":"aumento","937":"tipos","938":"arriendo","939":"habitaciones","940":"negro","941":"\u00e9sta","942":"estructura","943":"cruz","944":"sexo","945":"miguel","946":"p\u00e1gina","947":"izquierda","948":"an\u00e1lisis","949":"superficie","950":"perfecto","951":"dando","952":"asi","953":"per\u00edodo","954":"libros","955":"posibilidad","956":"lunes","957":"vuelta","958":"unido","959":"escribir","960":"derecha","961":"all\u00e1","962":"antonio","963":"espa","964":"jugadores","965":"cambios","966":"hermosa","967":"independencia","968":"utiliza","969":"mantener","970":"cultural","971":"conoce","972":"tales","973":"terminar","974":"l\u00edder","975":"pudo","976":"quer\u00eda","977":"comienza","978":"econ\u00f3mica","979":"tiempos","980":"diversas","981":"dolor","982":"ropa","983":"viajes","984":"viejo","985":"\u00e1reas","986":"conmigo","987":"aquellos","988":"chica","989":"pocos","990":"suerte","991":"pr\u00f3ximo","992":"ol","993":"vino","994":"administraci\u00f3n","995":"mismos","996":"ministerio","997":"ideas","998":"marca","999":"videos","1000":"sabes","1001":"decisi\u00f3n","1002":"marco","1003":"totalmente","1004":"corte","1005":"posee","1006":"centros","1007":"jefe","1008":"importa","1009":"dej\u00f3","1010":"armas","1011":"r\u00e1pido","1012":"incluye","1013":"entiendo","1014":"confianza","1015":"espera","1016":"perfil","1017":"siguen","1018":"hablando","1019":"contenido","1020":"creaci\u00f3n","1021":"miles","1022":"esperando","1023":"especiales","1024":"autoridades","1025":"hechos","1026":"prensa","1027":"car\u00e1cter","1028":"putas","1029":"material","1030":"usa","1031":"ruta","1032":"banco","1033":"enfermedad","1034":"funciones","1035":"triste","1036":"est\u00e9","1037":"primeras","1038":"islas","1039":"recibe","1040":"suelen","1041":"liga","1042":"c\u00f3digo","1043":"d\u00f3lares","1044":"crisis","1045":"hermoso","1046":"ser\u00e1n","1047":"comida","1048":"di","1049":"teatro","1050":"excelencia","1051":"peque\u00f1a","1052":"presenta","1053":"locales","1054":"contrario","1055":"distintas","1056":"fondo","1057":"darle","1058":"programas","1059":"colegio","1060":"ganar","1061":"doble","1062":"tenga","1063":"boca","1064":"procesos","1065":"pareja","1066":"diario","1067":"periodo","1068":"prueba","1069":"conocida","1070":"pablo","1071":"llorar","1072":"etapa","1073":"pel\u00edculas","1074":"justo","1075":"lejos","1076":"c\u00e1mara","1077":"disfrutar","1078":"ah","1079":"fuentes","1080":"pol\u00edticas","1081":"hubo","1082":"juntos","1083":"diferente","1084":"estudiar","1085":"noticias","1086":"qued\u00f3","1087":"velocidad","1088":"convirti\u00f3","1089":"semanas","1090":"dije","1091":"ofertas","1092":"and","1093":"televisi\u00f3n","1094":"tripadvisor","1095":"extra\u00f1o","1096":"s\u00e1bado","1097":"fiestas","1098":"valle","1099":"am","1100":"jorge","1101":"generaci\u00f3n","1102":"novio","1103":"autor","1104":"im\u00e1genes","1105":"serio","1106":"entender","1107":"antigua","1108":"vive","1109":"loco","1110":"santo","1111":"per\u00fa","1112":"aproximadamente","1113":"tratamiento","1114":"niveles","1115":"jajajajaja","1116":"voz","1117":"econ\u00f3mico","1118":"apenas","1119":"arriba","1120":"obtener","1121":"manuel","1122":"diputados","1123":"aplicaci\u00f3n","1124":"rica","1125":"dias","1126":"canal","1127":"participaci\u00f3n","1128":"mando","1129":"sangre","1130":"siete","1131":"pr\u00e1ctica","1132":"acaba","1133":"certificado","1134":"ciencias","1135":"sede","1136":"trabajadores","1137":"aquel","1138":"revista","1139":"industrial","1140":"cuyo","1141":"pasando","1142":"realiz\u00f3","1143":"le\u00f3n","1144":"calles","1145":"peque\u00f1os","1146":"adelante","1147":"oeste","1148":"xd","1149":"hacerlo","1150":"actualidad","1151":"memoria","1152":"peso","1153":"suelo","1154":"alma","1155":"usuarios","1156":"has","1157":"regiones","1158":"dicha","1159":"internacionales","1160":"espa\u00f1oles","1161":"respuestas","1162":"onda","1163":"cuarto","1164":"entrar","1165":"capaz","1166":"sigo","1167":"planta","1168":"to","1169":"nacionales","1170":"canciones","1171":"altura","1172":"hubiera","1173":"alcalde","1174":"pueblos","1175":"acabo","1176":"ciudadanos","1177":"hice","1178":"lenguaje","1179":"r\u00e9gimen","1180":"establecimiento","1181":"calif\u00edcala","1182":"creer","1183":"simplemente","1184":"instituciones","1185":"s\u00e1nchez","1186":"pagar","1187":"aires","1188":"cambiar","1189":"contacto","1190":"naturales","1191":"hospital","1192":"antiguo","1193":"saludos","1194":"trabajos","1195":"sala","1196":"aun","1197":"fernando","1198":"fuente","1199":"pod\u00eda","1200":"cuya","1201":"disco","1202":"nota","1203":"calor","1204":"oportunidades","1205":"protecci\u00f3n","1206":"detalles","1207":"grado","1208":"abrazo","1209":"referencia","1210":"distancia","1211":"temperatura","1212":"ven","1213":"clientes","1214":"jam\u00e1s","1215":"pase","1216":"edici\u00f3n","1217":"ideal","1218":"ambas","1219":"resulta","1220":"arquitectura","1221":"tel\u00e9fono","1222":"escuchar","1223":"franc\u00e9s","1224":"fe","1225":"requiere","1226":"calificaci\u00f3n","1227":"cama","1228":"novia","1229":"cu\u00e1l","1230":"profesionales","1231":"especie","1232":"instituto","1233":"bandera","1234":"caf\u00e9","1235":"colores","1236":"efectos","1237":"municipal","1238":"rico","1239":"cree","1240":"piel","1241":"jes\u00fas","1242":"propiedad","1243":"\u00faltimas","1244":"artistas","1245":"cumplir","1246":"aeropuerto","1247":"exterior","1248":"jugador","1249":"pie","1250":"incluyendo","1251":"clases","1252":"t\u00e9cnica","1253":"cuentas","1254":"barcelona","1255":"llev\u00f3","1256":"realiza","1257":"tradici\u00f3n","1258":"aparece","1259":"comisi\u00f3n","1260":"f\u00edsica","1261":"felicidad","1262":"regional","1263":"estadio","1264":"co","1265":"medidas","1266":"ciencia","1267":"medicina","1268":"presi\u00f3n","1269":"democracia","1270":"jueves","1271":"puedan","1272":"celular","1273":"xx","1274":"vuelve","1275":"pap\u00e1","1276":"puerta","1277":"concepto","1278":"dieron","1279":"super","1280":"edificio","1281":"alimentos","1282":"bonito","1283":"matrimonio","1284":"materiales","1285":"dormitorios","1286":"incre\u00edble","1287":"garc\u00eda","1288":"atracciones","1289":"representa","1290":"destino","1291":"conseguir","1292":"naciones","1293":"pobre","1294":"fui","1295":"negocios","1296":"distintos","1297":"vecinos","1298":"similar","1299":"teniendo","1300":"oficiales","1301":"departamentos","1302":"porno","1303":"tradicional","1304":"amplia","1305":"l\u00edneas","1306":"oriente","1307":"doy","1308":"gusto","1309":"tanta","1310":"perder","1311":"malo","1312":"recibi\u00f3","1313":"restaurantes","1314":"pruebas","1315":"pedir","1316":"roma","1317":"normal","1318":"man","1319":"fiscal","1320":"escrito","1321":"valores","1322":"reina","1323":"directamente","1324":"habana","1325":"compartir","1326":"sectores","1327":"cielo","1328":"queremos","1329":"john","1330":"salida","1331":"maduro","1332":"opciones","1333":"asociaci\u00f3n","1334":"muri\u00f3","1335":"pienso","1336":"venir","1337":"t\u00e9cnico","1338":"fr\u00edo","1339":"hermanos","1340":"influencia","1341":"trabajando","1342":"encanta","1343":"empez\u00f3","1344":"puente","1345":"diciendo","1346":"simple","1347":"suele","1348":"linda","1349":"buscando","1350":"existencia","1351":"empieza","1352":"selecci\u00f3n","1353":"azul","1354":"t\u00e9cnicas","1355":"divisi\u00f3n","1356":"sentir","1357":"noches","1358":"considera","1359":"tierras","1360":"copa","1361":"noticia","1362":"naci\u00f3n","1363":"opci\u00f3n","1364":"constante","1365":"volvi\u00f3","1366":"disponible","1367":"contigo","1368":"plantas","1369":"gan\u00f3","1370":"ten\u00edan","1371":"tv","1372":"tercer","1373":"independiente","1374":"similares","1375":"lograr","1376":"tropas","1377":"leyes","1378":"querer","1379":"cualquiera","1380":"publicado","1381":"mismas","1382":"daniel","1383":"diez","1384":"ocasiones","1385":"ayudar","1386":"metro","1387":"chicas","1388":"amigas","1389":"evento","1390":"comerciales","1391":"hogar","1392":"l\u00f3pez","1393":"particular","1394":"york","1395":"golpe","1396":"ni\u00f1a","1397":"verde","1398":"auto","1399":"parlamento","1400":"carne","1401":"alem\u00e1n","1402":"expresi\u00f3n","1403":"jap\u00f3n","1404":"sali\u00f3","1405":"morir","1406":"piso","1407":"cumple","1408":"b\u00fasqueda","1409":"tendr\u00e1","1410":"personaje","1411":"distribuci\u00f3n","1412":"denunciar","1413":"carga","1414":"acto","1415":"prop\u00f3sito","1416":"responsable","1417":"fundaci\u00f3n","1418":"ventas","1419":"italia","1420":"variedad","1421":"accidente","1422":"seguidores","1423":"sacar","1424":"blanca","1425":"bogot\u00e1","1426":"habr\u00eda","1427":"propuesta","1428":"quiera","1429":"ubicada","1430":"bogota","1431":"puso","1432":"fuego","1433":"personajes","1434":"quedan","1435":"empleo","1436":"par\u00eds","1437":"diga","1438":"google","1439":"miembro","1440":"navidad","1441":"comunidades","1442":"musical","1443":"objeto","1444":"produce","1445":"logr\u00f3","1446":"verga","1447":"ciento","1448":"clima","1449":"formar","1450":"\u00e1lbum","1451":"militares","1452":"clave","1453":"pago","1454":"menores","1455":"naci\u00f3","1456":"recuerdo","1457":"cubano","1458":"anteriores","1459":"cadena","1460":"latina","1461":"incluyen","1462":"numerosos","1463":"estaci\u00f3n","1464":"visi\u00f3n","1465":"recuerda","1466":"tengan","1467":"culpa","1468":"profesor","1469":"cubana","1470":"abajo","1471":"imposible","1472":"castilla","1473":"obstante","1474":"pensando","1475":"jornada","1476":"cumplea\u00f1os","1477":"s\u00faper","1478":"obtuvo","1479":"esposa","1480":"peque\u00f1as","1481":"p\u00fablicas","1482":"luna","1483":"espacios","1484":"kil\u00f3metros","1485":"xix","1486":"perd\u00f3n","1487":"materia","1488":"podr\u00e1","1489":"novela","1490":"instalaciones","1491":"consecuencia","1492":"probablemente","1493":"pesos","1494":"tuvieron","1495":"autom\u00e1ticas","1496":"turismo","1497":"solamente","1498":"utilizar","1499":"misi\u00f3n","1500":"piedra","1501":"palacio","1502":"tratado","1503":"generalmente","1504":"representantes","1505":"realizado","1506":"comienzo","1507":"unidades","1508":"literatura","1509":"se\u00f1ora","1510":"rusia","1511":"termina","1512":"pacientes","1513":"tuve","1514":"vio","1515":"tantas","1516":"hist\u00f3rico","1517":"qu","1518":"comentarios","1519":"eventos","1520":"youtube","1521":"esperar","1522":"vieja","1523":"situado","1524":"perro","1525":"pan","1526":"creen","1527":"objetivos","1528":"madera","1529":"rojo","1530":"carta","1531":"castillo","1532":"alianza","1533":"t\u00e9rminos","1534":"aspectos","1535":"correo","1536":"hermana","1537":"rodr\u00edguez","1538":"podr\u00e1s","1539":"esperanza","1540":"estrellas","1541":"aguas","1542":"actuales","1543":"mente","1544":"operaci\u00f3n","1545":"occidental","1546":"sierra","1547":"ocurre","1548":"inversi\u00f3n","1549":"legal","1550":"ecuador","1551":"familiar","1552":"dejo","1553":"reuni\u00f3n","1554":"promedio","1555":"contrato","1556":"c\u00e9lulas","1557":"laboral","1558":"m\u00e1ximo","1559":"seres","1560":"autores","1561":"che","1562":"destaca","1563":"ubicado","1564":"enorme","1565":"localidad","1566":"instituci\u00f3n","1567":"menudo","1568":"entrega","1569":"construir","1570":"compromiso","1571":"error","1572":"anda","1573":"honor","1574":"ojo","1575":"regalo","1576":"planes","1577":"rato","1578":"salvador","1579":"modelos","1580":"pide","1581":"elecci\u00f3n","1582":"haces","1583":"figura","1584":"texto","1585":"motivo","1586":"contar","1587":"sirve","1588":"ay","1589":"nombres","1590":"discurso","1591":"r\u00edos","1592":"podr\u00edan","1593":"muertos","1594":"gas","1595":"sa","1596":"public\u00f3","1597":"privado","1598":"dejen","1599":"termin\u00f3","1600":"n\u00fameros","1601":"aprender","1602":"duele","1603":"n\u00ba","1604":"m\u00e9todo","1605":"castellano","1606":"apartamento","1607":"gobernador","1608":"categor\u00eda","1609":"avenida","1610":"ana","1611":"bendiciones","1612":"oferta","1613":"alberto","1614":"estar\u00e1","1615":"soluci\u00f3n","1616":"festival","1617":"estrella","1618":"m\u00ednimo","1619":"fuertes","1620":"patria","1621":"reacci\u00f3n","1622":"david","1623":"presidencia","1624":"motor","1625":"entorno","1626":"pens\u00e9","1627":"secretario","1628":"perdi\u00f3","1629":"completamente","1630":"federal","1631":"responder","1632":"decidi\u00f3","1633":"cat\u00f3lica","1634":"sexual","1635":"resistencia","1636":"xq","1637":"fundamental","1638":"terreno","1639":"debemos","1640":"global","1641":"llegada","1642":"flores","1643":"ampliado","1644":"f\u00edsico","1645":"intento","1646":"campos","1647":"australia","1648":"presentaci\u00f3n","1649":"torno","1650":"ltda","1651":"harry","1652":"reconocimiento","1653":"c\u00e1ncer","1654":"art\u00edculos","1655":"herramientas","1656":"preguntar","1657":"bajar","1658":"ponen","1659":"ido","1660":"pensamiento","1661":"sabemos","1662":"tratar","1663":"entrevista","1664":"compra","1665":"marcha","1666":"muerto","1667":"morales","1668":"habitaci\u00f3n","1669":"directo","1670":"impacto","1671":"animal","1672":"cuentan","1673":"concepci\u00f3n","1674":"explica","1675":"razones","1676":"pq","1677":"esfuerzo","1678":"numerosas","1679":"complejo","1680":"municipios","1681":"empresarial","1682":"igualmente","1683":"lenguas","1684":"ubicaci\u00f3n","1685":"llevo","1686":"interesante","1687":"distrito","1688":"europea","1689":"beb\u00e9","1690":"representaci\u00f3n","1691":"paciente","1692":"m\u00e9dico","1693":"lpm","1694":"d\u00e9cadas","1695":"as","1696":"academia","1697":"amplio","1698":"puertas","1699":"m\u00e1xima","1700":"dec\u00eda","1701":"establecer","1702":"cierre","1703":"guatemala","1704":"piscina","1705":"dispositivo","1706":"altas","1707":"asimismo","1708":"campe\u00f3n","1709":"frecuencia","1710":"estrategia","1711":"disponibles","1712":"aparte","1713":"letra","1714":"habr\u00e1","1715":"regresar","1716":"cuidado","1717":"ocho","1718":"escuelas","1719":"sue\u00f1os","1720":"provincias","1721":"socio","1722":"pido","1723":"usuario","1724":"impuestos","1725":"comentario","1726":"patrimonio","1727":"hac\u00eda","1728":"corrupci\u00f3n","1729":"chicos","1730":"querido","1731":"premios","1732":"dictadura","1733":"demanda","1734":"parecer","1735":"consulta","1736":"oficina","1737":"digital","1738":"definitivamente","1739":"verg\u00fcenza","1740":"planeta","1741":"d\u00edaz","1742":"mantiene","1743":"punta","1744":"tienda","1745":"comit\u00e9","1746":"utilizan","1747":"periodista","1748":"humana","1749":"tasa","1750":"pocas","1751":"documentos","1752":"pelo","1753":"caja","1754":"intervenci\u00f3n","1755":"tweet","1756":"tomando","1757":"conocimientos","1758":"llamar","1759":"comunes","1760":"suficiente","1761":"utilizando","1762":"significado","1763":"operaciones","1764":"enfermedades","1765":"duro","1766":"llegaron","1767":"fase","1768":"torneo","1769":"deseos","1770":"concejo","1771":"present\u00f3","1772":"washington","1773":"contiene","1774":"dejan","1775":"diputado","1776":"escribe","1777":"piezas","1778":"responsabilidad","1779":"comenzar","1780":"hagan","1781":"m\u00f3vil","1782":"culo","1783":"gonz\u00e1lez","1784":"sab\u00eda","1785":"necesidades","1786":"r\u00e1pidamente","1787":"maestro","1788":"autom\u00e1ticass\u00ed","1789":"oposici\u00f3n","1790":"toca","1791":"frontera","1792":"compa\u00f1eros","1793":"sitios","1794":"pasan","1795":"deporte","1796":"propios","1797":"ta","1798":"uruguay","1799":"debajo","1800":"invierno","1801":"pies","1802":"elemento","1803":"israel","1804":"aspecto","1805":"tour","1806":"decisiones","1807":"cr\u00edtica","1808":"ataques","1809":"software","1810":"perdido","1811":"propiedades","1812":"alcohol","1813":"cubanos","1814":"iii","1815":"mi\u00e9rcoles","1816":"considerado","1817":"restos","1818":"organizaciones","1819":"contactos","1820":"participar","1821":"corresponde","1822":"\u00e9xitos","1823":"autoridad","1824":"factores","1825":"abierto","1826":"facultad","1827":"matar","1828":"pasos","1829":"cabe","1830":"p\u00fablicos","1831":"llevan","1832":"conflicto","1833":"firma","1834":"venga","1835":"tendencia","1836":"plazo","1837":"alumnos","1838":"extensi\u00f3n","1839":"llegando","1840":"cierta","1841":"supone","1842":"estan","1843":"clic","1844":"candidato","1845":"conexi\u00f3n","1846":"debate","1847":"artes","1848":"generales","1849":"adultos","1850":"ciclo","1851":"inteligencia","1852":"infraestructura","1853":"inicia","1854":"deje","1855":"tr\u00e1fico","1856":"siglos","1857":"larga","1858":"familiares","1859":"alegr\u00eda","1860":"panam\u00e1","1861":"dudas","1862":"gana","1863":"alejandro","1864":"enrique","1865":"facebook","1866":"mensajes","1867":"temprano","1868":"patio","1869":"entra","1870":"feo","1871":"idioma","1872":"viento","1873":"deber\u00edan","1874":"cu\u00e1ndo","1875":"quiz\u00e1s","1876":"iniciativa","1877":"restaurante","1878":"recientemente","1879":"cliente","1880":"alfonso","1881":"altos","1882":"escala","1883":"aprendizaje","1884":"reforma","1885":"acceder","1886":"humanidad","1887":"depende","1888":"funcionamiento","1889":"perros","1890":"cuesta","1891":"voto","1892":"canad\u00e1","1893":"vistas","1894":"pedo","1895":"quedar","1896":"incendio","1897":"alcanzar","1898":"opinionesmostrar","1899":"ba\u00f1os","1900":"llegan","1901":"m\u00edo","1902":"rock","1903":"territorios","1904":"iniciar","1905":"se\u00f1al\u00f3","1906":"risa","1907":"moderno","1908":"cercanas","1909":"hierro","1910":"quedo","1911":"privada","1912":"ganado","1913":"desarrollar","1914":"ejemplos","1915":"asociado","1916":"detr\u00e1s","1917":"colaboraci\u00f3n","1918":"estadounidenses","1919":"aquella","1920":"pantalla","1921":"movimientos","1922":"viven","1923":"vemos","1924":"mart\u00edn","1925":"vienen","1926":"destacan","1927":"merece","1928":"nuevamente","1929":"pese","1930":"objetos","1931":"hilo","1932":"electr\u00f3nico","1933":"reciben","1934":"n\u00facleo","1935":"pr\u00e1cticamente","1936":"metas","1937":"evoluci\u00f3n","1938":"felices","1939":"inmediatamente","1940":"petr\u00f3leo","1941":"trabaja","1942":"frase","1943":"dominio","1944":"ves","1945":"forman","1946":"anunci\u00f3","1947":"potencia","1948":"inglaterra","1949":"ingenier\u00eda","1950":"sonido","1951":"actualizando","1952":"fines","1953":"m\u00faltiples","1954":"londres","1955":"normalmente","1956":"presentan","1957":"electoral","1958":"creado","1959":"tambien","1960":"mm","1961":"diego","1962":"pr\u00f3xima","1963":"investigaciones","1964":"agricultura","1965":"unidas","1966":"producir","1967":"valencia","1968":"da\u00f1o","1969":"l\u00edmites","1970":"llego","1971":"griego","1972":"das","1973":"juicio","1974":"tom\u00f3","1975":"comuna","1976":"continuaci\u00f3n","1977":"italiano","1978":"actos","1979":"bar","1980":"acero","1981":"puestos","1982":"mantenimiento","1983":"siguiendo","1984":"siente","1985":"cero","1986":"usando","1987":"gustan","1988":"supuesto","1989":"mediados","1990":"francesa","1991":"el\u00e9ctrica","1992":"labor","1993":"gobiernos","1994":"verdadero","1995":"escena","1996":"llegado","1997":"dr","1998":"junta","1999":"v\u00edctimas","2000":"instagram","2001":"capaces","2002":"meta","2003":"caracas","2004":"hablan","2005":"nueve","2006":"cuesti\u00f3n","2007":"generar","2008":"experiencias","2009":"lectura","2010":"pasaron","2011":"tr\u00e1nsito","2012":"aplicaciones","2013":"encuentre","2014":"conocidos","2015":"asesinato","2016":"bajos","2017":"resoluci\u00f3n","2018":"inform\u00f3","2019":"an","2020":"amistad","2021":"cerebro","2022":"p\u00e9rez","2023":"v\u00eddeo","2024":"esp\u00edritu","2025":"elegir","2026":"caer","2027":"jajajajajaja","2028":"p\u00e1ginas","2029":"oriental","2030":"tribunal","2031":"siquiera","2032":"\u00fanicamente","2033":"m\u00e9dicos","2034":"reales","2035":"deportivo","2036":"tranquilo","2037":"pintura","2038":"posibles","2039":"\u00e1rabe","2040":"inici\u00f3","2041":"representante","2042":"suma","2043":"pr\u00e1cticas","2044":"declar\u00f3","2045":"descripci\u00f3n","2046":"contexto","2047":"llegue","2048":"llena","2049":"mezcla","2050":"\u00e9stos","2051":"plataforma","2052":"defender","2053":"posterior","2054":"felicidades","2055":"arag\u00f3n","2056":"llamados","2057":"vuelos","2058":"necesitan","2059":"fen\u00f3meno","2060":"argentino","2061":"convierte","2062":"castro","2063":"veh\u00edculos","2064":"pelea","2065":"elegido","2066":"est","2067":"abierta","2068":"intereses","2069":"quisiera","2070":"metropolitana","2071":"actor","2072":"artista","2073":"proporcionado","2074":"bases","2075":"martes","2076":"pongo","2077":"presentar","2078":"libres","2079":"dale","2080":"romano","2081":"filosof\u00eda","2082":"publicar","2083":"compuesto","2084":"\u00e1cido","2085":"tenia","2086":"culturales","2087":"aparecen","2088":"notificaciones","2089":"pen\u00ednsula","2090":"empleados","2091":"aprende","2092":"bienes","2093":"comunicado","2094":"puro","2095":"piensa","2096":"econ\u00f3micas","2097":"anoche","2098":"letras","2099":"tantos","2100":"permiten","2101":"receta","2102":"recordar","2103":"rafael","2104":"felipe","2105":"combate","2106":"belleza","2107":"anuncios","2108":"reciente","2109":"inicial","2110":"favorito","2111":"contenidos","2112":"escenario","2113":"directa","2114":"gu\u00eda","2115":"entero","2116":"estar\u00eda","2117":"virgen","2118":"cristiana","2119":"ejecutivo","2120":"beneficios","2121":"peligro","2122":"ingreso","2123":"podido","2124":"v\u00edas","2125":"podr\u00e1n","2126":"condici\u00f3n","2127":"organismos","2128":"leyendo","2129":"\u00e1frica","2130":"asco","2131":"viajar","2132":"bonita","2133":"pieza","2134":"l\u00f3gica","2135":"magos","2136":"continente","2137":"claramente","2138":"populares","2139":"encontrado","2140":"clara","2141":"tendr\u00eda","2142":"comportamiento","2143":"masa","2144":"pura","2145":"puse","2146":"soleimani","2147":"ninguno","2148":"apoyar","2149":"fern\u00e1ndez","2150":"actores","2151":"cient\u00edficos","2152":"financieros","2153":"lluvia","2154":"econ\u00f3micos","2155":"apertura","2156":"regreso","2157":"bella","2158":"grave","2159":"listo","2160":"p\u00e9rdida","2161":"ando","2162":"whatsapp","2163":"conciencia","2164":"hambre","2165":"gustar\u00eda","2166":"tenes","2167":"edificios","2168":"escritor","2169":"aumentar","2170":"metal","2171":"propias","2172":"leonardo","2173":"ciertos","2174":"zapatos","2175":"soldados","2176":"m\u00e9todos","2177":"utilizado","2178":"cali","2179":"den","2180":"domicilio","2181":"explicar","2182":"hacemos","2183":"segundos","2184":"judicial","2185":"andr\u00e9s","2186":"subir","2187":"evidencia","2188":"apple","2189":"s\u00edntomas","2190":"colonia","2191":"costo","2192":"comenzaron","2193":"series","2194":"orgulloso","2195":"cerro","2196":"socios","2197":"virus","2198":"salen","2199":"santos","2200":"universidades","2201":"conjuro","2202":"publicaciones","2203":"cae","2204":"haz","2205":"corriente","2206":"ejercicio","2207":"llam\u00f3","2208":"on","2209":"desarrollado","2210":"leche","2211":"jard\u00edn","2212":"corona","2213":"manejo","2214":"solar","2215":"sr","2216":"mental","2217":"jajajaj","2218":"debo","2219":"reserva","2220":"estructuras","2221":"ok","2222":"descuentos","2223":"carabineros","2224":"despues","2225":"siga","2226":"evo","2227":"\u00fatil","2228":"pobres","2229":"cl\u00e1sico","2230":"plano","2231":"abuela","2232":"mirar","2233":"fondos","2234":"considerar","2235":"ingresos","2236":"se\u00f1al","2237":"basura","2238":"juega","2239":"tarea","2240":"caribe","2241":"veh\u00edculo","2242":"beach","2243":"organismo","2244":"plena","2245":"new","2246":"roja","2247":"torre","2248":"carreras","2249":"celebraci\u00f3n","2250":"lima","2251":"sesi\u00f3n","2252":"comunista","2253":"relacionados","2254":"interno","2255":"extranjeros","2256":"\u00e1ngel","2257":"city","2258":"normas","2259":"pudiera","2260":"vende","2261":"est\u00e9n","2262":"asuntos","2263":"cuento","2264":"moda","2265":"disposici\u00f3n","2266":"mario","2267":"ritmo","2268":"decreto","2269":"exposici\u00f3n","2270":"urbano","2271":"ca\u00edda","2272":"documento","2273":"viva","2274":"producido","2275":"vendo","2276":"m\u00e1quina","2277":"excelentes","2278":"formado","2279":"genial","2280":"transmisi\u00f3n","2281":"horario","2282":"destacar","2283":"ense\u00f1anza","2284":"tecnolog\u00edas","2285":"tiendas","2286":"poblaciones","2287":"expansi\u00f3n","2288":"poca","2289":"gol","2290":"denomina","2291":"you","2292":"paseo","2293":"joda","2294":"motivos","2295":"colecci\u00f3n","2296":"chico","2297":"cient\u00edfica","2298":"tareas","2299":"produjo","2300":"beneficio","2301":"directorio","2302":"escorts","2303":"seria","2304":"deb\u00eda","2305":"ud","2306":"estando","2307":"xvi","2308":"enviar","2309":"indica","2310":"presentes","2311":"india","2312":"bajas","2313":"reducci\u00f3n","2314":"antiguos","2315":"moderna","2316":"rural","2317":"transformaci\u00f3n","2318":"bol\u00edvar","2319":"alcanz\u00f3","2320":"po","2321":"infantil","2322":"constitucional","2323":"carretera","2324":"precisamente","2325":"pude","2326":"nacimiento","2327":"anual","2328":"guerras","2329":"mill\u00f3n","2330":"interpretaci\u00f3n","2331":"show","2332":"profesores","2333":"permanente","2334":"universal","2335":"so\u00f1ar","2336":"dignidad","2337":"provincial","2338":"cambia","2339":"sencillo","2340":"muestran","2341":"fechas","2342":"templo","2343":"soluciones","2344":"cuerpos","2345":"antiguas","2346":"netflix","2347":"trituradora","2348":"bandas","2349":"acab\u00f3","2350":"cita","2351":"l\u00edmite","2352":"realizan","2353":"pac\u00edfico","2354":"permitir","2355":"estatal","2356":"inferior","2357":"estancia","2358":"gira","2359":"encontraba","2360":"mercados","2361":"comandante","2362":"nombrado","2363":"basta","2364":"famoso","2365":"goles","2366":"posibilidades","2367":"establece","2368":"sentimientos","2369":"andar","2370":"aceptar","2371":"hu\u00e9spedes","2372":"investigadores","2373":"bolas","2374":"situaciones","2375":"refiere","2376":"sucede","2377":"ciertas","2378":"intentar","2379":"com","2380":"se\u00f1ala","2381":"cm","2382":"aniversario","2383":"cristo","2384":"aparici\u00f3n","2385":"estabilidad","2386":"avance","2387":"fidel","2388":"negra","2389":"competencia","2390":"juro","2391":"biblioteca","2392":"debes","2393":"abre","2394":"concentraci\u00f3n","2395":"lago","2396":"cay\u00f3","2397":"individuos","2398":"portugal","2399":"figuras","2400":"dura","2401":"potencial","2402":"irak","2403":"cap\u00edtulo","2404":"expertos","2405":"moneda","2406":"jugando","2407":"usado","2408":"pacto","2409":"funcionarios","2410":"indicadores","2411":"europeo","2412":"visitar","2413":"petro","2414":"europeos","2415":"xviii","2416":"emperador","2417":"cientos","2418":"recorrido","2419":"vivienda","2420":"hayan","2421":"james","2422":"terror","2423":"t\u00edtulos","2424":"propuestas","2425":"consultar","2426":"silencio","2427":"encontramos","2428":"c\u00e1maras","2429":"raro","2430":"playas","2431":"avi\u00f3n","2432":"constituye","2433":"licencia","2434":"s\u00edmbolo","2435":"responde","2436":"cre\u00f3","2437":"titular","2438":"entera","2439":"lagos","2440":"campeonato","2441":"crea","2442":"oye","2443":"tranquila","2444":"huevos","2445":"cola","2446":"cooperaci\u00f3n","2447":"km\u00b2","2448":"definici\u00f3n","2449":"otorga","2450":"llorando","2451":"for","2452":"componentes","2453":"poquito","2454":"afirm\u00f3","2455":"dispone","2456":"reglas","2457":"calificaci\u00f3nm\u00e1s","2458":"acabar","2459":"declaraci\u00f3n","2460":"tradicionales","2461":"recuperaci\u00f3n","2462":"relacionadas","2463":"alternativa","2464":"vieron","2465":"identidad","2466":"himno","2467":"secci\u00f3n","2468":"des","2469":"dejando","2470":"afirma","2471":"chilenos","2472":"ofrecen","2473":"chileno","2474":"religi\u00f3n","2475":"colombiana","2476":"hist\u00f3rica","2477":"mentira","2478":"descargar","2479":"genera","2480":"causas","2481":"bello","2482":"estuvieron","2483":"iglesias","2484":"mont\u00f3n","2485":"c\u00e1rcel","2486":"canales","2487":"escudo","2488":"publica","2489":"basado","2490":"chino","2491":"pobreza","2492":"medell\u00edn","2493":"caliente","2494":"jur\u00eddica","2495":"determinar","2496":"dejado","2497":"explic\u00f3","2498":"convertido","2499":"arma","2500":"cortes","2501":"convertirse","2502":"aqui","2503":"lados","2504":"poeta","2505":"ind\u00edgenas","2506":"actitud","2507":"sovi\u00e9tica","2508":"espectacular","2509":"presidenta","2510":"ee","2511":"t\u00edo","2512":"psoe","2513":"potter","2514":"feria","2515":"pro","2516":"temperaturas","2517":"publicidad","2518":"asegur\u00f3","2519":"moral","2520":"monta\u00f1as","2521":"registro","2522":"desayuno","2523":"resumen","2524":"jud\u00edos","2525":"sal\u00f3n","2526":"intenci\u00f3n","2527":"errores","2528":"coche","2529":"cartas","2530":"contin\u00faa","2531":"brit\u00e1nico","2532":"leyenda","2533":"preparaci\u00f3n","2534":"integrantes","2535":"ayudamos","2536":"socialista","2537":"famosa","2538":"positivo","2539":"funciona","2540":"gracia","2541":"olvidar","2542":"eh","2543":"cr\u00e9dito","2544":"prote\u00ednas","2545":"soporte","2546":"cerrar","2547":"pp","2548":"equilibrio","2549":"dejaron","2550":"idiomas","2551":"cient\u00edfico","2552":"rojas","2553":"composici\u00f3n","2554":"minuto","2555":"recuperar","2556":"formato","2557":"longitud","2558":"aves","2559":"actriz","2560":"luchar","2561":"volumen","2562":"permiti\u00f3","2563":"est\u00e1ndar","2564":"mandato","2565":"adn","2566":"actuar","2567":"paro","2568":"ni\u00f1as","2569":"nicaragua","2570":"marcas","2571":"personalidad","2572":"arena","2573":"comparte","2574":"personales","2575":"pm","2576":"cuadro","2577":"malas","2578":"superar","2579":"prosperidad","2580":"comedor","2581":"triunfo","2582":"di\u00e1logo","2583":"cerveza","2584":"har\u00e1","2585":"quede","2586":"continuar","2587":"bola","2588":"riqueza","2589":"alemanes","2590":"leo","2591":"regular","2592":"rosa","2593":"fundada","2594":"humor","2595":"poes\u00eda","2596":"mexicana","2597":"programaci\u00f3n","2598":"periodismo","2599":"pidi\u00f3","2600":"guaid\u00f3","2601":"0\u00ba","2602":"voluntad","2603":"pisos","2604":"baile","2605":"guardia","2606":"prisi\u00f3n","2607":"az\u00facar","2608":"superiores","2609":"gato","2610":"\u00e1rboles","2611":"cantante","2612":"mantuvo","2613":"textos","2614":"situada","2615":"sorpresa","2616":"diferencias","2617":"dirigida","2618":"operativo","2619":"dificultades","2620":"entidad","2621":"embajada","2622":"estableci\u00f3","2623":"porqu\u00e9","2624":"extremo","2625":"cifra","2626":"escuchando","2627":"ig","2628":"ja","2629":"mirando","2630":"anteriormente","2631":"nicol\u00e1s","2632":"brit\u00e1nica","2633":"aquellas","2634":"corto","2635":"huevo","2636":"grecia","2637":"denominado","2638":"solidaridad","2639":"celebra","2640":"disfruta","2641":"instalaci\u00f3n","2642":"madrugada","2643":"consecuencias","2644":"ram\u00f3n","2645":"cultivo","2646":"presupuesto","2647":"pleno","2648":"dirigido","2649":"recibido","2650":"venezolanos","2651":"aceite","2652":"actualizaciones","2653":"acuerdos","2654":"guardar","2655":"compa\u00f1\u00edas","2656":"inn","2657":"interesa","2658":"entidades","2659":"escolar","2660":"pib","2661":"franco","2662":"absolutamente","2663":"joder","2664":"perspectiva","2665":"portal","2666":"torres","2667":"coronel","2668":"dices","2669":"llevaron","2670":"bienestar","2671":"verdadera","2672":"eduardo","2673":"estudiante","2674":"top","2675":"corta","2676":"rol","2677":"puto","2678":"respectivamente","2679":"calif\u00edcalabuena","2680":"llamadas","2681":"senador","2682":"deuda","2683":"habilidades","2684":"archivos","2685":"mart\u00ednez","2686":"ocasi\u00f3n","2687":"conferencia","2688":"encuesta","2689":"celebrar","2690":"michael","2691":"vecino","2692":"depresi\u00f3n","2693":"lesbianas","2694":"uu","2695":"onu","2696":"hotelscom","2697":"logra","2698":"seguido","2699":"asegura","2700":"vuelo","2701":"incendios","2702":"interesado","2703":"periodistas","2704":"virtual","2705":"conflictos","2706":"visitantes","2707":"desea","2708":"monta\u00f1a","2709":"barco","2710":"tiro","2711":"demostrar","2712":"hacerse","2713":"producen","2714":"basada","2715":"alcance","2716":"pr\u00f3ximos","2717":"consideran","2718":"miami","2719":"trato","2720":"esfuerzos","2721":"vea","2722":"agencia","2723":"vender","2724":"abogado","2725":"cabello","2726":"relativamente","2727":"participantes","2728":"encontr\u00f3","2729":"tomado","2730":"pausa","2731":"usan","2732":"amenaza","2733":"dijeron","2734":"carro","2735":"tuit","2736":"bosque","2737":"quieran","2738":"termine","2739":"reservaci\u00f3n","2740":"versiones","2741":"fundamentales","2742":"m\u00eda","2743":"capit\u00e1n","2744":"euros","2745":"catedral","2746":"discusi\u00f3n","2747":"tesis","2748":"civiles","2749":"doce","2750":"instrumentos","2751":"pasajeros","2752":"consigui\u00f3","2753":"alguno","2754":"declaraciones","2755":"considerada","2756":"activo","2757":"pared","2758":"irme","2759":"george","2760":"conozco","2761":"maria","2762":"terroristas","2763":"ra\u00edz","2764":"segura","2765":"pedido","2766":"caballo","2767":"permiso","2768":"pretende","2769":"concierto","2770":"lujo","2771":"by","2772":"dulce","2773":"presidencial","2774":"destac\u00f3","2775":"ahi","2776":"correcto","2777":"fr\u00eda","2778":"parecido","2779":"cuyos","2780":"ocurrido","2781":"pregunto","2782":"paisaje","2783":"alemana","2784":"digan","2785":"vidas","2786":"dieta","2787":"documental","2788":"jackson","2789":"expres\u00f3","2790":"necesaria","2791":"podes","2792":"escritura","2793":"termino","2794":"representan","2795":"actualizada","2796":"\u00e1rbol","2797":"nomas","2798":"\u00f3rdenes","2799":"cl\u00e1sica","2800":"adquirir","2801":"interna","2802":"poderes","2803":"franceses","2804":"mexicano","2805":"densidad","2806":"ambiental","2807":"definitiva","2808":"vivi\u00f3","2809":"monte","2810":"detalle","2811":"recuerdos","2812":"iv","2813":"mecanismos","2814":"tabla","2815":"espalda","2816":"amarillo","2817":"limpieza","2818":"mecanismo","2819":"asociados","2820":"ocurri\u00f3","2821":"difusi\u00f3n","2822":"nacido","2823":"tren","2824":"categor\u00edas","2825":"costas","2826":"with","2827":"sevilla","2828":"restablecer","2829":"iran\u00ed","2830":"mentiras","2831":"eliminar","2832":"breve","2833":"conforme","2834":"l\u00edderes","2835":"juventud","2836":"jueces","2837":"caminos","2838":"actuaci\u00f3n","2839":"roberto","2840":"individuo","2841":"florida","2842":"poseen","2843":"rendimiento","2844":"egipto","2845":"zoom","2846":"molino","2847":"decirle","2848":"incremento","2849":"creciente","2850":"herramienta","2851":"r\u00e9cord","2852":"flor","2853":"partida","2854":"granada","2855":"oficialmente","2856":"procedimiento","2857":"concurso","2858":"vs","2859":"rango","2860":"delante","2861":"pasada","2862":"reducir","2863":"estimado","2864":"griegos","2865":"columna","2866":"necesitas","2867":"duque","2868":"senado","2869":"do","2870":"post","2871":"bloqueo","2872":"camiseta","2873":"extranjero","2874":"obvio","2875":"universo","2876":"teor\u00edas","2877":"necesitamos","2878":"pierde","2879":"cuantos","2880":"ojala","2881":"editorial","2882":"lanz\u00f3","2883":"hip\u00f3tesis","2884":"emergencia","2885":"wifi","2886":"grados","2887":"psu","2888":"lee","2889":"exactamente","2890":"literal","2891":"audiencia","2892":"pesca","2893":"drogas","2894":"paga","2895":"comiendo","2896":"federaci\u00f3n","2897":"abrir","2898":"factor","2899":"ca","2900":"minas","2901":"quieras","2902":"agreg\u00f3","2903":"homenaje","2904":"denuncia","2905":"concha","2906":"estuve","2907":"seguramente","2908":"malos","2909":"enemigos","2910":"promoci\u00f3n","2911":"nuclear","2912":"ama","2913":"seas","2914":"productores","2915":"beso","2916":"occidente","2917":"propone","2918":"financiero","2919":"hugo","2920":"compa\u00f1ero","2921":"activa","2922":"integral","2923":"innovaci\u00f3n","2924":"salga","2925":"comparaci\u00f3n","2926":"bosques","2927":"aplica","2928":"descarga","2929":"armada","2930":"entregar","2931":"d\u00f3lar","2932":"ser\u00edan","2933":"gabriel","2934":"encargado","2935":"min","2936":"intenso","2937":"cristianos","2938":"resolver","2939":"rutas","2940":"carbono","2941":"www","2942":"mirada","2943":"intercambio","2944":"cercano","2945":"dispositivos","2946":"apareci\u00f3","2947":"vicente","2948":"sensaci\u00f3n","2949":"atl\u00e1ntico","2950":"archivo","2951":"se\u00f1ores","2952":"pendiente","2953":"orientaci\u00f3n","2954":"largas","2955":"tel\u00e9fonos","2956":"integraci\u00f3n","2957":"terrible","2958":"vicepresidente","2959":"le\u00eddo","2960":"c\u00f3rdoba","2961":"vayan","2962":"deportes","2963":"r\u00e1pida","2964":"oficinas","2965":"verdes","2966":"jajaj","2967":"esencial","2968":"my","2969":"co\u00f1o","2970":"trabaj\u00f3","2971":"a\u00f1adi\u00f3","2972":"literalmente","2973":"paja","2974":"toque","2975":"requisitos","2976":"manifestaciones","2977":"placer","2978":"proteger","2979":"aca","2980":"controlar","2981":"aviones","2982":"enemigo","2983":"durmiendo","2984":"debi\u00f3","2985":"asia","2986":"caracter\u00edstica","2987":"presentado","2988":"cena","2989":"esperaba","2990":"observar","2991":"realizada","2992":"secreto","2993":"alimentaci\u00f3n","2994":"interesados","2995":"salvo","2996":"estaciones","2997":"directiva","2998":"ayuntamiento","2999":"colombiano","3000":"romanos","3001":"progreso","3002":"describe","3003":"ofrecer","3004":"expedia","3005":"alojamientos","3006":"crecer","3007":"cu\u00e1nto","3008":"candidatos","3009":"riesgos","3010":"bomba","3011":"so","3012":"logros","3013":"liberaci\u00f3n","3014":"fusi\u00f3n","3015":"urgente","3016":"muere","3017":"f\u00e1cilmente","3018":"ingeniero","3019":"religiosa","3020":"colombianos","3021":"combinaci\u00f3n","3022":"seguimos","3023":"v\u00edctima","3024":"capa","3025":"\u00fanicos","3026":"corrientes","3027":"buscan","3028":"\u00e1mbito","3029":"venezolano","3030":"coalici\u00f3n","3031":"aliados","3032":"particularmente","3033":"vengo","3034":"quiz\u00e1","3035":"indic\u00f3","3036":"inversiones","3037":"uribe","3038":"vuelvo","3039":"cien","3040":"responsables","3041":"alcanza","3042":"llevado","3043":"quinta","3044":"entiende","3045":"igualdad","3046":"daba","3047":"nace","3048":"tocar","3049":"\u00e1ngeles","3050":"cr\u00edticas","3051":"parecen","3052":"envi\u00f3","3053":"juez","3054":"besos","3055":"bolsa","3056":"inmediato","3057":"visitas","3058":"informa","3059":"realizaci\u00f3n","3060":"verte","3061":"prefiero","3062":"divide","3063":"preocupaci\u00f3n","3064":"universitaria","3065":"vestido","3066":"porcentaje","3067":"c\u00edrculo","3068":"continua","3069":"cuenca","3070":"bailar","3071":"entr\u00f3","3072":"invasi\u00f3n","3073":"per","3074":"dimensiones","3075":"cd","3076":"dato","3077":"entrenador","3078":"asturias","3079":"sabor","3080":"dirigentes","3081":"cargos","3082":"hotwire","3083":"probar","3084":"compras","3085":"lograron","3086":"v\u00edctor","3087":"promover","3088":"delito","3089":"analizar","3090":"hablo","3091":"andaluc\u00eda","3092":"clasificaci\u00f3n","3093":"empresarios","3094":"residencia","3095":"martin","3096":"fabricaci\u00f3n","3097":"japon\u00e9s","3098":"gloria","3099":"entrenamiento","3100":"pr\u00edncipe","3101":"regionales","3102":"mata","3103":"posteriores","3104":"ox\u00edgeno","3105":"explicaci\u00f3n","3106":"terrorista","3107":"proviene","3108":"rumbo","3109":"el\u00e9ctrico","3110":"asunto","3111":"viviendo","3112":"xxx","3113":"comunicaciones","3114":"tranquilidad","3115":"reconocer","3116":"loca","3117":"maravilloso","3118":"faltan","3119":"compuestos","3120":"carreteras","3121":"independientes","3122":"abri\u00f3","3123":"paraguay","3124":"distinto","3125":"alquiler","3126":"tensi\u00f3n","3127":"cifras","3128":"gay","3129":"conoci\u00f3","3130":"condado","3131":"logrado","3132":"industriales","3133":"construido","3134":"conversaci\u00f3n","3135":"hitler","3136":"parar","3137":"pico","3138":"william","3139":"renta","3140":"equivalente","3141":"relacionado","3142":"positiva","3143":"se\u00f1ales","3144":"necesarios","3145":"california","3146":"existir","3147":"romper","3148":"empec\u00e9","3149":"papeles","3150":"estar\u00e1n","3151":"vuelven","3152":"anuncia","3153":"cari\u00f1o","3154":"prima","3155":"tengas","3156":"comienzos","3157":"laboratorio","3158":"enlace","3159":"andan","3160":"tratando","3161":"memes","3162":"mencionar","3163":"taller","3164":"deriva","3165":"tirar","3166":"aut\u00f3noma","3167":"isabel","3168":"psicolog\u00eda","3169":"exportaciones","3170":"rostro","3171":"ricos","3172":"pertenece","3173":"quer\u00e9s","3174":"afecta","3175":"portugu\u00e9s","3176":"ricardo","3177":"ausencia","3178":"sujeto","3179":"sonrisa","3180":"marcos","3181":"orden\u00f3","3182":"cantidades","3183":"necesarias","3184":"desarroll\u00f3","3185":"paola","3186":"evidente","3187":"perd\u00ed","3188":"vean","3189":"conquista","3190":"agenda","3191":"conceptos","3192":"dioses","3193":"h\u00e9roe","3194":"llaman","3195":"italiana","3196":"javier","3197":"posesi\u00f3n","3198":"full","3199":"tristeza","3200":"imperial","3201":"negros","3202":"jardines","3203":"verlo","3204":"pasi\u00f3n","3205":"brazos","3206":"despertar","3207":"fama","3208":"terapia","3209":"blog","3210":"sufri\u00f3","3211":"dedicado","3212":"deportiva","3213":"c\u00e9lula","3214":"realizadas","3215":"regalos","3216":"eta","3217":"hacerle","3218":"medicamentos","3219":"us","3220":"gastos","3221":"publicada","3222":"municipales","3223":"cobre","3224":"dientes","3225":"desarrolla","3226":"result\u00f3","3227":"activos","3228":"define","3229":"fiel","3230":"magia","3231":"infancia","3232":"cr\u00edtico","3233":"salas","3234":"grabaci\u00f3n","3235":"ventana","3236":"implica","3237":"consta","3238":"petici\u00f3n","3239":"falso","3240":"sigui\u00f3","3241":"metales","3242":"individual","3243":"b\u00e1sica","3244":"comprender","3245":"travelocity","3246":"polvo","3247":"esposo","3248":"arroz","3249":"democr\u00e1tico","3250":"pusieron","3251":"diagn\u00f3stico","3252":"confirm\u00f3","3253":"aporte","3254":"reto","3255":"garantizar","3256":"andy","3257":"votar","3258":"habitual","3259":"qu\u00edmica","3260":"contaba","3261":"descanso","3262":"doctor","3263":"mami","3264":"espiritual","3265":"corea","3266":"colegios","3267":"religiosas","3268":"ventaja","3269":"adolescentes","3270":"ficci\u00f3n","3271":"horrible","3272":"lanzamiento","3273":"bomberos","3274":"ocupa","3275":"soberan\u00eda","3276":"breta\u00f1a","3277":"ciudadano","3278":"richard","3279":"peli","3280":"firme","3281":"terrorismo","3282":"cont\u00f3","3283":"sal","3284":"pc","3285":"gen","3286":"na","3287":"oc\u00e9ano","3288":"acaso","3289":"bookingcom","3290":"conservaci\u00f3n","3291":"matem\u00e1ticas","3292":"almacenamiento","3293":"expectativas","3294":"conductor","3295":"dependiendo","3296":"episodio","3297":"mosc\u00fa","3298":"ejecuci\u00f3n","3299":"distritos","3300":"irse","3301":"escenarios","3302":"ciudadan\u00eda","3303":"av","3304":"puesta","3305":"mapasat\u00e9lite","3306":"m\u00e9dica","3307":"permitido","3308":"agradable","3309":"golfo","3310":"calendario","3311":"v\u00eddeos","3312":"iban","3313":"explorar","3314":"venden","3315":"obispo","3316":"manda","3317":"ahorita","3318":"nom\u00e1s","3319":"eje","3320":"felicitaciones","3321":"agr\u00edcola","3322":"viejos","3323":"much\u00edsimo","3324":"concreto","3325":"inteligente","3326":"reinado","3327":"blancos","3328":"quedaron","3329":"une","3330":"protagonista","3331":"lamentablemente","3332":"tendencias","3333":"impresionante","3334":"realizaron","3335":"sombras","3336":"ampliaci\u00f3n","3337":"colonias","3338":"evaluaci\u00f3n","3339":"propuso","3340":"mediterr\u00e1neo","3341":"dibujos","3342":"conde","3343":"hojas","3344":"cartagena","3345":"g\u00f3mez","3346":"windows","3347":"laborales","3348":"cuarta","3349":"sigan","3350":"discos","3351":"tradiciones","3352":"amar","3353":"miren","3354":"escrita","3355":"continental","3356":"\u00f3rganos","3357":"rechazo","3358":"supremo","3359":"techo","3360":"suyo","3361":"perfectamente","3362":"culto","3363":"tarjeta","3364":"data","3365":"er","3366":"osea","3367":"revolucionario","3368":"bienvenida","3369":"barrios","3370":"fuese","3371":"parques","3372":"marketing","3373":"privadas","3374":"musicales","3375":"trae","3376":"opera","3377":"totalidad","3378":"exacto","3379":"\u00e1rabes","3380":"mejora","3381":"doctrina","3382":"ma","3383":"colectivo","3384":"terrestre","3385":"hermosas","3386":"vac\u00edo","3387":"incluida","3388":"empezaron","3389":"griega","3390":"fracaso","3391":"miranda","3392":"recepci\u00f3n","3393":"ruido","3394":"especificaciones","3395":"posiciones","3396":"ra\u00fal","3397":"demuestra","3398":"muestras","3399":"nave","3400":"profundidad","3401":"cable","3402":"preocupa","3403":"dedicada","3404":"institucional","3405":"culturas","3406":"empezando","3407":"chilena","3408":"costumbre","3409":"elaboraci\u00f3n","3410":"destrucci\u00f3n","3411":"cerrado","3412":"pais","3413":"declarado","3414":"et","3415":"tendr\u00e1n","3416":"fotograf\u00eda","3417":"ahre","3418":"hielo","3419":"despierta","3420":"complejos","3421":"viviendas","3422":"manga","3423":"parec\u00eda","3424":"ministra","3425":"meter","3426":"balances","3427":"acompa\u00f1ado","3428":"femenino","3429":"salamanca","3430":"incluir","3431":"gerente","3432":"park","3433":"ilusi\u00f3n","3434":"salario","3435":"circulaci\u00f3n","3436":"danza","3437":"formando","3438":"frecuente","3439":"extra","3440":"excepci\u00f3n","3441":"posiblemente","3442":"quedado","3443":"agentes","3444":"deseamos","3445":"deber\u00e1","3446":"hacienda","3447":"arco","3448":"universitario","3449":"piensan","3450":"aprovechar","3451":"pecho","3452":"recientes","3453":"adicional","3454":"variables","3455":"pelota","3456":"retos","3457":"email","3458":"dar\u00e1","3459":"chocolate","3460":"alerta","3461":"modernos","3462":"hablamos","3463":"escritos","3464":"exteriores","3465":"xiii","3466":"brit\u00e1nicos","3467":"flujo","3468":"lat\u00edn","3469":"constituyen","3470":"autos","3471":"reconoce","3472":"caminando","3473":"disciplina","3474":"tome","3475":"bloque","3476":"desierto","3477":"tenerife","3478":"cambi\u00f3","3479":"incluido","3480":"conocen","3481":"cumbre","3482":"organizado","3483":"falleci\u00f3","3484":"firm\u00f3","3485":"cuestiones","3486":"mate","3487":"uds","3488":"aviso","3489":"efectivo","3490":"caracteriza","3491":"barranquilla","3492":"negociaci\u00f3n","3493":"denominaci\u00f3n","3494":"interacci\u00f3n","3495":"h\u00e9roes","3496":"registros","3497":"basa","3498":"cl\u00ednica","3499":"patas","3500":"americana","3501":"duraci\u00f3n","3502":"musulmanes","3503":"cristiano","3504":"esperan","3505":"poniendo","3506":"rasgos","3507":"determinado","3508":"probable","3509":"quita","3510":"iguales","3511":"marina","3512":"anuncio","3513":"electr\u00f3nica","3514":"descubrimiento","3515":"direcciones","3516":"tomo","3517":"demostrado","3518":"guillermo","3519":"donald","3520":"suena","3521":"molesta","3522":"antioquia","3523":"paredes","3524":"reformas","3525":"especialista","3526":"vial","3527":"respondi\u00f3","3528":"\u00e1nimo","3529":"rueda","3530":"fundador","3531":"jajajajajajaja","3532":"diarios","3533":"relato","3534":"impuesto","3535":"t\u00e9cnicos","3536":"cercana","3537":"reconocido","3538":"drama","3539":"saliendo","3540":"pizza","3541":"organizar","3542":"amistades","3543":"dc","3544":"transferencia","3545":"favorita","3546":"qu\u00edmicos","3547":"instrumento","3548":"indican","3549":"pendejo","3550":"due\u00f1o","3551":"romana","3552":"quedando","3553":"pista","3554":"territorial","3555":"aparecer","3556":"messi","3557":"vivos","3558":"oh","3559":"form\u00f3","3560":"b\u00e1sico","3561":"\u00e9stas","3562":"temporal","3563":"fueran","3564":"brazo","3565":"percepci\u00f3n","3566":"correa","3567":"gratuita","3568":"yendo","3569":"ansiedad","3570":"pintor","3571":"limita","3572":"piernas","3573":"adicionales","3574":"abuelo","3575":"boda","3576":"identificar","3577":"fuegos","3578":"particip\u00f3","3579":"sociedades","3580":"mostr\u00f3","3581":"aplicar","3582":"ejercer","3583":"correr","3584":"dada","3585":"carmen","3586":"radiaci\u00f3n","3587":"sera","3588":"artificiales","3589":"preparado","3590":"docente","3591":"contaminaci\u00f3n","3592":"xvii","3593":"\u00f3rgano","3594":"democr\u00e1tica","3595":"utilizaci\u00f3n","3596":"pl\u00e1stico","3597":"eficiente","3598":"misiones","3599":"exclusivamente","3600":"urbana","3601":"b\u00e1sicos","3602":"art","3603":"motores","3604":"vientos","3605":"notas","3606":"atender","3607":"fronteras","3608":"voces","3609":"comprende","3610":"logro","3611":"pinturas","3612":"dm","3613":"bendiga","3614":"etapas","3615":"da\u00f1os","3616":"tratados","3617":"terraza","3618":"utilizados","3619":"ventanas","3620":"ancho","3621":"revisar","3622":"trabajan","3623":"pacifico","3624":"viste","3625":"penal","3626":"construcciones","3627":"supuestamente","3628":"ministros","3629":"asumir","3630":"adi\u00f3s","3631":"comunistas","3632":"sufre","3633":"queso","3634":"asistencia","3635":"col\u00f3n","3636":"turno","3637":"gravedad","3638":"sit\u00faa","3639":"materias","3640":"rival","3641":"veinte","3642":"aprobaci\u00f3n","3643":"cuello","3644":"referencias","3645":"canarias","3646":"disponibilidad","3647":"franja","3648":"linea","3649":"agradezco","3650":"ferrocarril","3651":"consigue","3652":"inmediata","3653":"world","3654":"centrales","3655":"sufrir","3656":"bienvenido","3657":"chiste","3658":"perteneciente","3659":"peri\u00f3dico","3660":"reservar","3661":"labores","3662":"secundaria","3663":"propietario","3664":"masas","3665":"vital","3666":"sergio","3667":"magnitud","3668":"formal","3669":"cuero","3670":"norma","3671":"vivimos","3672":"prop\u00f3sitos","3673":"teen","3674":"aquello","3675":"formada","3676":"cultivos","3677":"toy","3678":"gasto","3679":"palo","3680":"conocidas","3681":"decoraci\u00f3n","3682":"profunda","3683":"audio","3684":"polic\u00edas","3685":"acad\u00e9mico","3686":"regulaci\u00f3n","3687":"horno","3688":"talento","3689":"reconocida","3690":"fa","3691":"merecen","3692":"orto","3693":"ganador","3694":"tasas","3695":"reuniones","3696":"t\u00edpico","3697":"peores","3698":"puertos","3699":"pod\u00edan","3700":"dividido","3701":"intelectual","3702":"empezamos","3703":"net","3704":"ingresar","3705":"cazadores","3706":"m\u00ednima","3707":"juana","3708":"seguir\u00e1","3709":"ra","3710":"von","3711":"inmigrantes","3712":"miner\u00eda","3713":"inmigraci\u00f3n","3714":"acaban","3715":"dir\u00eda","3716":"pe","3717":"pudieron","3718":"bendici\u00f3n","3719":"inform\u00e1tica","3720":"fundamentalmente","3721":"ac","3722":"particulares","3723":"vargas","3724":"creada","3725":"experto","3726":"part\u00edculas","3727":"maestros","3728":"turistas","3729":"primo","3730":"lindas","3731":"graves","3732":"debut","3733":"fortaleza","3734":"criterio","3735":"ocupaci\u00f3n","3736":"avanzar","3737":"siria","3738":"inspiraci\u00f3n","3739":"limitada","3740":"usados","3741":"piden","3742":"once","3743":"movie","3744":"argumento","3745":"electricidad","3746":"inicios","3747":"priceline","3748":"tw","3749":"sirvi\u00f3","3750":"traer","3751":"dar\u00eda","3752":"existente","3753":"listas","3754":"sucedi\u00f3","3755":"listado","3756":"maneras","3757":"derrota","3758":"pi\u00f1era","3759":"arquitecto","3760":"reservas","3761":"sexuales","3762":"tejido","3763":"avances","3764":"sanciones","3765":"pagina","3766":"come","3767":"sostenible","3768":"aparato","3769":"humo","3770":"obtiene","3771":"titanes","3772":"habilidad","3773":"vinos","3774":"bolivianos","3775":"prevenci\u00f3n","3776":"ind\u00edgena","3777":"monarca","3778":"cuyas","3779":"hecha","3780":"sencilla","3781":"piedras","3782":"iphone","3783":"inflaci\u00f3n","3784":"m\u00e1quinas","3785":"recomiendo","3786":"notable","3787":"ruso","3788":"marido","3789":"atenas","3790":"afuera","3791":"estrategias","3792":"detenido","3793":"brillante","3794":"unico","3795":"galer\u00eda","3796":"elevado","3797":"palma","3798":"hern\u00e1ndez","3799":"batman","3800":"toneladas","3801":"free","3802":"plantel","3803":"directrices","3804":"industrias","3805":"tremendo","3806":"calera","3807":"gigante","3808":"excepto","3809":"porq","3810":"adentro","3811":"entradas","3812":"sueldo","3813":"charles","3814":"directora","3815":"cuadrados","3816":"diablo","3817":"caro","3818":"destacados","3819":"c\u00e9sar","3820":"espacial","3821":"liberales","3822":"\u00e9tica","3823":"ejercicios","3824":"convenio","3825":"villano","3826":"denominada","3827":"anillo","3828":"escritores","3829":"volar","3830":"locura","3831":"empiezan","3832":"intensidad","3833":"regres\u00f3","3834":"utilizada","3835":"sentimiento","3836":"living","3837":"do\u00f1a","3838":"provoc\u00f3","3839":"ilegal","3840":"escenas","3841":"variedades","3842":"curva","3843":"amores","3844":"paul","3845":"procedimientos","3846":"foro","3847":"love","3848":"dur\u00f3","3849":"contratos","3850":"vi\u00f1a","3851":"antig\u00fcedad","3852":"famosos","3853":"honduras","3854":"pinta","3855":"amarillas","3856":"ve\u00eda","3857":"especialistas","3858":"provoca","3859":"clim\u00e1tico","3860":"pe\u00f1a","3861":"delincuentes","3862":"creando","3863":"soledad","3864":"gen\u00e9tica","3865":"aumenta","3866":"subi\u00f3","3867":"ramos","3868":"d\u00e9","3869":"crees","3870":"aceptan","3871":"fuiste","3872":"latinoam\u00e9rica","3873":"descenso","3874":"administrativo","3875":"decenas","3876":"parejas","3877":"pr","3878":"comienzan","3879":"permitir\u00e1","3880":"manual","3881":"decide","3882":"asesinado","3883":"usada","3884":"caballero","3885":"refleja","3886":"may","3887":"combustible","3888":"occidentales","3889":"sebasti\u00e1n","3890":"flota","3891":"describir","3892":"encontr\u00e9","3893":"tercero","3894":"sugiere","3895":"permita","3896":"investidura","3897":"abiertas","3898":"intentos","3899":"aventura","3900":"establecido","3901":"fauna","3902":"g\u00e9neros","3903":"enfoque","3904":"inframundo","3905":"quito","3906":"amable","3907":"inicialmente","3908":"hoja","3909":"respaldo","3910":"pidiendo","3911":"exportaci\u00f3n","3912":"quiso","3913":"teniente","3914":"saco","3915":"imagino","3916":"hac\u00edan","3917":"demostr\u00f3","3918":"pre","3919":"accidentes","3920":"descubierto","3921":"llevaba","3922":"originales","3923":"negativo","3924":"gym","3925":"correcta","3926":"criterios","3927":"ch\u00e1vez","3928":"l\u00edquido","3929":"alrededores","3930":"robar","3931":"fila","3932":"religioso","3933":"administrador","3934":"farc","3935":"cubierta","3936":"master","3937":"preparar","3938":"frutas","3939":"cristianismo","3940":"gr\u00e1fico","3941":"cumplimiento","3942":"disney","3943":"pensaba","3944":"correspondiente","3945":"generaciones","3946":"profesi\u00f3n","3947":"\u00edndice","3948":"vii","3949":"moreno","3950":"vidrio","3951":"destacado","3952":"sienten","3953":"we","3954":"afectados","3955":"lluvias","3956":"estable","3957":"adecuado","3958":"enfrentar","3959":"cuadros","3960":"caminar","3961":"plato","3962":"manager","3963":"cambiado","3964":"gustavo","3965":"compuesta","3966":"conoc\u00ed","3967":"coger","3968":"finalizar","3969":"desempe\u00f1o","3970":"descubri\u00f3","3971":"american","3972":"is","3973":"nieve","3974":"entro","3975":"cuidar","3976":"levantar","3977":"paquete","3978":"lesiones","3979":"brinda","3980":"precisi\u00f3n","3981":"visual","3982":"reloj","3983":"juntas","3984":"bb","3985":"sena","3986":"transici\u00f3n","3987":"enviado","3988":"vasco","3989":"reuni\u00f3","3990":"fiebre","3991":"condena","3992":"lucas","3993":"platos","3994":"dirigente","3995":"saludo","3996":"chinos","3997":"alternativas","3998":"consistentemente","3999":"dichos","4000":"definir","4001":"llamaba","4002":"perra","4003":"atm\u00f3sfera","4004":"proporciona","4005":"diversidad","4006":"comarca","4007":"garant\u00eda","4008":"raza","4009":"financiamiento","4010":"mancha","4011":"mart\u00ed","4012":"coordinaci\u00f3n","4013":"ampliar","4014":"signos","4015":"estilos","4016":"cuantas","4017":"boliviano","4018":"enamore","4019":"dibujo","4020":"noroeste","4021":"sabidur\u00eda","4022":"radical","4023":"circular","4024":"vengan","4025":"carolina","4026":"pagan","4027":"abandonar","4028":"competencias","4029":"bro","4030":"instancia","4031":"darse","4032":"lanzado","4033":"mina","4034":"robert","4035":"recibiendo","4036":"ronda","4037":"silla","4038":"parroquia","4039":"rurales","4040":"seguros","4041":"tremenda","4042":"administradores","4043":"a\u00e9reo","4044":"mejoras","4045":"implementaci\u00f3n","4046":"socialismo","4047":"continu\u00f3","4048":"lastima","4049":"humanas","4050":"jaime","4051":"balance","4052":"tarjetas","4053":"frank","4054":"trayectoria","4055":"cumpli\u00f3","4056":"cu\u00e1les","4057":"emplea","4058":"b\u00e1sicamente","4059":"productividad","4060":"instrucciones","4061":"argentinos","4062":"escucho","4063":"revisi\u00f3n","4064":"center","4065":"liderazgo","4066":"prepara","4067":"combatir","4068":"examen","4069":"ignacio","4070":"herencia","4071":"frecuentes","4072":"deber\u00e1n","4073":"votaci\u00f3n","4074":"apoya","4075":"plus","4076":"marcado","4077":"popularidad","4078":"invitados","4079":"salgo","4080":"mantienen","4081":"gimnasio","4082":"parada","4083":"margen","4084":"redacci\u00f3n","4085":"idiota","4086":"hacerme","4087":"cancha","4088":"vivido","4089":"interpretar","4090":"legislativo","4091":"atentado","4092":"profundo","4093":"conversaciones","4094":"fotograf\u00edas","4095":"lanza","4096":"expresa","4097":"acepta","4098":"quitar","4099":"fruto","4100":"posta","4101":"golpes","4102":"legado","4103":"iniciativas","4104":"terminal","4105":"ceremonia","4106":"municipalidad","4107":"abundante","4108":"fuimos","4109":"negociaciones","4110":"intent\u00f3","4111":"via","4112":"ht","4113":"corresponden","4114":"cr\u00edticos","4115":"tesoro","4116":"construida","4117":"ampliamente","4118":"importar","4119":"existentes","4120":"pol\u00e9mica","4121":"fallo","4122":"hdp","4123":"ponga","4124":"fan","4125":"explotaci\u00f3n","4126":"app","4127":"pas\u00e9","4128":"dosis","4129":"guerrero","4130":"one","4131":"espect\u00e1culo","4132":"capas","4133":"vaina","4134":"star","4135":"delegaci\u00f3n","4136":"sirven","4137":"caracteres","4138":"consigo","4139":"hijas","4140":"observa","4141":"vuelva","4142":"verse","4143":"europeas","4144":"navarra","4145":"limpio","4146":"b\u00e9isbol","4147":"eco","4148":"ignorancia","4149":"intensa","4150":"nervios","4151":"argumentos","4152":"nisman","4153":"telecomunicaciones","4154":"necesitaba","4155":"maldita","4156":"trenes","4157":"dec\u00edan","4158":"c\u00f3modo","4159":"orgullo","4160":"llegu\u00e9","4161":"potencias","4162":"contando","4163":"quince","4164":"oscuro","4165":"treinta","4166":"anuales","4167":"thomas","4168":"conducir","4169":"convertir","4170":"berl\u00edn","4171":"solicitud","4172":"parcial","4173":"confirma","4174":"misiles","4175":"efe","4176":"monumento","4177":"identificado","4178":"protocolo","4179":"queridos","4180":"secretar\u00eda","4181":"marc\u00f3","4182":"hablas","4183":"ciudadana","4184":"aficionados","4185":"cantar","4186":"reducido","4187":"esquina","4188":"elegidos","4189":"residentes","4190":"sra","4191":"tramo","4192":"vacantes","4193":"digitales","4194":"fan\u00e1ticos","4195":"terrenos","4196":"agregar","4197":"dispuesto","4198":"decidido","4199":"sal\u00ed","4200":"campa\u00f1as","4201":"poderoso","4202":"invita","4203":"medir","4204":"abuso","4205":"informes","4206":"censo","4207":"baby","4208":"altitud","4209":"bacterias","4210":"coches","4211":"fortalecer","4212":"rayos","4213":"louis","4214":"mueve","4215":"sube","4216":"estima","4217":"pagos","4218":"sonora","4219":"semillas","4220":"\u00e1lvarez","4221":"expresar","4222":"gluten","4223":"msnm","4224":"separaci\u00f3n","4225":"paquetes","4226":"gama","4227":"hagas","4228":"noble","4229":"obviamente","4230":"tendremos","4231":"sureste","4232":"sostuvo","4233":"muero","4234":"convocatoria","4235":"espada","4236":"quinto","4237":"muertes","4238":"cre\u00eda","4239":"terminado","4240":"empiezo","4241":"m\u00fasicos","4242":"acondicionado","4243":"reflexi\u00f3n","4244":"registr\u00f3","4245":"pl","4246":"ideolog\u00eda","4247":"sujetos","4248":"env\u00edo","4249":"minerales","4250":"juguetes","4251":"exige","4252":"corporaci\u00f3n","4253":"desarrollada","4254":"espejo","4255":"fundado","4256":"carros","4257":"est\u00e9s","4258":"usualmente","4259":"fraude","4260":"andes","4261":"t\u00eda","4262":"delantero","4263":"colonial","4264":"mineral","4265":"desastre","4266":"absoluto","4267":"hect\u00e1reas","4268":"carb\u00f3n","4269":"cueva","4270":"lento","4271":"trajo","4272":"at","4273":"pendientes","4274":"texas","4275":"contamos","4276":"americano","4277":"incapaz","4278":"reacciones","4279":"policial","4280":"tono","4281":"sorprende","4282":"m\u00f3viles","4283":"atacar","4284":"dame","4285":"orquesta","4286":"espec\u00edfico","4287":"reporte","4288":"polonia","4289":"jeje","4290":"socialistas","4291":"supera","4292":"conciertos","4293":"toman","4294":"criminal","4295":"tragedia","4296":"marta","4297":"hp","4298":"arturo","4299":"sentencia","4300":"clubes","4301":"dise\u00f1os","4302":"hospitales","4303":"vigente","4304":"liberal","4305":"hist\u00f3ricos","4306":"\u00faltimamente","4307":"brindar","4308":"crean","4309":"dirigir","4310":"le\u00ed","4311":"fav","4312":"sustancias","4313":"esquema","4314":"duermo","4315":"dichas","4316":"chat","4317":"hrs","4318":"xv","4319":"mol\u00e9culas","4320":"compleja","4321":"gases","4322":"hiciste","4323":"cagar","4324":"har\u00eda","4325":"hablado","4326":"poema","4327":"cadenas","4328":"toledo","4329":"relevante","4330":"escort","4331":"energ\u00edas","4332":"previa","4333":"murieron","4334":"puebla","4335":"aprob\u00f3","4336":"peligroso","4337":"travieso","4338":"impresi\u00f3n","4339":"\u00e1tomos","4340":"emocional","4341":"disminuci\u00f3n","4342":"salieron","4343":"bancos","4344":"signo","4345":"auge","4346":"placa","4347":"celebr\u00f3","4348":"descubre","4349":"considerando","4350":"legales","4351":"procedentes","4352":"mama","4353":"du","4354":"extra\u00f1a","4355":"crush","4356":"rocas","4357":"variaci\u00f3n","4358":"mauricio","4359":"extra\u00f1ar","4360":"rusa","4361":"viena","4362":"mini","4363":"naves","4364":"seno","4365":"masajes","4366":"catal\u00e1n","4367":"oral","4368":"variable","4369":"salsa","4370":"arranque","4371":"participaron","4372":"contribuir","4373":"acad\u00e9mica","4374":"dama","4375":"esclavos","4376":"japoneses","4377":"seguimiento","4378":"cami\u00f3n","4379":"costos","4380":"paciencia","4381":"efectivos","4382":"llamo","4383":"usos","4384":"compre","4385":"originalmente","4386":"trabajador","4387":"finanzas","4388":"interesantes","4389":"bronce","4390":"ponerse","4391":"primaria","4392":"exclusiva","4393":"muro","4394":"re\u00edr","4395":"constantes","4396":"federico","4397":"fortuna","4398":"pierdas","4399":"antofagasta","4400":"anime","4401":"marcelo","4402":"registrado","4403":"facilidad","4404":"necesariamente","4405":"comedia","4406":"terremoto","4407":"sent\u00ed","4408":"summer","4409":"alarma","4410":"cer\u00e1mica","4411":"privados","4412":"busco","4413":"fea","4414":"tomada","4415":"barra","4416":"tweets","4417":"considerable","4418":"extrema","4419":"saca","4420":"giro","4421":"moto","4422":"fund\u00f3","4423":"espec\u00edficamente","4424":"multitud","4425":"solicite","4426":"n\u00facleos","4427":"vosotros","4428":"agradecer","4429":"rivera","4430":"cobertura","4431":"falsa","4432":"crearon","4433":"accesorios","4434":"literaria","4435":"llegamos","4436":"rama","4437":"falla","4438":"adolescente","4439":"expedici\u00f3n","4440":"alonso","4441":"pap\u00e1s","4442":"titulado","4443":"mexico","4444":"pal","4445":"nazi","4446":"eficiencia","4447":"s\u00edntesis","4448":"introducci\u00f3n","4449":"mand\u00f3","4450":"episodios","4451":"cubre","4452":"madres","4453":"absoluta","4454":"ten\u00e9s","4455":"tabaco","4456":"mandatario","4457":"alba","4458":"instante","4459":"sostiene","4460":"bus","4461":"asesor","4462":"neta","4463":"encontraron","4464":"infantiles","4465":"microsoft","4466":"vencer","4467":"porfa","4468":"cl\u00e1sicos","4469":"conducta","4470":"revistas","4471":"consider\u00f3","4472":"primavera","4473":"banca","4474":"luces","4475":"espa\u00f1olas","4476":"sesiones","4477":"s\u00edmbolos","4478":"contraste","4479":"accede","4480":"quer\u00edan","4481":"matan","4482":"creador","4483":"hollywood","4484":"fresco","4485":"herrera","4486":"lamentable","4487":"ir\u00e1","4488":"mexicanos","4489":"conserva","4490":"ram\u00edrez","4491":"inglesa","4492":"f\u00f3rmula","4493":"capitalismo","4494":"irlanda","4495":"apreciar","4496":"carnaval","4497":"electrones","4498":"desaparecer","4499":"arranca","4500":"macri","4501":"rosario","4502":"diosa","4503":"mia","4504":"modernas","4505":"celulares","4506":"b\u00edo","4507":"ortega","4508":"grasa","4509":"\u00f3rbita","4510":"gust\u00f3","4511":"ten","4512":"nubes","4513":"olvidado","4514":"cantando","4515":"legislaci\u00f3n","4516":"talleres","4517":"impedir","4518":"habl\u00f3","4519":"rodrigo","4520":"armadas","4521":"estr\u00e9s","4522":"contienen","4523":"adaptaci\u00f3n","4524":"utiliz\u00f3","4525":"emoci\u00f3n","4526":"ix","4527":"spa","4528":"tributaria","4529":"tropical","4530":"inclusi\u00f3n","4531":"pendejos","4532":"alegre","4533":"fiscal\u00eda","4534":"provenientes","4535":"ma\u00edz","4536":"aceptaci\u00f3n","4537":"hacerte","4538":"catalu\u00f1a","4539":"sat\u00e9lite","4540":"favoritos","4541":"lanzar","4542":"procede","4543":"deber","4544":"estudi\u00f3","4545":"alimento","4546":"realizar\u00e1","4547":"planificaci\u00f3n","4548":"cirug\u00eda","4549":"aventuras","4550":"pirotecnia","4551":"construy\u00f3","4552":"encuestas","4553":"aument\u00f3","4554":"usd","4555":"suiza","4556":"espec\u00edficos","4557":"conclusi\u00f3n","4558":"termin\u00e9","4559":"ju\u00e1rez","4560":"pr\u00f3ximas","4561":"biblia","4562":"robo","4563":"max","4564":"procesamiento","4565":"servir","4566":"previo","4567":"destinado","4568":"asesinos","4569":"deb\u00edan","4570":"ej\u00e9rcitos","4571":"mineros","4572":"efectiva","4573":"st","4574":"frecuentemente","4575":"servidor","4576":"bebe","4577":"bailando","4578":"comparto","4579":"\u00f3pera","4580":"monterrey","4581":"productor","4582":"amp","4583":"orbitz","4584":"previamente","4585":"dise\u00f1ado","4586":"chuky","4587":"elige","4588":"tardes","4589":"jud\u00edo","4590":"vestimenta","4591":"convenci\u00f3n","4592":"toc\u00f3","4593":"complicado","4594":"tuyo","4595":"referente","4596":"siesta","4597":"artificial","4598":"destinos","4599":"ediciones","4600":"b\u00fasquedas","4601":"dedos","4602":"tuviera","4603":"hubiese","4604":"funcionario","4605":"mg","4606":"pdte","4607":"internos","4608":"b\u00e9lgica","4609":"semestre","4610":"pasamos","4611":"computadora","4612":"invitaci\u00f3n","4613":"avanzado","4614":"d\u00e9bil","4615":"esteban","4616":"huesos","4617":"pasaje","4618":"creciendo","4619":"jerusal\u00e9n","4620":"mide","4621":"recuerden","4622":"comercializadora","4623":"mundiales","4624":"japonesa","4625":"yaske","4626":"laguna","4627":"gonzalo","4628":"beber","4629":"chicago","4630":"observaciones","4631":"valen","4632":"incre\u00edbles","4633":"farmacia","4634":"realizados","4635":"victorias","4636":"patr\u00f3n","4637":"mates","4638":"actitudes","4639":"historiador","4640":"llano","4641":"muriendo","4642":"caballos","4643":"rabia","4644":"adopci\u00f3n","4645":"halla","4646":"duelo","4647":"veremos","4648":"individuales","4649":"determinada","4650":"aguanto","4651":"junior","4652":"pop","4653":"enamorado","4654":"mam\u00edferos","4655":"masiva","4656":"encontrarse","4657":"evidencias","4658":"circuito","4659":"damos","4660":"emisi\u00f3n","4661":"suficientemente","4662":"pollo","4663":"ruedas","4664":"modos","4665":"mandar","4666":"taxi","4667":"nobel","4668":"extinci\u00f3n","4669":"extiende","4670":"ubica","4671":"desarrollan","4672":"ven\u00eda","4673":"canadiense","4674":"ofensiva","4675":"columnas","4676":"cumplan","4677":"pensiones","4678":"estudia","4679":"hable","4680":"maquinaria","4681":"gasolina","4682":"pensado","4683":"bs","4684":"guaido","4685":"ave","4686":"calma","4687":"embajador","4688":"it","4689":"barrera","4690":"pastor","4691":"tom\u00e1s","4692":"definido","4693":"mio","4694":"sub","4695":"adecuada","4696":"fibra","4697":"matriz","4698":"alcanzado","4699":"enormes","4700":"viejas","4701":"plazas","4702":"acontecimientos","4703":"novelas","4704":"aprend\u00ed","4705":"claves","4706":"alcald\u00eda","4707":"izquierdo","4708":"gustado","4709":"estad\u00edsticas","4710":"casco","4711":"traiga","4712":"pongan","4713":"vuelto","4714":"negativa","4715":"colocar","4716":"manejar","4717":"realizando","4718":"xiv","4719":"queriendo","4720":"diaria","4721":"apellido","4722":"bellas","4723":"t\u00e9","4724":"proyecci\u00f3n","4725":"solos","4726":"bebidas","4727":"wn","4728":"violaci\u00f3n","4729":"rosas","4730":"hab","4731":"ocupar","4732":"est\u00e9tica","4733":"ecuaci\u00f3n","4734":"renovaci\u00f3n","4735":"humedad","4736":"visible","4737":"monedas","4738":"olor","4739":"oraci\u00f3n","4740":"reconstrucci\u00f3n","4741":"correspondientes","4742":"pasen","4743":"confederaci\u00f3n","4744":"variaciones","4745":"ue","4746":"fox","4747":"prioridad","4748":"jajajajaj","4749":"recomendaciones","4750":"explosi\u00f3n","4751":"expresiones","4752":"participan","4753":"carita","4754":"ejemplares","4755":"tur\u00edstico","4756":"comen","4757":"agust\u00edn","4758":"recolecci\u00f3n","4759":"\u00fatiles","4760":"ramas","4761":"rebelion","4762":"choque","4763":"guste","4764":"creatividad","4765":"querida","4766":"com\u00fanmente","4767":"estreno","4768":"venido","4769":"darme","4770":"representar","4771":"cumplen","4772":"sabiendo","4773":"circo","4774":"sello","4775":"quemar","4776":"hs","4777":"dormitorio","4778":"distinguir","4779":"funcionar","4780":"nariz","4781":"terminan","4782":"united","4783":"billetes","4784":"borde","4785":"digas","4786":"royal","4787":"amante","4788":"maquillaje","4789":"vestir","4790":"aburrido","4791":"amantes","4792":"villas","4793":"quise","4794":"escucha","4795":"algun","4796":"consumidores","4797":"steel","4798":"requieren","4799":"causado","4800":"incorporaci\u00f3n","4801":"semejante","4802":"pelear","4803":"virginia","4804":"var\u00eda","4805":"olvido","4806":"subtitulada","4807":"valpara\u00edso","4808":"heridas","4809":"alberga","4810":"sombra","4811":"parra","4812":"organiz\u00f3","4813":"logrando","4814":"incidencia","4815":"establecidos","4816":"ponerme","4817":"acad\u00e9micos","4818":"organiza","4819":"asegurar","4820":"investigar","4821":"estar\u00e9","4822":"tetas","4823":"lesi\u00f3n","4824":"vega","4825":"queres","4826":"caras","4827":"costado","4828":"rubio","4829":"cristal","4830":"italianos","4831":"peri\u00f3dicos","4832":"infierno","4833":"dirigi\u00f3","4834":"jurisdicci\u00f3n","4835":"mac","4836":"claras","4837":"construyendo","4838":"divertido","4839":"libertadores","4840":"procedente","4841":"salto","4842":"princesa","4843":"estacionamiento","4844":"pasaba","4845":"best","4846":"cago","4847":"dif\u00edciles","4848":"firmado","4849":"sano","4850":"asociaciones","4851":"consumidor","4852":"murcia","4853":"polo","4854":"integrado","4855":"licantropos","4856":"cementerio","4857":"costumbres","4858":"influencias","4859":"culpable","4860":"gobernante","4861":"jetcost","4862":"recibieron","4863":"residuos","4864":"docentes","4865":"cia","4866":"a\u00e9rea","4867":"dedic\u00f3","4868":"rara","4869":"manipulaci\u00f3n","4870":"mec\u00e1nica","4871":"pega","4872":"conservador","4873":"asalto","4874":"observaci\u00f3n","4875":"obligaci\u00f3n","4876":"ejecutar","4877":"tuberculosis","4878":"educativo","4879":"autoestima","4880":"pantalones","4881":"refugio","4882":"norteamericano","4883":"claudio","4884":"casualidad","4885":"crods","4886":"ricas","4887":"evaluar","4888":"exist\u00eda","4889":"paisajes","4890":"mo","4891":"cocinar","4892":"gris","4893":"maldito","4894":"seca","4895":"recurso","4896":"republicano","4897":"cinta","4898":"ayudan","4899":"elevada","4900":"vigor","4901":"qued\u00e9","4902":"simples","4903":"diana","4904":"intenta","4905":"captura","4906":"tratamientos","4907":"di\u00f3","4908":"cortar","4909":"joaqu\u00edn","4910":"luchas","4911":"profundamente","4912":"habia","4913":"para\u00edso","4914":"gastronom\u00eda","4915":"discusiones","4916":"frases","4917":"uy","4918":"minera","4919":"cuentos","4920":"cr\u00f3nica","4921":"defiende","4922":"futbol","4923":"extensa","4924":"gratuito","4925":"pilar","4926":"roca","4927":"enamorada","4928":"agencias","4929":"cu","4930":"lleve","4931":"despierto","4932":"capacitaci\u00f3n","4933":"droga","4934":"a\u00f1adir","4935":"manifest\u00f3","4936":"rompe","4937":"actualizar","4938":"crece","4939":"rio","4940":"sent\u00eda","4941":"from","4942":"presentada","4943":"ambientales","4944":"l\u00f3gico","4945":"fijo","4946":"desaf\u00edos","4947":"austria","4948":"presta","4949":"urgencia","4950":"lt","4951":"preciso","4952":"jean","4953":"dolores","4954":"dime","4955":"ke","4956":"lol","4957":"satisfacci\u00f3n","4958":"perdiendo","4959":"circunstancias","4960":"din\u00e1mica","4961":"amanecer","4962":"condenado","4963":"f\u00e1brica","4964":"tod","4965":"king","4966":"naval","4967":"h\u00e9ctor","4968":"agente","4969":"casado","4970":"trama","4971":"magn\u00e9tico","4972":"distinta","4973":"\u00f3scar","4974":"cas\u00f3","4975":"renacimiento","4976":"piloto","4977":"trat\u00f3","4978":"trabajado","4979":"sacerdotes","4980":"exceso","4981":"confiar","4982":"invito","4983":"justin","4984":"despert\u00e9","4985":"papi","4986":"maya","4987":"estupidez","4988":"palos","4989":"imprimir","4990":"xii","4991":"eficaz","4992":"ventajas","4993":"fifa","4994":"econom\u00edas","4995":"\u00e1vila","4996":"referirse","4997":"perdida","4998":"decidieron","4999":"henry"}}