{"tgl":{"0":"sa","1":"na","2":"ng","3":"ang","4":"mga","5":"ko","6":"at","7":"ay","8":"ako","9":"num","10":"ni","11":"lang","12":"pa","13":"mo","14":"si","15":"hindi","16":"ka","17":"naman","18":"yung","19":"may","20":"kung","21":"isang","22":"di","23":"para","24":"ito","25":"pero","26":"niya","27":"ba","28":"wala","29":"siya","30":"kay","31":"dahil","32":"talaga","33":"po","34":"rin","35":"din","36":"nga","37":"kaya","38":"pag","39":"to","40":"kasi","41":"the","42":"mag","43":"ano","44":"nang","45":"kanyang","46":"hahaha","47":"gusto","48":"and","49":"ngayon","50":"lahat","51":"nila","52":"sila","53":"hahahaha","54":"of","55":"walang","56":"sana","57":"alam","58":"akong","59":"kahit","60":"mas","61":"nito","62":"dito","63":"tao","64":"noong","65":"eh","66":"nag","67":"kami","68":"daw","69":"yan","70":"nalang","71":"kanilang","72":"isa","73":"kayo","74":"tapos","75":"upang","76":"man","77":"iba","78":"namin","79":"kong","80":"bilang","81":"in","82":"pang","83":"pala","84":"tayo","85":"parang","86":"bakit","87":"dapat","88":"hahahahaha","89":"so","90":"mula","91":"yun","92":"araw","93":"ibang","94":"kapag","95":"kita","96":"nasa","97":"you","98":"nung","99":"nya","100":"lamang","101":"wag","102":"saan","103":"for","104":"natin","105":"maging","106":"buhay","107":"sabi","108":"haha","109":"nako","110":"tungkol","111":"ayon","112":"naging","113":"nyo","114":"ikaw","115":"hanggang","116":"tas","117":"kasama","118":"habang","119":"kanya","120":"sobrang","121":"niyang","122":"sayo","123":"miss","124":"ilang","125":"me","126":"sya","127":"baka","128":"niyo","129":"bansa","130":"pilipinas","131":"or","132":"is","133":"my","134":"unang","135":"bago","136":"siyang","137":"kailangan","138":"taong","139":"on","140":"brainlyph","141":"anak","142":"bahay","143":"sinabi","144":"ayaw","145":"time","146":"dalawang","147":"ha","148":"muna","149":"akin","150":"okay","151":"ulit","152":"sakin","153":"bat","154":"sarili","155":"ma","156":"kaso","157":"paano","158":"mong","159":"ating","160":"panahon","161":"agad","162":"hahahahahaha","163":"sino","164":"mahal","165":"lalo","166":"no","167":"bukas","168":"sakit","169":"love","170":"anong","171":"lagi","172":"matapos","173":"tangina","174":"pwede","175":"kang","176":"ung","177":"loob","178":"bagay","179":"ngunit","180":"taon","181":"maraming","182":"oras","183":"it","184":"bagong","185":"raw","186":"ate","187":"city","188":"ah","189":"halimbawa","190":"yon","191":"babae","192":"itong","193":"grabe","194":"bata","195":"happy","196":"kanina","197":"marami","198":"lugar","199":"dami","200":"maaaring","201":"nakita","202":"this","203":"all","204":"day","205":"buong","206":"ganda","207":"silang","208":"sabihin","209":"pamamagitan","210":"jud","211":"kaibigan","212":"tulad","213":"basta","214":"ngayong","215":"naka","216":"sarap","217":"namang","218":"huhu","219":"galing","220":"masaya","221":"mama","222":"dun","223":"hehe","224":"bang","225":"pamilya","226":"oy","227":"siguro","228":"bawat","229":"as","230":"laban","231":"with","232":"feeling","233":"dating","234":"oo","235":"pati","236":"ata","237":"sina","238":"crush","239":"meron","240":"dalawa","241":"totoo","242":"lalaki","243":"minsan","244":"ginawa","245":"nanaman","246":"noon","247":"puro","248":"iyong","249":"lt","250":"maganda","251":"bahagi","252":"problema","253":"kuya","254":"gawin","255":"nilang","256":"ginagawa","257":"am","258":"up","259":"de","260":"from","261":"hi","262":"sorry","263":"kanila","264":"nitong","265":"biktima","266":"next","267":"like","268":"home","269":"aking","270":"kase","271":"trabaho","272":"tama","273":"uri","274":"amp","275":"good","276":"last","277":"tuloy","278":"first","279":"tong","280":"kapatid","281":"hirap","282":"lng","283":"by","284":"ga","285":"manila","286":"mundo","287":"school","288":"pera","289":"wa","290":"dati","291":"salamat","292":"sir","293":"una","294":"sige","295":"magiging","296":"ayoko","297":"dahilan","298":"la","299":"thank","300":"katawan","301":"ganun","302":"pagkatapos","303":"tulog","304":"year","305":"hoy","306":"gabi","307":"paraan","308":"news","309":"bayan","310":"nasabing","311":"philippine","312":"iyon","313":"halos","314":"dont","315":"san","316":"new","317":"ya","318":"gagawin","319":"an","320":"hahahahahahaha","321":"one","322":"talagang","323":"filipino","324":"kaayo","325":"gamit","326":"oh","327":"be","328":"ta","329":"tamang","330":"wika","331":"ibat","332":"that","333":"kabilang","334":"twitter","335":"cute","336":"pelikula","337":"kilala","338":"kana","339":"hahahah","340":"ring","341":"kaming","342":"after","343":"tatlong","344":"huwag","345":"malaking","346":"magandang","347":"gaya","348":"ina","349":"ginagamit","350":"not","351":"don","352":"akala","353":"doon","354":"philippines","355":"parin","356":"ra","357":"palang","358":"makita","359":"if","360":"pagiging","361":"nina","362":"naa","363":"sinasabi","364":"ganyan","365":"puso","366":"jowa","367":"malapit","368":"ug","369":"yang","370":"gumawa","371":"birthday","372":"pota","373":"ibig","374":"ok","375":"saya","376":"tubig","377":"bigla","378":"pangalan","379":"pano","380":"nakikita","381":"pilipino","382":"mukha","383":"rito","384":"buwan","385":"ulo","386":"show","387":"ani","388":"umaga","389":"nak","390":"umano","391":"saka","392":"mata","393":"maka","394":"mamaya","395":"tunay","396":"grupo","397":"patuloy","398":"eto","399":"buti","400":"but","401":"dyan","402":"chat","403":"gago","404":"lol","405":"ganon","406":"kwento","407":"mahirap","408":"dibdib","409":"asawa","410":"are","411":"laging","412":"huli","413":"batas","414":"dumating","415":"ganitong","416":"epekto","417":"suspek","418":"about","419":"video","420":"ninyo","421":"lakas","422":"hello","423":"klase","424":"makikita","425":"hapon","426":"sagot","427":"tanong","428":"tayong","429":"kundi","430":"more","431":"team","432":"apat","433":"naturang","434":"miyembro","435":"please","436":"us","437":"pamahalaan","438":"life","439":"kala","440":"simula","441":"ho","442":"out","443":"go","444":"matulog","445":"ika","446":"pagkain","447":"tinatawag","448":"hahahahah","449":"lumabas","450":"inyo","451":"week","452":"super","453":"online","454":"sabay","455":"mali","456":"tula","457":"papa","458":"baby","459":"linggo","460":"sis","461":"daming","462":"way","463":"aniya","464":"maaari","465":"tweet","466":"galit","467":"pagaaral","468":"tv","469":"lupa","470":"breaking","471":"kayong","472":"pm","473":"malaki","474":"lord","475":"aq","476":"friends","477":"kagabi","478":"national","479":"uy","480":"ganito","481":"ewan","482":"ilan","483":"bukod","484":"madalas","485":"kanta","486":"your","487":"charot","488":"hays","489":"nanay","490":"can","491":"pasok","492":"diay","493":"pangulong","494":"gma","495":"barangay","496":"tawag","497":"salita","498":"nangyari","499":"medyo","500":"sama","501":"maayos","502":"biglang","503":"pahayag","504":"pumasok","505":"tanga","506":"nagkaroon","507":"pangunahing","508":"nating","509":"post","510":"magulang","511":"mayroon","512":"inyong","513":"diyos","514":"just","515":"maliit","516":"labas","517":"diba","518":"best","519":"kahapon","520":"we","521":"susunod","522":"matagal","523":"jan","524":"magkaroon","525":"story","526":"do","527":"saken","528":"now","529":"what","530":"feel","531":"sobra","532":"phone","533":"hai","534":"aquino","535":"he","536":"kaniyang","537":"halaga","538":"gustong","539":"relasyon","540":"isip","541":"malaman","542":"tauhan","543":"mabilis","544":"exam","545":"yawa","546":"katulad","547":"mang","548":"hala","549":"tingin","550":"kailan","551":"pagitan","552":"tuwing","553":"malakas","554":"higit","555":"naalala","556":"was","557":"star","558":"ama","559":"kamay","560":"sariling","561":"yong","562":"yo","563":"im","564":"pagod","565":"yes","566":"alas","567":"hahahahahahahaha","568":"char","569":"gawa","570":"movie","571":"tulong","572":"sayang","573":"bansang","574":"sad","575":"iyo","576":"tagal","577":"tawa","578":"media","579":"karaniwang","580":"amin","581":"gobyerno","582":"pulis","583":"pangulo","584":"kesa","585":"joke","586":"kog","587":"tsina","588":"sure","589":"siyempre","590":"opisyal","591":"naming","592":"years","593":"kabataan","594":"mukhang","595":"police","596":"pinoy","597":"mahalaga","598":"adik","599":"wow","600":"patay","601":"lungsod","602":"mataas","603":"class","604":"days","605":"kayang","606":"entertainment","607":"ding","608":"friend","609":"rizal","610":"nais","611":"muli","612":"kausap","613":"balik","614":"work","615":"masyado","616":"girl","617":"asya","618":"salitang","619":"st","620":"madaling","621":"fb","622":"kaugnay","623":"huling","624":"laro","625":"stay","626":"guys","627":"wikang","628":"paggamit","629":"quezon","630":"mabuti","631":"jusko","632":"know","633":"kumain","634":"puta","635":"gamot","636":"batang","637":"mismo","638":"close","639":"tagalog","640":"gamitin","641":"ilalim","642":"diyan","643":"artista","644":"morning","645":"say","646":"handa","647":"gt","648":"world","649":"aral","650":"nimo","651":"heart","652":"its","653":"game","654":"karamihan","655":"parehong","656":"aming","657":"tsaka","658":"network","659":"kailangang","660":"need","661":"kahulugan","662":"ukol","663":"night","664":"bus","665":"taga","666":"og","667":"kaysa","668":"kelan","669":"pagdating","670":"family","671":"nararamdaman","672":"john","673":"reply","674":"duterte","675":"subalit","676":"pagbabago","677":"samantala","678":"bawal","679":"sapat","680":"nawala","681":"pumunta","682":"beses","683":"takot","684":"uli","685":"lipunan","686":"same","687":"hay","688":"putangina","689":"dugo","690":"taena","691":"god","692":"mi","693":"try","694":"impormasyon","695":"plano","696":"aga","697":"isyu","698":"bumalik","699":"name","700":"magaling","701":"atin","702":"naniniwala","703":"part","704":"pls","705":"utas","706":"then","707":"pagkakataon","708":"dios","709":"dagdag","710":"office","711":"nun","712":"high","713":"abscbn","714":"balita","715":"kasing","716":"pic","717":"late","718":"diko","719":"nakaraang","720":"her","721":"kasalukuyang","722":"album","723":"mabait","724":"gi","725":"gising","726":"muling","727":"desisyon","728":"social","729":"estudyante","730":"basketball","731":"kultura","732":"tita","733":"jose","734":"ginamit","735":"dili","736":"timbuwang","737":"nagiging","738":"self","739":"wait","740":"tropa","741":"tatay","742":"have","743":"damit","744":"see","745":"kulang","746":"katangian","747":"utak","748":"kuwento","749":"group","750":"party","751":"china","752":"th","753":"gawain","754":"hehehe","755":"games","756":"presyo","757":"kasalanan","758":"sweet","759":"nagsimula","760":"mayroong","761":"sunog","762":"hayop","763":"ana","764":"back","765":"da","766":"masakit","767":"pako","768":"tag","769":"song","770":"picture","771":"sumusunod","772":"season","773":"papel","774":"kapwa","775":"sasabihin","776":"pakiramdam","777":"huhuhu","778":"sasakyan","779":"gyud","780":"laki","781":"ig","782":"always","783":"masyadong","784":"hitler","785":"kalikasan","786":"anumang","787":"project","788":"pagkakaroon","789":"marunong","790":"mommy","791":"masama","792":"ulan","793":"question","794":"bato","795":"masarap","796":"kapusobrigade","797":"guro","798":"umalis","799":"free","800":"internet","801":"center","802":"un","803":"pwedeng","804":"live","805":"excited","806":"mark","807":"bahala","808":"non","809":"ulat","810":"shet","811":"paggawa","812":"paaralan","813":"neto","814":"umuwi","815":"iniisip","816":"edad","817":"bilis","818":"tanan","819":"personal","820":"limang","821":"issue","822":"umabot","823":"ki","824":"sikat","825":"order","826":"never","827":"bigyan","828":"away","829":"yata","830":"suso","831":"data","832":"how","833":"gaano","834":"mahigit","835":"nagawa","836":"jesus","837":"syempre","838":"omg","839":"maynila","840":"nakuha","841":"napaka","842":"ayos","843":"nangyayari","844":"pinaka","845":"edi","846":"batay","847":"fans","848":"namatay","849":"pong","850":"sinasabing","851":"why","852":"maaga","853":"programa","854":"mayor","855":"hahahha","856":"serye","857":"department","858":"banda","859":"ready","860":"sabak","861":"pareho","862":"produkto","863":"sex","864":"aku","865":"well","866":"very","867":"babaeng","868":"ingat","869":"main","870":"base","871":"bulagta","872":"kabila","873":"palagi","874":"comments","875":"boses","876":"will","877":"maaring","878":"nyan","879":"busy","880":"report","881":"too","882":"bobo","883":"kanang","884":"sapagkat","885":"gwapo","886":"yg","887":"boy","888":"gc","889":"isipin","890":"big","891":"daan","892":"bala","893":"nagbibigay","894":"aklat","895":"since","896":"unta","897":"pep","898":"music","899":"koy","900":"management","901":"likod","902":"tila","903":"christmas","904":"kasalukuyan","905":"pagmamahal","906":"totoong","907":"ayan","908":"matatagpuan","909":"today","910":"lola","911":"pelikulang","912":"awit","913":"room","914":"itoy","915":"inilabas","916":"resulta","917":"operasyon","918":"aktor","919":"naganap","920":"soon","921":"palabas","922":"hahahahahah","923":"tinanong","924":"puwede","925":"ayun","926":"normal","927":"series","928":"thanks","929":"showbiz","930":"sistema","931":"president","932":"kada","933":"maikling","934":"asa","935":"senador","936":"role","937":"dm","938":"mamamayan","939":"ikalawang","940":"aning","941":"nakaka","942":"bumili","943":"nalaman","944":"antok","945":"gay","946":"pangyayari","947":"open","948":"imong","949":"pasko","950":"trip","951":"buhok","952":"kc","953":"juan","954":"help","955":"drama","956":"young","957":"hahah","958":"pagibig","959":"remate","960":"magbigay","961":"boyfriend","962":"pinag","963":"international","964":"kasabay","965":"darating","966":"taas","967":"nandito","968":"aaral","969":"init","970":"tara","971":"ugali","972":"hahahahahahahahaha","973":"dala","974":"inom","975":"sanhi","976":"kasaysayan","977":"episode","978":"ex","979":"kaninang","980":"logged","981":"pangarap","982":"nakilala","983":"people","984":"oplan","985":"sekswal","986":"update","987":"top","988":"ke","989":"bebe","990":"mawala","991":"gumagamit","992":"nabanggit","993":"nmn","994":"ganto","995":"anu","996":"press","997":"proyekto","998":"when","999":"hahahahha","1000":"bag","1001":"binigyan","1002":"tunog","1003":"nice","1004":"anim","1005":"ning","1006":"harap","1007":"college","1008":"cruz","1009":"here","1010":"tatlo","1011":"stress","1012":"lalong","1013":"portal","1014":"unsa","1015":"aba","1016":"labi","1017":"share","1018":"account","1019":"number","1020":"pake","1021":"lokal","1022":"kababaihan","1023":"rehiyon","1024":"kalagayan","1025":"samantalang","1026":"kayat","1027":"idol","1028":"marian","1029":"court","1030":"malungkot","1031":"mu","1032":"dr","1033":"pnp","1034":"pinsan","1035":"kilig","1036":"old","1037":"boss","1038":"samin","1039":"puno","1040":"public","1041":"aw","1042":"tu","1043":"nahi","1044":"masa","1045":"gud","1046":"ml","1047":"eksena","1048":"droga","1049":"karapatan","1050":"message","1051":"galugad","1052":"jr","1053":"padin","1054":"solid","1055":"madali","1056":"nawawala","1057":"serbisyo","1058":"bandang","1059":"get","1060":"single","1061":"jd","1062":"english","1063":"dagat","1064":"pangangailangan","1065":"send","1066":"kapangyarihan","1067":"jk","1068":"mayo","1069":"ala","1070":"mangyari","1071":"timog","1072":"human","1073":"director","1074":"every","1075":"posibleng","1076":"ih","1077":"driver","1078":"publiko","1079":"justice","1080":"sona","1081":"true","1082":"house","1083":"his","1084":"career","1085":"metro","1086":"grade","1087":"sunod","1088":"pre","1089":"laman","1090":"kim","1091":"japan","1092":"tito","1093":"nko","1094":"kris","1095":"katotohanan","1096":"panahong","1097":"bad","1098":"layunin","1099":"hawak","1100":"end","1101":"vice","1102":"ye","1103":"balak","1104":"hangin","1105":"proud","1106":"tiyak","1107":"tiktok","1108":"set","1109":"break","1110":"kwarto","1111":"kag","1112":"papasok","1113":"actually","1114":"lalaking","1115":"bay","1116":"kalo","1117":"anyong","1118":"they","1119":"kasong","1120":"imbestigasyon","1121":"natapos","1122":"daddy","1123":"magkasama","1124":"much","1125":"ganoon","1126":"bagamat","1127":"kitang","1128":"angel","1129":"tanging","1130":"proseso","1131":"hinggil","1132":"gitna","1133":"gagawa","1134":"mabuting","1135":"magagawa","1136":"re","1137":"magawa","1138":"naay","1139":"jo","1140":"area","1141":"month","1142":"kapaligiran","1143":"nay","1144":"insidente","1145":"patungo","1146":"film","1147":"mn","1148":"marso","1149":"anyo","1150":"red","1151":"date","1152":"teknolohiya","1153":"call","1154":"ibinigay","1155":"still","1156":"kumpanya","1157":"before","1158":"puwedeng","1159":"fan","1160":"direk","1161":"tak","1162":"tha","1163":"tinawag","1164":"special","1165":"long","1166":"essay","1167":"mamatay","1168":"edukasyon","1169":"unidos","1170":"presidente","1171":"real","1172":"hihi","1173":"take","1174":"sarah","1175":"months","1176":"larawan","1177":"kulay","1178":"ganap","1179":"enjoy","1180":"tingnan","1181":"uwi","1182":"kame","1183":"pain","1184":"alamat","1185":"second","1186":"estados","1187":"mao","1188":"right","1189":"kahalagahan","1190":"point","1191":"also","1192":"ospital","1193":"sistemang","1194":"actor","1195":"alak","1196":"baba","1197":"nman","1198":"syang","1199":"ingles","1200":"nagbigay","1201":"paki","1202":"bakla","1203":"parte","1204":"move","1205":"hahahhaha","1206":"chief","1207":"binubuo","1208":"mr","1209":"gani","1210":"power","1211":"senado","1212":"libre","1213":"nagising","1214":"nlng","1215":"kasunod","1216":"sumunod","1217":"noh","1218":"masasabi","1219":"mindanao","1220":"lalake","1221":"maria","1222":"mismong","1223":"ak","1224":"dalaga","1225":"bro","1226":"pamumuhay","1227":"pambansang","1228":"bait","1229":"unit","1230":"mood","1231":"santos","1232":"review","1233":"populasyon","1234":"concert","1235":"ms","1236":"iniwan","1237":"support","1238":"pinas","1239":"reyes","1240":"system","1241":"kapamilya","1242":"actress","1243":"nauna","1244":"residente","1245":"integral","1246":"facebook","1247":"she","1248":"partikular","1249":"indibidwal","1250":"ginawang","1251":"nd","1252":"university","1253":"se","1254":"aktres","1255":"business","1256":"anime","1257":"madami","1258":"kasal","1259":"murag","1260":"naku","1261":"nagulat","1262":"panoorin","1263":"sanay","1264":"bi","1265":"ky","1266":"mura","1267":"manager","1268":"namiss","1269":"karon","1270":"safe","1271":"korte","1272":"konti","1273":"over","1274":"makuha","1275":"make","1276":"narinig","1277":"secretary","1278":"kalusugan","1279":"lalawigan","1280":"sitwasyon","1281":"tiwala","1282":"lungkot","1283":"talumpati","1284":"quote","1285":"ekonomiya","1286":"sanaysay","1287":"health","1288":"gina","1289":"teacher","1290":"niyan","1291":"enero","1292":"telebisyon","1293":"text","1294":"punsiyon","1295":"gumagawa","1296":"magkakaroon","1297":"makatulog","1298":"arroyo","1299":"food","1300":"maliban","1301":"maam","1302":"makapag","1303":"parehas","1304":"iyak","1305":"isat","1306":"panget","1307":"medical","1308":"test","1309":"natatawa","1310":"magaaral","1311":"importante","1312":"kos","1313":"mensahe","1314":"usapan","1315":"pinuno","1316":"rally","1317":"den","1318":"manood","1319":"nyang","1320":"del","1321":"april","1322":"hospital","1323":"times","1324":"lumalabas","1325":"kaklase","1326":"sainyo","1327":"luh","1328":"mana","1329":"sang","1330":"case","1331":"mainit","1332":"ibatibang","1333":"sen","1334":"babalik","1335":"kasarian","1336":"friday","1337":"paliwanag","1338":"pisikal","1339":"research","1340":"seryoso","1341":"utang","1342":"hahahahahahah","1343":"mg","1344":"pogi","1345":"rapist","1346":"which","1347":"james","1348":"two","1349":"covid","1350":"ari","1351":"abril","1352":"nanalo","1353":"kinikilig","1354":"basura","1355":"malamang","1356":"napansin","1357":"daigdig","1358":"amerika","1359":"hain","1360":"lasing","1361":"ever","1362":"asian","1363":"teleserye","1364":"matutulog","1365":"samahan","1366":"panig","1367":"service","1368":"nakalimutan","1369":"mayward","1370":"tweets","1371":"awtoridad","1372":"pebrero","1373":"libro","1374":"ap","1375":"bill","1376":"uyab","1377":"kya","1378":"hang","1379":"nabatid","1380":"paper","1381":"level","1382":"previous","1383":"kaalaman","1384":"aso","1385":"ramdam","1386":"pagpapalaki","1387":"cellphone","1388":"maling","1389":"korea","1390":"kilalang","1391":"mahilig","1392":"humingi","1393":"topic","1394":"pay","1395":"lima","1396":"photo","1397":"pinakamalaking","1398":"among","1399":"sabado","1400":"check","1401":"ol","1402":"ilog","1403":"pagasa","1404":"simbahan","1405":"pnoy","1406":"tang","1407":"chill","1408":"host","1409":"really","1410":"award","1411":"atty","1412":"yaman","1413":"manny","1414":"congrats","1415":"section","1416":"bagyo","1417":"law","1418":"worm","1419":"subject","1420":"dakong","1421":"hayaan","1422":"strong","1423":"huy","1424":"rep","1425":"pangit","1426":"hinahanap","1427":"want","1428":"asia","1429":"manga","1430":"unya","1431":"punta","1432":"off","1433":"bye","1434":"reklamo","1435":"black","1436":"isinulat","1437":"umiyak","1438":"sakaling","1439":"tensor","1440":"relihiyon","1441":"moko","1442":"keep","1443":"change","1444":"jusq","1445":"bibig","1446":"kinalaman","1447":"usap","1448":"namen","1449":"lg","1450":"potek","1451":"kain","1452":"corona","1453":"ngang","1454":"tignan","1455":"abi","1456":"pagkakaiba","1457":"kaagad","1458":"bida","1459":"hahahahahahahahahaha","1460":"sunday","1461":"hulyo","1462":"acc","1463":"think","1464":"halip","1465":"march","1466":"bes","1467":"gawing","1468":"pangkalahatang","1469":"manalo","1470":"kantang","1471":"punto","1472":"form","1473":"langit","1474":"naisip","1475":"other","1476":"hours","1477":"kona","1478":"panayam","1479":"tlga","1480":"oktubre","1481":"kapa","1482":"pagka","1483":"lunes","1484":"paa","1485":"pisak","1486":"bb","1487":"baril","1488":"suot","1489":"tanginang","1490":"sinong","1491":"future","1492":"who","1493":"baha","1494":"card","1495":"panginoon","1496":"sm","1497":"ganahan","1498":"maintindihan","1499":"august","1500":"malalaman","1501":"girlfriend","1502":"interview","1503":"agosto","1504":"january","1505":"mahalagang","1506":"comment","1507":"gumamit","1508":"swerte","1509":"hanap","1510":"finals","1511":"our","1512":"doktor","1513":"him","1514":"ngano","1515":"kau","1516":"wo","1517":"nato","1518":"pupunta","1519":"sakanya","1520":"sexy","1521":"produktong","1522":"masamang","1523":"thesis","1524":"te","1525":"natural","1526":"gulang","1527":"listahan","1528":"anyos","1529":"paksa","1530":"line","1531":"kan","1532":"nagsasabi","1533":"sakong","1534":"tahimik","1535":"pilipinasmga","1536":"program","1537":"milyon","1538":"player","1539":"kinuha","1540":"later","1541":"read","1542":"po0","1543":"japanese","1544":"pulisya","1545":"sta","1546":"basa","1547":"let","1548":"daniel","1549":"gagamitin","1550":"tinutukoy","1551":"ikatlong","1552":"only","1553":"kuryente","1554":"hakbang","1555":"iyan","1556":"uminom","1557":"pagtaas","1558":"follow","1559":"stop","1560":"linya","1561":"tiyan","1562":"haba","1563":"grupong","1564":"parents","1565":"kama","1566":"ne","1567":"balay","1568":"down","1569":"pangalawang","1570":"sumama","1571":"december","1572":"malalaking","1573":"komunidad","1574":"p00","1575":"gutom","1576":"sb","1577":"usto","1578":"naghahanap","1579":"ulet","1580":"bet","1581":"simpleng","1582":"mean","1583":"posisyon","1584":"tumutukoy","1585":"espesyal","1586":"glee","1587":"tan","1588":"general","1589":"kape","1590":"board","1591":"orihinal","1592":"government","1593":"side","1594":"industriya","1595":"gd","1596":"kapuso","1597":"dulo","1598":"most","1599":"tawang","1600":"enerhiya","1601":"estado","1602":"words","1603":"them","1604":"there","1605":"comelec","1606":"laptop","1607":"dulot","1608":"pud","1609":"quiz","1610":"while","1611":"handog","1612":"aabot","1613":"said","1614":"binata","1615":"wla","1616":"depende","1617":"umaasa","1618":"umiiyak","1619":"malayo","1620":"nasasaktan","1621":"kina","1622":"ge","1623":"hunyo","1624":"milyong","1625":"kwentong","1626":"watch","1627":"karanasan","1628":"gayundin","1629":"says","1630":"worth","1631":"psl","1632":"kisses","1633":"gid","1634":"talent","1635":"regular","1636":"mall","1637":"bayad","1638":"suliranin","1639":"negosyo","1640":"request","1641":"nagmula","1642":"bday","1643":"gang","1644":"ipakita","1645":"cebu","1646":"again","1647":"bisa","1648":"makati","1649":"load","1650":"komunikasyon","1651":"scene","1652":"tv0","1653":"kumuha","1654":"simple","1655":"hotel","1656":"field","1657":"deserve","1658":"magsalita","1659":"has","1660":"traffic","1661":"mahusay","1662":"park","1663":"station","1664":"hmmm","1665":"itinuturing","1666":"natutulog","1667":"tsino","1668":"bar","1669":"brgy","1670":"pananaw","1671":"joseph","1672":"pormal","1673":"amo","1674":"maymay","1675":"nakakatuwa","1676":"book","1677":"kinakailangan","1678":"naramdaman","1679":"kamakailan","1680":"panitikan","1681":"regalo","1682":"abs","1683":"lalabas","1684":"kaha","1685":"pamamaraan","1686":"namimiss","1687":"nakakahiya","1688":"start","1689":"aalis","1690":"chance","1691":"kawawa","1692":"guy","1693":"sinaunang","1694":"tulungan","1695":"july","1696":"kabalo","1697":"mangyayari","1698":"iii","1699":"kakayahan","1700":"inaasahan","1701":"naririnig","1702":"site","1703":"tae","1704":"ll","1705":"ini","1706":"makaraang","1707":"math","1708":"ehh","1709":"magateng","1710":"setyembre","1711":"hahahahahha","1712":"nobela","1713":"karakter","1714":"tahanan","1715":"play","1716":"luis","1717":"richard","1718":"disyembre","1719":"champs","1720":"june","1721":"hope","1722":"sign","1723":"tipong","1724":"pananaliksik","1725":"kar","1726":"kausapin","1727":"care","1728":"goodluck","1729":"ibigay","1730":"tabi","1731":"word","1732":"practice","1733":"nagsabi","1734":"gift","1735":"natutuwa","1736":"par","1737":"face","1738":"body","1739":"malinaw","1740":"natawa","1741":"naiisip","1742":"via","1743":"binigay","1744":"ask","1745":"nawalan","1746":"kawalan","1747":"opo","1748":"training","1749":"likas","1750":"lami","1751":"guard","1752":"local","1753":"chour","1754":"kamo","1755":"inamin","1756":"teka","1757":"reverse","1758":"kagamitan","1759":"tagumpay","1760":"sumali","1761":"ku","1762":"ingay","1763":"ab","1764":"lupain","1765":"ugma","1766":"tinatamad","1767":"sukat","1768":"pinagmulan","1769":"ago","1770":"thankyou","1771":"aya","1772":"prof","1773":"hahahahhaha","1774":"panaginip","1775":"messenger","1776":"naglalaro","1777":"relationship","1778":"promise","1779":"cr","1780":"sam","1781":"silangang","1782":"pepph","1783":"look","1784":"daghan","1785":"girls","1786":"dingdong","1787":"huhuhuhu","1788":"shit","1789":"jeep","1790":"puyat","1791":"monday","1792":"nasad","1793":"umanong","1794":"kiss","1795":"sem","1796":"mahigpit","1797":"iisang","1798":"november","1799":"ron","1800":"klima","1801":"bigay","1802":"tumulong","1803":"legit","1804":"makilala","1805":"person","1806":"full","1807":"tanggap","1808":"itaas","1809":"gana","1810":"tsk","1811":"drug","1812":"paligid","1813":"uuwi","1814":"nakatira","1815":"pansin","1816":"bunga","1817":"nakakainis","1818":"oi","1819":"manonood","1820":"bulate","1821":"gayunpaman","1822":"matinding","1823":"naiiyak","1824":"tren","1825":"money","1826":"pagbibigay","1827":"bong","1828":"any","1829":"hot","1830":"chairman","1831":"cover","1832":"galaw","1833":"alamin","1834":"konsepto","1835":"nagkakaroon","1836":"banal","1837":"matatapos","1838":"pretty","1839":"some","1840":"final","1841":"labis","1842":"pagunlad","1843":"choice","1844":"wifi","1845":"got","1846":"dali","1847":"katao","1848":"pangangalaga","1849":"gastos","1850":"piso","1851":"kakulangan","1852":"musika","1853":"sira","1854":"p000","1855":"kinakabahan","1856":"talk","1857":"pondo","1858":"bagaman","1859":"balikan","1860":"verbs","1861":"nakatulog","1862":"kaka","1863":"pesos","1864":"naglalaman","1865":"kalayaan","1866":"taping","1867":"bangkay","1868":"mins","1869":"hilagang","1870":"gurl","1871":"okey","1872":"king","1873":"nakakamiss","1874":"kaba","1875":"road","1876":"bhi","1877":"maliliit","1878":"tuluyan","1879":"unti","1880":"langis","1881":"sab","1882":"yugto","1883":"tanungin","1884":"short","1885":"sayaw","1886":"palaging","1887":"hari","1888":"akoy","1889":"wtf","1890":"answer","1891":"event","1892":"krimen","1893":"allah","1894":"anne","1895":"tamad","1896":"tema","1897":"luzon","1898":"ugat","1899":"mawawala","1900":"drive","1901":"nakaraan","1902":"natulog","1903":"welcome","1904":"legal","1905":"ep","1906":"pinili","1907":"october","1908":"konting","1909":"hmp","1910":"kalaban","1911":"nagpapakita","1912":"least","1913":"digmaan","1914":"parasito","1915":"magasawa","1916":"kahirapan","1917":"south","1918":"better","1919":"summer","1920":"dance","1921":"gerald","1922":"hmm","1923":"focus","1924":"boys","1925":"record","1926":"signal","1927":"cp","1928":"tungkulin","1929":"magkano","1930":"nanonood","1931":"bea","1932":"computer","1933":"manunulat","1934":"siyay","1935":"natagpuan","1936":"antas","1937":"gloria","1938":"nagagawa","1939":"amoy","1940":"larangan","1941":"kunin","1942":"dumaan","1943":"natatakot","1944":"inc","1945":"blue","1946":"kalsada","1947":"apa","1948":"sea","1949":"malay","1950":"bureau","1951":"paniniwala","1952":"palitan","1953":"bless","1954":"punong","1955":"sala","1956":"0000s","1957":"malamig","1958":"shooting","1959":"log","1960":"club","1961":"letter","1962":"naten","1963":"association","1964":"nobyembre","1965":"hrs","1966":"kr","1967":"dear","1968":"give","1969":"queen","1970":"white","1971":"david","1972":"napanood","1973":"lab","1974":"kinabukasan","1975":"el","1976":"bibigyan","1977":"acting","1978":"inaasahang","1979":"hair","1980":"united","1981":"state","1982":"nganong","1983":"gulo","1984":"dong","1985":"mayaman","1986":"lage","1987":"suporta","1988":"nakog","1989":"kabuuang","1990":"panalo","1991":"misis","1992":"grades","1993":"coach","1994":"pagpasok","1995":"karagdagang","1996":"nakasama","1997":"matalino","1998":"diri","1999":"robin","2000":"lumaki","2001":"major","2002":"hanapin","2003":"awa","2004":"patungong","2005":"nagbago","2006":"lovelife","2007":"kwenta","2008":"madaming","2009":"ginagawang","2010":"lahi","2011":"mahina","2012":"kumanta","2013":"utos","2014":"layo","2015":"pass","2016":"ngiti","2017":"skin","2018":"festival","2019":"kadalasan","2020":"umaabot","2021":"wish","2022":"senator","2023":"soap","2024":"matanda","2025":"dagdagan","2026":"bayani","2027":"militar","2028":"pede","2029":"list","2030":"datos","2031":"labyu","2032":"development","2033":"martin","2034":"ahh","2035":"papunta","2036":"toxic","2037":"naga","2038":"sampung","2039":"binakbakan","2040":"baket","2041":"iya","2042":"van","2043":"pamagat","2044":"effort","2045":"mahihirap","2046":"baliw","2047":"awards","2048":"lady","2049":"pics","2050":"hanggat","2051":"pasahero","2052":"asintahan","2053":"pagsubok","2054":"radyo","2055":"pangungusap","2056":"istorya","2057":"nagustuhan","2058":"regine","2059":"palagay","2060":"ayokong","2061":"classmate","2062":"kadalasang","2063":"manok","2064":"hong","2065":"tuwa","2066":"even","2067":"mahalin","2068":"ibibigay","2069":"asan","2070":"hahhaha","2071":"namo","2072":"bakasyon","2073":"almost","2074":"youtube","2075":"something","2076":"fam","2077":"mabigyan","2078":"imo","2079":"iyang","2080":"toh","2081":"nagsisimula","2082":"district","2083":"lindol","2084":"ending","2085":"narito","2086":"basahin","2087":"peace","2088":"course","2089":"bundok","2090":"oks","2091":"were","2092":"website","2093":"these","2094":"york","2095":"kilos","2096":"katumbas","2097":"stage","2098":"solusyon","2099":"character","2100":"rock","2101":"per","2102":"pagiisip","2103":"sge","2104":"myday","2105":"kinilala","2106":"region","2107":"student","2108":"isipan","2109":"talo","2110":"kotse","2111":"term","2112":"radio","2113":"arawaraw","2114":"butas","2115":"gala","2116":"elemento","2117":"natutunan","2118":"pahinga","2119":"north","2120":"padilla","2121":"parasites","2122":"nakalipas","2123":"being","2124":"pare","2125":"water","2126":"ginanap","2127":"act","2128":"muka","2129":"kat","2130":"roon","2131":"bulacan","2132":"doc","2133":"anniversary","2134":"magsasaka","2135":"hahahhahaha","2136":"kapalit","2137":"sulat","2138":"pressure","2139":"nakatakdang","2140":"maari","2141":"tinatayang","2142":"hy","2143":"kamatayan","2144":"ligtas","2145":"tumawag","2146":"search","2147":"ada","2148":"motor","2149":"buo","2150":"id","2151":"quarantine","2152":"edward","2153":"kompyuter","2154":"mom","2155":"mamayang","2156":"muslim","2157":"security","2158":"skl","2159":"hinihintay","2160":"kaniya","2161":"makukuha","2162":"challenge","2163":"ibabaw","2164":"mai","2165":"because","2166":"pba","2167":"ryan","2168":"mapa","2169":"raman","2170":"article","2171":"bumaba","2172":"lumipat","2173":"kamusta","2174":"balat","2175":"alex","2176":"nhi","2177":"pagsusuri","2178":"biyernes","2179":"sining","2180":"alden","2181":"sleep","2182":"wakas","2183":"najud","2184":"maiwasan","2185":"used","2186":"kelangan","2187":"gulat","2188":"maya","2189":"nagaganap","2190":"taxi","2191":"kasabihan","2192":"stars","2193":"nilinaw","2194":"kolehiyo","2195":"edit","2196":"kasamahan","2197":"kompanya","2198":"edsa","2199":"mam","2200":"experience","2201":"kapitbahay","2202":"yoko","2203":"paghahanap","2204":"makakuha","2205":"damdamin","2206":"ghorl","2207":"hiwalay","2208":"atay","2209":"lamig","2210":"koponan","2211":"batangas","2212":"ideya","2213":"lo","2214":"hate","2215":"johnny","2216":"namn","2217":"niyong","2218":"tanggapin","2219":"someone","2220":"study","2221":"ato","2222":"projects","2223":"dinala","2224":"kaugnayan","2225":"nyong","2226":"kalat","2227":"men","2228":"teorya","2229":"kumbaga","2230":"videos","2231":"andito","2232":"katunayan","2233":"mabuhay","2234":"peter","2235":"nakakapagod","2236":"pasay","2237":"idk","2238":"wrong","2239":"gutierrez","2240":"sako","2241":"lolo","2242":"thailand","2243":"halalan","2244":"type","2245":"tiniyak","2246":"teh","2247":"inang","2248":"tanggapan","2249":"balitang","2250":"perfect","2251":"sy","2252":"kabanata","2253":"kampo","2254":"maute","2255":"mars","2256":"boring","2257":"kdrama","2258":"maine","2259":"block","2260":"link","2261":"naunang","2262":"laguna","2263":"ipinalabas","2264":"masabi","2265":"sinabing","2266":"siglo","2267":"information","2268":"hahahahahahahah","2269":"impeachment","2270":"chinese","2271":"feelings","2272":"fiba","2273":"bf","2274":"pangako","2275":"munang","2276":"gaga","2277":"reaction","2278":"india","2279":"ipinakita","2280":"jay","2281":"sintomas","2282":"won","2283":"nagtatanong","2284":"buntis","2285":"lumang","2286":"pictures","2287":"ayusin","2288":"pro","2289":"hanay","2290":"takbo","2291":"diin","2292":"narin","2293":"url","2294":"championship","2295":"pila","2296":"andami","2297":"bektor","2298":"viva","2299":"nangangailangan","2300":"budget","2301":"shopee","2302":"pacquiao","2303":"cup","2304":"kagustuhan","2305":"staff","2306":"matuto","2307":"sundalo","2308":"company","2309":"rason","2310":"dula","2311":"manlalaro","2312":"direktor","2313":"iwan","2314":"makasama","2315":"pagsulat","2316":"lakad","2317":"malakanyang","2318":"bibili","2319":"miguel","2320":"alaga","2321":"oil","2322":"apo","2323":"ara","2324":"email","2325":"miyerkules","2326":"walay","2327":"ofw","2328":"partner","2329":"tapusin","2330":"than","2331":"garcia","2332":"paglipad","2333":"minutes","2334":"dae","2335":"gilid","2336":"thing","2337":"pagkatao","2338":"coco","2339":"santo","2340":"natanggap","2341":"empleyado","2342":"ambot","2343":"dako","2344":"iiwan","2345":"performance","2346":"taeyong","2347":"baguio","2348":"pop","2349":"both","2350":"gen","2351":"shuta","2352":"cream","2353":"job","2354":"solo","2355":"kin","2356":"koi","2357":"pagkakataong","2358":"pampanga","2359":"stories","2360":"mother","2361":"once","2362":"katabi","2363":"itlog","2364":"naghihintay","2365":"mami","2366":"globe","2367":"atleast","2368":"hndi","2369":"lloyd","2370":"ingon","2371":"tol","2372":"pagtuturo","2373":"hard","2374":"puwesto","2375":"operation","2376":"ayo","2377":"sigurado","2378":"hurado","2379":"antipolo","2380":"barkada","2381":"tinanggap","2382":"magagandang","2383":"mambabatas","2384":"abangan","2385":"net","2386":"tugon","2387":"kapal","2388":"bulaklak","2389":"pumapasok","2390":"iginiit","2391":"studio","2392":"malalim","2393":"lubos","2394":"senate","2395":"presidential","2396":"nabasa","2397":"inihayag","2398":"punyeta","2399":"nagbabago","2400":"dalhin","2401":"hinde","2402":"orang","2403":"code","2404":"statement","2405":"iligal","2406":"gantong","2407":"makina","2408":"makinig","2409":"weekend","2410":"weird","2411":"ahahaha","2412":"bagsak","2413":"panibagong","2414":"tapat","2415":"sakay","2416":"private","2417":"tumakbo","2418":"iiyak","2419":"trial","2420":"dayon","2421":"saglit","2422":"grand","2423":"masayang","2424":"model","2425":"moral","2426":"kanino","2427":"tax","2428":"davao","2429":"magbibigay","2430":"kinabibilangan","2431":"demonyo","2432":"dela","2433":"luck","2434":"cagayan","2435":"hangganan","2436":"nakapag","2437":"nu","2438":"isyung","2439":"dam","2440":"points","2441":"ngipin","2442":"action","2443":"examination","2444":"alemanya","2445":"tumigil","2446":"tulang","2447":"produksyon","2448":"nasaktan","2449":"hehehehe","2450":"claudine","2451":"commission","2452":"pawang","2453":"plastic","2454":"gin","2455":"silangan","2456":"shot","2457":"eat","2458":"karaniwan","2459":"cinema","2460":"magka","2461":"pe","2462":"walong","2463":"market","2464":"suka","2465":"magkaibigan","2466":"february","2467":"run","2468":"amerikano","2469":"direksyon","2470":"makausap","2471":"pinamagatang","2472":"masaktan","2473":"papaano","2474":"nakatanggap","2475":"camp","2476":"third","2477":"gold","2478":"anuna","2479":"imagine","2480":"kumpara","2481":"nabuo","2482":"kainis","2483":"favorite","2484":"comedy","2485":"baga","2486":"makabagong","2487":"ilong","2488":"nagsasabing","2489":"nahihiya","2490":"students","2491":"science","2492":"potangina","2493":"screen","2494":"alin","2495":"pangkat","2496":"labor","2497":"air","2498":"batch","2499":"pusa","2500":"amputa","2501":"chz","2502":"pitong","2503":"matatag","2504":"sahod","2505":"ann","2506":"smart","2507":"kalihim","2508":"kalalakihan","2509":"shabu","2510":"tp","2511":"etc","2512":"channel","2513":"fuck","2514":"maagang","2515":"babe","2516":"ampota","2517":"nk","2518":"head","2519":"sumuko","2520":"meeting","2521":"lisa","2522":"respeto","2523":"anghel","2524":"paul","2525":"past","2526":"ilagay","2527":"abang","2528":"master","2529":"ayy","2530":"art","2531":"forever","2532":"isinagawa","2533":"into","2534":"supply","2535":"partido","2536":"husto","2537":"marcos","2538":"kumakain","2539":"makahanap","2540":"pilit","2541":"labanan","2542":"sinimulan","2543":"beauty","2544":"kunwari","2545":"green","2546":"nagsasalita","2547":"makipag","2548":"goodmorning","2549":"umanoy","2550":"kasiyahan","2551":"pagtatapos","2552":"malayang","2553":"universe","2554":"kondisyon","2555":"detalye","2556":"airport","2557":"lain","2558":"goodnight","2559":"marikina","2560":"doctor","2561":"makatulong","2562":"gumising","2563":"bwisit","2564":"usa","2565":"artist","2566":"hahahahahhaha","2567":"martes","2568":"biro","2569":"roxas","2570":"einstein","2571":"abot","2572":"kaaway","2573":"kasintahan","2574":"siyam","2575":"dream","2576":"benigno","2577":"inaantok","2578":"ur","2579":"anuman","2580":"sapatos","2581":"expect","2582":"terminal","2583":"instagram","2584":"reaksiyon","2585":"central","2586":"pumayag","2587":"sanang","2588":"manggagawa","2589":"sandali","2590":"dennis","2591":"leading","2592":"transgender","2593":"karagatan","2594":"sakto","2595":"sadyang","2596":"their","2597":"tour","2598":"halagang","2599":"binili","2600":"muntik","2601":"official","2602":"gigil","2603":"inuman","2604":"planong","2605":"akoa","2606":"organisasyon","2607":"community","2608":"napunta","2609":"isama","2610":"nakakuha","2611":"hinay","2612":"bored","2613":"meet","2614":"malawak","2615":"dah","2616":"lumapit","2617":"history","2618":"plus","2619":"dia","2620":"magtrabaho","2621":"mababang","2622":"dli","2623":"naaalala","2624":"boto","2625":"kaluluwa","2626":"halaman","2627":"putek","2628":"energy","2629":"gusali","2630":"mayari","2631":"pasukan","2632":"dugay","2633":"tigilan","2634":"sus","2635":"interes","2636":"bigat","2637":"vid","2638":"rice","2639":"kachat","2640":"deribatibo","2641":"p0000","2642":"title","2643":"songs","2644":"seryeng","2645":"kalimutan","2646":"ice","2647":"lee","2648":"willie","2649":"kasamang","2650":"kakaiba","2651":"thankful","2652":"libog","2653":"nakakatamad","2654":"vic","2655":"cavite","2656":"version","2657":"gihapon","2658":"american","2659":"kasapi","2660":"susi","2661":"mababa","2662":"lumikha","2663":"inspirasyon","2664":"sinabihan","2665":"absent","2666":"duty","2667":"saakin","2668":"september","2669":"nakukuha","2670":"julia","2671":"naiinis","2672":"pagganap","2673":"iisa","2674":"million","2675":"nalalaman","2676":"essays","2677":"sumagot","2678":"been","2679":"opinyon","2680":"gagi","2681":"sumayaw","2682":"gf","2683":"todo","2684":"numero","2685":"sha","2686":"sports","2687":"avenue","2688":"ipinahayag","2689":"ii","2690":"everyday","2691":"anang","2692":"akon","2693":"luha","2694":"buat","2695":"add","2696":"pari","2697":"singapore","2698":"dahan","2699":"reason","2700":"magagamit","2701":"isda","2702":"kapoy","2703":"nasabi","2704":"pinapanood","2705":"coffee","2706":"karo","2707":"isla","2708":"schedule","2709":"marupok","2710":"panukalang","2711":"weeks","2712":"magising","2713":"harapan","2714":"bumagsak","2715":"films","2716":"bumubuo","2717":"ny","2718":"pagpatay","2719":"min","2720":"pagbabalik","2721":"magisa","2722":"kakaibang","2723":"pulubi","2724":"kalokohan","2725":"kilometro","2726":"kababayan","2727":"ben","2728":"anon","2729":"ulol","2730":"buwis","2731":"advice","2732":"merong","2733":"lam","2734":"aiai","2735":"hahahahhahaha","2736":"buod","2737":"sugat","2738":"hilig","2739":"pat","2740":"pasyente","2741":"magalit","2742":"pamangkin","2743":"ulam","2744":"bangko","2745":"naiwan","2746":"naglalarawan","2747":"pasensya","2748":"ibinibigay","2749":"panlipunan","2750":"bisag","2751":"plan","2752":"katutubong","2753":"everything","2754":"aminado","2755":"nahihirapan","2756":"tum","2757":"dila","2758":"jc","2759":"mister","2760":"magsisimula","2761":"workers","2762":"sur","2763":"pasig","2764":"buhat","2765":"xd","2766":"hiya","2767":"bati","2768":"rh","2769":"imbis","2770":"pdea","2771":"sto","2772":"nai","2773":"held","2774":"buy","2775":"bwiset","2776":"lgbt","2777":"imahe","2778":"bullet","2779":"modernong","2780":"lim","2781":"lead","2782":"pilipinong","2783":"kai","2784":"mind","2785":"panay","2786":"posible","2787":"kalidad","2788":"lag","2789":"travel","2790":"panukala","2791":"ali","2792":"sanggol","2793":"gayunman","2794":"another","2795":"annabelle","2796":"umasa","2797":"rmn","2798":"rn","2799":"ganyang","2800":"member","2801":"bigaypugay","2802":"salamin","2803":"nagaaral","2804":"duha","2805":"revilla","2806":"gayon","2807":"tindahan","2808":"street","2809":"francis","2810":"nagkita","2811":"dare","2812":"ipinanganak","2813":"lupit","2814":"motorsiklo","2815":"nakausap","2816":"education","2817":"movies","2818":"umiiral","2819":"cc","2820":"payo","2821":"executive","2822":"conference","2823":"light","2824":"al","2825":"eroplano","2826":"kampanya","2827":"funny","2828":"translation","2829":"works","2830":"umay","2831":"katoliko","2832":"espiritu","2833":"manipoldong","2834":"reaksyon","2835":"opisina","2836":"until","2837":"opinions","2838":"abogado","2839":"magic","2840":"ugh","2841":"modelo","2842":"katangiang","2843":"react","2844":"many","2845":"pwesto","2846":"termino","2847":"smile","2848":"elections","2849":"hit","2850":"vote","2851":"rodrigo","2852":"ibalik","2853":"pulitika","2854":"alafriz","2855":"notes","2856":"cast","2857":"blog","2858":"pedro","2859":"icon","2860":"saturday","2861":"siz","2862":"front","2863":"networks","2864":"magbasa","2865":"trajectory","2866":"secret","2867":"together","2868":"three","2869":"patunayan","2870":"bagyong","2871":"showtime","2872":"caloocan","2873":"kalamidad","2874":"survey","2875":"moment","2876":"aa","2877":"ong","2878":"lider","2879":"pakinggan","2880":"kaarawan","2881":"tuluyang","2882":"tay","2883":"sinehan","2884":"election","2885":"bitch","2886":"merkado","2887":"rape","2888":"magpa","2889":"ban","2890":"great","2891":"porket","2892":"use","2893":"asap","2894":"nagtatrabaho","2895":"regional","2896":"nakakatakot","2897":"makakasama","2898":"paglalarawan","2899":"committee","2900":"los","2901":"ji","2902":"bestfriend","2903":"kaunaunahang","2904":"mahabang","2905":"lmao","2906":"silay","2907":"sinagot","2908":"usapin","2909":"presscon","2910":"ugnayan","2911":"papuntang","2912":"atong","2913":"straight","2914":"bai","2915":"titi","2916":"malaya","2917":"aleman","2918":"chika","2919":"ruffa","2920":"jake","2921":"mahaba","2922":"assignment","2923":"half","2924":"mukang","2925":"baya","2926":"nararapat","2927":"bitaw","2928":"km","2929":"floater","2930":"pagpili","2931":"programang","2932":"army","2933":"hall","2934":"paulit","2935":"saad","2936":"nananatiling","2937":"tradisyon","2938":"aksidente","2939":"doh","2940":"far","2941":"yrs","2942":"palawan","2943":"kiano","2944":"activities","2945":"pabor","2946":"attitude","2947":"maabot","2948":"abala","2949":"ni\u00f1o","2950":"singer","2951":"gets","2952":"ilaw","2953":"maniwala","2954":"camera","2955":"ngaun","2956":"minuto","2957":"tl","2958":"paglalakbay","2959":"dai","2960":"double","2961":"tandaan","2962":"abay","2963":"puwersa","2964":"lagay","2965":"pagbalik","2966":"cash","2967":"trending","2968":"aling","2969":"rd","2970":"pampublikong","2971":"roles","2972":"judge","2973":"angelica","2974":"gender","2975":"car","2976":"beh","2977":"dad","2978":"own","2979":"kongresista","2980":"nakakatawa","2981":"ogie","2982":"pagsasanay","2983":"players","2984":"luv","2985":"ahhh","2986":"magamit","2987":"pagkakakilanlan","2988":"foreign","2989":"leader","2990":"fake","2991":"max","2992":"alarm","2993":"shop","2994":"pamamahala","2995":"tau","2996":"paman","2997":"maalala","2998":"nakakatulong","2999":"random","3000":"sound","3001":"delete","3002":"akda","3003":"tinamaan","3004":"wanna","3005":"bale","3006":"mike","3007":"bank","3008":"pagdiriwang","3009":"ing","3010":"hahahahhaa","3011":"nasan","3012":"literatura","3013":"pagtingin","3014":"nabigyan","3015":"tyan","3016":"administration","3017":"little","3018":"itsura","3019":"hum","3020":"ph","3021":"tung","3022":"friendship","3023":"kahoy","3024":"kakilala","3025":"kiya","3026":"table","3027":"unibersidad","3028":"magmahal","3029":"earth","3030":"ai","3031":"maglaro","3032":"tom","3033":"nagsasaad","3034":"kagaya","3035":"popular","3036":"pakistan","3037":"malabo","3038":"puke","3039":"kaloka","3040":"ituloy","3041":"industry","3042":"dekada","3043":"gatas","3044":"global","3045":"virus","3046":"disenyo","3047":"pagdinig","3048":"andaming","3049":"aj","3050":"hapones","3051":"ramon","3052":"hugis","3053":"magkapatid","3054":"maligo","3055":"ambag","3056":"nagpaluray","3057":"maituturing","3058":"kinakailangang","3059":"surgery","3060":"entry","3061":"arts","3062":"joey","3063":"btw","3064":"mention","3065":"abt","3066":"dokumento","3067":"pinakamataas","3068":"price","3069":"marahil","3070":"kapayapaan","3071":"kaharian","3072":"meaning","3073":"paghahanda","3074":"bampira","3075":"tumakas","3076":"kanikanilang","3077":"memories","3078":"mahanap","3079":"las","3080":"rosario","3081":"gate","3082":"europa","3083":"aap","3084":"kabuuan","3085":"senior","3086":"such","3087":"nagpunta","3088":"malaysia","3089":"yeah","3090":"nasira","3091":"magsulat","3092":"sugatan","3093":"indie","3094":"joshua","3095":"cayetano","3096":"six","3097":"negatibong","3098":"turista","3099":"karapatang","3100":"investigation","3101":"obispo","3102":"tungod","3103":"bunso","3104":"matatandaang","3105":"inilalarawan","3106":"han","3107":"inabot","3108":"finished","3109":"sched","3110":"mar","3111":"sau","3112":"paginom","3113":"kainin","3114":"nilalaman","3115":"kakain","3116":"matapang","3117":"libreng","3118":"app","3119":"noel","3120":"would","3121":"country","3122":"sky","3123":"hahahahahahha","3124":"around","3125":"bastos","3126":"inggit","3127":"nahuli","3128":"script","3129":"dds","3130":"ndi","3131":"example","3132":"lah","3133":"epiko","3134":"nakikinig","3135":"angkop","3136":"gas","3137":"things","3138":"london","3139":"patakaran","3140":"kandidato","3141":"classes","3142":"module","3143":"personalidad","3144":"p0","3145":"nakarating","3146":"force","3147":"low","3148":"mcdo","3149":"pool","3150":"kakayahang","3151":"hahahahaa","3152":"naiintindihan","3153":"ginagampanan","3154":"uso","3155":"aljur","3156":"store","3157":"pulitikal","3158":"activity","3159":"huh","3160":"pagbasa","3161":"score","3162":"kabuhayan","3163":"baboy","3164":"rating","3165":"kontrata","3166":"malinis","3167":"pagkawala","3168":"related","3169":"nandun","3170":"kids","3171":"tumaas","3172":"tala","3173":"hahhahaha","3174":"literal","3175":"umamin","3176":"ubos","3177":"pamahalaang","3178":"bisita","3179":"pipiliin","3180":"sale","3181":"direktang","3182":"murang","3183":"alis","3184":"bts","3185":"retweet","3186":"hahahahahahahahahahaha","3187":"kam","3188":"nanggaling","3189":"jason","3190":"binibigyan","3191":"sc","3192":"tanda","3193":"lokasyon","3194":"agency","3195":"twt","3196":"korean","3197":"nah","3198":"ahensya","3199":"pangalawa","3200":"bff","3201":"kooo","3202":"mabigat","3203":"between","3204":"blood","3205":"estrada","3206":"tirahan","3207":"bautista","3208":"kayko","3209":"indonesia","3210":"punsiyong","3211":"bigas","3212":"pra","3213":"pagusapan","3214":"bolyum","3215":"kontra","3216":"view","3217":"pagtanggap","3218":"eleksyon","3219":"nakalagay","3220":"ibon","3221":"arestado","3222":"watching","3223":"buto","3224":"marinig","3225":"kanlurang","3226":"graduates","3227":"status","3228":"timbang","3229":"pauwi","3230":"matagumpay","3231":"ee","3232":"posibilidad","3233":"carlos","3234":"rt","3235":"barko","3236":"hahahhaa","3237":"division","3238":"ligo","3239":"rhian","3240":"bhie","3241":"gumanap","3242":"klaseng","3243":"matandang","3244":"gov","3245":"pansamantalang","3246":"basin","3247":"luna","3248":"umiikot","3249":"lapit","3250":"laag","3251":"dedo","3252":"bantay","3253":"cutie","3254":"ash","3255":"dj","3256":"gawaing","3257":"tinatanong","3258":"round","3259":"lumaban","3260":"kuala","3261":"ramos","3262":"nan","3263":"biyahe","3264":"selos","3265":"lala","3266":"gumaganap","3267":"taehyung","3268":"liwanag","3269":"matuloy","3270":"boi","3271":"profile","3272":"lacson","3273":"tagahanga","3274":"interesado","3275":"espasyong","3276":"nangako","3277":"frankiana","3278":"kahabaan","3279":"netflix","3280":"kathryn","3281":"kaw","3282":"percent","3283":"bumuo","3284":"primetime","3285":"lagyan","3286":"dayuhan","3287":"robredo","3288":"illegal","3289":"maayo","3290":"priority","3291":"du","3292":"umpisa","3293":"itim","3294":"sotto","3295":"gak","3296":"pamunuan","3297":"made","3298":"leeg","3299":"pucha","3300":"active","3301":"naiyak","3302":"personality","3303":"merry","3304":"puntos","3305":"nasawi","3306":"vs","3307":"jun","3308":"sumikat","3309":"indi","3310":"software","3311":"je","3312":"tlaga","3313":"pasa","3314":"tanghali","3315":"political","3316":"swimming","3317":"wedding","3318":"kumakatawan","3319":"nandoon","3320":"ywa","3321":"baon","3322":"kastila","3323":"kumita","3324":"drawing","3325":"remember","3326":"kaisipan","3327":"retrieved","3328":"natatawang","3329":"cristine","3330":"makakatulong","3331":"target","3332":"napatay","3333":"bas","3334":"mapapanood","3335":"santa","3336":"mrs","3337":"gano","3338":"org","3339":"pak","3340":"yamang","3341":"karamdaman","3342":"means","3343":"jennylyn","3344":"against","3345":"makakita","3346":"kingina","3347":"couple","3348":"cancer","3349":"aksyon","3350":"deal","3351":"naba","3352":"sentro","3353":"click","3354":"motibo","3355":"lumpur","3356":"huwebes","3357":"pangaabuso","3358":"adlaw","3359":"nasugatan","3360":"bagal","3361":"hiniling","3362":"grace","3363":"buang","3364":"pagbili","3365":"napapanood","3366":"kuch","3367":"kagubatan","3368":"kaligtasan","3369":"building","3370":"pribadong","3371":"evangelista","3372":"sakop","3373":"michael","3374":"pabalik","3375":"page","3376":"paraang","3377":"simulan","3378":"left","3379":"dolphy","3380":"nba","3381":"iphone","3382":"rivera","3383":"pagkamatay","3384":"daliri","3385":"nakong","3386":"pakialam","3387":"gg","3388":"animal","3389":"voice","3390":"nagpapasalamat","3391":"hearing","3392":"bili","3393":"putang","3394":"libong","3395":"chicken","3396":"digmaang","3397":"princess","3398":"tumutulong","3399":"bitter","3400":"ophiolite","3401":"abroad","3402":"imbes","3403":"heneral","3404":"box","3405":"paglabag","3406":"appreciate","3407":"kabataang","3408":"lusot","3409":"fashion","3410":"sub","3411":"inis","3412":"stem","3413":"nangangahulugang","3414":"halatang","3415":"namamatay","3416":"natuloy","3417":"biblia","3418":"agham","3419":"wastong","3420":"pantay","3421":"note","3422":"looking","3423":"toni","3424":"selula","3425":"iniulat","3426":"records","3427":"sentence","3428":"forward","3429":"panlabas","3430":"dayun","3431":"malala","3432":"halo","3433":"magkaiba","3434":"ombudsman","3435":"damn","3436":"finally","3437":"arasga","3438":"natuwa","3439":"bola","3440":"medal","3441":"palit","3442":"paglabas","3443":"badtrip","3444":"comeback","3445":"brand","3446":"nasaan","3447":"rights","3448":"pldt","3449":"ganung","3450":"kas","3451":"payagan","3452":"tumba","3453":"ayyy","3454":"problemang","3455":"thread","3456":"paulitulit","3457":"shirt","3458":"professional","3459":"slogan","3460":"america","3461":"bs","3462":"cut","3463":"hahahaa","3464":"kumpleto","3465":"sundin","3466":"ekwasyon","3467":"nakakalungkot","3468":"talata","3469":"pananampalataya","3470":"paguusap","3471":"pagi","3472":"epal","3473":"early","3474":"scenes","3475":"porsiyento","3476":"kalang","3477":"hii","3478":"valentines","3479":"tigil","3480":"paglaki","3481":"kakayanin","3482":"sharon","3483":"jorgensen","3484":"death","3485":"row","3486":"aminin","3487":"madagdagan","3488":"saimo","3489":"everyone","3490":"band","3491":"hota","3492":"vlog","3493":"pla","3494":"turismo","3495":"pacman","3496":"idea","3497":"kamaganak","3498":"petrolyo","3499":"positive","3500":"lihim","3501":"ps","3502":"josh","3503":"loyal","3504":"anuano","3505":"ilabas","3506":"holy","3507":"p00000","3508":"bisan","3509":"natuklasan","3510":"hayup","3511":"google","3512":"hour","3513":"metrikong","3514":"buddy","3515":"pwet","3516":"champion","3517":"mv","3518":"matukoy","3519":"itinatag","3520":"kuha","3521":"paningin","3522":"babasahin","3523":"stan","3524":"nakatayo","3525":"kaguluhan","3526":"east","3527":"baguhin","3528":"lazada","3529":"come","3530":"source","3531":"sipag","3532":"alala","3533":"sigaw","3534":"theme","3535":"nagmamahal","3536":"administrasyon","3537":"gayong","3538":"william","3539":"suplay","3540":"dumalo","3541":"sakanila","3542":"nat","3543":"magazine","3544":"allan","3545":"basehan","3546":"balagtasan","3547":"nagsimulang","3548":"nangyaring","3549":"pagaari","3550":"nadin","3551":"malas","3552":"hintayin","3553":"yr","3554":"narealize","3555":"ikaapat","3556":"milktea","3557":"uniform","3558":"pinipilit","3559":"bulaga","3560":"war","3561":"wallet","3562":"bc","3563":"hapit","3564":"piolo","3565":"koooo","3566":"pagkilala","3567":"loading","3568":"manong","3569":"grrrr","3570":"pangalang","3571":"himala","3572":"dina","3573":"puntong","3574":"santiago","3575":"canada","3576":"asean","3577":"andres","3578":"kisi","3579":"makamit","3580":"minahal","3581":"jacket","3582":"shows","3583":"those","3584":"nam","3585":"pagbubuntis","3586":"palad","3587":"gandang","3588":"matigas","3589":"offer","3590":"ek","3591":"speech","3592":"tinig","3593":"ubo","3594":"kongreso","3595":"sabog","3596":"tomorrow","3597":"mamsh","3598":"halata","3599":"nagtanong","3600":"apoy","3601":"subjects","3602":"nabubuhay","3603":"qc","3604":"production","3605":"antonio","3606":"nananatili","3607":"push","3608":"complex","3609":"bilhin","3610":"river","3611":"katrina","3612":"naglabas","3613":"mamamatay","3614":"sara","3615":"lunch","3616":"tumanggap","3617":"pray","3618":"mclisse","3619":"saang","3620":"magbago","3621":"khan","3622":"sauna","3623":"nakaupo","3624":"nora","3625":"kursong","3626":"problem","3627":"taka","3628":"tig","3629":"salawikain","3630":"maingay","3631":"lisod","3632":"negative","3633":"ticket","3634":"sec","3635":"napili","3636":"nagalit","3637":"doj","3638":"sister","3639":"naitala","3640":"maybe","3641":"tipan","3642":"bias","3643":"naninirahan","3644":"pinaguusapan","3645":"binibigay","3646":"pinayagan","3647":"ginto","3648":"papers","3649":"copy","3650":"pinto","3651":"barbie","3652":"ipa","3653":"nazi","3654":"color","3655":"impluwensiya","3656":"nagngangalang","3657":"palasyo","3658":"kaon","3659":"ipinaliwanag","3660":"nakatulong","3661":"plot","3662":"island","3663":"pagpapatupad","3664":"kamukha","3665":"napa","3666":"pababa","3667":"rag","3668":"pamumuno","3669":"myself","3670":"nood","3671":"paglalaro","3672":"nong","3673":"followers","3674":"convo","3675":"espasyo","3676":"going","3677":"enrile","3678":"graduate","3679":"nagpahayag","3680":"ilarawan","3681":"makitang","3682":"mawalan","3683":"broken","3684":"tots","3685":"magkita","3686":"tinaguriang","3687":"daga","3688":"impluwensya","3689":"hinihingi","3690":"umakyat","3691":"unsay","3692":"child","3693":"mae","3694":"eyes","3695":"mah","3696":"during","3697":"sense","3698":"mm","3699":"control","3700":"pc","3701":"rako","3702":"banta","3703":"le","3704":"naapektuhan","3705":"lesson","3706":"taglay","3707":"pagbaha","3708":"seguridad","3709":"chapter","3710":"had","3711":"kila","3712":"larong","3713":"kupal","3714":"pasasalamat","3715":"yieee","3716":"reporter","3717":"nakitang","3718":"asar","3719":"met","3720":"dinner","3721":"upuan","3722":"kumilos","3723":"pr","3724":"kalahati","3725":"paolo","3726":"masasaktan","3727":"gaanong","3728":"madam","3729":"namjoon","3730":"restaurant","3731":"christian","3732":"binuo","3733":"martial","3734":"overseas","3735":"katapusan","3736":"binanggit","3737":"papalapit","3738":"gym","3739":"fight","3740":"pulang","3741":"trapiko","3742":"artikulo","3743":"bawi","3744":"nawawalan","3745":"kulungan","3746":"nuon","3747":"tutal","3748":"zero","3749":"raha","3750":"pagkilos","3751":"place","3752":"kun","3753":"maja","3754":"west","3755":"save","3756":"pinanood","3757":"sinumang","3758":"commercial","3759":"ipon","3760":"gabby","3761":"classmates","3762":"sipon","3763":"fun","3764":"pabula","3765":"biktimang","3766":"pansinin","3767":"under","3768":"through","3769":"bangkok","3770":"kalye","3771":"paglipat","3772":"malusog","3773":"kind","3774":"nahulog","3775":"willing","3776":"panggagahasa","3777":"taba","3778":"sangkap","3779":"vi","3780":"ahensiya","3781":"fire","3782":"tambay","3783":"nawa","3784":"happiness","3785":"flight","3786":"cake","3787":"bading","3788":"dp","3789":"posts","3790":"bahalag","3791":"sero","3792":"penge","3793":"tournament","3794":"hihihi","3795":"grr","3796":"nabili","3797":"kinakain","3798":"dto","3799":"unsaon","3800":"hustisya","3801":"alkalde","3802":"tenga","3803":"kinsa","3804":"kinatawan","3805":"petsa","3806":"alagad","3807":"alagaan","3808":"floor","3809":"apaka","3810":"netong","3811":"sosyal","3812":"salarin","3813":"sath","3814":"inaalam","3815":"pambili","3816":"scandal","3817":"dos","3818":"suprema","3819":"beijing","3820":"done","3821":"probinsya","3822":"paramore","3823":"tumayo","3824":"weather","3825":"lunas","3826":"less","3827":"hitsura","3828":"pinatay","3829":"planeta","3830":"mapansin","3831":"awitin","3832":"tondo","3833":"pattern","3834":"asawang","3835":"mamimiss","3836":"nailabas","3837":"sumakit","3838":"union","3839":"puti","3840":"kath","3841":"fucking","3842":"output","3843":"engineering","3844":"kasunduan","3845":"onti","3846":"elementary","3847":"sinulat","3848":"istasyon","3849":"kontrabida","3850":"guest","3851":"audience","3852":"enough","3853":"leon","3854":"maghanap","3855":"byahe","3856":"spot","3857":"horror","3858":"karne","3859":"tumingin","3860":"sagutin","3861":"kaganapan","3862":"breast","3863":"makakalimutan","3864":"nakakausap","3865":"gagu","3866":"rest","3867":"hayst","3868":"five","3869":"hahahahahahahahah","3870":"style","3871":"paka","3872":"damo","3873":"nalng","3874":"paglikha","3875":"label","3876":"tuwang","3877":"mass","3878":"bunsod","3879":"highway","3880":"sugar","3881":"simbolo","3882":"dead","3883":"concern","3884":"pinakamahusay","3885":"nangyare","3886":"electric","3887":"ja","3888":"pinay","3889":"nakakaiyak","3890":"kamara","3891":"ray","3892":"husay","3893":"sabagay","3894":"daloy","3895":"iwasan","3896":"angeles","3897":"doing","3898":"did","3899":"alaws","3900":"er","3901":"flex","3902":"sr","3903":"tinukoy","3904":"pahayagan","3905":"katanungan","3906":"artistang","3907":"kulturang","3908":"bo","3909":"lovi","3910":"walo","3911":"simbahang","3912":"judy","3913":"available","3914":"tin","3915":"federal","3916":"bike","3917":"kuwarto","3918":"andi","3919":"pamayanan","3920":"pagkakamali","3921":"hinihinalang","3922":"bersyon","3923":"mrt","3924":"kinumpirma","3925":"four","3926":"agrikultura","3927":"pagulan","3928":"kritikal","3929":"guilty","3930":"whole","3931":"pun","3932":"plato","3933":"nilikha","3934":"kwarta","3935":"maputi","3936":"nakakita","3937":"defense","3938":"sin","3939":"rosa","3940":"baat","3941":"acads","3942":"umuulan","3943":"total","3944":"eastern","3945":"download","3946":"karjon","3947":"taguig","3948":"leche","3949":"kia","3950":"gwapa","3951":"father","3952":"key","3953":"mobile","3954":"kaunting","3955":"everytime","3956":"kinaya","3957":"patungkol","3958":"age","3959":"pandaigdig","3960":"isinasagawa","3961":"ag","3962":"bituin","3963":"heto","3964":"design","3965":"hahahhahahaha","3966":"seen","3967":"pagbuo","3968":"sangkot","3969":"bicol","3970":"fave","3971":"pas","3972":"anna","3973":"quality","3974":"item","3975":"tiket","3976":"cla","3977":"kyo","3978":"norte","3979":"pamilyang","3980":"classroom","3981":"ipaliwanag","3982":"pagsabog","3983":"captain","3984":"spokesman","3985":"kalit","3986":"mary","3987":"laking","3988":"trapik","3989":"tm","3990":"kalaunan","3991":"piliin","3992":"diperensiyal","3993":"sun","3994":"authority","3995":"birhen","3996":"australia","3997":"joy","3998":"binuksan","3999":"tanawin","4000":"litrato","4001":"kopya","4002":"mangaawit","4003":"pink","4004":"partidong","4005":"tuesday","4006":"paguugali","4007":"pagkuha","4008":"mina","4009":"liza","4010":"mmda","4011":"lopez","4012":"espanyol","4013":"beach","4014":"uhm","4015":"kaukulang","4016":"busog","4017":"malabon","4018":"mambabasa","4019":"diretso","4020":"few","4021":"rate","4022":"matanggap","4023":"carla","4024":"apektado","4025":"magtanong","4026":"matatanda","4027":"latest","4028":"phase","4029":"coming","4030":"marawi","4031":"states","4032":"umulan","4033":"diwa","4034":"isinagawang","4035":"phir","4036":"kinain","4037":"pinakita","4038":"magaganap","4039":"easy","4040":"derek","4041":"kurso","4042":"tapang","4043":"kasangkapan","4044":"tbh","4045":"kuno","4046":"taiwan","4047":"lesbian","4048":"already","4049":"nadine","4050":"robert","4051":"nbi","4052":"ganoong","4053":"guess","4054":"ad","4055":"aktibidad","4056":"\u0628\u0644\u0627\u062f\u064a","4057":"grado","4058":"writing","4059":"henerasyon","4060":"naranasan","4061":"xa","4062":"gumagalaw","4063":"gab","4064":"gulay","4065":"satin","4066":"albert","4067":"rey","4068":"sakali","4069":"natatanging","4070":"nandyan","4071":"result","4072":"nio","4073":"napapagod","4074":"nakakaloka","4075":"intindihin","4076":"nlang","4077":"nalulungkot","4078":"afternoon","4079":"ibaba","4080":"akdang","4081":"gali","4082":"ninyong","4083":"holiday","4084":"hmmmm","4085":"akooo","4086":"internasyonal","4087":"ilocos","4088":"ihi","4089":"hanep","4090":"admin","4091":"japon","4092":"credit","4093":"sig","4094":"duh","4095":"nge","4096":"dn","4097":"kumukuha","4098":"advance","4099":"kurba","4100":"bisyo","4101":"lyrics","4102":"sektor","4103":"gue","4104":"porsyento","4105":"diya","4106":"mararamdaman","4107":"kukunin","4108":"sumabog","4109":"hnd","4110":"nagdudulot","4111":"makalipas","4112":"worker","4113":"bonding","4114":"league","4115":"turo","4116":"tulay","4117":"shift","4118":"foundation","4119":"israel","4120":"litro","4121":"kanan","4122":"buksan","4123":"nia","4124":"naligo","4125":"positibong","4126":"celebrity","4127":"harapin","4128":"sd","4129":"maghapon","4130":"nabuhay","4131":"iinom","4132":"hamon","4133":"patayin","4134":"puson","4135":"speaker","4136":"ariarian","4137":"landas","4138":"laos","4139":"magagalit","4140":"compound","4141":"laruan","4142":"should","4143":"marka","4144":"momentum","4145":"jod","4146":"pamasahe","4147":"co","4148":"nangangahulugan","4149":"except","4150":"oa","4151":"saudi","4152":"patunay","4153":"maganap","4154":"explain","4155":"cases","4156":"rasa","4157":"resort","4158":"vids","4159":"julie","4160":"matibay","4161":"pagsasama","4162":"transit","4163":"ahahahaha","4164":"ed","4165":"units","4166":"alok","4167":"pablo","4168":"aircon","4169":"mabawasan","4170":"edition","4171":"demand","4172":"golden","4173":"humihingi","4174":"ganina","4175":"godbless","4176":"package","4177":"silid","4178":"pagkakaisa","4179":"disiplina","4180":"pagpapalit","4181":"auto","4182":"bila","4183":"pinsala","4184":"pader","4185":"homeland","4186":"pinagaaralan","4187":"diumano","4188":"mau","4189":"present","4190":"mapanood","4191":"takte","4192":"middle","4193":"dalang","4194":"silver","4195":"teachers","4196":"bilyon","4197":"oyy","4198":"responsibilidad","4199":"dota","4200":"naglalakad","4201":"fr","4202":"patrick","4203":"basic","4204":"product","4205":"effects","4206":"space","4207":"educational","4208":"saw","4209":"itinanggi","4210":"pan","4211":"sinayang","4212":"nakikitang","4213":"ngalan","4214":"stack","4215":"effect","4216":"tumagal","4217":"mani","4218":"loveteam","4219":"uod","4220":"paglalagay","4221":"sabe","4222":"noynoy","4223":"pagamutan","4224":"partylist","4225":"aaway","4226":"kaugalian","4227":"liye","4228":"katawa","4229":"pandaigdigang","4230":"li","4231":"xi","4232":"diha","4233":"charge","4234":"fact","4235":"gitnang","4236":"tampok","4237":"sisimulan","4238":"surprise","4239":"isulat","4240":"hayyy","4241":"yeh","4242":"sinundan","4243":"saying","4244":"branch","4245":"ninang","4246":"mariel","4247":"philhealth","4248":"pagsasagawa","4249":"gumagana","4250":"nagtagal","4251":"gawas","4252":"sumulat","4253":"working","4254":"siguradong","4255":"sample","4256":"nagpakita","4257":"gilas","4258":"pinagdaanan","4259":"kaligayahan","4260":"vegas","4261":"honest","4262":"emosyon","4263":"afp","4264":"kontribusyon","4265":"attention","4266":"military","4267":"koo","4268":"natitirang","4269":"dumadaan","4270":"gaganda","4271":"dakilang","4272":"mateo","4273":"maiiwasan","4274":"nagka","4275":"protesta","4276":"aspeto","4277":"marquez","4278":"pambansa","4279":"pagbisita","4280":"abu","4281":"goal","4282":"pbb","4283":"henry","4284":"kilalanin","4285":"nakatakda","4286":"dengue","4287":"zone","4288":"nagkamali","4289":"renato","4290":"armm","4291":"mendoza","4292":"moa","4293":"gyapon","4294":"bonifacio","4295":"put","4296":"karna","4297":"inalis","4298":"mahahalagang","4299":"tho","4300":"tatanggapin","4301":"ekwasyong","4302":"distrito","4303":"sangay","4304":"nagsisilbing","4305":"small","4306":"rules","4307":"fish","4308":"seksuwal","4309":"luto","4310":"papayag","4311":"services","4312":"cam","4313":"cant","4314":"halamang","4315":"musical","4316":"kalooban","4317":"california","4318":"fernando","4319":"paggamot","4320":"reading","4321":"magasawang","4322":"mask","4323":"cause","4324":"pia","4325":"matangkad","4326":"tagapagsalaysay","4327":"pawis","4328":"nalungkot","4329":"tumatawag","4330":"baron","4331":"pasado","4332":"automatic","4333":"pascual","4334":"relatibidad","4335":"logo","4336":"karelasyon","4337":"clinic","4338":"nakain","4339":"dat","4340":"isbn","4341":"gr","4342":"george","4343":"salik","4344":"maghintay","4345":"ic","4346":"twist","4347":"mabagal","4348":"waldman","4349":"thats","4350":"regina","4351":"kakagising","4352":"akalain","4353":"arthur","4354":"following","4355":"kanto","4356":"nakatingin","4357":"bash","4358":"average","4359":"heograpiya","4360":"napapansin","4361":"astig","4362":"mabasa","4363":"positibo","4364":"gaming","4365":"mesa","4366":"harry","4367":"panganib","4368":"darna","4369":"makapasok","4370":"nagsasagawa","4371":"value","4372":"upload","4373":"ila","4374":"iglesia","4375":"storya","4376":"sumailalim","4377":"trabahador","4378":"piraso","4379":"tips","4380":"pagkasira","4381":"ken","4382":"jollibee","4383":"tanyag","4384":"ce","4385":"problems","4386":"questions","4387":"olivia","4388":"sweldo","4389":"nilalang","4390":"kulit","4391":"dine","4392":"anyway","4393":"makaka","4394":"dark","4395":"position","4396":"mamahalin","4397":"hero","4398":"napakaraming","4399":"uwu","4400":"bilib","4401":"bishop","4402":"tumanggi","4403":"nakakaalam","4404":"locsin","4405":"winner","4406":"pumasa","4407":"hahahahhahahaha","4408":"waiting","4409":"ateneo","4410":"sss","4411":"gigising","4412":"pormula","4413":"bil\u0101d\u012b","4414":"honor","4415":"oyyy","4416":"gara","4417":"tea","4418":"telepono","4419":"mabisang","4420":"subukan","4421":"umupo","4422":"boracay","4423":"perang","4424":"truth","4425":"permi","4426":"taray","4427":"tiis","4428":"ti","4429":"naia","4430":"nagbabasa","4431":"uno","4432":"goods","4433":"nanti","4434":"tab","4435":"dika","4436":"council","4437":"pinuntahan","4438":"sandiganbayan","4439":"magaganda","4440":"mapigilan","4441":"gya","4442":"pg","4443":"inisip","4444":"language","4445":"giardia","4446":"sexual","4447":"deped","4448":"tokyo","4449":"communication","4450":"nakasaad","4451":"added","4452":"barilin","4453":"kinausap","4454":"espanya","4455":"uban","4456":"summit","4457":"magsimula","4458":"nagsabing","4459":"ngumiti","4460":"modules","4461":"pants","4462":"npc","4463":"nagugutom","4464":"bayang","4465":"pinansin","4466":"maestro","4467":"goodbye","4468":"paggising","4469":"bitin","4470":"magluto","4471":"karen","4472":"pagpapalabas","4473":"nakasulat","4474":"trade","4475":"huehue","4476":"dasal","4477":"pagbaba","4478":"suportahan","4479":"kagandahan","4480":"rank","4481":"marvin","4482":"atensyon","4483":"malawakang","4484":"nakapasok","4485":"nalalapit","4486":"okasyon","4487":"feels","4488":"oportunidad","4489":"titigil","4490":"dan","4491":"lie","4492":"waray","4493":"kanluran","4494":"matiyak","4495":"bossing","4496":"promo","4497":"supreme","4498":"mamamahayag","4499":"kill","4500":"kawalang","4501":"supt","4502":"ball","4503":"task","4504":"sabihing","4505":"sabihan","4506":"race","4507":"find","4508":"benta","4509":"requirements","4510":"jones","4511":"umusbong","4512":"tanggalin","4513":"nandiyan","4514":"piste","4515":"ngaa","4516":"spokesperson","4517":"gabie","4518":"issues","4519":"books","4520":"newton","4521":"daig","4522":"lawa","4523":"officer","4524":"size","4525":"original","4526":"kmi","4527":"arte","4528":"binigyang","4529":"hinawakan","4530":"bahaging","4531":"dw","4532":"lot","4533":"fine","4534":"foods","4535":"cristo","4536":"nani","4537":"yellow","4538":"hesus","4539":"nami","4540":"basi","4541":"bangs","4542":"hangang","4543":"input","4544":"gumaling","4545":"gretchen","4546":"nauwi","4547":"chan","4548":"win","4549":"dfa","4550":"mona","4551":"magbayad","4552":"dna","4553":"jean","4554":"masasabing","4555":"matatandaan","4556":"galet","4557":"kinabahan","4558":"pupuntahan","4559":"kambal","4560":"kinakausap","4561":"maguindanao","4562":"kilay","4563":"rose","4564":"standard","4565":"hinaharap","4566":"kabihasnan","4567":"inilarawan","4568":"nama","4569":"maramdaman","4570":"matematika","4571":"gabay","4572":"shoes","4573":"manipoldo","4574":"grab","4575":"lagnat","4576":"manatili","4577":"tawagin","4578":"hayss","4579":"tumawa","4580":"photos","4581":"events","4582":"loko","4583":"episodes","4584":"nagagalit","4585":"maniniwala","4586":"samsung","4587":"alyas","4588":"parusa","4589":"naaaa","4590":"anoano","4591":"paling","4592":"tinanggal","4593":"church","4594":"nations","4595":"header","4596":"sawa","4597":"land","4598":"tell","4599":"where","4600":"limitasyon","4601":"makakatulog","4602":"puting","4603":"file","4604":"sumakay","4605":"nagdulot","4606":"talento","4607":"each","4608":"conjugation","4609":"kpop","4610":"turn","4611":"krna","4612":"hiii","4613":"nagsalita","4614":"ipalabas","4615":"pulong","4616":"casino","4617":"nakakalimutan","4618":"prank","4619":"sandaling","4620":"mawawalan","4621":"ikot","4622":"hah","4623":"vilma","4624":"release","4625":"pina","4626":"pajud","4627":"common","4628":"rico","4629":"idinagdag","4630":"accounts","4631":"babala","4632":"inihain","4633":"tuwangtuwa","4634":"views","4635":"relief","4636":"hey","4637":"fries","4638":"heometriya","4639":"bob","4640":"blessed","4641":"blessing","4642":"puntahan","4643":"saging","4644":"gumala","4645":"kyle","4646":"timing","4647":"villar","4648":"nabibigyan","4649":"woman","4650":"maski","4651":"lately","4652":"cool","4653":"pangyayaring","4654":"tricycle","4655":"hahahaah","4656":"lansangan","4657":"inaabangan","4658":"asahan","4659":"talino","4660":"content","4661":"lalamunan","4662":"teritoryo","4663":"kasabot","4664":"yakap","4665":"tungo","4666":"tinatanggap","4667":"francisco","4668":"kategorya","4669":"mine","4670":"bond","4671":"shs","4672":"manliligaw","4673":"pilar","4674":"nakakasama","4675":"kumusta","4676":"climate","4677":"function","4678":"fund","4679":"inlove","4680":"mvp","4681":"cycle","4682":"cbn","4683":"magaral","4684":"pangatlong","4685":"apple","4686":"pinangunahan","4687":"nababasa","4688":"apply","4689":"join","4690":"kalau","4691":"proyektong","4692":"pagsasalita","4693":"kakampi","4694":"pasaway","4695":"nadagdagan","4696":"kok","4697":"ily","4698":"paden","4699":"saloobin","4700":"batayan","4701":"mat","4702":"nakakaapekto","4703":"scam","4704":"nala","4705":"producer","4706":"michelle","4707":"kalami","4708":"nakadepende","4709":"anthony","4710":"risk","4711":"cell","4712":"yaya","4713":"hu","4714":"pacific","4715":"centipede","4716":"iisipin","4717":"halong","4718":"akoo","4719":"rap","4720":"memory","4721":"feed","4722":"munting","4723":"lucky","4724":"sinamahan","4725":"hanapbuhay","4726":"gamay","4727":"paborito","4728":"reality","4729":"iloilo","4730":"apna","4731":"lubhang","4732":"hug","4733":"matindi","4734":"akung","4735":"shaina","4736":"pugot","4737":"este","4738":"en","4739":"pananakop","4740":"lumitaw","4741":"ian","4742":"raba","4743":"hukuman","4744":"pinapansin","4745":"natalo","4746":"itna","4747":"paliparan","4748":"magkakasama","4749":"nakangiti","4750":"jessica","4751":"epektibo","4752":"kinilig","4753":"zambales","4754":"lrt","4755":"tatak","4756":"katutubo","4757":"payag","4758":"salapi","4759":"nagamit","4760":"castro","4761":"metal","4762":"bihira","4763":"british","4764":"trust","4765":"village","4766":"nanood","4767":"nawng","4768":"fall","4769":"kawani","4770":"bali","4771":"maliwanag","4772":"huna","4773":"valenzuela","4774":"ilalagay","4775":"kg","4776":"makatutulong","4777":"mundong","4778":"immigration","4779":"jetradar","4780":"pagpunta","4781":"kapit","4782":"bashers","4783":"nagtuturo","4784":"resolusyon","4785":"soviet","4786":"dayuhang","4787":"salaysay","4788":"yaw","4789":"cold","4790":"protection","4791":"nmo","4792":"derrick","4793":"bataan","4794":"ere","4795":"binaril","4796":"bibliya","4797":"sumusuporta","4798":"sugod","4799":"crew","4800":"kasalan","4801":"operator","4802":"justin","4803":"drop","4804":"paba","4805":"gulong","4806":"caption","4807":"surpasiyo","4808":"naiiba","4809":"nagiisa","4810":"nagiisang","4811":"katulong","4812":"seminar","4813":"napagalaman","4814":"volume","4815":"aye","4816":"cady","4817":"trillanes","4818":"siyudad","4819":"nakagawa","4820":"sing","4821":"twice","4822":"pagaralan","4823":"temperatura","4824":"jenny","4825":"jeremy","4826":"imperyong","4827":"hahahahahahhaha","4828":"updated","4829":"africa","4830":"dra","4831":"teoryang","4832":"unfair","4833":"pagpapahalaga","4834":"jam","4835":"pata","4836":"cesar","4837":"saket","4838":"aww","4839":"bulag","4840":"masipag","4841":"inaaway","4842":"truck","4843":"magdala","4844":"magustuhan","4845":"gobyernong","4846":"matupad","4847":"kontrobersyal","4848":"likes","4849":"kro","4850":"hayley","4851":"katarungan","4852":"bako","4853":"possible","4854":"inisyal","4855":"besh","4856":"panawagan","4857":"ratings","4858":"samen","4859":"lane","4860":"puerto","4861":"papasa","4862":"gagawing","4863":"bote","4864":"male","4865":"nagsilbing","4866":"makagawa","4867":"gw","4868":"complete","4869":"sarado","4870":"visayas","4871":"paring","4872":"aur","4873":"forms","4874":"palaban","4875":"magpahinga","4876":"hahha","4877":"tangent","4878":"nagawang","4879":"susuko","4880":"television","4881":"marco","4882":"magasin","4883":"eden","4884":"shopping","4885":"malandi","4886":"bianca","4887":"noo","4888":"consistent","4889":"hanggan","4890":"inilathala","4891":"whatever","4892":"tela","4893":"nagbabayad","4894":"rebelde","4895":"panitikang","4896":"makisama","4897":"boom","4898":"katrabaho","4899":"ser","4900":"debut","4901":"matino","4902":"baso","4903":"tutulog","4904":"beautiful","4905":"00th","4906":"ninoy","4907":"umiinom","4908":"brain","4909":"hilak","4910":"economic","4911":"tigas","4912":"kinukuha","4913":"lines","4914":"inilahad","4915":"saktan","4916":"noli","4917":"pusong","4918":"botante","4919":"neil","4920":"ashley","4921":"pares","4922":"handang","4923":"sunshine","4924":"macam","4925":"pagbubukas","4926":"contract","4927":"kalungkutan","4928":"hahahahahhaa","4929":"fee","4930":"lay","4931":"prinsesa","4932":"aja","4933":"tonight","4934":"commissioner","4935":"kasali","4936":"kaibigang","4937":"members","4938":"train","4939":"ganang","4940":"manuod","4941":"friendly","4942":"matutuloy","4943":"iwas","4944":"puwersang","4945":"parking","4946":"address","4947":"supportive","4948":"matutunan","4949":"ust","4950":"darren","4951":"suspended","4952":"pataas","4953":"katagal","4954":"pahalagahan","4955":"relate","4956":"karun","4957":"ipaglaban","4958":"ipinagbabawal","4959":"cheer","4960":"pagsusulat","4961":"moon","4962":"biglaang","4963":"wave","4964":"advertising","4965":"kumalat","4966":"france","4967":"pagbagsak","4968":"maranasan","4969":"krisis","4970":"paalam","4971":"atang","4972":"customer","4973":"makasaysayang","4974":"lumipas","4975":"panel","4976":"kak","4977":"former","4978":"salpok","4979":"qt","4980":"yari","4981":"skills","4982":"billy","4983":"kalahok","4984":"bisaya","4985":"hahahahahahahahahahahaha","4986":"kriminal","4987":"wife","4988":"mananalo","4989":"tumataas","4990":"nagsagawa","4991":"customs","4992":"bir","4993":"different","4994":"integrasyon","4995":"wattpad","4996":"pantao","4997":"kapulisan","4998":"kontinente","4999":"tnx"}}