{"tur":{"0":"<num","1":"num>","2":" <nu","3":" bir","4":" ve ","5":"um> ","6":"leri","7":"lar\u0131","8":"bir ","9":"\u0131nda","10":"nda ","11":"erin","12":"lar ","13":"inde","14":"eri ","15":"den ","16":"ler ","17":"ar\u0131n","18":"dan ","19":" bu ","20":" ola","21":"nde ","22":"ine ","23":"nin ","24":"ar\u0131 ","25":" yap","26":"nlar","27":"ini ","28":"esi ","29":" k\u00f6y","30":"d\u0131r ","31":"iyor","32":"n\u0131n ","33":"anla","34":"lan ","35":" ba\u015f","36":"lara","37":" kar","38":" i\u00e7i","39":"esin","40":"ile ","41":"i\u00e7in","42":" gel","43":"rak ","44":"yor ","45":"\u0131n\u0131 ","46":"as\u0131n","47":"arak","48":"inin","49":" son","50":"iler","51":"dir ","52":"as\u0131 ","53":" g\u00f6r","54":" de ","55":"ndan","56":"yoru","57":"eler","58":" ile","59":"\u00e7in ","60":" bil","61":" var","62":" da ","63":"\u0131na ","64":"alar","65":"mas\u0131","66":" ben","67":" tar","68":"orum","69":" olm","70":" y\u0131l","71":"endi","72":" ara","73":" yer","74":"olar","75":"kler","76":"rum ","77":"an\u0131n","78":"rini","79":"iye ","80":"l\u0131k ","81":"ard\u0131","82":" ver","83":" kad","84":"bili","85":" g\u00fcn","86":"oldu","87":"\u00e7ok ","88":"klar","89":"aya ","90":" t\u00fcr","91":" kal","92":" old","93":"ara ","94":"olma","95":"kada","96":" olu","97":"\u0131yor","98":" \u00e7ok","99":"\u0131n\u0131n","100":" her","101":"t\u00fcrk","102":"yle ","103":" ger","104":"sini","105":"mak ","106":"lama","107":"ama ","108":" bul","109":" yok","110":"erle","111":" kon","112":" kur","113":"eden","114":"rin ","115":"i\u011fi ","116":"nden","117":"ekle","118":" de\u011f","119":"cak ","120":"\u0131\u011f\u0131 ","121":"yap\u0131","122":"r\u0131n ","123":"olan","124":"akta","125":" hay","126":"kara","127":"mek ","128":"s\u0131nd","129":"sind","130":"k\u00f6y\u00fc","131":"ilir","132":"lard","133":" sen","134":"aha ","135":"rler","136":" dah","137":"eni ","138":"alan","139":"ada ","140":"lan\u0131","141":"ere ","142":"rind","143":"di\u011fi","144":"r\u0131n\u0131","145":" en ","146":"erde","147":"\u00f6yle","148":"ad\u0131r","149":"s\u0131n\u0131","150":"lik ","151":"\u015ftir","152":"arda","153":"daha","154":"mesi","155":"an\u0131 ","156":"du\u011fu","157":" edi","158":"ana ","159":" ge\u00e7","160":"man ","161":" yar","162":"erek","163":" ken","164":"\u0131lar","165":"niz ","166":"erke","167":"makt","168":"ikle","169":"etme","170":"aman","171":" ist","172":"maya","173":"i\u011fin","174":"nler","175":"d\u0131\u011f\u0131","176":"iniz","177":"onra","178":"rlar","179":"sonr","180":" bel","181":"ibi ","182":"tler","183":" ya\u015f","184":" sa\u011f","185":"li\u011fi","186":"sun ","187":"len ","188":"diye","189":"a\u015fla","190":"tan ","191":"mler","192":" diy","193":"lerd","194":"dar ","195":"bulu","196":"tad\u0131","197":"arla","198":"ayan","199":"unda","200":" gib","201":"gibi","202":"enin","203":"edir","204":"iste","205":"anl\u0131","206":" kul","207":"\u00f6y\u00fcn","208":"ktad","209":" ama","210":"isin","211":"isi ","212":"de\u011fi","213":"acak","214":"akla","215":"g\u00f6re","216":" yan","217":"i\u015fti","218":" sev","219":" ne ","220":"abil","221":"yan ","222":"unu ","223":"ulla","224":" hal","225":"tur ","226":"adar","227":"sine","228":" ala","229":" par","230":"sa\u011fl","231":"imiz","232":"kend","233":"\u0131\u015ft\u0131","234":" \u00e7\u0131k","235":"\u015ft\u0131r","236":"imi ","237":"rine","238":"ulun","239":"nun ","240":"konu","241":"aki ","242":" bak","243":"ba\u015fk","244":"a\u011fl\u0131","245":" yaz","246":"ras\u0131","247":"ken ","248":"izle","249":"anda","250":"ildi","251":"zel ","252":" ede","253":"daki","254":"eye ","255":"nsan","256":"y\u00fcn ","257":"her ","258":"tir ","259":"ilgi","260":"yla ","261":"eki ","262":" \u00e7al","263":"yeni","264":"rd\u0131r","265":"t\u0131r ","266":"a\u015fka","267":" bun","268":"ar\u0131m","269":" dev","270":"and\u0131","271":"nce ","272":" kay","273":"ldu\u011f","274":"ekte","275":" anl","276":"sin ","277":"l\u0131\u011f\u0131","278":"\u0131\u011f\u0131n","279":"\u0131kla","280":"ten ","281":"ap\u0131l","282":"b\u00fcy\u00fc","283":"ilme","284":"al\u0131\u015f","285":"vard","286":"llan","287":"enle","288":"erim","289":"kull","290":" b\u00fcy","291":"zama","292":"lmas","293":"nra ","294":" zam","295":"\u0131lma","296":" san","297":" gen","298":" ins","299":"\u00fczel","300":" say","301":"alma","302":"nan ","303":"lmak","304":" s\u00fcr","305":"r\u0131nd","306":"tara","307":" yen","308":"biri","309":"rda ","310":" o ","311":" hak","312":"ecek","313":" der","314":" do\u011f","315":"lere","316":"\u00e7al\u0131","317":"etti","318":" tek","319":"llar","320":"gele","321":" top","322":"alla","323":"etle","324":"mekt","325":"lir ","326":" biz","327":"a\u011fla","328":"bile","329":"edil","330":"stan","331":"aras","332":"m\u0131\u015f ","333":"leme","334":" d\u00fc\u015f","335":"\u011fini","336":"ba\u015fl","337":"ben ","338":"u\u011fu ","339":"rde ","340":"insa","341":"ilin","342":"\u00f6\u011fre","343":"geli","344":"tesi","345":"ald\u0131","346":"ilen","347":"ay\u0131 ","348":"birl","349":" i\u0307s","350":" etm","351":" yol","352":"tim ","353":"rek ","354":"var ","355":" oku","356":"ledi","357":"\u015flar","358":"emek","359":"m\u0131\u015ft","360":" ilk","361":" al\u0131","362":"\u0131m\u0131z","363":" ada","364":"mi\u015f ","365":" ba\u011f","366":"\u00fcy\u00fck","367":"ede ","368":"araf","369":"kesi","370":"ay\u0131n","371":"irli","372":"\u00f6nem","373":"ki\u015fi","374":"tedi","375":"iyle","376":" alm","377":" d\u00f6n","378":" a\u00e7\u0131","379":" ki\u015f","380":"deni","381":"ediy","382":"erdi","383":"ad\u0131 ","384":"veri","385":" tak","386":"mala","387":"anma","388":"oktu","389":" kan","390":"orta","391":"\u00fczer","392":" b\u00f6l","393":"ya\u015fa","394":"y\u0131l\u0131","395":" ya ","396":"\u0131ld\u0131","397":"ad\u0131n","398":" yak","399":"mi\u015ft","400":" den","401":"yokt","402":"laya","403":" \u00fcze","404":"mlar","405":"deki","406":"\u00fcnde","407":"etin","408":"ar\u015f\u0131","409":"ktur","410":"meye","411":"g\u00f6r\u00fc","412":" \u015fey","413":"land","414":"iyet","415":"diyo","416":" mil","417":"raf\u0131","418":"ller","419":"unun","420":" siz","421":"ise ","422":"oyun","423":"g\u00fcn ","424":"al\u0131 ","425":"yan\u0131","426":"liyo","427":" tan","428":" pro","429":"llah","430":" dur","431":"kuru","432":"elen","433":"um><","434":"><nu","435":"m><n","436":"syon","437":"u\u011fun","438":"k\u00f6yd","439":"eli ","440":"haya","441":"adan","442":"dedi","443":"etim","444":"kar\u015f","445":"kan\u0131","446":"\u011f\u0131n\u0131","447":"e\u011fil","448":" sah","449":"r\u0131m ","450":" ort","451":"dile","452":"n\u0131z ","453":"\u0131yla","454":"ayr\u0131","455":" ayr","456":"irle","457":"imle","458":"ilmi","459":" d\u00fcn","460":" kat","461":"ebil","462":"\u0131lan","463":"k\u00f6y ","464":"\u0131n\u0131z","465":"ece ","466":"\u015fkan","467":"ster","468":" sor","469":"ekli","470":"likl","471":" izl","472":" fil","473":"izi ","474":"u\u015ftu","475":"af\u0131n","476":"unla","477":"onun","478":"yon ","479":" mer","480":" alt","481":"uyor","482":" ki ","483":"elli","484":"aber","485":"ize ","486":"arka","487":"l\u0131nd","488":"rken","489":" kap","490":"lad\u0131","491":" y\u00f6n","492":"kan ","493":"g\u00fcze","494":" g\u00fcz","495":"\u0131\u015fma","496":"ili ","497":"kiye","498":"ren ","499":"lanm","500":" art","501":" iki","502":"ca\u011f\u0131","503":"yapa","504":" \u00f6nc","505":"y\u00fck ","506":"tari","507":"ayla","508":"beni","509":"iyi ","510":"lde ","511":"f\u0131nd","512":"seni","513":" tem","514":" iyi","515":" y\u00fcz","516":"\u00f6nce","517":"cek ","518":" ad\u0131","519":"nede","520":"\u0131l\u0131n","521":"reti","522":"tlar","523":"men ","524":"onu ","525":"ekil","526":"san ","527":" bur","528":" kim","529":"ikte","530":" ili","531":"kte ","532":"urum","533":" ols","534":" har","535":" ned","536":"an\u0131m","537":" \u00f6\u011fr","538":" ana","539":"eril","540":"rada","541":"etki","542":"lece","543":"mad\u0131","544":"\u0131m\u0131 ","545":"gere","546":" gir","547":"laca","548":"\u00fcnya","549":"d\u00fcny","550":"il\u00e7e","551":"miz ","552":" i\u0307l","553":"zler","554":" il\u00e7","555":"rim ","556":"isti","557":"dim ","558":"ular","559":"\u00fcrki","560":"zeri","561":"onla","562":"i\u015fle","563":"bilg","564":"ndir","565":" ise","566":"s\u0131na","567":"rlik","568":"anca","569":"rkiy","570":"arar","571":"akl\u0131","572":"yeri","573":" muh","574":"elir","575":"siz ","576":"eyi ","577":"eniz","578":"evle","579":"ayat","580":"mele","581":"la\u015f\u0131","582":"\u00e7esi","583":"lana","584":"topl","585":" \u00f6ze","586":"kted","587":"s\u0131n ","588":"una ","589":"ba\u011fl","590":"yara","591":" se\u00e7","592":"edi ","593":"olay","594":" ark","595":"tele","596":"ersi","597":"idir","598":" dem","599":"son ","600":"art\u0131","601":"a\u015f\u0131n","602":"sen ","603":"a\u011f\u0131 ","604":"lah ","605":"irme","606":"sana","607":"man\u0131","608":"yapm","609":"urul","610":"\u0131s\u0131n","611":"an\u0131l","612":"ilk ","613":"manl","614":"site","615":"\u0131d\u0131r","616":"film","617":"iril","618":"\u00f6re ","619":" ele","620":"may\u0131","621":"tin ","622":"ldi ","623":"yapt","624":" dol","625":"ille","626":"t\u0131\u011f\u0131","627":"yok ","628":" i\u0307n","629":"limi","630":"risi","631":"alt\u0131","632":"inle","633":" ter","634":"lm\u0131\u015f","635":"eti ","636":"rimi","637":" etk","638":"asyo","639":"ruz ","640":"apt\u0131","641":"d\u00fc\u015f\u00fc","642":" ett","643":"at\u0131l","644":" kaz","645":" \u00f6ne","646":"ikli","647":"lene","648":"\u00fcrk ","649":"okul","650":"arih","651":" ser","652":"min ","653":"yen ","654":"ndi ","655":" hem","656":"yde ","657":"\u015ftur","658":"\u011fl\u0131k","659":"\u00e7\u0131ka","660":" y\u00fck","661":"yerl","662":"er\u00e7e","663":"duru","664":" tam","665":" \u00e7ek","666":" has","667":"met ","668":"s\u00fcre","669":"irdi","670":"tiri","671":"kala","672":"al\u0131n","673":"ordu","674":"likt","675":"y\u0131ll","676":" kor","677":"sonu","678":"\u00f6zel","679":" hab","680":"emin","681":"baka","682":"yaz\u0131","683":"\u011fer ","684":"medi","685":"tan\u0131","686":"ran ","687":"\u0131s\u0131 ","688":"lmi\u015f","689":" ban","690":"habe","691":"yors","692":"r\u0131na","693":"\u00f6yde","694":"yat\u0131","695":"lim ","696":" yay","697":"l\u00e7es","698":"eldi","699":"rile","700":" s\u0131r","701":"ukla","702":" yet","703":"ncak","704":"soru","705":"a\u015f\u0131m","706":"oruz","707":"hakk","708":" uza","709":"eder","710":"ber ","711":" oyu","712":"anan","713":" all","714":"rden","715":"tik ","716":"ger\u00e7","717":" bas","718":"d\u0131m ","719":"gili","720":"iki ","721":"eme ","722":"elim","723":"dece","724":"sanl","725":"say\u0131","726":"ad\u0131\u011f","727":" s\u00f6y","728":"resi","729":"s\u00f6yl","730":" \u00fclk","731":" gid","732":"izin","733":"eyen","734":" sab","735":"rsin","736":" g\u00f6z","737":"erme","738":"maz ","739":"\u00fcn\u00fc ","740":" sal","741":" mar","742":" sav","743":"sahi","744":"m\u0131z ","745":"\u0131rla","746":"atla","747":"line","748":"kaza","749":"gene","750":"ndak","751":"amam","752":"lini","753":" bay","754":"\u00fclke","755":" hi\u00e7","756":"mli ","757":" anc","758":"sunu","759":"para","760":"tek ","761":"olur","762":" can","763":"miyo","764":"edi\u011f","765":"\u00f6l\u00fcm","766":"yeti","767":" dil","768":"\u00e7ocu","769":"ti\u011fi","770":" ta\u015f","771":"nas\u0131","772":"teri","773":"zde ","774":"ce\u011fi","775":"lend","776":"eyin","777":" \u00e7oc","778":"ld\u0131 ","779":" i\u00e7e","780":" \u015fek","781":"mill","782":" d\u00fcz","783":"amak","784":"rdan","785":"ece\u011f","786":" bi ","787":"\u015fler","788":"\u011funu","789":"\u0131rma","790":"bunu","791":"lmay","792":"r\u00e7ek","793":"am\u0131n","794":"ldu ","795":" k\u0131z","796":"uygu","797":"\u0131lla","798":" ayn","799":"irin","800":" far","801":" tel","802":" ded","803":"mini","804":"lay\u0131","805":"bilm","806":"a\u00e7\u0131k","807":"se\u00e7i","808":"y\u00f6ne","809":"ak\u0131n","810":"usun","811":"rle\u015f","812":"azan","813":"leti","814":"orun","815":"\u011fret","816":"elle","817":"yer ","818":"nya ","819":"temi","820":"kle ","821":"amla","822":"imin","823":"aca\u011f","824":"e\u011fer","825":"apma","826":"lgil","827":"\u015fehi","828":"leye","829":" s\u00f6z","830":"bul ","831":"olsu","832":"geld","833":"azla","834":"enme","835":"akk\u0131","836":"lsun","837":"enel","838":" bek","839":"zin ","840":" ula","841":"al\u0131k","842":"rdi ","843":"enim","844":"as\u0131l","845":"lenm","846":"\u015f\u0131nd","847":" \u015feh","848":" nas","849":" yem","850":" km ","851":"i\u00e7er","852":"akan","853":"rkad","854":"d\u00f6ne","855":"rsun","856":"riye","857":"l\u0131\u015fm","858":"a\u011f\u0131n","859":"beli","860":"eski","861":"\u00fc\u015f\u00fcn","862":"atan","863":" hat","864":"nca ","865":"\u0131nla","866":"i\u0307st","867":"labi","868":"mda ","869":"c\u0131l\u0131","870":"lmek","871":"eyle","872":"e\u011fin","873":"nd\u0131r","874":"nen ","875":"k\u0131nd","876":"kad\u0131","877":"tar\u0131","878":"\u011fil ","879":"kl\u0131 ","880":" din","881":" t\u00fcm","882":"izde","883":"ld\u0131r","884":"htar","885":"ula\u015f","886":"yeme","887":"\u0131ca ","888":"nmak","889":"t\u0131k ","890":"unma","891":"ak\u0131m","892":"rmek","893":" bin","894":"yler","895":" bey","896":"aray","897":"yet ","898":"a\u015ft\u0131","899":"arl\u0131","900":"ge\u00e7i","901":"lmu\u015f","902":"asta","903":" onu","904":"i\u011fim","905":" e\u011fi","906":"\u015fey ","907":"ndek","908":"yay\u0131","909":"itim","910":"stem","911":"ende","912":"anc\u0131","913":"\u00f6lge","914":" baz","915":"\u00f6ste","916":"ayd\u0131","917":"e\u015fti","918":"g\u00fcn\u00fc","919":"ebek","920":"adam","921":"\u0131kta","922":" esk","923":"mada","924":"sal ","925":"klim","926":" gec","927":"p\u0131la","928":"deme","929":"\u00fckse","930":"le\u015ft","931":"bekl","932":" sad","933":" g\u00f6s","934":"g\u00f6st","935":"sel ","936":" mes","937":"lam\u0131","938":"anka","939":"um>d","940":"san\u0131","941":"yar\u0131","942":"deri","943":" k\u0131s","944":"neml","945":" kes","946":"l\u0131kl","947":" haz","948":"olu\u015f","949":"d\u0131n ","950":"d\u0131r\u0131","951":" boy","952":" bit","953":"demi","954":"at\u0131n","955":" saa","956":" ata","957":"y\u00fcks","958":"t\u00fcm ","959":" sar","960":"erli","961":"aret","962":"am\u0131\u015f","963":"b\u00f6lg","964":" git","965":"s\u0131ra","966":" cum","967":"kanl","968":"deva","969":"ulu ","970":"nim ","971":"lesi","972":"\u011fren","973":"kas\u0131","974":" sam","975":"unuz","976":"iri ","977":"\u00f6zle","978":"tti ","979":"inci","980":"ili\u011f","981":"zell","982":" ilg","983":"yesi","984":"i\u015fil","985":"o\u011flu","986":"enek","987":"ktan","988":"elin","989":"unan","990":"usu ","991":"aral","992":"let ","993":"\u00e7ind","994":"i\u015fi ","995":"y\u0131n ","996":"i\u011fer","997":"opla","998":"\u00e7eri","999":"mde ","1000":"r\u0131ca","1001":"ocuk","1002":"b\u00f6yl","1003":" res","1004":" s\u0131n","1005":" ald","1006":"llik","1007":" ber","1008":"elik","1009":"dola","1010":"lt\u0131n","1011":"eris","1012":" b\u00f6y","1013":"rsa ","1014":"kana","1015":"lup ","1016":"orla","1017":"emli","1018":"l\u0131yo","1019":"fark","1020":"d\u00fcze","1021":"\u015fim ","1022":"rla ","1023":" kol","1024":"saat","1025":"evam","1026":"e\u011fit","1027":"bele","1028":"orma","1029":"\u00fcyor","1030":" han","1031":"nci ","1032":"ilim","1033":" ikl","1034":"yasa","1035":"yr\u0131c","1036":"ret ","1037":"lmes","1038":"amas","1039":" uyg","1040":"ali ","1041":" tut","1042":" mi ","1043":"\u00fcne ","1044":"geri","1045":" por","1046":" zor","1047":"kk\u0131n","1048":" vey","1049":"ayal","1050":"kli ","1051":"ekti","1052":"ter ","1053":"\u011fiti","1054":"ayva","1055":"\u0131z\u0131 ","1056":"zle ","1057":"rece","1058":"ayn\u0131","1059":" mah","1060":"spor","1061":"devl","1062":"\u011fl\u0131 ","1063":"ince","1064":"anal","1065":"kat ","1066":"ava\u015f","1067":"b\u00f6l\u00fc","1068":"dini","1069":"\u0131l\u0131\u011f","1070":"emiz","1071":"iliy","1072":"\u0131kar","1073":"elek","1074":"eya ","1075":"r\u0131m\u0131","1076":"rilm","1077":"uzak","1078":"vlet","1079":" day","1080":"vers","1081":"k\u0131n ","1082":"yaca","1083":" bug","1084":"e\u011fi ","1085":" duy","1086":"akt\u0131","1087":"lind","1088":"veya","1089":"\u0131mla","1090":"emle","1091":"s\u0131l ","1092":"rdu ","1093":"nlam","1094":"sevi","1095":"iden","1096":"\u0131lm\u0131","1097":" man","1098":"kta ","1099":"imdi","1100":"lerl","1101":"tama","1102":"yak\u0131","1103":"e\u011fi\u015f","1104":" onl","1105":"kten","1106":"muht","1107":"eled","1108":" kab","1109":"daya","1110":"tanb","1111":"ista","1112":"ada\u015f","1113":"kili","1114":"yvan","1115":"\u0131l\u0131 ","1116":"ehir","1117":" hep","1118":"rama","1119":"gece","1120":"azar","1121":"rala","1122":"anbu","1123":"al\u0131m","1124":"nbul","1125":"tmek","1126":"yin ","1127":"rkez","1128":"ilec","1129":"zla ","1130":"hayv","1131":" \u015far","1132":"verm","1133":"olup","1134":"mal\u0131","1135":"din ","1136":"este","1137":"\u0131r\u0131l","1138":"sade","1139":"tak\u0131","1140":" yal","1141":"halk","1142":"atma","1143":"etir","1144":"eriy","1145":"dere","1146":"di\u011fe","1147":"s\u0131z ","1148":"l\u0131r ","1149":" i\u015fl","1150":"ilde","1151":"onom","1152":"nl\u0131 ","1153":"kard","1154":"yn\u0131 ","1155":"orsu","1156":"kar\u0131","1157":"merk","1158":"n\u0131nd","1159":"d\u00fcr ","1160":"mizi","1161":"luna","1162":"urdu","1163":"yada","1164":"y\u0131ld","1165":"porn","1166":"bura","1167":"ilik","1168":"\u00e7lar","1169":" di\u011f","1170":"\u00f6net","1171":" sik","1172":"ani ","1173":" get","1174":"\u0131l\u0131r","1175":"gelm","1176":"neti","1177":"kile","1178":"do\u011fa","1179":"nel ","1180":"a\u015fma","1181":" d\u0131\u015f","1182":"lanl","1183":"der ","1184":"plan","1185":"timi","1186":"az\u0131 ","1187":"lari","1188":"kim ","1189":"indi","1190":"\u0131\u011f\u0131m","1191":"iyat","1192":"bak\u0131","1193":"a\u015far","1194":"nuz ","1195":"olu ","1196":"y\u0131l ","1197":" sat","1198":"gula","1199":"la\u015fm","1200":"do\u011fr","1201":"ta\u015f\u0131","1202":"lur ","1203":"imde","1204":"ug\u00fcn","1205":" \u00fcst","1206":"ekon","1207":" \u015feb","1208":"lmad","1209":" tes","1210":"bug\u00fc","1211":" erk","1212":"ldi\u011f","1213":"rma ","1214":"beke","1215":"geti","1216":"ekes","1217":"kal\u0131","1218":"hmet","1219":"nomi","1220":" eko","1221":" kit","1222":" bah","1223":"enli","1224":"tini","1225":"mu\u015f ","1226":"ge\u00e7m","1227":"ptt ","1228":"\u015febe","1229":"lirs","1230":"tarl","1231":" mut","1232":"dur ","1233":"irsi","1234":"g\u00fcne","1235":" faz","1236":" des","1237":"ld\u0131\u011f","1238":"ncel","1239":"ari ","1240":"lekt","1241":"\u00fcn\u00fcn","1242":"izli","1243":"part","1244":" evi","1245":"o\u011fru","1246":"gram","1247":"alle","1248":"hast","1249":"arti","1250":"rihi","1251":" b\u0131r","1252":"a\u015fam","1253":" ptt","1254":"ark\u0131","1255":" bar","1256":"ba\u015f\u0131","1257":"vam ","1258":"zlar","1259":" mal","1260":"kono","1261":"tirm","1262":"lli ","1263":" k\u0131r","1264":"\u0131rak","1265":"adec","1266":"nek ","1267":"sava","1268":"nd\u0131 ","1269":" kom","1270":"l\u0131kt","1271":"uzun","1272":"gide","1273":"misi","1274":"emel","1275":"larl","1276":"afta","1277":"kat\u0131","1278":"rik ","1279":"enci","1280":"kl\u0131k","1281":"tli ","1282":"rkes","1283":" sin","1284":"yim ","1285":" yor","1286":"mu\u015ft","1287":"p\u0131lm","1288":"lgi ","1289":"rle ","1290":"amay","1291":"nm\u0131\u015f","1292":"ahip","1293":"hem ","1294":"meni","1295":"kulu","1296":"leni","1297":" bal","1298":"yord","1299":" oyn","1300":"b\u0131ra","1301":"tar ","1302":"fazl","1303":"ayac","1304":" hav","1305":"cile","1306":"yol ","1307":"onu\u015f","1308":"olmu","1309":"rika","1310":"\u00fcnle","1311":"de\u011fe","1312":"do\u011fu","1313":" fak","1314":"am\u0131 ","1315":"\u0131l\u0131k","1316":" \u015fub","1317":"eli\u015f","1318":"reke","1319":"sams","1320":"ge\u00e7e","1321":"rd\u0131 ","1322":"lam ","1323":"lunm","1324":"at\u0131r","1325":"mama","1326":"msun","1327":"dikl","1328":"amsu","1329":"\u0307sta","1330":"yanl","1331":"tiyo","1332":"mez ","1333":"t\u0131r\u0131","1334":"\u00f6r\u00fcn","1335":" yas","1336":"rt\u0131k","1337":"\u015feki","1338":"urma","1339":"nl\u0131\u011f","1340":"kald","1341":"rede","1342":"uyu ","1343":"hi\u00e7 ","1344":"orno","1345":"ide ","1346":"nesi","1347":"taki","1348":"yard","1349":"rd\u0131m","1350":"e\u015fim","1351":" gru","1352":"le\u015fi","1353":"aile","1354":"rar ","1355":"vere","1356":"yal\u0131","1357":" gaz","1358":"utlu","1359":"klam","1360":" kas","1361":"iyon","1362":"emi\u015f","1363":"m\u0131yo","1364":"ar\u0131\u015f","1365":"herk","1366":"\u0131m\u0131n","1367":"\u011fim ","1368":" tur","1369":"olun","1370":"bana","1371":"ime ","1372":"rl\u0131k","1373":"kita","1374":"evi ","1375":"at\u0131 ","1376":"amaz","1377":"yine","1378":"elef","1379":"iver","1380":"ites","1381":" haf","1382":"imse","1383":"bunl","1384":"meyi","1385":"ulan","1386":"lmaz","1387":" oca","1388":"\u011flu ","1389":"ener","1390":"ektr","1391":"kild","1392":"ski ","1393":"\u00fczen","1394":"\u0131\u015f\u0131n","1395":"olac","1396":"\u015fili","1397":"\u00e7\u0131kl","1398":" yat","1399":"anya","1400":"amad","1401":"anm\u0131","1402":"meli","1403":"arma","1404":"efon","1405":"lefo","1406":" a ","1407":"\u011fin ","1408":"da\u015fl","1409":"bas\u0131","1410":"\u00fczde","1411":"ba\u015fa","1412":"dilm","1413":" sit","1414":"ans\u0131","1415":"d\u0131n\u0131","1416":"l\u0131d\u0131","1417":" ail","1418":"ona ","1419":"\u00fcm\u00fcz","1420":" tra","1421":"akal","1422":"az\u0131l","1423":" kel","1424":"saba","1425":"nmas","1426":"oyna","1427":" lis","1428":"inan","1429":"rans","1430":"zun ","1431":"eksi","1432":"disi","1433":"stiy","1434":"mutl","1435":"hali","1436":"arde","1437":" ka\u00e7","1438":"lu\u011fu","1439":"liye","1440":"ksek","1441":"mekl","1442":"\u011flay","1443":"bizi","1444":"uhta","1445":"niye","1446":"att\u0131","1447":"lund","1448":"rli ","1449":" \u015fu ","1450":"dili","1451":"emi ","1452":"ele ","1453":"arad","1454":" \u00e7ev","1455":"kapa","1456":"keli","1457":"aske","1458":"besi","1459":"yunc","1460":"diri","1461":"nder","1462":"anne","1463":"verd","1464":"arat","1465":"e\u00e7im","1466":"anat","1467":"eren","1468":" i\u0307\u015f","1469":" yin","1470":"cumh","1471":"umhu","1472":"aba ","1473":"\u00fcler","1474":"emen","1475":"undu","1476":"ene ","1477":"mhur","1478":"alin","1479":"l\u0131m ","1480":" y\u00fcr","1481":"t\u0131rm","1482":"gile","1483":"m\u0131z\u0131","1484":"kalm","1485":" g\u00f6n","1486":"llet","1487":"baba","1488":"luk ","1489":"\u015fimd","1490":" bab","1491":"slar","1492":" dav","1493":"\u00e7eki","1494":" per","1495":"\u011f\u0131nd","1496":"enil","1497":"ldir","1498":"an\u0131r","1499":"baz\u0131","1500":"lemi","1501":"nere","1502":"ders","1503":" suy","1504":"aat ","1505":"g\u00fcve","1506":"yolu","1507":"ndis","1508":"\u011find","1509":"uriy","1510":"biz ","1511":"sman","1512":"\u015fmal","1513":"\u00f6ren","1514":"raya","1515":" \u015fim","1516":" ner","1517":"eket","1518":"r\u015f\u0131 ","1519":"\u00e7ekl","1520":"ktir","1521":"lman","1522":"ndin","1523":"d\u00fc\u011f\u00fc","1524":"\u015far\u0131","1525":"eniy","1526":"lunu","1527":"t\u0131la","1528":"ay\u0131s","1529":"\u0131r\u0131m","1530":"ayra","1531":"ayna","1532":" mod","1533":"rekl","1534":" ali","1535":"evin","1536":"nlat","1537":" pol","1538":"nlik","1539":"\u00fcven","1540":"yonu","1541":"yece","1542":" g\u00fcv","1543":"tmen","1544":"suyu","1545":" ses","1546":"zakl","1547":"iyar","1548":"dest","1549":"k\u00fclt","1550":"rlan","1551":"t\u0131n ","1552":"yete","1553":"lime","1554":" aya","1555":"\u015fan ","1556":"izme","1557":"rdi\u011f","1558":"rmak","1559":" eki","1560":"ygul","1561":"n\u00fcn ","1562":"dik ","1563":" pla","1564":"ad\u0131m","1565":"tand","1566":"tti\u011f","1567":"enen","1568":"an\u0131z","1569":"ar\u0131y","1570":"eter","1571":"rman","1572":"ence","1573":"\u00fct\u00fcn","1574":" koy","1575":" da\u011f","1576":"zden","1577":"edim","1578":" s\u0131k","1579":" evl","1580":"sund","1581":"ay\u0131m","1582":"tiya","1583":" m\u0131 ","1584":"\u0131\u015fla","1585":"illi","1586":"\u00fc\u011f\u00fcn","1587":"evre","1588":"\u00f6rev","1589":"hava","1590":"inli","1591":" uzu","1592":" ora","1593":"ylar","1594":"tane","1595":" \u00fcni","1596":"\u015f\u0131m\u0131","1597":" g\u00fcl","1598":"a\u015f\u0131 ","1599":" abd","1600":"gen\u00e7","1601":"ale ","1602":"nc\u0131l","1603":"cele","1604":" b\u00fct","1605":"dele","1606":"sler","1607":"le\u015fm","1608":"i\u015fim","1609":"elde","1610":"nive","1611":" mus","1612":"\u00fcr\u00fcn","1613":"trik","1614":"t\u0131nd","1615":" eli","1616":"a\u00e7la","1617":"ya\u015f\u0131","1618":"\u0131\u011fa ","1619":"apan","1620":"ral\u0131","1621":"nizi","1622":"aran","1623":" ma\u00e7","1624":" kam","1625":"sek ","1626":" dik","1627":"hare","1628":"esim","1629":" hiz","1630":" met","1631":"m>de","1632":"ruml","1633":"arek","1634":"sist","1635":"iyen","1636":"teme","1637":"loji","1638":"yere","1639":"ar\u0131l","1640":"zmet","1641":"ulma","1642":"ane ","1643":"ogra","1644":"k\u00fc\u00e7\u00fc","1645":" asl","1646":"irim","1647":"\u015f\u0131k ","1648":"rsit","1649":"siml","1650":"kla ","1651":"la\u015ft","1652":"asla","1653":"\u00fcd\u00fcr","1654":"zenl","1655":"plar","1656":" m\u00fcz","1657":"mam\u0131","1658":"siki","1659":"renc","1660":"\u0131rl\u0131","1661":"kez ","1662":"mede","1663":"asal","1664":"kims","1665":"ktri","1666":" bat","1667":"deli","1668":" mad","1669":" tab","1670":"kale","1671":"tala","1672":" k\u00fc\u00e7","1673":"bin ","1674":"riyo","1675":"kin ","1676":"dinl","1677":"r\u015f\u0131l","1678":"ideo","1679":"net ","1680":"ahal","1681":"t\u00fcn ","1682":" rah","1683":"ay\u0131r","1684":"por ","1685":"nali","1686":"arke","1687":"asar","1688":"oloj","1689":"ram ","1690":"rde\u015f","1691":"lin ","1692":"onus","1693":"\u015fma ","1694":" mev","1695":"yala","1696":"emey","1697":"umla","1698":"iyas","1699":"aram","1700":"mal ","1701":"itti","1702":"poli","1703":"rist","1704":"nik ","1705":"osya","1706":" ann","1707":"vide","1708":"leyi","1709":"an\u0131y","1710":"mind","1711":"haz\u0131","1712":"sizl","1713":"rulu","1714":"t\u0131m ","1715":"hizm","1716":"\u0131da ","1717":"avru","1718":"ulam","1719":"etmi","1720":"hir ","1721":"sat\u0131","1722":"\u00f6nde","1723":"\u015fka ","1724":"aliz","1725":" sis","1726":"mand","1727":"m\u0131nd","1728":"mdi ","1729":" vid","1730":"seri","1731":" kah","1732":"ider","1733":"kayb","1734":"yat ","1735":"arsa","1736":"akat","1737":"\u011f\u0131m ","1738":"tam ","1739":"\u00fcniv","1740":"tkil","1741":"elme","1742":"ete ","1743":"t\u00fcr ","1744":"\u00fcrl\u00fc","1745":" kav","1746":"g\u00fcnl","1747":"\u015fube","1748":" dan","1749":"kurt","1750":"yorl","1751":" sak","1752":"\u011fimi","1753":"e\u00e7il","1754":"l\u0131\u011fa","1755":"r\u0131la","1756":"kayn","1757":"luyo","1758":"iren","1759":"rdir","1760":"ram\u0131","1761":"kt\u0131r","1762":"ente","1763":"sizi","1764":"stek","1765":"k\u0131m\u0131","1766":" m\u00fcd","1767":"eyec","1768":"olla","1769":"boyu","1770":"nemi","1771":"apla","1772":" ask","1773":"yakl","1774":" sek","1775":"form","1776":" pay","1777":"osma","1778":"az\u0131r","1779":"emiy","1780":"ac\u0131 ","1781":"\u00fckle","1782":"esle","1783":"\u00fc\u00e7\u00fck","1784":"dene","1785":"vata","1786":"\u015fark","1787":"sar\u0131","1788":"eliy","1789":"tas\u0131","1790":"kabu","1791":"\u0131ma ","1792":"tmi\u015f","1793":"apar","1794":" for","1795":"ran\u0131","1796":"\u0131zla","1797":"rmi\u015f","1798":"arkl","1799":"cukl","1800":"nkar","1801":"haft","1802":"nl\u0131k","1803":"ika ","1804":" t\u00fcz","1805":" diz","1806":"siya","1807":"lduk","1808":" ant","1809":" te\u015f","1810":"alk\u0131","1811":"dam ","1812":"d\u0131nd","1813":"atta","1814":"yd\u0131n","1815":"evgi","1816":"bira","1817":"n\u0131m ","1818":"alt ","1819":"b\u00fct\u00fc","1820":"\u00fcnce","1821":"\u00fcnk\u00fc","1822":"sevg","1823":"rumu","1824":"isim","1825":"nk\u00fc ","1826":" adl","1827":" ina","1828":" ila","1829":"nded","1830":"erse","1831":"e\u015fme","1832":"rkek","1833":"hale","1834":"\u0131mda","1835":" k\u00fcl","1836":"n\u0131m\u0131","1837":" ank","1838":"edik","1839":"dum ","1840":"omis","1841":"n\u0131yo","1842":" mak","1843":"ksel","1844":"nla ","1845":"al\u0131d","1846":"ziya","1847":"izim","1848":" \u00f6l\u00fc","1849":"\u00fcret","1850":"vanc","1851":"\u0131kl\u0131","1852":"t\u00fcze","1853":"amal","1854":"\u015flad","1855":" ziy","1856":"beri","1857":"ant\u0131","1858":"tmes","1859":"nusu","1860":"ayar","1861":" vat","1862":" sel","1863":"kisi","1864":"m\u0131n ","1865":"emsi","1866":"syal","1867":"a\u015fl\u0131","1868":"lisi","1869":"alet","1870":"z\u0131n ","1871":"tekn","1872":"retm","1873":"giri","1874":" mas","1875":" \u00fcre","1876":"tere","1877":"yani","1878":"mily","1879":"pt\u0131\u011f","1880":" kaf","1881":"kle\u015f","1882":"hall","1883":"orsa","1884":"meti","1885":"inda","1886":"n\u0131la","1887":"fon ","1888":" sta","1889":"nele","1890":"yal ","1891":"alm\u0131","1892":"gun ","1893":"nama","1894":" az ","1895":"kla\u015f","1896":"a\u015fan","1897":" siy","1898":"ak\u0131l","1899":"muha","1900":"r\u0131lm","1901":"\u0131rd\u0131","1902":"bild","1903":"tta ","1904":"asi ","1905":"\u011ferl","1906":" sey","1907":" uyu","1908":"t\u0131n\u0131","1909":"\u00fcz\u00fcn","1910":"tire","1911":"lda ","1912":"olab","1913":"ette","1914":"tird","1915":"abah","1916":" alb","1917":"\u0131za ","1918":"bayr","1919":"uma ","1920":"a\u011f\u0131m","1921":"lise","1922":"\u0131zl\u0131","1923":" kuz","1924":"\u0131kt\u0131","1925":"ketl","1926":"irke","1927":" osm","1928":"abul","1929":"lirl","1930":"dolu","1931":"n\u0131lm","1932":"ala ","1933":"e\u00e7mi","1934":"emir","1935":"d\u00f6n\u00fc","1936":"\u015f\u0131la","1937":"umun","1938":"can ","1939":" g\u00fc\u00e7","1940":"y\u00fcz\u00fc","1941":"enge","1942":"dire","1943":"amer","1944":" mem","1945":"list","1946":"d\u0131\u015f\u0131","1947":"rmal","1948":"\u00f6ye ","1949":"ade ","1950":"pler","1951":"a\u011f\u0131r","1952":"alam","1953":"k\u00f6ye","1954":"tki ","1955":" su ","1956":" sos","1957":"ad\u0131k","1958":">de ","1959":"i\u015fin","1960":"sker","1961":" sun","1962":"tlu ","1963":"lile","1964":"sene","1965":" \u00f6yl","1966":"y\u0131m ","1967":"a\u015f\u0131k","1968":" tat","1969":"ndim","1970":"lata","1971":"o\u011fan","1972":"foto","1973":"g\u00f6rm","1974":"olsa","1975":"rili","1976":"sil ","1977":"lay ","1978":"rarl","1979":"\u00fcm\u00fcn","1980":"canl","1981":"riyl","1982":"\u011fru ","1983":" ay\u0131","1984":" gal","1985":" tah","1986":"nle ","1987":"sosy","1988":"\u00fc\u011f\u00fc ","1989":"mode","1990":"edin","1991":"ahat","1992":"lu\u015ft","1993":"nund","1994":"koru","1995":"o\u011fra","1996":"oluy","1997":" fot","1998":" i ","1999":"ekim","2000":"erik","2001":"iyes","2002":"tasa","2003":"ici ","2004":" and","2005":"\u00e7mi\u015f","2006":"yaza","2007":"e\u015fit","2008":"mizd","2009":"arab","2010":" sez","2011":" avr","2012":"rula","2013":"oplu","2014":" sil","2015":"lirt","2016":"reni","2017":"izas","2018":"\u0131n\u0131r","2019":"mden","2020":"iraz","2021":"erha","2022":" isi","2023":"\u00e7evr","2024":"nd\u0131\u011f","2025":"l\u00fc\u011f\u00fc","2026":"umu ","2027":"urad","2028":" fra","2029":"sabi","2030":"\u00fcnl\u00fc","2031":" hes","2032":"han ","2033":"ergi","2034":"hang","2035":"kezi","2036":"usta","2037":"zasy","2038":"lat\u0131","2039":"s\u0131yl","2040":"e\u00e7en","2041":"nlen","2042":"yede","2043":"i\u00e7me","2044":"c\u0131la","2045":"tems","2046":"zim ","2047":"keti","2048":"\u0131z\u0131n","2049":" i\u00e7m","2050":"unca","2051":"\u015fte ","2052":"\u00e7\u0131km","2053":"uldu","2054":"0000","2055":" ard","2056":" \u00fcye","2057":"g\u00fcnd","2058":"ngi ","2059":"aban","2060":"hane","2061":"\u00fcst\u00fc","2062":"imli","2063":"m\u0131n\u0131","2064":"tbol","2065":"tile","2066":"r\u0131l\u0131","2067":"\u00fcrd\u00fc","2068":" cev","2069":"itel","2070":"\u011f\u0131n ","2071":"ursa","2072":"\u015fama","2073":"d\u0131k ","2074":"taya","2075":"ahme","2076":"ili\u015f","2077":"lmam","2078":"gesi","2079":" in ","2080":"y\u00fcr\u00fc","2081":"akip","2082":"emed","2083":"rme ","2084":"u\u015fma","2085":"ihin","2086":"amda","2087":"msil","2088":"ihti","2089":" sur","2090":" iht","2091":"kele","2092":"turu","2093":"itle","2094":"ered","2095":"\u00fclt\u00fc","2096":"ldik","2097":"arac","2098":"ahta","2099":"mam ","2100":"nakl","2101":"ay\u0131l","2102":" spo","2103":"angi","2104":"cakt","2105":"payl","2106":"nla\u015f","2107":"\u011f\u0131m\u0131","2108":"bah\u00e7","2109":"sara","2110":"akar","2111":"rupa","2112":"bula","2113":"vrup","2114":"tte ","2115":"\u00e7me ","2116":" mey","2117":"\u015ft\u0131 ","2118":"i\u015fki","2119":"zere","2120":"rmey","2121":"kura","2122":"rakt","2123":"okta","2124":"prog","2125":" seb","2126":" i\u015f ","2127":"hesa","2128":" \u00e7e\u015f","2129":"uran","2130":"ket ","2131":"rogr","2132":"n\u0131r ","2133":"aten","2134":"zda ","2135":"l\u00fcm\u00fc","2136":"roma","2137":"rkl\u0131","2138":"\u00e7\u00fck ","2139":"anti","2140":"anta","2141":"itap","2142":"m\u00fczi","2143":"sted","2144":" ak\u0131","2145":"faka","2146":" bo\u015f","2147":"\u0131zda","2148":"l\u00fcm ","2149":"rsan","2150":"k\u00f6\u011fr","2151":"ah\u00e7e","2152":"bit ","2153":"muz ","2154":"yla\u015f","2155":"ayet","2156":"itme","2157":"\u011fraf","2158":" iti","2159":"fran","2160":"t\u0131l\u0131","2161":"irde","2162":"lma ","2163":"bat\u0131","2164":" eyl","2165":"eyim","2166":" ord","2167":" a\u011f\u0131","2168":"\u00f6ld\u00fc","2169":" ya\u011f","2170":"\u015fmas","2171":"lebi","2172":"ekme","2173":"d\u00fcr\u00fc","2174":"yonl","2175":" dir","2176":" his","2177":"\u00f6yd\u00fc","2178":"\u011fan ","2179":"desi","2180":" fen","2181":"kuze","2182":"anad","2183":"gidi","2184":"tal\u0131","2185":"uncu","2186":"sim ","2187":"dizi","2188":"yd\u00fcr","2189":"ubes","2190":"a\u00e7\u0131l","2191":" kut","2192":"etli","2193":" i\u0307\u00e7","2194":"kaya","2195":"raz ","2196":" uya","2197":"cam ","2198":"rket","2199":"lges","2200":"l\u0131\u015f\u0131","2201":" \u00f6ld","2202":"erne","2203":"ava ","2204":"rli\u011f","2205":"meme","2206":"lt\u00fcr","2207":" zat","2208":"rd\u0131n","2209":"e\u00e7ir","2210":"urba","2211":"am\u0131y","2212":" ham","2213":"\u00fc\u015ft\u00fc","2214":"ermi","2215":" unu","2216":"\u015fman","2217":"umar","2218":"mir ","2219":"bal\u0131","2220":"hoca","2221":"abit","2222":"ilm ","2223":" dos","2224":"yana","2225":" rom","2226":" ame","2227":" oto","2228":"k\u0131z\u0131","2229":"aybe","2230":"stal","2231":"yele","2232":"itli","2233":" boz","2234":"l\u0131la","2235":"adel","2236":"irmi","2237":"\u0131c\u0131 ","2238":"yare","2239":"art ","2240":"\u00fcmle","2241":"lk\u00f6\u011f","2242":"y\u0131s\u0131","2243":" ona","2244":"kar ","2245":" at\u0131","2246":"\u015f\u0131yo","2247":" hoc","2248":"t\u00fcr\u00fc","2249":"sevd","2250":" mez","2251":"\u0131nd\u0131","2252":"eti\u015f","2253":" ind","2254":"ans ","2255":"rara","2256":"tmey","2257":"kent","2258":"r\u0131s\u0131","2259":"afa ","2260":"\u011f\u0131na","2261":"siyo","2262":"o\u011fu ","2263":"\u00fccre","2264":"\u00e7iml","2265":"klen","2266":"kimi","2267":"hip ","2268":"ekra","2269":"dana","2270":"rlen","2271":"rl\u0131 ","2272":"rild","2273":"hep ","2274":"s\u00f6zl","2275":" a\u015fk","2276":"hala","2277":"masa","2278":"liza","2279":"arin","2280":"te\u015fe","2281":"kinc","2282":"lant","2283":"akin","2284":" kil","2285":"i\u0307ns","2286":" i\u0307z","2287":"ngil","2288":"\u00fclme","2289":"nem ","2290":"unut","2291":"cent","2292":"ahil","2293":" ace","2294":"aliy","2295":"ayfa","2296":"tekl","2297":"bol ","2298":"sesi","2299":" oda","2300":"nma ","2301":"meri","2302":"tabi","2303":"zlem","2304":"esel","2305":"lak ","2306":"erec","2307":"akma","2308":"rmay","2309":"m\u00fcd\u00fc","2310":"\u00f6r\u00fcl","2311":"alb\u00fc","2312":"\u00fcm\u00fc ","2313":"oca\u011f","2314":"li\u015fk","2315":"\u0131mc\u0131","2316":"utla","2317":" ulu","2318":"lb\u00fcm","2319":"g\u00f6zl","2320":"klan","2321":"neli","2322":"nyan","2323":"maha","2324":"bank","2325":"mine","2326":"cakl","2327":" pek","2328":"ezon","2329":"alat","2330":"ilk\u00f6","2331":"debi","2332":"adet","2333":"plam","2334":"k\u0131sa","2335":"\u00e7\u00fcnk","2336":" otu","2337":"ata ","2338":"paza","2339":" rus","2340":"ncil","2341":"ba\u011f\u0131","2342":"eviy","2343":"uzey","2344":"zate","2345":" k\u00f6t","2346":"\u00f6r\u00fc\u015f","2347":"kola","2348":"erba","2349":" dok","2350":" \u00e7\u00fcn","2351":"emes","2352":"l\u00fck ","2353":" sok","2354":" ren","2355":"\u015fmak","2356":"cuk ","2357":"nir ","2358":"\u011flan","2359":" i\u015fi","2360":"sezo","2361":" vak","2362":"\u00e7e\u015fi","2363":"n\u00fcm\u00fc","2364":"kork","2365":"k\u00f6t\u00fc","2366":"\u00f6rd\u00fc","2367":"\u00f6rme","2368":"da\u011f\u0131","2369":"umda","2370":" a\u015f\u0131","2371":"dirm","2372":"a\u015f\u0131r","2373":"kay\u0131","2374":"ist ","2375":" cam","2376":" val","2377":"bede","2378":"nter","2379":"bera","2380":" tas","2381":"t\u0131lm","2382":"pan ","2383":"k\u00e7e ","2384":" med","2385":"lyon","2386":"tind","2387":"yaka","2388":"ikin","2389":"nlan","2390":"rno ","2391":"ucu ","2392":"seve","2393":"cesi","2394":" kez","2395":"yun ","2396":"ina ","2397":"ulu\u015f","2398":"alya","2399":"siyl","2400":" \u00e7iz","2401":" \u00e7ar","2402":"riz ","2403":" kem","2404":"ydi ","2405":"sebe","2406":"z\u0131rl","2407":"rene","2408":"a\u015f\u0131y","2409":"hay\u0131","2410":"e\u011fim","2411":"ayak","2412":"opra","2413":" eve","2414":"unlu","2415":"rekt","2416":"rulm","2417":"ehri","2418":" men","2419":"adak","2420":"metr","2421":" k\u00fcr","2422":"ismi","2423":"raha","2424":"sayf","2425":" meh","2426":"an\u0131\u015f","2427":"onda","2428":"rta ","2429":"n\u0131n\u0131","2430":"elem","2431":"ayda","2432":"seyi","2433":"topr","2434":"oran","2435":"ilah","2436":"prak","2437":"\u015feyl","2438":"ibar","2439":"many","2440":"ydan","2441":"vet ","2442":"rabe","2443":"\u0131nca","2444":"atl\u0131","2445":"\u0131ya ","2446":" paz","2447":"det ","2448":"venl","2449":"mesa","2450":"yaz ","2451":"geni","2452":"umuz","2453":"ara\u015f","2454":"ulus","2455":"hind","2456":"l\u0131na","2457":" nin","2458":"tutu","2459":" del","2460":" sul","2461":"\u011flam","2462":"ntes","2463":"nucu","2464":"d\u0131nl","2465":"\u011flar","2466":"uyan","2467":"sta ","2468":" lig","2469":"roje","2470":"teli","2471":"uda ","2472":"lele","2473":"mik ","2474":"saya","2475":"mara","2476":"grup","2477":"al\u0131y","2478":"kliy","2479":"yetl","2480":"\u015fini","2481":" inc","2482":"\u0131kma","2483":"abi ","2484":"emde","2485":"ulmu","2486":"edeb","2487":"tiba","2488":"i\u0307lk","2489":" erd","2490":"nmek","2491":"erir","2492":"kip ","2493":"\u011fine","2494":"akka","2495":" d ","2496":"dild","2497":" vur","2498":" bed","2499":"k\u00e7a ","2500":"as\u0131y","2501":"gitm","2502":"otur","2503":"yerd","2504":" ale","2505":"t\u0131na","2506":"benz","2507":"van ","2508":"nile","2509":"ar\u00e7a","2510":"menl","2511":"rtay","2512":"ne\u011fi","2513":"\u00fcney","2514":" fut","2515":" the","2516":"par\u00e7","2517":"udur","2518":"ilyo","2519":" n\u00fcf","2520":" \u00fcr\u00fc","2521":"mize","2522":" e ","2523":"mart","2524":"zar ","2525":"nli ","2526":"futb","2527":"utbo","2528":" may","2529":"n\u00fcfu","2530":" h\u00fck","2531":"acen","2532":"iyed","2533":" k\u0131y","2534":"huri","2535":"ngel","2536":" bor","2537":"sald","2538":"ylem","2539":"o\u011fun","2540":"k\u0131r\u0131","2541":"s\u00fcr\u00fc","2542":" def","2543":" asf","2544":"kes ","2545":"\u0131\u015f\u0131 ","2546":"hiss","2547":"osun","2548":"\u015feyi","2549":"n\u0131z\u0131","2550":"rebi","2551":"\u00e7ek ","2552":"kt\u00f6r","2553":"al\u0131r","2554":"e\u00e7ti","2555":"evde","2556":"lmle","2557":"nize","2558":"asfa","2559":"s\u0131k\u0131","2560":"\u00f6n\u00fcn","2561":"nyad","2562":"falt","2563":" pat","2564":"k\u00f6yl","2565":"\u015f\u0131ma","2566":"ka\u00e7 ","2567":"ilml","2568":"kali","2569":"kek ","2570":"ranl","2571":"\u00e7ekt","2572":"i\u0307ng","2573":"alim","2574":"sfal","2575":"lidi","2576":"teki","2577":" ade","2578":"ayg\u0131","2579":"yr\u0131l","2580":" ayd","2581":"sele","2582":"zen ","2583":"nal ","2584":" ism","2585":"y\u00fczd","2586":"ehme","2587":"\u00fcfus","2588":"klem","2589":"l\u0131n ","2590":"niyo","2591":"run ","2592":"onuc","2593":"\u00e7ler","2594":"ceva","2595":"rir ","2596":"ta\u015f ","2597":"denl","2598":"raca","2599":"\u0131nt\u0131","2600":"iple","2601":" i\u0307k","2602":"mehm","2603":" \u00e7a\u011f","2604":"ap\u0131y","2605":"ters","2606":"day\u0131","2607":"imel","2608":"htiy","2609":"\u00fcrk\u00e7","2610":"\u015fitl","2611":"smi ","2612":"\u0307nsa","2613":"rbir","2614":"fala","2615":"asin","2616":"adde","2617":"kafa","2618":"proj","2619":"yunu","2620":"g\u00f6nd","2621":"ac\u0131l","2622":"fade","2623":"can\u0131","2624":"\u00e7en ","2625":"\u00fcrle","2626":"\u00e7\u0131kt","2627":"gisi","2628":" dal","2629":"nmi\u015f","2630":"tern","2631":"yata","2632":"bend","2633":"\u00fcn\u00fcm","2634":" eng","2635":"baya","2636":"hi\u00e7b","2637":"erab","2638":" a\u015fa","2639":"iyim","2640":"d\u00fc\u015fm","2641":"i\u00e7bi","2642":"yip ","2643":"hatt","2644":"kt\u0131 ","2645":" kra","2646":"enti","2647":"g\u00f6rd","2648":"las\u0131","2649":"naca","2650":" akl","2651":" ay ","2652":"y\u00fckl","2653":"\u015flem","2654":"engi","2655":"krar","2656":"ifad","2657":"ay\u0131p","2658":"akti","2659":"enmi","2660":"\u011fi\u015fi","2661":"g\u00fc\u00e7l","2662":" \u00f6rn","2663":"e\u00e7me","2664":"heme","2665":"yas\u0131","2666":" a\u011fa","2667":" h\u0131z","2668":"u\u011fum","2669":"iddi","2670":"\u00f6rne","2671":" m\u00fcs","2672":" \u00e7o\u011f","2673":"yd\u0131 ","2674":"aris","2675":" ker","2676":"size","2677":"l\u0131\u015fa","2678":"osu ","2679":" u\u011fr","2680":"nan\u0131","2681":"ir\u00e7o","2682":"ld\u00fcr","2683":"yama","2684":" tav","2685":" mis","2686":"\u015f\u00fcn\u00fc","2687":"nlem","2688":" soy","2689":"r\u0131yl","2690":"yled","2691":"teye","2692":"rak\u0131","2693":"berl","2694":"\u0307ngi","2695":" dar","2696":" \u00fc\u00e7 ","2697":"ikay","2698":"rele","2699":"i\u015fme","2700":"urla","2701":"pmak","2702":"aday","2703":"\u00e7bir","2704":"mle ","2705":"nunu","2706":"bir\u00e7","2707":"elec","2708":"ing ","2709":"ikta","2710":"eser","2711":" be\u015f","2712":"aka ","2713":" ese","2714":"ral ","2715":"\u00fck\u00fcm","2716":"oto\u011f","2717":"etik","2718":"\u00fcrek","2719":"to\u011fr","2720":"rup ","2721":"m\u0131na","2722":"suz ","2723":"the ","2724":"rakl","2725":"elmi","2726":"a\u015fa ","2727":"mac\u0131","2728":"lili","2729":" cez","2730":"tal ","2731":" \u00f6n\u00fc","2732":"asa ","2733":" ifa","2734":"mani","2735":"aden","2736":" cen","2737":"kkat","2738":"isse","2739":"evri","2740":"kuma","2741":"gaze","2742":"tepe","2743":"t\u0131kl","2744":" sol","2745":" abi","2746":"itir","2747":"resm","2748":" \u015fir","2749":"olis","2750":"utan","2751":" ac\u0131","2752":"nmay","2753":"r\u00e7ok","2754":"de\u015fi","2755":"d\u0131kl","2756":"k\u0131n\u0131","2757":"k\u0131l\u0131","2758":"lsa ","2759":"\u0131ra ","2760":"kral","2761":" int","2762":"arca","2763":" hed","2764":"k\u0131la","2765":"umlu","2766":" mek","2767":"metl","2768":"azet","2769":"i\u0307l\u00e7","2770":"zete","2771":"isan","2772":"ite ","2773":"pek ","2774":"vuru","2775":"must","2776":" akt","2777":"\u0307l\u00e7e","2778":"anah","2779":"enir","2780":" ait","2781":"gin ","2782":"oru ","2783":"\u00fcr\u00fc ","2784":"\u00fcr\u00fcl","2785":"sala","2786":" min","2787":"nda\u015f","2788":"tura","2789":"iri\u015f","2790":"kart","2791":"emal","2792":"tmak","2793":"iyel","2794":"memi","2795":"ikka","2796":"prof","2797":"bask","2798":"esiy","2799":"t\u0131s\u0131","2800":"nedi","2801":"cili","2802":"am\u0131z","2803":"naht","2804":"iriy","2805":"atik","2806":"irbi","2807":"k\u0131m ","2808":" sa\u00e7","2809":"ttir","2810":"bell","2811":" tal","2812":"alis","2813":"itib","2814":"abas","2815":"zara","2816":"ceza","2817":" an\u0131","2818":"\u00e7ile","2819":"ent ","2820":"leml","2821":" k\u0131l","2822":"nisa","2823":"onel","2824":" \u00f6de","2825":"en\u00e7l","2826":"hat ","2827":"eni\u015f","2828":"usla","2829":"nabi","2830":"i\u0307n ","2831":"keri","2832":"az\u0131m","2833":"\u0131lac","2834":"kiyo","2835":"yand","2836":"zik ","2837":"rk\u00e7e","2838":"r\u00fcn\u00fc","2839":"at\u0131\u015f","2840":"rse ","2841":"ers ","2842":"ynak","2843":"kalk","2844":"erci","2845":"ra\u015ft","2846":"dikk","2847":"eyda","2848":"evdi","2849":" yav","2850":"\u0131kan","2851":" \u00e7\u00f6z","2852":"avra","2853":"siye","2854":"\u011fun ","2855":"a\u011fa ","2856":"rafi","2857":"ihi ","2858":"aln\u0131","2859":"ter\u00f6","2860":"\u015fehr","2861":" f\u0131r","2862":"birb","2863":"\u015f\u0131n ","2864":"lulu","2865":"urta","2866":"ner ","2867":" dak","2868":"mdan","2869":"y\u0131nl","2870":"\u015f\u0131na","2871":"rac\u0131","2872":"er\u00f6r","2873":"utma","2874":"nekl","2875":"k\u0131z ","2876":"lis ","2877":"da\u015f\u0131","2878":"an\u0131t","2879":"l\u0131n\u0131","2880":"i\u015fte","2881":"sam ","2882":"asan","2883":"g\u00fcna","2884":"mera","2885":"\u00e7o\u011fu","2886":"yenl","2887":"\u015fen ","2888":"trol","2889":" kir","2890":"ait ","2891":"yram","2892":"cret","2893":"diya","2894":" ekl","2895":"mark","2896":"ikti","2897":"rol ","2898":"uru ","2899":"\u0131nma","2900":"sela","2901":"fen ","2902":"ezi ","2903":"e\u015fek","2904":"at\u0131m","2905":"yaln","2906":"neyi","2907":"dl\u0131 ","2908":"inal","2909":"raba","2910":"vali","2911":"layl","2912":"dost","2913":"iliz","2914":"rasy","2915":"liri","2916":"la\u015fa","2917":" rek","2918":" cok","2919":"stik","2920":"rgan","2921":"adl\u0131","2922":"h\u00fck\u00fc","2923":"ge\u00e7t","2924":"\u00e7ild","2925":"erce","2926":"katl","2927":"uluk","2928":"ilan","2929":"dern","2930":"\u015f\u0131n\u0131","2931":" in\u015f","2932":"rhan","2933":" nok","2934":"yabi","2935":"lmal","2936":"ker ","2937":"nli\u011f","2938":"etsi","2939":"niyl","2940":"buna","2941":"gire","2942":"nme ","2943":"lem ","2944":" dai","2945":"rdim","2946":"d\u0131rm","2947":"vars","2948":" ney","2949":"ksin","2950":"adal","2951":"u\u011fra","2952":"grub","2953":"tekr","2954":"abal","2955":"cok ","2956":"enze","2957":"das\u0131","2958":"zira","2959":"meyd","2960":"\u00e7\u0131k ","2961":"yeli","2962":"l\u0131m\u0131","2963":" tep","2964":"rmen","2965":"adi ","2966":" \u015fam","2967":"erid","2968":"\u0131sa ","2969":"\u015fti ","2970":"nara","2971":"nide","2972":"kap\u0131","2973":"eri\u0307","2974":"emez","2975":"\u0131cak","2976":"mali","2977":" evd","2978":"azd\u0131","2979":"yar ","2980":"kont","2981":"alde","2982":"nokt","2983":"ar\u0131s","2984":"\u00fcrme","2985":"inir","2986":"vler","2987":"piya","2988":" zar","2989":"kaye","2990":"atle","2991":"koca","2992":"tle ","2993":"ktar","2994":" hik","2995":"rmas","2996":"ekk\u00fc","2997":"odel","2998":" \u0131n ","2999":"i\u00e7im","3000":" tl ","3001":"\u0131rsa","3002":" i\u0307m","3003":"\u011fild","3004":" eme","3005":"piyo","3006":"i\u0307\u00e7i","3007":"gitt","3008":"atar","3009":"n\u00fcnd","3010":"eyse","3011":"rtla","3012":"isle","3013":"nc\u0131 ","3014":"ray\u0131","3015":"y\u0131p ","3016":"cula","3017":"rmes","3018":"mi\u015fi","3019":"\u00f6rg\u00fc","3020":"as\u0131m","3021":"\u0131\u015fan","3022":"adol","3023":"\u015flam","3024":"\u00fcs\u00fc ","3025":"ansa","3026":"redi","3027":" giy","3028":" ted","3029":"cisi","3030":"p\u0131yo","3031":"devr","3032":"tif ","3033":"stey","3034":" g\u00f6k","3035":" mec","3036":" had","3037":"i\u0307ki","3038":"cade","3039":"m\u00fc\u015ft","3040":"eras","3041":" m\u00fcc","3042":"fene","3043":" bes","3044":"a\u015fta","3045":"deyi","3046":"aks\u0131","3047":"bar\u0131","3048":"rasa","3049":"laka","3050":" an ","3051":"z\u0131m ","3052":"az\u0131n","3053":"bala","3054":"in\u015fa","3055":"ln\u0131z","3056":" g\u00f6\u00e7","3057":"a\u015fay","3058":"va\u015f ","3059":"\u00fczik","3060":" ke\u015f","3061":" yur","3062":"staf","3063":"t\u00fcrl","3064":"slam","3065":"nado","3066":"lahi","3067":"plum","3068":"va\u015f\u0131","3069":"\u015fkil","3070":"derl","3071":"ahla","3072":"\u0131ll\u0131","3073":"olcu","3074":"haha","3075":"evli","3076":" m ","3077":"z\u0131l\u0131","3078":"mpiy","3079":"veki","3080":"m>da","3081":"k\u0131s\u0131","3082":"ulda","3083":"gala","3084":"at\u00fcr","3085":"ld\u0131z","3086":"cami","3087":"dan\u0131","3088":"kul ","3089":"\u015fam ","3090":" \u00f6zg","3091":"upa ","3092":"\u015fekk","3093":" o\u011fl","3094":"rat ","3095":"ndil","3096":"varl","3097":"fta ","3098":"\u015fmay","3099":"\u0131r\u0131 ","3100":"kk\u00fcr","3101":"akik","3102":"iran","3103":"t\u0131ld","3104":" \u015fah","3105":"irma","3106":"tma ","3107":"ab\u0131 ","3108":"\u00e7ift","3109":"\u00fcre ","3110":"\u00e7\u0131k\u0131","3111":"rade","3112":" yun","3113":"k\u0131sm","3114":"\u00fcnd\u00fc","3115":" cin","3116":" atm","3117":"st\u00fcn","3118":"dimi","3119":"terl","3120":" \u00fccr","3121":"ampi","3122":"tafa","3123":"\u015flay","3124":"zan ","3125":" \u015fer","3126":"z\u0131la","3127":"\u015f\u0131m ","3128":"baha","3129":" fal","3130":"s\u0131zl","3131":"rinc","3132":"l\u00e7e ","3133":"i\u0307le","3134":"atat","3135":"madd","3136":" \u00e7if","3137":"eydi","3138":"zley","3139":"ardi","3140":" emi","3141":"lla ","3142":"rubu","3143":"\u011fi\u015ft","3144":"atil","3145":"lmey","3146":"zon ","3147":"ygun","3148":"raki","3149":"rmu\u015f","3150":" a\u011fl","3151":"rsen","3152":"kika","3153":"oman","3154":"s\u0131ca","3155":"buld","3156":"turm","3157":"lkel","3158":"lip ","3159":"\u015firk","3160":"rba\u015f","3161":"yaya","3162":" gol","3163":"s\u00fcrd","3164":" \u00f6rg","3165":"edec","3166":"apsa","3167":"m\u00fcca","3168":"en\u00e7 ","3169":"\u0131lam","3170":"asl\u0131","3171":" siv","3172":"yoll","3173":"rtal","3174":"esti","3175":"u\u00e7la","3176":"lgis","3177":"digi","3178":"m\u00fczd","3179":" fir","3180":"\u00fclen","3181":"slan","3182":"rumd","3183":" eld","3184":"runu","3185":"aksi","3186":"p\u0131l\u0131","3187":" s\u0131c","3188":"mel ","3189":"cekt","3190":"a\u015f\u0131l","3191":"fer ","3192":"flar","3193":"\u0131rm\u0131","3194":"soka","3195":"yl\u00fcl","3196":"\u00f6y\u00fc ","3197":"d\u0131ra","3198":"yuna","3199":"itab","3200":"etil","3201":"tlam","3202":"rl\u00fc\u011f","3203":"onu\u00e7","3204":"biti","3205":"hari","3206":"evap","3207":"zoru","3208":"yse ","3209":"\u0131l\u0131y","3210":"apm\u0131","3211":" gez","3212":"um>0","3213":"rdik","3214":"t\u0131yo","3215":"inme","3216":"term","3217":" k\u00f6p","3218":"park","3219":" hey","3220":"epsi","3221":"tine","3222":"\u00fccad","3223":"enid","3224":"tt\u0131 ","3225":"alac","3226":"bize","3227":"ark ","3228":"eken","3229":" niy","3230":"ehit","3231":"anay","3232":"beya","3233":"fiya","3234":"sidi","3235":"\u015fa\u011f\u0131","3236":" don","3237":"ara\u00e7","3238":"dava","3239":"ruma","3240":"ilem","3241":"e\u015fik","3242":"ste ","3243":"seli","3244":"lmiy","3245":" pan","3246":"tada","3247":"um>t","3248":"ver ","3249":" koc","3250":"s\u0131m ","3251":"yoks","3252":"ya\u011f\u0131","3253":"naya","3254":" nam","3255":"nu\u015fm","3256":"mse ","3257":"\u00f6n\u00fc\u015f","3258":"yiz ","3259":"vgil","3260":"tat\u00fc","3261":" fiy","3262":"kula","3263":"hata","3264":"uyum","3265":"tap ","3266":"mlan","3267":"rip ","3268":"\u011fmen","3269":" piy","3270":"anar","3271":"orga","3272":"rm\u0131\u015f","3273":"\u0131n\u0131f","3274":"sefe","3275":"onul","3276":"yurt","3277":"ilis","3278":"gazi","3279":"\u00f6t\u00fc ","3280":"ybet","3281":"uyla","3282":"\u015flan","3283":"ridi","3284":"icin","3285":"okum","3286":"nt\u0131l","3287":"ayl\u0131","3288":"n\u0131na","3289":"bak ","3290":"urda","3291":"\u00f6zg\u00fc","3292":"etre","3293":"kinl","3294":"uttu","3295":"e\u015fin","3296":" e\u015fi","3297":"alka","3298":"lun ","3299":"hazi","3300":"rti ","3301":"at\u0131y","3302":"lya ","3303":"\u00fcld\u00fc","3304":" eti","3305":"nmes","3306":"ahah","3307":"u\u015fla","3308":" e\u011fe","3309":"cin ","3310":"fler","3311":"avun","3312":"irti","3313":"celi","3314":" giz","3315":"ese ","3316":"renk","3317":" aks","3318":"cuma","3319":"igin","3320":" sex","3321":"kons","3322":"ikal","3323":"um>l","3324":"rdin","3325":"bund","3326":"tisi","3327":"\u011fund","3328":"ekni","3329":" laz","3330":"alit","3331":"l\u0131\u015f ","3332":" g\u00f6t","3333":" hel","3334":"\u00fc\u015fme","3335":"ural","3336":" lan","3337":"ns\u0131z","3338":"sevm","3339":"tme ","3340":"\u015famp","3341":"rlam","3342":"rne\u011f","3343":"erdo","3344":"tikl","3345":" ate","3346":"yumu","3347":"r\u0131yo","3348":"\u015faya","3349":"kere","3350":"ndu\u011f","3351":"ligi","3352":"anes","3353":"anis","3354":"ursu","3355":" so\u011f","3356":"bet ","3357":" ra\u011f","3358":"y\u0131la","3359":"edek","3360":"ekir","3361":"ray ","3362":"iydi","3363":" \u00e7ay","3364":" nef","3365":"urt ","3366":"lide","3367":"ksa ","3368":"\u0307lk ","3369":"ariy","3370":"yaba","3371":"\u00f6ner","3372":" ak\u015f","3373":"kutl","3374":"nki ","3375":"d\u0131mc","3376":"ahi ","3377":"taly","3378":"l\u0131\u015ft","3379":"eral","3380":"nl\u0131\u015f","3381":"dala","3382":"lukl","3383":"kir ","3384":"\u0131ras","3385":"rtak","3386":"k\u00fcme","3387":"\u00fcnt\u00fc","3388":"lki ","3389":"ekt\u00f6","3390":"mi\u015fl","3391":"yunl","3392":"ice ","3393":"eker","3394":"apta","3395":"duyu","3396":"lite","3397":"000 ","3398":"rund","3399":" ku\u015f","3400":"yebi","3401":"i\u0307l ","3402":"\u0131la\u015f","3403":"atin","3404":" \u00f6d\u00fc","3405":"r\u0131ld","3406":" su\u00e7","3407":"mana","3408":"ttin","3409":"\u011fum ","3410":"uklu","3411":"ab\u0131n","3412":"tfen","3413":"a\u011fme","3414":"alab","3415":"ocak","3416":"send","3417":"s\u00f6z ","3418":"edav","3419":"aatl","3420":"lu\u015fu","3421":"rl\u0131\u011f","3422":"ak\u0131r","3423":"ezin","3424":"omik","3425":"c\u0131s\u0131","3426":" \u00e7in","3427":"adem","3428":"maml","3429":"iles","3430":"i\u0307yi","3431":"rand","3432":" ahm","3433":"girm","3434":"runl","3435":"stle","3436":"zand","3437":" fat","3438":" ruh","3439":"tak ","3440":"rmed","3441":"orku","3442":"\u015fme ","3443":"nist","3444":"zor ","3445":"savu","3446":"i\u0307sl","3447":"e\u00e7er","3448":"mem ","3449":"urun","3450":"ra\u011fm","3451":"atas","3452":"amac","3453":"ttik","3454":">da ","3455":"etic","3456":"orlu","3457":" l\u00fct","3458":"yum ","3459":"li\u015ft","3460":"klin","3461":"anak","3462":"rdo\u011f","3463":" yed","3464":"a\u00e7ma","3465":"bah ","3466":"hat\u0131","3467":"y\u00fczy","3468":" \u015fan","3469":"izgi","3470":"tica","3471":" fet","3472":"li\u015fm","3473":"alay","3474":"neme","3475":"sya ","3476":"port","3477":"zl\u0131k","3478":"kade","3479":"emem","3480":"zlen","3481":" umu","3482":"dahi","3483":" org","3484":"tmay","3485":"sak ","3486":"ahib","3487":"m\u0131zd","3488":"oda ","3489":"nur ","3490":"\u0131tla","3491":"ocu\u011f","3492":"uyar","3493":"r\u015fey","3494":"est ","3495":"mese","3496":"\u015fta ","3497":"gini","3498":"yazm","3499":"vde ","3500":"rnet","3501":"reki","3502":"alak","3503":"iyan","3504":"h\u0131zl","3505":"letl","3506":"zorl","3507":"nayd","3508":"hakl","3509":"ri\u015f ","3510":"tten","3511":"ayab","3512":"ever","3513":"laz\u0131","3514":" fin","3515":"ak\u015fa","3516":"kley","3517":" nor","3518":"yley","3519":" mu ","3520":"l\u00fctf","3521":"raml","3522":"kmek","3523":"\u00fcnay","3524":"k\u015fam","3525":"alk ","3526":"rar\u0131","3527":"traf","3528":" aka","3529":"\u015file","3530":"cekl","3531":"hit ","3532":"\u015fekl","3533":"pt\u0131 ","3534":"oper","3535":" sem","3536":"rtar","3537":"inen","3538":"ruyo","3539":" dep","3540":"kaps","3541":"urur","3542":"kemi","3543":" ici","3544":"nat ","3545":"bare","3546":"miye","3547":"okun","3548":" bi\u0307","3549":"pm\u0131\u015f","3550":"ngin","3551":"nar ","3552":"nyay","3553":"akte","3554":"m>te","3555":"lk\u0131n","3556":"irer","3557":"k\u00fcrt","3558":"zy\u0131l","3559":"ormu","3560":"kahv","3561":"banc","3562":"pa\u015fa","3563":" bol","3564":" i\u015ft","3565":"irse","3566":" aza","3567":"sakl","3568":"iyer","3569":"tran","3570":" i\u0307y","3571":"nces","3572":"nak ","3573":"i\u015fik","3574":"kalb","3575":"esap","3576":"nras","3577":"m\u00fc\u015f ","3578":"\u015f\u0131l\u0131","3579":"r\u00fclm","3580":"t\u00f6r ","3581":" d\u00f6r","3582":"isel","3583":" yo\u011f","3584":"ll\u0131k","3585":"l\u0131p ","3586":"efa ","3587":" mik","3588":"ak\u0131\u015f","3589":"azi ","3590":"lurs","3591":"akam","3592":"ocam","3593":"\u0131lda","3594":"pers","3595":"dam\u0131","3596":"eri\u015f","3597":"kter","3598":"erso","3599":"\u015fimi","3600":"rtil","3601":"apat","3602":"esli","3603":"ert ","3604":"maka","3605":"heps","3606":"paca","3607":"lum ","3608":"esaj","3609":"tsiz","3610":"\u00fcr\u00fcy","3611":"iris","3612":" nis","3613":"knik","3614":"e\u011fen","3615":"pany","3616":"hurb","3617":"onya","3618":"amen","3619":"rabi","3620":"hibi","3621":"\u015fmes","3622":"yo\u011fu","3623":"\u00fczy\u0131","3624":" eks","3625":"klik","3626":"suna","3627":"benc","3628":"ira ","3629":" ayl","3630":"elki","3631":"eten","3632":"a\u015fad","3633":"sand","3634":"durm","3635":"dad\u0131","3636":"ban ","3637":"inte","3638":" \u00fcnl","3639":"\u0131l\u0131m","3640":"apac","3641":"rson","3642":"pera","3643":"sila","3644":" gar","3645":"icar","3646":"rnek","3647":"a\u00e7\u0131n","3648":"arap","3649":"bina","3650":"kari","3651":"tkin","3652":"\u0131ran","3653":"kema","3654":"abd ","3655":"k\u00fcr ","3656":"bey ","3657":"i\u0307zm","3658":"g\u00f6z\u00fc","3659":"rs\u0131n","3660":"gizl","3661":"belk","3662":"defa","3663":"terc","3664":"\u015fmi\u015f","3665":"m\u0131za","3666":" zen","3667":"icil","3668":"k\u0131yo","3669":"lter","3670":" i\u0307r","3671":" yab","3672":"ilet","3673":"\u00fcrec","3674":" \u00e7at","3675":"anab","3676":" cem","3677":" g\u00fcr","3678":"serv","3679":" ye ","3680":"nizd","3681":"\u00fclte","3682":" rak","3683":"eyaz","3684":"ri\u015fi","3685":" twi","3686":"sab\u0131","3687":"zer ","3688":"anac","3689":"kayd","3690":"nzer","3691":" \u00e7an","3692":"orul","3693":"yedi","3694":"u\u015fan","3695":"terd","3696":"zmir","3697":"\u0131rke","3698":"\u00fctfe","3699":" \u00fcz\u00fc","3700":"m\u0131s\u0131","3701":"rall","3702":"iyo ","3703":"nl\u00fc ","3704":"bebe","3705":"rce ","3706":" y\u0131k","3707":"uydu","3708":"\u0131sm\u0131","3709":"dine","3710":" beb","3711":"tici","3712":"lmez","3713":"tati","3714":"bett","3715":"nsta","3716":"azir","3717":" aca","3718":"per ","3719":"mer ","3720":"\u00f6z\u00fcm","3721":"dres","3722":" att","3723":"lek ","3724":"zarl","3725":" num","3726":"\u015fad\u0131","3727":"tt\u0131\u011f","3728":"uk\u00e7a","3729":"dip ","3730":"ilel","3731":"m\u0131\u015fl","3732":"uya ","3733":"azen","3734":"\u0131lab","3735":"arta","3736":"ail ","3737":"oyu ","3738":"and ","3739":"lle ","3740":"cu\u011fu","3741":"okuy","3742":"reme","3743":"\u00fcme ","3744":"\u00fcman","3745":"ar\u0131d","3746":"olum","3747":"aren","3748":"asay","3749":"ma\u00e7\u0131","3750":"i\u0307r ","3751":"r\u00fcyo","3752":"\u00e7izg","3753":" fik","3754":"sten","3755":" tic","3756":"\u00f6d\u00fcl","3757":"ba\u015fv","3758":" deg","3759":"yazd","3760":"o\u011fal","3761":"efer","3762":"y\u0131rl","3763":"t\u0131rl","3764":"evir","3765":"tab\u0131","3766":"kese","3767":"afla","3768":"raf ","3769":"azal","3770":"twit","3771":"a\u011fr\u0131","3772":"anki","3773":"\u00fcc\u00fc ","3774":" ko\u015f","3775":"mile","3776":"\u015fik ","3777":"a\u015fa\u011f","3778":"mevc","3779":" kuv","3780":"evcu","3781":"zala","3782":"rt\u0131\u015f","3783":"lme ","3784":"yasi","3785":"zlik","3786":" ma\u011f","3787":"lgel","3788":"duk\u00e7","3789":"a\u015fvu","3790":" g\u00f6l","3791":"derd","3792":"\u00fcsl\u00fc","3793":"\u015fvur","3794":"sada","3795":"lmed","3796":"erel","3797":"a\u011f\u0131z","3798":" hac","3799":"\u015ft\u00fcr","3800":"m>00","3801":" cid","3802":"irir","3803":"\u0131c\u0131l","3804":"mati","3805":"lerc","3806":"sem ","3807":"kul\u00fc","3808":"ecel","3809":"ola ","3810":"akim","3811":"da\u015f ","3812":"hede","3813":"dukl","3814":"n\u00fcz ","3815":" fer","3816":"mun ","3817":"\u00e7eli","3818":"zli ","3819":"suri","3820":"gird","3821":"rd\u00fcr","3822":"kta\u015f","3823":"idiy","3824":"numa","3825":"ars\u0131","3826":"reli","3827":"eve ","3828":"dura","3829":"ndi\u011f","3830":"rahi","3831":"oksa","3832":"rbah","3833":"ayi ","3834":"esmi","3835":"\u00f6nle","3836":"sayg","3837":"albi","3838":"vcut","3839":"n\u0131rl","3840":"keme","3841":"tika","3842":" orm","3843":"rusu","3844":" el ","3845":"\u0307zmi","3846":"t\u0131ra","3847":"turk","3848":"koyu","3849":"eci ","3850":"dair","3851":"y\u0131lm","3852":"baze","3853":"cem ","3854":"uyur","3855":"uvar","3856":"kusu","3857":"erbe","3858":"hadi","3859":"nlay","3860":" fel","3861":"caks","3862":" i\u0307t","3863":" aci","3864":"mizl","3865":"ate\u015f","3866":"bat ","3867":"ayes","3868":"keni","3869":"ire ","3870":"d\u00fcrl","3871":"ntin","3872":" m\u0131s","3873":"revi","3874":"dede","3875":"esme","3876":"lsin","3877":"simi","3878":"kiml","3879":"r\u00fcnt","3880":"atal","3881":"fusu","3882":"mur ","3883":"hasa","3884":"daml","3885":"duk ","3886":"ontr","3887":"\u015f\u00f6yl","3888":"lt\u0131 ","3889":"lli\u011f","3890":"ma\u00e7l","3891":"\u015fam\u0131","3892":"itik","3893":"n\u00fcyo","3894":"latm","3895":"so\u011fu","3896":"tkis","3897":"rk\u0131 ","3898":"pmay","3899":"temm","3900":"yatl","3901":"ride","3902":" \u015f\u00f6y","3903":"elge","3904":"idar","3905":"ekan","3906":"nerb","3907":"\u0131r\u0131n","3908":"ekse","3909":"rca ","3910":"lima","3911":"efen","3912":"dil ","3913":"cede","3914":"iman","3915":"ksiy","3916":"emmu","3917":"\u00fcyel","3918":"mmuz","3919":"y\u0131nd","3920":" m\u00fcm","3921":"ap\u0131n","3922":"ceki","3923":"urtu","3924":"\u00e7\u0131la","3925":"mant","3926":"var\u0131","3927":"zl\u0131 ","3928":"nada","3929":"nnem","3930":" gra","3931":"igi ","3932":"nula","3933":"sla ","3934":"m\u00fcsl","3935":"\u00f6nel","3936":"nuyo","3937":" s ","3938":"han\u0131","3939":"tlan","3940":" b ","3941":"g\u00f6t\u00fc","3942":"a\u011fus","3943":"rem ","3944":"ya\u015fl","3945":"ntro","3946":"g\u00fcc\u00fc","3947":" sim","3948":"esil","3949":"arm\u0131","3950":"\u015fanl","3951":"g\u0131n ","3952":"feri","3953":"rel ","3954":"t\u0131m\u0131","3955":"ilya","3956":"rere","3957":"asit","3958":"jik ","3959":"are ","3960":"cidd","3961":"remi","3962":" maa","3963":"nday","3964":"lge ","3965":" avu","3966":">te ","3967":"\u00e7\u00f6z\u00fc","3968":"\u00fcne\u015f","3969":"lusl","3970":" ev ","3971":"ney ","3972":"tl\u0131 ","3973":"ks\u0131n","3974":"iki\u015f","3975":"\u0131nar","3976":"norm","3977":"\u015fmel","3978":"revl","3979":"rdum","3980":" ope","3981":"ap\u0131s","3982":"evet","3983":" g\u00fcc","3984":"gani","3985":"oca ","3986":"yemi","3987":"km\u0131\u015f","3988":"makl","3989":"aniz","3990":"gara","3991":"davi","3992":" a\u011fu","3993":"sl\u0131n","3994":"rett","3995":"nmey","3996":" yum","3997":"bari","3998":"ami ","3999":"irka","4000":"ba\u015f ","4001":" kre","4002":"r\u00fcle","4003":"kolo","4004":"edef","4005":"gell","4006":"be\u011fe","4007":" mot","4008":"d\u00f6rt","4009":"gali","4010":"retl","4011":"ment","4012":"vlen","4013":"e\u015fi ","4014":"lden","4015":"\u00fcst ","4016":" teh","4017":"d\u0131na","4018":"anet","4019":"medy","4020":"viyo","4021":"zman","4022":"ac\u0131n","4023":" ell","4024":"eriz","4025":"zey ","4026":"belg","4027":"z\u00fcnd","4028":" k\u00f6k","4029":" k\u0131\u015f","4030":"muyo","4031":"rdur","4032":" rab","4033":"aksa","4034":"ikan","4035":"anun","4036":"eyde","4037":"\u0131y\u0131 ","4038":"doku","4039":"urmu","4040":"fend","4041":"firm","4042":"et\u00e7i","4043":"l\u0131s\u0131","4044":" elb","4045":"ton ","4046":"sayd","4047":"l\u00fcyo","4048":"sinl","4049":"raft","4050":"ekip","4051":"\u015f\u00fcnc","4052":"idde","4053":"n\u0131r\u0131","4054":"zdan","4055":"k\u0131\u015f\u0131","4056":"ses ","4057":" adr","4058":" dam","4059":"eyl\u00fc","4060":"ltan","4061":"aval","4062":"y\u0131s ","4063":"nemd","4064":"stra","4065":"obil","4066":"\u0307sla","4067":"herh","4068":"ang\u0131","4069":"\u00fcs\u00fcn","4070":"l\u0131nm","4071":"ap\u0131m","4072":"\u0131k\u0131n","4073":"d\u0131la","4074":"dem ","4075":"er\u015fe","4076":"mis ","4077":" mac","4078":"rka ","4079":"na\u011f\u0131","4080":"rici","4081":"nnet","4082":" bi\u00e7","4083":"tanr","4084":"rat\u0131","4085":"viye","4086":"psam","4087":" tay","4088":"\u0131\u015f\u0131k","4089":"yind","4090":" mat","4091":"kanu","4092":"nell","4093":"etve","4094":"tema","4095":"evme","4096":"inem","4097":"kuvv","4098":"rk\u00f6y","4099":" be ","4100":"vvet","4101":"teni","4102":" bo\u011f","4103":"rafl","4104":"\u00fcnme","4105":"hika","4106":"ante","4107":"ator","4108":"rg\u00fct","4109":"sl\u00fcm","4110":"uvve","4111":"izm ","4112":"ebiy","4113":"lke ","4114":" be\u011f","4115":"ndar","4116":" huk","4117":"ulu\u011f","4118":"duyg","4119":"huku","4120":"dama","4121":"seks","4122":"komi","4123":"tter","4124":"lu\u015fa","4125":" end","4126":"i\u011fe ","4127":"\u015fart","4128":"zle\u015f","4129":"usya","4130":"anr\u0131","4131":"ipti","4132":"\u00f6t\u00fcr","4133":"at\u00e7\u0131","4134":"isyo","4135":"arte","4136":"ceks","4137":"sik ","4138":" kri","4139":"biye","4140":"unur","4141":"arif","4142":"ele\u015f","4143":" yiy","4144":"patl","4145":"\u015ftu ","4146":"tili","4147":"kate","4148":"\u015ft\u0131\u011f","4149":"mazs","4150":" y\u00f6r","4151":"oji ","4152":"nser","4153":"vas\u0131","4154":"i\u0307ra","4155":"ka\u00e7\u0131","4156":"hil ","4157":"rahm","4158":" k\ufffdz","4159":"\u0131nan","4160":"tvek","4161":"letv","4162":"be\u015fi","4163":"ehli","4164":" sig","4165":"omut","4166":"enne","4167":"rtul","4168":"\u00f6yl\u00fc","4169":"ati ","4170":"rusy","4171":"sex ","4172":"mobi","4173":"a\u011f\u0131\u015f","4174":"raka","4175":"neye","4176":"ales","4177":" ar\u0131","4178":"ukuk","4179":"uruy","4180":"pt\u0131r","4181":"tor ","4182":" t\u00fck","4183":"r\u00fcn ","4184":"kerl","4185":"parl","4186":"rsiz","4187":"\u0131nav","4188":"best","4189":"sedi","4190":"rd\u00fc\u011f","4191":"al\u0131\u011f","4192":"zar\u0131","4193":"n\u0131l\u0131","4194":"yr\u0131 ","4195":"zled","4196":" \u00e7or","4197":"ulur","4198":"kmak","4199":"dell","4200":"ye\u015fi","4201":"sone","4202":"tali","4203":"dal\u0131","4204":"c\u0131k ","4205":"kede","4206":"tatl","4207":"lar\ufffd","4208":"onse","4209":"amin","4210":" i\u0307b","4211":"haki","4212":"arba","4213":" rol","4214":"a\u015fk\u0131","4215":"\u00e7\u0131l\u0131","4216":"\u015fall","4217":"lles","4218":"o\u011fum","4219":"artl","4220":" sef","4221":"stos","4222":"uan ","4223":"tm\u0131\u015f","4224":"r\u00fcnl","4225":"kilo","4226":" pas","4227":"sans","4228":"netm","4229":"kti ","4230":"kahr","4231":"imar","4232":"n\u00e7le","4233":"re\u011fi","4234":" ho\u015f","4235":"dale","4236":" tip","4237":"tmed","4238":"taca","4239":" vaz","4240":"p\u0131s\u0131","4241":"vall","4242":"\u00fcn\u00fcz","4243":"\u0131rad","4244":"saye","4245":"i\u0307li","4246":"ahis","4247":"aml\u0131","4248":"reye","4249":"rl\u00fc ","4250":"\u00fcmet","4251":"amil","4252":"nluk","4253":"zas\u0131","4254":"riml","4255":"urgu","4256":"test","4257":" yah","4258":" \u00f6zl","4259":"lah\u0131","4260":"lmem","4261":"olit","4262":"kekl","4263":"nece","4264":"epe ","4265":"ahne","4266":"lira","4267":"\u0131\u015f\u0131y","4268":"arik","4269":"\u00f6l\u00e7\u00fc","4270":"anam","4271":"ld\u0131k","4272":" lir","4273":"\u00fc\u00e7l\u00fc","4274":"sahn","4275":"i\u015fe ","4276":"lede","4277":"tale","4278":"utul","4279":"idi ","4280":"zana","4281":"iken","4282":"mla ","4283":"\u00e7ala","4284":"\u00fc\u015fma","4285":"rtma","4286":"t\u00fcle","4287":"dird","4288":"nolo","4289":"rkan","4290":"usto","4291":"tion","4292":"gel ","4293":"dusu","4294":"\u015f\u0131ya","4295":"\u00f6rt ","4296":" efe","4297":"karm","4298":"ustu","4299":"rato","4300":"bozu","4301":"uzma","4302":"olda","4303":"ba\u015fb","4304":"\u015flet","4305":"muta","4306":"\u011f\u0131r ","4307":"\u015fm\u0131\u015f","4308":"razi","4309":"edya","4310":"ova ","4311":"anin","4312":"c\u0131n\u0131","4313":"tart","4314":"deol","4315":"\u00e7imi","4316":"nd\u0131k","4317":"\u011fumu","4318":"kamp","4319":"rend","4320":"kkal","4321":"\u00e7ekm","4322":" idd","4323":"e\u015fil","4324":"\u011f\u0131z ","4325":"hak ","4326":"k\u0131r ","4327":"zan\u0131","4328":"ddet","4329":"uzu ","4330":"fina","4331":"itte","4332":"adre","4333":"bulm","4334":"bire","4335":"k\u00fcn ","4336":" d\u00fc\u011f","4337":" imz","4338":"olam","4339":"mlu ","4340":"koku","4341":"imza","4342":"rlu ","4343":" me\u015f","4344":"ervi","4345":"bini","4346":"gari","4347":"iyey","4348":"rya ","4349":"aket","4350":"ort ","4351":"latt","4352":" lid","4353":"elam","4354":"komu","4355":" uzm","4356":"\u011f\u00fcn\u00fc","4357":"\u00e7im ","4358":"ulta","4359":"eman","4360":"mesl","4361":"erak","4362":"stla","4363":"demo","4364":"agra","4365":"bo\u015f ","4366":"saha","4367":"\u015fken","4368":" of ","4369":"rasi","4370":"sula","4371":"l\u00fcl ","4372":" pen","4373":" ye\u015f","4374":"ecil","4375":"eyeb","4376":" huz","4377":"teda","4378":"teci","4379":" dua","4380":"pal\u0131","4381":"lmi ","4382":"ubat","4383":"sili","4384":"ptir","4385":"e\u015fle","4386":"bi\u00e7i","4387":"andi","4388":"ddia","4389":"ger ","4390":"degi","4391":"esab","4392":"\u00e7eke","4393":"kars","4394":"\u015fere","4395":"ni\u015f ","4396":"nini","4397":"uyuy","4398":"\u00fcn\u00fcy","4399":"mahk","4400":"ileb","4401":"liti","4402":"\u00fcmde","4403":"\u015fin ","4404":"alem","4405":" et ","4406":"eney","4407":"ama\u00e7","4408":"faal","4409":"mari","4410":"i\u015fiy","4411":"ahra","4412":"burs","4413":" rad","4414":" pre","4415":" net","4416":"k\u0131zl","4417":"l\u00fcma","4418":"yac\u0131","4419":"\u0131rs\u0131","4420":" faa","4421":"asak","4422":"ucun","4423":"e\u015fke","4424":"ser ","4425":" yuk","4426":"t\u0131\u015fm","4427":"lken","4428":"ndad","4429":"liz ","4430":"alon","4431":"uray","4432":" amk","4433":"ecli","4434":"azma","4435":"rati","4436":"nutm","4437":"tike","4438":"ifle","4439":"vesi","4440":"saka","4441":"nite","4442":"hald","4443":"g\u00f6z ","4444":"tre ","4445":"ikiy","4446":" \u00e7ab","4447":"ahve","4448":"timd","4449":" as\u0131","4450":"t\u00f6r\u00fc","4451":"mecl","4452":"zce ","4453":"okra","4454":"\u011fust","4455":"irec","4456":"hlar","4457":"inst","4458":"r\u0131\u015f\u0131","4459":"ebeb","4460":"beyi","4461":"vini","4462":"akli","4463":"hipt","4464":" ima","4465":"anim","4466":"else","4467":"sert","4468":"yarl","4469":"yali","4470":"rdak","4471":"\u011flen","4472":"ekiy","4473":"nuna","4474":"h\u00e7e ","4475":" s\u00fcp","4476":"k\u0131rm","4477":"da\u011fl","4478":"ayin","4479":"esid","4480":"a\u015fk ","4481":"rcih","4482":"ensi","4483":"tos ","4484":"nt\u0131s","4485":"care","4486":" at ","4487":"sani","4488":"ekno","4489":"k\u0131ya","4490":"llen","4491":"mber","4492":"\u00e7ele","4493":"huzu","4494":"tum ","4495":"rucu","4496":"nnes","4497":" ak ","4498":"b\u00fcm\u00fc","4499":"turi","4500":"ttim","4501":"artm","4502":"bim ","4503":"aniy","4504":"vran","4505":"rabb","4506":" zir","4507":"reci","4508":"tay ","4509":"gemi","4510":"\u011feri","4511":"i\u0307\u015ft","4512":"clis","4513":"alen","4514":"artt","4515":"uzur","4516":"vind","4517":" ras","4518":" \u00e7el","4519":"deo ","4520":"a\u011fa\u00e7","4521":"\u00e7i\u00e7e","4522":" kum","4523":"m\u00fcz ","4524":"nti ","4525":"rona","4526":" nes","4527":"maki","4528":"kurm","4529":"nasi","4530":"espi","4531":"birk","4532":"all\u0131","4533":"brik","4534":"osta","4535":"sekt","4536":"amk ","4537":"kt\u0131\u011f","4538":"ebi ","4539":"tanl","4540":"illa","4541":"amet","4542":"ven ","4543":"vetl","4544":"puan","4545":"ah\u0131n","4546":"orad","4547":"esir","4548":"inti","4549":"ap\u0131 ","4550":"ncek","4551":"smin","4552":"kadi","4553":"mura","4554":"s\u0131d\u0131","4555":"a\u015fba","4556":" gay","4557":"\u0131k\u0131l","4558":"kasa","4559":" esn","4560":"torl","4561":"enk ","4562":"neri","4563":"k\u0131p ","4564":"rtam","4565":"basi","4566":" atl","4567":"ukta","4568":"tilm","4569":"at\u00f6r","4570":"y\u00fcre","4571":"ad\u0131y","4572":"d\u00fc\u015fe","4573":"ma\u00e7 ","4574":"adas","4575":"cins","4576":" k ","4577":"lmin","4578":" gem","4579":"oron","4580":"p\u0131na","4581":"even","4582":"hrin","4583":"iket","4584":"iyec","4585":"stin","4586":"r\u0131\u015fm","4587":"kini","4588":"post","4589":" pop","4590":"bil ","4591":"rtis","4592":" hen","4593":"asya","4594":"kti\u011f","4595":"ikol","4596":"kati","4597":"bakm","4598":"ikas","4599":"yola","4600":"onum","4601":"k\u0131nt","4602":"mpar","4603":"avu\u015f","4604":"fede","4605":"stag","4606":"linm","4607":" dey","4608":"m\u00fcnd","4609":"aset","4610":"oruy","4611":"orda","4612":"ldan","4613":"t\u0131p ","4614":"day ","4615":"tlen","4616":"apal","4617":"rban","4618":"r\u0131da","4619":"bebi","4620":"rev ","4621":"ion ","4622":"kame","4623":"vdi\u011f","4624":"aali","4625":" chp","4626":"\u00fcmk\u00fc","4627":"iyac","4628":"emur","4629":"gede","4630":"m\u00fcmk","4631":"yosu","4632":"mdir","4633":"kill","4634":" mur","4635":" str","4636":"y\u0131z ","4637":"larc","4638":"\u00fcnc\u00fc","4639":"mk\u00fcn","4640":"nmad","4641":"slen","4642":"memu","4643":"le\u015fe","4644":"zeyi","4645":"rka\u00e7","4646":"sfer","4647":"meka","4648":"upla","4649":"enem","4650":" erm","4651":"izce","4652":" eri","4653":"letm","4654":"ndur","4655":"erji","4656":"al\u0131p","4657":"sult","4658":"unuy","4659":"hram","4660":"\u00f6dem","4661":" \u00f6l\u00e7","4662":"nyas","4663":"t\u00fcre","4664":"ntem","4665":"al\u0131l","4666":"erma","4667":"kmay","4668":"ezar","4669":"merh","4670":" kup","4671":" izi","4672":"burd","4673":"atak","4674":"zanm","4675":"enar","4676":"ymak","4677":"him ","4678":"\u0307yi ","4679":"ddi ","4680":"one ","4681":" pa\u015f","4682":"\u00f6n\u00fcl","4683":"\u00e7a\u011f\u0131","4684":"zgi ","4685":"d\u00fcn ","4686":"masi","4687":"abri","4688":"bird","4689":"orgu","4690":"\u00fczey","4691":"teml","4692":" ene","4693":"dikt","4694":"atm\u0131","4695":"\u00f6z\u00fcn","4696":"tana","4697":"\u0131\u015far","4698":"esen","4699":"dun ","4700":" mel","4701":"k\u0131nl","4702":" sus","4703":"n\u0131zd","4704":"mame","4705":"\u00fcr\u00fct","4706":"liml","4707":"hami","4708":"nsa ","4709":"deta","4710":" u\u00e7a","4711":"\u00f6zde","4712":"kal ","4713":"i\u0307\u015f ","4714":"kipl","4715":"t\u00fcke","4716":"\u015fbak","4717":"zile","4718":"ndem","4719":"derk","4720":" pua","4721":"ktay","4722":"vanl","4723":"nema","4724":"otom","4725":"\u00e7evi","4726":" akd","4727":"eyip","4728":"ktor","4729":"hirl","4730":" ten","4731":"i\u0307m ","4732":"ndu ","4733":"yahu","4734":"kand","4735":"kurd","4736":"rus ","4737":"e\u011fle","4738":"\u0307ran","4739":"knol","4740":"rant","4741":" \u015fii","4742":"ahar","4743":"n\u00e7li","4744":"har ","4745":"okak","4746":"tuta","4747":"t\u00fcs\u00fc","4748":"nt\u0131 ","4749":"rese","4750":"caba","4751":"serl","4752":"\u0131s\u0131r","4753":"yayl","4754":"\u00e7ili","4755":"pari","4756":"p\u0131ld","4757":"\u00fcrkl","4758":"\u00f6n\u00fcm","4759":"llem","4760":"g\u00fcl\u00fc","4761":"apab","4762":"mc\u0131 ","4763":"kare","4764":"rdek","4765":"rtes","4766":" tec","4767":" kok","4768":"\u0131z\u0131l","4769":" \u0131\u015f\u0131","4770":" vir","4771":"isiy","4772":"\u015fl\u0131 ","4773":"sall","4774":"aca ","4775":"\u00e7ine","4776":"ylec","4777":" sap","4778":"rdu\u011f","4779":"beyl","4780":"atam","4781":"vap ","4782":"aza ","4783":"kedi","4784":"yona","4785":"zuru","4786":"anas","4787":"a\u00e7t\u0131","4788":"ba\u015ft","4789":"lal ","4790":"\u015f\u0131s\u0131","4791":"nley","4792":"i\u015f\u00e7i","4793":"yatt","4794":" aq ","4795":"tesp","4796":"y\u00fcm\u00fc","4797":"nka ","4798":" twe","4799":"davr","4800":" \u00f6nl","4801":"nlu\u011f","4802":"kadr","4803":" dek","4804":"n\u0131ml","4805":"tay\u0131","4806":"pabi","4807":"yetk","4808":" asi","4809":"kine","4810":"abbi","4811":"\u00fcz\u00fc ","4812":"ayma","4813":"ncu ","4814":"\u00fc\u00e7le","4815":"cusu","4816":"kavu","4817":"zyon","4818":"tagr","4819":"eran","4820":" \u00e7i\u00e7","4821":" e\u011fl","4822":"eles","4823":"dokt","4824":"ste\u011f","4825":"zind","4826":"y\u0131n\u0131","4827":"fili","4828":"ay\u0131t","4829":"atro","4830":"rkle","4831":"ruld","4832":"\u011f\u0131yl","4833":"nsel","4834":" n\u0131n","4835":"li\u0307 ","4836":"\u015f\u0131r ","4837":"kred","4838":"mazl","4839":"ahse","4840":"g\u00fcnc","4841":"ti\u015fi","4842":"elil","4843":"ahim","4844":"twee","4845":"sar ","4846":"msey","4847":"ynam","4848":" gur","4849":"n\u015fal","4850":"zeng","4851":"ld\u00fc ","4852":"nu\u00e7l","4853":"ylen","4854":"izmi","4855":" imk","4856":"\u0131dan","4857":"oya ","4858":"heye","4859":"\u00e7\u0131s\u0131","4860":"rd\u0131\u011f","4861":"avi ","4862":"etiy","4863":"l\u0131l\u0131","4864":" lin","4865":"\u00fcper","4866":"air ","4867":"izyo","4868":"s\u00fcpe","4869":"spit","4870":"durd","4871":"adir","4872":"acab","4873":"ntik","4874":"nd\u00fcr","4875":"g\u00f6n\u00fc","4876":"yase","4877":"urat","4878":" fay","4879":"\u015fuba","4880":"k\u0131\u015f ","4881":"yolc","4882":" tor","4883":"lged","4884":"\u015fara","4885":"ense","4886":"otor","4887":"tmel","4888":"fas\u0131","4889":"eli\u011f","4890":"ns\u0131n","4891":"\u00e7arp","4892":"weet","4893":"bo\u011fa","4894":"t\u00f6re","4895":"araz","4896":"rk\u0131n","4897":"rtt\u0131","4898":"li\u015fi","4899":"ula ","4900":"te\u011fi","4901":" not","4902":"irek","4903":"urlu","4904":"nc\u00fc ","4905":"y\u00f6nt","4906":" lim","4907":"uyku","4908":"as\u0131d","4909":"onud","4910":"\u00f6rle","4911":" on ","4912":"sam\u0131","4913":"g\u0131la","4914":"k\u0131lm","4915":"kide","4916":"ojik","4917":"\u0131nl\u0131","4918":"an\u0131c","4919":"zca ","4920":"avan","4921":"atay","4922":"usal","4923":"sile","4924":"\u00f6nte","4925":"e\u015fli","4926":"tira","4927":" ucu","4928":"fik ","4929":"d\u0131\u015fa","4930":"stur","4931":"stes","4932":"rets","4933":"van\u0131","4934":" hap","4935":"atif","4936":"tron","4937":"rkas","4938":"ern ","4939":"lkem","4940":"mans","4941":"\u011fili","4942":"tene","4943":" kop","4944":"ivas","4945":"eola","4946":"like","4947":"eviz","4948":" uyk","4949":"d\u00fcm ","4950":"ksik","4951":"mezu","4952":" cep","4953":"mut ","4954":"his ","4955":"ask\u0131","4956":"tem ","4957":"ra\u00e7 ","4958":"nu\u015fu","4959":"ezun","4960":"span","4961":"iriz","4962":"atli","4963":"nrak","4964":"erey","4965":"\u00fcze ","4966":" h\u0131r","4967":"tayl","4968":" erz","4969":"l\u0131ca","4970":"kden","4971":"ezle","4972":"n\u0131c\u0131","4973":"liyi","4974":"\u0131r\u0131y","4975":"nebi","4976":"arya","4977":"zak ","4978":"kabi","4979":"made","4980":"culu","4981":" buy","4982":"\u0131\u011f\u0131y","4983":"uruc","4984":"zeme","4985":"ile\u015f","4986":"ti\u015ft","4987":"klay","4988":"ande","4989":"bahs","4990":"ekin","4991":"sapl","4992":"\u0131mal","4993":"yda ","4994":"nanm","4995":" nak","4996":"kaca","4997":"ubun","4998":"rakm","4999":"kma "}}