{"cat":{"0":" de ","1":" la ","2":" que","3":"que ","4":" a ","5":" per","6":" el ","7":" i ","8":" no ","9":"per ","10":"els ","11":" en ","12":"les ","13":" del","14":"ent ","15":" un ","16":" com","17":" \u00e9s ","18":" est","19":" els","20":"una ","21":" les","22":" una","23":"ment","24":" con","25":"res ","26":" aqu","27":" amb","28":"del ","29":"amb ","30":"esta","31":"ci\u00f3 ","32":" va ","33":"tat ","34":"ques","35":"ant ","36":"aque","37":"uest","38":" al ","39":" l ","40":" par","41":" tot","42":" pro","43":"m\u00e9s ","44":"com ","45":"qu\u00e8 ","46":" es ","47":"tes ","48":" pre","49":" des","50":" d ","51":" ser","52":" ha ","53":"aci\u00f3","54":"ada ","55":"sta ","56":" aix","57":" si ","58":"ria ","59":" m\u00e9s","60":"ies ","61":" mol","62":"ens ","63":"itat","64":" sen","65":"era ","66":"molt","67":"ons ","68":" qua","69":" qu\u00e8","70":"amen","71":"tar ","72":" ho ","73":" ten","74":"tre ","75":"tres","76":"per\u00f2","77":"er\u00f2 ","78":"eva ","79":"als ","80":"nes ","81":"ara ","82":"cia ","83":"cion","84":"nts ","85":"ser ","86":" fer","87":"aix\u00f2","88":"des ","89":"ix\u00f2 ","90":" hi ","91":"port","92":"ica ","93":" res","94":"ats ","95":" esp","96":"pres","97":" ens","98":"ostr","99":" pod","100":" vol","101":"est ","102":"esti","103":"altr","104":"tot ","105":" nos","106":" don","107":"nar ","108":" qui","109":"ona ","110":"comp","111":"dels","112":" pas","113":"fer ","114":" em ","115":"assa","116":" seu","117":"ncia","118":"ions","119":" seg","120":" cos","121":"bre ","122":" dir","123":"olt ","124":"quan","125":"teni","126":"ans ","127":"entr","128":"tant","129":"ure ","130":"sent","131":"ell ","132":"stre","133":" cap","134":" pot","135":" o ","136":" ent","137":"cont","138":"tra ","139":"ltre","140":"rar ","141":"segu","142":" mar","143":"pass","144":" ja ","145":" tre","146":" cre","147":"lar ","148":"enta","149":" tan","150":" mat","151":"essi","152":"dia ","153":" rec","154":"part","155":"ava ","156":"lla ","157":"obre","158":"espe","159":"dir ","160":"aig ","161":"eix ","162":"ran ","163":"uan ","164":"omen","165":" esc","166":" pen","167":" cas","168":"cons","169":" sev","170":"ors ","171":"stra","172":"\u00e8nci","173":" alg","174":" man","175":"ots ","176":" vai","177":"eus ","178":" tra","179":"inte","180":" men","181":" ell","182":" for","183":"ina ","184":"orta","185":"rem ","186":" alt","187":"ents","188":" b\u00e9 ","189":" nom","190":"seu ","191":" sem","192":" por","193":" sob","194":" gra","195":" pri","196":" dia","197":" car","198":"dona","199":" s ","200":" jo ","201":" veu","202":"mes ","203":"nten","204":"ble ","205":" fin","206":" ara","207":"ses ","208":" gen","209":" int","210":"iona","211":"ida ","212":"stat","213":"nost","214":"ntre","215":" meu","216":"osa ","217":"eure","218":" et ","219":"vaig","220":" bon","221":"ins ","222":"sobr","223":" pos","224":"ana ","225":" dem","226":"cies","227":"ues ","228":"nys ","229":" van","230":" lle","231":"pode","232":"van ","233":" mil","234":"lls ","235":"este","236":"pers","237":"via ","238":"ador","239":"cap ","240":"qu\u00ed ","241":"enti","242":"aqu\u00ed","243":"ora ","244":"arti","245":" tem","246":"sos ","247":"sar ","248":" tor","249":" pel","250":" tu ","251":" he ","252":" tin","253":"erqu","254":"pens","255":"perq","256":"ntra","257":"est\u00e0","258":" any","259":"ense","260":"acio","261":"nya ","262":"parl","263":"qui ","264":"han ","265":"deix","266":"ers ","267":"seva","268":" li ","269":" cat","270":"enca","271":"esco","272":" can","273":"ones","274":"algu","275":"ves ","276":" dei","277":"mpre","278":" tam","279":"rqu\u00e8","280":"cord","281":"car ","282":" als","283":"stes","284":"para","285":"erso","286":"ades","287":" dis","288":" hav","289":" imp","290":"nter","291":"tan ","292":"si\u00f3 ","293":"s\u00f3n ","294":"come","295":" fa ","296":" s\u00f3n","297":"eixe","298":"form","299":"meu ","300":"atal","301":"lgun","302":"arre","303":"seny","304":"sper","305":"rson","306":"ella","307":"lica","308":" tro","309":"quin","310":"temp","311":" mal","312":" lli","313":"gran","314":"desp","315":"pare","316":"vui ","317":"tic ","318":"avui","319":"teix","320":"lita","321":"ista","322":"itza","323":" fet","324":" pla","325":"torn","326":" enc","327":"cte ","328":" avu","329":"rada","330":"lia ","331":"orma","332":"rime","333":"veur","334":"ensa","335":"reco","336":" arr","337":"mana","338":" mor","339":"ndre","340":"cata","341":"gent","342":"dre ","343":"ssa ","344":"nta ","345":"ets ","346":" sab","347":"cara","348":" era","349":"anys","350":" ver","351":" exp","352":"arla","353":"tamb","354":" han","355":"prim","356":"pany","357":" vos","358":"onar","359":"ress","360":"hem ","361":" us ","362":"tats","363":"nat ","364":"ort ","365":"dent","366":" cor","367":"tots","368":"nal ","369":"star","370":"mb\u00e9 ","371":"amb\u00e9","372":" ter","373":"empr","374":"roba","375":" diu","376":"gui ","377":" se ","378":"rant","379":"ial ","380":"posa","381":"om\u00e9s","382":" hem","383":"nom\u00e9","384":"atge","385":" cam","386":"pera","387":"anya","388":"alit","389":" sol","390":"ics ","391":"alla","392":"erra","393":"ura ","394":"fet ","395":"eixa","396":" on ","397":"tir ","398":"mate","399":"nir ","400":" col","401":"trob","402":"rra ","403":"teu ","404":"iste","405":" pol","406":"arri","407":"ix\u00ed ","408":"ien ","409":"ncar","410":"serv","411":"espa","412":"aix\u00ed","413":"st\u00e0 ","414":"enir","415":"cial","416":"ingu","417":"ontr","418":"nera","419":"pot ","420":"ente","421":"haur","422":" bar","423":"prop","424":"orna","425":"gut ","426":" mev","427":" ana","428":" vis","429":" s\u00ed ","430":" sig","431":"egui","432":"d\u00e9u ","433":"stic","434":"imer","435":"rta ","436":"sens","437":" sal","438":" d\u00e9u","439":" sup","440":"casa","441":"estr","442":" vid","443":"ntar","444":"rat ","445":" sor","446":"avia","447":"are ","448":"r\u00e9s ","449":"tura","450":" mes","451":"pots","452":" mai","453":"tit ","454":"ols ","455":"cat ","456":"uns ","457":"ecte","458":" fil","459":"espr","460":"reu ","461":"oble","462":"raci","463":" jeh","464":"nen ","465":"jeho","466":"unta","467":"stan","468":"ehov","469":"has ","470":"cess","471":"rese","472":" san","473":" hau","474":"ilit","475":"anar","476":"tge ","477":" teu","478":"illo","479":"havi","480":"sat ","481":"salt","482":"mill","483":" cal","484":"endr","485":"tem ","486":" ni ","487":"mane","488":"sant","489":" cla","490":"aria","491":"cosa","492":"onal","493":"fins","494":"tal ","495":" inf","496":" mir","497":"meva","498":"ique","499":"igui","500":"ants","501":"esen","502":"terr","503":"dar ","504":"atei","505":" val","506":"ar\u00e0 ","507":"lor ","508":" cri","509":" act","510":" rep","511":"mpor","512":"bar ","513":"asa ","514":"llor","515":"vida","516":" lla","517":"eta ","518":"home","519":" din","520":"ita ","521":"lmen","522":" ass","523":"alme","524":"ball","525":"litz","526":"rrib","527":"enci","528":"agra","529":"regu","530":"nia ","531":"dor ","532":"anta","533":"able","534":"eces","535":"ari ","536":"pel ","537":"pre ","538":"cent","539":"any ","540":"ord ","541":"ota ","542":"ells","543":" t\u00e9 ","544":"mps ","545":" aju","546":"onse","547":"lta ","548":"podr","549":"vol ","550":" aco","551":" has","552":"pr\u00e9s","553":"pren","554":"scol","555":"semb","556":"osal","557":"peri","558":"ov\u00e0 ","559":"hov\u00e0","560":"eres","561":"nece","562":"its ","563":" nec","564":"nse ","565":"ena ","566":"uen ","567":"spr\u00e9","568":"oses","569":"nyor","570":"emps","571":"enyo","572":" ind","573":"cada","574":" hom","575":"mple","576":"tame","577":"ola ","578":" sap","579":" rea","580":" ven","581":" llo","582":"mai ","583":"ajud","584":" vin","585":"uin ","586":"inc ","587":"asse","588":"olta","589":"plic","590":"icia","591":"reba","592":" q ","593":"eman","594":" all","595":"icar","596":"egur","597":" m ","598":"en\u00e7a","599":" dec","600":"ient","601":"rrer","602":"esa ","603":"iar ","604":" dun","605":"ific","606":"imen","607":"treb","608":"vist","609":"ebal","610":"vost","611":"rita","612":"acab","613":"quel","614":"fica","615":"embl","616":"stim","617":"ull ","618":"semp","619":" ben","620":"resp","621":"impo","622":"sabe","623":"taci","624":" dif","625":" mi ","626":"int ","627":"blic","628":"den ","629":"iure","630":"lles","631":"ompa","632":"art ","633":"itar","634":"sigu","635":" dur","636":" mer","637":"ual ","638":"tiu ","639":" cad","640":"perd","641":"desc","642":"men\u00e7","643":"ssat","644":"naci","645":"sone","646":"clar","647":" vul","648":"espo","649":"nim ","650":" aca","651":"ren ","652":"ries","653":"sort","654":"spec","655":"mira","656":"tava","657":"sita","658":" veg","659":"ting","660":"iden","661":"vers","662":"ten ","663":"dos ","664":"tran","665":"fill","666":"rtir","667":" far","668":" set","669":"tica","670":"prov","671":"erit","672":"llar","673":"grad","674":"lant","675":"cci\u00f3","676":"bert","677":"r\u00e0ci","678":"tens","679":"seus","680":"enim","681":" dos","682":"ssit","683":"orti","684":" fei","685":"osta","686":"cone","687":"ral ","688":" gua","689":"trac","690":"ible","691":"real","692":"llib","693":"lici","694":"erta","695":" ref","696":" llu","697":"ante","698":" ins","699":"st\u00e3 ","700":"aner","701":" s\u00e9 ","702":"emen","703":"ssar","704":"ecor","705":" ger","706":"juda","707":"fina","708":"essa","709":"scri","710":" som","711":"daqu","712":"conf","713":" apr","714":"cose","715":"ver ","716":" daq","717":" reg","718":"arem","719":"stem","720":" tev","721":"expl","722":"span","723":"kkkk","724":"egad","725":"elle","726":"enen","727":"lloc","728":"riba","729":"dem ","730":"ctor","731":"mbla","732":"est\u00e3","733":"conv","734":"sona","735":"stav","736":"coll","737":"ema ","738":"eren","739":"cant","740":"qual","741":" mas","742":"vega","743":"avor","744":" hor","745":"tent","746":"rec ","747":"aran","748":"sion","749":"tiva","750":"uran","751":"aban","752":" nou","753":"caci","754":"diu ","755":"dura","756":"nita","757":"preg","758":"mer ","759":" aba","760":"resi","761":"auri","762":"erve","763":"qued","764":"dema","765":" fam","766":"otes","767":"avan","768":" nov","769":"canv","770":"m\u00f3n ","771":" via","772":"luny","773":"nada","774":"ar\u00e9 ","775":"carr","776":"acor","777":"anvi","778":"ener","779":" tal","780":"uir ","781":"inal","782":" pet","783":" agr","784":"iver","785":"nosa","786":"over","787":" dig","788":"prob","789":"nit ","790":"mpan","791":" m\u00f3n","792":" gr\u00e0","793":"eves","794":"vole","795":"sme ","796":"ris ","797":"dit ","798":"tinc","799":"reix","800":"gr\u00e0c","801":" ets","802":"ome ","803":"germ","804":"vern","805":"dors","806":"aver","807":" die","808":"tima","809":"blem","810":" sha","811":"fici","812":"reta","813":"ract","814":"eria","815":"ter ","816":" t ","817":"ert ","818":"gunt","819":" s\u00f3c","820":"rda ","821":"ntin","822":"egun","823":"bon ","824":"s\u00f3c ","825":" ciu","826":" inc","827":"anti","828":"soci","829":" den","830":"t\u00f2ri","831":"sts ","832":" puc","833":"all ","834":"post","835":"ula ","836":"demo","837":"bona","838":" soc","839":" ami","840":"tota","841":"puc ","842":"lleg","843":"atur","844":" pob","845":" fes","846":"ist ","847":"camp","848":"mar ","849":"ntes","850":" tar","851":"acte","852":"ecta","853":"teva","854":" cop","855":"supo","856":" cer","857":"uell","858":"rtic","859":"tor ","860":"ests","861":"loc ","862":"der ","863":"punt","864":"nfor","865":" cen","866":"edic","867":" fot","868":"rega","869":"rist","870":"orre","871":"ret ","872":"iva ","873":"cita","874":"vant","875":"mort","876":"ciut","877":"side","878":"isme","879":" uni","880":"cal ","881":"peti","882":"nica","883":"iuta","884":"n\u00e7a ","885":"cost","886":"ltes","887":"ben ","888":"jar ","889":" rel","890":"dica","891":"odri","892":"ici\u00f3","893":" pun","894":"ixen","895":"xpli","896":" tri","897":"vull","898":"an\u00e7a","899":"dici","900":"iat ","901":"bat ","902":"unt ","903":"lent","904":"ores","905":" min","906":"esca","907":"deu ","908":"ova ","909":"gues","910":" h ","911":"info","912":"ira ","913":" rei","914":"mina","915":"have","916":"erme","917":"crec","918":"nou ","919":"escr","920":"ill ","921":"prof","922":"lau ","923":"uant","924":"creu","925":"gove","926":"unci","927":"rir ","928":" gov","929":"ius ","930":" div","931":"most","932":"dria","933":"nvia","934":"assi","935":"unya","936":"neix","937":"\u00e0cie","938":"trar","939":"ject","940":"tari","941":"rts ","942":"odem","943":"caba","944":"ompl","945":"mera","946":"rnar","947":"olte","948":"gar ","949":"guna","950":"laci","951":"dat ","952":"dava","953":"visi","954":"bans","955":"uina","956":"\u00edbli","957":"tall","958":"b\u00edbl","959":"eixi","960":"ima ","961":" b\u00edb","962":"ssi\u00f3","963":"ixa ","964":"tren","965":"obar","966":"\u00e7ar ","967":"ixar","968":"oder","969":" me ","970":"rma ","971":" dac","972":"ern ","973":"mans","974":"nova","975":"rme ","976":"tser","977":"rans","978":" emp","979":"conc","980":"epar","981":"ven ","982":"acta","983":"nem ","984":"ncs ","985":"yor ","986":"rent","987":"lts ","988":"ving","989":"vell","990":"uper","991":"hora","992":"erna","993":"guan","994":"aven","995":"unit","996":"\u00f2ria","997":"rtit","998":"igue","999":" mic","1000":"nda ","1001":"mili","1002":"xen ","1003":"tene","1004":"fest","1005":"veri","1006":"alle","1007":"uals","1008":" nit","1009":"hist","1010":" fan","1011":"viat","1012":"test","1013":"bla ","1014":" dit","1015":"dest","1016":"ines","1017":"equi","1018":"igua","1019":"tori","1020":"rer ","1021":"ero ","1022":"xes ","1023":"rest","1024":" his","1025":"rend","1026":"nos ","1027":" sin","1028":"ecci","1029":"onat","1030":"teri","1031":"ple ","1032":"ervi","1033":"n\u00e7ar","1034":" reb","1035":"gene","1036":"otse","1037":"ltra","1038":" fal","1039":"anit","1040":"mica","1041":"stig","1042":"erio","1043":"posi","1044":"legi","1045":" cul","1046":"acti","1047":"omes","1048":"fere","1049":"rlar","1050":" dav","1051":"esid","1052":"ngut","1053":" mom","1054":" ani","1055":"miss","1056":"vas ","1057":"tenc","1058":"dret","1059":"tern","1060":"vols","1061":" vas","1062":" dre","1063":"poli","1064":" dar","1065":"cipa","1066":" acc","1067":"bili","1068":"ende","1069":" hag","1070":"alg\u00fa","1071":"eina","1072":"osar","1073":" fra","1074":"mome","1075":"talu","1076":"corr","1077":"done","1078":"illa","1079":" hum","1080":"dies","1081":"just","1082":"\u00edtic","1083":"rell","1084":"icac","1085":"alta","1086":"leme","1087":"ueix","1088":"llen","1089":"alun","1090":"egon","1091":"inde","1092":"utat","1093":"ccio","1094":"lg\u00fa ","1095":"robl","1096":"uda ","1097":" cel","1098":" viu","1099":"sego","1100":"arte","1101":"pol\u00ed","1102":"issa","1103":"colt","1104":" fel","1105":"enia","1106":"feli","1107":" art","1108":"rman","1109":"mena","1110":"ueda","1111":" ima","1112":"lat ","1113":"junt","1114":"mbre","1115":"ntit","1116":"erma","1117":"xar ","1118":"repa","1119":"aire","1120":" noi","1121":"muni","1122":"ulta","1123":"indr","1124":"trad","1125":"len ","1126":" jes","1127":" mos","1128":"pect","1129":"anda","1130":"lest","1131":"vent","1132":" mun","1133":" ele","1134":" mis","1135":"unes","1136":"curs","1137":"etit","1138":"ompr","1139":" ale","1140":"ompt","1141":" vam","1142":"onti","1143":"nist","1144":"amic","1145":"fect","1146":" inv","1147":"ssin","1148":" neg","1149":"icat","1150":"tote","1151":"pobl","1152":"rect","1153":"ures","1154":"apar","1155":"cle ","1156":" pat","1157":"stru","1158":"cert","1159":"ntat","1160":"ol\u00edt","1161":" cur","1162":"ocia","1163":"tman","1164":"tici","1165":"l\u00edti","1166":" nor","1167":"isti","1168":"nsar","1169":" jun","1170":"udar","1171":"sult","1172":"ars ","1173":"tual","1174":"ixer","1175":"llav","1176":"sist","1177":"orda","1178":"onte","1179":"gada","1180":"erar","1181":"etat","1182":"donc","1183":" mon","1184":"rtar","1185":"maci","1186":"tard","1187":"oncs","1188":"pend","1189":"aris","1190":"rit ","1191":"mare","1192":"setm","1193":"guir","1194":" def","1195":"etma","1196":"olts","1197":" ban","1198":"\u00edem ","1199":"uria","1200":" dal","1201":"veni","1202":" cie","1203":"tzar","1204":"ges ","1205":"anca","1206":"onei","1207":"los ","1208":"onfi","1209":"anes","1210":"efer","1211":"oria","1212":"iber","1213":"rtan","1214":"daco","1215":"guer","1216":"refe","1217":"icip","1218":"depe","1219":"aps ","1220":"bles","1221":"ist\u00f2","1222":" bus","1223":"actu","1224":"alan","1225":"umen","1226":"ossi","1227":"mpli","1228":"orte","1229":"er\u00e8n","1230":"nici","1231":"uem ","1232":" mit","1233":" uns","1234":"enya","1235":"st\u00f2r","1236":"seri","1237":"titu","1238":"rela","1239":"seve","1240":"plan","1241":"ber ","1242":"inar","1243":"orra","1244":"guin","1245":"raul","1246":"icle","1247":"tada","1248":"lame","1249":"olen","1250":" fac","1251":" dan","1252":"rien","1253":"ller","1254":"m\u00edli","1255":"uis ","1256":"revi","1257":"lema","1258":"mala","1259":" vot","1260":"epen","1261":"spon","1262":" vei","1263":"arau","1264":"deci","1265":"ala ","1266":"mant","1267":"fam\u00ed","1268":"nant","1269":" aut","1270":"evol","1271":"am\u00edl","1272":"egue","1273":"ctiv","1274":" nin","1275":"bres","1276":"lem ","1277":"llei","1278":"son ","1279":"ler ","1280":" ide","1281":"ncie","1282":"fein","1283":"mal ","1284":"truc","1285":"som ","1286":"ning","1287":"enja","1288":" deu","1289":"cris","1290":"elec","1291":" ant","1292":"volu","1293":"ndep","1294":"econ","1295":"sen ","1296":"uany","1297":" not","1298":"ento","1299":"eral","1300":"euro","1301":"empl","1302":"tala","1303":"ici ","1304":" lan","1305":"vam ","1306":"nive","1307":" nen","1308":"ando","1309":" fen","1310":" te ","1311":"itua","1312":" tes","1313":"quer","1314":"vert","1315":"esos","1316":"fora","1317":"envi","1318":"ogra","1319":"ifer","1320":"libe","1321":"ecti","1322":"zar ","1323":"dun ","1324":" exe","1325":"mass","1326":"ctes","1327":"ces ","1328":"mori","1329":"ltim","1330":"ama ","1331":"sibl","1332":"ctua","1333":" avi","1334":"lect","1335":"arme","1336":"auto","1337":"comu","1338":"mari","1339":"prom","1340":"dire","1341":"metr","1342":"rte ","1343":"poss","1344":" jus","1345":"vita","1346":"aber","1347":"nto ","1348":"omun","1349":"dife","1350":"digu","1351":"inci","1352":"ncer","1353":"rica","1354":"mitj","1355":"eia ","1356":"fer\u00e8","1357":"lavo","1358":"moni","1359":"pte ","1360":"cola","1361":"nver","1362":"uerr","1363":"libr","1364":"vors","1365":"cop ","1366":" equ","1367":"mini","1368":"ober","1369":"sque","1370":"olic","1371":"saps","1372":" obr","1373":"rtat","1374":"jes\u00fa","1375":"es\u00fas","1376":"prot","1377":"inve","1378":"itja","1379":"s\u00fas ","1380":"for\u00e7","1381":"eran","1382":"istr","1383":"gura","1384":"orar","1385":" n ","1386":" bas","1387":"xer ","1388":"perm","1389":"nyar","1390":"gr\u00e3 ","1391":"plau","1392":"\u00falti","1393":"ncio","1394":"nyol","1395":"onst","1396":"cond","1397":"spos","1398":"nsa ","1399":"fent","1400":"alen","1401":"evis","1402":"engu","1403":"sin ","1404":"foto","1405":"sell","1406":"ssib","1407":"rmac","1408":"dive","1409":"list","1410":" and","1411":"gir ","1412":"ard ","1413":"oper","1414":" env","1415":" lo ","1416":"gua ","1417":"rope","1418":"estu","1419":"blia","1420":"pere","1421":" gr\u00e3","1422":"anyo","1423":" jor","1424":"supe","1425":"ar\u00e3 ","1426":"lega","1427":"mata","1428":"nsen","1429":"ibre","1430":"r\u00e7a ","1431":"apro","1432":"imon","1433":"ssos","1434":"ngui","1435":"ntir","1436":"uts ","1437":"acon","1438":"enys","1439":"mani","1440":"ing\u00fa","1441":"mor ","1442":"dist","1443":"p\u00fabl","1444":" pau","1445":"guns","1446":"ropo","1447":"indi","1448":"\u00fabli","1449":"gu\u00e9s","1450":"lora","1451":"onve","1452":"ng\u00fa ","1453":"iner","1454":"guis","1455":"barc","1456":" eur","1457":"amor","1458":"aula","1459":"pels","1460":"inst","1461":"imat","1462":" fem","1463":"nic ","1464":"scar","1465":"sap ","1466":"tell","1467":"ecto","1468":"t\u00edci","1469":"arce","1470":"mic ","1471":"fran","1472":"oca ","1473":"tics","1474":"ital","1475":"ners","1476":"time","1477":"oni ","1478":" dor","1479":"u\u00e9s ","1480":"erti","1481":"poc ","1482":"erda","1483":"urs ","1484":" e ","1485":"er\u00e0 ","1486":"tinu","1487":"rcel","1488":"irec","1489":"fan ","1490":" maj","1491":"gia ","1492":"rreg","1493":"paci","1494":" poc","1495":"meny","1496":"darr","1497":" apa","1498":"prep","1499":"fort","1500":"ssio","1501":"rama","1502":"nom ","1503":"reso","1504":"oves","1505":"tere","1506":"vest","1507":"mpte","1508":"dera","1509":"ular","1510":"ser\u00e0","1511":" cin","1512":"tges","1513":"disc","1514":" det","1515":"veu ","1516":"resu","1517":"ntal","1518":"onta","1519":" mag","1520":"rvei","1521":"par ","1522":" org","1523":" pag","1524":"cien","1525":"desa","1526":"uit ","1527":" fun","1528":"erro","1529":"duna","1530":"rofe","1531":"obri","1532":"ire ","1533":"ocup","1534":" c ","1535":" ple","1536":"sign","1537":"crea","1538":"ster","1539":"stud","1540":"nci\u00f3","1541":" ane","1542":"embr","1543":"\u00fanic","1544":"cas ","1545":"nseg","1546":"ativ","1547":" son","1548":"cult","1549":"acci","1550":"prem","1551":"baix","1552":"dell","1553":"icit","1554":"tia ","1555":"atre","1556":"tend","1557":"\u00edlia","1558":"rova","1559":"stit","1560":"arle","1561":"voca","1562":"apre","1563":"cula","1564":" fos","1565":"eixo","1566":"sha ","1567":"atar","1568":"tos ","1569":"iga ","1570":"medi","1571":"mpar","1572":"obli","1573":"disp","1574":"tudi","1575":" jov","1576":" bla","1577":"ltat","1578":"tind","1579":"proj","1580":"jove","1581":"r\u00e0s ","1582":"ials","1583":" deb","1584":"sol ","1585":"uaci","1586":"viar","1587":"ibar","1588":"gat ","1589":"roje","1590":"iran","1591":"men ","1592":"cta ","1593":"ere ","1594":"ltar","1595":"riur","1596":"lalt","1597":"puta","1598":"rame","1599":"ojec","1600":"resa","1601":" jug","1602":"hore","1603":"uita","1604":"name","1605":"sis ","1606":"ssen","1607":"nsel","1608":"oden","1609":"nunc","1610":"came","1611":"ence","1612":"tili","1613":"unic","1614":" ret","1615":"elic","1616":"gade","1617":" cau","1618":"epre","1619":"feri","1620":" tel","1621":"repr","1622":"celo","1623":"elon","1624":"rgan","1625":"paga","1626":"stia","1627":"sabi","1628":"lona","1629":"tera","1630":"gina","1631":"llun","1632":"defe","1633":"rote","1634":" rev","1635":"thom","1636":"hagu","1637":"tim ","1638":"ixes","1639":"orga","1640":"nis ","1641":"nden","1642":"dari","1643":"dese","1644":"prin","1645":"util","1646":"rill","1647":"rla ","1648":"rior","1649":" exc","1650":"ajor","1651":"llad","1652":"nitz","1653":"cept","1654":"pero","1655":"gani","1656":"esso","1657":" dol","1658":"emoc","1659":"erca","1660":"ont ","1661":"iem ","1662":"lida","1663":"agin","1664":"bte ","1665":"ine ","1666":"band","1667":"etre","1668":"eter","1669":"prog","1670":"cil ","1671":"ares","1672":"redi","1673":"pa\u00eds","1674":" pa\u00ed","1675":"ales","1676":" gre","1677":"majo","1678":"eig ","1679":"gual","1680":"opos","1681":"exem","1682":"nali","1683":"ubli","1684":"audi","1685":"urar","1686":"rogr","1687":"var ","1688":"oman","1689":" bai","1690":"ules","1691":"ampa","1692":"gram","1693":" rob","1694":"xemp","1695":"egal","1696":"a\u00eds ","1697":"marx","1698":"ieta","1699":"ordi","1700":"esqu","1701":"erat","1702":"alse","1703":"dora","1704":"habi","1705":"diss","1706":"hom ","1707":"etes","1708":"enda","1709":"dues","1710":"tiqu","1711":"rinc","1712":"arxa","1713":"por ","1714":"rtes","1715":" due","1716":"oral","1717":"toth","1718":"anqu","1719":"busc","1720":"aixe","1721":"ebre","1722":"vide","1723":"rvir","1724":" ate","1725":"orde","1726":" tru","1727":"ersi","1728":"rial","1729":" ofe","1730":"llan","1731":" sec","1732":"reur","1733":"dins","1734":" fas","1735":"arat","1736":"geix","1737":"otho","1738":"asta","1739":"timo","1740":"viur","1741":"irar","1742":"bra ","1743":"gres","1744":"marc","1745":"nstr","1746":"ost\u00e8","1747":"idar","1748":"lass","1749":" ext","1750":"tanc","1751":"aten","1752":"orme","1753":"eali","1754":"agaf","1755":"rnad","1756":"upos","1757":"quip","1758":"vall","1759":"publ","1760":"ntan","1761":" dim","1762":"egir","1763":"rei ","1764":"d\u00e8nc","1765":" sis","1766":"ntac","1767":"ance","1768":"icio","1769":"lara","1770":"trat","1771":"ctiu","1772":" reu","1773":"ll\u00e0 ","1774":"vos ","1775":"quen","1776":"i\u00e8nc","1777":"or\u00e7a","1778":"inis","1779":"usca","1780":"voli","1781":"abor","1782":" mod","1783":" fon","1784":"sari","1785":"pau ","1786":"zaci","1787":" gai","1788":"nals","1789":"emes","1790":"nima","1791":"ous ","1792":" sim","1793":"alva","1794":"leng","1795":"inic","1796":"t\u00e0s ","1797":"rho ","1798":" mot","1799":"ndic","1800":"r\u00e8nc","1801":"vir ","1802":" hol","1803":"ssis","1804":" mha","1805":"acce","1806":"sica","1807":"dame","1808":"gur ","1809":"ides","1810":"ortu","1811":"sici","1812":"st\u00e0s","1813":" met","1814":"desi","1815":"dem\u00e0","1816":"em\u00e0 ","1817":"tzac","1818":"ater","1819":"site","1820":"pas ","1821":"pita","1822":"llui","1823":"sevo","1824":" aga","1825":" igu","1826":"anem","1827":"fens","1828":"uman","1829":"mics","1830":"lsev","1831":"prou","1832":"ata ","1833":"deo ","1834":"mat ","1835":"renc","1836":" pug","1837":"capa","1838":"faci","1839":"impl","1840":"dine","1841":" med","1842":" obl","1843":"rse ","1844":"expe","1845":"emos","1846":"munt","1847":"rodu","1848":"ahir","1849":"uta ","1850":"bem ","1851":"nent","1852":"inat","1853":" lal","1854":"erei","1855":"perf","1856":"hir ","1857":" fut","1858":" pac","1859":"orir","1860":" gue","1861":"upor","1862":"dres","1863":"prec","1864":"ensi","1865":"juga","1866":" ere","1867":"ecia","1868":" the","1869":"opor","1870":"luit","1871":"efen","1872":"rou ","1873":"fant","1874":"criu","1875":"tjan","1876":"nca ","1877":"onis","1878":" lin","1879":"tiga","1880":"huma","1881":"merd","1882":"elac","1883":"viol","1884":" ahi","1885":" vio","1886":"menj","1887":"ille","1888":"cor ","1889":"ocs ","1890":"once","1891":"ils ","1892":"spir","1893":"ixem","1894":"aigu","1895":"ican","1896":" uti","1897":"ixo ","1898":"mart","1899":"reus","1900":"cele","1901":"arta","1902":"isit","1903":" ves","1904":"arda","1905":"rome","1906":"ncip","1907":"cupa","1908":"term","1909":"jor ","1910":"olli","1911":"salv","1912":"\u00e0ria","1913":"orit","1914":"vota","1915":"anim","1916":"eses","1917":" nac","1918":"amp ","1919":"neu ","1920":"erem","1921":"\u00edcia","1922":"abil","1923":"alor","1924":"recu","1925":" gan","1926":"tius","1927":" pub","1928":"crit","1929":"arra","1930":"r\u00edem","1931":"ills","1932":"ites","1933":"arca","1934":"magi","1935":"rrec","1936":"st\u00e8 ","1937":"nari","1938":"menc","1939":"ssim","1940":" ren","1941":"vend","1942":"ucci","1943":"\u00e8ixe","1944":"tigu","1945":"adar","1946":"norm","1947":"osic","1948":"arit","1949":"yar ","1950":" sit","1951":"tuac","1952":"isi\u00f3","1953":" p\u00fab","1954":"ofer","1955":"al\u00e0 ","1956":"tal\u00e0","1957":"loca","1958":" loc","1959":"lir ","1960":"arar","1961":"ing ","1962":"nque","1963":"guei","1964":" v\u00edd","1965":"uci\u00f3","1966":"barr","1967":"ntro","1968":"coma","1969":"rdre","1970":"uali","1971":" \u00falt","1972":"ural","1973":"proc","1974":"arlo","1975":" lar","1976":"ssan","1977":"gaci","1978":"ecla","1979":"rets","1980":"aixa","1981":"cade","1982":"dorm","1983":"fess","1984":" une","1985":"luci","1986":"rade","1987":"gair","1988":"tita","1989":"pugu","1990":"ctam","1991":" lam","1992":"inua","1993":"anat","1994":"cis ","1995":"alt ","1996":" obe","1997":"meus","1998":"empo","1999":" cot","2000":"merc","2001":"mand","2002":"ront","2003":" ado","2004":" ses","2005":"trav","2006":"val ","2007":" dic","2008":"liga","2009":"ngua","2010":"avie","2011":"nces","2012":" leg","2013":"rida","2014":"rene","2015":"ust ","2016":"mest","2017":"tema","2018":" sub","2019":" len","2020":"oluc","2021":"labo","2022":"bia ","2023":"imag","2024":"reci","2025":"mont","2026":"issi","2027":"enge","2028":"heu ","2029":"func","2030":"treu","2031":"reun","2032":"cast","2033":"cart","2034":" pap","2035":"aure","2036":" put","2037":"ormi","2038":"mode","2039":"regi","2040":"ntam","2041":"fem ","2042":"col ","2043":"matg","2044":"ela ","2045":"cos ","2046":"nome","2047":"idea","2048":" edi","2049":"unts","2050":" fre","2051":"sseg","2052":" gru","2053":"fron","2054":" doc","2055":"cidi","2056":" lab","2057":"njar","2058":"arie","2059":" sou","2060":"falt","2061":"iuen","2062":"v\u00e9s ","2063":"cobr","2064":"ecre","2065":" ini","2066":"egut","2067":"ra\u00f3 ","2068":"lada","2069":"ture","2070":"tivi","2071":"imes","2072":"crei","2073":"volt","2074":" bat","2075":"rca ","2076":" b ","2077":"rna ","2078":"unte","2079":" nat","2080":" pal","2081":"situ","2082":"ega ","2083":"bora","2084":"ider","2085":"\u00eddeo","2086":" end","2087":"prod","2088":"culp","2089":"olor","2090":"rmes","2091":"v\u00edde","2092":"olia","2093":"urop","2094":" los","2095":"grat","2096":"cong","2097":"vale","2098":"tors","2099":"pred","2100":"trol","2101":" x ","2102":"ndor","2103":" hab","2104":"rena","2105":"hola","2106":" mad","2107":"guem","2108":"amin","2109":"net ","2110":" heu","2111":"ticl","2112":"rmet","2113":"pati","2114":"lenc","2115":"grup","2116":"orts","2117":" afe","2118":"ner ","2119":" exi","2120":"peci","2121":"erac","2122":"sia ","2123":"blan","2124":"lors","2125":"trib","2126":"egre","2127":"verg","2128":"espi","2129":"ribu","2130":"nsul","2131":" amo","2132":"xper","2133":" ull","2134":"nqui","2135":"ros ","2136":"robe","2137":" ra\u00f3","2138":"imar","2139":"ni\u00f3 ","2140":"tur ","2141":"cret","2142":"aule","2143":"quet","2144":"tits","2145":"ranc","2146":" sac","2147":"pora","2148":"bene","2149":"stac","2150":"tabl","2151":"urie","2152":"aste","2153":"sols","2154":" lha","2155":" lho","2156":"podi","2157":"enso","2158":"ngre","2159":"erre","2160":"the ","2161":"cer ","2162":" sot","2163":"minu","2164":"abar","2165":"nove","2166":" vel","2167":"utad","2168":" exa","2169":"ealm","2170":"alli","2171":"lion","2172":"lecc","2173":"ofes","2174":"aval","2175":"edar","2176":"extr","2177":" evi","2178":"gun ","2179":"ugui","2180":"pert","2181":"quil","2182":" bal","2183":"ecis","2184":"jorn","2185":"lars","2186":"enes","2187":"vint","2188":"iscu","2189":"esul","2190":" pog","2191":"egar","2192":"a\u00e7a ","2193":"rete","2194":"erdo","2195":"vosa","2196":"rres","2197":"rque","2198":" fav","2199":"vien","2200":" oi ","2201":"atiu","2202":"igni","2203":"otxe","2204":"cotx","2205":"euni","2206":"uip ","2207":"ians","2208":"scal","2209":"arse","2210":"oles","2211":"atri","2212":"oste","2213":" toc","2214":"tira","2215":"ltur","2216":"egat","2217":"alis","2218":"sada","2219":"favo","2220":"tave","2221":"valo","2222":"agi ","2223":"sava","2224":"rado","2225":"dis ","2226":"dorr","2227":" ama","2228":"isca","2229":"meng","2230":" ded","2231":"tist","2232":" jos","2233":" eng","2234":"pogu","2235":"dea ","2236":" ame","2237":"gafa","2238":"graf","2239":"dina","2240":"ejar","2241":"nge ","2242":" sur","2243":"orat","2244":"tifi","2245":"orad","2246":"onsu","2247":" mem","2248":"lic ","2249":"brir","2250":"sin\u00f3","2251":"olla","2252":"ori ","2253":"asso","2254":"judi","2255":"mir ","2256":"rave","2257":" dub","2258":"egei","2259":"til ","2260":"rdar","2261":"abit","2262":"ande","2263":"educ","2264":"rece","2265":" ava","2266":"sass","2267":"olar","2268":"in\u00f3 ","2269":"anal","2270":"futu","2271":"ebra","2272":"salu","2273":"comi","2274":"lebr","2275":"ilio","2276":"leu ","2277":"ocal","2278":"llet","2279":"pant","2280":"satg","2281":"osat","2282":"rona","2283":" sr ","2284":" esq","2285":"hagi","2286":"ciar","2287":"same","2288":"utur","2289":"lado","2290":"t\u00e8nc","2291":"moci","2292":"ofic","2293":"nves","2294":" vic","2295":"dic ","2296":"ior ","2297":"ongr","2298":" oh ","2299":"erte","2300":"ila ","2301":"ione","2302":"inut","2303":"ueu ","2304":"soli","2305":"ir\u00e0 ","2306":" lex","2307":"niu ","2308":"lava","2309":"nifi","2310":"agar","2311":"ecid","2312":"opa ","2313":"eleb","2314":"rere","2315":"ispo","2316":"mpra","2317":"aren","2318":"olem","2319":"sou ","2320":"rror","2321":"enat","2322":"onsa","2323":"eda ","2324":"cipi","2325":" amp","2326":" tha","2327":"mita","2328":"lers","2329":"nest","2330":"idat","2331":"aura","2332":" jul","2333":"cans","2334":"\u00e0nci","2335":"preo","2336":"dien","2337":"enc ","2338":"ospi","2339":"\u00e0tic","2340":" viv","2341":"ultu","2342":"ssab","2343":"erse","2344":"eocu","2345":"oque","2346":"nado","2347":"scen","2348":"toca","2349":"rats","2350":"rera","2351":"reoc","2352":"duca","2353":"teja","2354":"gons","2355":"itor","2356":"stel","2357":"ersa","2358":"nvi ","2359":"torr","2360":"rava","2361":"mpta","2362":"omia","2363":"stri","2364":"let ","2365":"erce","2366":"otar","2367":"xist","2368":"sca ","2369":"tria","2370":"ilia","2371":"sten","2372":"alte","2373":"ropi","2374":"amar","2375":"sem ","2376":"nsti","2377":" apl","2378":"eril","2379":"crid","2380":"ulls","2381":" acu","2382":"lliu","2383":"rati","2384":"icam","2385":"bita","2386":"cel ","2387":"ocat","2388":"inad","2389":"ipal","2390":"diri","2391":"uar ","2392":"eniu","2393":"onan","2394":"mora","2395":" ord","2396":"erva","2397":"ropa","2398":"f\u00edci","2399":"sses","2400":"sfor","2401":"spit","2402":"vat ","2403":"lans","2404":"idor","2405":"not\u00ed","2406":"dubt","2407":"fes ","2408":"colo","2409":" rom","2410":"ncan","2411":"edat","2412":"adan","2413":"spor","2414":"rlo ","2415":"bjec","2416":"pons","2417":"ixi ","2418":"quat","2419":"\u00e0cia","2420":"aper","2421":"lut ","2422":" nad","2423":"ssas","2424":"lei ","2425":"ot\u00edc","2426":"remi","2427":" blo","2428":"bell","2429":" las","2430":"at\u00ed ","2431":"cald","2432":"liur","2433":"\u00fcent","2434":"inac","2435":"odia","2436":"arma","2437":"obat","2438":"oma ","2439":"ranq","2440":"ndia","2441":"kkk ","2442":"nsta","2443":"\u00e7os ","2444":"ccep","2445":"ncen","2446":"ague","2447":"nava","2448":"uret","2449":"rtun","2450":"blid","2451":"yol ","2452":" pis","2453":"epte","2454":"dete","2455":"teus","2456":"iant","2457":"scob","2458":"natu","2459":" lor","2460":" imm","2461":"rari","2462":"diar","2463":"rmal","2464":"llis","2465":" cui","2466":"ives","2467":"fas ","2468":" mig","2469":"clau","2470":"l\u00e8nc","2471":"solu","2472":"onsi","2473":"udic","2474":"enar","2475":"odeu","2476":"udia","2477":"itac","2478":"bast","2479":" eco","2480":"lanc","2481":"rdin","2482":"tele","2483":"vem ","2484":"uny ","2485":"clas","2486":"imit","2487":"onen","2488":"impr","2489":"rdon","2490":"rove","2491":" dep","2492":"cava","2493":"n\u00e8ix","2494":"esur","2495":"mia ","2496":"ivit","2497":" pan","2498":"llat","2499":"ric ","2500":"diue","2501":"eis ","2502":"ollo","2503":"rmar","2504":"ssor","2505":"acom","2506":"orne","2507":"firm","2508":" kkk","2509":"on\u00e8i","2510":"cami","2511":"larg","2512":"osso","2513":"abat","2514":"magr","2515":" edu","2516":"crip","2517":"esse","2518":"con\u00e8","2519":"rmat","2520":"gure","2521":" atr","2522":"lege","2523":"ombr","2524":"osos","2525":"radi","2526":"illu","2527":"mpos","2528":" obs","2529":"ntis","2530":"dium","2531":"omet","2532":"reve","2533":"negu","2534":"usa ","2535":" d\u00f3n","2536":"tar\u00e0","2537":"c\u00e9s ","2538":"cisi","2539":"eric","2540":"trem","2541":" bra","2542":"ctar","2543":"rema","2544":"mere","2545":"ecom","2546":"ost ","2547":"ruca","2548":"greu","2549":"erri","2550":"male","2551":"xat ","2552":"rgon","2553":"roma","2554":"moti","2555":"ustr","2556":"tida","2557":"exce","2558":"itan","2559":"esit","2560":" joa","2561":"erfe","2562":"boni","2563":"iter","2564":"uine","2565":"osit","2566":"\u00edfic","2567":"iume","2568":"orac","2569":" opo","2570":"pell","2571":" p ","2572":"juli","2573":" ali","2574":" bro","2575":"fos ","2576":"utor","2577":" jud","2578":"nats","2579":"sala","2580":" lau","2581":"aqui","2582":"pus ","2583":"ntic","2584":"dade","2585":"nga ","2586":"anye","2587":"caus","2588":"rany","2589":" gol","2590":"tret","2591":"spai","2592":"iaci","2593":"vine","2594":"urem","2595":"liqu","2596":"dif\u00ed","2597":" abr","2598":"sim ","2599":" fe ","2600":"if\u00edc","2601":"cinc","2602":"all\u00e0","2603":"arel","2604":"set ","2605":"abte","2606":"nsab","2607":"\u00edcil","2608":"dalt","2609":"gune","2610":"duct","2611":" \u00fani","2612":"sabt","2613":"mat\u00ed","2614":"dole","2615":" ofi","2616":"llon","2617":"anir","2618":"regn","2619":"pose","2620":"gne ","2621":"gona","2622":"obra","2623":"anif","2624":"ulpa","2625":"lesc","2626":"decl","2627":"ptes","2628":" fi ","2629":"obje","2630":"alut","2631":" sat","2632":"greg","2633":"sota","2634":"atac","2635":"ergo","2636":" cli","2637":"pci\u00f3","2638":"irem","2639":" gir","2640":"olle","2641":"nd\u00e8n","2642":" arm","2643":"lons","2644":"lana","2645":"radu","2646":"ebut","2647":"stor","2648":" gar","2649":"gal ","2650":"adon","2651":"ince","2652":"eli\u00e7","2653":"tora","2654":"surt","2655":"rnac","2656":"ocar","2657":"incl","2658":" cai","2659":" enl","2660":"rop ","2661":"vis ","2662":"icad","2663":"usi\u00f3","2664":"alem","2665":"apa ","2666":"arts","2667":"oto ","2668":"ll\u00f2 ","2669":"sola","2670":" tur","2671":" y ","2672":"dr\u00e0 ","2673":" enf","2674":"veie","2675":"anci","2676":"all\u00f2","2677":"cats","2678":"epta","2679":"cupe","2680":"plat","2681":"lesp","2682":"am\u00ed ","2683":" gau","2684":"exac","2685":"gle ","2686":" tip","2687":"rxa ","2688":" mus","2689":" net","2690":"lane","2691":"end\u00e8","2692":"capi","2693":"isse","2694":"eg\u00fce","2695":"yora","2696":"tatg","2697":"vei ","2698":"nfer","2699":"nven","2700":"pira","2701":" atu","2702":"gony","2703":"llig","2704":"meri","2705":"edia","2706":"mada","2707":"drie","2708":"trev","2709":"d\u00f3na","2710":" bor","2711":"scan","2712":"rfec","2713":"abri","2714":"igna","2715":"abia","2716":"mocr","2717":"xeme","2718":" dam","2719":"ove ","2720":"adri","2721":"ompe","2722":"onvi","2723":" tom","2724":"llit","2725":"pat ","2726":" gal","2727":" vag","2728":"uatr","2729":"dedi","2730":"ausa","2731":"lari","2732":"tel ","2733":"xact","2734":"riu ","2735":"lit ","2736":"g\u00fcen","2737":"lies","2738":"seg\u00fc","2739":"cabe","2740":"apit","2741":"edit","2742":"gaud","2743":"ivil","2744":"la\u00e7a","2745":"mpro","2746":"dans","2747":"rmin","2748":" vil","2749":" ata","2750":"ixis","2751":"pes ","2752":"ciat","2753":"rals","2754":"aca ","2755":"tion","2756":"ang ","2757":"terc","2758":"itud","2759":"adam","2760":"tian","2761":"ermi","2762":"tric","2763":"gant","2764":"alde","2765":"arli","2766":"rali","2767":" dad","2768":"ran\u00e7","2769":"scul","2770":" lec","2771":"esto","2772":"plen","2773":"ptar","2774":"tint","2775":"rus ","2776":"land","2777":"ross","2778":" ill","2779":"expr","2780":"itjo","2781":" bru","2782":"liar","2783":"simp","2784":"ims ","2785":"madr","2786":"rpre","2787":"tado","2788":"alar","2789":"arac","2790":" her","2791":"fia ","2792":"legr","2793":"xos ","2794":"ito ","2795":"aus ","2796":"tipu","2797":"nvol","2798":"vila","2799":"ange","2800":"tin ","2801":"prev","2802":"vor ","2803":"gon ","2804":"nfia","2805":" ros","2806":"eten","2807":"ndum","2808":"con ","2809":"cali","2810":"pis ","2811":"ucio","2812":"erie","2813":"cerc","2814":"adre","2815":"tive","2816":"dime","2817":"pla\u00e7","2818":"ase ","2819":"nego","2820":" sel","2821":"\u00e0sti","2822":"deli","2823":"erdu","2824":" hon","2825":"resc","2826":"iari","2827":"rebu","2828":"sera","2829":"joan","2830":" puj","2831":"cam\u00ed","2832":"dian","2833":"tare","2834":"rnat","2835":"alal","2836":"gnif","2837":" pes","2838":"abem","2839":"erne","2840":"rtid","2841":"ngue","2842":" ped","2843":"pape","2844":"nomi","2845":"ampo","2846":"eien","2847":"ipus","2848":"lgui","2849":" cab","2850":"ocio","2851":"enll","2852":" m\u00fas","2853":"lusi","2854":"univ","2855":"txe ","2856":"bret","2857":"irma","2858":"anom","2859":"egoc","2860":" pr\u00f2","2861":"erdr","2862":" pit","2863":"sess","2864":"tina","2865":"olog","2866":"don ","2867":"vaci","2868":" ano","2869":"enie","2870":" cha","2871":"guda","2872":"difi","2873":"aves","2874":"item","2875":"sse ","2876":"nord","2877":"ncre","2878":"ntim","2879":"nens","2880":"arc ","2881":"egis","2882":" joc","2883":"negr","2884":" bri","2885":"icie","2886":"alia","2887":"ulti","2888":"ansa","2889":"oneg","2890":"eri ","2891":"gueu","2892":"rles","2893":"agu\u00e9","2894":"ifes","2895":"fund","2896":"tuni","2897":" enr","2898":"oba ","2899":" cob","2900":"piri","2901":"mesu","2902":" riu","2903":" pin","2904":" xar","2905":" rem","2906":"ates","2907":"g\u00e8nc","2908":"amer","2909":"cana","2910":"ano ","2911":"andi","2912":"iria","2913":"stin","2914":"logi","2915":"ator","2916":"rlan","2917":"iada","2918":"quem","2919":" r ","2920":"ieu ","2921":"tho ","2922":"nife","2923":" ve ","2924":"veig","2925":"llos","2926":"i\u00f3s ","2927":"iven","2928":"vulg","2929":"goci","2930":"cles","2931":"otal","2932":"dum ","2933":"jat ","2934":"osse","2935":" alc","2936":"rup ","2937":"llum","2938":"guit","2939":"oldr","2940":"enun","2941":"erc ","2942":"esce","2943":"ondr","2944":"tzat","2945":"egac","2946":"nade","2947":"leta","2948":"agen","2949":"tol ","2950":"erho","2951":"ir\u00e9 ","2952":"rigi","2953":" jut","2954":"infa","2955":"uess","2956":"cide","2957":"lien","2958":" tau","2959":"oteg","2960":"egle","2961":" dai","2962":" cir","2963":"onom","2964":"stal","2965":"xpre","2966":"ltan","2967":"reto","2968":"esfo","2969":"ton ","2970":" pra","2971":"ctur","2972":"iba ","2973":"\u00edcul","2974":"\u00edcie","2975":" lac","2976":"nsav","2977":"anc ","2978":" sos","2979":"rmir","2980":" adv","2981":"rafi","2982":" mul","2983":"gre ","2984":"ume ","2985":"tza ","2986":"ocr\u00e0","2987":" m\u00e0 ","2988":" l\u00edn","2989":"exis","2990":"eal ","2991":"rav\u00e9","2992":"nsid","2993":"beu ","2994":"lime","2995":"guar","2996":"reac","2997":"pal ","2998":"uida","2999":"iana","3000":"escl","3001":"av\u00e9s","3002":"bril","3003":"fons","3004":"orn ","3005":"oan ","3006":" erc","3007":"stir","3008":"ferm","3009":"amil","3010":" fro","3011":"onya","3012":" bo ","3013":"vind","3014":"senc","3015":" bot","3016":"stos","3017":"ear ","3018":"ees ","3019":"stei","3020":"pact","3021":"m\u00fasi","3022":"l\u00fani","3023":" zon","3024":"uel ","3025":"l\u00edni","3026":" l\u00fan","3027":"taca","3028":"divi","3029":"dana","3030":"jose","3031":"siti","3032":"ecol","3033":" tho","3034":"lama","3035":"meso","3036":"cell","3037":"ssi ","3038":" sam","3039":" gui","3040":"atan","3041":"euen","3042":"evit","3043":"efec","3044":"\u00edsti","3045":"xarx","3046":"mund","3047":"aden","3048":"sor ","3049":"ogue","3050":" obj","3051":"nsat","3052":"r\u00e8nd","3053":" tir","3054":"erav","3055":"aleg","3056":"ntme","3057":"pena","3058":"dant","3059":" ori","3060":"ger ","3061":"arga","3062":"\u00e8ndu","3063":"infe","3064":" rod","3065":"lena","3066":"inga","3067":"odis","3068":"onad","3069":"ust\u00ed","3070":"esde","3071":"r\u00e8s ","3072":"nuts","3073":"bera","3074":"rm\u00e0 ","3075":"arad","3076":"enga","3077":"erm\u00e0","3078":"rli ","3079":"sina","3080":"riod","3081":"urt ","3082":"\u00fasic","3083":"tja ","3084":"omer","3085":"lum ","3086":"oduc","3087":"egne","3088":"opin","3089":" hos","3090":" ang","3091":"ar\u00e0s","3092":"mati","3093":"rtin","3094":"jori","3095":"rre ","3096":"expo","3097":"isto","3098":"dial","3099":"aga ","3100":"tis ","3101":"ixat","3102":" var","3103":"crem","3104":"inan","3105":"ll\u00e3 ","3106":"aben","3107":"tals","3108":"uard","3109":"ampi","3110":"ondu","3111":"egra","3112":"astr","3113":"crim","3114":"viu ","3115":"but ","3116":"rnos","3117":"nyat","3118":"leva","3119":"dats","3120":"rcat","3121":"rdi ","3122":"ixos","3123":"ocie","3124":"sang","3125":"rren","3126":"taul","3127":"lunt","3128":" sex","3129":"ion ","3130":"gust","3131":"ducc","3132":"duir","3133":"nfan","3134":" bel","3135":"gado","3136":" abs","3137":"ur\u00e0 ","3138":"pia ","3139":"agon","3140":"mig ","3141":"las ","3142":"unda","3143":"ras ","3144":" pai","3145":"rebr","3146":"iosa","3147":"and ","3148":"aba ","3149":" ene","3150":"undi","3151":"mist","3152":"vid ","3153":"rdia","3154":"oner","3155":"orpr","3156":"atra","3157":"st\u00edc","3158":"ideo","3159":"ar\u00e7a","3160":"ptat","3161":"mper","3162":"ndes","3163":"rrat","3164":"onam","3165":" anu","3166":"enem","3167":"ajun","3168":"bada","3169":"olun","3170":"eua ","3171":"empe","3172":"mho ","3173":"scla","3174":"elat","3175":"bara","3176":"ovar","3177":"coro","3178":"\u00edssi","3179":"gen ","3180":"nses","3181":"erci","3182":"oron","3183":"alls","3184":"nso ","3185":"etar","3186":"rven","3187":"tamp","3188":"segl","3189":"carl","3190":"tud ","3191":"trui","3192":"cicl","3193":" vig","3194":"iodi","3195":"envo","3196":"sats","3197":"pai ","3198":"alca","3199":"bate","3200":"bar\u00e7","3201":"pobr","3202":"poca","3203":"mire","3204":"icci","3205":"rers","3206":"pula","3207":"icul","3208":"angl","3209":"aur\u00ed","3210":" eu ","3211":"m\u00e0ti","3212":" red","3213":"ulgu","3214":"aci ","3215":"tter","3216":"cina","3217":"ndr\u00e0","3218":"sorp","3219":"man ","3220":"erir","3221":"esho","3222":"ntel","3223":"sit ","3224":"ois ","3225":"ur\u00ede","3226":"hosp","3227":"xit ","3228":"verd","3229":"rebe","3230":"idir","3231":"arqu","3232":"pion","3233":"eb\u00f2 ","3234":"ctic","3235":"omba","3236":" lap","3237":"clam","3238":"rret","3239":"deb\u00f2","3240":"tram","3241":" mac","3242":"dut ","3243":" f\u00e0c","3244":"tut ","3245":" sta","3246":"r\u00e0pi","3247":"erde","3248":"even","3249":"anav","3250":"prar","3251":"bes ","3252":"t\u00e0nc","3253":"andr","3254":"mil ","3255":"care","3256":" fai","3257":" dom","3258":"grac","3259":"urat","3260":"ciet","3261":"lite","3262":"quis","3263":"cian","3264":"peu ","3265":"rint","3266":"nder","3267":"stol","3268":"rnet","3269":" emo","3270":"efic","3271":" mov","3272":"\u00e0cil","3273":" flo","3274":"oia ","3275":"rlam","3276":"ecup","3277":"ritu","3278":" ess","3279":"eja ","3280":"f\u00e0ci","3281":"tegi","3282":" gro","3283":"haha","3284":" fic","3285":"ntil","3286":" bom","3287":"carn","3288":"brer","3289":"onic","3290":"pla ","3291":"asti","3292":"avis","3293":" ocu","3294":"tany","3295":"lumn","3296":"yes ","3297":"comb","3298":"ubte","3299":"patr","3300":"feia","3301":"mero","3302":"nere","3303":" err","3304":"far\u00e0","3305":" dil","3306":"jans","3307":"tali","3308":"icte","3309":"lexi","3310":"twit","3311":" cav","3312":" twi","3313":"res\u00f3","3314":" apo","3315":"afia","3316":"priv","3317":"sura","3318":"es\u00f3 ","3319":"fami","3320":"ntad","3321":"vivi","3322":"nuar","3323":"oler","3324":"jord","3325":" tas","3326":"imin","3327":"ci\u00e8n","3328":"noi ","3329":"dius","3330":" vir","3331":"inco","3332":"mpoc","3333":"laur","3334":"uni\u00f3","3335":"xem ","3336":"obab","3337":" in ","3338":"zat ","3339":"rrad","3340":"puja","3341":"rcia","3342":"trim","3343":"rdes","3344":"reme","3345":" n\u00fam","3346":"ovin","3347":" bre","3348":"itiu","3349":"secr","3350":"lamo","3351":"omin","3352":"cado","3353":" efe","3354":"bone","3355":"llir","3356":" lit","3357":"nime","3358":"ivel","3359":"tras","3360":"rden","3361":"iol ","3362":"mha ","3363":"matr","3364":"oleu","3365":"lata","3366":"viru","3367":"ebat","3368":"tris","3369":"efle","3370":" ram","3371":"call","3372":"web ","3373":"ferr","3374":"osep","3375":"all\u00e3","3376":"pini","3377":"afec","3378":" aig","3379":"ogut","3380":"pitj","3381":"li\u00e7 ","3382":"oris","3383":"fugi","3384":"plet","3385":"masc","3386":"ais ","3387":"avel","3388":"octu","3389":"dign","3390":"refl","3391":"abeu","3392":"onne","3393":" dip","3394":"nvid","3395":"ssad","3396":"edir","3397":"xpos","3398":"olid","3399":"ol\u00e8n","3400":"escu","3401":"rsos","3402":"forc","3403":" lim","3404":"nyes","3405":"erim","3406":"bomb","3407":"onde","3408":"rear","3409":"sold","3410":"ritz","3411":"feu ","3412":"cera","3413":"irit","3414":"ituc","3415":"ferh","3416":"ti\u00f3 ","3417":"etal","3418":"ratu","3419":"emon","3420":"git ","3421":"itte","3422":"mon ","3423":"impe","3424":"bra\u00e7","3425":" dra","3426":"uim ","3427":" sar","3428":"iatg","3429":"isi ","3430":" gos","3431":"rimo","3432":"asca","3433":"tuci","3434":"elli","3435":"entu","3436":"guen","3437":"venc","3438":" tim","3439":"alam","3440":"allo","3441":"rran","3442":"ntid","3443":" pui","3444":"sito","3445":"brar","3446":"rall","3447":"many","3448":"eb\u00e9 ","3449":"nte ","3450":"limi","3451":"dal ","3452":"inen","3453":"opar","3454":"yat ","3455":"rcer","3456":"deba","3457":"rreu","3458":"dint","3459":"rgen","3460":" ei ","3461":"abra","3462":"lany","3463":"pref","3464":"fide","3465":" pon","3466":"circ","3467":"gest","3468":" oct","3469":"regl","3470":"pedr","3471":"iol\u00e8","3472":"far\u00e9","3473":" dat","3474":"rits","3475":"ndra","3476":"vict","3477":"\u00e0rre","3478":"ugar","3479":"afar","3480":"ucac","3481":"joc ","3482":"pist","3483":"rina","3484":"aur\u00e0","3485":"ardi","3486":"puig","3487":"irus","3488":"dena","3489":"ondi","3490":"rtam","3491":"nien","3492":"stiu","3493":"ames","3494":"noia","3495":"parc","3496":" dha","3497":"egan","3498":"adal","3499":"fini","3500":"octo","3501":"arxe","3502":"riva","3503":" niv","3504":" r\u00e0p","3505":"efin","3506":"faig","3507":"nfin","3508":"tara","3509":"nger","3510":"ntem","3511":"iler","3512":"acos","3513":" sop","3514":" feb","3515":"dida","3516":"spre","3517":"pret","3518":"drem","3519":"atin","3520":"lhom","3521":"quar","3522":"rie ","3523":"rabl","3524":" ric","3525":"eiem","3526":"nota","3527":"tmen","3528":"anis","3529":"odel","3530":" sil","3531":"ndav","3532":"ngel","3533":" ber","3534":"dur ","3535":"ania","3536":"atja","3537":"oso ","3538":"mete","3539":"cusa","3540":"otiu","3541":"apli","3542":"lcal","3543":"dill","3544":"cari","3545":"risc","3546":" pec","3547":"conn","3548":"steu","3549":"davi","3550":"rmen","3551":"uia ","3552":"ibil","3553":"lter","3554":" mur","3555":"ubre","3556":"poso","3557":"sovi","3558":" sov","3559":"l\u00f2gi","3560":"rid ","3561":"mult","3562":"impu","3563":"tral","3564":"fic ","3565":"esap","3566":"sani","3567":"ordr","3568":"nega","3569":" fis","3570":"iqui","3571":" sus","3572":"gis ","3573":"ompo","3574":"ctat","3575":"arro","3576":"met ","3577":"usta","3578":"cand","3579":"rlos","3580":"ipar","3581":" emb","3582":"sal ","3583":"nism","3584":"egit","3585":" web","3586":"rtei","3587":"\u00e0pid","3588":"oda ","3589":"lan ","3590":" civ","3591":"ini ","3592":"aret","3593":"rds ","3594":"\u00famer","3595":"ruta","3596":"alum","3597":"isio","3598":"anto","3599":" coo","3600":"sep ","3601":"ambi","3602":"sti\u00f3","3603":" lat","3604":"dani","3605":"tine","3606":"babl","3607":"nci ","3608":"lore","3609":"itze","3610":"n\u00fame","3611":" plo","3612":" peu","3613":"r\u00e0ct","3614":"cul ","3615":"l\u00f3s ","3616":"idel","3617":"rol ","3618":"mile","3619":"irig","3620":"\u00f2rie","3621":"areu","3622":"jant","3623":"ve\u00efn","3624":"otec","3625":" pil","3626":" ges","3627":"irat","3628":"puls","3629":" ve\u00ef","3630":" clu","3631":"witt","3632":" age","3633":"stab","3634":"adic","3635":"borr","3636":"movi","3637":"rsit","3638":"arei","3639":"rdut","3640":"club","3641":"rrit","3642":"idio","3643":"scom","3644":" alu","3645":"inam","3646":"mas ","3647":"ergi","3648":"eser","3649":"oll ","3650":"tjor","3651":"etir","3652":"reb\u00e9","3653":"ram ","3654":"text","3655":"sser","3656":"zona","3657":"dr\u00ede","3658":"fisc","3659":"civi","3660":"stad","3661":"esis","3662":"rein","3663":"oren","3664":"rnes","3665":"ruir","3666":"xtre","3667":"\u00e8xit","3668":"past","3669":"tuit","3670":"drid","3671":" m\u00e3 ","3672":"ampl","3673":"ibat","3674":"sere","3675":" le ","3676":"nclo","3677":" dij","3678":"tjar","3679":"lvar","3680":"plem","3681":"ogia","3682":"roc\u00e9","3683":"flex","3684":"ireb","3685":"ircu","3686":" lhe","3687":"oc\u00e9s","3688":"scut","3689":"rsi\u00f3","3690":"igen","3691":" opi","3692":"doct","3693":" dev","3694":"can\u00e7","3695":"shor","3696":"erad","3697":"imo ","3698":"pcio","3699":"pid ","3700":" ah ","3701":"rios","3702":"ened","3703":" tec","3704":"shan","3705":"bien","3706":"quei","3707":"guim","3708":"endi","3709":"c\u00e0rr","3710":" sud","3711":"vai ","3712":"eca ","3713":"odr\u00ed","3714":"incr","3715":"inta","3716":"ndar","3717":"obse","3718":"defi","3719":"veus","3720":"rten","3721":"uere","3722":"\u00e0cti","3723":"essu","3724":" esf","3725":"ixeu","3726":" aug","3727":"\u00f2gic","3728":"ossa","3729":"cit ","3730":"blig","3731":"rtur","3732":"rosa","3733":"geni","3734":"fari","3735":" fir","3736":"etro","3737":" lem","3738":"arin","3739":"igut","3740":"plor","3741":"sapa","3742":"lpa ","3743":" bos","3744":"avid","3745":"deta","3746":"anun","3747":"gmen","3748":"icis","3749":" glo","3750":" il ","3751":"nalm","3752":"ilar","3753":" inn","3754":" u ","3755":"ctim","3756":"ascu","3757":"\u00fc\u00e8nc","3758":"dore","3759":"ical","3760":"pliq","3761":" gas","3762":" fid","3763":"omni","3764":"iats","3765":"ectu","3766":" eli","3767":"ipi ","3768":"q\u00fc\u00e8n","3769":" suc","3770":"rim ","3771":"acle","3772":"losa","3773":" jur","3774":"otos","3775":"agua","3776":"tzad","3777":"nits","3778":"quiv","3779":"rael","3780":"lics","3781":"dran","3782":"dio ","3783":"\u00e7at ","3784":"ript","3785":"omis","3786":" har","3787":"lade","3788":"asar","3789":"vold","3790":"vigi","3791":"deia","3792":"orab","3793":"nsci","3794":"nois","3795":"lide","3796":"dra ","3797":"gana","3798":"devi","3799":" der","3800":"onsc","3801":"ualm","3802":"somn","3803":"olit","3804":"ct\u00f2r","3805":"far ","3806":"spar","3807":"rea ","3808":"meve","3809":"igar","3810":"gull","3811":"reia","3812":" cit","3813":"benv","3814":"orce","3815":" alb","3816":"guid","3817":"vies","3818":"plir","3819":"gles","3820":"gats","3821":"cobe","3822":"dhav","3823":"reti","3824":"ahah","3825":"\u00fcest","3826":"nche","3827":"ctub","3828":"rofi","3829":" dob","3830":"cale","3831":"nion","3832":"v\u00edct","3833":" v\u00edc","3834":"ndo ","3835":"ecat","3836":"imal","3837":"natg","3838":"tubr","3839":"ror ","3840":"cend","3841":"ugad","3842":"rsa ","3843":"mpla","3844":"\u00ednia","3845":"eleg","3846":"locs","3847":"lism","3848":"xtra","3849":"domi","3850":"pasa","3851":" eh ","3852":"ril ","3853":"anet","3854":"u\u00eft ","3855":"ode ","3856":"ssss","3857":"q\u00fces","3858":"pleg","3859":"odi ","3860":"luns","3861":"mbra","3862":"llo ","3863":"lert","3864":"fred","3865":"ado ","3866":"laud","3867":"eri\u00e8","3868":"aler","3869":"maga","3870":" c\u00e0r","3871":"egi ","3872":"reli","3873":"acus","3874":"tena","3875":"igil","3876":"humi","3877":" agu","3878":"uede","3879":"apa\u00e7","3880":"enre","3881":"aduc","3882":"\u00f2nic","3883":"neta","3884":"togr","3885":"sest","3886":"srae","3887":"anyi","3888":"aniv","3889":"nerg","3890":"ctac","3891":"rens","3892":"acie","3893":" q\u00fce","3894":"rimi","3895":"ri\u00e8n","3896":"rucc","3897":" plu","3898":"uja ","3899":"\u00f3na ","3900":"flor","3901":"acit","3902":"dijo","3903":"nor ","3904":"denu","3905":"lesh","3906":"sara","3907":"assu","3908":"\u00edcti","3909":" tex","3910":"scon","3911":" xin","3912":"uet ","3913":"unio","3914":"iel ","3915":"ngan","3916":"lina","3917":" neu","3918":"tuar","3919":"ndid","3920":"cura","3921":"daix","3922":" feu","3923":"utja","3924":"pone","3925":"gol ","3926":"ello","3927":"udi ","3928":" tui","3929":"udes","3930":"isra","3931":"rani","3932":"otog","3933":"dita","3934":"nefi","3935":" eix","3936":"ulio","3937":"ste ","3938":"rang","3939":"ters","3940":" mel","3941":"ofit","3942":"late","3943":"etra","3944":"aral","3945":"gara","3946":"ldri","3947":"ijou","3948":"xis ","3949":"veix","3950":"ctri","3951":"base","3952":"emor","3953":"dall","3954":"rand","3955":"sitj","3956":"iame","3957":"jous","3958":" rac","3959":"jude","3960":"fare","3961":"tagr","3962":"\u00edtol","3963":"id\u00e8n","3964":"mals","3965":"mble","3966":"atis","3967":"rcit","3968":"er\u00e3 ","3969":" lad","3970":" pop","3971":"rola","3972":"ael ","3973":" foc","3974":"scap","3975":"igit","3976":"ndem","3977":"nhi ","3978":" adm","3979":"taur","3980":"llev","3981":"laus","3982":"ov\u00e3 ","3983":"st\u00e0n","3984":"gane","3985":"sopa","3986":"alim","3987":"xual","3988":"gist","3989":" gus","3990":"sexu","3991":"n\u00f2mi","3992":"exua","3993":"ival","3994":"camb","3995":"feta","3996":"uins","3997":"lub ","3998":"cem ","3999":"enef","4000":"ugue","4001":" sep","4002":"ico ","4003":"egla","4004":"ino ","4005":"ock ","4006":"evid","4007":"udir","4008":"isc ","4009":"on\u00f2m","4010":"eat ","4011":"hov\u00e3","4012":"ivin","4013":"moss","4014":"elig","4015":"ulac","4016":"irad","4017":"oig ","4018":"rxar","4019":"fon ","4020":"ian ","4021":"lera","4022":"p\u00f2st","4023":"etin","4024":" ina","4025":"leg ","4026":"eq\u00fc\u00e8","4027":"ssum","4028":" nhi","4029":"entm","4030":"cens","4031":"malg","4032":"emi ","4033":" lai","4034":"\u00e9ssi","4035":"oten","4036":" bes","4037":"r\u00f2pi","4038":"adel","4039":"t\u00e0ri","4040":"apla","4041":"\u00f2pia","4042":"rota","4043":"rifi","4044":"senv","4045":"ent\u00ed","4046":"amun","4047":" boi","4048":" apu","4049":"nies","4050":" afi","4051":"tade","4052":"ron ","4053":" mob","4054":"eros","4055":"quad","4056":"eque","4057":"pari","4058":"jaja","4059":"ties","4060":"uera","4061":"canc","4062":"osti","4063":"orni","4064":" cic","4065":"pote","4066":"pr\u00f2p","4067":"fusi","4068":"nial","4069":"tlle","4070":"ap\u00f2s","4071":"aram","4072":"arho","4073":"bal ","4074":"cort","4075":"rsar","4076":"lhor","4077":"eume","4078":"lats","4079":"ders","4080":"anan","4081":"nvin","4082":"admi","4083":"\u00f2mic","4084":"vagi","4085":"mos ","4086":"seq\u00fc","4087":" mou","4088":"ixec","4089":"\u00e7ant","4090":"sud ","4091":" idi","4092":"uigd","4093":"ini\u00f3","4094":"rdeu","4095":"inno","4096":"cepc","4097":"rga ","4098":"dicc","4099":"nua ","4100":"guts","4101":"refo","4102":"acul","4103":"tide","4104":"rris","4105":"cr\u00e0c","4106":"onav","4107":"oncl","4108":"ani ","4109":"aaaa","4110":"nton","4111":"ases","4112":"nyal","4113":"epci","4114":"font","4115":"vene","4116":"impa","4117":"memb","4118":"umne","4119":"acis","4120":" joh","4121":"docu","4122":"\u00e8rci","4123":" mam","4124":"amag","4125":"lle ","4126":"rlem","4127":"cono","4128":"etge","4129":"cerv","4130":"rgia","4131":"ires","4132":"eial","4133":" anc","4134":"uite","4135":"teve","4136":"lare","4137":"arno","4138":"ixam","4139":"larm","4140":"rep\u00fa","4141":"fall","4142":"cals","4143":"sors","4144":"pen ","4145":"ol\u00f2g","4146":"ndon","4147":"ivid","4148":"ep\u00fab","4149":"\u00e0rie","4150":"\u00e9ixe","4151":"asi ","4152":"agat","4153":"sdev","4154":"pint","4155":"xeca","4156":"\u00e0nim","4157":"mnes","4158":"fil ","4159":"rtis","4160":"banc","4161":" ton","4162":"vado","4163":"nsan","4164":"cres","4165":"rgul","4166":"ribl","4167":"nscr","4168":"nomb","4169":"apun","4170":" sag","4171":"tros","4172":"rate","4173":"oure","4174":" fru","4175":"stau","4176":"porc","4177":"orgu","4178":"m\u00e8s ","4179":"ntia","4180":"ialm","4181":"pida","4182":"feix","4183":"iali","4184":"sale","4185":"fals","4186":"erin","4187":"iten","4188":" pr\u00e0","4189":"tecn","4190":"ston","4191":"atem","4192":"vame","4193":"mpen","4194":"tel\u00e8","4195":"art\u00ed","4196":"lhi ","4197":"utge","4198":"gem ","4199":"nyad","4200":"olup","4201":"ligi","4202":"\u00e8tic","4203":"aix ","4204":"augm","4205":"agre","4206":"boca","4207":"ugme","4208":" l\u00edd","4209":"riat","4210":"ivis","4211":"vil ","4212":"lan\u00e7","4213":"sibi","4214":"igde","4215":"xell","4216":"obte","4217":" sum","4218":"sacr","4219":"anad","4220":"casi","4221":"efor","4222":"tron","4223":"ntif","4224":"ent\u00e8","4225":" ora","4226":"lict","4227":"penj","4228":"ibui","4229":"gine","4230":"clie","4231":"dolo","4232":" tag","4233":" pa ","4234":"mobi","4235":" lun","4236":"data","4237":"usti","4238":" \u00e8xi","4239":" vac","4240":"rito","4241":"nous","4242":"pr\u00e0c","4243":" ris","4244":"dar\u00e0","4245":"adas","4246":"cuid","4247":"nsi\u00f3","4248":"cedi","4249":"\u00e0vem","4250":"alti","4251":"osco","4252":" ing","4253":"dipu","4254":"apac","4255":"gdem","4256":"vime","4257":"obil","4258":"pra ","4259":"mhi ","4260":"oms ","4261":"arge","4262":"recc","4263":"ncat","4264":"ixel","4265":"\u00f2sto","4266":" vi ","4267":"\u00efsos","4268":" wal","4269":"ucto","4270":"bser","4271":"esol","4272":"rqui","4273":"init","4274":"tar\u00e9","4275":"capt","4276":" ada","4277":"scor","4278":"rro ","4279":"ader","4280":"abso","4281":"ofun","4282":"mbar","4283":"lis ","4284":"tact","4285":"ovim","4286":"liol","4287":"n\u00e9s ","4288":"amis","4289":"advo","4290":" xer","4291":" pa\u00ef","4292":"ra\u00e7a","4293":" ma ","4294":"rrel","4295":" tv ","4296":"erts","4297":"rass","4298":"visc","4299":"pa\u00efs","4300":"piet","4301":"nete","4302":" ala","4303":"gita","4304":" coi","4305":"sual","4306":"enfo","4307":" ria","4308":" bol","4309":"bel ","4310":"difu","4311":"eny ","4312":"nvis","4313":"ncur","4314":"niqu","4315":"orri","4316":"caig","4317":"repe","4318":"a\u00efso","4319":"uivo","4320":"can ","4321":"rdo ","4322":"rrar","4323":"nce ","4324":"john","4325":"sect","4326":"saci","4327":"tale","4328":"onda","4329":"ipci","4330":"adat","4331":"x\u00e8rc","4332":"uari","4333":"ocum","4334":"mpet","4335":"hez ","4336":"ex\u00e8r","4337":"\u00edlie","4338":"ptur","4339":"rofu","4340":"\u00e8rie","4341":"ldat","4342":"reie","4343":"urso","4344":"spla","4345":"oran","4346":"cume","4347":"chez","4348":"siu ","4349":"tas ","4350":"mem ","4351":" nan","4352":"nseq","4353":"onor","4354":"ciac","4355":"igac","4356":"ser\u00e3","4357":" dex","4358":"dalg","4359":"rivi","4360":"bici","4361":"refu","4362":"iput","4363":"otel","4364":" esd","4365":"cio ","4366":"alma","4367":"acia","4368":"t\u00e8s ","4369":"xcel","4370":"caso","4371":"peca","4372":"ssem","4373":" at ","4374":"l\u00e8fo","4375":"lvat","4376":"\u00e7ada","4377":"nsis","4378":"eden","4379":"dima","4380":"preu","4381":"orig","4382":"ntor","4383":"dobl","4384":" fla","4385":"nar\u00e0","4386":"m\u00eds ","4387":"esar","4388":"reat","4389":"augu","4390":"siva","4391":"uer ","4392":"rian","4393":"dram","4394":" s\u00e8r","4395":"imad","4396":"lleu","4397":" m\u00edn","4398":"el\u00e8f","4399":"s\u00e8ri","4400":"esia","4401":"\u00e8fon","4402":"\u00f2ric","4403":"cnic","4404":"arde","4405":"maig","4406":"l\u00e8s ","4407":"enad","4408":"mers","4409":"bol ","4410":"fine","4411":"rm\u00e3 ","4412":"rri ","4413":"acan","4414":"cull","4415":"raon","4416":"eram","4417":"asto","4418":"lupa","4419":"\u00f2sit","4420":"arg ","4421":"brut","4422":"insc","4423":"orci","4424":"sata","4425":"empa","4426":"rast","4427":"l\u00edde","4428":" ope","4429":"p\u00f2si","4430":"acri","4431":"uris","4432":"ll\u00f3s","4433":"ict\u00f2","4434":"ext ","4435":"ack ","4436":" pir","4437":"romo","4438":"ostu","4439":" urg","4440":"iola","4441":"imme","4442":"rxes","4443":" arg","4444":"\u00edder","4445":"lian","4446":"lgra","4447":"pala","4448":" nas","4449":" esb","4450":"v\u00eda ","4451":" v\u00eda","4452":"quie","4453":"xplo","4454":"ling","4455":"ilen","4456":"uart","4457":"live","4458":"retr","4459":"gica","4460":" rat","4461":"stro","4462":"ncor","4463":"adve","4464":"cine","4465":"m\u00edni","4466":"atat","4467":"g\u00fces","4468":"supr","4469":"nas ","4470":"n\u00e0s ","4471":"gim ","4472":"nut ","4473":" bil","4474":"obal","4475":"con\u00f2","4476":" inj","4477":" l\u00fal","4478":"algr","4479":"asos","4480":"mell","4481":"ueta","4482":" g\u00e8n","4483":"d\u00f2la","4484":"pond","4485":"mesa","4486":"sabl","4487":"dvoc","4488":"lcom","4489":"noie","4490":" she","4491":"lave","4492":"l\u00falt","4493":" d\u00f2l","4494":"ioni","4495":"pete","4496":"cati","4497":"doni","4498":"teme","4499":"oies","4500":"febr","4501":"ier ","4502":"aja ","4503":"ecar","4504":"sar\u00e0","4505":"enam","4506":"osto","4507":"rept","4508":" gu\u00e0","4509":"dany","4510":"urge","4511":"recl","4512":"uint","4513":"ucar","4514":"\u00f2lar","4515":" mho","4516":"caix","4517":"guia","4518":"calm","4519":" sa ","4520":"vera","4521":"odes","4522":"agut","4523":"insu","4524":"apos","4525":"foc ","4526":"rel ","4527":"\u00e0rdi","4528":"riqu","4529":"gila","4530":"xerr","4531":"udit","4532":"juny","4533":"ecer","4534":"evan","4535":"u\u00e0rd","4536":"gu\u00e0r","4537":"oci\u00f3","4538":"diat","4539":"ralm","4540":"intr","4541":"v\u00e8nc","4542":"ntur","4543":"uixa","4544":"fert","4545":"enor","4546":"van\u00e7","4547":"ecno","4548":"nec ","4549":"\u00ednim","4550":" v\u00e9s","4551":"esme","4552":"scur","4553":"uros","4554":"a\u00e7os","4555":"fiqu","4556":"squi","4557":"talm","4558":"t\u00e8cn","4559":" jac","4560":"onec","4561":"ulle","4562":"enin","4563":"clus","4564":"laer","4565":" lon","4566":" sho","4567":"visa","4568":" lop","4569":" hot","4570":"ecen","4571":"opul","4572":"caur","4573":"gens","4574":"ecs ","4575":"afeg","4576":"digi","4577":" km ","4578":"igat","4579":"vuit","4580":"abel","4581":"argu","4582":"roll","4583":"stil","4584":"olgu","4585":"oli ","4586":"ndri","4587":"usqu","4588":"fosc","4589":"avi ","4590":"xeu ","4591":" of ","4592":"sile","4593":"rau ","4594":"peus","4595":"mula","4596":"sure","4597":"cut ","4598":"ncem","4599":"nics","4600":"line","4601":"poll","4602":"onfe","4603":"oci ","4604":"ordo","4605":"miqu","4606":"vari","4607":"exte","4608":"eson","4609":"ribe","4610":"fets","4611":" tit","4612":"toni","4613":" rao","4614":"rar\u00e0","4615":"ian\u00e7","4616":"reno","4617":"abon","4618":" oli","4619":"jutg","4620":"\u00e8cni","4621":"bsol","4622":"ir\u00e3 ","4623":"gnar","4624":"cate","4625":"nars","4626":" bur","4627":"navi","4628":"ur\u00e3 ","4629":"\u00edeu ","4630":" pic","4631":"popu","4632":" sof","4633":"roce","4634":" v ","4635":"shi ","4636":"ncad","4637":"rata","4638":"tona","4639":"n\u00e7at","4640":" boc","4641":"isa ","4642":"ivam","4643":"verm","4644":"tac ","4645":"tesa","4646":"emis","4647":"rop\u00f2","4648":"musi","4649":"ncep","4650":"cora","4651":"vaix","4652":"ngud","4653":"uill","4654":"n\u00e7an","4655":"oncu","4656":"rtal","4657":"jos ","4658":"uadr","4659":"l\u00edcu","4660":"rovo","4661":" air","4662":"dabl","4663":"tarr","4664":"scat","4665":"scie","4666":" omp","4667":"erm\u00e3","4668":"mpio","4669":" cup","4670":"cnol","4671":"etem","4672":"risi","4673":" vui","4674":"ssoc","4675":"edor","4676":"ireu","4677":"rto ","4678":"dr\u00e3 ","4679":"arne","4680":"vesp","4681":"ark ","4682":"tan\u00e0","4683":"rge ","4684":"sost","4685":"rmer","4686":"nati","4687":"etot","4688":" lhi","4689":"afor","4690":"an\u00e0s","4691":"uram","4692":"ncid","4693":"exig","4694":"itiv","4695":" p\u00e0g","4696":"nser","4697":"ntri","4698":"edif","4699":"icin","4700":"clav","4701":" ave","4702":"lexp","4703":"stio","4704":"enqu","4705":"eine","4706":"ccid","4707":" sav","4708":"cios","4709":"ansp","4710":"mali","4711":"lust","4712":" bic","4713":" ya ","4714":" ela","4715":"unal","4716":"treg","4717":"gel ","4718":"ixin","4719":"nti ","4720":"leid","4721":"rses","4722":"p\u00e0gi","4723":"bons","4724":"hono","4725":"rima","4726":"\u00e0gin","4727":"yola","4728":" gel","4729":"\u00f2nia","4730":"gic ","4731":"elev","4732":"xcep","4733":"ispa","4734":"char","4735":"mole","4736":" obt","4737":"rio ","4738":"igin","4739":"elco","4740":" t\u00e8c","4741":"etam","4742":"ever","4743":"ovem","4744":"inem","4745":"cria","4746":"loba","4747":"pame","4748":"f\u00edsi","4749":"esem","4750":"ias ","4751":"cole","4752":"eieu","4753":"trel","4754":"itut","4755":" hai","4756":"rbre","4757":"busq","4758":"ibun","4759":" bib","4760":"crif","4761":"sumi","4762":"txes","4763":"eacc","4764":"fres","4765":" \u00e0ni","4766":"olau","4767":"\u00f2bil","4768":"repu","4769":"volg","4770":"fern","4771":"itic","4772":"sic ","4773":"gr\u00e9s","4774":"cter","4775":"tro ","4776":" jer","4777":"ist\u00e8","4778":"ambr","4779":"elit","4780":"nfir","4781":" cru","4782":"arbr","4783":"olin","4784":" caf","4785":"ifus","4786":" bio","4787":"ulla","4788":"esig","4789":"nt\u00edf","4790":"ansf","4791":" lus","4792":"odie","4793":"nare","4794":"obad","4795":"rg\u00e8n","4796":"san ","4797":"grav","4798":"avir","4799":"pals","4800":"bare","4801":"pais","4802":"paio","4803":"pene","4804":"\u00fces ","4805":"robo","4806":"veis","4807":" fix","4808":"ivoc","4809":"rago","4810":"llus","4811":"rti ","4812":"glob","4813":"deve","4814":"rism","4815":"oven","4816":"demn","4817":"gira","4818":"bata","4819":"lie ","4820":" pp ","4821":"nam ","4822":"par\u00e8","4823":"sora","4824":"temb","4825":"rtad","4826":"lint","4827":"lati","4828":"egud","4829":"remo","4830":" abo","4831":"lavi","4832":"t\u00edfi","4833":" arb","4834":"stam","4835":"nora","4836":"blav","4837":"insp","4838":"rhi ","4839":"com\u00fa","4840":" di\u00e0","4841":"xima","4842":"ntse","4843":"erni","4844":"xin ","4845":"saba","4846":"m\u00f2bi","4847":"gan ","4848":"om\u00fa ","4849":"osam","4850":"upat","4851":"ptor","4852":"pa\u00e7 ","4853":"apor","4854":"fiar","4855":" ai ","4856":"oliv","4857":"op\u00f2s","4858":"nja ","4859":"moto","4860":"clou","4861":"irme","4862":"orro","4863":"rces","4864":"olda","4865":"nemi","4866":"leri","4867":"nell","4868":"afir","4869":"erg\u00e8","4870":"bil ","4871":"inju","4872":"ripc","4873":"mel ","4874":"sho ","4875":"diqu","4876":"osc ","4877":" asp","4878":"upre","4879":"enco","4880":"usic","4881":"mpat","4882":"r\u00f2ni","4883":"her ","4884":"mano","4885":"metg","4886":"anen","4887":"mess","4888":"urad","4889":"olut","4890":"mine","4891":"iron","4892":"bibl","4893":"psoe","4894":"lesa","4895":"pate","4896":"fian","4897":"ctad","4898":"lete","4899":"llot","4900":"rmel","4901":"etic","4902":"fona","4903":"gala","4904":"ecur","4905":"urel","4906":" vau","4907":"nnec","4908":"buna","4909":" nar","4910":" lev","4911":"ssol","4912":" ca ","4913":"nave","4914":" am ","4915":"trap","4916":"obla","4917":"irac","4918":"more","4919":"xant","4920":"blac","4921":" to ","4922":" dro","4923":"tha ","4924":" odi","4925":"eble","4926":"onvo","4927":"aspe","4928":" lig","4929":"ast ","4930":"ilan","4931":"rems","4932":"turi","4933":"tar\u00e3","4934":"ruct","4935":"cuin","4936":"luna","4937":"cena","4938":"reue","4939":"eida","4940":"dece","4941":"nrer","4942":"nteg","4943":"trop","4944":"rtim","4945":"gin ","4946":"acar","4947":"nsor","4948":"comm","4949":"allu","4950":" mhe","4951":"mbie","4952":" win","4953":" eva","4954":"enho","4955":"mara","4956":"oooo","4957":"obst","4958":"nsol","4959":"vau ","4960":"r\u00f3s ","4961":" lid","4962":"igne","4963":"onso","4964":"mis ","4965":"esum","4966":"\u00edsic","4967":"nect","4968":"c\u00edfi","4969":"terp","4970":"irte","4971":"rns ","4972":"trai","4973":"lets","4974":"reda","4975":"soe ","4976":" f\u00eds","4977":"\u00efda ","4978":"leix","4979":"tect","4980":" chi","4981":"tzem","4982":"njus","4983":"gall","4984":"ldes","4985":" lob","4986":"tacl","4987":"unir","4988":"vaca","4989":"ucat","4990":"nolo","4991":"sete","4992":"cen ","4993":"copa","4994":"ios ","4995":"eras","4996":"aman","4997":"scin","4998":"ade ","4999":"st\u00e8n"}}