{"ces":{"0":" a ","1":" se ","2":" to ","3":" je ","4":" pro","5":" na ","6":" v ","7":" \u017ee ","8":" tak","9":" jak","10":"sem ","11":"jsem","12":" jse","13":" p\u0159e","14":" si ","15":" co ","16":" kte","17":" byl","18":"kter","19":"en\u00ed ","20":" ale","21":"ale ","22":" s ","23":" kdy","24":" o ","25":"tak ","26":" z ","27":" p\u0159i","28":" neb","29":" bud","30":"\u00e9ho ","31":" jed","32":"\u00fdch ","33":"jak ","34":" do ","35":" pod","36":"jako","37":"nost","38":"prav","39":"vat ","40":" dob","41":" jeh","42":"kdy\u017e","43":"dy\u017e ","44":" aby","45":"jeho","46":"bude","47":" k ","48":" nem","49":"ako ","50":" p\u0159\u00ed","51":"eme ","52":"nou ","53":"sou ","54":" lid","55":" toh","56":"jsou","57":"ost ","58":" nej","59":" pos","60":"ali ","61":"jedn","62":" tom","63":" za ","64":" roz","65":"sti ","66":"p\u0159ed","67":"\u00e1n\u00ed ","68":"uje ","69":"ovat","70":"prot","71":"m\u016f\u017ee","72":" sta","73":" i ","74":" jso","75":" by ","76":"\u00edch ","77":" mi ","78":"pro ","79":" pra","80":"hle ","81":"oho ","82":"nebo","83":"osti","84":"mysl","85":" m\u016f\u017e","86":" n\u011bk","87":"ste ","88":" jen","89":"oval","90":"sme ","91":"bych","92":" ve ","93":" m\u011b ","94":" v\u0161e","95":"aj\u00ed ","96":" j\u00e1 ","97":"ude ","98":"jsme","99":"kdo ","100":" jsm","101":" pok","102":" pot","103":"eho ","104":" nen","105":"ebo ","106":"aby ","107":" ten","108":"\u00edme ","109":" m\u00e1m","110":" spo","111":" mus","112":" u\u017e ","113":"byl ","114":"ala ","115":"pros","116":" nev","117":" str","118":"osta","119":" vel","120":"ete ","121":"jen ","122":"dost","123":" m\u011bl","124":" ne ","125":" dos","126":"d\u011bla","127":"jsi ","128":"ili ","129":"ady ","130":"roto","131":"ter\u00e9","132":"\u00e1me ","133":"n\u00edm ","134":"ov\u00e9 ","135":" \u0159ek","136":" jsi","137":" ty ","138":" sv\u011b","139":"toho","140":"ter\u00fd","141":"tv\u00ed ","142":" nep","143":"mus\u00ed","144":"t\u00edm ","145":"pr\u00e1v","146":" mys","147":"kdy ","148":" vid","149":"nech","150":"tom ","151":" moh","152":"echn","153":"ech ","154":"stra","155":"bylo","156":" sv\u00e9","157":"ylo ","158":"v\u0161ec","159":" poz","160":"rost","161":"ich ","162":" d\u011bl","163":"stav","164":" pom","165":" ho ","166":"o\u017ee ","167":"er\u00e9 ","168":"edno","169":" kr\u00e1","170":" n\u00e1s","171":" od ","172":"vou ","173":"\u0161ech","174":"hodn","175":" jej","176":" nap","177":"nen\u00ed","178":" chc","179":" po ","180":"kou ","181":"oto ","182":"ravd","183":" na\u0161","184":"ohle","185":" b\u00fdt","186":"mohl","187":"b\u00fdt ","188":"ehov","189":"ak\u00e9 ","190":"sv\u011bt","191":"ov\u00e1n","192":"ych ","193":" kon","194":" nec","195":"stv\u00ed","196":" dal","197":"jste","198":"p\u0159es","199":"dobr","200":"den ","201":"stal","202":"klad","203":" \u0159\u00edk","204":"\u00edte ","205":" jst","206":"val ","207":" \u017eiv","208":" m\u00e1 ","209":" pr\u00e1","210":" tu ","211":" sou","212":" zem","213":"v\u00e1m ","214":"t\u0159eb","215":" n\u011bj","216":"ila ","217":" let","218":" jin","219":" byc","220":" nic","221":"ice ","222":" kdo","223":"sled","224":"m\u00e1m ","225":" tad","226":"tady","227":"tak\u017e","228":"v\u00e1n\u00ed","229":" ne\u017e","230":"vn\u00ed ","231":"ak\u017ee","232":"k\u017ee ","233":" mno","234":"ud\u011bl","235":"ysl\u00ed","236":"koli","237":" st\u00e1","238":" dok","239":"omu ","240":" ti ","241":"\u0159ekl","242":"n\u00fdch","243":"\u00edho ","244":" tam","245":" cel","246":"ne\u017e ","247":" dne","248":" hod","249":"\u0161t\u011b ","250":" nik","251":"pro\u010d","252":"tn\u00ed ","253":"er\u00fd ","254":"\u017eivo","255":" mil","256":"ovi ","257":"kud ","258":"ivot","259":"ro\u010d ","260":" nes","261":" ud\u011b","262":"ten ","263":"dou ","264":" slo","265":"n\u011bco","266":" nez","267":"yla ","268":"oto\u017e","269":"to\u017ee","270":"ova ","271":"mo\u017en","272":"uj\u00ed ","273":" n\u011bc","274":"\u011bco ","275":" t\u00edm","276":"\u011bli ","277":"byla","278":"tam ","279":"v\u00edm ","280":"posl","281":"stan","282":"akov","283":"okud","284":" vyp","285":"astn","286":"dn\u00ed ","287":"mluv","288":"pak ","289":"te\u010f ","290":" pol","291":"d\u011bl\u00e1","292":" pan","293":" jes","294":" v\u00e1m","295":"poku","296":" te\u010f","297":"last","298":" pou","299":"st\u00ed ","300":" \u010das","301":"\u016f\u017ee ","302":"\u00e1te ","303":" mo\u017e","304":"alo ","305":" ned","306":"chce","307":" dom","308":"stat","309":"spol","310":"n\u00e1m ","311":"sk\u00e9 ","312":"jest","313":"n\u011bja","314":" ze ","315":"odin","316":"e\u0161t\u011b","317":"ane ","318":"jte ","319":"znam","320":"n\u00e9ho","321":" nov","322":"\u011bjak","323":"odpo","324":"v\u00fdch","325":"oje ","326":"kte\u0159","327":"te\u0159\u00ed","328":" vla","329":" za\u010d","330":"\u011bla ","331":"ob\u0159e","332":"j\u00edc\u00ed","333":"hled","334":"nikd","335":" bez","336":" je\u0161","337":"je\u0161t","338":"tohl","339":" dru","340":"rovn","341":" zas","342":"ot\u0159e","343":"e\u0159\u00ed ","344":" n\u00e1m","345":"druh","346":"jich","347":"eden","348":"ka\u017ed","349":" sam","350":"ani ","351":"star","352":"st\u0159e","353":"jist","354":"tran","355":"pot\u0159","356":"slov","357":"n\u011bkd","358":" hla","359":" odp","360":" vys","361":"kde ","362":"sto ","363":" u ","364":"dob\u0159","365":"chod","366":"vali","367":"vid\u011b","368":" bo\u017e","369":" ani","370":"tomu","371":"tako","372":" pak","373":" ka\u017e","374":"ace ","375":" ted","376":" je\u017e","377":"lat ","378":"b\u0159e ","379":"s\u00edm ","380":"let ","381":"\u00edc\u00ed ","382":"ano ","383":"\u011bn\u00ed ","384":" sna","385":" v\u011bc","386":"n\u00e1s ","387":"m\u00e1me","388":"m\u011bl ","389":" boh","390":"vlas","391":" v\u00e1s","392":"v\u00e1s ","393":"prob","394":" ano","395":" kde","396":" ste","397":"ycho","398":"r\u00e1t ","399":" t\u011b ","400":"st\u011b ","401":"jde ","402":"hovo","403":" sku","404":"nce ","405":"\u0159ed ","406":"tak\u00e9","407":"dn\u011b ","408":"m\u00edst","409":"\u00e9mu ","410":"budo","411":"stli","412":"chov","413":"ela ","414":"moc ","415":" kol","416":"sv\u00e9 ","417":"v\u00e9ho","418":"rodi","419":" v\u00edc","420":"iny ","421":" svo","422":"n\u00edch","423":"opra","424":"chno","425":"\u016fsob","426":"p\u016fso","427":"cht\u011b","428":" pov","429":"amen","430":" moc","431":"l\u00edm ","432":"hova","433":"dnes","434":"ln\u00ed ","435":"ick\u00e9","436":"\u00fdmi ","437":"nic ","438":" prv","439":"out ","440":"\u0159\u00edk\u00e1","441":"o\u0159\u00e1d","442":"ekl ","443":"ob\u011b ","444":"te\u010dn","445":"chom","446":"\u00e1ln\u00ed","447":"us\u00edm","448":"jeji","449":"ejic","450":"itel","451":"olik","452":"hom ","453":"kr\u00e1t","454":"j\u00edt ","455":" poh","456":" cht","457":"jede","458":"bibl","459":"\u011bj\u0161\u00ed","460":" bib","461":"estl","462":"ebe ","463":" tot","464":"pomo","465":"pole","466":"edn\u00ed","467":"post","468":" min","469":"lova","470":" m\u00eds","471":"edy ","472":"ter\u00e1","473":"vid\u00ed","474":"po\u0159\u00e1","475":" a\u017e ","476":" nad","477":"eli ","478":"rou ","479":" poc","480":"e\u017e\u00ed\u0161","481":"stej","482":"\u00e1le ","483":"je\u017e\u00ed","484":"dal\u0161","485":"nejs","486":"chu ","487":"id\u00e9 ","488":"al\u0161\u00ed","489":" rod","490":"ln\u011b ","491":"k\u00e9ho","492":"tejn","493":"udou","494":"velk","495":" moj","496":"dem ","497":"uji ","498":"v\u011bt\u0161","499":" po\u0159","500":"kem ","501":"er\u00e1 ","502":"n\u00fdm ","503":"na\u0161e","504":" sto","505":" zna","506":" asi","507":"mnoh","508":"odob","509":"p\u0159ij","510":" mlu","511":"dnou","512":"vit ","513":"\u011blat","514":"k\u00fdch","515":"j\u0161\u00ed ","516":"kov\u00e9","517":"nout","518":"sv\u011bd","519":"ov\u00e1 ","520":"bo\u017e\u00ed","521":" po\u010d","522":"v\u011bd\u011b","523":"vdu ","524":"avdu","525":"jak\u00e9","526":"deme","527":"hodi","528":"tele","529":" m\u011bs","530":"asi ","531":"lid\u00e9","532":" no ","533":"\u017en\u00e1 ","534":"skut","535":"prvn","536":"tn\u011b ","537":" opr","538":"ov\u00fd ","539":" \u017e\u00e1d","540":"hno ","541":"sl\u00edm","542":"duch","543":"tick","544":"\u00edky ","545":"lem ","546":"chci","547":"ck\u00e9 ","548":"kr\u00e1l","549":"tedy","550":"ina ","551":" mal","552":"abyc","553":"hci ","554":"stup","555":"ovov","556":"slou","557":"hou ","558":"\u00edce ","559":"ena ","560":" slu","561":"ento","562":"rvn\u00ed","563":"hlav","564":"\u010dn\u011b ","565":"\u017eeme","566":"ht\u011bl","567":"podo","568":"nes ","569":"ejte","570":"ov\u011bk","571":" rad","572":" obr","573":" ji ","574":"sn\u011b ","575":"lov\u011b","576":"a\u0161e ","577":" mu ","578":"atel","579":" v\u011bd","580":"ikdy","581":"name","582":"nepo","583":"ledn","584":"en\u00e9 ","585":"en\u00e1 ","586":" neu","587":" mez","588":"nemo","589":"ami ","590":" kou","591":"o\u017en\u00e1","592":"prac","593":"jeme","594":"n\u00edho","595":" den","596":" v\u011bt","597":"vedl","598":"id\u00ed ","599":"\u016f\u017eem","600":" d\u011bt","601":"ele ","602":"ick\u00fd","603":"nad ","604":"dle ","605":"ovan","606":"tit ","607":" sv\u00fd","608":"tane","609":" tro","610":" r\u00e1d","611":"\u0161el ","612":"mezi","613":"hem ","614":"\u010dlov","615":" mu\u017e","616":"dsta","617":" \u010dlo","618":"t\u0159ed","619":"m\u011bli","620":" maj","621":"lik ","622":" zap","623":"e\u010dno","624":"maj\u00ed","625":"isti","626":"p\u0159ip","627":" seb","628":"vypa","629":" man","630":"tli ","631":"d\u011bl ","632":"\u00e1ch ","633":"kdyb","634":"dyby","635":"rozh","636":" jim","637":"tova","638":" pla","639":"esta","640":"ilo ","641":"tent","642":"\u0159ekn","643":" \u017een","644":" pop","645":"lad ","646":" m\u016fj","647":"ch\u00e1z","648":" por","649":"vl\u00e1d","650":"m\u016fj ","651":"ypad","652":"jak\u00fd","653":"velm","654":"\u017e\u00e1dn","655":"sta ","656":"d\u011bt ","657":"\u011blal","658":" poj","659":"zp\u016fs","660":"stn\u00ed","661":"nem\u016f","662":"\u0159\u00edka","663":"em\u016f\u017e","664":" stu","665":" spr","666":" zab","667":" z\u00e1k","668":"pov\u011b","669":"nem\u00e1","670":"chni","671":"elmi","672":"vaj\u00ed","673":"robl","674":"lmi ","675":"dpov","676":" va\u0161","677":"k\u0159es","678":" naj","679":" k\u0159e","680":"tech","681":"pod\u00ed","682":" dop","683":"\u0161ich","684":"obl\u00e9","685":"lost","686":"v\u00fdm ","687":"noho","688":" bys","689":" kam","690":"pr\u00e1c","691":" rok","692":"st\u00e1l","693":"ute\u010d","694":"cky ","695":" cho","696":"id\u011bl","697":"byli","698":"\u0161\u00edm ","699":" jo ","700":" dva","701":"yli ","702":"neby","703":"pane","704":" teb","705":"m\u011bst","706":"omoc","707":"\u010dnos","708":"ebyl","709":"aky ","710":"t\u011bch","711":"v\u017edy","712":"p\u0159\u00edk","713":"udu ","714":" jde","715":"stro","716":"le\u010dn","717":"kute","718":" bra","719":"lep\u0161","720":"ovn\u00ed","721":"ozho","722":"ici ","723":"hni ","724":"yste","725":"es\u0165a","726":"\u0159es\u0165","727":"s\u0165an","728":"podl","729":"\u0159ebu","730":"tky ","731":"dn\u00e9 ","732":" zp\u016f","733":"n\u011bko","734":" ta ","735":"eny ","736":"ebuj","737":"nebu","738":"\u0161ak ","739":"v\u0161ak","740":"ohl ","741":"bou ","742":"minu","743":" chl","744":"toto","745":"byst","746":"emi ","747":"roti","748":"cest","749":"eno ","750":"bl\u00e9m","751":"jim ","752":" m\u00edt","753":" t\u0159e","754":"roje","755":"doko","756":"v\u00edc ","757":" b\u016fh","758":"\u0159eds","759":"m\u00edt ","760":"oli ","761":" v\u0161i","762":"e\u017eit","763":"vn\u011b ","764":" t\u011bc","765":"tal ","766":" mat","767":"n\u011bkt","768":"dal ","769":"\u011bkte","770":"nto ","771":"zn\u00e1m","772":" ces","773":" v\u00edm","774":"b\u016fh ","775":"tem ","776":"konc","777":"m\u00e1\u0161 ","778":"l\u0161\u00ed ","779":"pou\u017e","780":"\u0159\u00edkl","781":"uj\u00edc","782":"\u017e\u00ed\u0161 ","783":"an\u00e9 ","784":" sem","785":" vyt","786":"\u00edkla","787":" rov","788":"lid\u00ed","789":"n\u011bj\u0161","790":"nep\u0159","791":"v\u016fj ","792":"ezi ","793":"uju ","794":"\u011bkdo","795":"osle","796":"odle","797":"odn\u011b","798":" chy","799":"nev\u00ed","800":" v\u017ed","801":"ujem","802":" sch","803":" mar","804":"ysle","805":"sk\u00fd ","806":"ole\u010d","807":"obr\u00e1","808":"plat","809":"ebud","810":"ost\u00ed","811":"ovu ","812":"nov\u00e9","813":" on ","814":"\u00e1v\u00e1 ","815":"\u00edk\u00e1 ","816":"inu ","817":"le\u017ei","818":" zaj","819":"ovou","820":"en\u00fd ","821":"stud","822":"oru ","823":"rych","824":"est ","825":"p\u0159i ","826":"v\u00edce","827":"e\u010dn\u011b","828":"ran\u011b","829":"ato ","830":" dol","831":"us\u00ed ","832":"od\u00edv","833":"roce","834":" v\u0161a","835":"poch","836":" kom","837":"v\u00ed\u0161 ","838":"vede","839":" duc","840":"ychl","841":" ur\u010d","842":"hny ","843":" obl","844":"st\u00e1t","845":"ou\u017e\u00ed","846":"odn\u00ed","847":"\u011bti ","848":"ichn","849":"kole","850":"tek ","851":"aci ","852":" ke ","853":" vol","854":"prom","855":" nav","856":"vala","857":"chny","858":"k\u00e1za","859":" aut","860":"ej\u00ed ","861":" zn\u00e1","862":" zav","863":"roch","864":"chop","865":"budu","866":"nedo","867":"\u011bd\u011bl","868":"ep\u0161\u00ed","869":"kone","870":"oha ","871":"poko","872":"k\u00fdm ","873":" ved","874":"adu ","875":"ovin","876":"\u0159est","877":" par","878":"okon","879":"dit ","880":"boha","881":"luvi","882":"poli","883":"lidi","884":"ibli","885":"bez ","886":"tvo\u0159","887":"edna","888":"oce ","889":"edst","890":"brat","891":"nit ","892":"lal ","893":"vot ","894":"dobn","895":" n\u011bm","896":" jis","897":"dnot","898":"oti ","899":"dat ","900":"ros\u00ed","901":"os\u00edm","902":"an\u011b ","903":"r\u00e1v\u011b","904":"tel ","905":"aven","906":" my ","907":"tat ","908":"rave","909":"\u010dn\u00ed ","910":"idi ","911":"v\u0161ic","912":" syn","913":"jasn","914":"zhod","915":" tat","916":" ost","917":" kri","918":"tero","919":"o\u017e\u00ed ","920":"ohu ","921":" zpr","922":" st\u0159","923":"koho","924":"o\u017een","925":"uto ","926":"taky","927":"proj","928":"\u011bte ","929":"ravi","930":" vy ","931":"erou","932":"kat ","933":"ojen","934":"man\u017e","935":"r\u00e1vn","936":"an\u017ee","937":"n\u017eel","938":" mod","939":"ska ","940":"p\u011bt ","941":"\u011bji ","942":"m\u00e1te","943":"moje","944":" pen","945":" ote","946":" vyd","947":" jas","948":"\u010das ","949":"form","950":"hli ","951":"u\u017e\u00edv","952":"oci ","953":"ochu","954":"okol","955":"t\u00e1le","956":"dku ","957":" vyh","958":"c\u00edch","959":"\u00e1no ","960":"obr\u00fd","961":"eba ","962":"teln","963":"troc","964":"kov\u00fd","965":"mili","966":"til ","967":"slu\u017e","968":"\u00e1v\u011b ","969":"m\u016f\u017eu","970":" nas","971":" m\u00e1\u0161","972":"eni ","973":"\u016f\u017eu ","974":"odu ","975":" cen","976":"d\u011ble","977":"bezp","978":" \u010d\u00eds","979":"pad\u00e1","980":"vil ","981":" sko","982":"el\u00e9 ","983":"tou ","984":"ov\u00fdc","985":"once","986":" d\u00edk","987":"isto","988":"\u0161en\u00ed","989":"yby ","990":"ana ","991":"sna\u017e","992":"ost\u0159","993":"dete","994":" j\u00ed ","995":"\u010dit ","996":"nom ","997":"n\u00edk ","998":"ase ","999":"pust","1000":"rist","1001":"ozor","1002":" zam","1003":"ur\u010di","1004":"l\u00e9m ","1005":"\u010d\u00e1st","1006":"r\u010dit","1007":"nova","1008":"pln\u011b","1009":"zen\u00ed","1010":"\u011bt\u0161\u00ed","1011":"nku ","1012":"lou ","1013":"yly ","1014":"chyb","1015":"z\u016fst","1016":" \u0161ko","1017":"n\u00e1ro","1018":" v\u00edt","1019":"nich","1020":"dn\u00fd ","1021":"chla","1022":"pozn","1023":"\u00e1lov","1024":" zdr","1025":" \u0161pa","1026":"ohou","1027":"pen\u00ed","1028":"sk\u00e1 ","1029":" ses","1030":"d\u011bli","1031":"aly ","1032":"nem ","1033":"len\u00ed","1034":"a\u017ed\u00fd","1035":" ryc","1036":"ent ","1037":"byly","1038":"nice","1039":"p\u0159ek","1040":"r\u00e1lo","1041":"jej\u00ed","1042":"d\u00edky","1043":"\u017eete","1044":"dne ","1045":"patn","1046":"zm\u011bn","1047":"ozum","1048":"rozu","1049":"dlou","1050":"edin","1051":"odno","1052":"bys ","1053":"nky ","1054":"avit","1055":"sly\u0161","1056":"bo\u017ee","1057":"sebe","1058":" d\u00e1v","1059":"svou","1060":"muse","1061":"v\u011btl","1062":"lick","1063":"ota ","1064":"kon\u010d","1065":"jm\u00e9n","1066":"nci ","1067":"mto ","1068":"jedi","1069":"s\u00edme","1070":"\u0159eba","1071":"\u010den\u00ed","1072":" co\u017e","1073":"kal ","1074":"tavi","1075":"\u00edci ","1076":" \u0159\u00edc","1077":"id\u00edm","1078":" t\u0159i","1079":"poto","1080":"jn\u011b ","1081":"nil ","1082":"jeno","1083":"st\u00e1v","1084":"snad","1085":"stov","1086":"udem","1087":"ak\u00fd ","1088":"ozd\u011b","1089":" chv","1090":"\u0159edn","1091":"ody ","1092":" zat","1093":"hoto","1094":" tra","1095":"dova","1096":"t\u011bl ","1097":"ovy ","1098":"\u00e1ci ","1099":"zpr\u00e1","1100":"dva ","1101":"p\u0159i\u0161","1102":"stil","1103":"pozo","1104":"pod ","1105":" pr\u016f","1106":"p\u0161\u00ed ","1107":"louh","1108":"v\u00edte","1109":"v\u011bdo","1110":" sed","1111":"nec ","1112":"\u0159esn","1113":" n\u00e1r","1114":"spr\u00e1","1115":"t\u0159i ","1116":"vide","1117":" x ","1118":" z\u016fs","1119":"poj\u010f","1120":"ocho","1121":"br\u00fd ","1122":"hat ","1123":"\u0159en\u00ed","1124":"moho","1125":" pre","1126":" zm\u011b","1127":"ment","1128":"tku ","1129":"omen","1130":"\u011bdom","1131":"enom","1132":"d\u011bji","1133":"\u016fsta","1134":" tvo","1135":"de\u0161 ","1136":"hlas","1137":"lavn","1138":"\u00e9to ","1139":" ob\u011b","1140":"ona ","1141":"\u00e1zal","1142":"jin\u00e9","1143":"mn\u011b ","1144":" neo","1145":"prod","1146":"m\u011bla","1147":"tuje","1148":" nyn","1149":" zde","1150":" vod","1151":"zaj\u00ed","1152":"ble ","1153":" d\u016fv","1154":" ot\u00e1","1155":" d\u011bk","1156":" d\u00e1l","1157":"era ","1158":"buje","1159":"ev\u00edm","1160":" dlo","1161":"tra ","1162":" m\u00e1t","1163":"jin\u00fd","1164":"ekla","1165":"\u016f\u017eet","1166":"\u017ed\u00fd ","1167":"\u011bkuj","1168":"d\u011bku","1169":"ac\u00ed ","1170":"iluj","1171":"ctv\u00ed","1172":"et\u00ed ","1173":"zem\u011b","1174":"ovo ","1175":"oslo","1176":"d\u00edm ","1177":"men\u00e1","1178":"nsk\u00e9","1179":"za\u010da","1180":"tebe","1181":"hrom","1182":"talo","1183":"\u0161pat","1184":"tn\u00e9 ","1185":"ucho","1186":" des","1187":" ji\u017e","1188":"obr\u00e9","1189":"zemi","1190":"n\u00e1\u0161 ","1191":" nak","1192":"ouch","1193":"n\u00e9m ","1194":"v\u011bk ","1195":"samo","1196":"a\u010dal","1197":" vzd","1198":"\u016fli ","1199":"vej ","1200":"nstv","1201":"sv\u00fdm","1202":" sil","1203":" hra","1204":"yn\u00ed ","1205":"p\u0159\u00eds","1206":"nejv","1207":" sle","1208":"it\u011b ","1209":"rok ","1210":"nebe","1211":"mocn","1212":"aj\u00edm","1213":"poje","1214":"va\u0161e","1215":"ohli","1216":"zvl\u00e1","1217":"ot\u00e1z","1218":"dok\u00e1","1219":"\u017eil ","1220":"otom","1221":"p\u0159\u00edp","1222":"istu","1223":" vyb","1224":"scho","1225":"neza","1226":"\u016fvod","1227":" hor","1228":"okoj","1229":"pozd","1230":"ejn\u011b","1231":"ezpe","1232":"v\u011bci","1233":"prov","1234":"ou\u017ei","1235":"luv\u00ed","1236":"v\u016fli","1237":"\u0159it ","1238":"esto","1239":"t\u0161\u00ed ","1240":"mlad","1241":"zpe\u010d","1242":"lit ","1243":"\u00e1rod","1244":"\u011bci ","1245":"vate","1246":"dce ","1247":"stou","1248":" sva","1249":"ov\u011bd","1250":" hle","1251":"yto ","1252":"spoj","1253":" srd","1254":" obj","1255":" mla","1256":"nyn\u00ed","1257":"tivn","1258":"stu ","1259":"stn\u011b","1260":"dent","1261":" oso","1262":"ory ","1263":"\u00edkal","1264":"polu","1265":"ozna","1266":"dna ","1267":"ebou","1268":" a\u0165 ","1269":" zac","1270":"str\u00e1","1271":"zkou","1272":"dil ","1273":"\u00e1kla","1274":"hej ","1275":"acov","1276":"n\u00e1n\u00ed","1277":" tyt","1278":" jm\u00e9","1279":"edov","1280":"oj\u00ed ","1281":"rova","1282":" v\u00ed\u0161","1283":"osob","1284":" smr","1285":" l\u00e1s","1286":"r\u00e1d ","1287":" t\u00e9t","1288":" kni","1289":"t\u00e9to","1290":" u\u010di","1291":"raco","1292":"novi","1293":"zde ","1294":"oste","1295":"sk\u00e9h","1296":"tyto","1297":"ad\u00e1 ","1298":" zji","1299":"tali","1300":"vr\u00e1t","1301":"ln\u00e9 ","1302":"ible","1303":"echa","1304":"vovi","1305":"ole ","1306":"\u0161kol","1307":"\u00edvej","1308":" \u00fapl","1309":"oby ","1310":"\u011bch ","1311":"sk\u00fdc","1312":"ledu","1313":" hol","1314":" dv\u011b","1315":"ovol","1316":"d\u00e1v\u00e1","1317":"\u017en\u00e9 ","1318":"rem ","1319":" vl\u00e1","1320":"oku ","1321":"ivn\u00ed","1322":"nat ","1323":" dov","1324":"ouze","1325":"\u010dast","1326":"ama ","1327":"tato","1328":"ost\u011b","1329":" \u010d\u00e1s","1330":"v\u011bdk","1331":"\u010d\u00edsl","1332":"l\u00e1sk","1333":"v\u00edme","1334":"sv\u00e9h","1335":"p\u0159\u00edm","1336":" ode","1337":" pat","1338":"kova","1339":"kost","1340":"hovn","1341":" sly","1342":"\u017ee\u0161 ","1343":"k\u00e9m ","1344":"hce ","1345":" cha","1346":"olu ","1347":"avid","1348":"jmen","1349":" t\u00e9 ","1350":"opis","1351":" j\u00edt","1352":"ucha","1353":"n\u011bn\u00ed","1354":"\u00fapln","1355":"r\u00e1ce","1356":" v\u00e1\u017e","1357":"dla ","1358":"smrt","1359":"slel","1360":"osto","1361":"auto","1362":" v\u011b\u0159","1363":"ad\u011b ","1364":"cel\u00e9","1365":"veli","1366":"\u011bl\u00e1m","1367":" boj","1368":"drav","1369":" fak","1370":"v\u00e9m ","1371":" v\u00fds","1372":"dlo ","1373":" inf","1374":"zdra","1375":"echc","1376":"nov\u00fd","1377":"voje","1378":"\u0161em ","1379":"cent","1380":"co\u017e ","1381":"any ","1382":"lej ","1383":"chle","1384":"obje","1385":"z\u00edsk","1386":" z\u00e1v","1387":"emu ","1388":"\u0159\u00edpa","1389":"rn\u00ed ","1390":"psal","1391":"d\u011bti","1392":"\u00edpad","1393":"race","1394":"lids","1395":"\u00e1sle","1396":" sob","1397":"\u016fle\u017e","1398":"\u00ed\u0161e ","1399":"n\u00e1sl","1400":"d\u016fle","1401":"d\u00edve","1402":"hlap","1403":" \u010der","1404":"ensk","1405":"\u00edct ","1406":"v\u00e1\u017en","1407":"nut\u00ed","1408":"sku ","1409":"bec ","1410":"v\u011b\u0159i","1411":"ck\u00fd ","1412":"hla ","1413":"emoc","1414":"abys","1415":"\u0159\u00edct","1416":"pokr","1417":" p\u00e1r","1418":"\u011blo ","1419":"siln","1420":"lovs","1421":"naj\u00ed","1422":"\u00edsto","1423":"bohu","1424":"\u0161\u00edch","1425":"nem\u011b","1426":"it\u00e9 ","1427":"akou","1428":"zase","1429":"milu","1430":"chr\u00e1","1431":"hran","1432":" z\u00eds","1433":"odli","1434":"pat\u0159","1435":"tost","1436":"nap\u0159","1437":"poru","1438":" zku","1439":"odst","1440":"vn\u00edm","1441":" zvl","1442":"ozen","1443":"ovst","1444":"p\u0159\u00edt","1445":"jem ","1446":" v\u00e1l","1447":"avu ","1448":"kona","1449":"v\u011b\u0159\u00ed","1450":"ika ","1451":"kv\u016fl","1452":"stoj","1453":"zach","1454":"edu ","1455":" kv\u016f","1456":"troj","1457":"zapo","1458":"nevi","1459":"amer","1460":"j\u00edma","1461":"lky ","1462":"obro","1463":"\u011bje ","1464":"zast","1465":" bar","1466":" p\u0159\u00e1","1467":"tka ","1468":" ods","1469":"nevy","1470":"an\u00ed ","1471":"nejl","1472":" nah","1473":"esn\u011b","1474":"srdc","1475":"ut\u00ed ","1476":" sv\u016f","1477":"trac","1478":"v\u0161em","1479":"onec","1480":" roc","1481":"in\u011b ","1482":"naps","1483":"id\u011bt","1484":"anu ","1485":"ov\u00fdm","1486":"d\u0159\u00edv","1487":"vytv","1488":"p\u0159\u00e1t","1489":"asta","1490":"fakt","1491":"lou\u017e","1492":"\u017en\u011b ","1493":"lstv","1494":"zjis","1495":"usti","1496":"t\u00e1zk","1497":"louc","1498":" hro","1499":"\u010dil ","1500":"proc","1501":"br\u00e9 ","1502":"p\u0159\u00edl","1503":"obra","1504":"po\u010d\u00ed","1505":"roze","1506":"ozn\u00e1","1507":"sv\u016fj","1508":" mou","1509":"r\u00e1ci","1510":"k\u00e1m ","1511":"tatn","1512":"ovna","1513":" b ","1514":" d\u00edv","1515":"\u00e1val","1516":"amat","1517":"ily ","1518":"vo\u0159i","1519":"avil","1520":"nej ","1521":"cova","1522":"stuj","1523":"\u010dky ","1524":"ohot","1525":"ity ","1526":"h\u00e1z\u00ed","1527":"ohla","1528":"vost","1529":"\u011bl\u00e1 ","1530":" \u010dem","1531":"e\u010dn\u00e9","1532":"l\u00e1m ","1533":"xist","1534":" int","1535":"l\u00ed\u0161 ","1536":"\u016f\u017ee\u0161","1537":"en\u00edm","1538":"em\u011bl","1539":" tel","1540":"kris","1541":"chto","1542":"kej ","1543":"\u011bkdy","1544":"kaj\u00ed","1545":"odil","1546":" d\u016fl","1547":"padn","1548":"exis","1549":"inou","1550":"ji\u017e ","1551":"asn\u011b","1552":"okra","1553":"\u010fte ","1554":"oji ","1555":"rn\u011b ","1556":"dej ","1557":" ven","1558":" c\u00edt","1559":" opa","1560":"liv ","1561":"olog","1562":"an\u00fd ","1563":"meno","1564":"lka ","1565":"ov\u011b ","1566":"\u00e1na ","1567":"sobe","1568":" sm\u011b","1569":"\u00edmi ","1570":"edn\u00e1","1571":"ap\u0159\u00ed","1572":"\u010dka ","1573":"zal ","1574":"vstv","1575":" n\u00ed ","1576":"\u00e1dku","1577":"komu","1578":"zky ","1579":" skv","1580":"aj\u00edc","1581":"kla ","1582":"\u0159\u00e1dk","1583":"polo","1584":"ruh\u00e9","1585":"\u0159ejm","1586":"ov\u00e9h","1587":"ouho","1588":"\u010dn\u00e9 ","1589":"d\u011bje","1590":"apsa","1591":"neme","1592":"lovo","1593":" nim","1594":"z\u0159ej","1595":"rozd","1596":"\u00edvat","1597":" and","1598":"\u00e1vat","1599":"ck\u00e1 ","1600":"\u00e1tel","1601":"vova","1602":"zna\u010d","1603":"ktor","1604":"d\u00e1va","1605":"jete","1606":"stit","1607":"uze ","1608":" zah","1609":" t\u011bm","1610":" kli","1611":" v\u016fb","1612":" hos","1613":"ener","1614":"ravo","1615":"ech\u00e1","1616":" vr\u00e1","1617":"podp","1618":"milo","1619":"knih","1620":"v\u016fbe","1621":"\u016fbec","1622":"h\u00e1ze","1623":"\u0161len","1624":"zek ","1625":"soud","1626":" d\u011bj","1627":"nek ","1628":"sn\u00e9 ","1629":"orov","1630":" t\u011bl","1631":"olic","1632":" d\u00edt","1633":"bn\u011b ","1634":"ikdo","1635":"logi","1636":" dvo","1637":"\u010dku ","1638":"\u0159\u00e1te","1639":"m\u00fd\u0161l","1640":"\u0159\u00e1d ","1641":"nev\u011b","1642":"\u017eit ","1643":"moci","1644":"m\u011bs\u00ed","1645":"dola","1646":"\u011bkol","1647":" vyj","1648":" pln","1649":"skou","1650":"ledo","1651":"dky ","1652":"chal","1653":"d\u00e1m ","1654":"nka ","1655":" pl\u00e1","1656":"kam ","1657":"em\u011b ","1658":" tis","1659":" kap","1660":" zko","1661":"olar","1662":"\u017eens","1663":"u\u017eit","1664":"teli","1665":"enst","1666":" \u010din","1667":"a\u017ed\u00e9","1668":"\u0159\u00edte","1669":"akt ","1670":" pav","1671":"ovn\u00e1","1672":" fot","1673":"obn\u011b","1674":"s\u00e1m ","1675":"odi\u010d","1676":" s\u00e1m","1677":" z\u00e1p","1678":"valo","1679":" skl","1680":"stvo","1681":"dn\u00e1 ","1682":"d\u00edt\u011b","1683":" t\u011b\u017e","1684":"zova","1685":"olit","1686":"pova","1687":"let\u00ed","1688":"\u0159ijd","1689":" po\u017e","1690":"\u00e1da ","1691":"nest","1692":"nov\u00e1","1693":"\u010d\u00edm ","1694":"usel","1695":"rat ","1696":"azuj","1697":"\u017edy ","1698":"zuje","1699":" naz","1700":"blic","1701":"dv\u011b ","1702":"v\u011bt ","1703":"osla","1704":"m\u011bn\u00ed","1705":"jdem","1706":"poro","1707":"\u011bt\u0161i","1708":"poci","1709":"em\u00e1m","1710":"jme ","1711":" uk\u00e1","1712":" plu","1713":" nar","1714":"hto ","1715":"romi","1716":"lku ","1717":"toli","1718":"klid","1719":" kra","1720":"d\u00e1le","1721":"nal ","1722":"rick","1723":"br\u00e1z","1724":"\u00e1ce ","1725":"dek ","1726":"pouz","1727":" klu","1728":"ladn","1729":"p\u0159em","1730":"pov\u00ed","1731":"mnou","1732":" ve\u010d","1733":"dob\u011b","1734":"nsk\u00fd","1735":"pada","1736":"ilov","1737":"\u011bcht","1738":"lo\u017ei","1739":"tor ","1740":"ogra","1741":" ruk","1742":"n\u00fdmi","1743":"zabi","1744":"jdu ","1745":" sla","1746":"ocit","1747":"modl","1748":" fun","1749":"ratr","1750":"kl\u00e1d","1751":"d\u00edme","1752":"roku","1753":"inut","1754":"\u0148te ","1755":"elst","1756":"t\u0161in","1757":"emoh","1758":" p\u016fj","1759":" z\u00e1s","1760":"z\u00e1kl","1761":"kuji","1762":"u\u0161en","1763":"enu ","1764":"svat","1765":"dovo","1766":"kv\u011bl","1767":"dnu ","1768":"je\u0161 ","1769":"tnos","1770":"ebn\u00ed","1771":"ch\u00e1p","1772":" v\u00fdr","1773":"l\u00e1da","1774":"meri","1775":"anou","1776":"onal","1777":" b\u011bh","1778":" noc","1779":"ejle","1780":"skv\u011b","1781":"atn\u00ed","1782":" kro","1783":"\u00e1kon","1784":"aved","1785":"z\u00e1ko","1786":"novu","1787":"ude\u0161","1788":"kr\u00e1s","1789":"luje","1790":"dali","1791":"ojev","1792":"ony ","1793":"za\u010d\u00ed","1794":"dno ","1795":" kor","1796":"ach ","1797":"in\u00e9 ","1798":" mrt","1799":"lide","1800":"ktiv","1801":"ned ","1802":" chr","1803":"inte","1804":"lel ","1805":"set ","1806":" zlo","1807":"vole","1808":"orma","1809":"mrtv","1810":"sal ","1811":"znov","1812":" ner","1813":"van\u00fd","1814":"v\u00e1\u0161 ","1815":"y\u0161le","1816":"ede ","1817":"t\u00e1t ","1818":"enou","1819":"idem","1820":"otev","1821":"pom\u00ed","1822":"\u0161t\u011bn","1823":" och","1824":" fra","1825":"my\u0161l","1826":"vili","1827":"skup","1828":"\u017e\u00edt ","1829":"\u010dem ","1830":" hej","1831":"\u00edslo","1832":"vysv","1833":"elsk","1834":" vyr","1835":" sbo","1836":"\u017e\u00edva","1837":"jlep","1838":"\u00e1vaj","1839":" t\u00fdd","1840":" vyv","1841":"\u0161eho","1842":" lep","1843":"leno","1844":"tomt","1845":"\u010dek ","1846":"kont","1847":"\u011bs\u00edc","1848":"chat","1849":"n\u011bme","1850":"kni ","1851":" ztr","1852":"nici","1853":"ejme","1854":"ck\u00fdc","1855":" zno","1856":" nab","1857":" p\u00eds","1858":"v\u011bt\u011b","1859":"lete","1860":" n\u00e1b","1861":" p\u00e1n","1862":"e\u010den","1863":" kar","1864":" n ","1865":"asto","1866":"stol","1867":"oupi","1868":"ne\u010dn","1869":"ven ","1870":" bl\u00ed","1871":"u\u010dit","1872":"ve\u010de","1873":"lice","1874":"d\u00edva","1875":"hned","1876":" uv\u011b","1877":"a\u0161\u00ed ","1878":"rach","1879":"omto","1880":" vyu","1881":"\u010dek\u00e1","1882":"\u011bt\u011b ","1883":" dou","1884":"av\u00ed ","1885":"na\u0161i","1886":"\u00edval","1887":"khle","1888":"anov","1889":"zem\u0159","1890":" pam","1891":"ipra","1892":"\u0159ipr","1893":"en\u00edz","1894":"vn\u00edk","1895":"hce\u0161","1896":"om\u00edn","1897":"info","1898":"hov\u00e1","1899":"\u00e1dn\u00fd","1900":" tv\u00e9","1901":"takh","1902":"kov\u00e1","1903":"vnit","1904":"izra","1905":"sob\u011b","1906":"estu","1907":"sl\u00ed\u0161","1908":"akhl","1909":" mn\u011b","1910":"\u00edze ","1911":"apom","1912":" fil","1913":"sty ","1914":"n\u00e1bo","1915":"rael","1916":"n\u00edze","1917":"bl\u00ed\u017e","1918":"slo ","1919":"ovsk","1920":"en\u00fdc","1921":" ame","1922":"oda ","1923":"\u0161li ","1924":"n\u00edci","1925":"ce\u0161 ","1926":"p\u00ed\u0161e","1927":"icky","1928":"o\u010d\u00edt","1929":"elk\u00fd","1930":"iku ","1931":"cha ","1932":"bil ","1933":"zrae","1934":"ejm\u011b","1935":"v\u011bc ","1936":"pama","1937":"vn\u00e9 ","1938":"ava ","1939":"metr","1940":" izr","1941":"ocen","1942":" my\u0161","1943":"echt","1944":"nick","1945":"po\u010dk","1946":"sv\u00e9m","1947":"r\u0161\u00ed ","1948":"od\u011b ","1949":"t\u011bla","1950":"chv\u00ed","1951":"ve\u0159e","1952":"spra","1953":"vota","1954":" n\u00e1\u0161","1955":"iky ","1956":"nejd","1957":"oni ","1958":"hv\u00edl","1959":"lu\u017eb","1960":" mim","1961":"stor","1962":" div","1963":"avn\u00ed","1964":"\u00e1ny ","1965":"oliv","1966":"ohem","1967":"hr\u00e1n","1968":"\u017een\u00ed","1969":"lede","1970":"n\u011bj ","1971":"syst","1972":" nau","1973":"kou\u0161","1974":"ed\u011bl","1975":"diny","1976":"\u011bhem","1977":"pl\u00e1n","1978":"jm\u011b ","1979":"av\u00e9 ","1980":"\u00e1z\u00ed ","1981":"vobo","1982":"\u00edku ","1983":" \u010dek","1984":"ad\u00ed ","1985":"p\u0159in","1986":"\u0159il ","1987":"svob","1988":"\u011bj\u00ed ","1989":"b\u011bhe","1990":"adn\u00ed","1991":"cel\u00fd","1992":"is\u00edc","1993":"vn\u00e1 ","1994":" rea","1995":"daj\u00ed","1996":"uvit","1997":"kce ","1998":"in\u00fd ","1999":" ona","2000":"tili","2001":" the","2002":"oty ","2003":"pome","2004":"oust","2005":"olem","2006":"proh","2007":"akti","2008":"list","2009":"st\u00e9m","2010":"r\u00e1ti","2011":" exi","2012":"n\u00edk\u016f","2013":"zd\u011bj","2014":"sky ","2015":"r\u016fzn","2016":"stic","2017":" dej","2018":"\u00edt\u011b ","2019":"ick\u00e1","2020":"l\u00e1\u0161 ","2021":" met","2022":"bova","2023":"lil ","2024":"\u00e1dn\u00e9","2025":" oko","2026":"udet","2027":"doku","2028":"tis\u00ed","2029":"vola","2030":"sest","2031":"louv","2032":"sou\u010d","2033":" gra","2034":"ln\u00fd ","2035":"trat","2036":"p\u00e1r ","2037":"enov","2038":"opak","2039":"uce ","2040":"ansk","2041":"elko","2042":"zpom","2043":"\u017e\u00edm ","2044":"douc","2045":"d\u016fvo","2046":"ety ","2047":"gram","2048":"iden","2049":"nfor","2050":"lus ","2051":"hnou","2052":"elik","2053":" r\u00e1n","2054":"najd","2055":"tov\u00e1","2056":"elk\u00e9","2057":"omi\u0148","2058":" sit","2059":"dn\u00edc","2060":"nus ","2061":" nek","2062":"mlou","2063":" kan","2064":" mam","2065":"kazu","2066":"\u0159es ","2067":" um\u00ed","2068":"tvrd","2069":"inov","2070":"\u011blej","2071":"avy ","2072":"celo","2073":"ly\u0161e","2074":" gen","2075":"\u0161la ","2076":"\u00edtel","2077":"mimo","2078":"itos","2079":"yst\u00e9","2080":"tole","2081":"kama","2082":" vra","2083":"obu ","2084":"dpor","2085":"na\u017e\u00ed","2086":"\u00e1v\u00e1m","2087":"ysv\u011b","2088":"vzpo","2089":"ytvo","2090":"din ","2091":" v\u00fdz","2092":"\u010dty\u0159","2093":"r\u00fdch","2094":"ance","2095":"tev\u0159","2096":"\u0159ipo","2097":"n\u011bte","2098":"sbor","2099":" jme","2100":" sys","2101":" kat","2102":"rdce","2103":" dr\u017e","2104":"tala","2105":" kur","2106":" vzp","2107":"ist\u011b","2108":"\u010dn\u00fd ","2109":" vzt","2110":"upin","2111":"uh\u00e9 ","2112":"spod","2113":"obil","2114":"itua","2115":"pohl","2116":"\u017e\u00edv\u00e1","2117":"\u00e9st ","2118":" p\u011bt","2119":"kupi","2120":"uvid","2121":"\u010dova","2122":"situ","2123":"sobi","2124":"cela","2125":" \u010dty","2126":"zn\u00ed ","2127":"pe\u010dn","2128":"\u011bst\u00ed","2129":"\u011bd\u011bt","2130":"ejse","2131":"ov\u00edd","2132":"hal ","2133":" ber","2134":"nnos","2135":"hopn","2136":"enos","2137":"ovno","2138":" o\u010di","2139":" n\u00edm","2140":"\u011bl\u00e1\u0161","2141":"uk\u00e1z","2142":"\u010dlen","2143":"edem","2144":"ing ","2145":"toup","2146":"slav","2147":"i\u00e1ln","2148":"idsk","2149":" \u010des","2150":"eset","2151":" tv\u016f","2152":"ar\u016f ","2153":"ahoj","2154":"t\u011b\u017ek","2155":"elek","2156":"nesl","2157":" aho","2158":"lion","2159":" hne","2160":"kouk","2161":"sobn","2162":"m\u00edch","2163":"lati","2164":"mu\u017e ","2165":"dn\u00edm","2166":" chu","2167":"lika","2168":"radi","2169":"ok\u00e1\u017e","2170":"tuac","2171":"p\u0159\u00edb","2172":"vky ","2173":" tut","2174":"rado","2175":"dr\u017ee","2176":"tuto","2177":"ejso","2178":"asu ","2179":"uvil","2180":"ob\u00ed ","2181":"inul","2182":"o\u017en\u00e9","2183":" n\u00e1z","2184":"v\u00fdmi","2185":"ohod","2186":" zad","2187":" r\u016fz","2188":"matu","2189":" odv","2190":"\u00e1bo\u017e","2191":"\u0161t\u00ed ","2192":" kre","2193":"menu","2194":" ban","2195":" dav","2196":"sv\u00fdc","2197":"zor ","2198":"evid","2199":"ilio","2200":"tv\u00e1\u0159","2201":"vezm","2202":"m\u011bni","2203":"fran","2204":"ni\u010de","2205":"ot\u011b ","2206":"\u017eova","2207":"nete","2208":"otu ","2209":"v\u011brn","2210":" \u0161t\u011b","2211":"plus","2212":" pet","2213":" tit","2214":"ven\u00ed","2215":" n\u00e1d","2216":"hoj ","2217":"el\u00fd ","2218":"ada ","2219":"\u0165ans","2220":"d\u016fm ","2221":"vna ","2222":"uho ","2223":" vez","2224":"cete","2225":"vel ","2226":" l\u00edb","2227":"t\u011bst","2228":"b\u00fdva","2229":"podi","2230":" mas","2231":"chyt","2232":"padl","2233":"pror","2234":"ekon","2235":"n\u00edky","2236":"koup","2237":"\u00e1n\u00edm","2238":"tavu","2239":"braz","2240":"nodu","2241":" ne\u0159","2242":"sk\u00e9m","2243":"\u0161lo ","2244":" vza","2245":"\u0161it ","2246":"\u011b\u0159it","2247":"\u017eena","2248":"estr","2249":" tou","2250":"voln","2251":"doby","2252":"nit\u0159","2253":"edni","2254":"i\u017ee ","2255":"oba ","2256":" bol","2257":"dese","2258":"li\u017ee","2259":"nemu","2260":"tv\u016fj","2261":" odm","2262":"\u00e1sil","2263":"imi ","2264":"hcet","2265":"\u00e1\u017en\u011b","2266":"\u017eito","2267":"bran","2268":"rani","2269":"dnod","2270":" tre","2271":" n\u00e1v","2272":"\u00e1pad","2273":"v\u0161e ","2274":" dra","2275":" \u010dle","2276":"\u00e9no ","2277":" nal","2278":"roma","2279":" d\u0159\u00ed","2280":"lech","2281":"m\u00e9no","2282":"ijde","2283":"ista","2284":"rodn","2285":"\u010dit\u011b","2286":"vzta","2287":"rati","2288":" uvi","2289":"tli\u017e","2290":" sak","2291":"\u00edst ","2292":"olen","2293":"lekt","2294":"\u00e1zor","2295":"n\u00e1zo","2296":"svoj","2297":"cem ","2298":" v\u010de","2299":"eduj","2300":"\u00edli ","2301":"tce ","2302":"\u00edska","2303":"\u010dist","2304":"zam\u011b","2305":"douf","2306":"rn\u00e9 ","2307":"dne\u0161","2308":"ostu","2309":"lar\u016f","2310":"sta\u0148","2311":"ujet","2312":"ar\u0161\u00ed","2313":"obod","2314":"avd\u011b","2315":"avda","2316":"tar\u0161","2317":"t\u0159\u00ed ","2318":" pri","2319":"p\u016fjd","2320":"obno","2321":"inno","2322":"nika","2323":" vst","2324":"port","2325":" v\u011br","2326":"mati","2327":" b\u011b\u017e","2328":" otc","2329":"\u011bsto","2330":"roro","2331":"e\u010dn\u00fd","2332":"ycky","2333":"skon","2334":"s\u00ed\u0161 ","2335":"lali","2336":"om\u016f ","2337":"dyck","2338":" doh","2339":" zda","2340":"ouc\u00ed","2341":" ohl","2342":"hrad","2343":"\u00e1zek","2344":"\u010det ","2345":"ztah","2346":"vda ","2347":"\u010dl\u00e1n","2348":" vyk","2349":"eric","2350":"p\u011bkn","2351":"rov\u00e1","2352":"ci\u00e1l","2353":"\u00edru ","2354":"ata ","2355":"van\u00e9","2356":"\u00e1mi ","2357":"olov","2358":"vyst","2359":" vyz","2360":"hroz","2361":"ospo","2362":"vl\u00e1\u0161","2363":"nau\u010d","2364":"vno ","2365":"ictv","2366":" \u017eij","2367":" ves","2368":"tvoj","2369":"i\u0161t\u011b","2370":"na\u0161\u00ed","2371":"dny ","2372":" zla","2373":"ruho","2374":"c\u00edt\u00ed","2375":"eru ","2376":" \u010dl\u00e1","2377":"tn\u00fd ","2378":"dech","2379":"\u017eili","2380":"d\u00e1t ","2381":" ozn","2382":" m\u00e9 ","2383":"hosp","2384":"\u011bru ","2385":"ezna","2386":" zak","2387":"\u017eit\u00e9","2388":"d\u00e1l ","2389":"\u0148uje","2390":"tave","2391":"oky ","2392":"uje\u0161","2393":"z\u00e1pa","2394":" p\u011bk","2395":"jina","2396":"nak ","2397":"aj\u00edt","2398":"rove","2399":"pokl","2400":"takt","2401":"hodl","2402":"esti","2403":"ito ","2404":"bjev","2405":"prop","2406":" tv\u00e1","2407":"smys","2408":"rozp","2409":"\u017eije","2410":"\u00edv\u00e1 ","2411":"nesk","2412":"onu ","2413":" doc","2414":"rie ","2415":"tel\u00e9","2416":"d\u00e1n\u00ed","2417":"u\u010dil","2418":"emus","2419":"dli ","2420":"zem\u00ed","2421":" uka","2422":" obc","2423":"\u017enos","2424":"pad ","2425":"esm\u00ed","2426":"r\u00e1va","2427":"sp\u00ed\u0161","2428":"test","2429":"nter","2430":" vy\u0161","2431":"\u0159edp","2432":" dan","2433":"at\u00edm","2434":"rav\u00ed","2435":"l\u00e9ho","2436":" n\u00e1h","2437":"matk","2438":"sm\u011br","2439":"m\u0159el","2440":" obd","2441":"\u0161t\u011bs","2442":" for","2443":" d\u00edl","2444":"lnos","2445":"\u011bt\u00ed ","2446":"\u0159em\u00fd","2447":"ovni","2448":"\u00edk\u016f ","2449":"r\u00e1sn","2450":"iv\u00e9 ","2451":"tano","2452":"t\u00e1v\u00e1","2453":"ter ","2454":"za\u010dn","2455":" brz","2456":"zlat","2457":"ere ","2458":"em\u00fd\u0161","2459":"vem ","2460":"nena","2461":"zavo","2462":"\u011btov","2463":"znal","2464":"ora ","2465":"oma ","2466":"an\u00e1 ","2467":"napr","2468":"c\u00edm ","2469":"och\u00e1","2470":"sakr","2471":"uhou","2472":" spa","2473":"avol","2474":"udov","2475":"tn\u00edm","2476":"bem ","2477":" uve","2478":" tol","2479":"vykl","2480":" neh","2481":" tep","2482":"zku ","2483":"tebo","2484":"ohro","2485":"prez","2486":"\u0159\u00edli","2487":"oly ","2488":" ele","2489":"taro","2490":"v\u00edli","2491":"n\u00e9mu","2492":"ukaz","2493":" \u017eid","2494":" bod","2495":"edos","2496":"tels","2497":"tr\u016f ","2498":"chlo","2499":"tudi","2500":"ejn\u00e9","2501":"jemn","2502":"lici","2503":"ned\u011b","2504":"\u00e1zky","2505":"mate","2506":"r\u00e1ni","2507":"ne\u0161 ","2508":"r\u00e1no","2509":"omlu","2510":"v\u00e1me","2511":"us\u00ed\u0161","2512":" v\u00e1\u0161","2513":"vzal","2514":"l\u00e1\u0161t","2515":"\u00e1va ","2516":"sob ","2517":"rmac","2518":"ln\u00edk","2519":"ativ","2520":" spl","2521":"the ","2522":"u\u0161t\u011b","2523":"votn","2524":"st\u0159\u00ed","2525":"opat","2526":"\u0159i\u0161e","2527":"vyu\u017e","2528":"jak\u00e1","2529":"domu","2530":" v\u00edr","2531":"avel","2532":"ujte","2533":"\u010d\u00edta","2534":"on\u010di","2535":"r\u00e1l ","2536":"\u00edmav","2537":"ngli","2538":"tec ","2539":"e\u010der","2540":"\u017e\u00ed\u0161o","2541":"\u00ed\u0161ov","2542":"\u00fd\u0161le","2543":"char","2544":"\u0161\u00edho","2545":" vym","2546":"olet","2547":"led\u00e1","2548":"amoz","2549":"dala","2550":"v\u011bc\u00ed","2551":"d\u011bn\u00ed","2552":"\u011bc\u00ed ","2553":"toj\u00ed","2554":"atic","2555":"l\u00e1d\u00e1","2556":"pom\u00e1","2557":"uv\u011bd","2558":"dnos","2559":"\u0159i\u0161l","2560":"naro","2561":"sk\u00fdm","2562":" ins","2563":"poho","2564":"nimi","2565":"kurv","2566":"em\u0159e","2567":" per","2568":"\u0161\u0165as","2569":"arov","2570":"asn\u00e9","2571":"\u011bkoh","2572":"vod ","2573":"stru","2574":"n\u011bm ","2575":"vrch","2576":"e\u017e\u00ed ","2577":"liti","2578":"zkus","2579":"\u017edyc","2580":"ine ","2581":"vol\u00e1","2582":"r\u00e1ze","2583":"\u0165ast","2584":"hodu","2585":"oz\u0159e","2586":" d\u00e1t","2587":"otec","2588":"dnoh","2589":"sn\u00fd ","2590":"i\u010de ","2591":"nepr","2592":" obv","2593":" ni\u010d","2594":"k\u016fm ","2595":"ral ","2596":" oni","2597":"liko","2598":" obs","2599":" bab","2600":"lo\u017ee","2601":"obch","2602":"lk\u00fd ","2603":"\u00e1jem","2604":"lovi","2605":"rgan","2606":"o\u017eno","2607":"om\u00e1h","2608":"a\u0161eh","2609":"kra\u010d","2610":"i\u0161el","2611":"orga","2612":"tv\u00edm","2613":" nat","2614":"om\u011b ","2615":"o\u0159il","2616":"cit ","2617":"tori","2618":"\u00e1ln\u011b","2619":" zd\u00e1","2620":"v\u011bta","2621":" dod","2622":"er\u00fdc","2623":"krom","2624":" kla","2625":"atuj","2626":"tv\u00e9 ","2627":"eln\u00e9","2628":" s\u00edl","2629":"amar","2630":" ang","2631":"vodn","2632":"inak","2633":"m\u00e1ln","2634":"skyt","2635":" tvr","2636":"ednu","2637":"men\u0161","2638":"moz\u0159","2639":"bit ","2640":"u\u017eil","2641":"\u010demu","2642":"oved","2643":"\u00e1le\u017e","2644":"alit","2645":"\u00e1tky","2646":"na\u017ei","2647":" sli","2648":"ad\u011bj","2649":"y\u0161el","2650":" tob","2651":"ak\u00e1 ","2652":"ostr","2653":"nezn","2654":" smy","2655":"br\u00e1 ","2656":"iv\u011b ","2657":" org","2658":"rest","2659":"v\u00e1lk","2660":" p\u016fs","2661":"rku ","2662":"izac","2663":"\u017eel ","2664":" pus","2665":"ahu ","2666":"\u011blen","2667":" m\u00edr","2668":"sil ","2669":"moud","2670":"lenk","2671":"ouhl","2672":"vuje","2673":"\u00edmu ","2674":"v\u011bd\u010d","2675":" odd","2676":"akto","2677":"nuje","2678":"mena","2679":"enti","2680":"p\u0159ec","2681":"\u00edli\u0161","2682":"en\u011b ","2683":"chra","2684":"otn\u00ed","2685":"hodo","2686":"hlad","2687":"ok\u00e1z","2688":" jer","2689":"jn\u00e9 ","2690":"gick","2691":" \u0159e\u010d","2692":" apo","2693":"obla","2694":"enci","2695":"rom\u011b","2696":"at\u0159\u00ed","2697":"pave","2698":"v\u00e9mu","2699":"\u011bta ","2700":"al\u00e9 ","2701":"u\u017eeb","2702":" n\u00e1p","2703":"ezen","2704":"kra ","2705":"gie ","2706":"ruh\u00fd","2707":" pon","2708":"rovo","2709":"k\u00e1\u017ee","2710":"rohl","2711":"li\u0161 ","2712":"po\u0161t","2713":"edli","2714":"\u010dinn","2715":"p\u0159iv","2716":"alov","2717":"lu\u017ee","2718":"kala","2719":"abil","2720":"kolo","2721":"a\u010d\u00edn","2722":"ati ","2723":"zorn","2724":"bcho","2725":"k\u00e1ch","2726":"kovi","2727":"m\u00e9ho","2728":"odm\u00ed","2729":" sn\u00ed","2730":"vliv","2731":"ov\u00e9m","2732":"tila","2733":"t\u00e9ho","2734":"mal\u00e9","2735":"neje","2736":"av\u011b ","2737":"dom\u016f","2738":"sta\u010d","2739":"ubli","2740":" vzn","2741":"\u00e1ni ","2742":"rve ","2743":"st\u00e9 ","2744":"ledk","2745":"pozi","2746":"p\u0159id","2747":" vyn","2748":" pal","2749":"osp\u011b","2750":"v\u00fdsl","2751":"n\u00e1ct","2752":"edpo","2753":"hraj","2754":"doma","2755":" l\u00e9k","2756":"lsk\u00e9","2757":"gene","2758":"eska","2759":" jaz","2760":"teri","2761":"pods","2762":" ovl","2763":"sami","2764":"a\u0161i ","2765":"\u00e9n\u011b ","2766":"zat\u00ed","2767":"ob\u011bt","2768":"o\u0159en","2769":"\u00e1lo ","2770":"acuj","2771":"l\u00e1dn","2772":"jej ","2773":" jan","2774":"akra","2775":"trva","2776":"ados","2777":"chy ","2778":"napo","2779":"ojov","2780":"hod\u00ed","2781":"sko ","2782":"o\u0159e ","2783":" bu\u010f","2784":"stno","2785":"n\u016fm ","2786":"ol\u00ed ","2787":"holk","2788":"gani","2789":"\u017eeny","2790":" c\u00edl","2791":"nut ","2792":"ence","2793":" rep","2794":" mis","2795":"z\u00e1je","2796":"em\u00e1 ","2797":" las","2798":"\u010desk","2799":"mou ","2800":"\u0159\u00edch","2801":"edl ","2802":"racu","2803":"podn","2804":"t\u0159el","2805":"ou\u0161e","2806":"vzd\u00e1","2807":"r\u00e9ho","2808":"novo","2809":"r\u00e1t\u00ed","2810":"oudr","2811":"d\u00ed\u0161 ","2812":"ruce","2813":"l\u00edb\u00ed","2814":"rodu","2815":"apit","2816":"\u00edk\u00e1m","2817":"di\u010de","2818":"lala","2819":"ary ","2820":"rany","2821":"d\u011bpo","2822":" zje","2823":"nast","2824":"nict","2825":"vd\u011bp","2826":"oj\u010f ","2827":"v\u00e1no","2828":"spo\u0148","2829":"pis ","2830":"rti ","2831":"po\u0148 ","2832":"nako","2833":"bnos","2834":"\u011bpod","2835":"\u00edvaj","2836":"anic","2837":"ntro","2838":"fung","2839":"ster","2840":"zni\u010d","2841":"ochy","2842":"elit","2843":"nesm","2844":" ros","2845":"patr","2846":" hlu","2847":" d\u00e1m","2848":"zept","2849":"poji","2850":"\u00e1sob","2851":"trav","2852":"\u00e1st ","2853":"dkov","2854":"etec","2855":"muni","2856":" hez","2857":"knou","2858":"erov","2859":"nesp","2860":"kapi","2861":"u\u010den","2862":"\u00e1vy ","2863":"rven","2864":"e\u010dn\u00ed","2865":"n\u00e1mi","2866":" ch\u00e1","2867":"\u00fdsle","2868":"\u017eebn","2869":"ahra","2870":"p\u0159\u00edj","2871":"odej","2872":"\u017eet ","2873":"poma","2874":"raje","2875":"one\u010d","2876":" zbr","2877":"od\u00ed ","2878":"d\u00edte","2879":"pil ","2880":" v\u00fdb","2881":"oc\u00ed ","2882":"domo","2883":"av\u00fd ","2884":" sez","2885":"p\u0159is","2886":"\u00e9my ","2887":"tob\u011b","2888":"o\u010det","2889":"blas","2890":"k\u00e1n\u00ed","2891":"\u011bme ","2892":"ontr","2893":"cnos","2894":"pit ","2895":"uved","2896":"\u0159\u00edm ","2897":"jevi","2898":"dobu","2899":"z\u00e1le","2900":"tuj\u00ed","2901":" shr","2902":"al\u00fd ","2903":"\u010fme ","2904":" pad","2905":"opus","2906":"s\u00edc ","2907":"m\u00e9n\u011b","2908":" hel","2909":"spou","2910":" joh","2911":"trol","2912":"ty\u0159i","2913":"voli","2914":" po\u0161","2915":"vn\u00edc","2916":"d\u016fv\u011b","2917":"davi","2918":"duje","2919":"ekn\u011b","2920":"zum\u00ed","2921":" cit","2922":"posk","2923":" nel","2924":"jazy","2925":"u\u017ei ","2926":"nist","2927":"elou","2928":"en\u0161\u00ed","2929":"sel ","2930":" net","2931":" u\u010de","2932":"rnos","2933":"zahr","2934":"ita ","2935":"dnic","2936":"obem","2937":"rn\u00fd ","2938":"led ","2939":" pas","2940":"\u00e1vn\u011b","2941":"ybyc","2942":"po\u010de","2943":"iste","2944":"r\u00e1di","2945":"kres","2946":" set","2947":"tra\u0161","2948":"ely ","2949":"p\u0159ej","2950":"ist\u00e9","2951":"ed\u00ed ","2952":"\u017ed\u011bn","2953":"leda","2954":" zep","2955":" zp\u011b","2956":"o\u0161to","2957":"roky","2958":"\u0159\u00edle","2959":"\u0159\u00edze","2960":"\u010dini","2961":"atn\u00e9","2962":"tov\u00e9","2963":"l\u00edte","2964":"mini","2965":"iv\u00fd ","2966":" teh","2967":"pora","2968":"raci","2969":" zv\u00ed","2970":"d\u00edv\u00e1","2971":"zd\u011bl","2972":"ckou","2973":" \u0161\u0165a","2974":"d\u011bte","2975":"nalo","2976":" nor","2977":"rozv","2978":"hlo ","2979":"o\u010dn\u00ed","2980":"omov","2981":"mu\u017ei","2982":"\u00edb\u00ed ","2983":"odit","2984":"orm\u00e1","2985":"kali","2986":" \u0161es","2987":" ja ","2988":"mne ","2989":"o\u017eit","2990":"obou","2991":"\u00e1d\u00ed ","2992":"uhla","2993":"asti","2994":"anci","2995":"\u0161est","2996":" p\u00ed\u0161","2997":"pad\u011b","2998":"rezi","2999":"oz\u00ed ","3000":"ranc","3001":"souh","3002":"aha ","3003":"a\u010dov","3004":"lov\u00e1","3005":"dnut","3006":" dis","3007":"dci ","3008":"ses ","3009":"ev\u0159e","3010":"\u00e1vis","3011":"p\u0159it","3012":" akt","3013":"dale","3014":" voj","3015":"in\u00e9h","3016":"aniz","3017":"nab\u00ed","3018":"\u0159\u00edmo","3019":"mno\u017e","3020":"lk\u00e9 ","3021":" vyl","3022":" blb","3023":" oh ","3024":"\u00fdv\u00e1 ","3025":"anet","3026":" oba","3027":"itu ","3028":"\u011bna ","3029":"pou\u0161","3030":"m\u011blo","3031":"\u010deka","3032":" zni","3033":"\u00fdho ","3034":"koje","3035":"\u0159\u00edst","3036":"a\u017eil","3037":"toti","3038":" br\u00e1","3039":"ekne","3040":"e\u0159ej","3041":" kaz","3042":"ivos","3043":"lkou","3044":" hr\u00e1","3045":"bn\u00ed ","3046":"s\u00edte","3047":"\u010der ","3048":"angl","3049":"koro","3050":"rovi","3051":"\u017estv","3052":"er\u00fdm","3053":" stv","3054":"ektr","3055":"zda ","3056":" oml","3057":"ekni","3058":"\u010dili","3059":"ysl ","3060":"bli ","3061":" kos","3062":" ob\u010d","3063":"br\u00e1n","3064":"enec","3065":" sp\u00ed","3066":"etu ","3067":" tes","3068":" um\u011b","3069":"od\u00e1v","3070":"hne ","3071":"trov","3072":"duj\u00ed","3073":"lat\u00ed","3074":"ov\u00ed ","3075":"mal\u00fd","3076":"noha","3077":"aje ","3078":" ver","3079":"elen","3080":"\u00e1til","3081":"boru","3082":"\u0159el ","3083":"p\u0159e\u010d","3084":" t\u0159\u00ed","3085":"vzbu","3086":"ocni","3087":"ti\u017e ","3088":"ztra","3089":"\u0159ede","3090":"\u00edv\u00e1m","3091":"ro\u010dn","3092":"jv\u011bt","3093":" \u010di ","3094":"dili","3095":"tn\u00e1 ","3096":"oti\u017e","3097":"ep\u0159i","3098":"lie ","3099":"ar\u00e1d","3100":"u\u010din","3101":" doj","3102":"ideo","3103":"nul ","3104":"ladu","3105":"ene ","3106":"ck\u00e9h","3107":"niko","3108":"\u010duje","3109":" pob","3110":" men","3111":"graf","3112":"mrti","3113":"t\u00e9m ","3114":" pry","3115":" sm\u00ed","3116":"it\u0159 ","3117":"anem","3118":"v\u011bto","3119":"zali","3120":"dvou","3121":"\u00fdcho","3122":"rakt","3123":"p\u0159ev","3124":"obsa","3125":"ysli","3126":"tehd","3127":"nese","3128":"aska","3129":" tec","3130":"sama","3131":"enta","3132":"sek ","3133":"ejde","3134":"ned\u00e1","3135":" \u0159e\u0161","3136":" har","3137":"\u00edzen","3138":"lidn","3139":"ep\u0159e","3140":"au\u010di","3141":"vyhr","3142":"l\u00edbi","3143":"ejv\u011b","3144":"nero","3145":"o\u0159it","3146":"rozn","3147":"kluk","3148":" v\u011bz","3149":"hezk","3150":"klam","3151":"v\u00e9st","3152":"sebo","3153":" lev","3154":"\u010dasn","3155":"alek","3156":" t\u00e9m","3157":"osky","3158":" lin","3159":" ind","3160":"zav\u0159","3161":"\u0161tol","3162":"\u00edst\u011b","3163":"r\u00e1da","3164":"dlit","3165":"jdou","3166":"\u010dkej","3167":"mohu","3168":"\u00e1len","3169":"n\u00edmi","3170":"otce","3171":"\u0159ejn","3172":"kli ","3173":"\u00edn\u00e1 ","3174":"ikov","3175":" mne","3176":"part","3177":"van\u00e1","3178":"vejt","3179":"v\u011bka","3180":"tres","3181":"zide","3182":"usta","3183":" \u010d\u00edm","3184":"\u00e1dal","3185":"\u00edstn","3186":"\u00edmo ","3187":" soc","3188":" koh","3189":"tup ","3190":" \u010dis","3191":"ed\u00e1v","3192":" n\u011b ","3193":"krok","3194":" \u0159ad","3195":"lome","3196":"titu","3197":" sic","3198":"\u011bka ","3199":"it\u00ed ","3200":"tude","3201":"o\u010dke","3202":" u\u017ei","3203":"itic","3204":"e\u0161n\u00ed","3205":"uche","3206":"kraj","3207":"t\u011bn\u00ed","3208":"popr","3209":"a\u010duj","3210":"sice","3211":"j\u00edm\u00e1","3212":"ece ","3213":"v\u00edda","3214":"uden","3215":" doz","3216":"tate","3217":"film","3218":"le\u017e\u00ed","3219":"rdel","3220":"ebov","3221":"rva ","3222":"rav\u00e9","3223":" zra","3224":" new","3225":"nad\u011b","3226":"\u0159ij\u00ed","3227":"v\u00fdro","3228":"v\u0159en","3229":"apo\u0161","3230":" mor","3231":"r\u00fdm ","3232":"ej\u0161\u00ed","3233":"stec","3234":"\u00edc\u00edc","3235":"bu\u010f ","3236":"zbyt","3237":"ajde","3238":"zp\u00e1t","3239":"m\u00edn\u00e1","3240":"uv\u011b\u0159","3241":"\u0159ili","3242":"razi","3243":"p\u0159ep","3244":"ebez","3245":"n\u00e1ch","3246":"a\u017een","3247":"sob\u00ed","3248":" uni","3249":"mhle","3250":"l\u00e9my","3251":"izov","3252":"vzni","3253":"zbra","3254":"kovo","3255":"\u00e1vu ","3256":"\u00e1nu ","3257":"luj\u00ed","3258":"zp\u011bt","3259":"bole","3260":" z\u00e1l","3261":"sli ","3262":" d\u016fm","3263":"pom\u016f","3264":" dve","3265":" mot","3266":"\u00fdval","3267":"du\u0161e","3268":"tupn","3269":"edn\u011b","3270":"mem ","3271":"lce ","3272":"las ","3273":"naho","3274":"vyso","3275":"valy","3276":"ob\u010da","3277":"a\u010dn\u00ed","3278":"le\u010de","3279":"malo","3280":"at\u0159i","3281":"\u0159ite","3282":"znik","3283":"ostn","3284":"dn\u00edk","3285":"atn\u011b","3286":"dni ","3287":"d\u00e1vn","3288":" v\u00fdc","3289":"sedm","3290":" d ","3291":"ouf\u00e1","3292":"\u0159\u00edb\u011b","3293":"at\u00ed ","3294":"john","3295":" p\u016fl","3296":"\u010deho","3297":"\u010daso","3298":"cel\u00e1","3299":" jic","3300":"yhle","3301":"dopr","3302":"icko","3303":"jezd","3304":"orno","3305":"ever","3306":" trv","3307":"dinu","3308":"rval","3309":"bli\u017e","3310":"akon","3311":"m\u00edm ","3312":"enuj","3313":" j\u00edd","3314":"nta ","3315":"prog","3316":"vov\u00fd","3317":"hod ","3318":"moc\u00ed","3319":"v\u011bde","3320":"o\u017eil","3321":" m\u00e9h","3322":"ije ","3323":"\u00edc\u00edm","3324":"mu\u017ee","3325":"\u011bdko","3326":"vka ","3327":"p\u0159ib","3328":"pry\u010d","3329":"acen","3330":"p\u00e1tk","3331":"ou\u0161t","3332":"emys","3333":"c\u00edti","3334":"ahuj","3335":"p\u0159\u00ed\u0161","3336":"apro","3337":"apad","3338":"v\u010der","3339":"d\u00e1me","3340":" ok ","3341":" z\u00e1j","3342":"ezid","3343":"nesn","3344":"zv\u011bd","3345":" her","3346":"vych","3347":"jekt","3348":"ima ","3349":"\u0159ine","3350":" dar","3351":" vyc","3352":"dov\u00e1","3353":"ly\u0161\u00ed","3354":"asy ","3355":"rom\u00e1","3356":"r\u00e1vy","3357":"hlub","3358":"shro","3359":"sl\u00ed ","3360":"zd\u00e1l","3361":" taj","3362":"ozd\u00ed","3363":"epta","3364":"ry\u010d ","3365":"livo","3366":"zat ","3367":"lov\u00e9","3368":"lace","3369":"\u0148ova","3370":"liv\u00fd","3371":"spor","3372":"ikac","3373":"odn\u00e9","3374":"vypr","3375":"erve","3376":"bral","3377":" zne","3378":"oj\u010fm","3379":"norm","3380":"\u00e1tku","3381":"adno","3382":"voji","3383":"ohat","3384":"omun","3385":"l\u00fdch","3386":"\u017eels","3387":"uci ","3388":"\u010derv","3389":"anti","3390":"hopi","3391":"knu ","3392":"dina","3393":"t\u011bj\u00ed","3394":"v\u00fdzn","3395":"bl\u00edz","3396":"us\u00edt","3397":" tla","3398":"\u00e1rn\u00ed","3399":"chem","3400":"t\u00e1va","3401":"vyro","3402":"esu ","3403":"\u00edb\u011bh","3404":"den\u00ed","3405":"elem","3406":"avuj","3407":"\u010dite","3408":"\u00e1nek","3409":"azov","3410":"rogr","3411":"d\u00edl ","3412":"\u011bly ","3413":"eda ","3414":"\u0159\u00edv ","3415":" dro","3416":"\u017easn","3417":"n\u00edku","3418":"v\u00e1d\u00ed","3419":"nemy","3420":"tenh","3421":"zd\u00edl","3422":"nali","3423":" ter","3424":" me ","3425":"zjev","3426":"\u0159ebo","3427":"dve\u0159","3428":" oby","3429":"elo ","3430":"ese ","3431":"\u00fa\u017eas","3432":"rm\u00e1l","3433":"omoh","3434":"r\u016fst","3435":"tel\u016f","3436":"motn","3437":"j\u010fme","3438":"mar\u00e1","3439":"levi","3440":"\u00fdzna","3441":"\u0161kod","3442":"slun","3443":"rana","3444":"o\u010dek","3445":"ezn\u00e1","3446":"laj\u00ed","3447":"raha","3448":"s\u00edce","3449":" led","3450":" l ","3451":"nale","3452":"uv\u00ed ","3453":"hdy ","3454":"enhl","3455":"barv","3456":"lady","3457":"inst","3458":"nhle","3459":"o\u017e\u00edm","3460":" oka","3461":"ion ","3462":"aslo","3463":"\u00e1dy ","3464":"tva ","3465":"istr","3466":"ne\u0161n","3467":"jsjs","3468":"\u0159\u00eddi","3469":"o\u017est","3470":"tr\u00e1v","3471":" vzh","3472":"rozk","3473":" mo\u0159","3474":"t\u00fdm ","3475":"upil","3476":"\u016fjde","3477":"dovn","3478":"evil","3479":"opad","3480":"viny","3481":"tn\u00edc","3482":"t\u0159et","3483":"lest","3484":"boli","3485":"\u017e\u00ed\u0161e","3486":" zvy","3487":"sla ","3488":"m\u011brn","3489":"atil","3490":"\u00edka ","3491":"efon","3492":"adil","3493":"lask","3494":"mova","3495":"\u00e1v\u00e1n","3496":"dom\u00ed","3497":"ines","3498":" odh","3499":"mari","3500":" sat","3501":"a\u017edo","3502":"vn\u00edh","3503":"\u0159\u00e1dn","3504":" upr","3505":"enku","3506":" li ","3507":"\u0159ich","3508":" zby","3509":"edok","3510":" zro","3511":" you","3512":"ova\u017e","3513":"c\u00edho","3514":"elef","3515":" moz","3516":"celk","3517":"kci ","3518":"uc\u00ed ","3519":"adlo","3520":"koly","3521":" zp\u00e1","3522":"pous","3523":"vte ","3524":" du\u0161","3525":"plav","3526":"rac\u00ed","3527":"l\u00edzk","3528":"zd\u00e1 ","3529":"eln\u00fd","3530":"um\u00edm","3531":"ep\u0159\u00ed","3532":"lefo","3533":"n\u010dil","3534":"adat","3535":"dr\u017e\u00ed","3536":"\u010dasu","3537":" rus","3538":" skr","3539":"n\u00e1so","3540":"uch ","3541":"esv\u011b","3542":" y ","3543":" \u00fa\u017ea","3544":"soci","3545":"urva","3546":" \u010dte","3547":"achr","3548":" kru","3549":"bank","3550":"\u011bny ","3551":" op\u011b","3552":"on\u010d\u00ed","3553":"bydl","3554":" tan","3555":" nos","3556":"vodu","3557":"ochr","3558":"nulo","3559":"resl","3560":"ohlo","3561":"pen\u011b","3562":" trp","3563":"ovn\u011b","3564":"\u011bku ","3565":"dsk\u00e9","3566":"kvap","3567":" kal","3568":"hcem","3569":"uf\u00e1m","3570":" dot","3571":"publ","3572":"t\u0159\u00edd","3573":"z\u00e1sa","3574":" akc","3575":" sex","3576":"nen\u00e1","3577":"h\u00e1m ","3578":" osm","3579":"\u00fahel","3580":"jen\u00ed","3581":"ln\u00e1 ","3582":" n\u00e1k","3583":"kne ","3584":"u\u0161e ","3585":"entr","3586":"a\u017euj","3587":"hor\u0161","3588":"a\u017eov","3589":"\u0159\u00edve","3590":"hlou","3591":"pan ","3592":" k\u00e1m","3593":"cet ","3594":"love","3595":" ene","3596":"len\u00e9","3597":"\u010d\u00edn\u00e1","3598":"\u00edv\u00e1n","3599":"loup","3600":"sit ","3601":"t\u00fddn","3602":"ehdy","3603":"nohe","3604":" tah","3605":"\u011b\u0159il","3606":"noc ","3607":"tati","3608":"om\u016f\u017e","3609":"uku ","3610":"avov","3611":"avou","3612":"slo\u017e","3613":"idu ","3614":"ergi","3615":"\u00fasp\u011b","3616":"\u017eite","3617":"\u00e1vn\u00e9","3618":"obit","3619":"tern","3620":" m ","3621":"nerg","3622":"\u0159\u00edje","3623":"etr\u016f","3624":" pap","3625":"ht\u011bj","3626":"va\u017eu","3627":" \u017eal","3628":"tisk","3629":"zum\u011b","3630":"disk","3631":"m\u00e1ha","3632":"nam ","3633":" abs","3634":" sp\u00e1","3635":"omn\u011b","3636":"asn\u00fd","3637":"a\u010d\u00ed ","3638":"brou","3639":"dokt","3640":"\u0161n\u00ed ","3641":"\u010dera","3642":"oble","3643":"od\u016f ","3644":" v\u00ed ","3645":"rzy ","3646":"domi","3647":"olal","3648":"\u00edve ","3649":"oro ","3650":"azyk","3651":"vyko","3652":"olo\u017e","3653":"zv\u00ed\u0159","3654":"\u010dn\u00e1 ","3655":"\u0161ova","3656":"ceme","3657":"okto","3658":" krv","3659":"stel","3660":"vot\u011b","3661":"prve","3662":"ohyb","3663":"on\u016f ","3664":"\u0159ece","3665":"ekva","3666":"zapl","3667":" m\u00e1l","3668":"k\u00fdmi","3669":"jevo","3670":" \u00fasp","3671":" z\u00edt","3672":"\u010dern","3673":"gent","3674":"bavi","3675":"oles","3676":"atra","3677":"\u0159esv","3678":" oce","3679":"pr\u016fm","3680":"bl\u00e1z","3681":"este","3682":"ipom","3683":" eko","3684":"a\u0161ic","3685":"bn\u00e9 ","3686":"es\u00e1t","3687":"hod\u011b","3688":"t\u011bm ","3689":" zv\u011b","3690":"\u00e1nov","3691":"op\u011bt","3692":"ist\u00ed","3693":"hele","3694":"\u0161ina","3695":" hov","3696":" c ","3697":"tron","3698":" fin","3699":"ocel","3700":"stin","3701":"\u0159\u00ed\u0161t","3702":" usp","3703":"tnou","3704":"dom\u00e1","3705":"visl","3706":"ol\u016f ","3707":"nty ","3708":"odnu","3709":"edal","3710":"\u0165an\u00e9","3711":" sup","3712":"omad","3713":"l\u00ed\u017e\u00ed","3714":"sm\u00edr","3715":" e ","3716":"o\u010din","3717":"mace","3718":" odl","3719":"man ","3720":"dliv","3721":" kul","3722":"ize ","3723":" \u010dtv","3724":"ek\u00e1v","3725":" sho","3726":"lety","3727":"er\u00e9m","3728":" prd","3729":"kl\u00ed\u010d","3730":"nd\u011bl","3731":"hl\u00e1s","3732":"ogic","3733":"dher","3734":"l\u00e1me","3735":"kto ","3736":"edn\u00e9","3737":"onov","3738":"chv\u00e1","3739":"edky","3740":"\u011bstn","3741":"l\u00e1n\u00ed","3742":"lasi","3743":"stem","3744":"dk\u016f ","3745":"je\u017e ","3746":"\u017eelk","3747":"a\u017e\u00ed ","3748":"brzy","3749":" \u0159\u00edd","3750":"slib","3751":"n\u00e1dh","3752":" obo","3753":"des\u00e1","3754":"nili","3755":"in\u00fdm","3756":"\u0161n\u011b ","3757":"om\u00ed ","3758":"vysl","3759":" typ","3760":"prde","3761":"\u00e1\u0159i ","3762":"pevn","3763":"ejno","3764":" kl\u00ed","3765":"potr","3766":"f\u00e1m ","3767":"amu ","3768":"po\u017e\u00e1","3769":"ven\u00fd","3770":"ient","3771":"ola ","3772":"atan","3773":"d\u00e1\u0161 ","3774":"\u00e1dat","3775":"zace","3776":"\u00edsk\u00e1","3777":"t\u011bj\u0161","3778":"n\u00e1va","3779":"\u00e1dhe","3780":"tepl","3781":"huje","3782":"u\u017ee ","3783":"imo ","3784":"adem","3785":"verz","3786":"ile ","3787":"ln\u011bn","3788":"lid ","3789":"sous","3790":"\u017eit\u011b","3791":"arod","3792":"av\u00edm","3793":"plan","3794":"odn\u00fd","3795":"lade","3796":"setk","3797":"j\u00eddl","3798":"leko","3799":"v\u011bku","3800":"zn\u011b ","3801":"vinn","3802":"mami","3803":"\u00e1tor","3804":"slec","3805":"lela","3806":"nema","3807":" opu","3808":"\u0159eli","3809":"arch","3810":"v\u00e1n ","3811":"onom","3812":"lek ","3813":"ejn\u00fd","3814":"zved","3815":"n\u011bz ","3816":"kami","3817":"kame","3818":"text","3819":"vo\u0159e","3820":"onst","3821":"raz ","3822":"tliv","3823":" z\u00e1z","3824":" bou","3825":"obec","3826":"espo","3827":"ismu","3828":"okam","3829":" b\u00fdv","3830":"ekto","3831":"l\u00e1te","3832":"rali","3833":" res","3834":"rand","3835":"buju","3836":"sezn","3837":"am\u011bs","3838":"ery ","3839":" odb","3840":" hud","3841":" h\u0159\u00ed","3842":"ck\u00fdm","3843":"sl\u00edt","3844":"dopi","3845":"stop","3846":"p\u0159eh","3847":"robu","3848":"p\u00ed\u0161 ","3849":"i\u010den","3850":" nut","3851":" san","3852":"k\u00e1va","3853":"t\u00fdch","3854":"om\u00e1c","3855":"skav","3856":"skor","3857":"mato","3858":"\u0159ekv","3859":"a\u0161em","3860":"gova","3861":" byt","3862":"alen","3863":" nac","3864":"cen\u00ed","3865":"\u010d\u00e1tk","3866":"sud ","3867":"kono","3868":"eko ","3869":"\u00edle ","3870":"eln\u00ed","3871":"kaz ","3872":"zalo","3873":" ran","3874":" ser","3875":"luju","3876":"z\u00e1vi","3877":" rek","3878":"sjsj","3879":"zab\u00ed","3880":" tex","3881":"uper","3882":"krev","3883":" m\u00edn","3884":"r\u00e1n\u00ed","3885":" jez","3886":"k\u00e1me","3887":"va\u017eo","3888":"nila","3889":"oven","3890":"brov","3891":"\u011bsta","3892":"\u011bnil","3893":"st\u00fd ","3894":" zal","3895":"vyd\u00e1","3896":" spe","3897":"p\u011bch","3898":"zka ","3899":"nn\u00e9 ","3900":"kous","3901":"it\u00fd ","3902":"ahy ","3903":"ozem","3904":"\u010dn\u00edk","3905":"bsah","3906":"in\u00ed ","3907":"vypl","3908":"\u0159edt","3909":"\u00e1pu ","3910":"deo ","3911":" ryb","3912":"it\u00e1n","3913":"u\u00e1ln","3914":" fir","3915":"ekli","3916":"pohy","3917":"ej\u00edc","3918":"naje","3919":"ern\u00ed","3920":"atit","3921":"lsk\u00fd","3922":"yu\u017e\u00ed","3923":"d\u00edle","3924":" \u00faro","3925":" vin","3926":" med","3927":"n\u00e1si","3928":"odem","3929":"ast ","3930":"u\u017e\u00ed ","3931":"jet ","3932":"neuv","3933":" \u00fako","3934":"\u0161tn\u00ed","3935":" pt\u00e1","3936":"zej\u00ed","3937":"en\u00e1v","3938":"\u00e1\u0159e ","3939":"sp\u011bc","3940":"vac\u00ed","3941":"y\u0159i ","3942":"\u00edkaj","3943":"\u00e1sti","3944":"\u010dal ","3945":" t ","3946":"ouse","3947":"\u0159\u00edt ","3948":"l\u00e9ka","3949":" sen","3950":"j\u00edm ","3951":"skal","3952":"pisu","3953":"n\u00e1pa","3954":"chan","3955":"odov","3956":"mi\u0148 ","3957":"dozv","3958":"an\u00fdc","3959":"inil","3960":"zn\u00e9 ","3961":" tr\u00e1","3962":"atka","3963":" tyh","3964":"tyhl","3965":"napa","3966":"rava","3967":"bili","3968":"h\u00e1pu","3969":" ben","3970":"pron","3971":"spok","3972":"host","3973":"at\u011b ","3974":" bru","3975":"atrn","3976":"yna ","3977":"lavu","3978":"id\u00edt","3979":" uv\u00e1","3980":"born","3981":"elu ","3982":"pomn","3983":"erac","3984":"tanu","3985":"ou\u010da","3986":"otov","3987":"\u00e1vno","3988":"hist","3989":"adit","3990":"atu ","3991":"ist\u00fd","3992":"oucn","3993":"ev\u011b\u0159","3994":"hern","3995":"sat ","3996":"nie ","3997":"moj\u017e","3998":" o\u010de","3999":" del","4000":" nam","4001":"noci","4002":"obn\u00e9","4003":"oben","4004":"cuje","4005":"del ","4006":"j\u017e\u00ed\u0161","4007":"astr","4008":"\u00e1ska","4009":"die ","4010":"zrov","4011":"vybr","4012":"tvo ","4013":"ost\u00e1","4014":"\u011bl\u00e9 ","4015":"zen ","4016":"n\u00e1vi","4017":"um\u011bl","4018":" hot","4019":" upl","4020":"dn\u00e1n","4021":"ranu","4022":"l\u0161\u00edc","4023":" osv","4024":"\u010d\u00edst","4025":"ebes","4026":"dvoj","4027":"al\u00e9m","4028":"eln\u011b","4029":"ta\u010d\u00ed","4030":" mon","4031":"ysok","4032":"i\u0148te","4033":"litb","4034":"n\u011bmu","4035":"tito","4036":"jevu","4037":"one ","4038":" bri","4039":"obvy","4040":" jel","4041":"oj\u017e\u00ed","4042":"uh\u00fd ","4043":"hv\u00e1l","4044":"vinu","4045":"\u00e9pe ","4046":"tr\u00e1\u017e","4047":"zasl","4048":"bvyk","4049":" dce","4050":"usil","4051":"uset","4052":"est\u011b","4053":"\u0161\u0161\u00ed ","4054":"zuj\u00ed","4055":"esty","4056":"zvyk","4057":"rozm","4058":" z\u0159e","4059":"omez","4060":" ne\u0161","4061":"i\u010dka","4062":"e\u0161en","4063":"en\u00e9h","4064":"olej","4065":" psa","4066":"l\u00e9pe","4067":"sahu","4068":" \u00fato","4069":"\u00e1\u0159\u00ed ","4070":"edou","4071":"eck\u00e9","4072":"d\u00e1lo","4073":"em\u00ed ","4074":"ejen","4075":"slal","4076":"ilet","4077":"ouv\u00e1","4078":"ozic","4079":"osil","4080":"\u00edbil","4081":" \u0159\u00edm","4082":"dino","4083":"ise ","4084":"\u00e1zat","4085":"or\u0161\u00ed","4086":"ov\u011b\u010f","4087":"m\u00e1\u017ed","4088":"blik","4089":"nadn","4090":" sra","4091":"n\u00e1\u0161\u00ed","4092":"pade","4093":"syn ","4094":"en\u00fdm","4095":"\u00edjem","4096":"zaji","4097":"hr\u00e1l","4098":" vy\u0159","4099":"itov","4100":"\u00fdden","4101":"t\u00fdde","4102":"venk","4103":" exp","4104":"avn\u011b","4105":"om\u00e1\u017e","4106":"\u0161ku ","4107":"nera","4108":" ni ","4109":" p ","4110":"uv\u00edm","4111":"eknu","4112":"adal","4113":"jdi ","4114":" gal","4115":"doce","4116":"nsk\u00e1","4117":"edt\u00ed","4118":"nejm","4119":"ich\u00e1","4120":"ivu ","4121":" uhl","4122":"dt\u00edm","4123":"omlo","4124":"ilia","4125":"dejt","4126":"v\u011b\u010f ","4127":"syna","4128":"cie ","4129":"dcer","4130":"pode","4131":"k\u00e9mu","4132":"mnoz","4133":"vn\u00fd ","4134":"ku\u0161e","4135":"av\u0159e","4136":"ak\u00fdm","4137":"noz\u00ed","4138":"bn\u00edk","4139":"azen","4140":"ne\u0159e","4141":"nsko","4142":"acho","4143":"ptal","4144":"d\u00fdch","4145":"m\u00e1lo","4146":"okla","4147":"prok","4148":"o\u010di ","4149":"\u00e1di ","4150":"no\u017es","4151":" z\u00e1b","4152":"niza","4153":" p\u016fv","4154":"hali","4155":"odni","4156":" blo","4157":"\u00e1\u0161tn","4158":"rstv","4159":"ater","4160":"p\u0159ic","4161":"ndu ","4162":"ln\u00edc","4163":"petr","4164":"din\u00fd","4165":"v\u00fdra","4166":"\u00e1zku","4167":"jova","4168":"\u017ete ","4169":" fal","4170":"t\u011bli","4171":"souv","4172":"i\u010dem","4173":"dosp","4174":"lovn","4175":"kn\u011bm","4176":"\u00fdraz","4177":"porn","4178":"adam","4179":"l\u00e1nk","4180":" mik","4181":"amot","4182":"\u00e1sad","4183":"o\u010dka","4184":"slet","4185":"icha","4186":" dny","4187":" osl","4188":"va\u0161i","4189":"slu\u0161","4190":"hnut","4191":"u\u017e\u00edt","4192":"haj\u00ed","4193":"u\u010das","4194":"\u011btlo","4195":"byte","4196":"chej","4197":"\u00e1\u0161en","4198":"foto","4199":"sten","4200":"nav\u0161","4201":"\u00edm\u00e1 ","4202":"isku","4203":"v\u011bzd","4204":"bere","4205":"vz\u00edt","4206":"z\u00edt ","4207":"\u00fakol","4208":"\u017eou ","4209":"try ","4210":"\u00edry ","4211":"hv\u011bz","4212":"\u00e1sku","4213":"in\u00fdc","4214":" tri","4215":"\u017e\u00edme","4216":"n\u00e1ho","4217":"eji ","4218":"komp","4219":"mn\u011bl","4220":"t\u011blo","4221":"\u00e1dno","4222":"n\u0161\u00ed ","4223":"s\u00e1t ","4224":" otr","4225":"mick","4226":"boj\u00ed","4227":"rej ","4228":"idel","4229":"l\u00edme","4230":"idov","4231":"vy\u0161\u0161","4232":"mali","4233":"ton ","4234":" odk","4235":" lis","4236":"st\u00e1 ","4237":"lane","4238":" sek","4239":" k\u0159i","4240":"guje","4241":" sty","4242":"inus","4243":"supe","4244":"av\u0161t","4245":"aku ","4246":"azy ","4247":"elic","4248":"v\u00e1mi","4249":"psat","4250":"\u0161et ","4251":" ve\u0159","4252":"even","4253":"\u0159e\u0161i","4254":"m\u011br ","4255":" v\u011bn","4256":"ev\u011bd","4257":"ince","4258":"bojo","4259":"y\u0161\u0161\u00ed","4260":"\u0159e\u0161e","4261":"ostl","4262":"lite","4263":"seve","4264":"tahu","4265":"vnos","4266":"a\u010dne","4267":"ium ","4268":"sp\u011b\u0161","4269":"lad\u00fd","4270":" che","4271":" spi","4272":" \u017e\u00edt","4273":"v\u011b\u010dn","4274":"oroc","4275":"oroz","4276":"ta\u0148 ","4277":"plni","4278":"t\u011bte","4279":"opil","4280":"udr\u017e","4281":"tmi ","4282":" mic","4283":"e\u010dek","4284":" jdu","4285":"upit","4286":" v\u011b\u010d","4287":" sev","4288":"rcho","4289":"ebol","4290":"est\u00e1","4291":"vody","4292":"vra\u017e","4293":"mode","4294":" ach","4295":"rv\u00e9 ","4296":"\u011btem","4297":"evro","4298":"unik","4299":"vila","4300":"akce","4301":"oupe","4302":" za\u0159","4303":"teda","4304":"tr\u00e1n","4305":"prv\u00e9","4306":"\u00e1zej","4307":"ard ","4308":"spln","4309":"sopi","4310":"n\u00e1me","4311":" bro","4312":"seli","4313":"ivn\u011b","4314":"pu\u0161t","4315":"\u00e1hod","4316":"\u0159edk","4317":"sm\u00edc","4318":"r\u00e1le","4319":"\u011bmu ","4320":"entu","4321":"pres","4322":"klon","4323":"r\u00e1vu","4324":"inan","4325":"p\u0159iz","4326":"rady","4327":"\u017euje","4328":"asop","4329":" up\u0159","4330":"nomi","4331":" his","4332":"dpok","4333":"\u0161ky ","4334":" \u010d\u00edn","4335":"evn\u011b","4336":"dstv","4337":"pnos","4338":"uch\u00e1","4339":"hovu","4340":"en\u011bz","4341":"zem ","4342":"a\u0161el","4343":" asp","4344":"\u0161et\u0159","4345":"ales","4346":" byd","4347":"tn\u00edh","4348":"\u0159ed\u00ed","4349":"dm\u00edt","4350":"uv\u00e1d","4351":"tla\u010d","4352":"v\u0161im","4353":"o\u010d\u00ed ","4354":"\u010dnou","4355":"il\u00ed ","4356":"umen","4357":" noh","4358":"funk","4359":" uva","4360":"lato","4361":"skat","4362":"t\u00edt ","4363":"\u017en\u00ed ","4364":"deln","4365":"aneb","4366":"in\u00e1 ","4367":"\u00edt\u00edm","4368":"and ","4369":"city","4370":"id\u00ed\u0161","4371":"eroz","4372":"pot\u00e9","4373":"dmi ","4374":"\u010dtu ","4375":"tru ","4376":"e\u010d\u00ed ","4377":" lit","4378":"hl\u00edd","4379":"\u011b\u0159\u00edm","4380":"p\u00edsm","4381":"c\u00edle","4382":"chud","4383":" kop","4384":"mist","4385":"v\u011bze","4386":"elev","4387":"mi\u0148t","4388":"p\u016fvo","4389":" far","4390":"\u00edlen","4391":" d\u016fk","4392":"odbo","4393":"evn\u00ed","4394":"olo ","4395":"\u010dila","4396":"\u016fv\u011br","4397":"\u00e1zka","4398":"apla","4399":"edne","4400":"\u0159ibl","4401":"oduk","4402":"tlak","4403":"\u00e1z\u00e1n","4404":" ohr","4405":" n\u011b\u010d","4406":"lesk","4407":"indi","4408":"zru\u0161","4409":"\u00e1li ","4410":"\u016fzn\u00fd","4411":"nal\u00e9","4412":"aros","4413":"u\u010ded","4414":"uhle","4415":" uct","4416":"m\u00ednu","4417":" bav","4418":"ente","4419":"uspo","4420":"vrop","4421":"rusk","4422":"\u00e1nku","4423":"i\u010dn\u00ed","4424":"v\u00e1te","4425":"\u00e1\u017ee ","4426":" umo","4427":"rov\u011b","4428":"raze","4429":"rov\u00e9","4430":"ra\u0161n","4431":"adov","4432":"r\u017eet","4433":"denn","4434":"tara","4435":"dob\u00ed","4436":"pe\u010d\u00ed","4437":"jel ","4438":"n\u00e1\u0161e","4439":"\u011bdec","4440":"pit\u00e1","4441":"asov","4442":"v\u00e1d\u011b","4443":"ybra","4444":"v\u00edt\u011b","4445":"an\u011bn","4446":"an\u016fm","4447":"okus","4448":"na\u0161l","4449":"\u00edt\u011bz","4450":"ovor","4451":"jdet","4452":"vsk\u00e9","4453":"oru\u010d","4454":"rank","4455":"fale","4456":"rry ","4457":"\u011blaj","4458":"ch\u017e ","4459":"new ","4460":"lad\u00ed","4461":"\u010detl","4462":"\u0159e\u010dt","4463":"esk\u00e9","4464":"obn\u00ed","4465":"hlos","4466":"rty ","4467":"m\u00ednk","4468":"rn\u00e1 ","4469":"rii ","4470":"sata","4471":"ovl\u00e1","4472":" usa","4473":"azil","4474":"odu\u0161","4475":"vyda","4476":" var","4477":"hr\u00e1t","4478":"u\u017eij","4479":"kle ","4480":"akci","4481":"pose","4482":" zve","4483":"ern\u00e9","4484":"do\u0161l","4485":"oduc","4486":"poda","4487":" tru","4488":"sp\u011bl","4489":"ust\u00ed","4490":"\u00e9ka\u0159","4491":"\u017ed\u00e9 ","4492":"alos","4493":"leto","4494":"\u00e1vej","4495":" udr","4496":" d\u00e1 ","4497":"epro","4498":"dila","4499":"okl\u00e1","4500":"k\u00e1mo","4501":" zmi","4502":"er\u00e9h","4503":"ungu","4504":"naz\u00fd","4505":"l\u00e1n ","4506":"mn\u00e9 ","4507":"adne","4508":"alo\u017e","4509":"ou\u0161k","4510":"\u010dtvr","4511":"\u017eila","4512":"avte","4513":"az\u00fdv","4514":"pise","4515":" do\u0161","4516":"d\u011bt\u00ed","4517":"r\u00e1ln","4518":"ntn\u00ed","4519":"ley ","4520":"etic","4521":"nguj","4522":"okou","4523":"lape","4524":"ion\u00e1","4525":" t\u00e1t","4526":"t\u00e1hn","4527":"koum","4528":"dn\u00edh","4529":"zen\u00e9","4530":"afri","4531":"tla ","4532":" tim","4533":"lili","4534":"ich\u017e","4535":"dite","4536":" t\u011b\u0161","4537":"\u00edle\u017e","4538":"t\u00edme","4539":"uky ","4540":"abij","4541":" hv\u011b","4542":" rak","4543":"\u0159ech","4544":"v\u0161t\u011b","4545":"tlo ","4546":"m\u011bt ","4547":"\u00e1st\u00ed","4548":"\u00edtra","4549":"n\u00e1kl","4550":"plyn","4551":"chte","4552":"b\u011b\u017en","4553":"echo","4554":"um\u011bn","4555":"\u010deno","4556":" b\u00edl","4557":"dopo","4558":"zkum","4559":"ndy ","4560":" \u010del","4561":"dy\u0165 ","4562":" z\u00e1m","4563":"e\u0159e ","4564":" ruc","4565":"robo","4566":"z\u00edtr","4567":"nav\u00ed","4568":"vyd\u011b","4569":"vo\u0159\u00ed","4570":" vzk","4571":"liv\u011b","4572":"rad\u011b","4573":" evr","4574":"\u00e9na ","4575":"rek ","4576":"\u00e1\u017ed\u011b","4577":"erem","4578":"povz","4579":"mile","4580":"pan\u00ed","4581":"lidm","4582":"lnou","4583":"el\u016f ","4584":"bu\u010ft","4585":"atn\u00fd","4586":"ktro","4587":" mol","4588":"alu ","4589":"o\u0159\u00ed ","4590":" zel","4591":"sn\u00e1 ","4592":"otra","4593":" ome","4594":" \u00fast","4595":"mav\u00e9","4596":"ilos","4597":"tvrt","4598":"\u0159e\u010de","4599":"coko","4600":"l\u00edk ","4601":"ratu","4602":"vnou","4603":" dor","4604":" don","4605":"lejt","4606":" bal","4607":"t\u00edmt","4608":"e\u0159ek","4609":"rant","4610":"alis","4611":"\u00edzko","4612":"\u00edmto","4613":"meck","4614":"j\u00e1d\u0159","4615":" leh","4616":"p\u0159\u00edr","4617":"\u017e\u00e1da","4618":"ojem","4619":"luk ","4620":"liv\u00e9","4621":"zet ","4622":" pev","4623":"ntov","4624":"neod","4625":" def","4626":"anco","4627":"ejv\u00ed","4628":"tera","4629":" cok","4630":"tv\u00e1 ","4631":"rosi","4632":" bl\u00e1","4633":"\u010dedn","4634":"olek","4635":"divn","4636":"chol","4637":"jv\u00edc","4638":"stva","4639":"vid ","4640":"evuj","4641":"edln","4642":"\u011bl\u00e1t","4643":"abra","4644":"byva","4645":"\u017een\u00e9","4646":"vyhl","4647":"va\u0161\u00ed","4648":"yvat","4649":"kam\u017e","4650":"ucno","4651":" ukr","4652":"upra","4653":"t\u011bmi","4654":"v\u0161\u00edm","4655":"emen","4656":"atov","4657":"\u00edtil","4658":"\u0159ova","4659":"mich","4660":"\u00e1d\u00e1 ","4661":"\u00ed\u0159e ","4662":"\u0159et\u00ed","4663":" sv\u00e1","4664":"mat ","4665":"n\u00e1v\u00e1","4666":" vz\u00ed","4667":"\u017e\u00edho","4668":"u\u010fte","4669":"\u00ednus","4670":"av\u00edc","4671":"chut","4672":"unkc","4673":" p\u00e1t","4674":"d\u011bl\u00ed","4675":"vce ","4676":"adn\u011b","4677":"m\u011b\u0159 ","4678":"m\u00edru","4679":"roda","4680":"olno","4681":"uace","4682":"tav\u00ed","4683":"mn\u00ed ","4684":"nutn","4685":"\u00e1d\u00e1n","4686":" ant","4687":"za\u010d\u00e1","4688":"pozv","4689":"ahle","4690":"kult","4691":"\u00e1lky","4692":"bohe","4693":"uka ","4694":" dev","4695":"rka ","4696":"vzhl","4697":"\u010detn","4698":"snou","4699":"ezme","4700":"hl\u00edk","4701":"osv\u011b","4702":"and\u011b","4703":" v\u011bk","4704":"tav ","4705":"ch\u00e1m","4706":"cenu","4707":"trom","4708":"opno","4709":" opo","4710":"\u0161n\u00e9 ","4711":"kusi","4712":"most","4713":"\u011bmec","4714":"jn\u00fd ","4715":"p\u0159e\u017e","4716":" zpo","4717":"\u017een ","4718":"a\u010d\u00e1t","4719":"vku ","4720":" dat","4721":"smut","4722":"lkov","4723":"sil\u00ed","4724":"nez\u00e1","4725":"mus ","4726":"iln\u00ed","4727":"vesm","4728":"anos","4729":"bert","4730":"tion","4731":" k\u00e1z","4732":"zn\u00fdc","4733":"vyj\u00e1","4734":"n\u00edka","4735":"zn\u00e1n","4736":"idst","4737":"kuju","4738":"b\u00fdv\u00e1","4739":"spir","4740":"\u017edy\u0165","4741":"\u00ed\u017e\u00ed ","4742":"otro","4743":"yj\u00e1d","4744":"\u00e1zel","4745":"vyho","4746":"odha","4747":"v\u0161t\u00ed","4748":"tstv","4749":"men\u00ed","4750":"\u011bl\u00fd ","4751":"ekti","4752":"o\u010dil","4753":"omil","4754":"eviz","4755":"o\u0161lo","4756":"dele","4757":"din\u011b","4758":"odou","4759":" dia","4760":"avos","4761":" zn\u00ed","4762":"aspo","4763":" afr","4764":" kle","4765":"am\u017ei","4766":" hal","4767":"m\u00edrn","4768":"\u010dase","4769":"gii ","4770":"mene","4771":"azat","4772":"lze ","4773":"ck\u00e9m","4774":"p\u0159ir","4775":"ist ","4776":"okr\u00e1","4777":"a\u010dko","4778":"uva\u017e","4779":"obyv","4780":"ravn","4781":"rtv\u00fd","4782":"rafi","4783":"ct\u00edv","4784":"dsk\u00fd","4785":"t\u00e9m\u011b","4786":"zdro","4787":"t\u00e9mu","4788":"spek","4789":"omet","4790":"hl\u00e1\u0161","4791":"s\u00edla","4792":"neho","4793":"jen\u00fd","4794":"vhod","4795":"v\u00e1le","4796":"zoru","4797":"roml","4798":"o\u017e\u00edh","4799":" dem","4800":"rovs","4801":"uct\u00ed","4802":"uhod","4803":"an\u016f ","4804":"prah","4805":"konk","4806":" smu","4807":"tahl","4808":"drah","4809":"n\u00e1mk","4810":"nakr","4811":"a\u010d\u00edt","4812":"sran","4813":"cku ","4814":"ist\u00e1","4815":" arc","4816":"per ","4817":" z\u00e1c","4818":"rav\u00fd","4819":" kil","4820":"ysta","4821":"or\u016f ","4822":"obdo","4823":" det","4824":"in\u00e1c","4825":"inci","4826":" sal","4827":"\u0159iro","4828":"r\u00e9m ","4829":" zba","4830":"\u016fkaz","4831":"itom","4832":"tsk\u00e9","4833":" hlo","4834":"v\u011bst","4835":"prof","4836":"yvol","4837":"tkal","4838":"slab","4839":"uta ","4840":"adla","4841":"v\u0159el","4842":"oprv","4843":"dros","4844":"bdob","4845":"l\u00ed\u017ee","4846":"tah ","4847":"l\u00edbe","4848":"inis","4849":"\u00e9m\u011b\u0159","4850":" faj","4851":"\u00e1ma ","4852":"hl\u00ed\u017e","4853":"\u011b\u017ek\u00e9","4854":"ojuj","4855":"v\u00fdst","4856":"dol\u016f","4857":" ope","4858":"onem","4859":"ovac","4860":"zhle","4861":"ange","4862":"y\u0161et","4863":"zit ","4864":"ted ","4865":"\u0161il ","4866":"nt\u016f ","4867":"dole","4868":"upov","4869":"aeli","4870":"zal\u00e9","4871":" obe","4872":"hly ","4873":"kon\u00e1","4874":"evo ","4875":" zvo","4876":"v\u011bdn","4877":"atr ","4878":"init","4879":"p\u011b\u0161n","4880":"tupu","4881":" v\u00fdk","4882":"\u00e1tn\u00ed","4883":"mil ","4884":"umo\u017e","4885":"pln\u00e9","4886":"\u00e1la ","4887":"rozs","4888":"\u010dit\u00e9","4889":" deb","4890":"edek","4891":"\u00e1dn\u00e1","4892":"nkov","4893":"at\u00fd ","4894":"udy ","4895":"hode","4896":"k\u00e1\u0161 ","4897":"kol ","4898":"\u0159\u00ed\u0161e","4899":"rat\u0159","4900":"rozb","4901":" l\u00e9t","4902":"v\u00fdho","4903":"nove","4904":"ajem","4905":"kuje","4906":"i\u010dky","4907":"brej","4908":"open","4909":"i\u017en\u00ed","4910":"agen","4911":" \u0161\u00e9f","4912":"ybys","4913":"\u011bdk\u016f","4914":"roj ","4915":"sova","4916":"rod\u00e1","4917":"orn\u00ed","4918":"fekt","4919":"\u0161t\u011bv","4920":"ejd\u0159","4921":"lidu","4922":"l\u00e1\u0161e","4923":"firm","4924":"stna","4925":"neus","4926":"liar","4927":"idn\u011b","4928":" c\u00edr","4929":"omal","4930":"erne","4931":"jd\u0159\u00ed","4932":"amin","4933":"uaci","4934":" ciz","4935":" ne\u010d","4936":"c\u00edrk","4937":"\u00e1du ","4938":"r\u00e1zk","4939":"ojit","4940":"leni","4941":"seti","4942":"\u011b\u0159\u00ed ","4943":" v\u016fl","4944":" ane","4945":" le\u017e","4946":"vidl","4947":"elov","4948":" kva","4949":"iard","4950":"l\u00ed\u010de","4951":"koln","4952":"tus ","4953":"dalo","4954":"oln\u00ed","4955":"neko","4956":" pac","4957":"i\u010dku","4958":" zle","4959":"idmi","4960":"v\u00edd\u00e1","4961":"os\u00edl","4962":"plac","4963":"mrt ","4964":"you ","4965":"orok","4966":"len\u00fd","4967":"ho\u0159e","4968":"oct ","4969":"\u00e1tek","4970":"zele","4971":"ezap","4972":"fajn","4973":"ovzb","4974":"defi","4975":"l\u00e1ne","4976":"park","4977":"nami","4978":" car","4979":"v\u00e1na","4980":"\u00edben","4981":"odne","4982":" ide","4983":"eplo","4984":"lunc","4985":"dr\u017e ","4986":"ule ","4987":"ale\u0161","4988":"enky","4989":" st\u011b","4990":"edlo","4991":"lu\u0161n","4992":"al\u00e1 ","4993":"uli ","4994":"b\u011bh ","4995":"odpa","4996":"ent\u016f","4997":"ent\u00e1","4998":"nim ","4999":"t\u016fm "}}