{"dan":{"0":"det ","1":" det","2":" er ","3":" for","4":" at ","5":" i ","6":"der ","7":" og ","8":"jeg ","9":" jeg","10":"den ","11":" til","12":"ikke","13":"kke ","14":" en ","15":" der","16":" ikk","17":"til ","18":" du ","19":"for ","20":" den","21":" p\u00e5 ","22":" har","23":"har ","24":" de ","25":" af ","26":" med","27":"med ","28":" vi ","29":" han","30":" men","31":"ter ","32":"nde ","33":"ede ","34":"som ","35":"ende","36":" vil","37":"ger ","38":"ver ","39":" som","40":"lle ","41":" s\u00e5 ","42":"ige ","43":"ere ","44":"men ","45":" kan","46":"han ","47":"kan ","48":" var","49":"gen ","50":"ler ","51":"var ","52":" et ","53":" man","54":"get ","55":" hvo","56":"hvor","57":"ing ","58":" ska","59":" hva","60":"lige","61":"erne","62":" om ","63":"hvad","64":"vad ","65":"dig ","66":"ste ","67":" sig","68":" v\u00e6r","69":"nder","70":"inge","71":"else","72":" nog","73":"vil ","74":" her","75":"ller","76":"ning","77":"elig","78":"ske ","79":" kom","80":"rne ","81":"v\u00e6re","82":" mig","83":"mig ","84":"ker ","85":"nge ","86":"elle","87":"ille","88":"inde","89":"ved ","90":"igt ","91":" ved","92":" min","93":"ret ","94":" hav","95":"res ","96":"skal","97":"over","98":"kal ","99":"ner ","100":"enne","101":"\u00e6re ","102":" dig","103":" ove","104":" ind","105":" fra","106":" hvi","107":"ande","108":"lig ","109":"fra ","110":"omme","111":"noge","112":"dere","113":"nne ","114":"tte ","115":"her ","116":"ser ","117":"vis ","118":" hel","119":"rer ","120":"live","121":"ange","122":"komm","123":"man ","124":"ngen","125":" god","126":" lig","127":" nu ","128":" dem","129":"ten ","130":"nden","131":" kun","132":"mer ","133":"hed ","134":" and","135":"dem ","136":" bli","137":"ens ","138":" sam","139":"lse ","140":"fter","141":"alle","142":"eres","143":"sig ","144":" g\u00f8r","145":"dre ","146":" all","147":"iver","148":"unde","149":"bliv","150":"mme ","151":"ghed","152":"amme","153":"ring","154":" ell","155":"vor ","156":"ighe","157":"hold","158":"nger","159":"hvis","160":" gud","161":"fors","162":" os ","163":"tion","164":"mmer","165":"age ","166":"ave ","167":" hun","168":"ndre","169":"efte","170":"blev","171":"and ","172":" ble","173":"ette","174":"dan ","175":"oget","176":"ive ","177":"tage","178":"ham ","179":"vet ","180":"ligt","181":" und","182":"ene ","183":"este","184":" hen","185":" ham","186":" tro","187":"are ","188":"\u00f8re ","189":" sel","190":"tet ","191":" bar","192":" sto","193":" end","194":" sid","195":"min ","196":"rede","197":" eft","198":" alt","199":"sker","200":"selv","201":" f\u00f8r","202":"len ","203":"rlig","204":" ud ","205":"gang","206":"sige","207":"eder","208":"hun ","209":" din","210":"tter","211":" tid","212":"have","213":"rden","214":"n\u00e5r ","215":" ogs","216":"gs\u00e5 ","217":"ogs\u00e5","218":"iger","219":" vid","220":" m\u00e5 ","221":"vill","222":"ine ","223":"vde ","224":"leve","225":"havd","226":"ren ","227":"avde","228":" fre","229":"orde","230":"samm","231":"give","232":" sin","233":"stor","234":"des ","235":"rfor","236":"kker","237":" dag","238":" sta","239":"ndt ","240":" da ","241":"ans ","242":" tag","243":"tid ","244":" n\u00e5r","245":"lev ","246":"mmen","247":"sen ","248":"alt ","249":"ehov","250":"atio","251":"hede","252":" se ","253":" sag","254":"land","255":"unne","256":" bes","257":"g\u00f8re","258":" ven","259":"tere","260":"ster","261":" kon","262":" bru","263":"iden","264":"kunn","265":"bare","266":"eget","267":" mod","268":"ide ","269":"dag ","270":" vor","271":" pro","272":"ion ","273":" hve","274":"ang ","275":" lad","276":"brug","277":"mere","278":"lede","279":"isk ","280":"mang","281":" op ","282":" jeh","283":"jeho","284":"hova","285":"godt","286":"ente","287":"din ","288":"odt ","289":"side","290":"nnes","291":"nter","292":" hol","293":" fin","294":"hans","295":"orda","296":"rdan","297":" kri","298":" meg","299":"kom ","300":" lan","301":"vord","302":"mege","303":"ager","304":"skab","305":"eske","306":"sse ","307":"ndel","308":" gan","309":"ndet","310":"ort ","311":"tale","312":"fort","313":" ste","314":"let ","315":"emme","316":"andr","317":"elv ","318":" giv","319":"ket ","320":"iste","321":"gtig","322":"ener","323":"dste","324":"kend","325":" sku","326":"gud ","327":"mand","328":"lde ","329":" vis","330":"nesk","331":"jord","332":"ind ","333":"dett","334":"denn","335":"g\u00f8r ","336":"ligh","337":"elt ","338":"frem","339":"menn","340":"sted","341":"lad ","342":"atte","343":"ent ","344":"tede","345":"dels","346":" f\u00e5 ","347":"deli","348":" tal","349":"olde","350":"eren","351":"eret","352":"dens","353":" bet","354":"ione","355":"sten","356":"lere","357":" jer","358":"nske","359":"gle ","360":" beg","361":"ogen","362":" skr","363":"arbe","364":"\u00f8rst","365":" ja ","366":"gde ","367":" mer","368":"tisk","369":"irke","370":"idt ","371":"oner","372":"folk","373":"rbej","374":"gere","375":" lid","376":"bejd","377":" gen","378":" ret","379":"set ","380":"agde","381":"ford","382":"hend","383":"virk","384":"vore","385":"iske","386":"end ","387":"rist","388":" liv","389":"tilb","390":" bed","391":"ores","392":"nes ","393":" nej","394":"nej ","395":"mod ","396":"verd","397":"eden","398":"g\u00e5r ","399":"vide","400":" hje","401":"till","402":" dis","403":"inte","404":" ver","405":"keli","406":" ord","407":"ling","408":"ale ","409":" vir","410":"ogle","411":"rig ","412":"nen ","413":"ulle","414":"erde","415":"elen","416":"ken ","417":"vind","418":" f\u00f8l","419":" fol","420":"ele ","421":" rig","422":" spi","423":"vorf","424":" ude","425":" mor","426":"lder","427":" b\u00f8r","428":"ejde","429":"orfo","430":"rste","431":"f\u00f8rs","432":"nogl","433":"lade","434":"skri","435":"find","436":" \u00e5r ","437":"\u00f8lge","438":"rund","439":"dte ","440":"igen","441":"jer ","442":"old ","443":"skul","444":" ing","445":"gjor","446":"ror ","447":"sagd","448":"gern","449":"f\u00f8lg","450":" int","451":"ykke","452":"isse","453":"hj\u00e6l","454":" fan","455":"j\u00e6lp","456":"illi","457":"kris","458":" far","459":"ber ","460":"rde ","461":"igti","462":"evet","463":"\u00e5de ","464":"kull","465":"hver","466":" syn","467":"stil","468":" hj\u00e6","469":" h\u00f8r","470":"ers ","471":" san","472":"net ","473":"uden","474":"rte ","475":"forb","476":"idst","477":" sen","478":"tnin","479":"ting","480":" hus","481":"sin ","482":" g\u00e5r","483":"elsk","484":" arb","485":"llig","486":" to ","487":"\u00e5ske","488":"vend","489":" ser","490":" gjo","491":"tror","492":"vise","493":" kla","494":" lav","495":"\u00e6tte","496":" bib","497":"ansk","498":"kun ","499":" jes","500":"bage","501":" m\u00e5s","502":"lave","503":"m\u00e5sk","504":"ered","505":"nok ","506":"hele","507":"ordi","508":" nok","509":" d\u00f8d","510":" ned","511":"klar","512":"enes","513":"enge","514":"gte ","515":"ibel","516":" f\u00e5r","517":"yder","518":"lske","519":"jesu","520":"s\u00e5da","521":"\u00e5dan","522":" s\u00e5d","523":"ord ","524":"erer","525":" dan","526":"f\u00e5r ","527":" gru","528":"\u00e5et ","529":"mmel","530":"tern","531":"ova ","532":"ldt ","533":" tr\u00e6","534":"ynde","535":"\u00e6ste","536":"lser","537":"skyl","538":"bibe","539":"rdi ","540":"vare","541":"ider","542":" eks","543":"agt ","544":"guds","545":"helt","546":"vede","547":"stan","548":" t\u00e6n","549":"iser","550":"lidt","551":" bil","552":"tjen","553":"t\u00e6nk","554":"ilba","555":"asse","556":"andt","557":"kyld","558":"b\u00f8rn","559":" ken","560":" sik","561":" jo ","562":" tak","563":"ings","564":" vej","565":" g\u00e5 ","566":"lbag","567":"alde","568":"spil","569":" mit","570":"ruge","571":"orst","572":"fore","573":"ytte","574":"olk ","575":"fork","576":"nere","577":"ndes","578":"vent","579":"mit ","580":"ore ","581":" ige","582":"dage","583":"t\u00e5r ","584":" ald","585":"uds ","586":" vel","587":" sti","588":"rige","589":"stem","590":"\u00e6nge","591":"\u00e6ret","592":"st\u00e5r","593":" reg","594":"sand","595":" van","596":"\u00e6kke","597":"und ","598":"vem ","599":"\u00f8de ","600":"svar","601":"hvem","602":" ske","603":"hvil","604":"erin","605":" del","606":" l\u00e6r","607":"agen","608":"lem ","609":" par","610":" pla","611":"nest","612":"mind","613":"diss","614":" st\u00f8","615":"rend","616":"grun","617":" nat","618":" blo","619":"tide","620":"ader","621":"\u00f8rer","622":"s\u00e6tt","623":" tre","624":"hand","625":"ilke","626":"nlig","627":"tre ","628":"form","629":" fle","630":"rkel","631":"tige","632":" per","633":"nede","634":"per ","635":" str","636":"gge ","637":"ert ","638":" h\u00f8j","639":"liv ","640":"ets ","641":"sikk","642":"sus ","643":"dnin","644":"tore","645":"endt","646":"ade ","647":"rker","648":"hjem","649":"vilk","650":"hell","651":"lang","652":"ien ","653":"ders","654":" mar","655":"ndsk","656":"sind","657":"vel ","658":"rre ","659":"art ","660":"\u00e6rdi","661":"tigt","662":"esus","663":"\u00e6rli","664":"l\u00e6re","665":" fik","666":" lev","667":" tin","668":"lsen","669":"aldr","670":"fuld","671":"fik ","672":"drig","673":"r\u00f8ve","674":"ldri","675":"ven ","676":" ski","677":"mine","678":"ndte","679":"kede","680":"inds","681":"est ","682":"\u00e6lle","683":"tand","684":" sky","685":"talt","686":"ivet","687":"ned ","688":"tor ","689":"dern","690":"m\u00e5de","691":"gger","692":"orge","693":"stra","694":"ted ","695":"dit ","696":"vand","697":"f\u00f8r ","698":"rske","699":"\u00e6gge","700":"rigt","701":" jor","702":"gels","703":"andl","704":" dit","705":"skel","706":"pr\u00f8v","707":"met ","708":"jene","709":" tje","710":"gene","711":"tak ","712":"akti","713":"kabe","714":" m\u00e5d","715":" bor","716":"rive","717":"vas ","718":"egyn","719":"begy","720":"nnem","721":"aler","722":"gynd","723":"\u00f8rn ","724":"erfo","725":"rst\u00e5","726":"del ","727":"genn","728":"ovas","729":"stre","730":"ment","731":"kald","732":" st\u00e5","733":"sere","734":"f\u00e6rd","735":"ress","736":"nte ","737":" mis","738":"poli","739":"lte ","740":" fri","741":" res","742":" beh","743":"unds","744":"ndig","745":" lov","746":" ene","747":"ist ","748":" l\u00e6s","749":"utte","750":"sv\u00e6r","751":"s\u00f8ge","752":"stad","753":"bele","754":"geli","755":" n\u00e6s","756":"l\u00e6gg","757":" pr\u00f8","758":"egne","759":"aget","760":"erso","761":" pol","762":"vist","763":"liti","764":"sids","765":" pen","766":"ode ","767":"god ","768":"pill","769":"olit","770":"rke ","771":" gav","772":"ier ","773":"\u00e6lpe","774":" sp\u00f8","775":"sket","776":" vin","777":"ise ","778":"forh","779":"vers","780":"send","781":"unge","782":"tig ","783":"p\u00f8rg","784":" mil","785":"sp\u00f8r","786":"ygge","787":"derf","788":"ater","789":" sit","790":"rati","791":"igne","792":"fler","793":"\u00e6nke","794":" pr\u00e6","795":"oble","796":"rels","797":"akke","798":" kvi","799":"\u00e6rke","800":"avn ","801":" sty","802":"pers","803":"gens","804":"dder","805":"uge ","806":"indr","807":"aver","808":"idne","809":"erre","810":"fald","811":"oved","812":"elli","813":"n\u00e6st","814":"vidn","815":"styr","816":"erte","817":"sser","818":"rett","819":"best","820":"jde ","821":" pri","822":"ltid","823":" kal","824":"navn","825":"fand","826":"l\u00e6ng","827":"ulig","828":" sla","829":"ands","830":"alti","831":"rest","832":"kvin","833":"edet","834":"anne","835":"orsk","836":"ges ","837":"tadi","838":"m\u00e6rk","839":"slag","840":" afs","841":"hove","842":" nav","843":" l\u00e6n","844":"\u00e6nde","845":"prob","846":" sva","847":"erli","848":"eter","849":"rdig","850":" ger","851":"lge ","852":"slut","853":"tes ","854":"jern","855":"mene","856":" kor","857":"ften","858":"bill","859":"gend","860":"tog ","861":"tyde","862":"blem","863":" s\u00f8n","864":"kriv","865":"herr","866":"hjer","867":"robl","868":"\u00e6gte","869":"ttet","870":"f\u00f8re","871":"lykk","872":" k\u00e6r","873":" fly","874":"v\u00e6rd","875":"rson","876":"kont","877":"muli","878":" eng","879":"ukke","880":"dige","881":"mili","882":" m\u00f8d","883":" ege","884":"h\u00f8re","885":"kab ","886":"peng","887":"dend","888":"egen","889":" l\u00e6g","890":"d\u00f8de","891":" hal","892":"\u00f8ver","893":"tlig","894":"m\u00e6nd","895":"esse","896":"ort\u00e6","897":"ntet","898":"arer","899":" bev","900":"gik ","901":"\u00f8nsk","902":"etyd","903":" ful","904":"mark","905":"yld ","906":"stat","907":"f\u00f8le","908":"mest","909":" aft","910":" ans","911":"bedr","912":"edes","913":"bety","914":"rere","915":"nner","916":" ung","917":" led","918":"rt\u00e6l","919":"adig","920":"\u00e6lde","921":"igge","922":"lled","923":"lign","924":" v\u00e6k","925":" bla","926":"rene","927":"kere","928":" gra","929":" \u00f8ns","930":"rgen","931":"ppe ","932":"vigt","933":"\u00e6rer","934":"m\u00e5l ","935":" tra","936":" mel","937":"mpel","938":"kken","939":" uds","940":"alen","941":"sigt","942":"onen","943":"ndle","944":"hen ","945":"\u00f8mme","946":"besk","947":"tori","948":"vels","949":" \u00e5nd","950":"st\u00f8r","951":"lus ","952":"oppe","953":" els","954":"digh","955":"lide","956":" sna","957":"ekse","958":"kong","959":"kynd","960":" mul","961":"edst","962":"amle","963":"enig","964":" sat","965":" set","966":"syne","967":"t\u00e6ll","968":"jort","969":"l\u00e6de","970":"ldre","971":"gode","972":"ilie","973":"isto","974":"sine","975":"alte","976":"m\u00f8de","977":" sko","978":"gne ","979":"rug ","980":"amil","981":" ban","982":" lil","983":"unkt","984":" tog","985":"fred","986":"tryk","987":" nye","988":"agte","989":" fal","990":"ses ","991":"rs\u00f8g","992":"jere","993":"dhed","994":"\u00e6nd ","995":"alts","996":"\u00e5ben","997":"dine","998":"rst ","999":" n\u00f8d","1000":"fami","1001":"ts\u00e5 ","1002":"itet","1003":"tilf","1004":"nker","1005":"ever","1006":"krig","1007":"les ","1008":"lill","1009":"dsky","1010":"ifte","1011":"dler","1012":"llet","1013":"lts\u00e5","1014":"mmet","1015":"iet ","1016":"tal ","1017":"gter","1018":"\u00e5nde","1019":"bet ","1020":"kay ","1021":"edre","1022":"vej ","1023":"kert","1024":"pper","1025":"edde","1026":" opl","1027":"snin","1028":"okay","1029":"dele","1030":"empe","1031":" oka","1032":" gam","1033":" fam","1034":" pas","1035":" kam","1036":"afte","1037":"nye ","1038":"lare","1039":"meni","1040":"nem ","1041":" bek","1042":"llem","1043":" bag","1044":"tten","1045":"endn","1046":" hov","1047":"r\u00e6kk","1048":"h\u00e5nd","1049":"dnu ","1050":"tro ","1051":"ndnu","1052":"anke","1053":"morg","1054":"nhed","1055":"ksem","1056":" tim","1057":"rege","1058":" mes","1059":" opf","1060":"skre","1061":"far ","1062":"semp","1063":"v\u00e6k ","1064":"stne","1065":"gnin","1066":"\u00f8rt ","1067":"rhol","1068":"mell","1069":"hund","1070":" hos","1071":"sene","1072":"iges","1073":" s\u00e6t","1074":"kket","1075":"sat ","1076":"kamp","1077":"rter","1078":"ensk","1079":" sv\u00e6","1080":"fund","1081":"cent","1082":" k\u00f8r","1083":"dner","1084":"lpe ","1085":"anta","1086":" n\u00e6r","1087":"gent","1088":" gik","1089":"ndhe","1090":"skol","1091":"orte","1092":" m\u00e6n","1093":"enhe","1094":"mens","1095":"oder","1096":"arte","1097":"aner","1098":"leme","1099":"fast","1100":"pr\u00e6s","1101":"time","1102":"dren","1103":"eger","1104":"tels","1105":"veje","1106":"mor ","1107":"arti","1108":"pel ","1109":"erst","1110":"istn","1111":"\u00e6lp ","1112":" h\u00e5b","1113":"ante","1114":"plan","1115":"knin","1116":"minu","1117":"sit ","1118":"valg","1119":"ben ","1120":"beds","1121":"ant ","1122":"blan","1123":"itte","1124":"lger","1125":"dog ","1126":"tne ","1127":" fak","1128":"nati","1129":"fte ","1130":"kole","1131":"fatt","1132":"punk","1133":"dans","1134":"sion","1135":"teri","1136":"ersk","1137":"\u00e6ldr","1138":"dred","1139":"love","1140":" des","1141":"tils","1142":"jert","1143":"offe","1144":"orie","1145":"drag","1146":"entl","1147":"port","1148":"lot ","1149":" \u00f8je","1150":"st\u00e5 ","1151":"lden","1152":"llin","1153":" stu","1154":"ragt","1155":"krev","1156":"son ","1157":"fakt","1158":"vere","1159":"rage","1160":"aft ","1161":"uger","1162":"imod","1163":" nor","1164":"gave","1165":"\u00f8rge","1166":"idde","1167":"rejs","1168":"nke ","1169":"ustr","1170":"heds","1171":"ntli","1172":"rger","1173":"hist","1174":"husk","1175":" hej","1176":"l\u00e6se","1177":"lken","1178":" k\u00f8b","1179":" st\u00e6","1180":"lene","1181":" h\u00e5n","1182":" mas","1183":"gl\u00e6d","1184":"orho","1185":" fje","1186":"bede","1187":"sage","1188":"rken","1189":" fyr","1190":" sl\u00e5","1191":"lket","1192":"ldig","1193":"atur","1194":" gl\u00e6","1195":" bro","1196":"oldt","1197":"pass","1198":"nkt ","1199":"yste","1200":"digt","1201":"stud","1202":" vig","1203":"dann","1204":"\u00e6rt ","1205":" val","1206":"dlig","1207":"yde ","1208":"dede","1209":" sal","1210":"rem ","1211":" ber","1212":"\u00e5nd ","1213":"vids","1214":"ngel","1215":"\u00f8dt ","1216":"prog","1217":"lage","1218":"barn","1219":"\u00f8rre","1220":"ensi","1221":"jem ","1222":"bevi","1223":"\u00f8rte","1224":"yndt","1225":"isti","1226":"verv","1227":"ylde","1228":"\u00f8nne","1229":" dog","1230":"ynes","1231":"k\u00e6rl","1232":"gede","1233":"mill","1234":"gsm\u00e5","1235":"pige","1236":"mist","1237":"eve ","1238":"etal","1239":"ktis","1240":"erie","1241":"orts","1242":"stol","1243":"oste","1244":"lyde","1245":"sm\u00e5l","1246":"prof","1247":"ald ","1248":"vert","1249":"ttel","1250":"rnes","1251":"bere","1252":"aste","1253":"ligg","1254":"rofe","1255":" udt","1256":" spr","1257":"regn","1258":"hej ","1259":" rin","1260":"dom ","1261":"lod ","1262":" fun","1263":"aber","1264":"stis","1265":"domm","1266":"pen ","1267":"tids","1268":"plad","1269":"h\u00f8rt","1270":"orky","1271":"derl","1272":"kel ","1273":" br\u00f8","1274":"kort","1275":"tr\u00e6k","1276":"rygt","1277":"t\u00f8rr","1278":"rkyn","1279":"tegn","1280":"ance","1281":" lys","1282":"\u00f8rgs","1283":"ilde","1284":" ang","1285":"reng","1286":"bygg","1287":"rens","1288":"olig","1289":"dr\u00e6b","1290":"drin","1291":" dr\u00e6","1292":"forv","1293":"rtig","1294":" rel","1295":"ssen","1296":"blik","1297":"amer","1298":" smu","1299":"fyld","1300":"\u00e6de ","1301":" cha","1302":"ude ","1303":"\u00f8ger","1304":"hos ","1305":" dri","1306":"rgsm","1307":"troe","1308":"ark ","1309":" dre","1310":" f\u00f8d","1311":"uske","1312":"igvi","1313":"gvis","1314":"hus ","1315":" tan","1316":" ide","1317":"lie ","1318":"gav ","1319":"emer","1320":" udv","1321":" a ","1322":" mid","1323":"mode","1324":"nten","1325":"undr","1326":"aske","1327":"onge","1328":"enga","1329":"gner","1330":"indt","1331":"reve","1332":" the","1333":"nkel","1334":"lels","1335":"anis","1336":"urde","1337":" lyk","1338":"d\u00f8d ","1339":"sked","1340":" syg","1341":" pig","1342":"ydel","1343":"f\u00e5et","1344":"rand","1345":" f\u00e5e","1346":"evis","1347":" plu","1348":" ren","1349":"tele","1350":" his","1351":"star","1352":"lar ","1353":"tag ","1354":"ngt ","1355":" hed","1356":"r\u00e6ld","1357":" ny ","1358":"kter","1359":"red ","1360":" off","1361":"umme","1362":"r\u00e5de","1363":"rren","1364":"for\u00e6","1365":"mle ","1366":" l\u00f8b","1367":"orbi","1368":" tom","1369":"ors\u00f8","1370":"ttig","1371":"kte ","1372":" fir","1373":" fas","1374":" fem","1375":"one ","1376":" ant","1377":"ejse","1378":"enin","1379":"post","1380":" ond","1381":"rika","1382":" fej","1383":"ndst","1384":"emt ","1385":"uder","1386":"kkel","1387":" slu","1388":"\u00f8ren","1389":" b\u00e5d","1390":"forl","1391":" d\u00f8r","1392":" sek","1393":"erti","1394":"lege","1395":" imo","1396":"nern","1397":"nska","1398":"\u00e6lge","1399":"nstr","1400":" bri","1401":"enti","1402":"arke","1403":"or\u00e6l","1404":"etni","1405":" omk","1406":"dene","1407":"br\u00f8d","1408":"temm","1409":"lads","1410":" bog","1411":"oede","1412":" opr","1413":" ben","1414":" pau","1415":" lyd","1416":"iner","1417":"spor","1418":"\u00f8del","1419":"st\u00e5e","1420":"edel","1421":"fryg","1422":" mat","1423":"lagt","1424":"k\u00f8re","1425":"list","1426":" gle","1427":" gla","1428":"jen ","1429":"erve","1430":" joh","1431":" fry","1432":" rej","1433":"halv","1434":" kra","1435":"rder","1436":"meli","1437":"rael","1438":"srae","1439":"f\u00e6ld","1440":"cere","1441":"ast ","1442":"ngan","1443":"sel ","1444":" isr","1445":"avne","1446":"iker","1447":"ippe","1448":"tted","1449":"isra","1450":"\u00e6der","1451":"dent","1452":"vens","1453":"tus ","1454":"nce ","1455":" dyr","1456":"ekt ","1457":"angt","1458":" uge","1459":" hur","1460":"ags ","1461":" sk\u00e6","1462":"rugt","1463":"lytt","1464":"s\u00f8n ","1465":" red","1466":" udf","1467":" dat","1468":"olke","1469":"st\u00e6r","1470":"okke","1471":"rgan","1472":"sagt","1473":"foru","1474":"ejer","1475":"tank","1476":"tur ","1477":" gr\u00e6","1478":"the ","1479":" r\u00e5d","1480":"\u00e6mpe","1481":" m\u00e5l","1482":"rev ","1483":"hurt","1484":" him","1485":"erik","1486":"atis","1487":"\u00f8se ","1488":"jder","1489":" bra","1490":"urti","1491":"spro","1492":"jemm","1493":" ale","1494":"krin","1495":" art","1496":"affe","1497":" hin","1498":"nigh","1499":"nus ","1500":"rie ","1501":"stop","1502":"t\u00e6rk","1503":"undt","1504":"geri","1505":"esti","1506":"iter","1507":"saml","1508":"v\u00e6r ","1509":"spis","1510":"arve","1511":"beta","1512":"orme","1513":"natu","1514":"dska","1515":"lutt","1516":"rnet","1517":"h\u00e5be","1518":" kr\u00e6","1519":"yrke","1520":"glem","1521":"aret","1522":"blot","1523":"deri","1524":"retn","1525":"\u00f8der","1526":" sol","1527":"b\u00e5de","1528":"roli","1529":"orma","1530":" \u00e6gt","1531":"ldet","1532":"ffer","1533":"\u00e6rre","1534":"blod","1535":"lien","1536":" ops","1537":"lgel","1538":"lses","1539":"glad","1540":"reli","1541":"tate","1542":" gal","1543":" l\u00f8s","1544":"rge ","1545":"tr\u00e6n","1546":"paul","1547":"top ","1548":" s\u00f8g","1549":"trol","1550":"ktio","1551":"m\u00e5ne","1552":"fjer","1553":"k\u00e6mp","1554":"tart","1555":"lemm","1556":"f\u00f8rt","1557":"borg","1558":"gift","1559":"gdom","1560":"skat","1561":" sk\u00f8","1562":"tive","1563":"tidl","1564":"gler","1565":"mtid","1566":"olle","1567":" s ","1568":"oren","1569":"uld ","1570":"h\u00e6ng","1571":"ktiv","1572":"forf","1573":" h\u00e5r","1574":"forn","1575":"andh","1576":"lags","1577":"\u00f8rne","1578":"lag ","1579":" byg","1580":" klo","1581":"nene","1582":" fat","1583":" mag","1584":"ris ","1585":"uppe","1586":"idli","1587":" ram","1588":"inan","1589":"ervi","1590":"\u00e6rd ","1591":"bog ","1592":" run","1593":"oran","1594":"amp ","1595":" bur","1596":"orsv","1597":"b\u00f8r ","1598":"kell","1599":"prin","1600":" luk","1601":"fora","1602":"t\u00e6nd","1603":"ejen","1604":"spek","1605":"svin","1606":" m\u00e5n","1607":" bef","1608":"dtry","1609":"k\u00f8be","1610":"\u00e6ndr","1611":"sels","1612":"olog","1613":"ygte","1614":" spe","1615":"nels","1616":"mels","1617":" nyt","1618":"disk","1619":"\u00f8je ","1620":"pris","1621":"vild","1622":"otte","1623":"alis","1624":" \u00e5be","1625":"rtal","1626":"int ","1627":"ampe","1628":"ads ","1629":"brin","1630":" f\u00e6r","1631":"syn ","1632":"l\u00f8be","1633":"omkr","1634":"orga","1635":" fod","1636":"nsk ","1637":" spa","1638":" \u00e6nd","1639":" kat","1640":"lukk","1641":"forr","1642":"ligi","1643":" ins","1644":" leg","1645":"avet","1646":" \u00e5h ","1647":"\u00f8ve ","1648":"ters","1649":"raft","1650":"asti","1651":"h\u00f8je","1652":"samt","1653":"rhed","1654":" nem","1655":"dtag","1656":" mos","1657":"ions","1658":"anse","1659":"dst ","1660":"beha","1661":"sern","1662":"lern","1663":"slet","1664":"lion","1665":"evel","1666":"rret","1667":"risk","1668":"snar","1669":"sign","1670":"rmer","1671":"lf\u00e6l","1672":"ilf\u00e6","1673":"ngle","1674":"esom","1675":" s\u00e6r","1676":"tik ","1677":"tike","1678":"rift","1679":"ofte","1680":"stel","1681":"kern","1682":"lett","1683":"trat","1684":"satt","1685":" mad","1686":"df\u00f8r","1687":"ikan","1688":"\u00f8st ","1689":" enh","1690":"olen","1691":"ense","1692":" \u00e9n ","1693":"rier","1694":"llio","1695":" kro","1696":" udg","1697":" kli","1698":"mkri","1699":" ele","1700":"geso","1701":"fejl","1702":"udvi","1703":"pres","1704":" bye","1705":" lin","1706":" afg","1707":"ugt ","1708":"radi","1709":"fang","1710":"endi","1711":"venn","1712":" jul","1713":"imme","1714":"\u00e5rli","1715":"itis","1716":"ire ","1717":"reds","1718":"stru","1719":"tall","1720":"rtid","1721":"enta","1722":"erle","1723":" v\u00e6l","1724":"k\u00e6re","1725":"orre","1726":"ligv","1727":"inus","1728":"ital","1729":"enli","1730":"synd","1731":"ordr","1732":"elst","1733":"ulus","1734":"fer ","1735":"logi","1736":"uren","1737":"rans","1738":"stus","1739":"ole ","1740":" b ","1741":"ryde","1742":"oven","1743":"ekte","1744":"derv","1745":"aldt","1746":"aulu","1747":" bre","1748":"ejle","1749":"rise","1750":"gaml","1751":"nget","1752":"voks","1753":" m\u00e6r","1754":"v\u00e6rt","1755":"alli","1756":"nist","1757":"ksom","1758":" kas","1759":" fil","1760":"elvf","1761":"onal","1762":" sle","1763":"bte ","1764":"nkte","1765":"sund","1766":"sikr","1767":"oret","1768":"tens","1769":"igte","1770":"stri","1771":"sken","1772":"dsel","1773":"orta","1774":"vold","1775":"agel","1776":"erat","1777":"ramm","1778":" dav","1779":"tykk","1780":"dlin","1781":"trag","1782":"kraf","1783":"ndli","1784":"spun","1785":"par ","1786":" mus","1787":"held","1788":"ryk ","1789":"\u00e6ndi","1790":"hens","1791":"sult","1792":" pre","1793":" spo","1794":"l\u00f8se","1795":"erni","1796":"skil","1797":"enst","1798":" teg","1799":"kat ","1800":"itik","1801":"ete ","1802":"mpe ","1803":"pekt","1804":" d\u00e5r","1805":"\u00e5ned","1806":"lles","1807":"rind","1808":" kir","1809":"orve","1810":" vok","1811":"haft","1812":"istu","1813":"mods","1814":"lyse","1815":"ding","1816":"mass","1817":"fem ","1818":"stod","1819":"rikk","1820":"\u00f8lel","1821":"sidd","1822":"lvf\u00f8","1823":"ngre","1824":"enke","1825":"edt ","1826":"vf\u00f8l","1827":"tort","1828":" \u00f8de","1829":"orm ","1830":"mmun","1831":"vid ","1832":"retf","1833":"ift ","1834":" mr ","1835":"\u00f8ge ","1836":"nmar","1837":"okse","1838":"rkso","1839":"ejre","1840":"ldes","1841":"orkl","1842":"tf\u00e6r","1843":" dra","1844":"\u00e5ret","1845":"meri","1846":"roed","1847":"ejli","1848":"plus","1849":"imer","1850":"sfor","1851":"etf\u00e6","1852":"kked","1853":"vne ","1854":" dom","1855":" s\u00f8r","1856":"ldst","1857":"\u00e5tte","1858":" apo","1859":"arn ","1860":"farv","1861":"v\u00e6rk","1862":"lite","1863":"miss","1864":" rol","1865":" haf","1866":"ativ","1867":"arme","1868":" oft","1869":"terl","1870":"mose","1871":"mte ","1872":"n\u00e6vn","1873":"burd","1874":"fant","1875":" h\u00e6n","1876":"nsig","1877":" bry","1878":"bind","1879":"\u00e6vne","1880":" kap","1881":"roce","1882":"dven","1883":"proc","1884":"nand","1885":"rtik","1886":"atan","1887":" opg","1888":"kade","1889":" ryg","1890":"omst","1891":" pos","1892":" tvi","1893":" k\u00e6m","1894":" evi","1895":"eska","1896":" smi","1897":"medi","1898":"topp","1899":"tod ","1900":"jlig","1901":"lers","1902":"erhe","1903":"even","1904":"angs","1905":"mete","1906":"ggen","1907":"norm","1908":"remt","1909":"ekst","1910":"v\u00e6rr","1911":"alsk","1912":"rkla","1913":"tigh","1914":"anma","1915":"h\u00f8r ","1916":"g\u00e5et","1917":"hedd","1918":"styk","1919":"tude","1920":"angr","1921":" gri","1922":"nytt","1923":"fire","1924":"kirk","1925":"seks","1926":"kund","1927":" lag","1928":"arin","1929":"para","1930":" flo","1931":"tyre","1932":"nakk","1933":" sun","1934":"himm","1935":"abet","1936":"tast","1937":"part","1938":" \u00e6ld","1939":"hina","1940":" rom","1941":"rakt","1942":"dr\u00f8m","1943":"kels","1944":"apos","1945":"ton ","1946":" opd","1947":"flyt","1948":"etra","1949":"delt","1950":"ndri","1951":"danm","1952":" n\u00e5 ","1953":"mini","1954":" vol","1955":"m\u00e5tt","1956":"sent","1957":"eri ","1958":"ofet","1959":"ddel","1960":"\u00e5ber","1961":" mon","1962":"rnin","1963":"pet ","1964":"krif","1965":"ffen","1966":"\u00f8ste","1967":" kil","1968":" m\u00e5t","1969":"besl","1970":"d\u00e5rl","1971":"lik ","1972":"vest","1973":"fade","1974":"pise","1975":" kig","1976":"dne ","1977":"rnen","1978":"mhed","1979":"bels","1980":"nser","1981":"omr\u00e5","1982":"\u00e6nkt","1983":"skad","1984":"stig","1985":" org","1986":"egge","1987":"fran","1988":"mel ","1989":"betr","1990":"rykk","1991":"mr\u00e5d","1992":"rupp","1993":" x ","1994":"cial","1995":"midl","1996":"nfor","1997":" pet","1998":"ture","1999":"\u00e6ren","2000":"lend","2001":" tur","2002":" alv","2003":" let","2004":"midd","2005":"aden","2006":"begg","2007":" r\u00f8v","2008":"idle","2009":"ked ","2010":"snak","2011":"avid","2012":" alm","2013":"leje","2014":"eks ","2015":"\u00e6rk ","2016":"byen","2017":"stik","2018":" br\u00e6","2019":" opt","2020":" fad","2021":"st\u00e6n","2022":" job","2023":"nart","2024":"l\u00e6ge","2025":"usin","2026":"dret","2027":"ogra","2028":"gani","2029":" met","2030":"r\u00e6ng","2031":"ars ","2032":"espe","2033":"n\u00e6gt","2034":"tred","2035":"tom ","2036":"tend","2037":"ebli","2038":"ffe ","2039":"\u00e6ngs","2040":"es\u00f8g","2041":"rien","2042":"r\u00e6st","2043":"r\u00e6be","2044":"lsk ","2045":"ulde","2046":" kar","2047":"esky","2048":"evig","2049":"kes ","2050":"grup","2051":"yen ","2052":"\u00e6rme","2053":"bes\u00f8","2054":"huse","2055":" ill","2056":"eng ","2057":"lutn","2058":"utni","2059":"\u00e6rel","2060":"ommu","2061":"d\u00f8r ","2062":"giv ","2063":"v\u00e6lg","2064":"gten","2065":"r\u00e6ve","2066":"omhe","2067":"midt","2068":"bryd","2069":"iona","2070":"vner","2071":"ugte","2072":"drer","2073":"pete","2074":"beh\u00f8","2075":"erke","2076":"udtr","2077":"beho","2078":"ordn","2079":"ntas","2080":"ontr","2081":" new","2082":"bort","2083":"kons","2084":"ehol","2085":"s\u00f8rg","2086":"ntal","2087":"r\u00e5d ","2088":"jebl","2089":"ldte","2090":" sm\u00e5","2091":"bred","2092":"mati","2093":"somm","2094":"lov ","2095":" enk","2096":"edle","2097":"\u00f8jeb","2098":"orer","2099":"tviv","2100":"entr","2101":"test","2102":" sej","2103":" opm","2104":" tru","2105":"illu","2106":" ame","2107":"tran","2108":"ikle","2109":"rekt","2110":"kene","2111":"lipp","2112":"orud","2113":"skyt","2114":"lest","2115":"somh","2116":"vivl","2117":"kost","2118":" bud","2119":"mad ","2120":"rket","2121":"eslu","2122":"sati","2123":"rdet","2124":" net","2125":"\u00e6se ","2126":"dsat","2127":" kol","2128":"syst","2129":" al ","2130":"sata","2131":"medl","2132":"ikre","2133":"drik","2134":"g\u00e6ld","2135":" ens","2136":"idig","2137":"s\u00f8gt","2138":" stj","2139":"fint","2140":"enen","2141":"dtil","2142":"smuk","2143":"illa","2144":"onli","2145":"itio","2146":"esu ","2147":"seri","2148":"kete","2149":"eh\u00f8v","2150":"dlem","2151":"yhed","2152":" svi","2153":"nyhe","2154":"tiv ","2155":"stet","2156":"appe","2157":"llus","2158":"vagt","2159":"tyrk","2160":"inis","2161":"ople","2162":"traf","2163":"isen","2164":"ntro","2165":"skin","2166":"itua","2167":"h\u00f8ve","2168":"tiet","2169":" \u00e5bn","2170":"arli","2171":"kler","2172":"aren","2173":"davi","2174":" uni","2175":"fyre","2176":"sj\u00e6l","2177":" try","2178":"ers\u00f8","2179":" sli","2180":"s\u00f8g ","2181":"orke","2182":"spar","2183":"oden","2184":"jent","2185":"sl\u00e5 ","2186":" v\u00e5g","2187":" tab","2188":"edni","2189":"r\u00e6de","2190":"afsl","2191":"r\u00f8mm","2192":"magt","2193":"kr\u00e6v","2194":" tek","2195":"mes ","2196":"s\u00e6rl","2197":"h\u00e5rd","2198":"grav","2199":"v\u00e5gn","2200":"amen","2201":"ehan","2202":" sma","2203":"emet","2204":"trof","2205":"iven","2206":"vorn","2207":"bile","2208":"llen","2209":" adv","2210":"fri ","2211":" kva","2212":"remm","2213":"tusi","2214":"tole","2215":"ejl ","2216":"els ","2217":"lens","2218":" sov","2219":" lej","2220":"\u00e5bne","2221":"oler","2222":"bold","2223":"temt","2224":"dkom","2225":"yldt","2226":"olla","2227":"st\u00f8t","2228":"bund","2229":"rven","2230":" sp\u00e6","2231":" sor","2232":"\u00f8jne","2233":" pis","2234":"ribe","2235":"lyst","2236":"resp","2237":"emti","2238":"greb","2239":"pil ","2240":"ard ","2241":"dets","2242":"sjov","2243":"nsta","2244":"iget","2245":"tali","2246":"kytt","2247":"hjel","2248":"soci","2249":" sjo","2250":"\u00f8fte","2251":"vorl","2252":"indb","2253":"eje ","2254":"verf","2255":"rn\u00e5r","2256":"l\u00f8b ","2257":"ves ","2258":"orn\u00e5","2259":"l\u00e6rt","2260":"f\u00e6ll","2261":"kaff","2262":" sj\u00e6","2263":" ses","2264":"rked","2265":" omr","2266":"nyt ","2267":" inv","2268":"bang","2269":"ssio","2270":"mpen","2271":"onde","2272":"vikl","2273":"\u00f8be ","2274":"klag","2275":"nds ","2276":"alvo","2277":"rvis","2278":"lert","2279":" n\u00e6v","2280":"ons ","2281":"esv\u00e6","2282":"sisk","2283":"dspu","2284":"lvor","2285":"\u00e6sen","2286":"tan ","2287":"ild ","2288":" had","2289":"idsp","2290":"rodu","2291":"syge","2292":"isme","2293":"plev","2294":"rvej","2295":"evar","2296":"alg ","2297":"t\u00f8rs","2298":"ias ","2299":"uati","2300":"opst","2301":"ared","2302":"\u00e5end","2303":"ynli","2304":"samf","2305":"eral","2306":"ktor","2307":" gul","2308":"tr\u00e6d","2309":" dyb","2310":"rent","2311":"lass","2312":"lust","2313":"nbar","2314":"fest","2315":"dyr ","2316":"almi","2317":"aven","2318":"jre ","2319":"ds\u00e6t","2320":" \u00f8jn","2321":"\u00f8tte","2322":"synl","2323":"bil ","2324":"log ","2325":"jend","2326":"t\u00f8tt","2327":"lke ","2328":"disc","2329":"sp\u00e6n","2330":"gamm","2331":"nive","2332":"nord","2333":"andi","2334":"kant","2335":"amfu","2336":"kast","2337":" bel","2338":"p\u00e6nd","2339":"kone","2340":"turl","2341":"geve","2342":"skid","2343":"\u00f8dre","2344":"grad","2345":"ndti","2346":"tati","2347":" \u00e5rs","2348":"r\u00e6bt","2349":"enba","2350":"rog ","2351":"ygt ","2352":"elsi","2353":"mord","2354":"ydni","2355":"orli","2356":"dvik","2357":"n\u00e6rm","2358":"mfun","2359":"igev","2360":"situ","2361":"r\u00e6nd","2362":"isat","2363":"urli","2364":"rems","2365":"nale","2366":"sdag","2367":"inke","2368":"igst","2369":"rten","2370":"varm","2371":"l\u00e6st","2372":"onta","2373":"fekt","2374":"\u00f8den","2375":"mple","2376":"job ","2377":" g\u00e5e","2378":" gif","2379":"enhv","2380":"benb","2381":"gion","2382":"rtet","2383":"resu","2384":"gtes","2385":" d\u00f8 ","2386":"tuat","2387":"indi","2388":"redd","2389":"rlad","2390":"gnet","2391":"abel","2392":"rode","2393":"ndin","2394":"oen ","2395":"engl","2396":"kigg","2397":"mede","2398":"opga","2399":" fla","2400":"ansv","2401":"verl","2402":"nhve","2403":"\u00e6ser","2404":"elve","2405":"mend","2406":"br\u00e6n","2407":"tikk","2408":"arne","2409":" m ","2410":"\u00e6gt ","2411":"elef","2412":" bol","2413":"omer","2414":"gram","2415":"ihje","2416":"brev","2417":"rbin","2418":"b\u00e6re","2419":"d\u00f8mm","2420":" nyh","2421":"nsva","2422":" ede","2423":"fare","2424":"ideo","2425":"tidi","2426":" fru","2427":"nken","2428":" ihj","2429":"\u00f8ler","2430":"nsyn","2431":" tel","2432":"trak","2433":"onto","2434":"kild","2435":"udt ","2436":"dde ","2437":" thi","2438":"inst","2439":" akt","2440":"eksp","2441":"rman","2442":"brud","2443":"ove ","2444":"lgen","2445":"udse","2446":"rets","2447":"chan","2448":"ient","2449":"ime ","2450":"essi","2451":"onst","2452":"l\u00f8ft","2453":"sk\u00f8n","2454":"n\u00f8dv","2455":"sone","2456":"orsi","2457":"roll","2458":"\u00f8dve","2459":"mate","2460":"jel ","2461":"ts\u00e6t","2462":" top","2463":"tudi","2464":"gste","2465":"alit","2466":"ocen","2467":"havn","2468":"kerh","2469":"mart","2470":"llar","2471":" che","2472":"sag ","2473":"sale","2474":" bab","2475":"esul","2476":"kl\u00e6d","2477":"mtal","2478":"trod","2479":"rdel","2480":"idet","2481":"reft","2482":"angl","2483":"skyd","2484":"yst ","2485":"ael ","2486":"lokk","2487":" \u00e6re","2488":" if\u00f8","2489":" eni","2490":" f ","2491":"mper","2492":"sk\u00e6r","2493":"slip","2494":"jet ","2495":"bev\u00e6","2496":" rea","2497":"rdre","2498":"bud ","2499":"lmin","2500":"hvid","2501":"akte","2502":"sang","2503":"lst ","2504":"erna","2505":"krid","2506":"befa","2507":"begr","2508":"kans","2509":"ocia","2510":"rmen","2511":"hent","2512":"yre ","2513":"dier","2514":"rone","2515":"litt","2516":"rave","2517":"lane","2518":"bag ","2519":"jule","2520":"dest","2521":"rts\u00e6","2522":"kelt","2523":"usse","2524":" vag","2525":"gr\u00e6n","2526":" eje","2527":"nsin","2528":"usik","2529":"anda","2530":"r\u00f8dr","2531":"pgav","2532":"m\u00e5le","2533":"onom","2534":" tus","2535":"isci","2536":"\u00e6st ","2537":"bank","2538":" ti ","2539":"ansi","2540":"stje","2541":"byde","2542":"sonl","2543":"ppen","2544":"lefo","2545":"ndg\u00e5","2546":"org ","2547":"orbu","2548":"ev\u00e6g","2549":"inje","2550":" soc","2551":" dr\u00f8","2552":"lved","2553":" b\u00f8n","2554":" pat","2555":"inut","2556":"lgte","2557":" tem","2558":"\u00e6ver","2559":"\u00e6rks","2560":"ack ","2561":"sper","2562":" gr\u00f8","2563":"s\u00e6t ","2564":"n\u00f8dt","2565":"scip","2566":"linj","2567":"film","2568":"rern","2569":"udsk","2570":"r\u00f8v ","2571":"r\u00e6ns","2572":"prod","2573":" udl","2574":"indv","2575":"skif","2576":"el\u00e6g","2577":"t\u00f8j ","2578":" fed","2579":"mask","2580":"ldni","2581":" ked","2582":"hels","2583":"klas","2584":" l ","2585":"kift","2586":"pr\u00e6c","2587":"eref","2588":"grib","2589":"afst","2590":"luft","2591":"ldel","2592":"dres","2593":"r\u00e6ft","2594":"r\u00e6ci","2595":" gre","2596":"lars","2597":"vred","2598":"dame","2599":"mlig","2600":"plys","2601":"serv","2602":" jam","2603":"siti","2604":"kr\u00e6f","2605":"\u00e6cis","2606":" \u00e5re","2607":"skib","2608":"vite","2609":" wil","2610":" afh","2611":"ilbe","2612":"hers","2613":"ejds","2614":"nisk","2615":" usa","2616":"emli","2617":" cen","2618":"mon ","2619":" bad","2620":" oms","2621":"brag","2622":"\u00f8ber","2623":" s\u00f8d","2624":"een ","2625":"john","2626":"itie","2627":"meld","2628":"ung ","2629":"riti","2630":"rme ","2631":"lyve","2632":"riet","2633":"jse ","2634":"ntin","2635":"nisa","2636":" r\u00f8d","2637":" \u00e5rh","2638":" ok ","2639":"\u00e6nse","2640":"ilen","2641":" luf","2642":"ggel","2643":"oply","2644":"s\u00e6r ","2645":"rsta","2646":"ttes","2647":" lor","2648":"efor","2649":"ords","2650":"eken","2651":" s\u00e5l","2652":"neml","2653":"kymr","2654":" j\u00f8d","2655":"olds","2656":"mmes","2657":"uter","2658":"ekym","2659":"odig","2660":"erho","2661":"beky","2662":"rner","2663":"\u00e5led","2664":"takt","2665":"s\u00e5le","2666":"lgt ","2667":"\u00e5rig","2668":"spec","2669":" lat","2670":"komp","2671":"tydn","2672":" afl","2673":" dol","2674":"veri","2675":"ohan","2676":" rum","2677":"cipl","2678":"efon","2679":"d\u00f8re","2680":"undg","2681":"ulta","2682":"date","2683":"fyr ","2684":"r\u00f8de","2685":"evne","2686":"dsig","2687":"del\u00e6","2688":"tien","2689":" syd","2690":"band","2691":"mari","2692":"ltat","2693":" yde","2694":"ejst","2695":"rum ","2696":"igio","2697":"bord","2698":" tyd","2699":"misk","2700":" lyt","2701":" \u00f8ko","2702":"kono","2703":"ngiv","2704":"raf ","2705":"nomi","2706":"nat ","2707":"ynd ","2708":"lska","2709":"mmed","2710":"lan ","2711":"ngse","2712":"v\u00e6ge","2713":" r\u00e6k","2714":"fles","2715":"uset","2716":" vre","2717":" ane","2718":"baby","2719":"eldi","2720":"posi","2721":"rfra","2722":"ftig","2723":"gr\u00f8n","2724":"rsva","2725":"mern","2726":"anti","2727":"tant","2728":"dsti","2729":" sup","2730":"sygd","2731":"h\u00f8jr","2732":"str\u00e6","2733":"bart","2734":"osit","2735":"yldi","2736":"ygdo","2737":"hanc","2738":"elte","2739":"emte","2740":"skud","2741":"rate","2742":"hall","2743":"skar","2744":" b\u00e6r","2745":"modt","2746":" h\u00e6v","2747":" fyl","2748":"new ","2749":" d ","2750":"llad","2751":"algt","2752":"lter","2753":"doll","2754":"ivel","2755":" by ","2756":"\u00f8jre","2757":"musi","2758":"iere","2759":"nset","2760":"bjer","2761":"oris","2762":"ium ","2763":" tri","2764":"tren","2765":"lsig","2766":"datt","2767":"elev","2768":"sm\u00e5 ","2769":"fris","2770":"ersi","2771":"\u00e5der","2772":"hade","2773":"park","2774":"r\u00f8d ","2775":"ving","2776":" s\u00f8s","2777":"peci","2778":"klin","2779":"rask","2780":"iel ","2781":"jerg","2782":"erfa","2783":"geme","2784":"\u00f8kon","2785":"jdet","2786":"plej","2787":"iple","2788":"spur","2789":" udd","2790":" uan","2791":"teli","2792":"eskr","2793":" sim","2794":"ekti","2795":"stam","2796":" ha ","2797":"ran ","2798":" mot","2799":"yge ","2800":"orbr","2801":"h\u00e6nd","2802":"kre ","2803":"nal ","2804":"rite","2805":"opfy","2806":"nemm","2807":"pfyl","2808":"yrde","2809":"indf","2810":"bor ","2811":"ple ","2812":"verb","2813":"vans","2814":"lugt","2815":" fes","2816":"tesk","2817":"amt ","2818":"erra","2819":"if\u00f8l","2820":"sede","2821":"llia","2822":"nera","2823":"\u00e5rhu","2824":"nnel","2825":"tyve","2826":"gsel","2827":"ator","2828":"dire","2829":"bran","2830":"ngst","2831":"ish ","2832":"ugle","2833":"gel ","2834":"nig ","2835":"modi","2836":"gnen","2837":"temp","2838":"lagd","2839":" dam","2840":"undl","2841":"\u00f8rke","2842":"rofa","2843":"unst","2844":"anen","2845":"tilh","2846":"ram ","2847":"ntes","2848":"rude","2849":"stof","2850":" rep","2851":"alet","2852":" dir","2853":"dvar","2854":"ssan","2855":"r\u00f8re","2856":"ate ","2857":"lemt","2858":"opda","2859":"verh","2860":"h\u00f8jt","2861":"ssig","2862":"v\u00e5be","2863":" sym","2864":"dfor","2865":"undh","2866":"\u00e6ssi","2867":"matt","2868":" kul","2869":"ilst","2870":"eds ","2871":"dsen","2872":"isni","2873":"m\u00e6ss","2874":"s\u00f8st","2875":" rad","2876":" dum","2877":"pist","2878":" hr ","2879":" com","2880":"vink","2881":"istr","2882":" lok","2883":"rhun","2884":"igel","2885":"nsen","2886":"fent","2887":" kos","2888":"katt","2889":"okal","2890":"gted","2891":"ngde","2892":" pra","2893":"ensy","2894":" dr ","2895":"erla","2896":"nutt","2897":"elin","2898":" dro","2899":"\u00e5let","2900":"blad","2901":"lind","2902":"peri","2903":"\u00f8gel","2904":" gad","2905":"bane","2906":"empl","2907":" num","2908":"ong ","2909":"ruds","2910":"adet","2911":"ncer","2912":" ent","2913":" s\u00e6l","2914":"ntre","2915":" d\u00e6k","2916":"sset","2917":"essa","2918":"ygti","2919":"jede","2920":"gtet","2921":"ntor","2922":" spu","2923":"enfo","2924":"usa ","2925":"rat ","2926":"orbe","2927":"edie","2928":" f\u00e6n","2929":"kine","2930":"\u00f8jer","2931":"seng","2932":"irek","2933":"erbe","2934":"thi ","2935":"rogr","2936":"sist","2937":" tor","2938":"rvel","2939":"rv\u00e6r","2940":"ddag","2941":"nded","2942":"fisk","2943":"lbed","2944":"ledn","2945":"yndi","2946":"ndvi","2947":"dani","2948":"uper","2949":"hann","2950":"f\u00f8de","2951":"t\u00e5et","2952":"opre","2953":"v\u00e6rs","2954":"olut","2955":"ivt ","2956":" mun","2957":" ej ","2958":"is\u00e6r","2959":"livs","2960":"krat","2961":"rnat","2962":"mber","2963":" is\u00e6","2964":" f\u00e6l","2965":"indu","2966":"tilg","2967":"abt ","2968":" jak","2969":"s\u00f8nd","2970":"ence","2971":"ridt","2972":" v\u00e5b","2973":"ildt","2974":"ods ","2975":"lper","2976":"purg","2977":"glen","2978":" ple","2979":"gnel","2980":" g\u00e6l","2981":"erse","2982":"nali","2983":"\u00e6rde","2984":" r\u00f8r","2985":"esta","2986":"erfr","2987":"ciel","2988":"thed","2989":" l\u00f8f","2990":"ofas","2991":"rlev","2992":" sir","2993":"visn","2994":"tabe","2995":"mage","2996":"stal","2997":"gr\u00e6s","2998":"rled","2999":"\u00e6ft ","3000":"skaf","3001":"joha","3002":"gisk","3003":"lje ","3004":"ndag","3005":"nnin","3006":" ank","3007":"jne ","3008":"tier","3009":"l\u00f8s ","3010":"ofre","3011":" sgu","3012":"ane ","3013":"skr\u00e6","3014":"muni","3015":" por","3016":"sant","3017":"mund","3018":"aged","3019":"orla","3020":"emen","3021":"bad ","3022":"aria","3023":"elit","3024":"lati","3025":" sme","3026":"venl","3027":"erud","3028":" tit","3029":" skj","3030":"ndsy","3031":"urgt","3032":"jame","3033":"sgu ","3034":"egn ","3035":"nven","3036":"adva","3037":"desv","3038":"avis","3039":"indl","3040":"ika ","3041":"numm","3042":"udta","3043":"l\u00e5r ","3044":"verr","3045":"dsta","3046":"ilje","3047":"klog","3048":"udf\u00f8","3049":"opn\u00e5","3050":"s\u00e6lg","3051":"\u00e6tni","3052":"agti","3053":"pas ","3054":"mele","3055":" t\u00e6t","3056":"lygt","3057":"itti","3058":"s\u00e6tn","3059":"tral","3060":"iale","3061":"supe","3062":"ank ","3063":"rank","3064":"sort","3065":" ros","3066":"ergi","3067":"reta","3068":"psyk","3069":"\u00e6lds","3070":" ter","3071":"\u00e6nk ","3072":"cis ","3073":"abe ","3074":"m\u00f8rk","3075":"omt ","3076":"smid","3077":"kkes","3078":"vitt","3079":" ild","3080":"reb ","3081":"sir ","3082":"sejr","3083":"latt","3084":"ppet","3085":"l\u00f8sn","3086":"\u00e5rsa","3087":"alve","3088":"hov ","3089":" fis","3090":"dbol","3091":"natt","3092":"dgan","3093":"icer","3094":"sove","3095":"lort","3096":"skyn","3097":"\u00e6ngd","3098":"rime","3099":" inf","3100":"pm\u00e6r","3101":"loka","3102":"odta","3103":" tv ","3104":"dukt","3105":"opm\u00e6","3106":"eten","3107":"euro","3108":" jac","3109":"lys ","3110":"skam","3111":"kron","3112":"sl\u00e5r","3113":"ddan","3114":"vilj","3115":"ksen","3116":"lode","3117":"lid ","3118":"seli","3119":" opn","3120":"f\u00e6ng","3121":"ndse","3122":"\u00f8bet","3123":"kale","3124":"adio","3125":"efin","3126":"rfar","3127":"loge","3128":"ivil","3129":"ther","3130":"kers","3131":"ltag","3132":"jled","3133":"nse ","3134":"rigs","3135":"k\u00f8rt","3136":"endo","3137":"igni","3138":"k\u00e6ft","3139":"\u00f8gte","3140":"dtal","3141":"odst","3142":"alin","3143":"pede","3144":"\u00f8sni","3145":"lekt","3146":"\u00e6rte","3147":"ngsl","3148":"embe","3149":" psy","3150":"beli","3151":" sys","3152":" k\u00f8d","3153":"krop","3154":"rsag","3155":"bne ","3156":" kin","3157":" imi","3158":"nyde","3159":"aris","3160":"anie","3161":"lart","3162":"rang","3163":"allo","3164":"udda","3165":"ikel","3166":"olsk","3167":"anal","3168":"kred","3169":"gget","3170":" \u00f8ve","3171":"hind","3172":"ntra","3173":"vejr","3174":"\u00f8jet","3175":"ntag","3176":"tekn","3177":"konk","3178":"rtje","3179":" slo","3180":"n\u00e6r ","3181":"yer ","3182":"alem","3183":" s\u00e5r","3184":"alie","3185":" mal","3186":"spir","3187":"efal","3188":"demo","3189":"redj","3190":"okra","3191":"kuns","3192":"\u00e6ger","3193":"udsa","3194":"edje","3195":"idel","3196":"l\u00e6g ","3197":"opri","3198":"itiv","3199":"uldt","3200":"byrd","3201":"ngs ","3202":"lejl","3203":" m\u00f8r","3204":"yve ","3205":"gned","3206":"roen","3207":"\u00e6rin","3208":" kn\u00e6","3209":"tjek","3210":"s\u00f8nn","3211":"pdag","3212":"lise","3213":"vin ","3214":"rods","3215":" \u00e5ri","3216":"kyde","3217":"rras","3218":"trer","3219":"ymre","3220":"erus","3221":"ertr","3222":"dle ","3223":"feti","3224":"beva","3225":"don ","3226":"oral","3227":"h\u00e5b ","3228":"pati","3229":"rome","3230":"sl\u00e5e","3231":"char","3232":"ndby","3233":"elvo","3234":"span","3235":"tete","3236":"redt","3237":"udst","3238":" v\u00e6g","3239":"fjen","3240":"amar","3241":"cirk","3242":"uer ","3243":"tr\u00e6t","3244":"imid","3245":"chef","3246":"opta","3247":"sme ","3248":"eld ","3249":" erk","3250":"aski","3251":"ost ","3252":"denf","3253":" ves","3254":"true","3255":"gans","3256":"pita","3257":"rik ","3258":"rapp","3259":"kati","3260":" ad ","3261":"\u00f8res","3262":"ule ","3263":"use ","3264":"rag ","3265":"ortr","3266":"dgiv","3267":"rmal","3268":"orti","3269":" pun","3270":"tsat","3271":"aved","3272":"sens","3273":"sti ","3274":" kur","3275":"vern","3276":"univ","3277":"ulte","3278":"vre ","3279":"\u00e6ber","3280":"tysk","3281":"rkni","3282":"usal","3283":"afta","3284":"ral ","3285":"adt ","3286":"rud ","3287":"imel","3288":" ure","3289":"igi\u00f8","3290":"kass","3291":"syns","3292":"tivt","3293":"erge","3294":"dspr","3295":"atti","3296":"mora","3297":"ikat","3298":"ian ","3299":"f\u00f8dt","3300":"jeru","3301":"rs\u00e6t","3302":"ebog","3303":"l\u00f8st","3304":"ulyk","3305":"vnet","3306":" cir","3307":"\u00e6res","3308":"bror","3309":"nvit","3310":" car","3311":"d\u00e6kk","3312":"nien","3313":" abs","3314":"illy","3315":"desu","3316":"stro","3317":"brod","3318":"eman","3319":"jagt","3320":"rusa","3321":"bent","3322":"elta","3323":" bas","3324":"ryge","3325":"rtr\u00e6","3326":" rus","3327":"vom ","3328":" heb","3329":"ntak","3330":"em\u00e6r","3331":"llo ","3332":"dyre","3333":"ill ","3334":"tat ","3335":" d\u00f8m","3336":"ndsa","3337":"ryst","3338":"flyg","3339":"ondt","3340":"ssel","3341":"esud","3342":"gi\u00f8s","3343":"digv","3344":"\u00e6fte","3345":"kser","3346":"rin ","3347":"galt","3348":"harm","3349":"ors ","3350":"enet","3351":"kult","3352":" omg","3353":"sorg","3354":" syv","3355":" uly","3356":"oduk","3357":"nnet","3358":"egel","3359":"rres","3360":"h\u00f8j ","3361":" lod","3362":" kl ","3363":"graf","3364":"rsel","3365":"jovt","3366":"iler","3367":"etag","3368":"uans","3369":"vejl","3370":"teks","3371":"atie","3372":"mera","3373":"rsom","3374":"heri","3375":"uffe","3376":" tys","3377":"\u00e6ndt","3378":"ovt ","3379":" jud","3380":"blin","3381":"lvom","3382":"skov","3383":"uler","3384":"tron","3385":"venh","3386":"r\u00e6k ","3387":" nyd","3388":"ight","3389":" utr","3390":"gade","3391":"yret","3392":"\u00e6be ","3393":"evan","3394":"yren","3395":"fh\u00e6n","3396":"umen","3397":"oreg","3398":"lant","3399":"afh\u00e6","3400":"ages","3401":"pare","3402":"rbi ","3403":"hebr","3404":"ygni","3405":"ndta","3406":"russ","3407":"\u00f8dte","3408":"flyv","3409":"pera","3410":"etop","3411":" sl\u00e6","3412":"est\u00e5","3413":"adre","3414":"osse","3415":"orbl","3416":"t\u00f8r ","3417":"akt ","3418":" nar","3419":"fet ","3420":" t\u00f8r","3421":"slap","3422":" tun","3423":"rant","3424":"tats","3425":"tel ","3426":"ihed","3427":"sude","3428":"ulgt","3429":"frih","3430":"neto","3431":"lly ","3432":"j\u00f8de","3433":"estr","3434":"aeli","3435":"fulg","3436":"\u00f8rel","3437":"ftal","3438":"utio","3439":"dhol","3440":" eur","3441":" bem","3442":"rihe","3443":"frug","3444":"smag","3445":"yver","3446":"orit","3447":"erfe","3448":"ners","3449":"astr","3450":"nsti","3451":"tikl","3452":"ftet","3453":"ladt","3454":"ekan","3455":"tis ","3456":"ptag","3457":"\u00f8nt ","3458":"aser","3459":"fat ","3460":" bid","3461":"ejr ","3462":"mynd","3463":"kabt","3464":"simp","3465":"\u00f8bt ","3466":"frik","3467":"dert","3468":"alme","3469":"jest","3470":"cer ","3471":" sad","3472":"deo ","3473":"jser","3474":" bun","3475":"dsyn","3476":" bus","3477":"hey ","3478":"ropp","3479":"omis","3480":"gude","3481":"ohn ","3482":"rtsa","3483":"takk","3484":"helv","3485":" bje","3486":"tv\u00e6r","3487":"somt","3488":"velk","3489":"egem","3490":"sama","3491":" arm","3492":"enha","3493":"gavn","3494":" dej","3495":"udie","3496":"udgi","3497":" n\u00f8j","3498":"utro","3499":"divi","3500":"rtil","3501":"ramt","3502":"will","3503":"rry ","3504":" cor","3505":"ortj","3506":"\u00f8jes","3507":"klok","3508":"tamm","3509":"flot","3510":"ncen","3511":"bar ","3512":"opf\u00f8","3513":" of ","3514":"dyrk","3515":"slog","3516":"irks","3517":"ekla","3518":"dser","3519":"smer","3520":"esto","3521":"rver","3522":"vort","3523":" oph","3524":"teme","3525":"eles","3526":"assi","3527":"roge","3528":"eg\u00e5r","3529":"tjer","3530":" t\u00f8j","3531":"pf\u00f8r","3532":"tilt","3533":"regi","3534":"frel","3535":"egle","3536":" jan","3537":" hey","3538":"rmed","3539":"reko","3540":"byer","3541":"hero","3542":"ivl ","3543":"ndla","3544":"lkom","3545":"arre","3546":"esso","3547":"driv","3548":" jos","3549":"steg","3550":"rber","3551":"i\u00f8se","3552":" ris","3553":"deru","3554":"jack","3555":"lip ","3556":"iern","3557":"ukti","3558":"aten","3559":"k\u00f8d ","3560":" pin","3561":"igeg","3562":"yser","3563":"\u00f8ved","3564":"st\u00f8d","3565":"iell","3566":"inci","3567":"fodb","3568":"odbo","3569":"ravl","3570":" amp","3571":"likk","3572":"herf","3573":"mess","3574":"boge","3575":"flyd","3576":"rad ","3577":"nend","3578":"elko","3579":"ober","3580":"tolt","3581":"spre","3582":"m\u00f8dt","3583":"rved","3584":"inal","3585":"t\u00e6t ","3586":"inse","3587":"kold","3588":"male","3589":"fals","3590":"r\u00e6se","3591":"idda","3592":"udfo","3593":"orvi","3594":"l\u00e6s ","3595":"plig","3596":" egn","3597":"agtt","3598":"fart","3599":"titu","3600":"rdne","3601":"last","3602":"llid","3603":" lar","3604":"all ","3605":"\u00e6vnt","3606":"iber","3607":"edra","3608":"nnen","3609":"eet ","3610":"efol","3611":"afri","3612":"ege ","3613":"dejl","3614":"dg\u00e5 ","3615":"stav","3616":"fslu","3617":" opp","3618":" n\u00f8g","3619":"agne","3620":"issi","3621":"fre ","3622":"r\u00e6si","3623":"ufor","3624":"\u00e6rge","3625":"skju","3626":"ubli","3627":"ilsy","3628":"lsyn","3629":"trin","3630":"\u00e6sid","3631":"hust","3632":"ina ","3633":"slan","3634":" has","3635":"ulds","3636":"arm ","3637":" omt","3638":"\u00f8det","3639":"lima","3640":"nges","3641":" e ","3642":"ile ","3643":"\u00f8des","3644":"oses","3645":"orsl","3646":"rsvi","3647":"ers\u00e6","3648":"dvan","3649":"ltur","3650":"viss","3651":"imen","3652":" d\u00f8b","3653":"svag","3654":"tent","3655":"iens","3656":"bem\u00e6","3657":"mert","3658":" h\u00e6r","3659":"priv","3660":"\u00e5det","3661":"ndfl","3662":"adse","3663":"arde","3664":" erf","3665":"begi","3666":"f\u00f8ds","3667":"boli","3668":" mik","3669":" eva","3670":"ened","3671":"ame ","3672":"ovet","3673":"yrer","3674":"kamm","3675":"lfre","3676":"eria","3677":" fro","3678":" tyv","3679":"\u00e6ske","3680":"ogi ","3681":"lut ","3682":"avel","3683":"ell ","3684":"epr\u00e6","3685":"rf\u00f8l","3686":"erme","3687":"uges","3688":" bal","3689":"nens","3690":"site","3691":"rdni","3692":"urop","3693":"once","3694":"onni","3695":" sav","3696":"rkl\u00e6","3697":" ufo","3698":"derh","3699":"ev\u00e6r","3700":"n\u00e6re","3701":"vidt","3702":"uldk","3703":"\u00f8dse","3704":"dled","3705":" id\u00e9","3706":"frie","3707":"kill","3708":"guld","3709":"\u00e6bt ","3710":"dsag","3711":"ovre","3712":"nsat","3713":"kabs","3714":"eme ","3715":"rgte","3716":"pter","3717":"ngsp","3718":"yden","3719":"dl\u00e6g","3720":"f\u00f8je","3721":"trav","3722":"righ","3723":" gli","3724":"riel","3725":"r\u00e6ne","3726":"ekve","3727":"klim","3728":"evid","3729":"etje","3730":"afg\u00f8","3731":"k\u00f8bt","3732":"edag","3733":"vari","3734":"ice ","3735":"afsk","3736":"edte","3737":"truk","3738":" hul","3739":"ultu","3740":" tot","3741":"ddet","3742":" sve","3743":" udb","3744":"arse","3745":" kry","3746":"mste","3747":"tene","3748":"r\u00f8st","3749":"kare","3750":" sur","3751":"vars","3752":"publ","3753":"ngri","3754":"menl","3755":"insp","3756":"slig","3757":"tar ","3758":"sl\u00e6g","3759":"rdri","3760":"kjul","3761":"krit","3762":"fg\u00f8r","3763":"tr\u00e6f","3764":"shed","3765":"dski","3766":"drej","3767":"ives","3768":"ysni","3769":"adel","3770":"lver","3771":"r\u00e6t ","3772":" can","3773":"\u00f8vet","3774":"kstr","3775":" ofr","3776":" rac","3777":"dda ","3778":"\u00e6mme","3779":"obbe","3780":"rbev","3781":"die ","3782":"nsek","3783":"str\u00f8","3784":"kurs","3785":" avi","3786":"\u00e5rdt","3787":"fugl","3788":"line","3789":"dags","3790":"hygg","3791":"kapt","3792":"salm","3793":"j\u00e6le","3794":"oper","3795":"udsi","3796":"benh","3797":" kl\u00e6","3798":"ngsf","3799":"ngso","3800":"rinc","3801":"apta","3802":"ern ","3803":"tans","3804":"ivid","3805":" anv","3806":"perf","3807":"ilfr","3808":"ldko","3809":"snit","3810":"vang","3811":" imp","3812":" hor","3813":"erg ","3814":"tajn","3815":"rned","3816":"ofes","3817":"arat","3818":" pan","3819":"amti","3820":"tema","3821":"herl","3822":"ptaj","3823":"omet","3824":"dien","3825":"ospi","3826":"rill","3827":"prak","3828":"dje ","3829":"pege","3830":"ndl\u00e6","3831":"impe","3832":"fedt","3833":" aff","3834":"ndom","3835":" hem","3836":"reje","3837":"kide","3838":"vile","3839":"vrig","3840":"l\u00e6gt","3841":"gtni","3842":"kilo","3843":" div","3844":"rhov","3845":" sch","3846":"tol ","3847":"lysn","3848":"egiv","3849":"via ","3850":"v\u00e6gt","3851":"reni","3852":" tes","3853":"ynte","3854":"syg ","3855":"lap ","3856":" k\u00e6f","3857":"ynge","3858":"igdo","3859":"lovl","3860":"mule","3861":"indg","3862":"lin ","3863":"inen","3864":"nerg","3865":"fice","3866":"rom ","3867":"cept","3868":"endd","3869":"ffet","3870":"fess","3871":"grat","3872":" pil","3873":"led ","3874":"symb","3875":"l\u00e5et","3876":" oli","3877":"frit","3878":"j\u00e6l ","3879":"aels","3880":"ndda","3881":"sebo","3882":" afv","3883":"synt","3884":" ott","3885":" rap","3886":"hest","3887":"raff","3888":"dygt","3889":"ght ","3890":"edic","3891":" eli","3892":"oldn","3893":"elag","3894":"\u00e6rkt","3895":"tivi","3896":"rumm","3897":"t\u00e5rn","3898":"bnin","3899":"mbol","3900":" kys","3901":"rrer","3902":"erkl","3903":" you","3904":"gtel","3905":"erv\u00e6","3906":"epte","3907":" dia","3908":"ilm ","3909":"erma","3910":" \u00e6rl","3911":" col","3912":" teo","3913":"\u00e6son","3914":"tris","3915":"sger","3916":"dst\u00e6","3917":"syv ","3918":"onel","3919":"ncip","3920":"ista","3921":"tigs","3922":"rred","3923":"nhol","3924":"anet","3925":"gers","3926":" mic","3927":"\u00f8jen","3928":"plet","3929":"anst","3930":"fysi","3931":"usk ","3932":"fing","3933":"\u00f8ben","3934":"kste","3935":"adam","3936":"terr","3937":"anve","3938":"toff","3939":"ikli","3940":"urer","3941":" gem","3942":"udel","3943":"ogis","3944":"doms","3945":"v\u00e6kk","3946":"belt","3947":"tyr ","3948":"sste","3949":" boe","3950":"elvi","3951":"skue","3952":"sman","3953":"grin","3954":"llan","3955":"trum","3956":"\u00f8mt ","3957":"ymbo","3958":"ndtr","3959":" k\u00f8n","3960":" p\u00e5s","3961":"n\u00f8je","3962":"egni","3963":"tung","3964":"foto","3965":"tros","3966":"krav","3967":" kre","3968":"comp","3969":"ber\u00f8","3970":" y ","3971":"uret","3972":"sdom","3973":"orba","3974":"s\u00f8d ","3975":" poi","3976":"rska","3977":" arr","3978":"hosp","3979":"base","3980":"rial","3981":"befo","3982":"leri","3983":"klen","3984":" tol","3985":"pans","3986":"spit","3987":"erta","3988":"ksis","3989":"pred","3990":"orne","3991":"real","3992":"bekl","3993":"tr\u00e5d","3994":"orfa","3995":"vera","3996":"\u00e6gti","3997":"ngsk","3998":" aut","3999":"\u00e5gn ","4000":"ust ","4001":" rod","4002":"arri","4003":"tors","4004":"\u00f8nda","4005":"rsen","4006":"j\u00f8rn","4007":"betj","4008":"ble ","4009":"ria ","4010":" win","4011":"terf","4012":"fari","4013":"\u00e6rds","4014":"las ","4015":" via","4016":"rdt ","4017":" t ","4018":"pire","4019":" ada","4020":"ansa","4021":"t\u00e6l ","4022":"pion","4023":" afd","4024":"duce","4025":"sole","4026":"oint","4027":"forg","4028":"imle","4029":" ann","4030":"sad ","4031":"tem ","4032":"b\u00f8nn","4033":"tets","4034":"flod","4035":"imin","4036":"\u00e6bte","4037":"rafi","4038":"mune","4039":"dici","4040":"tr\u00f8m","4041":"glig","4042":"dam ","4043":"unik","4044":"kspe","4045":"mput","4046":"\u00e6ge ","4047":"ndeh","4048":"adis","4049":"rkt ","4050":"sm\u00e6n","4051":" ras","4052":" n\u00e5e","4053":" fug","4054":"tr\u00e6l","4055":"anli","4056":" fys","4057":"rfek","4058":"g\u00e5en","4059":"acce","4060":"t\u00e5en","4061":"ial ","4062":"kval","4063":"eved","4064":"lon ","4065":"h\u00e6ve","4066":" afr","4067":"hemm","4068":"ure ","4069":" geo","4070":"onse","4071":"tabt","4072":"dj\u00e6v","4073":"farl","4074":"appo","4075":"mgan","4076":"pute","4077":"raks","4078":"onis","4079":"tell","4080":"ivat","4081":"f\u00f8lt","4082":"ride","4083":"ligs","4084":" ube","4085":"gsta","4086":"poin","4087":"reg\u00e5","4088":"egra","4089":" udn","4090":"ektr","4091":" n\u00e6g","4092":"icin","4093":"ssis","4094":"bel ","4095":"spri","4096":"ilgi","4097":"fete","4098":"ley ","4099":"alla","4100":"ids ","4101":"etti","4102":"eksi","4103":"oyal","4104":" pap","4105":" jun","4106":"r\u00e6sk","4107":"dlag","4108":"dskr","4109":" neg","4110":"ilit","4111":"r\u00e6er","4112":"lkni","4113":"s\u00e5re","4114":"aham","4115":"bibl","4116":"raha","4117":" udr","4118":"kane","4119":"olkn","4120":"flag","4121":"king","4122":"n\u00f8d ","4123":"ruer","4124":" tr\u00f8","4125":"fuck","4126":"korr","4127":"niel","4128":"jekt","4129":"cen ","4130":"erio","4131":" s\u00e6d","4132":"ngsm","4133":"erov","4134":"ess ","4135":"ufte","4136":"deho","4137":"irka","4138":"edsk","4139":"opfa","4140":"ppor","4141":"rbun","4142":"dero","4143":" pub","4144":"okto","4145":"beke","4146":"firm","4147":"ryll","4148":" arv","4149":"atol","4150":" fli","4151":" ita","4152":"alge","4153":"lme ","4154":"auto","4155":"ranc","4156":"akob","4157":"rrig","4158":"rona","4159":"rban","4160":"nged","4161":"hage","4162":"gati","4163":"harl","4164":"riod","4165":"orm\u00e5","4166":"abyl","4167":"pret","4168":"prim","4169":" h ","4170":"renc","4171":"iode","4172":"aen ","4173":"atch","4174":" wal","4175":"foku","4176":"fina","4177":"stit","4178":"bygn","4179":"dse ","4180":"eler","4181":"epar","4182":"t\u00e6vn","4183":"timo","4184":"t\u00e5el","4185":"d\u00f8ds","4186":"okus","4187":" lis","4188":"st\u00e6v","4189":"salv","4190":"flad","4191":"elbr","4192":"\u00f8jt ","4193":"\u00f8gle","4194":"ompu","4195":"\u00e5den","4196":"data","4197":"kets","4198":"rop ","4199":"ndss","4200":"skeh","4201":"meda","4202":" l\u00e5 ","4203":"helb","4204":"apit","4205":"isku","4206":"\u00f8jel","4207":"lgiv","4208":"konf","4209":"ces ","4210":"lbre","4211":"ielt","4212":"jnen","4213":"kolo","4214":"smin","4215":"ondo","4216":"cell","4217":"deba","4218":"ucer","4219":"\u00e6dre","4220":"besv","4221":"l\u00e6kk","4222":" usk","4223":"kage","4224":"bari","4225":"nspi","4226":"orin","4227":"rimi","4228":"kt\u00f8r","4229":"juda","4230":" evn","4231":"s\u00e6so","4232":"rivi","4233":"vlig","4234":"akto","4235":"rebe","4236":"ermi","4237":"orlo","4238":" jag","4239":" ern","4240":"elde","4241":"elek","4242":"oman","4243":"rade","4244":" dj\u00e6","4245":"dtes","4246":"ball","4247":"funk","4248":"geno","4249":"marb","4250":"jul ","4251":"juli","4252":"savn","4253":"dela","4254":"rrel","4255":"gges","4256":"repr","4257":"k\u00f8nt","4258":"oseb","4259":" ope","4260":"olie","4261":"ames","4262":"eser","4263":"or\u00e5r","4264":"irkn","4265":"gged","4266":" hop","4267":"skes","4268":"bert","4269":"\u00f8ven","4270":" \u00f8st","4271":"ourn","4272":"for\u00e5","4273":" myn","4274":"rine","4275":"jako","4276":" chr","4277":" r\u00f8g","4278":"gypt","4279":"r\u00e6ff","4280":"tryg","4281":"uck ","4282":"engi","4283":"\u00e6ffe","4284":" gar","4285":" \u00e9t ","4286":" she","4287":"udbr","4288":"geng","4289":"ends","4290":"jst ","4291":"plud","4292":"iels","4293":" rek","4294":"luk ","4295":"luds","4296":"aks ","4297":"ffic","4298":" eve","4299":"term","4300":" bak","4301":"egla","4302":"ugge","4303":"tra ","4304":"ylon","4305":"buds","4306":"\u00f8gt ","4307":"lott","4308":" v ","4309":"trek","4310":"regl","4311":"uel ","4312":"egat","4313":" p ","4314":"nolo","4315":"tin ","4316":" fuc","4317":"vogn","4318":"apir","4319":"glas","4320":" \u00f8re","4321":"umul","4322":"vurd","4323":"race","4324":"inkl","4325":"rnal","4326":"jour","4327":"stin","4328":" kr ","4329":"beg\u00e5","4330":"rskr","4331":"vnen","4332":"smit","4333":"oter","4334":"ftes","4335":"neds","4336":"hul ","4337":"deng","4338":"erig","4339":"kst ","4340":"omta","4341":"\u00e6ern","4342":"sik ","4343":"n\u00f8gl","4344":"munt","4345":"pis ","4346":"gnes","4347":"ats ","4348":"agli","4349":"nhav","4350":"moti","4351":" l\u00f8n","4352":" opb","4353":"kl\u00e6r","4354":" fok","4355":"krim","4356":"gest","4357":"irer","4358":"bylo","4359":"rals","4360":"irma","4361":"abra","4362":"urna","4363":"kret","4364":"etin","4365":" l\u00e5n","4366":"etis","4367":"rnuf","4368":"emst","4369":"mne ","4370":"ansp","4371":"abso","4372":"rint","4373":"atet","4374":"ornu","4375":"brit","4376":"riva","4377":"invi","4378":"\u00f8dde","4379":"rbud","4380":"nny ","4381":"muk ","4382":"amta","4383":"f\u00e6dr","4384":"info","4385":"kato","4386":"dsli","4387":"pler","4388":"nuft","4389":"ines","4390":" klu","4391":" kna","4392":"h\u00e5r ","4393":" lam","4394":"rdis","4395":"fere","4396":" def","4397":"rit ","4398":" deb","4399":"ilh\u00f8","4400":"ivle","4401":"isdo","4402":"sk\u00e6n","4403":"sats","4404":" rev","4405":"mich","4406":"moni","4407":"smar","4408":" umu","4409":"gele","4410":"lla ","4411":"p\u00e5vi","4412":"skni","4413":" pok","4414":"assa","4415":" chi","4416":"pelt","4417":"lanl","4418":"henr","4419":"rus ","4420":"dval","4421":"enss","4422":"york","4423":"bler","4424":"solu","4425":"chri","4426":"enso","4427":" ana","4428":"risi","4429":"ropa","4430":" gid","4431":"lh\u00f8r","4432":"papi","4433":" esa","4434":" dk ","4435":"jret","4436":"vori","4437":"hva ","4438":" app","4439":"denh","4440":"\u00e5rs ","4441":"visd","4442":"nige","4443":"trid","4444":"oger","4445":" maj","4446":"lier","4447":"pens","4448":"\u00e5rde","4449":"sold","4450":"rsit","4451":" jon","4452":"terh","4453":"untr","4454":"hris","4455":"niti","4456":"rdie","4457":"himl","4458":"hel ","4459":"igan","4460":"sne ","4461":"mlen","4462":"kara","4463":"salo","4464":"rote","4465":"atri","4466":"tist","4467":"rp\u00e5 ","4468":"afde","4469":"nkom","4470":" knu","4471":"b\u00f8ge","4472":"espi","4473":"dfly","4474":"m\u00e6ng","4475":"kven","4476":"jas ","4477":"klub","4478":"dmin","4479":"ekke","4480":"ubbe","4481":"ales","4482":"klan","4483":"df\u00e6r","4484":"ndr\u00f8","4485":"tner","4486":" hil","4487":" hes","4488":" wee","4489":"prot","4490":" yor","4491":"fdel","4492":"udde","4493":"kus ","4494":"remi","4495":"sl\u00f8s","4496":"mers","4497":" eu ","4498":"bidr","4499":"reka","4500":"gst ","4501":" las","4502":"\u00e5ede","4503":"ary ","4504":"mokr","4505":"\u00e6vel","4506":"twee","4507":"link","4508":"rka ","4509":"erfl","4510":"orf\u00e6","4511":" jou","4512":" sex","4513":"iard","4514":" abr","4515":" c ","4516":"skra","4517":"liar","4518":"\u00e6le ","4519":"nsst","4520":"sv\u00f8m","4521":"kapi","4522":"mons","4523":" acc","4524":" dok","4525":"kr\u00e6m","4526":"viru","4527":"\u00e6ldi","4528":" but","4529":"fsta","4530":"\u00e6den","4531":"nie ","4532":"irus","4533":"g\u00e5rd","4534":"kvar","4535":"kn\u00e6g","4536":"jekk","4537":"dist","4538":"kse ","4539":"ndsb","4540":"g\u00e6st","4541":" kaf","4542":"rol ","4543":"nl\u00e6g","4544":"oge ","4545":"konc","4546":"ugen","4547":"scen","4548":"emok","4549":"treg","4550":"ndue","4551":"madr","4552":"diti","4553":"vedk","4554":" typ","4555":" amb","4556":"ace ","4557":"adsk","4558":"enop","4559":"user","4560":" p\u00e6n","4561":" p\u00e5v","4562":"tota","4563":"indo","4564":"rydd","4565":"por ","4566":" s\u00e6s","4567":"weet","4568":"ydde","4569":"\u00e6ngi","4570":"koms","4571":" con","4572":"\u00e6bne","4573":"malt","4574":"urre","4575":"udga","4576":"rsla","4577":"adf\u00e6","4578":"vati","4579":"buti","4580":"l\u00f8d ","4581":"sful","4582":"nkti","4583":"v\u00e6se","4584":" l\u00e6k","4585":"verk","4586":"dsst","4587":"proj","4588":"mina","4589":"kehe","4590":"marc","4591":"offi","4592":" ud\u00f8","4593":"rdsp","4594":"remg","4595":"uet ","4596":"vanl","4597":"oron","4598":"avle","4599":"loya","4600":"sekv","4601":"ngig","4602":" r\u00e5b","4603":"lve ","4604":"\u00f8kke","4605":"indh","4606":"nkle","4607":"erbr","4608":"dybt","4609":"nste","4610":" \u00f8ge","4611":"ins ","4612":"opmu","4613":"erf\u00f8","4614":" fot","4615":"smul","4616":"ralt","4617":"tr\u00e6e","4618":" kop","4619":"rali","4620":"arad","4621":"nerk","4622":"effe","4623":"ukt ","4624":" hyg","4625":"dmyg","4626":"b\u00e5nd","4627":"stes","4628":"ordo","4629":" pal","4630":"pmun","4631":"orur","4632":"svig","4633":" afk","4634":"nesb","4635":"dsom","4636":"ydmy","4637":"mukk","4638":"dsty","4639":"\u00e5vir","4640":"tave","4641":"ivit","4642":" ydm","4643":"vige","4644":"nett","4645":"note","4646":"ific","4647":"ilsk","4648":"rak ","4649":"lome","4650":"ehed","4651":"henv","4652":" o ","4653":"keri","4654":"tenh","4655":"d\u00f8bt","4656":"\u00f8lte","4657":" rob","4658":"nted","4659":"k\u00f8de","4660":" \u00e6gy","4661":"nket","4662":"otal","4663":"ssyg","4664":" bin","4665":"diot","4666":"rmat","4667":"glan","4668":"llyk","4669":" fer","4670":"id\u00e9 ","4671":" omf","4672":"ilf\u00f8","4673":"\u00e6gyp","4674":" anb","4675":"hast","4676":"vler","4677":"yger","4678":"ilis","4679":"ypte","4680":"kens","4681":"arie","4682":"tret","4683":"pand","4684":"sl\u00f8r","4685":" sha","4686":"r\u00f8m ","4687":"rkes","4688":"tols","4689":" cel","4690":"sler","4691":"vask","4692":"rdag","4693":"nish","4694":"m\u00e6gt","4695":"eorg","4696":"ehag","4697":"rudt","4698":"llup","4699":"kibe","4700":"j\u00e6ve","4701":"lvis","4702":"esby","4703":"aer ","4704":"ysis","4705":"ssia","4706":"pped","4707":"ntar","4708":"yset","4709":"ekun","4710":" twe","4711":"rgi ","4712":"ccep","4713":"samv","4714":"idte","4715":" g\u00e6s","4716":"klip","4717":"mary","4718":"spla","4719":"nega","4720":"rtie","4721":" ran","4722":" rar","4723":"h\u00e6vd","4724":"utik","4725":"ktet","4726":"ebet","4727":"pild","4728":"ilom","4729":"ankl","4730":"ecie","4731":"brah","4732":"bryl","4733":"opfo","4734":"bsol","4735":"gren","4736":"pone","4737":"ronn","4738":"lamm","4739":"lthe","4740":"bel\u00f8","4741":"\u00e6del","4742":"r\u00f8nn","4743":"nje ","4744":"rykt","4745":"koll","4746":"dsfo","4747":"kuff","4748":"ntil","4749":"pakk","4750":"rve ","4751":"fejr","4752":" att","4753":"anl\u00e6","4754":"omfa","4755":" bob","4756":"\u00f8le ","4757":"ldat","4758":"kand","4759":"udva","4760":" peg","4761":"sekt","4762":"angi","4763":"eran","4764":"pira","4765":"\u00f8nde","4766":"rtry","4767":"ilt ","4768":"\u00e6red","4769":"spej","4770":" afb","4771":"mpet","4772":"alan","4773":"aben","4774":"kate","4775":"beny","4776":"dvid","4777":"rh\u00e5n","4778":"ork ","4779":"pari","4780":"boed","4781":"enyt","4782":"ovli","4783":"emne","4784":"ebra","4785":"moto","4786":"erko","4787":"pore","4788":"ibe ","4789":"idra","4790":" hum","4791":"ake ","4792":"ybt ","4793":"week","4794":"orle","4795":" sv\u00f8","4796":"rsik","4797":"roje","4798":"ekor","4799":" cla","4800":"ara ","4801":"ombe","4802":"rlod","4803":"mitt","4804":"type","4805":"ana ","4806":"stni","4807":"derm","4808":"rbli","4809":"smad","4810":"delu","4811":"vant","4812":" bo ","4813":"vund","4814":"emg\u00e5","4815":"edss","4816":"ink ","4817":"lf\u00f8j","4818":"pfat","4819":"ick ","4820":"lejr","4821":"emon","4822":"lanc","4823":"ssor","4824":"lvde","4825":"rav ","4826":"\u00e5gne","4827":"olda","4828":"edf\u00f8","4829":"ed\u00f8m","4830":"idio","4831":"v\u00f8mm","4832":"fine","4833":"skla","4834":"bene","4835":"erri","4836":"\u00f8en ","4837":"dnes","4838":"rmes","4839":"s\u00e6dv","4840":"rm\u00e5l","4841":"ffek","4842":"nell","4843":"ajas","4844":"opl\u00e6","4845":"bogs","4846":"orf\u00f8","4847":"erim","4848":"tr\u00e6b","4849":"mild","4850":"gegl","4851":" loy","4852":"\u00e5be ","4853":"fung","4854":"ori ","4855":"syki","4856":"seku","4857":"att ","4858":"dske","4859":" tii","4860":"eteg","4861":"cipp","4862":"b\u00f8n ","4863":"flug","4864":"medf","4865":"fon ","4866":"ompl","4867":"rsda","4868":"\u00e6ld ","4869":"avlt","4870":" mak","4871":"eus ","4872":"kame","4873":"roma","4874":" mob","4875":"vlt ","4876":"kana","4877":"nike","4878":"akne","4879":"bomb","4880":" kno","4881":"ogst","4882":"ilj\u00f8","4883":" log","4884":"pn\u00e5 ","4885":" adf","4886":"orha","4887":" sil","4888":"msti","4889":" k ","4890":"omma","4891":"vets","4892":"yllu","4893":" bl\u00e5","4894":"sher","4895":" ryk","4896":"sm\u00e6s","4897":" bl\u00e6","4898":" sul","4899":"rian","4900":"dium","4901":"\u00e6us ","4902":" cit","4903":"kugl","4904":"esaj","4905":"tr\u00f8s","4906":"rts ","4907":"iote","4908":"itat","4909":"pere","4910":" jap","4911":" ime","4912":"otel","4913":"anni","4914":" in ","4915":" hot","4916":" mur","4917":"blom","4918":"esty","4919":"\u00e5els","4920":"knem","4921":"pfor","4922":"lint","4923":"rlin","4924":"vart","4925":" l\u00e5s","4926":"gyld","4927":"isik","4928":"takn","4929":"lari","4930":"rita","4931":"nsom","4932":"\u00e5rne","4933":"fste","4934":"r\u00e6mm","4935":"ibla","4936":"milj","4937":"saja","4938":"lleg","4939":" vas","4940":"rds ","4941":"\u00e6dva","4942":"suel","4943":"b\u00f8je","4944":"eth ","4945":"vine","4946":" idi","4947":"mane","4948":"vele","4949":"verg","4950":"ekno","4951":"anon","4952":"veli","4953":"ekom","4954":" alk","4955":"knol","4956":"mira","4957":"nkla","4958":"rose","4959":"apan","4960":" bio","4961":"etid","4962":"prig","4963":"dssy","4964":"\u00f8bte","4965":" bon","4966":"eer ","4967":"eeke","4968":"japa","4969":"sluk","4970":" duk","4971":"alvt","4972":"bekr","4973":"rmid","4974":"hef ","4975":"fin ","4976":"psta","4977":"tres","4978":"icha","4979":" veg","4980":"ows ","4981":"mnin","4982":"mone","4983":" l\u00f8g","4984":"init","4985":"d\u00f8mt","4986":" pak","4987":"it\u00e6r","4988":"forp","4989":"stle","4990":"opby","4991":"kib ","4992":"nklu","4993":"k\u00f8r ","4994":" eno","4995":" ik ","4996":" eri","4997":"l\u00f8nn","4998":"dvis","4999":"sbyr"}}