{"deu":{"0":"ich ","1":" die","2":" ein","3":"der ","4":"eine","5":"die ","6":"und ","7":" und","8":" das","9":" ich","10":"icht","11":"cht ","12":" der","13":"ten ","14":"den ","15":"ist ","16":" sie","17":"hen ","18":"das ","19":"ein ","20":"sie ","21":" ist","22":"gen ","23":"nen ","24":" wir","25":" sch","26":"nich","27":" nic","28":" ver","29":"chen","30":" in ","31":"ine ","32":" zu ","33":" es ","34":"lich","35":" den","36":"ben ","37":"sche","38":" auf","39":"ren ","40":"wir ","41":"ung ","42":" du ","43":" mit","44":"mit ","45":"ber ","46":"von ","47":" sei","48":"was ","49":" wie","50":"sen ","51":"sich","52":"auf ","53":"ter ","54":" hab","55":" von","56":" er ","57":" war","58":" was","59":"nder","60":"ann ","61":"dies","62":"habe","63":"eit ","64":"che ","65":" sic","66":" ihr","67":"iese","68":"chte","69":" hat","70":"sein","71":"len ","72":"uch ","73":" aus","74":"f\u00fcr ","75":"wie ","76":"inen","77":"isch","78":"iche","79":" wer","80":" f\u00fcr","81":" als","82":"enn ","83":"mein","84":"ssen","85":" mei","86":"dem ","87":" ges","88":"\u00fcber","89":"och ","90":"men ","91":"ass ","92":" uns","93":" wei","94":" wen","95":" all","96":" man","97":"ner ","98":"auch","99":"rden","100":"eben","101":"alle","102":"erde","103":"ind ","104":" sin","105":"ehen","106":"dass","107":"aben","108":" so ","109":"ngen","110":" \u00fcbe","111":"als ","112":" dem","113":"ern ","114":"eite","115":"acht","116":"nter","117":"eich","118":"aus ","119":" abe","120":"ach ","121":"hat ","122":"ande","123":"nach","124":"wenn","125":"sind","126":" an ","127":"aber","128":" vor","129":" im ","130":"erst","131":" bes","132":"war ","133":"igen","134":"werd","135":" nac","136":"vers","137":"komm","138":"des ","139":"nsch","140":"eren","141":"nden","142":" bei","143":" des","144":" geh","145":"fen ","146":"scha","147":"ert ","148":"kann","149":" vie","150":"mach","151":" dan","152":"schl","153":"iner","154":" kan","155":"man ","156":"rde ","157":" auc","158":"ende","159":"ehr ","160":"llen","161":"mmen","162":"sten","163":"her ","164":"viel","165":"egen","166":" mir","167":"mir ","168":"ier ","169":"lle ","170":"unge","171":" k\u00f6n","172":"esch","173":"tion","174":"inde","175":" kei","176":"nnen","177":"kein","178":"wird","179":"ird ","180":" mic","181":" sag","182":"noch","183":"mich","184":"ange","185":"hren","186":"rsch","187":"and ","188":"tte ","189":"ihr ","190":" sol","191":"etzt","192":"ihre","193":" her","194":" ihn","195":"nem ","196":"nde ","197":"elle","198":"ache","199":" noc","200":" um ","201":"cher","202":"inem","203":"unte","204":"agen","205":"mal ","206":"ser ","207":" mac","208":"ere ","209":"oder","210":" hie","211":"uns ","212":" kom","213":" seh","214":"ensc","215":" ode","216":"eder","217":"iert","218":"inge","219":"abe ","220":"ken ","221":"tzt ","222":"k\u00f6nn","223":"hier","224":"hte ","225":"omme","226":"rech","227":" nur","228":"nur ","229":"iede","230":"asse","231":"unde","232":" ste","233":"tet ","234":"bei ","235":" gut","236":" zei","237":"imme","238":"ute ","239":"schi","240":"eute","241":" bis","242":"rich","243":" unt","244":"schw","245":"lten","246":"este","247":"mens","248":"eht ","249":"esse","250":"dann","251":" ent","252":"soll","253":" fra","254":"hre ","255":"ige ","256":"ese ","257":"mmer","258":"alte","259":" sta","260":" and","261":" men","262":"gesc","263":"zeit","264":"iere","265":"rung","266":"dere","267":"mer ","268":"vor ","269":"ster","270":" da ","271":"leic","272":"ion ","273":"urch","274":"heit","275":"llte","276":"tlic","277":"sch ","278":"zen ","279":" pro","280":" lie","281":"tell","282":"stel","283":"echt","284":"ste ","285":"sehe","286":" wel","287":"rste","288":"chaf","289":"ahre","290":"lte ","291":"durc","292":"dein","293":"sagt","294":"itte","295":"ollt","296":" dic","297":"ger ","298":"dich","299":"lebe","300":"schr","301":"nser","302":" dar","303":"tsch","304":"atte","305":" fre","306":"mehr","307":" leb","308":" dei","309":" ger","310":"chri","311":"unse","312":" geb","313":" dur","314":"lass","315":"scho","316":"rte ","317":" mus","318":"olle","319":"elt ","320":" meh","321":" tom","322":"iele","323":"halt","324":" zur","325":" dir","326":"gott","327":" got","328":"jahr","329":"ersc","330":"iel ","331":" ja ","332":"end ","333":"tern","334":"atio","335":" wur","336":"doch","337":"ffen","338":" ers","339":"haft","340":"nnte","341":"steh","342":" jah","343":"ibt ","344":" mal","345":" wil","346":"will","347":"iten","348":"tige","349":"tom ","350":" zum","351":"inte","352":"chti","353":"weit","354":"urde","355":"tig ","356":" gew","357":"isse","358":"hnen","359":"wurd","360":"nge ","361":"erte","362":"htig","363":" gen","364":"gege","365":" hin","366":" ber","367":"nte ","368":"ast ","369":" bin","370":" da\u00df","371":"da\u00df ","372":"eil ","373":"hatt","374":"sere","375":"iste","376":"keit","377":"zum ","378":"schu","379":"dir ","380":"tes ","381":"laub","382":" jet","383":"jetz","384":"bin ","385":"rer ","386":"rbei","387":" gel","388":"gehe","389":"tung","390":" ang","391":" gef","392":"such","393":"lieb","394":"chts","395":"iebe","396":"esen","397":" geg","398":"etwa","399":"hten","400":" doc","401":" lan","402":"chon","403":" jed","404":"rch ","405":"arbe","406":"rum ","407":"rten","408":" etw","409":"hon ","410":"nes ","411":"eige","412":"enen","413":"r\u00fcck","414":"eise","415":" gan","416":"les ","417":"mmt ","418":"wied","419":"\u00f6nne","420":"ihn ","421":"beit","422":" gib","423":"rgen","424":"est ","425":"gebe","426":"nst ","427":"muss","428":"spie","429":"chei","430":"best","431":"rach","432":"teil","433":"nten","434":" imm","435":" kon","436":"ganz","437":"erun","438":" has","439":"ler ","440":"tten","441":" wol","442":"weis","443":"iter","444":"klic","445":"erei","446":"ort ","447":"ien ","448":"gend","449":"gibt","450":"lang","451":"dern","452":"also","453":"sage","454":"sehr","455":"arte","456":"hts ","457":"lso ","458":"piel","459":"glau","460":"woll","461":"uche","462":"w\u00fcrd","463":"wei\u00df","464":"eist","465":" lei","466":"nung","467":"age ","468":" am ","469":" nie","470":" neu","471":"nken","472":" gla","473":"selb","474":"sser","475":"uss ","476":"zwei","477":"setz","478":" zwe","479":" sel","480":"eide","481":"jede","482":"uen ","483":"nige","484":" gro","485":"gte ","486":"ucht","487":" w\u00fcr","488":"aft ","489":"lles","490":"lung","491":" heu","492":"ihne","493":"euch","494":"seit","495":"onen","496":"tzen","497":"eden","498":"gut ","499":"chst","500":" wah","501":"reic","502":"rage","503":" spr","504":"erne","505":"ungs","506":"welt","507":"twas","508":"eser","509":" hei","510":"denn","511":"gese","512":"arum","513":"hast","514":"wiss","515":"\u00fcrde","516":"fall","517":"verl","518":" hau","519":"wirk","520":"heut","521":"land","522":"tter","523":" str","524":" las","525":"ines","526":"stan","527":"agt ","528":" kin","529":"ele ","530":"rlic","531":"gro\u00df","532":"sst ","533":"wer ","534":"ring","535":"freu","536":" mar","537":"tisc","538":"lche","539":"orge","540":"frag","541":" weg","542":"eins","543":"haus","544":"chli","545":"wort","546":"kind","547":"gest","548":" wor","549":"aube","550":"fahr","551":"rst ","552":"weil","553":" tag","554":" euc","555":"agte","556":"einf","557":"chwe","558":" son","559":"geht","560":"reit","561":" hal","562":"glic","563":"wahr","564":" rei","565":"ses ","566":"glei","567":"dank","568":"anke","569":"dien","570":"erge","571":"samm","572":"ing ","573":"ise ","574":"ihm ","575":" ihm","576":"sse ","577":"denk","578":"ott ","579":"find","580":"ens ","581":"all ","582":"\u00e4nde","583":"ent ","584":"nehm","585":"tag ","586":" gem","587":"mann","588":"chla","589":"tun ","590":"det ","591":"inne","592":"bst ","593":"\u00dfen ","594":"waru","595":"lein","596":"mand","597":"orde","598":"deut","599":"eln ","600":"ione","601":"eman","602":" jeh","603":"cken","604":"herr","605":"jeho","606":"ehov","607":"hand","608":" tun","609":"hova","610":"test","611":"elbs","612":"tier","613":"lbst","614":"ill ","615":"rauc","616":"eten","617":" dam","618":"ei\u00df ","619":"folg","620":" wo ","621":" wis","622":"gute","623":"chne","624":" arb","625":"\u00fcsse","626":"frau","627":"amme","628":" tra","629":"oll ","630":" bra","631":" fin","632":"raus","633":" int","634":"nke ","635":"nein","636":"aren","637":" woh","638":"bis ","639":"llei","640":"verb","641":" bet","642":"auen","643":"ang ","644":"fach","645":"ugen","646":"brau","647":"ents","648":"tand","649":"gung","650":"anze","651":"hmen","652":"nger","653":"schn","654":"zeug","655":"ters","656":"kenn","657":"hrer","658":"sier","659":"chie","660":"chul","661":"bist","662":"erha","663":"iden","664":" zus","665":"zur ","666":"\u00f6nnt","667":"tere","668":"iell","669":"iger","670":"ehme","671":"eres","672":"neue","673":"klei","674":" bew","675":"bere","676":" stu","677":" vol","678":"rist","679":"lter","680":"stim","681":"nner","682":"infa","683":"igt ","684":"erle","685":"f\u00fchr","686":"timm","687":" m\u00fcs","688":"rkli","689":"m\u00fcss","690":"\u00e4tte","691":" kle","692":"ite ","693":"enke","694":"sch\u00f6","695":"eche","696":"enne","697":"ers ","698":"irkl","699":"onde","700":"hung","701":"tehe","702":" nei","703":"nie ","704":"voll","705":" w\u00e4r","706":"usst","707":" erf","708":"llt ","709":" spi","710":"aten","711":"tzte","712":" nat","713":"ment","714":" beg","715":"gene","716":"eini","717":"verg","718":" ins","719":"oche","720":"offe","721":"eses","722":"gkei","723":"chre","724":"ress","725":"igke","726":"ete ","727":"inig","728":"ohne","729":"stra","730":"nfac","731":"nnt ","732":"sond","733":"leid","734":"dung","735":"eits","736":"entl","737":"anz ","738":" bri","739":" bit","740":"ttes","741":" ric","742":"hlen","743":"bitt","744":"ausg","745":"uten","746":"ding","747":"letz","748":" rec","749":"ufen","750":"elch","751":" gle","752":"bild","753":"eibe","754":"rund","755":"nlic","756":" eig","757":"ller","758":" h\u00e4t","759":"h\u00e4tt","760":"hst ","761":"otte","762":" sti","763":"ware","764":"ommt","765":"dert","766":"gena","767":" bed","768":" chr","769":"erin","770":"brin","771":"welc","772":"hris","773":"rein","774":"dlic","775":"ies ","776":"pass","777":" alt","778":"hei\u00df","779":"gesa","780":"erwe","781":"ause","782":"mitt","783":" reg","784":" h\u00f6r","785":"aufe","786":"ders","787":"enst","788":"amit","789":"elte","790":" fal","791":"zur\u00fc","792":"\u00fcck ","793":"dami","794":"enig","795":"erli","796":"ur\u00fcc","797":"erer","798":"iege","799":"hne ","800":"amen","801":" per","802":"alt ","803":"ntli","804":"ch\u00f6n","805":"ersu","806":"chic","807":"sch\u00e4","808":" mor","809":" f\u00fch","810":"sste","811":"ahr ","812":"erke","813":"reib","814":" nun","815":"ins ","816":" erk","817":"ente","818":"annt","819":"ette","820":"reun","821":"ndet","822":"eund","823":" dre","824":"wart","825":"zusa","826":"stre","827":"frei","828":"nun ","829":"ro\u00dfe","830":"ater","831":"usam","832":"wohl","833":"res ","834":"los ","835":"w\u00e4re","836":"ckt ","837":"ene ","838":"\u00e4re ","839":"ndes","840":"affe","841":" leu","842":" bil","843":"rhei","844":"gele","845":" kam","846":" bek","847":"ehe ","848":"hein","849":"sieh","850":"ener","851":"weg ","852":"leut","853":"anis","854":" kla","855":" ans","856":" gru","857":"hin ","858":"erla","859":"wei ","860":" han","861":"aufg","862":" kra","863":"rend","864":" jem","865":"ndig","866":" for","867":"art ","868":" jun","869":"lege","870":"leib","871":"gar ","872":"eh\u00f6r","873":"dara","874":" kri","875":"hab ","876":"nis ","877":"immt","878":"grun","879":"trag","880":"erze","881":"spre","882":"ertr","883":"orte","884":" pol","885":"nisc","886":"rsuc","887":"prob","888":" erw","889":"zeig","890":"ade ","891":"rau ","892":"jema","893":"ebe ","894":"besc","895":"h\u00f6rt","896":"rei ","897":"hrei","898":"ches","899":"blei","900":"usge","901":"ehre","902":" dav","903":"dige","904":"lage","905":"hrt ","906":"hes ","907":"nste","908":" get","909":"wach","910":" pas","911":"rank","912":"ell ","913":"poli","914":"trau","915":"\u00f6cht","916":"tete","917":"reis","918":" tei","919":"elen","920":" let","921":"enau","922":"tage","923":"nhei","924":"hter","925":" ken","926":"jung","927":"verh","928":"illi","929":" ung","930":"chau","931":"i\u00dft ","932":"rin ","933":"prec","934":" bef","935":"ngt ","936":" art","937":"euer","938":"tel ","939":"eld ","940":"dene","941":" rau","942":"ohl ","943":"m\u00f6ch","944":"blic","945":" m\u00f6c","946":"f\u00fchl","947":"gier","948":"rem ","949":"lie\u00df","950":"geh\u00f6","951":"raue","952":" jes","953":" vom","954":"ei\u00dft","955":"isti","956":" zie","957":"nzen","958":"bess","959":"vom ","960":" ble","961":"\u00f6gli","962":"unkt","963":"sach","964":" end","965":"m\u00f6gl","966":"inst","967":" the","968":"wich","969":"uer ","970":"ekom","971":"wege","972":"\u00f6rt ","973":"htet","974":"spra","975":" bib","976":"enge","977":"uben","978":"prac","979":"zieh","980":"h\u00f6re","981":"star","982":"einz","983":"sem ","984":"nnst","985":"ndel","986":" m\u00f6g","987":"auer","988":" ohn","989":"achs","990":"gern","991":"llst","992":"hlic","993":"gera","994":"lem ","995":"pers","996":"eile","997":"bens","998":"iben","999":"eing","1000":"eid ","1001":"onnt","1002":"esti","1003":"teht","1004":"mari","1005":"betr","1006":"esem","1007":"vert","1008":"erhe","1009":"rken","1010":"egt ","1011":"wert","1012":" mil","1013":"erwa","1014":" par","1015":"erbe","1016":"bend","1017":"nier","1018":"form","1019":"zahl","1020":"geme","1021":" eur","1022":"ssie","1023":"asch","1024":"lern","1025":"hste","1026":"lst ","1027":"olge","1028":"herz","1029":"gang","1030":"ellt","1031":"geld","1032":" din","1033":"ndli","1034":" pla","1035":"morg","1036":"eric","1037":"gst ","1038":" hel","1039":" ged","1040":" gei","1041":"dach","1042":"ngel","1043":"ntsc","1044":"bewe","1045":"irge","1046":" erd","1047":"auss","1048":"send","1049":"\u00f6ren","1050":"ker ","1051":"rtig","1052":" min","1053":"rade","1054":" red","1055":" tre","1056":"etze","1057":"erse","1058":" w\u00e4h","1059":"anns","1060":"rede","1061":"kte ","1062":"ova ","1063":"gewi","1064":"kauf","1065":"fern","1066":"lsch","1067":"uft ","1068":"ling","1069":"halb","1070":" bez","1071":" mut","1072":"gere","1073":"ecke","1074":"l\u00fcck","1075":"nkt ","1076":"oble","1077":"robl","1078":"haff","1079":" los","1080":"verw","1081":"nges","1082":"jesu","1083":"rieg","1084":"lieg","1085":"erre","1086":"blem","1087":"rhal","1088":"assi","1089":" mon","1090":"gema","1091":"nell","1092":" dor","1093":" lau","1094":"stun","1095":"haup","1096":"chke","1097":"aria","1098":"weni","1099":"r\u00fcbe","1100":"bede","1101":"krie","1102":"ran ","1103":" abs","1104":"gent","1105":"ktio","1106":"nutz","1107":" tat","1108":"aupt","1109":"verd","1110":"gef\u00e4","1111":"vate","1112":"ichk","1113":"net ","1114":"st\u00e4n","1115":"drei","1116":"vier","1117":"rieb","1118":" irg","1119":" ant","1120":"tze ","1121":"wohn","1122":"scht","1123":" ab ","1124":"buch","1125":"erad","1126":"geis","1127":"gl\u00fcc","1128":"chle","1129":"t\u00e4nd","1130":"rder","1131":" erz","1132":"hkei","1133":"rauf","1134":"nmal","1135":"eint","1136":"nati","1137":"einm","1138":"word","1139":"fest","1140":" ob ","1141":"verk","1142":" erl","1143":"oste","1144":"\u00f6nig","1145":" wic","1146":"lisc","1147":"name","1148":"emac","1149":"ieru","1150":"bel ","1151":"aut ","1152":"eue ","1153":"nne ","1154":"k\u00f6ni","1155":"chwi","1156":"erbr","1157":"ogen","1158":"euge","1159":"gefa","1160":"lige","1161":"ieht","1162":"angs","1163":"verf","1164":"rtei","1165":"stat","1166":"hera","1167":"ria ","1168":" beh","1169":"eset","1170":"ank ","1171":"akti","1172":"erfo","1173":"regi","1174":"ngst","1175":"gef\u00fc","1176":"wisc","1177":"schm","1178":"inma","1179":"davo","1180":"eim ","1181":"hilf","1182":"wend","1183":"erfa","1184":"fang","1185":"zent","1186":"esag","1187":"aum ","1188":"ttel","1189":" deu","1190":"nig ","1191":"ider","1192":"hlt ","1193":"emei","1194":"vors","1195":"w\u00e4hr","1196":"hwer","1197":" wan","1198":"twor","1199":" fer","1200":"konn","1201":"u\u00dfer","1202":"trei","1203":"usch","1204":"mili","1205":"ei\u00dfe","1206":"sorg","1207":"ges ","1208":"woch","1209":" erh","1210":"stad","1211":"au\u00dfe","1212":"gebr","1213":"it\u00e4t","1214":"utte","1215":"arti","1216":"icke","1217":"bar ","1218":"hich","1219":"ale ","1220":"antw","1221":"iehe","1222":" ben","1223":"ntwo","1224":"oren","1225":"huld","1226":" gra","1227":"f\u00e4ll","1228":"fer ","1229":"hied","1230":" nam","1231":" fr\u00fc","1232":" ind","1233":"z\u00e4hl","1234":" fol","1235":" aut","1236":"rgan","1237":" zeu","1238":" gab","1239":"sei ","1240":" daz","1241":"\u00e4chs","1242":"hund","1243":"grei","1244":"zeic","1245":" aug","1246":"rate","1247":"auto","1248":"ritt","1249":"ovas","1250":"atz ","1251":"vas ","1252":" vat","1253":"sinn","1254":"lfen","1255":"gten","1256":" gar","1257":"zung","1258":"kran","1259":"zten","1260":"ilie","1261":"eseh","1262":"stei","1263":"llig","1264":"ahl ","1265":" fes","1266":"\u00e4hre","1267":"use ","1268":"hrun","1269":"anne","1270":"rika","1271":"\u00fcnde","1272":"ibel","1273":"tadt","1274":" mag","1275":"edeu","1276":"ingt","1277":"sion","1278":"dazu","1279":"\u00fchre","1280":"wass","1281":"ufge","1282":" ehe","1283":" kur","1284":" gl\u00fc","1285":" woc","1286":" ach","1287":"gabe","1288":"erau","1289":"brac","1290":"gel ","1291":"iens","1292":"kam ","1293":"iema","1294":"anch","1295":"sp\u00e4t","1296":"ahrh","1297":"fehl","1298":"ube ","1299":"auge","1300":" oh ","1301":"dort","1302":"rben","1303":"avon","1304":"ante","1305":"fr\u00fch","1306":" hil","1307":"gr\u00f6\u00df","1308":"helf","1309":" abg","1310":"hoff","1311":"verm","1312":"mutt","1313":"beis","1314":"rier","1315":"chun","1316":" off","1317":"lese","1318":"niem","1319":"hint","1320":" pre","1321":"utsc","1322":"onst","1323":"ef\u00fch","1324":" spa","1325":" zwi","1326":"vera","1327":"tut ","1328":"nze ","1329":"rsta","1330":"rtra","1331":" buc","1332":" nah","1333":"chwa","1334":"hnel","1335":"wand","1336":"elfe","1337":" hof","1338":"azu ","1339":"abge","1340":" dra","1341":"igun","1342":"leit","1343":"eran","1344":"bibe","1345":"mati","1346":"rges","1347":"echn","1348":"cke ","1349":"alb ","1350":"aar ","1351":"sch\u00fc","1352":"gesp","1353":"lar ","1354":"lehr","1355":"esta","1356":"hnun","1357":"rige","1358":"nau ","1359":"stud","1360":"heid","1361":"eife","1362":"alis","1363":"tens","1364":" suc","1365":"enhe","1366":"dig ","1367":"sitz","1368":"rnen","1369":" eng","1370":" gr\u00f6","1371":"inan","1372":"erso","1373":" tut","1374":"merk","1375":"erkl","1376":"dent","1377":"auft","1378":"wies","1379":"n\u00e4ch","1380":"ielt","1381":"entw","1382":"amer","1383":"rinn","1384":"itet","1385":"ging","1386":"asst","1387":"nahm","1388":"manc","1389":" sog","1390":" fah","1391":"ften","1392":"wund","1393":"mill","1394":"riff","1395":"ebt ","1396":"pfer","1397":"mme ","1398":"werk","1399":"stig","1400":"sus ","1401":"ssch","1402":"zwis","1403":"fte ","1404":"kl\u00e4r","1405":"risc","1406":"chtu","1407":"mals","1408":"zier","1409":"alen","1410":"eili","1411":"amil","1412":"arau","1413":"ersa","1414":"ennt","1415":"dest","1416":" sp\u00e4","1417":"mmel","1418":"gab ","1419":"tan ","1420":"eisp","1421":" hun","1422":"lier","1423":"adt ","1424":"itze","1425":"esus","1426":"eter","1427":"chse","1428":"ebra","1429":" tie","1430":" gek","1431":"ohn ","1432":"ille","1433":"ills","1434":"geri","1435":"eigt","1436":"iene","1437":"meis","1438":"fami","1439":"isen","1440":"\u00fcrli","1441":"eibt","1442":" bau","1443":"\u00fchrt","1444":" sac","1445":" neh","1446":"paar","1447":"lauf","1448":"t\u00e4t ","1449":" cha","1450":"ispi","1451":"beim","1452":" tri","1453":"ilig","1454":"bers","1455":"orma","1456":"heim","1457":" kau","1458":"ckli","1459":"fort","1460":"rne ","1461":"egie","1462":"miss","1463":"htun","1464":"rati","1465":"erma","1466":"beid","1467":"rger","1468":"trie","1469":" sit","1470":"t\u00fcrl","1471":"h\u00e4lt","1472":"eckt","1473":"at\u00fcr","1474":"gewo","1475":"uter","1476":" daf","1477":"nat\u00fc","1478":"lie ","1479":"sam ","1480":"onne","1481":"enti","1482":"ald ","1483":"zte ","1484":"gewa","1485":"endw","1486":"hall","1487":"ekt ","1488":"euts","1489":"chma","1490":"euen","1491":"\u00e4nge","1492":"tigt","1493":" fas","1494":"eind","1495":"inke","1496":" au\u00df","1497":"sung","1498":"eleg","1499":"daf\u00fc","1500":"hlie","1501":" tot","1502":"tive","1503":"spri","1504":"kehr","1505":"\u00e4ter","1506":"punk","1507":"part","1508":"tzun","1509":" kli","1510":"ilde","1511":" hoc","1512":" ess","1513":"ruck","1514":"af\u00fcr","1515":"lgen","1516":"eure","1517":"beso","1518":"ings","1519":" leh","1520":"aden","1521":"gens","1522":"rfol","1523":"ffe ","1524":"olch","1525":" paa","1526":" wun","1527":"hoch","1528":"hrie","1529":" fam","1530":"zlic","1531":"west","1532":"ziel","1533":" bel","1534":"ftig","1535":"wese","1536":"ergi","1537":" fri","1538":"omm ","1539":"hend","1540":"ogar","1541":"roll","1542":"f\u00e4hr","1543":"utet","1544":" st\u00e4","1545":"solc","1546":"terb","1547":"frie","1548":" res","1549":" gin","1550":"mlic","1551":"liti","1552":"tund","1553":"chni","1554":"rwei","1555":"kel ","1556":"igte","1557":"ild ","1558":"erti","1559":"erz\u00e4","1560":"iona","1561":"llun","1562":"geno","1563":"ede ","1564":"\u00e4cht","1565":"rz\u00e4h","1566":"eina","1567":"alls","1568":" n\u00e4c","1569":" mis","1570":"oten","1571":"effe","1572":"ngs ","1573":"olit","1574":"kont","1575":"afte","1576":"soga","1577":"ndun","1578":"leis","1579":"ersp","1580":" inf","1581":" ern","1582":"uhr ","1583":"plan","1584":"eber","1585":"nzig","1586":" tod","1587":"berl","1588":" anz","1589":" ebe","1590":"nsic","1591":"wuss","1592":"err ","1593":"tike","1594":"tein","1595":"tatt","1596":" anf","1597":"orbe","1598":"erdi","1599":"berg","1600":"tur ","1601":"lech","1602":"pen ","1603":"ezei","1604":"gr\u00fcn","1605":"ndem","1606":"are ","1607":" lin","1608":"rkl\u00e4","1609":" zug","1610":" zah","1611":"\u00fccke","1612":"beri","1613":"druc","1614":"lls ","1615":" flu","1616":"tert","1617":"hlag","1618":"ick ","1619":"onal","1620":"inzi","1621":"kurz","1622":"int ","1623":"lick","1624":"aran","1625":"inie","1626":"rege","1627":"volk","1628":"rant","1629":"ant ","1630":"rson","1631":"sens","1632":"ie\u00dfe","1633":"lig ","1634":"erns","1635":"ichn","1636":"aufs","1637":"beha","1638":"ried","1639":"rgeb","1640":"rlie","1641":"biet","1642":" zer","1643":"stem","1644":"onie","1645":"ford","1646":"klar","1647":"raum","1648":"einl","1649":"ktiv","1650":"getr","1651":"eis ","1652":"eher","1653":" sow","1654":" dab","1655":"uell","1656":"wann","1657":" dac","1658":"walt","1659":" tro","1660":" bev","1661":"hrli","1662":"iefe","1663":"gste","1664":"nche","1665":"osse","1666":" akt","1667":"beko","1668":"rtet","1669":"wind","1670":"stet","1671":"medi","1672":"stli","1673":"edig","1674":"sohn","1675":"heil","1676":"nomm","1677":" bal","1678":"nsta","1679":"ar\u00fcb","1680":" ler","1681":"h\u00f6n ","1682":"yste","1683":"utze","1684":"rcht","1685":"dar\u00fc","1686":"ogra","1687":"ellu","1688":"chtl","1689":"m\u00e4nn","1690":"itis","1691":"\u00dfer ","1692":"endl","1693":"son ","1694":" dri","1695":"hlec","1696":"ldig","1697":"port","1698":"egan","1699":"fent","1700":"rzen","1701":"\u00e4hlt","1702":"erec","1703":"geda","1704":"gewe","1705":"ahme","1706":"fert","1707":"uldi","1708":" bli","1709":" fan","1710":"entr","1711":"tudi","1712":" eri","1713":" har","1714":"essi","1715":"dabe","1716":"geta","1717":"inn ","1718":"abei","1719":"egel","1720":"ehle","1721":"uppe","1722":" les","1723":"esuc","1724":" med","1725":"list","1726":"stri","1727":"ehst","1728":"staa","1729":"zige","1730":"hrhe","1731":" soh","1732":"teri","1733":" bru","1734":"ilen","1735":"rfah","1736":"ilfe","1737":"chin","1738":" obe","1739":" l\u00e4n","1740":"per ","1741":"\u00e4ren","1742":"nand","1743":"sisc","1744":"egeb","1745":"rche","1746":"abt ","1747":"deru","1748":"zuge","1749":"erat","1750":"ernt","1751":"enom","1752":"gela","1753":"bsch","1754":"taat","1755":" ide","1756":"date","1757":"itt ","1758":"p\u00e4te","1759":" spe","1760":"eweg","1761":"bung","1762":"ieb ","1763":"reck","1764":"atur","1765":" sam","1766":"lach","1767":"rufe","1768":"h\u00f6ne","1769":"chlo","1770":"iete","1771":"ichs","1772":"ober","1773":"ieg ","1774":"bald","1775":"ett ","1776":" dah","1777":"espr","1778":"hle ","1779":"vere","1780":"izie","1781":"ient","1782":"niss","1783":"gebo","1784":"its ","1785":" win","1786":"here","1787":"habt","1788":" m\u00e4n","1789":" set","1790":"eihe","1791":"iegt","1792":"orga","1793":"elbe","1794":"zehn","1795":"ordn","1796":" sor","1797":"ide ","1798":"tref","1799":"raft","1800":"shal","1801":" hol","1802":"roze","1803":"rsam","1804":"hrem","1805":"plat","1806":"rfen","1807":"ersi","1808":" pri","1809":" fei","1810":"hule","1811":" wes","1812":"lfe ","1813":"syst","1814":"lion","1815":"ive ","1816":" a ","1817":"bete","1818":"ppe ","1819":"\u00fccht","1820":"rrei","1821":"gesu","1822":"chlu","1823":" gr\u00fc","1824":"fund","1825":"proz","1826":"stec","1827":"mag ","1828":"ief ","1829":"gie ","1830":"lien","1831":"wick","1832":" sto","1833":"meri","1834":"chs ","1835":"\u00e4ndi","1836":"rspr","1837":"reff","1838":"ragt","1839":"ltes","1840":" nen","1841":"llio","1842":"deck","1843":"htli","1844":"beka","1845":"erka","1846":" net","1847":"info","1848":"taus","1849":" mom","1850":"pric","1851":"erna","1852":"eson","1853":"bevo","1854":"afen","1855":" nor","1856":"digt","1857":"ahle","1858":"echs","1859":" uhr","1860":"omen","1861":"tem ","1862":"haue","1863":"vorb","1864":"eien","1865":"grif","1866":"e\u00dfen","1867":"ile ","1868":" b\u00fcr","1869":"indu","1870":"ativ","1871":"umen","1872":"ehrt","1873":"hrte","1874":"\u00e4hle","1875":"hmal","1876":"wein","1877":"hlaf","1878":" kat","1879":"onat","1880":"allo","1881":"ule ","1882":"unft","1883":"l\u00e4ch","1884":" wac","1885":"o\u00dfen","1886":"erf\u00fc","1887":"\u00fcckl","1888":"ermi","1889":"ust ","1890":"nimm","1891":"himm","1892":" blu","1893":"\u00e4nne","1894":"wahl","1895":"rett","1896":"ose ","1897":" blo","1898":"ege ","1899":"kopf","1900":"ame ","1901":"stes","1902":"ngli","1903":"ssel","1904":"satz","1905":"nft ","1906":"mona","1907":"hine","1908":"esel","1909":"ate ","1910":"ckte","1911":"isie","1912":"ure ","1913":" ruh","1914":"fel ","1915":"olog","1916":" erg","1917":"\u00e4che","1918":"logi","1919":" kop","1920":"span","1921":"twa ","1922":"o\u00dfe ","1923":"tats","1924":"minu","1925":"bert","1926":"nfor","1927":"hwei","1928":" kre","1929":"ikan","1930":"h\u00e4ng","1931":"luss","1932":"\u00fchle","1933":"stie","1934":"rter","1935":"genu","1936":"tret","1937":"geko","1938":"rete","1939":"iff ","1940":"erie","1941":"rie ","1942":" rel","1943":"nend","1944":" kos","1945":"gess","1946":"legt","1947":"ions","1948":"mark","1949":"kund","1950":"hnli","1951":"uck ","1952":"erik","1953":"oft ","1954":"etra","1955":"sel ","1956":"erem","1957":"laut","1958":"kost","1959":"reif","1960":"rat ","1961":"sonn","1962":"lade","1963":"bund","1964":"tler","1965":"h\u00e4ft","1966":"aubt","1967":"iges","1968":"terh","1969":" him","1970":" tau","1971":"funk","1972":"ch\u00e4f","1973":"euro","1974":"nfal","1975":"kten","1976":"fass","1977":" arm","1978":"esun","1979":" err","1980":"elig","1981":"fran","1982":"kung","1983":"rift","1984":"rig ","1985":"l\u00e4ss","1986":" fun","1987":"anst","1988":"ntwi","1989":" oft","1990":"rupp","1991":"\u00fcche","1992":" h\u00e4n","1993":"tigk","1994":"oben","1995":" com","1996":"kraf","1997":"geha","1998":" na ","1999":"mmun","2000":"lebt","2001":"gram","2002":"kame","2003":"llo ","2004":"arf ","2005":"achd","2006":"oliz","2007":"nver","2008":"uchs","2009":"toff","2010":" t\u00fcr","2011":"emen","2012":"orsc","2013":"wirs","2014":" feh","2015":"kunf","2016":"gnis","2017":"els ","2018":"chme","2019":"ef\u00e4h","2020":"teck","2021":"renn","2022":"misc","2023":" bar","2024":"besu","2025":"rper","2026":"itun","2027":"ahrs","2028":"l\u00e4nd","2029":"hrif","2030":" sah","2031":" ban","2032":"chde","2033":"att ","2034":"rkt ","2035":"traf","2036":"tor ","2037":" bee","2038":"rzeu","2039":"isra","2040":"tech","2041":"ngeh","2042":" umg","2043":" isr","2044":"inzu","2045":" zuk","2046":"\u00f6rte","2047":"st\u00f6r","2048":"reie","2049":"fast","2050":"twic","2051":" pr\u00e4","2052":" rea","2053":"wide","2054":" inn","2055":"iss ","2056":"dche","2057":"ewei","2058":" kar","2059":"zust","2060":"gebi","2061":"reue","2062":"rlau","2063":" mat","2064":"uste","2065":"irst","2066":" wid","2067":"w\u00fcns","2068":"ppen","2069":"\u00fcnsc","2070":"spro","2071":"\u00f6rpe","2072":"k\u00f6rp","2073":" emp","2074":" ehr","2075":"dier","2076":"rael","2077":"ideo","2078":"gebu","2079":"ramm","2080":"\u00e4chl","2081":"srae","2082":"eitu","2083":"cker","2084":"enut","2085":"rief","2086":"evor","2087":"andt","2088":"rher","2089":"nstr","2090":"\u00f6ffe","2091":"verr","2092":"ton ","2093":"mus ","2094":"sell","2095":" \u00f6ff","2096":"ekan","2097":"erwi","2098":"etan","2099":"roch","2100":"rleb","2101":"uden","2102":"igst","2103":"r\u00f6\u00dfe","2104":"tzli","2105":" m\u00e4d","2106":"atis","2107":"mini","2108":"loss","2109":"amml","2110":"leme","2111":"char","2112":"erhi","2113":"film","2114":"ruch","2115":"tend","2116":" chi","2117":"bare","2118":"vorh","2119":"nenn","2120":"sons","2121":"esha","2122":"utig","2123":"pr\u00e4s","2124":"nete","2125":" leg","2126":"ioni","2127":"ra\u00dfe","2128":" lic","2129":"ungl","2130":"darf","2131":"foto","2132":"trin","2133":" ame","2134":"inli","2135":"dess","2136":"lose","2137":"tra\u00df","2138":" sau","2139":"chan","2140":" elt","2141":"opfe","2142":"unbe","2143":" pos","2144":"lus ","2145":"hick","2146":" ech","2147":"rans","2148":"enta","2149":"nern","2150":" zwa","2151":" unb","2152":"lder","2153":"enha","2154":"istu","2155":"eilt","2156":"lied","2157":"anfa","2158":"efin","2159":" dat","2160":"s\u00e4ch","2161":"vorg","2162":"hnt ","2163":" bre","2164":"errs","2165":"ngeb","2166":"opf ","2167":"sund","2168":"\u00e4tze","2169":"gesi","2170":"delt","2171":"f\u00fcnf","2172":"hler","2173":" k\u00f6r","2174":"meng","2175":" f\u00fcn","2176":"erba","2177":" run","2178":"ie\u00df ","2179":"hema","2180":"stof","2181":"rrsc","2182":"hlos","2183":"smus","2184":"eier","2185":"emal","2186":" not","2187":"ieso","2188":"lit\u00e4","2189":"ssio","2190":"stau","2191":"erga","2192":"rdnu","2193":"aute","2194":"ries","2195":"eso ","2196":"hina","2197":"itio","2198":"usen","2199":" ok ","2200":"rink","2201":"mte ","2202":"iebt","2203":"dnun","2204":"m\u00e4dc","2205":" mu\u00df","2206":"vide","2207":"orst","2208":"\u00e4dch","2209":" fil","2210":"ver\u00e4","2211":"musi","2212":"ude ","2213":"ven ","2214":"ark ","2215":"tnis","2216":"inse","2217":"ts\u00e4c","2218":"ells","2219":"renz","2220":" bea","2221":" org","2222":"\u00fctze","2223":"rtsc","2224":"erfe","2225":"mmlu","2226":"terr","2227":"rmat","2228":"mlun","2229":"tik ","2230":"fft ","2231":"endi","2232":"reih","2233":"genh","2234":"empf","2235":"iver","2236":"mmte","2237":" sof","2238":"rag ","2239":"rnt ","2240":"ewor","2241":"erbi","2242":" fli","2243":"naus","2244":"edes","2245":"hey ","2246":"ehal","2247":"grup","2248":"nkti","2249":"tiv ","2250":"ilt ","2251":"rwar","2252":"udie","2253":"f\u00fcll","2254":"them","2255":" bem","2256":"anti","2257":" nut","2258":"komp","2259":"stor","2260":"usse","2261":"post","2262":"umge","2263":"etz ","2264":"erz ","2265":"erzi","2266":"rren","2267":"stal","2268":"sges","2269":"gani","2270":" fot","2271":"redi","2272":"mess","2273":" gre","2274":"rset","2275":" nim","2276":"ensi","2277":" met","2278":"erda","2279":"vern","2280":"umme","2281":"tran","2282":" mas","2283":" tol","2284":"fens","2285":" joh","2286":"\u00e4lt ","2287":"erlo","2288":" erm","2289":"olk ","2290":" lag","2291":"flug","2292":"zug ","2293":"izei","2294":"rbre","2295":" s ","2296":"alsc","2297":"ch\u00e4t","2298":"fein","2299":"eme ","2300":"dete","2301":"insa","2302":"tren","2303":"mpfe","2304":"h\u00e4tz","2305":"\u00e4llt","2306":"sant","2307":"dsch","2308":"alla","2309":" dad","2310":"hlan","2311":"ansc","2312":"esic","2313":"stis","2314":" ord","2315":"tief","2316":"iker","2317":"eler","2318":"gen\u00fc","2319":"berh","2320":"hrsc","2321":"r\u00fcnd","2322":"\u00fcckt","2323":"ltig","2324":"mome","2325":"rien","2326":"ismu","2327":"fals","2328":" bab","2329":"rlas","2330":"eral","2331":"absc","2332":"uers","2333":"itik","2334":"olut","2335":"aste","2336":"blut","2337":"ewal","2338":"egin","2339":"\u00fcrge","2340":"zer ","2341":"i\u00dfe ","2342":" uni","2343":" r\u00fcc","2344":"verz","2345":"lize","2346":"rneh","2347":" ele","2348":" san","2349":"isst","2350":" rie","2351":" hey","2352":" pfl","2353":"aner","2354":"bera","2355":" sen","2356":" see","2357":"rrn ","2358":"jeni","2359":"errn","2360":" mr ","2361":"rodu","2362":"irat","2363":"prod","2364":" bla","2365":"usik","2366":"flie","2367":"nist","2368":"inut","2369":" br\u00fc","2370":"begi","2371":"ubli","2372":"st\u00fct","2373":"mel ","2374":"er\u00e4n","2375":"nale","2376":"nfan","2377":" pau","2378":"eidu","2379":" zeh","2380":"lden","2381":"same","2382":" l\u00f6s","2383":"rzei","2384":"idun","2385":"ift ","2386":"ekti","2387":"rst\u00e4","2388":"b\u00fcrg","2389":"latz","2390":"ausz","2391":"w\u00e4hl","2392":"\u00e4lte","2393":" che","2394":"chel","2395":"hmer","2396":"stag","2397":"erra","2398":"ausf","2399":"henk","2400":"benu","2401":"ehun","2402":"reli","2403":"rman","2404":" vid","2405":"rest","2406":"heru","2407":"insc","2408":"rgie","2409":"inun","2410":"t\u00fctz","2411":"enug","2412":" qua","2413":"sah ","2414":"nute","2415":"nug ","2416":"l\u00e4ng","2417":"hnet","2418":"ngef","2419":"waff","2420":"ligi","2421":"rke ","2422":" jen","2423":"anzu","2424":"trac","2425":"hsen","2426":"desh","2427":" dis","2428":"hme ","2429":"zimm","2430":"rsic","2431":"m\u00f6ge","2432":"bern","2433":"arme","2434":" lac","2435":"zig ","2436":"bind","2437":"tus ","2438":"trot","2439":"engl","2440":"tark","2441":"seid","2442":"klin","2443":"teig","2444":" ort","2445":"nann","2446":"r\u00e4nd","2447":"ibli","2448":"daue","2449":"ahru","2450":"toll","2451":" w\u00fcn","2452":" n\u00e4h","2453":"indi","2454":" ruf","2455":"urz ","2456":"hing","2457":"nkel","2458":"r\u00fche","2459":"drin","2460":"lut ","2461":"link","2462":"geho","2463":"zuku","2464":" n ","2465":"baby","2466":"brec","2467":"ervo","2468":"biss","2469":"arke","2470":"brei","2471":"gefu","2472":" b\u00f6s","2473":" tel","2474":"ffne","2475":"rakt","2476":"hwes","2477":"ital","2478":"t\u00fcck","2479":"side","2480":"pfen","2481":"efun","2482":"uder","2483":"zial","2484":"t\u00e4ti","2485":"arin","2486":"jekt","2487":"acke","2488":"uge ","2489":"ckel","2490":"egne","2491":"erig","2492":"ch\u00fct","2493":"prog","2494":"\u00e4tig","2495":" rat","2496":"edoc","2497":"uren","2498":" ne ","2499":" gri","2500":"begr","2501":"runt","2502":"flic","2503":"andl","2504":"jedo","2505":"ginn","2506":"tod ","2507":"ium ","2508":"esto","2509":"gion","2510":"feue","2511":"\u00e4mpf","2512":"roph","2513":"lust","2514":"upt ","2515":"\u00f6sen","2516":"llsc","2517":"sag ","2518":"ieri","2519":"ehn ","2520":"ophe","2521":"ukun","2522":"ntie","2523":"egal","2524":"essa","2525":" zuf","2526":" kun","2527":"trol","2528":"enan","2529":"bene","2530":"st\u00fcc","2531":"mete","2532":"edan","2533":"ruhi","2534":"uhig","2535":"ntra","2536":"drau","2537":"llah","2538":"rmen","2539":"hole","2540":"ussi","2541":"sand","2542":"nerg","2543":"aufz","2544":"d\u00fcrf","2545":"baue","2546":"ustr","2547":"einu","2548":"rlan","2549":"dr\u00fcc","2550":"mitg","2551":"efer","2552":" sat","2553":"idee","2554":"ozen","2555":"terg","2556":"ans ","2557":"inis","2558":"terl","2559":"erh\u00e4","2560":" v\u00f6l","2561":"t\u00f6te","2562":"uto ","2563":"disc","2564":"\u00fcrch","2565":"einh","2566":"ubt ","2567":"tr\u00e4g","2568":"daru","2569":" soz","2570":"ontr","2571":" anw","2572":"sati","2573":"zers","2574":"efah","2575":"ebli","2576":"rekt","2577":"ats\u00e4","2578":"brie","2579":"luft","2580":"etre","2581":"ttet","2582":"rhau","2583":" bun","2584":"dahe","2585":"uern","2586":" wus","2587":" ums","2588":"rude","2589":"ack ","2590":"espe","2591":"l\u00e4uf","2592":"rhin","2593":"fizi","2594":"hres","2595":"ess ","2596":"ngsa","2597":" teu","2598":"inze","2599":"urze","2600":"beru","2601":"ssan","2602":"orm ","2603":"wede","2604":"tele","2605":"egun","2606":"osen","2607":"akte","2608":"bote","2609":" feu","2610":"tati","2611":"rnst","2612":"kani","2613":"ied ","2614":"issc","2615":"ntro","2616":"deln","2617":"chl\u00e4","2618":"ael ","2619":"entf","2620":"\u00dfte ","2621":"l\u00e4rt","2622":"hiel","2623":"ezie","2624":"lekt","2625":"\u00fcgen","2626":"n\u00e4he","2627":"oden","2628":"ltun","2629":"herh","2630":"b\u00f6se","2631":"haut","2632":"rogr","2633":"nsti","2634":"stro","2635":"eira","2636":"radi","2637":"tart","2638":"ball","2639":"nebe","2640":"hlte","2641":"ika ","2642":" sec","2643":"swei","2644":"rotz","2645":"k\u00e4mp","2646":" kir","2647":" \u00e4nd","2648":"mind","2649":" je ","2650":"\u00dflic","2651":"h\u00e4nd","2652":"chge","2653":"elie","2654":" une","2655":"st\u00e4r","2656":"\u00fcsst","2657":"uber","2658":"llem","2659":"t\u00e4rk","2660":"lend","2661":"nchm","2662":"pann","2663":"nigr","2664":"rdie","2665":" b ","2666":"besi","2667":"i\u00dfen","2668":"hnit","2669":"igre","2670":"amm ","2671":"rst\u00fc","2672":"f\u00e4ng","2673":"fors","2674":"tori","2675":"rdin","2676":"f\u00fcrc","2677":"onta","2678":"ages","2679":"\u00e4sst","2680":"wage","2681":" kor","2682":"stru","2683":"l\u00fcss","2684":"ewes","2685":"hwie","2686":"utzt","2687":"nce ","2688":"sver","2689":"olgt","2690":" h\u00e4l","2691":"zwar","2692":"nseh","2693":"ausw","2694":"itig","2695":"edie","2696":"\u00f6tig","2697":"the ","2698":" sup","2699":"enfa","2700":"ver ","2701":"n\u00f6ti","2702":"urte","2703":"\u00f6rde","2704":"eiti","2705":"\u00f6gen","2706":"nitt","2707":"trat","2708":"teue","2709":"pred","2710":"chem","2711":"ikel","2712":"osit","2713":"olen","2714":"krei","2715":"aher","2716":"n\u00fcbe","2717":"treu","2718":"tin ","2719":"eruf","2720":"rmal","2721":"demo","2722":"ufe ","2723":"eck ","2724":"paul","2725":" bot","2726":"ktor","2727":"chal","2728":"sech","2729":"heir","2730":"erw\u00e4","2731":"digu","2732":"prop","2733":"ammt","2734":"istl","2735":"hdem","2736":"lkom","2737":"male","2738":"ufer","2739":"zoge","2740":"lief","2741":"baut","2742":"one ","2743":"iffe","2744":"rtik","2745":"mung","2746":"geli","2747":"enkt","2748":"mmst","2749":"llko","2750":"\u00f6ffn","2751":"dlun","2752":" f\u00e4l","2753":"enz ","2754":"h\u00f6he","2755":"pres","2756":"tste","2757":"orie","2758":"feld","2759":" luf","2760":"\u00e4ume","2761":"kart","2762":"bnis","2763":" pun","2764":"klas","2765":"achr","2766":"rkau","2767":"\u00fcnft","2768":"para","2769":"ebie","2770":"efal","2771":"emli","2772":"rkun","2773":" fl\u00fc","2774":"rang","2775":"rge ","2776":"rtre","2777":"spek","2778":"berr","2779":"bewu","2780":"ebet","2781":"posi","2782":"rbar","2783":"a\u00dfen","2784":"fand","2785":"erri","2786":"ebte","2787":" st\u00fc","2788":"sik ","2789":"gal ","2790":"lber","2791":"tat ","2792":"aust","2793":"ziem","2794":"rdet","2795":"vora","2796":"ansp","2797":"kamp","2798":"alit","2799":" h\u00f6h","2800":"tfer","2801":"ickt","2802":" app","2803":"nied","2804":"rgeh","2805":"olls","2806":"s\u00e4tz","2807":"enze","2808":"ntag","2809":" mos","2810":"erme","2811":"ieml","2812":"hric","2813":"onze","2814":"hwin","2815":"tsta","2816":"fung","2817":" kap","2818":"ocht","2819":"spor","2820":"arst","2821":"siti","2822":"glie","2823":"konz","2824":"blie","2825":"selt","2826":"r\u00f6\u00dft","2827":"etro","2828":"rote","2829":" sys","2830":"samt","2831":"ager","2832":"wett","2833":" mer","2834":"\u00f6\u00dfte","2835":"reud","2836":"riti","2837":" neb","2838":" typ","2839":"erni","2840":" jud","2841":"bibl","2842":"r\u00e4si","2843":"isat","2844":"wier","2845":"uhe ","2846":"prei","2847":"dens","2848":"\u00fcnf ","2849":"t\u00fcr ","2850":"uszu","2851":"fing","2852":"lafe","2853":" tec","2854":"eude","2855":"tal ","2856":"norm","2857":"rdam","2858":" d ","2859":"talt","2860":"en\u00fcb","2861":"bte ","2862":"h\u00f6r ","2863":"lini","2864":"elde","2865":"limm","2866":"ampf","2867":"lch ","2868":" ret","2869":"derb","2870":"nhal","2871":"ocke","2872":"ord ","2873":"sozi","2874":"nate","2875":"elef","2876":"olla","2877":"\u00e4sid","2878":"bezi","2879":"tivi","2880":"chut","2881":" bie","2882":" ene","2883":"nal ","2884":"\u00fchl ","2885":"ndlu","2886":"bege","2887":"lag ","2888":"estr","2889":" rep","2890":"r\u00e4um","2891":"brud","2892":"rbin","2893":"owie","2894":" fle","2895":"lah ","2896":" wal","2897":"weif","2898":"dreh","2899":"sene","2900":"altu","2901":"rwac","2902":"hlim","2903":"merz","2904":"ittl","2905":"ngla","2906":"rh\u00e4l","2907":"erk ","2908":"hwar","2909":"geze","2910":"ote ","2911":"enba","2912":" dau","2913":"llar","2914":"\u00fcnst","2915":"nnes","2916":"deo ","2917":" tr\u00e4","2918":" mod","2919":"a\u00dfe ","2920":"ers\u00f6","2921":"eug ","2922":" gez","2923":"etri","2924":"nzel","2925":"hnte","2926":"ther","2927":"dee ","2928":"pekt","2929":"ance","2930":"blin","2931":"sent","2932":"geni","2933":" l\u00e4s","2934":"ehei","2935":"uper","2936":"rnat","2937":"ergr","2938":" d\u00fcr","2939":"uert","2940":" kol","2941":"esam","2942":"dhei","2943":" tan","2944":"\u00fcndi","2945":"wirt","2946":"nive","2947":"lett","2948":"ewis","2949":"ifen","2950":"tarb","2951":"gnet","2952":"lore","2953":" i ","2954":"erfl","2955":"prof","2956":"befr","2957":" f\u00e4h","2958":"l\u00fcge","2959":"ndhe","2960":"ekte","2961":"irch","2962":"e\u00dfli","2963":"bega","2964":"bach","2965":"supe","2966":"hrit","2967":"nsam","2968":"aufh","2969":"kirc","2970":"urop","2971":"aftl","2972":"mode","2973":"\u00fcher","2974":" opf","2975":"ruhe","2976":"stin","2977":"rvor","2978":" fu\u00df","2979":"mst ","2980":"bges","2981":"rwen","2982":"ffnu","2983":"\u00f6\u00dfer","2984":"fnun","2985":" sal","2986":"warz","2987":"rlor","2988":"usti","2989":"geln","2990":"erho","2991":"\u00fcrfe","2992":"lock","2993":"ehan","2994":"ands","2995":"fisc","2996":"nbar","2997":"dire","2998":"mier","2999":"otsc","3000":"ufzu","3001":"ompl","3002":"ssig","3003":"geru","3004":"rlet","3005":"w\u00f6hn","3006":"eles","3007":"orau","3008":"aufr","3009":" kal","3010":"rleg","3011":"temp","3012":"ewin","3013":"ie\u00dfl","3014":"nett","3015":"hrec","3016":"winn","3017":"rasc","3018":"ldun","3019":"unds","3020":"hutz","3021":" som","3022":"elan","3023":" wet","3024":"nien","3025":"\u00fcste","3026":"arsc","3027":"weck","3028":"emer","3029":" ann","3030":"efan","3031":"aler","3032":"proj","3033":"iehs","3034":"bots","3035":"eiss","3036":"lker","3037":"ebot","3038":"ewig","3039":"bett","3040":"s\u00fcnd","3041":"bedi","3042":"\u00e4uft","3043":"ndte","3044":"proc","3045":" ewi","3046":"dari","3047":"damm","3048":"iech","3049":"hern","3050":"htes","3051":"ofor","3052":"ard ","3053":"unke","3054":"ltet","3055":"stus","3056":"fekt","3057":"roje","3058":"llia","3059":"comp","3060":"afri","3061":" gep","3062":"berf","3063":" rol","3064":"irek","3065":" exp","3066":"evol","3067":"rand","3068":"itel","3069":"pani","3070":"herv","3071":"nkte","3072":"sofo","3073":"uld ","3074":" jer","3075":"gega","3076":"eer ","3077":"sing","3078":"mes ","3079":"utli","3080":"chis","3081":"gew\u00f6","3082":" fro","3083":"last","3084":"ebun","3085":"gelt","3086":"ets ","3087":"gren","3088":"verp","3089":"zei ","3090":"itz ","3091":"itua","3092":"netz","3093":"ermu","3094":"hie\u00df","3095":"rst\u00f6","3096":"erks","3097":" dro","3098":"hner","3099":"lleg","3100":"chat","3101":"sowi","3102":" sir","3103":"rmut","3104":"unsc","3105":"edac","3106":"ojek","3107":"dukt","3108":"hig ","3109":"\u00e4ngt","3110":"nord","3111":"mu\u00df ","3112":"chnu","3113":"stil","3114":"bank","3115":"ozia","3116":"tver","3117":"rnet","3118":"ogie","3119":"pier","3120":"rad ","3121":"\u00f6nli","3122":"\u00e4hig","3123":"pr\u00fcf","3124":"eues","3125":"lane","3126":"r\u00e4ch","3127":"utes","3128":"\u00f6lli","3129":"s\u00f6nl","3130":"line","3131":"rs\u00f6n","3132":"doll","3133":" dol","3134":"fris","3135":"nali","3136":"krat","3137":"ew\u00f6h","3138":" mes","3139":"terw","3140":"f\u00e4hi","3141":"undl","3142":"glis","3143":"chif","3144":"v\u00f6ll","3145":"gisc","3146":"ehts","3147":"nere","3148":"etzu","3149":"dama","3150":"ehnt","3151":"ranz","3152":"wars","3153":" hoh","3154":"hass","3155":"bein","3156":"rkeh","3157":"frik","3158":"kay ","3159":" unv","3160":"off ","3161":"riec","3162":" l\u00e4u","3163":"iest","3164":" anb","3165":"ntsp","3166":"anda","3167":"irts","3168":" gol","3169":"hart","3170":"hiff","3171":"ebni","3172":"tore","3173":"infl","3174":"mate","3175":"amal","3176":"ger\u00e4","3177":"tos ","3178":" new","3179":"fers","3180":"okay","3181":"obal","3182":" jug","3183":"oduk","3184":"alie","3185":"ishe","3186":" k\u00e4m","3187":"nisa","3188":"bode","3189":"del ","3190":" k\u00fcn","3191":"\u00e4u\u00dfe","3192":"h\u00fctz","3193":"bill","3194":"agie","3195":" oka","3196":"anwe","3197":"ucke","3198":"utio","3199":" x ","3200":"\u00e4hrt","3201":" waf","3202":"ulus","3203":"ense","3204":" \u00e4lt","3205":"inha","3206":"ro\u00df ","3207":"sieg","3208":"ruf ","3209":" rot","3210":"sir ","3211":"mose","3212":"meer","3213":" zuv","3214":"offn","3215":"mber","3216":"hene","3217":"eidi","3218":"tot ","3219":"ewus","3220":"erar","3221":"elli","3222":"bier","3223":"ues ","3224":" pap","3225":"uati","3226":" dr\u00fc","3227":"bahn","3228":"chze","3229":"lite","3230":"juge","3231":"hind","3232":"\u00fctte","3233":"text","3234":"rall","3235":"geh ","3236":"robe","3237":"v\u00f6lk","3238":"jene","3239":"hem ","3240":" ras","3241":"\u00e4lle","3242":"mten","3243":" ker","3244":"efon","3245":"k\u00fcnd","3246":"lan ","3247":" pet","3248":"hlus","3249":"iet ","3250":"rlei","3251":"erbu","3252":"muni","3253":"ngre","3254":"\u00f6lke","3255":" fel","3256":"ntes","3257":"eut ","3258":"aub ","3259":"usta","3260":"efre","3261":"ufel","3262":"unst","3263":"rf\u00fcl","3264":"j\u00e4hr","3265":" tem","3266":"hohe","3267":"hisc","3268":"erum","3269":"ndwi","3270":"erpr","3271":"tate","3272":"berz","3273":"tspr","3274":"teuf","3275":"itsc","3276":" zun","3277":"ewoh","3278":"rass","3279":" que","3280":" wit","3281":"amte","3282":"agst","3283":"mut ","3284":"sone","3285":"beei","3286":"aulu","3287":"rhun","3288":"spar","3289":"nahe","3290":"seel","3291":"chhe","3292":"disk","3293":"hann","3294":"lefo","3295":"ture","3296":"ehrl","3297":"kons","3298":" pra","3299":"erl\u00e4","3300":"j\u00fcng","3301":"bot ","3302":"amp ","3303":"hien","3304":"atie","3305":" spo","3306":"rnte","3307":"tral","3308":" j\u00fcn","3309":"ohle","3310":"einb","3311":"r\u00fcde","3312":"zell","3313":"derl","3314":"natu","3315":"elas","3316":"\u00fcder","3317":"ufga","3318":"appe","3319":" zen","3320":"br\u00fcd","3321":"est\u00e4","3322":"hirn","3323":"ausd","3324":"russ","3325":"sweg","3326":"ensw","3327":"ergl","3328":"st\u00e4t","3329":"mist","3330":"ahm ","3331":"dran","3332":"ausb","3333":"ankh","3334":"mord","3335":"zusc","3336":"ssun","3337":"iven","3338":"ohnt","3339":" pat","3340":" ner","3341":"kult","3342":" mee","3343":"mass","3344":"zuer","3345":" zue","3346":"ommu","3347":"univ","3348":"imm ","3349":"obac","3350":"fgab","3351":"atze","3352":" s\u00fcd","3353":"ieh ","3354":"twei","3355":"veru","3356":"uftr","3357":"eoba","3358":" dru","3359":"lati","3360":" s\u00fcn","3361":"u\u00dfen","3362":"chba","3363":"eufe","3364":"nkhe","3365":"\u00fchlt","3366":"khei","3367":"trit","3368":"lanz","3369":"kst ","3370":"blis","3371":"erbo","3372":"r\u00f6ff","3373":"tale","3374":"erve","3375":"lbe ","3376":"tbar","3377":"beob","3378":"enie","3379":"nwei","3380":"ber\u00fc","3381":"eugt","3382":"rbra","3383":" ser","3384":"pute","3385":"ntfe","3386":"mary","3387":"\u00e4rte","3388":" e ","3389":"hbar","3390":"\u00e4fti","3391":"tuat","3392":" \u00e4hn","3393":"sieb","3394":"er\u00f6f","3395":"rzt ","3396":"obwo","3397":"bten","3398":"wegu","3399":" lus","3400":"ock ","3401":"eam ","3402":"b\u00fcch","3403":"mput","3404":"iehu","3405":" obw","3406":"euti","3407":"enth","3408":"tum ","3409":"\u00e4gt ","3410":"davi","3411":"err\u00fc","3412":"itge","3413":"ary ","3414":"able","3415":"diej","3416":"laus","3417":"prin","3418":"rry ","3419":"ieje","3420":"tzer","3421":"empe","3422":"bwoh","3423":"luch","3424":"enes","3425":"rras","3426":"dte ","3427":"ebor","3428":"situ","3429":"undh","3430":"ina ","3431":"aate","3432":"trum","3433":"steu","3434":"l\u00e4re","3435":"roff","3436":"bele","3437":"ejen","3438":" abh","3439":" sek","3440":"mpel","3441":"lgt ","3442":"kaum","3443":" h\u00e4u","3444":" zim","3445":"ngew","3446":" h\u00f6c","3447":"\u00fccks","3448":"\u00e4hnl","3449":"kelt","3450":"ners","3451":"r\u00fcch","3452":"weig","3453":"etru","3454":"abso","3455":" rus","3456":" l\u00fcg","3457":"oran","3458":"ifel","3459":"eink","3460":"utun","3461":"arre","3462":"ntel","3463":"beza","3464":"arkt","3465":"rtun","3466":"sige","3467":"ssag","3468":"endu","3469":"\u00e4hrl","3470":"sper","3471":"ezog","3472":"ickl","3473":"latt","3474":"krit","3475":" una","3476":"hzei","3477":" afr","3478":"mite","3479":"nhau","3480":"ilm ","3481":"ompu","3482":"stge","3483":"eere","3484":"gsam","3485":"avid","3486":"swer","3487":"band","3488":"\u00f6chs","3489":"reng","3490":"turm","3491":"rere","3492":"hinz","3493":" fla","3494":"brig","3495":"team","3496":"adur","3497":"nzer","3498":"ode ","3499":"ema ","3500":"efra","3501":"h\u00f6ch","3502":"ezah","3503":"oss ","3504":"befi","3505":"tote","3506":"ef\u00e4l","3507":"ahnu","3508":"pera","3509":"egri","3510":"zess","3511":"masc","3512":"anie","3513":"bewa","3514":"esit","3515":" beo","3516":"ugt ","3517":"lge ","3518":"gert","3519":"afft","3520":"rus ","3521":"orhe","3522":"trof","3523":"\u00e4usc","3524":"mpf ","3525":"bore","3526":"\u00fcllt","3527":"apie","3528":"hrhu","3529":"eris","3530":"rksa","3531":"issi","3532":"rsto","3533":"feie","3534":"ttle","3535":" abz","3536":"ihei","3537":" amp","3538":"nflu","3539":"real","3540":"rr\u00fcc","3541":"embe","3542":"ngss","3543":"ksam","3544":"esu ","3545":"ratu","3546":"eswe","3547":"ausl","3548":"\u00f6ne ","3549":" ega","3550":"neid","3551":"dadu","3552":"undi","3553":"leri","3554":"beme","3555":"blog","3556":"orsi","3557":" m ","3558":" eis","3559":"lizi","3560":"gel\u00e4","3561":"pel ","3562":"berw","3563":"were","3564":"ufst","3565":"gart","3566":" u ","3567":" jap","3568":"reut","3569":"baum","3570":"nds ","3571":"konf","3572":" tru","3573":"lisi","3574":" sex","3575":" bod","3576":" ahn","3577":"ntst","3578":"hade","3579":"eign","3580":"aufm","3581":"ch\u00f6p","3582":" t\u00f6t","3583":"idig","3584":"kong","3585":"fnet","3586":"raut","3587":"h\u00f6pf","3588":" haa","3589":" anr","3590":"till","3591":"elek","3592":"\u00f6se ","3593":"ifte","3594":"isto","3595":" bro","3596":"ums ","3597":"nstl","3598":"chef","3599":"ama ","3600":"spr\u00e4","3601":"flei","3602":"tali","3603":"spru","3604":"tode","3605":"anzi","3606":"nspr","3607":"rdig","3608":" car","3609":"las ","3610":"omit","3611":"grie","3612":" bas","3613":"burg","3614":"gem\u00e4","3615":"ssis","3616":" fac","3617":"imen","3618":" wag","3619":"chl\u00fc","3620":"flus","3621":"inau","3622":"ftli","3623":"tric","3624":"derh","3625":"zept","3626":"\u00f6hnl","3627":"ervi","3628":"elei","3629":" tor","3630":"egte","3631":"ropa","3632":"rmit","3633":"theo","3634":"grad","3635":"\u00fchru","3636":"tigs","3637":"nsel","3638":"serv","3639":"eitr","3640":"kana","3641":"assu","3642":"ume ","3643":"eib ","3644":"rock","3645":"drit","3646":"ons ","3647":"takt","3648":"nera","3649":"bsol","3650":"hhei","3651":"ane ","3652":"edin","3653":"frem","3654":"burt","3655":"edem","3656":"inwe","3657":"lind","3658":"warn","3659":"rbun","3660":"enso","3661":"nswe","3662":"chad","3663":"stam","3664":" b\u00fcc","3665":"ohnu","3666":"usga","3667":"farb","3668":"prot","3669":"fluc","3670":"hau ","3671":" far","3672":"iale","3673":"ldet","3674":"ebur","3675":"tuel","3676":"volu","3677":"mons","3678":"auri","3679":"apan","3680":"esig","3681":"ars ","3682":"aris","3683":"rw\u00e4h","3684":" unr","3685":"\u00e4rke","3686":"een ","3687":"ohan","3688":" sym","3689":"itgl","3690":"rlin","3691":"igio","3692":" unm","3693":" lad","3694":"wen ","3695":"geba","3696":"l\u00f6se","3697":"rafe","3698":"germ","3699":"tanz","3700":"rise","3701":"fst ","3702":" pfe","3703":"hens","3704":"rnse","3705":"zeln","3706":"ntri","3707":"achb","3708":" urs","3709":"witt","3710":"japa","3711":"\u00fcnge","3712":" weh","3713":"hers","3714":"oto ","3715":"ildu","3716":"tner","3717":" ros","3718":"utz ","3719":" \u00e4u\u00df","3720":"werf","3721":"remd","3722":"nigt","3723":"haar","3724":"well","3725":"rbe ","3726":"astr","3727":"rdes","3728":"dana","3729":"itzt","3730":"eele","3731":"mart","3732":" rob","3733":"okra","3734":" job","3735":" ris","3736":"lerd","3737":" mot","3738":"ase ","3739":"kris","3740":"kapi","3741":"sern","3742":"nkst","3743":"werb","3744":"via ","3745":" bos","3746":"usdr","3747":"ngni","3748":"kend","3749":"lben","3750":" ren","3751":"koll","3752":"thal","3753":"lug ","3754":"mple","3755":"nfti","3756":"urm ","3757":"tast","3758":"luti","3759":" via","3760":"ikat","3761":"blau","3762":"eima","3763":"erkt","3764":"ibe ","3765":"spei","3766":"rfor","3767":"itiv","3768":"ffiz","3769":"resp","3770":" you","3771":"smit","3772":"afe ","3773":"\u00fcbri","3774":"arde","3775":" rom","3776":"toch","3777":"hwan","3778":"ehau","3779":"m\u00e4ch","3780":"ausr","3781":" ter","3782":"vort","3783":"anac","3784":"ufri","3785":"tgli","3786":"gezo","3787":" fis","3788":"teln","3789":"hrze","3790":" o ","3791":"rsit","3792":"twit","3793":" anh","3794":" dum","3795":"erm\u00f6","3796":"solu","3797":" ran","3798":"gold","3799":"orts","3800":"\u00fcgel","3801":"\u00fclle","3802":"ngri","3803":"\u00fcmme","3804":" twi","3805":"ntin","3806":"ndie","3807":" kul","3808":"inhe","3809":"ektr","3810":"arch","3811":"ndsc","3812":"uzie","3813":" ert","3814":"\u00e4ngn","3815":"ator","3816":" is ","3817":"arzt","3818":"rgle","3819":"anla","3820":"entu","3821":"rdem","3822":"\u00dften","3823":"kalt","3824":"rbri","3825":" phi","3826":"joha","3827":"b\u00fcro","3828":"eisc","3829":"ahrt","3830":"rber","3831":"eita","3832":"ista","3833":"angr","3834":"alti","3835":"erur","3836":"samk","3837":"nzei","3838":"nerv","3839":"rts ","3840":" \u00fcbr","3841":"rric","3842":"rain","3843":"reig","3844":"erzu","3845":"roge","3846":"stol","3847":"amke","3848":"kati","3849":"erbl","3850":"keln","3851":" ank","3852":" pan","3853":"kter","3854":"gew\u00e4","3855":"mkei","3856":"gib ","3857":"hnei","3858":"gner","3859":"chtb","3860":"gann","3861":"hsch","3862":"er\u00fch","3863":"ahlt","3864":"ndin","3865":" tes","3866":"eein","3867":"mund","3868":"k\u00fcns","3869":"aue ","3870":" bat","3871":"sfor","3872":" mau","3873":" rad","3874":"eria","3875":"ils ","3876":"nsat","3877":"rm\u00f6g","3878":"ltur","3879":"hrig","3880":"hang","3881":"aby ","3882":"rhaf","3883":"arm ","3884":"zend","3885":"pr\u00e4c","3886":"inve","3887":"insi","3888":" anl","3889":"rtes","3890":"abel","3891":"phil","3892":"eges","3893":"graf","3894":"r\u00fch ","3895":" usa","3896":" geo","3897":"ultu","3898":"ourn","3899":"gegn","3900":"bran","3901":"hige","3902":"\u00f6pfe","3903":"indr","3904":"ngig","3905":"rot ","3906":"unve","3907":"lin ","3908":"eutl","3909":"auso","3910":" abl","3911":"gebn","3912":"weih","3913":"olz ","3914":" \u266b ","3915":"stab","3916":"tags","3917":"ussa","3918":"tdec","3919":"rchs","3920":" fur","3921":"ahrz","3922":" ton","3923":" de ","3924":"ulen","3925":" ost","3926":"atet","3927":"erab","3928":"\u00f6tet","3929":"esso","3930":"etei","3931":"hins","3932":"ebst","3933":"\u00e4hri","3934":"usa ","3935":"abst","3936":"\u00e4gli","3937":"tron","3938":" apo","3939":"rkte","3940":"hert","3941":" def","3942":"cks ","3943":"rze ","3944":" ohr","3945":"\u00fcgt ","3946":" z\u00e4h","3947":"witz","3948":" ma\u00df","3949":" j\u00e4h","3950":"\u00f6ste","3951":"dwie","3952":"iber","3953":"uneh","3954":"odes","3955":"llie","3956":"wech","3957":"hanc","3958":"ntei","3959":"hafe","3960":"fleg","3961":"nik ","3962":"ntni","3963":"lant","3964":"llge","3965":"\u00fcrdi","3966":" tex","3967":"iebs","3968":"rali","3969":"nlin","3970":"beze","3971":"zune","3972":"fina","3973":"rhol","3974":"nntn","3975":"tzde","3976":"tlin","3977":"pfli","3978":"asen","3979":"desw","3980":"ch\u00e4d","3981":"\u00e4her","3982":"oher","3983":"geb\u00e4","3984":"edet","3985":"zdem","3986":"hl\u00fcs","3987":" col","3988":"tar ","3989":"t\u00e4dt","3990":"lohn","3991":" erb","3992":"isku","3993":"aufb","3994":"hist","3995":"st\u00e4d","3996":"iard","3997":"ial ","3998":"innt","3999":"nzie","4000":"chil","4001":"dumm","4002":" gas","4003":"\u00dferd","4004":"liar","4005":"aubl","4006":"w\u00e4ch","4007":"rom ","4008":"rnal","4009":"ias ","4010":"ttag","4011":"din ","4012":"bruc","4013":"entd","4014":"sign","4015":"uso ","4016":"enk ","4017":"rsac","4018":"gebl","4019":" pha","4020":"allg","4021":"esor","4022":" tea","4023":"otzd","4024":" s\u00fc\u00df","4025":" of ","4026":"unre","4027":"amt ","4028":"enns","4029":"ntde","4030":"etet","4031":"ukti","4032":"ussc","4033":"apit","4034":" mun","4035":"\u00e4rt ","4036":"appl","4037":"h\u00e4us","4038":" dok","4039":" kna","4040":" dr ","4041":"rale","4042":"fess","4043":"\u00dfes ","4044":"ledi","4045":"\u00fcckg","4046":"meld","4047":"erh\u00f6","4048":"slan","4049":"bren","4050":"itta","4051":"oper","4052":"r\u00e4gt","4053":"ansi","4054":"pfle","4055":"l\u00f6tz","4056":"holt","4057":"immu","4058":"kerl","4059":"ekun","4060":" g\u00f6t","4061":"ro\u00dfa","4062":"seie","4063":"gehi","4064":"em\u00e4\u00df","4065":"irre","4066":"rzie","4067":"sher","4068":" por","4069":"hl\u00e4g","4070":" heb","4071":"bh\u00e4n","4072":"t\u00f6rt","4073":"lies","4074":"ew\u00e4h","4075":"rukt","4076":"r\u00e4ge","4077":"erg ","4078":"afts","4079":"ston","4080":"term","4081":"lima","4082":"trah","4083":"fenb","4084":" mai","4085":"ortr","4086":"rtne","4087":"ongr","4088":"esan","4089":"abh\u00e4","4090":"tsam","4091":"irku","4092":" irr","4093":"apos","4094":"herb","4095":"nzug","4096":"mern","4097":"enks","4098":"hinw","4099":"nzus","4100":" abr","4101":"o\u00dfar","4102":"lo\u00df ","4103":"er\u00e4t","4104":"\u00fcge ","4105":"gefr","4106":"cheh","4107":"inks","4108":"ndus","4109":"auff","4110":"tall","4111":"ahn ","4112":"pft ","4113":"pfla","4114":"trom","4115":" t\u00e4t","4116":"ensa","4117":"dust","4118":"truk","4119":"flan","4120":"ahin","4121":"atsa","4122":"klav","4123":"publ","4124":"fl\u00e4c","4125":"tges","4126":"ntwe","4127":"\u00dfart","4128":"ktur","4129":"pert","4130":"omis","4131":"risi","4132":"hehe","4133":"rstr","4134":"ausc","4135":"opti","4136":"nolo","4137":"asti","4138":"r\u00e4ft","4139":"\u00e4ndl","4140":"duld","4141":"dnis","4142":"\u00e4mli","4143":"upts","4144":" wed","4145":"ain ","4146":"artn","4147":"\u00f6tzl","4148":"n\u00fctz","4149":"benf","4150":"onis","4151":"vid ","4152":"chmi","4153":"illk","4154":"iels","4155":"ilit","4156":"omms","4157":"john","4158":"rseh","4159":"ppel","4160":"kr\u00e4f","4161":"jour","4162":"fiel","4163":"jude","4164":"\u00f6run","4165":"nert","4166":"rgt ","4167":"pezi","4168":"ool ","4169":"dahi","4170":"tigu","4171":" tas","4172":"klim","4173":"spez","4174":"ngsk","4175":" ham","4176":"t\u00e4te","4177":"pl\u00f6t","4178":"kenh","4179":"anta","4180":"trif","4181":"kern","4182":"enar","4183":"herg","4184":"hsel","4185":"ris ","4186":"\u00fctzt","4187":"eckl","4188":" pl\u00f6","4189":"asie","4190":"peri","4191":"weib","4192":"klun","4193":"numm","4194":"onli","4195":"cklu","4196":"ebau","4197":"ndwo","4198":"ortu","4199":" dun","4200":"\u00e4ngi","4201":"ozes","4202":"\u00fcler","4203":"rahl","4204":"etis","4205":"\u00e4ge ","4206":"olke","4207":"genw","4208":"orme","4209":"esis","4210":"rbes","4211":"einw","4212":"ilte","4213":"ffer","4214":"user","4215":" mik","4216":"nbet","4217":"ngsm","4218":"oppe","4219":"loge","4220":"vorz","4221":"offi","4222":"ngsw","4223":"urna","4224":"uckt","4225":" kas","4226":"fl\u00fcs","4227":"ilch","4228":"tera","4229":"pack","4230":"eneh","4231":"hnis","4232":" arz","4233":"ernd","4234":"ral ","4235":"extr","4236":"expe","4237":"dium","4238":" don","4239":"koch","4240":"e\u00dft ","4241":"ie\u00dft","4242":"ch\u00fcl","4243":"u\u00dfte","4244":"erd ","4245":"ef\u00e4n","4246":"\u00e4fte","4247":"wimm","4248":"h\u00fcle","4249":"k\u00fcmm","4250":" pr\u00fc","4251":"nanz","4252":"athe","4253":"nrec","4254":"rme ","4255":"kett","4256":" atm","4257":"furc","4258":"inal","4259":"rzli","4260":" h ","4261":"quel","4262":"befe","4263":"ehor","4264":"nspi","4265":"ursa","4266":"k\u00fcnf","4267":"\u00dfere","4268":"park","4269":"rrt ","4270":"moti","4271":" kil","4272":"fmer","4273":"\u00e4dte","4274":"prie","4275":"ogis","4276":"nny ","4277":"firm","4278":" st\u00f6","4279":"zes ","4280":"iedl","4281":"abzu","4282":"ufme","4283":" unf","4284":"ulie","4285":"bev\u00f6","4286":"m\u00e4\u00df ","4287":" inv","4288":" fir","4289":"slos","4290":"oral","4291":"ev\u00f6l","4292":"utzu","4293":"eb\u00e4u","4294":"spit","4295":"gede","4296":"fend","4297":"ohin","4298":"\u00f6nen","4299":"orgt","4300":"schh","4301":"rf\u00fcg","4302":"anbe","4303":"anal","4304":"wuns","4305":"wegs","4306":"okto","4307":"albe","4308":"w\u00e4hn","4309":"hara","4310":"orn ","4311":"herw","4312":"opa ","4313":"rtli","4314":"emde","4315":" bus","4316":"nnun","4317":"lgem","4318":"htba","4319":"\u00e4ude","4320":"nkun","4321":"b\u00e4ud","4322":" con","4323":"ron ","4324":" web","4325":" wec","4326":"ngeg","4327":"defi","4328":"tzig","4329":"ndwa","4330":"l\u00f6su","4331":"tauf","4332":"\u00f6sun","4333":"tent","4334":"mgeb","4335":"n\u00e4ml","4336":" n\u00e4m","4337":"nus ","4338":"eltw","4339":" cor","4340":" n\u00f6t","4341":"pfun","4342":"kes ","4343":"ediz","4344":"\u00e4ft ","4345":"\u00fchen","4346":"w\u00e4rt","4347":"umst","4348":"arze","4349":"saue","4350":"roma","4351":"nsin","4352":"dizi","4353":"spir","4354":"stur","4355":"uner","4356":" gal","4357":"chsc","4358":" glo","4359":"anna","4360":"erk\u00fc","4361":"nz\u00f6s","4362":"geka","4363":"eize","4364":"urig","4365":" toc","4366":" zuh","4367":"geor","4368":"anz\u00f6","4369":"broc","4370":"oris","4371":"nat ","4372":"z\u00f6si","4373":"ole ","4374":"xist","4375":"o\u00dfer","4376":"rimi","4377":"izin","4378":"\u00fcten","4379":"rabe","4380":"nkom","4381":"wohi","4382":"rk\u00fcn","4383":"seln","4384":" mel","4385":"m\u00e4\u00dfi","4386":"job ","4387":"niti","4388":"lapp","4389":"k\u00fcrz","4390":"sale","4391":"erts","4392":"tant","4393":"pten","4394":"enbe","4395":"ferd","4396":"em\u00fch","4397":"new ","4398":"\u00e4\u00dfig","4399":"uvor","4400":"chzu","4401":"iser","4402":"fini","4403":"isla","4404":"\u00e4hr ","4405":"szei","4406":" mam","4407":"perf","4408":" jan","4409":"tr\u00e4u","4410":"tmen","4411":"drog","4412":"\u00fcben","4413":"lens","4414":"aubs","4415":"lver","4416":"ochm","4417":" rum","4418":"trec","4419":"trai","4420":"korr","4421":"lft ","4422":"trop","4423":"fl\u00fcc","4424":"keru","4425":"stle","4426":"eutu","4427":"lerw","4428":" gil","4429":"mine","4430":" k\u00fcm","4431":"r\u00fcst","4432":"lde ","4433":"egs ","4434":"ewah","4435":"zuvo","4436":"elst","4437":" his","4438":" hor","4439":"nesi","4440":"higk","4441":"ver\u00f6","4442":"insp","4443":"vorr","4444":"\u00f6ten","4445":" ext","4446":"dame","4447":"xper","4448":"iken","4449":"f\u00fcgt","4450":"\u00f6sis","4451":"dera","4452":"bem\u00fc","4453":"chno","4454":"reak","4455":"beda","4456":" kno","4457":"fere","4458":"ehir","4459":"olli","4460":" fen","4461":"raur","4462":"\u00f6re ","4463":"melt","4464":"akt ","4465":"st\u00fcr","4466":"rtie","4467":"mend","4468":"arty","4469":"lu\u00df ","4470":"don ","4471":"tien","4472":"erl ","4473":"ewer","4474":"ubig","4475":"komi","4476":"imal","4477":"dunk","4478":"spa\u00df","4479":"nruf","4480":"genb","4481":"alts","4482":"ufig","4483":"t\u00e4gl","4484":"aul ","4485":"rick","4486":"exis","4487":"urg ","4488":"ilun","4489":"froh","4490":"vest","4491":"ost ","4492":"ends","4493":"rsor","4494":"eilu","4495":"inei","4496":"zin ","4497":"nens","4498":"rmei","4499":"gehs","4500":"zule","4501":"nent","4502":"shei","4503":"hlun","4504":"omat","4505":"spr\u00fc","4506":"imin","4507":"rwan","4508":"ntge","4509":"tude","4510":"fakt","4511":"kuns","4512":"t\u00e4us","4513":"g\u00f6tt","4514":"rill","4515":"bell","4516":" beu","4517":"nf\u00fch","4518":"irkt","4519":"ian ","4520":"f\u00fcrs","4521":"ork ","4522":"rfas","4523":"nahr","4524":"sags","4525":"wehr","4526":"upte","4527":"kaff","4528":"ckge","4529":"ice ","4530":"gekl","4531":"rau\u00df","4532":"rial","4533":"chna","4534":"idet","4535":"ollk","4536":" sha","4537":" dag","4538":"anru","4539":"ross","4540":"eger","4541":"r\u00fchr","4542":"nnta","4543":"arge","4544":"klag","4545":"rkan","4546":"eugn","4547":"ong ","4548":"ierh","4549":"hnol","4550":"rmis","4551":"ltwe","4552":"laue","4553":"dorf","4554":"\u00e4ufi","4555":"seku","4556":"otes","4557":"emon","4558":"eur ","4559":"hwim","4560":"sp\u00fcr","4561":" tha","4562":"elit","4563":"ext ","4564":"anet","4565":" bl\u00f6","4566":"tamm","4567":"bl\u00f6d","4568":"p\u00e4t ","4569":"ngek","4570":" onl","4571":"unsi","4572":"phet","4573":"uver","4574":"lehn","4575":" z ","4576":"pitz","4577":"ttli","4578":"gzeu","4579":"robi","4580":"\u00e4he ","4581":"mont","4582":"pro ","4583":"chuh","4584":"hebe","4585":"ntar","4586":"fh\u00f6r","4587":"ifft","4588":"w\u00f6rt","4589":"h\u00e4uf","4590":"r\u00e4t ","4591":"derg","4592":"fste","4593":" exi","4594":"wang","4595":"it\u00e4r","4596":"chir","4597":"nigs","4598":"ulic","4599":"sers","4600":"ihen","4601":"\u00fcro ","4602":" seg","4603":"sgeb","4604":"\u00e4ger","4605":"ffee","4606":"tene","4607":"mond","4608":"blo\u00df","4609":"alem","4610":"time","4611":"sgab","4612":"ehlt","4613":"ests","4614":"plau","4615":" cla","4616":"tsac","4617":"rebe","4618":" rev","4619":"itra","4620":"pa\u00df ","4621":"l\u00fcch","4622":"tite","4623":"ever","4624":"mora","4625":"bige","4626":"dten","4627":"aeli","4628":"each","4629":" keh","4630":"riva","4631":"\u00e4ubi","4632":"erus","4633":"el\u00e4c","4634":"iebl","4635":" umw","4636":" kaf","4637":"digk","4638":"rhan","4639":"zuse","4640":"\u00f6hne","4641":"elne","4642":"icks","4643":"nsei","4644":"ulde","4645":"gl\u00e4u","4646":"het ","4647":"stit","4648":"droh","4649":"a\u00dft ","4650":"dwo ","4651":"iegs","4652":"rty ","4653":"olt ","4654":"mera","4655":"hef ","4656":"weiz","4657":"nkre","4658":"sych","4659":"otz ","4660":"wald","4661":"i\u00f6se","4662":"aush","4663":"ubst","4664":"derz","4665":"pend","4666":"rnic","4667":"uali","4668":"vent","4669":"hwac","4670":"l\u00e4ub","4671":"duzi","4672":"rma ","4673":"enve","4674":"erkr","4675":"pfel","4676":"zuha","4677":"hell","4678":"muti","4679":"sexu","4680":"ttun","4681":"gedu","4682":"neu ","4683":"gypt","4684":"ome ","4685":"ltni","4686":"usal","4687":"log ","4688":"umwe","4689":"fene","4690":"erku","4691":" lee","4692":"tota","4693":"ktie","4694":"antr","4695":"br\u00fcc","4696":"eiun","4697":" cap","4698":"raub","4699":" unw","4700":"bese","4701":"ehem","4702":"york","4703":" dia","4704":"mali","4705":"erfr","4706":"rzig","4707":"igi\u00f6","4708":"rene","4709":" zel","4710":"ime ","4711":"\u00e4gyp","4712":"tasc","4713":"\u00e4rge","4714":"entg","4715":"perr","4716":"dage","4717":"gi\u00f6s","4718":"kohl","4719":"lger","4720":"lgre","4721":"olgr","4722":"grab","4723":"lugz","4724":"dels","4725":"iers","4726":" lis","4727":" l\u00e4c","4728":"ugze","4729":"egr\u00fc","4730":"\u00e4ltn","4731":"sdru","4732":"psyc","4733":" \u00e4gy","4734":"ackt","4735":"tie ","4736":"itar","4737":"kilo","4738":"ore ","4739":"ndru","4740":" n\u00fct","4741":"blik","4742":"umin","4743":"unen","4744":"nks ","4745":"mant","4746":"kier","4747":" kr\u00e4","4748":" coo","4749":"harr","4750":" yor","4751":"ppla","4752":"arie","4753":"nbed","4754":"orf ","4755":"trug","4756":"ftra","4757":"skla","4758":"achf","4759":"otal","4760":"rzte","4761":"ndei","4762":"en\u00f6t","4763":"othe","4764":"tlos","4765":"r\u00e4nk","4766":"ntre","4767":"ortl","4768":" jou","4769":"aja ","4770":" pen","4771":"etun","4772":"\u00e4lli","4773":"ams ","4774":"lly ","4775":"ohen","4776":"nbli","4777":"papi","4778":"ufgr","4779":"neun","4780":"spen","4781":"hnac","4782":"iko ","4783":"egio","4784":"otos","4785":"rnun","4786":" opt","4787":" eva","4788":"rsag","4789":"typ ","4790":"irn ","4791":"enwa","4792":"ham ","4793":"dend","4794":"note","4795":"edul","4796":"rsei","4797":"ivat","4798":"imat","4799":" boo","4800":"priv","4801":"oman","4802":" fak","4803":"m\u00fche","4804":"katz","4805":"ihna","4806":"chra","4807":"jeru","4808":"wohe","4809":"edli","4810":"rbot","4811":"ndwe","4812":"ewi\u00df","4813":"ebel","4814":" hir","4815":"wild","4816":"ktis","4817":"quad","4818":"eali","4819":"raf ","4820":" eue","4821":"live","4822":"ags ","4823":"eleh","4824":"tieg","4825":" psy","4826":"treb","4827":" ere","4828":"sold","4829":"oms ","4830":"fgru","4831":"diti","4832":"gger","4833":"ben\u00f6","4834":"ageg","4835":"heor","4836":"titu","4837":"kens","4838":"\u00e4use","4839":" koc","4840":"orch","4841":"l\u00e4ge","4842":"ngsv","4843":"meln","4844":"atsc","4845":"andr","4846":"eihn","4847":"anen","4848":" lit","4849":"ats ","4850":"ntak","4851":"iali","4852":"orha","4853":"ekau","4854":"pisc","4855":"pati","4856":"atom","4857":"mani","4858":" sob","4859":"ntis","4860":"heis","4861":"hauf","4862":"\u00fcckk","4863":"ting","4864":"hebr","4865":"ahen","4866":"old ","4867":"achh","4868":"rchi","4869":"rchg","4870":"\u00dfig ","4871":"reiz","4872":"olda","4873":"olg ","4874":"rama","4875":" plu","4876":"assa","4877":"\u00fctig","4878":"arri","4879":"rers","4880":"\u00f6her","4881":"icha","4882":"rofe","4883":" ope","4884":"rwir","4885":"rei\u00df","4886":"meid","4887":"enla","4888":"meth","4889":"rusa","4890":"kane","4891":" t\u00e4g","4892":"mpft","4893":"pion","4894":"ngsl","4895":" loc","4896":"ndni","4897":"t\u00f6ru","4898":"rvie","4899":"allt","4900":"eque","4901":"mwel","4902":"napp","4903":"erdr","4904":"rurt","4905":"ippe","4906":"f\u00f6rd","4907":"ilis","4908":"ems ","4909":"uchu","4910":"twen","4911":"\u00e4hnt","4912":"epar","4913":"rker","4914":"init","4915":" k\u00fcr","4916":" sho","4917":"taub","4918":"gegr","4919":" umf","4920":"sola","4921":"ivie","4922":"rner","4923":"tauc","4924":"ngun","4925":"esie","4926":"efeh","4927":"fsch","4928":"drig","4929":"glas","4930":"onel","4931":" ars","4932":"w\u00e4rs","4933":"behe","4934":"itei","4935":"ity ","4936":"ntla","4937":"arun","4938":" nas","4939":"gig ","4940":"o\u00dfes","4941":"ofes","4942":"emok","4943":"stum","4944":"h\u00fctt","4945":" bio","4946":"fee ","4947":"msta","4948":"erpa","4949":"rwer","4950":"mu\u00dft","4951":"rgel","4952":"nso ","4953":"mokr","4954":"bau ","4955":"tgeb","4956":"gers","4957":" flo","4958":"kurs","4959":"achl","4960":"llos","4961":"omet","4962":"gswe","4963":"ktue","4964":"imms","4965":"inga","4966":"\u00e4\u00dft ","4967":"urt ","4968":"nage","4969":"held","4970":"ndst","4971":"absi","4972":"rgew","4973":"obie","4974":"ekto","4975":"zuf\u00fc","4976":"fuhr","4977":"\u00fcckz","4978":"bsic","4979":"ufh\u00f6","4980":"illa","4981":"stic","4982":" g\u00fct","4983":"tei ","4984":"l\u00e4\u00dft","4985":"zwer","4986":"zwan","4987":"r\u00fcne","4988":"piri","4989":" fie","4990":"soba","4991":" num","4992":"ont ","4993":"rtel","4994":"tets","4995":"tgeg","4996":"aktu","4997":"ibst","4998":"ckst","4999":"klap"}}