{"eng":{"0":" the","1":"the ","2":"ing ","3":" to ","4":" you","5":"and ","6":" and","7":" of ","8":"hat ","9":" a ","10":" tha","11":"you ","12":" i ","13":"that","14":" in ","15":" is ","16":" thi","17":"his ","18":" for","19":"tion","20":" it ","21":"ere ","22":"ther","23":"ion ","24":"for ","25":"here","26":"this","27":"ave ","28":" tom","29":"are ","30":" was","31":"tom ","32":" wit","33":" hav","34":"her ","35":"our ","36":" on ","37":"ent ","38":" are","39":" he ","40":"was ","41":"have","42":"with","43":"thin","44":" we ","45":" not","46":" be ","47":" wha","48":"what","49":"out ","50":"ith ","51":"ill ","52":"one ","53":" do ","54":"they","55":"ted ","56":"your","57":"not ","58":"all ","59":"hey ","60":"ould","61":"ght ","62":"now ","63":"atio","64":"ter ","65":" com","66":"ight","67":" her","68":"hing","69":" can","70":" me ","71":"ers ","72":" all","73":"ome ","74":"ever","75":" pro","76":" my ","77":" con","78":"uld ","79":"hen ","80":" wor","81":" whe","82":" as ","83":" so ","84":" who","85":" his","86":"know","87":" mar","88":" kno","89":"ver ","90":" wil","91":" fro","92":"ive ","93":" but","94":" don","95":"will","96":"ting","97":"ant ","98":"but ","99":"rom ","100":"from","101":" at ","102":"ary ","103":" eve","104":"nce ","105":"some","106":"its ","107":"can ","108":"lly ","109":" som","110":"ont ","111":" one","112":"ment","113":"king","114":" rea","115":"ust ","116":" she","117":" by ","118":"ore ","119":"ure ","120":"like","121":" its","122":" cou","123":"ally","124":" lik","125":"ell ","126":" did","127":"othe","128":"very","129":" sta","130":"were","131":" abo","132":" sho","133":" wer","134":"who ","135":"ike ","136":" if ","137":"ons ","138":" has","139":"abou","140":"een ","141":"them","142":"ake ","143":"bout","144":"dont","145":"use ","146":"how ","147":" out","148":" int","149":" tho","150":"has ","151":"ough","152":"mary","153":"ess ","154":" him","155":"ble ","156":"time","157":" see","158":"ple ","159":"over","160":" wan","161":"sed ","162":" man","163":"ate ","164":" how","165":"hem ","166":"oing","167":"just","168":" no ","169":"red ","170":" jus","171":"aid ","172":"want","173":"when","174":" or ","175":"thei","176":"she ","177":" tim","178":"ions","179":"ity ","180":"heir","181":" get","182":"ies ","183":"him ","184":"eir ","185":" an ","186":"day ","187":" im ","188":"ood ","189":"nts ","190":"any ","191":"ery ","192":" any","193":"come","194":"ime ","195":" wou","196":" up ","197":"hink","198":"get ","199":" sai","200":"woul","201":"ring","202":" whi","203":"ink ","204":" hea","205":" mor","206":"righ","207":" pre","208":" pla","209":" had","210":"said","211":"ose ","212":" par","213":" say","214":"ame ","215":"ople","216":"ning","217":"peop","218":"eopl","219":" peo","220":"had ","221":"est ","222":" our","223":"own ","224":"ding","225":"dnt ","226":" per","227":"thou","228":"ned ","229":"ain ","230":"ays ","231":" go ","232":"ats ","233":"old ","234":"man ","235":" now","236":" yea","237":" rig","238":" bec","239":"way ","240":"than","241":"ice ","242":" dis","243":"ook ","244":"inte","245":" bee","246":"ear ","247":"nder","248":" god","249":" cha","250":"more","251":"ind ","252":"age ","253":"real","254":" us ","255":"ces ","256":"ong ","257":"led ","258":" hel","259":"ack ","260":"been","261":"nter","262":"ngs ","263":"ound","264":"reat","265":"hats","266":"work","267":" mak","268":"ine ","269":" sam","270":" tak","271":" ver","272":"uch ","273":"goin","274":" res","275":"ught","276":" lea","277":"take","278":"did ","279":"ence","280":" thr","281":" loo","282":"even","283":" wel","284":"sion","285":" goo","286":"der ","287":"ings","288":" let","289":" goi","290":"port","291":"ause","292":"ling","293":"ost ","294":"eed ","295":"look","296":"ance","297":"hes ","298":"caus","299":"ast ","300":"good","301":"well","302":"then","303":"ven ","304":" car","305":" nee","306":"need","307":"nly ","308":"pres","309":"ded ","310":"ked ","311":"ese ","312":"snt ","313":"tter","314":"ead ","315":"son ","316":"stan","317":"see ","318":"nds ","319":" fin","320":"able","321":"ely ","322":"ving","323":" new","324":"ans ","325":"res ","326":"ich ","327":"ous ","328":"year","329":"ying","330":"make","331":" fir","332":"ugh ","333":"shou","334":"ves ","335":"tes ","336":" day","337":" ove","338":" why","339":"ctio","340":"call","341":" off","342":"ace ","343":"wher","344":"coul","345":"beca","346":"ses ","347":"hose","348":"side","349":"why ","350":"part","351":"ents","352":"comp","353":"ard ","354":"read","355":" oth","356":" tra","357":"houl","358":" exp","359":"ture","360":" str","361":"ness","362":" sto","363":" doe","364":"thes","365":" onl","366":" spe","367":"does","368":"didn","369":"god ","370":"new ","371":"ster","372":"fore","373":" got","374":"hich","375":"whic","376":"und ","377":"mes ","378":"ove ","379":"sing","380":" chi","381":"back","382":" cal","383":"idnt","384":" bac","385":"ars ","386":"ated","387":" too","388":" min","389":"ase ","390":"han ","391":"ife ","392":"enti","393":"end ","394":" may","395":"comm","396":"nto ","397":"got ","398":"rent","399":"art ","400":"happ","401":"only","402":"ets ","403":"mber","404":"les ","405":"eat ","406":"each","407":"unde","408":"ied ","409":"hese","410":"thos","411":" sur","412":" giv","413":" way","414":"ide ","415":"ian ","416":" hap","417":"give","418":" tel","419":"gain","420":"ecau","421":"nal ","422":"say ","423":" mea","424":"esti","425":"ount","426":"houg","427":" mon","428":"eall","429":" use","430":"tell","431":"ite ","432":"ress","433":" act","434":"cont","435":"ved ","436":"eres","437":"self","438":"dent","439":"help","440":"tive","441":"ange","442":"oure","443":" sha","444":"ord ","445":"ish ","446":"ber ","447":" mus","448":"leas","449":" kin","450":" lov","451":" lif","452":"ful ","453":" aga","454":"long","455":"ial ","456":"hear","457":"fter","458":" bel","459":"afte","460":" gre","461":"ect ","462":"ease","463":" liv","464":"love","465":"agai","466":"ical","467":" und","468":"appe","469":" s ","470":"tle ","471":" tal","472":"ours","473":" acc","474":"into","475":" rep","476":"rst ","477":"many","478":"elf ","479":" tru","480":"life","481":"coun","482":"sure","483":"omet","484":" rec","485":"rest","486":"live","487":" blo","488":"inst","489":" aft","490":" ins","491":"ree ","492":"efor","493":" app","494":" bet","495":" des","496":" pri","497":" sin","498":"noth","499":"irst","500":" ind","501":"star","502":"hed ","503":" pos","504":"ade ","505":"rien","506":"oes ","507":"late","508":"nted","509":"neve","510":"pers","511":"ears","512":"athe","513":"ork ","514":"ders","515":"cal ","516":"ible","517":"down","518":"sami","519":"firs","520":" dea","521":"mean","522":"onal","523":" bro","524":"ater","525":"ious","526":"ist ","527":"nati","528":" stu","529":"cent","530":"oice","531":"chan","532":" nev","533":" hou","534":"ecti","535":" pol","536":"ami ","537":"rist","538":"worl","539":"iste","540":"orld","541":"eart","542":" glo","543":"talk","544":"cons","545":"ttle","546":" fac","547":"most","548":"iden","549":"vers","550":"ices","551":" fee","552":" dow","553":"ger ","554":" als","555":" two","556":" ask","557":"also","558":"lso ","559":"tly ","560":"rati","561":" mos","562":"ythi","563":"esse","564":" ear","565":" sti","566":" ill","567":"sts ","568":"lled","569":"two ","570":" wat","571":"ffer","572":"spec","573":" ser","574":"stra","575":" rel","576":"much","577":"iona","578":"ort ","579":"stat","580":"try ","581":" muc","582":" mad","583":"meth","584":"let ","585":"ten ","586":"serv","587":"roug","588":"ile ","589":"cial","590":"elie","591":" rem","592":"till","593":"stor","594":"may ","595":"llow","596":" dec","597":"eep ","598":" jeh","599":" chr","600":" awa","601":"jeho","602":" sup","603":"acti","604":"ethi","605":"ean ","606":"elp ","607":"ters","608":" lit","609":"hova","610":"ehov","611":"ovah","612":"thro","613":" fre","614":"ains","615":"form","616":"ach ","617":" suc","618":" imp","619":" tol","620":" won","621":" lon","622":"hris","623":" bef","624":" voi","625":"chri","626":"cant","627":"eing","628":"beli","629":"tain","630":"ral ","631":" sen","632":"lati","633":"less","634":" han","635":"ieve","636":"alle","637":"crea","638":"voic","639":"hous","640":"poli","641":"tand","642":"emen","643":"ory ","644":"chil","645":"rate","646":" ple","647":"urse","648":"ered","649":"told","650":"rld ","651":"mple","652":"befo","653":"arti","654":"ming","655":"too ","656":"men ","657":"ise ","658":"doin","659":"itio","660":"reas","661":" am ","662":"chin","663":"glob","664":" col","665":" doi","666":" hom","667":" har","668":"roun","669":"sent","670":" fri","671":"stil","672":"hers","673":"prob","674":"rth ","675":"plea","676":"nger","677":"liev","678":"bal ","679":"atte","680":"ower","681":" gra","682":" mat","683":"rry ","684":"obal","685":"loba","686":"ates","687":"home","688":"frie","689":" tod","690":"made","691":" fou","692":"nes ","693":"hild","694":"ily ","695":"atch","696":"eve ","697":"eren","698":"tual","699":"ette","700":"embe","701":"list","702":"iend","703":"toda","704":"thre","705":"lear","706":"show","707":"wer ","708":"ries","709":"lace","710":"oday","711":"used","712":"ssio","713":" gro","714":" tri","715":"grea","716":" inc","717":"tor ","718":"land","719":" sou","720":"fere","721":"ways","722":" cam","723":"hand","724":"stin","725":" att","726":"word","727":"feel","728":"ppen","729":"rson","730":"ties","731":" hes","732":"tate","733":"rds ","734":"prov","735":" bei","736":"last","737":"cour","738":"vent","739":"ente","740":"hang","741":"turn","742":"tart","743":"akin","744":" wom","745":" ass","746":"litt","747":"erso","748":"lect","749":"ittl","750":"ffic","751":" nat","752":"ince","753":" men","754":"rain","755":" bri","756":"came","757":"bein","758":" t ","759":" gon","760":"play","761":" cre","762":"ttin","763":"plac","764":"imes","765":"tern","766":"oint","767":"ney ","768":"plan","769":"rse ","770":"ows ","771":"ouse","772":" mis","773":"care","774":" tea","775":"find","776":" wri","777":" bea","778":"vide","779":"writ","780":"rica","781":"medi","782":"ines","783":"book","784":"uall","785":"eate","786":"low ","787":"eave","788":" las","789":"ady ","790":" sec","791":"hank","792":" mov","793":" put","794":"atin","795":" uni","796":" win","797":"essi","798":" lan","799":"diff","800":"ath ","801":"yes ","802":" war","803":" pas","804":"off ","805":"iver","806":"lets","807":"must","808":"illi","809":"nna ","810":"name","811":"ual ","812":"ced ","813":" end","814":"once","815":"tere","816":"ody ","817":"body","818":"este","819":" dif","820":"kind","821":"pect","822":"alk ","823":"rts ","824":"hall","825":"supp","826":"lish","827":" son","828":" ano","829":" try","830":"act ","831":"kes ","832":"hrou","833":"expe","834":"away","835":" tur","836":" exa","837":"ors ","838":"ire ","839":"ntin","840":" che","841":"als ","842":"nigh","843":" nam","844":"eal ","845":"uldn","846":"ands","847":"ctor","848":"stud","849":"ivin","850":"ship","851":"sses","852":" que","853":"ethe","854":" mil","855":"rese","856":"poin","857":" lat","858":"blog","859":"llin","860":"ssed","861":"augh","862":"such","863":"tory","864":" mig","865":"indi","866":"line","867":" clo","868":"tal ","869":"ants","870":"keep","871":" yes","872":" kee","873":"oesn","874":"alla","875":"hile","876":" oh ","877":"ldnt","878":"nmen","879":"eath","880":"eet ","881":" cit","882":"isti","883":" fam","884":"ens ","885":"aren","886":"cted","887":"ante","888":" fai","889":"post","890":"top ","891":" dri","892":"icat","893":"ende","894":"unit","895":"reme","896":" med","897":"yone","898":"wing","899":"migh","900":"med ","901":"lity","902":"erat","903":"rote","904":"pare","905":"ins ","906":"ctiv","907":"test","908":"uest","909":"oney","910":"tran","911":" foo","912":"lls ","913":"memb","914":"omen","915":"arri","916":"head","917":"ool ","918":"whil","919":"eady","920":"omin","921":"lway","922":"ives","923":" ive","924":" old","925":"cess","926":"rnin","927":"rong","928":" cle","929":"ques","930":"done","931":" boo","932":" reg","933":" fol","934":"sus ","935":"ecom","936":" gen","937":"rder","938":"alwa","939":"anot","940":"ones","941":" alw","942":"leav","943":" own","944":"ren ","945":"llah","946":"rite","947":"ick ","948":" jes","949":"tic ","950":" lor","951":"put ","952":"arth","953":"tch ","954":"clea","955":"wait","956":" sch","957":" isn","958":"eral","959":" nig","960":"ubli","961":"erin","962":"shed","963":"untr","964":"itte","965":"vah ","966":"disc","967":"hout","968":"ghte","969":"ayin","970":"hree","971":" wro","972":"kill","973":"erst","974":"ext ","975":"soci","976":"lord","977":"rly ","978":"esnt","979":" hol","980":" ope","981":"ped ","982":"ends","983":"ges ","984":"uth ","985":" \u200b ","986":"ull ","987":"publ","988":"nks ","989":" exc","990":"miss","991":"ged ","992":"ndin","993":" cor","994":"lah ","995":"twee","996":"tant","997":"sted","998":" pic","999":" hum","1000":"jesu","1001":" lot","1002":"dia ","1003":"tati","1004":"resp","1005":" inv","1006":" sor","1007":"cati","1008":"esus","1009":" cla","1010":"acco","1011":"aste","1012":"face","1013":"resi","1014":"says","1015":"sign","1016":"vern","1017":" cas","1018":"ods ","1019":" wee","1020":"lot ","1021":"stop","1022":"isnt","1023":"nge ","1024":"msel","1025":"nded","1026":"tely","1027":" inf","1028":" wai","1029":" kil","1030":"ried","1031":"ping","1032":"fort","1033":"ward","1034":"mone","1035":" tre","1036":" sit","1037":"same","1038":" bes","1039":" cri","1040":"visi","1041":"amil","1042":"ank ","1043":"ass ","1044":"spea","1045":" bot","1046":" pho","1047":"renc","1048":" fat","1049":" hop","1050":"ging","1051":"ited","1052":"rive","1053":"nst ","1054":"mind","1055":"fami","1056":"oble","1057":" hig","1058":"tent","1059":"ligh","1060":"gree","1061":"int ","1062":"liti","1063":"avin","1064":"uppo","1065":"ishe","1066":"bett","1067":" sea","1068":"gove","1069":" pra","1070":"peak","1071":" qui","1072":"ope ","1073":"ativ","1074":"week","1075":"high","1076":" gov","1077":"pose","1078":"itie","1079":"anyt","1080":"conc","1081":"iffe","1082":"ilit","1083":"atur","1084":"rted","1085":" aro","1086":"ened","1087":"went","1088":"eel ","1089":"dom ","1090":"days","1091":"pen ","1092":"spir","1093":"prop","1094":"stre","1095":"cond","1096":"arou","1097":"ract","1098":"hip ","1099":"nyth","1100":"watc","1101":"dren","1102":"ole ","1103":" ref","1104":"usin","1105":"ollo","1106":"ompl","1107":"rtic","1108":"ton ","1109":" wal","1110":"ner ","1111":" pub","1112":" mot","1113":"inis","1114":"ient","1115":"hell","1116":" ide","1117":"akes","1118":"olic","1119":"choo","1120":"hard","1121":" nor","1122":"ldre","1123":"blem","1124":" bre","1125":"ildr","1126":"per ","1127":"ienc","1128":" eng","1129":"foun","1130":"rsta","1131":" soc","1132":"esid","1133":"char","1134":"itic","1135":"ason","1136":"move","1137":"riti","1138":"econ","1139":"ews ","1140":"ctua","1141":" lis","1142":" wea","1143":"onna","1144":"robl","1145":" bas","1146":"stic","1147":"grou","1148":" guy","1149":"foll","1150":" rev","1151":"edia","1152":"lose","1153":" cau","1154":"city","1155":" big","1156":"oon ","1157":"ians","1158":" ent","1159":"ener","1160":"stio","1161":"bly ","1162":"nch ","1163":"free","1164":"eak ","1165":"oman","1166":"othi","1167":" bus","1168":"ists","1169":"reve","1170":"conf","1171":"inal","1172":"earn","1173":" ele","1174":" sol","1175":"eek ","1176":" los","1177":"gonn","1178":"tabl","1179":"rsel","1180":"tten","1181":"hope","1182":"east","1183":"sten","1184":"ista","1185":" ste","1186":"shes","1187":"stru","1188":"inde","1189":"left","1190":" fun","1191":" spi","1192":" lef","1193":"orry","1194":"ntio","1195":"actu","1196":"ontr","1197":" poi","1198":"ille","1199":"arte","1200":"peri","1201":"rned","1202":"fect","1203":"ican","1204":"cts ","1205":"easo","1206":" law","1207":"beco","1208":"utio","1209":" num","1210":"rece","1211":"eft ","1212":"rnme","1213":"ecia","1214":"rans","1215":"orde","1216":"orta","1217":"peci","1218":"scho","1219":"ernm","1220":"orma","1221":"ntry","1222":"wed ","1223":"ared","1224":"alon","1225":"best","1226":"ined","1227":"ems ","1228":" nex","1229":"repo","1230":" wis","1231":" eas","1232":"next","1233":"fath","1234":" shi","1235":"sinc","1236":"enta","1237":"lar ","1238":"arge","1239":" art","1240":"rity","1241":"shal","1242":"stro","1243":" set","1244":"epor","1245":"cked","1246":"itho","1247":"full","1248":"eah ","1249":"rty ","1250":"des ","1251":" die","1252":"stri","1253":"earl","1254":"fact","1255":"seem","1256":"ask ","1257":"rdin","1258":"asse","1259":"brea","1260":"owin","1261":" wen","1262":"ctur","1263":"ompa","1264":"onde","1265":" lin","1266":"mini","1267":"cove","1268":"row ","1269":"hone","1270":"oth ","1271":"pass","1272":" beg","1273":" unt","1274":" cen","1275":"cide","1276":"ote ","1277":"cept","1278":"itin","1279":"ustr","1280":"aven","1281":"ject","1282":" bra","1283":"sibl","1284":"room","1285":"roth","1286":" eac","1287":"yeah","1288":"onsi","1289":"stay","1290":" alo","1291":"evel","1292":"powe","1293":"news","1294":"umbe","1295":" def","1296":"tica","1297":"offi","1298":"arch","1299":"okin","1300":"elat","1301":"ital","1302":"sist","1303":"both","1304":"comi","1305":"lves","1306":"rect","1307":"mily","1308":"nsid","1309":"wate","1310":"brot","1311":"cord","1312":"nces","1313":"open","1314":"siti","1315":"impo","1316":" lay","1317":"esen","1318":"kay ","1319":"ppor","1320":"prot","1321":"eryt","1322":"ache","1323":"rch ","1324":"urn ","1325":" alr","1326":"weve","1327":"ston","1328":"rela","1329":"erve","1330":"yet ","1331":" pow","1332":"arly","1333":"tian","1334":" yet","1335":"nist","1336":" dev","1337":" oka","1338":"numb","1339":"moth","1340":"trai","1341":"ryth","1342":" mee","1343":"elec","1344":"achi","1345":"ures","1346":"ervi","1347":" gir","1348":"elve","1349":" sig","1350":"girl","1351":"okay","1352":"main","1353":" bib","1354":"etwe","1355":"oom ","1356":"els ","1357":"reac","1358":"nnin","1359":"hool","1360":"uman","1361":"arin","1362":"nkin","1363":"aske","1364":"deci","1365":"huma","1366":" eat","1367":" add","1368":"olit","1369":"mati","1370":"poss","1371":"reco","1372":" far","1373":" arr","1374":"forg","1375":"lem ","1376":"ator","1377":"rovi","1378":"ntly","1379":"ppy ","1380":"mont","1381":" roo","1382":"matt","1383":"eds ","1384":"bibl","1385":" mes","1386":"cult","1387":"ngin","1388":"lion","1389":" run","1390":"lowe","1391":"isio","1392":"etti","1393":"ryin","1394":"emem","1395":"nfor","1396":"ken ","1397":"yed ","1398":"lice","1399":"lay ","1400":"ween","1401":" cap","1402":"nish","1403":"enin","1404":" afr","1405":"alit","1406":" kne","1407":"meet","1408":"erse","1409":"mate","1410":"ond ","1411":"ckin","1412":"pris","1413":"appy","1414":" dan","1415":" ban","1416":"truc","1417":"ulat","1418":"trea","1419":"eigh","1420":"espe","1421":"asnt","1422":" loc","1423":"buil","1424":"ign ","1425":"ussi","1426":"nten","1427":"rodu","1428":"eali","1429":"oduc","1430":" cho","1431":"exam","1432":"prom","1433":"lic ","1434":"urin","1435":"ense","1436":"took","1437":" sub","1438":"ised","1439":"lead","1440":"ecte","1441":"cate","1442":"betw","1443":" bla","1444":"unti","1445":"expl","1446":"ghts","1447":"alth","1448":"tude","1449":" vis","1450":" bad","1451":"ooks","1452":"posi","1453":"amer","1454":"prin","1455":"eter","1456":"ooki","1457":" pat","1458":"ild ","1459":" ret","1460":"yre ","1461":"ular","1462":"sked","1463":"anno","1464":"orth","1465":"hold","1466":"entl","1467":"air ","1468":"mess","1469":"blic","1470":"gods","1471":"deat","1472":" job","1473":"gene","1474":"mpor","1475":" bit","1476":"ute ","1477":"fice","1478":"ppos","1479":"wron","1480":"hts ","1481":"ung ","1482":"osit","1483":"piri","1484":" fig","1485":"erta","1486":" dem","1487":" fil","1488":"oget","1489":" sel","1490":"oks ","1491":"hole","1492":"ranc","1493":"tnes","1494":"omes","1495":"ept ","1496":" sim","1497":"true","1498":"erio","1499":" ten","1500":"geth","1501":"cert","1502":"ossi","1503":"tend","1504":"toge","1505":"enou","1506":" bar","1507":"ocia","1508":"brin","1509":"heyr","1510":"alre","1511":"eyre","1512":" spo","1513":"lrea","1514":" del","1515":"zed ","1516":"onst","1517":"havi","1518":"selv","1519":" bui","1520":"llio","1521":" tog","1522":"rue ","1523":"knew","1524":"dge ","1525":" fea","1526":"uck ","1527":" rai","1528":"view","1529":"pene","1530":"urs ","1531":"seve","1532":"trie","1533":" amo","1534":"teac","1535":" ter","1536":"ahs ","1537":"set ","1538":" bos","1539":" tow","1540":"osed","1541":"seen","1542":"cien","1543":" cat","1544":"nity","1545":"clos","1546":"orit","1547":" rus","1548":"outh","1549":" fel","1550":" hun","1551":"ived","1552":"ched","1553":"ired","1554":"pend","1555":"ites","1556":"ock ","1557":"muni","1558":"fire","1559":" dep","1560":"onth","1561":"issi","1562":"nite","1563":"wont","1564":" mom","1565":"ific","1566":"spon","1567":"ches","1568":"ncer","1569":"nse ","1570":" sma","1571":"wome","1572":"ords","1573":"alis","1574":"dly ","1575":"tral","1576":"riou","1577":"vice","1578":"iate","1579":" ang","1580":"elli","1581":"wond","1582":"case","1583":"mmun","1584":" abl","1585":"icul","1586":"don ","1587":"mark","1588":" rat","1589":" met","1590":"rove","1591":"conv","1592":"cle ","1593":"hour","1594":"irit","1595":"nera","1596":" pai","1597":"ait ","1598":"wish","1599":"big ","1600":"lain","1601":"aine","1602":" cer","1603":"shar","1604":" ful","1605":"itne","1606":"rkin","1607":"ommu","1608":" m ","1609":"rtai","1610":"itua","1611":"appr","1612":"oung","1613":"ized","1614":"eric","1615":"wasn","1616":"trat","1617":"tice","1618":"radi","1619":"offe","1620":"gger","1621":"para","1622":"howe","1623":"trac","1624":"assi","1625":"erna","1626":" flo","1627":"oss ","1628":"lse ","1629":"ordi","1630":" lau","1631":"rage","1632":"ssib","1633":" sev","1634":" spa","1635":"teri","1636":"allo","1637":"orce","1638":"gati","1639":" beh","1640":"woma","1641":"oor ","1642":"eone","1643":"scri","1644":"eans","1645":"eati","1646":"ampl","1647":"youn","1648":" kid","1649":"olog","1650":" ord","1651":"owed","1652":" scr","1653":"ages","1654":"ark ","1655":" eno","1656":"idea","1657":"ult ","1658":"hate","1659":"alki","1660":"oke ","1661":"omeo","1662":"car ","1663":"lkin","1664":"ern ","1665":"hit ","1666":" few","1667":"witn","1668":"ize ","1669":"ersi","1670":"tree","1671":"andi","1672":"cks ","1673":"wors","1674":"eam ","1675":"reli","1676":"meon","1677":"sorr","1678":"iven","1679":"tors","1680":" opp","1681":"ayla","1682":" nic","1683":"eeds","1684":"oper","1685":"elin","1686":" hon","1687":" mas","1688":" pea","1689":"lack","1690":"ider","1691":" sat","1692":" adv","1693":"dest","1694":"ssin","1695":"layl","1696":"mand","1697":" soo","1698":"inat","1699":" aut","1700":"nclu","1701":"omme","1702":"bad ","1703":"fini","1704":"fina","1705":"espo","1706":"ism ","1707":" cra","1708":" joh","1709":"site","1710":"epar","1711":"pict","1712":"nows","1713":"anti","1714":"erie","1715":"oved","1716":"dist","1717":"stia","1718":"anks","1719":"swer","1720":"aint","1721":"ail ","1722":"ably","1723":"plai","1724":"ided","1725":"ntro","1726":"ased","1727":" gam","1728":"meri","1729":" cro","1730":"icke","1731":"few ","1732":"ream","1733":"ics ","1734":"onti","1735":"vera","1736":"lass","1737":" mem","1738":"ntil","1739":"noug","1740":" ans","1741":" ext","1742":"answ","1743":" cur","1744":"nswe","1745":"aybe","1746":"tay ","1747":" dra","1748":"coll","1749":" ame","1750":" boy","1751":"ruth","1752":"mayb","1753":"prod","1754":"marr","1755":"fuck","1756":"yste","1757":" id ","1758":"mina","1759":"john","1760":"ybe ","1761":" cov","1762":"tici","1763":"ica ","1764":"ker ","1765":"mall","1766":"whol","1767":"hter","1768":"nor ","1769":"lock","1770":" les","1771":"essa","1772":"ago ","1773":"acce","1774":" eye","1775":"saw ","1776":"aust","1777":"gest","1778":"inin","1779":"job ","1780":"loca","1781":"ryon","1782":"logg","1783":"til ","1784":"diti","1785":" pop","1786":"eryo","1787":"hoto","1788":"rrie","1789":"info","1790":"tanc","1791":"bili","1792":" saw","1793":"istr","1794":"eful","1795":"phot","1796":" doc","1797":"uild","1798":"refu","1799":"otes","1800":" age","1801":"ruct","1802":"igh ","1803":"oud ","1804":"nall","1805":"mine","1806":"ths ","1807":"sive","1808":"qual","1809":"xper","1810":"livi","1811":"gers","1812":"walk","1813":"ues ","1814":"food","1815":"icia","1816":"orm ","1817":" mai","1818":" dur","1819":"lone","1820":"orki","1821":"alia","1822":"amon","1823":"inki","1824":" coo","1825":"ssia","1826":"rali","1827":"rega","1828":" bur","1829":"stea","1830":"oppo","1831":"roup","1832":"ortu","1833":" fuc","1834":"vahs","1835":"mer ","1836":"rrow","1837":"nstr","1838":"gett","1839":"pret","1840":" fra","1841":"romi","1842":"ithe","1843":"rshi","1844":"iter","1845":"ier ","1846":"rtan","1847":"duct","1848":"xamp","1849":"ermi","1850":" tou","1851":" mr ","1852":"rnal","1853":"game","1854":"soon","1855":"hims","1856":"rope","1857":" ima","1858":"unt ","1859":" dre","1860":"imse","1861":"rink","1862":" evi","1863":"spen","1864":"gran","1865":"sons","1866":"amp ","1867":"rial","1868":"impl","1869":" det","1870":"russ","1871":"eria","1872":"ntra","1873":" gui","1874":"peac","1875":"temp","1876":"orts","1877":"edic","1878":"forc","1879":" arm","1880":"imag","1881":" hat","1882":"tire","1883":"mise","1884":"elig","1885":"titu","1886":"minu","1887":" pag","1888":"ingl","1889":" hal","1890":" ben","1891":"rise","1892":"ench","1893":"rely","1894":"shin","1895":"cher","1896":"mas ","1897":" twi","1898":"ictu","1899":"duri","1900":" eff","1901":"aith","1902":"trut","1903":"ogra","1904":"rks ","1905":"olle","1906":"slee","1907":"sayi","1908":"reak","1909":"roba","1910":"angu","1911":"olut","1912":"ourn","1913":"lang","1914":"tori","1915":" dir","1916":"estr","1917":"dica","1918":"ealt","1919":" org","1920":"mili","1921":"mong","1922":"mpan","1923":"bles","1924":"rand","1925":"ples","1926":"band","1927":"heav","1928":"oms ","1929":"rgan","1930":"rce ","1931":"mmen","1932":"orga","1933":"tric","1934":" aus","1935":" els","1936":" alm","1937":" sca","1938":" hey","1939":"orni","1940":" bab","1941":" pur","1942":" ann","1943":"den ","1944":"else","1945":"ards","1946":"thor","1947":" onc","1948":"phon","1949":"osto","1950":"blis","1951":"omis","1952":"quit","1953":"stem","1954":"nate","1955":"ucti","1956":"pera","1957":" bor","1958":"gle ","1959":"engl","1960":"mill","1961":"ceiv","1962":" equ","1963":"rant","1964":"denc","1965":"fait","1966":"war ","1967":" fal","1968":" pay","1969":"ideo","1970":"rge ","1971":"divi","1972":" mou","1973":"obab","1974":"clud","1975":"secu","1976":"ctly","1977":"ply ","1978":"yla ","1979":"resu","1980":"octo","1981":"orro","1982":"ball","1983":"leep","1984":"eard","1985":"sult","1986":"urne","1987":"uden","1988":"rman","1989":" sal","1990":"urre","1991":" sle","1992":"tche","1993":"ello","1994":"ppea","1995":"isit","1996":"gues","1997":" bal","1998":"ohn ","1999":"tmen","2000":"nced","2001":"eith","2002":"tryi","2003":"lia ","2004":"ison","2005":" sun","2006":"tan ","2007":"drin","2008":" jud","2009":"bost","2010":"ande","2011":"egat","2012":"ngua","2013":"law ","2014":" buy","2015":"ptio","2016":"nice","2017":"ogge","2018":" dar","2019":"fici","2020":"trib","2021":"rave","2022":"pons","2023":"itch","2024":"ovin","2025":"term","2026":"nali","2027":"pon ","2028":"init","2029":"duce","2030":" lig","2031":" bir","2032":"tinu","2033":"syst","2034":"net ","2035":"rael","2036":"tivi","2037":"onge","2038":"ross","2039":"clas","2040":"isto","2041":"rett","2042":"driv","2043":"pens","2044":"ina ","2045":"cong","2046":"bit ","2047":"maki","2048":"page","2049":"isra","2050":"four","2051":" cli","2052":"eace","2053":"dea ","2054":"adin","2055":"arli","2056":"pita","2057":"beau","2058":"ale ","2059":" isr","2060":"olve","2061":"rmat","2062":"tty ","2063":"nyon","2064":"lder","2065":"atel","2066":"entr","2067":" ago","2068":" sav","2069":"srae","2070":"icle","2071":"tron","2072":"anyo","2073":"perf","2074":" dat","2075":" ton","2076":"ovid","2077":"weet","2078":"chec","2079":"afri","2080":"arty","2081":"date","2082":"ees ","2083":"ffec","2084":"terr","2085":"rms ","2086":"hist","2087":"issu","2088":"dead","2089":"erce","2090":" vid","2091":"enge","2092":"colo","2093":"babl","2094":"laug","2095":"ids ","2096":"sens","2097":"ensi","2098":"citi","2099":"mist","2100":"uage","2101":"five","2102":" hur","2103":"eade","2104":" lar","2105":"guag","2106":"ngdo","2107":"sand","2108":"rema","2109":"heck","2110":" leg","2111":" est","2112":"fric","2113":"lete","2114":"ety ","2115":"upon","2116":"fine","2117":"demo","2118":"gani","2119":"eaut","2120":"ames","2121":"lood","2122":" dad","2123":"sly ","2124":"cces","2125":"tect","2126":" sid","2127":" val","2128":"ldin","2129":"seco","2130":"nner","2131":"bers","2132":" hos","2133":"orte","2134":"past","2135":" mys","2136":"rian","2137":"morn","2138":" cut","2139":"smal","2140":"alls","2141":"ssue","2142":" gav","2143":"deli","2144":"desi","2145":"dire","2146":"requ","2147":"movi","2148":"disa","2149":"ngle","2150":"ofte","2151":" sys","2152":"rang","2153":"ongr","2154":"ccor","2155":"etin","2156":" mod","2157":"ybod","2158":"sit ","2159":"gard","2160":"tial","2161":"asti","2162":"lite","2163":" ene","2164":"reed","2165":"ciat","2166":"spit","2167":"ften","2168":"ured","2169":"ngli","2170":" fiv","2171":"erne","2172":"velo","2173":"grow","2174":"ouve","2175":"trol","2176":" iss","2177":" aff","2178":"arn ","2179":"ecei","2180":"insi","2181":" swe","2182":" oft","2183":" red","2184":"aliz","2185":"gave","2186":"rime","2187":"eld ","2188":"ounc","2189":"eer ","2190":"ndia","2191":"incl","2192":"ayer","2193":"auth","2194":"sati","2195":"bed ","2196":"whos","2197":" ric","2198":"edge","2199":"irl ","2200":"prea","2201":"musi","2202":"mon ","2203":"urt ","2204":" ran","2205":"pear","2206":"esta","2207":"oup ","2208":"igio","2209":"rust","2210":"ader","2211":" san","2212":"jour","2213":"iss ","2214":"vere","2215":"cros","2216":" wif","2217":"fear","2218":" div","2219":"fer ","2220":"ncre","2221":" nei","2222":"cula","2223":" twe","2224":" upo","2225":"base","2226":"sis ","2227":"sian","2228":"irec","2229":"regi","2230":"pped","2231":"gan ","2232":"epre","2233":"cann","2234":"arts","2235":"mage","2236":"sic ","2237":"appl","2238":" chu","2239":"tudy","2240":"uys ","2241":"proc","2242":"uve ","2243":"pray","2244":"etty","2245":"utho","2246":"ligi","2247":"deal","2248":"lize","2249":"ntri","2250":" cel","2251":"rath","2252":"iful","2253":" pet","2254":"eive","2255":" dou","2256":"nute","2257":"lan ","2258":"corr","2259":"nth ","2260":"inut","2261":"pula","2262":"sona","2263":"rtun","2264":" vie","2265":"race","2266":"glis","2267":"xpla","2268":"auti","2269":"onta","2270":"logi","2271":"far ","2272":"gion","2273":"pain","2274":"thir","2275":" jou","2276":"youv","2277":" mer","2278":"wife","2279":"tize","2280":"morr","2281":" air","2282":"sine","2283":" hor","2284":"usic","2285":" swi","2286":"pati","2287":"road","2288":"deed","2289":"fren","2290":" nea","2291":"baby","2292":"ntal","2293":"hems","2294":"guys","2295":" fas","2296":"ingd","2297":"busi","2298":"uati","2299":"tomo","2300":" thu","2301":" rul","2302":"iew ","2303":"oull","2304":"lean","2305":"wind","2306":"equa","2307":" emp","2308":"emai","2309":"ntai","2310":"ects","2311":" adm","2312":"anne","2313":"near","2314":"ests","2315":"youl","2316":"eck ","2317":"ousl","2318":"aini","2319":"yer ","2320":"lies","2321":"usly","2322":"nsta","2323":"ael ","2324":"rtin","2325":"prof","2326":"seri","2327":"plet","2328":" pau","2329":"emse","2330":"crim","2331":"orks","2332":"orge","2333":"lent","2334":"ocke","2335":"cing","2336":"incr","2337":"ecid","2338":"sia ","2339":" tro","2340":" bod","2341":"prog","2342":"elop","2343":" th ","2344":"dad ","2345":"nica","2346":" mal","2347":"rget","2348":"iall","2349":" den","2350":"gent","2351":"nive","2352":"gdom","2353":"erma","2354":"heal","2355":"eded","2356":"ural","2357":"ang ","2358":"ppro","2359":"almo","2360":"entu","2361":"ude ","2362":"ncy ","2363":"eede","2364":"onve","2365":"educ","2366":" fav","2367":"eadi","2368":"ppin","2369":"taki","2370":"rvic","2371":" sir","2372":"wear","2373":"tem ","2374":"aper","2375":"niti","2376":" amp","2377":"anda","2378":"orke","2379":"unda","2380":" top","2381":"moun","2382":"lica","2383":"atta","2384":"lost","2385":"dere","2386":" dee","2387":"figh","2388":"tary","2389":"tist","2390":"equi","2391":"die ","2392":"thy ","2393":"ocal","2394":"urna","2395":"arry","2396":"favo","2397":"icti","2398":"reci","2399":"ssen","2400":"paul","2401":"itor","2402":"retu","2403":"witt","2404":"hare","2405":"ria ","2406":"lmos","2407":"etur","2408":"reet","2409":"omor","2410":"rogr","2411":"ash ","2412":"erva","2413":"impr","2414":"rnat","2415":"ribu","2416":" hit","2417":"fall","2418":"dian","2419":"fish","2420":" ali","2421":"hanc","2422":"rais","2423":"elle","2424":"ket ","2425":"worr","2426":"dres","2427":"vict","2428":"perm","2429":"hind","2430":"soun","2431":"doub","2432":"simp","2433":"ticl","2434":"guy ","2435":"eari","2436":"rmin","2437":"nion","2438":"gram","2439":"xpec","2440":"curr","2441":"belo","2442":"danc","2443":"nown","2444":"nese","2445":"roph","2446":"larg","2447":"note","2448":" vic","2449":"owev","2450":" dog","2451":" cos","2452":"izat","2453":"buy ","2454":" doo","2455":"udy ","2456":"nage","2457":"repr","2458":"tage","2459":"scar","2460":"twit","2461":"zing","2462":"blac","2463":"popu","2464":"run ","2465":"orat","2466":"opul","2467":"epen","2468":"iati","2469":"orsh","2470":"oned","2471":"nnot","2472":"admi","2473":"wers","2474":" agr","2475":"zati","2476":"arde","2477":"onom","2478":"arke","2479":"ecen","2480":"died","2481":"iety","2482":" cul","2483":"ads ","2484":"valu","2485":" fut","2486":"team","2487":"suff","2488":"deve","2489":"key ","2490":" fan","2491":"oked","2492":" spr","2493":"utur","2494":" req","2495":"onte","2496":"ully","2497":"ides","2498":"vil ","2499":"shor","2500":"unch","2501":"ourt","2502":"rall","2503":"lue ","2504":"sual","2505":"grap","2506":"eeti","2507":" mag","2508":"asur","2509":"inue","2510":"easu","2511":"ione","2512":"moti","2513":"arne","2514":"urch","2515":"ophe","2516":"exce","2517":"defi","2518":"futu","2519":" imm","2520":"ecam","2521":" gla","2522":"nste","2523":"ser ","2524":"nian","2525":"ief ","2526":"agre","2527":"endi","2528":"sear","2529":"lett","2530":"aria","2531":" eco","2532":"gine","2533":"outs","2534":" sus","2535":"eeli","2536":"deo ","2537":"fast","2538":"ners","2539":"cern","2540":"rit ","2541":"mal ","2542":"orme","2543":"ulti","2544":"door","2545":"ront","2546":"sage","2547":"camp","2548":"redi","2549":"eyes","2550":"ane ","2551":"ran ","2552":"log ","2553":"oubl","2554":"illa","2555":"tead","2556":"earc","2557":"mans","2558":"rule","2559":"uble","2560":"viol","2561":" apo","2562":" non","2563":" var","2564":"prec","2565":"ayed","2566":"roce","2567":"hite","2568":"scen","2569":"perc","2570":"amin","2571":"orie","2572":"iscu","2573":"cuse","2574":"uses","2575":"ler ","2576":"enjo","2577":" lie","2578":"mode","2579":"area","2580":"njoy","2581":" enj","2582":" bou","2583":"inks","2584":"natu","2585":"heth","2586":"uite","2587":"aken","2588":"pay ","2589":" sis","2590":"edit","2591":"orn ","2592":"riso","2593":" qua","2594":"stit","2595":"sour","2596":"nged","2597":"azin","2598":"unis","2599":"scie","2600":" bil","2601":" vio","2602":"ntia","2603":"nic ","2604":"ots ","2605":"rve ","2606":"aiti","2607":"rpri","2608":" suf","2609":"pape","2610":"refo","2611":"bloo","2612":"sir ","2613":"apan","2614":"rday","2615":"umen","2616":" hus","2617":"hine","2618":"shit","2619":" gue","2620":"orse","2621":"luti","2622":"anci","2623":"carr","2624":"ovie","2625":"egin","2626":"bjec","2627":"agin","2628":"tifu","2629":" unc","2630":"ultu","2631":" tes","2632":"aniz","2633":"ifie","2634":"laye","2635":"anis","2636":"gges","2637":"fied","2638":"leve","2639":"raph","2640":"acy ","2641":" ant","2642":"pani","2643":"rren","2644":"esul","2645":"eems","2646":"eque","2647":"urit","2648":"gone","2649":"whom","2650":" exi","2651":"easi","2652":"step","2653":"solu","2654":"ouch","2655":"oses","2656":"utif","2657":"ltur","2658":"tura","2659":" por","2660":"que ","2661":" tem","2662":"defe","2663":" gar","2664":"fell","2665":"anni","2666":"omma","2667":"imat","2668":"begi","2669":" ble","2670":"vati","2671":"uffe","2672":"ysel","2673":" dro","2674":"hori","2675":"isla","2676":"vant","2677":"etim","2678":"myse","2679":" pen","2680":"ledg","2681":"tera","2682":"quir","2683":"vote","2684":"uper","2685":"exac","2686":"wise","2687":"teve","2688":"succ","2689":"usti","2690":"dict","2691":"lth ","2692":"ucce","2693":"whet","2694":"lian","2695":"aul ","2696":"hot ","2697":"scus","2698":" jap","2699":"tack","2700":"save","2701":"ssag","2702":"rful","2703":"trad","2704":"ildi","2705":"ams ","2706":"evil","2707":"inne","2708":"japa","2709":"lds ","2710":"univ","2711":" boa","2712":"mana","2713":"whit","2714":"xact","2715":"toms","2716":"cuss","2717":"hair","2718":"surp","2719":"efin","2720":"asy ","2721":"magi","2722":" wev","2723":"eas ","2724":"gue ","2725":"ecto","2726":"hort","2727":"ndee","2728":"dies","2729":" six","2730":"grat","2731":"ourc","2732":"vert","2733":"dle ","2734":"chie","2735":"doct","2736":"expr","2737":"viou","2738":"urce","2739":"llen","2740":"ctic","2741":"xpre","2742":"stle","2743":"olen","2744":"cast","2745":"utes","2746":"anna","2747":"ngre","2748":" bat","2749":"lowi","2750":"sout","2751":"mman","2752":"ency","2753":"fron","2754":"ivid","2755":"rous","2756":" dam","2757":"alke","2758":"ooke","2759":"ecre","2760":"kers","2761":"mitt","2762":"itar","2763":"extr","2764":"cipa","2765":"ttac","2766":"tuat","2767":" hai","2768":"istm","2769":"desc","2770":"elt ","2771":"mari","2772":"arre","2773":"usan","2774":"orti","2775":"onse","2776":"bill","2777":" alt","2778":"cisi","2779":"ommi","2780":"stma","2781":"clai","2782":"oad ","2783":"arra","2784":"erfu","2785":" maj","2786":"hara","2787":"fran","2788":"tmas","2789":"roke","2790":"alli","2791":"val ","2792":"send","2793":"scre","2794":"inds","2795":" ani","2796":"tchi","2797":"ivat","2798":" vot","2799":"supe","2800":"raye","2801":"uit ","2802":" fis","2803":"aps ","2804":"skin","2805":"ecis","2806":"pent","2807":"ibut","2808":"owle","2809":"uali","2810":"lega","2811":"avor","2812":"inci","2813":"laim","2814":"pick","2815":"ird ","2816":"aise","2817":"rter","2818":" hot","2819":"atic","2820":"anim","2821":"inve","2822":"otec","2823":"seas","2824":"rres","2825":"win ","2826":"toni","2827":"rich","2828":"cono","2829":"izen","2830":"boy ","2831":" poo","2832":" sla","2833":"situ","2834":"vest","2835":"lita","2836":"iled","2837":" b ","2838":"vel ","2839":"ousa","2840":"trus","2841":"efer","2842":" dau","2843":"ecur","2844":"ucki","2845":"anag","2846":"merc","2847":"rew ","2848":"sity","2849":"tifi","2850":"cost","2851":"aces","2852":"daug","2853":"meti","2854":"ommo","2855":"aged","2856":"reig","2857":"onne","2858":" ris","2859":"rthe","2860":"itat","2861":"ccep","2862":"curi","2863":"egan","2864":"prev","2865":"onfi","2866":"acke","2867":"repa","2868":"sica","2869":"chur","2870":"lane","2871":" isl","2872":"ape ","2873":"ctin","2874":"cket","2875":"olla","2876":"mmer","2877":"eaki","2878":"easy","2879":"tall","2880":"safe","2881":"foot","2882":"ndre","2883":"avel","2884":" obs","2885":"sort","2886":"sban","2887":" dru","2888":"tech","2889":"west","2890":"urpr","2891":"fair","2892":"orgi","2893":"tics","2894":"lie ","2895":" saf","2896":"audi","2897":"ored","2898":"met ","2899":" o ","2900":"refe","2901":"hurc","2902":"mic ","2903":"ribe","2904":"dece","2905":"revi","2906":"rys ","2907":" occ","2908":"acte","2909":"town","2910":" rid","2911":" web","2912":"half","2913":"eous","2914":"sue ","2915":" sum","2916":"crip","2917":"mit ","2918":"thus","2919":"aby ","2920":"owar","2921":"erfe","2922":" rac","2923":"vari","2924":"isco","2925":" exe","2926":"usua","2927":"mmon","2928":" >> ","2929":"volu","2930":" enc","2931":" roa","2932":"fail","2933":" cop","2934":"brok","2935":"trou","2936":"emin","2937":"ciou","2938":" tor","2939":"hom ","2940":"husb","2941":"cipl","2942":"circ","2943":"rele","2944":"usba","2945":"wled","2946":"nima","2947":"mart","2948":"rade","2949":"remi","2950":"mpli","2951":"rack","2952":"join","2953":"eign","2954":"opin","2955":"rol ","2956":"atev","2957":"trav","2958":"coup","2959":"wrot","2960":"nowl","2961":" tec","2962":"gets","2963":"behi","2964":"mome","2965":"eces","2966":" sci","2967":"ngry","2968":"hung","2969":" gat","2970":"joy ","2971":"eser","2972":"ils ","2973":"gry ","2974":"depe","2975":"euro","2976":"ocie","2977":" key","2978":"ript","2979":" pun","2980":"ehin","2981":"appo","2982":" ger","2983":"isin","2984":"hurt","2985":"rpor","2986":"ciet","2987":"fill","2988":"arni","2989":"eem ","2990":"dnes","2991":"irth","2992":"judg","2993":"ppre","2994":"unds","2995":"brou","2996":" mac","2997":"oura","2998":"olde","2999":" deb","3000":" cir","3001":"itut","3002":"rabl","3003":"unce","3004":"oto ","3005":"nden","3006":"egyp","3007":" abs","3008":"wall","3009":"lleg","3010":"amen","3011":"drea","3012":"gypt","3013":"llo ","3014":"birt","3015":"empl","3016":"alue","3017":"actl","3018":"abil","3019":" sco","3020":"hin ","3021":"uire","3022":"ostl","3023":"veni","3024":" eit","3025":" jam","3026":"ccou","3027":"unte","3028":"ert ","3029":"draw","3030":"erri","3031":" wei","3032":"nty ","3033":" mid","3034":"reen","3035":"gly ","3036":"mani","3037":"rea ","3038":"lenc","3039":"rmer","3040":"esto","3041":"otic","3042":"roll","3043":"greg","3044":"ior ","3045":"tar ","3046":"imin","3047":"ingi","3048":" egy","3049":" x ","3050":"itti","3051":" usi","3052":"ecor","3053":"nomi","3054":"pete","3055":" net","3056":"pher","3057":" joi","3058":"udge","3059":"prac","3060":"icip","3061":"urel","3062":"erda","3063":"eth ","3064":"ngel","3065":"rinc","3066":" lev","3067":"cut ","3068":"eeme","3069":"anta","3070":"volv","3071":"oot ","3072":" bed","3073":"nday","3074":"ssur","3075":" esp","3076":"ppoi","3077":" fur","3078":"bega","3079":"hus ","3080":"harm","3081":" ski","3082":"cele","3083":"oach","3084":"enes","3085":"stak","3086":"arm ","3087":"bene","3088":" sex","3089":"orin","3090":"rns ","3091":"sell","3092":" pie","3093":"itiv","3094":"empt","3095":"nny ","3096":"lude","3097":"ield","3098":"esh ","3099":" eur","3100":"ritu","3101":"ury ","3102":"park","3103":"ainl","3104":"fess","3105":"basi","3106":"hund","3107":"touc","3108":"lems","3109":"mile","3110":"arab","3111":" pal","3112":"veri","3113":"lege","3114":"erci","3115":"tted","3116":" ori","3117":"imal","3118":"dual","3119":"esso","3120":"pace","3121":"givi","3122":"pany","3123":"terd","3124":"iffi","3125":" pap","3126":"cred","3127":"yest","3128":"pes ","3129":"alf ","3130":"dden","3131":"blin","3132":"arme","3133":"nshi","3134":"desp","3135":" lib","3136":"iple","3137":"exis","3138":"ivit","3139":" rad","3140":"plic","3141":"mmit","3142":" y ","3143":"cer ","3144":"ict ","3145":"riva","3146":"figu","3147":"xist","3148":"spee","3149":"rrec","3150":"disp","3151":"igur","3152":"vely","3153":"gott","3154":"gina","3155":"olat","3156":"oyed","3157":"noun","3158":"poke","3159":"ells","3160":"ogs ","3161":"ips ","3162":" u ","3163":"noti","3164":" goe","3165":"ales","3166":"ray ","3167":"irs ","3168":"goes","3169":"tres","3170":"towa","3171":"ecut","3172":"norm","3173":"link","3174":"conn","3175":"capt","3176":" mur","3177":"rigi","3178":"undr","3179":"eref","3180":"rmal","3181":" low","3182":"invo","3183":"eles","3184":"ops ","3185":"ims ","3186":"uce ","3187":"rice","3188":"peni","3189":"ffor","3190":"ldve","3191":"kids","3192":"uldv","3193":"dve ","3194":" gua","3195":"iest","3196":"anin","3197":"slat","3198":"unni","3199":"eboo","3200":"mons","3201":"nize","3202":"guid","3203":"uilt","3204":"oppe","3205":"amou","3206":" rob","3207":"eavi","3208":"gres","3209":"ospi","3210":"tien","3211":"oubt","3212":"majo","3213":"felt","3214":"cles","3215":"sick","3216":"lyin","3217":"nymo","3218":"ram ","3219":"nsti","3220":"nnec","3221":"ajor","3222":"ugge","3223":"effe","3224":"anes","3225":"dete","3226":"firm","3227":"rlie","3228":" plu","3229":" coa","3230":" hug","3231":"rybo","3232":"ival","3233":"ikel","3234":"cret","3235":"acto","3236":"urag","3237":"risi","3238":"emon","3239":"itiz","3240":"anyw","3241":"phil","3242":" sug","3243":" fla","3244":"harg","3245":" slo","3246":"aker","3247":"lann","3248":"path","3249":"hosp","3250":"ana ","3251":"heat","3252":"crit","3253":"inge","3254":"mom ","3255":" arg","3256":"tens","3257":"luck","3258":"song","3259":"ride","3260":"text","3261":"glad","3262":"rint","3263":"male","3264":"lked","3265":"llec","3266":"invi","3267":" wes","3268":" mic","3269":"tore","3270":"guar","3271":"eryb","3272":"uess","3273":" luc","3274":"idin","3275":" phi","3276":"tiva","3277":" typ","3278":"spac","3279":"nue ","3280":"nda ","3281":" ok ","3282":"deep","3283":"atie","3284":"orri","3285":"orre","3286":" usu","3287":"tali","3288":"edom","3289":"orig","3290":"inly","3291":"iles","3292":"ojec","3293":"nsla","3294":"cell","3295":"tsid","3296":"rket","3297":"germ","3298":"urge","3299":"nanc","3300":"tick","3301":"arat","3302":"tast","3303":"asso","3304":"proj","3305":" jew","3306":"iole","3307":"isse","3308":"roje","3309":"ficu","3310":"alin","3311":" rom","3312":"sett","3313":" cry","3314":"ashi","3315":"onli","3316":"lant","3317":" rou","3318":"fest","3319":"cold","3320":"ware","3321":"ift ","3322":" sic","3323":"sale","3324":"fica","3325":" re ","3326":"raid","3327":" ara","3328":"uick","3329":"tren","3330":"rriv","3331":"egar","3332":"user","3333":"kely","3334":"veal","3335":"quic","3336":" squ","3337":"ntur","3338":"layi","3339":"tuni","3340":"utsi","3341":"uly ","3342":"urde","3343":" neg","3344":"awar","3345":"ngly","3346":"quar","3347":"efen","3348":"evea","3349":"indo","3350":"nges","3351":"sess","3352":"ases","3353":" sep","3354":"bank","3355":"echn","3356":"nlin","3357":" pac","3358":"grad","3359":"prim","3360":"hina","3361":"rfec","3362":"ergy","3363":"ste ","3364":" vol","3365":"nths","3366":"uple","3367":"rmed","3368":"crow","3369":"ogy ","3370":" ama","3371":"hrea","3372":" cru","3373":"nven","3374":"lty ","3375":"priv","3376":"ndle","3377":"eman","3378":"vinc","3379":"nary","3380":"tele","3381":" fli","3382":"logy","3383":" fle","3384":"uenc","3385":"accu","3386":"wide","3387":"roub","3388":"crib","3389":"ardi","3390":"tenc","3391":"six ","3392":" bul","3393":"nect","3394":"pute","3395":"lts ","3396":"trip","3397":"ify ","3398":"igin","3399":"marc","3400":"pora","3401":"prep","3402":"oces","3403":"ansl","3404":"ama ","3405":"nsib","3406":"dog ","3407":"pmen","3408":" rol","3409":"ania","3410":"ocat","3411":"surv","3412":"hood","3413":"troy","3414":"sea ","3415":" ren","3416":" pan","3417":" unl","3418":"seng","3419":"ncti","3420":"rces","3421":"poor","3422":"etai","3423":"ongs","3424":" lad","3425":" tab","3426":"susp","3427":"stab","3428":"warn","3429":"escr","3430":"dang","3431":" sli","3432":"esig","3433":" jac","3434":"ller","3435":"rupt","3436":"andl","3437":"emor","3438":"rsit","3439":"oupl","3440":"ete ","3441":"nvol","3442":"dark","3443":"oves","3444":"igat","3445":"ols ","3446":"lame","3447":"heri","3448":"nefi","3449":"ata ","3450":"pros","3451":"ivis","3452":" shu","3453":" gol","3454":"uct ","3455":"vill","3456":"ando","3457":"ompu","3458":"iece","3459":"ppli","3460":"hirt","3461":" smo","3462":"genc","3463":"lter","3464":"ompe","3465":"plie","3466":"cebo","3467":"tine","3468":"mass","3469":"uff ","3470":"aceb","3471":"assu","3472":"ober","3473":"otio","3474":"gure","3475":"evid","3476":"wood","3477":"anie","3478":"unic","3479":"rker","3480":" wed","3481":" jer","3482":"oste","3483":"ills","3484":"sold","3485":"enda","3486":"fuse","3487":" lab","3488":"oral","3489":"ret ","3490":"host","3491":"rgy ","3492":"inni","3493":"apos","3494":"nant","3495":"leme","3496":"idua","3497":"via ","3498":"neig","3499":"nabl","3500":"ersa","3501":"aves","3502":"beat","3503":"frai","3504":"rown","3505":"arie","3506":"ucat","3507":"fit ","3508":"ode ","3509":"youd","3510":"rick","3511":"ircu","3512":"rose","3513":" wid","3514":"flow","3515":"reso","3516":" tex","3517":" tas","3518":"erou","3519":"rnet","3520":"ticu","3521":"runn","3522":"urop","3523":"rior","3524":"ndiv","3525":"vate","3526":"vidu","3527":"ores","3528":"sapp","3529":"egal","3530":"tail","3531":"rgiv","3532":"elon","3533":" nec","3534":"eein","3535":"film","3536":"spok","3537":"ints","3538":"ndan","3539":"dise","3540":"igge","3541":"repl","3542":"tone","3543":"enef","3544":"gula","3545":"ighb","3546":"imit","3547":"mmed","3548":"rked","3549":"uter","3550":"uran","3551":"esir","3552":" riv","3553":"nia ","3554":"eks ","3555":" jun","3556":"epin","3557":"rden","3558":"veme","3559":"osts","3560":" vir","3561":"llar","3562":"wake","3563":"eets","3564":"perh","3565":"xcep","3566":"duca","3567":" acr","3568":"ghbo","3569":"mous","3570":"ntir","3571":"niza","3572":"summ","3573":"cker","3574":"eedo","3575":"<br>","3576":"ris ","3577":" sil","3578":"remo","3579":"otte","3580":"aten","3581":"erha","3582":"ymor","3583":"rria","3584":"unta","3585":"leng","3586":"piec","3587":"hows","3588":"iet ","3589":"flic","3590":"engt","3591":"oys ","3592":"burn","3593":"dred","3594":"ups ","3595":"memo","3596":"rcen","3597":"iage","3598":"bell","3599":"airs","3600":" hid","3601":"ipat","3602":"aila","3603":" lou","3604":"anym","3605":"agen","3606":"tles","3607":"ngth","3608":"stry","3609":"uge ","3610":" edu","3611":"fic ","3612":"obse","3613":"argu","3614":"nerg","3615":"omic","3616":"ndon","3617":"nort","3618":"riag","3619":"ias ","3620":"ley ","3621":"imme","3622":"stuf","3623":"gal ","3624":"cand","3625":" dol","3626":"aced","3627":"pond","3628":" din","3629":"zens","3630":"nest","3631":"ptur","3632":"neer","3633":" dav","3634":"secr","3635":"tuff","3636":"shop","3637":"eepi","3638":"ddin","3639":"atis","3640":"tima","3641":"alm ","3642":"rato","3643":"occu","3644":" abu","3645":"holi","3646":"ilia","3647":"ratu","3648":"lous","3649":"enly","3650":"titi","3651":"giou","3652":"hly ","3653":" ira","3654":"chal","3655":"ued ","3656":"assa","3657":" blu","3658":"yout","3659":"rtis","3660":"mach","3661":"advi","3662":"ebra","3663":"sin ","3664":"rror","3665":"rank","3666":"afra","3667":"drop","3668":"inan","3669":"eani","3670":"mose","3671":"oken","3672":"enco","3673":"nves","3674":"cree","3675":"feri","3676":" fru","3677":"clot","3678":"uary","3679":"ampa","3680":"acks","3681":" nob","3682":"pted","3683":"angl","3684":"nent","3685":"tria","3686":"rvan","3687":"ech ","3688":"amaz","3689":"rifi","3690":"yers","3691":"clin","3692":"ocra","3693":" <br","3694":"trem","3695":"gate","3696":"fun ","3697":"eeks","3698":"aled","3699":"mput","3700":"ero ","3701":"pert","3702":"oat ","3703":"oard","3704":"acts","3705":"hmen","3706":"udie","3707":"urth","3708":"rhap","3709":"ony ","3710":" dia","3711":"oldi","3712":"haps","3713":"eads","3714":"amed","3715":"born","3716":"onig","3717":"fiel","3718":"hono","3719":"ager","3720":"rill","3721":"iber","3722":"bloc","3723":" sud","3724":"purp","3725":" unf","3726":"ires","3727":"hari","3728":" tir","3729":"teen","3730":"ssoc","3731":"swim","3732":"eleb","3733":"lied","3734":"ara ","3735":"lanc","3736":"eale","3737":"eare","3738":"lved","3739":"uty ","3740":"feat","3741":"ondi","3742":"ilt ","3743":"teou","3744":"regu","3745":"ush ","3746":"ilin","3747":"acro","3748":"apti","3749":"boar","3750":"ades","3751":"udin","3752":"une ","3753":"ntif","3754":"appi","3755":"surr","3756":"mpre","3757":"lier","3758":"aris","3759":"loud","3760":"loth","3761":" vil","3762":"deri","3763":"lks ","3764":"addi","3765":"ario","3766":"puni","3767":"hos ","3768":"choi","3769":"ithi","3770":"ein ","3771":"lve ","3772":"wann","3773":"ncou","3774":"sire","3775":"swee","3776":" ale","3777":"hird","3778":" goa","3779":"affe","3780":"solv","3781":"egre","3782":"usio","3783":"urni","3784":"nvit","3785":"arit","3786":"tact","3787":"rily","3788":"quen","3789":"ectr","3790":"deta","3791":"lebr","3792":" esc","3793":"omew","3794":"hors","3795":"shot","3796":"crac","3797":"type","3798":" clu","3799":"ises","3800":"mad ","3801":"elev","3802":"excu","3803":"igne","3804":"rwar","3805":"mper","3806":"cies","3807":"diat","3808":"hteo","3809":" de ","3810":"rita","3811":"roac","3812":"brat","3813":"sugg","3814":"ludi","3815":" lim","3816":"era ","3817":"ubt ","3818":" c ","3819":"clar","3820":" obe","3821":"xplo","3822":"ule ","3823":"phet","3824":"egul","3825":"lad ","3826":"lute","3827":"engi","3828":"gath","3829":"hief","3830":"mpro","3831":"elea","3832":"etic","3833":"esis","3834":"shel","3835":"ivel","3836":"spor","3837":"ivil","3838":"mond","3839":"etel","3840":"vie ","3841":"wort","3842":"orei","3843":"floo","3844":"seei","3845":"ovem","3846":"osse","3847":"ssiv","3848":"card","3849":" bag","3850":"isci","3851":"evol","3852":"racy","3853":" due","3854":" sac","3855":"onar","3856":"roma","3857":"labo","3858":"nspi","3859":"mend","3860":"aile","3861":"ron ","3862":"geri","3863":"xcus","3864":"dan ","3865":"isap","3866":" jan","3867":"las ","3868":"iron","3869":"gin ","3870":"bser","3871":"slan","3872":"pper","3873":"abor","3874":"ombi","3875":"ibil","3876":" fie","3877":"ofes","3878":" pul","3879":"cool","3880":" kis","3881":"lcom","3882":"due ","3883":"epti","3884":"rofe","3885":"ogic","3886":"tsel","3887":"oly ","3888":"ntat","3889":"ene ","3890":"onvi","3891":"cute","3892":"ddle","3893":"uste","3894":" sad","3895":" dom","3896":"elco","3897":"ails","3898":"cana","3899":"efit","3900":"spre","3901":"limi","3902":"eme ","3903":"astr","3904":"aski","3905":"lest","3906":"asin","3907":"mpla","3908":"dien","3909":"tene","3910":"chas","3911":"rls ","3912":" til","3913":"erti","3914":"welc","3915":" gif","3916":"tta ","3917":" woo","3918":"erro","3919":"cook","3920":"ham ","3921":"dio ","3922":"cian","3923":"non ","3924":"eatu","3925":"trin","3926":"uard","3927":"abso","3928":"sigh","3929":" ada","3930":"eved","3931":"held","3932":"bing","3933":"onsh","3934":"rass","3935":"eps ","3936":" ros","3937":"ndow","3938":"rock","3939":"shut","3940":"data","3941":"eliv","3942":"geme","3943":"nver","3944":"indu","3945":"emed","3946":"hysi","3947":"dati","3948":"phys","3949":"rees","3950":"uts ","3951":"lers","3952":"imen","3953":"efus","3954":"eams","3955":"capi","3956":"vail","3957":"pine","3958":"harl","3959":" gun","3960":"unk ","3961":"anki","3962":"ccur","3963":"peti","3964":"aded","3965":"itse","3966":"rush","3967":"kid ","3968":" phy","3969":"exte","3970":"asic","3971":"cky ","3972":"oods","3973":"soul","3974":" civ","3975":"unto","3976":"eers","3977":"onsc","3978":"usto","3979":"sibi","3980":"sary","3981":"urpo","3982":"hoic","3983":"bull","3984":"lus ","3985":"stai","3986":"igni","3987":" alg","3988":"kept","3989":"hrow","3990":"sty ","3991":"egio","3992":"gica","3993":"terv","3994":"aran","3995":"erag","3996":"murd","3997":"ruit","3998":"erge","3999":"mpos","4000":"mers","4001":" dig","4002":"intr","4003":"uspe","4004":"rgen","4005":"civi","4006":"repe","4007":"mpar","4008":"weig","4009":"aref","4010":" hed","4011":"scip","4012":"mora","4013":"esca","4014":"rivi","4015":"dust","4016":"ropo","4017":"ague","4018":"sacr","4019":"stom","4020":"omfo","4021":"enem","4022":"towe","4023":"gift","4024":"subs","4025":"effo","4026":"shoo","4027":"cust","4028":"fend","4029":"lin ","4030":"rced","4031":"oose","4032":" tar","4033":"comf","4034":"mail","4035":"rche","4036":"prou","4037":"enty","4038":"holy","4039":"rpos","4040":" ken","4041":"slim","4042":"rowd","4043":"ban ","4044":"itud","4045":"gns ","4046":"gold","4047":"itle","4048":"orwa","4049":"mila","4050":"lusi","4051":" ast","4052":"bran","4053":"rrup","4054":"weat","4055":"rip ","4056":"webs","4057":"sper","4058":" anc","4059":"apit","4060":"ump ","4061":"hou ","4062":"igns","4063":"bear","4064":" emb","4065":"simi","4066":"mfor","4067":"rsio","4068":"sect","4069":"ndar","4070":"inti","4071":"iah ","4072":" sce","4073":" ach","4074":"iran","4075":"corp","4076":"raig","4077":"itan","4078":"cape","4079":" tot","4080":"haha","4081":"pire","4082":"smok","4083":"espi","4084":"hful","4085":"rein","4086":"load","4087":"nsci","4088":"squa","4089":"kist","4090":"ece ","4091":"iday","4092":"pric","4093":"kly ","4094":" edi","4095":"plus","4096":" oct","4097":"emoc","4098":"ilar","4099":"pack","4100":"proa","4101":"musl","4102":"cris","4103":" via","4104":" cus","4105":"alen","4106":"ults","4107":"ysic","4108":"ouri","4109":"onic","4110":"bigg","4111":"theo","4112":"stig","4113":"won ","4114":"chai","4115":" geo","4116":"rend","4117":"ncie","4118":"spri","4119":"amma","4120":"canc","4121":" lac","4122":"pan ","4123":"addr","4124":"erni","4125":"igen","4126":"catc","4127":"utin","4128":"kiss","4129":"ddre","4130":"pid ","4131":"nnou","4132":"ddy ","4133":"ssor","4134":"meas","4135":"dow ","4136":"ippe","4137":"vity","4138":"lick","4139":"damn","4140":"mast","4141":"irls","4142":"bsit","4143":"ndit","4144":"azy ","4145":"lla ","4146":"davi","4147":"jack","4148":"dese","4149":"ishm","4150":"imil","4151":"sham","4152":"lopm","4153":"tep ","4154":"ikes","4155":"libe","4156":"ntit","4157":"pane","4158":"ebsi","4159":"fund","4160":"unct","4161":" inn","4162":"hoot","4163":" sui","4164":" nin","4165":"erno","4166":" mul","4167":" ava","4168":"hbor","4169":"plat","4170":" > ","4171":" d ","4172":"olid","4173":"oner","4174":"nsio","4175":"gist","4176":"torm","4177":"onfe","4178":"abli","4179":"elpe","4180":"tole","4181":"hill","4182":"omeb","4183":"llag","4184":"beha","4185":"opme","4186":" ve ","4187":"pull","4188":"unge","4189":"nies","4190":"file","4191":"infl","4192":"mocr","4193":"rses","4194":"ondu","4195":"onor","4196":"vite","4197":"rved","4198":"ishi","4199":"bus ","4200":"epte","4201":"arac","4202":"mpet","4203":"neit","4204":"dera","4205":"eats","4206":"mply","4207":" uh ","4208":"inio","4209":"ada ","4210":"avai","4211":"devi","4212":"usli","4213":"ials","4214":" reb","4215":"ickl","4216":"nolo","4217":"ltho","4218":"vist","4219":"icie","4220":"seek","4221":"nel ","4222":"rama","4223":"ncin","4224":"alan","4225":" ups","4226":"etit","4227":" roc","4228":"erty","4229":" eth","4230":"huge","4231":"artm","4232":"shme","4233":"bsol","4234":"decl","4235":"pite","4236":"ginn","4237":"endo","4238":"ium ","4239":"roud","4240":"ploy","4241":"stoo","4242":"oria","4243":"nche","4244":"thfu","4245":" gri","4246":" abi","4247":"doll","4248":"cene","4249":"pari","4250":" bru","4251":"iddl","4252":"onda","4253":"xtre","4254":"rtme","4255":"stag","4256":"sor ","4257":"scap","4258":"mpai","4259":"ashe","4260":"oul ","4261":"paid","4262":" asi","4263":"lici","4264":"erfo","4265":"aim ","4266":"ebod","4267":"uted","4268":" kep","4269":"ncom","4270":"labl","4271":" opi","4272":"esea","4273":"dina","4274":"paig","4275":"ilab","4276":"goal","4277":"uide","4278":"oeve","4279":" jul","4280":"tobe","4281":"aigh","4282":"ritt","4283":"hick","4284":"eake","4285":"ools","4286":" obv","4287":"stim","4288":"uals","4289":"avid","4290":"adam","4291":"ighe","4292":"glor","4293":" bon","4294":"rfor","4295":"attl","4296":"core","4297":"wild","4298":" box","4299":"cade","4300":"tari","4301":" tv ","4302":"mebo","4303":"oast","4304":"slow","4305":"lage","4306":"reng","4307":"sun ","4308":"nece","4309":"ege ","4310":"essu","4311":" smi","4312":"stup","4313":"rmen","4314":"craz","4315":"hame","4316":"wash","4317":"sitt","4318":"riod","4319":"amis","4320":" joy","4321":" pou","4322":"knes","4323":"oncl","4324":"lind","4325":"forw","4326":"cens","4327":"subj","4328":"ctob","4329":"crat","4330":"ypt ","4331":"ubje","4332":"upid","4333":"rimi","4334":" lun","4335":"bvio","4336":"none","4337":"tupi","4338":"otal","4339":"aver","4340":"insu","4341":"afe ","4342":"prie","4343":"furt","4344":"corn","4345":"sky ","4346":"pply","4347":" tax","4348":" n ","4349":"nega","4350":"emot","4351":"ares","4352":"nduc","4353":"amn ","4354":"obvi","4355":"obje","4356":" abr","4357":"eant","4358":"boys","4359":"rary","4360":"mala","4361":" env","4362":"eech","4363":"snes","4364":"itia","4365":"zine","4366":"sers","4367":"clus","4368":"oll ","4369":"larl","4370":"kin ","4371":"arad","4372":"ndep","4373":"oil ","4374":"dam ","4375":" pot","4376":"habi","4377":" ven","4378":" sym","4379":"mazi","4380":"sche","4381":"emal","4382":"oin ","4383":"losi","4384":" fly","4385":"stly","4386":"atan","4387":" bud","4388":"lars","4389":"ntel","4390":"olor","4391":"oted","4392":"atem","4393":" obj","4394":"yway","4395":"tour","4396":" fem","4397":"spar","4398":"unio","4399":"repu","4400":" ye ","4401":"pini","4402":"slam","4403":"sund","4404":"iger","4405":"erly","4406":"aign","4407":"nsiv","4408":"void","4409":"ywhe","4410":"tos ","4411":"tin ","4412":"ntar","4413":" gal","4414":"tota","4415":"aliv","4416":"ngla","4417":"exua","4418":"shee","4419":"andr","4420":"enan","4421":"usy ","4422":" ana","4423":"het ","4424":"mble","4425":"aws ","4426":"peec","4427":"risk","4428":"trik","4429":"eted","4430":"ror ","4431":"inco","4432":"dyin","4433":"anyb","4434":"ntac","4435":"midd","4436":"nned","4437":"adva","4438":"cogn","4439":"insp","4440":"otta","4441":"len ","4442":"depa","4443":"teme","4444":"dema","4445":"ewar","4446":"nywa","4447":"tuti","4448":"idat","4449":"chic","4450":"udde","4451":"sexu","4452":"oyal","4453":"unci","4454":"cise","4455":" aud","4456":"rges","4457":" kor","4458":"boun","4459":"ghty","4460":"orms","4461":"feed","4462":"mult","4463":"vene","4464":"bia ","4465":"nybo","4466":"lped","4467":"ndic","4468":" pak","4469":"arys","4470":"ique","4471":"unny","4472":"hamm","4473":"cume","4474":"cter","4475":"igno","4476":"acci","4477":"brai","4478":"osin","4479":"urvi","4480":"twor","4481":"tiga","4482":"immi","4483":"nnel","4484":"dvan","4485":"chno","4486":"rger","4487":"owne","4488":" arc","4489":"rviv","4490":"stal","4491":"teni","4492":"dmit","4493":"oups","4494":"box ","4495":"runk","4496":"xual","4497":"frui","4498":"rred","4499":"ogni","4500":"eys ","4501":"nine","4502":"batt","4503":"wast","4504":" ahe","4505":"ani ","4506":"tudi","4507":"opti","4508":"uate","4509":"lict","4510":"cite","4511":"itel","4512":"utti","4513":"angi","4514":"guil","4515":"adit","4516":"cuti","4517":"rmis","4518":"ssar","4519":"paki","4520":"ocum","4521":"iali","4522":"bove","4523":"adio","4524":"sume","4525":"abov","4526":"boug","4527":"maga","4528":" dai","4529":"ungr","4530":"docu","4531":"vid ","4532":"brit","4533":"otin","4534":"func","4535":"uel ","4536":"gazi","4537":"farm","4538":"ntic","4539":"mbin","4540":"unat","4541":"ectl","4542":"fide","4543":"bath","4544":"akis","4545":"mete","4546":"sphe","4547":"mewh","4548":" ina","4549":"ahea","4550":"erei","4551":"tuna","4552":"rvie","4553":" sar","4554":"oder","4555":"bird","4556":"ecog","4557":"mplo","4558":"broa","4559":"drug","4560":"sudd","4561":"nobo","4562":"topp","4563":" nar","4564":"sant","4565":"smar","4566":"uare","4567":"ggin","4568":" fif","4569":"enga","4570":"laws","4571":"dibl","4572":"edin","4573":"hty ","4574":" rap","4575":"orpo","4576":"ewsp","4577":"moni","4578":"rves","4579":" inh","4580":"derf","4581":"abit","4582":"rus ","4583":"icit","4584":"rict","4585":"mis ","4586":"asta","4587":"pair","4588":"eact","4589":"gust","4590":" bli","4591":"wspa","4592":"embl","4593":"spap","4594":"ric ","4595":"ribl","4596":"chen","4597":"barr","4598":"hut ","4599":"feet","4600":"boat","4601":"oid ","4602":"anad","4603":"luen","4604":" loa","4605":"ntag","4606":" avo","4607":"ccom","4608":"cifi","4609":"rrib","4610":"del ","4611":"tel ","4612":"ngra","4613":"ntee","4614":"oven","4615":"deba","4616":" yor","4617":"jor ","4618":" sky","4619":"ctim","4620":"rmy ","4621":"sad ","4622":"pate","4623":"expo","4624":"revo","4625":"edly","4626":"blue","4627":" ign","4628":"dern","4629":"ford","4630":"erry","4631":"angr","4632":"razy","4633":"ansf","4634":"tood","4635":" una","4636":"raci","4637":"flue","4638":"fool","4639":"obod","4640":" ha ","4641":"pion","4642":"icin","4643":"hnol","4644":"ntis","4645":"irty","4646":"tale","4647":"fals","4648":"razi","4649":"dear","4650":"lpin","4651":"exic","4652":"ighl","4653":"rusa","4654":"rofi","4655":" inj","4656":" hen","4657":"ules","4658":"nfid","4659":"tery","4660":" pha","4661":"isis","4662":" sno","4663":"rash","4664":"hase","4665":" dic","4666":"airp","4667":"butt","4668":"sher","4669":"odel","4670":"trum","4671":"resh","4672":"ilm ","4673":"army","4674":"kets","4675":"brid","4676":" lam","4677":"nowi","4678":" ber","4679":"agaz","4680":"wine","4681":"usal","4682":" l ","4683":"atti","4684":"sele","4685":" bow","4686":"aham","4687":"udes","4688":"loss","4689":"apta","4690":" pus","4691":"titl","4692":"ncil","4693":"hest","4694":"mout","4695":"swea","4696":"orgo","4697":"avoi","4698":"aved","4699":"rvin","4700":"orru","4701":"attr","4702":"umme","4703":"deni","4704":"sat ","4705":" tun","4706":"erea","4707":"bes ","4708":"busy","4709":" jos","4710":"amme","4711":"evis","4712":"azil","4713":"uppl","4714":"eddi","4715":"elde","4716":"erus","4717":"gnor","4718":"ype ","4719":"ocks","4720":"raha","4721":"turk","4722":"aks ","4723":"warm","4724":"ewis","4725":"tury","4726":"sues","4727":"ceme","4728":"erit","4729":"eels","4730":"mals","4731":"clim","4732":"thda","4733":"bord","4734":"lien","4735":"buti","4736":"noon","4737":"umbl","4738":"fles","4739":"asia","4740":" gas","4741":" tan","4742":"ault","4743":"levi","4744":"braz","4745":"ferr","4746":"bott","4747":"ettl","4748":" ini","4749":"hop ","4750":"logs","4751":" tee","4752":"ewhe","4753":"llia","4754":" tit","4755":"obs ","4756":"atri","4757":" ado","4758":"emov","4759":"hday","4760":"hiev","4761":" bap","4762":" uns","4763":"onsu","4764":" eld","4765":"icto","4766":" mir","4767":"chee","4768":"sepa","4769":"alse","4770":" ice","4771":"rthd","4772":"anal","4773":"elpi","4774":"size","4775":"fing","4776":"inju","4777":"tute","4778":"lows","4779":"ukra","4780":"rran","4781":"comb","4782":"bag ","4783":"ella","4784":"anch","4785":"ushe","4786":"scor","4787":" ham","4788":"vens","4789":" tic","4790":"york","4791":" sau","4792":"lida","4793":"lori","4794":" pil","4795":"grac","4796":"rabi","4797":"irin","4798":"timi","4799":"hock","4800":" rei","4801":"andm","4802":"nflu","4803":"iers","4804":"etwo","4805":"lon ","4806":"bar ","4807":"cycl","4808":" jum","4809":"rike","4810":"krai","4811":"anic","4812":"iptu","4813":"ddit","4814":"anua","4815":"empe","4816":"cus ","4817":"usne","4818":" tie","4819":"rowi","4820":"hero","4821":"chem","4822":"unse","4823":"uncl","4824":"lor ","4825":"ocus","4826":"lle ","4827":"emy ","4828":"arro","4829":"ncip","4830":"blam","4831":" ukr","4832":"chol","4833":"coff","4834":"mira","4835":"urat","4836":"suit","4837":"vita","4838":"pant","4839":"iner","4840":" apa","4841":"bera","4842":"ccus","4843":"onin","4844":"rmit","4845":"san ","4846":"edy ","4847":"sone","4848":"orea","4849":"lift","4850":"exer","4851":"nvin","4852":" cub","4853":"netw","4854":" ave","4855":"bapt","4856":"oran","4857":"inar","4858":"hani","4859":"lays","4860":" jok","4861":"gage","4862":" rew","4863":"rlin","4864":"ecem","4865":" rej","4866":"obey","4867":"fift","4868":"mank","4869":"ndom","4870":"erla","4871":"mens","4872":"tisf","4873":"dida","4874":"erre","4875":"gun ","4876":" dut","4877":"bled","4878":"alks","4879":"aeli","4880":"adia","4881":"opos","4882":"olar","4883":"dlin","4884":"fema","4885":"rner","4886":"olum","4887":"ume ","4888":"weal","4889":"exci","4890":"dish","4891":"rgot","4892":"dles","4893":"uent","4894":"bodi","4895":"mori","4896":"eaks","4897":"mmin","4898":"undi","4899":" mex","4900":"dail","4901":"ousn","4902":"tled","4903":"stiv","4904":"senc","4905":"xten","4906":"refl","4907":"swor","4908":" dud","4909":"lari","4910":"mexi","4911":"spla","4912":" opt","4913":"aily","4914":" gai","4915":"toma","4916":"otos","4917":"icha","4918":"antl","4919":" la ","4920":"ceed","4921":"unco","4922":"pred","4923":" rin","4924":"ithf","4925":"igra","4926":"lipp","4927":" ll ","4928":"cemb","4929":"kore","4930":"onat","4931":"redu","4932":"lust","4933":"stol","4934":"xcit","4935":"hips","4936":"abus","4937":"weak","4938":"utte","4939":" cod","4940":" aid","4941":"anit","4942":"chea","4943":"ruly","4944":"alem","4945":"orne","4946":"code","4947":"club","4948":"trul","4949":"pira","4950":"urns","4951":"cine","4952":"erco","4953":"bert","4954":"orev","4955":" fix","4956":" kar","4957":" kat","4958":"spot","4959":"eye ","4960":"focu","4961":"tll ","4962":"ruck","4963":"tato","4964":"erab","4965":"nsel","4966":"raw ","4967":"sata","4968":"inta","4969":"tbal","4970":"onfl","4971":"bate","4972":"lief","4973":" ala","4974":" unb","4975":"ncle","4976":"ano ","4977":"funn","4978":"scal","4979":"tful","4980":"inia","4981":"reek","4982":"rcha","4983":"evie","4984":"lore","4985":"icen","4986":"ovel","4987":"laun","4988":"rded","4989":"jump","4990":"enie","4991":"gth ","4992":"sbel","4993":"role","4994":"mann","4995":"emer","4996":"nfli","4997":"gned","4998":"nifi","4999":"lady"}}