{"est":{"0":"on","1":"ja","2":"ma","3":"et","4":"ei","5":"see","6":"kui","7":"ta","8":"sa","9":"mis","10":"me","11":"oma","12":"seda","13":"kas","14":"oli","15":"mida","16":"siis","17":"nii","18":"nad","19":"selle","20":"aga","21":"ka","22":"kes","23":"pole","24":"tema","25":"\u00e4ra","26":"kuidas","27":"v\u00f5i","28":"k\u00f5ik","29":"mu","30":"siin","31":"olen","32":"meie","33":"te","34":"nagu","35":"mind","36":"ning","37":"jehoova","38":"midagi","39":"oled","40":"mul","41":"ole","42":"n\u00fc\u00fcd","43":"mitte","44":"need","45":"v\u00e4lja","46":"mulle","47":"minu","48":"jah","49":"miks","50":"kuid","51":"veel","52":"su","53":"\u00fcks","54":"nende","55":"olla","56":"v\u00e4ga","57":"jumala","58":"oleks","59":"palju","60":"v\u00f5ib","61":"sind","62":"sinu","63":"p\u00e4rast","64":"tagasi","65":"teha","66":"neid","67":"kus","68":"meil","69":"mina","70":"sellest","71":"eest","72":"sest","73":"teda","74":"lihtsalt","75":"hea","76":"seal","77":"sul","78":"saa","79":"jumal","80":"sulle","81":"vastu","82":"juba","83":"\u00fcle","84":"teie","85":"k\u00fcll","86":"oleme","87":"olid","88":"peale","89":"sina","90":"tuleb","91":"vaid","92":"kohta","93":"ainult","94":"just","95":"elu","96":"keegi","97":"\u00fctles","98":"saab","99":"meid","100":"h\u00e4sti","101":"isa","102":"jeesus","103":"kunagi","104":"l\u00e4bi","105":"isegi","106":"olnud","107":"enam","108":"kogu","109":"enne","110":"olema","111":"siia","112":"vaata","113":"mees","114":"koos","115":"tea","116":"kaks","117":"inimesed","118":"talle","119":"rohkem","120":"palun","121":"korda","122":"saada","123":"hai","124":"tule","125":"ise","126":"tal","127":"aega","128":"maha","129":"tahan","130":"end","131":"meile","132":"tead","133":"selles","134":"tean","135":"vaja","136":"tee","137":"\u00f6elda","138":"ega","139":"\u00fcles","140":"ajal","141":"asi","142":"ette","143":"kuna","144":"l\u00e4heb","145":"ju","146":"peaks","147":"k\u00f5ige","148":"ema","149":"sellele","150":"mille","151":"\u00fche","152":"peab","153":"se","154":"sama","155":"teed","156":"neile","157":"seega","158":"iga","159":"aru","160":"pean","161":"teid","162":"alati","163":"juurde","164":"raha","165":"teada","166":"tere","167":"t\u00f5esti","168":"lk","169":"ikka","170":"tegelikult","171":"pea","172":"ki","173":"ehk","174":"alla","175":"aasta","176":"olgu","177":"minna","178":"minema","179":"maailma","180":"valmis","181":"\u00fctleb","182":"arvan","183":"t\u00e4na","184":"aastal","185":"jaoks","186":"olete","187":"kohe","188":"m\u00f5ned","189":"t\u00e4nan","190":"aeg","191":"tahad","192":"kinni","193":"taha","194":"oh","195":"sellega","196":"piibli","197":"sisse","198":"aastat","199":"saan","200":"peame","201":"maa","202":"head","203":"sai","204":"suur","205":"n\u00e4ha","206":"pead","207":"de","208":"praegu","209":"kuni","210":"olin","211":"saame","212":"teile","213":"neil","214":"saanud","215":"all","216":"enda","217":"edasi","218":"s\u00f5na","219":"to","220":"kokku","221":"muidugi","222":"lase","223":"teeb","224":"mingi","225":"mine","226":"n\u00e4iteks","227":"osa","228":"anna","229":"ilma","230":"the","231":"jeesuse","232":"lt","233":"v\u00f5ime","234":"sel","235":"kurat","236":"korras","237":"t\u00e4hendab","238":"lahti","239":"no","240":"teinud","241":"hiljem","242":"tegema","243":"poole","244":"liiga","245":"v\u00f5id","246":"teil","247":"kaasa","248":"polnud","249":"j\u00e4rgi","250":"v\u00f5ivad","251":"naine","252":"sinuga","253":"tuli","254":"la","255":"siit","256":"keda","257":"kindel","258":"kuhu","259":"v\u00f5tta","260":"sinna","261":"r\u00e4\u00e4kida","262":"selline","263":"selleks","264":"sain","265":"ennast","266":"na","267":"neist","268":"saad","269":"parem","270":"teen","271":"minuga","272":"teine","273":"aja","274":"l\u00e4hme","275":"leida","276":"ees","277":"t\u00f6\u00f6","278":"kolm","279":"tegi","280":"ga","281":"paljud","282":"samuti","283":"ent","284":"v\u00f5iks","285":"said","286":"is","287":"kuigi","288":"peal","289":"inimesi","290":"n\u00e4inud","291":"eesti","292":"piibel","293":"ko","294":"kindlasti","295":"\u00f5igus","296":"pilt","297":"v\u00e4ike","298":"nimi","299":"umbes","300":"surnud","301":"inimene","302":"v\u00f5imalik","303":"p\u00e4eva","304":"kord","305":"paulus","306":"vahel","307":"andis","308":"v\u00f5ta","309":"temaga","310":"aitab","311":"inimeste","312":"endale","313":"eriti","314":"annab","315":"tore","316":"aidata","317":"teeme","318":"vabandust","319":"las","320":"lapsed","321":"hei","322":"milline","323":"\u00f5ige","324":"ni","325":"elus","326":"\u00fctlesin","327":"v\u00f5ibolla","328":"surma","329":"viis","330":"\u00fctle","331":"arvad","332":"l\u00e4ks","333":"anda","334":"abi","335":"tahab","336":"j\u00e4lle","337":"asju","338":"kelle","339":"uus","340":"kuule","341":"teised","342":"p\u00e4ev","343":"eks","344":"pane","345":"raske","346":"vist","347":"sir","348":"inimese","349":"panna","350":"tulla","351":"meeldib","352":"millest","353":"h\u00e4rra","354":"t\u00f6\u00f6d","355":"varem","356":"video","357":"p\u00e4ris","358":"mil","359":"terve","360":"juhtus","361":"juures","362":"v\u00f5rdne","363":"poolt","364":"sellel","365":"uuesti","366":"n\u00e4ed","367":"esimene","368":"teise","369":"koju","370":"\u00e4rge","371":"t\u00e4pselt","372":"hr","373":"kahju","374":"asja","375":"k\u00e4tte","376":"l\u00f5puks","377":"kiiresti","378":"of","379":"natuke","380":"\u00fcmber","381":"noh","382":"suuda","383":"peaksid","384":"j\u00e4rele","385":"k\u00f5ike","386":"\u00fcldse","387":"toimub","388":"suhtes","389":"alles","390":"pool","391":"suure","392":"saavad","393":"miinus","394":"hakkab","395":"siiski","396":"viga","397":"asjad","398":"maailmas","399":"mingit","400":"v\u00f5in","401":"kaua","402":"ilmselt","403":"in","404":"teiste","405":"tunnistajad","406":"aa","407":"poleks","408":"p\u00fcha","409":"jooksul","410":"uue","411":"l\u00e4hen","412":"pidi","413":"peaaegu","414":"ongi","415":"oota","416":"hakkama","417":"saaks","418":"usu","419":"\u00fctlen","420":"s\u00f6\u00f6r","421":"taga","422":"asemel","423":"auto","424":"selge","425":"vanemad","426":"\u00fctlesid","427":"t\u00e4htis","428":"kuradi","429":"sellist","430":"peavad","431":"ke","432":"tegid","433":"mehed","434":"s\u00f5ber","435":"t\u00f5ttu","436":"vana","437":"tegin","438":"j\u00e4\u00e4da","439":"l\u00e4inud","440":"new","441":"kirjutas","442":"and","443":"tehtud","444":"nime","445":"igal","446":"kust","447":"m\u00f6\u00f6da","448":"niisiis","449":"tu","450":"inimest","451":"tunne","452":"kena","453":"t\u00e4iesti","454":"seotud","455":"kaudu","456":"\u00e4kki","457":"t\u00e4nu","458":"rahu","459":"pluss","460":"tundub","461":"lo","462":"v\u00e4hemalt","463":"piisavalt","464":"r\u00e4\u00e4gi","465":"ah","466":"pidanud","467":"jumalat","468":"poiss","469":"sellep\u00e4rast","470":"linna","471":"ait\u00e4h","472":"poeg","473":"kedagi","474":"kallis","475":"juhul","476":"hi","477":"kohal","478":"el","479":"kodus","480":"mi","481":"sees","482":"oleksid","483":"t\u00e4helepanu","484":"homme","485":"vend","486":"teist","487":"heaks","488":"suurt","489":"p\u00e4eval","490":"elada","491":"parim","492":"kuningas","493":"olemas","494":"maja","495":"ho","496":"hoia","497":"teevad","498":"t\u00e4nap\u00e4eval","499":"toob","500":"like","501":"\u00fcsna","502":"m\u00f5ista","503":"r\u00e4\u00e4gib","504":"kahe","505":"n\u00e4itab","506":"le","507":"kuningriigi","508":"tunnen","509":"tahaks","510":"n\u00f5nda","511":"k\u00f5iki","512":"hoida","513":"jumalale","514":"millal","515":"armastus","516":"j\u00e4\u00e4b","517":"laps","518":"k\u00f5igest","519":"k\u00e4ia","520":"last","521":"n\u00e4en","522":"eu","523":"mr","524":"m\u00f5ni","525":"issand","526":"n\u00e4gin","527":"kell","528":"muud","529":"minust","530":"t\u00e4is","531":"\u00fchel","532":"k\u00f5igile","533":"da","534":"m\u00f5ne","535":"koht","536":"v\u00f5ttis","537":"juhtub","538":"tulnud","539":"m\u00f5tle","540":"suurep\u00e4rane","541":"hakkas","542":"seep\u00e4rast","543":"jehoovat","544":"olevat","545":"kristuse","546":"lisaks","547":"armastan","548":"\u00f5htul","549":"kristlased","550":"nendega","551":"inimestele","552":"st","553":"hoopis","554":"probleem","555":"jehoovale","556":"do","557":"teisi","558":"j\u00e4\u00e4","559":"lugu","560":"v\u00f5imalus","561":"m\u00f5tlen","562":"ameerika","563":"too","564":"tohi","565":"rahva","566":"l\u00e4hed","567":"r\u00f5\u00f5mu","568":"v\u00e4hem","569":"\u00f5ppida","570":"ne","571":"sealt","572":"arvasin","573":"n\u00e4eme","574":"varsti","575":"\u00fches","576":"iisraeli","577":"meelde","578":"millega","579":"temast","580":"t\u00fcdruk","581":"teab","582":"olime","583":"teate","584":"j\u00e4ta","585":"peaksime","586":"puhul","587":"apostel","588":"suurem","589":"antud","590":"naise","591":"tavaliselt","592":"k\u00fcsimus","593":"time","594":"saama","595":"otse","596":"que","597":"n\u00e4e","598":"kasutada","599":"you","600":"alates","601":"\u00f5nne","602":"esimese","603":"muuta","604":"m\u00f5lemad","605":"vale","606":"pani","607":"v\u00f5tan","608":"m\u00f5elda","609":"ha","610":"poisid","611":"ellu","612":"tunnistajate","613":"tulevad","614":"s\u00f5nad","615":"kuula","616":"\u00f6elnud","617":"r\u00e4\u00e4gid","618":"n\u00e4eb","619":"usa","620":"m\u00f5ttes","621":"piiblit","622":"dr","623":"tulen","624":"kuulnud","625":"vaadata","626":"eemale","627":"s\u00f5brad","628":"aap","629":"m\u00f5tlesin","630":"ilus","631":"ainus","632":"r\u00e4\u00e4kis","633":"samas","634":"paar","635":"kasu","636":"k\u00e4ib","637":"miss","638":"nahi","639":"k\u00e4es","640":"j\u00e4i","641":"lapsi","642":"teame","643":"lihtne","644":"loodan","645":"koi","646":"t\u00f5eline","647":"lasta","648":"meeles","649":"john","650":"samal","651":"v\u00f5is","652":"uut","653":"\u00fcksi","654":"tulge","655":"k\u0151ik","656":"mehe","657":"pere","658":"andnud","659":"veidi","660":"kapten","661":"loe","662":"seoses","663":"neli","664":"seej\u00e4rel","665":"ringi","666":"tulid","667":"tahame","668":"tuleks","669":"ruudus","670":"t\u00f5si","671":"kellel","672":"n\u00e4gi","673":"\u00fcksk\u00f5ik","674":"abil","675":"millised","676":"j\u00e4\u00e4nud","677":"p\u00f5hjus","678":"teel","679":"milles","680":"olge","681":"l\u00e4he","682":"vait","683":"t\u00e4hele","684":"sellised","685":"k\u00f5igi","686":"halb","687":"oleksin","688":"\u00fctleme","689":"j\u00e4rgmine","690":"r\u00e4\u00e4gin","691":"loomulikult","692":"paremini","693":"pidada","694":"saime","695":"r\u00e4\u00e4kima","696":"eile","697":"viimane","698":"meest","699":"meist","700":"nemad","701":"v\u00e4ljas","702":"v\u00f5tma","703":"kullake","704":"kuulda","705":"tundma","706":"v\u00f5tab","707":"laste","708":"korral","709":"nimel","710":"proua","711":"l\u00e4hedal","712":"k\u00e4si","713":"vaimu","714":"kristus","715":"number","716":"tundi","717":"t\u00f5siselt","718":"mai","719":"viisil","720":"vaadake","721":"t\u00f5de","722":"l\u00f5peta","723":"suri","724":"via","725":"olles","726":"kirja","727":"mein","728":"vaatame","729":"aastaid","730":"one","731":"t\u00e4ielikult","732":"sellise","733":"silma","734":"tuua","735":"tahtnud","736":"hetkel","737":"kellegi","738":"politsei","739":"esimest","740":"t\u00f5epoolest","741":"j\u00e4tta","742":"annan","743":"so","744":"noored","745":"tihti","746":"my","747":"elab","748":"andeks","749":"mitu","750":"nalja","751":"lapse","752":"viia","753":"m\u00f5te","754":"paistab","755":"maailm","756":"lugeda","757":"amp","758":"millist","759":"otsa","760":"ikkagi","761":"l\u00e4hevad","762":"armastust","763":"pildid","764":"tahtsin","765":"k\u00e4est","766":"meiega","767":"ometi","768":"tahavad","769":"ee","770":"jo","771":"seet\u00f5ttu","772":"tunda","773":"\u00f6eldakse","774":"kuidagi","775":"ab","776":"v\u00f5tke","777":"minutit","778":"au","779":"vahele","780":"moosese","781":"v\u00f5iksid","782":"kuus","783":"m\u00f5ju","784":"ligi","785":"arvates","786":"usk","787":"\u00fckski","788":"kolme","789":"koguduse","790":"v\u00f5tame","791":"usku","792":"minge","793":"teadnud","794":"tuled","795":"raamat","796":"taevas","797":"neetud","798":"ok","799":"\u00f5nnelik","800":"k\u00f5rvale","801":"taas","802":"muretse","803":"v\u00e4he","804":"arv","805":"sinust","806":"hommikul","807":"di","808":"v\u00f5tsid","809":"\u00fchte","810":"peagi","811":"eesm\u00e4rk","812":"it","813":"kirjas","814":"l\u00e4heme","815":"hoolimata","816":"teistele","817":"si","818":"tappa","819":"pe","820":"t\u00f6\u00f6le","821":"kellele","822":"n\u00e4idata","823":"k\u00fcsimusi","824":"leidnud","825":"oodata","826":"vajan","827":"aastane","828":"igavesti","829":"saate","830":"m\u00f5nikord","831":"n\u00f5us","832":"eeskuju","833":"huvitav","834":"president","835":"naised","836":"s\u00fc\u00fca","837":"kohale","838":"vaatama","839":"james","840":"soovid","841":"tegemist","842":"p\u00f5hja","843":"paljude","844":"suutnud","845":"poja","846":"selliseid","847":"sageli","848":"viib","849":"ootab","850":"tahtis","851":"v\u00f5tnud","852":"mingeid","853":"j\u00e4rel","854":"kellega","855":"t\u00f5i","856":"kirjutada","857":"ajast","858":"iganes","859":"keeles","860":"tahate","861":"linn","862":"kuud","863":"valesti","864":"probleeme","865":"ku","866":"suunas","867":"vabandage","868":"hull","869":"v\u00f5ite","870":"\u00fcha","871":"k\u00e4ed","872":"abikaasa","873":"ye","874":"s\u00f5da","875":"kooli","876":"keha","877":"keelt","878":"otsekui","879":"peate","880":"veelgi","881":"naist","882":"liha","883":"\u00f5de","884":"h\u00e4id","885":"euroopa","886":"miljonit","887":"tra","888":"jama","889":"m\u00f5elnud","890":"usun","891":"laske","892":"sobib","893":"rahvas","894":"pisut","895":"elavad","896":"v\u00e4\u00e4rt","897":"vennad","898":"saaksid","899":"oluline","900":"id","901":"for","902":"aku","903":"pealt","904":"seas","905":"tehke","906":"kuu","907":"uskuda","908":"k\u00f5igil","909":"kreeka","910":"meeldi","911":"tunned","912":"maal","913":"temale","914":"team","915":"appi","916":"good","917":"hulka","918":"m\u00f5tled","919":"pidid","920":"muidu","921":"s\u00f5numit","922":"saaksin","923":"ya","924":"v\u0151i","925":"abielu","926":"hakka","927":"niimoodi","928":"r\u00e4\u00e4kinud","929":"tugev","930":"raamatu","931":"kohaselt","932":"surm","933":"protsenti","934":"nhi","935":"peaksin","936":"noor","937":"eh","938":"vabanda","939":"hakata","940":"pidevalt","941":"hetk","942":"elama","943":"silmas","944":"kellelegi","945":"uks","946":"pannud","947":"laul","948":"paneb","949":"tunnistaja","950":"panen","951":"naljakas","952":"paha","953":"movie","954":"bhi","955":"\u00fcht","956":"kao","957":"teenida","958":"vaba","959":"kadunud","960":"ajaks","961":"enamik","962":"silmad","963":"v\u00f5inud","964":"k\u00fcmme","965":"teatud","966":"muutub","967":"laeva","968":"vara","969":"peetrus","970":"oi","971":"perse","972":"pidin","973":"r\u00f5\u00f5m","974":"korra","975":"m\u00e4ngida","976":"ek","977":"tulema","978":"\u00fclej\u00e4\u00e4nud","979":"n\u00f5u","980":"t\u00f5e","981":"kodu","982":"armas","983":"saatana","984":"koolis","985":"oska","986":"j\u00f5udu","987":"l\u00f5una","988":"aitas","989":"unusta","990":"asub","991":"teiega","992":"kiiremini","993":"toime","994":"jack","995":"p\u00e4\u00e4sta","996":"ukse","997":"jagatud","998":"n\u00e4gid","999":"suudab","1000":"kuda","1001":"dollarit","1002":"preili","1003":"or","1004":"sellesse","1005":"tulemast","1006":"kuulsin","1007":"piiblis","1008":"olukord","1009":"muu","1010":"k\u00e4is","1011":"linnas","1012":"kindlalt","1013":"l\u00f5pp","1014":"meeldis","1015":"vett","1016":"kast","1017":"estonian","1018":"pigem","1019":"esimesel","1020":"p\u00fcsti","1021":"\u00fctlema","1022":"teete","1023":"pihta","1024":"\u00fchtegi","1025":"t\u00f5en\u00e4oliselt","1026":"sajandil","1027":"andke","1028":"millise","1029":"mingil","1030":"teadsin","1031":"jeruusalemma","1032":"tubli","1033":"meri","1034":"vaatan","1035":"r\u00e4\u00e4gime","1036":"soovi","1037":"suurim","1038":"vaim","1039":"osta","1040":"arva","1041":"moodi","1042":"m\u00e4letan","1043":"v\u00f5rdub","1044":"aur","1045":"\u00fctlevad","1046":"vee","1047":"k\u00fcsis","1048":"liked","1049":"arvavad","1050":"\u00fctled","1051":"tark","1052":"kaugel","1053":"arvatavasti","1054":"oodake","1055":"tak","1056":"vajame","1057":"rooma","1058":"n\u00e4gu","1059":"hakkame","1060":"okei","1061":"milleks","1062":"olukorda","1063":"s\u00f5nu","1064":"charlie","1065":"k\u00f5vasti","1066":"sajandi","1067":"mere","1068":"alt","1069":"teisel","1070":"kirjutan","1071":"inglise","1072":"muutunud","1073":"muutus","1074":"boss","1075":"kaheksa","1076":"\u00f6\u00f6sel","1077":"kerge","1078":"teeks","1079":"haiget","1080":"pikk","1081":"teatab","1082":"m\u00e4letad","1083":"\u00f6eldes","1084":"vahitorni","1085":"lahe","1086":"k\u00f5igepealt","1087":"hinge","1088":"um","1089":"johannese","1090":"aita","1091":"vastas","1092":"meel","1093":"v\u00f5iksime","1094":"iga\u00fcks","1095":"j\u00f5uda","1096":"magama","1097":"miski","1098":"jagada","1099":"m\u00f5nda","1100":"alguses","1101":"teenistuses","1102":"pa","1103":"hulgas","1104":"david","1105":"leidsid","1106":"l\u00e4ksin","1107":"s\u00fcda","1108":"kahjuks","1109":"s\u00fcdame","1110":"lastele","1111":"ge","1112":"tundis","1113":"viimase","1114":"annavad","1115":"teadma","1116":"doktor","1117":"soovib","1118":"leidis","1119":"n\u00e4dala","1120":"tweet","1121":"toodud","1122":"k\u00e4ima","1123":"kontrolli","1124":"v\u00f5itud","1125":"rahune","1126":"l\u00f5i","1127":"selgelt","1128":"pidas","1129":"kardan","1130":"j\u00e4ttis","1131":"silmis","1132":"t\u00fctar","1133":"p\u00fchakirja","1134":"\u00f5petaja","1135":"haige","1136":"tunni","1137":"\u00fchele","1138":"teisele","1139":"juht","1140":"inimestega","1141":"m\u00e4\u00e4ratud","1142":"n\u00f5uab","1143":"arvatud","1144":"em","1145":"idee","1146":"n\u00e4ete","1147":"tundus","1148":"leidsin","1149":"vaatamata","1150":"\u00e4rgake","1151":"naiste","1152":"nimega","1153":"halba","1154":"armastab","1155":"\u00fcksteist","1156":"s\u00f5numi","1157":"taavet","1158":"saatan","1159":"minuti","1160":"seaduse","1161":"igas","1162":"s\u00fc\u00fcdi","1163":"vahet","1164":"elanud","1165":"koosolekutel","1166":"valitsus","1167":"j\u00e4rgmisel","1168":"videos","1169":"jab","1170":"jalga","1171":"tasuta","1172":"this","1173":"anti","1174":"m\u00e4leta","1175":"l\u00e4ksid","1176":"teadmisi","1177":"persse","1178":"isand","1179":"v\u00f5taks","1180":"ausalt","1181":"k\u00fcsida","1182":"saatis","1183":"l\u00f5bus","1184":"koguduses","1185":"pagan","1186":"kaitsta","1187":"ruttu","1188":"kasutab","1189":"\u00fcksnes","1190":"v\u00f5imalust","1191":"kuskil","1192":"muusika","1193":"juhtuda","1194":"matteuse","1195":"hain","1196":"endast","1197":"sam","1198":"jumalaga","1199":"majja","1200":"seitse","1201":"plaan","1202":"rahulikult","1203":"xi","1204":"tahaksin","1205":"kiire","1206":"venna","1207":"vaimselt","1208":"jesaja","1209":"luba","1210":"english","1211":"allikaviide","1212":"sugugi","1213":"p\u00e4evil","1214":"\u00f6\u00f6d","1215":"nendest","1216":"nai","1217":"moel","1218":"huvitatud","1219":"nu","1220":"maksta","1221":"huvi","1222":"andma","1223":"koha","1224":"vastus","1225":"probleemi","1226":"meelest","1227":"\u00fcldiselt","1228":"jeesust","1229":"love","1230":"luban","1231":"tarvis","1232":"main","1233":"ehkki","1234":"valitsuse","1235":"hakkasid","1236":"vajab","1237":"saabus","1238":"\u00fcleval","1239":"kanda","1240":"vene","1241":"lahku","1242":"elas","1243":"ada","1244":"piiblist","1245":"artiklis","1246":"j\u00e4rjest","1247":"tahtsid","1248":"poolest","1249":"palus","1250":"seekord","1251":"rahvast","1252":"kindlaks","1253":"k\u00f5ikjal","1254":"hiljuti","1255":"osas","1256":"as","1257":"es","1258":"nelja","1259":"tohiks","1260":"kasuta","1261":"jaa","1262":"p\u00e4rit","1263":"must","1264":"nw","1265":"aastast","1266":"ajakirja","1267":"soovin","1268":"milliseid","1269":"tallinna","1270":"toh","1271":"mike","1272":"kaugusel","1273":"j\u00f5udnud","1274":"eestis","1275":"aaj","1276":"teema","1277":"negatiivne","1278":"kaugele","1279":"michael","1280":"uusi","1281":"asjade","1282":"siiani","1283":"ela","1284":"s\u00fcdamest","1285":"teadis","1286":"pealegi","1287":"pauluse","1288":"he","1289":"m\u00e4ngu","1290":"kolmas","1291":"n\u00e4dal","1292":"r\u00e4\u00e4kisin","1293":"koguni","1294":"inimestel","1295":"tehakse","1296":"omavahel","1297":"fans","1298":"at","1299":"leia","1300":"toitu","1301":"uurida","1302":"peatada","1303":"sekundit","1304":"kutsutakse","1305":"kutsub","1306":"s\u00fcdant","1307":"teadlased","1308":"lausa","1309":"k\u00e4i","1310":"l\u00e4ksime","1311":"al","1312":"teavad","1313":"kindlad","1314":"ohtlik","1315":"kuch","1316":"kohtuda","1317":"vanemate","1318":"kuhugi","1319":"vajavad","1320":"kirjutatud","1321":"t\u00fc\u00fcp","1322":"suured","1323":"samamoodi","1324":"ime","1325":"windows","1326":"j\u00f5uab","1327":"gt","1328":"saata","1329":"vai","1330":"ruumi","1331":"otsima","1332":"tundsin","1333":"t\u00e4iuslik","1334":"tunnevad","1335":"los","1336":"maad","1337":"online","1338":"armastuse","1339":"puhas","1340":"esile","1341":"baat","1342":"t\u00f6\u00f6tab","1343":"us","1344":"tuhat","1345":"vesi","1346":"tulin","1347":"\u00fchest","1348":"am","1349":"hommikust","1350":"kuuled","1351":"ali","1352":"m\u00f5tlema","1353":"kasutama","1354":"looja","1355":"je","1356":"k\u00f5rval","1357":"majas","1358":"kuninga","1359":"tundnud","1360":"polegi","1361":"ala","1362":"n\u00e4itas","1363":"\u00f5htu","1364":"eluga","1365":"p\u00f5hjust","1366":"ammu","1367":"hulk","1368":"rahule","1369":"m\u00f5tteid","1370":"un","1371":"va","1372":"issanda","1373":"india","1374":"r\u00e4\u00e4givad","1375":"kuulata","1376":"klassi","1377":"t\u00f5eliselt","1378":"j\u00e4id","1379":"battle","1380":"m\u00e4\u00e4ral","1381":"koosk\u00f5las","1382":"oo","1383":"n\u00e4dalat","1384":"ainuke","1385":"kahte","1386":"vs","1387":"raamatus","1388":"kohas","1389":"v\u00f5tad","1390":"\u00f5ppinud","1391":"tundeid","1392":"jim","1393":"viha","1394":"n\u00e4itavad","1395":"laulu","1396":"poolel","1397":"m\u00f5ningaid","1398":"n\u00e4ita","1399":"istu","1400":"hing","1401":"n\u00e4evad","1402":"maksma","1403":"noa","1404":"teisest","1405":"keskel","1406":"mas","1407":"toimus","1408":"ajad","1409":"m\u00f5istad","1410":"but","1411":"tuntud","1412":"isiklikult","1413":"tuletis","1414":"\u00f6\u00f6","1415":"vektor","1416":"s\u00f5num","1417":"ohtu","1418":"artikkel","1419":"hakkan","1420":"kaitse","1421":"hoiab","1422":"ji","1423":"kutt","1424":"vabandan","1425":"saaksime","1426":"k\u00f5lab","1427":"arust","1428":"\u00fchendust","1429":"k\u00f5igist","1430":"valu","1431":"selgeks","1432":"eid","1433":"v\u00f5imatu","1434":"kiriku","1435":"please","1436":"lvl","1437":"rahul","1438":"maale","1439":"jumalast","1440":"up","1441":"v\u00e4rk","1442":"vajad","1443":"\u00f5petab","1444":"riik","1445":"hakkasin","1446":"liige","1447":"energia","1448":"tegime","1449":"aus","1450":"k\u00fclge","1451":"tegu","1452":"n\u00e4itan","1453":"linda","1454":"kahtlemata","1455":"leiab","1456":"kohvi","1457":"vii","1458":"t\u00f6\u00f6l","1459":"kirjutab","1460":"millele","1461":"laev","1462":"hoidke","1463":"t\u00e4ide","1464":"pm","1465":"loodetavasti","1466":"clark","1467":"kristlastele","1468":"backup","1469":"igatahes","1470":"allah","1471":"algas","1472":"j\u00e4rgmises","1473":"jutt","1474":"kurb","1475":"inimkonna","1476":"eri","1477":"n\u00e4ib","1478":"by","1479":"kar","1480":"h\u00e4vitada","1481":"par","1482":"tunneb","1483":"s\u00f5nul","1484":"v\u00e4ikese","1485":"v\u00f5imaluse","1486":"juhtunud","1487":"paljusid","1488":"teenima","1489":"p\u00e4he","1490":"aastatel","1491":"hispaania","1492":"\u00f6elge","1493":"k\u00e4inud","1494":"v\u00f5imu","1495":"liigub","1496":"vihkan","1497":"kellest","1498":"twitter","1499":"kellegagi","1500":"helistan","1501":"not","1502":"elust","1503":"r\u00e4\u00e4kisid","1504":"mehi","1505":"astmes","1506":"v\u00f5iksin","1507":"hota","1508":"olukorras","1509":"kel","1510":"edu","1511":"kasutas","1512":"riigi","1513":"v\u00f5ita","1514":"relv","1515":"helista","1516":"vastused","1517":"del","1518":"paremaks","1519":"n\u00e4gemist","1520":"kohutav","1521":"mooses","1522":"suudad","1523":"kombes","1524":"paika","1525":"tavaline","1526":"hiina","1527":"tehti","1528":"naisega","1529":"kaotanud","1530":"relvad","1531":"koer","1532":"teod","1533":"kasutavad","1534":"arst","1535":"proovi","1536":"informatsiooni","1537":"esiteks","1538":"mee","1539":"harry","1540":"don","1541":"suhted","1542":"lahke","1543":"kaotada","1544":"yoongi","1545":"h\u00fcvasti","1546":"imelik","1547":"bill","1548":"l\u00f5petada","1549":"t\u00f5en\u00e4osus","1550":"kirik","1551":"keele","1552":"k\u00e4e","1553":"m\u00f5nes","1554":"hakkavad","1555":"perekond","1556":"feel","1557":"kala","1558":"en","1559":"are","1560":"por","1561":"v\u00e4ikest","1562":"pr","1563":"relva","1564":"kolonel","1565":"m\u00e4ng","1566":"riided","1567":"k\u00fcsivad","1568":"taevast","1569":"vaimse","1570":"panin","1571":"kusagil","1572":"kutsuda","1573":"selgitab","1574":"s\u00f5nade","1575":"teele","1576":"s\u00f5ja","1577":"juhtida","1578":"semu","1579":"t\u00e4henda","1580":"kutid","1581":"keskmine","1582":"hoga","1583":"kurja","1584":"seni","1585":"k\u00f5ne","1586":"andsin","1587":"liiguta","1588":"s\u00fcsteemi","1589":"sab","1590":"luuka","1591":"kasuks","1592":"arvata","1593":"selliste","1594":"valge","1595":"\u00f5petuss\u00f5nad","1596":"alustame","1597":"pange","1598":"surra","1599":"kuulsid","1600":"kuulake","1601":"j\u00e4tnud","1602":"juudi","1603":"lord","1604":"allm\u00e4rkus","1605":"jumalalt","1606":"jajaja","1607":"teistest","1608":"soon","1609":"viin","1610":"looks","1611":"otsida","1612":"lasi","1613":"kraadi","1614":"t\u00fcdrukud","1615":"m\u00f6\u00f6dunud","1616":"ustav","1617":"hoolt","1618":"omega","1619":"endiselt","1620":"n\u00e4gema","1621":"first","1622":"punkti","1623":"v\u00f5tavad","1624":"neis","1625":"pidama","1626":"tulevik","1627":"t\u00e4nulik","1628":"kutsus","1629":"kuulub","1630":"sureb","1631":"raamatut","1632":"hakanud","1633":"naisi","1634":"p\u00fc\u00fca","1635":"vere","1636":"\u00f5igesti","1637":"\u00fcritan","1638":"kaasas","1639":"t\u00e4htsam","1640":"kasutame","1641":"parima","1642":"toonud","1643":"rumal","1644":"aastate","1645":"loodud","1646":"apostlite","1647":"nee","1648":"joonistan","1649":"ajas","1650":"viimasel","1651":"otsuse","1652":"kodust","1653":"vastavalt","1654":"mm","1655":"algab","1656":"ai","1657":"teistega","1658":"hogi","1659":"kaotas","1660":"oskad","1661":"suu","1662":"\u00f6eldud","1663":"millel","1664":"lasen","1665":"andsid","1666":"soome","1667":"ajab","1668":"t\u00e4itsa","1669":"lahkuda","1670":"tulevikus","1671":"\u00f5nneks","1672":"uurima","1673":"uh","1674":"kristlikud","1675":"esimesena","1676":"be","1677":"ajaleht","1678":"kristlik","1679":"seadus","1680":"iial","1681":"k\u00fcsimustele","1682":"l\u00fc\u00fca","1683":"ani","1684":"abielluda","1685":"lootus","1686":"ajalugu","1687":"paljudel","1688":"tuba","1689":"kutsu","1690":"j\u00e4rgmise","1691":"p\u00f5rgu","1692":"k\u00fcljest","1693":"paneme","1694":"kergesti","1695":"kella","1696":"v\u00f5isid","1697":"\u00fcksteise","1698":"s\u00f5nas","1699":"pakub","1700":"taaveti","1701":"leiame","1702":"m\u00f5tted","1703":"lahendada","1704":"leiad","1705":"m\u00f5nel","1706":"kristliku","1707":"t\u00e4ielik","1708":"min","1709":"hilja","1710":"arvate","1711":"baad","1712":"seista","1713":"otsustas","1714":"t\u00e4ita","1715":"puu","1716":"\u00e4ri","1717":"raisk","1718":"toon","1719":"aju","1720":"poega","1721":"ss","1722":"\u00fclesanne","1723":"onu","1724":"abielus","1725":"\u00fcheksa","1726":"riigis","1727":"h\u00e4\u00e4lt","1728":"vastupidi","1729":"kindral","1730":"autot","1731":"lol","1732":"\u00fcheks","1733":"juttu","1734":"teises","1735":"suudan","1736":"t\u00e4nap\u00e4eva","1737":"loll","1738":"s\u00fc\u00fc","1739":"teri","1740":"k\u00e4ivad","1741":"vanaema","1742":"eriline","1743":"infot","1744":"viimased","1745":"keel","1746":"omale","1747":"est","1748":"perekonna","1749":"vabaks","1750":"valida","1751":"tapa","1752":"\u00f5petas","1753":"uskumatu","1754":"we","1755":"vabalt","1756":"vea","1757":"selga","1758":"linnast","1759":"rahi","1760":"george","1761":"m\u00f5eldud","1762":"verd","1763":"otsus","1764":"surema","1765":"kohut","1766":"p\u00fc\u00fcab","1767":"r\u00e4\u00e4gitakse","1768":"abiks","1769":"k\u00fclm","1770":"pikka","1771":"k\u00fcsimusele","1772":"kujutada","1773":"heebrea","1774":"kasulik","1775":"aidake","1776":"vajalik","1777":"v\u00f5etud","1778":"tom","1779":"mures","1780":"l\u00e4\u00e4ne","1781":"free","1782":"p\u00e4evast","1783":"prantsuse","1784":"com","1785":"briti","1786":"v\u00f5idakse","1787":"j\u00f5ud","1788":"kristlane","1789":"pruugi","1790":"v\u00e4ikesed","1791":"otsi","1792":"t\u00f5id","1793":"panid","1794":"lastega","1795":"\u00f6\u00f6l","1796":"kaam","1797":"\u00f5hku","1798":"kuuleb","1799":"v\u00e4ljaspool","1800":"vastata","1801":"kaart","1802":"peetruse","1803":"saksa","1804":"teatas","1805":"jajajaja","1806":"langes","1807":"miljoni","1808":"eales","1809":"aina","1810":"nimetatakse","1811":"t\u00f5sta","1812":"t\u00f5useb","1813":"hukka","1814":"kinda","1815":"vaadates","1816":"paigal","1817":"l\u00e4heks","1818":"s\u00f5bra","1819":"maj","1820":"j\u00e4\u00e4vad","1821":"mais","1822":"otsustada","1823":"dil","1824":"selgitada","1825":"t\u00f5elise","1826":"teadsid","1827":"tunded","1828":"loomad","1829":"yo","1830":"prohvet","1831":"pime","1832":"soov","1833":"k\u00fclla","1834":"iisraellased","1835":"usuvad","1836":"vahest","1837":"m\u00f5istlik","1838":"viie","1839":"maarja","1840":"lootuse","1841":"kohtume","1842":"kogudusevanemad","1843":"patu","1844":"meelt","1845":"otsivad","1846":"paljudes","1847":"laseme","1848":"\u00f5petada","1849":"go","1850":"suurema","1851":"best","1852":"tekib","1853":"loo","1854":"jimmy","1855":"avatud","1856":"korralikult","1857":"antakse","1858":"kr","1859":"namjoon","1860":"h\u00e4rrased","1861":"oskan","1862":"s\u00f5nadega","1863":"kuningriik","1864":"uued","1865":"uudiseid","1866":"juhatust","1867":"vastab","1868":"laga","1869":"karta","1870":"telefoni","1871":"aitavad","1872":"otsas","1873":"omad","1874":"kuradit","1875":"karda","1876":"ootama","1877":"kiri","1878":"professor","1879":"lagi","1880":"k\u00e4sk","1881":"aegadel","1882":"usub","1883":"lu","1884":"juhtu","1885":"paigas","1886":"vanad","1887":"pandud","1888":"kellelgi","1889":"mujal","1890":"igast","1891":"hullu","1892":"imeline","1893":"soovite","1894":"tartu","1895":"j\u00e4relikult","1896":"k\u00fcsi","1897":"kasutades","1898":"j\u00e4tke","1899":"paremat","1900":"day","1901":"p\u00fc\u00fcavad","1902":"parandada","1903":"inimesele","1904":"sellises","1905":"\u00fclikooli","1906":"j\u00e4rgida","1907":"sarnaselt","1908":"t\u00f6\u00f6ta","1909":"ratas","1910":"leian","1911":"elasid","1912":"pattu","1913":"foto","1914":"olukorra","1915":"\u00f5igust","1916":"elame","1917":"esimesed","1918":"uhke","1919":"nendele","1920":"k\u00f5rge","1921":"seisma","1922":"jajajajaja","1923":"p\u00e4riselt","1924":"und","1925":"l\u00f5pus","1926":"halvasti","1927":"v\u00e4ltida","1928":"muljet","1929":"esmalt","1930":"majast","1931":"alustada","1932":"katoliku","1933":"saadab","1934":"saadud","1935":"tv","1936":"veendunud","1937":"v\u00e4sinud","1938":"side","1939":"uskuma","1940":"j\u00e4tsid","1941":"peas","1942":"kkkkk","1943":"kkkkkk","1944":"paremale","1945":"inglid","1946":"endine","1947":"valik","1948":"hoti","1949":"\u00e4\u00e4rmiselt","1950":"vali","1951":"eesm\u00e4rgi","1952":"meelega","1953":"j\u00f5udis","1954":"igavene","1955":"saadeti","1956":"mehele","1957":"kohus","1958":"minul","1959":"m\u00f5istan","1960":"kuulutada","1961":"v\u00f5idelda","1962":"kya","1963":"raskusi","1964":"millegi","1965":"asus","1966":"pildi","1967":"bob","1968":"v\u00f5tsin","1969":"daniel","1970":"hoolega","1971":"emme","1972":"peamiselt","1973":"sure","1974":"komand\u00f6r","1975":"n\u00e4dalal","1976":"per","1977":"pra","1978":"arvab","1979":"muutuda","1980":"robert","1981":"j\u00f5uame","1982":"oru","1983":"k\u00fcsimused","1984":"vendade","1985":"paari","1986":"kuum","1987":"pandi","1988":"jaldi","1989":"kuninganna","1990":"pikali","1991":"meeste","1992":"muutuvad","1993":"m\u00f5istab","1994":"uues","1995":"william","1996":"yaad","1997":"pidage","1998":"teeninud","1999":"vanem","2000":"\u00fchtki","2001":"juua","2002":"arvestades","2003":"sedasi","2004":"tagant","2005":"semoga","2006":"heebrealastele","2007":"vanematele","2008":"suures","2009":"that","2010":"lootust","2011":"il","2012":"saal","2013":"juuda","2014":"kukkus","2015":"tegude","2016":"esitada","2017":"jehoovaga","2018":"kuulen","2019":"enamus","2020":"aimugi","2021":"real","2022":"toas","2023":"joe","2024":"johannes","2025":"tamil","2026":"hakkad","2027":"vahepeal","2028":"otsib","2029":"lehek\u00fcljel","2030":"tulevikku","2031":"kah","2032":"proud","2033":"cinema","2034":"toimunud","2035":"use","2036":"k\u00e4isid","2037":"tasu","2038":"kasvab","2039":"m\u00f5jutada","2040":"thi","2041":"kasvas","2042":"aitama","2043":"kuningriigist","2044":"vi","2045":"h\u00e4da","2046":"agent","2047":"kavatse","2048":"miili","2049":"pas","2050":"huvita","2051":"halloo","2052":"johnny","2053":"suureks","2054":"t\u00f5sine","2055":"veri","2056":"s\u00f5nab","2057":"post","2058":"parimad","2059":"kannab","2060":"asjadega","2061":"veini","2062":"jam","2063":"muutis","2064":"\u00fcro","2065":"tuppa","2066":"tol","2067":"j\u00e4\u00e4n","2068":"kaotasin","2069":"\u00fclesande","2070":"pakkuda","2071":"bro","2072":"m\u00f5istma","2073":"m\u00f5ningad","2074":"\u00f5iget","2075":"punkt","2076":"ookeani","2077":"tappis","2078":"hulluks","2079":"igavese","2080":"aafrika","2081":"frank","2082":"t\u00f5elist","2083":"kutsuti","2084":"palve","2085":"pidu","2086":"otsustanud","2087":"surevad","2088":"kilomeetri","2089":"funktsioon","2090":"organisatsiooni","2091":"justkui","2092":"kkkkkkk","2093":"rahvale","2094":"seisab","2095":"avaldada","2096":"osaks","2097":"p\u00e4\u00e4seda","2098":"ettevaatlik","2099":"tehes","2100":"arvas","2101":"\u00e4\u00e4res","2102":"tund","2103":"osaleda","2104":"tegusid","2105":"pingutusi","2106":"kuulge","2107":"cute","2108":"k\u00f5va","2109":"usaldada","2110":"otsuseid","2111":"maades","2112":"s\u00fcdames","2113":"vaeva","2114":"p\u00e4ike","2115":"temalt","2116":"teiseks","2117":"tapan","2118":"kuulutas","2119":"\u00f5nn","2120":"juudid","2121":"peast","2122":"korraga","2123":"s\u00fcndinud","2124":"tahaksid","2125":"endaga","2126":"paremal","2127":"hoidma","2128":"otsin","2129":"k\u00e4skis","2130":"inimestest","2131":"s\u00e4ilitada","2132":"sealhulgas","2133":"kiirus","2134":"leidma","2135":"tallinn","2136":"valitud","2137":"seks","2138":"v\u00e4iksem","2139":"sammu","2140":"kuulutust\u00f6\u00f6","2141":"lahkuma","2142":"nimed","2143":"ainda","2144":"k\u00e4igus","2145":"eelmisel","2146":"tekkis","2147":"lahendus","2148":"zindagi","2149":"valus","2150":"tem","2151":"eemal","2152":"kristlaste","2153":"saavutada","2154":"j\u00e4\u00e4d","2155":"p\u00fcsi","2156":"m\u00f6\u00f6das","2157":"omaks","2158":"lugesin","2159":"ves","2160":"s\u00fcdamesse","2161":"times","2162":"ilmselgelt","2163":"sellisel","2164":"maine","2165":"ajada","2166":"suuri","2167":"eeva","2168":"anname","2169":"panema","2170":"baar","2171":"uudis","2172":"jagu","2173":"helistada","2174":"maakera","2175":"will","2176":"meenutab","2177":"p\u00e4ikese","2178":"mehega","2179":"juhib","2180":"jake","2181":"vihane","2182":"elektroni","2183":"j\u00e4rsku","2184":"suudame","2185":"avalikult","2186":"aidanud","2187":"teisiti","2188":"naisele","2189":"aastas","2190":"tweets","2191":"ini","2192":"info","2193":"kate","2194":"kooda","2195":"tunnistust","2196":"ida","2197":"proovin","2198":"\u00f5nnestus","2199":"s\u00f6\u00f6","2200":"saabub","2201":"peeti","2202":"pask","2203":"peaminister","2204":"vangi","2205":"venda","2206":"normaalne","2207":"\u00f5nnetus","2208":"naa","2209":"loota","2210":"aset","2211":"tunnistajaid","2212":"leiavad","2213":"m\u00f5tet","2214":"liigume","2215":"from","2216":"kaela","2217":"alice","2218":"aeglaselt","2219":"leiti","2220":"haha","2221":"proovime","2222":"arvamus","2223":"saaksite","2224":"tapab","2225":"artikli","2226":"lood","2227":"lugenud","2228":"keep","2229":"summa","2230":"jalad","2231":"puudutab","2232":"meeskond","2233":"iseennast","2234":"kohli","2235":"ootame","2236":"\u00f5igel","2237":"meeldivad","2238":"meeldiv","2239":"hoolikalt","2240":"tuhandeid","2241":"asjadest","2242":"valgus","2243":"nimelt","2244":"k\u00fcsimuse","2245":"film","2246":"kuuluvad","2247":"tekitab","2248":"teksti","2249":"martin","2250":"ted","2251":"soovis","2252":"selja","2253":"teene","2254":"tooma","2255":"max","2256":"hoian","2257":"tuleme","2258":"ii","2259":"avaldas","2260":"ray","2261":"k\u00e4tt","2262":"p\u00fchendunud","2263":"korraks","2264":"emale","2265":"niisama","2266":"khud","2267":"magada","2268":"rikkuda","2269":"tegevust","2270":"issi","2271":"unustada","2272":"s\u00f5ita","2273":"night","2274":"nina","2275":"kontrollida","2276":"idioot","2277":"billy","2278":"l\u00e4hemalt","2279":"esitas","2280":"p\u00f5geneda","2281":"aitan","2282":"ra","2283":"muret","2284":"energiat","2285":"hind","2286":"inspireeritud","2287":"re","2288":"suhe","2289":"leitnant","2290":"kiirusta","2291":"isaga","2292":"aadam","2293":"\u00f5ed","2294":"kirjuta","2295":"k\u00e4ega","2296":"t\u00f5otatud","2297":"plus","2298":"uurimine","2299":"r\u00e4\u00e4kides","2300":"ben","2301":"sisaldab","2302":"sinult","2303":"minagi","2304":"m\u00f5tleme","2305":"j\u00f5u","2306":"h\u00f5ivatud","2307":"algusest","2308":"v\u00f5idu","2309":"m\u00f5ningate","2310":"hulga","2311":"toetab","2312":"paradiisis","2313":"vastust","2314":"kuradima","2315":"raees","2316":"viitab","2317":"valikut","2318":"vilja","2319":"plaani","2320":"saamiseks","2321":"tervist","2322":"out","2323":"test","2324":"tegutsema","2325":"vektori","2326":"kogudust","2327":"ilmneb","2328":"iiob","2329":"enna","2330":"saalomon","2331":"noorte","2332":"liigu","2333":"york","2334":"teenijad","2335":"s\u00f5ida","2336":"kandis","2337":"natukene","2338":"world","2339":"maas","2340":"\u00f5iglane","2341":"t\u00f5mba","2342":"con","2343":"tapma","2344":"tulemas","2345":"l\u00e4heneb","2346":"din","2347":"lubas","2348":"otsime","2349":"t\u00f6\u00f6s","2350":"puudu","2351":"armastas","2352":"full","2353":"s\u00f5ltub","2354":"t\u00f6\u00f6tada","2355":"tapsid","2356":"t\u00fcdruku","2357":"hiljaks","2358":"tarkus","2359":"l\u00f5puni","2360":"keset","2361":"prantsusmaa","2362":"rolli","2363":"tapeti","2364":"dj","2365":"lasknud","2366":"kasvatada","2367":"k\u00f5ikide","2368":"harub\u00fcroo","2369":"uudised","2370":"peetakse","2371":"pika","2372":"tommy","2373":"meetrit","2374":"noori","2375":"vaatab","2376":"valgust","2377":"lubada","2378":"tarkust","2379":"louis","2380":"tunnete","2381":"l\u00f5petage","2382":"song","2383":"armastavad","2384":"segane","2385":"mehhiko","2386":"tohin","2387":"hullem","2388":"j\u00e4\u00e4ma","2389":"luua","2390":"dale","2391":"lahkus","2392":"korrutada","2393":"p\u00fcsida","2394":"bi","2395":"ristiti","2396":"p\u00fc\u00fcan","2397":"libu","2398":"\u00f5ppima","2399":"li","2400":"jehoovalt","2401":"jobu","2402":"rikas","2403":"minister","2404":"lubatud","2405":"annad","2406":"l\u00f5ppu","2407":"sitapea","2408":"pilte","2409":"dave","2410":"tunnistajatega","2411":"positiivne","2412":"j\u00e4tkata","2413":"paista","2414":"toit","2415":"t\u00f5use","2416":"korduvalt","2417":"joo","2418":"jookse","2419":"tuleviku","2420":"kingitus","2421":"kuulus","2422":"l\u00f6\u00f6","2423":"viimati","2424":"v\u00f5rdle","2425":"madrid","2426":"t\u00fctart","2427":"kirju","2428":"tapi","2429":"kirjeldab","2430":"vaatasin","2431":"hinnata","2432":"j\u00e4\u00e4me","2433":"isiklik","2434":"roomlastele","2435":"hirmu","2436":"laiali","2437":"teenivad","2438":"allm\u00e4rkused","2439":"valla","2440":"maksab","2441":"pehle","2442":"suuremat","2443":"saksamaa","2444":"aameen","2445":"k\u00e4isin","2446":"kkkkkkkk","2447":"k\u00fcllalt","2448":"v\u00f5imalusi","2449":"suletud","2450":"erilist","2451":"terveks","2452":"kuulama","2453":"hoiduda","2454":"j\u00e4in","2455":"chris","2456":"toovad","2457":"ohvreid","2458":"t\u00f5endeid","2459":"julgelt","2460":"rakendada","2461":"segi","2462":"v\u00f5imas","2463":"ingel","2464":"endalt","2465":"paluda","2466":"lahkub","2467":"saite","2468":"s\u00fcsteem","2469":"pro","2470":"s\u00fcgavalt","2471":"viimaks","2472":"k\u00f5igis","2473":"n\u00e4gime","2474":"v\u00e4\u00e4rtus","2475":"pikkus","2476":"sid","2477":"silmi","2478":"n\u00e4ide","2479":"tahet","2480":"kaitstud","2481":"kuue","2482":"king","2483":"taeva","2484":"s\u00fcdamega","2485":"paul","2486":"lapsevanemad","2487":"filmi","2488":"kasutatakse","2489":"paned","2490":"pisarad","2491":"kita","2492":"start","2493":"kirjutasin","2494":"leitud","2495":"t\u00fchja","2496":"laseb","2497":"bruce","2498":"v\u00f5imeline","2499":"piibliuurimist","2500":"viisid","2501":"kinnitab","2502":"leidsime","2503":"vote","2504":"sobi","2505":"taevase","2506":"sitta","2507":"usalda","2508":"kyle","2509":"t\u0151esti","2510":"k\u00e4ituda","2511":"pidime","2512":"miljonid","2513":"n\u00e4kku","2514":"mainitud","2515":"jaise","2516":"vannun","2517":"avada","2518":"terviseks","2519":"muide","2520":"hetke","2521":"igale","2522":"haiglasse","2523":"have","2524":"vaimset","2525":"dollari","2526":"tulemus","2527":"mei","2528":"\u00f5petust","2529":"ruutjuur","2530":"dost","2531":"meetri","2532":"\u00fcritab","2533":"hooli","2534":"meeldiks","2535":"meeldinud","2536":"j\u00e4tab","2537":"ootan","2538":"j\u00e4rgmist","2539":"tunnistada","2540":"release","2541":"eelija","2542":"ti","2543":"p\u00f6\u00f6rata","2544":"mark","2545":"vaikselt","2546":"p\u00f5hjal","2547":"hum","2548":"lubasin","2549":"agar","2550":"templi","2551":"tasub","2552":"julgust","2553":"tava","2554":"hu","2555":"v\u00e4rvi","2556":"vasta","2557":"purjus","2558":"\u00fchendriikide","2559":"vasakule","2560":"inimesel","2561":"toome","2562":"vasakul","2563":"elule","2564":"suhteid","2565":"kinnitas","2566":"arsti","2567":"vendi","2568":"keera","2569":"m\u00e4rk","2570":"isale","2571":"viimast","2572":"t\u00e4htsust","2573":"k\u00f5net","2574":"jadi","2575":"tegite","2576":"niiet","2577":"ettevaatust","2578":"\u00fcksinda","2579":"juurest","2580":"armee","2581":"pidasid","2582":"morning","2583":"kiirelt","2584":"teeksid","2585":"seadust","2586":"yg","2587":"\u00fclesannet","2588":"t\u00f5elised","2589":"jeremija","2590":"san","2591":"vesinik","2592":"punane","2593":"l\u00e4hemale","2594":"lambad","2595":"looma","2596":"kana","2597":"joonistada","2598":"joosep","2599":"yeh","2600":"s\u00f5pru","2601":"lasid","2602":"jones","2603":"puudub","2604":"kasutanud","2605":"t\u00f6\u00f6tas","2606":"\u00fcritad","2607":"t\u00fchi","2608":"neiu","2609":"v\u00f5ttes","2610":"lehek\u00fclg","2611":"kaunis","2612":"litapoeg","2613":"ele","2614":"t\u00e4nud","2615":"kaitseb","2616":"l\u00f5petanud","2617":"k\u00fcsima","2618":"alustas","2619":"asjaga","2620":"k\u00fcsin","2621":"lausus","2622":"happy","2623":"\u00fckskord","2624":"teistes","2625":"ravi","2626":"igaveseks","2627":"saalomoni","2628":"m\u00e4\u00e4rati","2629":"lepingu","2630":"ustavad","2631":"kutsun","2632":"j\u00e4tkas","2633":"noortele","2634":"tha","2635":"timoteosele","2636":"ennem","2637":"plaanid","2638":"kujuta","2639":"r\u00e4\u00e4gite","2640":"para","2641":"v\u00e4gev","2642":"koost\u00f6\u00f6d","2643":"saadan","2644":"hoon","2645":"mera","2646":"kulub","2647":"mingid","2648":"raamatust","2649":"j\u00f5udsid","2650":"arusaadav","2651":"ilmutuse","2652":"parimat","2653":"kkkk","2654":"n\u00e4ite","2655":"mass","2656":"v\u00f5rra","2657":"lennata","2658":"sorry","2659":"aaa","2660":"tahes","2661":"omal","2662":"r\u00f5\u00f5mus","2663":"miljoneid","2664":"uute","2665":"hulgast","2666":"tohutu","2667":"leo","2668":"t\u00f5usis","2669":"kujutab","2670":"dia","2671":"food","2672":"come","2673":"v\u00f5eti","2674":"riiki","2675":"v\u00e4itis","2676":"laa","2677":"lubab","2678":"mulje","2679":"how","2680":"kon","2681":"t\u00f5lkis","2682":"lugejate","2683":"kuju","2684":"huvitab","2685":"jooksis","2686":"armastanud","2687":"muudab","2688":"same","2689":"silmitsi","2690":"muuda","2691":"h\u00e4bi","2692":"langenud","2693":"emaga","2694":"eelmises","2695":"meu","2696":"otsid","2697":"rindu","2698":"musta","2699":"vajaduste","2700":"h\u00e4\u00e4l","2701":"metsa","2702":"jehooval","2703":"hukkus","2704":"n\u00e4hes","2705":"tasa","2706":"v\u0151ta","2707":"peter","2708":"jaga","2709":"kogudus","2710":"omadused","2711":"kogenud","2712":"itaalia","2713":"astmel","2714":"istuda","2715":"v\u00f5imalikult","2716":"suhu","2717":"aadama","2718":"tervise","2719":"\u00fcllatunud","2720":"isik","2721":"kindla","2722":"mitmeid","2723":"n\u00f5uannet","2724":"nimeks","2725":"man","2726":"viisi","2727":"po","2728":"p\u00f5hjustab","2729":"mary","2730":"telefon","2731":"ap","2732":"stop","2733":"fakt","2734":"annaks","2735":"ilmub","2736":"sooviksin","2737":"\u00e4rka","2738":"\u00fclimalt","2739":"hoone","2740":"vot","2741":"school","2742":"still","2743":"l\u00f5pu","2744":"\u00e4kitselt","2745":"ees\u00f5igus","2746":"p\u00e4evad","2747":"tho","2748":"kuri","2749":"iialgi","2750":"sea","2751":"kohtunud","2752":"kohtuma","2753":"your","2754":"p\u00e4evas","2755":"edaspidi","2756":"bilkul","2757":"teenija","2758":"uude","2759":"pooled","2760":"jai","2761":"maailmast","2762":"surmaga","2763":"arvuti","2764":"ba","2765":"m\u00f5tles","2766":"j\u00f5ule","2767":"j\u00e4tkab","2768":"j\u00e4tan","2769":"sada","2770":"m\u00f5tte","2771":"liigutage","2772":"ve","2773":"saatnud","2774":"probleemid","2775":"\u00f5nnelikud","2776":"oligi","2777":"juhtum","2778":"juuksed","2779":"elad","2780":"m\u00e4lu","2781":"juhtudel","2782":"j\u00e4rgmised","2783":"liikmed","2784":"lennuk","2785":"pi","2786":"gol","2787":"preester","2788":"tuttav","2789":"m\u00e4nginud","2790":"venemaa","2791":"j\u00e4reldada","2792":"erinevalt","2793":"unustasin","2794":"uma","2795":"t\u00f6\u00f6tama","2796":"sattunud","2797":"alusel","2798":"usus","2799":"\u00f5igeks","2800":"minut","2801":"maalt","2802":"episode","2803":"sarnane","2804":"egiptuse","2805":"hahaha","2806":"inimesega","2807":"live","2808":"aastaks","2809":"viirus","2810":"jutustab","2811":"pidades","2812":"euroopas","2813":"nd","2814":"sarah","2815":"perekonda","2816":"maastricht","2817":"\u00f5htust","2818":"helistas","2819":"loodame","2820":"\u00fclal","2821":"aik","2822":"les","2823":"life","2824":"vanglas","2825":"kaitseks","2826":"vajadus","2827":"keelatud","2828":"photo","2829":"omakorda","2830":"sinul","2831":"steve","2832":"aitaks","2833":"tekitada","2834":"teenib","2835":"austust","2836":"p\u00f5hjuseks","2837":"teemal","2838":"kavatsen","2839":"teistmoodi","2840":"iisraelis","2841":"teistsugune","2842":"vaene","2843":"baby","2844":"oskab","2845":"raamatud","2846":"more","2847":"p\u00fc\u00fcdis","2848":"bhai","2849":"h\u00f5lmab","2850":"usud","2851":"pattude","2852":"kisi","2853":"programmi","2854":"kasvanud","2855":"korintlastele","2856":"toodi","2857":"aadressil","2858":"lisada","2859":"aamiin","2860":"haiglas","2861":"daamid","2862":"tab","2863":"j\u00f5udma","2864":"\u00f5ieti","2865":"karna","2866":"s\u00e4rk","2867":"yi","2868":"v\u00f5rrandi","2869":"ehitada","2870":"ava","2871":"veeta","2872":"visata","2873":"kuul","2874":"p\u00f6\u00f6rduda","2875":"pannakse","2876":"s\u00fc\u00fctu","2877":"naistele","2878":"get","2879":"\u00e4rgu","2880":"v\u00f5lgu","2881":"kam","2882":"levinud","2883":"kihla","2884":"muudkui","2885":"joon","2886":"hirm","2887":"m\u00e4rgib","2888":"armastame","2889":"arvasid","2890":"alan","2891":"piirkonnas","2892":"suhtumist","2893":"soovitan","2894":"kohtunik","2895":"lugema","2896":"voodis","2897":"lisa","2898":"segadusse","2899":"viska","2900":"siinus","2901":"vaevalt","2902":"ilmus","2903":"valguse","2904":"kandma","2905":"korrap\u00e4raselt","2906":"erinevad","2907":"p\u00f5him\u00f5tteliselt","2908":"niiviisi","2909":"salaja","2910":"hitler","2911":"autos","2912":"gai","2913":"algul","2914":"v\u00f5ti","2915":"lahkunud","2916":"n\u00e4idanud","2917":"vastupanu","2918":"lased","2919":"s\u00f6\u00f6ma","2920":"line","2921":"toimib","2922":"juhataja","2923":"omadusi","2924":"kalliks","2925":"vamos","2926":"niipea","2927":"valmistada","2928":"seina","2929":"minevikus","2930":"k\u00e4ske","2931":"m\u00f5tteviisi","2932":"helen","2933":"v\u0151ib","2934":"pilti","2935":"v\u00f5rreldes","2936":"t\u00e4di","2937":"brian","2938":"seisis","2939":"seatud","2940":"arvesse","2941":"m\u00f5istis","2942":"v\u00f5rrelda","2943":"raadio","2944":"aitasid","2945":"logo","2946":"\u00fctlete","2947":"sedasama","2948":"k\u00f5igele","2949":"mo","2950":"k\u00f5iges","2951":"panevad","2952":"kohtu","2953":"vanaisa","2954":"piiri","2955":"j\u00f5udsime","2956":"alkoholi","2957":"autost","2958":"igav","2959":"minule","2960":"tegelt","2961":"viima","2962":"kergelt","2963":"uurimise","2964":"omaette","2965":"aastad","2966":"p\u00f5him\u00f5te","2967":"vaatleme","2968":"super","2969":"kohtus","2970":"relvi","2971":"vaatad","2972":"eas","2973":"meeleldi","2974":"p\u00e4ralt","2975":"j\u00f5ua","2976":"neo","2977":"j\u00e4lgi","2978":"kilomeetrit","2979":"street","2980":"leidub","2981":"enese","2982":"teenistust","2983":"nimetada","2984":"esse","2985":"p\u00f5hiliselt","2986":"maksa","2987":"uurija","2988":"\u00f5nnistusi","2989":"telugu","2990":"t\u00e4naval","2991":"aabrahami","2992":"vahitorn","2993":"halva","2994":"l\u00e4hedased","2995":"loom","2996":"ainu\u00fcksi","2997":"teadmata","2998":"kuulutust\u00f6\u00f6d","2999":"eelmine","3000":"tulemused","3001":"armastav","3002":"puud","3003":"with","3004":"laup\u00e4eval","3005":"peaksite","3006":"t\u00f5estada","3007":"ootavad","3008":"pakistan","3009":"t\u00e4pseid","3010":"chala","3011":"kasutati","3012":"asemele","3013":"ligikaudu","3014":"naiseks","3015":"samad","3016":"kutsuma","3017":"ristida","3018":"girl","3019":"lihtsam","3020":"vaadanud","3021":"toetada","3022":"m\u00f5lemal","3023":"noon","3024":"ajama","3025":"\u00fctleks","3026":"kaotasid","3027":"kristlikku","3028":"julge","3029":"liiguvad","3030":"sajandeid","3031":"\u00f5iglust","3032":"kallale","3033":"\u00fchendriikides","3034":"elanikud","3035":"s\u00f5jas","3036":"ohus","3037":"aabraham","3038":"t\u00e4nulikud","3039":"toidu","3040":"artiklit","3041":"j\u00f5e","3042":"p\u00fc\u00fcame","3043":"alguse","3044":"liikuda","3045":"interneti","3046":"n\u00e4eks","3047":"ante","3048":"sadu","3049":"suurest","3050":"s\u00fcsinik","3051":"liikuma","3052":"meeda","3053":"tapavad","3054":"teelt","3055":"roll","3056":"arendada","3057":"rahulik","3058":"\u00f6eldi","3059":"eluviisi","3060":"ennustas","3061":"l\u00f6\u00f6b","3062":"nimetas","3063":"gregor","3064":"kaugemale","3065":"r\u00fcnnaku","3066":"uskunud","3067":"eelk\u00f5ige","3068":"j\u00f5uluvana","3069":"j\u00e4tsin","3070":"aise","3071":"rida","3072":"katki","3073":"sinine","3074":"err","3075":"valitseb","3076":"s\u00fcnnib","3077":"jumalal","3078":"ekre","3079":"sb","3080":"saladus","3081":"koguaeg","3082":"nali","3083":"nehi","3084":"t\u00e4hendus","3085":"bussi","3086":"call","3087":"eric","3088":"k\u00e4itumine","3089":"kim","3090":"k\u00e4itumist","3091":"guys","3092":"apni","3093":"missugune","3094":"ootad","3095":"kogeda","3096":"tony","3097":"meeru","3098":"t\u00e4hendas","3099":"t\u00e4idab","3100":"soovivad","3101":"null","3102":"von","3103":"markuse","3104":"j\u00f5ulud","3105":"stopp","3106":"valitsema","3107":"seletada","3108":"taevane","3109":"vaatas","3110":"bas","3111":"autod","3112":"\u00fcllatus","3113":"inka","3114":"tooge","3115":"minus","3116":"valis","3117":"kkk","3118":"j\u00f5udsin","3119":"j\u00e4rgmiseks","3120":"v\u00f5imaldab","3121":"selgitas","3122":"\u00f5e","3123":"rahvad","3124":"km","3125":"rahe","3126":"valmistab","3127":"tagaj\u00e4rjel","3128":"modi","3129":"minult","3130":"astuda","3131":"log","3132":"paks","3133":"puhtaks","3134":"tulite","3135":"l\u00f5petas","3136":"juhtuma","3137":"k\u00fcsib","3138":"kaitset","3139":"elav","3140":"lee","3141":"olegi","3142":"aata","3143":"videot","3144":"londoni","3145":"sinule","3146":"vigu","3147":"sinus","3148":"paps","3149":"veider","3150":"m\u00e4ngi","3151":"loogiline","3152":"oodanud","3153":"ig","3154":"endid","3155":"otsekohe","3156":"l\u00f5petan","3157":"vaimses","3158":"s\u00fcndmused","3159":"lava","3160":"t\u00f5tt","3161":"kallal","3162":"otsast","3163":"s\u00fcgav","3164":"vaimne","3165":"alal","3166":"vaadelgem","3167":"tulemuseks","3168":"city","3169":"h\u00e4vitab","3170":"armunud","3171":"vihkab","3172":"today","3173":"olukorrast","3174":"kasutan","3175":"riideid","3176":"alus","3177":"k\u0151ige","3178":"loodu","3179":"mujhe","3180":"tuju","3181":"juhuks","3182":"arvu","3183":"haigus","3184":"jata","3185":"feeling","3186":"hallo","3187":"vennas","3188":"v\u00e4ikse","3189":"l\u00fchike","3190":"kuningate","3191":"m\u00e4rganud","3192":"itni","3193":"minha","3194":"thomas","3195":"partner","3196":"muutnud","3197":"muutu","3198":"r\u00f5\u00f5muga","3199":"vanaks","3200":"tegutseda","3201":"juhid","3202":"istus","3203":"omaenda","3204":"vahe","3205":"pata","3206":"saatsid","3207":"laskma","3208":"s\u00f5pradega","3209":"k\u00e4sib","3210":"eeskujuks","3211":"seis","3212":"chelsea","3213":"osariigis","3214":"n\u00f5ukogude","3215":"ettevaatlikult","3216":"pakuvad","3217":"p\u00f6\u00f6rdus","3218":"look","3219":"grupp","3220":"sedav\u00f5rd","3221":"beautiful","3222":"nenu","3223":"lubanud","3224":"armastatud","3225":"pomm","3226":"fake","3227":"igat","3228":"tum","3229":"piiratud","3230":"joone","3231":"henry","3232":"trend","3233":"maatriksi","3234":"siiamaani","3235":"t\u00e4iskasvanud","3236":"s\u00f5nast","3237":"millestki","3238":"miljardit","3239":"andmed","3240":"enamat","3241":"wali","3242":"peatselt","3243":"v\u00e4ljav\u00f5te","3244":"google","3245":"veenendaal","3246":"enamasti","3247":"soovime","3248":"kutsume","3249":"meet","3250":"p\u00fc\u00fcdsin","3251":"p\u00f6\u00f6ra","3252":"tunnistajatele","3253":"tolle","3254":"september","3255":"meilt","3256":"igatsen","3257":"kuningaks","3258":"pagana","3259":"sobiv","3260":"kuningriiki","3261":"pic","3262":"iiobi","3263":"j\u00e4tad","3264":"kolida","3265":"\u00e4rkvel","3266":"p\u00f5nev","3267":"raamatuid","3268":"oleksime","3269":"aastaga","3270":"nuga","3271":"autoga","3272":"parema","3273":"h\u00e4mmastav","3274":"simon","3275":"vahetada","3276":"sin","3277":"ilm","3278":"p\u00fc\u00fcda","3279":"tingimata","3280":"nt","3281":"korea","3282":"t\u00e4hed","3283":"\u00f5nnestub","3284":"j\u00e4tkuvalt","3285":"kohane","3286":"sitt","3287":"ustavaks","3288":"nak","3289":"im","3290":"t\u00e4natud","3291":"vihje","3292":"t\u00fchjaks","3293":"aapko","3294":"k\u00fcla","3295":"k\u00fclas","3296":"pakkus","3297":"p\u00e4evaks","3298":"t\u00fctre","3299":"kaupa","3300":"asjast","3301":"l\u00f5ppes","3302":"suurima","3303":"l\u00f5ppenud","3304":"neilt","3305":"heaolu","3306":"vaimuga","3307":"\u00fclesse","3308":"t\u00fcdrukut","3309":"vangis","3310":"lohutust","3311":"feat","3312":"universumi","3313":"tegevus","3314":"avaldab","3315":"p\u00e4\u00e4se","3316":"osaliselt","3317":"tegelen","3318":"viige","3319":"news","3320":"t\u00fc\u00fcpi","3321":"vacature","3322":"eesm\u00e4rgil","3323":"teenis","3324":"rootsi","3325":"most","3326":"nendel","3327":"movies","3328":"roosendaal","3329":"suudavad","3330":"t\u00e4itma","3331":"sunnitud","3332":"suvel","3333":"alustab","3334":"tuletise","3335":"punase","3336":"laua","3337":"armastad","3338":"armastada","3339":"otsige","3340":"samm","3341":"kama","3342":"\u00f5iguse","3343":"\u00fclesandeid","3344":"ehitatud","3345":"loomade","3346":"peaga","3347":"fuck","3348":"t\u00f5in","3349":"joosta","3350":"s\u00f5prade","3351":"vaikne","3352":"armastama","3353":"s\u00fcndis","3354":"kaotasime","3355":"hall","3356":"kata","3357":"vida","3358":"kat","3359":"k\u00fcsisin","3360":"say","3361":"t\u00f6\u00f6tanud","3362":"l\u00f5id","3363":"sattus","3364":"armu","3365":"l\u00e4hete","3366":"kal","3367":"l\u00e4hemal","3368":"puta","3369":"game","3370":"s\u00f5durid","3371":"s\u00f5idab","3372":"wo","3373":"music","3374":"varju","3375":"n\u00f5udis","3376":"viidi","3377":"nimetab","3378":"old","3379":"tp","3380":"kuuli","3381":"perega","3382":"tadi","3383":"pojad","3384":"p\u00f5leb","3385":"tou","3386":"juhtis","3387":"astuge","3388":"esitatud","3389":"valima","3390":"taevasse","3391":"charles","3392":"tundsid","3393":"masin","3394":"people","3395":"hoiame","3396":"m\u00f5tlevad","3397":"j\u00e4ljendada","3398":"teistel","3399":"saare","3400":"arstid","3401":"lisas","3402":"temasse","3403":"suht","3404":"hindi","3405":"j\u00e4llegi","3406":"istub","3407":"ajalt","3408":"\u00f5hk","3409":"linnud","3410":"peamine","3411":"white","3412":"suhtuda","3413":"vahi","3414":"viivad","3415":"p\u00e4\u00e4stis","3416":"kadus","3417":"selgus","3418":"eesm\u00e4rgist","3419":"missioon","3420":"viskas","3421":"t\u00f6\u00f6tan","3422":"firma","3423":"tapnud","3424":"siiralt","3425":"temal","3426":"v\u00e4idab","3427":"temas","3428":"j\u00e4\u00e4ks","3429":"hakati","3430":"top","3431":"teadlaste","3432":"koera","3433":"tunduda","3434":"inimkonnaga","3435":"tahte","3436":"yes","3437":"armasta","3438":"s\u00fcdametunnistus","3439":"hakkaks","3440":"hoo","3441":"tervis","3442":"kivid","3443":"cool","3444":"koti","3445":"tulime","3446":"kivi","3447":"hoiatab","3448":"ustavalt","3449":"kardad","3450":"v\u00f5im","3451":"erinevaid","3452":"tutvuda","3453":"depressiooni","3454":"inimkond","3455":"edward","3456":"tingitud","3457":"tuul","3458":"wanna","3459":"some","3460":"tunnistajat","3461":"august","3462":"surmast","3463":"v\u00f5it","3464":"voodisse","3465":"vaat","3466":"vastuse","3467":"suren","3468":"suhelda","3469":"enduku","3470":"support","3471":"talaga","3472":"j\u00f5uad","3473":"tegutseb","3474":"keskmiselt","3475":"bro\u0161\u00fc\u00fcri","3476":"j\u00e4tka","3477":"keskmise","3478":"vastutus","3479":"arutelu","3480":"tegudest","3481":"suhtuma","3482":"sinagi","3483":"j\u00e4tkub","3484":"bisa","3485":"tundu","3486":"endas","3487":"iisrael","3488":"uurime","3489":"suurte","3490":"iseendale","3491":"iseenesest","3492":"voodi","3493":"kada","3494":"yorgis","3495":"kaise","3496":"gonna","3497":"eluks","3498":"hirmus","3499":"taanieli","3500":"walter","3501":"tallinnas","3502":"du","3503":"vaenlase","3504":"hoolitseb","3505":"kavatseb","3506":"v\u00e4rdjas","3507":"ihu","3508":"son","3509":"suurep\u00e4raselt","3510":"fb","3511":"kl","3512":"pojale","3513":"m\u00f5istsid","3514":"m\u00f5istavad","3515":"make","3516":"lapsena","3517":"ootasin","3518":"m\u00e4rkis","3519":"lastel","3520":"m\u00e4ngid","3521":"lasti","3522":"m\u00e4letate","3523":"palveid","3524":"puhta","3525":"police","3526":"lisab","3527":"muul","3528":"mau","3529":"muudatusi","3530":"show","3531":"pealik","3532":"pero","3533":"m\u00f5istus","3534":"seast","3535":"season","3536":"olite","3537":"\u00f5iged","3538":"naer","3539":"ristitud","3540":"luges","3541":"lugemine","3542":"praeguse","3543":"nasa","3544":"omandad","3545":"niiv\u00f5rd","3546":"pass","3547":"religiooni","3548":"maast","3549":"\u00fclem","3550":"lahkelt","3551":"perset","3552":"reeglid","3553":"reegleid","3554":"m\u00f5lema","3555":"protsessi","3556":"ndate","3557":"muretsema","3558":"age","3559":"oleva","3560":"k\u00e4isime","3561":"leping","3562":"otseselt","3563":"k\u00e4hku","3564":"p\u00fc\u00fcdsid","3565":"\u00f5nnelikuks","3566":"paras","3567":"p\u00f5hjustada","3568":"plaane","3569":"n\u00e4o","3570":"p\u00e4\u00e4stab","3571":"kuulutama","3572":"p\u00f5genes","3573":"p\u00fchade","3574":"kuulutajad","3575":"aaaaaa","3576":"kutsunud","3577":"r\u00fchm","3578":"kunsti","3579":"meiegi","3580":"puudutavad","3581":"nimesid","3582":"puutu","3583":"mitmed","3584":"saatke","3585":"nimekirja","3586":"r\u00e4\u00e4kisime","3587":"mitme","3588":"siinsamas","3589":"ajakiri","3590":"pls","3591":"lekin","3592":"numbri","3593":"osutab","3594":"piltide","3595":"saatsin","3596":"nya","3597":"oktoober","3598":"oletame","3599":"karja","3600":"kasti","3601":"s\u00f5idame","3602":"kaetud","3603":"kardavad","3604":"kaksk\u00fcmmend","3605":"ohutu","3606":"v\u00f5idab","3607":"sajad","3608":"league","3609":"sarnast","3610":"n\u00e4ol","3611":"leedi","3612":"allikas","3613":"latest","3614":"ohvitser","3615":"n\u00f5uandeid","3616":"kanna","3617":"s\u00fcsinikku","3618":"armastusest","3619":"kai","3620":"endi","3621":"kannavad","3622":"s\u00f5nadest","3623":"arm","3624":"lasin","3625":"saatus","3626":"eelmise","3627":"satu","3628":"suitsu","3629":"v\u00e4rava","3630":"k\u00e4sku","3631":"suhteliselt","3632":"pelgalt","3633":"seisa","3634":"apne","3635":"apna","3636":"ametlik","3637":"direktor","3638":"seisukoht","3639":"varastas","3640":"story","3641":"seksi","3642":"kinnitavad","3643":"kirjandust","3644":"status","3645":"kirjutama","3646":"\u0151igus","3647":"vedas","3648":"kuulevad","3649":"klubi","3650":"sorti","3651":"peat\u00fckis","3652":"vees","3653":"veest","3654":"kogemus","3655":"vanemaid","3656":"os","3657":"valmistatud","3658":"kergem","3659":"kasutatud","3660":"kasvavad","3661":"alusta","3662":"katie","3663":"k\u00fcsimust","3664":"\u00fcrita","3665":"kau","3666":"alustasin","3667":"eesm\u00e4rki","3668":"k\u00fclje","3669":"aastase","3670":"omg","3671":"suuremad","3672":"sattuda","3673":"vajalikku","3674":"\u00fcritavad","3675":"kab","3676":"keelde","3677":"eedeni","3678":"k\u00f5rgus","3679":"keeruline","3680":"surmani","3681":"valguses","3682":"peres","3683":"ara","3684":"k\u00f5rbes","3685":"aq","3686":"seesama","3687":"seadnud","3688":"lendab","3689":"meestele","3690":"kaardi","3691":"mdp","3692":"imelisest","3693":"murtud","3694":"rahvaste","3695":"inglismaa","3696":"\u00fcldjuhul","3697":"tulevikust","3698":"temperatuur","3699":"haiguste","3700":"haiguse","3701":"tekstis","3702":"tekkida","3703":"mure","3704":"isaks","3705":"mana","3706":"tunnistab","3707":"rea","3708":"reaalselt","3709":"aegu","3710":"tunnistama","3711":"m\u00f5istuse","3712":"m\u00f5jutab","3713":"mainis","3714":"reedel","3715":"m\u00f5neks","3716":"madam","3717":"isal","3718":"tegeleda","3719":"avas","3720":"ilmutas","3721":"home","3722":"hoolitseda","3723":"hoiatas","3724":"tollal","3725":"p\u00f5hjusi","3726":"p\u00f5hjusel","3727":"autosse","3728":"his","3729":"millelegi","3730":"hindan","3731":"toetust","3732":"moodustavad","3733":"munad","3734":"\u00fchiskonna","3735":"p\u00fcksid","3736":"p\u00fc\u00fcdes","3737":"helme","3738":"p\u00fc\u00fcdnud","3739":"messias","3740":"\u00fchingu","3741":"\u00fching","3742":"avaliku","3743":"meheks","3744":"thanks","3745":"ajaloo","3746":"hapnik","3747":"wale","3748":"god","3749":"tegeleb","3750":"jaan","3751":"poolele","3752":"never","3753":"\u00f5petus","3754":"nga","3755":"juudas","3756":"loen","3757":"politseinik","3758":"eurot","3759":"juutide","3760":"unistus","3761":"kutti","3762":"update","3763":"julged","3764":"ur","3765":"ese","3766":"usaldust","3767":"saadavad","3768":"saadetud","3769":"eraldi","3770":"usust","3771":"yaar","3772":"kaadu","3773":"baru","3774":"kaamera","3775":"numbrid","3776":"saara","3777":"j\u00e4tkame","3778":"fi","3779":"alasti","3780":"\u00f5pilased","3781":"ae","3782":"teenistuse","3783":"gi","3784":"proovida","3785":"t\u00e4iega","3786":"l\u00fchidalt","3787":"jala","3788":"programm","3789":"richard","3790":"jane","3791":"l\u00f5petab","3792":"teagi","3793":"teadlik","3794":"teadlane","3795":"\u00f5ppisin","3796":"t\u00f5lgitud","3797":"jeruusalemmas","3798":"praegusel","3799":"jne","3800":"job","3801":"rit","3802":"v\u00f5itu","3803":"nautida","3804":"t\u00f6\u00f6ga","3805":"roheline","3806":"tapsin","3807":"t\u00fcdrukuid","3808":"uueks","3809":"soovitab","3810":"v\u00f5imalused","3811":"sisu","3812":"pak","3813":"kuradile","3814":"sooja","3815":"kogukonna","3816":"kuskile","3817":"part","3818":"paraku","3819":"book","3820":"kujul","3821":"kood","3822":"palusin","3823":"kohustus","3824":"palves","3825":"andes","3826":"can","3827":"sooviksid","3828":"an","3829":"kummardamise","3830":"soo","3831":"anni","3832":"kohad","3833":"kohanud","3834":"\u00e4ratatakse","3835":"kuskilt","3836":"kombel","3837":"viies","3838":"kukub","3839":"kristlasi","3840":"kohalike","3841":"korraldada","3842":"vesiniku","3843":"kool","3844":"palu","3845":"pariisi","3846":"cm","3847":"single","3848":"paljudele","3849":"v\u00e4rki","3850":"valitseda","3851":"seevastu","3852":"v\u00e4\u00e4rtuse","3853":"kerja","3854":"feliz","3855":"alanud","3856":"aaron","3857":"valitseja","3858":"samasugune","3859":"oht","3860":"maksan","3861":"juhtumi","3862":"org","3863":"off","3864":"seen","3865":"organisatsioon","3866":"tunnistajaks","3867":"kujutavad","3868":"lahkuvad","3869":"seest","3870":"malli","3871":"v\u00e4\u00e4rtust","3872":"mama","3873":"tulistada","3874":"piinlik","3875":"ajavad","3876":"kogus","3877":"apostlid","3878":"evangeeliumi","3879":"masjid","3880":"muutuma","3881":"lapsel","3882":"ross","3883":"roy","3884":"k\u00e4su","3885":"muudetud","3886":"bough","3887":"muutma","3888":"nem","3889":"door","3890":"haigla","3891":"tunneme","3892":"papa","3893":"ella","3894":"loobuda","3895":"tunde","3896":"kannatusi","3897":"katse","3898":"kannatlik","3899":"m\u00e4ngib","3900":"sult","3901":"osanud","3902":"puhata","3903":"kestab","3904":"osav","3905":"segaduses","3906":"juga","3907":"kari","3908":"ohvri","3909":"teenistus","3910":"kasutamine","3911":"t\u00e4ht","3912":"k\u00fcljes","3913":"teade","3914":"jagame","3915":"rikkaks","3916":"paska","3917":"religioon","3918":"rikkus","3919":"vajadust","3920":"ladina","3921":"sari","3922":"maatriks","3923":"proovisin","3924":"k\u00fcllap","3925":"teenisid","3926":"prantsusmaal","3927":"set","3928":"alustama","3929":"l\u00f5petasin","3930":"naam","3931":"kohti","3932":"katuse","3933":"vestelda","3934":"t\u00e4nada","3935":"anta","3936":"projekt","3937":"teemat","3938":"pettunud","3939":"naeruv\u00e4\u00e4rne","3940":"presidendi","3941":"nagunii","3942":"kasutu","3943":"t\u00f5endid","3944":"jason","3945":"ft","3946":"\u00fclemaailmne","3947":"kulla","3948":"k\u00f5rva","3949":"t\u00f5stab","3950":"koosolekul","3951":"lubage","3952":"isu","3953":"grace","3954":"survet","3955":"edukas","3956":"jooma","3957":"t\u00f5us","3958":"alandlikult","3959":"kuld","3960":"eddie","3961":"\u00fchendriigid","3962":"kohalikud","3963":"tehnoloogia","3964":"kontroll","3965":"valiku","3966":"karm","3967":"eee","3968":"vahetult","3969":"paneks","3970":"tegelema","3971":"luminiera","3972":"kavatsed","3973":"t\u00f5mbab","3974":"madal","3975":"regulaarselt","3976":"suurbritannia","3977":"tausta","3978":"t\u00f5mmake","3979":"reis","3980":"aegade","3981":"jis","3982":"m\u00f5nele","3983":"kartma","3984":"paikades","3985":"vabadus","3986":"m\u00e4e","3987":"tera","3988":"austraalia","3989":"korrutame","3990":"n\u00e4gemiseni","3991":"p\u00e4evi","3992":"trump","3993":"noormees","3994":"p\u00e4evade","3995":"pistmist","3996":"kahele","3997":"kahel","3998":"esimeses","3999":"mingis","4000":"amo","4001":"heade","4002":"saagi","4003":"esineb","4004":"j\u00fcngrid","4005":"koguduste","4006":"j\u00fcngrite","4007":"v\u00f5etakse","4008":"esitab","4009":"iga\u00fchele","4010":"tudo","4011":"p\u00f5rgut","4012":"tugevad","4013":"nikal","4014":"blue","4015":"amiga","4016":"uurinud","4017":"p\u00f5genema","4018":"erinevus","4019":"s\u00fcnnip\u00e4eva","4020":"otsustasin","4021":"kirjutasid","4022":"kuuluda","4023":"erinevat","4024":"p\u00fchaks","4025":"hunt","4026":"kisses","4027":"j\u00e4\u00e4ge","4028":"avab","4029":"kutse","4030":"r\u00e4\u00e4kige","4031":"traktaatide","4032":"usaldama","4033":"r\u00fchma","4034":"liikuge","4035":"otsustasid","4036":"p\u00fcsima","4037":"nojah","4038":"erinev","4039":"j\u00e4tma","4040":"saja","4041":"aimu","4042":"erilise","4043":"vaade","4044":"tohib","4045":"harjunud","4046":"raat","4047":"n\u00e4dalas","4048":"kan","4049":"kuti","4050":"p\u00f5lema","4051":"tag","4052":"tulemusi","4053":"nr","4054":"niikuinii","4055":"vendadega","4056":"saar","4057":"kolis","4058":"j\u00e4rgivad","4059":"take","4060":"kristuses","4061":"kristust","4062":"koguda","4063":"nutma","4064":"terrorist","4065":"kangelane","4066":"kraami","4067":"soovitas","4068":"beta","4069":"enesele","4070":"kohutavalt","4071":"ilusad","4072":"star","4073":"v\u00e4hesed","4074":"was","4075":"enti","4076":"ruumis","4077":"koda","4078":"veenda","4079":"tuhanded","4080":"puudust","4081":"lind","4082":"paas","4083":"th","4084":"v\u00e4lja\u00f5pet","4085":"endise","4086":"jao","4087":"t\u00f5mmata","4088":"enamiku","4089":"kolmanda","4090":"tast","4091":"viid","4092":"\u00fcpris","4093":"s\u00f5brale","4094":"sita","4095":"l\u00f5ksu","4096":"t\u00f5otused","4097":"j\u00fcngritele","4098":"v\u00e4ljaanne","4099":"tase","4100":"absoluutselt","4101":"lemmik","4102":"paljudest","4103":"l\u00e4hedale","4104":"tasandil","4105":"bad","4106":"sattusin","4107":"cheese","4108":"ligidal","4109":"tagada","4110":"saadik","4111":"t\u00f5end","4112":"jaye","4113":"noore","4114":"jehoovast","4115":"l\u00e4ti","4116":"let","4117":"j\u00f5uan","4118":"v\u00f5iksite","4119":"jep","4120":"sara","4121":"kasvu","4122":"kassi","4123":"\u00e4rme","4124":"levis","4125":"uuris","4126":"abikaasaga","4127":"nao","4128":"sisuliselt","4129":"vaikust","4130":"kahtluse","4131":"teadmised","4132":"v\u00f5mm","4133":"encyclopedia","4134":"ntr","4135":"laevad","4136":"olenemata","4137":"\u00f5nnistused","4138":"karl","4139":"piisa","4140":"elle","4141":"piisab","4142":"j\u00e4rgmisena","4143":"vabastada","4144":"jungkook","4145":"s\u00f6\u00f6vad","4146":"j\u00e4rgneb","4147":"unustanud","4148":"xist","4149":"pooja","4150":"action","4151":"julia","4152":"v\u00f5itis","4153":"loodavad","4154":"piima","4155":"\u00f5pi","4156":"t\u00fc\u00fcbid","4157":"vihma","4158":"pikalt","4159":"vabastas","4160":"neljas","4161":"roomas","4162":"armastusega","4163":"vabad","4164":"poliitika","4165":"vabadust","4166":"piirkond","4167":"lapsest","4168":"undi","4169":"arvanud","4170":"liye","4171":"aadmi","4172":"ruumala","4173":"loeb","4174":"arve","4175":"pakkumine","4176":"viitas","4177":"kumb","4178":"j\u00e4reldusele","4179":"jutustanud","4180":"\u00f5petused","4181":"estonia","4182":"niinimetatud","4183":"lapsele","4184":"jooksma","4185":"vaenlased","4186":"kalli","4187":"targad","4188":"nda","4189":"kontakti","4190":"karen","4191":"s\u00f5pra","4192":"ohvriks","4193":"oka","4194":"follow","4195":"joosua","4196":"arutada","4197":"s\u00f5itis","4198":"palume","4199":"sahi","4200":"liiki","4201":"vaevu","4202":"leader","4203":"n\u00e4ited","4204":"ol","4205":"pidasin","4206":"n\u00e4itasid","4207":"n\u00e4itleja","4208":"kallike","4209":"n\u00e4ljane","4210":"t\u00f6\u00f6taja","4211":"vaenlasi","4212":"romeo","4213":"juhtuks","4214":"n\u00e4rvis","4215":"j\u00e4tkake","4216":"laulud","4217":"sana","4218":"loonud","4219":"n\u00e4rvi","4220":"jube","4221":"lahkun","4222":"v\u00f5itlus","4223":"nimekiri","4224":"\u00f5igupoolest","4225":"lootsin","4226":"r\u00e4\u00e4kimine","4227":"s\u00fcgavat","4228":"juhatab","4229":"elan","4230":"palusid","4231":"poisi","4232":"eesm\u00e4rke","4233":"soe","4234":"masina","4235":"surid","4236":"seersant","4237":"kenad","4238":"toeks","4239":"reaalne","4240":"kirjutanud","4241":"delta","4242":"ise\u00e4ranis","4243":"v\u00f5tate","4244":"p\u00fchakiri","4245":"\u00fchegi","4246":"tunnis","4247":"maksis","4248":"v\u00e4rske","4249":"m\u00f5elge","4250":"kuulutaja","4251":"ps","4252":"iseenda","4253":"v\u00e4ikeste","4254":"peo","4255":"avage","4256":"siga","4257":"toetavad","4258":"reaktsioon","4259":"istet","4260":"surnuist","4261":"kehtib","4262":"m\u00f5jub","4263":"k\u00f5rgelt","4264":"moment","4265":"ak","4266":"tunnistas","4267":"tunnistajatest","4268":"west","4269":"isikut","4270":"ajalehe","4271":"astu","4272":"m\u00f5istnud","4273":"valimi","4274":"kelleks","4275":"signaali","4276":"ameen","4277":"mood","4278":"ameerikas","4279":"p\u00fchad","4280":"kordi","4281":"m\u00e4rke","4282":"tunduvalt","4283":"rasked","4284":"merel","4285":"territooriumil","4286":"v\u00e4idavad","4287":"dm","4288":"tuleta","4289":"tervet","4290":"pyaar","4291":"igati","4292":"tst","4293":"imelise","4294":"sugulased","4295":"vapper","4296":"paradiisi","4297":"korraldatud","4298":"vastaksid","4299":"igaviku","4300":"kingad","4301":"meenutada","4302":"tuleksid","4303":"korralik","4304":"meeldid","4305":"heita","4306":"sirf","4307":"kirikus","4308":"inglismaal","4309":"maria","4310":"p\u00e4\u00e4senud","4311":"air","4312":"m\u00e4ngima","4313":"kuulutamine","4314":"angela","4315":"mart","4316":"m\u00e4lestused","4317":"vastupidiselt","4318":"innukalt","4319":"tulista","4320":"sulane","4321":"hetkeks","4322":"aapke","4323":"trikk","4324":"matlab","4325":"kia","4326":"ajasid","4327":"aapka","4328":"sei","4329":"suhtub","4330":"helistama","4331":"red","4332":"connor","4333":"har","4334":"seada","4335":"jaapanis","4336":"eespool","4337":"selgub","4338":"sisaldavad","4339":"jakoobus","4340":"m\u00f6\u00f6dub","4341":"speaks","4342":"koosneb","4343":"vajas","4344":"version","4345":"v\u00e4ita","4346":"mitmel","4347":"t\u00e4name","4348":"tegelik","4349":"\u00f5hutab","4350":"party","4351":"ama","4352":"jacob","4353":"minutes","4354":"teenijate","4355":"kutsusid","4356":"eesm\u00e4rgiga","4357":"maailmas\u00f5ja","4358":"omanik","4359":"vittu","4360":"gileadi","4361":"minnes","4362":"tabas","4363":"veelkord","4364":"seljast","4365":"aias","4366":"miller","4367":"hoiavad","4368":"dan","4369":"tegemise","4370":"p\u00f5hineb","4371":"t\u00e4navatel","4372":"who","4373":"peata","4374":"hirmul","4375":"v\u00e4\u00e4rib","4376":"hingata","4377":"istuge","4378":"kkkkkkkkkk","4379":"suutis","4380":"gooooooooool","4381":"v\u00e4ljendada","4382":"gooooooool","4383":"edukalt","4384":"vaimsete","4385":"its","4386":"madu","4387":"v\u00e4iksed","4388":"tegevuse","4389":"perses","4390":"tegemiseks","4391":"sellelt","4392":"great","4393":"t\u00e4nase","4394":"jalg","4395":"naaber","4396":"teavet","4397":"verga","4398":"mister","4399":"h\u00fcppa","4400":"saarele","4401":"saamist","4402":"hoolib","4403":"h\u00fcljanud","4404":"j\u00e4rjekordne","4405":"tugevaks","4406":"ahvi","4407":"tonni","4408":"ser","4409":"helistab","4410":"nunca","4411":"mt","4412":"hommik","4413":"ajaga","4414":"nurga","4415":"korrus","4416":"hooaja","4417":"p\u00f5hjustel","4418":"numbrit","4419":"j\u00e4tame","4420":"liita","4421":"j\u00e4rve","4422":"aisa","4423":"hulgal","4424":"her","4425":"\u00fcksikasju","4426":"lihtsamaks","4427":"uskuge","4428":"p\u00f6\u00f6ras","4429":"sild","4430":"miljardi","4431":"kuningriigisaali","4432":"hindu","4433":"check","4434":"toru","4435":"hui","4436":"hinna","4437":"algust","4438":"lg","4439":"hinga","4440":"silm","4441":"arukas","4442":"planeedil","4443":"planeedi","4444":"torm","4445":"r\u00f5\u00f5mustada","4446":"ninja","4447":"hope","4448":"ennustused","4449":"p\u00e4ritolu","4450":"tagaj\u00e4rjed","4451":"kuningale","4452":"esikohale","4453":"kaa","4454":"p\u00f5hjustatud","4455":"viiruse","4456":"kuningriigisaalis","4457":"hoidis","4458":"michelle","4459":"r\u00f5hutab","4460":"sobival","4461":"p\u00fchib","4462":"hiinas","4463":"usaldan","4464":"mooli","4465":"j\u00fcngriteks","4466":"hoiatus","4467":"r\u00f5\u00f5msad","4468":"palunud","4469":"liikme","4470":"teatavaks","4471":"muistses","4472":"frodo","4473":"gold","4474":"t\u00f5mbas","4475":"reisi","4476":"tegemine","4477":"sittagi","4478":"ristiusumaailma","4479":"t\u00f5otanud","4480":"johni","4481":"lugedes","4482":"pqp","4483":"bahut","4484":"magab","4485":"luukas","4486":"tutvustada","4487":"t\u00f5stis","4488":"tas","4489":"protsess","4490":"istun","4491":"pq","4492":"reede","4493":"lubad","4494":"green","4495":"ade","4496":"what","4497":"kontoris","4498":"asalu","4499":"m\u00f5jutavad","4500":"tegurid","4501":"tarkuse","4502":"tegele","4503":"koosinus","4504":"l\u00f5peb","4505":"galerii","4506":"l\u00f5igata","4507":"prints","4508":"riidesse","4509":"asjas","4510":"aab","4511":"t\u00f5ele","4512":"teadus","4513":"m\u00f5\u00f5k","4514":"asjus","4515":"\u00fclemine","4516":"riikides","4517":"m\u00f5tleb","4518":"t\u00e4idetud","4519":"proovile","4520":"f\u00fc\u00fcsiline","4521":"funktsiooni","4522":"baaris","4523":"advokaat","4524":"maailmas\u00f5da","4525":"\u00f5ppisime","4526":"teades","4527":"t\u00f5lge","4528":"\u00f5ppisid","4529":"jagama","4530":"proovinud","4531":"rikub","4532":"l\u00fckka","4533":"avaneb","4534":"isiku","4535":"\u00f5pilaste","4536":"smith","4537":"muutsid","4538":"inimesest","4539":"loed","4540":"matt","4541":"teoksil","4542":"hakkasime","4543":"may","4544":"ajanud","4545":"juventus","4546":"ajan","4547":"takso","4548":"punda","4549":"templis","4550":"kombeks","4551":"j\u00e4ime","4552":"uni","4553":"alex","4554":"halvad","4555":"lis","4556":"v\u00f5imud","4557":"media","4558":"ilusti","4559":"ilusat","4560":"niisugune","4561":"v\u00e4heke","4562":"ilu","4563":"tuld","4564":"\u00f5petasid","4565":"juhatada","4566":"back","4567":"room","4568":"isiksus","4569":"t\u00f6\u00f6tavad","4570":"astuma","4571":"tapetud","4572":"t\u00fcdrukuga","4573":"juhtima","4574":"astun","4575":"tapad","4576":"celeste","4577":"loomulik","4578":"skynet","4579":"sleep","4580":"\u00fched","4581":"integraal","4582":"v\u00f5itlema","4583":"v\u00f5itleb","4584":"tantsida","4585":"\u00e4ratas","4586":"tunneks","4587":"julgustust","4588":"v\u00f5tmed","4589":"mar","4590":"poodi","4591":"iru","4592":"m\u00e4ngus","4593":"v\u00f5tsime","4594":"\u00f5petuste","4595":"xd","4596":"m\u00f5eldes","4597":"lmao","4598":"mist\u00f5ttu","4599":"valetaja","4600":"\u00fctlesite","4601":"vangid","4602":"vaimus","4603":"omadega","4604":"lausub","4605":"veab","4606":"ametisse","4607":"vedada","4608":"kaugelt","4609":"kuulutust\u00f6\u00f6s","4610":"valmistas","4611":"valmistanud","4612":"kuulete","4613":"paistis","4614":"kkkkkkkkk","4615":"black","4616":"sydney","4617":"orjad","4618":"leiba","4619":"klassis","4620":"kuuldes","4621":"aafrikas","4622":"eat","4623":"kuulutatakse","4624":"karj\u00e4\u00e4ri","4625":"eesm\u00e4rgiks","4626":"k\u00fclma","4627":"vahemaa","4628":"\u00e4ge","4629":"n\u00e4idet","4630":"karne","4631":"sekundi","4632":"oleksite","4633":"vc","4634":"keskendu","4635":"sulased","4636":"aapne","4637":"vastuseid","4638":"vanas","4639":"vaatavad","4640":"kanada","4641":"kasutasin","4642":"sakta","4643":"pakun","4644":"vaimsed","4645":"k\u00fcsinud","4646":"s\u00f6\u00f6nud","4647":"sath","4648":"class","4649":"delhi","4650":"lahkumist","4651":"efeslastele","4652":"sajab","4653":"send","4654":"\u00f5iglased","4655":"big","4656":"kannata","4657":"duddits","4658":"vastuolus","4659":"n\u00f5ukogu","4660":"kasi","4661":"vaarao","4662":"kass","4663":"paulust","4664":"osad","4665":"laeng","4666":"standardh\u00e4lve","4667":"pete","4668":"saul","4669":"piiblil","4670":"seadused","4671":"kelly","4672":"kuulavad","4673":"patte","4674":"k\u00e4itud","4675":"peatus","4676":"varjata","4677":"saates","4678":"eeldan","4679":"kaob","4680":"patt","4681":"kohalik","4682":"sean","4683":"kohast","4684":"n\u00e4gemine","4685":"kaotad","4686":"pii","4687":"saath","4688":"kaotab","4689":"almost","4690":"s\u00f5jav\u00e4e","4691":"uurimist","4692":"ohver","4693":"ootamatu","4694":"varastada","4695":"suudaks","4696":"kenasti","4697":"kaasneb","4698":"\u00fcritas","4699":"suurel","4700":"\u00f5iglus","4701":"kohtusime","4702":"sured","4703":"karjane","4704":"kahest","4705":"s\u00f5itsid","4706":"surnuks","4707":"valged","4708":"keerata","4709":"\u00fcritasin","4710":"armastava","4711":"l\u00e4hemat","4712":"tempel","4713":"neend","4714":"l\u00e4hedane","4715":"vanemaks","4716":"tb","4717":"muusikat","4718":"hapnikku","4719":"sulase","4720":"poori","4721":"k\u00f5rgema","4722":"luv","4723":"t\u00f5en\u00e4olsus","4724":"naisel","4725":"kasutad","4726":"kasutasid","4727":"muistse","4728":"v\u00f5\u00f5ras","4729":"adi","4730":"jeesusele","4731":"k\u00e4in","4732":"club","4733":"\u00f5el","4734":"name","4735":"sooviks","4736":"peitu","4737":"aluse","4738":"praktiliselt","4739":"koodi","4740":"olev","4741":"ilmnes","4742":"oletan","4743":"hakatakse","4744":"populaarne","4745":"kurjad","4746":"varas","4747":"teooria","4748":"hankida","4749":"eksid","4750":"v\u00f5itnud","4751":"mcclane","4752":"s\u00f5itsin","4753":"karo","4754":"rahus","4755":"vahend","4756":"fotod","4757":"okka","4758":"\u00fchendus","4759":"t\u00f5usu","4760":"tasakaalu","4761":"s\u00f5itma","4762":"v\u00e4ltel","4763":"t\u00f5usnud","4764":"road","4765":"lubasid","4766":"vapustav","4767":"s\u00f5id","4768":"aplaus","4769":"tulemusena","4770":"rahutus","4771":"olemasolu","4772":"puudus","4773":"t\u00f5otus","4774":"vanematega","4775":"oleneb","4776":"lumi","4777":"tavaks","4778":"risti","4779":"suhtumine","4780":"jimin","4781":"boy","4782":"jud","4783":"muude","4784":"v\u00e4rav","4785":"kardab","4786":"karu","4787":"terekest","4788":"lugusid","4789":"kilo","4790":"puudutas","4791":"victoria","4792":"sub","4793":"kare","4794":"joey","4795":"kulutada","4796":"ametis","4797":"halbu","4798":"van","4799":"rakett","4800":"vormi","4801":"vajalikud","4802":"m\u00f5istame","4803":"jaanuaris","4804":"surematu","4805":"valitses","4806":"pruut","4807":"pahane","4808":"ori","4809":"jackson","4810":"v\u00e4ljap\u00e4\u00e4su","4811":"m\u00f5tlesid","4812":"she","4813":"v\u00f5taksid","4814":"aastaselt","4815":"t\u00e4hendamiss\u00f5na","4816":"teineteist","4817":"relvade","4818":"\u00fctlesime","4819":"ako","4820":"yorki","4821":"palvetas","4822":"maaf","4823":"male","4824":"malem","4825":"rendu","4826":"scott","4827":"t\u00e4htsat","4828":"jagan","4829":"k\u00fcmne","4830":"ameeriklane","4831":"valiti","4832":"v\u00e4rviga","4833":"susan","4834":"graafik","4835":"periood","4836":"valereligiooni","4837":"tuttavad","4838":"andesta","4839":"oot","4840":"k\u00f5rini","4841":"reese","4842":"ed","4843":"itaalias","4844":"maitseb","4845":"vajate","4846":"kusjuures","4847":"kohaliku","4848":"ajutiselt","4849":"maga","4850":"seavad","4851":"m\u00f5nedes","4852":"panime","4853":"paik","4854":"aegajalt","4855":"kohelda","4856":"koheselt","4857":"m\u00f5nus","4858":"valinud","4859":"seadusi","4860":"m\u00f5nd","4861":"masinad","4862":"m\u00e4\u00e4rata","4863":"koopia","4864":"l\u00f5petasid","4865":"probleemide","4866":"l\u00f5petama","4867":"suvaline","4868":"t\u00e4pne","4869":"valvel","4870":"tekkinud","4871":"rick","4872":"t\u00e4psemalt","4873":"iphone","4874":"ajendab","4875":"kursis","4876":"kujundatud","4877":"katsumustes","4878":"vaimseid","4879":"katab","4880":"t\u00f5bras","4881":"v\u00f5mmid","4882":"keskus","4883":"kesta","4884":"soojust","4885":"again","4886":"kurjategija","4887":"app","4888":"ehitas","4889":"inspektor","4890":"kestnud","4891":"week","4892":"intervjuu","4893":"jajah","4894":"dud","4895":"ajendas","4896":"aare","4897":"sunnib","4898":"palvetama","4899":"t\u00e4ielikku","4900":"t\u00e4ieliku","4901":"beli","4902":"l\u00f6\u00f6nud","4903":"l\u00f6\u00f6n","4904":"ax","4905":"sega","4906":"georgia","4907":"m\u00e4rki","4908":"gente","4909":"tekitanud","4910":"v\u00f5rdsed","4911":"jalaga","4912":"kultuuri","4913":"t\u00e4iusliku","4914":"arenenud","4915":"kauaks","4916":"keskenduda","4917":"teeksin","4918":"rase","4919":"pta","4920":"jald","4921":"l\u00f5ppeb","4922":"alustan","4923":"probleemidega","4924":"raskem","4925":"rohtu","4926":"kutsuvad","4927":"mujale","4928":"p\u00fcsivad","4929":"ainus\u00fcndinud","4930":"plaanist","4931":"leidsite","4932":"ettepoole","4933":"p\u00e4rnu","4934":"ausus","4935":"saabunud","4936":"minevikku","4937":"lits","4938":"steel","4939":"endal","4940":"p\u00fcsige","4941":"unga","4942":"toimuvad","4943":"laskis","4944":"\u0151ige","4945":"p\u00f5him\u00f5tteid","4946":"saladusi","4947":"banget","4948":"kahtlustki","4949":"senti","4950":"otsustasime","4951":"niii","4952":"aamen","4953":"elusalt","4954":"kuulutamise","4955":"j\u00f5uavad","4956":"talk","4957":"v\u00e4ljakutse","4958":"juurdunud","4959":"lapsega","4960":"hello","4961":"kirjakoht","4962":"tingimused","4963":"eva","4964":"\u00fcksik","4965":"arvatakse","4966":"kahes","4967":"kirjanik","4968":"nick","4969":"una","4970":"vabaduse","4971":"minggu","4972":"saadetakse","4973":"saades","4974":"noorem","4975":"hoiak","4976":"nicole","4977":"uskus","4978":"s\u00f5rme","4979":"plaanis","4980":"ustava","4981":"veega","4982":"r\u00fcnnata","4983":"p\u00e4\u00e4ses","4984":"esindaja","4985":"kaitsma","4986":"liit","4987":"v\u00f5ida","4988":"peeter","4989":"tohtinud","4990":"p\u00e4\u00e4stma","4991":"esimeseks","4992":"kogudusele","4993":"n\u00e4oga","4994":"hindame","4995":"liiget","4996":"n\u00e4iteid","4997":"hullumeelne","4998":"millisele","4999":"poes"}}