{"fin":{"0":" on ","1":"aan ","2":" ja ","3":"sta ","4":"ssa ","5":"lla ","6":" h\u00e4n","7":"nen ","8":" ole","9":"it\u00e4 ","10":"lle ","11":"sen ","12":"ista","13":"vat ","14":"\u00e4\u00e4n ","15":"ll\u00e4 ","16":"iin ","17":" min","18":"ksi ","19":"ett\u00e4","20":"tt\u00e4 ","21":" ett","22":" ei ","23":"h\u00e4n ","24":"utta","25":"een ","26":"ten ","27":"tta ","28":" oli","29":" mit","30":"taa ","31":"mme ","32":"inen","33":" se ","34":"st\u00e4 ","35":" voi","36":" sin","37":"ss\u00e4 ","38":"llis","39":"asta","40":"sti ","41":" nii","42":"kin ","43":" vai","44":"in\u00e4 ","45":"mit\u00e4","46":"minu","47":" tul","48":"t\u00e4\u00e4 ","49":"nut ","50":" kun","51":"t\u00e4m\u00e4","52":"nyt ","53":"h\u00e4ne","54":"maan","55":"den ","56":"ille","57":"taan","58":"oli ","59":"ukse","60":" san","61":" tie","62":"niin","63":"isi ","64":" saa","65":"tava","66":" kai","67":"ttaa","68":" sii","69":"assa","70":"sinu","71":" kui","72":"sin ","73":"lais","74":"isen","75":" mut","76":" sit","77":"ist\u00e4","78":" toi","79":"ain ","80":"mutt","81":"kaan","82":" hyv","83":"aikk","84":"v\u00e4t ","85":"ole ","86":"aisi","87":" jos","88":"set ","89":" hal","90":"ella","91":"len ","92":"itse","93":" val","94":" jot","95":"aise","96":"issa","97":" t\u00e4m","98":"kaik","99":" sen","100":"kaa ","101":"ksen","102":"sia ","103":"sano","104":" oll","105":"itte","106":" kan","107":"kuin","108":"kun ","109":" hei","110":"ises","111":" jok","112":"usta","113":"nsa ","114":"ita ","115":"sest","116":" tar","117":"olla","118":" en ","119":"oitt","120":"alla","121":"otta","122":" pal","123":"essa","124":"\u00e4m\u00e4 ","125":" mie","126":"d\u00e4n ","127":"staa","128":"vast","129":"lisi","130":"alli","131":" men","132":"elle","133":"itta","134":" tai","135":"ivat","136":"eid\u00e4","137":"van ","138":" mik","139":"mist","140":"eet ","141":"iste","142":" tuo","143":"uin ","144":" p\u00e4\u00e4","145":" maa","146":"ill\u00e4","147":" mei","148":" pit","149":"illa","150":"ien ","151":"aika","152":"t\u00e4\u00e4n","153":" vuo","154":"ovat","155":"emme","156":"mise","157":" kuu","158":"kans","159":"halu","160":"iksi","161":"mala","162":"seen","163":"inul","164":"olen","165":"jos ","166":"iten","167":"ikki","168":"esta","169":"lta ","170":"tti ","171":"aist","172":"ytt\u00e4","173":"oin ","174":"lise","175":" var","176":"olet","177":"asti","178":"hyv\u00e4","179":"null","180":"joka","181":"ansa","182":"umal","183":"tule","184":"min\u00e4","185":" ihm","186":"aine","187":"ell\u00e4","188":"inun","189":" ker","190":"juma","191":"sill","192":" ova","193":"id\u00e4n","194":" jum","195":"vain","196":"nun ","197":" kii","198":" l\u00e4h","199":"\u00e4nen","200":"t\u00e4v\u00e4","201":"ulla","202":"iset","203":" aik","204":"nne ","205":"\u00e4ll\u00e4","206":"istu","207":"tuks","208":"eill","209":" huo","210":" he ","211":"eksi","212":"esti","213":" k\u00e4y","214":"tt\u00e4\u00e4","215":" muu","216":" tap","217":"voi ","218":"sell","219":"man ","220":"sitt","221":"itt\u00e4","222":"ossa","223":"siin","224":"list","225":" nyt","226":"osta","227":"dell","228":"ihmi","229":"est\u00e4","230":" kir","231":" sil","232":" sel","233":"ttel","234":"iv\u00e4t","235":"oka ","236":" vie","237":" per","238":"sit\u00e4","239":" tun","240":"ilma","241":"sten","242":"nkin","243":"kirj","244":"kais","245":" vas","246":"isin","247":"tett","248":"ette","249":"uude","250":"iit\u00e4","251":"elli","252":"pit\u00e4","253":"kki ","254":"etta","255":"m\u00e4n ","256":" vii","257":" teh","258":"tiin","259":"tois","260":"oita","261":"teen","262":"alua","263":"lut ","264":"alta","265":" kos","266":"it\u00e4\u00e4","267":"\u00e4ss\u00e4","268":"olis","269":"ttav","270":"sin\u00e4","271":"tied","272":"ess\u00e4","273":"iden","274":"hmis","275":"iss\u00e4","276":"ani ","277":"isuu","278":"lin ","279":"rist","280":"eni ","281":" tod","282":"ana ","283":"kosk","284":"tele","285":"muut","286":"ik\u00e4 ","287":"yksi","288":"avat","289":" puh","290":"llut","291":" suu","292":" tek","293":" kau","294":" par","295":"uksi","296":"joit","297":"ikka","298":"\u00e4ytt","299":" t\u00e4y","300":"kunn","301":" my\u00f6","302":"let ","303":" ant","304":" kat","305":"enki","306":"asi ","307":"tais","308":"tte ","309":" poi","310":"ns\u00e4 ","311":" luo","312":"tapa","313":"inua","314":"tten","315":" aja","316":"tiet","317":"ina ","318":"nua ","319":"olem","320":"ulle","321":"mite","322":"imme","323":" el\u00e4","324":" suo","325":"usko","326":"lt\u00e4 ","327":"tai ","328":"anss","329":"enne","330":"isia","331":"tko ","332":"leva","333":" vaa","334":" her","335":"alai","336":"ttu ","337":"kuul","338":"alle","339":"uole","340":" usk","341":"mene","342":"tama","343":" kok","344":"p\u00e4iv","345":"neet","346":" its","347":"oist","348":"\u00e4st\u00e4","349":" ilm","350":" asi","351":"aksi","352":" t\u00e4s","353":"isti","354":"anta","355":"ied\u00e4","356":"amme","357":"k\u00e4\u00e4n","358":"taja","359":"erra","360":"stel","361":"dist","362":"oja ","363":"nko ","364":"uutt","365":"oike","366":"oisi","367":"amaa","368":"olli","369":"aama","370":"\u00e4\u00e4ll","371":"k\u00e4yt","372":" tei","373":"lan ","374":"vaik","375":"oska","376":" oik","377":" jeh","378":"yll\u00e4","379":"ehov","380":"hova","381":"nssa","382":"miel","383":"jeho","384":" pel","385":"etti","386":" pai","387":"atta","388":"han ","389":"puol","390":"autt","391":"ajat","392":"asia","393":" ain","394":"mik\u00e4","395":" kyl","396":"leen","397":"jotk","398":" lii","399":"ota ","400":"nt\u00e4 ","401":" kes","402":"tin ","403":"eit\u00e4","404":"siit","405":"\u00e4m\u00e4n","406":"inut","407":"llin","408":"\u00e4iv\u00e4","409":"lee ","410":" yks","411":" p\u00e4i","412":" kuo","413":"net ","414":"llee","415":"saan","416":"llai","417":"m\u00e4\u00e4n","418":"min ","419":"kert","420":" sam","421":"vall","422":" rak","423":" n\u00e4i","424":" van","425":"matt","426":"voit","427":"taka","428":"seur","429":" esi","430":" aut","431":"eura","432":" seu","433":"nell","434":"line","435":"amat","436":" yht","437":"vaa ","438":"t\u00e4yt","439":"ohta","440":"hin ","441":" ne ","442":" mui","443":"ihin","444":"ollu","445":"alan","446":"ttam","447":"valt","448":"tka ","449":"aina","450":"rin ","451":" ty\u00f6","452":"aava","453":"sess","454":"uden","455":"kses","456":"mine","457":"nan ","458":"kuol","459":"lema","460":"jan ","461":"miks","462":"\u00e4in ","463":"lain","464":"muka","465":" t\u00e4\u00e4","466":"aiva","467":"tark","468":"atte","469":"uuri","470":"anoi","471":"tunt","472":"toim","473":"itti","474":"dess","475":"oimi","476":"ttii","477":"tyy ","478":"koko","479":"otka","480":"kiin","481":" hen","482":"saat","483":"kka ","484":" mon","485":" osa","486":"oon ","487":"oitu","488":"\u00e4isi","489":"ikaa","490":" joh","491":"tila","492":" mis","493":"ian ","494":"kkaa","495":"eist","496":"heid","497":" sai","498":"esi ","499":"merk","500":"kyll","501":"meid","502":"kuva","503":"yv\u00e4 ","504":"ntaa","505":" muk","506":" tak","507":"arvi","508":"aisu","509":"jen ","510":"menn","511":"anna","512":"kast","513":"lemm","514":"et\u00e4\u00e4","515":"lman","516":" koh","517":"anne","518":"puhu","519":"t\u00e4\u00e4l","520":"nka ","521":"jota","522":"eiv\u00e4","523":"palj","524":"kats","525":"tain","526":"si\u00e4 ","527":"nna ","528":"vin ","529":"my\u00f6s","530":"nta ","531":" eri","532":" onk","533":"iitt","534":"tt\u00e4v","535":"yst\u00e4","536":"suur","537":"\u00e4h\u00e4n","538":"tell","539":"ska ","540":" tot","541":"el\u00e4m","542":" kri","543":"tua ","544":" lop","545":"tuu ","546":"ukaa","547":" enn","548":"ensi","549":"anut","550":"ein ","551":"uist","552":"koht","553":"mast","554":" tav","555":" pys","556":"ailm","557":"maai","558":"ykse","559":"aail","560":"onko","561":" kuk","562":"paik","563":" mil","564":" t\u00e4n","565":"miss","566":"ttom","567":"p\u00e4\u00e4s","568":" puo","569":" me ","570":"mass","571":"rjoi","572":"saa ","573":"simm","574":" lai","575":"vaan","576":"soit","577":"olle","578":"\u00e4yty","579":"opet","580":"aatt","581":"isee","582":"ata ","583":"l\u00e4he","584":" kys","585":"tan ","586":"hyvi","587":"kris","588":"mall","589":"eita","590":"akin","591":"uuta","592":" v\u00e4l","593":"hd\u00e4 ","594":"y\u00f6s ","595":" jon","596":"amis","597":"l\u00e4m\u00e4","598":" raa","599":"iito","600":"v\u00e4\u00e4 ","601":"raam","602":"ksee","603":" j\u00e4l","604":"tuli","605":"kiit","606":" eik","607":"ava ","608":"unna","609":"selv","610":"tode","611":"stan","612":"ulee","613":" joi","614":"herr","615":" eiv","616":"kesk","617":"seks","618":"tust","619":"oise","620":"iel\u00e4","621":"mill","622":"kana","623":"sama","624":"ksia","625":"maa ","626":"\u00e4ni ","627":"nust","628":"vanh","629":"palv","630":"tarv","631":"nin ","632":"tunn","633":" sie","634":"laps","635":"voim","636":"akaa","637":" kul","638":"akka","639":"eli ","640":"huom","641":"atso","642":"nist","643":"atka","644":"uste","645":"inka","646":"viel","647":"aljo","648":"oill","649":"teli","650":"ettu","651":" ens","652":"n\u00e4yt","653":"t\u00e4is","654":"\u00e4t\u00e4 ","655":"tami","656":"t\u00e4ss","657":" jou","658":"tenk","659":"auks","660":"aval","661":"ens\u00e4","662":"skaa","663":"tehd","664":"k\u00e4\u00e4 ","665":"pois","666":" n\u00e4y","667":"emaa","668":"uun ","669":"\u00e4nt\u00e4","670":" et ","671":"v\u00e4li","672":"tus ","673":"isto","674":" alk","675":" kor","676":"ntee","677":"unni","678":" nim","679":"s\u00e4\u00e4n","680":" yhd","681":"el\u00e4 ","682":"irjo","683":"koit","684":" ver","685":"sist","686":" pid","687":"laan","688":"mmin","689":"eell","690":"telu","691":"teke","692":"d\u00e4t ","693":"nett","694":"kuka","695":" jee","696":"elin","697":"ensa","698":"ajan","699":"nnen","700":"aike","701":"kerr","702":"jees","703":"ljon","704":"olev","705":" ann","706":"uoli","707":"iele","708":" tee","709":"hall","710":" jo ","711":"ikea","712":"last","713":"ton ","714":" lap","715":"jonk","716":"teis","717":" kuv","718":"vois","719":"erki","720":"nnan","721":"toa ","722":"isel","723":"alve","724":"aali","725":" ede","726":" mer","727":"t\u00e4ll","728":" juu","729":"emmi","730":"unut","731":"yvin","732":"eesu","733":"ehd\u00e4","734":"tia ","735":"staj","736":"rvit","737":"ussa","738":"uri ","739":"nais","740":" t\u00e4l","741":"erto","742":"udes","743":"id\u00e4t","744":"elt\u00e4","745":"astu","746":"mais","747":" yli","748":"voin","749":"uttu","750":"uott","751":"kset","752":"aste","753":"odis","754":"stus","755":"ilai","756":"jon ","757":"siel","758":" k\u00e4s","759":"odel","760":"ent\u00e4","761":" \u00e4l\u00e4","762":"tse ","763":"onne","764":" hel","765":"\u00e4nel","766":"v\u00e4n ","767":"meil","768":"irja","769":" oma","770":"varm","771":"uoma","772":"itos","773":"mies","774":"mieh","775":"ika ","776":"yrit","777":" kol","778":" kut","779":"ytyy","780":"ikan","781":"ttei","782":"muis","783":"attu","784":" kas","785":"kein","786":" har","787":"vali","788":"jat ","789":"\u00e4si ","790":"ovan","791":" pah","792":"apah","793":"lvel","794":"\u00e4l\u00e4 ","795":"yhte","796":"akun","797":" sis","798":"nnet","799":"ahtu","800":" onn","801":"\u00e4net","802":"ihan","803":"isii","804":"ante","805":"aja ","806":" lis","807":"loin","808":"utki","809":" v\u00e4h","810":"todi","811":"iell","812":"erta","813":"\u00e4tt\u00e4","814":"arma","815":"tull","816":"itet","817":"kysy","818":"vits","819":" pol","820":"tk\u00f6 ","821":"paht","822":" mar","823":"tt\u00e4m","824":"uoll","825":"lloi","826":"tanu","827":" l\u00f6y","828":"stet","829":"liit","830":"oulu","831":"kea ","832":" nai","833":"\u00e4m\u00e4\u00e4","834":"arko","835":"kaup","836":"unta","837":"uosi","838":"evan","839":"mia ","840":" mah","841":"hen ","842":"teet","843":"enn\u00e4","844":"sana","845":" yri","846":" is\u00e4","847":"\u00e4mme","848":" n\u00e4h","849":"uten","850":"tos ","851":"ilta","852":"ssaa","853":"tyks","854":"lisu","855":" arv","856":" ott","857":" tut","858":"ala ","859":" luu","860":"p\u00e4\u00e4t","861":"oine","862":"oko ","863":"nnis","864":"etaa","865":"sit ","866":"uta ","867":" til","868":"mat ","869":"ojen","870":"ran ","871":"h\u00e4nt","872":"unne","873":"omaa","874":"vuot","875":" mat","876":"noin","877":"liva","878":"nost","879":" sek","880":" nuo","881":"\u00e4ise","882":"dest","883":" n\u00e4k","884":"poik","885":"stam","886":"n\u00e4\u00e4n","887":"st\u00e4v","888":"n\u00e4in","889":"hden","890":"avan","891":"aita","892":"ttan","893":" iha","894":" ase","895":"rkoi","896":"tosi","897":"odot","898":"teit","899":"\u00e4v\u00e4t","900":"tutk","901":"avaa","902":"neen","903":"akas","904":"siss","905":"aino","906":"isit","907":"suud","908":"ituk","909":"ehk\u00e4","910":"ois ","911":"joht","912":"kkkk","913":"nnos","914":"isis","915":" odo","916":" j\u00e4r","917":"ahdo","918":"uus ","919":"henk","920":"inta","921":"lis\u00e4","922":"ritt","923":"iinn","924":" ope","925":"aast","926":" kie","927":"\u00e4\u00e4r\u00e4","928":"eeks","929":"st\u00e4\u00e4","930":"ngel","931":"\u00e4nne","932":"iet\u00e4","933":"kia ","934":"iisi","935":"valm","936":" tom","937":" kak","938":"illi","939":"ulta","940":"j\u00e4lk","941":"l\u00e4ht","942":"oiva","943":"imm\u00e4","944":"ymm\u00e4","945":"enem","946":"toiv","947":"lett","948":"noi ","949":"htee","950":"unte","951":"empi","952":" het","953":"keen","954":" kot","955":"uute","956":"\u00e4lle","957":"itus","958":"doll","959":"tui ","960":" ymm","961":"uan ","962":"aat ","963":"mm\u00e4r","964":"t\u00e4n\u00e4","965":"isil","966":"isi\u00e4","967":" ehk","968":"tunu","969":"teki","970":"kaks","971":"uomi","972":"oksi","973":" t\u00e4t","974":"stuk","975":"k\u00e4si","976":"ment","977":"atko","978":" vih","979":"itsi","980":" pie","981":"almi","982":"uvat","983":"uule","984":"nnus","985":"noa ","986":"kolm","987":"\u00e4nyt","988":" t\u00e4h","989":"pett","990":" jat","991":"uraa","992":" syy","993":" mai","994":"tuo ","995":"lua ","996":"evat","997":"autu","998":"talo","999":"huol","1000":"jatk","1001":"liik","1002":" las","1003":"uja ","1004":"atto","1005":"kall","1006":"okse","1007":"muks","1008":"moni","1009":" luk","1010":"t\u00e4t\u00e4","1011":"pien","1012":"ies ","1013":"\u00e4n\u00e4 ","1014":"osi ","1015":"misi","1016":" tal","1017":" ep\u00e4","1018":"arvo","1019":" tos","1020":"taki","1021":"luul","1022":"itel","1023":"siva","1024":"kunt","1025":"nnut","1026":"aaaa","1027":"nime","1028":"matu","1029":"siis","1030":"oiss","1031":" ter","1032":"\u00e4rje","1033":"llaa","1034":" tur","1035":"olii","1036":"tun ","1037":"elma","1038":"iin\u00e4","1039":"pid\u00e4","1040":"htaa","1041":"m\u00e4\u00e4r","1042":"uink","1043":"aiku","1044":"semm","1045":"ulos","1046":"kuit","1047":"toma","1048":"is\u00e4\u00e4","1049":"stav","1050":"erus","1051":"jest","1052":"kiel","1053":"isek","1054":"\u00e4lke","1055":"j\u00e4rj","1056":" uud","1057":"iikk","1058":"maks","1059":"rran","1060":"elem","1061":" asu","1062":"nkaa","1063":" syn","1064":"etty","1065":"onta","1066":" ala","1067":" tah","1068":"t\u00e4ny","1069":"suom","1070":"toin","1071":"inno","1072":"tien","1073":"akse","1074":"kasv","1075":"ikko","1076":"suut","1077":"hk\u00e4 ","1078":"sis\u00e4","1079":"ivan","1080":"tomi","1081":"etko","1082":"alka","1083":"ioit","1084":"otai","1085":"mm\u00e4i","1086":"iehe","1087":"iaan","1088":"raha","1089":"oliv","1090":"eik\u00e4","1091":"nn\u00e4 ","1092":"it\u00e4i","1093":"vitt","1094":"uome","1095":"erin","1096":"itty","1097":" hie","1098":"emm\u00e4","1099":"rjes","1100":"uusi","1101":"uka ","1102":" eli","1103":"alaa","1104":"aati","1105":"oima","1106":"auto","1107":"mahd","1108":" noi","1109":"usi ","1110":"kent","1111":"lait","1112":"oika","1113":"\u00e4rke","1114":"ntti","1115":"ikke","1116":"yhde","1117":"peru","1118":"jaa ","1119":"pala","1120":"stit","1121":"mpi ","1122":"paa ","1123":"kan ","1124":"litt","1125":" pak","1126":"llit","1127":"osoi","1128":"nuor","1129":"heit","1130":"onka","1131":"para","1132":"uite","1133":"poli","1134":"see ","1135":" vel","1136":"lmis","1137":"eri ","1138":"erro","1139":"huon","1140":"rast","1141":"\u00e4v\u00e4 ","1142":"ieli","1143":"juur","1144":"letk","1145":"\u00e4lt\u00e4","1146":" pro","1147":"ihen","1148":"tori","1149":"tuot","1150":"llen","1151":" ene","1152":"hemm","1153":"elv\u00e4","1154":"kee ","1155":" pan","1156":"oit ","1157":"ksis","1158":"lkaa","1159":"edes","1160":"teid","1161":"lkee","1162":"uonn","1163":"llan","1164":" te ","1165":" aiv","1166":"ksel","1167":" taa","1168":" kah","1169":" jul","1170":"kuun","1171":"rra ","1172":" kal","1173":"skon","1174":"imis","1175":"iihe","1176":"\u00e4hde","1177":"raka","1178":"avas","1179":"uulu","1180":"ari ","1181":"siih","1182":" ken","1183":"skus","1184":"nest","1185":"teil","1186":"elta","1187":"olin","1188":"ken ","1189":"itaa","1190":"vapa","1191":"ilt\u00e4","1192":"vara","1193":" oso","1194":"ena ","1195":"illo","1196":"iis ","1197":"oten","1198":"oide","1199":"toi ","1200":"ttua","1201":"aras","1202":"ria ","1203":"ed\u00e4 ","1204":"suus","1205":" mak","1206":"\u00e4ksi","1207":"enet","1208":" vir","1209":"este","1210":"iken","1211":"laa ","1212":"rust","1213":"hei ","1214":"jatt","1215":"vuos","1216":"kkau","1217":"arin","1218":"sens","1219":"omen","1220":"via ","1221":"uori","1222":"kaut","1223":"ova ","1224":"ulev","1225":"ttaj","1226":"annu","1227":" no ","1228":" lau","1229":"men ","1230":"heil","1231":"kann","1232":"oivo","1233":" rah","1234":"eess","1235":"aus ","1236":"\u00e4\u00e4st","1237":" kar","1238":"inni","1239":"iime","1240":"emis","1241":"viim","1242":"atti","1243":"inus","1244":"rill","1245":"\u00e4yt\u00e4","1246":"suun","1247":"akai","1248":"ikut","1249":" nyk","1250":"esit","1251":"alis","1252":" use","1253":"ivaa","1254":"ahan","1255":"eja ","1256":"ielt","1257":"esim","1258":"seni","1259":" emm","1260":"tty ","1261":"aada","1262":"iv\u00e4n","1263":"anee","1264":"ik\u00f6 ","1265":"ullu","1266":"siaa","1267":"elij","1268":"enta","1269":"nyky","1270":"teek","1271":"eise","1272":"niit","1273":"peri","1274":"otte","1275":" rii","1276":"teta","1277":"itto","1278":"v\u00e4h\u00e4","1279":"alas","1280":"atun","1281":"telm","1282":"jote","1283":"eikk","1284":"ikin","1285":" sal","1286":"tees","1287":"inne","1288":"t\u00e4st","1289":"nsim","1290":"utti","1291":" er\u00e4","1292":"ynyt","1293":"asto","1294":"nemm","1295":"t\u00e4nn","1296":" rau","1297":" nou","1298":"uli ","1299":" tyt","1300":"etsi","1301":"amin","1302":"upun","1303":"mm\u00e4n","1304":"aken","1305":"appa","1306":"mmat","1307":"oman","1308":"uoks","1309":"siks","1310":"n\u00e4\u00e4 ","1311":"isyy","1312":"iti ","1313":"taas","1314":"imen","1315":"meni","1316":"loit","1317":"tsem","1318":"arjo","1319":" tuh","1320":" sat","1321":"tott","1322":"tytt","1323":"hoit","1324":"aupu","1325":"kell","1326":"rkit","1327":"vist","1328":"matk","1329":"ieto","1330":"ttai","1331":"umis","1332":"silt","1333":"aude","1334":"vuod","1335":"ksin","1336":"din ","1337":"kist","1338":" vap","1339":"dott","1340":"uuli","1341":"htei","1342":"ttee","1343":"oida","1344":"koul","1345":" alu","1346":"tulo","1347":"ule ","1348":"koti","1349":"miin","1350":"enee","1351":" j\u00e4t","1352":"taku","1353":"uure","1354":"saad","1355":"oppi","1356":"meis","1357":"\u00e4het","1358":"apse","1359":"ysty","1360":"hdol","1361":"viik","1362":"perh","1363":"ikei","1364":" yst","1365":"apau","1366":"elen","1367":" sy\u00f6","1368":"teri","1369":"teht","1370":"olme","1371":"tuva","1372":"esus","1373":"lest","1374":"ikoi","1375":"ulis","1376":"nnit","1377":"lija","1378":"aloi","1379":"nkil","1380":"kko ","1381":"tari","1382":"taji","1383":"p\u00e4\u00e4l","1384":"syyt","1385":"avoi","1386":"tuma","1387":"kala","1388":"eens","1389":"mmen","1390":"hti ","1391":"\u00e4ns\u00e4","1392":"teko","1393":"ed\u00e4t","1394":"oite","1395":"en\u00e4\u00e4","1396":"pain","1397":"haa ","1398":"aman","1399":"\u00e4n\u00e4\u00e4","1400":"nnel","1401":"alit","1402":"n\u00e4m\u00e4","1403":"sall","1404":"uunn","1405":" kou","1406":"eko ","1407":"erit","1408":"apaa","1409":" j\u00e4\u00e4","1410":"isty","1411":"heng","1412":" n\u00e4m","1413":"aata","1414":"pela","1415":"udel","1416":"ytt\u00f6","1417":" v\u00e4\u00e4","1418":"kon ","1419":"tkin","1420":" soi","1421":"elev","1422":"ikeu","1423":" pyy","1424":"koon","1425":"\u00e4kin","1426":"unno","1427":"puhe","1428":"tise","1429":"erhe","1430":"ntoi","1431":"synt","1432":"enen","1433":"tune","1434":"vart","1435":"uode","1436":"terv","1437":"kute","1438":"ona ","1439":"elee","1440":"suht","1441":"\u00e4ine","1442":"hdis","1443":"ion ","1444":"\u00e4sti","1445":"esku","1446":"ostu","1447":"imin","1448":" keh","1449":"aksa","1450":"anot","1451":" lei","1452":"onee","1453":" ets","1454":"ittu","1455":"edel","1456":" vah","1457":"sus ","1458":"erve","1459":"enti","1460":"vaat","1461":"aihe","1462":"tei ","1463":"entt","1464":"\u00e4v\u00e4n","1465":"main","1466":"taut","1467":"rakk","1468":"non ","1469":"ustu","1470":"enk\u00e4","1471":"aall","1472":"nia ","1473":"iide","1474":"koll","1475":"umaa","1476":"yht\u00e4","1477":" hau","1478":"luat","1479":"lell","1480":"onna","1481":" kon","1482":"into","1483":"emma","1484":"lmas","1485":" jut","1486":"n\u00e4hd","1487":"apsi","1488":"inki","1489":"naan","1490":"ele ","1491":"esty","1492":"tsi ","1493":" sei","1494":" m\u00e4\u00e4","1495":"maal","1496":"v\u00e4\u00e4r","1497":"usei","1498":"ennu","1499":"imer","1500":"yv\u00e4\u00e4","1501":"iko ","1502":"m\u00e4is","1503":"ty\u00e4 ","1504":"ukka","1505":"ink\u00e4","1506":"\u00e4iti","1507":"osto","1508":"\u00e4\u00e4ri","1509":"ityk","1510":" t\u00e4r","1511":" en\u00e4","1512":"peli","1513":"elis","1514":"er\u00e4\u00e4","1515":"joku","1516":"tamm","1517":"tasi","1518":"alko","1519":"iist","1520":"tt\u00e4i","1521":"lust","1522":"itys","1523":" ruo","1524":"anki","1525":"oku ","1526":"t\u00e4rk","1527":"kuni","1528":"uva ","1529":" ent","1530":"alus","1531":"levi","1532":"tapp","1533":"ente","1534":"lois","1535":"rauh","1536":"vill","1537":"tyst","1538":"onge","1539":"hetk","1540":"t\u00e4mi","1541":"ehti","1542":" rik","1543":"oni ","1544":"omal","1545":"isem","1546":"sema","1547":"sime","1548":" jol","1549":"imaa","1550":"kust","1551":"eeni","1552":"leht","1553":"osia","1554":"joll","1555":"lopp","1556":"sian","1557":"pysy","1558":"vai ","1559":"aas ","1560":"hnyt","1561":"aami","1562":"gelm","1563":"oppu","1564":"otti","1565":"tt\u00e4n","1566":"\u00e4hte","1567":"rake","1568":"anan","1569":"eide","1570":" s\u00e4\u00e4","1571":"kava","1572":"unin","1573":"hell","1574":" juo","1575":"ieno","1576":"oihi","1577":"itk\u00e4","1578":"pare","1579":" \u00e4it","1580":"san ","1581":"nee ","1582":"vien","1583":" yle","1584":"ijoi","1585":" uut","1586":"ev\u00e4t","1587":"joss","1588":"vais","1589":"\u00e4lla","1590":"pyst","1591":"ikku","1592":"eik\u00f6","1593":"sija","1594":"\u00e4ist","1595":"kkai","1596":"ed\u00e4n","1597":"luan","1598":"t\u00e4h\u00e4","1599":"pitk","1600":"vaih","1601":"v\u00e4ks","1602":"koke","1603":"jast","1604":"mone","1605":"naa ","1606":"stee","1607":"isiv","1608":"ymme","1609":"skel","1610":"nnyt","1611":" sop","1612":"oden","1613":"ahde","1614":"east","1615":"ori ","1616":"uuti","1617":"otaa","1618":"lk\u00e4\u00e4","1619":"ysym","1620":"kene","1621":"sala","1622":"l\u00f6yt","1623":"m\u00e4tt","1624":"hien","1625":"omas","1626":"sioi","1627":"lma ","1628":" mur","1629":"oimm","1630":"osti","1631":"\u00e4\u00e4nt","1632":" kov","1633":"ssan","1634":"ntel","1635":"stat","1636":"stuu","1637":"meit","1638":"suks","1639":"stin","1640":"ama ","1641":"ilan","1642":"ada ","1643":" opp","1644":"veri","1645":"rtaa","1646":"aamm","1647":"onni","1648":"must","1649":"nk\u00e4 ","1650":"tumi","1651":"tkaa","1652":"arem","1653":"jois","1654":"iest","1655":"ekin","1656":"eitt","1657":"unti","1658":"auha","1659":"enna","1660":" ava","1661":" hoi","1662":"amal","1663":"\u00e4hd\u00e4","1664":" han","1665":"mink","1666":"stun","1667":"kaud","1668":"inee","1669":"v\u00e4st","1670":"dan ","1671":"tiva","1672":" ong","1673":"viis","1674":"kill","1675":"hdes","1676":"okai","1677":"eiss","1678":"aitt","1679":"kest","1680":"rkki","1681":"post","1682":"itko","1683":"kahd","1684":"ltak","1685":"pelk","1686":"nous","1687":"uhte","1688":"nnat","1689":"utus","1690":" uus","1691":"sain","1692":"asio","1693":"erkk","1694":"elvi","1695":"raav","1696":"kois","1697":" puu","1698":"ukku","1699":"koa ","1700":" tyy","1701":"anoo","1702":" sot","1703":"emas","1704":"t\u00e4n ","1705":"elmi","1706":"\u00e4k\u00e4\u00e4","1707":" suk","1708":"sken","1709":"jouk","1710":"omat","1711":"veli","1712":"vaim","1713":"pari","1714":"dett","1715":"kutt","1716":" suh","1717":"onno","1718":"arha","1719":"noll","1720":"ttek","1721":"esuk","1722":"lask","1723":"luon","1724":"nall","1725":"tomu","1726":"urin","1727":"alin","1728":"vi\u00e4 ","1729":"sent","1730":"ali ","1731":"tt\u00f6m","1732":" nau","1733":"noss","1734":"suor","1735":" hy\u00f6","1736":"kev\u00e4","1737":"ekem","1738":"inoa","1739":" ilo","1740":"mitt","1741":" haa","1742":"lill","1743":"uoka","1744":"olta","1745":"noo ","1746":"untu","1747":"outu","1748":"amas","1749":"pist","1750":"elm\u00e4","1751":"isku","1752":"uota","1753":"lun ","1754":"em\u00e4\u00e4","1755":"nk\u00e4\u00e4","1756":"rmaa","1757":"itan","1758":"l\u00e4hd","1759":"ija ","1760":"uull","1761":" alo","1762":"stui","1763":" syd","1764":"aaks","1765":"kkia","1766":"kult","1767":"ss\u00e4\u00e4","1768":"omio","1769":"lopu","1770":"aiki","1771":" ran","1772":"otet","1773":" omi","1774":"\u00e4tk\u00f6","1775":"lann","1776":"sopi","1777":"aani","1778":" vak","1779":"omis","1780":"inna","1781":"ik\u00e4\u00e4","1782":" k\u00e4\u00e4","1783":"eles","1784":"kas ","1785":"utsu","1786":"tuom","1787":"toja","1788":"ini ","1789":"elit","1790":"una ","1791":"sink","1792":"keas","1793":"ttia","1794":"velu","1795":"ntam","1796":"tist","1797":"uone","1798":"unnu","1799":"silm","1800":"atku","1801":"skun","1802":"kuts","1803":"t\u00e4vi","1804":"aust","1805":" pii","1806":"void","1807":"y\u00f6t\u00e4","1808":" n\u00e4e","1809":"uska","1810":"enge","1811":"tyis","1812":"riko","1813":"is\u00e4l","1814":"ilme","1815":"eett","1816":"eutt","1817":"\u00e4sit","1818":"liss","1819":" sik","1820":"luot","1821":"mari","1822":"tsen","1823":"ttun","1824":"yli ","1825":"aska","1826":"rity","1827":"arkk","1828":"lkoi","1829":" k\u00e4v","1830":"yv\u00e4t","1831":" ete","1832":"lles","1833":"noma","1834":"kemi","1835":"m\u00e4rr","1836":"lit ","1837":" ast","1838":"isim","1839":"v\u00e4lt","1840":"tuol","1841":"rke\u00e4","1842":"ttiv","1843":"tyi ","1844":"allo","1845":"uunt","1846":" kei","1847":"unee","1848":" huu","1849":" paa","1850":"symy","1851":"jall","1852":"ttak","1853":"\u00e4\u00e4nn","1854":"tsee","1855":"det ","1856":"aira","1857":"kone","1858":"kaus","1859":"ulut","1860":"sias","1861":"osaa","1862":"tat ","1863":"per\u00e4","1864":"aits","1865":"syd\u00e4","1866":"taak","1867":"niid","1868":"auta","1869":"ston","1870":"tavi","1871":"ty\u00f6n","1872":"tk\u00e4 ","1873":" vet","1874":"isik","1875":"my\u00f6h","1876":"ltaa","1877":" kil","1878":"riit","1879":"rikk","1880":"ren ","1881":"anka","1882":"tys ","1883":"hank","1884":"luks","1885":"nnes","1886":"tit ","1887":"des ","1888":"oske","1889":"ataa","1890":"varo","1891":"myks","1892":"less","1893":"kenn","1894":"kien","1895":"hett","1896":"ek\u00e4 ","1897":"inaa","1898":"stas","1899":"teel","1900":"tutt","1901":"ulko","1902":"keli","1903":"tyv\u00e4","1904":"seli","1905":"sair","1906":"till","1907":"her\u00e4","1908":"niss","1909":"lall","1910":"rhee","1911":"kiva","1912":"\u00e4mis","1913":"eria","1914":"stut","1915":"ityi","1916":"antu","1917":"eril","1918":"kymm","1919":"dota","1920":"anhe","1921":" mus","1922":"ahoi","1923":"omai","1924":"daan","1925":"eest","1926":"mpaa","1927":"m\u00e4st","1928":"leet","1929":"olel","1930":"mest","1931":"lope","1932":"yytt","1933":"it\u00e4n","1934":" pas","1935":"rall","1936":" sij","1937":"vuon","1938":"ukan","1939":"lent","1940":"site","1941":"ulen","1942":"onsa","1943":"sek\u00e4","1944":" kom","1945":"kuvi","1946":"arti","1947":"taiv","1948":"tyny","1949":"sein","1950":"jutt","1951":"iiko","1952":"\u00e4lli","1953":"\u00e4hti","1954":"m\u00e4ll","1955":" vit","1956":"otto","1957":"tee ","1958":"nt\u00e4\u00e4","1959":"aiko","1960":" leh","1961":"aaja","1962":"ntia","1963":"los ","1964":"jaan","1965":"tisi","1966":"alvo","1967":"tavo","1968":" ohj","1969":"lia ","1970":"avai","1971":"nimi","1972":" aih","1973":" ota","1974":"stau","1975":"amma","1976":"paav","1977":"ltai","1978":"tuon","1979":"remp","1980":"ttis","1981":" \u00e4\u00e4n","1982":"eisi","1983":"iass","1984":"aill","1985":"lits","1986":"en\u00e4 ","1987":"aimo","1988":"erik","1989":"eta ","1990":"nnas","1991":"paho","1992":" kel","1993":"litu","1994":"nnol","1995":"sena","1996":"ento","1997":"ttuu","1998":"lv\u00e4 ","1999":"l\u00e4\u00e4k","2000":"ysin","2001":"yyde","2002":"kova","2003":"itin","2004":"turv","2005":"iete","2006":"eman","2007":"nlai","2008":" mel","2009":"ytet","2010":"er\u00e4s","2011":"ki\u00e4 ","2012":"saar","2013":"onki","2014":"ulin","2015":"nnon","2016":"lant","2017":"sien","2018":"oukk","2019":"anha","2020":"aara","2021":"neit","2022":"ti\u00e4 ","2023":"hist","2024":"keit","2025":"anto","2026":"stol","2027":" ulk","2028":"mp\u00e4r","2029":"julk","2030":"uore","2031":"lost","2032":"tehn","2033":"kil\u00f6","2034":"yt\u00e4 ","2035":"liis","2036":"mess","2037":"anaa","2038":"akko","2039":"is\u00e4n","2040":"euvo","2041":"aran","2042":"elk\u00e4","2043":" all","2044":"arka","2045":"imma","2046":"rjan","2047":"stai","2048":"yv\u00e4k","2049":"asva","2050":"\u00e4nee","2051":"ikai","2052":"lass","2053":" iso","2054":"ymp\u00e4","2055":"urva","2056":"neuv","2057":"htuu","2058":"jien","2059":"ikal","2060":"ieni","2061":"utun","2062":"vett","2063":"heen","2064":" nel","2065":"\u00e4\u00e4tt","2066":"toon","2067":"iini","2068":"n\u00e4ki","2069":"velj","2070":"deks","2071":"siv\u00e4","2072":"eese","2073":"ulet","2074":"nope","2075":"tom ","2076":" kiv","2077":"lon ","2078":"t\u00f6n ","2079":"sesi","2080":"etel","2081":"ty\u00f6s","2082":" neu","2083":"ikas","2084":"lmaa","2085":"\u00e4nn\u00f6","2086":"ene ","2087":" muo","2088":"stak","2089":"ntai","2090":"lemi","2091":"milj","2092":"uoja","2093":"uvan","2094":"viha","2095":" jak","2096":"etus","2097":"raa ","2098":"p\u00e4ri","2099":"tens","2100":"hans","2101":"nnal","2102":"okka","2103":"tkai","2104":"loss","2105":"esee","2106":"paha","2107":"pia ","2108":" sul","2109":" ulo","2110":"llak","2111":"okaa","2112":"st\u00e4n","2113":"suku","2114":"t\u00e4ys","2115":"leis","2116":"el\u00e4i","2117":"suos","2118":"tani","2119":"tana","2120":"nast","2121":" poh","2122":"tsel","2123":"n\u00e4k\u00f6","2124":"laki","2125":"tkim","2126":"omin","2127":"voiv","2128":"iv\u00e4 ","2129":"laat","2130":"\u00e4m\u00e4t","2131":"nat ","2132":"t\u00e4yd","2133":"\u00e4lit","2134":"elj\u00e4","2135":" s ","2136":"poja","2137":"siir","2138":"ruok","2139":"nees","2140":"loa ","2141":"eti ","2142":"urha","2143":"seva","2144":"ster","2145":"toli","2146":"alti","2147":" ymp","2148":"uisi","2149":"ahta","2150":"liia","2151":"omuu","2152":"p\u00e4in","2153":" lev","2154":"onet","2155":"asem","2156":"nhem","2157":"m\u00e4ss","2158":"nni ","2159":"oria","2160":"utis","2161":"eske","2162":"ke\u00e4 ","2163":"\u00e4yte","2164":"atus","2165":"\u00e4nes","2166":"hitt","2167":" ist","2168":"tuis","2169":"raal","2170":"saav","2171":"p\u00e4\u00e4 ","2172":"elas","2173":"sasi","2174":" ruu","2175":" nop","2176":" laa","2177":"inuu","2178":" a ","2179":"lasi","2180":"anti","2181":"ty\u00f6t","2182":" avu","2183":"kem\u00e4","2184":"l\u00e4\u00e4n","2185":"olit","2186":"lani","2187":"onut","2188":"kulu","2189":"imei","2190":" rat","2191":"nain","2192":"s\u00e4\u00e4 ","2193":" pyh","2194":" k\u00e4r","2195":"nass","2196":"lme ","2197":"aton","2198":"etee","2199":"j\u00e4tt","2200":"oona","2201":"alue","2202":"v\u00e4ll","2203":"jaks","2204":" joo","2205":"eski","2206":"aans","2207":" len","2208":" luv","2209":"lupa","2210":"ahaa","2211":" tas","2212":"tarj","2213":"utuk","2214":"vuok","2215":"kain","2216":"tso ","2217":"leik","2218":"tet\u00e4","2219":"ottu","2220":"sett","2221":"opea","2222":"inti","2223":"iint","2224":"noit","2225":"k\u00e4sk","2226":"ako ","2227":"iian","2228":"ankk","2229":"kuus","2230":"don ","2231":"tane","2232":"yt\u00e4n","2233":"saam","2234":"iiii","2235":"help","2236":"\u00e4ysi","2237":"aske","2238":"nelj","2239":"ytti","2240":"iett","2241":"k\u00e4yn","2242":"sota","2243":"ehen","2244":"totu","2245":"heti","2246":"rten","2247":"kirk","2248":"enny","2249":"ntei","2250":"aver","2251":"kai ","2252":"\u00e4kse","2253":"inko","2254":"ht\u00e4v","2255":"unki","2256":"kut ","2257":"liin","2258":"is\u00e4 ","2259":"arpe","2260":" pik","2261":" met","2262":"vank","2263":"uvas","2264":"ilaa","2265":"sinn","2266":"yden","2267":"nnin","2268":"vahv","2269":"ynty","2270":"ntun","2271":"jatu","2272":"nsin","2273":"lehd","2274":"ksi\u00e4","2275":"ist\u00f6","2276":"ahvi","2277":"rit ","2278":"avio","2279":" hak","2280":" ero","2281":" hai","2282":"aavi","2283":"ltav","2284":"usti","2285":" n ","2286":"utee","2287":"luke","2288":"vost","2289":"ippu","2290":"oton","2291":"asen","2292":"inte","2293":"ulka","2294":"rmas","2295":"suoj","2296":"d\u00e4\u00e4n","2297":"urak","2298":" lak","2299":"tarp","2300":"iaa ","2301":"ekse","2302":"iina","2303":"koil","2304":"ekee","2305":" lin","2306":"kuut","2307":"joon","2308":"n\u00e4ke","2309":" kaa","2310":"niis","2311":"yky\u00e4","2312":"y\u00e4\u00e4n","2313":"ej\u00e4 ","2314":"nsi ","2315":"nott","2316":"lusi","2317":"hdot","2318":"kuis","2319":"\u00e4v\u00e4\u00e4","2320":"arte","2321":"kohd","2322":"nnek","2323":" kum","2324":" pap","2325":"ikon","2326":"enke","2327":" lah","2328":"rta ","2329":"\u00f6t\u00e4 ","2330":" pet","2331":"stil","2332":" jal","2333":"\u00e4rt\u00e4","2334":"akia","2335":"\u00e4rin","2336":"y\u00f6nt","2337":"eva ","2338":" kap","2339":"\u00f6yt\u00e4","2340":"yh\u00e4 ","2341":"pua ","2342":"valo","2343":"onin","2344":" aio","2345":"anoa","2346":"imat","2347":"ilas","2348":"vull","2349":"kyse","2350":" tuk","2351":"nkki","2352":"tine","2353":"ulli","2354":"jott","2355":"ehit","2356":" yll","2357":"sani","2358":"v\u00e4n\u00e4","2359":"onia","2360":"raan","2361":"yv\u00e4n","2362":"asin","2363":"isra","2364":"kett","2365":"ties","2366":"pask","2367":"sko ","2368":"er\u00e4t","2369":"vier","2370":" lup","2371":"lint","2372":" l\u00e4\u00e4","2373":"ausk","2374":"rint","2375":"otii","2376":"ppaa","2377":"maat","2378":" por","2379":"heis","2380":"ohja","2381":"osa ","2382":"tion","2383":"sitk","2384":"\u00e4rr\u00e4","2385":"lvet","2386":"koin","2387":"maas","2388":"sity","2389":"anko","2390":" koi","2391":"etin","2392":" aam","2393":"kehi","2394":"iske","2395":"vuor","2396":"nnee","2397":"son ","2398":"imi ","2399":"vere","2400":"m\u00e4rt","2401":"aito","2402":"l\u00e4is","2403":"meri","2404":"tait","2405":"nite","2406":"tala","2407":"\u00f6ss\u00e4","2408":"rael","2409":"tely","2410":"aria","2411":"pani","2412":"kave","2413":" poj","2414":"mus ","2415":"inai","2416":"otku","2417":"uoti","2418":"aiht","2419":"srae","2420":"anon","2421":"murh","2422":"eht\u00e4","2423":"ymyk","2424":"paan","2425":"pide","2426":"stum","2427":"t\u00e4k\u00e4","2428":"utam","2429":"uise","2430":"titt","2431":" isr","2432":"uon ","2433":"koja","2434":"uais","2435":"kus ","2436":"joid","2437":"idet","2438":" avi","2439":"tiv\u00e4","2440":"\u00e4\u00e4se","2441":" elo","2442":"etk\u00f6","2443":"aset","2444":"vaar","2445":" kav","2446":"n\u00e4is","2447":"linn","2448":"seit","2449":"luok","2450":" apu","2451":"omme","2452":" enk","2453":"yd\u00e4m","2454":"ll\u00e4\u00e4","2455":"idaa","2456":"etki","2457":"petu","2458":"toks","2459":" hil","2460":"aris","2461":"empa","2462":"imit","2463":"elve","2464":"ning","2465":"jout","2466":"\u00e4m\u00e4s","2467":"pauk","2468":"aini","2469":"alat","2470":"htaj","2471":"oles","2472":"kaun","2473":"iink","2474":"tans","2475":"tuho","2476":" ost","2477":"sata","2478":"anom","2479":"utte","2480":"iv\u00e4\u00e4","2481":"kits","2482":"kiks","2483":"toll","2484":"okei","2485":"iljo","2486":"mman","2487":"taju","2488":"etto","2489":"tein","2490":"lisy","2491":"et\u00e4 ","2492":"iirt","2493":"eine","2494":"t\u00e4in","2495":" kam","2496":"unoh","2497":"osit","2498":"otuu","2499":"raku","2500":"aamu","2501":"eeee","2502":"stoi","2503":"ky\u00e4\u00e4","2504":"utet","2505":"uuka","2506":"moit","2507":"joil","2508":" uno","2509":"in\u00e4k","2510":" ik\u00e4","2511":"liha","2512":"\u00e4yde","2513":"ujen","2514":"aeli","2515":"kkee","2516":"melk","2517":"uuuu","2518":"akuu","2519":"emin","2520":"ida ","2521":"ohje","2522":"nitt","2523":"t\u00e4j\u00e4","2524":"vott","2525":"ljet","2526":"kork","2527":"pohj","2528":"auan","2529":"\u00e4rsi","2530":"insa","2531":"aivo","2532":"ep\u00e4i","2533":"lmoi","2534":"uiva","2535":"skin","2536":"luai","2537":"nes ","2538":"eutu","2539":"port","2540":"rkka","2541":"uora","2542":"dost","2543":"ival","2544":"keut","2545":"ilij","2546":"ydel","2547":"int\u00e4","2548":"miet","2549":"llei","2550":"kitt","2551":"ohti","2552":"oint","2553":"ht\u00e4 ","2554":"iisa","2555":"oraa","2556":"htel","2557":"isko","2558":" ehd","2559":"ekij","2560":"kk\u00e4\u00e4","2561":"laaj","2562":"iedo","2563":"tuja","2564":"ssas","2565":"ilja","2566":"vert","2567":"tym\u00e4","2568":"ksii","2569":"punk","2570":"luku","2571":"etke","2572":"elus","2573":"\u00f6st\u00e4","2574":"pung","2575":"syys","2576":"ukko","2577":"yt\u00e4\u00e4","2578":"tsev","2579":"puut","2580":" pia","2581":"pian","2582":"riss","2583":"yyyy","2584":"helv","2585":"kaat","2586":"mien","2587":"taus","2588":"eude","2589":"ellu","2590":"\u00e4it\u00e4","2591":"akan","2592":"elu ","2593":"selt","2594":"\u00e4lk\u00e4","2595":" kur","2596":" mih","2597":"alia","2598":"ljoo","2599":"ilmi","2600":"ivot","2601":"sina","2602":"uhan","2603":"joul","2604":"kass","2605":"sisa","2606":"ress","2607":"ajaa","2608":"ukau","2609":"m\u00e4\u00e4 ","2610":"kaas","2611":" vil","2612":"otan","2613":"kaam","2614":"opis","2615":" l\u00e4p","2616":"l\u00e4pi","2617":"unto","2618":"limm","2619":"uill","2620":"atii","2621":"t\u00e4ni","2622":"ratk","2623":"palk","2624":"tkut","2625":"llek","2626":"mihi","2627":"rpee","2628":" vau","2629":"ajie","2630":"ihme","2631":"unsa","2632":"natt","2633":"piir","2634":"yhm\u00e4","2635":"id\u00e4 ","2636":"inga","2637":"okon","2638":"prof","2639":"lenk","2640":"keis","2641":"ohda","2642":"osal","2643":"\u00e4tte","2644":"ikse","2645":"t\u00e4mm","2646":"rkik","2647":"tymi","2648":"tto ","2649":"opa ","2650":"n\u00e4hn","2651":" sur","2652":" ilt","2653":"arki","2654":"uuto","2655":"uono","2656":"uat ","2657":"tity","2658":"viin","2659":" amm","2660":"hua ","2661":"sai ","2662":" opi","2663":"viet","2664":"hdet","2665":"reit","2666":"ruko","2667":"nill","2668":" ket","2669":"iivi","2670":"yyt\u00e4","2671":"amer","2672":"mont","2673":" siv","2674":"evai","2675":"koi ","2676":"utui","2677":"htey","2678":" etk","2679":"liko","2680":"anla","2681":" h\u00e4i","2682":"uita","2683":"uumi","2684":"ehny","2685":"inak","2686":"viit","2687":" ryh","2688":"tusk","2689":"\u00f6kse","2690":"pall","2691":"lmai","2692":"lahj","2693":"st\u00e4m","2694":" hom","2695":" nuk","2696":"tote","2697":"anni","2698":"las ","2699":"eaa ","2700":"lmen","2701":"alku","2702":"y\u00f6sk","2703":"siko","2704":"ovaa","2705":" jop","2706":"orke","2707":"atan","2708":"lutt","2709":"ouks","2710":"enka","2711":"minn","2712":"aank","2713":"roit","2714":"vaka","2715":"meno","2716":"\u00e4tti","2717":"\u00e4tk\u00e4","2718":" ruk","2719":"ntuu","2720":"kkie","2721":"iike","2722":"imes","2723":"r\u00e4\u00e4n","2724":"ron ","2725":" m\u00e4 ","2726":"kaua","2727":"ikil","2728":"\u00e4nty","2729":" v\u00e4i","2730":"\u00f6hem","2731":"y\u00f6he","2732":"iall","2733":"emat","2734":"aass","2735":"tall","2736":"vaal","2737":"ansi","2738":"inis","2739":"hdek","2740":" t\u00f6i","2741":" pil","2742":"kona","2743":"tont","2744":"ulki","2745":"kasi","2746":"elje","2747":"ungi","2748":"iika","2749":"aala","2750":"anno","2751":"iene","2752":"kost","2753":"tuha","2754":"iloi","2755":"rkas","2756":"taha","2757":"atio","2758":"kin\u00e4","2759":"eren","2760":"ikui","2761":"eris","2762":"olim","2763":"utaa","2764":"ilmo","2765":"eki ","2766":"ksem","2767":"teem","2768":" edu","2769":"atuk","2770":"n\u00e4it","2771":"euks","2772":"jopa","2773":" moo","2774":"lmii","2775":"omi ","2776":"rtai","2777":"nki ","2778":"remm","2779":"yd\u00e4n","2780":"uolu","2781":"mmek","2782":"mato","2783":"lti ","2784":"sun ","2785":"josk","2786":"hoil","2787":"metr","2788":"k\u00e4vi","2789":"ek\u00f6 ","2790":"hemp","2791":"nssi","2792":"sais","2793":"ampa","2794":"ielu","2795":" teo","2796":"ras ","2797":"heut","2798":"rit\u00e4","2799":"ivis","2800":"uaa ","2801":"uut ","2802":"asku","2803":"ukai","2804":"iesi","2805":"olai","2806":"logi","2807":"nk\u00f6 ","2808":"htui","2809":"rofe","2810":"lijo","2811":"t\u00e4ne","2812":"iheu","2813":"d\u00e4tk","2814":"hais","2815":"stor","2816":" hit","2817":"eits","2818":"naki","2819":"olik","2820":"vata","2821":"piti","2822":"kant","2823":"hdys","2824":"pers","2825":"meen","2826":"utua","2827":"etys","2828":"ydes","2829":" lue","2830":"pakk","2831":"avar","2832":"keud","2833":"kari","2834":"luva","2835":"hon ","2836":"ymis","2837":"seis","2838":"moin","2839":"nink","2840":"syv\u00e4","2841":" yh\u00e4","2842":" taj","2843":"tk\u00e4\u00e4","2844":"senn","2845":"neks","2846":"otia","2847":"alal","2848":"s\u00e4ll","2849":"ksit","2850":" h\u00e4v","2851":"luee","2852":"too ","2853":"tyne","2854":"ynti","2855":"pikk","2856":"osku","2857":"d\u00e4me","2858":"eyde","2859":"onis","2860":"hd\u00e4\u00e4","2861":"ime ","2862":"uhua","2863":"visi","2864":"rja ","2865":"arja","2866":"ehdo","2867":"ello","2868":"juhl","2869":"konn","2870":"ikol","2871":"sval","2872":"s\u00e4ni","2873":"sua ","2874":"\u00f6it\u00e4","2875":"alja","2876":"j\u00e4rk","2877":"arat","2878":" apo","2879":"uluu","2880":"pako","2881":"neis","2882":"edus","2883":" tyh","2884":"lkai","2885":"eluk","2886":"ntan","2887":"eihi","2888":"n\u00e4ky","2889":"star","2890":"ingo","2891":"keil","2892":"aana","2893":"nsaa","2894":" the","2895":"toni","2896":"tiss","2897":"luss","2898":"sto ","2899":"lenn","2900":"ajoi","2901":"aako","2902":"haus","2903":"etuk","2904":" loi","2905":"uhta","2906":"oiti","2907":" eng","2908":"auni","2909":"nois","2910":"mi\u00e4 ","2911":" ans","2912":"oste","2913":"k\u00e4rs","2914":"hmin","2915":"rann","2916":"rkei","2917":"samm","2918":"kkei","2919":" uhr","2920":"\u00e4ris","2921":"sivu","2922":" pis","2923":"rjas","2924":"lesi","2925":"mark","2926":"atel","2927":"kki\u00e4","2928":"elet","2929":"ntis","2930":"pyh\u00e4","2931":"rila","2932":"rans","2933":"pait","2934":"aroi","2935":"iton","2936":"nto ","2937":"omia","2938":"rika","2939":"kimu","2940":"ttuj","2941":"init","2942":"\u00e4ily","2943":"kkin","2944":"kauk","2945":"jia ","2946":"yhdy","2947":"ijat","2948":"sast","2949":"luvu","2950":"toss","2951":" jer","2952":"ksil","2953":"etet","2954":"luaa","2955":" pur","2956":" tan","2957":"stei","2958":"ngas","2959":"\u00e4sen","2960":"engl","2961":"osis","2962":"lytt","2963":"ntin","2964":"rhaa","2965":"rvos","2966":"ohon","2967":"nti ","2968":" juh","2969":"inoi","2970":"iehi","2971":"mint","2972":"\u00e4tt\u00f6","2973":" ved","2974":"\u00e4\u00e4ne","2975":"tut ","2976":"utum","2977":"ruum","2978":"ilti","2979":"ailu","2980":"\u00e4k\u00f6 ","2981":"ngin","2982":"avia","2983":"nnia","2984":"tann","2985":"li\u00e4 ","2986":" sir","2987":"\u00e4ynn","2988":"ness","2989":"imel","2990":"otil","2991":"het ","2992":"\u00e4vi\u00e4","2993":"apos","2994":"isar","2995":" mal","2996":"ppi ","2997":"pila","2998":"aatu","2999":"maht","3000":"ulje","3001":"kua ","3002":"aarn","3003":"haan","3004":" raj","3005":"alou","3006":"mpia","3007":"kiss","3008":"leki","3009":"nsai","3010":"elun","3011":"lari","3012":"datt","3013":" kym","3014":"eile","3015":"ouse","3016":"parh","3017":"tsin","3018":"eten","3019":"ryhm","3020":"eemm","3021":"juli","3022":"luja","3023":"ajia","3024":"kisi","3025":"nsal","3026":"ntek","3027":"ojan","3028":"t\u00f6m\u00e4","3029":" k\u00e4t","3030":"sket","3031":"gin ","3032":"ntaj","3033":" lih","3034":"ksan","3035":"rska","3036":"iraa","3037":"ajal","3038":"orit","3039":"gell","3040":"ortt","3041":" s\u00e4i","3042":"itat","3043":"rsin","3044":"taid","3045":"\u00e4min","3046":"arna","3047":"apa ","3048":"aari","3049":"ehde","3050":"\u00e4ivi","3051":"t\u00e4hd","3052":" mor","3053":"viss","3054":"apan","3055":"j\u00e4\u00e4n","3056":"uvaa","3057":" sov","3058":"k\u00e4y ","3059":"mell","3060":"aile","3061":"t\u00f6ks","3062":"olog","3063":"udat","3064":"r\u00e4s ","3065":" arm","3066":"elua","3067":"aide","3068":"tasa","3069":"rkin","3070":"oose","3071":"riaa","3072":"kato","3073":"llar","3074":"uhut","3075":"laul","3076":"juut","3077":" olk","3078":" mun","3079":"dust","3080":"ksik","3081":"paut","3082":"tt\u00e4j","3083":"aaha","3084":"ehet","3085":"elly","3086":"htai","3087":"kouk","3088":"yise","3089":"nkel","3090":"muit","3091":"nnoi","3092":"rant","3093":"ivoi","3094":"haas","3095":"nhan","3096":"vass","3097":" \u00e4lk","3098":"\u00e4\u00e4k\u00e4","3099":"koma","3100":"isaa","3101":"m\u00e4in","3102":"utin","3103":"ulun","3104":"hta ","3105":"kema","3106":"etri","3107":"uulo","3108":"ekev","3109":"ehty","3110":"anhu","3111":"ohto","3112":"iva ","3113":"anke","3114":"apua","3115":"\u00e4hes","3116":"telt","3117":"imuk","3118":"\u00e4\u00e4lt","3119":" hui","3120":"htav","3121":"sait","3122":"rott","3123":"samo","3124":"hat ","3125":" yl\u00f6","3126":"koto","3127":"styk","3128":"korv","3129":"ttui","3130":" iki","3131":"ean ","3132":"py\u00f6r","3133":"koss","3134":"umat","3135":"yl\u00f6s","3136":"uuss","3137":"ppuu","3138":"iera","3139":"r\u00e4n ","3140":"uvit","3141":"mina","3142":"elim","3143":"stys","3144":"tetu","3145":"mero","3146":"appi","3147":"amoi","3148":"holl","3149":"hann","3150":"mein","3151":" vei","3152":" his","3153":"t\u00e4t ","3154":"kuuk","3155":"psen","3156":"ilm\u00e4","3157":"rell","3158":"ijan","3159":"\u00e4yt\u00f6","3160":"reen","3161":"onaa","3162":"p\u00e4il","3163":" etu","3164":"oris","3165":"otak","3166":"ursk","3167":"imon","3168":"mull","3169":"yys ","3170":"luis","3171":"rkis","3172":"rras","3173":"alon","3174":"tost","3175":"uuks","3176":"pys\u00e4","3177":" amp","3178":"ijaa","3179":"vatt","3180":"imet","3181":"usin","3182":"htia","3183":" syv","3184":"det\u00e4","3185":"styn","3186":"\u00e4hny","3187":"\u00e4sty","3188":"eus ","3189":"kat ","3190":"enes","3191":" sak","3192":"ysva","3193":"mis ","3194":"euro","3195":"jost","3196":"eesi","3197":"iast","3198":" tel","3199":"lata","3200":"nn\u00e4\u00e4","3201":"aili","3202":"elko","3203":"vatk","3204":" v\u00e4k","3205":"j\u00e4lj","3206":" sor","3207":"umin","3208":"np\u00e4 ","3209":"leni","3210":"oinu","3211":"nkii","3212":"aleh","3213":"ynni","3214":"imus","3215":"kutu","3216":"h\u00e4vi","3217":"skol","3218":"unis","3219":"vell","3220":"uolt","3221":"v\u00e4it","3222":"tt\u00f6 ","3223":"saks","3224":"kij\u00e4","3225":"htum","3226":"hees","3227":"ltio","3228":"innu","3229":"nten","3230":"is\u00e4k","3231":"ylei","3232":"toje","3233":"llyt","3234":"rtti","3235":"\u00e4k\u00e4r","3236":"lkei","3237":"rtoa","3238":" myy","3239":"elpo","3240":"nsan","3241":"skuu","3242":" lou","3243":"mmis","3244":"dent","3245":"hull","3246":"uren","3247":"ansk","3248":"rtoi","3249":" roo","3250":"anin","3251":" est","3252":"auti","3253":"tahd","3254":"\u00e4ksy","3255":"pset","3256":"orja","3257":"\u00e4ltt","3258":"ohtu","3259":"rina","3260":"tse\u00e4","3261":"ynee","3262":"ri\u00e4 ","3263":"kovi","3264":"uodo","3265":"tyt ","3266":"tiiv","3267":"iski","3268":"hast","3269":"rasi","3270":"\u00e4\u00e4t\u00f6","3271":"umer","3272":"rhai","3273":"ym\u00e4\u00e4","3274":"\u00e4\u00e4ni","3275":"kait","3276":"luoj","3277":"eena","3278":"onto","3279":"ntie","3280":"milt","3281":" olo","3282":"\u00e4r\u00e4 ","3283":"ahin","3284":"t\u00e4si","3285":"tuna","3286":"luu ","3287":"pane","3288":"harj","3289":"unei","3290":"\u00f6\u00f6n ","3291":"imie","3292":"ymys","3293":"auri","3294":"laut","3295":"ias ","3296":"ehdi","3297":"enoa","3298":"keks","3299":"osen","3300":"iota","3301":"hilj","3302":"kail","3303":"vale","3304":"erot","3305":" kad","3306":"nska","3307":"nioi","3308":"kkal","3309":"sen\u00e4","3310":"kkoj","3311":" sar","3312":"aant","3313":"yj\u00e4 ","3314":" ris","3315":"sem\u00e4","3316":" hul","3317":"riin","3318":"utal","3319":"\u00e4\u00e4ss","3320":"puna","3321":"stik","3322":"\u00e4vel","3323":"ine ","3324":"ulem","3325":"tauk","3326":"j\u00e4\u00e4 ","3327":"vans","3328":"ttin","3329":"asun","3330":"irje","3331":"laus","3332":"aime","3333":"iill","3334":"ilen","3335":"j\u00e4se","3336":"satt","3337":"hava","3338":"vaks","3339":"sty\u00f6","3340":"s\u00e4ks","3341":"ntym","3342":"kku ","3343":"avul","3344":"v\u00e4he","3345":"tatt","3346":"muod","3347":"kity","3348":"loku","3349":" cha","3350":"esin","3351":"uost","3352":" ves","3353":"iska","3354":"s\u00e4il","3355":"mini","3356":"von ","3357":"ismi","3358":"arsi","3359":"llas","3360":"usla","3361":"t\u00e4\u00e4k","3362":"ssss","3363":"ano ","3364":"jelm","3365":"kata","3366":"vies","3367":"mys ","3368":"tiik","3369":"\u00e4\u00e4si","3370":"ilem","3371":"ohan","3372":"aanu","3373":"inke","3374":"elke","3375":"\u00f6nte","3376":"yysi","3377":"ukav","3378":"utel","3379":"tiot","3380":"ter ","3381":"uhel","3382":" pun","3383":" run","3384":"ylli","3385":"k\u00e4ri","3386":"sir ","3387":"l\u00f6yd","3388":"peta","3389":"koir","3390":"aen ","3391":"mun ","3392":" ohi","3393":"stua","3394":"the ","3395":"tako","3396":" mol","3397":" ven","3398":" sta","3399":"elia","3400":"oma ","3401":"nker","3402":"iat ","3403":"\u00e4en ","3404":"udet","3405":"rkea","3406":" tau","3407":"tter","3408":"hjel","3409":"yd\u00e4 ","3410":"rtoo","3411":"aluk","3412":"nnio","3413":"voja","3414":"asee","3415":"lien","3416":"jate","3417":"rma ","3418":"puun","3419":"inku","3420":"vele","3421":"ekaa","3422":"opul","3423":"naam","3424":"hoid","3425":"niil","3426":"\u00e4v\u00e4s","3427":" int","3428":"uote","3429":"ihaa","3430":"temp","3431":"ytyi","3432":"lmes","3433":"v\u00e4ki","3434":"oito","3435":"aute","3436":"ero ","3437":"\u00e4pi ","3438":"heli","3439":"avis","3440":"ideo","3441":"naut","3442":"\u00e4lil","3443":"eimm","3444":"j\u00e4ll","3445":"ski ","3446":"okuv","3447":"tii ","3448":"uhla","3449":"vede","3450":"alau","3451":"ehto","3452":"aiss","3453":"y\u00f6n ","3454":"sy\u00e4 ","3455":" eur","3456":" hav","3457":"saas","3458":"pros","3459":"lmia","3460":"aisk","3461":"joo ","3462":"skoa","3463":"okin","3464":"rose","3465":"akav","3466":"tona","3467":"utto","3468":"umme","3469":"synn","3470":"tias","3471":"taht","3472":"nume","3473":"okem","3474":"ohdi","3475":"luki","3476":"\u00e4ri ","3477":"ttae","3478":"sty ","3479":"paam","3480":"jais","3481":"pasi","3482":"\u00e4kem","3483":"osin","3484":"stos","3485":"isoi","3486":"ttoi","3487":"nkui","3488":"ttyj","3489":"k\u00e4te","3490":" ras","3491":"ahto","3492":"ammu","3493":"stu ","3494":"rjaa","3495":"nota","3496":"styt","3497":"noud","3498":"yv\u00e4l","3499":"m\u00e4t ","3500":"kier","3501":"tki ","3502":"ouda","3503":"apai","3504":"\u00e4hel","3505":"ntak","3506":"l\u00f6ys","3507":"ngis","3508":"erei","3509":"manl","3510":"syyd","3511":" tem","3512":"uhui","3513":"usal","3514":"lev\u00e4","3515":"nn\u00e4k","3516":"ret ","3517":"ket\u00e4","3518":"ltt\u00e4","3519":"tima","3520":"lkka","3521":" koo","3522":" ove","3523":"llo ","3524":"lat ","3525":"rtio","3526":"riis","3527":"johd","3528":"er\u00e4i","3529":"eltu","3530":"eass","3531":"ttyn","3532":"aida","3533":"emuk","3534":" h\u00e4m","3535":"uatk","3536":"uski","3537":"v\u00e4tk","3538":"uvai","3539":"h\u00e4t\u00e4","3540":"luun","3541":" koe","3542":"tyyp","3543":"ykk\u00e4","3544":"tses","3545":"lmei","3546":"nukk","3547":"semi","3548":"mole","3549":"homm","3550":"malt","3551":"tkuv","3552":"valk","3553":"kuu ","3554":"oina","3555":"rkko","3556":"kalt","3557":" jaa","3558":"rro ","3559":" nor","3560":"ollo","3561":"esii","3562":"ampu","3563":"orin","3564":"nuut","3565":"ulke","3566":"rhei","3567":"\u00f6ysi","3568":"ulit","3569":"v\u00e4is","3570":"hjoi","3571":" pos","3572":"p\u00e4\u00e4n","3573":" tyk","3574":"ukoi","3575":"utos","3576":"ll\u00e4t","3577":"dysv","3578":"\u00e4sky","3579":"ntav","3580":"omit","3581":"orva","3582":"peas","3583":"keaa","3584":"tuss","3585":"teja","3586":"ieti","3587":"kulk","3588":"npa ","3589":"syy ","3590":"osan","3591":"ven ","3592":"ovin","3593":"oikk","3594":"armi","3595":"ppu ","3596":"uoda","3597":"yisi","3598":"rett","3599":"oisa","3600":"itii","3601":"iois","3602":"harr","3603":"aper","3604":"vaiv","3605":" dol","3606":"ppia","3607":"hana","3608":"raat","3609":"umii","3610":"aasi","3611":"vita","3612":" sun","3613":"omie","3614":"aulu","3615":"oteu","3616":"timm","3617":"ht\u00e4\u00e4","3618":" mul","3619":"e\u00e4\u00e4 ","3620":"it\u00e4m","3621":"tty\u00e4","3622":" b ","3623":"mets","3624":" pot","3625":" tor","3626":"im\u00e4\u00e4","3627":"kemu","3628":"koje","3629":"iemm","3630":"ngla","3631":"keus","3632":"htau","3633":"noja","3634":"uoje","3635":"ing ","3636":" ali","3637":"ttim","3638":"gas ","3639":"ikun","3640":"anis","3641":"ahdi","3642":"siat","3643":" h\u00e4t","3644":"jaja","3645":"tuos","3646":"ytty","3647":"aapu","3648":"eilu","3649":"\u00e4ske","3650":"vasi","3651":"aimi","3652":"aral","3653":"\u00e4tty","3654":"l\u00e4hi","3655":"ekst","3656":"stuv","3657":"\u00f6yty","3658":"hake","3659":"s\u00e4lt","3660":"okou","3661":"immi","3662":"ttyy","3663":"misk","3664":"mann","3665":"hde ","3666":"ysy\u00e4","3667":"engi","3668":"r\u00e4\u00e4 ","3669":"essi","3670":" man","3671":"yv\u00e4s","3672":"el\u00e4\u00e4","3673":"iire","3674":"oink","3675":" roh","3676":"onku","3677":"auka","3678":"ss\u00e4n","3679":"mmas","3680":"moos","3681":"s\u00e4si","3682":"valv","3683":"ykyi","3684":"ssi ","3685":"maah","3686":"vun ","3687":"kiir","3688":"\u00e4k\u00f6i","3689":"rt\u00e4\u00e4","3690":"ammi","3691":"irkk","3692":"uton","3693":"tuut","3694":"imia","3695":"\u00f6yd\u00e4","3696":"sisi","3697":"k\u00e4ve","3698":"kons","3699":"mere","3700":"tuin","3701":"elok","3702":"arta","3703":"heik","3704":"ojel","3705":"\u00e4\u00e4t ","3706":" kek","3707":"ksaa","3708":"not ","3709":"mett","3710":"stis","3711":"ite ","3712":"\u00e4itt","3713":"ehte","3714":"hdin","3715":"lott","3716":"ltan","3717":"enin","3718":"aite","3719":"ein\u00e4","3720":"r\u00e4tt","3721":"entu","3722":"urhe","3723":"tulk","3724":"iety","3725":"vent","3726":"hing","3727":"mp\u00e4\u00e4","3728":"kise","3729":"est\u00f6","3730":"eino","3731":"ukup","3732":" eil","3733":"nenk","3734":" ajo","3735":"iita","3736":"kele","3737":"keva","3738":" tus","3739":"yhdi","3740":"oime","3741":"ljas","3742":"vutt","3743":"vet\u00e4","3744":" rei","3745":"hvis","3746":"vann","3747":"kkan","3748":"vaku","3749":"arva","3750":"uhun","3751":"ravi","3752":"ulus","3753":"uris","3754":"lvon","3755":"uine","3756":"ytte","3757":"nkun","3758":"inei","3759":" ill","3760":"kkea","3761":"aula","3762":"tuun","3763":"psia","3764":"alun","3765":"te\u00e4 ","3766":"iili","3767":"atse","3768":"rvet","3769":"yste","3770":"ovel","3771":"ins\u00e4","3772":" nos","3773":"glan","3774":"\u00f6ske","3775":"siak","3776":"komm","3777":"ppel","3778":" lan","3779":"hill","3780":"utuv","3781":"uutu","3782":"sut ","3783":"etoa","3784":"avut","3785":"inin","3786":" tim","3787":"\u00f6nt\u00e4","3788":"iiri","3789":" mes","3790":"tikk","3791":" l\u00e4m","3792":" aur","3793":"jett","3794":"ouko","3795":"tuus","3796":"ehel","3797":"nha ","3798":"mana","3799":"reil","3800":"lima","3801":"akso","3802":"kani","3803":"nter","3804":"inp\u00e4","3805":"nuks","3806":"ni\u00e4 ","3807":"mmal","3808":"jana","3809":"time","3810":"teks","3811":"inan","3812":"hurs","3813":"tola","3814":"kine","3815":"avak","3816":"rata","3817":"arra","3818":"aksu","3819":"aha ","3820":"tti\u00e4","3821":"sytt","3822":"ysi ","3823":"semp","3824":"ommi","3825":"pin ","3826":" hyl","3827":" py\u00f6","3828":"lt\u00e4\u00e4","3829":"uni ","3830":"alos","3831":"umma","3832":"rvoi","3833":" naa","3834":"rat ","3835":"suuk","3836":"uhka","3837":"empp","3838":"lity","3839":"eisk","3840":"katu","3841":"ikat","3842":"ikis","3843":"uluv","3844":"oval","3845":"iasi","3846":"n\u00e4et","3847":"kuri","3848":"oott","3849":"loni","3850":"avid","3851":"mani","3852":"lita","3853":"tie ","3854":"jell","3855":"elil","3856":"eksa","3857":"mans","3858":"otin","3859":"jalk","3860":" fin","3861":"ulu ","3862":"jass","3863":"enis","3864":"enos","3865":"one ","3866":"soda","3867":"araa","3868":"kumm","3869":"styi","3870":"omma","3871":"kivi","3872":" edi","3873":"ema ","3874":"jill","3875":"aess","3876":"hint","3877":" new","3878":"asit","3879":"oira","3880":"iaat","3881":"oast","3882":" mas","3883":"tusl","3884":"\u00e4hem","3885":"pais","3886":"orni","3887":"inas","3888":"alo ","3889":"el\u00e4v","3890":"tsek","3891":"ttil","3892":"hatt","3893":"lm\u00e4 ","3894":" ame","3895":"el\u00e4k","3896":"koro","3897":"joki","3898":"alem","3899":"lutu","3900":"pail","3901":"kara","3902":"antt","3903":"pyyd","3904":"kuud","3905":"\u00f6lli","3906":"yyte","3907":"avin","3908":" j\u00e4s","3909":" pre","3910":"tiaa","3911":"paus","3912":"nata","3913":"ikos","3914":"artt","3915":"latt","3916":"taso","3917":"anso","3918":"verr","3919":"hait","3920":"ljel","3921":"mmil","3922":"tali","3923":"tyt\u00f6","3924":"ysyi","3925":"test","3926":"mma ","3927":"rrot","3928":"tuke","3929":"uhri","3930":"asvo","3931":" hir","3932":"pelo","3933":" inn","3934":"ntem","3935":"ekka","3936":"ttoa","3937":" ham","3938":"hte\u00e4","3939":"tttt","3940":"denn","3941":"over","3942":"vers","3943":"tuud","3944":"naur","3945":"amie","3946":"rval","3947":"kott","3948":"katt","3949":"vana","3950":"yyd\u00e4","3951":"l\u00e4tt","3952":"anpa","3953":"\u00e4v\u00e4l","3954":"oleh","3955":"ttym","3956":"k\u00f6is","3957":"kaal","3958":"puhd","3959":"ksti","3960":"y\u00f6st","3961":"joho","3962":"edis","3963":" ale","3964":"keuk","3965":"eili","3966":"hnee","3967":"polt","3968":"vide","3969":"iv\u00e4l","3970":"haut","3971":"ukem","3972":"eraa","3973":"lue ","3974":"tset","3975":" ote","3976":"emus","3977":"vala","3978":"pan ","3979":"aaa ","3980":"vars","3981":"kila","3982":"v\u00e4\u00e4n","3983":"s\u00e4n ","3984":"armo","3985":"masi","3986":"neel","3987":"enla","3988":"noas","3989":"utuu","3990":"kkar","3991":"ekis","3992":"ssak","3993":"otel","3994":"rian","3995":"kes\u00e4","3996":"ttor","3997":"nhur","3998":"kilo","3999":"uhee","4000":"odos","4001":"toko","4002":"apal","4003":"vira","4004":"ntoa","4005":"luet","4006":"sunn","4007":"asuk","4008":"l\u00e4mm","4009":" lam","4010":"nien","4011":"ish ","4012":"nuun","4013":" vid","4014":" jun","4015":"kama","4016":"nova","4017":" rai","4018":"rien","4019":"rohk","4020":"oooo","4021":"rvey","4022":"osas","4023":"tatk","4024":"uoto","4025":"ntii","4026":"idin","4027":"ltti","4028":"ital","4029":" siu","4030":"eron","4031":"okas","4032":"lila","4033":"ahat","4034":"gen ","4035":"iant","4036":"tuul","4037":"puu ","4038":"em\u00e4n","4039":"luov","4040":"vite","4041":"lm\u00e4n","4042":"lem\u00e4","4043":"ojat","4044":"ioon","4045":"my\u00f6n","4046":"ului","4047":"imii","4048":"hy\u00f6k","4049":"ovas","4050":"kint","4051":"ijai","4052":"vero","4053":"llon","4054":"l\u00e4\u00e4 ","4055":"ttau","4056":"k\u00e4is","4057":"y\u00f6dy","4058":"\u00e4lis","4059":"r\u00e4is","4060":"pres","4061":"ivas","4062":"kot ","4063":"muot","4064":"pete","4065":" une","4066":"rnaa","4067":"pisk","4068":"eluu","4069":" pom","4070":"harm","4071":"uhti","4072":"htie","4073":"tema","4074":"siun","4075":"kkoa","4076":"ara ","4077":"hest","4078":"skal","4079":" tii","4080":"ussi","4081":"himm","4082":"orma","4083":"john","4084":"itak","4085":"temm","4086":"vait","4087":"skan","4088":"alam","4089":"met ","4090":"aaka","4091":"itun","4092":"iala","4093":"j\u00e4n ","4094":"imak","4095":"emal","4096":"edon","4097":"kilp","4098":"etul","4099":"tini","4100":"anas","4101":"k\u00e4de","4102":"alkk","4103":"muud","4104":"lvit","4105":"etoi","4106":"uran","4107":"vesi","4108":"iran","4109":"iuna","4110":"taes","4111":"aavu","4112":"itu ","4113":"juok","4114":"rass","4115":"senk","4116":"riti","4117":"dall","4118":"kei ","4119":"nohd","4120":"viol","4121":"apin","4122":"t\u00f6\u00e4 ","4123":" iku","4124":"yyn ","4125":"toki","4126":"jaka","4127":" ide","4128":"il\u00e4i","4129":"rite","4130":"elos","4131":" k\u00e4d","4132":"pake","4133":"voa ","4134":"\u00e4nny","4135":"kont","4136":"\u00e4\u00e4ns","4137":"elka","4138":"omak","4139":"kahv","4140":"aalt","4141":"ahja","4142":"vahi","4143":"vioi","4144":"nnuk","4145":"tesi","4146":"hy\u00f6d","4147":"\u00e4ril","4148":"ukea","4149":"itis","4150":"rest","4151":"l\u00e4in","4152":"oen ","4153":"okoo","4154":"akti","4155":"enp\u00e4","4156":"st\u00e4k","4157":"elaa","4158":"tel\u00e4","4159":"tiko","4160":"\u00e4isy","4161":" and","4162":" tuu","4163":" pul","4164":" num","4165":"anat","4166":"reik","4167":"ntyn","4168":"iins","4169":"iain","4170":"ajaj","4171":"lj\u00e4 ","4172":"sine","4173":"sari","4174":"okra","4175":"uiss","4176":" kyy","4177":"hass","4178":"muus","4179":"rati","4180":"rask","4181":"\u00e4sin","4182":"elut","4183":"kulj","4184":"uhum","4185":"saki","4186":"ynn\u00e4","4187":"kaka","4188":"akoi","4189":"\u00e4t\u00e4\u00e4","4190":"uoro","4191":"sale","4192":"onen","4193":"\u00e4ide","4194":"opim","4195":"hdel","4196":"itk\u00f6","4197":"htun","4198":" kus","4199":"rimm","4200":"olma","4201":"\u00e4p\u00e4 ","4202":"kkun","4203":"kija","4204":"kyis","4205":"utoa","4206":" s\u00e4h","4207":"ergi","4208":"iras","4209":"aupp","4210":"iinp","4211":"lko ","4212":"lail","4213":"lli ","4214":"irit","4215":"varu","4216":"sukk","4217":"olee","4218":"giss","4219":"ivon","4220":"nant","4221":"j\u00e4nn","4222":"ofee","4223":"pale","4224":" sod","4225":"korj","4226":"taud","4227":"huma","4228":"iema","4229":"ueel","4230":"anal","4231":"feet","4232":"eilt","4233":"\u00e4t\u00f6k","4234":"ylee","4235":"uume","4236":"ysti","4237":"tt\u00e4k","4238":"iede","4239":"ampi","4240":"enel","4241":"ynny","4242":"ienn","4243":"room","4244":"hiem","4245":"kkuu","4246":"ajai","4247":"kiv\u00e4","4248":" put","4249":" hin","4250":"rtom","4251":"siki","4252":"piva","4253":"skau","4254":"hty ","4255":"kkum","4256":"stiv","4257":"suva","4258":"akau","4259":"uide","4260":"oaa ","4261":"st\u00f6n","4262":"ime\u00e4","4263":"ap\u00e4i","4264":" pes","4265":"lauk","4266":"usia","4267":"uona","4268":"ihto","4269":"rink","4270":"itoi","4271":" isk","4272":" rin","4273":"vie ","4274":"ivin","4275":"np\u00e4i","4276":"ntoj","4277":"uvia","4278":"uhat","4279":"tek\u00f6","4280":"sarj","4281":"lppo","4282":"rjee","4283":"mant","4284":"paka","4285":"\u00e4kki","4286":"noil","4287":"ets\u00e4","4288":"uma ","4289":"kaiv","4290":"emia","4291":"ttej","4292":"rusa","4293":"tart","4294":"evaa","4295":"elpp","4296":"skom","4297":"d\u00e4mm","4298":"reis","4299":"ljen","4300":"\u00e4kiv","4301":"naim","4302":"anja","4303":"kit ","4304":"aiem","4305":"uina","4306":"osek","4307":"itki","4308":"pite","4309":"svat","4310":"uto ","4311":"rvaa","4312":"aakk","4313":"skot","4314":" aie","4315":"ener","4316":"llal","4317":"styy","4318":"kuma","4319":" kis","4320":" kyk","4321":"japa","4322":"laiv","4323":"\u00e4tet","4324":"tuiv","4325":"inos","4326":"seka","4327":"nkai","4328":"iipp","4329":"huum","4330":"tija","4331":" jac","4332":"aril","4333":" tes","4334":"veti","4335":"kuum","4336":"ntui","4337":"rauk","4338":"soma","4339":"yt\u00f6s","4340":"\u00f6kk\u00e4","4341":" tok","4342":"koet","4343":"uhal","4344":"nala","4345":"ohi ","4346":"\u00e4vis","4347":"nn\u00f6s","4348":"urem","4349":"y\u00f6kk","4350":"j\u00e4t ","4351":"psi ","4352":"iot ","4353":"hott","4354":"skit","4355":"ip\u00e4\u00e4","4356":" v\u00e4r","4357":"viho","4358":"itai","4359":"jutu","4360":" hii","4361":" rap","4362":"ppal","4363":"tsut","4364":"aloo","4365":"musi","4366":"eh\u00e4n","4367":"uust","4368":"unai","4369":"olue","4370":"\u00e4lin","4371":"ulai","4372":"enev","4373":"umas","4374":"yjen","4375":"d\u00e4tt","4376":" uni","4377":" alt","4378":"elsi","4379":"uava","4380":"ttum","4381":"rssi","4382":"hdon","4383":"char","4384":"omes","4385":"soin","4386":"itee","4387":"ikes","4388":"soti","4389":"rvio","4390":"oki ","4391":" rav","4392":"ihee","4393":"ink\u00f6","4394":"uihi","4395":"iso ","4396":"ste ","4397":"ihol","4398":"nasi","4399":" nat","4400":"teut","4401":" lyh","4402":"\u00e4\u00e4v\u00e4","4403":"kauh","4404":"ohte","4405":"eno ","4406":"evis","4407":"peit","4408":"k\u00e4st","4409":"audu","4410":"\u00e4r\u00e4\u00e4","4411":" dan","4412":" osu","4413":"skas","4414":"il\u00f6k","4415":"taav","4416":"ij\u00e4 ","4417":"usii","4418":"hun ","4419":"inn\u00e4","4420":"itok","4421":"vitu","4422":"kome","4423":"luom","4424":"pull","4425":"\u00e4t\u00f6n","4426":" tup","4427":"kark","4428":"skev","4429":"lkis","4430":" reh","4431":"uhoi","4432":"taam","4433":"ummi","4434":"peek","4435":"uku ","4436":"llu ","4437":"olus","4438":"tsot","4439":"koho","4440":"opiv","4441":"suu ","4442":"jala","4443":"l\u00f6s ","4444":" pen","4445":"otus","4446":"nuo ","4447":"kort","4448":"emp\u00e4","4449":"aane","4450":"arit","4451":" str","4452":"iost","4453":"vont","4454":"t\u00f6is","4455":"jeru","4456":"ssam","4457":"kimi","4458":"tsom","4459":"nult","4460":"inty","4461":"k\u00e4yd","4462":"stal","4463":"tyn ","4464":"lunn","4465":"dia ","4466":"utok","4467":"dutt","4468":"tt\u00e4y","4469":"omet","4470":"ljaa","4471":"y\u00f6h\u00e4","4472":"haav","4473":"ke\u00e4\u00e4","4474":" tra","4475":"mens","4476":"ilyt","4477":"katk","4478":"ohjo","4479":"teyd","4480":"riip","4481":"kump","4482":"ngen","4483":"h\u00e4ir","4484":"oude","4485":"e\u00e4\u00e4n","4486":"lite","4487":"\u00e4iri","4488":"oudu","4489":"kkk ","4490":"lv\u00e4s","4491":"alme","4492":"pyyt","4493":"ppil","4494":"norm","4495":" ell","4496":"ahti","4497":"side","4498":"t\u00f6it","4499":"pimu","4500":"ij\u00f6i","4501":"dill","4502":"stii","4503":"t\u00e4ht","4504":"nis ","4505":"mut ","4506":"sann","4507":"lank","4508":"ooma","4509":"rank","4510":"vail","4511":"tykk","4512":"keri","4513":"huut","4514":"noht","4515":"y\u00f6d\u00e4","4516":" lie","4517":"ajua","4518":"ahas","4519":"link","4520":"ityt","4521":"ppin","4522":"ael ","4523":"\u00e4hk\u00f6","4524":" j\u00e4i","4525":"lit\u00e4","4526":"uras","4527":"anga","4528":"tt\u00e4r","4529":"rry ","4530":"loon","4531":"rr\u00e4 ","4532":"htor","4533":"komi","4534":"and ","4535":"enra","4536":"ev\u00e4n","4537":"ili ","4538":"riks","4539":"inet","4540":"ater","4541":"ieta","4542":" kre","4543":"delm","4544":"iirr","4545":"sika","4546":"sovi","4547":"kkas","4548":"l\u00e4im","4549":"ssia","4550":"isa ","4551":"oust","4552":"isas","4553":"\u00e4\u00e4t\u00e4","4554":"sada","4555":"siik","4556":"iekk","4557":"aase","4558":"mpan","4559":"uovu","4560":"saak","4561":"uhu ","4562":"nhim","4563":"seim","4564":"ntoo","4565":"anhi","4566":"ito ","4567":"hety","4568":"aupa","4569":"ajas","4570":"odes","4571":"oitk","4572":"yk\u00e4\u00e4","4573":" pat","4574":"meko","4575":"sik\u00f6","4576":"verk","4577":"soa ","4578":"new ","4579":"pult","4580":"teni","4581":"asiv","4582":"uki ","4583":"ntau","4584":"auho","4585":"nit ","4586":"ajak","4587":"delt","4588":" pyr","4589":"apte","4590":"loks","4591":"unaa","4592":"tuur","4593":"enno","4594":" ark","4595":"ous ","4596":"s\u00e4hk","4597":"lemp","4598":"torn","4599":"uper","4600":" jes","4601":"mate","4602":"lkoo","4603":"aaji","4604":"ek\u00e4\u00e4","4605":"nelt","4606":"utka","4607":"tio ","4608":"et\u00e4m","4609":"sijo","4610":"ysy ","4611":"vetu","4612":"tata","4613":"it\u00e4v","4614":"juud","4615":"\u00e4ki ","4616":"mm\u00e4s","4617":"ksek","4618":"v\u00e4ni","4619":"rrat","4620":" daa","4621":"ausi","4622":"tyj\u00e4","4623":"elui","4624":" jap","4625":" \u00e4\u00e4r","4626":"saap","4627":"ptee","4628":"npit","4629":"hede","4630":"ukou","4631":"llet","4632":"ilpa","4633":"\u00e4yd\u00e4","4634":"ytym","4635":"harv","4636":"\u00e4ill","4637":" hed","4638":"\u00e4idi","4639":"oinn","4640":" hep","4641":"rral","4642":"paat","4643":" pla","4644":"m\u00e4t\u00f6","4645":" klo","4646":"dit ","4647":"llik","4648":"tova","4649":"ukas","4650":"mon ","4651":"issi","4652":" pir","4653":"saal","4654":"anov","4655":"yiv\u00e4","4656":"alii","4657":"lkan","4658":"lamm","4659":"risk","4660":"ardi","4661":"impi","4662":"arve","4663":"ulma","4664":" kev","4665":"itol","4666":" i ","4667":" urh","4668":"keho","4669":"tutu","4670":"uett","4671":"leit","4672":"nny ","4673":" wil","4674":" irt","4675":"ilee","4676":"roop","4677":"aski","4678":"ty\u00f6p","4679":"\u00e4vit","4680":"radi","4681":"n\u00e4id","4682":"kula","4683":"tioi","4684":"\u00e4yks","4685":" ai ","4686":"rkku","4687":"ngit","4688":"uokk","4689":"puri","4690":"tyhj","4691":" rou","4692":"rost","4693":"irka","4694":" win","4695":"papp","4696":"muun","4697":"ahdu","4698":"stra","4699":"diss","4700":"luav","4701":" jen","4702":"maka","4703":"rgia","4704":"iaal","4705":"rais","4706":" gra","4707":" sok","4708":"eija","4709":"lamp","4710":"eika","4711":"y\u00f6ty","4712":"aate","4713":"y\u00f6r\u00e4","4714":"oda ","4715":"loud","4716":"eenp","4717":"uroo","4718":" lip","4719":"mppa","4720":"\u00e4lje","4721":"\u00e4nt\u00f6","4722":"teho","4723":"semu","4724":"piil","4725":"polv","4726":"arme","4727":"tiel","4728":"vauh","4729":"kkoo","4730":"inal","4731":"ilis","4732":"uhdi","4733":"eytt","4734":"\u00e4rj\u00e4","4735":"unas","4736":"resi","4737":"ydet","4738":"kart","4739":"em\u00e4t","4740":"aale","4741":"eden","4742":" nei","4743":"eip\u00e4","4744":"oret","4745":"onal","4746":"roni","4747":"lipa","4748":"kkii","4749":"ukut","4750":"yvi\u00e4","4751":"irko","4752":"sees","4753":"sass","4754":"iiku","4755":"tove","4756":"imal","4757":"pape","4758":"neta","4759":"virk","4760":" l\u00e4s","4761":"ring","4762":"taen","4763":"ulok","4764":"neil","4765":"v\u00e4ss","4766":"nkie","4767":"jeen","4768":" \u00e4id","4769":"sikk","4770":"ioli","4771":"\u00e4ile","4772":"atoi","4773":" pin","4774":"kapt","4775":"eree","4776":"ojaa","4777":" ly\u00f6","4778":" bar","4779":" rad","4780":"sy\u00f6d","4781":"oren","4782":"iais","4783":"daks","4784":" sol","4785":"vauk","4786":"elik","4787":"sutt","4788":"odan","4789":"mppe","4790":"amia","4791":" pei","4792":"hami","4793":" ahd","4794":"imee","4795":"oltt","4796":"\u00e4r\u00e4n","4797":"irto","4798":"olos","4799":"ilin","4800":" bab","4801":"oril","4802":"kapp","4803":"likk","4804":" rom","4805":" car","4806":"r\u00e4ss","4807":"tsij","4808":"aanp","4809":"rinn","4810":"herm","4811":"yse ","4812":"olka","4813":"yt\u00f6n","4814":"evit","4815":"opus","4816":"elkk","4817":"eroi","4818":"omil","4819":"v\u00e4ri","4820":"\u00e4\u00e4m\u00e4","4821":" p\u00e4r","4822":"yppi","4823":"jack","4824":" fra","4825":"enut","4826":"rova","4827":"kima","4828":"elel","4829":"puss","4830":"otis","4831":" ton","4832":"oiko","4833":" oke","4834":"meks","4835":"hi\u00e4 ","4836":"it\u00e4t","4837":"uont","4838":"lus ","4839":"jain","4840":"lk\u00e4s","4841":"iman","4842":" auk","4843":" toh","4844":"kate","4845":"vaas","4846":"\u00f6koh","4847":"liti","4848":"ep\u00e4t","4849":"\u00e4\u00e4ks","4850":"omuk","4851":"rjai","4852":"\u00e4ht\u00e4","4853":"p\u00e4\u00e4m","4854":"mpie","4855":"oron","4856":" rob","4857":"uppa","4858":"irhe","4859":" tam","4860":"usku","4861":"itam","4862":"virh","4863":"aiot","4864":"tsim","4865":"kaav","4866":"ultt","4867":"etar","4868":"ures","4869":"joko","4870":"makk","4871":"pann","4872":"\u00e4vi ","4873":"tiis","4874":"selk","4875":"mois","4876":" lem","4877":"omo ","4878":"hes ","4879":"pass","4880":"ssin","4881":"denk","4882":"ylon","4883":"hdut","4884":"st\u00f6 ","4885":"louk","4886":"vene","4887":"ytee","4888":"pyys","4889":" eva","4890":"rjat","4891":"llia","4892":"rouv","4893":" con","4894":"etis","4895":" hiu","4896":"piet","4897":" n\u00e4l","4898":"ruut","4899":"hdas","4900":"rajo","4901":"tiku","4902":"ahal","4903":"iopi","4904":"huip","4905":"laam","4906":"keyt","4907":" hae","4908":"ekun","4909":"yhty","4910":"l\u00e4v\u00e4","4911":"joja","4912":"lis ","4913":"orti","4914":"mora","4915":"baby","4916":"sois","4917":"dot ","4918":"st\u00e4s","4919":"lime","4920":"lias","4921":"uuma","4922":"miot","4923":"ange","4924":"aapa","4925":"yypp","4926":"skoi","4927":"erso","4928":"anoj","4929":" hyp","4930":"siiv","4931":"upau","4932":"seki","4933":"just","4934":"rron","4935":"\u00e4\u00e4mm","4936":"j\u00e4t\u00e4","4937":" hol","4938":"sorm","4939":"oile","4940":" puk","4941":"ytyv","4942":"ouva","4943":"nalt","4944":"laka","4945":"oits","4946":"\u00e4\u00e4mi","4947":"dytt","4948":"urat","4949":"ssai","4950":"mesi","4951":" twi","4952":"lot ","4953":"ratt","4954":"anie","4955":"ev\u00e4 ","4956":"akoo","4957":"\u00e4rit","4958":"skat","4959":"hirv","4960":"anil","4961":"\u00e4m\u00e4l","4962":"sunt","4963":"omar","4964":"nisi","4965":"ilom","4966":"raja","4967":"edot","4968":"\u00e4nki","4969":"ker\u00e4","4970":"etk\u00e4","4971":"llii","4972":"panj","4973":"tyhm","4974":"muua","4975":"onei","4976":"rton","4977":" k ","4978":"t\u00f6st","4979":"amen","4980":"hm\u00e4 ","4981":"raiv","4982":"yin ","4983":"atik","4984":"slap","4985":"tken","4986":"mmut","4987":"naka","4988":"pula","4989":"eres","4990":"dotu","4991":"upaa","4992":"tuka","4993":" yl\u00e4","4994":"adio","4995":"l\u00f6ko","4996":"\u00e4r\u00e4s","4997":" k\u00f6y","4998":"tsiv","4999":"hten"}}