{"fra":{"0":"de","1":"la","2":"le","3":"et","4":"les","5":"que","6":"je","7":"pas","8":"des","9":"un","10":"en","11":"il","12":"est","13":"pour","14":"une","15":"vous","16":"qui","17":"ne","18":"dans","19":"ce","20":"du","21":"nous","22":"tu","23":"cest","24":"sur","25":"plus","26":"au","27":"on","28":"mais","29":"avec","30":"\u00e7a","31":"se","32":"par","33":"si","34":"tout","35":"me","36":"comme","37":"sont","38":"elle","39":"jai","40":"fait","41":"son","42":"ils","43":"faire","44":"cette","45":"bien","46":"ont","47":"mon","48":"ou","49":"suis","50":"ma","51":"\u00e9t\u00e9","52":"moi","53":"\u00eatre","54":"sa","55":"ces","56":"quil","57":"quand","58":"m\u00eame","59":"leur","60":"te","61":"lui","62":"dit","63":"aux","64":"\u00e9tait","65":"dieu","66":"va","67":"aussi","68":"peut","69":"tous","70":"non","71":"o\u00f9","72":"monde","73":"pourquoi","74":"vie","75":"ses","76":"notre","77":"tr\u00e8s","78":"comment","79":"alors","80":"votre","81":"deux","82":"nest","83":"temps","84":"toi","85":"dire","86":"quoi","87":"donc","88":"sais","89":"ici","90":"dun","91":"sans","92":"jamais","93":"rien","94":"chose","95":"veux","96":"apr\u00e8s","97":"ai","98":"encore","99":"mes","100":"cela","101":"ton","102":"dune","103":"maintenant","104":"pays","105":"leurs","106":"voir","107":"avait","108":"toujours","109":"gens","110":"quelle","111":"fois","112":"vraiment","113":"ans","114":"parce","115":"peu","116":"avoir","117":"bon","118":"beaucoup","119":"oui","120":"j\u00e9hovah","121":"peux","122":"vais","123":"quon","124":"quils","125":"juste","126":"contre","127":"jour","128":"quelque","129":"avons","130":"depuis","131":"ceux","132":"ta","133":"l\u00e0","134":"as","135":"es","136":"faut","137":"toute","138":"nos","139":"trop","140":"qu","141":"avant","142":"personne","143":"toutes","144":"choses","145":"tes","146":"entre","147":"car","148":"besoin","149":"soit","150":"merci","151":"ainsi","152":"autre","153":"personnes","154":"sous","155":"fais","156":"avez","157":"sest","158":"c\u00e9tait","159":"tom","160":"autres","161":"dautres","162":"pendant","163":"elles","164":"vos","165":"j\u00e9sus","166":"dont","167":"femme","168":"bonne","169":"mort","170":"sera","171":"vu","172":"l\u00e3","173":"eu","174":"na","175":"maison","176":"d\u00e9j\u00e0","177":"enfants","178":"terre","179":"cet","180":"\u00eates","181":"doit","182":"quelques","183":"questce","184":"pense","185":"aujourdhui","186":"fils","187":"quel","188":"mal","189":"moins","190":"p\u00e8re","191":"chez","192":"ny","193":"chaque","194":"moment","195":"prendre","196":"grand","197":"petit","198":"jours","199":"aller","200":"sommes","201":"seulement","202":"homme","203":"parler","204":"vrai","205":"point","206":"mieux","207":"nom","208":"seul","209":"trois","210":"allez","211":"sil","212":"famille","213":"nouveau","214":"puis","215":"partie","216":"mois","217":"celui","218":"veut","219":"\u00e9taient","220":"nouvelle","221":"d\u00eatre","222":"tant","223":"premier","224":"hommes","225":"question","226":"quelquun","227":"part","228":"savoir","229":"vers","230":"travail","231":"eux","232":"dis","233":"ville","234":"dois","235":"fille","236":"fa\u00e7on","237":"sens","238":"femmes","239":"reste","240":"pouvoir","241":"pouvez","242":"gouvernement","243":"premi\u00e8re","244":"grande","245":"peut\u00eatre","246":"cas","247":"certains","248":"raison","249":"soir","250":"bible","251":"cours","252":"nai","253":"devant","254":"m\u00e8re","255":"t\u00eate","256":"s\u00fbr","257":"cause","258":"crois","259":"pass\u00e9","260":"ann\u00e9es","261":"voici","262":"estce","263":"ni","264":"probl\u00e8me","265":"pr\u00e9sident","266":"exemple","267":"vois","268":"serait","269":"vient","270":"viens","271":"peur","272":"selon","273":"ca","274":"place","275":"peuvent","276":"tard","277":"compte","278":"parle","279":"passe","280":"pris","281":"fin","282":"\u00e9crit","283":"nuit","284":"lieu","285":"\u00e9galement","286":"mettre","287":"seule","288":"oh","289":"donner","290":"j\u00e9tais","291":"derni\u00e8re","292":"quun","293":"assez","294":"loi","295":"tellement","296":"train","297":"genre","298":"droit","299":"trouver","300":"livre","301":"nombre","302":"guerre","303":"yeux","304":"partir","305":"font","306":"politique","307":"aucun","308":"donn\u00e9","309":"porte","310":"donne","311":"heures","312":"coup","313":"souvent","314":"ligne","315":"v\u00e9rit\u00e9","316":"parents","317":"photo","318":"vid\u00e9o","319":"aucune","320":"jusqu\u00e0","321":"lhomme","322":"pourrait","323":"fut","324":"jeune","325":"vont","326":"lai","327":"peuple","328":"pu","329":"jeunes","330":"main","331":"mis","332":"demande","333":"petite","334":"bas","335":"soci\u00e9t\u00e9","336":"sait","337":"lorsque","338":"the","339":"suite","340":"passer","341":"possible","342":"service","343":"sortir","344":"venir","345":"vivre","346":"semaine","347":"vue","348":"situation","349":"page","350":"daccord","351":"quune","352":"pr\u00e8s","353":"syst\u00e8me","354":"parole","355":"trouve","356":"aime","357":"police","358":"vas","359":"afin","360":"trouv\u00e9","361":"groupe","362":"avaient","363":"ceci","364":"royaume","365":"fr\u00e8re","366":"tas","367":"longtemps","368":"blog","369":"c\u0153ur","370":"roi","371":"combien","372":"quatre","373":"faites","374":"c\u00f4t\u00e9","375":"davoir","376":"dernier","377":"largent","378":"propos","379":"javais","380":"sujet","381":"nont","382":"propre","383":"regarde","384":"mani\u00e8re","385":"difficile","386":"ouais","387":"twitter","388":"loin","389":"vite","390":"corps","391":"demain","392":"aurait","393":"millions","394":"journ\u00e9e","395":"nombreux","396":"plusieurs","397":"langue","398":"nen","399":"voiture","400":"meilleur","401":"prix","402":"lors","403":"probl\u00e8mes","404":"belle","405":"questions","406":"jen","407":"m\u00e9dias","408":"t\u00e9moins","409":"amis","410":"ami","411":"d\u00e9but","412":"rendre","413":"lamour","414":"sang","415":"matin","416":"semble","417":"merde","418":"face","419":"lautre","420":"ann\u00e9e","421":"bonjour","422":"demand\u00e9","423":"gros","424":"aura","425":"site","426":"histoire","427":"lire","428":"s\u00e9curit\u00e9","429":"rester","430":"milliers","431":"pouvons","432":"sen","433":"simplement","434":"ensemble","435":"parmi","436":"parti","437":"christ","438":"b\u00e9b\u00e9","439":"ok","440":"monsieur","441":"chr\u00e9tiens","442":"comprendre","443":"devrait","444":"lon","445":"projet","446":"lair","447":"quelles","448":"france","449":"salut","450":"libert\u00e9","451":"foi","452":"confiance","453":"paul","454":"plein","455":"feu","456":"lun","457":"ensuite","458":"\u00e9ternel","459":"autant","460":"savez","461":"fr\u00e8res","462":"parfois","463":"cependant","464":"arrive","465":"tuer","466":"plut\u00f4t","467":"gars","468":"commenc\u00e9","469":"compris","470":"mot","471":"important","472":"celle","473":"droits","474":"eh","475":"retour","476":"paix","477":"photos","478":"sorte","479":"amour","480":"mec","481":"seront","482":"chance","483":"laquelle","484":"voil\u00e3","485":"rapport","486":"fran\u00e7ais","487":"connais","488":"devons","489":"gr\u00e2ce","490":"perdu","491":"maman","492":"tour","493":"d\u00e9sol\u00e9","494":"fort","495":"enfant","496":"voulez","497":"changer","498":"voulais","499":"heureux","500":"seigneur","501":"entendu","502":"filles","503":"nouvelles","504":"laisse","505":"veulent","506":"aider","507":"force","508":"membres","509":"n\u00e9tait","510":"minutes","511":"humains","512":"facebook","513":"internet","514":"certaines","515":"heure","516":"ciel","517":"marche","518":"mots","519":"cinq","520":"ah","521":"doivent","522":"public","523":"sant\u00e9","524":"putain","525":"commence","526":"chef","527":"haut","528":"arriv\u00e9","529":"voix","530":"f\u00eate","531":"allons","532":"chacun","533":"an","534":"garde","535":"truc","536":"demander","537":"pouvait","538":"hier","539":"jouer","540":"six","541":"presque","542":"lesprit","543":"ait","544":"plan","545":"jeu","546":"but","547":"laisser","548":"lune","549":"film","550":"marie","551":"enfin","552":"type","553":"hein","554":"chercher","555":"jean","556":"morts","557":"travers","558":"id\u00e9e","559":"traduzic","560":"soient","561":"facile","562":"pourtant","563":"re\u00e7u","564":"manger","565":"devenir","566":"\u00e9tais","567":"surtout","568":"penser","569":"lhistoire","570":"leau","571":"traduction","572":"voit","573":"long","574":"message","575":"doute","576":"disent","577":"partout","578":"new","579":"aide","580":"plupart","581":"d\u00e8s","582":"dautre","583":"mains","584":"attention","585":"publi\u00e9","586":"mariage","587":"politiques","588":"envie","589":"quest","590":"effet","591":"d\u00fb","592":"croire","593":"conseil","594":"simple","595":"regarder","596":"mourir","597":"dessus","598":"forme","599":"durant","600":"recherche","601":"grave","602":"r\u00e9ponse","603":"justice","604":"montrer","605":"venu","606":"sois","607":"papa","608":"voil\u00e0","609":"autour","610":"moyen","611":"l\u00e9cole","612":"sagit","613":"tel","614":"choix","615":"telle","616":"derri\u00e8re","617":"esprit","618":"prends","619":"paroles","620":"devez","621":"centre","622":"carte","623":"mari","624":"peine","625":"niveau","626":"campagne","627":"dur","628":"fini","629":"men","630":"jaime","631":"bient\u00f4t","632":"beau","633":"meilleure","634":"manque","635":"pla\u00e3","636":"travailler","637":"prend","638":"ministre","639":"chemin","640":"pierre","641":"rires","642":"mauvais","643":"\u00e9tat","644":"sud","645":"affaires","646":"and","647":"vieux","648":"g\u00e9n\u00e9ral","649":"nombreuses","650":"isra\u00ebl","651":"communaut\u00e9","652":"milieu","653":"musique","654":"article","655":"tiens","656":"gauche","657":"soleil","658":"prison","659":"appris","660":"salle","661":"nimporte","662":"malgr\u00e9","663":"montre","664":"sort","665":"mesure","666":"signifie","667":"explique","668":"parl\u00e9","669":"appel\u00e9","670":"march\u00e9","671":"num\u00e9ro","672":"nourriture","673":"via","674":"rouge","675":"deuxi\u00e8me","676":"sociaux","677":"dix","678":"chambre","679":"jesp\u00e8re","680":"dentre","681":"programme","682":"david","683":"route","684":"voyez","685":"plaisir","686":"population","687":"puissance","688":"avais","689":"nestce","690":"dollars","691":"super","692":"environ","693":"classe","694":"lequel","695":"permet","696":"pr\u00e9sent","697":"base","698":"quen","699":"valeur","700":"arriver","701":"anglais","702":"coeur","703":"rue","704":"soutien","705":"l\u00e9tat","706":"grands","707":"pr\u00eat","708":"dabord","709":"larm\u00e9e","710":"lint\u00e9rieur","711":"lit","712":"connaissance","713":"lheure","714":"rend","715":"saint","716":"visite","717":"savais","718":"citoyens","719":"col\u00e8re","720":"lumi\u00e8re","721":"petits","722":"jaimerais","723":"utiliser","724":"lann\u00e9e","725":"minist\u00e8re","726":"r\u00e9gion","727":"ten","728":"devenu","729":"autorit\u00e9s","730":"exactement","731":"nations","732":"envers","733":"attends","734":"journaliste","735":"appelle","736":"comprends","737":"d\u00e9cision","738":"voulu","739":"gagner","740":"pensais","741":"liste","742":"nouveaux","743":"commencer","744":"h\u00e9","745":"droite","746":"travaille","747":"mise","748":"produit","749":"m\u00eames","750":"dargent","751":"ci","752":"nord","753":"continue","754":"lettre","755":"devait","756":"mas","757":"s\u00e9rie","758":"pire","759":"laide","760":"astu","761":"blogueurs","762":"\u00e9tant","763":"existe","764":"entier","765":"presse","766":"tomber","767":"conna\u00eetre","768":"laiss\u00e9","769":"garder","770":"joie","771":"informations","772":"servir","773":"visage","774":"d\u00e3","775":"malade","776":"avezvous","777":"langues","778":"ii","779":"sinon","780":"d\u00e9veloppement","781":"atil","782":"unis","783":"t\u00e9l\u00e9phone","784":"russie","785":"journal","786":"seconde","787":"affaire","788":"bout","789":"faux","790":"tai","791":"produits","792":"preuve","793":"essayer","794":"bonnes","795":"conscience","796":"pens\u00e9","797":"rappelle","798":"billet","799":"ferme","800":"mars","801":"crise","802":"in","803":"ayant","804":"faisant","805":"vit","806":"dehors","807":"puisse","808":"rendu","809":"donn\u00e9es","810":"\u00e9tats","811":"\u00eatesvous","812":"risque","813":"octobre","814":"perdre","815":"solution","816":"suivre","817":"devrais","818":"of","819":"fera","820":"images","821":"met","822":"cerveau","823":"endroit","824":"mauvaise","825":"grandes","826":"ya","827":"paris","828":"sc\u00e8ne","829":"venez","830":"livres","831":"actuellement","832":"raisons","833":"noir","834":"pourrais","835":"serai","836":"derni\u00e8res","837":"habitants","838":"furent","839":"cul","840":"prochain","841":"semaines","842":"juifs","843":"chine","844":"position","845":"porter","846":"tandis","847":"voulait","848":"connu","849":"viennent","850":"p\u00e9riode","851":"nas","852":"dapr\u00e8s","853":"navait","854":"musiques","855":"chien","856":"sept","857":"pieds","858":"forces","859":"impossible","860":"york","861":"certain","862":"professeur","863":"bureau","864":"faute","865":"d\u00e9clar\u00e9","866":"quels","867":"celles","868":"lont","869":"violence","870":"finalement","871":"prochaine","872":"religion","873":"nature","874":"culture","875":"boulot","876":"probablement","877":"d\u00e9bat","878":"faisait","879":"arr\u00eate","880":"vaut","881":"fou","882":"payer","883":"tu\u00e9","884":"\u00e9tudiants","885":"incroyable","886":"cent","887":"prenez","888":"fond","889":"s\u00e9rieux","890":"bras","891":"libre","892":"soyez","893":"oubli\u00e9","894":"derniers","895":"envoy\u00e9","896":"\u00e9poque","897":"jaurais","898":"vivant","899":"compl\u00e8tement","900":"mondiale","901":"r\u00eave","902":"mer","903":"disant","904":"mode","905":"int\u00e9ressant","906":"direction","907":"afrique","908":"\u00e9quipe","909":"or","910":"d\u00e9cid\u00e9","911":"anciens","912":"nation","913":"voyage","914":"raconte","915":"sagesse","916":"manifestations","917":"changement","918":"continuer","919":"tenir","920":"mouvement","921":"revoir","922":"moyens","923":"blogueur","924":"contr\u00f4le","925":"janvier","926":"sauver","927":"caf\u00e9","928":"importante","929":"rapidement","930":"l\u00e9glise","931":"navez","932":"projets","933":"voie","934":"jusqu\u00e3","935":"allait","936":"l\u00e9poque","937":"absolument","938":"dormir","939":"mont","940":"village","941":"discours","942":"national","943":"r\u00e9sultats","944":"terme","945":"las","946":"appel","947":"r\u00f4le","948":"pratique","949":"d\u00e9claration","950":"ailleurs","951":"luniversit\u00e9","952":"japon","953":"r\u00e9alit\u00e9","954":"victimes","955":"hors","956":"avis","957":"diff\u00e9rents","958":"diff\u00e9rentes","959":"pain","960":"courant","961":"apprendre","962":"ouvert","963":"faite","964":"besoins","965":"animaux","966":"\u00e8me","967":"dimanche","968":"d\u00e9clare","969":"image","970":"essay\u00e9","971":"sauf","972":"acheter","973":"prie","974":"retard","975":"note","976":"dirait","977":"tre","978":"global","979":"pied","980":"chaud","981":"fit","982":"disciples","983":"drogue","984":"web","985":"forte","986":"qu\u00e0","987":"r\u00e9volution","988":"toutefois","989":"bons","990":"maladie","991":"bibliques","992":"fonction","993":"devoir","994":"r\u00e9cemment","995":"sils","996":"argent","997":"prot\u00e9ger","998":"savent","999":"utilis\u00e9","1000":"source","1001":"navons","1002":"dites","1003":"normal","1004":"vis","1005":"lorganisation","1006":"faits","1007":"mai","1008":"capable","1009":"p\u00e9ch\u00e9","1010":"pardon","1011":"mdr","1012":"cr\u00e9\u00e9","1013":"to","1014":"regardez","1015":"allah","1016":"v\u00e9ritable","1017":"r\u00e9ussi","1018":"cr\u00e9er","1019":"assis","1020":"savons","1021":"lid\u00e9e","1022":"villes","1023":"t\u00f4t","1024":"davantage","1025":"bonheur","1026":"russe","1027":"riche","1028":"bois","1029":"lu","1030":"permis","1031":"importe","1032":"manifestants","1033":"ressemble","1034":"arr\u00eat\u00e9","1035":"humaine","1036":"boire","1037":"jusquau","1038":"certaine","1039":"contraire","1040":"responsable","1041":"sy","1042":"tirer","1043":"nationale","1044":"linformation","1045":"voyons","1046":"daller","1047":"voulons","1048":"disait","1049":"quant","1050":"voices","1051":"docteur","1052":"date","1053":"t\u00e9moin","1054":"jy","1055":"serais","1056":"mille","1057":"signe","1058":"sentir","1059":"devient","1060":"anniversaire","1061":"prise","1062":"combat","1063":"poste","1064":"temple","1065":"pensent","1066":"r\u00e9seaux","1067":"congr\u00e9gation","1068":"mo\u00efse","1069":"actes","1070":"pr\u00e9senter","1071":"jeux","1072":"t\u00e9l\u00e9vision","1073":"\u00e9lections","1074":"taux","1075":"br\u00e9sil","1076":"chang\u00e9","1077":"activit\u00e9s","1078":"aujourd","1079":"match","1080":"succ\u00e8s","1081":"relations","1082":"chr\u00e9tien","1083":"pleine","1084":"danger","1085":"souviens","1086":"revenir","1087":"humain","1088":"vision","1089":"articles","1090":"pi\u00e8ce","1091":"exp\u00e9rience","1092":"volont\u00e9","1093":"respect","1094":"ferai","1095":"rencontre","1096":"conflit","1097":"faisons","1098":"change","1099":"si\u00e8cle","1100":"suivant","1101":"\u00e9conomique","1102":"froid","1103":"cadre","1104":"sac","1105":"groupes","1106":"id\u00e9es","1107":"chinois","1108":"mets","1109":"triste","1110":"ancien","1111":"deau","1112":"propres","1113":"minute","1114":"conseils","1115":"mange","1116":"joue","1117":"adresse","1118":"premiers","1119":"lois","1120":"diff\u00e9rence","1121":"all\u00e9","1122":"bus","1123":"dr\u00f4le","1124":"pote","1125":"coups","1126":"points","1127":"services","1128":"r\u00e9pondre","1129":"pensez","1130":"dici","1131":"sites","1132":"honte","1133":"faveur","1134":"conditions","1135":"nes","1136":"concernant","1137":"particulier","1138":"moiti\u00e9","1139":"pr\u00e9sente","1140":"pouvais","1141":"entendre","1142":"fallait","1143":"n\u00e9cessaire","1144":"calme","1145":"heureuse","1146":"pourraient","1147":"septembre","1148":"publique","1149":"peau","1150":"responsabilit\u00e9","1151":"bienvenue","1152":"f\u00e9vrier","1153":"titre","1154":"s\u0153ur","1155":"larticle","1156":"den","1157":"lh\u00f4pital","1158":"quartier","1159":"uns","1160":"proche","1161":"voudrais","1162":"armes","1163":"\u00e2me","1164":"centaines","1165":"d\u00e9fense","1166":"hui","1167":"lap\u00f4tre","1168":"milliards","1169":"qualit\u00e9","1170":"attendre","1171":"zone","1172":"efforts","1173":"cherche","1174":"dr","1175":"puisje","1176":"gar\u00e7on","1177":"vies","1178":"d\u00e9sormais","1179":"no\u00ebl","1180":"meilleurs","1181":"estu","1182":"pauvre","1183":"telles","1184":"compagnie","1185":"troisi\u00e8me","1186":"pauvres","1187":"\u00e9v\u00e9nements","1188":"you","1189":"unique","1190":"diable","1191":"directeur","1192":"huit","1193":"devraient","1194":"majorit\u00e9","1195":"nul","1196":"radio","1197":"m\u00e8tres","1198":"cher","1199":"internationale","1200":"table","1201":"rencontr\u00e9","1202":"centrale","1203":"clairement","1204":"rapide","1205":"plan\u00e8te","1206":"particuli\u00e8rement","1207":"cr\u00e9ation","1208":"t\u00e9l\u00e9","1209":"gt","1210":"direct","1211":"g\u00e9n\u00e9ralement","1212":"mission","1213":"vraie","1214":"v\u00e9cu","1215":"entreprises","1216":"rire","1217":"accord","1218":"cool","1219":"courage","1220":"ordre","1221":"soi","1222":"secret","1223":"montr\u00e9","1224":"domaine","1225":"verre","1226":"quitter","1227":"coupe","1228":"test","1229":"amie","1230":"satan","1231":"erreur","1232":"bouche","1233":"montagne","1234":"j\u00e9rusalem","1235":"texte","1236":"films","1237":"crime","1238":"pla\u00eet","1239":"aim\u00e9","1240":"populaire","1241":"personnel","1242":"lutte","1243":"r\u00e9seau","1244":"saison","1245":"trouvent","1246":"parfait","1247":"relation","1248":"pens\u00e9es","1249":"don","1250":"ch\u00e9rie","1251":"construction","1252":"applaudissements","1253":"japonais","1254":"lien","1255":"taime","1256":"million","1257":"l\u00e9nergie","1258":"d\u00e9sol\u00e9e","1259":"venue","1260":"vol","1261":"prennent","1262":"monter","1263":"madame","1264":"vent","1265":"aupr\u00e8s","1266":"ferais","1267":"termes","1268":"naissance","1269":"actions","1270":"serviteurs","1271":"obtenir","1272":"proc\u00e8s","1273":"r\u00e9ellement","1274":"expliquer","1275":"r\u00e9pondu","1276":"mecs","1277":"seuls","1278":"sorti","1279":"lait","1280":"d\u00e9couvert","1281":"blanc","1282":"journalistes","1283":"do\u00f9","1284":"suffit","1285":"rentrer","1286":"biblique","1287":"\u00e9coute","1288":"retrouver","1289":"illustration","1290":"\u00e9cole","1291":"r\u00e9union","1292":"terrain","1293":"soin","1294":"cour","1295":"tombe","1296":"membre","1297":"jure","1298":"babylone","1299":"pose","1300":"n\u00e9","1301":"sein","1302":"familles","1303":"con","1304":"debout","1305":"soir\u00e9e","1306":"concerne","1307":"penses","1308":"juge","1309":"vid\u00e9os","1310":"french","1311":"douleur","1312":"\u00e9tions","1313":"tweet","1314":"avions","1315":"sp\u00e9cial","1316":"bateau","1317":"parles","1318":"potes","1319":"clair","1320":"mur","1321":"su","1322":"\u00e9couter","1323":"suivi","1324":"estil","1325":"cl\u00e9","1326":"voitures","1327":"bande","1328":"tels","1329":"bruit","1330":"sourire","1331":"navais","1332":"juillet","1333":"foule","1334":"fous","1335":"r\u00eaves","1336":"promis","1337":"sol","1338":"responsables","1339":"meurtre","1340":"annonce","1341":"am\u00e9ricain","1342":"d\u00e9sir","1343":"club","1344":"syrie","1345":"surprise","1346":"savait","1347":"fid\u00e8les","1348":"cr\u00e9ateur","1349":"laissez","1350":"dos","1351":"poser","1352":"arbres","1353":"repas","1354":"dossier","1355":"r\u00e9sultat","1356":"lordre","1357":"finir","1358":"rencontrer","1359":"liens","1360":"puisque","1361":"principes","1362":"version","1363":"dailleurs","1364":"ennemis","1365":"lest","1366":"eau","1367":"\u00e9trangers","1368":"contact","1369":"frais","1370":"menace","1371":"quitt\u00e9","1372":"cadeau","1373":"totalement","1374":"pluie","1375":"histoires","1376":"chr\u00e9tienne","1377":"religieux","1378":"\u0153uvre","1379":"jsuis","1380":"matthieu","1381":"lavenir","1382":"capacit\u00e9","1383":"pens\u00e9e","1384":"grosse","1385":"battre","1386":"souhaite","1387":"parc","1388":"morte","1389":"banque","1390":"victoire","1391":"achet\u00e9","1392":"utilisateurs","1393":"d\u00e9cembre","1394":"certainement","1395":"proches","1396":"vivent","1397":"m\u00e9moire","1398":"militaire","1399":"pri\u00e8re","1400":"camp","1401":"outre","1402":"my","1403":"pleurer","1404":"lecteurs","1405":"\u00e9l\u00e8ves","1406":"magnifique","1407":"locaux","1408":"cancer","1409":"revient","1410":"pr\u00e9sence","1411":"cuisine","1412":"cheveux","1413":"termin\u00e9","1414":"el","1415":"r\u00e9guli\u00e8rement","1416":"capitale","1417":"fronti\u00e8re","1418":"etc","1419":"fid\u00e8le","1420":"\u00e9tatsunis","1421":"gueule","1422":"lenfant","1423":"discussion","1424":"pression","1425":"bord","1426":"pages","1427":"lopposition","1428":"arabe","1429":"sappelle","1430":"critique","1431":"\u00e2ge","1432":"processus","1433":"gaza","1434":"\u00e9crire","1435":"faisais","1436":"ben","1437":"charge","1438":"partager","1439":"vouloir","1440":"seraient","1441":"mod\u00e8le","1442":"suivante","1443":"secours","1444":"facilement","1445":"ira","1446":"air","1447":"soutenir","1448":"sortie","1449":"corruption","1450":"s\u00fbrement","1451":"notamment","1452":"juin","1453":"arr\u00eater","1454":"nouvel","1455":"noire","1456":"allonsy","1457":"devriez","1458":"\u00e9videmment","1459":"permettre","1460":"devrions","1461":"conduire","1462":"futur","1463":"laissemoi","1464":"blogs","1465":"travaill\u00e9","1466":"arr\u00eatez","1467":"chanson","1468":"jusqu","1469":"faudrait","1470":"toucher","1471":"bah","1472":"uniquement","1473":"suppose","1474":"touche","1475":"mati\u00e8re","1476":"seras","1477":"russes","1478":"int\u00e9r\u00eat","1479":"commentaires","1480":"r\u00e9gime","1481":"parties","1482":"souvenir","1483":"choisir","1484":"lieux","1485":"trucs","1486":"\u00e9tude","1487":"jugement","1488":"conduite","1489":"neuf","1490":"revue","1491":"faim","1492":"n\u00e9anmoins","1493":"champ","1494":"organisation","1495":"v\u00eatements","1496":"lanc\u00e9","1497":"large","1498":"sentiment","1499":"voient","1500":"mary","1501":"repr\u00e9sente","1502":"samedi","1503":"l\u00e9tranger","1504":"imaginez","1505":"s\u0153urs","1506":"dirigeants","1507":"contenu","1508":"rues","1509":"instant","1510":"aiment","1511":"double","1512":"mesures","1513":"n\u00eates","1514":"pouvezvous","1515":"\u00e9viter","1516":"promesse","1517":"\u00e9critures","1518":"cons\u00e9quences","1519":"bordel","1520":"d\u00e9mocratie","1521":"recevoir","1522":"esp\u00e8ce","1523":"technologie","1524":"jou\u00e9","1525":"l\u00e9conomie","1526":"pr\u00eate","1527":"cru","1528":"reviens","1529":"comprend","1530":"venus","1531":"sentiments","1532":"action","1533":"mang\u00e9","1534":"longue","1535":"er","1536":"distance","1537":"connaissent","1538":"thomas","1539":"court","1540":"sert","1541":"danse","1542":"nez","1543":"principal","1544":"r\u00e8gle","1545":"utilise","1546":"tendance","1547":"lexemple","1548":"connaissez","1549":"sors","1550":"pr\u00eats","1551":"novembre","1552":"m\u00e9decins","1553":"appeler","1554":"\u00e9gal","1555":"exemples","1556":"demi","1557":"arme","1558":"manifestation","1559":"petites","1560":"cc","1561":"diff\u00e9rent","1562":"isra\u00e9lites","1563":"entrer","1564":"hasard","1565":"arriv\u00e9e","1566":"code","1567":"utile","1568":"d\u00e9teste","1569":"vieille","1570":"moindre","1571":"second","1572":"directement","1573":"conf\u00e9rence","1574":"apporter","1575":"attitude","1576":"l\u00e9quipe","1577":"commission","1578":"parlement","1579":"star","1580":"mexique","1581":"consid\u00e8re","1582":"euh","1583":"ma\u00eetre","1584":"vide","1585":"cit\u00e9","1586":"attendez","1587":"meme","1588":"vacances","1589":"bouge","1590":"\u00e9tiez","1591":"appel\u00e9e","1592":"is","1593":"communication","1594":"sujets","1595":"participer","1596":"annonc\u00e9","1597":"limpression","1598":"vendredi","1599":"discuter","1600":"difficult\u00e9s","1601":"comptes","1602":"premi\u00e8res","1603":"envoyer","1604":"m\u00e9decin","1605":"ressources","1606":"ouverte","1607":"conduit","1608":"produire","1609":"delle","1610":"interdit","1611":"windows","1612":"malheureusement","1613":"youtube","1614":"tomb\u00e9","1615":"devenue","1616":"ajout\u00e9","1617":"sauv\u00e9","1618":"cheval","1619":"quelqu","1620":"moyenne","1621":"international","1622":"atteindre","1623":"tort","1624":"daide","1625":"entreprise","1626":"damour","1627":"changements","1628":"offre","1629":"machine","1630":"bombe","1631":"\u00e8re","1632":"folle","1633":"peuxtu","1634":"macron","1635":"content","1636":"europe","1637":"parlez","1638":"tue","1639":"agent","1640":"john","1641":"pr\u00e9parer","1642":"\u00e9tudes","1643":"joueur","1644":"moments","1645":"rapports","1646":"objectif","1647":"joyeux","1648":"chiffres","1649":"confinement","1650":"d\u00e9couvrir","1651":"vingt","1652":"inde","1653":"vitesse","1654":"agir","1655":"ao\u00fbt","1656":"vasy","1657":"cieux","1658":"sociale","1659":"accepter","1660":"haine","1661":"social","1662":"perte","1663":"d\u00e9crit","1664":"construire","1665":"m\u00e9dia","1666":"d\u00e9cisions","1667":"\u00e9l\u00e9ments","1668":"espoir","1669":"bataille","1670":"effectivement","1671":"tourne","1672":"r\u00e9ponses","1673":"marier","1674":"patron","1675":"maisons","1676":"times","1677":"avril","1678":"maladies","1679":"ll","1680":"imm\u00e9diatement","1681":"protection","1682":"dedans","1683":"acte","1684":"enqu\u00eate","1685":"arri\u00e8re","1686":"d\u00e9velopper","1687":"arriv\u00e9s","1688":"extr\u00eamement","1689":"bleu","1690":"c\u00e9l\u00e8bre","1691":"dy","1692":"arrivent","1693":"formation","1694":"auraient","1695":"autrement","1696":"r\u00e9unions","1697":"daujourdhui","1698":"parlent","1699":"emploi","1700":"effets","1701":"taille","1702":"auront","1703":"moim\u00eame","1704":"rappeler","1705":"jolie","1706":"pourra","1707":"partis","1708":"amoureux","1709":"accident","1710":"pr\u00e9vu","1711":"fil","1712":"d\u00e9part","1713":"lesquelles","1714":"dismoi","1715":"physique","1716":"plait","1717":"pure","1718":"propose","1719":"fasse","1720":"mme","1721":"voisins","1722":"chair","1723":"partage","1724":"prisonniers","1725":"travailleurs","1726":"arbre","1727":"marcher","1728":"al","1729":"\u00e9norme","1730":"copine","1731":"fleurs","1732":"rentre","1733":"supporter","1734":"choisi","1735":"accept\u00e9","1736":"fumer","1737":"virus","1738":"types","1739":"g\u00e9rer","1740":"d\u00e9fendre","1741":"r\u00e8gles","1742":"arm\u00e9e","1743":"sage","1744":"gloire","1745":"pourriez","1746":"phrase","1747":"lassembl\u00e9e","1748":"dorigine","1749":"obtenu","1750":"internautes","1751":"aient","1752":"cacher","1753":"attend","1754":"b\u00eate","1755":"voler","1756":"prouver","1757":"civile","1758":"attaques","1759":"r\u00e9gions","1760":"faible","1761":"jeunesse","1762":"apparemment","1763":"g\u00e9n\u00e9ration","1764":"fa\u00e7ons","1765":"\u00e9coles","1766":"portes","1767":"beaut\u00e9","1768":"coucher","1769":"science","1770":"billets","1771":"lespace","1772":"midi","1773":"pr\u00e9f\u00e8re","1774":"eut","1775":"secondes","1776":"ma\u00e3","1777":"retourner","1778":"aurais","1779":"hey","1780":"laffaire","1781":"faudra","1782":"gaz","1783":"pri\u00e8res","1784":"paradis","1785":"lendemain","1786":"zones","1787":"magasin","1788":"m\u00e9rite","1789":"course","1790":"passage","1791":"marque","1792":"lattention","1793":"h\u00e2te","1794":"l\u00e2ge","1795":"victime","1796":"d\u00e9tails","1797":"messages","1798":"sache","1799":"enti\u00e8re","1800":"salope","1801":"langage","1802":"bless\u00e9s","1803":"proposition","1804":"conna\u00e3","1805":"avion","1806":"priv\u00e9","1807":"spirituelle","1808":"couleurs","1809":"attaque","1810":"lunivers","1811":"capitaine","1812":"do","1813":"dinformation","1814":"dinformations","1815":"am\u00e9liorer","1816":"jessaie","1817":"cha\u00eene","1818":"quotidien","1819":"regard\u00e9","1820":"lart","1821":"organisations","1822":"proph\u00e8te","1823":"d\u00e9cider","1824":"commerce","1825":"publicit\u00e9","1826":"militaires","1827":"amp","1828":"production","1829":"demeure","1830":"pareil","1831":"constitution","1832":"pute","1833":"vendre","1834":"limage","1835":"lassociation","1836":"total","1837":"s\u00fbre","1838":"vote","1839":"rapporte","1840":"laissezmoi","1841":"carri\u00e8re","1842":"r\u00e9alis\u00e9","1843":"touch\u00e9","1844":"job","1845":"croyais","1846":"tourner","1847":"d\u00e9clara","1848":"soci\u00e9t\u00e9s","1849":"compagnons","1850":"sexe","1851":"noms","1852":"emp\u00eacher","1853":"go\u00fbt","1854":"sources","1855":"aimer","1856":"africains","1857":"kilom\u00e8tres","1858":"disais","1859":"foyer","1860":"silence","1861":"atteint","1862":"oblig\u00e9","1863":"chanter","1864":"traitement","1865":"diff\u00e9rente","1866":"bizarre","1867":"continuent","1868":"esp\u00e8re","1869":"lan","1870":"fatigu\u00e9","1871":"heureusement","1872":"dame","1873":"mandat","1874":"traiter","1875":"viande","1876":"luim\u00eame","1877":"somme","1878":"donnemoi","1879":"recherches","1880":"si\u00e8ge","1881":"\u00e9trange","1882":"rendez","1883":"fruit","1884":"fruits","1885":"progr\u00e8s","1886":"tribunal","1887":"retrouve","1888":"cass\u00e9","1889":"disparu","1890":"couleur","1891":"nucl\u00e9aire","1892":"chapitre","1893":"commis","1894":"biens","1895":"r\u00e9actions","1896":"doux","1897":"pr\u00eatres","1898":"grandi","1899":"syst\u00e8mes","1900":"r\u00e9fl\u00e9chir","1901":"ayez","1902":"destruction","1903":"r\u00e9fugi\u00e9s","1904":"contr\u00f4ler","1905":"celuici","1906":"romains","1907":"p\u00e9trole","1908":"chaussures","1909":"grec","1910":"m\u00e9chant","1911":"lavait","1912":"diverses","1913":"cesse","1914":"rendezvous","1915":"t\u00e9moignage","1916":"r\u00e9soudre","1917":"r\u00e9el","1918":"r\u00e9action","1919":"vrais","1920":"pommes","1921":"gagn\u00e9","1922":"blague","1923":"avocat","1924":"mauvaises","1925":"pont","1926":"baiser","1927":"devaient","1928":"portent","1929":"gar\u00e7ons","1930":"ajoute","1931":"mavez","1932":"pakistan","1933":"chute","1934":"psaume","1935":"soeur","1936":"terres","1937":"exprim\u00e9","1938":"tient","1939":"avenir","1940":"that","1941":"importants","1942":"commentaire","1943":"clients","1944":"patients","1945":"\u00e9lev\u00e9","1946":"reconnaissance","1947":"secteur","1948":"mit","1949":"croit","1950":"am\u00e9ricains","1951":"loccasion","1952":"surface","1953":"cartes","1954":"esprits","1955":"ouvre","1956":"europ\u00e9enne","1957":"etatsunis","1958":"veuxtu","1959":"sortez","1960":"all\u00e9e","1961":"messieurs","1962":"pr\u00eacher","1963":"candidats","1964":"r\u00e9pond","1965":"trait\u00e9","1966":"langlais","1967":"suffisamment","1968":"spectacle","1969":"cellule","1970":"iran","1971":"\u00e9tudier","1972":"preuves","1973":"peuples","1974":"jarrive","1975":"vol\u00e9","1976":"papier","1977":"gouvernements","1978":"salon","1979":"prier","1980":"objectifs","1981":"pay\u00e9","1982":"comportement","1983":"ridicule","1984":"enseigner","1985":"locale","1986":"croissance","1987":"vin","1988":"v\u00e9rifier","1989":"conna\u00eet","1990":"disons","1991":"ap\u00f4tres","1992":"quitte","1993":"mr","1994":"lyc\u00e9e","1995":"belles","1996":"lentement","1997":"ecoute","1998":"pousser","1999":"int\u00e9ressante","2000":"chat","2001":"parfaitement","2002":"blancs","2003":"d\u00e9truire","2004":"sociales","2005":"auparavant","2006":"blanche","2007":"essaie","2008":"condamn\u00e9","2009":"lecture","2010":"lintention","2011":"parlait","2012":"historique","2013":"territoire","2014":"raconter","2015":"diffusion","2016":"no","2017":"fonctionne","2018":"catholiques","2019":"doigt","2020":"michael","2021":"rivi\u00e8re","2022":"venant","2023":"attendu","2024":"remarqu\u00e9","2025":"parlons","2026":"chefs","2027":"rendent","2028":"masse","2029":"le\u00e7on","2030":"chasse","2031":"commun","2032":"scientifique","2033":"dangereux","2034":"moderne","2035":"lacc\u00e8s","2036":"eaux","2037":"ferm\u00e9","2038":"aviez","2039":"fen\u00eatre","2040":"pourrez","2041":"weekend","2042":"jeter","2043":"lenvironnement","2044":"publics","2045":"techniques","2046":"bouger","2047":"arm\u00e9es","2048":"culte","2049":"am\u00e9ricaine","2050":"agr\u00e9able","2051":"go","2052":"lhumanit\u00e9","2053":"survivre","2054":"rends","2055":"spirituel","2056":"cible","2057":"surpris","2058":"occup\u00e9","2059":"mondial","2060":"apport\u00e9","2061":"couper","2062":"\u00e9vident","2063":"croient","2064":"jardin","2065":"kim","2066":"p\u00e8res","2067":"sale","2068":"conversation","2069":"pauvret\u00e9","2070":"riches","2071":"profit","2072":"bangladesh","2073":"canada","2074":"dure","2075":"poisson","2076":"fric","2077":"mettent","2078":"revenu","2079":"etre","2080":"c\u00e9leste","2081":"front","2082":"oublier","2083":"tente","2084":"carr\u00e9","2085":"n\u00e9gro","2086":"foutre","2087":"inutile","2088":"\u00e9trang\u00e8res","2089":"h\u00e9ros","2090":"animal","2091":"\u00e9conomiques","2092":"approche","2093":"quiconque","2094":"int\u00e9r\u00eats","2095":"l\u00eele","2096":"faisaient","2097":"erreurs","2098":"litt\u00e9ralement","2099":"dette","2100":"parfaite","2101":"rome","2102":"lafrique","2103":"puissant","2104":"coupable","2105":"reconna\u00eetre","2106":"pr\u00e9sent\u00e9","2107":"descendre","2108":"excellent","2109":"appartient","2110":"lint\u00e9r\u00eat","2111":"frapp\u00e9","2112":"montrent","2113":"stupide","2114":"couple","2115":"lundi","2116":"post","2117":"l\u00e9ducation","2118":"rang","2119":"information","2120":"ph\u00e9nom\u00e8ne","2121":"fume","2122":"pouvaient","2123":"google","2124":"haute","2125":"th\u00e9","2126":"priv\u00e9e","2127":"continent","2128":"lib\u00e9ration","2129":"identit\u00e9","2130":"g\u00e2teau","2131":"dapprendre","2132":"feront","2133":"disponible","2134":"naime","2135":"tenter","2136":"nulle","2137":"efficace","2138":"davis","2139":"lancien","2140":"pr\u00e9dication","2141":"dents","2142":"programmes","2143":"courir","2144":"ferait","2145":"amen\u00e9","2146":"dann\u00e9es","2147":"r\u00e8gne","2148":"ange","2149":"for\u00eat","2150":"londres","2151":"catholique","2152":"forum","2153":"intitul\u00e9","2154":"permettent","2155":"communaut\u00e9s","2156":"trente","2157":"r\u00e9cup\u00e9rer","2158":"fonds","2159":"meuf","2160":"mari\u00e9e","2161":"d\u00e9truit","2162":"mani\u00e8res","2163":"lavez","2164":"danser","2165":"missionnaires","2166":"franchement","2167":"h\u00f4pital","2168":"limites","2169":"scientifiques","2170":"demandent","2171":"possibles","2172":"expliqu\u00e9","2173":"compr\u00e9hension","2174":"principaux","2175":"fer","2176":"g\u00e9nial","2177":"concert","2178":"n\u00e9gros","2179":"qu\u00e3","2180":"phase","2181":"tweets","2182":"bonsoir","2183":"plans","2184":"br\u00fbler","2185":"tranquille","2186":"rythme","2187":"occasion","2188":"lindustrie","2189":"t\u00e9moignages","2190":"si\u00e8cles","2191":"maider","2192":"divine","2193":"affirme","2194":"principale","2195":"central","2196":"consid\u00e9r\u00e9","2197":"tenez","2198":"organis\u00e9","2199":"poids","2200":"contient","2201":"black","2202":"quantit\u00e9","2203":"profond","2204":"contrairement","2205":"gestion","2206":"concours","2207":"mienne","2208":"sommet","2209":"mener","2210":"soldats","2211":"g\u00e9n\u00e9rale","2212":"circonstances","2213":"choc","2214":"sport","2215":"lunion","2216":"naurais","2217":"restez","2218":"glace","2219":"lobjet","2220":"terrible","2221":"cons\u00e9quent","2222":"domination","2223":"traduit","2224":"dafrique","2225":"ch\u00e9ri","2226":"coin","2227":"proph\u00e9tie","2228":"risques","2229":"r\u00e9v\u00e9lation","2230":"actuel","2231":"veille","2232":"trouvez","2233":"robe","2234":"meilleures","2235":"denfants","2236":"contente","2237":"narrive","2238":"conneries","2239":"tire","2240":"oncle","2241":"construit","2242":"trouvait","2243":"lavons","2244":"rejoindre","2245":"news","2246":"lettres","2247":"sciences","2248":"repr\u00e9sentant","2249":"actuelle","2250":"province","2251":"d\u00e9fi","2252":"t\u00e2che","2253":"r\u00e9veiller","2254":"kong","2255":"\u0153il","2256":"tenu","2257":"tokyo","2258":"dise","2259":"c\u00f4te","2260":"dexpression","2261":"l\u00e0bas","2262":"min","2263":"valeurs","2264":"merveilleux","2265":"battu","2266":"op\u00e9ration","2267":"officiel","2268":"tir\u00e9","2269":"profond\u00e9ment","2270":"crimes","2271":"\u00e9ternelle","2272":"\u00e9lectorale","2273":"jack","2274":"station","2275":"vastu","2276":"traditionnels","2277":"maintenir","2278":"sympa","2279":"morceau","2280":"ressens","2281":"sacr\u00e9","2282":"fermer","2283":"d\u00e9clarations","2284":"pourrions","2285":"serez","2286":"enti\u00e8rement","2287":"moscou","2288":"devenus","2289":"rare","2290":"r\u00e9aliser","2291":"possession","2292":"hong","2293":"bravo","2294":"balles","2295":"we","2296":"pi\u00e8ces","2297":"festival","2298":"daniel","2299":"technique","2300":"lorsquil","2301":"aid\u00e9","2302":"sortes","2303":"th\u00e8me","2304":"final","2305":"r\u00e9sister","2306":"officielle","2307":"bar","2308":"ramener","2309":"sacrifice","2310":"\u00e9pisode","2311":"maire","2312":"policier","2313":"surveillance","2314":"fran\u00e7aise","2315":"pleure","2316":"donnent","2317":"l\u00e9tude","2318":"propos\u00e9","2319":"flickr","2320":"vert","2321":"cellules","2322":"travaux","2323":"tent\u00e9","2324":"capables","2325":"regard","2326":"invit\u00e9s","2327":"figure","2328":"impression","2329":"sent","2330":"importantes","2331":"ner","2332":"murs","2333":"autrefois","2334":"gentil","2335":"cach\u00e9","2336":"dan","2337":"pr","2338":"one","2339":"top","2340":"idiot","2341":"monte","2342":"world","2343":"allant","2344":"arabes","2345":"m\u00e9decine","2346":"vente","2347":"d\u00e9pression","2348":"logique","2349":"l\u00e9volution","2350":"tiers","2351":"connue","2352":"lesquels","2353":"semblent","2354":"fans","2355":"queue","2356":"utilisent","2357":"compter","2358":"venait","2359":"restaurant","2360":"photographie","2361":"pousse","2362":"lavoir","2363":"excuses","2364":"mouvements","2365":"rois","2366":"b\u00e9n\u00e9diction","2367":"publication","2368":"crainte","2369":"permission","2370":"cameroun","2371":"ouvrir","2372":"respecter","2373":"ia","2374":"opinion","2375":"dieux","2376":"re\u00e7oit","2377":"abraham","2378":"continuez","2379":"pr\u00e9pare","2380":"monnaie","2381":"devint","2382":"z\u00e9ro","2383":"principe","2384":"printemps","2385":"mappelle","2386":"profonde","2387":"caract\u00e8re","2388":"croyez","2389":"bref","2390":"r\u00e9cit","2391":"importance","2392":"voudrait","2393":"circulation","2394":"remise","2395":"assembl\u00e9es","2396":"letat","2397":"folie","2398":"qualit\u00e9s","2399":"meurt","2400":"george","2401":"souvenirs","2402":"notes","2403":"r\u00e9surrection","2404":"viendra","2405":"cl\u00e9s","2406":"chiens","2407":"\u00e9toiles","2408":"ellem\u00eame","2409":"trou","2410":"f\u00e9licitations","2411":"servi","2412":"mensonges","2413":"egypte","2414":"fuite","2415":"fid\u00e9lit\u00e9","2416":"port\u00e9e","2417":"invit\u00e9","2418":"qua","2419":"brebis","2420":"esclave","2421":"angle","2422":"l\u00e8ve","2423":"passait","2424":"style","2425":"mercredi","2426":"promouvoir","2427":"m\u00e8ne","2428":"tenue","2429":"it","2430":"lhonneur","2431":"joueurs","2432":"ajouter","2433":"lespoir","2434":"for","2435":"d\u00e9g\u00e2ts","2436":"football","2437":"ennemi","2438":"salaire","2439":"plat","2440":"r\u00e9v\u00e8le","2441":"c\u00f4t\u00e9s","2442":"application","2443":"\u00e9v\u00e9nement","2444":"imaginer","2445":"dessous","2446":"soyons","2447":"d\u00e9jeuner","2448":"gagne","2449":"reine","2450":"indique","2451":"partez","2452":"chier","2453":"poss\u00e8de","2454":"personnellement","2455":"faistu","2456":"quau","2457":"troubles","2458":"arr\u00eat\u00e9s","2459":"couch\u00e9","2460":"neige","2461":"chiffre","2462":"richesse","2463":"terroristes","2464":"personnelles","2465":"los","2466":"anges","2467":"morale","2468":"formes","2469":"reprendre","2470":"tribu","2471":"honneur","2472":"foot","2473":"num\u00e9rique","2474":"lorsquils","2475":"gamin","2476":"tinqui\u00e8te","2477":"dommage","2478":"aveugle","2479":"\u00e9ternellement","2480":"religieuse","2481":"essaye","2482":"r\u00e9publique","2483":"partag\u00e9","2484":"espagnol","2485":"vs","2486":"fournir","2487":"essayez","2488":"espagne","2489":"montrant","2490":"proposer","2491":"aurez","2492":"traite","2493":"lam\u00e9rique","2494":"malheur","2495":"suit","2496":"larmes","2497":"usa","2498":"musulmans","2499":"r\u00e9elle","2500":"carbone","2501":"guide","2502":"obama","2503":"climat","2504":"gr\u00e8ve","2505":"tension","2506":"pr\u00eatre","2507":"poissons","2508":"intelligence","2509":"d\u00e9pend","2510":"bo\u00eete","2511":"fantastique","2512":"sauvage","2513":"artistes","2514":"etat","2515":"sexy","2516":"miss","2517":"voter","2518":"exact","2519":"complet","2520":"drapeau","2521":"chaleur","2522":"mm","2523":"lauteur","2524":"internationales","2525":"ordres","2526":"maroc","2527":"assister","2528":"souffrance","2529":"disposition","2530":"poursuit","2531":"s\u00e9tait","2532":"souffle","2533":"enceinte","2534":"r\u00e9flexion","2535":"port","2536":"limite","2537":"cents","2538":"policiers","2539":"v\u00e9lo","2540":"cr\u00e9e","2541":"occupe","2542":"violences","2543":"pouvoirs","2544":"remettre","2545":"lutter","2546":"plantes","2547":"n\u00e9taient","2548":"particip\u00e9","2549":"finale","2550":"candidat","2551":"n\u00e9tais","2552":"privil\u00e8ge","2553":"ventre","2554":"poutine","2555":"morceaux","2556":"m\u00e9tro","2557":"usage","2558":"repos","2559":"utilis\u00e9e","2560":"cens\u00e9","2561":"consid\u00e9rer","2562":"cuba","2563":"sympt\u00f4mes","2564":"consommation","2565":"pr\u00e9sidentielle","2566":"voyages","2567":"d\u00e9tention","2568":"mdrr","2569":"km","2570":"ch\u00f4mage","2571":"putes","2572":"soins","2573":"utilisant","2574":"audessus","2575":"l\u00e9lection","2576":"salomon","2577":"cache","2578":"menti","2579":"humaines","2580":"bienfaits","2581":"s\u00e9taient","2582":"donnant","2583":"lever","2584":"augmentation","2585":"acc\u00e8s","2586":"saints","2587":"soixante","2588":"exp\u00e9riences","2589":"washington","2590":"douze","2591":"pr\u00e9f\u00e9r\u00e9","2592":"infos","2593":"populaires","2594":"canal","2595":"lenfer","2596":"prenons","2597":"deviennent","2598":"explication","2599":"nourrir","2600":"devra","2601":"n\u00e9cessaires","2602":"outils","2603":"sc\u00e9nario","2604":"rassemblement","2605":"cr\u00e9dit","2606":"lext\u00e9rieur","2607":"d\u00eener","2608":"graves","2609":"promotion","2610":"lexp\u00e9rience","2611":"aspects","2612":"divers","2613":"linstant","2614":"pr\u00e9par\u00e9","2615":"reconnaissant","2616":"so","2617":"cherchez","2618":"leurope","2619":"reconnu","2620":"justes","2621":"apprend","2622":"environnement","2623":"visites","2624":"superbe","2625":"passent","2626":"objet","2627":"mobile","2628":"toilettes","2629":"attendant","2630":"fesses","2631":"pr\u00e9c\u00e9dent","2632":"alex","2633":"fausse","2634":"aimes","2635":"d\u00e9partement","2636":"l\u00e2che","2637":"examen","2638":"charlie","2639":"personnalit\u00e9","2640":"viol","2641":"ptn","2642":"observer","2643":"piste","2644":"juda","2645":"turquie","2646":"restent","2647":"publier","2648":"plateforme","2649":"coll\u00e8ge","2650":"ordinateur","2651":"dobtenir","2652":"appareil","2653":"vus","2654":"nw","2655":"pape","2656":"tr\u00f4ne","2657":"locales","2658":"s\u00e9rieusement","2659":"mi","2660":"devais","2661":"agit","2662":"stade","2663":"licence","2664":"activit\u00e9","2665":"bless\u00e9","2666":"ie","2667":"anc\u00eatres","2668":"employ\u00e9s","2669":"lancer","2670":"biblioth\u00e8que","2671":"aussit\u00f4t","2672":"repr\u00e9sentants","2673":"pr\u00e9sentation","2674":"espace","2675":"militants","2676":"pensait","2677":"cot\u00e9","2678":"fixe","2679":"publi\u00e9e","2680":"vendu","2681":"institutions","2682":"lorigine","2683":"enseignants","2684":"svp","2685":"flics","2686":"organiser","2687":"prises","2688":"puissent","2689":"linternet","2690":"demandez","2691":"pur","2692":"retourne","2693":"bi\u00e8re","2694":"vague","2695":"destin","2696":"wsh","2697":"cadeaux","2698":"chr\u00e9tient\u00e9","2699":"artiste","2700":"participants","2701":"am\u00e9rique","2702":"tra\u00e3","2703":"ancienne","2704":"coll\u00e8gues","2705":"terrestre","2706":"sanctions","2707":"meurent","2708":"ds","2709":"sami","2710":"foutu","2711":"rapport\u00e9","2712":"strat\u00e9gie","2713":"climatique","2714":"video","2715":"bouteille","2716":"fronti\u00e8res","2717":"lac","2718":"classes","2719":"sainte","2720":"estelle","2721":"br","2722":"principalement","2723":"donnera","2724":"cin\u00e9ma","2725":"sachant","2726":"no\u00e9","2727":"participation","2728":"record","2729":"voulezvous","2730":"commen\u00e7ons","2731":"congr\u00e8s","2732":"existence","2733":"allaient","2734":"soldat","2735":"allemagne","2736":"pr\u00e9cis","2737":"volant","2738":"conflits","2739":"\u00eeles","2740":"couverture","2741":"juges","2742":"excusezmoi","2743":"laise","2744":"portait","2745":"patient","2746":"concept","2747":"fallu","2748":"fan","2749":"soucis","2750":"piti\u00e9","2751":"conseiller","2752":"compos\u00e9","2753":"bont\u00e9","2754":"critiques","2755":"complexe","2756":"voulaient","2757":"commune","2758":"fier","2759":"th\u00e9orie","2760":"portant","2761":"mus\u00e9e","2762":"maximum","2763":"ditesmoi","2764":"contexte","2765":"remplacer","2766":"g\u00e9nie","2767":"lhabitude","2768":"poursuivre","2769":"march\u00e9s","2770":"discussions","2771":"envoie","2772":"perso","2773":"supr\u00eame","2774":"\u00e9change","2775":"pos\u00e9","2776":"marc","2777":"rose","2778":"copain","2779":"pratiques","2780":"m\u00e9dicaments","2781":"buts","2782":"racont\u00e9","2783":"rio","2784":"b\u00e2timent","2785":"mali","2786":"initiative","2787":"us","2788":"malades","2789":"publications","2790":"grandp\u00e8re","2791":"disponibles","2792":"divorce","2793":"n\u00e9cessit\u00e9","2794":"mat\u00e9riel","2795":"r\u00e9sistance","2796":"r\u00e9putation","2797":"r\u00e9pondit","2798":"possibilit\u00e9","2799":"veuillez","2800":"appels","2801":"r\u00e9parer","2802":"gen\u00e8se","2803":"religions","2804":"\u00e9crivit","2805":"remercier","2806":"tr\u00e9sor","2807":"gosse","2808":"voire","2809":"vivons","2810":"p\u00e9riodique","2811":"vivants","2812":"leader","2813":"luc","2814":"lensemble","2815":"local","2816":"bob","2817":"li\u00e9s","2818":"profiter","2819":"wf","2820":"ps","2821":"bill","2822":"by","2823":"responsabilit\u00e9s","2824":"pr\u00e9cieux","2825":"propri\u00e9t\u00e9","2826":"jadore","2827":"linfluence","2828":"attirer","2829":"individus","2830":"bruce","2831":"blogosph\u00e8re","2832":"rappel","2833":"jet\u00e9","2834":"rarement","2835":"jeudi","2836":"lavion","2837":"rappelez","2838":"james","2839":"propagande","2840":"bloqu\u00e9","2841":"lignes","2842":"vaste","2843":"ligue","2844":"lisons","2845":"week","2846":"p\u00e9tition","2847":"live","2848":"justement","2849":"\u00e9lectrique","2850":"traduziccom","2851":"fant\u00f4me","2852":"r\u00e9ussir","2853":"exprimer","2854":"comprennent","2855":"union","2856":"r\u00e9ussite","2857":"r\u00e9agi","2858":"sombre","2859":"ho","2860":"riz","2861":"enfer","2862":"messie","2863":"situations","2864":"\u00e9tudiant","2865":"senti","2866":"suivent","2867":"gard\u00e9","2868":"all\u00e9s","2869":"convaincu","2870":"casse","2871":"prenne","2872":"dm","2873":"dizaines","2874":"\u00e9vidence","2875":"analyse","2876":"compassion","2877":"dam\u00e9rique","2878":"cou","2879":"sp\u00e9ciale","2880":"pratiquement","2881":"richard","2882":"mest","2883":"donnez","2884":"tunisie","2885":"adam","2886":"habite","2887":"\u00e9chapper","2888":"dutiliser","2889":"pouss\u00e9","2890":"sam","2891":"dur\u00e9e","2892":"pensons","2893":"\u00e9pouse","2894":"cor","2895":"end","2896":"gorge","2897":"\u00e9lev\u00e9s","2898":"tentative","2899":"\u00e9coutez","2900":"tremblement","2901":"\u00e9lus","2902":"m\u00e9tier","2903":"appartement","2904":"colombie","2905":"dormi","2906":"r\u00e9sum\u00e9","2907":"celleci","2908":"m\u00e9thodes","2909":"dor","2910":"henry","2911":"gosses","2912":"d\u00e9c\u00e8s","2913":"mavait","2914":"district","2915":"niveaux","2916":"adore","2917":"disra\u00ebl","2918":"retenir","2919":"consulter","2920":"mensonge","2921":"frappe","2922":"rest\u00e9","2923":"constamment","2924":"marre","2925":"outil","2926":"mont\u00e9","2927":"restes","2928":"naurait","2929":"adulte","2930":"dhabitude","2931":"r\u00e9f\u00e9rence","2932":"passion","2933":"charg\u00e9","2934":"\u00eele","2935":"couteau","2936":"sontils","2937":"ex","2938":"fortement","2939":"saisir","2940":"demandes","2941":"exacte","2942":"conscient","2943":"d\u00e9sert","2944":"l\u0153uvre","2945":"commencent","2946":"ouvrage","2947":"offrir","2948":"sydney","2949":"myst\u00e8re","2950":"frank","2951":"entrez","2952":"entr\u00e9e","2953":"objets","2954":"travaillent","2955":"\u00e9nergie","2956":"firent","2957":"utilis\u00e9s","2958":"mises","2959":"communiquer","2960":"retraite","2961":"crier","2962":"dirent","2963":"continu\u00e9","2964":"serviteur","2965":"darr\u00eater","2966":"officiellement","2967":"pollution","2968":"dinternet","2969":"quy","2970":"sinc\u00e8res","2971":"meufs","2972":"remarquable","2973":"verset","2974":"extraordinaire","2975":"semblait","2976":"remercie","2977":"effort","2978":"africaine","2979":"cherchent","2980":"traduire","2981":"d\u0153il","2982":"tu\u00e9s","2983":"semblables","2984":"ecoutez","2985":"naturel","2986":"poche","2987":"avance","2988":"\u00e9quilibre","2989":"contenus","2990":"sestil","2991":"essayons","2992":"jacques","2993":"serons","2994":"audel\u00e0","2995":"vir\u00e9","2996":"consiste","2997":"li\u00e9","2998":"bo\u00e3","2999":"\u00e9tabli","3000":"blogueuse","3001":"classique","3002":"connaissait","3003":"avantages","3004":"alimentaire","3005":"connus","3006":"envoy\u00e9s","3007":"co","3008":"personnage","3009":"trouverez","3010":"r\u00e9serve","3011":"r\u00e9serves","3012":"endroits","3013":"voies","3014":"m\u00e9thode","3015":"racine","3016":"racisme","3017":"signes","3018":"max","3019":"convient","3020":"gay","3021":"gare","3022":"king","3023":"louest","3024":"entend","3025":"mdrrr","3026":"\u00e9tranger","3027":"game","3028":"\u00e9gard","3029":"lis","3030":"r\u00e9veille","3031":"berger","3032":"moral","3033":"dirige","3034":"compagnies","3035":"revenus","3036":"b\u00e9n\u00e9dictions","3037":"mis\u00e9ricorde","3038":"profondeur","3039":"richesses","3040":"palais","3041":"amener","3042":"bcp","3043":"miracle","3044":"comprenez","3045":"larriv\u00e9e","3046":"n\u00e9e","3047":"\u00e9l\u00e9ment","3048":"honn\u00eate","3049":"traverser","3050":"largement","3051":"documents","3052":"co\u00fbte","3053":"doigts","3054":"beaux","3055":"rentr\u00e9","3056":"pa","3057":"reposer","3058":"laver","3059":"ordonn\u00e9","3060":"prof","3061":"lopinion","3062":"joindre","3063":"opinions","3064":"association","3065":"del","3066":"deviens","3067":"indiens","3068":"boss","3069":"lendroit","3070":"syriens","3071":"oiseaux","3072":"p\u00e9nurie","3073":"rest\u00e9e","3074":"madrid","3075":"dave","3076":"impact","3077":"ouvriers","3078":"la\u00e9roport","3079":"publiques","3080":"balle","3081":"surveillant","3082":"vues","3083":"compromis","3084":"larbre","3085":"accusations","3086":"soutenu","3087":"tha\u00eflande","3088":"champs","3089":"fonctions","3090":"passant","3091":"d\u00e9luge","3092":"condition","3093":"vienne","3094":"souffre","3095":"d\u00e9couverte","3096":"cris","3097":"d\u00e9nergie","3098":"chante","3099":"criminels","3100":"soudain","3101":"d\u00e9passe","3102":"nerveux","3103":"angl","3104":"\u0153uvres","3105":"crains","3106":"gv","3107":"\u00e9chec","3108":"facteurs","3109":"tourn\u00e9e","3110":"manquer","3111":"venezuela","3112":"violent","3113":"textes","3114":"not","3115":"rouges","3116":"voyager","3117":"montagnes","3118":"libres","3119":"rt","3120":"lib\u00e9r\u00e9","3121":"certes","3122":"donn\u00e9e","3123":"secrets","3124":"conclusion","3125":"mardi","3126":"comp\u00e9tences","3127":"liban","3128":"autrui","3129":"connard","3130":"auteurs","3131":"extr\u00eame","3132":"fac","3133":"tradition","3134":"communiste","3135":"faitesvous","3136":"congr\u00e9gations","3137":"lonu","3138":"expression","3139":"allezy","3140":"longueur","3141":"villages","3142":"autoris\u00e9","3143":"expos\u00e9","3144":"secr\u00e9taire","3145":"failli","3146":"joli","3147":"\u00e9mission","3148":"l\u00eatre","3149":"moyenorient","3150":"divis\u00e9","3151":"larri\u00e8re","3152":"dallah","3153":"suisje","3154":"baisse","3155":"sucre","3156":"dagir","3157":"donna","3158":"bel","3159":"libert\u00e9s","3160":"douce","3161":"doucement","3162":"voyant","3163":"stop","3164":"durgence","3165":"quelconque","3166":"lance","3167":"v\u00e9hicule","3168":"terrorisme","3169":"palestiniens","3170":"qd","3171":"lesp\u00e9rance","3172":"ordinateurs","3173":"op\u00e9rations","3174":"demandant","3175":"devoirs","3176":"oublie","3177":"di","3178":"p\u00e9ch\u00e9s","3179":"lexistence","3180":"suspect","3181":"dirais","3182":"lavance","3183":"diront","3184":"paie","3185":"lautorit\u00e9","3186":"dispara\u00eetre","3187":"disparition","3188":"tavoir","3189":"pars","3190":"lieutenant","3191":"nexiste","3192":"laboratoire","3193":"emp\u00eache","3194":"sign\u00e9","3195":"m\u00e9tal","3196":"english","3197":"show","3198":"contribue","3199":"liquide","3200":"sexuelle","3201":"m\u00e9chancet\u00e9","3202":"serpent","3203":"peter","3204":"album","3205":"peuton","3206":"pharaon","3207":"visiter","3208":"\u00e9sa\u00efe","3209":"pensezvous","3210":"corinthiens","3211":"coronavirus","3212":"soccuper","3213":"will","3214":"souris","3215":"d\u00e9mocratique","3216":"d\u00e9mon","3217":"cri","3218":"souci","3219":"adultes","3220":"patience","3221":"visible","3222":"patrie","3223":"limportance","3224":"courte","3225":"solaire","3226":"naura","3227":"big","3228":"boston","3229":"timoth\u00e9e","3230":"pr\u00e9sents","3231":"lagent","3232":"ministres","3233":"ray","3234":"propri\u00e9taire","3235":"urgence","3236":"b\u00e2timents","3237":"jallais","3238":"jaloux","3239":"malheureux","3240":"jambe","3241":"\u00e9lection","3242":"clerg\u00e9","3243":"pointe","3244":"h\u00f4pitaux","3245":"frodon","3246":"salaires","3247":"capture","3248":"mentale","3249":"aspect","3250":"frapper","3251":"b\u00eates","3252":"augment\u00e9","3253":"refus\u00e9","3254":"jaune","3255":"mettez","3256":"protestation","3257":"fortune","3258":"y\u00e9men","3259":"former","3260":"ind\u00e9pendant","3261":"forc\u00e9","3262":"magazine","3263":"b\u00e9thel","3264":"city","3265":"f\u00e9d\u00e9ral","3266":"horrible","3267":"verra","3268":"interview","3269":"int\u00e9resse","3270":"verrez","3271":"maris","3272":"g\u00e9n\u00e9rations","3273":"\u00e9conomie","3274":"plante","3275":"l\u00e8vres","3276":"chacune","3277":"grandm\u00e8re","3278":"lutilisation","3279":"centres","3280":"lusage","3281":"remarque","3282":"\u00e9cout\u00e9","3283":"appel\u00e9s","3284":"hauteur","3285":"positif","3286":"r\u00e9solution","3287":"tt","3288":"rendue","3289":"\u00e9dition","3290":"unes","3291":"gang","3292":"italie","3293":"\u00e9gale","3294":"caus\u00e9","3295":"up","3296":"mien","3297":"assembl\u00e9e","3298":"marrant","3299":"commandements","3300":"assist\u00e9","3301":"comit\u00e9","3302":"repr\u00e9sentation","3303":"jirai","3304":"madagascar","3305":"cam\u00e9ra","3306":"respecte","3307":"jo","3308":"ressemblait","3309":"flic","3310":"vierge","3311":"assurer","3312":"tonnes","3313":"port\u00e9","3314":"\u00e9glises","3315":"\u00e2g\u00e9","3316":"tenait","3317":"\u00e9crits","3318":"enfance","3319":"transport","3320":"choisis","3321":"abandonn\u00e9","3322":"dacheter","3323":"voile","3324":"document","3325":"vengeance","3326":"\u00e9tonnant","3327":"toit","3328":"people","3329":"chili","3330":"censure","3331":"ressemblent","3332":"sexuelles","3333":"commandant","3334":"envoya","3335":"nuits","3336":"dons","3337":"engagement","3338":"contrat","3339":"destin\u00e9e","3340":"doisje","3341":"contribu\u00e9","3342":"aidezmoi","3343":"\u00e9trang\u00e8re","3344":"unies","3345":"permettant","3346":"savaient","3347":"ressenti","3348":"ailes","3349":"accus\u00e9","3350":"cinquante","3351":"tomb\u00e9e","3352":"accus\u00e9s","3353":"sida","3354":"voisin","3355":"relativement","3356":"tombent","3357":"paquet","3358":"l\u00e9galit\u00e9","3359":"sachez","3360":"profil","3361":"derni\u00e8rement","3362":"commandement","3363":"sauter","3364":"cr\u00e9atures","3365":"commencez","3366":"dentrer","3367":"limpact","3368":"chances","3369":"sons","3370":"soupe","3371":"laider","3372":"promesses","3373":"mari\u00e9","3374":"d\u00e9crire","3375":"r\u00e9alisation","3376":"martin","3377":"lalliance","3378":"d\u00e9range","3379":"passera","3380":"dentendre","3381":"pass\u00e9e","3382":"d\u00e9placer","3383":"amusant","3384":"chapeau","3385":"guider","3386":"guin\u00e9e","3387":"changent","3388":"emprunter","3389":"d\u00e9tat","3390":"spirituels","3391":"sinc\u00e8rement","3392":"verte","3393":"suggestions","3394":"street","3395":"roule","3396":"agents","3397":"oreilles","3398":"nomm\u00e9","3399":"pcq","3400":"denviron","3401":"cercle","3402":"spirituelles","3403":"tir","3404":"chercheurs","3405":"noirs","3406":"mat","3407":"tv","3408":"britannique","3409":"d\u00e9barrasser","3410":"sp\u00e9cialistes","3411":"cess\u00e9","3412":"plastique","3413":"maria","3414":"courses","3415":"budget","3416":"renseignements","3417":"abattu","3418":"inqui\u00e9tez","3419":"juridique","3420":"barrage","3421":"jus","3422":"pacifique","3423":"jusque","3424":"reportage","3425":"sensible","3426":"lavais","3427":"machines","3428":"fout","3429":"client","3430":"plage","3431":"fermeture","3432":"lourd","3433":"pleinement","3434":"ali","3435":"distribution","3436":"excellente","3437":"jambes","3438":"joues","3439":"asie","3440":"trompe","3441":"pi\u00e8ge","3442":"lobscurit\u00e9","3443":"vaisseau","3444":"sarah","3445":"juan","3446":"reprises","3447":"saoudite","3448":"auras","3449":"jentends","3450":"collection","3451":"collectif","3452":"transformer","3453":"digne","3454":"flingue","3455":"dignit\u00e9","3456":"angeles","3457":"trafic","3458":"modernes","3459":"pierres","3460":"surveiller","3461":"probable","3462":"auxquels","3463":"immense","3464":"urgent","3465":"solide","3466":"etait","3467":"essayant","3468":"militant","3469":"\u00e9gypte","3470":"euros","3471":"jacob","3472":"blessures","3473":"s\u00e9jour","3474":"rentr\u00e9e","3475":"remplir","3476":"clark","3477":"lentr\u00e9e","3478":"cons\u00e9quence","3479":"ptdr","3480":"tromper","3481":"impressionnant","3482":"puissante","3483":"consid\u00e9rablement","3484":"playlist","3485":"civils","3486":"n\u00e9gatif","3487":"personnelle","3488":"lenseignement","3489":"g\u00e9n\u00e9tique","3490":"cultures","3491":"marine","3492":"survie","3493":"d\u00e9chets","3494":"cr\u00e9\u00e9s","3495":"dingue","3496":"culturel","3497":"malin","3498":"particuli\u00e8re","3499":"magique","3500":"lexplosion","3501":"aaron","3502":"d\u00e9finition","3503":"quatri\u00e8me","3504":"croyants","3505":"chanteur","3506":"magasins","3507":"dictionnaire","3508":"difficiles","3509":"difficult\u00e9","3510":"gu\u00e8re","3511":"d\u00e9nonce","3512":"detat","3513":"casser","3514":"chansons","3515":"prendra","3516":"t\u00e9l\u00e9phones","3517":"vot\u00e9","3518":"tape","3519":"repris","3520":"arrestation","3521":"papiers","3522":"inspir\u00e9","3523":"robert","3524":"l\u00e8re","3525":"magie","3526":"camarades","3527":"dignes","3528":"occup\u00e9e","3529":"chagrin","3530":"dhommes","3531":"l\u00e9gende","3532":"normalement","3533":"retrouv\u00e9","3534":"b\u00e9n\u00e9voles","3535":"dessayer","3536":"damis","3537":"intelligent","3538":"donnes","3539":"devine","3540":"arm\u00e9s","3541":"dangers","3542":"design","3543":"manifeste","3544":"ha\u00efti","3545":"\u00e2g\u00e9es","3546":"latine","3547":"art","3548":"lennemi","3549":"manifester","3550":"belgique","3551":"donnezmoi","3552":"roses","3553":"oiseau","3554":"procureur","3555":"ach\u00e8te","3556":"bu","3557":"cest\u00e0dire","3558":"sp\u00e9cialiste","3559":"imagine","3560":"accomplir","3561":"termin\u00e9e","3562":"mangent","3563":"daider","3564":"repose","3565":"v\u00e9rit\u00e9s","3566":"assumer","3567":"capacit\u00e9s","3568":"accompli","3569":"camps","3570":"prit","3571":"l\u00e9t\u00e9","3572":"ob\u00e9ir","3573":"diriger","3574":"tasse","3575":"veiller","3576":"stress","3577":"da","3578":"royale","3579":"obtient","3580":"lempereur","3581":"laisserai","3582":"politiciens","3583":"esp\u00e9rons","3584":"servent","3585":"estime","3586":"claire","3587":"fum\u00e9e","3588":"cite","3589":"alerte","3590":"jvais","3591":"ravi","3592":"moteur","3593":"sensation","3594":"augmente","3595":"fran\u00e7ois","3596":"boutique","3597":"aimez","3598":"trous","3599":"sacrifices","3600":"lumi\u00e8res","3601":"gentille","3602":"christianisme","3603":"perds","3604":"signal","3605":"r\u00e9veillez","3606":"r\u00e9v\u00e9l\u00e9","3607":"enlever","3608":"ennuis","3609":"enregistr\u00e9","3610":"m\u00e9lange","3611":"ch\u00e8re","3612":"contribuer","3613":"aille","3614":"envoy\u00e9e","3615":"experts","3616":"californie","3617":"san","3618":"boit","3619":"mlle","3620":"mike","3621":"savezvous","3622":"lol","3623":"lombre","3624":"satisfaire","3625":"satisfait","3626":"fins","3627":"plaire","3628":"sauve","3629":"jignore","3630":"proverbes","3631":"commencement","3632":"commen\u00e7a","3633":"joe","3634":"scandale","3635":"copie","3636":"compliqu\u00e9","3637":"compl\u00e8te","3638":"coffre","3639":"jug\u00e9","3640":"allusion","3641":"fabriquer","3642":"mont\u00e9e","3643":"coins","3644":"fonctionnement","3645":"pionnier","3646":"anciennes","3647":"loc\u00e9an","3648":"concentration","3649":"colonel","3650":"mignon","3651":"fausses","3652":"journaux","3653":"mn","3654":"voila","3655":"multitude","3656":"lutilisateur","3657":"pr\u00e9sidence","3658":"chers","3659":"volontiers","3660":"d\u00e9sirs","3661":"couche","3662":"sommesnous","3663":"couvre","3664":"laction","3665":"r\u00e9duit","3666":"invite","3667":"africain","3668":"naturelle","3669":"sonne","3670":"charles","3671":"laime","3672":"lactivit\u00e9","3673":"r\u00e9gler","3674":"isaac","3675":"chimiques","3676":"correctement","3677":"pensestu","3678":"email","3679":"iranien","3680":"passons","3681":"gris","3682":"dasie","3683":"forts","3684":"transforme","3685":"croyances","3686":"volontaires","3687":"br\u00e9siliens","3688":"solidarit\u00e9","3689":"fardeau","3690":"spectateurs","3691":"symbole","3692":"int\u00e9rieur","3693":"comp\u00e9tition","3694":"refaire","3695":"conception","3696":"datteindre","3697":"jte","3698":"tribulation","3699":"sommeil","3700":"d\u00e9sire","3701":"real","3702":"tapis","3703":"br\u00fbl\u00e9","3704":"br\u00fble","3705":"faiblesse","3706":"imb\u00e9cile","3707":"p\u00e9rou","3708":"forc\u00e9ment","3709":"d\u00e9tail","3710":"chambres","3711":"r\u00e9p\u00e8te","3712":"transition","3713":"grosses","3714":"dessein","3715":"bapt\u00eame","3716":"gr\u00e9","3717":"desprit","3718":"finit","3719":"fichiers","3720":"lesclavage","3721":"verdict","3722":"dessin","3723":"d\u00e9put\u00e9s","3724":"commettre","3725":"fiert\u00e9","3726":"banques","3727":"joint","3728":"s\u00e9v\u00e8re","3729":"guerres","3730":"sortent","3731":"tableau","3732":"d\u00e9put\u00e9","3733":"croix","3734":"craint","3735":"d\u00e9mons","3736":"feriez","3737":"devront","3738":"camion","3739":"boisson","3740":"combattre","3741":"craindre","3742":"comparer","3743":"restera","3744":"communiqu\u00e9","3745":"taistoi","3746":"lentreprise","3747":"transmettre","3748":"volume","3749":"feuilles","3750":"deuil","3751":"jos\u00e9","3752":"transparence","3753":"joseph","3754":"g\u00e9ant","3755":"ty","3756":"jappelle","3757":"d\u00e9cide","3758":"vivante","3759":"entr\u00e9","3760":"venaient","3761":"cinqui\u00e8me","3762":"laccord","3763":"suffisant","3764":"grace","3765":"t\u00eates","3766":"continuellement","3767":"troupeau","3768":"suicide","3769":"couilles","3770":"technologies","3771":"terminer","3772":"suivantes","3773":"citoyen","3774":"totale","3775":"vive","3776":"inondations","3777":"drogues","3778":"domicile","3779":"dort","3780":"lannonce","3781":"subi","3782":"signification","3783":"chris","3784":"temp\u00e9rature","3785":"harry","3786":"rage","3787":"chr\u00e9tiennes","3788":"chevaux","3789":"situ\u00e9","3790":"ennuyeux","3791":"ramadan","3792":"cor\u00e9e","3793":"quartiers","3794":"ch\u00e2timent","3795":"enseignements","3796":"kg","3797":"bbc","3798":"d\u00e9bats","3799":"d\u00e9tudier","3800":"discipline","3801":"fraude","3802":"sup\u00e9rieur","3803":"info","3804":"existent","3805":"grecs","3806":"tim","3807":"lavant","3808":"lave","3809":"r\u00e9forme","3810":"exploser","3811":"illustrations","3812":"regardant","3813":"dipl\u00f4me","3814":"jur\u00e9","3815":"darriver","3816":"dint\u00e9r\u00eat","3817":"supprimer","3818":"supporters","3819":"dislui","3820":"connaissais","3821":"regrette","3822":"guitare","3823":"europ\u00e9ens","3824":"cha\u00e3","3825":"fuir","3826":"tourisme","3827":"innocents","3828":"touristes","3829":"expressions","3830":"fromage","3831":"remonte","3832":"rat\u00e9","3833":"tweet\u00e9","3834":"dispositions","3835":"h\u00f4tel","3836":"connait","3837":"connaissances","3838":"salazar","3839":"examiner","3840":"sauce","3841":"tabac","3842":"professeurs","3843":"aimerais","3844":"lintelligence","3845":"passetil","3846":"acteurs","3847":"propri\u00e9taires","3848":"poursuite","3849":"alg\u00e9rie","3850":"lislam","3851":"nager","3852":"mesdames","3853":"lop\u00e9ration","3854":"masque","3855":"physiques","3856":"what","3857":"bain","3858":"attendons","3859":"porc","3860":"permettra","3861":"pr\u00e9texte","3862":"num\u00e9ros","3863":"manqu\u00e9","3864":"proph\u00e8tes","3865":"l\u00e2me","3866":"lhuile","3867":"litt\u00e9rature","3868":"l\u00e9chelle","3869":"le\u00e7ons","3870":"pilote","3871":"ouest","3872":"ouf","3873":"apr\u00e8smidi","3874":"\u00e9lu","3875":"pourrai","3876":"perspective","3877":"appellent","3878":"polici\u00e8re","3879":"lhiver","3880":"\u00e9lectronique","3881":"m\u00e8res","3882":"authentique","3883":"with","3884":"minimum","3885":"pourriezvous","3886":"prudent","3887":"\u0645\u0646","3888":"maimes","3889":"aident","3890":"paire","3891":"avantage","3892":"lorsquon","3893":"pr\u00e9cis\u00e9ment","3894":"pleins","3895":"atelier","3896":"occidentaux","3897":"pareille","3898":"menaces","3899":"occuper","3900":"auquel","3901":"assiedstoi","3902":"perdue","3903":"watch","3904":"naturellement","3905":"\u00eatres","3906":"li\u00e9e","3907":"invisible","3908":"expr\u00e8s","3909":"provoqu\u00e9","3910":"om","3911":"suppl\u00e9mentaires","3912":"traces","3913":"promets","3914":"bloquer","3915":"tentatives","3916":"syrien","3917":"notion","3918":"amoureuse","3919":"dabraham","3920":"escaliers","3921":"d\u00e9pit","3922":"survivants","3923":"nombres","3924":"dialogue","3925":"emmen\u00e9","3926":"sagissait","3927":"soustitres","3928":"prudence","3929":"commons","3930":"respirer","3931":"d\u00e9finitivement","3932":"corrompu","3933":"lagence","3934":"placer","3935":"nan","3936":"oeuvre","3937":"anti","3938":"places","3939":"oubliez","3940":"all\u00e3","3941":"esp\u00e9rer","3942":"r\u00e9duire","3943":"r\u00e9ponds","3944":"lobjectif","3945":"mari\u00e9s","3946":"vincent","3947":"cycle","3948":"pass\u00e9s","3949":"souhaitez","3950":"asseyezvous","3951":"minuit","3952":"active","3953":"internationaux","3954":"personnels","3955":"balance","3956":"vache","3957":"vole","3958":"caisse","3959":"pr\u00e9sidente","3960":"gratuit","3961":"trump","3962":"laura","3963":"pro","3964":"conclut","3965":"pass\u00e9es","3966":"coop\u00e9ration","3967":"apparence","3968":"normes","3969":"semblable","3970":"sexuel","3971":"occidentale","3972":"rel\u00e8ve","3973":"scolaire","3974":"convaincre","3975":"douceur","3976":"judiciaire","3977":"parie","3978":"guerriers","3979":"soulagement","3980":"lalcool","3981":"fautes","3982":"corde","3983":"revendications","3984":"r\u00e9compense","3985":"r\u00e9clame","3986":"ext\u00e9rieur","3987":"c\u00e9r\u00e9monie","3988":"diff\u00e9rences","3989":"officier","3990":"vertu","3991":"condamn\u00e9s","3992":"charbon","3993":"dattendre","3994":"c\u00e9taient","3995":"ador\u00e9","3996":"am\u00e9ricaines","3997":"encourager","3998":"toile","3999":"dirigeant","4000":"gangsters","4001":"simples","4002":"\u00e9motions","4003":"autorit\u00e9","4004":"ouverture","4005":"fureur","4006":"durable","4007":"procure","4008":"sexuels","4009":"okay","4010":"pizza","4011":"positive","4012":"remonter","4013":"mobiles","4014":"incapable","4015":"pr\u00e9tend","4016":"associ\u00e9","4017":"trains","4018":"tl","4019":"malaisie","4020":"\u00e9crite","4021":"religieuses","4022":"cambodge","4023":"artistique","4024":"entretien","4025":"lallemagne","4026":"lodeur","4027":"m\u00e9diatique","4028":"remis","4029":"violente","4030":"lancienne","4031":"sauvages","4032":"salaud","4033":"re\u00e7oivent","4034":"lunettes","4035":"actif","4036":"quarante","4037":"c\u00e9l\u00e8bres","4038":"oeil","4039":"divertissement","4040":"renforcer","4041":"consid\u00e8rent","4042":"daffaires","4043":"\u00e2mes","4044":"jaurai","4045":"cr\u00e9ature","4046":"co\u00fbt","4047":"lintervention","4048":"solitude","4049":"\u00e9chelle","4050":"domaines","4051":"exode","4052":"rappeurs","4053":"yeah","4054":"euxm\u00eames","4055":"auteur","4056":"kyle","4057":"mis\u00e8re","4058":"souverain","4059":"lisez","4060":"diversit\u00e9","4061":"allemande","4062":"partenaire","4063":"sentent","4064":"accord\u00e9","4065":"are","4066":"taider","4067":"confusion","4068":"rap","4069":"cherch\u00e9","4070":"pluies","4071":"d\u00e9but\u00e9","4072":"jimagine","4073":"tiennent","4074":"coup\u00e9","4075":"coupables","4076":"familiale","4077":"po\u00e8te","4078":"suivez","4079":"now","4080":"samuel","4081":"abandonner","4082":"cr\u00e9tin","4083":"sovi\u00e9tique","4084":"centreville","4085":"d\u00e9cran","4086":"augmenter","4087":"d\u00e9couvrez","4088":"donnait","4089":"portugal","4090":"descendu","4091":"dessiner","4092":"philippines","4093":"noublie","4094":"solutions","4095":"have","4096":"pr\u00e9dit","4097":"cherchant","4098":"philippe","4099":"celuil\u00e3","4100":"alice","4101":"d\u00e9faite","4102":"d\u00e9faut","4103":"ukraine","4104":"palestine","4105":"appliquer","4106":"cesser","4107":"d\u00e9tresse","4108":"bloc","4109":"s\u00fbrs","4110":"musiciens","4111":"ta\u00efwan","4112":"nuages","4113":"temp\u00eate","4114":"commercial","4115":"intention","4116":"man","4117":"chanceux","4118":"degr\u00e9s","4119":"essentiel","4120":"assur\u00e9","4121":"univers","4122":"exercice","4123":"navaient","4124":"bijoux","4125":"fondamentale","4126":"finis","4127":"michel","4128":"parlant","4129":"michelle","4130":"falloir","4131":"lion","4132":"jonathan","4133":"porto","4134":"premi\u00e8rement","4135":"longues","4136":"rock","4137":"refait","4138":"fondement","4139":"tests","4140":"champagne","4141":"connaitre","4142":"ruine","4143":"feux","4144":"trouvaient","4145":"causes","4146":"n\u00f4tre","4147":"deurope","4148":"atelle","4149":"avertissement","4150":"cousin","4151":"affiche","4152":"l\u00e9gumes","4153":"transfert","4154":"attentats","4155":"nu","4156":"douloureux","4157":"vivaient","4158":"crie","4159":"souffrances","4160":"transformation","4161":"chaude","4162":"cam\u00e9ras","4163":"avocats","4164":"documentaire","4165":"l\u00e2cher","4166":"courrier","4167":"beurre","4168":"m\u00e9ritent","4169":"b\u00e9b\u00e9s","4170":"pr\u00e9venir","4171":"tueur","4172":"trag\u00e9die","4173":"verres","4174":"time","4175":"vladimir","4176":"f\u00eater","4177":"section","4178":"toim\u00eame","4179":"sabre","4180":"graines","4181":"l\u00e9mission","4182":"verras","4183":"panique","4184":"\u00e9tudi\u00e9","4185":"occasions","4186":"visant","4187":"signer","4188":"pr\u00e9nom","4189":"chatte","4190":"gouverneur","4191":"criminel","4192":"mention","4193":"vivait","4194":"lamiti\u00e9","4195":"signature","4196":"\u00e9paules","4197":"imp\u00f4ts","4198":"informatique","4199":"visiteurs","4200":"agi","4201":"rendit","4202":"fifa","4203":"gagnant","4204":"financi\u00e8re","4205":"creative","4206":"l\u00e9crivain","4207":"your","4208":"transports","4209":"calendrier","4210":"voleur","4211":"van","4212":"l\u00e9gard","4213":"incident","4214":"emmanuel","4215":"commande","4216":"sages","4217":"obligatoire","4218":"dossiers","4219":"qu\u00eate","4220":"para\u00eet","4221":"individu","4222":"pomme","4223":"rendait","4224":"indig\u00e8nes","4225":"th\u00e9\u00e2tre","4226":"minorit\u00e9","4227":"finira","4228":"n\u00e9s","4229":"sophie","4230":"gratitude","4231":"dordre","4232":"sc\u00e8nes","4233":"pains","4234":"obligation","4235":"montage","4236":"labsence","4237":"dopposition","4238":"pis","4239":"install\u00e9","4240":"n\u00e9pal","4241":"blues","4242":"rempli","4243":"limmigration","4244":"racistes","4245":"dj","4246":"accueillir","4247":"l\u00e9preuve","4248":"sacs","4249":"d\u00e9\u00e7u","4250":"apporte","4251":"pensant","4252":"tienne","4253":"n\u00e9gative","4254":"obstacles","4255":"disaient","4256":"daccueil","4257":"trouvera","4258":"emp\u00each\u00e9","4259":"livrer","4260":"masques","4261":"appelez","4262":"raciste","4263":"massacre","4264":"division","4265":"kuzey","4266":"ressent","4267":"bio","4268":"pattes","4269":"incapables","4270":"reprise","4271":"am\u00e8ne","4272":"instrument","4273":"race","4274":"r\u00e9f\u00e9rendum","4275":"passez","4276":"instructions","4277":"financement","4278":"na\u00eetre","4279":"sinc\u00e8re","4280":"emplois","4281":"lagriculture","4282":"rat","4283":"allonsnous","4284":"\u00e9ducation","4285":"catastrophe","4286":"plainte","4287":"lt","4288":"devienne","4289":"st","4290":"hommage","4291":"deviendra","4292":"open","4293":"cm","4294":"\u00e9tape","4295":"hiver","4296":"colle","4297":"longs","4298":"ballon","4299":"s\u00e9lection","4300":"constituent","4301":"poches","4302":"constate","4303":"plac\u00e9","4304":"pourras","4305":"fond\u00e9","4306":"partons","4307":"r\u00e9unis","4308":"prosp\u00e9rit\u00e9","4309":"terreur","4310":"conf\u00e9rences","4311":"universel","4312":"p\u00eache","4313":"cliquez","4314":"autorisation","4315":"colline","4316":"olympiques","4317":"torture","4318":"casquette","4319":"journalisme","4320":"cassette","4321":"phrases","4322":"gardez","4323":"admis","4324":"bas\u00e9e","4325":"lattitude","4326":"battent","4327":"lherbe","4328":"messe","4329":"esp\u00e9rance","4330":"miracles","4331":"parvenir","4332":"fiable","4333":"paru","4334":"talent","4335":"devras","4336":"v\u00e9rifi\u00e9","4337":"fonctionnaires","4338":"souverainet\u00e9","4339":"manifest\u00e9","4340":"joey","4341":"ordonna","4342":"d\u00e9couvre","4343":"lot","4344":"formidable","4345":"jaunes","4346":"excuse","4347":"r\u00e9veill\u00e9e","4348":"photographe","4349":"partenaires","4350":"mappeler","4351":"mouche","4352":"physiquement","4353":"habitude","4354":"transmis","4355":"exercer","4356":"\u00e9quipes","4357":"original","4358":"archi","4359":"orient","4360":"banlieue","4361":"angleterre","4362":"was","4363":"adieu","4364":"aurons","4365":"alimentaires","4366":"manteau","4367":"ryan","4368":"wallah","4369":"jan","4370":"bouton","4371":"lee","4372":"col","4373":"plu","4374":"chaise","4375":"destination","4376":"legypte","4377":"septi\u00e8me","4378":"loups","4379":"japonaise","4380":"lemploi","4381":"manquent","4382":"fermes","4383":"hausse","4384":"hashtag","4385":"moutons","4386":"lor","4387":"prouve","4388":"jme","4389":"demie","4390":"cr\u00e9\u00e9e","4391":"compagnon","4392":"australie","4393":"banc","4394":"coll\u00e8gue","4395":"chant","4396":"francs","4397":"dair","4398":"parfum","4399":"suscit\u00e9","4400":"jungle","4401":"tony","4402":"lunit\u00e9","4403":"vrmt","4404":"menu","4405":"sarr\u00eate","4406":"mentir","4407":"poulet","4408":"violents","4409":"c\u00e9l\u00e9bration","4410":"lapprobation","4411":"passagers","4412":"h\u00e9breux","4413":"psg","4414":"annoncer","4415":"entends","4416":"prisonnier","4417":"utiles","4418":"libye","4419":"quavant","4420":"auxquelles","4421":"soul\u00e8vement","4422":"priorit\u00e9","4423":"quaux","4424":"t\u00e2ches","4425":"fleuve","4426":"priorit\u00e9s","4427":"lib\u00e8re","4428":"humeur","4429":"prirent","4430":"marshall","4431":"men\u00e9e","4432":"d\u00e9mission","4433":"this","4434":"cia","4435":"conversations","4436":"extrait","4437":"lancement","4438":"versets","4439":"be","4440":"carr\u00e9ment","4441":"sales","4442":"larme","4443":"ghana","4444":"enlev\u00e9","4445":"offert","4446":"vousm\u00eame","4447":"symbolique","4448":"r\u00e9duction","4449":"probabilit\u00e9","4450":"semblant","4451":"pressions","4452":"re\u00e7ut","4453":"adolescents","4454":"tensions","4455":"engag\u00e9","4456":"\u00e9toile","4457":"yo","4458":"ahmed","4459":"continuons","4460":"kazakhstan","4461":"int\u00e9rieure","4462":"regardent","4463":"r\u00e9sidence","4464":"drame","4465":"partenariat","4466":"institution","4467":"sable","4468":"lorsquelle","4469":"daily","4470":"bris\u00e9","4471":"juive","4472":"invitation","4473":"vendeur","4474":"net","4475":"rappelezvous","4476":"curieux","4477":"britanniques","4478":"couru","4479":"viendront","4480":"culpabilit\u00e9","4481":"dollar","4482":"moccuper","4483":"prot\u00e9g\u00e9e","4484":"protester","4485":"chronique","4486":"jusquaux","4487":"nettoyer","4488":"r\u00e9veill\u00e9","4489":"pr\u00e9cise","4490":"bouffer","4491":"paulo","4492":"d\u00e9termination","4493":"culotte","4494":"boite","4495":"nuage","4496":"pr\u00e9f\u00e8rent","4497":"culturelle","4498":"brise","4499":"admettre","4500":"r\u00e9veil","4501":"tueurs","4502":"cr\u00e9\u00e9es","4503":"kenya","4504":"jette","4505":"just","4506":"rapides","4507":"d\u00e9mocrates","4508":"jimmy","4509":"katie","4510":"statut","4511":"donnerai","4512":"positions","4513":"activistes","4514":"rejet\u00e9","4515":"remplis","4516":"normale","4517":"noter","4518":"soutiennent","4519":"dors","4520":"not\u00e9","4521":"acteur","4522":"jackson","4523":"chouette","4524":"josu\u00e9","4525":"passages","4526":"subir","4527":"\u00e9crivain","4528":"its","4529":"portables","4530":"fichier","4531":"croyance","4532":"mohamed","4533":"fc","4534":"proximit\u00e9","4535":"luke","4536":"portefeuille","4537":"media","4538":"para\u00e3","4539":"creuser","4540":"d\u00e9finir","4541":"jourdain","4542":"statistiques","4543":"br\u00e9silien","4544":"islamique","4545":"italienne","4546":"\u00e9norm\u00e9ment","4547":"relever","4548":"curiosit\u00e9","4549":"nomme","4550":"propri\u00e9t\u00e9s","4551":"audience","4552":"croismoi","4553":"sondage","4554":"souffert","4555":"plaindre","4556":"d\u00e9bris","4557":"mat\u00e9riels","4558":"regards","4559":"int\u00e9ressantes","4560":"soumis","4561":"remarquer","4562":"fautil","4563":"chocolat","4564":"dre","4565":"territoires","4566":"bleus","4567":"nousm\u00eames","4568":"d\u00e9sesp\u00e9r\u00e9e","4569":"juger","4570":"veste","4571":"intentions","4572":"portable","4573":"d\u00e9bile","4574":"regretter","4575":"mauritanie","4576":"jaie","4577":"dacc\u00e8s","4578":"croissant","4579":"r\u00e9solus","4580":"d\u00e9passer","4581":"jones","4582":"porno","4583":"chinoise","4584":"yen","4585":"proverbe","4586":"genoux","4587":"d\u00e9noncer","4588":"marchait","4589":"poule","4590":"revanche","4591":"prince","4592":"utilisateur","4593":"utilisation","4594":"\u00e9lecteurs","4595":"librement","4596":"entrain","4597":"aidera","4598":"enseignant","4599":"pr\u00e9f\u00e9r\u00e9e","4600":"gr\u00e8ce","4601":"convaincue","4602":"capital","4603":"saisi","4604":"lanniversaire","4605":"\u00e9troitement","4606":"r\u00e9colte","4607":"lappeler","4608":"envoyez","4609":"merveilleuse","4610":"aimait","4611":"tante","4612":"tristesse","4613":"did\u00e9es","4614":"lappel","4615":"envahi","4616":"carlos","4617":"lh\u00f4tel","4618":"davance","4619":"abonn\u00e9s","4620":"traditionnelle","4621":"arts","4622":"quart","4623":"priv\u00e9es","4624":"poudre","4625":"pri\u00e9","4626":"chats","4627":"laissons","4628":"r\u00e9fl\u00e9chis","4629":"copyright","4630":"agression","4631":"laisses","4632":"procurer","4633":"similaire","4634":"laissent","4635":"\u0641\u064a","4636":"condamnation","4637":"chauffeur","4638":"employ\u00e9","4639":"tatouage","4640":"encadr\u00e9","4641":"directe","4642":"restrictions","4643":"dirai","4644":"vaches","4645":"retirer","4646":"perdus","4647":"travaillez","4648":"poubelle","4649":"con\u00e7u","4650":"mon\u00e9taire","4651":"saine","4652":"mentionner","4653":"william","4654":"can","4655":"abruti","4656":"surmonter","4657":"mentionne","4658":"dira","4659":"marqu\u00e9","4660":"discrimination","4661":"eric","4662":"humanitaire","4663":"alla","4664":"forment","4665":"po\u00e8me","4666":"despoir","4667":"harris","4668":"centaine","4669":"connues","4670":"levez","4671":"lencontre","4672":"ross","4673":"mette","4674":"mettant","4675":"\u00e9checs","4676":"he","4677":"ordinaire","4678":"consid\u00e9r\u00e9s","4679":"connexion","4680":"connerie","4681":"exige","4682":"rumeur","4683":"habituellement","4684":"connaissons","4685":"organisme","4686":"for\u00eats","4687":"tourn\u00e9","4688":"habitudes","4689":"puits","4690":"hall","4691":"\u00e9liminer","4692":"formule","4693":"habitant","4694":"demotix","4695":"organise","4696":"romantique","4697":"europ\u00e9en","4698":"multiplier","4699":"laugmentation","4700":"lattaque","4701":"allezvous","4702":"horreur","4703":"salopes","4704":"anne","4705":"qatar","4706":"espagnole","4707":"lassurance","4708":"follow","4709":"rigoler","4710":"alliance","4711":"esclaves","4712":"baxter","4713":"m\u00e2le","4714":"piano","4715":"v\u00e9rifie","4716":"\u00e9lever","4717":"tahrir","4718":"barri\u00e8re","4719":"puce","4720":"publi\u00e9s","4721":"champions","4722":"pourraistu","4723":"manager","4724":"taire","4725":"unit\u00e9","4726":"contacter","4727":"bas\u00e9","4728":"bat","4729":"pub","4730":"session","4731":"prenant","4732":"confirm\u00e9","4733":"ressort","4734":"aurions","4735":"observe","4736":"mince","4737":"voisine","4738":"nallez","4739":"panama","4740":"professionnels","4741":"futurs","4742":"futures","4743":"mental","4744":"troupes","4745":"chemins","4746":"smith","4747":"bite","4748":"grandir","4749":"soda","4750":"linjustice","4751":"dangereuse","4752":"quont","4753":"situ\u00e9e","4754":"peines","4755":"quotidienne","4756":"mine","4757":"f\u00eates","4758":"panne","4759":"raisonnement","4760":"jessaye","4761":"profession","4762":"linde","4763":"courante","4764":"pr\u00e9occupation","4765":"play","4766":"quoique","4767":"l\u00e9lectricit\u00e9","4768":"singapour","4769":"travaillait","4770":"ram\u00e8ne","4771":"produisent","4772":"rachel","4773":"chemise","4774":"tjrs","4775":"trait","4776":"faitil","4777":"paye","4778":"suppos\u00e9","4779":"laccent","4780":"soccupe","4781":"cabinet","4782":"post\u00e9rit\u00e9","4783":"dakar","4784":"raisonnable","4785":"go\u00fbter","4786":"coule","4787":"\u00e9gyptienne","4788":"renverser","4789":"ladministration","4790":"divin","4791":"d\u00e9truits","4792":"soif","4793":"titres","4794":"inconnu","4795":"allemand","4796":"marin","4797":"constante","4798":"\u00e9volution","4799":"uni","4800":"cr\u00e8ve","4801":"\u00e9tablir","4802":"feras","4803":"pratiquer","4804":"roman","4805":"soidisant","4806":"at","4807":"consommateurs","4808":"ferez","4809":"cat\u00e9gorie","4810":"nationales","4811":"arrivera","4812":"south","4813":"esp\u00e8ces","4814":"l\u00e9gislation","4815":"vice","4816":"esp\u00e9rant","4817":"honn\u00eates","4818":"vatican","4819":"bureaux","4820":"couler","4821":"conform\u00e9ment","4822":"prenait","4823":"infirmi\u00e8re","4824":"pers\u00e9cution","4825":"apres","4826":"essayait","4827":"pertes","4828":"l\u00e9p\u00e9e","4829":"reporter","4830":"pourraisje","4831":"loyer","4832":"sers","4833":"r\u00e9agit","4834":"causer","4835":"influence","4836":"d\u00e9fauts","4837":"institut","4838":"constitue","4839":"trait\u00e9s","4840":"alg\u00e9rien","4841":"consid\u00e9ration","4842":"injuste","4843":"renonc\u00e9","4844":"r\u00e9jouir","4845":"t\u00e9tais","4846":"royal","4847":"excusemoi","4848":"particules","4849":"courbe","4850":"\u00e9v\u00e8nements","4851":"marches","4852":"pouvonsnous","4853":"sentez","4854":"pause","4855":"vegas","4856":"naturels","4857":"certitude","4858":"poussent","4859":"affirmer","4860":"nigeria","4861":"texas","4862":"aurai","4863":"til","4864":"\u00e9quipements","4865":"motivation","4866":"compare","4867":"auriez","4868":"participent","4869":"sensibles","4870":"missionnaire","4871":"ruth","4872":"refuge","4873":"refus","4874":"inspiration","4875":"vend","4876":"\u00e9voque","4877":"\u00e2g\u00e9s","4878":"chaine","4879":"congolais","4880":"phil","4881":"sav\u00e8re","4882":"couvrir","4883":"allais","4884":"\u00e9normes","4885":"arguments","4886":"philistins","4887":"familial","4888":"\u00e8ve","4889":"regardons","4890":"regardemoi","4891":"b\u00e9ni","4892":"louer","4893":"po\u00e9sie","4894":"nicolas","4895":"couvert","4896":"exception","4897":"regardais","4898":"vieil","4899":"harmonie","4900":"coutumes","4901":"manuel","4902":"d\u00e9cret","4903":"mosqu\u00e9e","4904":"refuse","4905":"r\u00e9v","4906":"marketing","4907":"co\u00fbts","4908":"contenant","4909":"r\u00e9pression","4910":"attentivement","4911":"prochaines","4912":"typique","4913":"sefforcent","4914":"candidature","4915":"indiquant","4916":"conclure","4917":"l\u00e9cart","4918":"piscine","4919":"repr\u00e9sentent","4920":"fabrique","4921":"briser","4922":"ill\u00e9gal","4923":"ambiance","4924":"r\u00e9sidents","4925":"montant","4926":"convenable","4927":"professionnel","4928":"zimbabwe","4929":"maillot","4930":"enregistrer","4931":"soulever","4932":"fauteuil","4933":"souligne","4934":"attaqu\u00e9","4935":"utilis\u00e9es","4936":"permettait","4937":"possibilit\u00e9s","4938":"captivit\u00e9","4939":"martyrs","4940":"prochains","4941":"atteinte","4942":"rest\u00e9s","4943":"pensaient","4944":"restaurants","4945":"empreintes","4946":"fassent","4947":"mohammed","4948":"proc\u00e9dure","4949":"potentiel","4950":"vampires","4951":"l\u00e9v\u00e9nement","4952":"correspond","4953":"encourage","4954":"apprennent","4955":"pile","4956":"\u00e9pous\u00e9","4957":"attendait","4958":"appelait","4959":"resto","4960":"m\u00e9t\u00e9o","4961":"gratuitement","4962":"girl","4963":"r\u00e9elles","4964":"nettoyage","4965":"agricole","4966":"conclu","4967":"nait","4968":"vaisselle","4969":"r\u00e9els","4970":"facult\u00e9","4971":"attendais","4972":"r\u00e9flexions","4973":"brooklyn","4974":"promise","4975":"neymar","4976":"soumettre","4977":"charges","4978":"progressivement","4979":"rhume","4980":"confirme","4981":"industrielle","4982":"d\u00e9gage","4983":"m\u00e9chants","4984":"sm\u00e9agol","4985":"gu\u00e9rison","4986":"urgences","4987":"m\u00e9canisme","4988":"d\u00e9fis","4989":"pourcentage","4990":"contestation","4991":"isra\u00e9lienne","4992":"r\u00e9cente","4993":"tu\u00e9e","4994":"vi","4995":"coucou","4996":"d\u00e9signe","4997":"pires","4998":"geste","4999":"rendus"}}