{"glg":{"0":" que","1":"que ","2":" a ","3":" o ","4":" de ","5":"non ","6":" non","7":" e ","8":" est","9":" \u00e9 ","10":" par","11":" un ","12":" com","13":"nte ","14":" con","15":"mos ","16":"unha","17":"nha ","18":"ara ","19":"ente","20":" por","21":"para","22":"ndo ","23":"esta","24":"ment","25":" unh","26":" per","27":" os ","28":"dos ","29":" se ","30":"i\u00f3n ","31":" en ","32":" do ","33":"por ","34":"ci\u00f3n","35":"nos ","36":"ado ","37":" pod","38":"est\u00e1","39":" tod","40":"ero ","41":" da ","42":" des","43":"ando","44":"ada ","45":"res ","46":"omo ","47":"como","48":"ade ","49":"tes ","50":"quer","51":"dade","52":"nto ","53":"pode","54":"todo","55":" as ","56":" eu ","57":"ante","58":"amos","59":" can","60":" no ","61":" pre","62":"odo ","63":" pro","64":"pero","65":"tos ","66":"\u00e1is ","67":" moi","68":"m\u00e1is","69":" m\u00e1i","70":"emos","71":" ser","72":"sta ","73":"st\u00e1 ","74":" tra","75":"r\u00eda ","76":"ito ","77":"idad","78":"das ","79":" na ","80":"i\u00f1a ","81":"este","82":"lle ","83":"ento","84":"con ","85":"des ","86":"era ","87":" ben","88":" nos","89":"aci\u00f3","90":"ben ","91":" pol","92":" ent","93":" seu","94":" ao ","95":"iso ","96":"tar ","97":"son ","98":"ora ","99":"sto ","100":" alg","101":" aqu","102":"les ","103":"cont","104":" fac","105":"ais ","106":"tas ","107":" ver","108":" s\u00faa","109":" son","110":"ste ","111":" meu","112":"amen","113":"ido ","114":"er\u00eda","115":"nde ","116":"eiro","117":"ela ","118":"aqu\u00ed","119":"qu\u00ed ","120":" sen","121":"face","122":"aba ","123":"llo ","124":" me ","125":"cand","126":"ras ","127":" esc","128":" car","129":" ter","130":"ida ","131":" ten","132":" cas","133":"isto","134":" gra","135":" \u00e1 ","136":" sab","137":" iso","138":" tem","139":"los ","140":"ntes","141":"meu ","142":" mar","143":" hai","144":"hai ","145":"cer ","146":" nun","147":"iro ","148":"entr","149":"eus ","150":" che","151":"enta","152":" esp","153":"s\u00faa ","154":"ixo ","155":"ron ","156":"segu","157":"seu ","158":"mi\u00f1a","159":"rte ","160":"che ","161":"ros ","162":"sas ","163":" te\u00f1","164":" si ","165":" el ","166":"ira ","167":"outr","168":" ou ","169":"tou ","170":"nda ","171":" mi\u00f1","172":" pas","173":" pen","174":"eira","175":"taba","176":" era","177":" nin","178":"acer","179":" xa ","180":" out","181":"quen","182":"ica ","183":"ende","184":" mes","185":"ados","186":" cor","187":"obre","188":" dos","189":" s\u00f3 ","190":" fal","191":" deb","192":"sabe","193":"ome ","194":" ago","195":"\u00f3ns ","196":"pens","197":"ten ","198":" ti ","199":" man","200":"ncia","201":"esto","202":" vai","203":"bre ","204":"ola ","205":" foi","206":"moi ","207":" for","208":"abal","209":"dici","210":"enci","211":"onde","212":"espe","213":"foi ","214":"tro ","215":"agor","216":"star","217":"gora","218":"stab","219":" seg","220":"moit","221":" vos","222":"ese ","223":"port","224":"raba","225":" cam","226":"ser ","227":" as\u00ed","228":"as\u00ed ","229":"uere","230":"cia ","231":"ello","232":" dis","233":" mor","234":"nada","235":" dic","236":" tan","237":" dix","238":"comp","239":" cha","240":" cre","241":"anos","242":"ase ","243":"trab","244":"orta","245":" min","246":"lar ","247":" res","248":"ball","249":"inte","250":" ond","251":"olo ","252":"asa ","253":" sob","254":"mpre","255":"part","256":"sent","257":" ela","258":"se\u00f1o","259":"ensa","260":"stou","261":"rque","262":" nad","263":"sobr","264":"pare","265":"oso ","266":" pri","267":"las ","268":"oder","269":"e\u00f1or","270":"e\u00f1o ","271":" se\u00f1","272":"rar ","273":" d\u00eda","274":"oito","275":"tado","276":" dei","277":"ches","278":" vol","279":"mais","280":" ano","281":"gar ","282":" ist","283":"ter ","284":" sem","285":"tra ","286":"casa","287":" hom","288":"ver ","289":"cons","290":"esa ","291":"orqu","292":"ico ","293":" men","294":"tan ","295":"eres","296":"esco","297":"te\u00f1o","298":"cos ","299":"eito","300":"pres","301":"igo ","302":"odos","303":" mai","304":"ousa","305":" int","306":"tant","307":" cou","308":"debe","309":"erda","310":" nov","311":"porq","312":"come","313":"ame ","314":"home","315":" lle","316":" cal","317":"mell","318":"xent","319":"nas ","320":"oste","321":"cous","322":"d\u00eda ","323":"temp","324":"mpo ","325":"elo ","326":"oita","327":"esti","328":"uen ","329":"erra","330":"orre","331":" xen","332":"ores","333":"algo","334":"pasa","335":"vai ","336":"nta ","337":"mesm","338":"ede ","339":"hes ","340":"espo","341":" fil","342":" dun","343":"ode ","344":"lgo ","345":" imp","346":"vida","347":" tam","348":" sei","349":"estr","350":"ntra","351":" rec","352":" lev","353":"smo ","354":"rei ","355":"i\u00f3ns","356":"osa ","357":"sen ","358":"ador","359":"\u00edas ","360":"deix","361":"ite ","362":"anto","363":"ista","364":"zas ","365":"sei ","366":"ntre","367":"fala","368":"ita ","369":"empo","370":"empr","371":" ant","372":"polo","373":"lla ","374":"arte","375":"vos ","376":"icir","377":"ran ","378":"ntar","379":"ar\u00eda","380":"tede","381":"eles","382":"rio ","383":"rece","384":"\u00faas ","385":" med","386":"undo","387":"ning","388":"alla","389":"emen","390":"orte","391":"ntos","392":"si\u00f3n","393":" fix","394":"imos","395":"cir ","396":"sted","397":"rime","398":"oite","399":"nten","400":"volv","401":"pola","402":"nunc","403":"ller","404":"a\u00ednd","405":"alo ","406":"stra","407":"sos ","408":"ois ","409":" teu","410":"rta ","411":"nter","412":"vost","413":"prob","414":"der ","415":" vid","416":" a\u00edn","417":"tame","418":"\u00ednda","419":" dou","420":"utro","421":"cheg","422":" cad","423":"endo","424":"vez ","425":" ele","426":"ses ","427":"nca ","428":"gran","429":"am\u00e9n","430":"sar ","431":"m\u00e9n ","432":"rto ","433":"cant","434":"esmo","435":"ces ","436":"rado","437":"prim","438":"u\u00e9n ","439":" vou","440":"tam\u00e9","441":"dar ","442":"llos","443":"pois","444":"gu\u00e9n","445":" dur","446":"onte","447":"min ","448":" col","449":"cham","450":"reci","451":"ios ","452":"eces","453":" coa","454":"pouc","455":"ingu","456":"allo","457":"arec","458":"sper","459":"dor ","460":" vez","461":"algu","462":"dent","463":"tend","464":"oma ","465":" mal","466":" mir","467":" mel","468":"ti\u00f1a","469":"leva","470":"lor ","471":"lmen","472":" das","473":"iona","474":"ano ","475":"stas","476":" viv","477":"eza ","478":"dixo","479":"unca","480":"desp","481":" noi","482":"ria ","483":"ades","484":"toda","485":" te ","486":"ulle","487":"teu ","488":"enos","489":"migo","490":"uero","491":" ti\u00f1","492":"onta","493":"mes ","494":"\u00f1or ","495":"terr","496":"llor","497":"cida","498":"egun","499":"anta","500":"ontr","501":"aos ","502":" cab","503":"dese","504":"pera","505":"ata ","506":" mat","507":"ecto","508":"noit","509":"ouco","510":"rdad","511":"t\u00e1n ","512":"preg","513":"rra ","514":"ler ","515":"vou ","516":"rand","517":"raza","518":" t\u00faa","519":" pou","520":"ias ","521":"cara","522":" mun","523":"ario","524":"dest","525":"aron","526":"meir","527":"utra","528":" ese","529":"uro ","530":"mund","531":"eixa","532":"cada","533":"alme","534":"ura ","535":"tent","536":"orma","537":"illo","538":"cion","539":"t\u00f3n ","540":" tes","541":"form","542":"uco ","543":"rme ","544":"adas","545":"ble ","546":"pers","547":"tal ","548":"iste","549":"fica","550":"remo","551":"enti","552":"noso","553":" arr","554":"lles","555":"tres","556":"baix","557":" pai","558":" co ","559":"mas ","560":"corr","561":"olle","562":"co\u00f1e","563":"erso","564":" esa","565":"tive","566":"alar","567":" mul","568":" cer","569":"coma","570":"olve","571":" mil","572":"nt\u00f3n","573":"podo","574":"st\u00e1n","575":" den","576":"pre ","577":"semp","578":"itar","579":"temo","580":"ina ","581":" cla","582":"aque","583":" rea","584":" sup","585":"oas ","586":"verd","587":"n\u00f3s ","588":" n\u00f3s","589":"marc","590":"fill","591":" ata","592":"ent\u00f3","593":" ven","594":"tivo","595":"desc","596":"ivo ","597":"t\u00faa ","598":" sal","599":"imei","600":"st\u00e1s","601":" hab","602":"ific","603":"rend","604":"seus","605":"ala ","606":"t\u00e1s ","607":" sol","608":"demo","609":" aos","610":"gust","611":"post","612":"usas","613":"perd","614":"tura","615":"ema ","616":"usta","617":"azas","618":" nes","619":"medi","620":"ino ","621":"coll","622":"tre ","623":"tamo","624":" exp","625":"arti","626":"impo","627":"egui","628":"axe ","629":"mira","630":"ogo ","631":" qui","632":" lib","633":"ache","634":"tori","635":"nin ","636":" tom","637":"eses","638":"car ","639":"edes","640":" vel","641":" mer","642":"unto","643":" gus","644":"rse ","645":"qued","646":"der\u00ed","647":"cto ","648":" ato","649":"itos","650":"deus","651":"lida","652":"graz","653":"ren ","654":"r\u00e1s ","655":"ixen","656":"er\u00e1 ","657":"aber","658":"lado","659":"mull","660":"ranc","661":"bes ","662":"coa ","663":"raci","664":"hama","665":"rada","666":"ande","667":"mort","668":" emp","669":" fin","670":"o\u00f1ec","671":" del","672":" fai","673":"hega","674":"rda ","675":"arch","676":"dous","677":" co\u00f1","678":"ntro","679":"anda","680":"reo ","681":"real","682":"arei","683":"atop","684":"usa ","685":"nosa","686":"agar","687":" dir","688":" tre","689":" ir ","690":" dec","691":"gard","692":"stan","693":"novo","694":"nun ","695":"mata","696":" deu","697":"ous ","698":" rap","699":" dem","700":"aban","701":" amo","702":"nse ","703":"onse","704":"vas ","705":" nen","706":"gunh","707":"pren","708":"odes","709":"fici","710":"nder","711":"spoi","712":"mpor","713":"i\u00f1o ","714":"nal ","715":"rde ","716":"eque","717":"regu","718":"blem","719":"dun ","720":"spec","721":"stam","722":"eno ","723":"ven ","724":"ab\u00eda","725":"tido","726":"stes","727":"prop","728":"nest","729":"prec","730":" tar","731":"eren","732":"illa","733":"exa ","734":"rica","735":" sex","736":"cas ","737":"iros","738":"resp","739":" cos","740":"ere ","741":"coit","742":" es ","743":" neg","744":"b\u00eda ","745":" fra","746":"comi","747":"eber","748":" bai","749":" aco","750":"ume ","751":"able","752":" oll","753":"ella","754":"ovo ","755":" ve\u00f1","756":"cent","757":"rsoa","758":"rapa","759":"sexa","760":"esen","761":"luga","762":" pos","763":"stad","764":"ugar","765":"mar ","766":"xen ","767":"erei","768":"tros","769":"ece ","770":" ami","771":"cci\u00f3","772":"\u00f1as ","773":"omen","774":"egur","775":"quel","776":"eran","777":"iden","778":" hor","779":"ial ","780":"scoi","781":"apar","782":"aixo","783":" irm","784":"indo","785":"unta","786":"al\u00ed ","787":"logo","788":" lug","789":" tiv","790":"dura","791":"creo","792":" enc","793":" sin","794":"ecis","795":" al\u00ed","796":"omez","797":"rese","798":"erto","799":"gos ","800":" log","801":"arde","802":"ecer","803":" poi","804":"hora","805":"embr","806":"fixe","807":"c\u00eda ","808":"caba","809":"escr","810":" fun","811":"eron","812":" inc","813":"g\u00fan ","814":"rant","815":" bo ","816":"arto","817":"arda","818":"eto ","819":"oria","820":" fer","821":"e\u00f1a ","822":"\u00edan ","823":"gunt","824":"lema","825":" axu","826":"uera","827":"amig","828":"ici\u00f3","829":" cun","830":"xeit","831":"sque","832":" dar","833":"oida","834":"ana ","835":" a\u00ed ","836":" f\u00f3r","837":"tor ","838":"cado","839":"idos","840":"nado","841":"tras","842":" \u00e1s ","843":"pai ","844":"morr","845":"cart","846":"lta ","847":"tica","848":"cert","849":"aro ","850":"anci","851":" cin","852":"avor","853":"ban ","854":"alg\u00fa","855":"lg\u00fan","856":"resa","857":"clar","858":"atar","859":" fav","860":" aga","861":"cio ","862":"favo","863":"ato ","864":"serv","865":"ient","866":"resi","867":"\u00f1en ","868":" fam","869":" der","870":"esqu","871":"abes","872":"oda ","873":"rdo ","874":" ide","875":"r\u00e1n ","876":" boa","877":" bra","878":"cord","879":"ntas","880":"trat","881":" coi","882":"axud","883":"f\u00f3ra","884":"alle","885":"cial","886":"cien","887":"\u00f3ra ","888":" bar","889":"feit","890":"oble","891":" apr","892":"osos","893":"ama ","894":"edo ","895":"rlle","896":"vir ","897":" imo","898":" vir","899":" cap","900":"mal ","901":" nai","902":"tran","903":" esq","904":"ena ","905":"escu","906":"esca","907":" pob","908":"erio","909":"fai ","910":"ueda","911":"scri","912":"icia","913":"anza","914":"ngu\u00e9","915":"tard","916":"onti","917":"man ","918":"vor ","919":"rou ","920":" vin","921":" inf","922":"dema","923":"az\u00f3n","924":" san","925":"irm\u00e1","926":"topa","927":"ber ","928":" dif","929":" lon","930":"dado","931":"cami","932":"e\u00f1en","933":" inv","934":"raz\u00f3","935":"eta ","936":"amar","937":"asar","938":"robl","939":" val","940":"ible","941":"par ","942":"ecid","943":"ocup","944":"emas","945":" vec","946":"bro ","947":" ind","948":"lica","949":"ollo","950":"mome","951":"s\u00faas","952":"d\u00edas","953":"pequ","954":"ompa","955":"meno","956":"sist","957":" peq","958":" tal","959":"has ","960":"ose ","961":"nai ","962":"omes","963":"nco ","964":"tir ","965":"odas","966":"iver","967":"neno","968":"eria","969":"itas","970":"mili","971":"dunh","972":" aca","973":"ve\u00f1a","974":"rtos","975":"eita","976":" atr","977":"conv","978":"deir","979":"use ","980":"ropi","981":" rep","982":"guer","983":"egar","984":"xuda","985":"toma","986":"lver","987":" sa\u00ed","988":"rida","989":" nas","990":"ar\u00e1 ","991":"iado","992":" moz","993":"den ","994":"nso ","995":"char","996":"arre","997":"ambi","998":"nova","999":" mon","1000":" ma\u00f1","1001":"ma\u00f1\u00e1","1002":" fei","1003":"dixe","1004":"ncio","1005":"nza ","1006":"conf","1007":"dere","1008":" cid","1009":"ixar","1010":"enso","1011":" far","1012":"desa","1013":"dea ","1014":"aso ","1015":"libr","1016":" act","1017":"bel ","1018":"sado","1019":"dore","1020":"vivi","1021":"ser\u00e1","1022":"ares","1023":"quei","1024":"teri","1025":" mom","1026":"z\u00f3n ","1027":"boa ","1028":" vis","1029":" coc","1030":"abe ","1031":" alt","1032":"nece","1033":"rest","1034":" ins","1035":"uci\u00f3","1036":" sub","1037":"arme","1038":" uni","1039":"rma ","1040":"asta","1041":"stiv","1042":"imen","1043":"dio ","1044":"ntad","1045":"roba","1046":"amor","1047":" pal","1048":"uran","1049":"vell","1050":"ermi","1051":"inal","1052":"a\u00f1\u00e1 ","1053":"apaz","1054":"posi","1055":" rei","1056":"coid","1057":"cabe","1058":"arse","1059":" met","1060":"osta","1061":"tere","1062":"ipo ","1063":"dire","1064":"rios","1065":"tar\u00ed","1066":"ate ","1067":"lgu\u00e9","1068":"reco","1069":"erta","1070":"lgun","1071":"stru","1072":"eche","1073":" cat","1074":"alqu","1075":"ral ","1076":"osto","1077":" xog","1078":"erme","1079":"eme ","1080":" hox","1081":" gue","1082":"abra","1083":"iras","1084":"ferm","1085":" ama","1086":"fran","1087":"list","1088":"unid","1089":"cond","1090":"oxe ","1091":"hoxe","1092":"vers","1093":"lque","1094":"peri","1095":"\u00f1ece","1096":"tico","1097":"rect","1098":" sor","1099":" rem","1100":"olta","1101":"dend","1102":"mand","1103":"isi\u00f3","1104":"ille","1105":"mple","1106":"lici","1107":"vece","1108":"tiva","1109":"oche","1110":" bas","1111":" apa","1112":"uerr","1113":"gado","1114":"unci","1115":"bra ","1116":"nunh","1117":" vas","1118":" pla","1119":"r\u00edas","1120":" det","1121":" cri","1122":"zar ","1123":"gas ","1124":"maio","1125":"ete ","1126":"ime ","1127":"leir","1128":" cen","1129":"mor ","1130":"odem","1131":" som","1132":"stor","1133":"dist","1134":" ped","1135":"uer\u00ed","1136":"icos","1137":" xei","1138":"aria","1139":"llar","1140":"tenc","1141":"epar","1142":"icar","1143":"te\u00f1e","1144":"eis ","1145":" oh ","1146":"\u00f1eir","1147":"camb","1148":"gue ","1149":"visi","1150":"rata","1151":"rer ","1152":"ense","1153":"calq","1154":"nme ","1155":"mina","1156":" pra","1157":"meus","1158":"vert","1159":"mara","1160":"rcha","1161":"iva ","1162":"ecci","1163":"xunt","1164":"erno","1165":"reit","1166":" lad","1167":"rno ","1168":"i\u00f1as","1169":"igos","1170":" cho","1171":"llas","1172":"laro","1173":"rema","1174":"hist","1175":"ordo","1176":"paz ","1177":" abr","1178":"tade","1179":"ber\u00ed","1180":"erde","1181":"merc","1182":"mant","1183":" pes","1184":"ilia","1185":" pel","1186":"usto","1187":"volt","1188":"uela","1189":"iven","1190":"sina","1191":"iar ","1192":"iche","1193":"arta","1194":"bran","1195":"nist","1196":"onos","1197":"erna","1198":"inco","1199":" di ","1200":" rev","1201":"tipo","1202":"lia ","1203":" nom","1204":" bot","1205":"ans ","1206":"uga ","1207":"trar","1208":"aza ","1209":"nida","1210":"liza","1211":"iant","1212":"mana","1213":"ctor","1214":"perm","1215":"ic\u00eda","1216":"supo","1217":"rent","1218":"enda","1219":"orto","1220":"land","1221":"dian","1222":"reir","1223":"trad","1224":"rrer","1225":" his","1226":"ova ","1227":"exo ","1228":" bus","1229":" fag","1230":"idea","1231":"ami\u00f1","1232":"osas","1233":" sr ","1234":"iamo","1235":"cho ","1236":"erte","1237":"nome","1238":"ior ","1239":"fina","1240":"orde","1241":"onst","1242":" pat","1243":" enf","1244":"meza","1245":"irec","1246":"iba ","1247":"imo ","1248":"anco","1249":"ntin","1250":"van ","1251":"mill","1252":"imax","1253":"ona ","1254":" ima","1255":" tip","1256":"tand","1257":"anti","1258":"eman","1259":"taci","1260":"rato","1261":"xar ","1262":" tel","1263":" nec","1264":"rame","1265":" pap","1266":"rnos","1267":" ani","1268":"crib","1269":"olos","1270":"ebe ","1271":" ade","1272":"ermo","1273":"camp","1274":"side","1275":" \u00f3 ","1276":"alab","1277":" mov","1278":"cend","1279":"ompr","1280":"hab\u00ed","1281":"egue","1282":"disp","1283":"omos","1284":"nci\u00f3","1285":"nver","1286":"oron","1287":"erid","1288":"ima ","1289":"plan","1290":"ront","1291":"ndes","1292":"guro","1293":" dig","1294":"stre","1295":"nsar","1296":"comu","1297":" xun","1298":"nico","1299":"apre","1300":" tri","1301":"alid","1302":" lem","1303":"erro","1304":"mari","1305":"espa","1306":"cupa","1307":"soa ","1308":" ale","1309":"omun","1310":"estu","1311":" cul","1312":" cua","1313":"udar","1314":"ves ","1315":" loi","1316":"dame","1317":"stro","1318":"fere","1319":"conc","1320":"amil","1321":"eino","1322":" raz","1323":"lent","1324":"ntan","1325":"ecta","1326":"labr","1327":"icio","1328":"reto","1329":"scol","1330":"pa\u00eds","1331":"pret","1332":"ono ","1333":"paso","1334":" pa\u00ed","1335":"erem","1336":"naci","1337":"ampo","1338":"vent","1339":" sig","1340":"beza","1341":" aba","1342":"uns ","1343":"abez","1344":"culp","1345":"rito","1346":"mbra","1347":"aior","1348":"fixo","1349":" bal","1350":"mbro","1351":"acab","1352":" aut","1353":" aug","1354":"medo","1355":" nor","1356":"nhas","1357":"uper","1358":"nar ","1359":"lemb","1360":" gar","1361":"plic","1362":"ltim","1363":"ervi","1364":"auga","1365":"\u00e1ns ","1366":"pala","1367":"loit","1368":"d\u00faas","1369":"indi","1370":"llad","1371":"emat","1372":" d\u00faa","1373":"fami","1374":"bas ","1375":"atur","1376":"celo","1377":"riba","1378":"zos ","1379":" ali","1380":"arri","1381":"arll","1382":"ativ","1383":"icas","1384":" hum","1385":" chi","1386":"eas ","1387":"arad","1388":"var ","1389":"negr","1390":"case","1391":" ref","1392":" pag","1393":"esas","1394":"cias","1395":"acto","1396":"ober","1397":"utor","1398":"mono","1399":"ulo ","1400":" lis","1401":"busc","1402":"mida","1403":" rel","1404":"ndic","1405":"vamo","1406":" fan","1407":" and","1408":"nica","1409":"nden","1410":"rede","1411":"poli","1412":"pect","1413":"fort","1414":"ater","1415":"nstr","1416":" env","1417":"sou ","1418":"paga","1419":"band","1420":"r\u00edan","1421":"ezo ","1422":"xera","1423":"aste","1424":"mpos","1425":"cula","1426":"tigo","1427":"inar","1428":"foro","1429":"alta","1430":" po\u00f1","1431":"forz","1432":"cisa","1433":"nfer","1434":"asas","1435":"cal ","1436":"duci","1437":"rtan","1438":"cido","1439":"deu ","1440":"soas","1441":"caso","1442":" rom","1443":"rist","1444":"cios","1445":"nima","1446":" pan","1447":"tada","1448":"stem","1449":"ixa ","1450":" sit","1451":"ctiv","1452":"tira","1453":"nsa ","1454":"bras","1455":"ual ","1456":" d\u00e9i","1457":"\u00falti","1458":"asad","1459":"inve","1460":"ton ","1461":"rido","1462":"\u00fanic","1463":"pert","1464":"ouse","1465":" ban","1466":"ostr","1467":"teir","1468":"ntei","1469":"eter","1470":"od\u00eda","1471":"rtid","1472":"adei","1473":"oras","1474":"ixer","1475":"tema","1476":"caci","1477":"sita","1478":"nari","1479":"rela","1480":"fect","1481":"vale","1482":"ueno","1483":" pec","1484":" sac","1485":"tari","1486":"spos","1487":"idas","1488":"ital","1489":" \u00fani","1490":" \u00falt","1491":"olla","1492":" van","1493":"edor","1494":"ntig","1495":"gund","1496":"iber","1497":"feli","1498":"evar","1499":"cesi","1500":"laci","1501":"guir","1502":"ican","1503":"anim","1504":"d\u00e9ix","1505":"punt","1506":"sign","1507":"rmos","1508":"usca","1509":"onve","1510":"endi","1511":"inci","1512":" exe","1513":" dia","1514":" vex","1515":"stin","1516":"mont","1517":"edia","1518":"rinc","1519":"bert","1520":"scar","1521":"mado","1522":"luci","1523":"rm\u00e1n","1524":"vest","1525":"arro","1526":"erca","1527":"tare","1528":"olic","1529":" sim","1530":" ace","1531":"onal","1532":"eso ","1533":"anse","1534":"sco ","1535":"acel","1536":"seri","1537":"acci","1538":"cort","1539":"film","1540":"preo","1541":"auto","1542":"reoc","1543":"cans","1544":"isti","1545":"mane","1546":"vend","1547":" ame","1548":"sema","1549":"disc","1550":"pedi","1551":"rade","1552":"deci","1553":" tol","1554":"daqu","1555":"quil","1556":"ortu","1557":"ster","1558":"esar","1559":"\u00e1ron","1560":"mate","1561":"muni","1562":"leme","1563":"edio","1564":"dido","1565":"arma","1566":"cuar","1567":"tall","1568":"esid","1569":" tro","1570":" rou","1571":" cur","1572":" gal","1573":"sme ","1574":"durm","1575":"aia ","1576":" ves","1577":"nseg","1578":"cola","1579":"bemo","1580":"xust","1581":" nac","1582":" daq","1583":"ompl","1584":"abil","1585":"icad","1586":"redo","1587":"atro","1588":"minu","1589":"tr\u00e1s","1590":"culo","1591":"nifi","1592":"irar","1593":"cinc","1594":"\u00f1os ","1595":"desd","1596":"soci","1597":"arra","1598":"neir","1599":"ndos","1600":"rome","1601":"vin ","1602":" tir","1603":"rro ","1604":"uart","1605":"pobo","1606":" ola","1607":"bale","1608":"ilo ","1609":"rega","1610":"libe","1611":"erar","1612":"onar","1613":" fot","1614":"ser\u00ed","1615":" bri","1616":"igni","1617":"acor","1618":"aixa","1619":"bern","1620":"lare","1621":"ealm","1622":"iga ","1623":"a\u00eds ","1624":"eocu","1625":"omer","1626":"esma","1627":"itad","1628":" ord","1629":"llan","1630":"ivir","1631":"acen","1632":"acio","1633":"ter\u00ed","1634":"move","1635":"ntid","1636":"m\u00e1n ","1637":"ifer","1638":"into","1639":"eixe","1640":"aten","1641":"ivos","1642":"asin","1643":" bat","1644":"expl","1645":"oluc","1646":"xist","1647":"leta","1648":" mis","1649":"inut","1650":"esde","1651":" fel","1652":"elas","1653":"ilme","1654":"mi\u00f1o","1655":"ian ","1656":"salv","1657":"tei ","1658":"cun ","1659":"ienc","1660":"xes ","1661":"uto ","1662":"peci","1663":"ntal","1664":"envi","1665":"bast","1666":"opar","1667":" ate","1668":"orza","1669":"ecen","1670":"ulta","1671":"mpa\u00f1","1672":"evol","1673":"alei","1674":" qu\u00e9","1675":"lere","1676":"zado","1677":" beb","1678":"opor","1679":" soc","1680":"pido","1681":"pod\u00ed","1682":" ret","1683":"repa","1684":" pun","1685":"dife","1686":"\u00fans ","1687":"ntou","1688":"sde ","1689":"a\u00f1a ","1690":"cama","1691":"ear ","1692":" pui","1693":"coch","1694":"nuto","1695":" arm","1696":" uns","1697":"eceu","1698":"empe","1699":"rego","1700":"puid","1701":"grad","1702":"orme","1703":"alos","1704":"omig","1705":"fron","1706":"o\u00f1o ","1707":"ramo","1708":"ire ","1709":"ng\u00fan","1710":"cora","1711":"ing\u00fa","1712":"tima","1713":"uman","1714":"prin","1715":"ogra","1716":" asa","1717":"ues ","1718":" org","1719":"dica","1720":"sica","1721":" asu","1722":"cha ","1723":"foto","1724":"ote ","1725":"exis","1726":" div","1727":"rama","1728":"cult","1729":" obr","1730":"inad","1731":" dep","1732":"ensi","1733":"gnif","1734":"unda","1735":"una ","1736":" tor","1737":"mans","1738":"po\u00f1e","1739":"ceu ","1740":"lto ","1741":"huma","1742":"sab\u00ed","1743":"spon","1744":"enca","1745":"asia","1746":"ncip","1747":"i\u00f1ei","1748":"sten","1749":"seme","1750":"vist","1751":"fund","1752":"prof","1753":"equi","1754":" def","1755":"volu","1756":"san ","1757":"ago ","1758":"somo","1759":"timo","1760":"pos ","1761":"molo","1762":"impl","1763":"poid","1764":"supe","1765":"r\u00edam","1766":"obo ","1767":" lin","1768":"ismo","1769":" vam","1770":" fos","1771":"mozo","1772":"rans","1773":"nive","1774":" art","1775":" ocu","1776":" ext","1777":"itan","1778":" fro","1779":"rote","1780":"\u00e1ndo","1781":" ber","1782":"eral","1783":"ance","1784":"lant","1785":"dera","1786":"rtes","1787":" ga\u00f1","1788":"bate","1789":"corp","1790":"igua","1791":"quiz","1792":" eng","1793":"ondo","1794":"blic","1795":"rrib","1796":" usa","1797":"gou ","1798":" reg","1799":"oden","1800":"nlle","1801":"oume","1802":" xus","1803":"sma ","1804":"ale ","1805":"dia ","1806":"faga","1807":"uaci","1808":"g\u00fans","1809":"aran","1810":"\u00f1ora","1811":"olas","1812":" vi\u00f1","1813":"paci","1814":"istr","1815":" v\u00e9n","1816":"er\u00e1n","1817":" mod","1818":"ilid","1819":"carg","1820":"func","1821":"ll\u00f3n","1822":"cede","1823":"orpo","1824":"amad","1825":"a\u00f1o ","1826":"lada","1827":"vive","1828":"v\u00e9n ","1829":"sibl","1830":"vaia","1831":"erse","1832":"titu","1833":" ren","1834":"ntir","1835":"or\u00eda","1836":"nfor","1837":"reso","1838":" d\u00edx","1839":" at\u00e9","1840":"gobe","1841":" din","1842":"rtas","1843":"lenc","1844":" abo","1845":" gob","1846":"eali","1847":"bili","1848":"cil ","1849":"quec","1850":"at\u00e9 ","1851":"fose","1852":"oca ","1853":"rior","1854":"ise ","1855":"alic","1856":"riam","1857":"alto","1858":"fin ","1859":"bill","1860":"\u00f1an ","1861":" sec","1862":"long","1863":"opia","1864":"bamo","1865":"abri","1866":"lic\u00ed","1867":"ngo ","1868":"spar","1869":"enfe","1870":"te\u00f1a","1871":"cen ","1872":"arga","1873":"capa","1874":" fic","1875":"rche","1876":"catr","1877":"mer ","1878":"ular","1879":"arar","1880":"sa\u00edr","1881":"evan","1882":"dra ","1883":"mosa","1884":"scen","1885":"ueri","1886":"azo ","1887":"pech","1888":" sai","1889":"proc","1890":"ego ","1891":"masi","1892":"alis","1893":"cadr","1894":"urmi","1895":"lan ","1896":"cost","1897":" ros","1898":"inta","1899":"har ","1900":"zou ","1901":" fas","1902":"rodu","1903":"veu ","1904":"ula ","1905":" lei","1906":" dan","1907":"merd","1908":"erad","1909":" so\u00f1","1910":"most","1911":"rias","1912":"xoga","1913":"xas ","1914":"d\u00edn ","1915":"norm","1916":"test","1917":"irei","1918":"came","1919":"r\u00edo ","1920":"elle","1921":"saba","1922":" r\u00faa","1923":"apac","1924":"v\u00f3s ","1925":"lase","1926":"ulpa","1927":"omba","1928":"sang","1929":"\u00edbel","1930":"prot","1931":"mano","1932":"xect","1933":"egro","1934":"maxi","1935":"atos","1936":"ezar","1937":"arem","1938":"angu","1939":"cade","1940":"esi\u00f3","1941":" soa","1942":"revi","1943":"mada","1944":"stud","1945":" bon","1946":"emai","1947":"chan","1948":"mpar","1949":"arco","1950":"eric","1951":"umen","1952":"mero","1953":"rtar","1954":"agra","1955":"sala","1956":"ques","1957":"gada","1958":" igu","1959":"asou","1960":"ribi","1961":"iran","1962":"gres","1963":"term","1964":" doc","1965":"ecem","1966":" pon","1967":"simp","1968":"verm","1969":"echa","1970":" bos","1971":"ozo ","1972":"pio ","1973":" nat","1974":"acti","1975":" agr","1976":"dan ","1977":"ec\u00eda","1978":"ndid","1979":"siad","1980":" exc","1981":"rir ","1982":"isco","1983":" exi","1984":"bos ","1985":"izad","1986":"ceme","1987":" suf","1988":" v\u00f3s","1989":"utos","1990":"ompe","1991":" \u00eda ","1992":" sis","1993":"coas","1994":"ecib","1995":" fre","1996":"anqu","1997":"info","1998":"han ","1999":"prov","2000":"prod","2001":"guin","2002":"dout","2003":" xer","2004":"onsi","2005":"ocio","2006":"eda ","2007":"inos","2008":" ca ","2009":" equ","2010":"ofic","2011":"alva","2012":"del ","2013":"cunh","2014":"uest","2015":"anei","2016":"aces","2017":"rco ","2018":"arab","2019":"nqui","2020":"\u00e1bel","2021":"rigo","2022":"feri","2023":"rein","2024":" ofi","2025":"\u00e9ixa","2026":"icie","2027":"ueir","2028":"irad","2029":"ranx","2030":"prep","2031":"ider","2032":"pend","2033":"alma","2034":"cept","2035":"onxe","2036":"rita","2037":"xina","2038":" adi","2039":"elos","2040":"\u00edame","2041":"aga ","2042":" lim","2043":" via","2044":"l\u00f3ns","2045":"aliz","2046":"tida","2047":"stri","2048":"rall","2049":"ir\u00eda","2050":"uent","2051":"teus","2052":"ispa","2053":"rtir","2054":"lest","2055":"upos","2056":"pobr","2057":"rgan","2058":"uiza","2059":"atra","2060":"osib","2061":"edar","2062":" asi","2063":"adia","2064":"ogar","2065":"stic","2066":"ioso","2067":"sasi","2068":"dou ","2069":"gual","2070":" cae","2071":"resu","2072":"s\u00ednt","2073":" exa","2074":"egad","2075":" s\u00edn","2076":"ceir","2077":" oco","2078":"icam","2079":"edad","2080":"nnos","2081":"\u00fasta","2082":"ntam","2083":"oto ","2084":"a\u00edr ","2085":"uir ","2086":"mete","2087":"radi","2088":"razo","2089":"rec\u00ed","2090":"stos","2091":"olar","2092":"perf","2093":"etro","2094":"teme","2095":"ence","2096":" sta","2097":"tern","2098":"ota ","2099":"rman","2100":"ibir","2101":"onto","2102":"\u00e1pid","2103":"uide","2104":"same","2105":"icid","2106":" acc","2107":"bir ","2108":"sult","2109":"rtun","2110":"crea","2111":"ocia","2112":"carr","2113":"evis","2114":"bota","2115":"dete","2116":"ill\u00f3","2117":"ulos","2118":"puta","2119":"cast","2120":"erac","2121":"ique","2122":"ngun","2123":"emel","2124":"er\u00e1s","2125":"dito","2126":"ecia","2127":"scul","2128":" pet","2129":"\u00edtic","2130":"ar\u00e1n","2131":"bera","2132":"vese","2133":"pais","2134":" rex","2135":"luz ","2136":"g\u00fast","2137":"omar","2138":"ldad","2139":"icin","2140":"ndar","2141":" luz","2142":"xero","2143":" mos","2144":" g\u00fas","2145":"cere","2146":"cito","2147":"diso","2148":" mem","2149":"vera","2150":"habe","2151":"oraz","2152":" r\u00e1p","2153":"mezo","2154":"orna","2155":"aral","2156":"\u00ednto","2157":"can ","2158":"orga","2159":"veme","2160":"vela","2161":"ent\u00ed","2162":"\u00edcul","2163":"tiga","2164":"once","2165":"expe","2166":" ase","2167":"r\u00e1pi","2168":"itua","2169":"mbia","2170":"gura","2171":"mir ","2172":"arno","2173":"egre","2174":"inst","2175":"clas","2176":"uta ","2177":"aren","2178":"axin","2179":"x\u00eda ","2180":"dela","2181":"ude ","2182":" ch\u00e1","2183":" apo","2184":"atal","2185":"itor","2186":" pis","2187":"enas","2188":"telo","2189":"viax","2190":"trae","2191":"axes","2192":"cina","2193":"empl","2194":"esce","2195":"dora","2196":"pita","2197":"egra","2198":"nais","2199":" ens","2200":"bond","2201":"moza","2202":" avi","2203":"ga\u00f1a","2204":"opio","2205":"alas","2206":"n\u00fame","2207":"\u00famer","2208":"tore","2209":"ives","2210":"tru\u00ed","2211":"ibro","2212":" n\u00fam","2213":"ch\u00e1m","2214":"ubo ","2215":"ocor","2216":"paza","2217":"esit","2218":" gre","2219":"tar\u00e1","2220":"inas","2221":"uena","2222":"sint","2223":"stea","2224":"\u00e1tic","2225":"revo","2226":"nce ","2227":"cubr","2228":"plet","2229":"vado","2230":"icac","2231":"ecti","2232":"spir","2233":"lore","2234":"vexo","2235":"egou","2236":"siti","2237":"abai","2238":"edra","2239":"educ","2240":"tanc","2241":"prom","2242":"r\u00f3n ","2243":"iron","2244":"aras","2245":"dida","2246":"trav","2247":"orar","2248":"xech","2249":" ado","2250":"rmit","2251":" alm","2252":"ngue","2253":"quin","2254":"taro","2255":"fora","2256":"nche","2257":"bar ","2258":"cano","2259":"viol","2260":"sol ","2261":"rase","2262":"sion","2263":"capi","2264":"stac","2265":"elec","2266":"erma","2267":" mol","2268":"reta","2269":"trou","2270":" inm","2271":"nego","2272":"lonx","2273":"fas ","2274":"dele","2275":"ing ","2276":"rtam","2277":"amer","2278":"rea ","2279":"li\u00f1a","2280":"ega ","2281":"reza","2282":"eliz","2283":"pase","2284":"rabi","2285":"nxe ","2286":"apit","2287":" bur","2288":"abam","2289":"sida","2290":"pant","2291":"acon","2292":"rpo ","2293":"fan ","2294":"rm\u00e1 ","2295":"rre ","2296":"cine","2297":"cupe","2298":"rpre","2299":"ave ","2300":"tali","2301":"ales","2302":"orra","2303":"anas","2304":"lega","2305":"velo","2306":"dece","2307":"ener","2308":"vita","2309":"erti","2310":"tra\u00f1","2311":"stal","2312":"ine ","2313":"peza","2314":"erva","2315":"ieda","2316":" mam","2317":"reve","2318":"stig","2319":"nsta","2320":"cide","2321":" pin","2322":"orri","2323":"eras","2324":" don","2325":"orda","2326":" sil","2327":"recu","2328":"zais","2329":"talo","2330":"orio","2331":"olda","2332":"atr\u00e1","2333":"elix","2334":" vio","2335":"lei ","2336":"tece","2337":"oubo","2338":"rcit","2339":"cala","2340":"alor","2341":"meri","2342":"izai","2343":" red","2344":" mas","2345":"ombr","2346":"nsas","2347":"impa","2348":"rder","2349":"niza","2350":"vere","2351":"izac","2352":"acia","2353":"abon","2354":"uda ","2355":"maxe","2356":"onfi","2357":"esme","2358":"zaci","2359":"barr","2360":"tome","2361":"bles","2362":"fest","2363":"nsab","2364":"ntem","2365":" ex\u00e9","2366":"onda","2367":"ila ","2368":" hon","2369":"adra","2370":"x\u00e9rc","2371":"chor","2372":"mese","2373":"rran","2374":"sand","2375":"\u00e9rci","2376":" put","2377":"uso ","2378":"canc","2379":"tici","2380":"ex\u00e9r","2381":"ince","2382":"cesa","2383":"samo","2384":" p\u00f3d","2385":"xogo","2386":"grav","2387":"rrad","2388":"crit","2389":"omet","2390":"egoc","2391":"tio ","2392":"xper","2393":" hou","2394":"\u00f1ar ","2395":"mplo","2396":"goci","2397":" xef","2398":"enza","2399":"bros","2400":" m\u00fas","2401":"astr","2402":"rofe","2403":"chad","2404":"brei","2405":"ixec","2406":"\u00e9ron","2407":"ncer","2408":"sada","2409":"iles","2410":" cru","2411":"irou","2412":"imai","2413":"alan","2414":"opa ","2415":"inme","2416":"metr","2417":"acas","2418":"rosa","2419":"tinu","2420":"grup","2421":"\u00edxen","2422":"ersa","2423":"pas ","2424":"quit","2425":"tude","2426":" gru","2427":"devo","2428":" opo","2429":"isa ","2430":"cian","2431":"tase","2432":" dom","2433":"renc","2434":" ing","2435":"gani","2436":"dose","2437":"hego","2438":"reu ","2439":"alem","2440":"pol\u00ed","2441":"oman","2442":"erve","2443":"ongo","2444":"gan ","2445":"scan","2446":"lita","2447":"ark ","2448":" toc","2449":"esex","2450":"pia ","2451":"rred","2452":"ver\u00e1","2453":"l\u00edti","2454":"ezou","2455":"pesa","2456":"rras","2457":"abas","2458":"sold","2459":"incl","2460":"laba","2461":"natu","2462":"rrec","2463":"rgue","2464":"scur","2465":"nese","2466":"eos ","2467":" eh ","2468":"elic","2469":"cues","2470":"t\u00eda ","2471":"diga","2472":"n\u00f3n ","2473":"ctam","2474":"mora","2475":"solu","2476":"liz ","2477":"omin","2478":"nvol","2479":"ol\u00edt","2480":"tele","2481":"reme","2482":"sari","2483":"ari\u00f1","2484":" axi","2485":"urad","2486":"oque","2487":"ides","2488":"ardo","2489":"fun ","2490":"rdar","2491":"fico","2492":"barc","2493":"deme","2494":"mper","2495":" mad","2496":" amb","2497":" di\u00f1","2498":"ndas","2499":"digo","2500":"rmel","2501":"xefe","2502":"levo","2503":"xeir","2504":"lou ","2505":"di\u00f1e","2506":" dor","2507":"sici","2508":"exem","2509":"if\u00edc","2510":" flo","2511":"saxe","2512":" hol","2513":"situ","2514":"calo","2515":"vant","2516":"malo","2517":" win","2518":"sant","2519":"dir ","2520":"isit","2521":" axe","2522":" not","2523":"ntec","2524":"cipa","2525":" lan","2526":"uint","2527":"divi","2528":"pel ","2529":"repr","2530":"too ","2531":"bida","2532":" ini","2533":"pace","2534":" xor","2535":" ris","2536":"raxe","2537":"graf","2538":" evi","2539":"ixem","2540":"colo","2541":"pap\u00e1","2542":" abs","2543":"ivid","2544":"ling","2545":"obra","2546":"ondu","2547":"m\u00fasi","2548":"pado","2549":"rezo","2550":"\u00fasic","2551":"voso","2552":"ltad","2553":"erdo","2554":"eado","2555":" la ","2556":"lara","2557":"espi","2558":"cena","2559":"otar","2560":"chin","2561":" her","2562":"omid","2563":"abor","2564":"ersi","2565":"rupo","2566":"eva ","2567":"urar","2568":"uras","2569":"din ","2570":"sete","2571":"ltar","2572":"abel","2573":"r\u00faa ","2574":"oduc","2575":"cemo","2576":"mest","2577":" var","2578":"t\u00edo ","2579":"cibi","2580":"lico","2581":"ompo","2582":"ap\u00e1 ","2583":"rmas","2584":"brig","2585":"sile","2586":"rill","2587":"ibre","2588":"epre","2589":"aleg","2590":"delo","2591":"scub","2592":"mato","2593":"apel","2594":"po\u00f1o","2595":"eve ","2596":"eite","2597":"ntac","2598":"erce","2599":" t\u00edo","2600":"extr","2601":"ovem","2602":" ape","2603":"plo ","2604":"rmin","2605":"rmir","2606":"onad","2607":"meta","2608":"mbio","2609":"vemo","2610":"\u00eddo ","2611":"otal","2612":" joh","2613":"rico","2614":"dez ","2615":"tera","2616":"paro","2617":"arca","2618":"quix","2619":"romp","2620":"ribl","2621":" paz","2622":"i\u00f1an","2623":"v\u00e9s ","2624":"otel","2625":"eill","2626":"houb","2627":"miti","2628":"elac","2629":"rreu","2630":"fuxi","2631":"llei","2632":"ter\u00e1","2633":"nel ","2634":"parv","2635":"onme","2636":"ntim","2637":"nsid","2638":"eros","2639":"trol","2640":"par\u00ed","2641":"difi","2642":"epen","2643":"upo\u00f1","2644":"slle","2645":"john","2646":"lme ","2647":"f\u00edci","2648":"so\u00f1o","2649":" gas","2650":"dif\u00ed","2651":"a\u00f1ar","2652":"\u00edcil","2653":"regr","2654":"ilen","2655":"dero","2656":"ide ","2657":"cole","2658":"cidi","2659":"ixes","2660":"gues","2661":"alia","2662":"mou ","2663":" p\u00e9 ","2664":"obri","2665":"ni\u00f3n","2666":"arvo","2667":"qu\u00e9 ","2668":"atri","2669":"sen\u00f3","2670":"pada","2671":"bomb","2672":"tuac","2673":"rren","2674":"o\u00f1er","2675":"venc","2676":" fr\u00ed","2677":"olen","2678":"duro","2679":" pei","2680":"m\u00e1ns","2681":" suc","2682":"lma ","2683":" obs","2684":"valo","2685":"xemp","2686":"ci\u00f1a","2687":"vosa","2688":" len","2689":" sur","2690":"en\u00f3n","2691":" cub","2692":"maci","2693":"falt","2694":"ixam","2695":"pira","2696":"berd","2697":"mart","2698":"toca","2699":"rcad","2700":"izar","2701":" mud","2702":"\u00fabli","2703":"p\u00fabl","2704":"obab","2705":"mpez","2706":"gro ","2707":"rmal","2708":"curs","2709":"base","2710":"oci\u00f1","2711":"tolo","2712":"onit","2713":"ouno","2714":" pr\u00f3","2715":"derr","2716":"uido","2717":"greg","2718":"ctos","2719":"ltur","2720":"envo","2721":"gram","2722":"uece","2723":"porc","2724":"defe","2725":"dic\u00ed","2726":"utur","2727":"coci","2728":" cus","2729":" set","2730":"pena","2731":"roce","2732":"ites","2733":"exac","2734":"limp","2735":"saca","2736":"ubri","2737":"aniz","2738":"adeu","2739":"nclu","2740":"eal ","2741":"moso","2742":"erig","2743":"egor","2744":"atou","2745":"ard ","2746":"boni","2747":"ranq","2748":"balo","2749":"etar","2750":"braz","2751":" bom","2752":"cura","2753":" nel","2754":"voz ","2755":"ansa","2756":"ceo ","2757":"gamo","2758":"xame","2759":"prox","2760":"vexa","2761":" dev","2762":"sort","2763":"nort","2764":"crim","2765":"ndeu","2766":"roub","2767":" tot","2768":"enga","2769":"iosa","2770":"rien","2771":"sca ","2772":"rza ","2773":" rob","2774":"oido","2775":"erri","2776":"nsei","2777":"gali","2778":"nvid","2779":"itam","2780":"domi","2781":"ronm","2782":"xact","2783":"ixe ","2784":"riga","2785":"rson","2786":" azu","2787":" ric","2788":"sapa","2789":"bore","2790":"efe ","2791":"alen","2792":"oles","2793":" cue","2794":" mur","2795":" ach","2796":" boc","2797":"trac","2798":"trib","2799":"sere","2800":"esap","2801":"erci","2802":" voz","2803":"rdes","2804":"ench","2805":"tota","2806":"r\u00eds ","2807":"osic","2808":"pida","2809":"bril","2810":"mini","2811":"rden","2812":"lame","2813":"ocar","2814":"acta","2815":"eime","2816":"actu","2817":"gand","2818":" wil","2819":"oces","2820":"xpli","2821":"ctua","2822":"raro","2823":"undi","2824":"lpa ","2825":" gol","2826":"ecor","2827":" fol","2828":"am\u00e1 ","2829":"alde","2830":" xeo","2831":"nera","2832":"sito","2833":"oza ","2834":"i\u00f1os","2835":"tach","2836":"pond","2837":" mac","2838":"cou ","2839":"esul","2840":"cret","2841":" dim","2842":"viu ","2843":"anca","2844":" xur","2845":"apro","2846":"pape","2847":"eixo","2848":" rad","2849":"rate","2850":"ferr","2851":"patr","2852":"ingl","2853":" veu","2854":"uilo","2855":"agas","2856":"iais","2857":"nia ","2858":"brir","2859":"ntoo","2860":"rete","2861":"econ","2862":"lexi","2863":"rrei","2864":"bres","2865":"efen","2866":"habi","2867":"dios","2868":"\u00f1eci","2869":"rso ","2870":"aman","2871":" dez","2872":"nido","2873":"pint","2874":"orad","2875":"fant","2876":"mam\u00e1","2877":"ri\u00f1o","2878":"upo ","2879":"uina","2880":"stel","2881":"urid","2882":" eli","2883":"nces","2884":"ciso","2885":"rvos","2886":"dive","2887":"flor","2888":"uno ","2889":"cali","2890":"itio","2891":"ullo","2892":" fon","2893":"ntel","2894":" ton","2895":" mot","2896":"p\u00f3de","2897":"elev","2898":"unis","2899":"sorp","2900":"ar\u00eds","2901":"rono","2902":"dant","2903":"iliz","2904":"orpr","2905":"modo","2906":"uel ","2907":"xorn","2908":"esad","2909":" rod","2910":"amas","2911":"lume","2912":"lect","2913":"mbar","2914":"ti\u00f3n","2915":"isas","2916":"ergu","2917":" ida","2918":"sti\u00f3","2919":"h\u00e1ma","2920":"cele","2921":"mare","2922":"impr","2923":"prac","2924":"aire","2925":"damo","2926":" ler","2927":"gor ","2928":"ezas","2929":"grac","2930":"iaxe","2931":"quip","2932":"erre","2933":"scal","2934":"ebem","2935":"cabo","2936":"enco","2937":"loso","2938":"cita","2939":"brar","2940":"vern","2941":"ngua","2942":"euse","2943":" ceo","2944":"nven","2945":"mald","2946":"rmac","2947":"cres","2948":"urso","2949":"xi\u00f1a","2950":" li\u00f1","2951":"dand","2952":" ra\u00ed","2953":"aldi","2954":"sell","2955":"aer ","2956":"vido","2957":"l\u00f3n ","2958":"ary ","2959":"tina","2960":"ceso","2961":"mani","2962":"tel ","2963":"nove","2964":"xenc","2965":"upa ","2966":"nena","2967":"mpli","2968":"peor","2969":"inan","2970":"roma","2971":" emb","2972":" caz","2973":"cta ","2974":"cris","2975":" c\u00e1m","2976":" abe","2977":"tara","2978":"mil ","2979":"uei ","2980":"edir","2981":"emba","2982":"uche","2983":"upad","2984":"nali","2985":"erfe","2986":" sa\u00fa","2987":"itud","2988":"tuni","2989":" edi","2990":"rnal","2991":"ator","2992":"uxo ","2993":"boca","2994":"isca","2995":"oupa","2996":"exce","2997":"sa\u00fad","2998":"\u00edfic","2999":"d\u00f3la","3000":" bel","3001":"vivo","3002":"aqui","3003":"idar","3004":" cel","3005":"cari","3006":"axi\u00f1","3007":" cau","3008":"acem","3009":" d\u00f3l","3010":"atas","3011":"rtic","3012":" ave","3013":" pac","3014":"rast","3015":"\u00f3lar","3016":"loca","3017":"ncan","3018":"iole","3019":"evit","3020":"abem","3021":"ncon","3022":"sur ","3023":"iscu","3024":"nves","3025":"ord ","3026":"ondi","3027":"s\u00edbe","3028":"tren","3029":"carn","3030":"mesa","3031":"ber\u00e1","3032":"aio ","3033":"rach","3034":" al\u00f3","3035":"acar","3036":"arac","3037":"clus","3038":"a\u00f1ei","3039":"mite","3040":"elen","3041":"c\u00e1ma","3042":"r\u00f3xi","3043":" lum","3044":"ncar","3045":"\u00e1mar","3046":"pr\u00f3x","3047":"dico","3048":"atac","3049":"dis ","3050":"edic","3051":"misi","3052":"\u00f1amo","3053":"\u00f3xim","3054":"ustr","3055":"inua","3056":"anch","3057":"sequ","3058":"rbor","3059":"icul","3060":"sufi","3061":"falo","3062":"caza","3063":"ley ","3064":" apl","3065":" bro","3066":"orit","3067":" fes","3068":"denc","3069":"ilit","3070":"acep","3071":"truc","3072":"comb","3073":"stit","3074":" reu","3075":"peto","3076":"asen","3077":"intr","3078":"time","3079":"terc","3080":"nvia","3081":"esor","3082":"ndan","3083":" ana","3084":"ufic","3085":"imin","3086":"ar\u00e1s","3087":" enr","3088":"\u00e1mol","3089":"al\u00f3 ","3090":"berr","3091":"seis","3092":"otas","3093":"pons","3094":"inac","3095":" c\u00f3m","3096":"inxe","3097":"lixe","3098":"cati","3099":"\u00e9dic","3100":"prez","3101":" avo","3102":"ovos","3103":"tral","3104":"oper","3105":"emor","3106":"ofes","3107":"rons","3108":"m\u00e9di","3109":" m\u00e9d","3110":"eben","3111":"ac\u00eda","3112":"stir","3113":"erie","3114":"ouro","3115":"adoi","3116":"neta","3117":"usar","3118":"outo","3119":"bado","3120":"race","3121":"ural","3122":"rava","3123":"tint","3124":"eten","3125":"lecc","3126":"ract","3127":"arqu","3128":"ncos","3129":" roc","3130":"lora","3131":"gros","3132":"idam","3133":"tea ","3134":"obxe","3135":" peo","3136":" bic","3137":"nsin","3138":"recc","3139":" ill","3140":" obx","3141":"zada","3142":"cuen","3143":" d\u00e1m","3144":" seq","3145":"deo ","3146":"bric","3147":" hos","3148":"u\u00eddo","3149":"rna ","3150":"mens","3151":"fame","3152":"ive ","3153":"prog","3154":"etas","3155":"ebo ","3156":"ones","3157":"ulti","3158":" ont","3159":" gri","3160":" ah ","3161":" sos","3162":"it\u00e1n","3163":"trem","3164":" afo","3165":"bxec","3166":"pesc","3167":"reun","3168":"trai","3169":"mole","3170":"efec","3171":"lin ","3172":"atad","3173":"belo","3174":"udan","3175":"turo","3176":"pa\u00f1a","3177":"manc","3178":"rrar","3179":"boas","3180":"rfec","3181":"pref","3182":"rmad","3183":"lane","3184":"c\u00edn ","3185":" lab","3186":"\u00e9mol","3187":"rogr","3188":"vide","3189":"rixi","3190":"deas","3191":"irll","3192":" fur","3193":"d\u00edxe","3194":"uber","3195":"v\u00eda ","3196":"aram","3197":"rimi","3198":" cli","3199":"uixe","3200":"admi","3201":" air","3202":"ropa","3203":" cai","3204":"univ","3205":"diri","3206":"fono","3207":"ranz","3208":"cale","3209":"tuda","3210":"daba","3211":"ribu","3212":" p\u00fab","3213":"acho","3214":"inis","3215":"cie ","3216":"tino","3217":" err","3218":"aco ","3219":"tela","3220":"sino","3221":"d\u00edxo","3222":"tulo","3223":"gare","3224":" adm","3225":" sou","3226":"av\u00e9s","3227":"arid","3228":"taca","3229":" eco","3230":"al\u00e1 ","3231":"deli","3232":"ulas","3233":"tark","3234":"til ","3235":"bebe","3236":"ean ","3237":" bol","3238":"sola","3239":"voca","3240":" bor","3241":"bita","3242":"etra","3243":"salt","3244":"idio","3245":"xan ","3246":"xene","3247":"xemo","3248":"inde","3249":"nsan","3250":"cre ","3251":" sop","3252":"atam","3253":"rav\u00e9","3254":"lina","3255":"irix","3256":" \u00e1rb","3257":"alte","3258":"abso","3259":"\u00e1rbo","3260":"nela","3261":"fago","3262":"roup","3263":"pes ","3264":" pux","3265":"duca","3266":"rimo","3267":"tual","3268":"aver","3269":"tamp","3270":"avos","3271":"ered","3272":"\u00edtul","3273":"rens","3274":"acad","3275":"caus","3276":"gaci","3277":"nici","3278":"more","3279":"avan","3280":"chel","3281":"igad","3282":"nio ","3283":"miro","3284":"torn","3285":"sfor","3286":"biar","3287":"vari","3288":" y ","3289":"fac\u00ed","3290":"ausa","3291":" vot","3292":" sat","3293":"nzas","3294":"ases","3295":"fale","3296":"ione","3297":"cume","3298":"ra\u00f1o","3299":"euro","3300":" edu","3301":"frec","3302":"rd\u00edn","3303":"rmen","3304":"ovas","3305":"atan","3306":"acha","3307":"mpra","3308":"t\u00faas","3309":"anxa","3310":"ir\u00e1 ","3311":"curi","3312":"egan","3313":"rave","3314":"abit","3315":"\u00e9ndo","3316":"itou","3317":" ha ","3318":"\u00edamo","3319":"caix","3320":"garr","3321":"guei","3322":"roxe","3323":"exan","3324":"agan","3325":"rost","3326":"ndia","3327":"otos","3328":"eich","3329":"dona","3330":"vel ","3331":"anme","3332":"fend","3333":"oull","3334":"nace","3335":"usti","3336":"ofre","3337":"uete","3338":"\u00ed\u00f1a ","3339":"ecla","3340":"uros","3341":" fut","3342":"ove ","3343":"enri","3344":"iza ","3345":"uita","3346":"end\u00ed","3347":"onno","3348":"dime","3349":" mic","3350":"irma","3351":"itac","3352":"fr\u00edo","3353":"rola","3354":"entu","3355":"nxel","3356":" dil","3357":"impe","3358":"rris","3359":"\u00e1mon","3360":"ereb","3361":"itab","3362":"ncen","3363":"rten","3364":"nfia","3365":"rvo ","3366":"sens","3367":"xplo","3368":"erim","3369":" ac\u00f3","3370":"util","3371":" sus","3372":"ucir","3373":"a\u00ed\u00f1a","3374":"o\u00f1a ","3375":"xos ","3376":"ogad","3377":"ore ","3378":"nou ","3379":"irme","3380":"crav","3381":"ndon","3382":"gana","3383":"sexo","3384":"tabl","3385":"tifi","3386":"xtra","3387":" geo","3388":"mpou","3389":"f\u00eda ","3390":"roso","3391":"over","3392":"abre","3393":"t\u00e1ba","3394":"mary","3395":"tili","3396":"enor","3397":"epta","3398":"euni","3399":"oube","3400":"detr","3401":"debo","3402":"emo ","3403":" cie","3404":"itiv","3405":"vimo","3406":" ded","3407":"sein","3408":"unos","3409":"cust","3410":"iada","3411":"horr","3412":"uede","3413":" hot","3414":"asme","3415":"olga","3416":"somb","3417":"d\u00e1me","3418":"lmes","3419":" efe","3420":"\u00f1er ","3421":"ecre","3422":"ozos","3423":"circ","3424":"orro","3425":"depe","3426":"\u00e1me ","3427":"amab","3428":"mala","3429":"cana","3430":"ru\u00edd","3431":"xado","3432":"rell","3433":"mosl","3434":"gato","3435":"esan","3436":"pelo","3437":"erdi","3438":" han","3439":"exam","3440":"esp\u00ed","3441":" viu","3442":"ctic","3443":"exas","3444":"tris","3445":" lam","3446":"vi\u00f1e","3447":"babl","3448":"posa","3449":"ra\u00ed\u00f1","3450":"dill","3451":" rar","3452":"asal","3453":"lamo","3454":"usos","3455":"sico","3456":"etr\u00e1","3457":"doce","3458":"apos","3459":"adem","3460":"ared","3461":"eor ","3462":"leo ","3463":"infe","3464":" peg","3465":"lime","3466":"upar","3467":"cuti","3468":"etir","3469":"ciai","3470":"oral","3471":"gull","3472":" fux","3473":"rcos","3474":"futu","3475":"rmo ","3476":"ebra","3477":"refe","3478":"r\u00e9mo","3479":"oado","3480":"rebr","3481":"pa\u00f1e","3482":"leto","3483":"bail","3484":"burg","3485":"rzo ","3486":"ulto","3487":"memb","3488":"etam","3489":"osll","3490":"dare","3491":"uar ","3492":"vira","3493":"bio ","3494":"quis","3495":"adam","3496":"suce","3497":"ohn ","3498":"tell","3499":"hamo","3500":"memo","3501":"hegu","3502":"hote","3503":"cela","3504":" cra","3505":"tais","3506":"cipi","3507":"lice","3508":" fod","3509":" ve ","3510":"benv","3511":"\u00e9fon","3512":"ming","3513":"el\u00e9f","3514":"crec","3515":"ecue","3516":"mode","3517":"inim","3518":"ispo","3519":"rres","3520":" alc","3521":"l\u00e9fo","3522":"omit","3523":"ocum","3524":"duto","3525":"bido","3526":"tel\u00e9","3527":"fond","3528":"argo","3529":"enad","3530":" vic","3531":"lve ","3532":" al\u00e1","3533":"aben","3534":"nduc","3535":"alim","3536":"rmar","3537":"axen","3538":" sae","3539":"opin","3540":"rima","3541":"pedr","3542":"ciar","3543":" cop","3544":" vie","3545":" ava","3546":"mori","3547":"obse","3548":"alad","3549":"beb\u00e9","3550":" hei","3551":"olva","3552":"otex","3553":"mire","3554":"exer","3555":"subi","3556":"relo","3557":" bei","3558":"rexi","3559":" afe","3560":"cera","3561":"igar","3562":"oxec","3563":"egal","3564":" xan","3565":"xest","3566":" mr ","3567":"guen","3568":"o\u00f1ez","3569":"mola","3570":"olox","3571":"ube ","3572":"nalm","3573":"eco\u00f1","3574":"nota","3575":" har","3576":"ampa","3577":"tria","3578":"rros","3579":" gui","3580":"rmid","3581":"chas","3582":"rca ","3583":" d\u00e1 ","3584":" odi","3585":" lou","3586":"tiro","3587":"tarm","3588":"r\u00edbe","3589":"udo ","3590":"teza","3591":"m\u00e1ti","3592":"pris","3593":"sabi","3594":"ergo","3595":" alu","3596":"nito","3597":" fog","3598":"atis","3599":"ralo","3600":" dea","3601":"incr","3602":"ordi","3603":"rgo ","3604":"orno","3605":"pele","3606":"isar","3607":"sorr","3608":" dal","3609":"pel\u00ed","3610":"sunt","3611":"ox\u00eda","3612":"af\u00eda","3613":"repe","3614":"onll","3615":"uipo","3616":"lox\u00ed","3617":"rtad","3618":"usi\u00f3","3619":"and ","3620":"docu","3621":"ixas","3622":"ucio","3623":"l\u00edcu","3624":"lem\u00e1","3625":"rgul","3626":"uerd","3627":"icat","3628":"ntic","3629":"eser","3630":"reti","3631":"eram","3632":"rial","3633":"bsol","3634":"ock ","3635":"el\u00edc","3636":"ocha","3637":"ivas","3638":"pont","3639":"ndei","3640":"raia","3641":"u\u00edr ","3642":"bata","3643":" reb","3644":"igas","3645":"nny ","3646":"plem","3647":"etes","3648":"riso","3649":"rifi","3650":"ows ","3651":"rxen","3652":"diat","3653":"unic","3654":"rnad","3655":"\u00edda ","3656":"arel","3657":"peit","3658":" les","3659":"raf\u00ed","3660":"firm","3661":"soli","3662":"ubli","3663":"ady ","3664":"brev","3665":"iano","3666":" apu","3667":"dome","3668":"oiro","3669":"roux","3670":" opi","3671":"cind","3672":"ldit","3673":"pete","3674":" caf","3675":"rcho","3676":"uele","3677":"asun","3678":"bede","3679":"chei","3680":"ture","3681":"ers ","3682":" acu","3683":"nque","3684":"osco","3685":"ac\u00f3 ","3686":"xeo ","3687":"ibra","3688":"moci","3689":"oran","3690":"nimi","3691":"arne","3692":"ior\u00ed","3693":"fare","3694":"uedo","3695":"ixad","3696":"azad","3697":"anso","3698":"crer","3699":"bara","3700":" gat","3701":"resc","3702":"itei","3703":" una","3704":"mbre","3705":"golp","3706":"dita","3707":"chou","3708":"\u00e9ric","3709":"sacr","3710":"abo ","3711":"legr","3712":"olut","3713":"amou","3714":" cea","3715":"verg","3716":" d\u00edg","3717":"asti","3718":"ntom","3719":" bil","3720":"wind","3721":"rari","3722":"xima","3723":"pan ","3724":"ximo","3725":"efer","3726":"lari","3727":"cobr","3728":"rati","3729":"ultu","3730":"secu","3731":"edid","3732":"\u00e9mon","3733":"tric","3734":"cor ","3735":"nsam","3736":"zan ","3737":"mica","3738":"ueim","3739":"raer","3740":" r\u00edo","3741":" esf","3742":" los","3743":"erer","3744":" xud","3745":"mita","3746":"mist","3747":" sep","3748":"qu\u00e9r","3749":"togr","3750":"tola","3751":"xi\u00f3n","3752":"ngan","3753":"p\u00f3n ","3754":"zamo","3755":"iali","3756":"pazo","3757":"stia","3758":"\u00e9cul","3759":"lpe ","3760":"olpe","3761":"afor","3762":"galo","3763":"oce ","3764":"risi","3765":"xome","3766":" dra","3767":"leit","3768":"iter","3769":"treg","3770":"inda","3771":"\u00e1che","3772":"avis","3773":"sall","3774":"emoc","3775":"adic","3776":"ndow","3777":"quet","3778":"core","3779":"em\u00e1n","3780":"tese","3781":"dena","3782":" erg","3783":"enll","3784":"caf\u00e9","3785":"ropo","3786":"ilar","3787":"anni","3788":"der\u00e1","3789":"adio","3790":" d\u00fab","3791":"bala","3792":"rdas","3793":"dows","3794":"etad","3795":"vind","3796":"vada","3797":"refi","3798":"stid","3799":"scon","3800":"ibil","3801":"imig","3802":"rexa","3803":"viet","3804":"efic","3805":"mpro","3806":"len ","3807":"pist","3808":"rcar","3809":"d\u00fabi","3810":" ouv","3811":"vame","3812":" am\u00e9","3813":"ravo","3814":"are ","3815":" f\u00edx","3816":"nant","3817":"roch","3818":"aves","3819":"ever","3820":"pos\u00ed","3821":"xio ","3822":"ebro","3823":"guid","3824":"rne ","3825":"eder","3826":"\u00fabid","3827":"senv","3828":"nes ","3829":"igre","3830":"ndad","3831":"tens","3832":" nis","3833":"tiza","3834":"rdan","3835":"\u00e1goa","3836":"pere","3837":"sia ","3838":"ixei","3839":" cob","3840":"prem","3841":"luso","3842":" vac","3843":"rao ","3844":"ccid","3845":"iou ","3846":"ecie","3847":"ill ","3848":"ish ","3849":"nrib","3850":"gara","3851":"rcei","3852":"mido","3853":"unte","3854":"ndre","3855":"\u00edndo","3856":"rexe","3857":"ipio","3858":"pra ","3859":"rtal","3860":"fast","3861":"isam","3862":"trin","3863":"namo","3864":"dina","3865":"uste","3866":" eur","3867":"semo","3868":"illi","3869":" pur","3870":"publ","3871":"\u00f3mic","3872":"darl","3873":" ba\u00f1","3874":"\u00edxom","3875":"c\u00f3mo","3876":"anet","3877":"fall","3878":" afa","3879":"os\u00edb","3880":"cero","3881":"riu ","3882":"af\u00e9 ","3883":"mend","3884":" tr\u00e1","3885":"igno","3886":"caer","3887":"lady","3888":"ofun","3889":"riad","3890":"bote","3891":"m\u00e9ri","3892":"anel","3893":" nev","3894":" luc","3895":"lido","3896":" al\u00e9","3897":"\u00e1bam","3898":"adar","3899":"trax","3900":"xou ","3901":"evou","3902":"xico","3903":"ruci","3904":"fric","3905":"rofu","3906":"mit\u00e9","3907":"labo","3908":" gan","3909":"sust","3910":"erat","3911":"reic","3912":"bser","3913":"sona","3914":" rus","3915":"feso","3916":"rais","3917":"omeo","3918":"uais","3919":"pula","3920":" xir","3921":" cum","3922":"xu\u00edz","3923":"harl","3924":"nga ","3925":"orco","3926":"esis","3927":"ec\u00edn","3928":" mag","3929":" vil","3930":"nesa","3931":"eina","3932":"om\u00fan","3933":"t\u00edtu","3934":"rga ","3935":"tram","3936":"ebes","3937":"pata","3938":"rin ","3939":" abu","3940":"ouba","3941":"orr\u00ed","3942":"mase","3943":"miga","3944":" lav","3945":"medr","3946":"viar","3947":"desg","3948":"axar","3949":"urac","3950":"xude","3951":"acie","3952":" \u00f3s ","3953":"ipal","3954":"cruz","3955":" cir","3956":"com\u00fa","3957":"ecol","3958":"rreo","3959":" tec","3960":" cr\u00ed","3961":"quez","3962":"muda","3963":"irse","3964":"club","3965":" pil","3966":"ixou","3967":"alea","3968":"ocal","3969":" pr\u00e9","3970":"ibiu","3971":"vi\u00f1a","3972":"riva","3973":"dei ","3974":"elad","3975":"pit\u00e1","3976":" xes","3977":"bora","3978":"sor ","3979":"inem","3980":"reac","3981":"urio","3982":"rebe","3983":"made","3984":" lor","3985":"ta\u00f1a","3986":"usad","3987":"anxe","3988":"erab","3989":"far\u00ed","3990":" anu","3991":"alou","3992":"ard\u00ed","3993":"ccio","3994":"po\u00f1a","3995":"teli","3996":"meo ","3997":"otog","3998":"spaz","3999":"\u00f3des","4000":"evos","4001":"lexa","4002":"rcia","4003":"nmed","4004":"rviz","4005":"efin","4006":"risa","4007":"muro","4008":"ndam","4009":"rear","4010":"sufr","4011":"chea","4012":"invi","4013":"amo ","4014":"acos","4015":"nsel","4016":" loc","4017":"deri","4018":"vizo","4019":"leza","4020":" fie","4021":" xu\u00ed","4022":"calm","4023":"azos","4024":"pci\u00f3","4025":" ori","4026":"deba","4027":"viro","4028":"stur","4029":"visa","4030":"lord","4031":"al\u00f3n","4032":"will","4033":"ecad","4034":"xecu","4035":"exec","4036":"peti","4037":"miso","4038":" pid","4039":"ivil","4040":"d\u00f3n ","4041":"ingo","4042":"trev","4043":"xeno","4044":"cato","4045":"sra ","4046":"arat","4047":"tala","4048":"pron","4049":"doll","4050":"xir ","4051":"gall","4052":"guri","4053":"dedo","4054":" niv","4055":"aseg","4056":"defi","4057":"llab","4058":" s\u00fap","4059":"tivi","4060":"cheo","4061":" sra","4062":"oute","4063":"rove","4064":"cirl","4065":"talm","4066":"axei","4067":"rdin","4068":"eorg","4069":"trel","4070":"oxo ","4071":"ouca","4072":"ris ","4073":"imad","4074":"rara","4075":"indu","4076":" dam","4077":"mult","4078":"lece","4079":"lava","4080":"liar","4081":"s\u00fape","4082":"beis","4083":"hosp","4084":"ocie","4085":"caro","4086":"esos","4087":"orzo","4088":"xeme","4089":" ire","4090":"dram","4091":"p\u00e9s ","4092":"xaro","4093":"ru\u00edr","4094":" sod","4095":" xar","4096":"urra","4097":"vaci","4098":"hado","4099":"praz","4100":"solt","4101":"soal","4102":"cabr","4103":" gor","4104":"\u00e9che","4105":"onvi","4106":"\u00f1ezo","4107":" uti","4108":"iari","4109":"ntur","4110":"desf","4111":"iame","4112":"tope","4113":"sind","4114":"ncha","4115":"onga","4116":" civ","4117":"enar","4118":"t\u00edn ","4119":"laus","4120":"apat","4121":"lveu","4122":"\u00e1nic","4123":"exar","4124":"\u00f1ec\u00ed","4125":"l\u00edn ","4126":"am\u00e9r","4127":"riza","4128":"smos","4129":" tur","4130":" sux","4131":"priv","4132":"onia","4133":"hou ","4134":"tarl","4135":" ofr","4136":"alca","4137":" ru\u00ed","4138":"ouch","4139":"esio","4140":"ucos","4141":"moni","4142":"omis","4143":"tole","4144":"nta\u00f1","4145":"ntab","4146":"squi","4147":"mbat","4148":"nato","4149":" obt","4150":"risc","4151":"lea ","4152":"itir","4153":"retr","4154":"\u00f1ori","4155":"orid","4156":"dad\u00e1","4157":" p\u00e9s","4158":"scap","4159":" f\u00e1b","4160":"vi\u00f3n","4161":"nema","4162":"cisi","4163":" ang","4164":"ston","4165":"urop","4166":"levi","4167":"adec","4168":"pega","4169":"asos","4170":"uces","4171":"eix\u00e1","4172":"ieta","4173":"avi\u00f3","4174":"bord","4175":"\u00e1bri","4176":"iest","4177":"nita","4178":"borr","4179":" nal","4180":" sam","4181":"vero","4182":"a\u00fade","4183":"inca","4184":"ncel","4185":"f\u00e1br","4186":"imas","4187":"arxe","4188":"\u00fade ","4189":" vit","4190":"onfe","4191":"xamo","4192":"lanz","4193":"aca ","4194":"spit","4195":"cate","4196":"cied","4197":"sepa","4198":"far\u00e1","4199":"aino","4200":" nar","4201":"lvo ","4202":"inat","4203":"c\u00edan","4204":"erll","4205":"gant","4206":"lien","4207":"afas","4208":"i\u00f1am","4209":"soub","4210":"ical","4211":" oes","4212":"ospi","4213":"vich","4214":"it\u00e9 ","4215":"nalg","4216":"cese","4217":"eima","4218":"ve\u00f1e","4219":"naqu","4220":"pr\u00e9s","4221":" llo","4222":"stat","4223":"obar","4224":" sel","4225":"xard","4226":"ack ","4227":"ueza","4228":"orea","4229":"goch","4230":"quie","4231":"heir","4232":"uis ","4233":" ted","4234":"gras","4235":"mine","4236":" rib","4237":" pau","4238":"rars","4239":"ubes","4240":" dab","4241":"aite","4242":"rram","4243":"lota","4244":" chu","4245":"esol","4246":"biu ","4247":"ruta","4248":"apa ","4249":"xese","4250":"nega","4251":"lian","4252":"limi","4253":"dalo","4254":"nt\u00e9n","4255":" ald","4256":" our","4257":"secr","4258":"vaca","4259":" max","4260":"grex","4261":"fini","4262":"etid","4263":"nxei","4264":"ueix","4265":" irr","4266":"rona","4267":"asis","4268":"\u00f3xic","4269":"dede","4270":"exte","4271":"evo ","4272":"robe","4273":" nam","4274":"vint","4275":" s\u00e1b","4276":" rat","4277":"\u00e9tic","4278":"tasm","4279":"tora","4280":"uced","4281":"inic","4282":"fens","4283":"oba ","4284":"otec","4285":"sati","4286":"frac","4287":"cria","4288":"refu","4289":"viva","4290":"apoi","4291":"axa ","4292":"izo ","4293":"arin","4294":"icip","4295":"nsax","4296":"geor","4297":"vech","4298":"cerc","4299":"tale","4300":"dir\u00ed","4301":" oit","4302":"sfer","4303":" pub","4304":"uni\u00f3","4305":"onsa","4306":"epto","4307":"ple ","4308":"espr","4309":"pide","4310":" igr","4311":" enx","4312":"lama","4313":" ei ","4314":"sode","4315":"nsti","4316":"gast","4317":"mame","4318":"abar","4319":"foga","4320":"conx","4321":"ncid","4322":"tiu ","4323":"adur","4324":"xica","4325":"onci","4326":"tron","4327":"ocid","4328":"ivin","4329":"losa","4330":"tist","4331":"imal","4332":"olly","4333":"tars","4334":"atei","4335":"zand","4336":"ix\u00f3n","4337":" xap","4338":"diu ","4339":"empu","4340":"ivec","4341":"deit","4342":"rie ","4343":"expr","4344":"mila","4345":"even","4346":"deca","4347":"ezan","4348":"t\u00e9n ","4349":"ci\u00f1o","4350":"edif","4351":" sar","4352":" ope","4353":"orge","4354":"mar\u00ed","4355":"debi","4356":"sara","4357":"icou","4358":"xeni","4359":"renz","4360":"r\u00faas","4361":" zap","4362":"rano","4363":"lva ","4364":"ostu","4365":"osti","4366":"iser","4367":"esfo","4368":"asus","4369":"\u00fapet","4370":"mise","4371":"per ","4372":"e\u00f1an","4373":"neve","4374":"peix","4375":"andi","4376":"gal ","4377":"rdoa","4378":"amai","4379":" lag","4380":"exio","4381":"ialm","4382":"iola","4383":"dre ","4384":"send","4385":"dano","4386":"uram","4387":"zona","4388":"saia","4389":"onan","4390":"zapa","4391":"auso","4392":"odio","4393":"texe","4394":"fies","4395":"iana","4396":" d\u00e9b","4397":"dara","4398":"doir","4399":"sgra","4400":"beir","4401":"etal","4402":"rrou","4403":"sinx","4404":"ger ","4405":"eg\u00fan","4406":"gua ","4407":"azul","4408":"alve","4409":"ivem","4410":"s\u00e1be","4411":"lano","4412":"rol ","4413":"igac","4414":"apla","4415":"xido","4416":"oest","4417":"x\u00e9ro","4418":"\u00edche","4419":"plau","4420":"pa\u00f1\u00ed","4421":"ens ","4422":"rvir","4423":"ecup","4424":"lism","4425":"a\u00edda","4426":" ene","4427":"bele","4428":" l\u00faa","4429":"ix\u00e9r","4430":"decl","4431":"par\u00e9","4432":"adea","4433":"lly ","4434":" i ","4435":" asp","4436":"hei ","4437":"erd\u00f3","4438":"chap","4439":"a\u00f1\u00eda","4440":" feb","4441":"oros","4442":"coro","4443":"maba","4444":"oriz","4445":"radu","4446":"mba ","4447":"dar\u00ed","4448":"darm","4449":"a\u00edse","4450":"nent","4451":" wal","4452":"name","4453":"xenl","4454":"onei","4455":"ncor","4456":"ong ","4457":"efir","4458":"asan","4459":"edos","4460":"aros","4461":"upes","4462":"aila","4463":"ianz","4464":" voa","4465":"exi\u00f3","4466":"brad","4467":"ralm","4468":"guet","4469":"ouvi","4470":"pato","4471":"pon ","4472":"imon","4473":"mich","4474":" ane","4475":"l\u00f3xi","4476":" ste","4477":"gale","4478":"egam","4479":"puls","4480":"nora","4481":"enxe","4482":"iram","4483":"noce","4484":"ocas","4485":"moti","4486":"moto","4487":"gra ","4488":"ansi","4489":"ad\u00e1n","4490":"vila","4491":"osar","4492":"anad","4493":"eviv","4494":"cach","4495":"desm","4496":"l\u00e9s ","4497":"ert ","4498":"mile","4499":"\u00edsic","4500":"ra\u00f1a","4501":"fera","4502":"lie ","4503":"masa","4504":" fum","4505":"omas","4506":"amea","4507":" shi","4508":"ames","4509":" all","4510":"ivam","4511":" rac","4512":"cata","4513":"fada","4514":"ier ","4515":"\u00edsti","4516":"r\u00e9sa","4517":"dix\u00e9","4518":"lish","4519":" pic","4520":"rtur","4521":" ino","4522":"edit","4523":"idor","4524":" gua","4525":"emu\u00f1","4526":"eves","4527":"urez","4528":"arth","4529":"orgu","4530":"tom ","4531":"bend","4532":"all ","4533":"scie","4534":"temu","4535":"figu","4536":"adre","4537":"mosc","4538":" rol","4539":"cube","4540":"ang ","4541":"olli","4542":"sae ","4543":"clam","4544":"arva","4545":"ndem","4546":"llen","4547":"refa","4548":"tire","4549":" mus","4550":"val ","4551":"ker ","4552":"vait","4553":"ufri","4554":"osqu","4555":" gro","4556":"lixi","4557":"esgr","4558":" ine","4559":" ag\u00e1","4560":"nsul","4561":"rian","4562":"bien","4563":"raga","4564":"m\u00e1qu","4565":"ama\u00f1","4566":" leg","4567":"ma\u00f1a","4568":"acid","4569":"ambo","4570":"ir\u00e1n","4571":"lvax","4572":"almo","4573":"ates","4574":"\u00e9ixe","4575":"f\u00edsi","4576":"\u00e1qui","4577":"onsu","4578":"chic","4579":"tisf","4580":"vaxe","4581":"rsi\u00f3","4582":"ndol","4583":"pal ","4584":"leve","4585":"r\u00e9ce","4586":"deb\u00ed","4587":"pto ","4588":"quiv","4589":"ivel","4590":"lanc","4591":"esem","4592":"gred","4593":"nsci","4594":" bru","4595":"roga","4596":"nout","4597":" sch","4598":"pios","4599":"rx\u00eda","4600":"sumi","4601":"subs","4602":"doit","4603":"pern","4604":"ulan","4605":"igan","4606":"mao ","4607":" m\u00e1q","4608":"ecei","4609":"reg\u00fa","4610":"rey ","4611":" pad","4612":"nsi\u00f3","4613":"otiv","4614":"tr\u00f3n","4615":" nou","4616":"xpre","4617":"onsc","4618":"hea ","4619":"anll","4620":"isio","4621":"eca ","4622":"tous","4623":"g\u00fant","4624":"abed","4625":"emin","4626":"c\u00edas","4627":"sp\u00edr","4628":"\u00edase","4629":"salo","4630":"\u00edron","4631":"cone","4632":"marr","4633":"ifor","4634":"pini","4635":"ivad","4636":"pent","4637":"ngli","4638":"ngl\u00e9","4639":" idi","4640":"\u00e1mos","4641":"inga","4642":"pica","4643":"amin","4644":"nial","4645":"spa\u00f1","4646":"apli","4647":" zon","4648":"rror","4649":"stei","4650":"muna","4651":"doad","4652":"trop","4653":"gl\u00e9s","4654":"irem","4655":"eume","4656":"hall","4657":"meaz","4658":"iaci","4659":"anno","4660":"anec","4661":"her ","4662":"uenc","4663":"mico","4664":"etos","4665":" bre","4666":"igur","4667":"sibi","4668":"lear","4669":"pou ","4670":"game","4671":"iore","4672":"mece","4673":"nor ","4674":" xul","4675":"z\u00f3ns","4676":"gase","4677":"acri","4678":"ecat","4679":"diar","4680":" s\u00e9c","4681":"aiba","4682":"rgo\u00f1","4683":"nne ","4684":"ini\u00f3","4685":"icha","4686":"rina","4687":"bios","4688":"ting","4689":"rgar","4690":"uxer","4691":"ogos","4692":"ar\u00e9m","4693":" dat","4694":"eval","4695":"vand","4696":"enia","4697":"asto","4698":"misa","4699":"arou","4700":"ague","4701":"osam","4702":"ies ","4703":"sare","4704":"dolo","4705":"lsa ","4706":"avar","4707":"sped","4708":"rapi","4709":" hal","4710":"xama","4711":"m\u00fan ","4712":"carl","4713":"camo","4714":"ange","4715":"mamo","4716":"tart","4717":" ea ","4718":"menc","4719":"cei ","4720":"s\u00e9cu","4721":"azar","4722":"andr","4723":"sopo","4724":"doa ","4725":"rich","4726":"rici","4727":"voga","4728":"rocu","4729":"ndio","4730":" duc","4731":"hame","4732":"mula","4733":" doa","4734":"ocur","4735":"banc","4736":"ndel","4737":"ebre","4738":"puxe","4739":"expo","4740":"\u00e1dem","4741":"goa ","4742":"eada","4743":" bob","4744":" ala","4745":"mia ","4746":"aise","4747":"ubar","4748":"meti","4749":"aven","4750":"tuar","4751":"ocad","4752":"ipe ","4753":"ldea","4754":"rovi","4755":"rvad","4756":" o\u00edn","4757":"ocen","4758":"roda","4759":"tha ","4760":"elox","4761":"mbas","4762":"p\u00edri","4763":"ba\u00f1o","4764":"uali","4765":"ri\u00f1a","4766":" vix","4767":"rota","4768":"mach","4769":"dono","4770":"\u00e9mos","4771":"sivo","4772":"insu","4773":"aias","4774":"eb\u00e9 ","4775":"b\u00edn ","4776":"dust","4777":"pote","4778":"pari","4779":"taqu","4780":"elex","4781":"dial","4782":"ures","4783":"paix","4784":"ulpe","4785":"scut","4786":"isci","4787":" ras","4788":"ivis","4789":"ace ","4790":"nolo","4791":" lix","4792":"ndus","4793":"nerx","4794":"aix\u00f3","4795":"\u00e1cul","4796":"oro ","4797":"ucac","4798":" lea","4799":"stil","4800":"xura","4801":"saib","4802":"dens","4803":" bib","4804":" agu","4805":"ngad","4806":"curt","4807":"\u00e1sti","4808":" lo ","4809":"bia ","4810":"topo","4811":"xand","4812":"avog","4813":" f\u00eds","4814":"sagr","4815":"tomo","4816":"refl","4817":"ospe","4818":"read","4819":"late","4820":"avid","4821":"exei","4822":"\u00e1ban","4823":"voa ","4824":"lube","4825":"ircu","4826":"emer","4827":"past","4828":"vi\u00f1o","4829":" d\u00e1l","4830":"\u00f1\u00eda ","4831":"cipe","4832":"rovo","4833":"simo","4834":"nnis","4835":"etna","4836":"rtin","4837":"ilos","4838":"tin\u00fa","4839":"odia","4840":"\u00e1cil","4841":"onfu","4842":"d\u00e1ll","4843":"enfr","4844":" poe","4845":"\u00edrit","4846":"bil ","4847":" sof","4848":"epor","4849":" jac","4850":"egas","4851":"trag","4852":"eaza","4853":"r\u00ednc","4854":"l\u00faa ","4855":" t\u00f3d","4856":"efux","4857":"u\u00edzo","4858":" pul","4859":"\u00fatil","4860":" f\u00e1c","4861":"ndom","4862":"osit","4863":" fig","4864":"olon","4865":"nt\u00eda","4866":"ataq","4867":"onor","4868":" vag","4869":"lino","4870":"rare","4871":"erx\u00ed","4872":"nsad","4873":"subt","4874":"petr","4875":"trap","4876":"mpur","4877":"rva ","4878":"f\u00e1ci","4879":"viv\u00ed","4880":"iren","4881":"\u00e1lle","4882":" ham","4883":"cump","4884":"dimo","4885":"nan ","4886":"dar\u00e1","4887":" eno","4888":"raca","4889":"spad","4890":"ezam","4891":"ony ","4892":"foll","4893":" v\u00eda","4894":"emia","4895":"icil","4896":"e\u00f1as","4897":"dalg","4898":"inoc","4899":"rge ","4900":"dro ","4901":"rmes","4902":"ngre","4903":"\u00e1mas","4904":"ant\u00e1","4905":"ansf","4906":"anne","4907":"avad","4908":"hina","4909":" von","4910":"c\u00e9s ","4911":"care","4912":"cter","4913":"bibl","4914":" glo","4915":"rabl","4916":"uili","4917":"par\u00e1","4918":"imid","4919":"asma","4920":"rzas","4921":"pamo","4922":"pora","4923":"ocho","4924":" cac","4925":"prev","4926":"peca","4927":" doe","4928":"tect","4929":"enme","4930":"frey","4931":"ovel","4932":"ptar","4933":"rd\u00f3n","4934":"t\u00e1cu","4935":"oded","4936":" l\u00e9v","4937":"rar\u00e1","4938":"ters","4939":"hero","4940":"oal ","4941":"\u00f1ore","4942":"opie","4943":"ecio","4944":"lito","4945":"agre","4946":"atre","4947":"enve","4948":" cit","4949":"afec","4950":"rqui","4951":"iota","4952":"iata","4953":"epci","4954":"odut","4955":" ced","4956":"evad","4957":"st\u00e1b","4958":"tact","4959":"lusi","4960":"a\u00f1os","4961":"dabl","4962":"engl","4963":"cea ","4964":"aref","4965":" ofe","4966":"cepc","4967":"ien ","4968":"zul ","4969":"aume","4970":"beri","4971":"uxir","4972":"uses","4973":"saci","4974":"lego","4975":"i\u00f1ar","4976":"hada","4977":"\u00edses","4978":"tuna","4979":"bene","4980":"ervo","4981":"honr","4982":" sed","4983":"helo","4984":"forn","4985":"heo ","4986":"xito","4987":"aric","4988":"scad","4989":"ines","4990":"sar\u00ed","4991":"erru","4992":"v\u00edn ","4993":"rret","4994":"nd\u00edn","4995":"r\u00edn ","4996":"tnam","4997":"cusa","4998":"ltas","4999":"scra"}}