{"hun":{"0":" a ","1":" az ","2":"hogy","3":"ogy ","4":" hog","5":" meg","6":" \u00e9s ","7":"nem ","8":" nem","9":" egy","10":"egy ","11":"nak ","12":" min","13":"ban ","14":"nek ","15":" sze","16":"szer","17":"ben ","18":" is ","19":" van","20":" fel","21":"vagy","22":" vag","23":" vol","24":"van ","25":"mind","26":" ez ","27":" tud","28":"ket ","29":" csa","30":"meg ","31":" ami","32":"ott ","33":" de ","34":" val","35":"volt","36":"ett ","37":"kor ","38":" ha ","39":" azt","40":"tam ","41":"\u00fcnk ","42":"unk ","43":"agy ","44":"mond","45":"\u00e9rt ","46":"tem ","47":"sak ","48":"agyo","49":"azt ","50":"int ","51":"mit ","52":"olt ","53":"csak","54":"embe","55":" kel","56":"tek ","57":"nagy","58":" mon","59":" mag","60":"egye","61":"inde","62":"kat ","63":"kell","64":" nag","65":"tett","66":"ette","67":" m\u00e9g","68":"yen ","69":"zere","70":"nden","71":"elle","72":"yan ","73":"mint","74":" m\u00e1r","75":" fog","76":"mber","77":" \u00e9n ","78":" leg","79":" sz\u00e1","80":"vala","81":"m\u00e9g ","82":"tal\u00e1","83":"m\u00e1r ","84":" mi ","85":" k\u00f6z","86":" el ","87":"ezt ","88":"ehet","89":" nek","90":" emb","91":"ell ","92":"s\u00e9ge","93":" aki","94":" ezt","95":"ondo","96":" sem","97":"tott","98":"lyen","99":"eket","100":"ilye","101":"szem","102":"ert ","103":"akar","104":"olya","105":"lni ","106":"elen","107":" aka","108":" ki ","109":"enne","110":"mely","111":"sten","112":" m\u00e1s","113":" mos","114":"eret","115":" men","116":"iste","117":"lesz","118":"tudo","119":"hely","120":" hal","121":" \u00e1ll","122":" ist","123":"erek","124":" leh","125":"lehe","126":" tan","127":"etet","128":" ker","129":" l\u00e1t","130":"\u00e1ban","131":" gon","132":"ikor","133":"dig ","134":"miko","135":" tal","136":"gond","137":" vis","138":"tak ","139":"tok ","140":"\u00e9let","141":" itt","142":" sza","143":"most","144":"kkor","145":"sen ","146":"al\u00e1l","147":" mer","148":"rend","149":"mert","150":" hel","151":"itt ","152":"igaz","153":" les","154":"ezet","155":" oly","156":"ost ","157":" \u00fagy","158":" sok","159":"lyan","160":"\u00fagy ","161":"sok ","162":"sem ","163":" el\u0151","164":" iga","165":"elye","166":"okat","167":" szo","168":"eszt","169":"eres","170":" t\u00f6r","171":"tart","172":"ten ","173":"tele","174":" dol","175":" v\u00e1l","176":" gye","177":"val ","178":" ren","179":"\u00e1lta","180":" azo","181":"juk ","182":"akko","183":"lete","184":" eze","185":"esz\u00e9","186":"gyan","187":"t\u00f6bb","188":"t\u00e1n ","189":" j\u00f3 ","190":"zik ","191":"kere","192":"sz\u00e9l","193":"sz\u00e1m","194":" ne ","195":"gyer","196":" akk","197":"nnyi","198":" mit","199":"ami ","200":" sz\u00f3","201":"j\u00e1k ","202":" biz","203":"besz","204":" ter","205":"yok ","206":"den ","207":"alam","208":"lett","209":"amik","210":" k\u00e9r","211":" jel","212":"aki ","213":"maga","214":" \u00e9rt","215":"jele","216":" te ","217":"esz ","218":"ssza","219":"\u00e9nye","220":"vel ","221":"etek","222":"r\u00f3l ","223":"\u00e9rte","224":" \u00e9le","225":" mel","226":"ent ","227":" kap","228":"gyon","229":"ndol","230":"amit","231":" t\u00f6b","232":"het ","233":" v\u00e9g","234":"yon ","235":"len ","236":" nap","237":" bes","238":"lami","239":"ssze","240":"hoz ","241":"dom ","242":"gen ","243":"b\u00f3l ","244":"elme","245":"i\u00e9rt","246":"val\u00f3","247":"aszt","248":"neke","249":"\u00f6tt ","250":"r\u0151l ","251":"gyok","252":"llen","253":"otta","254":"mi\u00e9r","255":"enge","256":"\u00edgy ","257":"t\u00e1k ","258":"zni ","259":"\u00f6ssz","260":"olta","261":" tes","262":" \u00edgy","263":"nni ","264":"incs","265":" mar","266":" sz\u00fc","267":"san ","268":"igen","269":" ala","270":"rint","271":"etle","272":" ame","273":"ehov","274":" mi\u00e9","275":"fele","276":" hoz","277":"\u00f6vet","278":"esen","279":" vel","280":" len","281":" tar","282":"jeho","283":" jeh","284":"vil\u00e1","285":"iszt","286":"m\u00e9ny","287":"\u00e1ra ","288":"il\u00e1g","289":"s\u00e9g ","290":"z\u00e9rt","291":" ige","292":" vil","293":"er\u00fcl","294":"issz","295":" k\u00e9p","296":"tlen","297":"\u00e1st ","298":"t\u00f6rt","299":" seg","300":" tel","301":"nnak","302":"dolg","303":" \u0151 ","304":"alma","305":"\u00e9nt ","306":"anna","307":" \u00f6ss","308":"gyen","309":" csi","310":"ttem","311":"yek ","312":"\u00e1ny ","313":" v\u00e1r","314":" arr","315":"r\u00e9sz","316":" id\u0151","317":"ut\u00e1n","318":"kik ","319":" mil","320":"vele","321":"rek ","322":"olna","323":"szol","324":"lent","325":"t\u00fcnk","326":" kez","327":"zem ","328":"enni","329":" n\u00e9z","330":"ncs ","331":"\u00e9sze","332":"\u00e1nak","333":" kis","334":"ezek","335":"s\u00e1g ","336":"lenn","337":"ondt","338":"viss","339":"enek","340":" nin","341":" kor","342":"tos ","343":"mily","344":"tte ","345":"k\u00f6ve","346":"ani ","347":"ova ","348":" k\u00e9s","349":" ann","350":"eg\u00edt","351":"hova","352":"menn","353":"alak","354":"smer","355":"\u00e9rde","356":" ell","357":"olgo","358":"isme","359":"udom","360":"inte","361":"erin","362":"megt","363":"ninc","364":"csin","365":" has","366":"hall","367":" ily","368":"bere","369":"zek ","370":"lom ","371":"dja ","372":"tunk","373":" ben","374":"seg\u00ed","375":"szen","376":"zett","377":"szte","378":"\u00f6rt\u00e9","379":"\u00e1lla","380":"elem","381":"rt\u00e9n","382":"\u00e9sz ","383":"zeri","384":"eg\u00e9s","385":"dik ","386":"t\u00f3l ","387":"gyel","388":" bel","389":"tom ","390":"ltam","391":"att ","392":"lem ","393":"g\u00e9sz","394":" elm","395":" ide","396":" nev","397":"in\u00e1l","398":" tet","399":"sz\u00fcl","400":"tet ","401":" hat","402":"h\u00e1t ","403":"foly","404":" k\u00fcl","405":"vesz","406":"amel","407":" r\u00e9s","408":"enny","409":"leg ","410":" maj","411":"t\u00e9k ","412":"veze","413":" eg\u00e9","414":"t\u00e9ny","415":"ment","416":"ogya","417":" aho","418":"sin\u00e1","419":"ysze","420":"elje","421":"kal ","422":"hagy","423":" ott","424":"zete","425":"at\u00e1s","426":"ndta","427":"fel ","428":"hol ","429":" k\u00f6v","430":"atok","431":"gysz","432":"ezte","433":"zott","434":"semm","435":"munk","436":"eni ","437":"ts\u00e9g","438":"kkal","439":"s\u00e1go","440":"jobb","441":"emmi","442":"et\u00e9s","443":"al\u00e1n","444":"tja ","445":"majd","446":" szi","447":"bban","448":"b\u0151l ","449":"kezd","450":"rra ","451":"akik","452":" be ","453":"igye","454":"tni ","455":"zel ","456":"nap ","457":" sz\u00e9","458":"enki","459":"utat","460":"\u00e9ben","461":"ber ","462":"k\u00e9pe","463":"j\u00e1t ","464":"l\u00e1n ","465":"\u00e9nek","466":"zony","467":"\u00e1sok","468":"szak","469":"neve","470":"dni ","471":"l\u0151tt","472":"\u00e9st ","473":"tudj","474":"hozz","475":"ossz","476":"pont","477":" han","478":"yik ","479":"el\u0151t","480":"nne ","481":"elke","482":"dta ","483":"arad","484":"get ","485":" k\u00e9t","486":" for","487":"obb ","488":"azok","489":"lna ","490":"mara","491":" fol","492":"nnek","493":"arra","494":"onto","495":"esze","496":"hete","497":"szab","498":"k\u00e9sz","499":"atal","500":" saj","501":"osan","502":"bizt","503":" sz\u00ed","504":"olg\u00e1","505":" j\u00f3l","506":"izto","507":" hol","508":"indi","509":"knak","510":" ut\u00e1","511":"ozz\u00e1","512":" ism","513":"m\u00e1ny","514":"tal ","515":" h\u00e1z","516":"lato","517":" bar","518":"azon","519":"v\u00e1lt","520":"hisz","521":"lasz","522":" his","523":"voln","524":"tta ","525":"lek ","526":"szel","527":" ugy","528":"hasz","529":"resz","530":" eng","531":"f\u00f6ld","532":" els","533":"ajd ","534":"llet","535":" el\u00e9","536":"k\u00e9t ","537":"\u00fclet","538":" b\u00e1r","539":"kel ","540":" \u00e9ve","541":"\u00e1nyo","542":"atot","543":"hez ","544":"\u00f6bb ","545":"pedi","546":" f\u00f6l","547":" k\u00f6n","548":"aszn","549":" h\u00e1t","550":"ltak","551":" mik","552":"eked","553":"teni","554":"telj","555":"m\u00e1s ","556":"got ","557":"ely ","558":"figy","559":"mag\u00e1","560":" any","561":"zolg","562":"\u00e9ny ","563":"dtam","564":"ondj","565":"yere","566":"ozta","567":"anul","568":"\u00edtot","569":" mun","570":"edig","571":" enn","572":" k\u00f6r","573":"k\u00e9rd","574":"j\u00f3l ","575":"ltal","576":"kem ","577":"ele ","578":"ire ","579":"dott","580":"k\u00e9nt","581":" ped","582":"rom ","583":"neki","584":"k\u00f6z\u00f6","585":"\u00e1bb ","586":"szet","587":"\u0151tt ","588":"ess\u00e9","589":"keze","590":"let ","591":"knek","592":"zer ","593":" le ","594":"n\u00e1l ","595":"ljes","596":"egyi","597":"orsz","598":" bib","599":"isze","600":"ente","601":"\u00fclt ","602":"k\u00f6sz","603":"sze ","604":"csol","605":"sek ","606":"bibl","607":"ttam","608":"\u0151ket","609":"etes","610":" k\u00f6s","611":"jon ","612":"eti ","613":"egys","614":"zet ","615":" f\u00e9l","616":" per","617":" kir","618":"\u00e9zus","619":"ibli","620":" elk","621":"tanu","622":"ndig","623":"met ","624":"ker\u00fc","625":"ekem","626":"els\u0151","627":" j\u00e9z","628":"alat","629":"h\u00e1ny","630":"j\u00e9zu","631":"rsz\u00e1","632":"pr\u00f3b","633":"sz\u00e1g","634":"etn\u00e9","635":"test","636":"anny","637":" fig","638":"ted ","639":"lkoz","640":"anak","641":"elek","642":"t\u0151l ","643":"\u00e9re ","644":"ntos","645":" f\u00e9r","646":"tkez","647":"legy","648":"egy\u00fc","649":"tesz","650":"\u00edt\u00e1s","651":"j\u00fck ","652":"\u00e9get","653":"gyet","654":"megv","655":"ivel","656":" tom","657":" \u00e9rz","658":"ebb ","659":"muta","660":"lhat","661":"\u00e1las","662":"inek","663":"gyik","664":"sz\u00fck","665":"ges ","666":"v\u00e1la","667":" teh","668":"nyir","669":"nyek","670":"ss\u00e9g","671":" ma ","672":"tisz","673":"szik","674":" ves","675":"that","676":" fej","677":"r\u00f3b\u00e1","678":"szta","679":"nos ","680":"\u00e1val","681":"tani","682":" cso","683":" pro","684":"soka","685":"megy","686":" job","687":" hag","688":" e ","689":"t\u00e1l ","690":"sz\u00edv","691":" elv","692":"tot ","693":"rete","694":" fia","695":" az\u00e9","696":"zen ","697":"etem","698":"az\u00e9r","699":"olda","700":"kban","701":"kkel","702":"abb ","703":"k\u00fcl\u00f6","704":"ks\u00e9g","705":"csal","706":"olat","707":"laki","708":"t\u00e1s ","709":"tosa","710":" \u00e9rd","711":"elet","712":"yet ","713":"\u00fcl\u00f6n","714":"megh","715":"szn\u00e1","716":"lyek","717":"atos","718":"ztos","719":"ahog","720":" let","721":"bizo","722":"zn\u00e1l","723":"nyom","724":"erre","725":"em\u00e9l","726":" n\u00e9h","727":" par","728":"kedv","729":"elve","730":"olva","731":" er\u0151","732":" t\u00fal","733":"edve","734":"ss\u00e1g","735":" \u00faj ","736":"apcs","737":"atta","738":"k\u00f6ze","739":"\u00f6r\u00fcl","740":"kapc","741":"lyet","742":"szt\u00e1","743":"\u00edtet","744":"zus ","745":"este","746":"arta","747":"szon","748":"reke","749":" j\u00e1r","750":"\u00f3b\u00e1l","751":"kir\u00e1","752":"vann","753":"retn","754":"dod ","755":"orm\u00e1","756":"het\u0151","757":"miat","758":"iatt","759":" pr\u00f3","760":"j\u00f6tt","761":"\u00f6sz\u00f6","762":" ked","763":"ir\u00e1l","764":" \u0151ke","765":"sz\u00f6n","766":"izon","767":"agya","768":"ttek","769":" old","770":"zava","771":"megk","772":"szt\u00e9","773":"ldal","774":"em\u00e9n","775":"pcso","776":"onda","777":"erme","778":"l\u00e1to","779":"tenn","780":"kben","781":"nyi ","782":"elte","783":"\u00e9sek","784":" gya","785":"alom","786":"etsz","787":"nket","788":"karo","789":"abba","790":"ar\u00e1t","791":"etne","792":"dben","793":"ls\u0151 ","794":"el\u00e9g","795":"benn","796":"r\u00e1ly","797":"\u00e1sa ","798":"okka","799":"ugya","800":"ont ","801":" hit","802":"gok ","803":"ende","804":" har","805":"m\u00e1so","806":" alk","807":"kra ","808":" eml","809":"lsz ","810":"t\u00e9s ","811":"bar\u00e1","812":"ad\u00e1s","813":"z\u00fcks","814":"\u00fcks\u00e9","815":"sz\u00f3l","816":"eset","817":"n\u00e9l ","818":" haj","819":"\u00e9ges","820":"at\u00f3 ","821":"m\u00e9ly","822":"ves ","823":" ros","824":"nki ","825":"mat ","826":"k\u00f6ny","827":"\u00f3val","828":"sz\u00edn","829":"lott","830":" bet","831":" mia","832":"gem ","833":" bol","834":"rdek","835":"szav","836":"\u00e1ros","837":"foga","838":"l\u00e1tt","839":"unka","840":"oz\u00e1s","841":"hat\u00e1","842":"feje","843":"alap","844":"eml\u00e9","845":"r\u00fclt","846":"lnak","847":"zok ","848":"lok ","849":"\u00e1lat","850":"\u00e1tok","851":" kic","852":"vett","853":"tala","854":"arto","855":"ross","856":"lg\u00e1l","857":"kics","858":"et\u0151 ","859":"szor","860":"t\u00e1rs","861":"zer\u0171","862":"rok ","863":" p\u00e9n","864":"dolo","865":"denk","866":"z\u00f6tt","867":"etke","868":"kis ","869":"lene","870":"\u00e1got","871":"\u00e1lis","872":" tis","873":"anya","874":"v\u00e1ro","875":"ez\u00e9r","876":"edet","877":"ztet","878":"tudt","879":"ranc","880":"rre ","881":"latt","882":"erve","883":" err","884":"atla","885":"ez\u00e9s","886":"llem","887":"term","888":"hang","889":"lvas","890":"yes ","891":"ndbe","892":"lja ","893":"hat\u00f3","894":"megs","895":"\u00e1ba ","896":"ndan","897":"p\u00e9ld","898":" rem","899":" ten","900":"\u00e1lni","901":"sal\u00e1","902":" vez","903":"v\u00e9ny","904":"blia","905":"\u00e9rt\u00e9","906":"tes ","907":"p\u00e9nz","908":" p\u00e9l","909":"n\u00e9k ","910":"leke","911":"lis ","912":"\u00e9ge ","913":"ll\u00edt","914":" h\u00edv","915":"eki ","916":"gyar","917":"tere","918":"\u00e1ll\u00ed","919":"\u00e1lt ","920":"lk\u00fcl","921":"endb","922":" \u00e1lt","923":"znek","924":"ebbe","925":" cse","926":"vetk","927":"ikus","928":"szek","929":"\u00e1lto","930":"er\u0151s","931":"tlan","932":"ir\u00e1n","933":"h\u00e1za","934":"\u00e9pes","935":"j\u00f6n ","936":"pen ","937":"ntet","938":"abad","939":"zaba","940":"zem\u00e9","941":"szt ","942":"tudn","943":" pon","944":"tben","945":"\u00e1rom","946":"gyek","947":" ura","948":"\u00e1lko","949":"sza ","950":"rmek","951":"ndja","952":"oszt","953":"nged","954":"lgoz","955":"icsi","956":"sz\u00edt","957":" ez\u00e9","958":"egsz","959":"zt\u00e1n","960":"elt ","961":"gyak","962":"ene ","963":" \u00f6r\u00f6","964":"napo","965":"megm","966":"fog ","967":"yunk","968":" ebb","969":"bben","970":"alko","971":"lege","972":" t\u00e1r","973":"tnek","974":"onna","975":"yzet","976":"\u00e9lye","977":" abb","978":"unk\u00e1","979":"essz","980":"l\u00e1ny","981":"ford","982":"agad","983":"yerm","984":" vid","985":"lyes","986":"\u00e1tsz","987":"kre ","988":"\u00e9se ","989":"n\u00e9h\u00e1","990":"\u00e9h\u00e1n","991":"tan\u00e1","992":"ed\u00e9s","993":"dalo","994":"dok ","995":"etbe","996":"udod","997":"rni ","998":"al\u00e1d","999":"egha","1000":"assz","1001":"magy","1002":"gban","1003":"rt\u00e9k","1004":"\u00f6z\u00f6t","1005":"sal ","1006":"ett\u00e9","1007":"\u00edtan","1008":"visz","1009":"ozot","1010":" ese","1011":"sebb","1012":"szin","1013":"v\u00e9ge","1014":"ked ","1015":" l\u00e1n","1016":"ter ","1017":"sola","1018":"ezze","1019":" ele","1020":"ov\u00e1b","1021":" haz","1022":"hata","1023":"ira ","1024":"zt\u00e9n","1025":"aga ","1026":" t\u00e9n","1027":"font","1028":"tan\u00fa","1029":"\u00e1gba","1030":"\u00f6nyv","1031":"megf","1032":"ered","1033":"z\u00e1mo","1034":"\u00e9tel","1035":"tov\u00e1","1036":"ogat","1037":"l\u00e1s ","1038":"\u00e1lom","1039":" vet","1040":"v\u00e1bb","1041":"dnak","1042":"agyu","1043":" tov","1044":"eles","1045":" ir\u00e1","1046":"ml\u00e9k","1047":"gyun","1048":"ete ","1049":"tad ","1050":" nyo","1051":"\u00f6zel","1052":"bele","1053":"mive","1054":" neh","1055":"ssal","1056":"eteg","1057":"mell","1058":"sz\u00e1z","1059":"erem","1060":"mmi ","1061":"ltoz","1062":"lan ","1063":" nye","1064":"nti ","1065":" r\u00e1 ","1066":"lta ","1067":"gaz ","1068":"adta","1069":"\u00e1tta","1070":"lik ","1071":"sik ","1072":" h\u00e1r","1073":"son ","1074":"tene","1075":"kine","1076":"nyug","1077":" j\u00e1t","1078":"szok","1079":"kai ","1080":"djuk","1081":"llan","1082":"vide","1083":"szto","1084":" elt","1085":" kar","1086":" uta","1087":"ssz ","1088":"udta","1089":"\u00f6tte","1090":"hetn","1091":"\u00e9rfi","1092":" oda","1093":"rtem","1094":"f\u00e9rf","1095":"zon ","1096":"\u00e1rsa","1097":"ez\u0151 ","1098":"\u00e9ld\u00e1","1099":"\u00e1si ","1100":"m\u00e9sz","1101":"ekne","1102":"g\u00e1t ","1103":"al\u00f3 ","1104":"z\u00fcle","1105":" kiv","1106":"t\u00e9se","1107":"megb","1108":"\u00edten","1109":" olv","1110":"illa","1111":"mben","1112":"ekke","1113":"s\u00e9g\u00e9","1114":"n\u00e9lk","1115":"thet","1116":" kon","1117":"kart","1118":"\u00e9lk\u00fc","1119":"magu","1120":"gy\u00fct","1121":"sz\u00e1l","1122":"nyt ","1123":"ll\u00e1s","1124":"y\u00fctt","1125":"csod","1126":" kom","1127":"nik ","1128":"bete","1129":"egy\u00e9","1130":" p\u00e1r","1131":"sz\u00f6r","1132":" esz","1133":" kit","1134":"n\u00f6m ","1135":" h\u00e9t","1136":"dsze","1137":" ere","1138":"hal\u00e1","1139":"egta","1140":"ozat","1141":" ind","1142":" sen","1143":"illi","1144":"sz\u00f3v","1145":"t\u00e9nt","1146":"l\u00e1lt","1147":"\u00e1b\u00f3l","1148":"tat\u00e1","1149":"ozni","1150":"\u00e9ged","1151":"nyel","1152":"amin","1153":"aran","1154":"rtel","1155":"ikai","1156":"t\u00e9l ","1157":"\u00e1ssa","1158":"szi ","1159":" lev","1160":"an\u00edt","1161":"rem\u00e9","1162":"n\u00fcnk","1163":"sajn","1164":"obba","1165":"azt\u00e1","1166":"hatj","1167":"kus ","1168":"g\u00edts","1169":"n\u00e1lt","1170":"z\u00f3va","1171":"tjuk","1172":"\u00e1ci\u00f3","1173":"h\u00e1ro","1174":"snak","1175":"ajta","1176":"ttak","1177":"\u00f6lcs","1178":"menj","1179":"port","1180":"iai ","1181":"ton ","1182":"\u0151bb ","1183":"ggel","1184":"apot","1185":"\u00e1gos","1186":"meg\u00e9","1187":"erm\u00e9","1188":" nyi","1189":"ztat","1190":"zs\u00e1g","1191":"sz\u00e9p","1192":"ony ","1193":"tik ","1194":"t\u00e9ne","1195":"rem ","1196":"sabb","1197":"okna","1198":"megl","1199":"oss\u00e1","1200":"ogad","1201":"nyit","1202":" nyu","1203":"eh\u00e1t","1204":"ns\u00e1g","1205":"el\u00e9s","1206":"eges","1207":"ns\u00e9g","1208":"tnak","1209":"vise","1210":"kit ","1211":" elf","1212":" raj","1213":"l\u00e1lk","1214":"tj\u00e1k","1215":"lat ","1216":"talm","1217":"deke","1218":"teke","1219":" von","1220":"aj\u00e1t","1221":"bold","1222":"rd\u00e9s","1223":"z\u00f6n\u00f6","1224":"udja","1225":" m\u00f3d","1226":" int","1227":"teh\u00e1","1228":"eled","1229":"allo","1230":" lak","1231":"et\u00fcn","1232":"hat ","1233":"tban","1234":"zint","1235":"emet","1236":" m\u00e9r","1237":"\u00f6n\u00f6m","1238":" \u00fcgy","1239":"nban","1240":"senk","1241":"at\u00e1r","1242":"\u00e9rd\u00e9","1243":"erte","1244":"alka","1245":"allg","1246":"nete","1247":"t\u00fal ","1248":"isel","1249":"hov\u00e1","1250":"hane","1251":"felt","1252":"llga","1253":"tuk ","1254":"lnek","1255":"tel ","1256":"nom ","1257":"lon ","1258":"t\u00e9t ","1259":" elh","1260":"l\u00e9g ","1261":" ban","1262":"dhat","1263":"yos ","1264":"m\u00e1si","1265":"\u00e1sik","1266":"let\u00e9","1267":"ersz","1268":"iata","1269":"lmas","1270":"f\u00e9le","1271":"ult ","1272":"vese","1273":"gunk","1274":"t\u00fck ","1275":"nk\u00e1b","1276":"tan\u00ed","1277":"\u00f3ta ","1278":"ntem","1279":"elyi","1280":" k\u00edv","1281":"gyes","1282":"det ","1283":"oda ","1284":"oldo","1285":"lunk","1286":"rvez","1287":" fon","1288":"al\u00f3s","1289":"azs\u00e1","1290":" sor","1291":"anem","1292":" t\u0171n","1293":"el\u0151s","1294":"es\u00e9g","1295":"lhet","1296":"\u00e9ves","1297":"zell","1298":" ors","1299":"d\u00e1s ","1300":" j\u00f6v","1301":"ejez","1302":"sztu","1303":"\u0151s\u00e9g","1304":" sik","1305":"ny\u00edt","1306":"tsz ","1307":"esek","1308":"s\u00e1t ","1309":"nyos","1310":"jegy","1311":"tets","1312":"evet","1313":" baj","1314":"uszt","1315":"s\u00e9g\u00fc","1316":"as\u00e1g","1317":"sit ","1318":"r\u00e1ny","1319":"gazs","1320":"form","1321":"ahol","1322":"kon ","1323":" i ","1324":"mege","1325":" ver","1326":"kozt","1327":"lens","1328":" mut","1329":"szes","1330":"z\u00e9s ","1331":"apja","1332":"enti","1333":"ere ","1334":"don ","1335":"enn\u00e9","1336":" n\u00e9l","1337":"lgok","1338":"fel\u00e9","1339":"zato","1340":" s ","1341":"ghal","1342":"rsz ","1343":"lak ","1344":"eg\u00e9r","1345":"lyik","1346":"jese","1347":"\u00e1ja ","1348":"\u00fctt ","1349":"\u00f6r\u00f6k","1350":" kin","1351":"zzel","1352":"yeke","1353":" est","1354":"ys\u00e9g","1355":" miv","1356":"l\u00fcnk","1357":"iker","1358":"k\u00f6r\u00fc","1359":"fogj","1360":" j\u00f6n","1361":"int\u00e9","1362":"kez\u0151","1363":" eln","1364":"zene","1365":" teg","1366":"lgat","1367":"t\u00f6tt","1368":"ngem","1369":"okba","1370":"nemz","1371":"csit","1372":"onba","1373":" im\u00e1","1374":" mes","1375":"j\u00e1ba","1376":"aszo","1377":"mill","1378":" r\u00e9g","1379":"lkal","1380":"hato","1381":"\u00e9nyl","1382":" fen","1383":" \u0151t ","1384":" sz\u00f6","1385":"saj\u00e1","1386":"sra ","1387":"d\u00f6nt","1388":"inke","1389":"ens\u00e9","1390":"sike","1391":" soh","1392":"lia ","1393":" l\u00e9t","1394":"alon","1395":"emze","1396":"mere","1397":"soha","1398":"ezen","1399":"r\u00fcnk","1400":" fra","1401":"bbi ","1402":"emel","1403":"led ","1404":"lj\u00e1k","1405":"ztel","1406":"nyle","1407":"elel","1408":"meke","1409":"etel","1410":"n\u00e1lo","1411":"lyze","1412":"rtam","1413":"fogo","1414":"z\u00fcnk","1415":" se ","1416":"g\u00edte","1417":"alt ","1418":"ldog","1419":"elsz","1420":" h\u00edr","1421":"zta ","1422":"z\u00e1ll","1423":"olog","1424":"al\u00e1b","1425":" \u00e1t ","1426":"adat","1427":"ason","1428":"leme","1429":" kat","1430":"\u00edt\u00e9s","1431":"lkod","1432":"zat ","1433":"yira","1434":"yleg","1435":"tt\u00e1k","1436":"atba","1437":"tt\u00e9k","1438":"eren","1439":"fiat","1440":" \u00fajr","1441":"\u00e9ppe","1442":"dett","1443":"ppen","1444":"megi","1445":"\u00fajra","1446":"perc","1447":"elyz","1448":"ends","1449":"olyt","1450":"gyed","1451":" t\u00e1m","1452":"estv","1453":"dat ","1454":"sban","1455":"itte","1456":"\u00f3ban","1457":"vete","1458":"zes ","1459":"el\u0151 ","1460":"elha","1461":"gyob","1462":"\u00e9rze","1463":"yobb","1464":"ndsz","1465":"rsze","1466":"k\u00fcld","1467":" j\u00f6t","1468":"gye ","1469":"nya ","1470":"dj\u00e1k","1471":"zerv","1472":"b\u00e1rm","1473":"vet ","1474":"oha ","1475":"zeke","1476":"\u00e9vel","1477":"adt ","1478":"stv\u00e9","1479":" n\u00e9p","1480":"t\u00e1s\u00e1","1481":"zent","1482":"agam","1483":"szeg","1484":" jut","1485":"elm\u00e9","1486":"izet","1487":"ekbe","1488":"zs\u00e9g","1489":"v\u00e1ny","1490":"zal ","1491":"csap","1492":"rja ","1493":"dent","1494":"etni","1495":"k\u00fcl ","1496":"eli ","1497":"rdez","1498":"zben","1499":"tv\u00e9r","1500":"fogl","1501":"meri","1502":"m\u00edg ","1503":"\u00e1bor","1504":"lked","1505":"\u00e9rz\u00e9","1506":"ait ","1507":"eget","1508":"ztem","1509":"ged ","1510":"mes ","1511":"iszo","1512":"kett","1513":"mzet","1514":"ress","1515":"nek\u00fc","1516":"ekek","1517":"eszi","1518":"ltem","1519":" c\u00edm","1520":"arok","1521":"eri ","1522":"nt\u00e9s","1523":"ndul","1524":"r\u00fcl ","1525":"n\u00e1ln","1526":"haso","1527":"v\u00e9re","1528":"ken ","1529":"z\u00fck ","1530":"z\u00edve","1531":"fran","1532":"vall","1533":"znak","1534":"ztal","1535":"end\u0151","1536":"ink\u00e1","1537":"gaz\u00e1","1538":" oko","1539":"ezni","1540":"elfo","1541":"g\u00e9rt","1542":"k\u00e1t ","1543":"yre ","1544":" kri","1545":"megn","1546":"k\u00e1bb","1547":"erel","1548":"thon","1549":" k\u00f6l","1550":"\u00e1rt ","1551":"om\u00e1n","1552":" k\u00e9n","1553":"ram ","1554":" r\u00f3l","1555":"tehe","1556":"leve","1557":" lel","1558":" kif","1559":"rv\u00e9n","1560":"j\u00e1ts","1561":" t\u0151l","1562":"zte ","1563":"sokk","1564":"nie ","1565":"\u00e1nk ","1566":"z\u00e1za","1567":"tetl","1568":"\u00e1s\u00e1r","1569":"isko","1570":"mas ","1571":"ide ","1572":"yelm","1573":"ide\u00f3","1574":"t\u00e1sa","1575":"\u00e9lni","1576":"el\u00fcl","1577":"elni","1578":"sonl","1579":"ogla","1580":"bocs","1581":"rte ","1582":"ros ","1583":" \u00e9re","1584":"dolt","1585":"lmaz","1586":"llat","1587":" kut","1588":"olt\u00e1","1589":"k\u00edv\u00fc","1590":"d\u00e9s ","1591":"\u0151re ","1592":"kint","1593":"el\u00e9 ","1594":"z\u00e9se","1595":"\u00edv\u00fcl","1596":" kik","1597":"idej","1598":" \u00e9pp","1599":"d\u00e9se","1600":"egna","1601":"omba","1602":"dani","1603":"yire","1604":" ink","1605":"neh\u00e9","1606":"egte","1607":"ttho","1608":" ham","1609":"atja","1610":"para","1611":"\u00e9szt","1612":"tre ","1613":"\u00e9sz\u00fc","1614":" ill","1615":"nnye","1616":"t\u00e1ro","1617":"llam","1618":"\u00f6nny","1619":"\u00e9gek","1620":"nkat","1621":"tese","1622":"lfog","1623":"ass\u00e1","1624":"rm\u00e9s","1625":"elk\u00e9","1626":"k\u00f6nn","1627":"g\u00e1la","1628":"\u00e1hoz","1629":"pers","1630":"\u00e1rmi","1631":"\u00e1zas","1632":"iket","1633":"tod ","1634":"mink","1635":"mire","1636":"l\u00e1ba","1637":"i\u00e1ba","1638":"\u00f6lt\u00f6","1639":"n\u00e9zz","1640":"\u00e9p\u00edt","1641":"egym","1642":"enet","1643":"sszo","1644":" b\u0171n","1645":" p\u00e1l","1646":"l\u00e1g ","1647":"t\u00f6lt","1648":"evez","1649":"zemb","1650":"jen ","1651":"atni","1652":"r\u00fcle","1653":"\u00e1r\u00f3l","1654":"jra ","1655":"k\u00e9rt","1656":" moz","1657":"\u00e9gi ","1658":"tkoz","1659":"tsze","1660":"r\u00f3la","1661":"egge","1662":"\u00e1nya","1663":"jta ","1664":"zom ","1665":"gyor","1666":"ideg","1667":"skol","1668":"zunk","1669":"zet\u00e9","1670":"im\u00e1d","1671":"\u00f3s\u00e1g","1672":"azza","1673":"tet\u00e9","1674":"z\u00f6r ","1675":"ott\u00e1","1676":"glal","1677":"ango","1678":" ezz","1679":"k\u00e9s\u0151","1680":"sz\u00e1r","1681":"gel ","1682":"n\u00e9ze","1683":"olni","1684":"atom","1685":"ag\u00e1t","1686":"okra","1687":"esse","1688":"k\u00e9pz","1689":" reg","1690":"kot ","1691":"atna","1692":"eh\u00e9z","1693":"llot","1694":"kos ","1695":"hatn","1696":"vigy","1697":" d\u00f6n","1698":" gyo","1699":"tess","1700":"\u00edts\u00e9","1701":"gym\u00e1","1702":" \u00far ","1703":"indu","1704":"l\u00f6nb","1705":"\u00e1m\u00edt","1706":"talo","1707":"ajn\u00e1","1708":"\u00e9gy ","1709":"nok ","1710":" vig","1711":"z\u00e1s ","1712":"gazd","1713":"nyer","1714":"terv","1715":"tato","1716":"alan","1717":"lva ","1718":"ym\u00e1s","1719":"er\u0171 ","1720":"szed","1721":"nunk","1722":"ent\u00e9","1723":"t\u00e1st","1724":"ezel","1725":"\u00e9lem","1726":" fiz","1727":"t\u00e1ma","1728":"agyt","1729":"zlet","1730":"elad","1731":"k\u00fcnk","1732":"ekez","1733":"csi ","1734":" c\u00e9l","1735":"z\u00e1m\u00ed","1736":"szom","1737":"\u00e1lja","1738":"n\u00e1lj","1739":"ked\u00e9","1740":"ltek","1741":"lte ","1742":" \u00f3r\u00e1","1743":"napj","1744":"tete","1745":"\u00e1zat","1746":"jn\u00e1l","1747":"inak","1748":"zhat","1749":" m\u00fal","1750":"\u00e9ve ","1751":"\u00e1gok","1752":"adni","1753":" l\u00e9p","1754":"ztam","1755":"k\u00e9re","1756":"\u00e1ul ","1757":"kalm","1758":"l\u00e1go","1759":"rr\u00f3l","1760":"ndez","1761":"t\u00e9ke","1762":"ukat","1763":"rta ","1764":"m\u0171k\u00f6","1765":"ul\u00e1s","1766":"art ","1767":"lapo","1768":"szne","1769":"lako","1770":"zzal","1771":"ajon","1772":"\u00e1lha","1773":"\u00e9lte","1774":"\u0171k\u00f6d","1775":" viz","1776":"ddig","1777":"\u00e1t\u00e9k","1778":"akoz","1779":"sz\u00f3 ","1780":" \u00e9sz","1781":"es\u00edt","1782":"j\u00e1t\u00e9","1783":"lel\u0151","1784":"egal","1785":"\u00fclte","1786":"\u00e1s\u00e1t","1787":"ille","1788":"yelv","1789":"s\u0151bb","1790":"arom","1791":"gnak","1792":"haza","1793":"mban","1794":"rajt","1795":"er\u00fcn","1796":" had","1797":" mir","1798":"land","1799":" pol","1800":"yors","1801":"log ","1802":"onos","1803":" v\u00e9r","1804":"t\u0151le","1805":"otth","1806":"\u00f3ra ","1807":"fize","1808":"lmes","1809":" t\u00f6k","1810":"ezde","1811":"kor\u00e1","1812":"elmo","1813":" elj","1814":"\u00e1rta","1815":"beri","1816":" ado","1817":"n\u00f6k ","1818":"\u00e9rem","1819":"\u00f6bbe","1820":"nyoz","1821":" nos","1822":"zele","1823":" kev","1824":" \u00e1ld","1825":"zz\u00e1 ","1826":"arr\u00f3","1827":"\u00e1sra","1828":"sre ","1829":"mal ","1830":"nal ","1831":"l\u00e9ke","1832":"ets\u00e9","1833":"ys\u00e1g","1834":"megj","1835":"ezik","1836":" na ","1837":" azz","1838":"\u00e1ll ","1839":"lv\u00e1n","1840":"odik","1841":"aj\u00e1n","1842":" gaz","1843":"ejte","1844":" d ","1845":"os\u00edt","1846":"rz\u00e9s","1847":"nyez","1848":"erne","1849":"tatn","1850":"ett\u0151","1851":"rnak","1852":"nyil","1853":" n\u00e9m","1854":"rett","1855":"gja ","1856":"dsz ","1857":" fil","1858":"\u00e9rez","1859":"apj\u00e1","1860":"felh","1861":" gy\u00fc","1862":"s\u00e9t ","1863":"ekel","1864":"ztus","1865":"lmon","1866":"aguk","1867":"ond ","1868":"mel ","1869":"ttel","1870":"akor","1871":"gek ","1872":"kek ","1873":"ozik","1874":"res ","1875":"\u00e9rle","1876":" vaj","1877":"ljuk","1878":"\u00e9nk ","1879":" the","1880":"j\u00e1n ","1881":" bal","1882":"zed ","1883":"elt\u00e9","1884":"cson","1885":" koc","1886":"\u00f6rv\u00e9","1887":"\u00f6rny","1888":"elvi","1889":"\u00e1sod","1890":"tatt","1891":" bef","1892":"lmen","1893":"szat","1894":"t\u00f6rv","1895":"est ","1896":"sod\u00e1","1897":" n\u00e9g","1898":"n\u00e9gy","1899":"teki","1900":"egfe","1901":"\u0151ben","1902":"\u00e9gre","1903":"\u00e1l\u00e1s","1904":" ang","1905":"atun","1906":"ocs\u00e1","1907":"galm","1908":"jes ","1909":"zonb","1910":"onyo","1911":"\u00e1tha","1912":"telt","1913":"l\u0151sz","1914":"len\u00fc","1915":" b\u00edr","1916":"inth","1917":"nia ","1918":"azda","1919":"el\u0151l","1920":"felv","1921":"k\u00f6zb","1922":"okoz","1923":" tap","1924":"radt","1925":"\u00f6zbe","1926":"vona","1927":"kozo","1928":"z\u00e1n ","1929":"eit ","1930":" aut","1931":" r\u00e1m","1932":" al\u00e1","1933":"od\u00e1s","1934":"snek","1935":"regg","1936":"ekre","1937":"any\u00e1","1938":"\u00e9sz\u00ed","1939":"z\u00e9st","1940":"\u00e9szs","1941":"d\u00e1ul","1942":"tegy","1943":"agas","1944":"uram","1945":"hitt","1946":"ind ","1947":" es ","1948":"t\u00e1so","1949":"rm\u00e1n","1950":"g\u00e9ny","1951":"ts\u00e1g","1952":"les\u00e9","1953":"gos ","1954":"az\u00e1n","1955":" t\u00e9r","1956":"ld\u00e1u","1957":"ekin","1958":"mek ","1959":"olko","1960":"apos","1961":"ancs","1962":"ksze","1963":"szs\u00e9","1964":"\u00e9ter","1965":"yetl","1966":"legj","1967":"tat\u00f3","1968":"yako","1969":"risz","1970":" osz","1971":"akit","1972":"tve ","1973":"\u00e1ga ","1974":"r\u00e1nt","1975":"amer","1976":"mmal","1977":"\u00e9nyt","1978":"gre ","1979":"\u00e9gis","1980":" tit","1981":"nd\u00e9k","1982":"keny","1983":"atko","1984":"mmit","1985":"ons\u00e1","1986":" k\u00f6t","1987":"udni","1988":"kris","1989":"gjob","1990":"egjo","1991":"junk","1992":"en\u00fcl","1993":"dolk","1994":"m\u00falt","1995":"oros","1996":"ak\u00e1r","1997":"gtal","1998":"gete","1999":"n\u00fcl ","2000":"zhet","2001":"tha ","2002":"ar\u00e1z","2003":"z\u00e9p ","2004":"udju","2005":"fels","2006":"is\u00e9g","2007":"tiku","2008":"\u00e1kat","2009":"amat","2010":"ll\u00f3 ","2011":"ata ","2012":"j\u00f6v\u0151","2013":"z\u00e1m\u00e1","2014":"adot","2015":" ven","2016":"yene","2017":"nyok","2018":"j\u00e1to","2019":" kil","2020":"prob","2021":"sel ","2022":"evel","2023":"\u00e1gi ","2024":"atju","2025":"lmet","2026":"j\u00fcnk","2027":"vajo","2028":"tva ","2029":"lkez","2030":"assa","2031":"ste ","2032":"t\u00e9s\u00e9","2033":" tek","2034":"\u00e1cso","2035":"sele","2036":"eleg","2037":"t\u00e9ko","2038":"m\u00e9gi","2039":"csel","2040":"s\u00e9k ","2041":"goka","2042":" ak\u00e1","2043":"hets","2044":"\u0151sz\u00f6","2045":"t\u00e9n ","2046":"nyag","2047":"\u00e9pze","2048":"\u00e1nd\u00e9","2049":"kkkk","2050":"pusz","2051":"t\u00e9st","2052":" \u00edrt","2053":"ned ","2054":"rvos","2055":"asz ","2056":"avar","2057":"\u00e9s\u0151b","2058":"renc","2059":"ink ","2060":"p\u00e1r ","2061":"nte ","2062":"sz\u00fcn","2063":"ival","2064":"k\u00f6z\u00fc","2065":"alah","2066":"orvo","2067":"ztek","2068":"szob","2069":"karj","2070":"edte","2071":" jog","2072":"elej","2073":"et\u00e9t","2074":"gis ","2075":"m\u00e1ra","2076":"zeme","2077":"latb","2078":"zet\u0151","2079":"film","2080":"erik","2081":" hos","2082":"dunk","2083":"v\u00fcl ","2084":"nten","2085":"dnek","2086":"csen","2087":" t\u00e9g","2088":"mmel","2089":"mego","2090":"\u00e9des","2091":"\u00e1mad","2092":" \u00f3 ","2093":"dalm","2094":"s\u00e1g\u00e1","2095":"vizs","2096":"k\u00f6lt","2097":"vers","2098":"id\u0151 ","2099":"egen","2100":"m\u00f3do","2101":"izsg","2102":" t ","2103":"ek\u00fcn","2104":" bor","2105":" \u00e9de","2106":" sos","2107":"sz\u00e1n","2108":"\u00e1ldo","2109":"an\u00e1c","2110":"hoss","2111":"eseb","2112":"r\u00e1n ","2113":"korm","2114":"lyta","2115":"delm","2116":"aut\u00f3","2117":"\u00f3an ","2118":"ivat","2119":"nys\u00e9","2120":"\u00e1tom","2121":"lega","2122":"suk ","2123":"arsz","2124":"lves","2125":"f\u00e9ny","2126":" v\u00edz","2127":" m\u00e9l","2128":"akra","2129":"dves","2130":"l\u00e9s ","2131":"m\u00e1st","2132":"eszn","2133":"n\u00e9m ","2134":" eli","2135":"lelk","2136":"etik","2137":"usz ","2138":"robl","2139":"elef","2140":"n\u00e1la","2141":"iben","2142":"emi ","2143":"osab","2144":"\u00e1nt ","2145":"n\u00e1cs","2146":"\u00e9lek","2147":"pja ","2148":"egva","2149":"\u00f6ld ","2150":"bl\u00e9m","2151":"\u00f6z\u00fcl","2152":"lefo","2153":" veg","2154":"erje","2155":"sose","2156":"udok","2157":"yer\u00fc","2158":"yana","2159":"ordu","2160":"rtot","2161":"j\u00f6nn","2162":"mra ","2163":"eted","2164":"tra ","2165":"tszi","2166":"\u00e9lt ","2167":" b\u00e1n","2168":"bel\u00fc","2169":"vend","2170":"t\u00e1vo","2171":"fela","2172":"obl\u00e9","2173":"\u00e9nys","2174":"\u00e9ken","2175":"ran ","2176":"yben","2177":"fejl","2178":"dtem","2179":"rdul","2180":"i\u00e1t ","2181":"gy\u0151z","2182":" kih","2183":"lm\u00e1n","2184":"t\u00e9ve","2185":"y\u00fcnk","2186":"ist\u00e1","2187":"t\u00e1t ","2188":"\u0151en ","2189":"amar","2190":"utol","2191":"om\u00e1s","2192":"ntha","2193":"gom ","2194":"kars","2195":"tj\u00fck","2196":"z\u00fcl ","2197":"pzel","2198":"kapt","2199":"\u00f6lte","2200":"yed\u00fc","2201":"agyj","2202":"\u00edv\u00e1n","2203":"\u00e9sre","2204":"vegy","2205":"telm","2206":"ed\u00fcl","2207":" \u0151k ","2208":"akad","2209":" m\u0171k","2210":"zsg\u00e1","2211":"mene","2212":"inda","2213":" uto","2214":"rd\u00edt","2215":"gal\u00e1","2216":"f\u00fcgg","2217":"tud ","2218":"egyv","2219":"zza ","2220":"omol","2221":"\u00e1ly ","2222":"ter\u00fc","2223":"zoka","2224":"lli\u00f3","2225":"k\u00e9pp","2226":"ort ","2227":"osto","2228":"h\u00e1bo","2229":"\u00edrta","2230":"r\u00e1m ","2231":"lemi","2232":" kim","2233":"art\u00f3","2234":" ket","2235":"k\u00edv\u00e1","2236":" fal","2237":"b\u00e1r ","2238":"kozn","2239":"s\u00e9re","2240":" fi\u00fa","2241":"olja","2242":"z\u00e9ln","2243":"rban","2244":"zor ","2245":"l\u00fcl ","2246":"venn","2247":"ing ","2248":"kife","2249":"egt\u00f6","2250":"kapo","2251":"eves","2252":" fek","2253":"megp","2254":"moly","2255":" h\u00e1l","2256":" boc","2257":"\u00e9s\u00e9t","2258":"adna","2259":"v\u00e1rj","2260":"adja","2261":"ord\u00ed","2262":"fegy","2263":"rika","2264":"\u00e1llt","2265":"enve","2266":"gsze","2267":"akat","2268":"\u00e1nyz","2269":" aj\u00e1","2270":" kij","2271":"l\u00e1tn","2272":"\u00e1zad","2273":"l\u00e1th","2274":"mbe ","2275":"koro","2276":"s\u00e1ga","2277":"j\u00e1rt","2278":"\u00edr\u00e1s","2279":"lt\u00e1l","2280":"komo","2281":"tatj","2282":"tatl","2283":"szti","2284":"kuta","2285":" hi\u00e1","2286":" b\u00e9k","2287":"lyam","2288":"the ","2289":"gyve","2290":"szar","2291":" kia","2292":"mai ","2293":"kol\u00e1","2294":"tn\u00e9k","2295":"h\u00e9z ","2296":"edel","2297":"t\u00e9ge","2298":"ilv\u00e1","2299":"\u00e9ly ","2300":"ora ","2301":"ndom","2302":"\u0151le ","2303":" v\u00e9l","2304":"l\u00e1t ","2305":"mot ","2306":"h\u00f3na","2307":"ozza","2308":"ag\u00e1n","2309":"\u00f3nap","2310":"yilv","2311":"nger","2312":" isk","2313":"\u00e9tek","2314":"k\u00e9ne","2315":"kezt","2316":"sz\u00f6v","2317":"kez\u00e9","2318":"ekik","2319":"\u00e1ll\u00e1","2320":"\u00e9ret","2321":"kes ","2322":"akin","2323":"et\u0151s","2324":"ndel","2325":"dato","2326":" v\u00e1g","2327":"ssz\u00fa","2328":"rkez","2329":"l\u00e1bb","2330":" h\u00f3n","2331":"sz\u00e9d","2332":"ett\u00fc","2333":" vit","2334":" jav","2335":"rese","2336":" ahh","2337":"felk","2338":"forr","2339":"kar ","2340":"bet ","2341":" pil","2342":"tor ","2343":"j\u00f6ve","2344":"jana","2345":"ster","2346":"id\u0151s","2347":"vet\u00e9","2348":"ldoz","2349":"lys\u00e1","2350":"tt\u00fcn","2351":"eje ","2352":"zz\u00fck","2353":"ntek","2354":"\u00e1lys","2355":"s\u00e1na","2356":" orv","2357":"es\u00fcl","2358":"lmi ","2359":"z\u00edte","2360":"\u00e1lju","2361":"ajt\u00f3","2362":"rnek","2363":"m\u00e9le","2364":"ozna","2365":" agg","2366":"sz\u00e9t","2367":" l\u00e1b","2368":"heti","2369":"gy\u00fcl","2370":"ncse","2371":"\u00e9si ","2372":"all\u00e1","2373":"toka","2374":"keve","2375":"tus ","2376":"tv\u00e1n","2377":"nyeg","2378":" mic","2379":"\u00fcnke","2380":"l\u00f3sz","2381":"n\u00e9me","2382":" k\u00e1r","2383":"v\u00e9g\u00e9","2384":"oly\u00f3","2385":"ven ","2386":"y\u00f3gy","2387":"ian ","2388":"z\u00f6ve","2389":"gy\u00f3g","2390":"t\u0151s\u00e9","2391":"vel\u00fc","2392":"\u0171nik","2393":"nyol","2394":"s\u00faly","2395":"edik","2396":"elne","2397":"nter","2398":" f\u00e9n","2399":" t\u00e1v","2400":"ir\u0151l","2401":"zt\u00e1l","2402":"tan ","2403":"hala","2404":" feg","2405":"pet ","2406":"ony\u00ed","2407":"\u00edtja","2408":"bert","2409":"k\u00e1r ","2410":"gat\u00f3","2411":"egin","2412":"\u00fcket","2413":"m\u00e9t ","2414":" izr","2415":"n\u00e9nk","2416":"\u00e9be ","2417":"f\u00e9rj","2418":"amen","2419":"r\u00e1to","2420":"s\u00e1gb","2421":"\u00e1roz","2422":" \u00e9p\u00ed","2423":"bor\u00fa","2424":" gy\u00f6","2425":"seke","2426":"\u00f6r\u00f6m","2427":"or\u00e1b","2428":"ahho","2429":"hhoz","2430":"y\u00fcle","2431":"\u00f6k\u00e9l","2432":"\u00e1sna","2433":"t\u00e1na","2434":"\u00e9le ","2435":"sunk","2436":"relm","2437":"t\u00f6k\u00e9","2438":"z\u00e9lt","2439":"\u00f3ja ","2440":"llal","2441":"\u00e1lt\u00e1","2442":"nyve","2443":"okon","2444":"utas","2445":"dics","2446":"\u00e9zet","2447":"egle","2448":"ltet","2449":"d\u00f6tt","2450":"pill","2451":"toga","2452":"m\u00e1t ","2453":"and\u00f3","2454":"lt\u00e1k","2455":"orsa","2456":"lana","2457":"erez","2458":" rep","2459":"z\u00e9ly","2460":"ci\u00f3 ","2461":"\u00e1lna","2462":"\u00e1sai","2463":"nnan","2464":"rhet","2465":"kr\u00f3l","2466":"\u00e1sba","2467":"dal ","2468":"ulm\u00e1","2469":"oz\u00f3 ","2470":"yit ","2471":"nleg","2472":"\u00e9net","2473":"g\u00e9t ","2474":"becs","2475":"ztot","2476":"igy\u00e1","2477":"zt\u00e1s","2478":"iban","2479":" \u00f6r\u00fc","2480":"k\u00f6zt","2481":"gfel","2482":"tana","2483":"onl\u00f3","2484":"nod ","2485":"k\u00e9p ","2486":"\u00e9pek","2487":"\u00e1j\u00e1t","2488":"egyz","2489":" n\u00e1l","2490":"nnal","2491":"\u00e1tor","2492":"eken","2493":"nulm","2494":"ogok","2495":"nan ","2496":"pes ","2497":"mega","2498":"ok\u00e9 ","2499":"\u00e9gem","2500":"mnak","2501":"zol ","2502":"ugye","2503":"\u00f3la ","2504":"z\u00edn\u0171","2505":" zsi","2506":"ol\u00f3g","2507":"meg\u00f6","2508":"net ","2509":" l\u00e9g","2510":"dom\u00e1","2511":" t\u00f6l","2512":"\u00fclek","2513":"\u00e9pp ","2514":"tomi","2515":"ls\u00f3 ","2516":"gy\u00e1z","2517":"gad ","2518":"tt\u00e9l","2519":"\u00f6ny\u00f6","2520":"halt","2521":"s\u00e1gi","2522":"udj\u00e1","2523":"\u00e9ksz","2524":" n\u00f6v","2525":"sony","2526":"edd ","2527":"gy\u00fcn","2528":" ok\u00e9","2529":"\u00e9sz\u00e9","2530":"aink","2531":" hib","2532":"gato","2533":"lamo","2534":"ssel","2535":"zont","2536":"gyis","2537":"eg\u00e9n","2538":"l\u0151re","2539":"dezt","2540":"add ","2541":"rfi ","2542":"g\u00fcl ","2543":"holn","2544":"el\u00e9r","2545":"t\u0171ni","2546":"enem","2547":"el\u0151r","2548":"\u00e9g\u00fcl","2549":"yver","2550":"\u00e9ne ","2551":"lnap","2552":"pasz","2553":"sg\u00e1l","2554":"eink","2555":"zetb","2556":" cik","2557":"p\u00e1l ","2558":"terj","2559":"eg\u00e1l","2560":"zaka","2561":"lass","2562":"gyal","2563":"bbet","2564":"v\u00e9t ","2565":"z\u00e1g ","2566":"\u00edt\u00e9l","2567":"rtet","2568":"b\u00e1lt","2569":"j\u00e1ra","2570":"an\u00fai","2571":"elfe","2572":"ati ","2573":"zel\u0151","2574":"tat ","2575":"tten","2576":"\u00e1mol","2577":"vere","2578":"\u0151sza","2579":"\u00e1lyo","2580":"gazi","2581":"\u00e9kez","2582":"list","2583":"tols","2584":"enes","2585":"aton","2586":"eln\u00f6","2587":"mon ","2588":"lag ","2589":"\u00e1lj\u00e1","2590":"letb","2591":"v\u00e9le","2592":"zenv","2593":"\u0171en ","2594":"k\u00e9le","2595":"soda","2596":"itik","2597":"post","2598":" b\u00edz","2599":"dm\u00e9n","2600":" pap","2601":"agyi","2602":" vic","2603":"ljen","2604":"apok","2605":"redm","2606":" agy","2607":"erce","2608":" ti ","2609":"opor","2610":"yelj","2611":"\u00e9rje","2612":"alok","2613":" h\u00e9 ","2614":"t\u00e9be","2615":"\u00e1m\u00e1r","2616":"rat ","2617":"yakr","2618":"enn\u00fc","2619":"\u00f3nak","2620":"s\u00fclt","2621":"ogja","2622":"skod","2623":"nved","2624":" ap\u00e1","2625":"tika","2626":"gede","2627":"ln\u00f6k","2628":"okta","2629":"edm\u00e9","2630":"anat","2631":"tt\u00f3l","2632":"l\u00e9te","2633":"ifej","2634":"t\u00e9te","2635":"\u00e9gez","2636":"korl","2637":" add","2638":"csom","2639":"gam ","2640":"sta ","2641":"hon ","2642":"egpr","2643":"rtan","2644":" v\u00e9d","2645":" tag","2646":"kr\u0151l","2647":"yom\u00e1","2648":" kie","2649":"\u00e9rke","2650":"gyil","2651":"dolj","2652":"kba ","2653":"kede","2654":"egyr","2655":"tize","2656":"omat","2657":" hon","2658":"cikk","2659":"ny\u00f6r","2660":"nd\u0151r","2661":"nnem","2662":"yis ","2663":"tsd ","2664":" d\u00e9l","2665":"ols\u00f3","2666":"rr\u0151l","2667":"eten","2668":"hama","2669":"iv\u00e1l","2670":"\u00e1t\u00f3l","2671":"rosa","2672":"egje","2673":" f\u00e1j","2674":"zeti","2675":"l\u00e1s\u00e1","2676":"het\u00fc","2677":"gpr\u00f3","2678":"ekes","2679":"l\u00f3ba","2680":"ilko","2681":"z\u00e1gb","2682":" adj","2683":"yilk","2684":"pot ","2685":"arma","2686":"yete","2687":"\u00e9rek","2688":"csop","2689":"j\u00e9t ","2690":"felf","2691":"lmez","2692":"sztr","2693":"\u00e1vol","2694":"apta","2695":"yar ","2696":"l\u00f3j\u00e1","2697":"l\u00e1st","2698":"icso","2699":" inf","2700":"err\u0151","2701":"lemb","2702":"\u00e9lel","2703":"lm\u00e9n","2704":"atj\u00e1","2705":"am\u00edg","2706":"es\u00e9l","2707":"sopo","2708":" am\u00ed","2709":"gyre","2710":"egv\u00e1","2711":"llap","2712":"\u00e9g\u00e9t","2713":"r\u00e1s ","2714":" t\u00e9v","2715":"len\u00e9","2716":" \u00e9l\u0151","2717":"irat","2718":"lam ","2719":"ol\u00e1s","2720":"poli","2721":"art\u00e1","2722":"encs","2723":"napi","2724":"gat\u00e1","2725":" b ","2726":" arc","2727":"des ","2728":" bem","2729":"ltun","2730":"\u00e1ll\u00f3","2731":"\u00e1nos","2732":"emen","2733":"s\u00e9rt","2734":"alla","2735":"ala ","2736":"oly ","2737":"i\u00e1ny","2738":"lejt","2739":" ada","2740":"\u00edt\u00f3 ","2741":"egk\u00e9","2742":"ttal","2743":"bli\u00e1","2744":"v\u00e9de","2745":"r\u00e9gi","2746":"hi\u00e1n","2747":"f\u00e9l ","2748":"ezne","2749":"stan","2750":"ld\u00f6n","2751":"zton","2752":"\u0151d\u00e9s","2753":"\u00fcl\u00e9s","2754":"utaz","2755":" \u00e9v ","2756":"\u00e9s\u00e9r","2757":" \u00f5 ","2758":"ndj\u00e1","2759":"tozt","2760":"d\u00fcl ","2761":"eszk","2762":"dege","2763":"v\u00e1ll","2764":"l\u00e9ny","2765":"\u00e9nzt","2766":"\u00e9gbe","2767":" ass","2768":"\u00e1bbi","2769":"\u00f6nb\u00f6","2770":"nt\u00e9n","2771":" mie","2772":"yar\u00e1","2773":"kora","2774":"\u00f3j\u00e1b","2775":"nb\u00f6z","2776":"kori","2777":"rtek","2778":"lget","2779":" sta","2780":"etre","2781":" b\u00e1t","2782":"n\u00e9zn","2783":"elis","2784":"solt","2785":"meg\u00e1","2786":"rlek","2787":" n\u0151 ","2788":"enye","2789":"nn\u00fcn","2790":"szia","2791":"eggy","2792":" n ","2793":"eddi","2794":"ocsi","2795":"\u00edtha","2796":"omor","2797":"haj\u00f3","2798":"l\u00e9se","2799":" n\u00e9k","2800":"tent","2801":"megg","2802":"\u00e9lge","2803":"adal","2804":"legn","2805":"tons","2806":"z\u00e9lg","2807":" bec","2808":"kran","2809":"ezdt","2810":" f\u00fcg","2811":"dtak","2812":"ulat","2813":"s\u00fcnk","2814":"ljon","2815":"hell","2816":"apa ","2817":"arat","2818":"k\u00e1ba","2819":"zkod","2820":"moga","2821":"ytat","2822":"nk\u00e9n","2823":" mai","2824":"jete","2825":"p\u00e1n ","2826":" k ","2827":"lod ","2828":" zen","2829":"esz\u00e1","2830":"tege","2831":"atai","2832":"apon","2833":"ver ","2834":"efon","2835":"vess","2836":" lef","2837":"koz\u00e1","2838":"\u00f3sz\u00ed","2839":" csu","2840":"elhe","2841":"remt","2842":"vata","2843":"esz\u00ed","2844":"gett","2845":"rva ","2846":"lem\u00e9","2847":"\u00e9sei","2848":"esem","2849":"let\u00fc","2850":"zokn","2851":" eur","2852":"tula","2853":"vicc","2854":" adt","2855":"\u00e9g\u00e9n","2856":"ss\u00e9k","2857":"erse","2858":" gy\u00f3","2859":"onat","2860":"k\u00e9ts","2861":"er\u0171e","2862":"l\u00e9ks","2863":"m\u00e9te","2864":"v\u00e1n ","2865":" att","2866":"\u00e1lln","2867":"atsz","2868":"kocs","2869":"\u00e1rok","2870":"eg\u00f6l","2871":"koz\u00f3","2872":"m\u00e9rt","2873":"vek ","2874":"et\u00e9b","2875":"sapa","2876":"lt\u00f6z","2877":"jdon","2878":"sszu","2879":"\u00f3don","2880":"tegn","2881":"d\u0151be","2882":"\u00edthe","2883":"ynek","2884":"dara","2885":"vid ","2886":"ondd","2887":"dr\u00e1g","2888":"\u00e9pet","2889":"legt","2890":"lj\u00fck","2891":"mre ","2892":"egol","2893":"hiva","2894":"al\u00f3j","2895":"or\u00fa ","2896":" rab","2897":"ulaj","2898":"rede","2899":"apas","2900":"gold","2901":" bev","2902":" l\u00e1s","2903":" fer","2904":"elv\u00e9","2905":"\u00f6nne","2906":"zerz","2907":"yett","2908":"tass","2909":" tul","2910":"\u00fcnte","2911":"ndha","2912":"\u00e1rul","2913":"vvel","2914":"doza","2915":" gy\u0171","2916":"harm","2917":"kiv\u00e1","2918":"att\u00f3","2919":"\u00e1nyt","2920":"\u00e1rna","2921":"elj ","2922":"teg ","2923":"s\u00e9gb","2924":"r\u00e1bb","2925":"gk\u00e9r","2926":"\u00e9vek","2927":"ret ","2928":"gon ","2929":"k\u00f6rn","2930":" hir","2931":"ulni","2932":"jak ","2933":"harc","2934":"esz\u00fc","2935":"baj ","2936":"egl\u00e1","2937":"k\u00f6lc","2938":"t\u00e1mo","2939":"osok","2940":"zert","2941":" tem","2942":"utal","2943":"g\u00fcnk","2944":"usok","2945":" \u00fcze","2946":"yomo","2947":"tapa","2948":"ab\u00e1l","2949":"leti","2950":"tasz","2951":"hajt","2952":" \u00f6n ","2953":"ezer","2954":"l\u00fck ","2955":"nnie","2956":"zonn","2957":"ep\u00fcl","2958":"l\u00edto","2959":"lmat","2960":"ron ","2961":" r\u00e1j","2962":"gasz","2963":"olit","2964":"\u00edg\u00e9r","2965":"gyez","2966":"or\u00e1n","2967":"enje","2968":"\u00e1ig ","2969":"rt\u00e1s","2970":"egs\u00e9","2971":"elt\u00e1","2972":"g\u00e1ll","2973":"lk\u00e9p","2974":"kod\u00e1","2975":"er\u00edt","2976":"lata","2977":"arco","2978":"h\u00edvj","2979":"nosz","2980":"miel","2981":"yel ","2982":"yama","2983":"ndd ","2984":"ezhe","2985":"pott","2986":" ara","2987":"kok ","2988":"de\u00f3 ","2989":"k\u00f6z\u00e9","2990":"ruh\u00e1","2991":"gosa","2992":"v\u00e9gz","2993":"k\u00e9rl","2994":"nka ","2995":"kodn","2996":" szu","2997":"dog ","2998":"\u00e9lve","2999":"\u00falt ","3000":"i\u00e1s ","3001":"azi ","3002":"ekko","3003":"h\u00e1z ","3004":"kt\u00f3l","3005":"\u00e1mog","3006":"rako","3007":"\u00f6z\u0151 ","3008":"gl\u00e1t","3009":"z\u00e9t ","3010":"ent\u0151","3011":" dob","3012":"amil","3013":"lapj","3014":"\u00e1rma","3015":"c\u00edm\u0171","3016":" and","3017":"ris ","3018":"\u00f6kke","3019":"yese","3020":"mok ","3021":"teng","3022":"\u00e9sse","3023":"hatt","3024":"nt\u00e9z","3025":"s\u00e1ra","3026":"stol","3027":"gese","3028":"\u00fclei","3029":"\u00edm\u0171 ","3030":"ekte","3031":" pus","3032":"v\u00e9sz","3033":"szig","3034":"\u00e1lok","3035":"lism","3036":" m ","3037":"kb\u00f3l","3038":"r\u00e1t ","3039":"arja","3040":"\u00fcgye","3041":"lajd","3042":"omma","3043":" m\u0171v","3044":"itek","3045":"\u00e9tre","3046":"kive","3047":"vet\u0151","3048":"ajdo","3049":"elez","3050":"omi ","3051":"jene","3052":"kony","3053":"aza ","3054":"rtoz","3055":" \u00e9ln","3056":"ural","3057":"olj\u00e1","3058":"erep","3059":"ngol","3060":"gs\u00e1g","3061":"osz ","3062":" mis","3063":"zetn","3064":"hib\u00e1","3065":"dt\u00e1k","3066":"hatu","3067":" man","3068":"lyt ","3069":"aha ","3070":"s\u00fck ","3071":"rosz","3072":" hor","3073":"\u00e9bre","3074":"ondh","3075":"liai","3076":"sszi","3077":"zt\u00e9k","3078":"kato","3079":"ik\u00e1l","3080":"sor\u00e1","3081":"iel\u0151","3082":" kul","3083":"edne","3084":"lalk","3085":"h\u00e1zb","3086":"j\u00e9n ","3087":"ekei","3088":"soro","3089":"nda ","3090":"egk\u00f6","3091":"ndot","3092":"\u00e9tez","3093":"rtok","3094":"eve ","3095":"ssen","3096":"gass","3097":"gnap","3098":"eim ","3099":"llt ","3100":"zia ","3101":"ulta","3102":"\u00e9lne","3103":"gram","3104":"r\u0171en","3105":"man ","3106":"l\u00e1ts","3107":"pj\u00e1n","3108":" het","3109":"mos ","3110":"bb\u00e9 ","3111":"d\u00e1st","3112":"olom","3113":"atn\u00e1","3114":"tern","3115":"atod","3116":"kelt","3117":"mari","3118":"dola","3119":"indk","3120":" dr\u00e1","3121":"\u00f6ld\u00f6","3122":"ren ","3123":"lada","3124":"apat","3125":"\u00e1lsz","3126":"rep\u00fc","3127":"z\u00e9s\u00e9","3128":"ogra","3129":"\u00e1tni","3130":"et\u00e9n","3131":"zsid","3132":"tted","3133":"z\u00e9l ","3134":"t\u00f6r\u0151","3135":" aty","3136":"\u00f6dik","3137":"feli","3138":"gaza","3139":"v\u00e9gr","3140":"elj\u00f6","3141":"arab","3142":"anci","3143":"tti ","3144":"yeze","3145":"aszk","3146":"oron","3147":"nzt ","3148":"agun","3149":"lat\u00e1","3150":"emes","3151":"eln\u00e9","3152":"lye ","3153":"irod","3154":"sid\u00f3","3155":"set ","3156":"\u00e9l\u0151 ","3157":"szle","3158":"cia ","3159":"atat","3160":"rod ","3161":"nyen","3162":"al\u00f3b","3163":"ika ","3164":"z\u00fclt","3165":"v\u00e9g\u00fc","3166":" r\u00e1d","3167":"l\u00e1lo","3168":"mba ","3169":"hara","3170":"zak ","3171":"dhet","3172":"al\u00e1s","3173":"l\u00e9m\u00e1","3174":" k\u00edn","3175":"fogy","3176":"rs\u00e9g","3177":"\u00e9szr","3178":"z\u00e1go","3179":"\u0171s\u00e9g","3180":"agys","3181":"nben","3182":"\u00f6z\u00f6s","3183":"mad\u00e1","3184":"tlet","3185":"ltat","3186":" inn","3187":"kele","3188":"kara","3189":"khoz","3190":"gint","3191":"zob\u00e1","3192":"\u00e9nik","3193":"rtal","3194":"k\u00eds\u00e9","3195":"orr\u00e1","3196":"v\u00e1s\u00e1","3197":" ajt","3198":"\u00e1lun","3199":"hite","3200":"v\u00e9r ","3201":"szko","3202":"liti","3203":"eksz","3204":" ali","3205":"mike","3206":"\u00e9g\u00fcn","3207":"b\u00f6lc","3208":"\u00eds\u00e9r","3209":"eur\u00f3","3210":" apa","3211":"szan","3212":"lati","3213":" buz","3214":"agg\u00f3","3215":"nkin","3216":"bra ","3217":"elmi","3218":"\u00f6n\u00f6s","3219":"egek","3220":"sere","3221":"halo","3222":" eme","3223":"sz\u00fa ","3224":"\u00fclni","3225":"l\u00e1ss","3226":"\u00edves","3227":"g\u00e1na","3228":"gg\u00f3d","3229":"iak ","3230":"l\u00f6k ","3231":"ld\u00e1s","3232":"utot","3233":"jam ","3234":"gadt","3235":"sben","3236":"\u0151leg","3237":"g\u00e1lt","3238":"som ","3239":"part","3240":"\u00e1tog","3241":"kedn","3242":"r\u00fcln","3243":"zass","3244":"ztak","3245":"osem","3246":"rezt","3247":"tn\u00e9n","3248":"nd\u00edt","3249":"ogna","3250":"v\u00e9te","3251":"zdet","3252":"gatn","3253":"tn\u00e9m","3254":"s\u00e1ba","3255":"n\u00e9zd","3256":"mir\u0151","3257":"vben","3258":" bir","3259":"teme","3260":" \u00f3ta","3261":"z\u00fcl\u0151","3262":"lyez","3263":" bab","3264":"acso","3265":"lkot","3266":"les ","3267":"ista","3268":" b\u00f6l","3269":" nor","3270":"kci\u00f3","3271":" okt","3272":"gra ","3273":"t\u00e9ni","3274":"gatt","3275":" ken","3276":"ozha","3277":"tuda","3278":" h\u00e1b","3279":"gvan","3280":"ust ","3281":"csat","3282":"szre","3283":"gyom","3284":"veke","3285":"rel ","3286":"amir","3287":"\u00e9zd ","3288":"lkos","3289":"ll\u00e1r","3290":"fogn","3291":" hav","3292":" l\u00e9n","3293":"fajt","3294":"egbe","3295":" dar","3296":"l\u00f3gi","3297":" fes","3298":"kuty","3299":" new","3300":"\u00e9pen","3301":"red ","3302":"z\u00e1m ","3303":"\u00e9met","3304":"\u00fczen","3305":"erhe","3306":"d\u00edto","3307":"arod","3308":"sene","3309":"szt\u00ed","3310":"ov\u00e1 ","3311":"zeg\u00e9","3312":"lenl","3313":"ktat","3314":"nfor","3315":"al\u00e9k","3316":"ozun","3317":"rist","3318":"lvez","3319":"edni","3320":" lis","3321":"pest","3322":"\u00e1llj","3323":"arag","3324":"oroz","3325":"dre ","3326":"dult","3327":"zt\u00edt","3328":"zut\u00e1","3329":"ener","3330":"\u00e9vve","3331":"\u00f6tle","3332":"raga","3333":"honn","3334":"icce","3335":"\u00e1zba","3336":"n\u00fai ","3337":"mele","3338":"feh\u00e9","3339":" kid","3340":"eh\u00e9r","3341":"alad","3342":"t\u00e9rt","3343":"ezt\u00e9","3344":"g\u00e9re","3345":"reng","3346":"enj ","3347":"l\u00e1tj","3348":"egke","3349":"\u00f6bbi","3350":"gv\u00e1l","3351":"\u00e9r\u0151l","3352":" bej","3353":"\u0151je ","3354":"avak","3355":"rnye","3356":"bad ","3357":"kozz","3358":" \u00f6tl","3359":"s\u00edte","3360":"kita","3361":"n\u00f6ve","3362":"d\u00e9st","3363":"h\u00edvt","3364":"hazu","3365":"jsza","3366":"od\u00e1l","3367":"rcsa","3368":"lyre","3369":"szal","3370":" m\u00edg","3371":"nnep","3372":"\u00fcli ","3373":"lt\u00e9k","3374":"l\u0151le","3375":"odal","3376":"gt\u00f6b","3377":"avas","3378":"ess ","3379":"\u00e1llo","3380":"djon","3381":"dra ","3382":"edje","3383":"egmo","3384":"osta","3385":" tiz","3386":"\u00e9kel","3387":"udat","3388":" far","3389":"t\u0171nt","3390":"zako","3391":"egme","3392":"orga","3393":"ezd\u0151","3394":" apo","3395":"gadj","3396":" hiv","3397":" kam","3398":"mess","3399":"omra","3400":"emre","3401":"k\u00e9ny","3402":"\u00fczle","3403":"szex","3404":" h ","3405":"\u00fcnne","3406":"oll\u00e1","3407":" g\u00f6r","3408":"\u00falyo","3409":"aros","3410":"pon ","3411":" hov","3412":"temb","3413":"gnag","3414":"rsan","3415":" g\u00e9p","3416":"n\u00e1m ","3417":"egfo","3418":"gben","3419":"jtet","3420":"dik\u00e1","3421":"nes ","3422":"\u00e1rat","3423":"t\u00f3t ","3424":"\u00edtse","3425":"t\u00e1ba","3426":"eske","3427":"sz\u00f3r","3428":"lyoz","3429":"\u00e1juk","3430":"elyr","3431":"esne","3432":"gal ","3433":" ela","3434":"dban","3435":" sin","3436":"ajno","3437":" \u00fczl","3438":"\u00edrt ","3439":"\u0151tte","3440":"koss","3441":"h\u00e9t ","3442":"v\u00e1gy","3443":" fur","3444":" cs\u00f6","3445":"\u00e9gei","3446":"zel\u00e9","3447":"zpon","3448":"ital","3449":"iszi","3450":"d\u0151t ","3451":"emek","3452":"egny","3453":"mes\u00e9","3454":"ethe","3455":"glep","3456":"\u00e9p\u00e9s","3457":" ruh","3458":"\u00e9jsz","3459":"juto","3460":"radj","3461":"ssa ","3462":"udn\u00e1","3463":"titk","3464":"inne","3465":"nev\u00e9","3466":" n\u0151k","3467":"\u00f3kat","3468":" cha","3469":"y\u00e1m ","3470":"runk","3471":"pek ","3472":"l\u00e9tr","3473":"nat ","3474":" \u00e9lv","3475":"l\u00e1so","3476":"\u00e1rol","3477":"gyta","3478":"rben","3479":"ozom","3480":" por","3481":"\u00edti ","3482":"yja ","3483":"l\u00e1ln","3484":"gy\u00e9b","3485":" adn","3486":"dtek","3487":"degy","3488":" tra","3489":"rten","3490":" \u00edrj","3491":" str","3492":" \u00e9vv","3493":"\u00e1tod","3494":"el\u00fcn","3495":"mozg","3496":"kan ","3497":"\u0151dik","3498":"odot","3499":"radn","3500":"zter","3501":"ny\u0171 ","3502":"and ","3503":"egn\u00e9","3504":"rhat","3505":"\u00e1l\u00f3 ","3506":"tos\u00ed","3507":"olga","3508":"nult","3509":"n\u00e9ha","3510":"ndeg","3511":" h\u00fcl","3512":"info","3513":"etei","3514":"tne ","3515":"t\u00edv ","3516":"nta ","3517":"orba","3518":"mibe","3519":" \u00e9js","3520":" rob","3521":"n\u00e1nk","3522":"or\u00edt","3523":"nn\u00e9l","3524":"n\u00e9pe","3525":" her","3526":"gyi ","3527":"l\u00f6n\u00f6","3528":"mest","3529":"ad\u00f3 ","3530":"zab\u00e1","3531":"k\u00fczd","3532":"szk\u00f6","3533":"\u00e1sho","3534":"j\u00e1na","3535":"etj\u00fc","3536":"laho","3537":"\u00e9hez","3538":" dic","3539":"sked","3540":" x ","3541":"gnek","3542":"rrel","3543":"reme","3544":"d\u00e9k ","3545":"hozt","3546":"tegs","3547":"v\u00e9gi","3548":"vem ","3549":"etve","3550":" feh","3551":"gmen","3552":"\u00e9rhe","3553":"lt\u00e1r","3554":"ej\u00e9n","3555":"nel ","3556":"\u00e9ha ","3557":"fi\u00fa ","3558":"lese","3559":" rag","3560":" rom","3561":"\u00e9szl","3562":"gn\u00e9z","3563":"rted","3564":"ncia","3565":"zoro","3566":"cser","3567":"az\u00e1s","3568":"rr\u00e1s","3569":"sni ","3570":"bel\u0151","3571":"hess","3572":"egb\u00ed","3573":"yuga","3574":"\u00fcl\u00f6k","3575":"ebb\u0151","3576":"ur\u00f3p","3577":" \u00e9ne","3578":"ita ","3579":"doll","3580":"nyes","3581":"g\u00e9pe","3582":"bb\u0151l","3583":"tk\u00f6z","3584":"nen ","3585":"ln\u00e9z","3586":"t\u00f3k ","3587":"g\u00e1ba","3588":"k\u00f6te","3589":"ori ","3590":"eml\u00ed","3591":"ml\u00edt","3592":"fesz","3593":"b\u00e1lj","3594":"yele","3595":"shoz","3596":"miut","3597":" zav","3598":"amok","3599":" faj","3600":"\u0171nt ","3601":"gono","3602":"\u00e9gig","3603":" v\u00e9n","3604":"r\u0151sz","3605":"anta","3606":"nkba","3607":"i\u00f3t ","3608":" jaj","3609":"t\u00e1ly","3610":"orol","3611":"t\u00e1ss","3612":"tech","3613":"sodi","3614":"h\u00fcly","3615":" kal","3616":"\u00e9zze","3617":" miu","3618":"\u00e9sbe","3619":"atha","3620":"i\u00f3s ","3621":"agok","3622":"yes\u00fc","3623":"onal","3624":" gy\u0151","3625":"enle","3626":"legk","3627":"yenl","3628":" l ","3629":"udsz","3630":"roha","3631":"it\u00e1s","3632":"szot","3633":"ever","3634":" \u00f3ra","3635":"\u00e1bba","3636":"ntel","3637":"zgat","3638":"onta","3639":"\u00f3dot","3640":"kent","3641":"ant ","3642":" vas","3643":"mato","3644":"aina","3645":"\u00edv\u00e1s","3646":"befe","3647":"alm\u00e1","3648":"m\u00e1ri","3649":" pr\u00e9","3650":"anok","3651":"egyh","3652":"toro","3653":"li\u00f3 ","3654":"ev\u00e9s","3655":"rh\u00e1z","3656":"sr\u00e1c","3657":"\u00e1ny\u00ed","3658":"mezt","3659":"l\u00e9p\u00e9","3660":" \u00f6lt","3661":"\u00e9rni","3662":"csup","3663":"lve ","3664":"z\u00e9ke","3665":"sete","3666":"\u00f6bb\u00e9","3667":"t\u0151en","3668":" utc","3669":"aim ","3670":" jeg","3671":" edd","3672":"szt\u0151","3673":"lig ","3674":"cs\u00e1n","3675":" id\u00e9","3676":"gs\u00e9g","3677":"nye ","3678":"\u00f6vek","3679":"j\u00e1nl","3680":"vets","3681":"\u00e9r\u00e9s","3682":"ind\u00ed","3683":"iut\u00e1","3684":"yom ","3685":"\u00f6reg","3686":" mad","3687":"\u00edt\u00e9k","3688":"\u00edt\u0151 ","3689":"rzet","3690":"\u00f6rt\u00f6","3691":"dte ","3692":"kisz","3693":"taka","3694":"agja","3695":"ism\u00e9","3696":" kan","3697":"deje","3698":"ezz\u00fc","3699":" \u00fajs","3700":"en\u00e9r","3701":" \u0151sz","3702":"ny\u00e1r","3703":"dve ","3704":"d\u00e9ko","3705":"s\u00edto","3706":"alot","3707":"fia ","3708":"gadn","3709":" vir","3710":"hajl","3711":"osak","3712":"\u00e1zta","3713":"tt\u00fck","3714":"m\u00e1ci","3715":"aver","3716":"\u00e9z\u00e9s","3717":"sm\u00e9t","3718":"kken","3719":"ktor","3720":"nget","3721":"hats","3722":"api ","3723":"\u00e1gon","3724":"id\u0151b","3725":"gb\u00edz","3726":"agyn","3727":"zmus","3728":"fel\u00fc","3729":" sr\u00e1","3730":"z\u00e1st","3731":"rad ","3732":"\u00e9ts\u00e9","3733":"lele","3734":"zal\u00e9","3735":"adom","3736":"d\u00f6n ","3737":" k\u00f3r","3738":"dven","3739":"alud","3740":"kult","3741":" fut","3742":" mat","3743":"h\u00edv\u00e1","3744":"legf","3745":"okan","3746":"dot ","3747":"nul ","3748":"ria ","3749":"egy\u00e1","3750":"\u00e1nat","3751":"\u00e9zte","3752":"ttad","3753":"\u0151nek","3754":"zdte","3755":"m\u00e1ba","3756":"dele","3757":"anaz","3758":" tol","3759":"mine","3760":"et\u0151e","3761":"gy\u00e1l","3762":"z\u00e9le","3763":"ndos","3764":"ezd ","3765":"god ","3766":"csil","3767":"gy\u00f6n","3768":"\u00f6r\u00f6g","3769":"kiad","3770":"rdem","3771":"s\u00e1k ","3772":"y\u00e1t ","3773":"yezt","3774":"dj\u00e1t","3775":"iget","3776":"e\u00e1ll","3777":"szt\u00fc","3778":" \u00e1lm","3779":"\u00edrja","3780":"s\u00e9gi","3781":"tuds","3782":"egcs","3783":" k\u00e9z","3784":"\u00f6nt\u00f6","3785":"elik","3786":"rjed","3787":"\u00e1ny\u00e1","3788":"yugo","3789":"hett","3790":"rejt","3791":"rand","3792":"rael","3793":"basz","3794":" h\u00e1n","3795":"ny\u00e1m","3796":"inni","3797":"v\u00e1t ","3798":" gra","3799":"\u00e9zni","3800":"b\u00e9k\u00e9","3801":" jer","3802":" \u00edt\u00e9","3803":"alta","3804":"ncs\u00e9","3805":" l\u00e9v","3806":"sba ","3807":"ggal","3808":"r\u00e1cs","3809":"vitt","3810":"pess","3811":"plom","3812":"d\u00e1so","3813":"zd\u0151d","3814":"r\u00f3f\u00e9","3815":"ijel","3816":"artj","3817":"pr\u00f3f","3818":"ls\u00e1g","3819":"tter","3820":"ktek","3821":"\u00e1rad","3822":"lyos","3823":"lvet","3824":"tagj","3825":"deni","3826":"j\u00e1nd","3827":"m\u00e9re","3828":"ntot","3829":"megc","3830":"\u00e1zal","3831":"atik","3832":" s\u00edr","3833":" t\u00e9m","3834":"kar\u00e1","3835":" k\u00eds","3836":"epet","3837":"absz","3838":"zabb","3839":"r\u0151s ","3840":"rekk","3841":"iba ","3842":"ejle","3843":" bos","3844":"rmad","3845":"egis","3846":"at\u00e1t","3847":"nyai","3848":"\u00e9lsz","3849":"\u00f6nt\u00e9","3850":"l\u00e1lh","3851":"nato","3852":"b\u00f6z\u0151","3853":"akos","3854":"gozn","3855":"kije","3856":"nyei","3857":"\u0171leg","3858":"\u00e9dik","3859":"norm","3860":"kike","3861":" hid","3862":"ap\u00e1m","3863":"\u00f6lgy","3864":"selk","3865":" bek","3866":"izmu","3867":"\u00f6zve","3868":"sr\u00f3l","3869":" mod","3870":"g\u00e9n ","3871":"l\u00e1za","3872":"l\u00e9le","3873":"odni","3874":"ulla","3875":"y\u0171jt","3876":"d\u00f3k ","3877":"sz\u00e1j","3878":"llom","3879":"cs\u00e1t","3880":"izra","3881":"ugod","3882":" sar","3883":" \u00f6t ","3884":"erke","3885":" bas","3886":"gy\u0171j","3887":"kete","3888":"rogr","3889":"ehez","3890":"l\u00e1sa","3891":"s\u00e9gg","3892":"zk\u00f6z","3893":"beli","3894":" \u00f6re","3895":" oro","3896":"\u00e1r\u00e1s","3897":" nya","3898":"l\u00e1lj","3899":"vez\u00e9","3900":"n\u0171le","3901":"\u00f6sen","3902":"y\u00e1lt","3903":"l\u0151k ","3904":"ncso","3905":"egtu","3906":"emme","3907":"kb\u0151l","3908":"ike ","3909":"\u00edn\u0171l","3910":"gtud","3911":"gyze","3912":"hegy","3913":"zrae","3914":"nned","3915":"pr\u00e9d","3916":"dann","3917":"yert","3918":"echn","3919":"zdas","3920":"ogom","3921":"kbe ","3922":" seb","3923":" \u00e9br","3924":"ttes","3925":"k\u00f6di","3926":"rsen","3927":" ki\u00e1","3928":"eny\u00e9","3929":"est\u00e9","3930":" \u00e9lt","3931":"r\u00e9di","3932":"s\u00e1va","3933":"et\u00e9r","3934":"egel","3935":" ber","3936":"fogu","3937":"ergi","3938":"et\u00fck","3939":"eger","3940":"js\u00e1g","3941":"mini","3942":"\u00e9del","3943":"mehe","3944":"\u00fajs\u00e1","3945":"ki\u00e1l","3946":"nysz","3947":"gmon","3948":" vad","3949":"odta","3950":"kert","3951":"ando","3952":"nehe","3953":"\u00e1t\u00e1s","3954":"\u0151r\u00fcl","3955":" lem","3956":"\u00e9vbe","3957":"t\u00e1rg","3958":"h\u00edre","3959":"n\u00e9z\u00e9","3960":" ing","3961":"\u00e9gge","3962":"udna","3963":" \u00fcnn","3964":"isz ","3965":"sett","3966":"an\u00fas","3967":"prog","3968":"t\u00fcl ","3969":" ola","3970":"izen","3971":"l\u00e1t\u00e1","3972":"guka","3973":"r\u00e1d ","3974":"nnel","3975":"r\u00fcl\u00f6","3976":" alu","3977":"\u00e9g\u00fck","3978":"los ","3979":"m\u0171ve","3980":"rmel","3981":" \u00edg\u00e9","3982":"rmaz","3983":"csa ","3984":"cs\u00f6k","3985":"r\u00f6vi","3986":"z\u00e1rm","3987":"das\u00e1","3988":"\u00e1la ","3989":"li\u00e1b","3990":"ehhe","3991":"ekr\u0151","3992":"\u00e1rgy","3993":"n\u00e1ba","3994":"\u00f6vid","3995":" bud","3996":"s\u00edt\u00e1","3997":"\u00e1tja","3998":"kodo","3999":" elr","4000":"befo","4001":" ehh","4002":"lybe","4003":" oh ","4004":"feln","4005":"ion ","4006":"s\u00e9gr","4007":"id\u0151t","4008":"f\u00e1ra","4009":" las","4010":"iam ","4011":"bbra","4012":"\u00f6tel","4013":"teli","4014":"tba ","4015":"hhez","4016":" t\u00edz","4017":"l\u00f3k ","4018":" kem","4019":"ds\u00e1g","4020":"ikke","4021":"ad\u00e9k","4022":"d\u00e9s\u00e9","4023":"lom\u00e1","4024":"id\u00e9z","4025":"venc","4026":"lt\u00fcn","4027":"felm","4028":"ogun","4029":"an\u00e1r","4030":"sson","4031":"bs\u00e9g","4032":"fede","4033":"dnem","4034":"sill","4035":"rzem","4036":"f\u00e1jd","4037":"ak\u00edt","4038":"yano","4039":"jato","4040":"zige","4041":"lcse","4042":"l\u00e1l ","4043":"n\u00e9z ","4044":"\u0151vel","4045":" tec","4046":"rato","4047":"y\u00fajt","4048":" t\u0171z","4049":"kev\u00e9","4050":"\u00fcld\u00f6","4051":" roh","4052":"ezem","4053":" z\u00e1r","4054":"adha","4055":" r\u00f6v","4056":"\u0151szi","4057":"bolt","4058":"lts\u00e9","4059":"ar\u00e1c","4060":"ttun","4061":"b\u00e1ly","4062":"rz\u00e9k","4063":"rany","4064":" kol","4065":"old ","4066":"jel ","4067":"szke","4068":"vast","4069":"elin","4070":"osko","4071":"addi","4072":"ek\u00fcl","4073":"n\u00e9zt","4074":"ider","4075":"pjai","4076":"jabb","4077":"v\u00e1rt","4078":"zdag","4079":"mode","4080":"b\u0171n\u00f6","4081":"fogs","4082":"hozo","4083":"erbe","4084":"\u00edtv\u00e1","4085":" h\u00fas","4086":" lej","4087":"forg","4088":"ened","4089":"arts","4090":"tol ","4091":"alig","4092":"\u00e1nta","4093":"arna","4094":"\u00e1ld ","4095":"l\u00f3s\u00e1","4096":"dene","4097":"letl","4098":"\u00f3ba ","4099":"al\u00f3d","4100":"szl\u00e1","4101":"feke","4102":"jain","4103":" fin","4104":"vert","4105":" sim","4106":"gado","4107":"up\u00e1n","4108":" \u00e1ra","4109":"at\u00e9r","4110":"rsad","4111":"new ","4112":"n\u0151tt","4113":"l\u00e9gy","4114":"z\u00f3l ","4115":"\u00e9lhe","4116":"rfia","4117":"\u00e9lje","4118":"szt\u00f3","4119":"park","4120":"v\u00e9n ","4121":"rsas","4122":"\u00f6nni","4123":"zak\u00e1","4124":"bszo","4125":" heg","4126":"z\u00e1nd","4127":"jdal","4128":"zve ","4129":" car","4130":"ut\u00f3b","4131":"ed\u00e9l","4132":"\u00e1jda","4133":"rm\u00e1c","4134":"sinc","4135":" mac","4136":"j\u00e9k ","4137":"anyo","4138":"gva ","4139":"ny\u00edl","4140":"nai ","4141":"letr","4142":"l\u00edte","4143":" \u00e9vb","4144":"yoz\u00e1","4145":"\u00e1sos","4146":"zt\u00fcl","4147":"edez","4148":"\u00e1rme","4149":"n\u00e9re","4150":"lomb","4151":"hadd","4152":"sup\u00e1","4153":"nekt","4154":"gy\u0171l","4155":"reti","4156":"oltu","4157":" ny\u00fa","4158":"kock","4159":"maro","4160":"ence","4161":"nisz","4162":"\u0151d\u00f6t","4163":"b\u00e1to","4164":"ger ","4165":"geke","4166":"rolt","4167":"ynak","4168":"sot ","4169":"retl","4170":" ny\u00ed","4171":"t\u00e9re","4172":"njen","4173":"\u00e1tla","4174":"java","4175":"kem\u00e9","4176":"okt\u00f3","4177":"orra","4178":"hozn","4179":" fas","4180":"\u00e9lre","4181":"v\u00edz ","4182":"ntes","4183":"dtad","4184":"t\u00e1ra","4185":"m\u0171v\u00e9","4186":"\u00e9rin","4187":"l\u00e1gb","4188":"\u00e1rni","4189":"zata","4190":"ldet","4191":"\u00e9ket","4192":"\u00e9s\u00e9n","4193":"g\u00edt ","4194":"s\u00e1gr","4195":"l\u00e9v\u0151","4196":"ikat","4197":"j\u00e1r\u00f3","4198":"lten","4199":"k\u00f6zp","4200":" joh","4201":"\u00e9kes","4202":"\u00e1s\u00e1n","4203":"lm\u00fal","4204":"ttet","4205":"\u00e9ven","4206":"fenn","4207":"dt\u00e1l","4208":"d\u00edt\u00e1","4209":"ldi ","4210":"elt\u0171","4211":"ztik","4212":"att\u00e1","4213":"b\u00e1nt","4214":"h\u00e1zi","4215":"ndok","4216":"adok","4217":"\u00e1j\u00e1b","4218":"\u00fajab","4219":"l\u00f6tt","4220":"lago","4221":"amis","4222":" k\u00fcz","4223":"eleb","4224":"s\u0151t ","4225":"v\u00e1ra","4226":"yeng","4227":"m\u00e1n ","4228":"toss","4229":"ack ","4230":"nyv ","4231":"elv\u00e1","4232":"ssuk","4233":" rak","4234":"ogal","4235":"zuk ","4236":"alni","4237":"tud\u00f3","4238":"sai ","4239":" rea","4240":" igy","4241":"ndju","4242":"r\u00f6k ","4243":"p\u00edte","4244":"terr","4245":"p\u00e9te","4246":"fiak","4247":"fiam","4248":"lyi ","4249":"lj\u00f6n","4250":"el\u00e9p","4251":"bank","4252":"bel\u00e9","4253":" neg","4254":"zok\u00e1","4255":"erc ","4256":"gtan","4257":" kib","4258":"appa","4259":"ok\u00e1s","4260":"toz\u00e1","4261":"\u00f6ldr","4262":"ezi ","4263":"deme","4264":"zban","4265":" m\u00f3z","4266":" ran","4267":"ved\u00e9","4268":" s\u00e1t","4269":"men ","4270":" tor","4271":"sz\u00f3t","4272":"r\u00e1j\u00f6","4273":"orl\u00e1","4274":"kott","4275":" pan","4276":"temp","4277":" t\u00e1n","4278":"el\u00fck","4279":"i\u00fck ","4280":"gjel","4281":"get\u00e9","4282":" gy\u00e1","4283":" p\u00e9t","4284":"nerg","4285":"s\u00e1t\u00e1","4286":"\u00e1na ","4287":"ales","4288":"z\u00e9k ","4289":"ljun","4290":"v\u00e1na","4291":"b\u00edr\u00f3","4292":" dr ","4293":"\u00e1g\u00e1t","4294":"ajdn","4295":"dese","4296":"sada","4297":"\u0151riz","4298":"ap\u00e1n","4299":"lame","4300":"m\u00e9lt","4301":"kiha","4302":"enc ","4303":"jdne","4304":"ni\u00fck","4305":"sebe","4306":"vezt","4307":"\u00e9nte","4308":"lt\u0171n","4309":"nf\u00e9l","4310":"lhag","4311":"zten","4312":"adj ","4313":"rj\u00e1k","4314":"g\u00e1s ","4315":"oly\u00e1","4316":"v\u00e9ne","4317":"m\u00f3ze","4318":"ly\u00e1s","4319":" sal","4320":"akna","4321":"elj\u00fc","4322":"jai ","4323":"gozo","4324":"zat\u00e9","4325":"\u00f6ldi","4326":"ontj","4327":"gyot","4328":"dej\u00e9","4329":"ulna","4330":"z\u00f3ra","4331":"z\u00e1k ","4332":"tet\u0151","4333":"\u00f3rh\u00e1","4334":"cent","4335":"\u00fclhe","4336":"galo","4337":"k\u00f3rh","4338":"r\u00f6kk","4339":"otok","4340":"ottu","4341":"jell","4342":"jaj ","4343":"g\u00f6r\u00f6","4344":"b\u00e1t ","4345":" cs\u00fa","4346":"aria","4347":"roda","4348":"keln","4349":"mor\u00fa","4350":"gsz ","4351":"\u00e1gra","4352":" v\u00e1s","4353":"sejt","4354":"vir\u00e1","4355":"kozi","4356":"radi","4357":"\u00e9p\u00fcl","4358":"osba","4359":"jnos","4360":"lepe","4361":"lk\u00e9s","4362":"v\u00e9s ","4363":"esk\u00fc","4364":"ulha","4365":"tsen","4366":"yebb","4367":"gezt","4368":"urcs","4369":"fasz","4370":"l\u00edt\u00e1","4371":"\u00fclye","4372":"zre ","4373":"\u00f6n\u00f6k","4374":"rgal","4375":"\u00e9tsz","4376":" fed","4377":"lomm","4378":"g\u00e1lj","4379":"gtel","4380":"ell\u00e1","4381":"sos ","4382":" s\u00fal","4383":"yh\u00e1z","4384":"zolt","4385":"dekl","4386":"min ","4387":"\u00f3zes","4388":"k\u00e1v\u00e9","4389":"olha","4390":"\u00fclne","4391":"vas\u00e1","4392":"dek ","4393":"kt\u0151l","4394":"bred","4395":"\u00e9ma ","4396":"d\u0151sz","4397":" \u00e9rk","4398":"kk\u00e9 ","4399":" gyi","4400":"l\u00e1do","4401":"orma","4402":" ad\u00f3","4403":"gism","4404":"\u00f6zpo","4405":"\u00f6zte","4406":"ndes","4407":"v\u00e9be","4408":"gyh\u00e1","4409":"tetn","4410":"negy","4411":"\u00f6lde","4412":"ell\u00e9","4413":"lg\u00e1r","4414":"sas\u00e1","4415":"ytel","4416":" \u00fcdv","4417":"kezn","4418":"zd\u00edt","4419":"\u00e1ltu","4420":" asz","4421":"z\u00e1si","4422":" \u00edr\u00e1","4423":" n\u00e9v","4424":"masz","4425":"ana ","4426":"der\u00fc","4427":" bon","4428":"nl\u00edt","4429":"ttat","4430":" ut\u00f3","4431":" med","4432":"lj\u00e1r","4433":"t\u00f6k ","4434":"kola","4435":"ddal","4436":"\u00fcl\u0151k","4437":"have","4438":"ejl\u0151","4439":" hom","4440":" \u00e9ri","4441":"tszo","4442":"gyho","4443":"natk","4444":"kezi","4445":"ttuk","4446":" rej","4447":" jap","4448":"\u00e9nyk","4449":"zen\u00e9","4450":"at\u00f3k","4451":" n\u0151v","4452":"\u00e9l\u00fcn","4453":" elo","4454":"aja ","4455":" \u00e1br","4456":"ap\u00edt","4457":"lter","4458":" of ","4459":"\u0151s\u00edt","4460":"\u00f6nbe","4461":"z\u00f3t ","4462":"lra ","4463":" iro","4464":"enk\u00e9","4465":"jem ","4466":"ad\u00e1l","4467":"del ","4468":"ztan","4469":"nk\u00e1t","4470":"olok","4471":"elm\u00fa","4472":"okr\u00f3","4473":"cses","4474":"lt\u00f6t","4475":"j\u00e1r ","4476":"ine ","4477":" tak","4478":"s\u00f6kk","4479":"s\u00e1to","4480":"\u00e9ke ","4481":"lond","4482":"miss","4483":"y\u00edt\u00e9","4484":"vize","4485":"sok\u00e1","4486":" spo","4487":"lcs\u00f6","4488":"rnet","4489":"d\u00e1la","4490":"fiai","4491":"n\u00e9ne","4492":"\u00e9g\u00e9r","4493":"kide","4494":"el\u0151z","4495":"nt\u00f6t","4496":"yban","4497":"enci","4498":"ltot","4499":"ztes","4500":"jez\u00e9","4501":"tion","4502":"talt","4503":"\u00e9ny\u00e9","4504":"\u00e1tot","4505":" \u00faja","4506":"\u00e1s\u00e1v","4507":"asta","4508":"\u00e9kot","4509":" ene","4510":"l\u00e1si","4511":"ssan","4512":"t\u00e9m\u00e1","4513":"j\u00f6jj","4514":"tev\u00e9","4515":"g\u00e1ny","4516":"\u00e1ly\u00e1","4517":"lap\u00ed","4518":" mal","4519":"hull","4520":"reg ","4521":"nuln","4522":"avai","4523":"ali ","4524":" tev","4525":"al\u00e1 ","4526":"rezn","4527":"\u00e1t\u00e1n","4528":"\u00f3rak","4529":"nj\u00fcn","4530":"zva ","4531":"\u00e1suk","4532":"el\u0151b","4533":"yem ","4534":"\u00e9li ","4535":"nnen","4536":"\u00e1sun","4537":"ogsz","4538":"u\u00e1li","4539":"\u00e1gna","4540":"lit\u00e1","4541":"dul ","4542":"z\u00f6ld","4543":"\u0151seb","4544":"ndt\u00e1","4545":" h\u00faz","4546":"z\u00e1ma","4547":"al\u00e1z","4548":"\u00e9v\u0151 ","4549":"rm\u00e1l","4550":"\u00e9gte","4551":"zked","4552":"lind","4553":"\u00e1gya","4554":"yhog","4555":"szaj","4556":" \u00e1m ","4557":"as\u00edt","4558":"rest","4559":"nkbe","4560":"egmu","4561":"rosb","4562":" erk","4563":"akci","4564":"empl","4565":"n\u00e1d ","4566":"zt\u00fcn","4567":"jesz","4568":"csot","4569":"angy","4570":"karn","4571":"desa","4572":"p\u00e1ly","4573":"n\u00f6se","4574":"nn\u00e1l","4575":"efol","4576":"ello","4577":"ilme","4578":"ihet","4579":"vak ","4580":"gsza","4581":"b\u00e1lo","4582":"usa ","4583":"rege","4584":"\u00f3d\u00e1s","4585":"k\u00e1rt","4586":" h\u00f6l","4587":"gene","4588":"edbe","4589":"gzet","4590":"polg","4591":"keke","4592":"\u00e1som","4593":"ara ","4594":"tt\u0151l","4595":"deze","4596":" eny","4597":"john","4598":"osi ","4599":"seny","4600":"szno","4601":"anti","4602":"tsz\u00e1","4603":"tlak","4604":" elb","4605":"erni","4606":"jek ","4607":"gyas","4608":"szej","4609":"oszl","4610":"h\u00f6lg","4611":"ptam","4612":" t\u00f6m","4613":"j\u00e1rn","4614":"itko","4615":"megr","4616":"\u00e1zni","4617":"l\u00edta","4618":"rik\u00e1","4619":"laha","4620":"furc","4621":"ann\u00e1","4622":" hun","4623":"nny\u0171","4624":"spor","4625":"ir\u00e1g","4626":"z\u00e1lt","4627":"ose ","4628":"ajla","4629":"d\u00e1t ","4630":"ereg","4631":"rk\u00f6l","4632":"khez","4633":"dia ","4634":"lt\u00e9t","4635":"\u00e1rj ","4636":" ser","4637":"yege","4638":"enj\u00fc","4639":"ely\u00e9","4640":"omsz","4641":" kur","4642":"ock\u00e1","4643":"bern","4644":"nyis","4645":"desz","4646":"k\u00e9be","4647":"kozu","4648":" mus","4649":"\u00edvta","4650":"eng\u00e9","4651":"z\u00edne","4652":"mazo","4653":"enl\u0151","4654":"vetn","4655":"k\u00e1so","4656":"\u00e1cs ","4657":"t\u00f3bb","4658":"ved ","4659":"ads\u00e1","4660":"szil","4661":"kese","4662":"t\u00e1si","4663":" \u00e9te","4664":"gybe","4665":"\u00f6tt\u00fc","4666":"rt\u00f6n","4667":"d\u00e1s\u00e1","4668":" ett","4669":"cs\u00f6n","4670":"f\u0151n\u00f6","4671":"lme ","4672":"\u00f3ri\u00e1","4673":" tam","4674":"b\u00f6rt","4675":"nval","4676":"\u00e1s\u00e1b","4677":"z\u00edt\u00e9","4678":"\u0151n\u00f6k","4679":" afr","4680":"d\u00e9ly","4681":"melt","4682":" bri","4683":" spa","4684":" k\u00e1v","4685":"adik","4686":"\u00e9gye","4687":"f\u00e9lr","4688":" j\u00f3t","4689":"jap\u00e1","4690":"\u00f6kk\u00e9","4691":" \u00f6n\u00f6","4692":"ut\u00e1l","4693":" mot","4694":"gyha","4695":"egka","4696":"r\u0151s\u00ed","4697":"\u00e9kon","4698":"lker","4699":"\u00e1szo","4700":"ndor","4701":"r\u00e9ge","4702":"buda","4703":"ess\u00fc","4704":"ndke","4705":"el\u00f6l","4706":"nhet","4707":"end\u00e9","4708":"jl\u0151d","4709":"y\u00f6ny","4710":"ileg","4711":"tel\u00e9","4712":"it\u00e1k","4713":"atra","4714":"prof","4715":"\u00falva","4716":"lad ","4717":"l\u00e9st","4718":"\u0171v\u00e9s","4719":" fan","4720":"eny ","4721":"zze ","4722":"gkap","4723":"\u00edtj\u00e1","4724":"eld ","4725":"\u00e1dat","4726":" f\u0151n","4727":"dobo","4728":"avaz","4729":"kapj","4730":"kiv\u00e9","4731":"sokn","4732":"\u00edr\u00f3 ","4733":"erk\u00f6","4734":"yan\u00fa","4735":"z\u00e9pe","4736":"tsza","4737":"l\u00e1ll","4738":"\u0151rs\u00e9","4739":"lfel","4740":"tm\u00e9n","4741":"mich","4742":" \u00e1ru","4743":"dket","4744":"en\u00e9s","4745":" meh","4746":"zz\u00e1k","4747":"\u00e9kos","4748":"gig ","4749":"er\u00e9s","4750":"kodi","4751":"onl\u00ed","4752":"ogj\u00e1","4753":"lebb","4754":"andi","4755":" izg","4756":"ssz\u00fc","4757":"hami","4758":"ans\u00e1","4759":"\u00e9ka ","4760":"gmut","4761":"ozt\u00e1","4762":"tbe ","4763":"ler ","4764":" mr ","4765":"varo","4766":"j\u00f3t ","4767":"\u00e9zz\u00fc","4768":"y\u00e1zz","4769":"tleg","4770":"kise","4771":" mez","4772":"lhas","4773":"dv\u00e1n","4774":"n\u00e1t ","4775":"nkit","4776":"t\u00e1ny","4777":"gni ","4778":"nkre","4779":"ghat","4780":"nl\u00f3 ","4781":"teti","4782":"mics","4783":"lla ","4784":"almi","4785":"\u00f6lni","4786":"el\u0151a","4787":"mnek","4788":" gen","4789":"\u00faton","4790":"lgot","4791":"izik","4792":" ja ","4793":"efej","4794":"sam ","4795":"yal ","4796":"zana","4797":"mplo","4798":"\u00e1tra","4799":"ogta","4800":"akul","4801":"gia ","4802":"repe","4803":"iuk ","4804":"leny","4805":" fok","4806":"ogva","4807":"kszi","4808":"m\u00falv","4809":"csok","4810":" s\u0151t","4811":"ud\u00f3s","4812":" t\u00e1b","4813":"ev\u00e9k","4814":"ljan","4815":"ztun","4816":"zden","4817":"ugat","4818":"tya ","4819":"jjel","4820":"t\u00f6r\u00f6","4821":"zej\u00f6","4822":"\u00f6v\u0151 ","4823":"t\u00e9le","4824":"komm","4825":" ok ","4826":"felj","4827":" ny\u00e1","4828":"rik ","4829":"n\u00e1ll","4830":" mas","4831":"\u00fclbe","4832":"esed","4833":"r\u00e9t ","4834":"l\u0151bb","4835":"adul","4836":"lts\u00e1","4837":"elk\u00f6","4838":"zokt","4839":" \u00e1rt","4840":"alac","4841":"eine","4842":"tilt","4843":"andr","4844":"r\u00e1ta","4845":"haha","4846":"afri","4847":"zelm","4848":" gal","4849":"sz\u00e9k","4850":"ppal","4851":"nci\u00e1","4852":"\u00edrus","4853":"izga","4854":"rjuk","4855":"n\u0151k ","4856":"eris","4857":" jac","4858":"\u00f6zi ","4859":" t\u00fcn","4860":"lans","4861":"h\u00e9r ","4862":"\u00edtva","4863":"\u00e1lmo","4864":"rakt","4865":"\u00fcgge","4866":"hord","4867":"g\u00edth","4868":"okb\u00f3","4869":"\u00e9sza","4870":"n\u00edt\u00e1","4871":"ahel","4872":" don","4873":"anyu","4874":"gott","4875":"denn","4876":"n\u00e1lu","4877":"zebb","4878":"moso","4879":"ger\u0151","4880":"ius ","4881":"nd\u00e9g","4882":"rult","4883":"enys","4884":"jles","4885":"lalt","4886":"l\u00f3t ","4887":" vac","4888":"t\u00e1nc","4889":"zalm","4890":"ci\u00f3s","4891":"vill","4892":"sz\u00e9n","4893":"tt\u00e1l","4894":"l\u0151d\u00e9","4895":"jelz","4896":"sztj","4897":"rsai","4898":"\u00e9gne","4899":"zsol","4900":"rgya","4901":"cs\u00fcl","4902":"s\u00e9ne","4903":" elp","4904":"\u00e9les","4905":"lej\u00e1","4906":" ted","4907":"fert","4908":"ard ","4909":"\u00f3dik","4910":"dosk","4911":"nd\u00f3 ","4912":" r ","4913":"lgas","4914":"ralk","4915":"vass","4916":"am\u00fag","4917":"i\u00f3ta","4918":"rzel","4919":"ehoz","4920":"\u00e1dko","4921":" apj","4922":"ogs\u00e1","4923":"roza","4924":"bale","4925":"vad\u00e1","4926":"iz\u00e1l","4927":"bemu","4928":"\u00f3gia","4929":"gtar","4930":"ina ","4931":"\u00e9kok","4932":"hetj","4933":"z\u00e9lj","4934":"dkoz","4935":"ecs\u00fc","4936":"cs\u00e1s","4937":" bra","4938":"elit","4939":"lma ","4940":"ces ","4941":"n\u00e1ls","4942":"nkra","4943":"cs\u00e9r","4944":"kiny","4945":"atol","4946":" f\u00e1r","4947":"k\u00f6zv","4948":"li\u00e1r","4949":"m\u00fagy","4950":"\u00f3gys","4951":"at\u00edv","4952":"\u00e1sol","4953":"det\u00e9","4954":"laku","4955":"ert\u0151","4956":" fot","4957":"zzen","4958":"asd ","4959":"fest","4960":"sem\u00e9","4961":"ntar","4962":"gatj","4963":"alja","4964":"elol","4965":"m\u00e1dk","4966":" pat","4967":"\u00e9sem","4968":"\u00f6bbs","4969":"gy\u00e9l","4970":"\u00e1ron","4971":"torn","4972":" am\u00fa","4973":"\u00f3lag","4974":"ak\u00e1s","4975":"bads","4976":"juan","4977":"heze","4978":"\u00f6nle","4979":"ri\u00e1s","4980":"azot","4981":"st\u00f3l","4982":"nce ","4983":"\u00e1tai","4984":"l\u00f3an","4985":"\u00e9nz ","4986":"biza","4987":"k\u00f6zi","4988":"rajz","4989":"emut","4990":"\u00f6veg","4991":"rele","4992":"s\u00e1gu","4993":"assu","4994":"\u00fcldt","4995":"ldre","4996":"egvi","4997":"ten\u00e9","4998":"h\u00e1l\u00f3","4999":"niuk"}}