{"ind":{"0":"yang","1":"dan","2":"aku","3":"di","4":"itu","5":"tidak","6":"ini","7":"kita","8":"kau","9":"untuk","10":"akan","11":"dengan","12":"mereka","13":"orang","14":"saya","15":"dia","16":"apa","17":"dari","18":"ada","19":"bisa","20":"dalam","21":"tak","22":"ke","23":"anda","24":"adalah","25":"kami","26":"pada","27":"bahwa","28":"tahu","29":"tapi","30":"allah","31":"lebih","32":"kamu","33":"seperti","34":"karena","35":"harus","36":"sudah","37":"semua","38":"ia","39":"jadi","40":"kepada","41":"atau","42":"jika","43":"dapat","44":"lagi","45":"juga","46":"banyak","47":"telah","48":"ya","49":"hanya","50":"hal","51":"saja","52":"yehuwa","53":"hari","54":"bagaimana","55":"menjadi","56":"sangat","57":"baik","58":"satu","59":"ingin","60":"lain","61":"tahun","62":"sekarang","63":"bukan","64":"anak","65":"yg","66":"tentang","67":"seorang","68":"mungkin","69":"oleh","70":"sama","71":"mau","72":"pergi","73":"jangan","74":"kalian","75":"kalau","76":"benar","77":"sini","78":"apakah","79":"sebagai","80":"punya","81":"para","82":"membuat","83":"saat","84":"baru","85":"waktu","86":"bagi","87":"beberapa","88":"lalu","89":"pernah","90":"hidup","91":"melihat","92":"masih","93":"alkitab","94":"sendiri","95":"tetapi","96":"sebuah","97":"besar","98":"kembali","99":"kasih","100":"lakukan","101":"pun","102":"tempat","103":"datang","104":"siapa","105":"sampai","106":"memiliki","107":"atas","108":"melakukan","109":"diri","110":"kata","111":"dunia","112":"yesus","113":"mana","114":"terjadi","115":"rumah","116":"hati","117":"manusia","118":"saudara","119":"salah","120":"sesuatu","121":"ketika","122":"nya","123":"setelah","124":"begitu","125":"ni","126":"cara","127":"kenapa","128":"sekali","129":"mengatakan","130":"orangorang","131":"saksi","132":"sedang","133":"dua","134":"perlu","135":"oh","136":"lihat","137":"mengapa","138":"mati","139":"kali","140":"namun","141":"terima","142":"selama","143":"nak","144":"selalu","145":"setiap","146":"terus","147":"masa","148":"jalan","149":"malam","150":"tuhan","151":"sana","152":"pertama","153":"secara","154":"maka","155":"kemudian","156":"makan","157":"bahkan","158":"masuk","159":"buat","160":"tetap","161":"bagus","162":"agar","163":"suka","164":"lama","165":"merasa","166":"keluar","167":"boleh","168":"kan","169":"pasti","170":"bagian","171":"sewaktu","172":"mulai","173":"kehidupan","174":"belum","175":"tu","176":"bilang","177":"kecil","178":"sebelum","179":"suatu","180":"bersama","181":"membantu","182":"paling","183":"wanita","184":"cukup","185":"keluarga","186":"kota","187":"air","188":"antara","189":"tersebut","190":"tanpa","191":"berkata","192":"bumi","193":"selamat","194":"memberi","195":"masalah","196":"memang","197":"rasa","198":"ibu","199":"ayah","200":"dah","201":"seseorang","202":"tinggal","203":"memberikan","204":"dulu","205":"pria","206":"gambar","207":"sedikit","208":"ayo","209":"sebenarnya","210":"luar","211":"penting","212":"depan","213":"semuanya","214":"percaya","215":"nama","216":"terhadap","217":"kristen","218":"teman","219":"bekerja","220":"cepat","221":"the","222":"tua","223":"berada","224":"baiklah","225":"pak","226":"menggunakan","227":"tentu","228":"aja","229":"benarbenar","230":"jam","231":"katakan","232":"bulan","233":"belajar","234":"terlalu","235":"seluruh","236":"sehingga","237":"jauh","238":"biasa","239":"ga","240":"raja","241":"takut","242":"menemukan","243":"tangan","244":"mari","245":"mencari","246":"kerja","247":"berbicara","248":"bahasa","249":"tiga","250":"senang","251":"daripada","252":"uang","253":"maaf","254":"tidur","255":"melalui","256":"ku","257":"sering","258":"buku","259":"yakin","260":"mendapatkan","261":"tunggu","262":"melakukannya","263":"si","264":"mengambil","265":"sayang","266":"kalo","267":"pekerjaan","268":"hei","269":"penuh","270":"bertemu","271":"sakit","272":"la","273":"berpikir","274":"akhirnya","275":"segala","276":"pagi","277":"negara","278":"bila","279":"demikian","280":"serta","281":"sekolah","282":"hlm","283":"nanti","284":"negeri","285":"gak","286":"sungguh","287":"itulah","288":"mata","289":"kedua","290":"segera","291":"lainnya","292":"pikir","293":"engkau","294":"bawah","295":"kerajaan","296":"dekat","297":"siap","298":"membawa","299":"menurut","300":"muda","301":"mendapat","302":"butuh","303":"menerima","304":"ingat","305":"sang","306":"israel","307":"dengar","308":"sekitar","309":"disini","310":"mengerti","311":"bicara","312":"buruk","313":"cuma","314":"lah","315":"mudah","316":"sebab","317":"makanan","318":"tolong","319":"pertanyaan","320":"dimana","321":"terakhir","322":"kepala","323":"berhenti","324":"selain","325":"tau","326":"membunuh","327":"menunjukkan","328":"jelas","329":"sebelumnya","330":"kuat","331":"hukum","332":"tuan","333":"cinta","334":"sulit","335":"paulus","336":"and","337":"mencoba","338":"daerah","339":"padaku","340":"berhasil","341":"berarti","342":"semoga","343":"berapa","344":"semakin","345":"sesungguhnya","346":"minta","347":"udah","348":"you","349":"soal","350":"kira","351":"tinggi","352":"dilakukan","353":"amerika","354":"tadi","355":"kadang","356":"tanah","357":"kebenaran","358":"mobil","359":"meskipun","360":"mengenai","361":"sistem","362":"demi","363":"menarik","364":"duduk","365":"akhir","366":"gadis","367":"pulang","368":"alasan","369":"kematian","370":"yaitu","371":"merupakan","372":"bangsa","373":"tujuan","374":"langsung","375":"takkan","376":"kabar","377":"kaki","378":"hingga","379":"ikut","380":"awal","381":"menulis","382":"in","383":"bertanya","384":"apaapa","385":"terlihat","386":"keras","387":"berjalan","388":"umat","389":"oke","390":"pribadi","391":"seharusnya","392":"berubah","393":"sejak","394":"gue","395":"dewasa","396":"berbeda","397":"dirimu","398":"kristus","399":"tepat","400":"mengetahui","401":"coba","402":"bantuan","403":"apapun","404":"meminta","405":"amp","406":"sidang","407":"putra","408":"mendengar","409":"baca","410":"agama","411":"perang","412":"tiba","413":"biar","414":"tengah","415":"je","416":"mempunyai","417":"font","418":"gila","419":"berikan","420":"kurang","421":"terbaik","422":"hebat","423":"baikbaik","424":"kaum","425":"minggu","426":"polisi","427":"roh","428":"of","429":"biarkan","430":"to","431":"kena","432":"video","433":"zaman","434":"rasul","435":"dosa","436":"minum","437":"hampir","438":"memilih","439":"hai","440":"denganmu","441":"darah","442":"balik","443":"hubungan","444":"alam","445":"anggota","446":"ayat","447":"org","448":"macam","449":"lupa","450":"mengikuti","451":"surat","452":"kehilangan","453":"suara","454":"perasaan","455":"melayani","456":"rohani","457":"artinya","458":"cari","459":"meninggalkan","460":"keadaan","461":"jatuh","462":"ah","463":"padamu","464":"naik","465":"kasus","466":"menyatakan","467":"bahagia","468":"bodoh","469":"perempuan","470":"menyenangkan","471":"termasuk","472":"laut","473":"memperlihatkan","474":"iya","475":"sifat","476":"artikel","477":"inilah","478":"aman","479":"masyarakat","480":"bawa","481":"jawab","482":"anakanak","483":"kesempatan","484":"kisah","485":"marah","486":"berbagai","487":"batu","488":"dr","489":"membaca","490":"disebut","491":"pintu","492":"sebagian","493":"halaman","494":"berita","495":"mu","496":"sih","497":"ambil","498":"harapan","499":"saling","500":"istri","501":"kurasa","502":"indonesia","503":"daud","504":"kapan","505":"lima","506":"menjelaskan","507":"jenis","508":"bahan","509":"pula","510":"kapal","511":"pikiran","512":"belakang","513":"misalnya","514":"serius","515":"apabila","516":"iman","517":"kepadamu","518":"tenang","519":"kini","520":"kawan","521":"setan","522":"indah","523":"bangun","524":"peduli","525":"janji","526":"tubuh","527":"dasar","528":"inggris","529":"dgn","530":"cantik","531":"kat","532":"nabi","533":"kekuatan","534":"ruang","535":"digunakan","536":"empat","537":"supaya","538":"penyakit","539":"keputusan","540":"pelajaran","541":"bapak","542":"meninggal","543":"hasil","544":"cerita","545":"jahat","546":"berat","547":"tim","548":"barang","549":"ternyata","550":"informasi","551":"hak","552":"utama","553":"guru","554":"menunggu","555":"semangat","556":"perusahaan","557":"mengalami","558":"turun","559":"berbuat","560":"contoh","561":"dokter","562":"tp","563":"ayolah","564":"banget","565":"setia","566":"bentuk","567":"main","568":"menit","569":"catatan","570":"kepadanya","571":"doa","572":"melawan","573":"tugas","574":"pohon","575":"kaya","576":"sebentar","577":"api","578":"besok","579":"pengetahuan","580":"mengubah","581":"khawatir","582":"membiarkan","583":"sepertinya","584":"pemerintah","585":"dirinya","586":"malah","587":"tanya","588":"hamba","589":"perubahan","590":"bergerak","591":"kebaikan","592":"sesuai","593":"lagu","594":"menghadapi","595":"padahal","596":"sepanjang","597":"kantor","598":"yah","599":"menuju","600":"situasi","601":"beli","602":"panas","603":"muncul","604":"eh","605":"tertentu","606":"nyata","607":"sementara","608":"selesai","609":"sejati","610":"bukti","611":"binatang","612":"mcm","613":"korban","614":"kebanyakan","615":"pakai","616":"membutuhkan","617":"berdua","618":"pas","619":"mampu","620":"tampaknya","621":"hilang","622":"foto","623":"perjalanan","624":"maksudku","625":"yahudi","626":"menikah","627":"sebelah","628":"kelompok","629":"memahami","630":"sel","631":"musim","632":"kecuali","633":"ide","634":"kotak","635":"suami","636":"juta","637":"firman","638":"bertahan","639":"benda","640":"kok","641":"aneh","642":"murid","643":"berharap","644":"melihatnya","645":"biasanya","646":"sempurna","647":"menjawab","648":"umum","649":"berupaya","650":"berakhir","651":"memperoleh","652":"perkara","653":"surga","654":"dahulu","655":"lewat","656":"tampak","657":"padanya","658":"melindungi","659":"yakni","660":"ulang","661":"betapa","662":"abad","663":"membangun","664":"maksud","665":"adil","666":"maafkan","667":"hey","668":"menghasilkan","669":"rekan","670":"panjang","671":"kemungkinan","672":"halhal","673":"buah","674":"alat","675":"menyelamatkan","676":"beri","677":"nah","678":"beriman","679":"arah","680":"langit","681":"musa","682":"katanya","683":"tanda","684":"kelas","685":"film","686":"rendah","687":"presiden","688":"new","689":"berdoa","690":"bukanlah","691":"sehat","692":"senjata","693":"wa","694":"namanya","695":"rakyat","696":"perhatikan","697":"membuatnya","698":"sumber","699":"mengasihi","700":"menjaga","701":"akal","702":"memutuskan","703":"pilihan","704":"sadar","705":"semacam","706":"warga","707":"penjara","708":"rasanya","709":"rencana","710":"jumlah","711":"merah","712":"hahaha","713":"langkah","714":"kenal","715":"bukankah","716":"buka","717":"utk","718":"burung","719":"sisi","720":"acara","721":"perintah","722":"musuh","723":"berdiri","724":"budak","725":"setuju","726":"gitu","727":"prinsip","728":"matahari","729":"nih","730":"menciptakan","731":"tiap","732":"sebagaimana","733":"berani","734":"milik","735":"diam","736":"berusia","737":"pihak","738":"sikap","739":"maupun","740":"menolak","741":"malaikat","742":"me","743":"hutan","744":"an","745":"mendengarkan","746":"untukmu","747":"penduduk","748":"on","749":"gagal","750":"kejadian","751":"roma","752":"utara","753":"berusaha","754":"perhatian","755":"setengah","756":"kamar","757":"dibuat","758":"putih","759":"mesin","760":"obat","761":"usia","762":"masing","763":"otak","764":"mencapai","765":"kesalahan","766":"bermain","767":"bgt","768":"harga","769":"dapatkan","770":"ikan","771":"kesehatan","772":"saudari","773":"berasal","774":"persen","775":"tindakan","776":"gunung","777":"diberikan","778":"sejarah","779":"hujan","780":"siang","781":"seraya","782":"yeah","783":"pandangan","784":"habis","785":"hendaknya","786":"peristiwa","787":"keterangan","788":"pulau","789":"kosong","790":"perbuatan","791":"menikmati","792":"program","793":"kegiatan","794":"enam","795":"khusus","796":"udara","797":"sungai","798":"pake","799":"musik","800":"ok","801":"nilai","802":"kudus","803":"satusatunya","804":"pelayanan","805":"petrus","806":"enak","807":"bayi","808":"putri","809":"pemimpin","810":"sederhana","811":"lucu","812":"paham","813":"menderita","814":"lelaki","815":"timur","816":"menyebabkan","817":"bebas","818":"bunuh","819":"seberapa","820":"pesta","821":"mengingat","822":"susah","823":"berkat","824":"memikirkan","825":"betul","826":"makhluk","827":"gimana","828":"inginkan","829":"memakai","830":"politik","831":"bikin","832":"hentikan","833":"pesan","834":"entah","835":"afrika","836":"menang","837":"badan","838":"sedih","839":"waktunya","840":"sebaliknya","841":"upaya","842":"belakangan","843":"kejahatan","844":"sendirian","845":"disana","846":"bakal","847":"merasakan","848":"mengajar","849":"kalah","850":"anaknya","851":"situ","852":"dong","853":"jujur","854":"color","855":"bantu","856":"diberi","857":"maju","858":"temukan","859":"menurutmu","860":"selanjutnya","861":"terdapat","862":"nk","863":"suci","864":"as","865":"berikutnya","866":"pindah","867":"laki","868":"dinas","869":"caranya","870":"remaja","871":"membuka","872":"titik","873":"sahabat","874":"membeli","875":"dengannya","876":"lahir","877":"memulai","878":"jawaban","879":"alami","880":"my","881":"cahaya","882":"yerusalem","883":"ahli","884":"ketiga","885":"kuasa","886":"laporan","887":"pasukan","888":"kebutuhan","889":"bergabung","890":"lakilaki","891":"pengalaman","892":"warna","893":"maha","894":"desa","895":"asing","896":"sambil","897":"bertindak","898":"positif","899":"manfaat","900":"menyadari","901":"proses","902":"so","903":"akibat","904":"selamanya","905":"rahasia","906":"tawa","907":"yohanes","908":"bisakah","909":"maksudnya","910":"tanggal","911":"pesawat","912":"kupikir","913":"kak","914":"liat","915":"pengen","916":"bernama","917":"pergilah","918":"gereja","919":"agak","920":"kulit","921":"bola","922":"hanyalah","923":"fakta","924":"manis","925":"muka","926":"makin","927":"dengarkan","928":"mimpi","929":"adanya","930":"ffff","931":"begini","932":"lingkungan","933":"peringatan","934":"jumpa","935":"malu","936":"cakap","937":"problem","938":"ha","939":"pukul","940":"mengenal","941":"bijaksana","942":"umur","943":"mendukung","944":"sibuk","945":"bersih","946":"domba","947":"mazmur","948":"mencuri","949":"nasihat","950":"perkawinan","951":"angin","952":"kitab","953":"at","954":"pasangan","955":"tengok","956":"mempelajari","957":"majalah","958":"terlambat","959":"berikut","960":"silakan","961":"ayahku","962":"terbang","963":"menangis","964":"walaupun","965":"janganlah","966":"lepas","967":"kanan","968":"pusat","969":"gunakan","970":"raya","971":"mengakui","972":"isi","973":"gt","974":"membuatku","975":"per","976":"halo","977":"anjing","978":"daging","979":"lari","980":"menganggap","981":"cocok","982":"tumbuh","983":"kemari","984":"lihatlah","985":"bahaya","986":"john","987":"benarkah","988":"berbahaya","989":"awak","990":"bunga","991":"gua","992":"keren","993":"dikatakan","994":"menyediakan","995":"dalamnya","996":"sukses","997":"serikat","998":"meter","999":"jaga","1000":"tahan","1001":"pilih","1002":"sedangkan","1003":"jepang","1004":"jiwa","1005":"lu","1006":"ditemukan","1007":"barat","1008":"telepon","1009":"baju","1010":"it","1011":"is","1012":"selatan","1013":"maksudmu","1014":"nomor","1015":"islam","1016":"internet","1017":"asal","1018":"bersalah","1019":"ka","1020":"mesir","1021":"kemana","1022":"berharga","1023":"kakak","1024":"miliki","1025":"ialah","1026":"pertemuan","1027":"energi","1028":"nggak","1029":"guna","1030":"tujuh","1031":"sm","1032":"time","1033":"damai","1034":"diriku","1035":"tuh","1036":"lo","1037":"adik","1038":"pakaian","1039":"membayar","1040":"berdasarkan","1041":"pikirkan","1042":"klo","1043":"tinggalkan","1044":"sabar","1045":"dingin","1046":"daftar","1047":"tentara","1048":"menakjubkan","1049":"ncandara","1050":"hasilnya","1051":"denganku","1052":"asli","1053":"lokasi","1054":"astaga","1055":"bisnis","1056":"menyukai","1057":"eropa","1058":"hitam","1059":"wilayah","1060":"pasal","1061":"tom","1062":"pernikahan","1063":"ilmu","1064":"bajingan","1065":"perjanjian","1066":"bersyukur","1067":"gw","1068":"komputer","1069":"istimewa","1070":"menghargai","1071":"bayangkan","1072":"kepadaku","1073":"sialan","1074":"minyak","1075":"menghancurkan","1076":"kereta","1077":"dlm","1078":"satunya","1079":"mengirim","1080":"sosial","1081":"tn","1082":"jerman","1083":"hadiah","1084":"matius","1085":"gelap","1086":"segalanya","1087":"dikenal","1088":"berguna","1089":"kiri","1090":"pengaruh","1091":"jgn","1092":"suku","1093":"gini","1094":"berlaku","1095":"planet","1096":"melewati","1097":"luas","1098":"menteri","1099":"melainkan","1100":"kondisi","1101":"keamanan","1102":"berjuang","1103":"kafir","1104":"lembut","1105":"nubuat","1106":"min","1107":"turut","1108":"kebahagiaan","1109":"jokowi","1110":"daya","1111":"lemah","1112":"neraka","1113":"hewan","1114":"pendidikan","1115":"detik","1116":"harap","1117":"kemarin","1118":"garis","1119":"ekonomi","1120":"khususnya","1121":"alhamdulillah","1122":"de","1123":"memenuhi","1124":"harta","1125":"terkenal","1126":"jaringan","1127":"mandi","1128":"sampe","1129":"kekerasan","1130":"haha","1131":"tekanan","1132":"urusan","1133":"meski","1134":"permainan","1135":"benci","1136":"batas","1137":"kartu","1138":"disebutkan","1139":"memperhatikan","1140":"sehari","1141":"keduanya","1142":"sebanyak","1143":"imam","1144":"setidaknya","1145":"tingkat","1146":"layak","1147":"terbesar","1148":"anggur","1149":"pelajari","1150":"palsu","1151":"mr","1152":"london","1153":"data","1154":"ayahmu","1155":"organisasi","1156":"kumohon","1157":"rindu","1158":"terbuka","1159":"pemerintahan","1160":"yunani","1161":"merusak","1162":"mahal","1163":"wajah","1164":"kulakukan","1165":"mas","1166":"memandang","1167":"wkwk","1168":"penatua","1169":"lg","1170":"kepercayaan","1171":"silahkan","1172":"sepenuh","1173":"posisi","1174":"tutup","1175":"menceritakan","1176":"menyelesaikan","1177":"emas","1178":"mak","1179":"mencintai","1180":"teknologi","1181":"media","1182":"es","1183":"india","1184":"dewa","1185":"ribuan","1186":"terutama","1187":"tiada","1188":"lepaskan","1189":"putus","1190":"kunci","1191":"dimulai","1192":"karya","1193":"memeriksa","1194":"rusak","1195":"dibutuhkan","1196":"menyerang","1197":"tulisan","1198":"mengejar","1199":"dolar","1200":"york","1201":"bintang","1202":"kehendak","1203":"sepuluh","1204":"berhubungan","1205":"adam","1206":"sial","1207":"proyek","1208":"kemampuan","1209":"rusia","1210":"sbb","1211":"pantai","1212":"sepenuhnya","1213":"lanjut","1214":"pantas","1215":"mohon","1216":"memanggil","1217":"siapapun","1218":"meja","1219":"membuatmu","1220":"menghabiskan","1221":"kuda","1222":"sekalipun","1223":"serangan","1224":"ibunya","1225":"mesti","1226":"emang","1227":"beritahu","1228":"dapatkah","1229":"untukku","1230":"jd","1231":"sampah","1232":"terlibat","1233":"sejumlah","1234":"menjalankan","1235":"miskin","1236":"membunuhnya","1237":"bukannya","1238":"al","1239":"menyembah","1240":"twitter","1241":"do","1242":"melepaskan","1243":"terang","1244":"mengendalikan","1245":"emosi","1246":"puluh","1247":"saatnya","1248":"membahas","1249":"kapten","1250":"ibadat","1251":"mantan","1252":"tanaman","1253":"luka","1254":"menyuruh","1255":"menghentikan","1256":"memungkinkan","1257":"menjual","1258":"se","1259":"skrg","1260":"normal","1261":"huruf","1262":"usaha","1263":"no","1264":"ketemu","1265":"utusan","1266":"petunjuk","1267":"tenaga","1268":"mengajarkan","1269":"semesta","1270":"lafal","1271":"semalam","1272":"bank","1273":"sapi","1274":"pernyataan","1275":"mengadakan","1276":"pembunuhan","1277":"ibumu","1278":"bencana","1279":"ayam","1280":"mengatasi","1281":"ayub","1282":"injil","1283":"istrinya","1284":"agen","1285":"terasa","1286":"penelitian","1287":"kilometer","1288":"berupa","1289":"abadi","1290":"penulis","1291":"iblis","1292":"membuktikan","1293":"bersikap","1294":"mulut","1295":"padang","1296":"angka","1297":"menjadikan","1298":"hadapan","1299":"kayu","1300":"tulis","1301":"tunjukkan","1302":"penguasa","1303":"ajaran","1304":"berkembang","1305":"via","1306":"sebabnya","1307":"udh","1308":"begitulah","1309":"seni","1310":"up","1311":"generasi","1312":"salam","1313":"by","1314":"taman","1315":"nona","1316":"ruangan","1317":"tepuk","1318":"ingatlah","1319":"katakanlah","1320":"azab","1321":"terimakasih","1322":"kayak","1323":"berjanji","1324":"menangkap","1325":"kalinya","1326":"jual","1327":"memasuki","1328":"mempertahankan","1329":"mengunjungi","1330":"da","1331":"perdamaian","1332":"ja","1333":"ibuku","1334":"mirip","1335":"bung","1336":"cina","1337":"setahun","1338":"harusnya","1339":"man","1340":"mengatur","1341":"bertanggung","1342":"deh","1343":"kesini","1344":"tambah","1345":"bangga","1346":"saran","1347":"daniel","1348":"bermanfaat","1349":"gaya","1350":"jantung","1351":"sudut","1352":"dianggap","1353":"tangga","1354":"mulia","1355":"masalahnya","1356":"berangkat","1357":"lampu","1358":"kekuasaan","1359":"mencakup","1360":"pulak","1361":"standar","1362":"ceritakan","1363":"mundur","1364":"tertarik","1365":"tidaklah","1366":"operasi","1367":"hikmat","1368":"penderitaan","1369":"misi","1370":"sumpah","1371":"menonton","1372":"fasik","1373":"mama","1374":"moral","1375":"butuhkan","1376":"ayahnya","1377":"seekor","1378":"diambil","1379":"menyebut","1380":"chffff","1381":"murah","1382":"temen","1383":"perkataan","1384":"menyampaikan","1385":"uh","1386":"mengerikan","1387":"patut","1388":"tanggung","1389":"sekadar","1390":"panggil","1391":"ujian","1392":"spanyol","1393":"belas","1394":"ibrani","1395":"minuman","1396":"nonton","1397":"pembunuh","1398":"militer","1399":"teladan","1400":"yesaya","1401":"ribu","1402":"korintus","1403":"perbedaan","1404":"for","1405":"pemilik","1406":"biru","1407":"telur","1408":"kertas","1409":"ilmuwan","1410":"menyerah","1411":"latihan","1412":"rambut","1413":"ma","1414":"km","1415":"kebiasaan","1416":"amsal","1417":"menara","1418":"kubilang","1419":"tamu","1420":"permisi","1421":"gedung","1422":"pencipta","1423":"parah","1424":"keluarganya","1425":"mengumpulkan","1426":"mengandung","1427":"petugas","1428":"nenek","1429":"okay","1430":"bu","1431":"delapan","1432":"nyaman","1433":"omong","1434":"terjemahan","1435":"bos","1436":"ramai","1437":"hakim","1438":"tantangan","1439":"end","1440":"hidupnya","1441":"kuno","1442":"jutaan","1443":"kucing","1444":"prancis","1445":"taat","1446":"sejauh","1447":"bidang","1448":"lelah","1449":"perlindungan","1450":"tertawa","1451":"penyingkapan","1452":"ujung","1453":"abraham","1454":"diterima","1455":"toko","1456":"tembak","1457":"lengkap","1458":"james","1459":"keadilan","1460":"sengaja","1461":"memberitahu","1462":"pendapat","1463":"pacar","1464":"seminggu","1465":"makna","1466":"seks","1467":"bakar","1468":"mula","1469":"gas","1470":"kecelakaan","1471":"lubang","1472":"bang","1473":"perhimpunan","1474":"situs","1475":"jg","1476":"bahas","1477":"ganti","1478":"menemukannya","1479":"pengadilan","1480":"gembira","1481":"menimbulkan","1482":"jarang","1483":"kesulitan","1484":"fokus","1485":"dialah","1486":"mah","1487":"jarak","1488":"pemuda","1489":"sesama","1490":"mengeluarkan","1491":"bener","1492":"lapangan","1493":"roti","1494":"kebaktian","1495":"sedarlah","1496":"pedang","1497":"hidupmu","1498":"suruh","1499":"meniru","1500":"yusuf","1501":"terkadang","1502":"wow","1503":"produk","1504":"teori","1505":"narkoba","1506":"resmi","1507":"pola","1508":"setempat","1509":"mendapati","1510":"sebaiknya","1511":"bicarakan","1512":"esok","1513":"memastikan","1514":"arti","1515":"bertambah","1516":"terdengar","1517":"melupakan","1518":"tukang","1519":"keselamatan","1520":"amat","1521":"jari","1522":"berbohong","1523":"tulus","1524":"ikuti","1525":"jugak","1526":"that","1527":"fisik","1528":"bercanda","1529":"sore","1530":"asia","1531":"melihatmu","1532":"mengamati","1533":"kenyataan","1534":"unik","1535":"duit","1536":"info","1537":"takde","1538":"mengingatkan","1539":"menginginkan","1540":"menentukan","1541":"modern","1542":"buang","1543":"awalnya","1544":"ko","1545":"hijau","1546":"brengsek","1547":"dasarnya","1548":"rela","1549":"kebebasan","1550":"seandainya","1551":"menyesal","1552":"hatihati","1553":"terluka","1554":"bingung","1555":"cek","1556":"hadir","1557":"menutup","1558":"we","1559":"mustahil","1560":"pasar","1561":"meningkat","1562":"pasien","1563":"bagiku","1564":"pokok","1565":"keinginan","1566":"kesaksian","1567":"motor","1568":"pembaca","1569":"beda","1570":"sia","1571":"dpt","1572":"keturunan","1573":"hatinya","1574":"virus","1575":"david","1576":"love","1577":"menggunakannya","1578":"mencintaimu","1579":"chat","1580":"medan","1581":"memakan","1582":"sanggup","1583":"nyawa","1584":"pintar","1585":"beruntung","1586":"menghadiri","1587":"rata","1588":"membicarakan","1589":"bayar","1590":"lapar","1591":"ketua","1592":"jawabannya","1593":"biaya","1594":"temanku","1595":"menolong","1596":"dibaptis","1597":"listrik","1598":"tambahan","1599":"nasi","1600":"tersisa","1601":"mengganggu","1602":"bersamasama","1603":"bersumpah","1604":"kek","1605":"hmm","1606":"cabang","1607":"rumit","1608":"sikit","1609":"dibawa","1610":"berwarna","1611":"mabuk","1612":"ditulis","1613":"dinding","1614":"bagaikan","1615":"gempa","1616":"diterjemahkan","1617":"pekerja","1618":"hawa","1619":"kepentingan","1620":"mendekati","1621":"member","1622":"buta","1623":"menaati","1624":"menghindari","1625":"be","1626":"kemajuan","1627":"lawan","1628":"menetapkan","1629":"tokoh","1630":"istirahat","1631":"babi","1632":"kimia","1633":"menyerahkan","1634":"mempengaruhi","1635":"sembilan","1636":"meningkatkan","1637":"yehuda","1638":"sy","1639":"yuk","1640":"jakarta","1641":"gerakan","1642":"meyakinkan","1643":"terkejut","1644":"kemenangan","1645":"tulang","1646":"mengurus","1647":"pon","1648":"suaminya","1649":"kekal","1650":"sehubungan","1651":"salomo","1652":"kekurangan","1653":"mendorong","1654":"tewas","1655":"kirim","1656":"menghilang","1657":"dh","1658":"negatif","1659":"loyal","1660":"nampak","1661":"tv","1662":"menahan","1663":"sukacita","1664":"mendapatkannya","1665":"kelihatan","1666":"budaya","1667":"berminat","1668":"kasihan","1669":"hidupku","1670":"kamera","1671":"siswa","1672":"kukira","1673":"menyakiti","1674":"minat","1675":"dibunuh","1676":"memegang","1677":"lantai","1678":"materi","1679":"permintaan","1680":"go","1681":"doang","1682":"diperlukan","1683":"tdk","1684":"mengawasi","1685":"papua","1686":"memperbaiki","1687":"mengangkat","1688":"korang","1689":"berlalu","1690":"kegelapan","1691":"indonesian","1692":"bangunan","1693":"berlangsung","1694":"but","1695":"berisi","1696":"timotius","1697":"well","1698":"puas","1699":"membentuk","1700":"istana","1701":"hantu","1702":"hahahaha","1703":"namamu","1704":"akun","1705":"lambat","1706":"kuliah","1707":"kecepatan","1708":"dariku","1709":"memerintah","1710":"hangat","1711":"cita","1712":"susu","1713":"sekalian","1714":"membangkitkan","1715":"sma","1716":"rp","1717":"menganjurkan","1718":"berbagi","1719":"membawanya","1720":"aturan","1721":"pangeran","1722":"kedamaian","1723":"nasional","1724":"melahirkan","1725":"global","1726":"menggambarkan","1727":"mengaku","1728":"kain","1729":"baginya","1730":"september","1731":"berpaling","1732":"senyum","1733":"percayalah","1734":"then","1735":"maria","1736":"melanjutkan","1737":"calon","1738":"mengabar","1739":"penjaga","1740":"dg","1741":"apalagi","1742":"berperang","1743":"your","1744":"online","1745":"dibangun","1746":"ponsel","1747":"faktor","1748":"angkat","1749":"bersukacita","1750":"perintis","1751":"tibatiba","1752":"bau","1753":"pengawal","1754":"prajurit","1755":"korea","1756":"kebetulan","1757":"agung","1758":"praktis","1759":"lamanya","1760":"selesaikan","1761":"serupa","1762":"abu","1763":"mendatangkan","1764":"sayangnya","1765":"berduka","1766":"menambahkan","1767":"hatimu","1768":"pasir","1769":"dibaca","1770":"hormat","1771":"saleh","1772":"dipenuhi","1773":"this","1774":"firdaus","1775":"pengajaran","1776":"sopan","1777":"ucapan","1778":"gigi","1779":"mengenakan","1780":"jelek","1781":"begin","1782":"berkumpul","1783":"papa","1784":"tertulis","1785":"muhammad","1786":"mengirimkan","1787":"persahabatan","1788":"sesudah","1789":"kukatakan","1790":"liar","1791":"romawi","1792":"senin","1793":"beliau","1794":"persis","1795":"menuntut","1796":"kanker","1797":"line","1798":"tiket","1799":"terserah","1800":"permukaan","1801":"jelaskan","1802":"ancaman","1803":"berkuasa","1804":"bersedia","1805":"jadilah","1806":"bom","1807":"zat","1808":"angkasa","1809":"mengalahkan","1810":"kopi","1811":"kampung","1812":"hukuman","1813":"mempersiapkan","1814":"hancur","1815":"oktober","1816":"beban","1817":"oksigen","1818":"kebun","1819":"lurus","1820":"berumur","1821":"singkat","1822":"menyimpan","1823":"australia","1824":"italia","1825":"menyambut","1826":"alamat","1827":"cewek","1828":"pujian","1829":"sebut","1830":"pd","1831":"jalur","1832":"or","1833":"pelajar","1834":"mengira","1835":"puasa","1836":"jantan","1837":"menangani","1838":"memberitakan","1839":"melarikan","1840":"kalimat","1841":"terbakar","1842":"menyukainya","1843":"kaca","1844":"im","1845":"bersifat","1846":"cenderung","1847":"umumnya","1848":"grup","1849":"arab","1850":"paman","1851":"dimiliki","1852":"mengurangi","1853":"teh","1854":"melaporkan","1855":"berkaitan","1856":"pakar","1857":"keuntungan","1858":"temanteman","1859":"ikatan","1860":"nasib","1861":"diketahui","1862":"kendaraan","1863":"penglihatan","1864":"membunuhmu","1865":"akrab","1866":"berdosa","1867":"its","1868":"berlebihan","1869":"gk","1870":"terbukti","1871":"sinyal","1872":"akses","1873":"mmg","1874":"direktur","1875":"selamatkan","1876":"menyaksikan","1877":"gunanya","1878":"ye","1879":"lupakan","1880":"lulus","1881":"paris","1882":"model","1883":"ajak","1884":"mukjizat","1885":"perawatan","1886":"balai","1887":"ketahui","1888":"ig","1889":"menghitung","1890":"mendesak","1891":"anakku","1892":"mahasiswa","1893":"lapor","1894":"milikku","1895":"menembak","1896":"kepribadian","1897":"mempercayai","1898":"cerdas","1899":"pemikiran","1900":"heran","1901":"katolik","1902":"memimpin","1903":"sa","1904":"masingmasing","1905":"ditangkap","1906":"masak","1907":"mengundang","1908":"paus","1909":"selangor","1910":"menerimanya","1911":"akhirat","1912":"bus","1913":"mengucapkan","1914":"menjalani","1915":"ngomong","1916":"ratusan","1917":"ak","1918":"abis","1919":"rezeki","1920":"kebangkitan","1921":"olah","1922":"have","1923":"bagimu","1924":"kelaparan","1925":"bersamaku","1926":"hope","1927":"tembok","1928":"komandan","1929":"hello","1930":"buatan","1931":"muslim","1932":"terjebak","1933":"menguatkan","1934":"ngga","1935":"selaras","1936":"banyaknya","1937":"menyedihkan","1938":"sarah","1939":"free","1940":"spesies","1941":"menelepon","1942":"memohon","1943":"terdiri","1944":"bergantung","1945":"berfungsi","1946":"na","1947":"mendekat","1948":"sir","1949":"berlari","1950":"sepatu","1951":"tersenyum","1952":"pelayan","1953":"ketakutan","1954":"darurat","1955":"truk","1956":"internasional","1957":"karna","1958":"kesenangan","1959":"akibatnya","1960":"peluru","1961":"penjelasan","1962":"what","1963":"all","1964":"periksa","1965":"laku","1966":"nyonya","1967":"kelemahan","1968":"dendam","1969":"usah","1970":"kekayaan","1971":"just","1972":"pandang","1973":"malaysia","1974":"kt","1975":"kegagalan","1976":"bro","1977":"beruang","1978":"namaku","1979":"mengerjakan","1980":"peter","1981":"sisa","1982":"melaksanakan","1983":"menutupi","1984":"mengisi","1985":"keempat","1986":"kasar","1987":"sangatlah","1988":"kepalanya","1989":"mental","1990":"seolah","1991":"puncak","1992":"gagasan","1993":"berterima","1994":"kuharap","1995":"pertempuran","1996":"biarlah","1997":"percakapan","1998":"billy","1999":"restoran","2000":"keadilbenaran","2001":"terbatas","2002":"komunikasi","2003":"jack","2004":"dilihat","2005":"penghargaan","2006":"pengasih","2007":"pengawas","2008":"aksi","2009":"kecewa","2010":"siapakah","2011":"tergantung","2012":"adakah","2013":"kiamat","2014":"keyakinan","2015":"universitas","2016":"menghubungi","2017":"dihukum","2018":"besi","2019":"tgk","2020":"melanggar","2021":"bosan","2022":"kejutan","2023":"disebabkan","2024":"tes","2025":"halnya","2026":"menyentuh","2027":"erat","2028":"order","2029":"kalangan","2030":"dukungan","2031":"peneliti","2032":"seksual","2033":"wah","2034":"memanfaatkan","2035":"kehidupannya","2036":"perjuangan","2037":"kacau","2038":"tempatnya","2039":"perut","2040":"super","2041":"jemaat","2042":"george","2043":"terhormat","2044":"one","2045":"terletak","2046":"kehormatan","2047":"mencegah","2048":"kerjakan","2049":"target","2050":"tweet","2051":"kursi","2052":"kim","2053":"reaksi","2054":"aktif","2055":"katakata","2056":"tetangga","2057":"like","2058":"memotong","2059":"pabrik","2060":"membuang","2061":"game","2062":"menari","2063":"kelihatannya","2064":"konsep","2065":"bertahun","2066":"istilah","2067":"jendela","2068":"makanya","2069":"pengabaran","2070":"membersihkan","2071":"gara","2072":"cobalah","2073":"terurap","2074":"ramah","2075":"mengancam","2076":"dijual","2077":"merenungkan","2078":"with","2079":"perak","2080":"ditambah","2081":"ampun","2082":"rapat","2083":"english","2084":"memukul","2085":"tarik","2086":"rasakan","2087":"rute","2088":"area","2089":"fungsi","2090":"hendak","2091":"lee","2092":"weh","2093":"laa","2094":"sepertimu","2095":"penjahat","2096":"kejam","2097":"memerintahkan","2098":"menyimpulkan","2099":"ajarkan","2100":"perilaku","2101":"izin","2102":"memerlukan","2103":"seumur","2104":"menurutku","2105":"tetaplah","2106":"menyakitkan","2107":"muridnya","2108":"topik","2109":"golongan","2110":"bukit","2111":"karbon","2112":"tahap","2113":"bekas","2114":"ketimbang","2115":"ii","2116":"tadinya","2117":"wahai","2118":"sam","2119":"mengeluh","2120":"kangen","2121":"hatiku","2122":"simpan","2123":"kemarahan","2124":"dm","2125":"tidakkah","2126":"hasrat","2127":"kang","2128":"memperingatkan","2129":"berteriak","2130":"gratis","2131":"sobat","2132":"membayangkan","2133":"keberanian","2134":"total","2135":"jalanan","2136":"latar","2137":"ratu","2138":"pemain","2139":"tpi","2140":"olahraga","2141":"pajak","2142":"dampak","2143":"menentang","2144":"sekelompok","2145":"pintunya","2146":"matamu","2147":"dimakan","2148":"rumahnya","2149":"kedudukan","2150":"hm","2151":"menggerakkan","2152":"awan","2153":"pastu","2154":"pastikan","2155":"anggap","2156":"suasana","2157":"peta","2158":"menawarkan","2159":"bagaimanapun","2160":"temanmu","2161":"ringan","2162":"jin","2163":"ukuran","2164":"otot","2165":"menyebar","2166":"drama","2167":"derajat","2168":"membalas","2169":"berurusan","2170":"kesana","2171":"geng","2172":"radio","2173":"ki","2174":"pembangunan","2175":"best","2176":"kontak","2177":"mengalir","2178":"diterbitkan","2179":"layar","2180":"diciptakan","2181":"justru","2182":"samuel","2183":"sorang","2184":"industri","2185":"menyebutkan","2186":"asa","2187":"tangannya","2188":"diturunkan","2189":"menyiapkan","2190":"ikhlas","2191":"membesarkan","2192":"enggak","2193":"karunia","2194":"nurani","2195":"murni","2196":"yaa","2197":"pegawai","2198":"juni","2199":"cuman","2200":"web","2201":"kesepian","2202":"memberitahumu","2203":"matanya","2204":"memasukkan","2205":"aduh","2206":"ho","2207":"tenggelam","2208":"surgawi","2209":"perdana","2210":"pentingnya","2211":"bersemangat","2212":"entahlah","2213":"jembatan","2214":"badai","2215":"kamp","2216":"wewenang","2217":"ragu","2218":"kode","2219":"jelaslah","2220":"bait","2221":"menghibur","2222":"rm","2223":"contohnya","2224":"perumpamaan","2225":"tali","2226":"kebencian","2227":"haluan","2228":"will","2229":"teguh","2230":"syarat","2231":"menemui","2232":"evolusi","2233":"ataupun","2234":"bulu","2235":"kesanggupan","2236":"sekedar","2237":"pengobatan","2238":"membantumu","2239":"telinga","2240":"terpaksa","2241":"menggantikan","2242":"efek","2243":"city","2244":"pandai","2245":"pelanggaran","2246":"datanglah","2247":"menaruh","2248":"pimpinan","2249":"menjauh","2250":"benih","2251":"seiman","2252":"mengharapkan","2253":"danau","2254":"publikasi","2255":"membela","2256":"alasannya","2257":"keberuntungan","2258":"menempatkan","2259":"anti","2260":"menghormati","2261":"kanada","2262":"not","2263":"ta","2264":"gangguan","2265":"membinasakan","2266":"dewan","2267":"samping","2268":"trus","2269":"dibandingkan","2270":"happy","2271":"malem","2272":"bergaul","2273":"versi","2274":"apaapaan","2275":"perlahan","2276":"memberinya","2277":"membenci","2278":"sepi","2279":"pernahkah","2280":"nyanyian","2281":"bill","2282":"pejabat","2283":"tersedia","2284":"memainkan","2285":"bertobat","2286":"rutin","2287":"wkwkwk","2288":"amin","2289":"melompat","2290":"ilahi","2291":"mobilnya","2292":"sihir","2293":"pelatihan","2294":"peluang","2295":"raj","2296":"tingkah","2297":"meksiko","2298":"am","2299":"hi","2300":"memalukan","2301":"memuaskan","2302":"membakar","2303":"pencuri","2304":"penasaran","2305":"kelak","2306":"alih","2307":"mempertimbangkan","2308":"dana","2309":"brian","2310":"bocah","2311":"natal","2312":"kulihat","2313":"menyelidiki","2314":"penyembah","2315":"sempat","2316":"medis","2317":"antaranya","2318":"sembuh","2319":"kotor","2320":"kerana","2321":"penggunaan","2322":"konyol","2323":"kabur","2324":"pahlawan","2325":"surabaya","2326":"kering","2327":"raksasa","2328":"payah","2329":"tangkap","2330":"hp","2331":"memuat","2332":"frank","2333":"bersamanya","2334":"detektif","2335":"dipercaya","2336":"memberiku","2337":"menyingkapkan","2338":"memaafkan","2339":"molekul","2340":"mbak","2341":"bercinta","2342":"menyingkirkan","2343":"bercerita","2344":"untung","2345":"ciptaan","2346":"krn","2347":"daun","2348":"gudang","2349":"pengikutnya","2350":"day","2351":"rekaman","2352":"sumbangan","2353":"balas","2354":"aq","2355":"keluarkan","2356":"say","2357":"cuti","2358":"ditetapkan","2359":"lanjutkan","2360":"atasnya","2361":"terlebih","2362":"mengatakannya","2363":"terkait","2364":"are","2365":"gembala","2366":"mengagumkan","2367":"saw","2368":"berkomunikasi","2369":"lion","2370":"lukisan","2371":"lukas","2372":"soalnya","2373":"dok","2374":"menerapkan","2375":"bunyi","2376":"ekor","2377":"teroris","2378":"dini","2379":"lokal","2380":"sains","2381":"nikmat","2382":"gelar","2383":"desain","2384":"scott","2385":"pembicaraan","2386":"tunggal","2387":"persembahan","2388":"ri","2389":"hotel","2390":"risiko","2391":"dinyatakan","2392":"lelucon","2393":"tanganmu","2394":"china","2395":"saul","2396":"follow","2397":"kala","2398":"wajar","2399":"solusi","2400":"alangkah","2401":"tahanan","2402":"mengajukan","2403":"akulah","2404":"letak","2405":"respek","2406":"ala","2407":"keberatan","2408":"efektif","2409":"bandara","2410":"make","2411":"bertekun","2412":"pasang","2413":"tk","2414":"pistol","2415":"nlucida","2416":"tuanya","2417":"ba","2418":"terkena","2419":"serangga","2420":"cowok","2421":"sampaikan","2422":"pegang","2423":"faktanya","2424":"menggali","2425":"jo","2426":"terilham","2427":"if","2428":"lancar","2429":"merokok","2430":"tubuhnya","2431":"kedai","2432":"ras","2433":"hang","2434":"memuji","2435":"gerak","2436":"bakteri","2437":"ditahan","2438":"memelihara","2439":"halus","2440":"efesus","2441":"wakil","2442":"tikus","2443":"gaji","2444":"kabarmu","2445":"berhak","2446":"bersembunyi","2447":"gerbang","2448":"can","2449":"semula","2450":"darimu","2451":"gelombang","2452":"komentar","2453":"sekeliling","2454":"hendaklah","2455":"dialami","2456":"guys","2457":"dibawah","2458":"temui","2459":"ade","2460":"sedap","2461":"nuh","2462":"terkesan","2463":"segar","2464":"mengakhiri","2465":"terbiasa","2466":"memperlakukan","2467":"keliling","2468":"tampan","2469":"pertarungan","2470":"berlayar","2471":"balasan","2472":"menurunkan","2473":"stres","2474":"sekaligus","2475":"harapkan","2476":"keparat","2477":"patung","2478":"mengutus","2479":"klub","2480":"jejak","2481":"hubungannya","2482":"kakek","2483":"gemuk","2484":"email","2485":"pekan","2486":"pastilah","2487":"maukah","2488":"maret","2489":"tongkat","2490":"mayat","2491":"terbaru","2492":"solat","2493":"menilai","2494":"vaksin","2495":"mengabaikan","2496":"kelahiran","2497":"bermakna","2498":"hahahahaha","2499":"mai","2500":"berhati","2501":"amal","2502":"paket","2503":"meletakkan","2504":"malas","2505":"tersembunyi","2506":"makasih","2507":"bir","2508":"merespek","2509":"periode","2510":"profesor","2511":"mengejutkan","2512":"diikuti","2513":"santai","2514":"sarapan","2515":"hadirin","2516":"kedengarannya","2517":"barusan","2518":"allahmu","2519":"peran","2520":"memenangkan","2521":"rancangan","2522":"ditentukan","2523":"populer","2524":"latin","2525":"peranan","2526":"diselamatkan","2527":"now","2528":"memberkati","2529":"uangnya","2530":"khotbah","2531":"mengembalikan","2532":"cepatlah","2533":"pelacur","2534":"memaksa","2535":"meledak","2536":"blm","2537":"pertandingan","2538":"tajam","2539":"masuklah","2540":"hamil","2541":"barangkali","2542":"cuaca","2543":"berwenang","2544":"dirancang","2545":"dapet","2546":"first","2547":"harfiah","2548":"tradisi","2549":"ny","2550":"garam","2551":"kl","2552":"mesias","2553":"cincin","2554":"kesengsaraan","2555":"rupanya","2556":"menyebarkan","2557":"komunitas","2558":"penyebab","2559":"rumahku","2560":"melintasi","2561":"mengembangkan","2562":"sayap","2563":"sinar","2564":"godaan","2565":"niat","2566":"fbi","2567":"disiplin","2568":"bersamamu","2569":"ternak","2570":"pembuat","2571":"sebesar","2572":"lumpur","2573":"mary","2574":"dapur","2575":"lidah","2576":"bendera","2577":"wajib","2578":"memperkuat","2579":"lipat","2580":"berbahasa","2581":"saudaranya","2582":"teruslah","2583":"penonton","2584":"penat","2585":"panggilan","2586":"yakub","2587":"kumpulan","2588":"mendirikan","2589":"persatuan","2590":"charlie","2591":"ular","2592":"utang","2593":"stasiun","2594":"sepeda","2595":"walau","2596":"menipu","2597":"mendengarnya","2598":"persoalan","2599":"kawasan","2600":"gula","2601":"membantuku","2602":"kontrak","2603":"mending","2604":"didasarkan","2605":"ted","2606":"menatap","2607":"dri","2608":"bersinar","2609":"malang","2610":"know","2611":"haruskah","2612":"riset","2613":"nangis","2614":"sdh","2615":"peperangan","2616":"menyalahkan","2617":"berulang","2618":"menimpa","2619":"mikir","2620":"beristirahat","2621":"kawanan","2622":"bimbingan","2623":"menanyakan","2624":"berbalik","2625":"kenyataannya","2626":"um","2627":"menanggung","2628":"fasilitas","2629":"kehabisan","2630":"juli","2631":"miliar","2632":"bersenangsenang","2633":"melarang","2634":"kadangkadang","2635":"peraturan","2636":"kredit","2637":"ratus","2638":"dikirim","2639":"gurun","2640":"semut","2641":"tanggapan","2642":"juara","2643":"mencarinya","2644":"demikianlah","2645":"seolaholah","2646":"dilahirkan","2647":"putranya","2648":"konflik","2649":"lembaga","2650":"dijadikan","2651":"kabel","2652":"unta","2653":"bapaknya","2654":"perbatasan","2655":"corona","2656":"bruce","2657":"perayaan","2658":"bali","2659":"ama","2660":"dibantu","2661":"yakobus","2662":"kebijakan","2663":"bernyanyi","2664":"ladang","2665":"menghubungkan","2666":"marilah","2667":"palu","2668":"terbuat","2669":"diatas","2670":"terburuk","2671":"memisahkan","2672":"pi","2673":"menyembunyikan","2674":"akurat","2675":"tertutup","2676":"salju","2677":"kambing","2678":"kue","2679":"apartemen","2680":"hubungi","2681":"yeremia","2682":"ckp","2683":"mengenali","2684":"roda","2685":"menguasai","2686":"tunduk","2687":"terhubung","2688":"nanya","2689":"lewi","2690":"dipakai","2691":"dibangkitkan","2692":"protein","2693":"cepet","2694":"robot","2695":"dipanggil","2696":"sombong","2697":"kekacauan","2698":"angkatan","2699":"kemaren","2700":"pengaturan","2701":"tahukah","2702":"gubernur","2703":"tanganku","2704":"liburan","2705":"identitas","2706":"cobaan","2707":"depresi","2708":"mei","2709":"papan","2710":"dibanding","2711":"kawin","2712":"manamana","2713":"kunjungan","2714":"kot","2715":"april","2716":"gambaran","2717":"post","2718":"berbentuk","2719":"simon","2720":"logam","2721":"tegas","2722":"baris","2723":"penampilan","2724":"pakistan","2725":"sara","2726":"kematiannya","2727":"pertunjukan","2728":"kewajiban","2729":"sentuh","2730":"kesan","2731":"berantakan","2732":"tindak","2733":"yo","2734":"lolos","2735":"bilangan","2736":"mengambilnya","2737":"loh","2738":"timbul","2739":"teringat","2740":"keseluruhan","2741":"kesepakatan","2742":"sarana","2743":"musyrik","2744":"diantara","2745":"membacanya","2746":"ethan","2747":"kenangan","2748":"terjun","2749":"penghiburan","2750":"us","2751":"letakkan","2752":"kampanye","2753":"november","2754":"dihasilkan","2755":"whoa","2756":"melayu","2757":"jadinya","2758":"non","2759":"bertarung","2760":"pacaran","2761":"sun","2762":"belanja","2763":"membunuhku","2764":"siksa","2765":"kolam","2766":"bersatu","2767":"dollar","2768":"taknak","2769":"perdagangan","2770":"potong","2771":"pengacara","2772":"praktek","2773":"digambarkan","2774":"lumayan","2775":"dibesarkan","2776":"rumahmu","2777":"orangnya","2778":"aplikasi","2779":"kuala","2780":"lemak","2781":"ajaib","2782":"pecah","2783":"lembah","2784":"baiknya","2785":"rumput","2786":"kritis","2787":"diluar","2788":"tebusan","2789":"pa","2790":"ayatayat","2791":"matematika","2792":"pegunungan","2793":"good","2794":"star","2795":"hadapi","2796":"beragam","2797":"potongan","2798":"isinya","2799":"untuknya","2800":"lebar","2801":"gandum","2802":"bertentangan","2803":"ganda","2804":"bagai","2805":"hidrogen","2806":"hehe","2807":"bermaksud","2808":"perancis","2809":"terpenting","2810":"persamaan","2811":"status","2812":"samasama","2813":"peroleh","2814":"niscaya","2815":"matamata","2816":"berkurang","2817":"bala","2818":"tiang","2819":"kebakaran","2820":"metode","2821":"sah","2822":"menghalangi","2823":"impian","2824":"penerjemah","2825":"mewakili","2826":"stabil","2827":"btw","2828":"tok","2829":"mezbah","2830":"dlu","2831":"jenderal","2832":"kesal","2833":"dilarang","2834":"please","2835":"batang","2836":"sarang","2837":"sok","2838":"mengganti","2839":"jadikan","2840":"menakutkan","2841":"bertekad","2842":"ibadah","2843":"cuba","2844":"spesial","2845":"joe","2846":"jasa","2847":"patah","2848":"diserang","2849":"nuklir","2850":"kuning","2851":"keadaannya","2852":"full","2853":"karakter","2854":"duk","2855":"pelaku","2856":"menanti","2857":"pendukung","2858":"bohong","2859":"berencana","2860":"perawat","2861":"sis","2862":"jodoh","2863":"korupsi","2864":"darinya","2865":"ilmiah","2866":"selagi","2867":"dibuang","2868":"selera","2869":"seri","2870":"kebohongan","2871":"integritas","2872":"potensi","2873":"episode","2874":"bangkit","2875":"alquran","2876":"harganya","2877":"mewujudkan","2878":"smp","2879":"lenyap","2880":"klik","2881":"pengguna","2882":"mobilku","2883":"level","2884":"cucu","2885":"pertanyaannya","2886":"thanks","2887":"menjatuhkan","2888":"jalannya","2889":"bareng","2890":"februari","2891":"dom","2892":"era","2893":"abang","2894":"sgt","2895":"arus","2896":"mahakuasa","2897":"kaisar","2898":"bertanyatanya","2899":"unit","2900":"perangkat","2901":"melibatkan","2902":"tanyakan","2903":"upacara","2904":"menghilangkan","2905":"yes","2906":"mengampuni","2907":"seribu","2908":"gejala","2909":"mendarat","2910":"set","2911":"anakmu","2912":"bilik","2913":"share","2914":"dipahami","2915":"partai","2916":"hr","2917":"menjijikkan","2918":"saksama","2919":"memberontak","2920":"pikiranmu","2921":"youtube","2922":"layanan","2923":"menembus","2924":"membicarakannya","2925":"menekan","2926":"pemenang","2927":"walter","2928":"demokrasi","2929":"intinya","2930":"terlepas","2931":"he","2932":"zaitun","2933":"padat","2934":"sekitarnya","2935":"menyertai","2936":"tas","2937":"sekian","2938":"tersangka","2939":"penderita","2940":"mewah","2941":"ungkapan","2942":"penumpang","2943":"kurban","2944":"singa","2945":"perahu","2946":"undangan","2947":"sasaran","2948":"lt","2949":"kayaknya","2950":"membebaskan","2951":"rokok","2952":"induk","2953":"mark","2954":"membagikan","2955":"id","2956":"william","2957":"clark","2958":"tekad","2959":"kemiskinan","2960":"ditinggalkan","2961":"menunjuk","2962":"filipi","2963":"diceritakan","2964":"pemandangan","2965":"membaktikan","2966":"spesifik","2967":"tama","2968":"keajaiban","2969":"smpai","2970":"gajah","2971":"semak","2972":"merayakan","2973":"pencarian","2974":"menguji","2975":"milikmu","2976":"dont","2977":"karang","2978":"kampus","2979":"ad","2980":"dada","2981":"bar","2982":"harini","2983":"edisi","2984":"memperbaikinya","2985":"rajin","2986":"kerusakan","2987":"bs","2988":"menambah","2989":"tenanglah","2990":"syukur","2991":"em","2992":"plastik","2993":"campur","2994":"kaulah","2995":"individu","2996":"publik","2997":"mengatasinya","2998":"pertimbangkan","2999":"inti","3000":"takdir","3001":"gi","3002":"persetan","3003":"ali","3004":"memaksudkan","3005":"benteng","3006":"cm","3007":"desember","3008":"memberitahukan","3009":"merancang","3010":"pengertian","3011":"pengampunan","3012":"kolose","3013":"waspada","3014":"membedakan","3015":"merindukanmu","3016":"pensiun","3017":"hank","3018":"salahku","3019":"tertangkap","3020":"aktivitas","3021":"wabah","3022":"dibahas","3023":"menurun","3024":"king","3025":"saluran","3026":"keindahan","3027":"diadakan","3028":"didalam","3029":"cintai","3030":"chris","3031":"bijak","3032":"ledakan","3033":"kacang","3034":"ketaatan","3035":"meraih","3036":"bayangan","3037":"mematikan","3038":"seung","3039":"pertanian","3040":"nafsu","3041":"debu","3042":"lautan","3043":"mulutmu","3044":"menandaskan","3045":"ana","3046":"petani","3047":"antar","3048":"atom","3049":"mulu","3050":"berseru","3051":"struktur","3052":"masjid","3053":"tepatnya","3054":"sipil","3055":"mengizinkan","3056":"cuci","3057":"tepi","3058":"perkembangan","3059":"bermimpi","3060":"beres","3061":"tuhanku","3062":"mengajak","3063":"dijelaskan","3064":"monster","3065":"isu","3066":"gampang","3067":"bersenjata","3068":"om","3069":"tembakan","3070":"maut","3071":"rasulullah","3072":"gatau","3073":"rasulnya","3074":"covid","3075":"dipilih","3076":"beribadat","3077":"berpakaian","3078":"ultron","3079":"lansia","3080":"telanjang","3081":"tuduhan","3082":"jabatan","3083":"menangkapnya","3084":"chef","3085":"iklan","3086":"berlimpah","3087":"hg","3088":"mencuci","3089":"sapa","3090":"markus","3091":"mengorbankan","3092":"pertolongan","3093":"kesedihan","3094":"quran","3095":"kendali","3096":"saraf","3097":"tuntutan","3098":"tawaran","3099":"michael","3100":"penyiar","3101":"menjelang","3102":"keberadaan","3103":"lebah","3104":"jt","3105":"how","3106":"komponen","3107":"robert","3108":"pahala","3109":"kemarilah","3110":"dimasukkan","3111":"mengherankan","3112":"turunkan","3113":"menempuh","3114":"call","3115":"when","3116":"kesejahteraan","3117":"mars","3118":"membawamu","3119":"pisau","3120":"blok","3121":"sayangku","3122":"menerus","3123":"memikirkannya","3124":"pengunjung","3125":"el","3126":"cemas","3127":"terbunuh","3128":"ditutup","3129":"celah","3130":"tubuhmu","3131":"kencan","3132":"organ","3133":"celaka","3134":"mampir","3135":"nu","3136":"cadangan","3137":"hmmm","3138":"kilogram","3139":"berenang","3140":"elia","3141":"andai","3142":"dokumen","3143":"mukmin","3144":"pin","3145":"berputar","3146":"gamau","3147":"keterampilan","3148":"huh","3149":"veer","3150":"elisa","3151":"warisan","3152":"ceritanya","3153":"klu","3154":"dimengerti","3155":"pidato","3156":"tae","3157":"pedih","3158":"boneka","3159":"kepalamu","3160":"penganiayaan","3161":"keliru","3162":"instruksi","3163":"duluan","3164":"diperintahkan","3165":"manakah","3166":"monyet","3167":"berdarah","3168":"perlihatkan","3169":"mat","3170":"disuruh","3171":"celana","3172":"terpilih","3173":"nie","3174":"berjudul","3175":"buktinya","3176":"sesi","3177":"pembalasan","3178":"senantiasa","3179":"melemparkan","3180":"bacaan","3181":"buatlah","3182":"mengikutinya","3183":"bantuanmu","3184":"ganteng","3185":"pemazmur","3186":"penang","3187":"memecahkan","3188":"satelit","3189":"jadwal","3190":"frodo","3191":"dihancurkan","3192":"sabtu","3193":"melebihi","3194":"mil","3195":"khas","3196":"ditanya","3197":"disampaikan","3198":"alkohol","3199":"kembalikan","3200":"mengandalkan","3201":"kesetiaan","3202":"kanak","3203":"babilon","3204":"sms","3205":"capek","3206":"sesat","3207":"memupuk","3208":"sebaik","3209":"betel","3210":"merubah","3211":"pengikut","3212":"tersebar","3213":"populasi","3214":"nol","3215":"kerabat","3216":"bertahuntahun","3217":"stark","3218":"subuh","3219":"laptop","3220":"macet","3221":"jumat","3222":"nyari","3223":"nikmati","3224":"tips","3225":"mainan","3226":"johnny","3227":"tetep","3228":"merawat","3229":"menggambar","3230":"jangka","3231":"pemahaman","3232":"last","3233":"kompetisi","3234":"objek","3235":"ai","3236":"bernilai","3237":"lahan","3238":"untungnya","3239":"asam","3240":"mahir","3241":"perkasa","3242":"tradisional","3243":"part","3244":"asap","3245":"still","3246":"diundang","3247":"jawa","3248":"get","3249":"dirumah","3250":"ketinggalan","3251":"kutipan","3252":"panggung","3253":"hancurkan","3254":"anna","3255":"ekstra","3256":"kemuliaan","3257":"betina","3258":"google","3259":"malapetaka","3260":"menyangka","3261":"adakalanya","3262":"terdekat","3263":"peti","3264":"belah","3265":"pengungsi","3266":"tetapkan","3267":"menduga","3268":"photo","3269":"sebulan","3270":"janda","3271":"baby","3272":"belanda","3273":"ben","3274":"terbit","3275":"berpaut","3276":"revolusi","3277":"bukak","3278":"mulanya","3279":"menghukum","3280":"diperkenan","3281":"sensitif","3282":"open","3283":"aslinya","3284":"semasa","3285":"menanggapi","3286":"penciptaan","3287":"investasi","3288":"tipu","3289":"teks","3290":"banjir","3291":"satupun","3292":"seluas","3293":"dikasih","3294":"pendek","3295":"bertepuk","3296":"mengakibatkan","3297":"pulih","3298":"hina","3299":"brosur","3300":"utuh","3301":"abg","3302":"duduklah","3303":"stop","3304":"istriku","3305":"pelanggan","3306":"selasa","3307":"bandung","3308":"lapisan","3309":"sepatutnya","3310":"hiburan","3311":"merebut","3312":"membahayakan","3313":"memahaminya","3314":"iri","3315":"putrinya","3316":"pemeriksaan","3317":"kehancuran","3318":"even","3319":"td","3320":"seorangpun","3321":"biji","3322":"diharapkan","3323":"semenjak","3324":"melatih","3325":"real","3326":"siasia","3327":"pusing","3328":"po","3329":"merencanakan","3330":"kasian","3331":"kerjaan","3332":"okey","3333":"departemen","3334":"pers","3335":"peralatan","3336":"tiens","3337":"ditimpa","3338":"yunus","3339":"sukai","3340":"selamalamanya","3341":"bibi","3342":"keagamaan","3343":"dibentuk","3344":"bertugas","3345":"kudengar","3346":"sensor","3347":"dibebaskan","3348":"massa","3349":"hargai","3350":"bertumbuh","3351":"percuma","3352":"yosua","3353":"harian","3354":"tolonglah","3355":"menyimpang","3356":"pe","3357":"beneran","3358":"cerah","3359":"meragukan","3360":"blog","3361":"kekhawatiran","3362":"red","3363":"mencium","3364":"bedanya","3365":"teratur","3366":"simbol","3367":"paul","3368":"dimaksud","3369":"relatif","3370":"tombol","3371":"relawan","3372":"kejar","3373":"matang","3374":"uda","3375":"berhala","3376":"mengumumkan","3377":"skotlandia","3378":"menghina","3379":"karier","3380":"berperan","3381":"berbahagia","3382":"penyihir","3383":"st","3384":"kesabaran","3385":"sulung","3386":"pesisir","3387":"show","3388":"wawancara","3389":"persediaan","3390":"mempertunjukkan","3391":"keuangan","3392":"wahyu","3393":"kepuasan","3394":"darimana","3395":"berbunyi","3396":"berlanjut","3397":"permohonan","3398":"percobaan","3399":"berkelahi","3400":"mengarah","3401":"susunan","3402":"bersiap","3403":"permen","3404":"keloyalan","3405":"daripadanya","3406":"pengumuman","3407":"adek","3408":"pengkhianat","3409":"seterusnya","3410":"sungguhsungguh","3411":"sungguhan","3412":"mencintaiku","3413":"memilikinya","3414":"soo","3415":"kecenderungan","3416":"pm","3417":"menggoda","3418":"pengorbanan","3419":"keluargaku","3420":"perlukan","3421":"pertahanan","3422":"th","3423":"berhikmat","3424":"jaman","3425":"uni","3426":"babel","3427":"matikan","3428":"memberimu","3429":"tempattempat","3430":"seratus","3431":"balapan","3432":"assalamualaikum","3433":"hitungan","3434":"puluhan","3435":"barangbarang","3436":"hitler","3437":"aspek","3438":"ban","3439":"thread","3440":"pemberian","3441":"bg","3442":"bisanya","3443":"serigala","3444":"cacat","3445":"ceramah","3446":"dibakar","3447":"segini","3448":"respon","3449":"takhta","3450":"carilah","3451":"dihadapi","3452":"terganggu","3453":"botol","3454":"kuil","3455":"tambang","3456":"seiring","3457":"terhitung","3458":"seimbang","3459":"dibiarkan","3460":"penemuan","3461":"saudarasaudara","3462":"diberkati","3463":"dipikirkan","3464":"sepupu","3465":"pukulan","3466":"jak","3467":"unsur","3468":"bpk","3469":"kg","3470":"barry","3471":"mahkota","3472":"terikat","3473":"ra","3474":"pahit","3475":"jane","3476":"university","3477":"salahnya","3478":"diskusi","3479":"apos","3480":"menyebutnya","3481":"atap","3482":"saham","3483":"don","3484":"tujuannya","3485":"rekening","3486":"teknis","3487":"teruskan","3488":"sepasang","3489":"thailand","3490":"bob","3491":"rangka","3492":"ambillah","3493":"right","3494":"manapun","3495":"paksa","3496":"top","3497":"anjuran","3498":"sahur","3499":"madu","3500":"dkt","3501":"rezim","3502":"file","3503":"aliran","3504":"membimbing","3505":"museum","3506":"bandar","3507":"urutan","3508":"dibagi","3509":"sebisa","3510":"tuanku","3511":"melangkah","3512":"merintis","3513":"membingungkan","3514":"terbentuk","3515":"maya","3516":"manfaatnya","3517":"beserta","3518":"fikir","3519":"miss","3520":"idiot","3521":"tabung","3522":"lektur","3523":"see","3524":"pertumbuhan","3525":"memasang","3526":"moyang","3527":"fotonya","3528":"berpurapura","3529":"mencintainya","3530":"facebook","3531":"mutiara","3532":"jalanjalan","3533":"mencetak","3534":"majikan","3535":"denger","3536":"faham","3537":"tank","3538":"los","3539":"tipis","3540":"mutlak","3541":"saudaraku","3542":"transportasi","3543":"ilegal","3544":"makam","3545":"mengungkapkan","3546":"bersandar","3547":"leher","3548":"penyebaran","3549":"dusta","3550":"semata","3551":"kerendahan","3552":"kedatangan","3553":"plus","3554":"melacak","3555":"teknik","3556":"ready","3557":"season","3558":"menghapus","3559":"tema","3560":"apaan","3561":"seluruhnya","3562":"hindari","3563":"menantang","3564":"bangsat","3565":"lalat","3566":"kotoran","3567":"perlahanlahan","3568":"cam","3569":"brasil","3570":"bapa","3571":"pembawa","3572":"menengah","3573":"pekerjaannya","3574":"rut","3575":"digital","3576":"melihatku","3577":"penyelamat","3578":"konon","3579":"seksi","3580":"berhentilah","3581":"kualitas","3582":"henti","3583":"biologi","3584":"iklim","3585":"mencarimu","3586":"rusa","3587":"barangsiapa","3588":"mahkamah","3589":"deket","3590":"semestinya","3591":"keahlian","3592":"siapkan","3593":"sri","3594":"dum","3595":"teddy","3596":"konsentrasi","3597":"polandia","3598":"subur","3599":"tangguh","3600":"teruk","3601":"limpah","3602":"panen","3603":"ingatan","3604":"power","3605":"menyajikan","3606":"kuburan","3607":"lingkaran","3608":"terduga","3609":"panah","3610":"taiwan","3611":"penipuan","3612":"klau","3613":"admin","3614":"jaya","3615":"penerbangan","3616":"sandi","3617":"elizabeth","3618":"mengetahuinya","3619":"mendadak","3620":"hutang","3621":"membenarkan","3622":"berkas","3623":"menyesuaikan","3624":"menyalakan","3625":"diubah","3626":"diperoleh","3627":"insiden","3628":"aktor","3629":"vs","3630":"diperlihatkan","3631":"halal","3632":"menyarankan","3633":"muntah","3634":"membutuhkannya","3635":"kebudayaan","3636":"wajahnya","3637":"lezat","3638":"thank","3639":"han","3640":"mengemudi","3641":"diperbaiki","3642":"kuncinya","3643":"menyembuhkan","3644":"better","3645":"darat","3646":"terbenam","3647":"mengenang","3648":"pengamatan","3649":"album","3650":"lintas","3651":"tertinggi","3652":"jamur","3653":"was","3654":"christian","3655":"bawang","3656":"kesusahan","3657":"pergaulan","3658":"bernafas","3659":"dicari","3660":"mengikat","3661":"ditugaskan","3662":"muak","3663":"kesimpulan","3664":"trik","3665":"bertempur","3666":"pingsan","3667":"gugup","3668":"big","3669":"perpustakaan","3670":"kasi","3671":"dicatat","3672":"bible","3673":"dicapai","3674":"penduduknya","3675":"merasakannya","3676":"tampil","3677":"pendeta","3678":"cemburu","3679":"dibuka","3680":"membantunya","3681":"hah","3682":"alex","3683":"tergerak","3684":"dikit","3685":"cewe","3686":"pipa","3687":"kedalam","3688":"krim","3689":"out","3690":"ron","3691":"menginginkannya","3692":"tentangan","3693":"terbitan","3694":"makanlah","3695":"pelakunya","3696":"ap","3697":"dataran","3698":"diperkirakan","3699":"sedunia","3700":"kemauan","3701":"mz","3702":"republik","3703":"rock","3704":"jaminan","3705":"mo","3706":"diminta","3707":"emg","3708":"selepas","3709":"dipersembahkan","3710":"tuhanmu","3711":"baek","3712":"jim","3713":"crush","3714":"menghentikannya","3715":"adl","3716":"baja","3717":"perbuatannya","3718":"park","3719":"pejuang","3720":"lab","3721":"dilaporkan","3722":"try","3723":"mood","3724":"disaat","3725":"kursus","3726":"trs","3727":"menghidupkan","3728":"secepat","3729":"bab","3730":"jalang","3731":"more","3732":"dipenjarakan","3733":"krisis","3734":"males","3735":"dipecat","3736":"mengutip","3737":"sejenis","3738":"berpendapat","3739":"bolehkah","3740":"tengahtengah","3741":"kurangnya","3742":"menikahi","3743":"sejenak","3744":"kemanusiaan","3745":"mengkhawatirkan","3746":"subjek","3747":"ucapkan","3748":"langka","3749":"black","3750":"little","3751":"nyaris","3752":"membandingkan","3753":"kekuatannya","3754":"harry","3755":"memperkenalkan","3756":"airnya","3757":"shah","3758":"berkorban","3759":"favorit","3760":"kah","3761":"menyukaimu","3762":"membencimu","3763":"tertera","3764":"sosok","3765":"klasik","3766":"live","3767":"nikah","3768":"taraf","3769":"terpisah","3770":"penutup","3771":"ishak","3772":"lorong","3773":"layan","3774":"merekalah","3775":"giliran","3776":"down","3777":"off","3778":"berkunjung","3779":"mentah","3780":"batin","3781":"separuh","3782":"merindukan","3783":"sorry","3784":"persaudaraan","3785":"ketat","3786":"visi","3787":"penghuni","3788":"profesional","3789":"sesaat","3790":"kian","3791":"syukurlah","3792":"lho","3793":"produksi","3794":"fitnah","3795":"asalnya","3796":"kanaan","3797":"firaun","3798":"pengganti","3799":"menyebalkan","3800":"swiss","3801":"test","3802":"pengingat","3803":"membosankan","3804":"tertidur","3805":"take","3806":"samudra","3807":"lembu","3808":"kakinya","3809":"ingkar","3810":"ciptakan","3811":"ciri","3812":"salahmu","3813":"mengerahkan","3814":"kaleng","3815":"wali","3816":"membina","3817":"dewi","3818":"nunggu","3819":"memakannya","3820":"kompleks","3821":"tersayang","3822":"basah","3823":"kesadaran","3824":"menjamin","3825":"ik","3826":"melempar","3827":"mike","3828":"mengingkari","3829":"sayuran","3830":"permata","3831":"team","3832":"mengacaukan","3833":"poin","3834":"rahmat","3835":"runtuh","3836":"lunak","3837":"peradaban","3838":"rugi","3839":"ruf","3840":"sidik","3841":"bersihkan","3842":"ton","3843":"perangai","3844":"hidung","3845":"kemah","3846":"sem","3847":"nantinya","3848":"meera","3849":"pelindung","3850":"perlakuan","3851":"diinginkan","3852":"kelima","3853":"berbahagialah","3854":"menjauhi","3855":"diganti","3856":"seniman","3857":"larut","3858":"helen","3859":"seneng","3860":"judul","3861":"terowongan","3862":"menggigit","3863":"alqur\u00e2n","3864":"men","3865":"negaranegara","3866":"tuamu","3867":"mi","3868":"henry","3869":"buru","3870":"national","3871":"tolak","3872":"sayangi","3873":"permulaan","3874":"asisten","3875":"menetap","3876":"instagram","3877":"kecantikan","3878":"persiapan","3879":"artis","3880":"ejekan","3881":"tl","3882":"disediakan","3883":"mendeteksi","3884":"perkiraan","3885":"nelayan","3886":"tertekan","3887":"gapapa","3888":"panik","3889":"napas","3890":"kelebihan","3891":"tingginya","3892":"nyanyi","3893":"ngapain","3894":"disertai","3895":"mengelilingi","3896":"pertengahan","3897":"hyung","3898":"januari","3899":"ngerti","3900":"young","3901":"liga","3902":"gen","3903":"ibarat","3904":"kekristenan","3905":"meneguhkan","3906":"nyeri","3907":"rupa","3908":"tris","3909":"leluhur","3910":"news","3911":"nada","3912":"berlatih","3913":"times","3914":"back","3915":"jan","3916":"jang","3917":"berniat","3918":"dahsyat","3919":"aamiin","3920":"sebutkan","3921":"apel","3922":"permasalahan","3923":"inget","3924":"doktrin","3925":"nafas","3926":"nder","3927":"nda","3928":"sebagainya","3929":"nazi","3930":"rt","3931":"infeksi","3932":"memanggilmu","3933":"tugasnya","3934":"bersulang","3935":"tatkala","3936":"menjauhkan","3937":"konferensi","3938":"penyebabnya","3939":"kate","3940":"pondok","3941":"katamu","3942":"barubaru","3943":"komunis","3944":"bin","3945":"upah","3946":"update","3947":"pemilu","3948":"fajar","3949":"jumlahnya","3950":"aids","3951":"beralih","3952":"komen","3953":"sen","3954":"habiskan","3955":"menjalin","3956":"semi","3957":"misteri","3958":"perawan","3959":"bkn","3960":"pemakaman","3961":"rantai","3962":"dikalahkan","3963":"umpan","3964":"dijanjikan","3965":"tegur","3966":"undang","3967":"berbaring","3968":"joon","3969":"etika","3970":"pemberontak","3971":"pemberontakan","3972":"sukarela","3973":"sisanya","3974":"unggul","3975":"from","3976":"kes","3977":"televisi","3978":"kasihnya","3979":"koma","3980":"pengakuan","3981":"penindasan","3982":"memberitahuku","3983":"coklat","3984":"bedah","3985":"menyala","3986":"provinsi","3987":"menyamar","3988":"susan","3989":"memindahkan","3990":"pengkhotbah","3991":"akar","3992":"menyangkal","3993":"filipina","3994":"filsafat","3995":"produktif","3996":"diampuni","3997":"khan","3998":"kantong","3999":"haram","4000":"watney","4001":"memotivasi","4002":"menyadarinya","4003":"beragama","4004":"haus","4005":"berteman","4006":"menu","4007":"karyawan","4008":"berabad","4009":"bepergian","4010":"alias","4011":"mempersembahkan","4012":"menuliskan","4013":"bayinya","4014":"dibilang","4015":"van","4016":"kesuksesan","4017":"harinya","4018":"seputar","4019":"taksi","4020":"takpe","4021":"peningkatan","4022":"dibayar","4023":"menariknya","4024":"agustus","4025":"stress","4026":"world","4027":"mantap","4028":"su","4029":"sekretaris","4030":"singkirkan","4031":"tenda","4032":"gabisa","4033":"dipaksa","4034":"parkir","4035":"ae","4036":"suamiku","4037":"mengusir","4038":"steve","4039":"woo","4040":"enggan","4041":"hoax","4042":"pecundang","4043":"partikel","4044":"tentunya","4045":"strategi","4046":"patrick","4047":"gravitasi","4048":"sejarawan","4049":"mencobanya","4050":"kucoba","4051":"tepung","4052":"pisang","4053":"mba","4054":"galaksi","4055":"resiko","4056":"mukanya","4057":"seharian","4058":"singh","4059":"bnyk","4060":"pbb","4061":"hospital","4062":"hiu","4063":"mencolok","4064":"won","4065":"berfirman","4066":"kriminal","4067":"kritik","4068":"segenap","4069":"berpartisipasi","4070":"jatuhkan","4071":"peri","4072":"mulutnya","4073":"berfokus","4074":"kepulauan","4075":"temannya","4076":"kunjungi","4077":"amoral","4078":"pikirkanlah","4079":"cha","4080":"pelaksanaan","4081":"seragam","4082":"galatia","4083":"berutang","4084":"server","4085":"menuruti","4086":"mengesankan","4087":"penjual","4088":"menyanyi","4089":"berkenaan","4090":"rentan","4091":"fondasi","4092":"sejahtera","4093":"pendengar","4094":"dna","4095":"dll","4096":"serahkan","4097":"menyingkir","4098":"filistin","4099":"secepatnya","4100":"berpengalaman","4101":"serious","4102":"serbuk","4103":"cintaku","4104":"musibah","4105":"merdeka","4106":"prospek","4107":"pertahankan","4108":"berpegang","4109":"prosedur","4110":"penipu","4111":"pengantin","4112":"diutus","4113":"risau","4114":"salinan","4115":"pengaruhnya","4116":"prabowo","4117":"pil","4118":"bole","4119":"menyimpannya","4120":"sebutan","4121":"promosi","4122":"doi","4123":"dipenjara","4124":"dituntut","4125":"pelatih","4126":"shh","4127":"disitu","4128":"gasuka","4129":"pekerjaanmu","4130":"dikuasai","4131":"peserta","4132":"pembayaran","4133":"perbuatanmu","4134":"menjadikannya","4135":"bersorak","4136":"dekade","4137":"dulunya","4138":"sektor","4139":"distrik","4140":"percayai","4141":"pembebasan","4142":"menjangkau","4143":"pembahasan","4144":"mineral","4145":"perbaiki","4146":"our","4147":"charles","4148":"rasulrasul","4149":"meninggalkannya","4150":"edward","4151":"naskah","4152":"bersepeda","4153":"pacarmu","4154":"rangkaian","4155":"dijawab","4156":"skynet","4157":"gay","4158":"pembacaan","4159":"modal","4160":"pura","4161":"michelle","4162":"pemburu","4163":"family","4164":"penangkapan","4165":"dak","4166":"busuk","4167":"sekalikali","4168":"sepak","4169":"bertaruh","4170":"merendahkan","4171":"buaya","4172":"gaib","4173":"nick","4174":"said","4175":"patty","4176":"pos","4177":"perpisahan","4178":"menjanjikan","4179":"dirawat","4180":"dpr","4181":"pegi","4182":"dilakukannya","4183":"menguntungkan","4184":"digenapi","4185":"dilatih","4186":"ditakdirkan","4187":"payudara","4188":"pedagang","4189":"next","4190":"ceria","4191":"nga","4192":"bersahabat","4193":"pym","4194":"putriku","4195":"dtg","4196":"diajak","4197":"dihindari","4198":"here","4199":"meneruskan","4200":"memulihkan","4201":"jom","4202":"mandiri","4203":"anjir","4204":"kupu","4205":"there","4206":"who","4207":"gmn","4208":"memutar","4209":"kerjanya","4210":"why","4211":"wib","4212":"umatnya","4213":"menaklukkan","4214":"ambilkan","4215":"berbaris","4216":"bah","4217":"suhu","4218":"kerugian","4219":"yordan","4220":"hiduphidup","4221":"mein","4222":"iphone","4223":"temantemanku","4224":"haih","4225":"maumu","4226":"aing","4227":"hahahah","4228":"tentangmu","4229":"about","4230":"ahmad","4231":"international","4232":"youre","4233":"terancam","4234":"mempraktekkan","4235":"un","4236":"jones","4237":"tsb","4238":"berjaya","4239":"kostum","4240":"ulangi","4241":"luput","4242":"yatim","4243":"street","4244":"mendengarku","4245":"analisis","4246":"asyik","4247":"lulusan","4248":"ikon","4249":"berdoalah","4250":"inci","4251":"great","4252":"kubur","4253":"story","4254":"mendalam","4255":"lord","4256":"imperium","4257":"keberhasilan","4258":"start","4259":"staf","4260":"berdekatan","4261":"study","4262":"kpk","4263":"berhadapan","4264":"mencabut","4265":"kembalilah","4266":"kepolisian","4267":"mahu","4268":"tuk","4269":"mahatinggi","4270":"mendustakan","4271":"lilin","4272":"ji","4273":"tukar","4274":"terkendali","4275":"group","4276":"ingatkan","4277":"berdaya","4278":"tertua","4279":"ws","4280":"ketahuan","4281":"terbangun","4282":"lagipula","4283":"baptisan","4284":"topi","4285":"knp","4286":"melindunginya","4287":"membagi","4288":"mengarahkan","4289":"toilet","4290":"alarm","4291":"tabah","4292":"membahagiakan","4293":"arahan","4294":"karen","4295":"tanpamu","4296":"utamanya","4297":"kadar","4298":"kekasih","4299":"tragedi","4300":"barisan","4301":"keterlaluan","4302":"herbal","4303":"tahunan","4304":"alice","4305":"akankah","4306":"juru","4307":"keibaan","4308":"kekuasaannya","4309":"memerhatikan","4310":"soviet","4311":"kirakira","4312":"taruh","4313":"membatalkan","4314":"bawahnya","4315":"membran","4316":"wajahmu","4317":"belom","4318":"terhadapnya","4319":"menyiksa","4320":"pelanpelan","4321":"sd","4322":"jerawat","4323":"aktivis","4324":"ideide","4325":"jet","4326":"sik","4327":"terkini","4328":"siklus","4329":"suaranya","4330":"siksaan","4331":"penghakiman","4332":"teriak","4333":"club","4334":"uji","4335":"kapanpun","4336":"kaget","4337":"kreatif","4338":"sila","4339":"klerus","4340":"tagihan","4341":"diajarkan","4342":"terjaga","4343":"membiarkannya","4344":"kai","4345":"perbudakan","4346":"mintak","4347":"mematahkan","4348":"memasak","4349":"bicaralah","4350":"berpisah","4351":"dimanapun","4352":"menculik","4353":"mencurinya","4354":"jemput","4355":"duanya","4356":"kudu","4357":"pergerakan","4358":"turki","4359":"singapura","4360":"penganut","4361":"kencing","4362":"dimensi","4363":"kebenarannya","4364":"sastra","4365":"kamarku","4366":"berpengaruh","4367":"cemerlang","4368":"vitamin","4369":"protestan","4370":"pinggir","4371":"jendral","4372":"terlahir","4373":"macan","4374":"kakiku","4375":"perbaikan","4376":"kubantu","4377":"duri","4378":"kenyang","4379":"ubah","4380":"kuberi","4381":"festival","4382":"kenyamanan","4383":"anakanaknya","4384":"dilindungi","4385":"berdiam","4386":"membacakan","4387":"pinjaman","4388":"volume","4389":"akui","4390":"dukung","4391":"memberikannya","4392":"kuberikan","4393":"pelayanannya","4394":"dikeluarkan","4395":"bosen","4396":"moon","4397":"pembohong","4398":"alternatif","4399":"kasut","4400":"menunda","4401":"masukkan","4402":"pendapatan","4403":"motif","4404":"pembuatan","4405":"master","4406":"move","4407":"bis","4408":"kataku","4409":"pemberita","4410":"menubuatkan","4411":"wells","4412":"menyeberangi","4413":"beracun","4414":"konsisten","4415":"mataku","4416":"temuan","4417":"kongres","4418":"penis","4419":"ajar","4420":"jurnalis","4421":"dicuri","4422":"penasihat","4423":"punyaku","4424":"melampaui","4425":"aj","4426":"setelahnya","4427":"kesukaran","4428":"mlm","4429":"penolong","4430":"memintamu","4431":"moga","4432":"tega","4433":"diet","4434":"sewa","4435":"jubah","4436":"cokelat","4437":"marty","4438":"martin","4439":"eun","4440":"emak","4441":"mungkinkah","4442":"munni","4443":"tata","4444":"rapi","4445":"bonus","4446":"rapuh","4447":"umatku","4448":"seruan","4449":"siaran","4450":"pelik","4451":"menanam","4452":"dikelilingi","4453":"seru","4454":"menandatangani","4455":"wisata","4456":"melukiskan","4457":"sersan","4458":"jk","4459":"kotakota","4460":"berasa","4461":"ulangan","4462":"ketujuh","4463":"kor","4464":"sempit","4465":"demam","4466":"hot","4467":"sehun","4468":"kesalahannya","4469":"sari","4470":"diizinkan","4471":"manja","4472":"penyimpanan","4473":"memuliakan","4474":"elektron","4475":"tawanan","4476":"point","4477":"melewatkan","4478":"people","4479":"bela","4480":"menjawabnya","4481":"menyelesaikannya","4482":"dibimbing","4483":"melindungimu","4484":"kuinginkan","4485":"ray","4486":"fb","4487":"kecerdasan","4488":"pesanan","4489":"kemerdekaan","4490":"asalkan","4491":"mengetuk","4492":"tertipu","4493":"nyamuk","4494":"jagung","4495":"mengantuk","4496":"menemuimu","4497":"larangan","4498":"caramu","4499":"oliver","4500":"jarvis","4501":"goreng","4502":"panti","4503":"sangka","4504":"isyarat","4505":"perintahkan","4506":"zona","4507":"anggaran","4508":"keluargamu","4509":"anu","4510":"tumor","4511":"istrimu","4512":"angeles","4513":"bulat","4514":"nyatanya","4515":"kutukan","4516":"kyk","4517":"ldr","4518":"licik","4519":"rohaniwan","4520":"life","4521":"gol","4522":"mengaktifkan","4523":"lega","4524":"butir","4525":"nnti","4526":"zakharia","4527":"kehadiran","4528":"berjaga","4529":"ditempatkan","4530":"ditembak","4531":"dipengaruhi","4532":"menelpon","4533":"lazarus","4534":"ribut","4535":"cat","4536":"ditawarkan","4537":"yefta","4538":"girl","4539":"buruh","4540":"salut","4541":"jae","4542":"acc","4543":"lane","4544":"keluhan","4545":"tokyo","4546":"song","4547":"menerjemahkan","4548":"tol","4549":"kebijaksanaan","4550":"bermasalah","4551":"buahbuahan","4552":"ngeri","4553":"giveaway","4554":"lambang","4555":"otomatis","4556":"tony","4557":"pikiranku","4558":"pastinya","4559":"carol","4560":"ape","4561":"kekebalan","4562":"diselenggarakan","4563":"jackson","4564":"mengenalnya","4565":"kebodohan","4566":"tubuhku","4567":"jdi","4568":"tni","4569":"novel","4570":"kurus","4571":"perwira","4572":"risalah","4573":"hadis","4574":"kesombongan","4575":"pemilihan","4576":"mengajari","4577":"pembantu","4578":"menghakimi","4579":"bogor","4580":"bakat","4581":"flu","4582":"jung","4583":"elok","4584":"survei","4585":"joo","4586":"mitos","4587":"penyembahan","4588":"putuskan","4589":"moab","4590":"teliti","4591":"beraksi","4592":"elliot","4593":"mobilmu","4594":"sholat","4595":"diduga","4596":"curang","4597":"intelijen","4598":"ella","4599":"bupati","4600":"sekarat","4601":"undangundang","4602":"penyalahgunaan","4603":"racun","4604":"shaw","4605":"keluaran","4606":"konsumsi","4607":"terakhirku","4608":"sup","4609":"bentuknya","4610":"berlin","4611":"trims","4612":"website","4613":"ritual","4614":"konser","4615":"menghadap","4616":"memperkirakan","4617":"maroko","4618":"diragukan","4619":"ahok","4620":"menunggumu","4621":"pemberi","4622":"kasihi","4623":"terapi","4624":"pembedahan","4625":"tren","4626":"universal","4627":"engkaulah","4628":"berlindung","4629":"penunggang","4630":"keseimbangan","4631":"blue","4632":"hahah","4633":"lemari","4634":"adiknya","4635":"bensin","4636":"selfie","4637":"bismillah","4638":"bangsabangsa","4639":"senyap","4640":"sentiasa","4641":"pt","4642":"vegas","4643":"over","4644":"tks","4645":"memakainya","4646":"aah","4647":"merugikan","4648":"bat","4649":"hehehe","4650":"senior","4651":"antusias","4652":"disukai","4653":"diabaikan","4654":"klinik","4655":"puisi","4656":"binasa","4657":"melukis","4658":"melukai","4659":"menyerbu","4660":"toretto","4661":"kaku","4662":"pengendalian","4663":"kamarnya","4664":"pengecut","4665":"visual","4666":"membawaku","4667":"harimau","4668":"original","4669":"menyusun","4670":"harun","4671":"bayaran","4672":"claire","4673":"menyuruhku","4674":"california","4675":"pengamat","4676":"tandatanda","4677":"membaik","4678":"fase","4679":"batuk","4680":"membahasnya","4681":"merekam","4682":"pengemudi","4683":"oppa","4684":"laboratorium","4685":"putraku","4686":"bekasi","4687":"puji","4688":"besarnya","4689":"setakat","4690":"tegak","4691":"seharga","4692":"ketegangan","4693":"melanda","4694":"milyar","4695":"menyatukan","4696":"lbh","4697":"pengusaha","4698":"kolonel","4699":"minggir","4700":"menyapa","4701":"hidangan","4702":"irlandia","4703":"capai","4704":"smua","4705":"keliatan","4706":"haji","4707":"penari","4708":"swt","4709":"miliaran","4710":"cant","4711":"kehamilan","4712":"hampa","4713":"mewarisi","4714":"bel","4715":"giat","4716":"zalim","4717":"rombongan","4718":"society","4719":"menyelamatkanmu","4720":"meletakkannya","4721":"pulanglah","4722":"membutuhkanmu","4723":"karan","4724":"canggung","4725":"page","4726":"pendekatan","4727":"menganiaya","4728":"hambanya","4729":"ustadz","4730":"syg","4731":"pendapatmu","4732":"tebak","4733":"waktumu","4734":"penyesuaian","4735":"sinilah","4736":"pameran","4737":"jiwanya","4738":"rekreasi","4739":"keraguan","4740":"two","4741":"menantikan","4742":"tetiba","4743":"meninggalkanmu","4744":"maknanya","4745":"jarum","4746":"sayapnya","4747":"kuberitahu","4748":"subtitle","4749":"pelaut","4750":"sayur","4751":"nicky","4752":"garang","4753":"adat","4754":"bergairah","4755":"kerajaannya","4756":"murtad","4757":"mall","4758":"tgh","4759":"tercinta","4760":"mencurahkan","4761":"brooklyn","4762":"kebinasaan","4763":"dikerjakan","4764":"ilang","4765":"gulungan","4766":"referensi","4767":"buktikan","4768":"gairah","4769":"meneliti","4770":"tunai","4771":"anastasia","4772":"perasaanmu","4773":"tgl","4774":"ganas","4775":"menasihati","4776":"piala","4777":"mencerminkan","4778":"terjadinya","4779":"limbah","4780":"suamimu","4781":"mendidik","4782":"san","4783":"paragraf","4784":"peka","4785":"reggie","4786":"kepedihan","4787":"perisai","4788":"terkuat","4789":"menduduki","4790":"ampuh","4791":"gadisgadis","4792":"liked","4793":"kumpul","4794":"jimmy","4795":"dongeng","4796":"kenya","4797":"doc","4798":"dear","4799":"bersahaja","4800":"strucker","4801":"terwujud","4802":"tersesat","4803":"dave","4804":"terhibur","4805":"grey","4806":"cermat","4807":"lift","4808":"kesakitan","4809":"kembar","4810":"egois","4811":"m\u00fbs\u00e2","4812":"terpencil","4813":"gonna","4814":"baginda","4815":"divisi","4816":"diperlakukan","4817":"reply","4818":"mengomentari","4819":"download","4820":"ttg","4821":"kontrol","4822":"pokoknya","4823":"berlutut","4824":"ranjau","4825":"hub","4826":"ttp","4827":"tuantuan","4828":"atlantik","4829":"munafik","4830":"ramsey","4831":"ntar","4832":"amanat","4833":"bong","4834":"yaaa","4835":"memulainya","4836":"menampilkan","4837":"salib","4838":"bertahap","4839":"rencananya","4840":"haa","4841":"tuaku","4842":"panitia","4843":"imbalan","4844":"mengelola","4845":"pijat","4846":"gus","4847":"perkenan","4848":"bereaksi","4849":"lewatkan","4850":"pilpres","4851":"buahnya","4852":"menjaganya","4853":"lompat","4854":"android","4855":"berbakti","4856":"menghindar","4857":"drastis","4858":"pilot","4859":"kenalan","4860":"ekspresi","4861":"nemu","4862":"dijalankan","4863":"ambang","4864":"reporter","4865":"membawakan","4866":"semudah","4867":"tong","4868":"tonton","4869":"exo","4870":"nan","4871":"lot","4872":"sandera","4873":"kabupaten","4874":"bbm","4875":"dibinasakan","4876":"diatur","4877":"imigran","4878":"pasukannya","4879":"ditanam","4880":"retweet","4881":"awas","4882":"lindungi","4883":"pedesaan","4884":"pagar","4885":"melewatinya","4886":"school","4887":"nasa","4888":"pendusta","4889":"ngan","4890":"atlet","4891":"nil","4892":"terpengaruh","4893":"app","4894":"resep","4895":"dorongan","4896":"tap","4897":"patuh","4898":"dosadosa","4899":"tanduk","4900":"tangani","4901":"only","4902":"pengabdian","4903":"reputasi","4904":"ooh","4905":"meriah","4906":"kakakmu","4907":"kite","4908":"today","4909":"cair","4910":"very","4911":"luhur","4912":"jenazah","4913":"cairan","4914":"toh","4915":"jelah","4916":"tersentuh","4917":"sependapat","4918":"tarian","4919":"avengers","4920":"helikopter","4921":"diorang","4922":"paru","4923":"duniawi","4924":"merangkak","4925":"cacing","4926":"bibir","4927":"pacarnya","4928":"ne","4929":"dibicarakan","4930":"kipas","4931":"kirimkan","4932":"lantas","4933":"kujelaskan","4934":"need","4935":"dibalik","4936":"ngerasa","4937":"bas","4938":"cikgu","4939":"tolol","4940":"protes","4941":"kagak","4942":"pasifik","4943":"manuskrip","4944":"dipastikan","4945":"job","4946":"ekstrem","4947":"motivasi","4948":"diperiksa","4949":"ambik","4950":"sedemikian","4951":"boov","4952":"pembicara","4953":"tentangnya","4954":"pembimbing","4955":"en","4956":"caraku","4957":"balap","4958":"sedar","4959":"ditolak","4960":"tenggara","4961":"kutahu","4962":"nyenyak","4963":"doakan","4964":"sambung","4965":"chffffkau","4966":"terdahulu","4967":"lek","4968":"jalanmu","4969":"malcolm","4970":"rabu","4971":"musisi","4972":"juliet","4973":"momen","4974":"tudung","4975":"badannya","4976":"insinyur","4977":"koran","4978":"salat","4979":"pembaktian","4980":"terbaptis","4981":"ht","4982":"rambutmu","4983":"howard","4984":"bunda","4985":"mulailah","4986":"ramalan","4987":"carson","4988":"interaksi","4989":"rama","4990":"elektronik","4991":"panglima","4992":"martabat","4993":"martha","4994":"diuji","4995":"bodo","4996":"pancasila","4997":"dihormati","4998":"panjangnya","4999":"mrk"}}