{"ita":{"0":"di","1":"che","2":"la","3":"non","4":"il","5":"in","6":"un","7":"per","8":"una","9":"sono","10":"le","11":"si","12":"del","13":"con","14":"ha","15":"ma","16":"da","17":"come","18":"mi","19":"della","20":"questo","21":"se","22":"lo","23":"pi\u00f9","24":"al","25":"ho","26":"ci","27":"io","28":"gli","29":"cosa","30":"nel","31":"dei","32":"perch\u00e9","33":"loro","34":"tom","35":"alla","36":"ti","37":"anche","38":"quando","39":"questa","40":"era","41":"essere","42":"solo","43":"fare","44":"delle","45":"tutto","46":"cos\u00ec","47":"qui","48":"tutti","49":"hanno","50":"me","51":"dio","52":"nella","53":"mio","54":"sei","55":"molto","56":"suo","57":"fatto","58":"ad","59":"su","60":"sua","61":"mia","62":"lei","63":"bene","64":"stato","65":"tu","66":"noi","67":"lui","68":"ora","69":"no","70":"quello","71":"hai","72":"chi","73":"cui","74":"sia","75":"fa","76":"abbiamo","77":"ne","78":"mai","79":"prima","80":"vi","81":"uno","82":"due","83":"anni","84":"dove","85":"dal","86":"costruire","87":"pu\u00f2","88":"tempo","89":"c\u00e8","90":"vita","91":"va","92":"detto","93":"ancora","94":"te","95":"geova","96":"voi","97":"sta","98":"sempre","99":"persone","100":"dopo","101":"parte","102":"quindi","103":"sul","104":"siamo","105":"ogni","106":"cose","107":"poi","108":"modo","109":"qualcosa","110":"mondo","111":"ai","112":"casa","113":"ed","114":"dire","115":"alle","116":"so","117":"dalla","118":"allora","119":"questi","120":"degli","121":"quanto","122":"voglio","123":"sulla","124":"ci\u00f2","125":"grande","126":"altri","127":"giorno","128":"quella","129":"senza","130":"tuo","131":"tra","132":"quel","133":"oggi","134":"queste","135":"vero","136":"li","137":"lavoro","138":"erano","139":"s\u00ec","140":"andare","141":"grazie","142":"tua","143":"proprio","144":"posso","145":"volta","146":"niente","147":"po","148":"dice","149":"forse","150":"suoi","151":"fu","152":"davvero","153":"aveva","154":"altro","155":"via","156":"visto","157":"ges\u00f9","158":"avere","159":"stati","160":"avete","161":"stata","162":"nostra","163":"nuovo","164":"nei","165":"tutte","166":"stesso","167":"signore","168":"sto","169":"sarebbe","170":"vedere","171":"qualcuno","172":"quale","173":"nostro","174":"dai","175":"siete","176":"tre","177":"qualche","178":"penso","179":"bisogno","180":"fuori","181":"meglio","182":"possiamo","183":"molti","184":"andiamo","185":"padre","186":"stai","187":"terra","188":"secondo","189":"nelle","190":"nessuno","191":"ecco","192":"vuoi","193":"alcuni","194":"vuole","195":"meno","196":"adesso","197":"sembra","198":"deve","199":"vai","200":"quelli","201":"certo","202":"tanto","203":"miei","204":"primo","205":"troppo","206":"nome","207":"gente","208":"parlare","209":"devo","210":"fosse","211":"contro","212":"ce","213":"momento","214":"mary","215":"mentre","216":"volte","217":"oh","218":"giorni","219":"puoi","220":"possono","221":"vado","222":"fine","223":"dobbiamo","224":"storia","225":"credo","226":"paese","227":"tutta","228":"parola","229":"uomini","230":"uomo","231":"posto","232":"male","233":"sai","234":"andate","235":"sa","236":"sar\u00e3","237":"nostri","238":"nulla","239":"donna","240":"figlio","241":"figli","242":"sotto","243":"persona","244":"sue","245":"problema","246":"famiglia","247":"fino","248":"verso","249":"piace","250":"caso","251":"bibbia","252":"buona","253":"agli","254":"disse","255":"vanno","256":"dato","257":"altre","258":"insieme","259":"nazionalit\u00e3","260":"ero","261":"parole","262":"circa","263":"fra","264":"far","265":"farlo","266":"viene","267":"cuore","268":"punto","269":"tipo","270":"l\u00ec","271":"devi","272":"aver","273":"lho","274":"egli","275":"favore","276":"facendo","277":"veramente","278":"stanno","279":"negli","280":"gi\u00e3","281":"quali","282":"morte","283":"vostro","284":"potrebbe","285":"governo","286":"madre","287":"soldi","288":"esempio","289":"stessa","290":"sar\u00e0","291":"re","292":"libro","293":"cristo","294":"per\u00f2","295":"invece","296":"bambini","297":"state","298":"fai","299":"giusto","300":"numero","301":"successo","302":"dalle","303":"durante","304":"mano","305":"beh","306":"sapere","307":"buon","308":"quasi","309":"cosi","310":"avuto","311":"testimoni","312":"donne","313":"avrebbe","314":"porta","315":"regno","316":"scuola","317":"sistema","318":"vostra","319":"stiamo","320":"avevo","321":"occhi","322":"anno","323":"n\u00e9","324":"prendere","325":"molte","326":"mezzo","327":"senso","328":"gi\u00e0","329":"trovare","330":"importante","331":"guerra","332":"video","333":"fanno","334":"amico","335":"vorrei","336":"oltre","337":"quelle","338":"abbia","339":"perche","340":"ragione","341":"amici","342":"appena","343":"domani","344":"foto","345":"poco","346":"dovrebbe","347":"forza","348":"vivere","349":"dare","350":"cazzo","351":"legge","352":"letto","353":"piu","354":"mamma","355":"perch\u00e8","356":"mente","357":"moglie","358":"problemi","359":"siano","360":"tuoi","361":"avanti","362":"nuova","363":"comunque","364":"corpo","365":"guarda","366":"ciao","367":"possibile","368":"migliore","369":"col","370":"genitori","371":"notte","372":"macchina","373":"mesi","374":"amore","375":"pagina","376":"bella","377":"presto","378":"testa","379":"significa","380":"citt\u00e0","381":"pure","382":"capire","383":"faccia","384":"ok","385":"strada","386":"pensare","387":"cercare","388":"italia","389":"basta","390":"genere","391":"dovuto","392":"parla","393":"ragazzo","394":"uniti","395":"ragazzi","396":"sui","397":"piacere","398":"potete","399":"milioni","400":"paura","401":"dentro","402":"faccio","403":"preso","404":"futuro","405":"the","406":"sentito","407":"paolo","408":"ragazza","409":"stare","410":"subito","411":"quattro","412":"sicuro","413":"alcune","414":"dell","415":"trovato","416":"dello","417":"unaltra","418":"vediamo","419":"studio","420":"spesso","421":"domanda","422":"servizio","423":"mani","424":"saranno","425":"luce","426":"qualsiasi","427":"grandi","428":"conto","429":"ore","430":"causa","431":"facciamo","432":"mie","433":"lavorare","434":"felice","435":"bambino","436":"difficile","437":"mangiare","438":"fede","439":"sangue","440":"bello","441":"grado","442":"riguardo","443":"ehi","444":"ben","445":"popolo","446":"lha","447":"piccolo","448":"ieri","449":"dispiace","450":"sulle","451":"venire","452":"spirito","453":"situazione","454":"nostre","455":"vedo","456":"abbastanza","457":"daccordo","458":"pensi","459":"vicino","460":"prova","461":"morto","462":"passato","463":"citt\u00e3","464":"dico","465":"volevo","466":"piano","467":"scritto","468":"settimana","469":"vengono","470":"gruppo","471":"chiesto","472":"lungo","473":"motivo","474":"cera","475":"pace","476":"avevano","477":"coloro","478":"fratello","479":"vista","480":"idea","481":"poich\u00e9","482":"davanti","483":"film","484":"furono","485":"vostri","486":"serve","487":"cristiani","488":"volete","489":"capito","490":"almeno","491":"sopra","492":"signor","493":"cinque","494":"perci\u00f2","495":"forte","496":"vera","497":"de","498":"rispetto","499":"giro","500":"prego","501":"morti","502":"all","503":"risposta","504":"polizia","505":"tornare","506":"giovani","507":"vieni","508":"sera","509":"sola","510":"consiglio","511":"new","512":"pronto","513":"fratelli","514":"usare","515":"piuttosto","516":"nemmeno","517":"qual","518":"corso","519":"aiuto","520":"campo","521":"luogo","522":"dicono","523":"tale","524":"stava","525":"tratta","526":"potere","527":"nessun","528":"stanza","529":"essi","530":"giovane","531":"possa","532":"capo","533":"lingua","534":"semplicemente","535":"luomo","536":"messo","537":"dunque","538":"verit\u00e0","539":"voleva","540":"domande","541":"fate","542":"voce","543":"probabilmente","544":"base","545":"sento","546":"presidente","547":"quei","548":"perso","549":"qua","550":"notizia","551":"dicendo","552":"fece","553":"allo","554":"paesi","555":"sappiamo","556":"fatti","557":"succede","558":"devono","559":"chiama","560":"inoltre","561":"dietro","562":"cos\u00e8","563":"andato","564":"risate","565":"dollari","566":"prossimo","567":"piedi","568":"dovremmo","569":"stessi","570":"fuoco","571":"mese","572":"infatti","573":"francese","574":"aiutare","575":"sorella","576":"denaro","577":"vedi","578":"informazioni","579":"avrei","580":"pensavo","581":"facile","582":"attenzione","583":"forma","584":"semplice","585":"dagli","586":"tuttavia","587":"cielo","588":"vogliamo","589":"congregazione","590":"progetto","591":"gran","592":"entrare","593":"media","594":"ultimi","595":"parlando","596":"sapete","597":"cercando","598":"viaggio","599":"neanche","600":"pensato","601":"musica","602":"sentire","603":"cibo","604":"merda","605":"maggior","606":"spero","607":"vacanza","608":"mettere","609":"pubblico","610":"dici","611":"chiesa","612":"umani","613":"seguito","614":"generale","615":"programma","616":"lasciato","617":"diverse","618":"aspetta","619":"specie","620":"spazio","621":"imparare","622":"diversi","623":"dov\u00e8","624":"diavolo","625":"centro","626":"nello","627":"studiare","628":"andando","629":"gioco","630":"alto","631":"signora","632":"esiste","633":"colpa","634":"insegnare","635":"mondiale","636":"bel","637":"pensa","638":"of","639":"livello","640":"tardi","641":"finito","642":"cio\u00e8","643":"acqua","644":"comune","645":"uscire","646":"poteva","647":"dieci","648":"riesco","649":"attraverso","650":"minuti","651":"nessuna","652":"mare","653":"bisogna","654":"umano","655":"scusa","656":"essa","657":"figlia","658":"vogliono","659":"studenti","660":"stavo","661":"sole","662":"amo","663":"eh","664":"effetti","665":"tesoro","666":"tue","667":"conoscenza","668":"speranza","669":"york","670":"vecchio","671":"credere","672":"quanti","673":"doveva","674":"potuto","675":"interessante","676":"capisco","677":"resto","678":"guardare","679":"animali","680":"serie","681":"libri","682":"simile","683":"ricordo","684":"cura","685":"scelta","686":"ricerca","687":"sapevo","688":"cerca","689":"carne","690":"piccola","691":"nazioni","692":"ah","693":"laltro","694":"propria","695":"parlato","696":"cane","697":"magari","698":"soltanto","699":"sinistra","700":"differenza","701":"qualunque","702":"venuto","703":"festa","704":"dati","705":"stasera","706":"chiamato","707":"lontano","708":"religione","709":"ricevuto","710":"verit\u00e3","711":"tanti","712":"creare","713":"indietro","714":"chiedere","715":"diventare","716":"politica","717":"questione","718":"sito","719":"chiaro","720":"roma","721":"tempi","722":"importa","723":"mostra","724":"realt\u00e0","725":"boston","726":"leggere","727":"entrambi","728":"giustizia","729":"arriva","730":"marito","731":"uguale","732":"giornata","733":"diritti","734":"vostre","735":"pensate","736":"ucciso","737":"dovrebbero","738":"seconda","739":"senti","740":"tv","741":"portato","742":"societ\u00e0","743":"fatta","744":"sette","745":"pietro","746":"leggi","747":"prossima","748":"tali","749":"vivo","750":"finch\u00e9","751":"continua","752":"nord","753":"solito","754":"bere","755":"risultato","756":"fronte","757":"vede","758":"avesse","759":"metri","760":"tenere","761":"maggiore","762":"sala","763":"messaggio","764":"case","765":"morire","766":"controllo","767":"inglese","768":"primi","769":"iniziato","770":"buongiorno","771":"funziona","772":"finalmente","773":"periodo","774":"buono","775":"lascia","776":"tante","777":"strano","778":"salute","779":"casi","780":"israele","781":"computer","782":"giocare","783":"zona","784":"far\u00f2","785":"partito","786":"dovrei","787":"realt\u00e3","788":"cambiare","789":"dovete","790":"bravo","791":"cina","792":"conosco","793":"sara","794":"speciale","795":"importanti","796":"societ\u00e3","797":"germania","798":"nota","799":"scoperto","800":"poter","801":"data","802":"parti","803":"destra","804":"matrimonio","805":"dubbio","806":"cervello","807":"intorno","808":"voglia","809":"natale","810":"ovviamente","811":"migliori","812":"passo","813":"deciso","814":"cento","815":"relazione","816":"s\u00e9","817":"secolo","818":"carta","819":"dormire","820":"applausi","821":"valore","822":"potrei","823":"perdere","824":"telefono","825":"maniera","826":"particolare","827":"soprattutto","828":"ottenere","829":"umana","830":"avrebbero","831":"portare","832":"settimane","833":"pochi","834":"diventa","835":"arrivare","836":"twitter","837":"ormai","838":"eravamo","839":"natura","840":"lidea","841":"lettera","842":"serio","843":"gerusalemme","844":"santo","845":"trova","846":"gi\u00f9","847":"esattamente","848":"assolutamente","849":"usa","850":"diede","851":"nonostante","852":"pianeta","853":"capitano","854":"numeri","855":"affari","856":"scritture","857":"fossero","858":"sud","859":"lasciare","860":"coraggio","861":"passare","862":"amica","863":"sarebbero","864":"nuove","865":"lhai","866":"diritto","867":"ministero","868":"presente","869":"roba","870":"naturalmente","871":"vive","872":"sacco","873":"spirituale","874":"aspetto","875":"fame","876":"dovresti","877":"sicurezza","878":"completamente","879":"paio","880":"sar\u00f2","881":"dica","882":"peccato","883":"stia","884":"colui","885":"soli","886":"processo","887":"potremmo","888":"migliaia","889":"anziani","890":"arrivato","891":"energia","892":"vuol","893":"discorso","894":"vedete","895":"potrebbero","896":"danno","897":"nave","898":"camera","899":"classe","900":"sanno","901":"necessario","902":"riguarda","903":"andata","904":"proposito","905":"allah","906":"rapporto","907":"cristiana","908":"scrivere","909":"chiedo","910":"fortuna","911":"fiducia","912":"dottore","913":"voluto","914":"ricordi","915":"chiunque","916":"nuovi","917":"popolazione","918":"linea","919":"scuole","920":"forze","921":"diciamo","922":"scorso","923":"ragazze","924":"gia","925":"guida","926":"reale","927":"san","928":"conoscere","929":"personale","930":"europa","931":"domenica","932":"ministro","933":"australia","934":"mattina","935":"cristiano","936":"sicuramente","937":"guardia","938":"diverso","939":"fondo","940":"scopo","941":"luna","942":"caff\u00e8","943":"notizie","944":"post","945":"giappone","946":"john","947":"evitare","948":"do","949":"purtroppo","950":"com\u00e8","951":"cerano","952":"chiamata","953":"gioia","954":"sicura","955":"d\u00e3","956":"internet","957":"cena","958":"partire","959":"canzone","960":"servono","961":"altra","962":"tecnologia","963":"modi","964":"felici","965":"ritorno","966":"faceva","967":"maria","968":"to","969":"quante","970":"alta","971":"utile","972":"continuare","973":"venne","974":"odio","975":"cinese","976":"gruppi","977":"davide","978":"membri","979":"online","980":"finale","981":"miliardi","982":"imparato","983":"strade","984":"condizioni","985":"comprare","986":"desiderio","987":"pare","988":"web","989":"prezzo","990":"provare","991":"siate","992":"ritardo","993":"vittime","994":"idee","995":"anchio","996":"nazionale","997":"lultima","998":"auto","999":"militari","1000":"pezzo","1001":"pratica","1002":"giusta","1003":"bocca","1004":"propri","1005":"esseri","1006":"ii","1007":"francia","1008":"prigione","1009":"sbagliato","1010":"terribile","1011":"treno","1012":"terzo","1013":"aspettare","1014":"mantenere","1015":"provato","1016":"and","1017":"lamore","1018":"pieno","1019":"caro","1020":"mercato","1021":"sviluppo","1022":"mandato","1023":"finita","1024":"sale","1025":"fantastico","1026":"ama","1027":"nazione","1028":"essendo","1029":"traduzione","1030":"medico","1031":"otto","1032":"usato","1033":"br","1034":"scrive","1035":"piacciono","1036":"lingue","1037":"movimento","1038":"nero","1039":"oppure","1040":"affinch\u00e9","1041":"pericolo","1042":"sesso","1043":"possibilit\u00e0","1044":"squadra","1045":"giovanni","1046":"colore","1047":"prove","1048":"vale","1049":"pensiero","1050":"satana","1051":"pronti","1052":"far\u00e3","1053":"naturale","1054":"permesso","1055":"stelle","1056":"risultati","1057":"russia","1058":"credi","1059":"maggioranza","1060":"rispondere","1061":"pagare","1062":"libert\u00e0","1063":"capelli","1064":"sogno","1065":"irlanda","1066":"immagini","1067":"creato","1068":"piena","1069":"dolore","1070":"sarei","1071":"eri","1072":"rende","1073":"pap\u00e3","1074":"cambiato","1075":"errore","1076":"posizione","1077":"social","1078":"sociale","1079":"segno","1080":"distanza","1081":"esso","1082":"venuta","1083":"normale","1084":"scienza","1085":"dallo","1086":"massimo","1087":"eppure","1088":"pensano","1089":"punti","1090":"perfetto","1091":"lista","1092":"colpo","1093":"blog","1094":"breve","1095":"conosce","1096":"fossi","1097":"opera","1098":"lezione","1099":"piccoli","1100":"spiega","1101":"articolo","1102":"comunit\u00e3","1103":"piacerebbe","1104":"vino","1105":"bellezza","1106":"edifici","1107":"rete","1108":"sembrava","1109":"ebbe","1110":"compagnia","1111":"vicini","1112":"scena","1113":"immediatamente","1114":"opere","1115":"ruolo","1116":"rosso","1117":"luned\u00ec","1118":"incredibile","1119":"carriera","1120":"intenzione","1121":"sabato","1122":"calcio","1123":"fonte","1124":"prendi","1125":"accordo","1126":"seguire","1127":"freddo","1128":"diventato","1129":"presso","1130":"trovo","1131":"prende","1132":"pena","1133":"codice","1134":"culo","1135":"pezzi","1136":"possibilit\u00e3","1137":"perfino","1138":"uccidere","1139":"cultura","1140":"matteo","1141":"consigli","1142":"centinaia","1143":"certamente","1144":"impossibile","1145":"chiave","1146":"manca","1147":"pensando","1148":"regione","1149":"comprato","1150":"chiamo","1151":"presenti","1152":"minuto","1153":"campagna","1154":"piaciuto","1155":"malattia","1156":"ricorda","1157":"reso","1158":"unico","1159":"facebook","1160":"pagine","1161":"luca","1162":"politico","1163":"salve","1164":"lato","1165":"cominciato","1166":"cambiamento","1167":"peggio","1168":"prime","1169":"raggiungere","1170":"armi","1171":"basso","1172":"merito","1173":"torna","1174":"presenza","1175":"fin","1176":"prodotti","1177":"condotta","1178":"famiglie","1179":"passa","1180":"banche","1181":"alcuna","1182":"solamente","1183":"studi","1184":"sorpresa","1185":"posti","1186":"passi","1187":"ognuno","1188":"libero","1189":"nove","1190":"vecchia","1191":"londra","1192":"porti","1193":"comportamento","1194":"simili","1195":"comando","1196":"ebrei","1197":"negozi","1198":"principale","1199":"ordine","1200":"preghiera","1201":"molta","1202":"internazionale","1203":"onore","1204":"distruzione","1205":"aspetti","1206":"aperto","1207":"virus","1208":"contrario","1209":"guardate","1210":"pronta","1211":"salvini","1212":"bagno","1213":"violenza","1214":"testo","1215":"cambio","1216":"persino","1217":"struttura","1218":"visita","1219":"stesse","1220":"l\u00e3","1221":"stavano","1222":"chiese","1223":"torre","1224":"messico","1225":"babilonia","1226":"venga","1227":"buone","1228":"libert\u00e3","1229":"mostrare","1230":"rimanere","1231":"lavorato","1232":"esatto","1233":"giuda","1234":"sorelle","1235":"controllare","1236":"chiede","1237":"india","1238":"crisi","1239":"servire","1240":"ve","1241":"locale","1242":"guardi","1243":"lhanno","1244":"gennaio","1245":"ex","1246":"direzione","1247":"soluzione","1248":"troviamo","1249":"lunga","1250":"cittadini","1251":"dura","1252":"met\u00e3","1253":"met\u00e0","1254":"decisione","1255":"papa","1256":"lunico","1257":"you","1258":"divertente","1259":"entro","1260":"attimo","1261":"veloce","1262":"delluomo","1263":"farti","1264":"terreno","1265":"conosciuto","1266":"sarai","1267":"costa","1268":"altrimenti","1269":"benissimo","1270":"succedendo","1271":"dite","1272":"nell","1273":"ponte","1274":"vengo","1275":"potenza","1276":"pur","1277":"negozio","1278":"malattie","1279":"sapeva","1280":"dammi","1281":"pressione","1282":"memoria","1283":"partita","1284":"comincia","1285":"faremo","1286":"morta","1287":"biblico","1288":"riesce","1289":"coi","1290":"capitale","1291":"banca","1292":"be","1293":"abitanti","1294":"alcun","1295":"incontrato","1296":"articoli","1297":"scusi","1298":"nato","1299":"scelto","1300":"basi","1301":"ridere","1302":"sugli","1303":"spagna","1304":"leader","1305":"caldo","1306":"resta","1307":"discepoli","1308":"lavori","1309":"argentina","1310":"ricordare","1311":"andr\u00e3","1312":"immagine","1313":"silenzio","1314":"marzo","1315":"termine","1316":"progetti","1317":"radio","1318":"triste","1319":"avevamo","1320":"fammi","1321":"rischio","1322":"chilometri","1323":"chiamare","1324":"profeta","1325":"finire","1326":"brasile","1327":"incontro","1328":"amiche","1329":"interesse","1330":"andremo","1331":"vite","1332":"tempio","1333":"superiore","1334":"luoghi","1335":"stazione","1336":"farmi","1337":"capi","1338":"peso","1339":"mos\u00e8","1340":"dimenticato","1341":"ultimo","1342":"direi","1343":"mille","1344":"lapostolo","1345":"atti","1346":"grecia","1347":"zero","1348":"caccia","1349":"allinizio","1350":"insegnanti","1351":"giornalista","1352":"vinto","1353":"scegliere","1354":"buoni","1355":"potresti","1356":"crescita","1357":"giornale","1358":"pericoloso","1359":"braccio","1360":"allinterno","1361":"milano","1362":"pelle","1363":"tornato","1364":"cio","1365":"grosso","1366":"parli","1367":"pane","1368":"pesce","1369":"parliamo","1370":"mangiato","1371":"lanno","1372":"totale","1373":"paziente","1374":"canada","1375":"mediante","1376":"verde","1377":"devessere","1378":"bianco","1379":"adamo","1380":"servitori","1381":"politici","1382":"esse","1383":"conosci","1384":"spada","1385":"tanta","1386":"rimasto","1387":"entra","1388":"diceva","1389":"farsi","1390":"ospedali","1391":"ristorante","1392":"sguardo","1393":"promesso","1394":"on","1395":"inizio","1396":"infine","1397":"stupido","1398":"cucina","1399":"generazione","1400":"proposta","1401":"lacqua","1402":"elezioni","1403":"comunicazione","1404":"giapponese","1405":"son","1406":"politiche","1407":"bambina","1408":"intelligente","1409":"giudizio","1410":"strumento","1411":"gatto","1412":"ricevere","1413":"attivit\u00e0","1414":"unidea","1415":"sembrano","1416":"cercato","1417":"d\u00e0","1418":"pensiamo","1419":"misura","1420":"ottimo","1421":"debito","1422":"principio","1423":"avr\u00e3","1424":"sente","1425":"ospedale","1426":"porto","1427":"battaglia","1428":"avvocato","1429":"occasione","1430":"blu","1431":"amare","1432":"fermo","1433":"sentimenti","1434":"chiaramente","1435":"testimone","1436":"richiede","1437":"labbiamo","1438":"parco","1439":"teoria","1440":"compleanno","1441":"pubblica","1442":"unito","1443":"anzi","1444":"aprire","1445":"farla","1446":"frutto","1447":"gloria","1448":"insegnante","1449":"dando","1450":"amp","1451":"prodotto","1452":"pagato","1453":"concetto","1454":"proprie","1455":"cavallo","1456":"sin","1457":"sapienza","1458":"spettacolo","1459":"rendere","1460":"scarpe","1461":"errori","1462":"colpito","1463":"arrivo","1464":"esperienza","1465":"aspettando","1466":"sfida","1467":"vestiti","1468":"villaggio","1469":"cara","1470":"secondi","1471":"far\u00e0","1472":"andati","1473":"risorse","1474":"cominci\u00f2","1475":"rivelazione","1476":"michael","1477":"potente","1478":"latte","1479":"promessa","1480":"piazza","1481":"messa","1482":"locali","1483":"parlo","1484":"avendo","1485":"avessi","1486":"coronavirus","1487":"regole","1488":"inutile","1489":"pazzo","1490":"poveri","1491":"recente","1492":"belle","1493":"scoprire","1494":"azioni","1495":"dicembre","1496":"gt","1497":"vederlo","1498":"volont\u00e0","1499":"combattere","1500":"guai","1501":"certa","1502":"continuo","1503":"luglio","1504":"certi","1505":"guidare","1506":"difesa","1507":"lavora","1508":"sindaco","1509":"segreto","1510":"crede","1511":"usando","1512":"vergogna","1513":"sorta","1514":"dall","1515":"materiale","1516":"sostenere","1517":"italiano","1518":"pistola","1519":"italian","1520":"tipi","1521":"chiami","1522":"restare","1523":"lopera","1524":"prese","1525":"fiume","1526":"morale","1527":"dirlo","1528":"test","1529":"esserci","1530":"ascoltare","1531":"affatto","1532":"lettere","1533":"and\u00f2","1534":"medici","1535":"maggio","1536":"tavolo","1537":"eterna","1538":"ricordate","1539":"puttana","1540":"andr\u00f2","1541":"greco","1542":"n\u00e8","1543":"visione","1544":"partecipare","1545":"ascolta","1546":"dipende","1547":"mancanza","1548":"contatto","1549":"questanno","1550":"saltare","1551":"droga","1552":"racconto","1553":"metto","1554":"nemici","1555":"dovevano","1556":"iniziare","1557":"potesse","1558":"nonna","1559":"rivoluzione","1560":"scienziati","1561":"vivono","1562":"vento","1563":"ragioni","1564":"illustrazione","1565":"entrambe","1566":"cercano","1567":"stile","1568":"dolce","1569":"verr\u00e3","1570":"meraviglioso","1571":"arrestato","1572":"libera","1573":"uso","1574":"risponde","1575":"suono","1576":"condizione","1577":"unite","1578":"coscienza","1579":"voci","1580":"smettere","1581":"ovunque","1582":"predicazione","1583":"stampa","1584":"oggetto","1585":"compagni","1586":"autorit\u00e0","1587":"presa","1588":"aperta","1589":"permette","1590":"okay","1591":"sogni","1592":"etiopia","1593":"brava","1594":"abbiano","1595":"comunit\u00e0","1596":"crea","1597":"divenne","1598":"ufficiale","1599":"risolvere","1600":"settore","1601":"immaginare","1602":"piangere","1603":"pranzo","1604":"veri","1605":"siria","1606":"it","1607":"attento","1608":"prendiamo","1609":"italiani","1610":"qualit\u00e0","1611":"sig","1612":"israeliti","1613":"fretta","1614":"alberi","1615":"milione","1616":"paradiso","1617":"terza","1618":"religiosi","1619":"forti","1620":"responsabile","1621":"parlano","1622":"lasci","1623":"correre","1624":"sede","1625":"cancro","1626":"protezione","1627":"produzione","1628":"giochi","1629":"corte","1630":"vari","1631":"salvezza","1632":"volo","1633":"studente","1634":"salvare","1635":"parenti","1636":"praticamente","1637":"fumo","1638":"decidere","1639":"autostrade","1640":"capacit\u00e0","1641":"modello","1642":"rumore","1643":"interessi","1644":"territorio","1645":"piccole","1646":"accanto","1647":"lunica","1648":"affrontare","1649":"riesci","1650":"diversa","1651":"hey","1652":"veniva","1653":"sacrificio","1654":"dimmi","1655":"patto","1656":"trovano","1657":"possano","1658":"nigeria","1659":"campi","1660":"monte","1661":"linguaggio","1662":"lasciate","1663":"risposto","1664":"stronzo","1665":"nemico","1666":"pensieri","1667":"torno","1668":"mette","1669":"aiuta","1670":"marco","1671":"venerd\u00ec","1672":"danni","1673":"velocemente","1674":"fattorie","1675":"egitto","1676":"brutto","1677":"facilmente","1678":"disponibili","1679":"finestra","1680":"intero","1681":"bellissima","1682":"cominciare","1683":"pd","1684":"rapidamente","1685":"volevano","1686":"sociali","1687":"spiegazione","1688":"costruzione","1689":"valori","1690":"esempi","1691":"duro","1692":"cani","1693":"perfetta","1694":"daniele","1695":"chiuso","1696":"laltra","1697":"agosto","1698":"adunanze","1699":"rotto","1700":"conversazione","1701":"riuscito","1702":"turchia","1703":"creature","1704":"principali","1705":"riunione","1706":"unocchiata","1707":"ottobre","1708":"potevano","1709":"ufficio","1710":"bellissimo","1711":"vecchi","1712":"uccelli","1713":"schifo","1714":"gambe","1715":"speriamo","1716":"fabbriche","1717":"t\u00e8","1718":"grave","1719":"pubblicato","1720":"cambia","1721":"giudei","1722":"americano","1723":"aprile","1724":"pomeriggio","1725":"svegliatevi","1726":"dir\u00f2","1727":"farci","1728":"averlo","1729":"piani","1730":"segni","1731":"ucraina","1732":"beni","1733":"passati","1734":"ciascuno","1735":"rosa","1736":"servizi","1737":"passaporto","1738":"momenti","1739":"arrivata","1740":"spiegare","1741":"motivi","1742":"credevo","1743":"scusate","1744":"capitolo","1745":"blogger","1746":"zio","1747":"montagna","1748":"ristoranti","1749":"disposizione","1750":"capisci","1751":"forme","1752":"fiori","1753":"inghilterra","1754":"materiali","1755":"tocca","1756":"creatore","1757":"testimonianza","1758":"centrale","1759":"muore","1760":"lago","1761":"espressione","1762":"soldati","1763":"vissuto","1764":"euro","1765":"pioggia","1766":"quegli","1767":"puo","1768":"guardando","1769":"camminare","1770":"storie","1771":"notare","1772":"creazione","1773":"muro","1774":"dovevo","1775":"spirituali","1776":"tizio","1777":"giugno","1778":"cinema","1779":"famoso","1780":"riuscire","1781":"regalo","1782":"riusciti","1783":"spalle","1784":"saggio","1785":"tiene","1786":"lavorando","1787":"titolo","1788":"lintera","1789":"news","1790":"mezzi","1791":"cambiamenti","1792":"celeste","1793":"l\u00e0","1794":"chiudere","1795":"secoli","1796":"decisioni","1797":"lacrime","1798":"conseguenze","1799":"africa","1800":"varie","1801":"fermare","1802":"parigi","1803":"folla","1804":"david","1805":"sparato","1806":"voto","1807":"animale","1808":"zitto","1809":"vincere","1810":"insomma","1811":"commenti","1812":"fecero","1813":"grattacieli","1814":"visitato","1815":"perdita","1816":"profondo","1817":"conta","1818":"dichiarazione","1819":"venite","1820":"contiene","1821":"confronti","1822":"significato","1823":"andrai","1824":"responsabilit\u00e0","1825":"ministri","1826":"gas","1827":"premio","1828":"rivista","1829":"effettivamente","1830":"addosso","1831":"romani","1832":"idiota","1833":"credono","1834":"professore","1835":"palazzo","1836":"civile","1837":"attorno","1838":"colori","1839":"vivi","1840":"imprese","1841":"risposte","1842":"biblici","1843":"sensazione","1844":"giuseppe","1845":"giuro","1846":"america","1847":"globale","1848":"economica","1849":"mattino","1850":"mr","1851":"sicuri","1852":"fedele","1853":"versione","1854":"neppure","1855":"avresti","1856":"immagino","1857":"pertanto","1858":"malato","1859":"frase","1860":"george","1861":"sebbene","1862":"dia","1863":"traffico","1864":"vada","1865":"documenti","1866":"universit\u00e3","1867":"aiutato","1868":"direttore","1869":"considerare","1870":"costruito","1871":"aiuti","1872":"dimensioni","1873":"origine","1874":"stamattina","1875":"certe","1876":"potevo","1877":"somma","1878":"raggiunto","1879":"viso","1880":"esperti","1881":"scrisse","1882":"sufficiente","1883":"superficie","1884":"mentale","1885":"stagione","1886":"saperlo","1887":"birra","1888":"specialmente","1889":"spiace","1890":"appartamento","1891":"avevi","1892":"isaia","1893":"fisico","1894":"zone","1895":"settembre","1896":"vuoto","1897":"acque","1898":"pietra","1899":"cipro","1900":"sami","1901":"tieni","1902":"direttamente","1903":"sacerdoti","1904":"passaggio","1905":"que","1906":"lotta","1907":"diamo","1908":"biblioteca","1909":"andava","1910":"rimane","1911":"salmo","1912":"vittoria","1913":"atto","1914":"dimostrare","1915":"enorme","1916":"rispose","1917":"lega","1918":"tal","1919":"potreste","1920":"legale","1921":"napoli","1922":"calce","1923":"gay","1924":"ponti","1925":"assieme","1926":"libia","1927":"note","1928":"attesa","1929":"nonno","1930":"cattivo","1931":"povero","1932":"pap\u00e0","1933":"figlie","1934":"esce","1935":"rappresenta","1936":"seduto","1937":"trattato","1938":"guerre","1939":"nascita","1940":"man","1941":"suonare","1942":"sessuale","1943":"serata","1944":"repubblica","1945":"mettono","1946":"addirittura","1947":"capisce","1948":"arrabbiato","1949":"difficolt\u00e0","1950":"utenti","1951":"perde","1952":"oggetti","1953":"concerto","1954":"prestito","1955":"pakistan","1956":"uscito","1957":"completa","1958":"mangia","1959":"improvvisamente","1960":"importanza","1961":"by","1962":"medicina","1963":"mezza","1964":"funzione","1965":"stanco","1966":"paul","1967":"angeli","1968":"avr\u00e0","1969":"ricco","1970":"matematica","1971":"stranieri","1972":"gentile","1973":"scendere","1974":"matt","1975":"barca","1976":"chiedono","1977":"svezia","1978":"padri","1979":"date","1980":"regina","1981":"pero","1982":"fianco","1983":"divina","1984":"termini","1985":"grazia","1986":"debole","1987":"terremoto","1988":"calma","1989":"et\u00e0","1990":"avremmo","1991":"amicizie","1992":"prenotare","1993":"estremamente","1994":"maggiori","1995":"conseguenza","1996":"misericordia","1997":"santa","1998":"cari","1999":"essenziale","2000":"esprimere","2001":"dacqua","2002":"anima","2003":"vorrebbe","2004":"missione","2005":"tratto","2006":"farai","2007":"faranno","2008":"ferma","2009":"mostrato","2010":"arrivati","2011":"inizia","2012":"tramite","2013":"coppia","2014":"bench\u00e9","2015":"aziende","2016":"racconta","2017":"el","2018":"sistemi","2019":"effetto","2020":"cerco","2021":"attivit\u00e3","2022":"speciali","2023":"sposato","2024":"formazione","2025":"preghiere","2026":"dettagli","2027":"portata","2028":"vedono","2029":"contenuti","2030":"regolarmente","2031":"pizza","2032":"fondi","2033":"americani","2034":"pensava","2035":"morendo","2036":"conosciamo","2037":"porte","2038":"uguali","2039":"esser","2040":"ringrazio","2041":"dimostrato","2042":"macchine","2043":"qualit\u00e3","2044":"tema","2045":"finta","2046":"cinesi","2047":"minimo","2048":"sorriso","2049":"tg","2050":"saresti","2051":"dissi","2052":"prendete","2053":"saremo","2054":"bordo","2055":"belgio","2056":"pubblici","2057":"prendo","2058":"economia","2059":"buio","2060":"mise","2061":"efficace","2062":"palle","2063":"insegna","2064":"occhio","2065":"pazienti","2066":"palla","2067":"sezione","2068":"religiosa","2069":"familiari","2070":"azione","2071":"limite","2072":"mal","2073":"diventando","2074":"anzich\u00e9","2075":"metti","2076":"discussione","2077":"decine","2078":"saputo","2079":"vennero","2080":"perdono","2081":"addio","2082":"aumento","2083":"arene","2084":"dimenticare","2085":"fatte","2086":"precedente","2087":"pausa","2088":"accettare","2089":"birrerie","2090":"pecore","2091":"scozia","2092":"mila","2093":"peccati","2094":"destino","2095":"austria","2096":"intendo","2097":"one","2098":"responsabilit\u00e3","2099":"crescere","2100":"agente","2101":"militare","2102":"vicenda","2103":"stanca","2104":"episodio","2105":"dinanzi","2106":"corsa","2107":"attualmente","2108":"cantare","2109":"borsa","2110":"ballare","2111":"contesto","2112":"razza","2113":"paga","2114":"tentativo","2115":"sappia","2116":"bar","2117":"relazioni","2118":"commesso","2119":"cavalli","2120":"nascosto","2121":"gravi","2122":"membro","2123":"poche","2124":"realmente","2125":"sembrare","2126":"ia","2127":"osservare","2128":"venti","2129":"ambiente","2130":"incarico","2131":"ted","2132":"petrolio","2133":"fedeli","2134":"comprendere","2135":"accade","2136":"liberi","2137":"pubblicazioni","2138":"mica","2139":"capacit\u00e3","2140":"nucleare","2141":"sacerdote","2142":"gara","2143":"pazienza","2144":"miglior","2145":"giornalisti","2146":"lora","2147":"funzioni","2148":"utili","2149":"vederti","2150":"volto","2151":"esperienze","2152":"portogallo","2153":"massa","2154":"windows","2155":"afferma","2156":"proteste","2157":"protesta","2158":"avranno","2159":"times","2160":"preferito","2161":"mondiali","2162":"continui","2163":"joe","2164":"luno","2165":"carino","2166":"aspettate","2167":"albero","2168":"dichiarato","2169":"popolare","2170":"doro","2171":"mausolei","2172":"desideri","2173":"diventata","2174":"sforzo","2175":"nera","2176":"aereo","2177":"parlarne","2178":"avviene","2179":"soddisfare","2180":"fondamentale","2181":"tribunale","2182":"cellule","2183":"compagno","2184":"denti","2185":"apostoli","2186":"familiare","2187":"giudice","2188":"corrente","2189":"positivo","2190":"usata","2191":"indica","2192":"sbaglio","2193":"geremia","2194":"avessero","2195":"amorevole","2196":"conoscete","2197":"richiesta","2198":"materia","2199":"torta","2200":"accettato","2201":"distretto","2202":"meravigliosa","2203":"tweet","2204":"vietnam","2205":"perfettamente","2206":"lettori","2207":"is","2208":"dottor","2209":"aree","2210":"p\u00f2","2211":"allimprovviso","2212":"adoro","2213":"sforzi","2214":"robert","2215":"stavamo","2216":"deserto","2217":"cile","2218":"particolarmente","2219":"analisi","2220":"rifiuti","2221":"accesso","2222":"esistono","2223":"universale","2224":"damore","2225":"messi","2226":"quarto","2227":"insegnato","2228":"comandante","2229":"interessa","2230":"evidente","2231":"super","2232":"vie","2233":"avrai","2234":"sarete","2235":"conti","2236":"controlli","2237":"lavoratori","2238":"notato","2239":"lultimo","2240":"dono","2241":"dichiara","2242":"omicidio","2243":"preferisco","2244":"precedenti","2245":"capace","2246":"rifugiati","2247":"viva","2248":"schiavo","2249":"considerato","2250":"usiamo","2251":"comunicare","2252":"dna","2253":"atteggiamento","2254":"diretta","2255":"attacchi","2256":"esame","2257":"norme","2258":"tenente","2259":"gentili","2260":"los","2261":"cieco","2262":"mattatoi","2263":"tavola","2264":"biblioteche","2265":"pasto","2266":"ghiaccio","2267":"togliere","2268":"unica","2269":"sinagoghe","2270":"naso","2271":"cliente","2272":"sposa","2273":"argomenti","2274":"ultima","2275":"tranquillo","2276":"conte","2277":"compito","2278":"bulgaria","2279":"chiamano","2280":"costo","2281":"difficili","2282":"uscita","2283":"cavolo","2284":"allevamenti","2285":"sbagliata","2286":"eventi","2287":"usano","2288":"bassa","2289":"fui","2290":"profezia","2291":"stanotte","2292":"curva","2293":"semplici","2294":"sembri","2295":"biglietto","2296":"italiana","2297":"portano","2298":"coshai","2299":"europea","2300":"lavorano","2301":"benedizione","2302":"baracche","2303":"scala","2304":"caduta","2305":"rapporti","2306":"fila","2307":"farei","2308":"permettere","2309":"leggendo","2310":"unora","2311":"privilegio","2312":"vide","2313":"brutta","2314":"dott","2315":"questuomo","2316":"tenuto","2317":"metodo","2318":"accaduto","2319":"segnale","2320":"canale","2321":"organizzazione","2322":"aiutarmi","2323":"regime","2324":"resa","2325":"mike","2326":"segue","2327":"originale","2328":"difficolt\u00e3","2329":"scrittura","2330":"recentemente","2331":"figura","2332":"organizzazioni","2333":"sudafrica","2334":"finisce","2335":"star","2336":"laiuto","2337":"abita","2338":"avremo","2339":"lasciami","2340":"continuamente","2341":"profondamente","2342":"uccisi","2343":"argomento","2344":"andranno","2345":"vestito","2346":"prendendo","2347":"signorina","2348":"emozioni","2349":"sopportare","2350":"oddio","2351":"romania","2352":"intanto","2353":"abiti","2354":"immaginate","2355":"quantit\u00e0","2356":"doppio","2357":"cattiva","2358":"appartiene","2359":"saudita","2360":"occidentale","2361":"timore","2362":"attuale","2363":"crollo","2364":"polvere","2365":"carlo","2366":"medio","2367":"allanno","2368":"studiato","2369":"maestro","2370":"riferisce","2371":"riferimento","2372":"sullo","2373":"et\u00e3","2374":"noto","2375":"considerazione","2376":"abbiate","2377":"obiettivo","2378":"malvagio","2379":"evento","2380":"jack","2381":"questioni","2382":"diviso","2383":"sostegno","2384":"network","2385":"passione","2386":"sentite","2387":"aria","2388":"neri","2389":"co","2390":"vicina","2391":"preparato","2392":"conferenza","2393":"condividere","2394":"incontrare","2395":"mostrano","2396":"cellulare","2397":"informazione","2398":"smettila","2399":"mappa","2400":"succedere","2401":"agire","2402":"condannato","2403":"riuscite","2404":"nomi","2405":"stronzate","2406":"piacevole","2407":"laspetto","2408":"sport","2409":"ni","2410":"predicare","2411":"novembre","2412":"scorsa","2413":"sacro","2414":"saggezza","2415":"bestia","2416":"cieli","2417":"completo","2418":"convinto","2419":"centri","2420":"uruguay","2421":"nonne","2422":"incidente","2423":"cristiane","2424":"cresciuto","2425":"ella","2426":"scusami","2427":"foresta","2428":"autorit\u00e3","2429":"turno","2430":"raccontare","2431":"migliorare","2432":"aperti","2433":"titoli","2434":"rubato","2435":"signori","2436":"rimasti","2437":"na","2438":"segreti","2439":"offre","2440":"governi","2441":"movimenti","2442":"personaggio","2443":"governatore","2444":"armonia","2445":"prendono","2446":"esercito","2447":"anna","2448":"preoccuparti","2449":"camion","2450":"fallo","2451":"glielo","2452":"ami","2453":"tedesco","2454":"arrivano","2455":"templi","2456":"seno","2457":"club","2458":"assemblee","2459":"padrone","2460":"dirmi","2461":"ricchi","2462":"onda","2463":"scatola","2464":"promesse","2465":"odore","2466":"bisogni","2467":"carcere","2468":"sapevano","2469":"continu\u00f2","2470":"aspettavo","2471":"piatto","2472":"nuotare","2473":"lanima","2474":"estate","2475":"malta","2476":"poesia","2477":"punta","2478":"madri","2479":"poliziotto","2480":"fiamme","2481":"sessuali","2482":"evidentemente","2483":"portate","2484":"dovreste","2485":"compiere","2486":"venivano","2487":"sostiene","2488":"mo","2489":"possesso","2490":"trov\u00f2","2491":"contenuto","2492":"misure","2493":"destro","2494":"felicit\u00e0","2495":"neve","2496":"colpevole","2497":"suolo","2498":"probabile","2499":"servitore","2500":"faraone","2501":"debba","2502":"finora","2503":"eliminare","2504":"finlandia","2505":"singolo","2506":"distruggere","2507":"benignit\u00e0","2508":"occhiali","2509":"collaborazione","2510":"battuta","2511":"dover","2512":"dovere","2513":"seriamente","2514":"utilizzare","2515":"falsi","2516":"ferite","2517":"anziano","2518":"ms","2519":"collega","2520":"produrre","2521":"venuti","2522":"febbraio","2523":"regola","2524":"letteralmente","2525":"visti","2526":"rossa","2527":"lituania","2528":"legno","2529":"costi","2530":"propriet\u00e3","2531":"partenza","2532":"raccolta","2533":"lentamente","2534":"scappare","2535":"continuano","2536":"raccogliere","2537":"attentamente","2538":"proteggere","2539":"trovata","2540":"guardo","2541":"galles","2542":"stretta","2543":"ricerche","2544":"arte","2545":"radice","2546":"proverbi","2547":"ascoltato","2548":"alti","2549":"peggiore","2550":"percio","2551":"limiti","2552":"lascio","2553":"parl\u00f2","2554":"rimangono","2555":"rotta","2556":"volevi","2557":"lanciato","2558":"viviamo","2559":"blocco","2560":"chiediamo","2561":"carico","2562":"vivente","2563":"personalmente","2564":"pura","2565":"vittima","2566":"timoteo","2567":"tornata","2568":"piaceva","2569":"disturbo","2570":"versetto","2571":"religioso","2572":"dita","2573":"religioni","2574":"chiusa","2575":"sacrifici","2576":"agenti","2577":"straordinario","2578":"william","2579":"ridurre","2580":"riceve","2581":"quantit\u00e3","2582":"istruzione","2583":"pregare","2584":"gradi","2585":"andrea","2586":"bangladesh","2587":"coinvolto","2588":"conclusione","2589":"contento","2590":"moderna","2591":"sorpreso","2592":"gratis","2593":"chiamati","2594":"generazioni","2595":"greca","2596":"sveglia","2597":"distrutto","2598":"eva","2599":"europei","2600":"disponibile","2601":"attacco","2602":"facevo","2603":"avvenimenti","2604":"quadrato","2605":"dissero","2606":"colleghi","2607":"americana","2608":"avrete","2609":"costante","2610":"proprietario","2611":"partiti","2612":"offrire","2613":"diventano","2614":"marted\u00ec","2615":"velocit\u00e3","2616":"situazioni","2617":"norvegia","2618":"posta","2619":"truppe","2620":"senzaltro","2621":"eccellente","2622":"ricchezza","2623":"intelligenza","2624":"profonda","2625":"ebbene","2626":"produce","2627":"buonanotte","2628":"pastore","2629":"vedrai","2630":"onde","2631":"cimiteri","2632":"sedia","2633":"dubbi","2634":"niger","2635":"piante","2636":"marocco","2637":"amano","2638":"compiti","2639":"portati","2640":"riquadro","2641":"televisione","2642":"design","2643":"conferma","2644":"presentazione","2645":"ospiti","2646":"giardino","2647":"sostanza","2648":"apre","2649":"tragedia","2650":"conflitto","2651":"verr\u00e0","2652":"fuga","2653":"provincia","2654":"favorevole","2655":"recenti","2656":"top","2657":"illustrazioni","2658":"ultime","2659":"chiedi","2660":"cerchiamo","2661":"rimasta","2662":"spiegato","2663":"bielorussia","2664":"simbolo","2665":"cristianesimo","2666":"potremo","2667":"orecchie","2668":"comunale","2669":"potr\u00e0","2670":"vattene","2671":"spinto","2672":"mor\u00ec","2673":"marie","2674":"osserva","2675":"spesa","2676":"vedendo","2677":"giudici","2678":"uccide","2679":"preoccupare","2680":"km","2681":"marcia","2682":"bob","2683":"farebbe","2684":"bibliche","2685":"moschee","2686":"sii","2687":"grafico","2688":"carte","2689":"tomba","2690":"rock","2691":"trasporto","2692":"trasmissione","2693":"economico","2694":"commento","2695":"ll","2696":"allaltro","2697":"livelli","2698":"indirizzo","2699":"volare","2700":"individui","2701":"assistere","2702":"rischi","2703":"risalto","2704":"tranquilla","2705":"linee","2706":"d\u00e8i","2707":"letteratura","2708":"rossi","2709":"entrato","2710":"sorprendente","2711":"grano","2712":"stadio","2713":"lenergia","2714":"disposto","2715":"quadro","2716":"istruzioni","2717":"sonno","2718":"tratti","2719":"quartiere","2720":"uganda","2721":"appuntamento","2722":"ridicolo","2723":"navi","2724":"russa","2725":"luci","2726":"anticipo","2727":"considerate","2728":"numerosi","2729":"disegnare","2730":"bestiame","2731":"dovesse","2732":"giornali","2733":"fotografia","2734":"scelte","2735":"messia","2736":"pietre","2737":"larticolo","2738":"programmi","2739":"frattempo","2740":"seguente","2741":"sentirsi","2742":"dibattito","2743":"pesci","2744":"seguono","2745":"frutti","2746":"paraguay","2747":"standard","2748":"tendenza","2749":"lati","2750":"fumare","2751":"funzionare","2752":"darmi","2753":"oro","2754":"parere","2755":"pari","2756":"dar\u00f2","2757":"aiutarti","2758":"darti","2759":"congregazioni","2760":"vendere","2761":"canzoni","2762":"adorazione","2763":"vince","2764":"aerei","2765":"scuse","2766":"scrittore","2767":"fisica","2768":"scale","2769":"mettiamo","2770":"sentivo","2771":"presentato","2772":"trovi","2773":"pienamente","2774":"for","2775":"campione","2776":"percorso","2777":"adulti","2778":"battesimo","2779":"provando","2780":"russo","2781":"show","2782":"beneficio","2783":"dovr\u00e3","2784":"albania","2785":"feste","2786":"precedenza","2787":"stupidi","2788":"necessaria","2789":"menti","2790":"dottori","2791":"miracolo","2792":"nasce","2793":"azienda","2794":"andai","2795":"disraele","2796":"copia","2797":"odia","2798":"schiena","2799":"qualcun","2800":"spiaggia","2801":"steve","2802":"esperto","2803":"colonnello","2804":"dito","2805":"voler","2806":"danimarca","2807":"scientifica","2808":"nn","2809":"mela","2810":"salvato","2811":"feriti","2812":"spagnolo","2813":"decisi","2814":"rovina","2815":"ulteriori","2816":"cattolica","2817":"viventi","2818":"benedizioni","2819":"frank","2820":"stretto","2821":"interessati","2822":"benessere","2823":"circostanze","2824":"buco","2825":"vantaggio","2826":"siti","2827":"antonio","2828":"crescente","2829":"riusciamo","2830":"fotografica","2831":"lasciamo","2832":"raccontato","2833":"attivisti","2834":"dominio","2835":"dettaglio","2836":"risulta","2837":"ammettere","2838":"bacio","2839":"lattenzione","2840":"elementi","2841":"necessit\u00e0","2842":"elemento","2843":"cominciarono","2844":"strumenti","2845":"quest","2846":"critica","2847":"talmente","2848":"negativo","2849":"continuate","2850":"aiuter\u00e3","2851":"illegale","2852":"cerchio","2853":"taglio","2854":"cima","2855":"palco","2856":"pro","2857":"file","2858":"esserlo","2859":"dappertutto","2860":"vedremo","2861":"innocente","2862":"aggiunge","2863":"credito","2864":"cercate","2865":"frasi","2866":"dar","2867":"islanda","2868":"tradizione","2869":"spese","2870":"fattori","2871":"laboratorio","2872":"causato","2873":"viaggi","2874":"colazione","2875":"carattere","2876":"ascolto","2877":"fan","2878":"considera","2879":"trenta","2880":"avr\u00f2","2881":"genesi","2882":"sveglio","2883":"coglione","2884":"votato","2885":"vendita","2886":"washington","2887":"tedeschi","2888":"manifestazione","2889":"andrete","2890":"google","2891":"torniamo","2892":"discutere","2893":"facciano","2894":"godere","2895":"cosha","2896":"biblica","2897":"cor","2898":"discorsi","2899":"pulita","2900":"svizzera","2901":"ali","2902":"global","2903":"bevuto","2904":"clienti","2905":"condanna","2906":"presi","2907":"ossa","2908":"ovvero","2909":"biglietti","2910":"confine","2911":"previsto","2912":"umane","2913":"giobbe","2914":"fargli","2915":"giov","2916":"uova","2917":"notevole","2918":"dellaltro","2919":"farvi","2920":"lasciatemi","2921":"resistere","2922":"rivolta","2923":"mar","2924":"maschio","2925":"messaggi","2926":"devozione","2927":"bugiardo","2928":"disciplina","2929":"moto","2930":"sull","2931":"raggi","2932":"romanzo","2933":"complesso","2934":"pacifico","2935":"vangelo","2936":"rimanente","2937":"alex","2938":"partecipazione","2939":"cadere","2940":"attenti","2941":"seguendo","2942":"pianto","2943":"volere","2944":"presenta","2945":"canadese","2946":"angelo","2947":"democrazia","2948":"cazzate","2949":"robot","2950":"roccia","2951":"lauto","2952":"mostr\u00f2","2953":"porno","2954":"personali","2955":"datemi","2956":"dirti","2957":"montagne","2958":"gestire","2959":"possibili","2960":"profezie","2961":"innamorato","2962":"racconti","2963":"tirare","2964":"fantastica","2965":"mossa","2966":"complimenti","2967":"duramente","2968":"riso","2969":"componenti","2970":"cc","2971":"live","2972":"tonnellate","2973":"corretta","2974":"organizzato","2975":"popoli","2976":"linglese","2977":"vedrete","2978":"rabbia","2979":"disastro","2980":"eccolo","2981":"parlava","2982":"mettete","2983":"normalmente","2984":"appello","2985":"fase","2986":"danza","2987":"pianta","2988":"famosa","2989":"metro","2990":"responsabili","2991":"venendo","2992":"estonia","2993":"lettonia","2994":"sopravvivenza","2995":"sentenza","2996":"vitale","2997":"temperatura","2998":"accuse","2999":"strana","3000":"sarah","3001":"mancano","3002":"darsi","3003":"salire","3004":"fermato","3005":"contratto","3006":"coltello","3007":"ovvio","3008":"lunghezza","3009":"hotel","3010":"resi","3011":"venisse","3012":"dedicato","3013":"bevi","3014":"chiusi","3015":"salvo","3016":"mandare","3017":"arabia","3018":"usati","3019":"magia","3020":"grossi","3021":"offerto","3022":"laggi\u00f9","3023":"est","3024":"dallaltra","3025":"primavera","3026":"bravi","3027":"sapendo","3028":"ricordato","3029":"schiavi","3030":"difendere","3031":"tetto","3032":"occupato","3033":"orologio","3034":"taxi","3035":"vorresti","3036":"bei","3037":"successivo","3038":"abbandonare","3039":"cure","3040":"missionari","3041":"disegno","3042":"dallinizio","3043":"internazionali","3044":"tecniche","3045":"mogli","3046":"trattamento","3047":"genova","3048":"civili","3049":"resistenza","3050":"ordini","3051":"degno","3052":"vidi","3053":"stupida","3054":"carica","3055":"bianca","3056":"ruota","3057":"suona","3058":"james","3059":"soluzioni","3060":"world","3061":"street","3062":"tecnica","3063":"rifugio","3064":"velocit\u00e0","3065":"saul","3066":"stavi","3067":"invito","3068":"povera","3069":"bici","3070":"antichi","3071":"merita","3072":"comuni","3073":"pratiche","3074":"wow","3075":"scoperta","3076":"descrive","3077":"van","3078":"iniziativa","3079":"caratteristiche","3080":"toccato","3081":"lettura","3082":"speranze","3083":"deriva","3084":"auguri","3085":"dottoressa","3086":"peggiori","3087":"uccisa","3088":"venduto","3089":"documento","3090":"cambiata","3091":"calore","3092":"spazzatura","3093":"volevamo","3094":"riconoscere","3095":"lesempio","3096":"belli","3097":"lee","3098":"abraamo","3099":"osservato","3100":"resti","3101":"conforto","3102":"laura","3103":"ascoltate","3104":"divenire","3105":"traccia","3106":"riescono","3107":"congresso","3108":"disagio","3109":"accetto","3110":"labbra","3111":"notate","3112":"supporto","3113":"studentesse","3114":"volontari","3115":"liberazione","3116":"vs","3117":"insetti","3118":"leggete","3119":"orribile","3120":"record","3121":"divertimento","3122":"spaziale","3123":"tranne","3124":"leggo","3125":"conoscenze","3126":"piatti","3127":"regali","3128":"ispirato","3129":"dora","3130":"interessato","3131":"juve","3132":"sparare","3133":"dimensione","3134":"comporta","3135":"soldato","3136":"svolta","3137":"appunto","3138":"mezzanotte","3139":"iniziamo","3140":"guardato","3141":"arriv\u00f2","3142":"guardie","3143":"temo","3144":"tasso","3145":"perse","3146":"allospedale","3147":"aev","3148":"stiano","3149":"have","3150":"moderno","3151":"russi","3152":"eravate","3153":"prezzi","3154":"sensi","3155":"contare","3156":"arrivando","3157":"potr\u00e3","3158":"energie","3159":"trovate","3160":"ferito","3161":"cioccolato","3162":"enormi","3163":"guardami","3164":"ross","3165":"fenomeno","3166":"entrate","3167":"usate","3168":"viola","3169":"benvenuti","3170":"darvi","3171":"account","3172":"guadagnare","3173":"stadi","3174":"prospettiva","3175":"gola","3176":"gioved\u00ec","3177":"preoccupato","3178":"stipendio","3179":"personalit\u00e0","3180":"sergente","3181":"facevano","3182":"proviamo","3183":"angolo","3184":"abbraccio","3185":"preoccupazioni","3186":"giusti","3187":"coglioni","3188":"chiara","3189":"mario","3190":"cerchi","3191":"golf","3192":"stop","3193":"prossimi","3194":"magnifico","3195":"giacomo","3196":"malati","3197":"muovere","3198":"muove","3199":"pubblicit\u00e0","3200":"grasso","3201":"fastidio","3202":"teatro","3203":"angeles","3204":"mulder","3205":"prescindere","3206":"altezza","3207":"muoiono","3208":"zelanda","3209":"scherzo","3210":"viaggiare","3211":"consiste","3212":"unita","3213":"cellula","3214":"filo","3215":"allepoca","3216":"edizione","3217":"lintero","3218":"smesso","3219":"nervoso","3220":"riuscita","3221":"quotidiano","3222":"vantaggi","3223":"crescono","3224":"cresciuta","3225":"xxx","3226":"allestero","3227":"palermo","3228":"zia","3229":"meta","3230":"include","3231":"risurrezione","3232":"nipote","3233":"mettendo","3234":"dellanno","3235":"crimine","3236":"corinti","3237":"privata","3238":"seme","3239":"dargli","3240":"superare","3241":"ferro","3242":"mentendo","3243":"impatto","3244":"fermi","3245":"piangendo","3246":"inizialmente","3247":"portando","3248":"mercati","3249":"palestre","3250":"credete","3251":"kong","3252":"folle","3253":"campionato","3254":"giallo","3255":"tensione","3256":"giapponesi","3257":"ultimamente","3258":"vacanze","3259":"ac","3260":"chiavi","3261":"girare","3262":"corsi","3263":"profilo","3264":"mettersi","3265":"oriente","3266":"retta","3267":"pantaloni","3268":"realizzato","3269":"cifre","3270":"scritta","3271":"giu","3272":"coda","3273":"sostengono","3274":"farmaci","3275":"stima","3276":"profeti","3277":"scritti","3278":"arresto","3279":"bill","3280":"moda","3281":"progressi","3282":"generalmente","3283":"trovava","3284":"ascolti","3285":"schema","3286":"stavolta","3287":"schermo","3288":"aiutarvi","3289":"confronto","3290":"schiavit\u00f9","3291":"dieta","3292":"mentire","3293":"opinioni","3294":"accadere","3295":"ordinato","3296":"desidera","3297":"chiuse","3298":"amicizia","3299":"fermati","3300":"operazioni","3301":"dipendenti","3302":"digitale","3303":"rese","3304":"messe","3305":"clero","3306":"bloccato","3307":"francesi","3308":"apri","3309":"aiutano","3310":"segretario","3311":"daltra","3312":"fattore","3313":"camicia","3314":"fattoria","3315":"vicine","3316":"aiutarla","3317":"dimostra","3318":"bloccare","3319":"spera","3320":"battuto","3321":"seguaci","3322":"genio","3323":"probabilit\u00e0","3324":"averla","3325":"vendetta","3326":"prender\u00f2","3327":"giuste","3328":"sincero","3329":"sinceramente","3330":"abbandonato","3331":"spieg\u00f2","3332":"lezioni","3333":"email","3334":"unit\u00e0","3335":"emergenza","3336":"solitudine","3337":"pot\u00e9","3338":"english","3339":"lopportunit\u00e0","3340":"coprire","3341":"somalia","3342":"necessarie","3343":"ufficiali","3344":"invisibile","3345":"antico","3346":"invitato","3347":"preparare","3348":"lumanit\u00e0","3349":"allaeroporto","3350":"squadre","3351":"are","3352":"inverno","3353":"will","3354":"sinistro","3355":"liberare","3356":"pericoli","3357":"accidenti","3358":"dovremo","3359":"inferno","3360":"dovuta","3361":"cadavere","3362":"link","3363":"riserva","3364":"cattive","3365":"compassione","3366":"business","3367":"comitato","3368":"rinunciare","3369":"copie","3370":"liddio","3371":"intende","3372":"soggetto","3373":"commerciale","3374":"riusciva","3375":"unauto","3376":"potenziale","3377":"studia","3378":"solare","3379":"potevamo","3380":"compagna","3381":"costretto","3382":"bastardo","3383":"ridotto","3384":"offerta","3385":"esterno","3386":"aspettiamo","3387":"gregge","3388":"penna","3389":"grandioso","3390":"leggiamo","3391":"bottiglia","3392":"manco","3393":"pulito","3394":"iniziano","3395":"acquistare","3396":"tecnologie","3397":"altrettanto","3398":"torni","3399":"basata","3400":"troia","3401":"johnny","3402":"pubblicata","3403":"fallito","3404":"falso","3405":"pensarci","3406":"legame","3407":"muscoli","3408":"vorr\u00e3","3409":"sapore","3410":"brooklyn","3411":"harry","3412":"brian","3413":"salto","3414":"allorch\u00e9","3415":"obiettivi","3416":"charlie","3417":"gusto","3418":"partner","3419":"cronaca","3420":"contrasto","3421":"esplorare","3422":"dedicati","3423":"espressioni","3424":"suoni","3425":"comandamento","3426":"bando","3427":"corretto","3428":"unautomobile","3429":"controlla","3430":"pericolosa","3431":"day","3432":"piede","3433":"consigliere","3434":"costituzione","3435":"corrispondente","3436":"successiva","3437":"corpi","3438":"parlate","3439":"consideriamo","3440":"sposarsi","3441":"definizione","3442":"parlamento","3443":"storico","3444":"statunitense","3445":"studiando","3446":"ascoltando","3447":"stella","3448":"ottenuto","3449":"culturale","3450":"stabilito","3451":"passate","3452":"croce","3453":"dar\u00e0","3454":"reddito","3455":"corea","3456":"limmagine","3457":"preferirei","3458":"tasse","3459":"my","3460":"musulmani","3461":"trattare","3462":"mercoled\u00ec","3463":"inglesi","3464":"raga","3465":"mura","3466":"riportato","3467":"muoversi","3468":"frega","3469":"scopri","3470":"ripresa","3471":"influenza","3472":"prenda","3473":"insegnamenti","3474":"sabbia","3475":"fresca","3476":"instagram","3477":"verranno","3478":"combattuto","3479":"trovati","3480":"immigrati","3481":"salva","3482":"mentito","3483":"weekend","3484":"interamente","3485":"ciclo","3486":"licenza","3487":"benvenuto","3488":"benzina","3489":"nata","3490":"nastro","3491":"salomone","3492":"luniverso","3493":"hitler","3494":"ciascun","3495":"naturali","3496":"bianchi","3497":"hong","3498":"vetro","3499":"prigionieri","3500":"felicit\u00e3","3501":"incinta","3502":"professionisti","3503":"fermata","3504":"riuscivo","3505":"lode","3506":"aggiunto","3507":"formaggio","3508":"romano","3509":"fidanzato","3510":"impedire","3511":"fiera","3512":"city","3513":"minaccia","3514":"minacce","3515":"seduta","3516":"segnali","3517":"avreste","3518":"negativi","3519":"tempesta","3520":"lire","3521":"tiro","3522":"servi","3523":"motore","3524":"certezza","3525":"risolto","3526":"sequenza","3527":"indice","3528":"preparazione","3529":"modelli","3530":"farne","3531":"monti","3532":"metta","3533":"temere","3534":"fatica","3535":"tenuta","3536":"bicicletta","3537":"quelluomo","3538":"big","3539":"center","3540":"potranno","3541":"interno","3542":"sam","3543":"sviluppato","3544":"condotto","3545":"rendono","3546":"reparto","3547":"pi\u016f","3548":"maggiormente","3549":"alcuno","3550":"sopravvivere","3551":"giulia","3552":"aiutarci","3553":"zucchero","3554":"divano","3555":"poliziotti","3556":"quarta","3557":"no\u00e8","3558":"divino","3559":"alessandro","3560":"sostanze","3561":"dirgli","3562":"confermato","3563":"onesto","3564":"orientale","3565":"unici","3566":"veloci","3567":"chiamiamo","3568":"largo","3569":"pilota","3570":"chiamate","3571":"maio","3572":"layla","3573":"uccise","3574":"diffusione","3575":"regolare","3576":"sovranit\u00e0","3577":"dimentichi","3578":"trib\u00f9","3579":"totalmente","3580":"bomba","3581":"piove","3582":"confusione","3583":"realizzazione","3584":"bruciare","3585":"riflettere","3586":"potenti","3587":"chitarra","3588":"gatti","3589":"galera","3590":"auguro","3591":"jim","3592":"solitamente","3593":"torino","3594":"medicine","3595":"durata","3596":"rappresentano","3597":"positiva","3598":"aumenta","3599":"possiede","3600":"gioca","3601":"leonardo","3602":"nonch\u00e9","3603":"chiedendo","3604":"unimmagine","3605":"troppi","3606":"inventato","3607":"trono","3608":"guardiamo","3609":"unit\u00e3","3610":"potevi","3611":"provate","3612":"sano","3613":"software","3614":"bla","3615":"toscana","3616":"provi","3617":"banda","3618":"cugini","3619":"quanta","3620":"imbarazzante","3621":"allultimo","3622":"lunghi","3623":"avviso","3624":"maiale","3625":"lorganizzazione","3626":"persecuzione","3627":"stress","3628":"visite","3629":"with","3630":"passando","3631":"particelle","3632":"culturali","3633":"idioti","3634":"identit\u00e0","3635":"particolari","3636":"time","3637":"arriver\u00e3","3638":"riposo","3639":"trasportare","3640":"carina","3641":"lesperienza","3642":"leone","3643":"vorremmo","3644":"istituzioni","3645":"tradurre","3646":"pensai","3647":"cappello","3648":"cos","3649":"capite","3650":"aumentare","3651":"ricercatori","3652":"capita","3653":"babbo","3654":"intervista","3655":"reali","3656":"king","3657":"aiutami","3658":"succeder\u00e3","3659":"capaci","3660":"aiutarli","3661":"aiutarlo","3662":"ladri","3663":"reato","3664":"successivi","3665":"relativamente","3666":"lavete","3667":"larea","3668":"larga","3669":"lasciando","3670":"kim","3671":"intervento","3672":"cos\u0117","3673":"levoluzione","3674":"quindici","3675":"impegnato","3676":"impresa","3677":"ritiene","3678":"lobiettivo","3679":"rispondi","3680":"trasformare","3681":"rispettare","3682":"voices","3683":"indicano","3684":"vola","3685":"radici","3686":"indossare","3687":"tirato","3688":"credeva","3689":"linfluenza","3690":"crederci","3691":"libano","3692":"rimase","3693":"interessanti","3694":"intendi","3695":"intelligenti","3696":"allarme","3697":"lordine","3698":"cassa","3699":"ringraziare","3700":"categoria","3701":"raggio","3702":"toccare","3703":"inizi","3704":"mancava","3705":"strutture","3706":"pulizia","3707":"conosceva","3708":"mando","3709":"berbero","3710":"decreto","3711":"nazionali","3712":"ufficialmente","3713":"equilibrio","3714":"necessari","3715":"esami","3716":"definito","3717":"abitudini","3718":"significativo","3719":"delinquenti","3720":"potrai","3721":"uffici","3722":"elettrica","3723":"assoluto","3724":"elenco","3725":"stabilire","3726":"colpire","3727":"mostro","3728":"fallimento","3729":"pa","3730":"facciamolo","3731":"prendermi","3732":"team","3733":"narin","3734":"tazza","3735":"eterno","3736":"college","3737":"contenta","3738":"essenzialmente","3739":"bevande","3740":"escono","3741":"saremmo","3742":"spostare","3743":"sino","3744":"superato","3745":"pollo","3746":"occupata","3747":"vengano","3748":"bassi","3749":"pi\u0173","3750":"svolgere","3751":"divorzio","3752":"disco","3753":"ospite","3754":"pionieri","3755":"confronta","3756":"opinione","3757":"opportunit\u00e3","3758":"dicevano","3759":"dirvi","3760":"dizionario","3761":"now","3762":"zoo","3763":"potessi","3764":"poteri","3765":"eccola","3766":"ecc","3767":"commissario","3768":"commissione","3769":"supermercato","3770":"benefici","3771":"nicola","3772":"nientaltro","3773":"ossigeno","3774":"compiuto","3775":"dovevi","3776":"tagliato","3777":"noti","3778":"farcela","3779":"cm","3780":"europeo","3781":"furto","3782":"miglia","3783":"scienze","3784":"sedere","3785":"marina","3786":"prof","3787":"flickr","3788":"fondamentali","3789":"formare","3790":"alzati","3791":"scrivendo","3792":"testamento","3793":"fortunato","3794":"affetto","3795":"mark","3796":"foste","3797":"francesco","3798":"scoperte","3799":"frequentare","3800":"terapia","3801":"frodo","3802":"genitore","3803":"pesante","3804":"paragone","3805":"scherzando","3806":"chiss\u00e3","3807":"chiude","3808":"fossimo","3809":"provvedimento","3810":"seduti","3811":"mm","3812":"stomaco","3813":"sentimento","3814":"mand\u00f2","3815":"pubblicit\u00e3","3816":"ulteriore","3817":"procedura","3818":"miss","3819":"ferita","3820":"misero","3821":"tenda","3822":"scienziato","3823":"principe","3824":"principi","3825":"petto","3826":"festival","3827":"alunni","3828":"principalmente","3829":"minori","3830":"chiamava","3831":"coniuge","3832":"capiscono","3833":"completato","3834":"thomas","3835":"composto","3836":"unione","3837":"concluso","3838":"continuato","3839":"conoscono","3840":"braccia","3841":"they","3842":"attenta","3843":"that","3844":"canta","3845":"cammino","3846":"vadano","3847":"comprensione","3848":"avvertimento","3849":"avvocati","3850":"avvicina","3851":"at","3852":"colpiti","3853":"caduto","3854":"colpi","3855":"copertura","3856":"contenti","3857":"contatti","3858":"coperto","3859":"conversazioni","3860":"uni","3861":"trascorso","3862":"cellulari","3863":"basa","3864":"bicchiere","3865":"uscendo","3866":"trump","3867":"comandamenti","3868":"casino","3869":"tradizionale","3870":"terre","3871":"charles","3872":"compagnie","3873":"avessimo","3874":"superiori","3875":"bandiera","3876":"tifosi","3877":"calmo","3878":"traduzioni","3879":"clima","3880":"tono","3881":"cominciano","3882":"bruce","3883":"tenga","3884":"competizione","3885":"tornando","3886":"unenorme","3887":"ripreso","3888":"sorveglianti","3889":"scritte","3890":"fornisce","3891":"villaggi","3892":"lespressione","3893":"mucchio","3894":"fondamentalmente","3895":"disegni","3896":"mostri","3897":"disperatamente","3898":"lettore","3899":"youtube","3900":"disposti","3901":"veniamo","3902":"we","3903":"firma","3904":"liceo","3905":"ragionevole","3906":"soliti","3907":"finestre","3908":"mobili","3909":"limportanza","3910":"princ\u00ecpi","3911":"agio","3912":"filippo","3913":"fotografie","3914":"appropriato","3915":"fottuto","3916":"diretto","3917":"giocatore","3918":"poca","3919":"lambiente","3920":"religiose","3921":"deposito","3922":"giacobbe","3923":"amato","3924":"gesto","3925":"registrato","3926":"lascer\u00f2","3927":"scherzi","3928":"amiamo","3929":"soggetti","3930":"laveva","3931":"nervi","3932":"accordi","3933":"funzionato","3934":"nati","3935":"preciso","3936":"esistenza","3937":"dipartimento","3938":"realizzare","3939":"frutta","3940":"nascere","3941":"dipinto","3942":"fredda","3943":"netizen","3944":"olanda","3945":"fidati","3946":"soffrire","3947":"qualcosaltro","3948":"elevato","3949":"elia","3950":"mafia","3951":"puro","3952":"set","3953":"massima","3954":"maschera","3955":"siediti","3956":"prov","3957":"anti","3958":"settimo","3959":"affermato","3960":"sexy","3961":"puntata","3962":"antenati","3963":"sfide","3964":"esci","3965":"esclusivamente","3966":"provenienti","3967":"provvedimenti","3968":"mancare","3969":"esercizi","3970":"manda","3971":"mangiano","3972":"falsa","3973":"false","3974":"africani","3975":"promuovere","3976":"andarono","3977":"andarsene","3978":"doveri","3979":"rachel","3980":"apparso","3981":"professori","3982":"apparire","3983":"raccolto","3984":"dovute","3985":"appare","3986":"feci","3987":"soccorso","3988":"ancor","3989":"andr\u00e0","3990":"verdi","3991":"ebbero","3992":"fatemi","3993":"metodi","3994":"lontani","3995":"aggiungere","3996":"vere","3997":"louis","3998":"eccezionale","3999":"menzogna","4000":"lupo","4001":"educazione","4002":"lontana","4003":"scambio","4004":"reazione","4005":"esperimenti","4006":"grossa","4007":"alluomo","4008":"grida","4009":"incredibilmente","4010":"deboli","4011":"otteniamo","4012":"visitare","4013":"alimentare","4014":"ricompensa","4015":"pasqua","4016":"jimmy","4017":"culto","4018":"abramo","4019":"volante","4020":"armaghedon","4021":"grato","4022":"passeggeri","4023":"arti","4024":"votare","4025":"stando","4026":"incidenti","4027":"palestinesi","4028":"riforma","4029":"rilassati","4030":"curare","4031":"cugine","4032":"arrivederci","4033":"rosse","4034":"interni","4035":"impegnati","4036":"impegno","4037":"interi","4038":"parecchio","4039":"dan","4040":"sacra","4041":"personalit\u00e3","4042":"dannazione","4043":"sal","4044":"arrabbiata","4045":"dellacqua","4046":"jo","4047":"indipendentemente","4048":"corruzione","4049":"splendida","4050":"innamorata","4051":"iniziale","4052":"pericolosi","4053":"spiriti","4054":"periodi","4055":"gol","4056":"perla","4057":"ascoltami","4058":"pensione","4059":"sposare","4060":"creati","4061":"voti","4062":"area","4063":"pioniere","4064":"sbrigati","4065":"visibile","4066":"giudicare","4067":"percento","4068":"virt\u00f9","4069":"opposizione","4070":"or","4071":"lofferta","4072":"collo","4073":"sfortunatamente","4074":"imitare","4075":"impiego","4076":"attraversare","4077":"volont\u00e3","4078":"interventi","4079":"esplosione","4080":"annunciato","4081":"loccasione","4082":"riposare","4083":"sentiva","4084":"carro","4085":"lonore","4086":"logica","4087":"tatoeba","4088":"fedelmente","4089":"espresso","4090":"ingannare","4091":"ritengono","4092":"indipendente","4093":"assunto","4094":"riparare","4095":"puzza","4096":"maledetto","4097":"risoluzione","4098":"facolt\u00e0","4099":"seria","4100":"cattolici","4101":"indicato","4102":"tedesca","4103":"evoluzione","4104":"inizi\u00f2","4105":"centimetri","4106":"indicare","4107":"risparmiare","4108":"allerta","4109":"fantasma","4110":"riserve","4111":"indovinare","4112":"ev","4113":"fantasmi","4114":"cassetta","4115":"farli","4116":"inclusi","4117":"faro","4118":"lorologio","4119":"rimedio","4120":"little","4121":"lalto","4122":"lisa","4123":"ricca","4124":"furgone","4125":"fuochi","4126":"ricevono","4127":"graeie","4128":"alternative","4129":"funzionano","4130":"leali","4131":"capodanno","4132":"legati","4133":"tradizionali","4134":"frequenza","4135":"gratitudine","4136":"autobus","4137":"capolavoro","4138":"reazioni","4139":"terrestre","4140":"revisione","4141":"terribili","4142":"reputazione","4143":"respirare","4144":"chiam\u00f2","4145":"lamerica","4146":"lancia","4147":"regolamento","4148":"restano","4149":"tradizioni","4150":"retro","4151":"ambientale","4152":"largomento","4153":"urla","4154":"lascialo","4155":"lasciata","4156":"gamba","4157":"latina","4158":"scende","4159":"what","4160":"scott","4161":"universitari","4162":"tenebre","4163":"line","4164":"giosu\u00e8","4165":"identificato","4166":"tim","4167":"cerc\u00f2","4168":"trappola","4169":"buttato","4170":"rifiuto","4171":"andarci","4172":"autori","4173":"topo","4174":"andartene","4175":"andavano","4176":"rompere","4177":"identificare","4178":"audio","4179":"saggi","4180":"ragionare","4181":"raramente","4182":"lesercito","4183":"tentato","4184":"riconoscimento","4185":"calcoli","4186":"foglio","4187":"tennis","4188":"cifra","4189":"flusso","4190":"flotta","4191":"guarigione","4192":"tornano","4193":"rami","4194":"firmato","4195":"han","4196":"licenziato","4197":"cioe","4198":"cade","4199":"percezione","4200":"esigenze","4201":"pulire","4202":"port\u00f2","4203":"dicevo","4204":"dette","4205":"determinato","4206":"conoscerlo","4207":"detective","4208":"dessere","4209":"nonni","4210":"nw","4211":"occasioni","4212":"occorre","4213":"consapevoli","4214":"sperare","4215":"plastica","4216":"speso","4217":"spettatori","4218":"vaffanculo","4219":"suppongo","4220":"necessit\u00e3","4221":"deluso","4222":"accusa","4223":"sostituire","4224":"disturbi","4225":"distribuzione","4226":"adatto","4227":"venezuela","4228":"preoccupazione","4229":"preoccupata","4230":"preoccuparsi","4231":"assenza","4232":"sorridere","4233":"sorte","4234":"sorvegliante","4235":"beve","4236":"muri","4237":"sviluppare","4238":"avvenire","4239":"dirci","4240":"betel","4241":"bestie","4242":"assegnato","4243":"dipendenza","4244":"considerando","4245":"omosessuali","4246":"vedr\u00f2","4247":"cuori","4248":"culture","4249":"palestra","4250":"cucinare","4251":"straniero","4252":"straordinaria","4253":"contribuire","4254":"barbara","4255":"convinti","4256":"asilo","4257":"crediamo","4258":"artificiale","4259":"patate","4260":"creative","4261":"pavimento","4262":"costruita","4263":"pazza","4264":"perfezione","4265":"perdendo","4266":"pagano","4267":"arresti","4268":"arrestati","4269":"ovest","4270":"dellesercito","4271":"splendido","4272":"dellapostolo","4273":"sposata","4274":"dellamore","4275":"batteri","4276":"pieni","4277":"definire","4278":"dedicata","4279":"modificare","4280":"picchiato","4281":"contea","4282":"contemporaneamente","4283":"ottima","4284":"debiti","4285":"dave","4286":"dargento","4287":"out","4288":"baseball","4289":"piaci","4290":"decisamente","4291":"comunicazioni","4292":"zie","4293":"divertiti","4294":"addestramento","4295":"meriti","4296":"progenie","4297":"profumo","4298":"ebraica","4299":"apertamente","4300":"d\u00ec","4301":"smetti","4302":"commercio","4303":"comparsa","4304":"dubito","4305":"app","4306":"profitto","4307":"dovr\u00f2","4308":"dovr\u00e0","4309":"adolescenti","4310":"soddisfatto","4311":"professoresse","4312":"smith","4313":"mentali","4314":"promette","4315":"eletto","4316":"bombe","4317":"usi","4318":"esercitare","4319":"eseguire","4320":"tristezza","4321":"esca","4322":"versetti","4323":"martin","4324":"assomiglia","4325":"troppa","4326":"sigaretta","4327":"matrimoni","4328":"entrata","4329":"cominciai","4330":"cominciamo","4331":"affare","4332":"propriet\u00e0","4333":"proposte","4334":"meditare","4335":"dottrina","4336":"michele","4337":"pubbliche","4338":"migranti","4339":"minore","4340":"prezioso","4341":"doni","4342":"doggi","4343":"dl","4344":"don","4345":"doccia","4346":"brano","4347":"paesaggio","4348":"affascinante","4349":"pagamento","4350":"calcolo","4351":"malaria","4352":"miele","4353":"inviare","4354":"volume","4355":"allaltra","4356":"volti","4357":"palo","4358":"pesi","4359":"proteine","4360":"pi","4361":"invita","4362":"calda","4363":"tornate","4364":"ride","4365":"pianeti","4366":"isole","4367":"abituato","4368":"iran","4369":"brevi","4370":"ira","4371":"ipotesi","4372":"california","4373":"ipocrisia","4374":"mrs","4375":"letterale","4376":"invitati","4377":"troppe","4378":"piaccia","4379":"malgrado","4380":"pescare","4381":"treni","4382":"cattivi","4383":"principessa","4384":"patatine","4385":"bambine","4386":"patente","4387":"ballo","4388":"passeggiata","4389":"volessi","4390":"riprese","4391":"ingegneri","4392":"ingannato","4393":"pensavamo","4394":"calabria","4395":"infrastrutture","4396":"bottino","4397":"passata","4398":"umanit\u00e0","4399":"punizione","4400":"unorganizzazione","4401":"parlamentari","4402":"personaggi","4403":"intera","4404":"intendimento","4405":"parleremo","4406":"perseveranza","4407":"partecipato","4408":"abbondanza","4409":"tokyo","4410":"mosca","4411":"prestare","4412":"partite","4413":"voli","4414":"mondi","4415":"ragazzina","4416":"lessere","4417":"riconosciuto","4418":"leconomia","4419":"leducazione","4420":"radiazioni","4421":"mettermi","4422":"las","4423":"laria","4424":"metterlo","4425":"regista","4426":"porre","4427":"avvenne","4428":"norma","4429":"normali","4430":"popolari","4431":"candidato","4432":"nuovamente","4433":"leggermente","4434":"portafoglio","4435":"relative","4436":"campioni","4437":"troverai","4438":"linvito","4439":"nascondere","4440":"cambiano","4441":"lira","4442":"povert\u00e3","4443":"potessero","4444":"aiutati","4445":"professione","4446":"lavevo","4447":"zii","4448":"portoghese","4449":"cambiando","4450":"portava","4451":"laser","4452":"lasci\u00f2","4453":"benedetto","4454":"lizzy","4455":"universit\u00e0","4456":"cantante","4457":"accadendo","4458":"ordin\u00f2","4459":"lunghe","4460":"adulto","4461":"luso","4462":"abusi","4463":"lutente","4464":"prometto","4465":"osservando","4466":"piattaforma","4467":"averti","4468":"lesame","4469":"ottiene","4470":"privati","4471":"tumore","4472":"aggiornamento","4473":"prendersi","4474":"meraviglia","4475":"operai","4476":"quotidiana","4477":"milan","4478":"ubbidire","4479":"preferita","4480":"trascorrere","4481":"lintegrit\u00e0","4482":"museo","4483":"istante","4484":"processi","4485":"respiro","4486":"linizio","4487":"piombo","4488":"yo","4489":"lento","4490":"west","4491":"prenderlo","4492":"legna","4493":"vr","4494":"viveva","4495":"eccellenti","4496":"compr\u00f2","4497":"sete","4498":"sessione","4499":"suprema","4500":"scientifico","4501":"supremo","4502":"scimmie","4503":"assai","4504":"terreni","4505":"consapevolezza","4506":"chiusura","4507":"sollievo","4508":"divertenti","4509":"chris","4510":"depressione","4511":"fabbrica","4512":"conosciuta","4513":"fuggire","4514":"sconfitta","4515":"schiava","4516":"facevi","4517":"demoni","4518":"terrorismo","4519":"sbagliate","4520":"dodici","4521":"contanti","4522":"consumo","4523":"venduti","4524":"alzato","4525":"sporco","4526":"ginocchio","4527":"assumere","4528":"considerata","4529":"tesi","4530":"scappato","4531":"giacca","4532":"gettato","4533":"sfondo","4534":"geni","4535":"delluniverso","4536":"gene","4537":"sfera","4538":"settentrionale","4539":"taglia","4540":"assurdo","4541":"uscite","4542":"svegliato","4543":"finiti","4544":"click","4545":"sostenuto","4546":"dir","4547":"sentita","4548":"usciamo","4549":"cittadino","4550":"filistei","4551":"assemblea","4552":"figurati","4553":"seguo","4554":"condivido","4555":"febbre","4556":"tende","4557":"classifica","4558":"senta","4559":"claire","4560":"sensibili","4561":"sottile","4562":"ciascuna","4563":"circolare","4564":"dignit\u00e0","4565":"cibi","4566":"franco","4567":"telecamere","4568":"connessione","4569":"vaccini","4570":"spara","4571":"scrittori","4572":"diego","4573":"assassino","4574":"scrivania","4575":"formato","4576":"differenti","4577":"fara","4578":"scriveva","4579":"faresti","4580":"farete","4581":"separati","4582":"venezia","4583":"sentono","4584":"fisici","4585":"colossesi","4586":"sposati","4587":"eserciti","4588":"elettorale","4589":"rivelato","4590":"impiegato","4591":"suicidio","4592":"credevano","4593":"creduto","4594":"dorme","4595":"criminali","4596":"cooperazione","4597":"entri","4598":"entr\u00f2","4599":"strategia","4600":"vivevano","4601":"corona","4602":"rovinare","4603":"contributo","4604":"rubare","4605":"sigarette","4606":"imminente","4607":"asia","4608":"attivo","4609":"stronzi","4610":"cd","4611":"riscontrato","4612":"successe","4613":"sir","4614":"coraggioso","4615":"ebraiche","4616":"valle","4617":"cosaltro","4618":"dr","4619":"sintomi","4620":"individuale","4621":"dovrai","4622":"dovevamo","4623":"risorsa","4624":"coppa","4625":"artista","4626":"indiano","4627":"creatura","4628":"sofferenza","4629":"contraria","4630":"cugino","4631":"strati","4632":"arrivi","4633":"chiamando","4634":"statali","4635":"vasto","4636":"continente","4637":"danny","4638":"stradale","4639":"stanze","4640":"coltivare","4641":"alquanto","4642":"vederla","4643":"alte","4644":"colpita","4645":"esco","4646":"gradualmente","4647":"armati","4648":"decise","4649":"st","4650":"alluniversit\u00e0","4651":"doppia","4652":"classi","4653":"vaso","4654":"daiuto","4655":"salotto","4656":"visitatori","4657":"saluto","4658":"stefano","4659":"guadagno","4660":"samuele","4661":"sanit\u00e0","4662":"moltissimi","4663":"disegnato","4664":"probabilit\u00e3","4665":"produttori","4666":"dovranno","4667":"preoccupa","4668":"mira","4669":"miracoli","4670":"privacy","4671":"soffre","4672":"diventati","4673":"compra","4674":"privato","4675":"condividono","4676":"ebraico","4677":"ebreo","4678":"compiuta","4679":"sorprende","4680":"composta","4681":"documentario","4682":"dose","4683":"professionista","4684":"mobile","4685":"prete","4686":"sofferenze","4687":"disposizioni","4688":"tagliare","4689":"migliora","4690":"disgustoso","4691":"modulo","4692":"privi","4693":"troveremo","4694":"concesso","4695":"prevede","4696":"disperata","4697":"s\u0117","4698":"miliardo","4699":"compreso","4700":"troverete","4701":"sopravvissuto","4702":"informato","4703":"bevo","4704":"padroni","4705":"damerica","4706":"piaccio","4707":"dar\u00e3","4708":"decenni","4709":"piange","4710":"contengono","4711":"basket","4712":"continuiamo","4713":"decide","4714":"ue","4715":"piega","4716":"definitiva","4717":"orgoglioso","4718":"orgoglio","4719":"battere","4720":"organi","4721":"dellafrica","4722":"dedicazione","4723":"contribuisce","4724":"crudele","4725":"critiche","4726":"successivamente","4727":"pens\u00f2","4728":"une","4729":"pensavi","4730":"pazzi","4731":"copyright","4732":"suggerimenti","4733":"suggerisce","4734":"copre","4735":"cravatta","4736":"credenti","4737":"pastori","4738":"copertina","4739":"passano","4740":"permettono","4741":"persa","4742":"convinta","4743":"cretino","4744":"cristianit\u00e0","4745":"dellamerica","4746":"sorpresi","4747":"operare","4748":"battute","4749":"svegli","4750":"sp","4751":"diffusa","4752":"negato","4753":"diffuso","4754":"necessariamente","4755":"dimora","4756":"berlusconi","4757":"poterlo","4758":"predetto","4759":"confini","4760":"dirai","4761":"direzioni","4762":"musicale","4763":"discarica","4764":"conduce","4765":"discernimento","4766":"discreto","4767":"nascondendo","4768":"congratulazioni","4769":"nobel","4770":"nobile","4771":"onorevole","4772":"ombrello","4773":"omaggio","4774":"ubriaco","4775":"dentista","4776":"pi\u00fa","4777":"plasma","4778":"poeta","4779":"consapevole","4780":"spendere","4781":"descritto","4782":"desiderate","4783":"nondimeno","4784":"specchio","4785":"mestiere","4786":"portarla","4787":"portarlo","4788":"detta","4789":"benedica","4790":"spinge","4791":"determinazione","4792":"esprime","4793":"commerciali","4794":"testi","4795":"retto","4796":"ri","4797":"katie","4798":"ribelli","4799":"grace","4800":"ricchezze","4801":"saro","4802":"junior","4803":"torto","4804":"julie","4805":"richard","4806":"joseph","4807":"jones","4808":"richieste","4809":"grandezza","4810":"richiesto","4811":"saprei","4812":"chiamarlo","4813":"ricky","4814":"ricominciare","4815":"gliene","4816":"giunto","4817":"giunti","4818":"giunta","4819":"funzionari","4820":"realta","4821":"lavrebbe","4822":"futura","4823":"future","4824":"laurea","4825":"galassia","4826":"galleria","4827":"tracce","4828":"chiss\u00e0","4829":"greche","4830":"territori","4831":"can","4832":"chimiche","4833":"cancellare","4834":"gestione","4835":"chiedete","4836":"gigante","4837":"giocato","4838":"girano","4839":"rendo","4840":"labitudine","4841":"gelato","4842":"jane","4843":"greci","4844":"istituto","4845":"intendevo","4846":"intellettuali","4847":"incoraggiare","4848":"togliti","4849":"castello","4850":"intellettuale","4851":"innovazione","4852":"tipico","4853":"innanzitutto","4854":"tira","4855":"riunioni","4856":"cattolico","4857":"individuo","4858":"iniziative","4859":"iniziata","4860":"causare","4861":"indossa","4862":"cause","4863":"cedere","4864":"industriale","4865":"infantile","4866":"rischia","4867":"cattura","4868":"lealt\u00e0","4869":"rivedere","4870":"rimaste","4871":"saper","4872":"tornati","4873":"carbonio","4874":"carburante","4875":"salvi","4876":"ch","4877":"henry","4878":"iddio","4879":"ideale","4880":"rifiutato","4881":"interessata","4882":"inviato","4883":"cercavano","4884":"immediato","4885":"tony","4886":"intitolato","4887":"roberto","4888":"impara","4889":"imparando","4890":"rivolto","4891":"rimarranno","4892":"riviste","4893":"identit\u00e3","4894":"eccetto","4895":"scommetto","4896":"frontiera","4897":"esercizio","4898":"mangiamo","4899":"tribolazione","4900":"esista","4901":"bosco","4902":"collezione","4903":"mancata","4904":"riscatto","4905":"collaborare","4906":"maledizione","4907":"ezechiele","4908":"servo","4909":"mail","4910":"maglia","4911":"quadrata","4912":"fammelo","4913":"quarantena","4914":"britannica","4915":"trattava","4916":"farle","4917":"separate","4918":"manifestanti","4919":"manifestare","4920":"pubblicazione","4921":"provvedere","4922":"eccezione","4923":"slogan","4924":"economici","4925":"commenta","4926":"mele","4927":"propaganda","4928":"black","4929":"trovarlo","4930":"comincio","4931":"medica","4932":"fascia","4933":"medaglia","4934":"elettricit\u00e3","4935":"maya","4936":"cominciando","4937":"entrati","4938":"entusiasta","4939":"sicilia","4940":"siccome","4941":"com","4942":"eroi","4943":"colpite","4944":"proporzioni","4945":"fatevi","4946":"clicca","4947":"temi","4948":"fiumi","4949":"foglie","4950":"follia","4951":"fonti","4952":"scrivo","4953":"letti","4954":"rappresentare","4955":"tentazione","4956":"fornire","4957":"scritturali","4958":"levento","4959":"fornito","4960":"teocratico","4961":"forum","4962":"tradotto","4963":"ciechi","4964":"razzismo","4965":"scontato","4966":"leggera","4967":"leggenda","4968":"sconosciuto","4969":"legali","4970":"calo","4971":"reagire","4972":"fissato","4973":"fiore","4974":"quinto","4975":"ln","4976":"trasformato","4977":"listruzione","4978":"lisola","4979":"fegato","4980":"femmina","4981":"liquido","4982":"senato","4983":"fido","4984":"liberato","4985":"selezione","4986":"cadde","4987":"filosofia","4988":"linferno","4989":"cittadina","4990":"citta","4991":"tranquilli","4992":"segreta","4993":"limitato","4994":"life","4995":"ciro","4996":"tendono","4997":"corano","4998":"leo","4999":"anne"}}