{"lav":{"0":" un ","1":" ir ","2":"iem ","3":" vi\u0146","4":" par","5":"ies ","6":"kas ","7":" pie","8":" ka ","9":"par ","10":"ija ","11":" ar ","12":"tas ","13":" kas","14":" lai","15":"ties","16":" vai","17":" es ","18":" man","19":" vie","20":" no ","21":"ums ","22":"vien","23":" var","24":" vis","25":" bij","26":" k\u0101 ","27":"bija","28":"jas ","29":" die","30":" jau","31":" tik","32":" lie","33":" sav","34":"vai ","35":"bas ","36":" uz ","37":" to ","38":" p\u0101r","39":" tas","40":"p\u0113c ","41":" k\u0101d","42":"vi\u0146a","43":" tie","44":"\u012bbas","45":" pat","46":" cil","47":" kur","48":" ko ","49":" t\u0101 ","50":"\u012bbu ","51":"cilv","52":"ilv\u0113","53":" bet","54":"i\u0146\u0161 ","55":"bet ","56":"nas ","57":"lai ","58":"audz","59":"lv\u0113k","60":" gad","61":"m\u0113s ","62":"l\u012bdz","63":"in\u0101t","64":" m\u0113s","65":" lab","66":"vi\u0146\u0161","67":"ar\u012b ","68":" ar\u012b","69":"dz\u012bv","70":"tika","71":" dar","72":"dien","73":"diev","74":" nav","75":"nav ","76":" pas","77":"\u012bgi ","78":"iet ","79":"man ","80":" tu ","81":"ijas","82":" ja ","83":"umu ","84":"\u0161ana","85":"i\u0146a ","86":"ais ","87":"kad ","88":"laik","89":" v\u0113l","90":"raks","91":"akst","92":"niek","93":" pal","94":"\u012bba ","95":" dz\u012b","96":" jeh","97":"ehov","98":"jeho","99":" val","100":"vi\u0146i","101":"var ","102":" nev","103":"zin\u0101","104":" kad","105":"in\u0101j","106":" nek","107":"i\u0146u ","108":" aiz","109":"vas ","110":"liel","111":" m\u016bs","112":" b\u016bt","113":"\u0113ja ","114":"daud","115":"mums","116":" ies","117":" pro","118":" j\u016bs","119":"hova","120":"prie","121":"darb","122":"ika ","123":"jums","124":" cit","125":"skat","126":" mum","127":"j\u0101s ","128":" dau","129":" kri","130":"ieci","131":"aj\u0101 ","132":" p\u0113c","133":"redz","134":"iju ","135":"n\u0101s ","136":" ska","137":"viet","138":"ieva","139":" pre","140":"les ","141":"iena","142":"vair","143":"\u0101p\u0113c","144":"tiem","145":"savu","146":" nep","147":"ams ","148":"jaun","149":" tev","150":"reiz","151":"tad ","152":"t\u0101s ","153":"\u016bsu ","154":"das ","155":"ina ","156":"vi\u0146u","157":"\u0101ja ","158":" pri","159":" tur","160":"teik","161":" l\u012bd","162":"tie\u0161","163":"sp\u0113j","164":"dom\u0101","165":"\u0113tu ","166":" not","167":"alst","168":"ana ","169":"skai","170":"\u012bja ","171":"i\u0146i ","172":" zin","173":" gan","174":"avu ","175":"\u0101cij","176":" pir","177":"anas","178":"rist","179":"ens ","180":"otie","181":" att","182":"kai ","183":"\u0101jum","184":"oti ","185":"eva ","186":"\u016btu ","187":"pirm","188":"j\u0101m ","189":"jumu","190":"tiek","191":"liec","192":"b\u016bt ","193":"tos ","194":"eikt","195":"jis ","196":"j\u016bs ","197":"ram ","198":" tad","199":" pil","200":"ikai","201":"cija","202":"ras ","203":"n\u0101t ","204":"jau ","205":"ie\u0161i","206":"ien\u0101","207":"zus ","208":"stie","209":"kris","210":"\u012bjum","211":"jiem","212":"pat ","213":"sts ","214":"ecin","215":"var\u0113","216":" rak","217":" dom","218":"stu ","219":"pret","220":" sp\u0113","221":"kiem","222":"atie","223":"u\u0161i ","224":"tam ","225":"b\u012bbe","226":"gan ","227":"iek ","228":"\u012bbel","229":" b\u012bb","230":"v\u0113ki","231":"t\u012bba","232":"mas ","233":" v\u0101r","234":"ien ","235":"anu ","236":" tei","237":"smu ","238":"iesp","239":"t\u0101ju","240":"z\u012bvo","241":"\u0101ju ","242":"\u0101du ","243":"v\u0101rd","244":"liet","245":"riek","246":"b\u016btu","247":" b\u0113r","248":"m\u016bsu","249":"pie ","250":"mani","251":"esp\u0113","252":" vec","253":"\u0101da ","254":"al\u012bd","255":" kau","256":"pasa","257":"saul","258":" nos","259":"r\u0101k ","260":"\u0101ds ","261":"\u012bb\u0101 ","262":"b\u0113rn","263":" vei","264":" gri","265":"enu ","266":" jo ","267":" t\u0101p","268":"dar\u012b","269":"evie","270":" gar","271":" j\u0113z","272":"ieti","273":"drau","274":" nes","275":"grib","276":"um\u0101 ","277":"din\u0101","278":"c\u012bba","279":" zem","280":"noti","281":"v\u0113l ","282":"k\u0101rt","283":"j\u0113zu","284":"pati","285":"st\u012bt","286":" t\u0101d","287":"tus ","288":" dzi","289":" ne ","290":" dra","291":"isti","292":"esmu","293":"k\u0101da","294":"pied","295":"inie","296":" kal","297":"vals","298":"aut ","299":"pal\u012b","300":" sap","301":"teic","302":"air\u0101","303":"m\u0113r ","304":"ij\u0101 ","305":" gal","306":"ojum","307":"ienu","308":"ir\u0101k","309":"p\u0113ja","310":"\u0161an\u0101","311":"sti ","312":" nod","313":"raud","314":"cin\u0101","315":" neb","316":"st\u012bb","317":"rast","318":"\u012bdz ","319":"visu","320":"usi ","321":"mes ","322":"iens","323":"uma ","324":" aug","325":"lab\u0101","326":" s\u0101k","327":"kaut","328":"piem","329":"iedz","330":" atb","331":"tev ","332":"ani ","333":"\u013coti","334":" red","335":" aps","336":"iek\u0161","337":"o\u0161an","338":" pa\u0161","339":"sim ","340":" \u013cot","341":"veid","342":" atr","343":"tais","344":"asau","345":"e\u0161i ","346":"vaja","347":" sta","348":"b\u016bs ","349":"m\u0101c\u012b","350":" k\u0101p","351":" lat","352":"las ","353":"kam ","354":" ned","355":"\u0113zus","356":"kur ","357":"n\u0101ju","358":" sas","359":"neva","360":"mies","361":"\u012bgs ","362":"kalp","363":"ieku","364":" da\u017e","365":" m\u0101c","366":"tie ","367":"run\u0101","368":"sies","369":"iks ","370":"udz ","371":" izs","372":" kop","373":"ar\u012bg","374":"tik ","375":"\u0113ju ","376":"ju\u0161i","377":" br\u012b","378":"\u0146iem","379":"prot","380":"st\u0101v","381":" b\u016bs","382":"ovas","383":" izd","384":"sapr","385":"mus ","386":"edz\u0113","387":"sta ","388":"atvi","389":"nes ","390":" kar","391":"iec\u012b","392":" atk","393":"visi","394":"zska","395":" kon","396":" maz","397":"jaut","398":"\u0161anu","399":"zman","400":"esi ","401":" nor","402":"k\u0101p\u0113","403":"abi ","404":"evi ","405":"nek\u0101","406":"v\u0113ku","407":"aut\u0101","408":" pam","409":"umi ","410":"atra","411":"nevi","412":"d\u012bju","413":"n\u0101ja","414":"k\u0101ds","415":" izm","416":" st\u0101","417":"ievi","418":" jum","419":"latv","420":"miem","421":"st\u0101s","422":" \u0161o ","423":"jumi","424":"jam ","425":" vaj","426":"ret ","427":" sar","428":"k\u0101du","429":"\u0113ku ","430":"vara","431":" esm","432":"labi","433":"ieki","434":"gad ","435":"i\u0146am","436":"\u0146am ","437":" ier","438":"\u0146as ","439":" iet","440":"piln","441":"avie","442":"dz\u0113t","443":"pr\u0101t","444":"isu ","445":"\u0161iem","446":"gas ","447":"r\u0101d\u012b","448":"ikt ","449":"eku ","450":" sal","451":"tisk","452":"lis ","453":"ara ","454":" run","455":"tes ","456":"ajie","457":"udin","458":" n\u0101k","459":"i\u0146ie","460":"mant","461":"vis ","462":"iel\u0101","463":"\u0101\u0161an","464":" tam","465":"sava","466":"a\u010du ","467":"aska","468":"t\u0101p\u0113","469":"\u012bga ","470":"umus","471":" cik","472":"ada ","473":" ta\u010d","474":"ta\u010du","475":"\u012bts ","476":"iete","477":"ar\u0113t","478":"iku ","479":"\u0113\u0161an","480":" rei","481":"iski","482":" tag","483":"r\u0113tu","484":"agad","485":"taga","486":"ena ","487":"emes","488":"\u0113jam","489":" v\u0113r","490":"ikum","491":"\u0113ki ","492":"dz\u012bb","493":"kaid","494":" kat","495":"dus ","496":" izr","497":" m\u0101j","498":" sie","499":"sv\u0113t","500":"aidr","501":" ats","502":"\u012btie","503":" ied","504":"ec\u012bb","505":" cie","506":"cik ","507":"dz\u012bg","508":"kus ","509":" izv","510":"tur ","511":"star","512":" nea","513":"diem","514":"kst\u012b","515":"ie\u0161u","516":"sam ","517":"tic\u012b","518":"an\u0101s","519":"kais","520":" nu ","521":" bez","522":"oja ","523":" esa","524":"dz\u0113j","525":" rad","526":"aist","527":"t\u0101ji","528":"nepa","529":"vald","530":"e\u0161u ","531":"vam ","532":"umie","533":" pad","534":" noz","535":"evs ","536":"ot\u0101j","537":"ova ","538":"ik\u0101 ","539":"ut\u0101j","540":" sak","541":"ievs","542":"\u0101d\u0101 ","543":" uzs","544":"zes ","545":" gai","546":"ieks","547":"iedo","548":" str","549":"aru ","550":"eles","551":"visa","552":"taj\u0101","553":"t\u0101st","554":"etie","555":"udzi","556":"izma","557":"ami ","558":"bele","559":"iedr","560":"gadu","561":"dzi ","562":"jos ","563":"ietu","564":" \u0161\u0101d","565":" pra","566":"anto","567":"i\u0146as","568":"inte","569":"augs","570":"iera","571":" kun","572":"siev","573":" sv\u0113","574":" uzt","575":" nei","576":"sas ","577":"mana","578":" t\u0101s","579":"evar","580":"om\u0101j","581":"kts ","582":" izp","583":" lik","584":"jadz","585":"ajad","586":" \u013cau","587":"bals","588":"v\u0113st","589":"vec\u0101","590":"mier","591":"ski ","592":"ies\u012b","593":"eiz ","594":"ieta","595":" div","596":"r\u012bt ","597":" sli","598":"v\u0113rt","599":"lst\u012b","600":" v\u0113s","601":"pras","602":"em\u0113r","603":"neka","604":" sau","605":" min","606":"\u0101kum","607":"\u0101di ","608":"iem\u0113","609":"nis ","610":" kam","611":"nepi","612":"st\u012bj","613":" pag","614":"dzie","615":"klau","616":" sev","617":"bied","618":"galv","619":"bild","620":" pav","621":" cen","622":"eica","623":"niem","624":"\u0101das","625":"alpo","626":"iss ","627":"str\u0101","628":" tom","629":"ieto","630":"kat\u012b","631":"ans ","632":"nter","633":" int","634":" m\u012bl","635":"es\u012bb","636":" sek","637":"mekl","638":" pa ","639":" izt","640":" sag","641":" tav","642":"viss","643":"iska","644":" paz","645":" bal","646":"past","647":"\u0161as ","648":"snie","649":"veik","650":"t\u0101m ","651":"cis ","652":"ekl\u0113","653":"t\u012bbu","654":" vid","655":"pils","656":" tic","657":"irms","658":"kung","659":" tra","660":"ec\u0101k","661":"\u012bgu ","662":"otik","663":"para","664":"gaid","665":"eni ","666":"ieka","667":"\u0101tu ","668":"tbil","669":" j\u0101 ","670":"avas","671":"ica ","672":"ris ","673":"tvij","674":"tevi","675":" gr\u0101","676":"atbi","677":"enas","678":"iesa","679":"likt","680":"ek\u0101 ","681":"ats ","682":"ludi","683":"\u012b\u0161an","684":"grie","685":"\u012bvot","686":" esi","687":"trau","688":"n\u0101m ","689":"laus","690":"rms ","691":"ciet","692":"dzin","693":" sir","694":"piet","695":"jusi","696":"z\u012bm\u0113","697":"inu ","698":" apm","699":"r\u0101ma","700":"gada","701":"in\u0101\u0161","702":"\u0113kie","703":"gais","704":"ad\u012bj","705":"ist\u012b","706":" sva","707":"pild","708":"cent","709":"enes","710":"apra","711":"slud","712":"\u012bt\u0101j","713":"sav\u0101","714":"\u0101ts ","715":"aule","716":"k\u0101s ","717":"iest","718":"d\u0113\u013c ","719":"ar\u012bt","720":"\u012bdz\u012b","721":"istu","722":"adu ","723":"akar","724":"tarp","725":"kura","726":"otu ","727":" bie","728":"nos ","729":"pier","730":"riem","731":"atti","732":" v\u012br","733":"r\u012bba","734":"rad\u012b","735":"ast\u0101","736":"kait","737":" mai","738":"aik\u0101","739":"\u0101mat","740":"gr\u0101m","741":"aid\u012b","742":"ttie","743":"\u012bgas","744":" bei","745":"jams","746":"noz\u012b","747":"izra","748":" \u0161\u012b ","749":"tr\u0101d","750":"oz\u012bm","751":"vain","752":"katr","753":"zeme","754":"\u0101rst","755":"rauc","756":"b\u0101m ","757":"om\u0113r","758":"pali","759":"citi","760":" mie","761":"jot ","762":"ab\u0101k","763":"ciju","764":" tai","765":"eki ","766":"tom\u0113","767":"eks ","768":"raug","769":"en\u0101 ","770":"t\u012bja","771":"des ","772":"esam","773":" net","774":"d\u0101s ","775":"eido","776":" ce\u013c","777":" nov","778":"iela","779":"n\u0101\u0161a","780":"\u0161aj\u0101","781":"ic\u012bb","782":"r\u0101d\u0101","783":"epie","784":"sird","785":"aika","786":"kstu","787":" ieg","788":"\u0101ti ","789":"kumu","790":"edz\u012b","791":"m\u0113ra","792":" \u012bpa","793":" iem","794":"dro\u0161","795":"brau","796":"v\u0113l\u0113","797":"\u0101jie","798":"\u0113rni","799":"cini","800":"svar","801":"\u0146emt","802":"note","803":"evis","804":"rin\u0101","805":" pus","806":" kom","807":"aram","808":"kti ","809":"liek","810":"ots ","811":"vija","812":"nai ","813":"isi ","814":"skol","815":"ktu ","816":"niec","817":"imen","818":"c\u012bbu","819":"teri","820":"savi","821":" k\u013c\u016b","822":" lau","823":"prin","824":"gata","825":"op\u0101 ","826":"pare","827":"atav","828":" mil","829":"auto","830":"t\u012bt ","831":"\u012bpa\u0161","832":"rota","833":" aut","834":"aras","835":"eidz","836":"ie\u0161a","837":"dies","838":"vad\u012b","839":"\u0161\u0101m ","840":"biju","841":"taut","842":" n\u0113 ","843":"nesa","844":" stu","845":"aiku","846":"evu ","847":"otei","848":"r\u012bga","849":"tiks","850":"tru ","851":"icin","852":"p\u0101rs","853":"in\u0101s","854":"\u0113ram","855":"eres","856":"pies","857":"amie","858":" slu","859":"\u0161is ","860":"kl\u0101t","861":"ien\u012b","862":" \u0161is","863":"ad\u012bt","864":"ojam","865":"\u012bb\u0101m","866":" vad","867":" iep","868":"iet\u0101","869":" otr","870":"ad\u0101 ","871":"liku","872":"tur\u0113","873":"tiec","874":"odas","875":"\u0101tie","876":"form","877":"uru ","878":"par\u0101","879":"ieno","880":"in\u0101m","881":"ie\u0161\u0101","882":"maks","883":"\u012bg\u0101 ","884":" nez","885":"cie\u0161","886":"irs ","887":"\u0113ks ","888":" iev","889":"pado","890":" \u0123im","891":"\u0123ime","892":"ebij","893":"\u012bti ","894":"gad\u0101","895":"rds ","896":" dro","897":"varb","898":" sti","899":"s\u0101ku","900":"\u012btu ","901":"nebi","902":"itu ","903":"saka","904":" tau","905":"ievu","906":"turp","907":" da\u013c","908":"rija","909":"el\u0101k","910":" sko","911":" sat","912":"\u013ciem","913":"iln\u012b","914":" \u0161aj","915":" m\u0113r","916":"sevi","917":"\u012bdz\u0113","918":"ries","919":"jiet","920":"ztic","921":" atv","922":"ils ","923":"ikti","924":"aldi","925":"e\u0161ie","926":"z\u012bve","927":"ava ","928":"ikas","929":"piec","930":" pan","931":"dot ","932":"est\u012b","933":"kop\u0101","934":" kla","935":"d\u012bt ","936":"pama","937":"isk\u0101","938":"uzti","939":"dzu ","940":" atg","941":"ugst","942":"vaka","943":" nel","944":"stip","945":" las","946":"amat","947":"eta ","948":" pak","949":"\u0101ji ","950":"ment","951":"tnie","952":" br\u0101","953":"n\u012bgi","954":"sauc","955":"tipr","956":"ves ","957":" vel","958":"ar\u0101d","959":" izl","960":" nol","961":"izsk","962":"z\u0113t ","963":"las\u012b","964":"\u0113jie","965":"adz\u012b","966":"gad\u012b","967":"ieme","968":"e\u0161\u0101m","969":" k\u0101r","970":"tere","971":"kuru","972":"odie","973":"nam ","974":"aisn","975":"tras","976":"iev\u0113","977":"\u0101li ","978":"ata ","979":"av\u0101 ","980":"viem","981":" nee","982":"bez ","983":"r\u012bgi","984":"\u0101jas","985":"ules","986":"ev\u0113r","987":"uzsk","988":"jies","989":"idro","990":" sa\u0146","991":" \u0161\u0137i","992":"zdev","993":"citu","994":"kuri","995":"arb\u016b","996":"ul\u0113 ","997":"tis ","998":"gr\u016bt","999":"zinu","1000":"siem","1001":"aukt","1002":"ekas","1003":"sp\u0113l","1004":"ieli","1005":"tiku","1006":" per","1007":"rb\u016bt","1008":"aka ","1009":"u\u0161ie","1010":" sai","1011":"j\u016bsu","1012":" pol","1013":"ils\u0113","1014":"tt\u0113l","1015":"n\u012bba","1016":"sais","1017":"att\u0113","1018":" iek","1019":"ama ","1020":"ls\u0113t","1021":"nor\u0101","1022":"n\u0101ti","1023":" dev","1024":"ald\u012b","1025":" zie","1026":"slim","1027":"ecie","1028":"orm\u0101","1029":"atu ","1030":"st\u0101 ","1031":"dos ","1032":"edzi","1033":" nom","1034":" uzm","1035":" neg","1036":" gr\u016b","1037":"ini ","1038":"otam","1039":"\u012bvi ","1040":"t\u0101ja","1041":"v\u0113ro","1042":"atka","1043":"rauk","1044":"itie","1045":"jai ","1046":" nem","1047":"auna","1048":"juma","1049":"veic","1050":"\u0101ka ","1051":"neat","1052":" inf","1053":"\u012bdzi","1054":" zi\u0146","1055":"rus ","1056":" tuv","1057":"or\u0101d","1058":"\u0101d\u012bj","1059":"dara","1060":"\u0101j\u0101s","1061":"mans","1062":"an\u0101 ","1063":"br\u012bv","1064":"br\u012bd","1065":"\u0161\u0137ir","1066":"\u0101rdi","1067":"da\u013ca","1068":"ieri","1069":"isie","1070":"izi ","1071":"jum\u0101","1072":"ztur","1073":" p\u0101v","1074":" taj","1075":"atei","1076":"at\u012bt","1077":"pats","1078":"riet","1079":" t\u0113v","1080":"eizi","1081":" sac","1082":"ldie","1083":"dr\u012bz","1084":"t\u012bgi","1085":"\u0113ma ","1086":"eru ","1087":"alod","1088":"ari ","1089":"pate","1090":"\u0113tie","1091":"nees","1092":"izve","1093":"adom","1094":"\u012bta ","1095":"uri ","1096":"stus","1097":"varu","1098":"poli","1099":"m\u0101ju","1100":"r\u012bko","1101":"rot ","1102":"valo","1103":"etu ","1104":" vir","1105":"ojas","1106":"asti","1107":"ered","1108":"tot ","1109":"var\u012b","1110":"piek","1111":"pa\u0161i","1112":"ziem","1113":"main","1114":"om\u0101 ","1115":" j\u0101p","1116":"kur\u0101","1117":"gar\u012b","1118":"el\u0113 ","1119":"sask","1120":" pla","1121":"lsts","1122":"ic\u012bg","1123":"auni","1124":"sp\u0113k","1125":" izg","1126":"apst","1127":"\u0113ls ","1128":"trad","1129":"aizs","1130":"om\u0101t","1131":"arei","1132":"ezin","1133":"sarg","1134":"\u0101rli","1135":" te ","1136":"r\u0113ja","1137":"\u0113j\u0101s","1138":"\u0101ks ","1139":" bra","1140":"ar\u0113j","1141":" apl","1142":"giem","1143":"proj","1144":"l\u0101k ","1145":"\u0101ku ","1146":"vis\u0101","1147":"v\u0113ks","1148":"apro","1149":" d\u0113\u013c","1150":"\u0101st\u012b","1151":"udze","1152":"\u0101vil","1153":"zina","1154":"\u012bgie","1155":"anai","1156":"ska\u0146","1157":" atz","1158":"p\u0101vi","1159":"stam","1160":"maz ","1161":"lest","1162":"\u0113ts ","1163":"\u013cauj","1164":"dzim","1165":" cer","1166":"zied","1167":"da\u017e\u0101","1168":"neb\u016b","1169":"lisk","1170":"dzes","1171":" \u0161ie","1172":"a\u0146em","1173":"ar\u012bj","1174":"\u0101pat","1175":"\u0101kai","1176":"kara","1177":" ilg","1178":"ast ","1179":"nezi","1180":"beid","1181":" sam","1182":"\u012bjis","1183":"\u0146us ","1184":" mar","1185":" iel","1186":"smit","1187":"enti","1188":"p\u0101rl","1189":" \u012bst","1190":"\u0101c\u012bb","1191":"t\u012bts","1192":"noda","1193":"eli ","1194":"visp","1195":" lpp","1196":"lpp ","1197":"airs","1198":"v\u0113la","1199":"pald","1200":"roda","1201":"cina","1202":"ild\u012b","1203":"ion\u0101","1204":"ikts","1205":"m\u0101j\u0101","1206":"mos ","1207":"dr\u012bb","1208":"sala","1209":"rlie","1210":"l\u016bdz","1211":" vak","1212":"augu","1213":"st\u0101j","1214":" p\u0113t","1215":" nog","1216":" mei","1217":"tiet","1218":"edza","1219":"aul\u0113","1220":"pas ","1221":" nop","1222":"\u012bg\u0101k","1223":"anos","1224":"dzir","1225":"atik","1226":"p\u0101rd","1227":"dams","1228":"pien","1229":"iesm","1230":"devu","1231":"m\u016bs ","1232":"m\u0101ja","1233":"man\u012b","1234":"mam ","1235":" sit","1236":"kumi","1237":" nen","1238":"\u012bm\u0113 ","1239":"stul","1240":"tams","1241":"o\u0161i ","1242":"z\u0113ja","1243":"kums","1244":"\u012bles","1245":"piev","1246":"aici","1247":"\u0113stu","1248":" jeb","1249":"t\u012bju","1250":"en\u0101s","1251":"isma","1252":"vus ","1253":"t\u0101pa","1254":" sen","1255":"\u0161ies","1256":"n\u0101ku","1257":"d\u012bba","1258":"isa ","1259":"z\u012bba","1260":"\u0101rdu","1261":"siet","1262":" a ","1263":"edr\u012b","1264":"c\u0101ki","1265":"\u012bj\u0101s","1266":"k\u0101d\u0101","1267":"aman","1268":"en\u0101k","1269":" apr","1270":"m\u012ble","1271":"n\u0101ka","1272":"bai ","1273":"cij\u0101","1274":"bel\u0113","1275":"entu","1276":"simt","1277":"pers","1278":"nus ","1279":"sauk","1280":" sve","1281":"manu","1282":"a\u0161i ","1283":"cien","1284":"krie","1285":"ura ","1286":"atkl","1287":"p\u0101r ","1288":"r\u012bg\u0101","1289":"pie\u0146","1290":"ienk","1291":"eit ","1292":" sma","1293":"ngs ","1294":"rib\u0113","1295":"\u0161ie ","1296":"l\u0101s ","1297":"dod ","1298":"sdie","1299":"beig","1300":"tkl\u0101","1301":"\u0101js ","1302":" mir","1303":" gat","1304":" pr\u0101","1305":"\u013cas ","1306":" moz","1307":"aj\u0101m","1308":" p\u0113d","1309":"\u012bvoj","1310":"mene","1311":"sac\u012b","1312":"br\u012bn","1313":" ner","1314":"ienm","1315":"eiro","1316":" mat","1317":"\u012bgo ","1318":"usie","1319":"riez","1320":" rok","1321":"k\u0101r\u0161","1322":"enot","1323":"etas","1324":"min\u0113","1325":"akti","1326":"as\u012bt","1327":"ur\u0101 ","1328":"ista","1329":"naud","1330":"pask","1331":"t\u0101js","1332":"e\u0146em","1333":"et\u0101 ","1334":"\u0161ano","1335":"p\u0101rv","1336":"zird","1337":"un\u0101 ","1338":"ita ","1339":"prob","1340":" vil","1341":"edz ","1342":"dam ","1343":"\u0101kaj","1344":"cas ","1345":"stur","1346":"\u0101c\u012bt","1347":"enm\u0113","1348":"izda","1349":"nm\u0113r","1350":"r\u012bz ","1351":"enk\u0101","1352":"svei","1353":"st\u0101k","1354":"pat\u012b","1355":"\u0101ta ","1356":"urie","1357":"arb\u012b","1358":"mata","1359":"\u0113jis","1360":"baud","1361":"t\u012bb\u0101","1362":"\u0113rnu","1363":"\u0101rt ","1364":"\u0113ji ","1365":"ida ","1366":"\u0101ki ","1367":"laim","1368":"\u0101dam","1369":" tos","1370":"paz\u012b","1371":"atce","1372":"ona ","1373":"\u0113d\u0113j","1374":"arbu","1375":"t\u012bti","1376":" dab","1377":"nk\u0101r","1378":"atro","1379":" nau","1380":"ipri","1381":"nieg","1382":"rson","1383":"info","1384":" sab","1385":"ijs ","1386":" apg","1387":"rnie","1388":"g\u0101s ","1389":"lven","1390":"aus\u012b","1391":"\u012bbai","1392":"robl","1393":"ekad","1394":"zdar","1395":"aud\u0113","1396":"gadi","1397":"\u0101kot","1398":"irma","1399":"\u0101k\u0101 ","1400":"iere","1401":"dzam","1402":" uzv","1403":"abie","1404":" \u0161\u012bs","1405":"aino","1406":"\u0113jas","1407":"ain\u012b","1408":" \u016bde","1409":" d\u0113l","1410":"\u0161\u012bs ","1411":"\u0113jum","1412":"ksto","1413":"\u012bv\u012bb","1414":"itu\u0101","1415":"at\u012bk","1416":"vies","1417":"erso","1418":"auku","1419":"okli","1420":"bl\u0113m","1421":" ves","1422":"obl\u0113","1423":"spri","1424":"\u0113ka ","1425":"arba","1426":"tikt","1427":"s\u012bb\u0101","1428":"a\u017e\u0101d","1429":"iegu","1430":"v\u0113rs","1431":"iztu","1432":"\u0113ju\u0161","1433":" n\u0101v","1434":"trod","1435":"mozu","1436":"aunu","1437":"gudr","1438":"labu","1439":"c\u012bgi","1440":"esat","1441":"situ","1442":" r\u012bg","1443":" tel","1444":"vese","1445":"eju ","1446":"\u0161os ","1447":" d\u0101v","1448":"\u0146em ","1449":"isko","1450":"\u0101lu ","1451":"mirs","1452":"ungs","1453":"era ","1454":"oj\u0101m","1455":"nisk","1456":"s\u012bt ","1457":"dami","1458":"tavo","1459":"\u016bden","1460":"\u013caun","1461":"t\u0101da","1462":"d\u0101m ","1463":"etek","1464":"ota ","1465":"elis","1466":" pap","1467":"ro\u0161i","1468":" god","1469":"\u0113las","1470":"un\u0101j","1471":"paka","1472":"rdi ","1473":" dot","1474":"esmi","1475":"icis","1476":"l\u012bba","1477":"auc ","1478":" fil","1479":"uzma","1480":"k\u013cuv","1481":"isku","1482":"aks\u0101","1483":"sat ","1484":"anti","1485":"\u0101lis","1486":"kur\u0161","1487":"n\u0101k ","1488":"its ","1489":" r\u012bk","1490":"u\u0101ci","1491":"en\u012bg","1492":"zies","1493":"\u0101kie","1494":"\u0161odi","1495":" m\u016b\u017e","1496":"k\u0161\u0101 ","1497":"ur\u0161 ","1498":" \u0161od","1499":" dod","1500":"p\u0113d\u0113","1501":"\u0113ta ","1502":"cek\u013c","1503":"nts ","1504":"ie\u0146e","1505":"uras","1506":"vot ","1507":"iepr","1508":"ktie","1509":"v\u0113ka","1510":"tu\u0101c","1511":"g\u0101d\u0101","1512":"elu ","1513":"l\u0101t ","1514":"izde","1515":"ses ","1516":"riec","1517":"kli ","1518":"roja","1519":"m\u0101m ","1520":"nodo","1521":"alam","1522":"prec","1523":"seko","1524":"d\u012bt\u0101","1525":"neno","1526":"ielu","1527":"neiz","1528":"nfor","1529":"ra\u0113l","1530":"ntu ","1531":"enai","1532":" deb","1533":" t\u0101l","1534":"una ","1535":"sist","1536":"elie","1537":"n\u012bbu","1538":"rb\u012bb","1539":"ci\u0101l","1540":"esel","1541":" uzr","1542":"tava","1543":"\u0113mum","1544":" eir","1545":"meit","1546":"\u012bves","1547":"vieg","1548":"sa\u0146e","1549":" med","1550":"d\u012bja","1551":"da\u017ei","1552":" mek","1553":" atp","1554":"ozus","1555":"paga","1556":"z\u012bbu","1557":"\u0101kam","1558":"iegl","1559":"ekie","1560":"ziet","1561":"aizv","1562":"nti ","1563":"kat\u0101","1564":"roj\u0101","1565":" atc","1566":" mak","1567":"kos ","1568":"auta","1569":"ravi","1570":"alik","1571":"tekm","1572":"prat","1573":"alve","1574":"onu ","1575":"ksts","1576":"ukum","1577":"mate","1578":"ers ","1579":"nosa","1580":"izsa","1581":"tni ","1582":"i\u0146\u0101 ","1583":"\u017eas ","1584":"\u0101rdo","1585":"m\u0113\u0123i","1586":"d\u0113ja","1587":" j\u0101i","1588":"zlie","1589":"eici","1590":"mais","1591":"it\u0101t","1592":"\u0113\u0123in","1593":"\u013cus ","1594":"ksta","1595":"\u0101d\u012bt","1596":"zaud","1597":"inis","1598":"ustu","1599":"a\u013ca ","1600":"atba","1601":"labo","1602":"dal\u012b","1603":"sp\u0101r","1604":"\u0113tas","1605":"gads","1606":"piel","1607":" apt","1608":"tcer","1609":"emt ","1610":"alie","1611":"bie\u017e","1612":"aust","1613":"\u0161\u0137ie","1614":"n\u0101ts","1615":"sto\u0161","1616":"dzot","1617":"ajag","1618":"andr","1619":"zn\u012bc","1620":"zot ","1621":"vils","1622":"izv\u0113","1623":"irds","1624":"ons ","1625":"mini","1626":" gud","1627":"spie","1628":"mesl","1629":"rdu ","1630":"zini","1631":"idot","1632":"lauk","1633":"jag ","1634":"eiks","1635":"kst ","1636":"\u013caut","1637":"milj","1638":"uns ","1639":"\u012bsta","1640":"p\u0113ju","1641":"\u0101ju\u0161","1642":"\u0101ri ","1643":"adus","1644":"tbal","1645":"kuma","1646":"vie\u0161","1647":"s\u0101ka","1648":"atst","1649":"toju","1650":"runa","1651":"\u0101kas","1652":"i\u0146us","1653":"port","1654":"rbu ","1655":"ek\u0161\u0101","1656":" j\u0101s","1657":"etoj","1658":"in\u0113t","1659":" bri","1660":"desm","1661":"ibu ","1662":"r\u0101li","1663":"m\u0101ci","1664":"evam","1665":"ek\u013ci","1666":"est ","1667":"\u0113lie","1668":"abs ","1669":"ied\u0101","1670":" l\u016bg","1671":"\u0101ko ","1672":"apme","1673":"iktu","1674":"lin\u0101","1675":"sko ","1676":"unu ","1677":"voja","1678":"p\u0101ri","1679":" sad","1680":"irst","1681":"eri ","1682":"\u0146\u0113mu","1683":"abu ","1684":"\u012bvo ","1685":"unie","1686":" \u0161ei","1687":"z\u012bvi","1688":"krit","1689":"ln\u012bg","1690":" l\u016bd","1691":"vot\u0101","1692":"cit\u0101","1693":"glab","1694":"rm\u0101c","1695":"ars ","1696":" apk","1697":" \u0101tr","1698":"aiks","1699":"rpin","1700":"ovam","1701":"celt","1702":"rni ","1703":"aun\u0101","1704":"\u0101ca ","1705":"atgr","1706":"\u016bst ","1707":"not ","1708":"\u0101jis","1709":"z\u012bst","1710":"t\u0101ta","1711":"dnie","1712":"ld\u012bb","1713":"neti","1714":"r\u0113t ","1715":"\u0113la ","1716":"tgri","1717":"nomi","1718":"eko ","1719":"prav","1720":"ek\u0101d","1721":"\u0161eit","1722":" j\u0101b","1723":"urpi","1724":"ojie","1725":"\u0113kus","1726":" met","1727":"gand","1728":"salm","1729":"zzin","1730":"zra\u0113","1731":"atru","1732":"sin\u0101","1733":"umos","1734":"n\u012bb\u0101","1735":"t\u0101du","1736":"nija","1737":"laid","1738":" nok","1739":"isas","1740":"erin","1741":"laba","1742":"al\u0101 ","1743":"ribu","1744":"azin","1745":" dze","1746":"zvei","1747":"\u016bkst","1748":"adie","1749":"p\u0101rb","1750":"iede","1751":"beli","1752":"uzzi","1753":"pa\u0161a","1754":"vied","1755":"isn\u012b","1756":"nakt","1757":"zst\u0101","1758":" k\u013cu","1759":"adar","1760":"z\u0113ju","1761":"izst","1762":"dens","1763":"v\u0101s ","1764":"rt\u012bb","1765":"slik","1766":"c\u012bb\u0101","1767":"l\u0113mu","1768":" psa","1769":" pac","1770":"\u0123isk","1771":" kor","1772":"esu ","1773":"\u0113j\u0101 ","1774":"lama","1775":"un\u0101t","1776":"n\u0101tu","1777":"nov\u0113","1778":"ieg\u016b","1779":"pirk","1780":"gani","1781":"\u0113r\u0101 ","1782":"ned\u0113","1783":"maz\u0101","1784":"psal","1785":"pa\u0161u","1786":" sim","1787":" tr\u012b","1788":"kati","1789":"nais","1790":"apus","1791":"debe","1792":"r\u0161i ","1793":"izdo","1794":"entr","1795":"ovu ","1796":" dr\u012b","1797":"\u012bsim","1798":"l\u0113\u0161a","1799":"arbo","1800":"ebes","1801":"doma","1802":"kst\u0101","1803":"m\u0101s ","1804":"kl\u0101j","1805":"ojot","1806":"aina","1807":" r\u012bt","1808":"r\u012bs ","1809":"adz\u0113","1810":" d\u0101r","1811":"e\u017ei ","1812":"l\u0113t ","1813":"izla","1814":"auda","1815":"erak","1816":"\u0113ti ","1817":"list","1818":" uzz","1819":"\u0137iet","1820":"\u0123ija","1821":"r\u0101t\u012b","1822":"risk","1823":"tori","1824":" uzd","1825":"b\u0101k ","1826":"s\u012bba","1827":"kaj\u0101","1828":"dzi\u013c","1829":"tra ","1830":"r\u012bbu","1831":"ces ","1832":"d\u0113t ","1833":"m\u016bsd","1834":"\u016bt\u012bb","1835":"ed\u0113\u013c","1836":"esa ","1837":"\u016bsdi","1838":"arun","1839":"t\u012bta","1840":"tr\u012bs","1841":"eti ","1842":" bai","1843":"c\u012bja","1844":"\u012bju\u0161","1845":"ietn","1846":"pust","1847":"asar","1848":"aud\u012b","1849":"auj ","1850":"at\u0101 ","1851":"iti ","1852":" r\u016bp","1853":"isp\u0101","1854":"k\u0161an","1855":"\u0113rt\u012b","1856":"\u0101ls ","1857":"aba ","1858":"atz\u012b","1859":"jami","1860":"v\u012bri","1861":"avs ","1862":"sara","1863":"ur\u0113t","1864":"rta ","1865":"\u016bras","1866":"\u012bgai","1867":"l\u0113ma","1868":" aic","1869":"nied","1870":"olas","1871":"ska ","1872":"n\u0101ko","1873":"istr","1874":"gali","1875":"neda","1876":"\u0101l\u0101 ","1877":"sten","1878":"nopi","1879":"j\u016bta","1880":"an\u0101k","1881":" kr\u0101","1882":" tre","1883":"udz\u012b","1884":"tst\u0101","1885":"nosk","1886":" rel","1887":"c\u0101s ","1888":"avus","1889":"\u0113jo ","1890":"arbi","1891":"rba ","1892":"ekam","1893":"tnes","1894":"ubli","1895":"\u0101j\u0101m","1896":"tai ","1897":"ors ","1898":"rts ","1899":" apu","1900":"kata","1901":"izie","1902":"auca","1903":"res ","1904":"ieda","1905":" sni","1906":"radi","1907":"lo\u0123i","1908":"ksti","1909":"\u0101rba","1910":"evum","1911":"g\u0161an","1912":"iero","1913":"arp ","1914":"orga","1915":"m\u012bgi","1916":"auti","1917":"sabi","1918":"asni","1919":"nie\u0161","1920":"eder","1921":"etei","1922":"s\u016bt\u012b","1923":"publ","1924":"ati ","1925":"cita","1926":" mal","1927":" kai","1928":"ejas","1929":"apli","1930":"r\u0101m ","1931":"sija","1932":"er\u012bb","1933":"k\u013c\u016bs","1934":"uva ","1935":"a\u0146\u0113m","1936":"ie\u017ei","1937":" t\u0101t","1938":"eja ","1939":"ntot","1940":"\u0101tad","1941":"\u012bgaj","1942":"on\u0101l","1943":"rgan","1944":"ieni","1945":"n\u0101ta","1946":"opro","1947":"lija","1948":"noga","1949":"tri ","1950":" the","1951":"gl\u0101b","1952":"omu ","1953":"\u0101t\u012bg","1954":"rnu ","1955":" org","1956":" uz\u0146","1957":"iegt","1958":"tkal","1959":"kotn","1960":"tn\u0113 ","1961":"hovu","1962":"inot","1963":"zi\u0146a","1964":" n\u0101c","1965":"vide","1966":"ag\u0101t","1967":"rais","1968":" gr\u0113","1969":"kal ","1970":"tele","1971":"epil","1972":"\u0113t\u0101j","1973":"gus ","1974":"idoj","1975":"stud","1976":"rdie","1977":"ij\u0101m","1978":"sati","1979":"stra","1980":"\u0101t\u0101j","1981":"reli","1982":"br\u0101\u013c","1983":"iesi","1984":"\u0137\u0113ni","1985":"rbau","1986":"id\u012bt","1987":"n\u0101t\u0101","1988":"izgl","1989":"z\u0113tu","1990":" j\u0101a","1991":"oju ","1992":" \u0137\u0113n","1993":"aizi","1994":"\u0113roj","1995":"maj\u0101","1996":"\u0113l\u0113t","1997":"els ","1998":"\u012bkst","1999":"\u0113ni\u0146","2000":" sol","2001":"ntie","2002":"jopr","2003":" kol","2004":"ela ","2005":"sku ","2006":" \u0146em","2007":" jop","2008":"\u0101kt ","2009":"ktor","2010":"ov\u0113r","2011":"m\u0113ne","2012":"eli\u0123","2013":"opie","2014":"z\u012bgi","2015":"\u0146ai ","2016":"ist\u0113","2017":"ajos","2018":"epri","2019":"saru","2020":"klis","2021":"\u0101r\u0161i","2022":"ogal","2023":"mnie","2024":"\u0101rt\u012b","2025":"ksme","2026":"zv\u0113l","2027":" ien","2028":"\u0101d\u0101j","2029":"dis ","2030":"e\u0161am","2031":"smes","2032":"etes","2033":"stei","2034":"robe","2035":"dina","2036":"kum\u0101","2037":" atm","2038":"ma\u0161\u012b","2039":"mit ","2040":"iema","2041":" izc","2042":"p\u0113l\u0113","2043":" agr","2044":"a\u0161\u012bn","2045":"s\u0101s ","2046":" izn","2047":"sol\u012b","2048":"\u012brie","2049":"iljo","2050":"auns","2051":"kcij","2052":"\u0101d\u0101t","2053":"amer","2054":" fak","2055":"neli","2056":"auno","2057":"li\u0123i","2058":"\u0101mie","2059":"ents","2060":"dz\u0113s","2061":"pag\u0101","2062":" mel","2063":"neko","2064":" bar","2065":"ikam","2066":"aka\u013c","2067":"\u016bti ","2068":" m\u0101t","2069":"ljon","2070":"m\u0113r\u0137","2071":"\u0123in\u0101","2072":"oska","2073":" eks","2074":"kont","2075":"piep","2076":"v\u012bba","2077":"adsi","2078":"elas","2079":"dsim","2080":"ri\u0101l","2081":"matu","2082":" j\u0101d","2083":"umam","2084":"\u0113t\u0101 ","2085":"atas","2086":"pst\u0101","2087":"ud\u0113j","2088":"apzi","2089":"n\u0101ve","2090":"etot","2091":"nist","2092":"epar","2093":"izmi","2094":"ros ","2095":"irop","2096":"pmek","2097":" atl","2098":"odu ","2099":"i\u0146ai","2100":"at\u0101s","2101":"ar\u0101 ","2102":"pulc","2103":"izli","2104":"zi\u0146o","2105":"kot ","2106":"jebk","2107":"eiku","2108":"\u0101ms ","2109":"mija","2110":"d\u0101v\u0101","2111":"nosl","2112":"atpa","2113":"toti","2114":"mat\u0101","2115":"j\u0101b\u016b","2116":"stat","2117":"cion","2118":"aizm","2119":"ekm\u0113","2120":"\u0101la ","2121":" aus","2122":"po\u0161a","2123":" loc","2124":"isin","2125":"omas","2126":"eras","2127":"iekr","2128":"\u0101b\u016bt","2129":"is\u0101 ","2130":"iene","2131":"asta","2132":" nak","2133":"riev","2134":"u\u0161as","2135":" \u017eur","2136":"arak","2137":" san","2138":"lam ","2139":"\u012bna ","2140":"rt\u012bg","2141":"\u012bju ","2142":" kl\u0101","2143":"edri","2144":"koti","2145":"auks","2146":"aug\u0161","2147":" saj","2148":"nta ","2149":"prak","2150":" m\u0113n","2151":"onis","2152":"gr\u0113k","2153":"a\u017ei ","2154":"vari","2155":"ac\u012bj","2156":"vij\u0101","2157":"\u0101jam","2158":"egri","2159":"\u0161us ","2160":"ird\u0113","2161":"udz\u0113","2162":"t\u0101di","2163":"tin\u0101","2164":"\u0161\u0101da","2165":"aj\u0101s","2166":"ater","2167":"sus ","2168":"\u0113lu ","2169":"plie","2170":"n\u0101ci","2171":"\u012bkoj","2172":"ic\u0113t","2173":"ustr","2174":"lus ","2175":"\u0101rk\u0101","2176":"agai","2177":"risi","2178":"tver","2179":"v\u0113tk","2180":"n\u012bga","2181":"neie","2182":" ter","2183":"z\u012bv\u012b","2184":"epat","2185":"biji","2186":"sama","2187":"etis","2188":"ukt ","2189":" ac\u012b","2190":"stai","2191":"edom","2192":"k\u013c\u016bt","2193":"k\u0101di","2194":"r\u0101t ","2195":"v\u012bbu","2196":" gru","2197":" pub","2198":"z\u012bga","2199":"kt\u012bv","2200":"v\u0101m ","2201":"eris","2202":"ids ","2203":"e\u0161an","2204":"epaz","2205":"er\u012bg","2206":"stru","2207":"\u0113mu ","2208":"pl\u0101n","2209":"ier\u0101","2210":"agla","2211":"osau","2212":" zau","2213":"norm","2214":"an\u012bb","2215":" spr","2216":"radu","2217":"sl\u0113p","2218":"ab\u0101 ","2219":"lie\u0161","2220":" izk","2221":"domu","2222":"eiz\u0113","2223":"nest","2224":"uli ","2225":"ajam","2226":"att\u012b","2227":"stin","2228":"urn\u0101","2229":"dza ","2230":"pin\u0101","2231":"proc","2232":"at\u012bj","2233":"lici","2234":"zas ","2235":"\u017eurn","2236":"ene ","2237":"t\u0113ls","2238":"alin","2239":"enam","2240":"resa","2241":"meri","2242":"izte","2243":"turk","2244":"lpo\u0161","2245":"eb\u016bt","2246":"avot","2247":"eesm","2248":"rn\u0101l","2249":"odam","2250":"t\u012bs ","2251":"\u0101t\u0101 ","2252":"sant","2253":"v\u0113l\u0101","2254":"ator","2255":"r\u012bdi","2256":"deva","2257":" kok","2258":"olit","2259":" j\u016bt","2260":"dent","2261":"olo\u0123","2262":"anis","2263":"\u012bsie","2264":"\u0101rto","2265":"iece","2266":"ras\u012b","2267":" pl\u0101","2268":"ies\u0101","2269":"labs","2270":"rotu","2271":" sep","2272":"s\u0113ta","2273":"ins ","2274":"fakt","2275":"tvie","2276":"d\u0113ju","2277":"icam","2278":"ld\u012bt","2279":"kl\u0113j","2280":"drs ","2281":"sagl","2282":"odar","2283":" akt","2284":"ntoj","2285":"eri\u0101","2286":"\u0101rds","2287":"ener","2288":"ocek","2289":"k\u0101m ","2290":"est\u0101","2291":"n\u0101tn","2292":"virs","2293":"plat","2294":"ekli","2295":"e\u013cu ","2296":"sept","2297":"t\u016bra","2298":"dri ","2299":"uzva","2300":"p\u0101rt","2301":"lais","2302":"meni","2303":"k\u013ci ","2304":" for","2305":"eska","2306":"nema","2307":"onie","2308":"the ","2309":"rien","2310":"man\u0101","2311":" m\u0113\u0123","2312":"zvar","2313":"ilde","2314":" sis","2315":"esan","2316":" rom","2317":"brie","2318":"kie ","2319":"noja","2320":"sm\u012bg","2321":"r\u0101s ","2322":"pazi","2323":"\u0101r\u0101k","2324":" b ","2325":"medi","2326":"nesp","2327":"apul","2328":"ed\u0101v","2329":"ztei","2330":" ak ","2331":"divi","2332":" sla","2333":"iepa","2334":"oto ","2335":" lid","2336":"alu ","2337":"eka ","2338":"jauk","2339":"roce","2340":" des","2341":"abas","2342":"doti","2343":"tavs","2344":"ib\u0113j","2345":"edok","2346":"\u0161\u0101s ","2347":"t\u0101ds","2348":"orij","2349":"loce","2350":"negr","2351":"\u0113l\u0101k","2352":"jama","2353":"anda","2354":" it ","2355":"\u0101jus","2356":"izvi","2357":"egul","2358":"audu","2359":"br\u0101l","2360":"tic\u0113","2361":"z\u0101s ","2362":"ka\u013c ","2363":"st\u0113m","2364":"r\u016bp\u0113","2365":"stun","2366":" apz","2367":"rkl\u0101","2368":"n\u0101ca","2369":"arti","2370":"rtie","2371":"sk\u0101s","2372":" d\u017ee","2373":"aida","2374":"kolo","2375":"d\u012bbu","2376":"grup","2377":" ris","2378":"metr","2379":"a\u0161u ","2380":"los ","2381":"n\u0101ks","2382":"sapu","2383":"atva","2384":" j\u016br","2385":"svai","2386":"az\u012bs","2387":" lap","2388":"skaj","2389":"spor","2390":"pava","2391":"toja","2392":" aud","2393":"sk\u0101 ","2394":"part","2395":"anta","2396":"d\u012bti","2397":"ster","2398":"z\u0146em","2399":"tera","2400":"n\u0101ji","2401":"rika","2402":"erie","2403":"d\u0113j\u0101","2404":"az\u0101k","2405":"\u0137is ","2406":"unga","2407":"amo ","2408":"lpot","2409":" asi","2410":"b\u0101s ","2411":" asv","2412":"izr\u0101","2413":"liti","2414":"am\u0113r","2415":"slav","2416":"t\u012bk ","2417":"t\u0101v ","2418":"imie","2419":"tund","2420":"esti","2421":"\u0113li ","2422":"turi","2423":"akla","2424":" \u0101rs","2425":"\u0113l\u0113j","2426":" kan","2427":"kart","2428":"\u0101dus","2429":"r\u016bti","2430":"tica","2431":"\u012bc\u012bb","2432":"ieru","2433":"trs ","2434":"kar ","2435":"sel\u012b","2436":"k\u013cie","2437":"l\u0101ka","2438":"balt","2439":"iepi","2440":"asv ","2441":" \u017e\u0113l","2442":"r\u0101da","2443":"ient","2444":"lda ","2445":"oj\u0101s","2446":"inoj","2447":"mazi","2448":"atur","2449":"urkl","2450":"ried","2451":"i\u0101li","2452":"ieau","2453":"ikvi","2454":"kaln","2455":"s\u0101ta","2456":"smi ","2457":"et\u0113j","2458":" spi","2459":" \u0161au","2460":"augi","2461":"\u0101ves","2462":"ideo","2463":"sl\u0113g","2464":"sasn","2465":" at\u0161","2466":"t\u016bks","2467":"nost","2468":"m\u0101t ","2469":"iel\u016b","2470":"drot","2471":"\u0113mas","2472":"utu ","2473":"cer\u012b","2474":"at\u012bv","2475":"t\u0101l\u0101","2476":"irm\u0101","2477":"droj","2478":"aniz","2479":"caur","2480":"aptu","2481":"t\u012bst","2482":"vnie","2483":"\u0113jus","2484":"rvie","2485":"obe\u017e","2486":"laul","2487":"an\u0101m","2488":"d\u0101vi","2489":"g\u0101ju","2490":"zem\u0113","2491":"diet","2492":"tpak","2493":"\u0101te ","2494":"arg\u0101","2495":"d\u012bs ","2496":"aidi","2497":" m\u0101s","2498":"etum","2499":"at\u0161\u0137","2500":"rinc","2501":"iksm","2502":"zi\u0146\u0101","2503":"etru","2504":"itas","2505":" j\u0101n","2506":"dari","2507":"\u0113l\u0113\u0161","2508":" bau","2509":"ola ","2510":" s\u0101t","2511":"sis ","2512":"tkar","2513":"tija","2514":"pant","2515":"smas","2516":"liem","2517":"\u013c\u016bst","2518":"ijai","2519":"gumu","2520":"zr\u0101d","2521":"simi","2522":"stos","2523":"aku ","2524":"akt\u012b","2525":" t\u016bk","2526":"piea","2527":"alva","2528":"z\u0146\u0113m","2529":"t\u012bga","2530":"\u0113rt\u0113","2531":"riba","2532":"rmai","2533":"tt\u012bs","2534":"sma ","2535":"t\u0101ti","2536":"paci","2537":"kta ","2538":" kre","2539":"e\u0146u ","2540":"as\u012bj","2541":"erik","2542":"\u0101rva","2543":"oju\u0161","2544":"udu ","2545":"kar\u012b","2546":"st\u0101d","2547":"ln\u012bb","2548":"m\u0101te","2549":"k\u0161u ","2550":" uzl","2551":"tuli","2552":"\u012bv\u0113 ","2553":"lika","2554":"kop\u0161","2555":"vism","2556":"r\u012bc\u012b","2557":"m\u016b\u017e\u012b","2558":"\u0101tan","2559":"p\u0101r\u0101","2560":"\u0101k\u0101s","2561":"b\u012bba","2562":" r\u012bc","2563":"zlas","2564":"audi","2565":"der\u012b","2566":"atla","2567":"rst\u0101","2568":" tir","2569":"aid\u0101","2570":"evaj","2571":"ndr\u012b","2572":"p\u0113t\u012b","2573":"dzen","2574":"\u0101tni","2575":"m\u012bba","2576":"velt","2577":" cel","2578":"pus\u0113","2579":"g\u0101ja","2580":"ekot","2581":"sast","2582":"pam\u0101","2583":"kusi","2584":"ejam","2585":"jus ","2586":"raid","2587":"elai","2588":"\u0146\u0113ma","2589":"doda","2590":"z\u012bv\u0113","2591":"\u0101die","2592":"iedu","2593":"ad\u0101s","2594":" cau","2595":" bag","2596":"r\u0113ji","2597":"pakl","2598":"sme ","2599":"zvie","2600":"devi","2601":"s\u0101m ","2602":"n\u0101kt","2603":"p\u0113j ","2604":"asto","2605":" spo","2606":"d\u012b\u0161a","2607":"ikta","2608":"tuve","2609":"vena","2610":"boj\u0101","2611":"idu ","2612":"rst ","2613":" kli","2614":"trum","2615":" dat","2616":"ais\u012b","2617":"z\u012bme","2618":"\u0101r\u0113j","2619":"esta","2620":"atbr","2621":"nola","2622":"enis","2623":" fra","2624":"\u0113rot","2625":"stas","2626":"eg\u016bt","2627":" put","2628":" ide","2629":"g\u016bt ","2630":" smi","2631":"jekt","2632":"a\u013cas","2633":"node","2634":"rad\u0101","2635":" ele","2636":"mudi","2637":"ulis","2638":"izpi","2639":"amu ","2640":"saga","2641":"sks ","2642":"ol\u012bj","2643":"rbs ","2644":"lekt","2645":"am\u0101c","2646":"konk","2647":"\u0113j\u0101m","2648":"osie","2649":"cer\u0113","2650":"v\u0113t\u012b","2651":"ce\u013co","2652":"lod\u0101","2653":"diez","2654":"eaug","2655":"sn\u012bb","2656":"d\u0101t ","2657":"ul\u012bb","2658":" rob","2659":"ka\u0146\u0101","2660":"zvai","2661":" jer","2662":"zkla","2663":"kl\u0113t","2664":"onas","2665":"\u0113vs ","2666":"vidu","2667":"t\u0101v\u0113","2668":"mai\u0146","2669":"edze","2670":"ksks","2671":" \u010det","2672":"kaji","2673":"acie","2674":"aism","2675":"vecu","2676":"t\u0113vs","2677":"numu","2678":"cen\u0161","2679":"a\u0146\u0101 ","2680":"atri","2681":"emi ","2682":"zmir","2683":"icu ","2684":"ent\u0101","2685":"omet","2686":"roti","2687":"smaz","2688":"pes ","2689":"v\u0113r\u0101","2690":"r\u0113ju","2691":"isus","2692":" kra","2693":"otra","2694":"o\u0161u ","2695":"\u010detr","2696":"erat","2697":"zis ","2698":"s\u012bbu","2699":"oku ","2700":"gam ","2701":"ni\u0161\u0137","2702":"kato","2703":"res\u0113","2704":"\u0161aub","2705":"op\u0161 ","2706":"papi","2707":"tr\u016bk","2708":"apsk","2709":"bag\u0101","2710":"d\u012bgi","2711":"apga","2712":"iemi","2713":"erad","2714":"cies","2715":" pos","2716":"ku\u0161i","2717":"esai","2718":"inci","2719":"l\u0113ja","2720":"imni","2721":"auja","2722":" tri","2723":" pul","2724":" gra","2725":"r\u012bks","2726":"saj\u016b","2727":"ino\u0161","2728":"asin","2729":"\u0113r\u0137i","2730":"enta","2731":"roka","2732":"ajai","2733":" bur","2734":"tr\u0101 ","2735":"prog","2736":"a\u0113li","2737":"\u0113sim","2738":"ess ","2739":"lat\u012b","2740":"er\u0101d","2741":"voju","2742":"skas","2743":"oni ","2744":"aul\u012b","2745":" gul","2746":"\u017e\u0113l ","2747":"osl\u0113","2748":"nga ","2749":"\u012bgum","2750":"iten","2751":"s\u0101k ","2752":"t\u012b\u0161a","2753":"rmaj","2754":"t\u0161\u0137i","2755":" m\u0101k","2756":"irmo","2757":"rt\u0113j","2758":"ju\u0161a","2759":"n\u0101j\u0101","2760":" ind","2761":"\u016b\u017e\u012bg","2762":"iet\u0113","2763":"\u0101d\u0101s","2764":"ciem","2765":"sot ","2766":"vest","2767":"ijis","2768":"iz\u0101c","2769":"dze ","2770":" kap","2771":"virz","2772":"r\u0101de","2773":"z\u0101ci","2774":"tdie","2775":"izpl","2776":"\u012bnu ","2777":"emin","2778":"kust","2779":"aimi","2780":"koju","2781":"ild\u0113","2782":"eite","2783":"r\u0101\u013ci","2784":"zsar","2785":"isam","2786":"zemi","2787":"pada","2788":"unas","2789":"a\u013cu ","2790":"\u012bg\u0101s","2791":"r\u012bgu","2792":"rij\u0101","2793":"saim","2794":"lms ","2795":"gram","2796":"c\u012bga","2797":"ropa","2798":"\u012b\u0161u ","2799":"\u0113jot","2800":"rie\u0161","2801":"\u0101nij","2802":"z\u0113s ","2803":"m\u0101ti","2804":"uzra","2805":"ekst","2806":"slod","2807":"ogra","2808":"dr\u012bk","2809":"arat","2810":"t\u0101te","2811":"\u012bst\u012b","2812":" apv","2813":"izes","2814":"\u0101ru ","2815":"ezga","2816":" tem","2817":" rez","2818":"no\u0161a","2819":"kola","2820":"z\u012bgs","2821":" l\u0113m","2822":" izb","2823":"atsa","2824":" neu","2825":"kami","2826":"pska","2827":"sev ","2828":"iz\u0113t","2829":"koja","2830":"uda ","2831":" izj","2832":"utor","2833":"\u0101de ","2834":"lido","2835":"\u013c\u016bt ","2836":"iz\u0113j","2837":"dedz","2838":" j\u00e5s","2839":"etik","2840":"\u0113jai","2841":"obr\u012b","2842":"mumu","2843":"v\u012bru","2844":"\u0101l\u0101k","2845":"non\u0101","2846":"sa\u0146\u0113","2847":"t\u0113ja","2848":"niet","2849":"el\u012bb","2850":"idzo","2851":"a\u013c\u0101 ","2852":"kam\u0113","2853":"edal","2854":"zpla","2855":"gie ","2856":"ek\u013cu","2857":"saja","2858":"d\u012bsi","2859":"arbs","2860":"tici","2861":"\u012bnas","2862":"en\u012bb","2863":" spe","2864":"rdz\u012b","2865":" mas","2866":"lsti","2867":" baz","2868":" v\u0101c","2869":"\u0113to ","2870":"o\u0161in","2871":"\u0113c\u012bg","2872":"r\u012bni","2873":"p\u0101rm","2874":"t\u0101lu","2875":"azi\u0146","2876":"z\u0113m ","2877":" pui","2878":"sen ","2879":"v\u0113ja","2880":"agr\u0101","2881":"\u0161\u012bba","2882":"upur","2883":"dokl","2884":"gst\u0101","2885":"el\u0101 ","2886":"\u0101c\u012bj","2887":"nedr","2888":"g\u016bst","2889":"uz\u0146\u0113","2890":"ojis","2891":"t\u0113m ","2892":" jes","2893":"sksk","2894":"\u016bdzu","2895":"ul\u0101r","2896":"gl\u012bt","2897":"kurs","2898":"amas","2899":"stab","2900":"taji","2901":"ekus","2902":"\u0113t\u012bj","2903":"neuz","2904":" non","2905":"\u016bta ","2906":"\u0113js ","2907":"apil","2908":"\u0113rij","2909":"usa ","2910":"ildi","2911":"n\u012bca","2912":" apd","2913":"i\u0161\u0137\u012b","2914":"kars","2915":"rauj","2916":"ld\u012bj","2917":"\u0161\u0101du","2918":"\u0101jot","2919":" zva","2920":"t\u0101vo","2921":" ban","2922":"\u012bdze","2923":"g\u0101m ","2924":"kvie","2925":"iekl","2926":"stis","2927":"kama","2928":"edod","2929":"eb\u016bs","2930":"\u0161in\u0101","2931":"san\u0101","2932":"pavi","2933":"\u012bcij","2934":"z\u0113ji","2935":"j\u0101pa","2936":"\u0161\u0137\u012bg","2937":"aisa","2938":"\u0101sim","2939":"alms","2940":"udzu","2941":" dis","2942":"d\u0101rg","2943":" upu","2944":"\u0101ris","2945":"klas","2946":" ap ","2947":"s\u0113t\u0101","2948":"neap","2949":"gli ","2950":"iku\u0161","2951":"rtu ","2952":" uzb","2953":"azem","2954":"\u016bg\u0161a","2955":" ame","2956":"atzi","2957":"m\u0101ce","2958":"kult","2959":"lim\u012b","2960":"eksm","2961":"t\u0113ma","2962":"tura","2963":"lik\u0101","2964":"tvai","2965":"\u0101din","2966":"eika","2967":"tors","2968":"ule ","2969":"prom","2970":"esas","2971":"atv\u0113","2972":"zv\u0113r","2973":"od\u0101 ","2974":"paze","2975":" kul","2976":"p\u0101r\u0113","2977":"ausi","2978":"\u0101cek","2979":"ncip","2980":" d\u017eo","2981":"\u0101tes","2982":"film","2983":"rdom","2984":" atn","2985":"dev\u0101","2986":"auga","2987":"s\u012bs ","2988":"lna ","2989":"sn\u012bg","2990":"iet\u012b","2991":"sada","2992":"utas","2993":"izva","2994":" g\u0101j","2995":"uta ","2996":"k\u013c\u016bd","2997":" tr\u016b","2998":"isks","2999":"embr","3000":"l\u016bg\u0161","3001":"n\u0101si","3002":" d ","3003":"im\u012bb","3004":"\u013cuva","3005":"us\u0113 ","3006":"ac\u012bm","3007":"adi ","3008":"z\u0101k ","3009":"smie","3010":"m\u0101k ","3011":"komp","3012":"lit\u0101","3013":"pla\u0161","3014":"em\u0113 ","3015":" rai","3016":"prof","3017":"jaja","3018":"tv\u0113r","3019":"epti","3020":"rat ","3021":"l\u012bju","3022":" me\u017e","3023":"iem\u0101","3024":"l\u012bbu","3025":"nedz","3026":"amma","3027":"aizl","3028":" i ","3029":"v\u0101ci","3030":"st\u0101t","3031":"c\u012bti","3032":"pie\u0161","3033":"\u012brs ","3034":"ec\u012bg","3035":"j\u0101iz","3036":"asa ","3037":"uzde","3038":"arij","3039":"oda ","3040":"t\u0101k\u013c","3041":" pa\u0146","3042":"ldes","3043":"ird\u012b","3044":"st\u012bg","3045":"ar\u0101m","3046":"j\u0101at","3047":"uca ","3048":"\u0101rti","3049":"ete ","3050":"pan\u0101","3051":" klu","3052":"rste","3053":"der ","3054":"l\u0113ju","3055":"avis","3056":"\u0113ra ","3057":"g\u0101ka","3058":"\u0101d\u0113\u013c","3059":"zvan","3060":" pel","3061":"foto","3062":"ksim","3063":"tulk","3064":"ecum","3065":"d\u012bta","3066":"soci","3067":"d\u0113jo","3068":"tram","3069":" s\u0101p","3070":"pus ","3071":"pav\u0113","3072":" s ","3073":"ndas","3074":"esaj","3075":"diva","3076":"skan","3077":"n\u0101la","3078":"rmo ","3079":"sal\u012b","3080":"tne ","3081":"to\u0161a","3082":"jais","3083":"t\u012bvi","3084":"ala ","3085":" t\u0101m","3086":"okas","3087":"ulko","3088":"ilgi","3089":"to\u0161i","3090":"p\u0101rr","3091":"ados","3092":"l\u012bga","3093":"ivas","3094":"apk\u0101","3095":"konc","3096":" mis","3097":"abal","3098":"orti","3099":"sag\u0101","3100":"j\u0101sa","3101":"j\u0101t ","3102":" gl\u0101","3103":"pk\u0101r","3104":"rm\u0101 ","3105":"\u0101lo ","3106":"oma ","3107":"disk","3108":"roju","3109":"gums","3110":"bazn","3111":"p\u0113te","3112":"avad","3113":"arka","3114":" ast","3115":"garu","3116":"\u012bni\u0161","3117":"dzek","3118":"astu","3119":"mand","3120":"pot ","3121":"nela","3122":"izn\u012b","3123":" sl\u0113","3124":"auc\u0113","3125":"opas","3126":"vokl","3127":"am\u0101 ","3128":"\u012bsti","3129":"ebre","3130":"\u0113dz ","3131":"\u0101pie","3132":"oman","3133":"zrak","3134":"gal\u0101","3135":"piez","3136":"tavu","3137":"ag\u0101d","3138":"once","3139":"r\u0113ti","3140":"\u0101sta","3141":"eize","3142":"ele ","3143":"r\u012bju","3144":"osim","3145":"\u0101r\u0101 ","3146":"joni","3147":" ikv","3148":"bils","3149":"it\u0101 ","3150":"naj\u0101","3151":"ivi ","3152":"omie","3153":"t\u0113t ","3154":"este","3155":"\u012bkot","3156":"post","3157":"elek","3158":" reg","3159":"enoj","3160":"egli","3161":"ce\u013cu","3162":"r\u0101ci","3163":"esap","3164":"nega","3165":"lgi ","3166":"ce\u013ca","3167":"oda\u013c","3168":"p\u0101rk","3169":"azn\u012b","3170":"pave","3171":"spil","3172":"\u0101vid","3173":"ora ","3174":"saki","3175":"pion","3176":" p ","3177":"do\u0161a","3178":"ugs ","3179":"dzis","3180":"lied","3181":" rea","3182":"ult\u0101","3183":"st\u012bs","3184":"\u012bste","3185":"autu","3186":"veni","3187":"rom ","3188":"rie\u017e","3189":"olu ","3190":"em\u0101c","3191":"tern","3192":"i\u0146oj","3193":"t\u012bsi","3194":"vi\u0161\u0137","3195":" atd","3196":"ek\u0161 ","3197":"edau","3198":"loda","3199":"r\u012bta","3200":"oder","3201":"tirg","3202":"skar","3203":"arad","3204":"n\u0101l\u0101","3205":"lies","3206":"\u0113rst","3207":"dab\u016b","3208":"bin\u0101","3209":"ab\u0101t","3210":"ar\u012bb","3211":"zimu","3212":"puse","3213":" uzk","3214":"\u0113ter","3215":"trie","3216":"iedi","3217":"usti","3218":" fot","3219":"zrau","3220":"d\u012bts","3221":"aki ","3222":"eicu","3223":"r\u012bja","3224":" mod","3225":"n\u0101li","3226":"iels","3227":"ieej","3228":"amaz","3229":"ug\u0161\u0101","3230":"\u0101ra ","3231":"id\u0101m","3232":"rec\u0113","3233":" dur","3234":"evi\u0161","3235":"gara","3236":"elt\u012b","3237":"ribi","3238":" tul","3239":"p\u0113le","3240":"iltu","3241":"n\u012bci","3242":"mta ","3243":"orma","3244":"zrai","3245":"e\u013cau","3246":" ins","3247":"atg\u0101","3248":"t\u0101d\u0101","3249":" mam","3250":"v\u0113r\u0161","3251":" and","3252":" t\u012br","3253":"atve","3254":" pab","3255":"iksi","3256":"\u0113tos","3257":"zved","3258":"ilna","3259":"\u012bjus","3260":"\u0101kus","3261":"lta ","3262":"ibi ","3263":"saku","3264":"ared","3265":"ar\u0113s","3266":" ser","3267":" z\u0101l","3268":"rib ","3269":"s\u0101kt","3270":"\u0101cie","3271":"\u012bst ","3272":"mest","3273":"\u016btas","3274":"vers","3275":"unda","3276":"\u012bto ","3277":"sos ","3278":"antu","3279":"gres","3280":"izkl","3281":"aj\u016bt","3282":"rdus","3283":"r\u012bd ","3284":"tg\u0101d","3285":"d\u012bji","3286":"k\u013cau","3287":"idi ","3288":"temp","3289":"n\u0113m ","3290":"brej","3291":"aimn","3292":"lpoj","3293":"atk\u0101","3294":"vilt","3295":"iesl","3296":"alas","3297":" l\u016bk","3298":"ugu ","3299":"evai","3300":" k\u0101j","3301":"auci","3302":"ajaj","3303":"r\u016bt\u012b","3304":"nere","3305":"zpil","3306":"r\u0101t\u0101","3307":"at\u016br","3308":"en\u0161a","3309":"eig\u0101","3310":"olic","3311":"kl\u0113 ","3312":"astr","3313":" tuk","3314":"l\u0161an","3315":" m\u012b\u013c","3316":" sil","3317":"otas","3318":"\u0101tri","3319":"teks","3320":"t\u012bka","3321":"enie","3322":"g\u0101di","3323":" ste","3324":"amaj","3325":"ists","3326":"m\u012bga","3327":"jumo","3328":"karo","3329":"tums","3330":"c\u0113ju","3331":" pa\u013c","3332":"izpa","3333":"dok\u013c","3334":"kr\u0101s","3335":"\u012bkam","3336":"ost\u0101","3337":"lodz","3338":"us\u012bt","3339":"lstu","3340":" fin","3341":"bruk","3342":"alpi","3343":"\u0101cis","3344":"dija","3345":" sle","3346":"utie","3347":"iekt","3348":" r\u0101d","3349":"edzo","3350":"p\u0113ku","3351":"etni","3352":"smag","3353":"kons","3354":"jesa","3355":"riju","3356":"klus","3357":"e\u0161us","3358":"iek\u0101","3359":"tehn","3360":"acis","3361":"dota","3362":" j\u016bd","3363":"rti ","3364":"emot","3365":"ist ","3366":"m\u0161an","3367":"iju\u0161","3368":"ver ","3369":"l\u0101k\u0101","3370":"n\u0113ta","3371":"regu","3372":"ptau","3373":"\u0146oju","3374":"id\u012bj","3375":"k\u013cu ","3376":"id\u0101 ","3377":" soc","3378":"\u0113taj","3379":"\u0113ne\u0161","3380":"zgl\u012b","3381":"n\u012bt ","3382":"ing ","3383":"el\u016bg","3384":"tumu","3385":"vasa","3386":"kr\u012bt","3387":"bank","3388":"ur\u0113j","3389":" ang","3390":" vin","3391":"r\u0101di","3392":"d\u012bj\u0101","3393":"fran","3394":"r\u012bvo","3395":"esma","3396":"rboj","3397":"spec","3398":" \u0161im","3399":"rogr","3400":"doju","3401":"emas","3402":"ilst","3403":"\u012bdam","3404":"osti","3405":"test","3406":"idrs","3407":"in\u012bg","3408":"ejie","3409":"umen","3410":"slep","3411":" dal","3412":"viel","3413":"\u017eiem","3414":"ier\u012b","3415":"ag\u0101j","3416":"iezg","3417":"cits","3418":"rakt","3419":"b\u0101ka","3420":"itis","3421":"er\u0113t","3422":"r\u012bb\u0101","3423":"z\u012bvn","3424":"eeja","3425":"zgan","3426":"sak\u0101","3427":"via ","3428":"oris","3429":"ad\u012bb","3430":"stum","3431":"lns ","3432":"dz\u012bt","3433":"evij","3434":"\u012bvni","3435":"\u0101nis","3436":"\u0113jos","3437":"lkst","3438":"\u016bt\u012bj","3439":"ret\u012b","3440":"sl\u0113d","3441":" svi","3442":"nozi","3443":"m\u0101sa","3444":"vaig","3445":"bes\u012b","3446":"o\u0161ie","3447":"kari","3448":"naid","3449":"d\u0113ji","3450":"koma","3451":" s\u016bt","3452":"sp\u0113c","3453":" z\u012bm","3454":"\u0101les","3455":"ntus","3456":"t\u0101li","3457":"ptuv","3458":"teid","3459":"uven","3460":"vid\u0113","3461":"pulk","3462":"tene","3463":"nda ","3464":"im\u012bg","3465":" tak","3466":"aim\u012b","3467":"\u0101vok","3468":"j\u00e5s ","3469":"iesk","3470":"reti","3471":"iden","3472":"rada","3473":" eso","3474":"jeb ","3475":"dama","3476":"gr\u0101k","3477":"j\u0101ie","3478":"dzer","3479":"abo ","3480":"l\u0113dz","3481":"gala","3482":"otn\u0113","3483":"milz","3484":"\u012btas","3485":" ama","3486":"arvi","3487":"j\u0101da","3488":"agat","3489":" at\u013c","3490":"zi\u013ci","3491":"zj\u016bt","3492":"vos ","3493":"\u012bcin","3494":"o\u0123ij","3495":"esak","3496":" \u0161ob","3497":"ej\u0101 ","3498":"\u0161\u0101di","3499":" k ","3500":"nto ","3501":"gaba","3502":"dzas","3503":"ila ","3504":"nij\u0101","3505":"iec\u0101","3506":" sod","3507":"avai","3508":"joti","3509":"arot","3510":"mot ","3511":"zi\u0146u","3512":"t\u012bg\u0101","3513":" nob","3514":"\u0161obr","3515":"a\u017eie","3516":"durv","3517":"ajas","3518":" rau","3519":"n\u0101da","3520":"rim ","3521":"ritu","3522":"av\u0113j","3523":"emaz","3524":"veln","3525":"kras","3526":"egum","3527":"\u0113les","3528":"t\u012bt\u0101","3529":"pti\u0146","3530":" \u0161os","3531":"t\u012bji","3532":"\u013cos ","3533":"k\u013ca ","3534":"m\u0113ro","3535":"etri","3536":"jat ","3537":"ardz","3538":"r\u0113j\u0101","3539":"spir","3540":"l\u012bti","3541":"gar\u0101","3542":"vaid","3543":" b\u0113d","3544":"\u0101mi ","3545":"mamm","3546":"resi","3547":"ekto","3548":"rupa","3549":"lieg","3550":"skri","3551":"aik ","3552":"sard","3553":"r\u0101ka","3554":" arv","3555":" nam","3556":"s\u012bju","3557":"auli","3558":"j\u016bra","3559":"piee","3560":"r\u0113si","3561":"izdz","3562":"alvo","3563":"kol\u0101","3564":"vent","3565":" ver","3566":"idzi","3567":" ugu","3568":"nodr","3569":"trol","3570":"p\u0113c\u012b","3571":"trai","3572":"k\u013cus","3573":"eic\u012b","3574":"sms ","3575":" j\u0101r","3576":"noju","3577":"aini","3578":"noli","3579":" der","3580":"urus","3581":"da\u013c\u0101","3582":"ido ","3583":"misi","3584":" vas","3585":"sion","3586":" gre","3587":"ugun","3588":"odom","3589":"z\u012bt ","3590":"et\u0101s","3591":"bus ","3592":"\u0146\u0101m ","3593":"m\u0101ks","3594":"l\u012bgi","3595":"t\u012bva","3596":"putn","3597":"r\u012btu","3598":"da\u013cu","3599":"d\u0113ls","3600":"neai","3601":"on\u0101 ","3602":"tbr\u012b","3603":"neta","3604":"tur\u012b","3605":"rtij","3606":"\u0161im ","3607":"l\u0101ri","3608":"lien","3609":"eita","3610":"peci","3611":"\u0101na ","3612":"\u00e4gi ","3613":"elta","3614":"r\u012bgs","3615":"ait\u0101","3616":"rd\u0113j","3617":"zija","3618":"irdi","3619":"ev\u0101s","3620":"v\u012brs","3621":"egt ","3622":" boj","3623":"imta","3624":"\u012bve ","3625":" rek","3626":"lga ","3627":"orei","3628":" ebr","3629":"edar","3630":"zpau","3631":"aits","3632":"oru ","3633":"\u0101l\u0101s","3634":"onom","3635":"atli","3636":"izg\u0101","3637":"amai","3638":"m\u0113dz","3639":" skr","3640":"rns ","3641":"tre\u0161","3642":" \u0137er","3643":"un\u0101s","3644":"ersi","3645":"m\u0101ji","3646":"\u0161\u012bna","3647":"katu","3648":"roku","3649":"aiz ","3650":"rezu","3651":"rk\u0101r","3652":"etur","3653":"at\u013ca","3654":"roje","3655":"t\u013cau","3656":"kund","3657":"t\u0113ji","3658":"eid\u0101","3659":"odro","3660":"vada","3661":" tor","3662":"tr\u0101l","3663":" iec","3664":"\u012btos","3665":"omir","3666":"rai ","3667":"u\u0161aj","3668":" m\u0113d","3669":" m ","3670":"nier","3671":"l\u0101no","3672":"n\u0161as","3673":"aktu","3674":"t\u0113ju","3675":"d\u0113\u013ca","3676":" tek","3677":"\u0113kam","3678":"eaiz","3679":"dros","3680":"\u016bru ","3681":"laj\u0101","3682":"tavi","3683":"\u0101d\u0101m","3684":"ai\u0146a","3685":"liz\u0113","3686":"\u012bdin","3687":"trak","3688":"o\u0161s ","3689":"mari","3690":"unaj","3691":"stot","3692":"iter","3693":"pas\u0101","3694":"\u0113dam","3695":"pnie","3696":" s\u0113d","3697":"taig","3698":"iz\u0113m","3699":"kar\u0101","3700":"zdom","3701":"loni","3702":"vilk","3703":"lv\u0113c","3704":"rofe","3705":"\u0101t\u012bb","3706":"e\u013ca ","3707":"peln","3708":"l\u0113t\u0101","3709":"rk\u0101p","3710":"l\u00e5dz","3711":"\u0101ns ","3712":"ieg\u0101","3713":"psol","3714":"klie","3715":"uno ","3716":"avi ","3717":"just","3718":"\u0113lam","3719":"\u0113die","3720":"tami","3721":"esij","3722":"fili","3723":"t\u012bj\u0101","3724":"ontr","3725":"tuv\u0101","3726":"pzi\u0146","3727":" l\u00e5d","3728":"nep\u0101","3729":"jeru","3730":"eksp","3731":"dru ","3732":"rest","3733":"t\u0101ka","3734":"ozie","3735":"k\u0101ci","3736":"\u0113rs ","3737":"lt\u0101t","3738":"ik\u0161a","3739":"rina","3740":"kot\u0101","3741":"r\u0161an","3742":"rat\u016b","3743":"apso","3744":" res","3745":"j\u0101pi","3746":"ofes","3747":"estu","3748":"ugus","3749":"b\u016bsi","3750":"mei ","3751":"ktis","3752":"kol\u0113","3753":"miru","3754":"ests","3755":" dan","3756":"ep\u0101r","3757":"\u0101dar","3758":"zg\u0101j","3759":"rbin","3760":"baid","3761":"\u012bgus","3762":"pa\u0161\u0101","3763":"inas","3764":"rt\u0101 ","3765":"otr\u0101","3766":"daba","3767":"iek\u013c","3768":"als ","3769":"zult","3770":"bail","3771":"slie","3772":"ezul","3773":"d\u0101rz","3774":"ter ","3775":"iesu","3776":" teh","3777":"uzbr","3778":"onij","3779":"cie\u0146","3780":"deja","3781":"in\u0101l","3782":"olot","3783":"\u0137ir\u012b","3784":"ocen","3785":"rsti","3786":"\u016bp\u0113j","3787":" dep","3788":"puri","3789":"akts","3790":"z\u0101le","3791":"gado","3792":"ektr","3793":"idus","3794":"skie","3795":"tud\u0113","3796":"ausm","3797":"\u0101va ","3798":"in\u012bt","3799":" ded","3800":"m\u016bzi","3801":"rm\u0101l","3802":"ol\u0101 ","3803":"gr\u0101f","3804":" t ","3805":"deo ","3806":"ekon","3807":"iesn","3808":"uztu","3809":"rik\u0101","3810":"\u0101lij","3811":" b\u012bs","3812":"lmu ","3813":"en\u0101c","3814":"lij\u0101","3815":"\u0146ema","3816":"aig\u0101","3817":"bij\u0101","3818":"ib\u0113t","3819":"\u0101des","3820":"niz\u0101","3821":"tzin","3822":"g\u013cu ","3823":"\u012bru ","3824":"lot\u0101","3825":"en\u0101m","3826":"\u0101nu ","3827":"ikal","3828":"naci","3829":"\u012bra ","3830":"l\u016bgt","3831":"i\u0123ij","3832":" \u00e5 ","3833":"teni","3834":"et\u0101m","3835":"ain\u0101","3836":"olis","3837":"n\u012bc\u0101","3838":"\u0146emo","3839":"aliz","3840":" ma\u0161","3841":"ojek","3842":"ij\u0101s","3843":"\u0101ksl","3844":"alda","3845":"rd\u0101 ","3846":"alit","3847":"in\u0113j","3848":" mud","3849":"as\u0101k","3850":"\u0101\u013ci ","3851":"\u0113sti","3852":"tort","3853":"ev\u0113l","3854":"\u0101van","3855":"uris","3856":"d\u0101va","3857":"tran","3858":"\u0101lie","3859":"t\u0101ci","3860":"utom","3861":"ture","3862":" of ","3863":"god\u012b","3864":" \u0101r\u0101","3865":" nac","3866":"iezt","3867":" via","3868":"ndu ","3869":" rep","3870":"\u0113le ","3871":"m\u012bbu","3872":"izpr","3873":"eigt","3874":"\u0101rta","3875":"zien","3876":"boja","3877":"ant\u0101","3878":"\u0113tai","3879":"ebku","3880":" mor","3881":"aren","3882":"gar\u0161","3883":"itus","3884":"ikto","3885":"itor","3886":"prez","3887":"upr\u0101","3888":"zem ","3889":"av\u0101m","3890":"atot","3891":"ro\u0161\u012b","3892":"bkur","3893":"gul\u0113","3894":"aksa","3895":"liks","3896":"otaj","3897":" pau","3898":"paid","3899":"v\u0113t ","3900":" m\u016bz","3901":"v\u0113ta","3902":"o\u0123is","3903":"miek","3904":"rans","3905":"stri","3906":" l\u012bm","3907":"iebi","3908":"tlai","3909":"\u00e4ba ","3910":"o\u0161\u012bb","3911":"zek\u013c","3912":"tk\u0101r","3913":"avoj","3914":"erau","3915":"lt\u016br","3916":"kaim","3917":"ulc\u0113","3918":"riti","3919":"ud\u0113t","3920":"spai","3921":"\u012btaj","3922":"t\u0113va","3923":" \u0101da","3924":"teja","3925":"ramm","3926":"m\u0113ja","3927":"usu ","3928":" uni","3929":"l\u0101m ","3930":"ik\u0101c","3931":"limn","3932":" rie","3933":"\u012bcas","3934":"\u0113tku","3935":"gaji","3936":"pres","3937":"\u0101rda","3938":"esie","3939":"n\u012bg\u0101","3940":"r\u012bnu","3941":"atne","3942":"erne","3943":"laip","3944":"varo","3945":"t\u0113ti","3946":"\u00e5dzu","3947":"idej","3948":"edum","3949":"es\u012bs","3950":"rtas","3951":"kr\u0101t","3952":"elo ","3953":"d\u012btu","3954":"nev\u0113","3955":"vu\u0161i","3956":"\u016bra ","3957":"min\u016b","3958":"ult\u016b","3959":" por","3960":"c\u012bt ","3961":"e\u013coj","3962":"eme\u013c","3963":"ikus","3964":"d\u012bga","3965":" j\u0101m","3966":"it\u0101d","3967":" nej","3968":" apb","3969":"kko ","3970":" paa","3971":"t\u0101d\u0113","3972":"\u0101laj","3973":"atus","3974":"\u0113nes","3975":"pie\u013c","3976":"\u0101rd\u0101","3977":"k\u0161\u0113j","3978":"and ","3979":"tz\u012bm","3980":"trij","3981":"lnu ","3982":"lvas","3983":" p\u0113r","3984":"znes","3985":"last","3986":"\u0101tis","3987":"b\u012bst","3988":"etic","3989":"stu\u013c","3990":"l\u012bme","3991":" dok","3992":"id\u012bg","3993":"ietv","3994":"jie ","3995":"al\u012bt","3996":"gos ","3997":"\u0146ems","3998":"it\u0101m","3999":"alga","4000":"am\u0101k","4001":"visl","4002":"rtra","4003":"lati","4004":"psti","4005":"ldi ","4006":"drei","4007":"\u0113ru ","4008":" bil","4009":"oka ","4010":"tsau","4011":"nt\u0101 ","4012":"vilc","4013":"nie ","4014":"pzin","4015":"etin","4016":"r\u0101ti","4017":"z\u012bti","4018":"tuvo","4019":"dar\u00e4","4020":"ieca","4021":"\u0101rtr","4022":"\u012bb\u0101s","4023":"er\u0113j","4024":"i\u0123is","4025":"ogr\u0101","4026":"r\u0113s ","4027":"inst","4028":"a\u017eas","4029":"sls ","4030":"t\u0113lo","4031":"boli","4032":"ioni","4033":"\u0113rns","4034":"\u0101ma ","4035":"vare","4036":"kan\u0101","4037":"ok\u013cu","4038":"izci","4039":"dz\u0101s","4040":"t\u0101t ","4041":"iste","4042":"nome","4043":"oci\u0101","4044":"ek\u013ca","4045":"idz ","4046":"arb\u0101","4047":"espa","4048":"ek\u0161\u0113","4049":"m\u012bl\u0113","4050":" l\u0113n","4051":"ntr\u0101","4052":"id\u016b ","4053":" tim","4054":"lim ","4055":" kil","4056":"nese","4057":"vert","4058":"tuvu","4059":"nove","4060":"\u016bdza","4061":"re\u0101l","4062":"gul\u0101","4063":"rie\u0137","4064":" zob","4065":"uvu ","4066":"imum","4067":"liep","4068":"kav\u0113","4069":" eva","4070":"e\u0146\u0123e","4071":"arta","4072":" tro","4073":"rali","4074":"anie","4075":"atja","4076":"mati","4077":"vana","4078":"tris","4079":"stro","4080":" iza","4081":"vumu","4082":"\u0137irt","4083":"vid ","4084":"dz\u0113 ","4085":"ecas","4086":"\u0101rra","4087":"vid\u016b","4088":"mts ","4089":"d\u0101ja","4090":" jut","4091":"adze","4092":"pgal","4093":"ases","4094":"rnet","4095":"idie","4096":"uka ","4097":"rsta","4098":"mato","4099":"toma","4100":"indi","4101":"\u0113los","4102":"re\u0123i","4103":"rb\u0101 ","4104":"ujas","4105":"idos","4106":"ting","4107":"l\u00e4dz","4108":"uzve","4109":"ratu","4110":"cel\u0161","4111":"andi","4112":"aipn","4113":" lv ","4114":" apa","4115":"nism","4116":"pame","4117":"oj\u0101 ","4118":" tal","4119":" ven","4120":"st\u012b\u0161","4121":"ems ","4122":"\u0113zu ","4123":"erob","4124":"ovad","4125":" atj","4126":"ndri","4127":"eslo","4128":"\u012bmi ","4129":"fekt","4130":"pera","4131":"pa\u013ca","4132":"el\u0161a","4133":"\u0161ai ","4134":"lase","4135":"\u012bjie","4136":"vado","4137":"tjau","4138":"sbie","4139":"eram","4140":"zelt","4141":"apvi","4142":"tans","4143":"c\u012bgs","4144":"\u0113\u0161u ","4145":"sai ","4146":"ikko","4147":"\u0113sie","4148":"iz\u0146e","4149":"mai ","4150":"eida","4151":"\u012bvu ","4152":"tikk","4153":"aime","4154":"ets ","4155":"str\u012b","4156":"ust ","4157":"c\u0113ti","4158":"elef","4159":" e\u0146\u0123","4160":"divu","4161":"sark","4162":"nesi","4163":"dome","4164":"i\u0146\u0101m","4165":"zdot","4166":" se\u0161","4167":"t\u0113j\u0101","4168":"onst","4169":"en\u0113 ","4170":" teo","4171":"t\u012bgs","4172":"tbol","4173":"z\u012bgu","4174":" sec","4175":"ingr","4176":" ras","4177":"efon","4178":"a\u0161\u012bb","4179":"m\u0113r\u0101","4180":"eguv","4181":"ino ","4182":"eruz","4183":"uni ","4184":"izsl","4185":"nova","4186":" sin","4187":"olai","4188":"otic","4189":" sku","4190":"\u012bva ","4191":"ar\u012bs","4192":"apm\u0113","4193":"anci","4194":" l\u012bg","4195":"iki ","4196":"k\u0101dr","4197":"lefo","4198":"\u0161ais","4199":"l\u016bk ","4200":"envi","4201":"orta","4202":"\u0101dre","4203":"\u0101\u0161u ","4204":"rec\u012b","4205":"pa\u0161\u012b","4206":" rod","4207":"\u012bt\u012bb","4208":"esls","4209":"naba","4210":"ugi ","4211":"atte","4212":"sm\u0101 ","4213":"m\u0113t ","4214":"ienv","4215":"ekri","4216":" glu","4217":"s\u012bja","4218":"lvu ","4219":"ic\u0113j","4220":"telp","4221":"mred","4222":" eko","4223":"lts ","4224":" m\u0101r","4225":"rda ","4226":"alvu","4227":"pm\u0113r","4228":"aizb","4229":"\u0113l\u012bg","4230":"iru\u0161","4231":"a\u0161a ","4232":" pop","4233":"m\u012bgs","4234":"esis","4235":" kus","4236":"str\u0113","4237":"zems","4238":"t\u0101v\u012b","4239":"idri","4240":"tota","4241":"nesk","4242":"ztie","4243":"urp ","4244":"al\u012bg","4245":"in\u016bt","4246":"c\u0101ku","4247":"ait\u012b","4248":"\u0113sts","4249":"fizi","4250":" abi","4251":"r\u0101ku","4252":"iro ","4253":"l\u012bt\u012b","4254":"ntas","4255":"t\u012bgu","4256":" nab","4257":"biem","4258":"blik","4259":"mma ","4260":"du\u0161i","4261":"ucie","4262":"tei ","4263":"on\u0101k","4264":"is\u0101m","4265":"z\u012bm\u012b","4266":"\u0101v\u012bg","4267":"ants","4268":"e\u0161\u0137i","4269":"et\u012b ","4270":"satr","4271":"ldin","4272":"seks","4273":"misk","4274":"\u012bjab","4275":"r\u012bv\u012b","4276":"\u0101v\u0101j","4277":"otos","4278":"ec\u012bz","4279":"\u017e\u0113lo","4280":"be\u017eo","4281":" \u012bja","4282":"ekt\u012b","4283":"da\u017eu","4284":" kru","4285":"u\u0161o ","4286":"l\u016bgs","4287":"aizr","4288":"ro\u0161a","4289":"olog","4290":"\u0113rna","4291":"mtie","4292":" kr\u012b","4293":"c\u0113t ","4294":"esot","4295":"dosi","4296":"imi ","4297":"ojo\u0161","4298":"atn\u0101","4299":" \u0101rk","4300":"meta","4301":"dz\u012bj","4302":"\u0101sie","4303":"auji","4304":"ldni","4305":" ra\u017e","4306":"eci\u0101","4307":"ni\u0146u","4308":"erme","4309":"abil","4310":"udr\u012b","4311":" fiz","4312":"rosm","4313":"plau","4314":"br\u012b ","4315":" s\u012bk","4316":"v\u0113lo","4317":" ieb","4318":"b\u0113tu","4319":"a\u0161\u0101 ","4320":"gars","4321":"udas","4322":"dev\u0113","4323":"etus","4324":"mis ","4325":"l\u016bko","4326":"dusm","4327":"t\u012btu","4328":"t\u0101k ","4329":"om\u0101s","4330":"rit\u0101","4331":"eksi","4332":"no\u017e\u0113","4333":"sona","4334":"d\u012bb\u0101","4335":"\u013cuvu","4336":"laic","4337":"mazu","4338":"avei","4339":"n\u012bgu","4340":" abs","4341":"eci ","4342":"guma","4343":"estr","4344":"aldn","4345":"reju","4346":"rnus","4347":"svin","4348":"tora","4349":"kome","4350":"a\u013cau","4351":"edru","4352":"irku","4353":"esen","4354":"avuk","4355":"m\u0101jo","4356":"\u0101tas","4357":" t\u0113t","4358":"ig\u0101s","4359":"roni","4360":"ad\u012bs","4361":"kilo","4362":"z\u0113ta","4363":"zbru","4364":"r\u0101ki","4365":"\u016bzik","4366":"eros","4367":"iez\u012b","4368":"nei ","4369":"o\u017e\u0113l","4370":"avam","4371":"eno ","4372":"nepr","4373":"ev\u0113j","4374":" sae","4375":"\u012bm\u0113j","4376":"t\u012bm ","4377":"n\u012bju","4378":"nedo","4379":"osta","4380":" b\u016bv","4381":"\u0161\u0137i ","4382":"aidu","4383":"min\u0101","4384":"\u016btis","4385":"rumu","4386":"\u0101vi ","4387":"nvid","4388":"n\u012bgs","4389":"ksmi","4390":"z\u012bmi","4391":" ku\u0123","4392":"\u0101v\u0113j","4393":"plan","4394":"vist","4395":"\u0113\u013cas","4396":"dumu","4397":" num","4398":"drie","4399":"ieko","4400":"nori","4401":"uzla","4402":"auki","4403":"tots","4404":"\u0101\u013cu ","4405":"r\u0101fi","4406":"z\u012bb\u0101","4407":"b\u0101t ","4408":"uc\u0113j","4409":"s\u012bt\u0101","4410":"uk\u0101r","4411":"ekci","4412":"ira ","4413":"silt","4414":"rekl","4415":"ilz\u012b","4416":"rkan","4417":"ka\u0146o","4418":"ranc","4419":"most","4420":"e\u0161a ","4421":"vuk\u0101","4422":"amen","4423":"tien","4424":"\u0161am ","4425":" p\u016bl","4426":"ar\u00e4 ","4427":"ismu","4428":"\u0113rts","4429":"ezon","4430":"r\u0101tu","4431":"stre","4432":"l\u0113ti","4433":"paau","4434":"m\u0101c\u0101","4435":"ltu ","4436":"odok","4437":"\u0101mas","4438":"s\u016bdz","4439":"\u0137iem","4440":" no\u017e","4441":"imt\u0101","4442":"izbr","4443":" re\u0101","4444":"mart","4445":"zlab","4446":"espi","4447":"arda","4448":"nera","4449":"aize","4450":"n\u0101c ","4451":"ikt\u0101","4452":"rezi","4453":"gaj\u0101","4454":"\u012bsi ","4455":"p\u0101rc","4456":"\u0101sas","4457":"ntro","4458":"l\u0113gt","4459":"\u012bvs ","4460":" lep","4461":"ks\u0101 ","4462":" j\u0101\u0146","4463":"opul","4464":"ld\u0113t","4465":"aeim","4466":"saei","4467":"fija","4468":"tion","4469":"znie","4470":"e\u017eas","4471":" \u0161ov","4472":"patu","4473":"ie\u0161\u0137","4474":" dus","4475":"akci","4476":" zel","4477":"elti","4478":"u\u017ei ","4479":" v\u0101j","4480":"az\u012bt","4481":"der\u0113","4482":"b\u016bti","4483":" bla","4484":"noza","4485":"irkt","4486":"ukst","4487":"\u012brus","4488":"vila","4489":"unum","4490":"rd\u0113t","4491":" ant","4492":"m\u012bg\u0101","4493":"epra","4494":"\u012bme ","4495":"\u012bmre","4496":"jien","4497":"zgl\u0101","4498":"gstu","4499":"rosi","4500":"es\u0101 ","4501":"inan","4502":"c\u012bmr","4503":"zona","4504":"alis","4505":"\u012bnum","4506":"brit","4507":"ikpa","4508":"tik\u0101","4509":"teno","4510":" ar\u00e4","4511":"auri","4512":"lz\u012bg","4513":"rese","4514":"akme","4515":"\u0101mu ","4516":"on\u0101r","4517":"peri","4518":"l\u012bgu","4519":"n\u0113ja","4520":"lsta","4521":"kpat","4522":"\u012bjos","4523":"rok\u0101","4524":"labv","4525":"nkur","4526":"elik","4527":"uz\u0146e","4528":"dv\u0113s","4529":"lasi","4530":"ibin","4531":"zika","4532":"g\u0101ji","4533":"nemi","4534":"ardi","4535":"\u0123iju","4536":"tikp","4537":"uku ","4538":"men\u0113","4539":" aci","4540":"eic ","4541":"edzu","4542":" dv\u0113","4543":"o\u0161o ","4544":"rasa","4545":"v\u0113li","4546":"punk","4547":"apr\u0101","4548":" ret","4549":"unkt","4550":"omis","4551":"\u0101rt\u0113","4552":"pm\u0101k","4553":" v\u0113j","4554":"tana","4555":"v\u0113se","4556":"evas","4557":"sezo","4558":"son\u012b","4559":"omen","4560":"undz","4561":"stni","4562":" bir","4563":"iec ","4564":"\u0113tis","4565":"slu ","4566":"\u017e\u0101d\u0101","4567":"e\u0146\u0113m","4568":"s\u0113d\u0113","4569":"edic","4570":" poz","4571":"maza","4572":"olie","4573":" pun","4574":"tajo","4575":"galu","4576":"\u0101tr\u0101","4577":"mi\u0146a","4578":"guns","4579":"j\u0113ka","4580":" nec","4581":"g\u0101k ","4582":"et\u012bb","4583":"\u0113kab","4584":"emam","4585":"ugur","4586":"seci","4587":"oms ","4588":"ud\u012bj","4589":"popu","4590":"umur","4591":"sare","4592":"rpm\u0101","4593":"c\u0101ka","4594":"okr\u0101","4595":"ibas","4596":"labp","4597":"\u0113t\u012bb","4598":"urpm","4599":"ie\u0161 ","4600":"t\u0113jo","4601":" j\u0113k","4602":"onku","4603":"idza","4604":"ust\u012b","4605":"eda ","4606":"rind","4607":"ekti","4608":"ebil","4609":"trus","4610":"otne","4611":"b\u0113ju","4612":"ugie","4613":"zam ","4614":"z\u012bju","4615":"kono","4616":"kr\u0113t","4617":"kong","4618":"od\u012bg","4619":"\u012bm\u012bg","4620":"zbra","4621":"uki ","4622":"z\u0101m ","4623":"r\u0123ij","4624":"enal","4625":"ijus","4626":"ekl\u0101","4627":" c\u0113l","4628":"kl\u0101s","4629":"emij","4630":"fina","4631":"eigu","4632":"tren","4633":" kod","4634":"lnie","4635":" re\u0123","4636":"ads ","4637":"\u012bzi ","4638":"guld","4639":"pak\u013c","4640":"atmo","4641":"doja","4642":"\u0101bra","4643":"rodu","4644":"ksas","4645":" bro","4646":"rval","4647":" bru","4648":"mju ","4649":"er\u0123i","4650":"ispi","4651":"imes","4652":"o\u0161a ","4653":"uzkl","4654":"argt","4655":"enci","4656":"vard","4657":"ni\u0146\u0161","4658":"vo\u0161a","4659":"aud\u017e","4660":" lej","4661":"isms","4662":"eesa","4663":"uram","4664":"l\u0113ji","4665":"p\u0101rp","4666":"raiz","4667":"zino","4668":"ud\u012bt","4669":"emie","4670":"iep\u0101","4671":"nota","4672":"satu","4673":"airo","4674":"bam ","4675":"uss ","4676":" efe","4677":"uden","4678":"mtu ","4679":"u\u0161\u0101s","4680":"sekm","4681":"mt\u0101 ","4682":"gts ","4683":"dodi","4684":"smad","4685":"apsp","4686":" tum","4687":"sace","4688":"asi ","4689":"l\u0101ru","4690":"sagr","4691":"glu\u017e","4692":"\u017eus ","4693":"ezid","4694":"mu\u013c\u0137","4695":"eic\u0101","4696":"rgto","4697":"zimt","4698":"gtor","4699":"apmi","4700":"uv\u0101k","4701":"ukti","4702":"lu\u017ei","4703":"ld\u0113j","4704":"mazl","4705":"onkr","4706":"ausl","4707":"lpu ","4708":"vaj\u0101","4709":"iem\u017e","4710":"ie\u0146\u0113","4711":"rstu","4712":"rvis","4713":"lde ","4714":"pace","4715":"icie","4716":"eatk","4717":"zaic","4718":"\u0113sel","4719":"\u0113k\u0101 ","4720":"v\u0113l\u012b","4721":"id\u0113j","4722":"j\u0101no","4723":" har","4724":"elin","4725":"ures","4726":"mund","4727":" c\u012b\u0146","4728":"p\u0113j\u0101","4729":"\u012bc\u0101 ","4730":"tz\u012bs","4731":"tr\u0101k","4732":" sez","4733":"soni","4734":"aja ","4735":"em\u017e\u0113","4736":"s\u0101k\u0101","4737":"mode","4738":"pmie","4739":"isla","4740":"madz","4741":"icij","4742":"rg\u0101t","4743":" slo","4744":" alk","4745":"bini","4746":"r\u012bji","4747":"ut\u0101t","4748":"rito","4749":"eizs","4750":"baus","4751":"m\u017e\u0113l","4752":"e\u0146a ","4753":" uza","4754":"d\u0113lu","4755":"ilja","4756":"zcil","4757":"ra\u017eo","4758":"emoc","4759":"erit","4760":" \u0101br","4761":"lt\u012bt","4762":"vids","4763":"zmai","4764":"tron","4765":"rtot","4766":"teig","4767":"i\u0161\u0137i","4768":"iem\u012b","4769":"okto","4770":"l\u0113m ","4771":"siju","4772":"irsn","4773":"tik\u0161","4774":" s\u0113r","4775":"abpr","4776":"l\u0113j\u0101","4777":"acio","4778":"veca","4779":"meln","4780":"n\u0101lu","4781":"also","4782":"iver","4783":"\u0101c\u0101s","4784":"posm","4785":"muma","4786":"ttei","4787":"etai","4788":"bij\u012b","4789":"dsmi","4790":"n\u0101ms","4791":"zide","4792":"mugu","4793":"udza","4794":"atsk","4795":"moci","4796":"km\u0113 ","4797":" app","4798":" emo","4799":"\u012bj\u0101m","4800":"konf","4801":"or\u0101l","4802":"at\u0101m","4803":"aizd","4804":"appu","4805":" v ","4806":"nkr\u0113","4807":"bpr\u0101","4808":" mes","4809":"esbi","4810":"\u0101rie","4811":"azli","4812":"sper","4813":"ngu ","4814":"ti\u0146a","4815":"deni","4816":"tav\u0101","4817":"r\u012bti","4818":"aral","4819":"karu","4820":"toru","4821":" lit","4822":"tore","4823":"dibi","4824":"\u0101jos","4825":"in\u012bj","4826":"ausa","4827":"\u0101rvi","4828":"ogu ","4829":"ildu","4830":"ejau","4831":"apla","4832":"rant","4833":"rato","4834":"prod","4835":" dol","4836":"eesi","4837":"\u0101ksi","4838":"o\u0161aj","4839":"\u013caud","4840":"av\u0113l","4841":"voti","4842":"rgs ","4843":"uses","4844":" avo","4845":"zem\u012b","4846":"arko","4847":"t\u0113vu","4848":"zrei","4849":"isno","4850":"mor\u0101","4851":" jus","4852":" sup","4853":"it\u0101l","4854":"\u00e4gs ","4855":"ret\u0113","4856":"sve\u0161","4857":"leme","4858":"izne","4859":"r\u0113\u0137i","4860":"priv","4861":"frik","4862":"\u0101ku\u0161","4863":"l\u0101ko","4864":"d\u0101ju","4865":"\u0113m\u0101m","4866":"uga ","4867":"besu","4868":"as\u0101m","4869":" n ","4870":"ks\u0101t","4871":"ari\u0146","4872":"alai","4873":" saz","4874":"park","4875":"pabe","4876":"ekr\u012b","4877":"nsta","4878":"r\u012bgo","4879":"r\u0101ta","4880":"vju ","4881":"ks\u0101j","4882":"l\u012bt ","4883":"r\u0113ku","4884":"abum","4885":"\u0137erm","4886":"erem","4887":"imi\u0146","4888":"asu ","4889":" mot","4890":"eme ","4891":"izme","4892":" mu\u013c","4893":"aic\u012b","4894":"atsp","4895":"maij","4896":"\u0146\u0113mi","4897":"domi","4898":"\u0113\u0137in","4899":"ert ","4900":"reis","4901":"\u0101rs ","4902":"alpu","4903":"\u016bt\u012bt","4904":"uto ","4905":"tuvi","4906":"asli","4907":"ie\u017ea","4908":" kva","4909":"apdr","4910":"t\u012bvu","4911":"rtik","4912":"\u0113vu ","4913":"ztra","4914":"land","4915":"ilci","4916":"abei","4917":"edie","4918":"m\u0101ca","4919":"\u0101to ","4920":"ep\u0101j","4921":"p\u012bgi","4922":" ene","4923":"las\u0101","4924":" g ","4925":"\u0113lot","4926":"dzel","4927":"emon","4928":"otru","4929":"izn\u0101","4930":"ncer","4931":"\u012bte ","4932":"ied\u0113","4933":"v\u012bra","4934":"tmos","4935":"ie\u0146u","4936":"i\u0137i ","4937":"poju","4938":"\u016bgsm","4939":"abv\u0113","4940":"c\u012bg\u0101","4941":"net\u0101","4942":" ik ","4943":"boti","4944":"mn\u012bc","4945":"asak","4946":"pa\u0146e","4947":"ol\u0101r","4948":"kaja","4949":"dar\u0101","4950":"imti","4951":"lnas","4952":" c\u012bn","4953":"pala","4954":"nolo","4955":"\u0123\u0113rb","4956":"\u0113l\u0113 ","4957":"pusd","4958":"\u0101rij","4959":"al\u012bj","4960":"i\u0101l\u0101","4961":"ast\u012b","4962":"ieso","4963":"b\u0113ja","4964":"ndar","4965":"ence","4966":"ek\u0101r","4967":"ksie","4968":"emsv","4969":"re\u017e\u0123","4970":"oces","4971":" dem","4972":" \u0161or","4973":"lkoj","4974":" deg","4975":"agri","4976":"ektu","4977":"dai ","4978":"rp\u0101 ","4979":" jur","4980":"l\u0113s ","4981":" \u0113di","4982":"ielo","4983":"vums","4984":"snes","4985":"\u0101\u0146u ","4986":"klu ","4987":"pazu","4988":"\u0101j\u0101 ","4989":"utis","4990":"dzni","4991":"\u0146em\u0161","4992":"gait","4993":"m\u0113rs","4994":" ope","4995":"tim ","4996":"am\u0101s","4997":"zs\u0101k","4998":" u ","4999":"elns"}}