{"nld":{"0":" de ","1":"een ","2":" het","3":"het ","4":" een","5":" van","6":"van ","7":" en ","8":"aar ","9":" ik ","10":"dat ","11":" dat","12":" is ","13":" je ","14":" in ","15":"den ","16":"ten ","17":" ver","18":"gen ","19":"ijn ","20":" nie","21":"niet","22":" zij","23":"iet ","24":"oor ","25":"voor","26":" te ","27":" voo","28":"zijn","29":" die","30":"aan ","31":"lijk","32":"ing ","33":" op ","34":"ren ","35":"die ","36":"ken ","37":"nder","38":" aan","39":" heb","40":" maa","41":" met","42":"als ","43":"met ","44":"nen ","45":"len ","46":" wat","47":" we ","48":" als","49":"ijk ","50":"eer ","51":" er ","52":"wat ","53":"cht ","54":"maar","55":" hij","56":"hij ","57":"ven ","58":"waar","59":"ben ","60":"elij","61":"eren","62":" ze ","63":" waa","64":"acht","65":"men ","66":"over","67":" om ","68":" uit","69":"onde","70":"ngen","71":" mij","72":"der ","73":" ove","74":" hee","75":" moe","76":"even","77":"alle","78":"ande","79":" dan","80":" wer","81":"aat ","82":" dit","83":"dit ","84":" naa","85":" bij","86":"nnen","87":" doo","88":" all","89":"rden","90":"naar","91":"orde","92":"sen ","93":"ter ","94":"word","95":" wor","96":"eft ","97":" was","98":"llen","99":"ers ","100":" gee","101":"ien ","102":" sch","103":"chte","104":"ver ","105":"was ","106":" ben","107":"dan ","108":"eel ","109":"echt","110":"door","111":"and ","112":"ens ","113":"inge","114":" mee","115":"eten","116":"ende","117":"dere","118":"nde ","119":"moet","120":" wee","121":" men","122":"ijke","123":"ebbe","124":"hebb","125":"eeft","126":"oen ","127":"uit ","128":" gel","129":" doe","130":"bben","131":"egen","132":"pen ","133":" kan","134":"deze","135":"mijn","136":" dez","137":"eld ","138":" wil","139":"oord","140":" u ","141":"ier ","142":" hoe","143":"eid ","144":"heid","145":"ook ","146":"nden","147":"ste ","148":"heb ","149":"eze ","150":"bij ","151":" wel","152":"ent ","153":" ook","154":" gaa","155":"eken","156":" nog","157":"tie ","158":"erde","159":"erd ","160":" of ","161":" toe","162":"heef","163":"nog ","164":" kun","165":"tijd","166":" geb","167":" kom","168":" sta","169":"oet ","170":" bes","171":"ige ","172":"mens","173":" hie","174":" me ","175":"goed","176":" goe","177":"daar","178":" daa","179":"eden","180":" zo ","181":"kan ","182":"geen","183":" zie","184":" zou","185":"laat","186":"schi","187":"aal ","188":"aard","189":"hier","190":" ste","191":"wel ","192":"omen","193":" hem","194":"sche","195":" gew","196":" gro","197":" wij","198":"inde","199":" vol","200":"zij ","201":" pro","202":" ond","203":"eerd","204":" tot","205":"ster","206":" and","207":"rde ","208":"eet ","209":"este","210":"stel","211":"ijd ","212":"werk","213":"icht","214":"zelf","215":" god","216":"elen","217":"ons ","218":"aten","219":"jke ","220":"igen","221":" ons","222":"ense","223":"oude","224":"end ","225":" haa","226":"zich","227":"hoe ","228":" nu ","229":"erst","230":"atie","231":"est ","232":"ding","233":"hem ","234":"ets ","235":" gev","236":"tot ","237":"vers","238":"oed ","239":"ere ","240":"iets","241":"zien","242":"meer","243":"gaan","244":"scha","245":" zal","246":"nsen","247":"zal ","248":" hun","249":"doen","250":"zou ","251":"hun ","252":" had","253":"unne","254":" zeg","255":"ange","256":"eder","257":"eest","258":"leve","259":"staa","260":"lang","261":" ter","262":"agen","263":"aaro","264":" hel","265":" al ","266":"veel","267":"kunn","268":"sten","269":"ling","270":"lie ","271":"wij ","272":"onge","273":"iste","274":" man","275":" lan","276":"ond ","277":"isch","278":"weet","279":" tij","280":"aren","281":"haar","282":"chri","283":"dig ","284":"ring","285":"dus ","286":"land","287":" gez","288":" ont","289":"rouw","290":"wil ","291":"aken","292":"enen","293":" dus","294":"had ","295":"oon ","296":"vert","297":" hoo","298":"verd","299":"late","300":" zic","301":" ged","302":"rom ","303":" bet","304":"volg","305":"tege","306":" nee","307":"erke","308":" beg","309":"ders","310":" den","311":"kome","312":" lev","313":"hten","314":"ssen","315":"deli","316":" ges","317":"mij ","318":" wan","319":"denk","320":"ker ","321":"arom","322":"aats","323":"geve","324":"geli","325":" bel","326":"zen ","327":" bli","328":"ele ","329":"ant ","330":"emen","331":"blij","332":"oede","333":"rdt ","334":" onz","335":"ordt","336":" jul","337":" ech","338":"nieu","339":"erin","340":" bed","341":"ulli","342":" laa","343":"ieuw","344":"werd","345":" eer","346":"anne","347":" jij","348":"jij ","349":"llie","350":"aakt","351":"houd","352":"esch","353":"ning","354":" vee","355":" teg","356":"uden","357":"dien","358":"oete","359":"kken","360":"eers","361":"onze","362":"hter","363":"ich ","364":" mis","365":" zon","366":"jull","367":"gaat","368":"god ","369":"maak","370":"woor","371":"ging","372":"nze ","373":"aag ","374":"jaar","375":" pla","376":" kon","377":"rste","378":"rsch","379":" gen","380":"best","381":"erge","382":"ord ","383":"inne","384":" dag","385":" lat","386":"dag ","387":"neer","388":"rlij","389":"ies ","390":"zond","391":"gebr","392":" vro","393":" vri","394":"elle","395":" zul","396":"lle ","397":"eens","398":"open","399":"twee","400":"eman","401":" twe","402":"krij","403":"ang ","404":"rech","405":"gewo","406":"hand","407":"weer","408":"gens","409":"tten","410":"schr","411":"rach","412":"tje ","413":"scho","414":" zel","415":"mand","416":"chie","417":" jaa","418":" iet","419":"emaa","420":"lde ","421":"huis","422":" weg","423":"tere","424":"make","425":"arde","426":"erel","427":"ouw ","428":" hou","429":" war","430":"gele","431":"were","432":"geno","433":"verl","434":"ijde","435":"akt ","436":"leen","437":"maal","438":"rgen","439":"ware","440":" her","441":" mak","442":"iema","443":"ggen","444":"aak ","445":" ja ","446":" lie","447":"olge","448":"che ","449":"rijk","450":"uur ","451":"kijk","452":"reld","453":"amen","454":"elde","455":" wet","456":"ille","457":"eide","458":"tell","459":"tig ","460":"vind","461":"raag","462":"oort","463":"prob","464":"llee","465":"tuur","466":"erli","467":" geh","468":" per","469":"gelo","470":" noo","471":"les ","472":"och ","473":"woon","474":"brui","475":"iede","476":" wie","477":"ruik","478":" str","479":"hen ","480":"verg","481":" ga ","482":"egge","483":"toen","484":"gewe","485":" jeh","486":"keli","487":"ehov","488":"hova","489":"jeho","490":"ente","491":" vin","492":"hebt","493":"man ","494":"lgen","495":"ovah","496":"ebt ","497":"teru","498":"ede ","499":" elk","500":"chap","501":"uis ","502":"oit ","503":"elf ","504":"dige","505":"ater","506":"ooit","507":"orge","508":"gezi","509":" zei","510":"eige","511":"nten","512":"hele","513":" sto","514":"ist ","515":" uw ","516":"taat","517":"chti","518":"verk","519":"king","520":"rder","521":" con","522":" han","523":"verb","524":"zoek","525":"toch","526":"ort ","527":"plaa","528":"mee ","529":"erk ","530":" hui","531":"keer","532":" kri","533":" gem","534":"iden","535":"miss","536":"uwen","537":"ulle","538":"kom ","539":"erug","540":"ndel","541":"iend","542":"oren","543":"oek ","544":"ger ","545":" kin","546":"wie ","547":" kij","548":"ouwe","549":"weg ","550":"bent","551":" voe","552":"ersc","553":"rege","554":"deel","555":"ebru","556":" hen","557":"lke ","558":"enge","559":"kind","560":"rijg","561":"nken","562":"stan","563":"wete","564":"hoor","565":"enke","566":" get","567":" lee","568":"ment","569":" kle","570":"kend","571":" gra","572":"fde ","573":"uite","574":" toc","575":"bete","576":" oud","577":"ert ","578":"stee","579":" zit","580":" eve","581":"leid","582":"elin","583":"vrou","584":"lief","585":" vra","586":"itie","587":"grij","588":"dden","589":"nee ","590":"heel","591":"ijve","592":" jou","593":"eeld","594":"ewoo","595":" ber","596":"anda","597":"verw","598":"vond","599":"rist","600":" min","601":" rec","602":"ader","603":"kte ","604":" eig","605":"stra","606":"ssch","607":"wach","608":"ind ","609":"eter","610":"tand","611":"geda","612":" bew","613":"rken","614":"ocht","615":"omt ","616":"jes ","617":"dank","618":"lles","619":"wee ","620":" din","621":"taan","622":"dach","623":"wen ","624":"elke","625":"erte","626":" chr","627":" kwa","628":"ting","629":"komt","630":"ood ","631":"lich","632":" har","633":"alen","634":"itei","635":"gevo","636":"zull","637":"onin","638":"ast ","639":" nat","640":"issc","641":"aam ","642":"itte","643":"rand","644":" ong","645":" t ","646":"ette","647":" woo","648":" spe","649":"zei ","650":"nlij","651":"rote","652":"hris","653":"uwe ","654":"rtel","655":"eker","656":"lema","657":"rond","658":" omd","659":"uist","660":"geva","661":"uren","662":" ach","663":"derd","664":" jon","665":"unt ","666":"omda","667":"iten","668":"mdat","669":"nter","670":"ezen","671":" dui","672":"gest","673":"enst","674":"idde","675":"grot","676":" sla","677":"eloo","678":"hien","679":" iem","680":"ard ","681":"teke","682":"rie ","683":"eili","684":"gebe","685":"rage","686":"verh","687":"ogen","688":" dri","689":"vera","690":"jken","691":"inte","692":" n ","693":"jong","694":"els ","695":"elan","696":" gek","697":" na ","698":"bela","699":"zegg","700":" ken","701":" int","702":"aand","703":"rug ","704":"enk ","705":"jden","706":"egt ","707":"gene","708":" jez","709":" beh","710":"gend","711":"tel ","712":"spre","713":"rede","714":"gere","715":"tste","716":"ekke","717":"odig","718":"oest","719":"jven","720":"oven","721":"vrij","722":"nooi","723":"erwi","724":" bre","725":"nodi","726":"will","727":" erg","728":"esta","729":"pers","730":"ngel","731":"neme","732":"euwe","733":" som","734":"art ","735":"geld","736":"oals","737":"zorg","738":"zoal","739":" zoa","740":"reng","741":" sam","742":"eree","743":" reg","744":"groe","745":" bez","746":" alt","747":" moo","748":"dood","749":"tuig","750":"eit ","751":"amer","752":" ied","753":"midd","754":" stu","755":"ltij","756":"alti","757":"ale ","758":"want","759":"htig","760":"nnee","761":" bev","762":" mar","763":"toe ","764":"vah ","765":"loof","766":"eem ","767":"nger","768":"eind","769":"verm","770":" opg","771":"oel ","772":"daan","773":" bee","774":" spr","775":" ger","776":" pre","777":"akke","778":"vrie","779":"ezie","780":"moed","781":"teit","782":"zus ","783":"net ","784":"koni","785":"teli","786":" dee","787":" aar","788":"ine ","789":"stig","790":"ties","791":"oeg ","792":" kee","793":"doe ","794":"schu","795":"gesc","796":" lij","797":"ctie","798":"reke","799":" net","800":"wann","801":"ijge","802":"uder","803":"welk","804":"bren","805":"nkel","806":"rien","807":"trou","808":"reen","809":"moge","810":"iek ","811":"geef","812":"rich","813":"beur","814":"ote ","815":"rijd","816":"tige","817":"lein","818":"heer","819":" nod","820":"tisc","821":"chts","822":"aang","823":" ope","824":"besc","825":"ijbe","826":"ppen","827":"egin","828":" pra","829":" ten","830":"opge","831":"oot ","832":" kla","833":"begr","834":"groo","835":"kaar","836":"eran","837":"root","838":"bijb","839":"are ","840":"erg ","841":"beel","842":"sch ","843":"lach","844":"nkt ","845":" der","846":"baar","847":"voel","848":"usse","849":"zeke","850":"elt ","851":"nis ","852":"mer ","853":"rwij","854":"jezu","855":" bin","856":"uitg","857":"onen","858":"ezus","859":"erva","860":"jbel","861":"ank ","862":" hal","863":"vraa","864":"drie","865":"eek ","866":"rend","867":"oorb","868":"oop ","869":" com","870":"erla","871":"kkel","872":" par","873":"teld","874":"ijze","875":"verv","876":"klei","877":"oofd","878":"ndig","879":"tte ","880":" boe","881":"doel","882":"elli","883":"ucht","884":"eert","885":"aars","886":" bro","887":"appe","888":"ever","889":" af ","890":"rati","891":"ters","892":"eger","893":"trek","894":"olle","895":" ind","896":"geme","897":" sle","898":" pri","899":"ebeu","900":"bel ","901":"enig","902":"etje","903":"rdig","904":"eef ","905":"leer","906":"nste","907":"binn","908":"vere","909":"ieve","910":"zit ","911":"bere","912":"ijf ","913":"gelu","914":"ddel","915":"ings","916":" mag","917":"kwam","918":"edaa","919":"edig","920":"ndaa","921":"egel","922":"erkt","923":"geze","924":"per ","925":"eeds","926":"elfs","927":"aad ","928":"dele","929":"gde ","930":"roep","931":"haal","932":"atuu","933":" red","934":"gees","935":"aart","936":" wac","937":"eds ","938":"kant","939":"ewel","940":"ighe","941":"robl","942":"tion","943":"wijz","944":"oble","945":"laar","946":"same","947":"vaar","948":"mooi","949":" tra","950":"wees","951":"mees","952":"zegt","953":"stri","954":"lfs ","955":"\u00e9\u00e9n ","956":"oeke","957":"erha","958":"ezel","959":"ldig","960":" \u00e9\u00e9n","961":"ans ","962":"cent","963":" vre","964":"vang","965":"ilde","966":"lijf","967":"enin","968":"robe","969":"zie ","970":" zor","971":" bek","972":"lden","973":"spel","974":" blo","975":"ats ","976":"naam","977":" the","978":"doet","979":"druk","980":"val ","981":" win","982":" nou","983":"gods","984":"enoe","985":"ieke","986":"omst","987":"rvan","988":"atst","989":"arin","990":"erso","991":" zwa","992":"ief ","993":"lede","994":"oden","995":"ogel","996":"nou ","997":"evol","998":"slag","999":"hte ","1000":"begi","1001":"meen","1002":"arti","1003":"paar","1004":" sne","1005":"ikke","1006":"nsch","1007":"iere","1008":"help","1009":"vast","1010":" ein","1011":"kenn","1012":"asse","1013":"eur ","1014":"antw","1015":" pol","1016":"oege","1017":"eeuw","1018":" mil","1019":"evee","1020":"jou ","1021":" rij","1022":"ntwo","1023":"choo","1024":"apen","1025":" zek","1026":"iens","1027":"uige","1028":"twoo","1029":"vand","1030":" leu","1031":"nse ","1032":"aans","1033":"gema","1034":"vall","1035":"lech","1036":"enti","1037":"euw ","1038":"ewee","1039":"gebo","1040":"ees ","1041":" mog","1042":"ene ","1043":"kunt","1044":"hap ","1045":"jgen","1046":" ban","1047":" mn ","1048":"eval","1049":" lic","1050":"ods ","1051":" erv","1052":" dra","1053":"ein ","1054":" gin","1055":"oorz","1056":"ardi","1057":"ertr","1058":"vade","1059":"roeg","1060":"nte ","1061":"ijkt","1062":" res","1063":" afg","1064":"taal","1065":"oten","1066":"ervo","1067":"rst ","1068":" vas","1069":" tro","1070":"wild","1071":" sti","1072":"natu","1073":"anse","1074":"iken","1075":"boek","1076":"zitt","1077":" leg","1078":"hart","1079":"akte","1080":"erle","1081":"snel","1082":"liti","1083":"enis","1084":" vie","1085":"adde","1086":"ijs ","1087":"ilig","1088":"ante","1089":"jkt ","1090":"poli","1091":"ving","1092":"itge","1093":"elka","1094":"tuss","1095":"slec","1096":" oor","1097":"dage","1098":"lfde","1099":" vor","1100":"anie","1101":"wate","1102":" lui","1103":"indi","1104":"ekom","1105":"ekt ","1106":"deri","1107":"rust","1108":"egev","1109":" mor","1110":"bouw","1111":"tal ","1112":"ikt ","1113":"emee","1114":" zoe","1115":"hoof","1116":"kker","1117":"vier","1118":"nede","1119":" pas","1120":"teed","1121":"llem","1122":"inst","1123":"aald","1124":" geg","1125":"stad","1126":"acti","1127":"olit","1128":" vad","1129":"mag ","1130":"volk","1131":" med","1132":" val","1133":"nier","1134":"derl","1135":"mani","1136":"rkt ","1137":"lend","1138":"ijkh","1139":" lei","1140":"oud ","1141":"tter","1142":"geho","1143":"egri","1144":" bra","1145":"ghei","1146":"uits","1147":"uide","1148":"ijks","1149":"zoud","1150":"etui","1151":"lkaa","1152":" bui","1153":"arte","1154":"erda","1155":"efde","1156":"rijp","1157":"tjes","1158":" boo","1159":"chil","1160":"eluk","1161":"hede","1162":"morg","1163":"plan","1164":"etro","1165":" ker","1166":"nati","1167":"jkhe","1168":"eine","1169":"klaa","1170":" kra","1171":"getu","1172":"lijv","1173":" aut","1174":"raak","1175":"rika","1176":"uurl","1177":"lpen","1178":"loed","1179":"ziek","1180":"auto","1181":"urli","1182":"erzo","1183":"afge","1184":"koms","1185":"elfd","1186":"anta","1187":"hadd","1188":"esti","1189":"hrij","1190":"orte","1191":"verz","1192":"seli","1193":"kon ","1194":"ommi","1195":"ngri","1196":"uike","1197":"eed ","1198":"ruit","1199":" zee","1200":"vroe","1201":" paa","1202":"rhei","1203":"mach","1204":"stre","1205":"etek","1206":"draa","1207":"sing","1208":"rin ","1209":"noem","1210":"daag","1211":"buit","1212":"slaa","1213":" s ","1214":"lope","1215":"ntie","1216":"angr","1217":"lege","1218":"evoe","1219":"eraa","1220":"enli","1221":"erwe","1222":"oof ","1223":"prek","1224":"dent","1225":"tien","1226":"iefd","1227":"stud","1228":"kers","1229":"drag","1230":"nst ","1231":"igin","1232":"hoog","1233":"vorm","1234":"enne","1235":"avon","1236":"ress","1237":"gege","1238":" uur","1239":"kel ","1240":"krac","1241":"rijv","1242":" tus","1243":"neem","1244":"igd ","1245":"erei","1246":" tre","1247":"wam ","1248":"stem","1249":"geri","1250":"mmig","1251":"iete","1252":"leuk","1253":"teer","1254":"mige","1255":"lere","1256":"spec","1257":"zeg ","1258":"bove","1259":"pele","1260":"gie ","1261":"oeve","1262":"sie ","1263":"rekk","1264":"nge ","1265":"ensc","1266":" vel","1267":"vrag","1268":" hon","1269":" bep","1270":"kele","1271":"aant","1272":"tend","1273":" wis","1274":"ener","1275":"bied","1276":"ijft","1277":"moei","1278":"kent","1279":"ool ","1280":"orbe","1281":"somm","1282":" vij","1283":"enaa","1284":"ermo","1285":"tele","1286":"moes","1287":"soor","1288":"eerl","1289":" gij","1290":"ijt ","1291":" ant","1292":"zon ","1293":"rige","1294":"oppe","1295":"wijs","1296":"raat","1297":"llin","1298":"ooi ","1299":"tus ","1300":"oog ","1301":"geko","1302":"teri","1303":"egd ","1304":" nem","1305":"orma","1306":"ect ","1307":"lige","1308":"chij","1309":"rate","1310":"cont","1311":"ehoo","1312":"ijl ","1313":"elem","1314":"moor","1315":"isse","1316":" tel","1317":"edoe","1318":" ide","1319":"rbij","1320":"erme","1321":"blee","1322":"epen","1323":"urt ","1324":"gij ","1325":"mete","1326":"erve","1327":" mid","1328":"graa","1329":"mmer","1330":"rmen","1331":"mann","1332":"leef","1333":"heen","1334":"maan","1335":"luis","1336":"broe","1337":"ffen","1338":"rop ","1339":"euws","1340":" ins","1341":"ezin","1342":"derw","1343":"meri","1344":"luch","1345":"oors","1346":"oste","1347":"anke","1348":"chaa","1349":" soo","1350":"ller","1351":"zet ","1352":"cher","1353":"angs","1354":"hijn","1355":"nhei","1356":"opt ","1357":"weld","1358":"beer","1359":"erhe","1360":" spi","1361":"besl","1362":"rlan","1363":"blie","1364":"offe","1365":" bov","1366":"seer","1367":"noeg","1368":"eldi","1369":"leme","1370":"oorl","1371":"gers","1372":"bedr","1373":"onne","1374":"zin ","1375":"elpe","1376":"betr","1377":"espr","1378":"tiek","1379":"mati","1380":"duid","1381":" mei","1382":"happ","1383":"eite","1384":"aden","1385":"hoop","1386":"idel","1387":"orga","1388":"dsch","1389":"ziet","1390":" raa","1391":"rten","1392":"okke","1393":" rus","1394":"voer","1395":"gehe","1396":"ontw","1397":"gron","1398":"ands","1399":"nds ","1400":"uikt","1401":"tad ","1402":"izen","1403":"ming","1404":"vend","1405":"gela","1406":"rant","1407":"erwa","1408":"nel ","1409":"veer","1410":"bedo","1411":"gezo","1412":"andi","1413":"ral ","1414":"ide ","1415":"hou ","1416":"juis","1417":"enhe","1418":"omme","1419":"rzoe","1420":"rij ","1421":"ntal","1422":"merk","1423":"stop","1424":" jar","1425":" eng","1426":"ijne","1427":"lig ","1428":"gesp","1429":" ron","1430":"inke","1431":"arme","1432":"nkri","1433":"elk ","1434":"ston","1435":"rdel","1436":"jft ","1437":"geni","1438":" ple","1439":"beho","1440":"link","1441":"wist","1442":" won","1443":"ngev","1444":"pel ","1445":"brac","1446":"part","1447":"arsc","1448":"zend","1449":"icha","1450":" zoo","1451":" zet","1452":"bare","1453":"trij","1454":" klo","1455":"lag ","1456":"wijl","1457":"rgan","1458":" m ","1459":"terw","1460":"rgel","1461":"wege","1462":" rel","1463":"bloe","1464":"geha","1465":"rmee","1466":"eve ","1467":"beke","1468":" mac","1469":"maat","1470":"mmen","1471":" kor","1472":" mat","1473":"zett","1474":"hale","1475":"oken","1476":" enk","1477":"derz","1478":" lig","1479":" rui","1480":"atio","1481":"rry ","1482":"chen","1483":"euk ","1484":" nad","1485":"ner ","1486":"orlo","1487":"chre","1488":"khei","1489":"niem","1490":"uize","1491":"voll","1492":"anis","1493":"bewe","1494":"eent","1495":"hts ","1496":"rbee","1497":"orst","1498":"bezi","1499":"port","1500":" a ","1501":"tens","1502":"eke ","1503":"name","1504":"terk","1505":"pper","1506":"rdee","1507":"eled","1508":"stat","1509":"ukki","1510":" zod","1511":"week","1512":"spro","1513":"rest","1514":"lieg","1515":"nome","1516":"vens","1517":"zoon","1518":"milj","1519":" vaa","1520":"hoev","1521":"stor","1522":"beha","1523":"iger","1524":"eetj","1525":" fra","1526":" gep","1527":"erko","1528":"huld","1529":"aarv","1530":"zake","1531":" kop","1532":"evin","1533":"obee","1534":"reek","1535":"liet","1536":"nige","1537":"mili","1538":" ing","1539":"hool","1540":"sel ","1541":"prof","1542":" dac","1543":"raad","1544":"enee","1545":"form","1546":"vele","1547":"enom","1548":"punt","1549":"gang","1550":"ahs ","1551":"fen ","1552":"getr","1553":" dro","1554":"tale","1555":"stus","1556":"rtro","1557":"last","1558":"gels","1559":"alis","1560":"lage","1561":"pres","1562":"vahs","1563":"stie","1564":"reid","1565":"eric","1566":"aarh","1567":"dhei","1568":"kkin","1569":"erik","1570":"ruim","1571":" nam","1572":"beet","1573":"kere","1574":" mon","1575":"wone","1576":"ilt ","1577":"igt ","1578":" ete","1579":"zing","1580":" jui","1581":"arhe","1582":"ode ","1583":" bla","1584":"zaak","1585":"effe","1586":"edac","1587":"vero","1588":"genl","1589":" fil","1590":"igde","1591":"nink","1592":"chul","1593":"eure","1594":"kort","1595":"ssin","1596":"oms ","1597":"oom ","1598":" dru","1599":"hard","1600":"erne","1601":"kame","1602":"oep ","1603":"erse","1604":" afs","1605":"gesl","1606":"spra","1607":"rkel","1608":"ust ","1609":"leze","1610":"eres","1611":"iene","1612":"verr","1613":"urd ","1614":" eeu","1615":"elig","1616":"here","1617":"ubli","1618":" ned","1619":"idin","1620":" spo","1621":"beda","1622":" ler","1623":" art","1624":"stuk","1625":"lse ","1626":"oots","1627":"anti","1628":"lus ","1629":"dens","1630":" eni","1631":"terd","1632":"ustr","1633":"thui","1634":"ndin","1635":"emel","1636":"orda","1637":"tief","1638":"oedi","1639":"vloe","1640":"jare","1641":"the ","1642":"tond","1643":" thu","1644":"rvoo","1645":"bezo","1646":"eurd","1647":"rven","1648":" zag","1649":"eleg","1650":"eidi","1651":"edan","1652":" ame","1653":"ezon","1654":"medi","1655":"nner","1656":" act","1657":"soon","1658":" kam","1659":"alt ","1660":"orme","1661":"prec","1662":"gedr","1663":"isje","1664":"sje ","1665":"rsoo","1666":"logi","1667":" cha","1668":"idee","1669":"vana","1670":"hore","1671":"ler ","1672":"endi","1673":"mind","1674":"ewij","1675":"aanv","1676":"list","1677":"rsta","1678":"erba","1679":"inkr","1680":"ndt ","1681":"aanb","1682":" hor","1683":" hei","1684":"erbo","1685":"rlog","1686":" mom","1687":"mome","1688":"aven","1689":"jouw","1690":"hill","1691":"vlie","1692":"oos ","1693":" zn ","1694":"heme","1695":"dege","1696":"tom ","1697":"aste","1698":"norm","1699":"mst ","1700":"hulp","1701":" tom","1702":" pak","1703":"bran","1704":"slui","1705":"erbi","1706":"erdr","1707":"esse","1708":"foto","1709":"roke","1710":"ukke","1711":"erdo","1712":"praa","1713":"uik ","1714":"vern","1715":"nach","1716":"ilie","1717":"slot","1718":"evan","1719":"hond","1720":" ops","1721":"htin","1722":"mene","1723":"rijf","1724":"comp","1725":"ok\u00e9 ","1726":"gena","1727":" noe","1728":"else","1729":"digd","1730":" doc","1731":"asti","1732":"uwd ","1733":"luit","1734":"istu","1735":" ok\u00e9","1736":"rlie","1737":"ssie","1738":"ofd ","1739":"leem","1740":"iver","1741":"oeil","1742":"fran","1743":" pau","1744":"ezeg","1745":"bepa","1746":"werp","1747":"edra","1748":" tie","1749":" sin","1750":"lees","1751":"ilij","1752":"uldi","1753":"reve","1754":"hoef","1755":"blem","1756":" zin","1757":"trat","1758":"ach ","1759":"rein","1760":"stuu","1761":"gani","1762":"tude","1763":"via ","1764":"teen","1765":"oer ","1766":"eurt","1767":"bijn","1768":"disc","1769":"prat","1770":"lukk","1771":"rte ","1772":"belo","1773":"dier","1774":"dert","1775":"wond","1776":" via","1777":"ite ","1778":" bru","1779":"olk ","1780":"aari","1781":" fot","1782":"orm ","1783":"bego","1784":" vli","1785":"tsen","1786":"erig","1787":"rofe","1788":"estu","1789":"drij","1790":"egon","1791":" tek","1792":"erie","1793":" oge","1794":"wilt","1795":"eisj","1796":"oene","1797":"elee","1798":" deg","1799":"del ","1800":"soms","1801":" kli","1802":"toeg","1803":"erkl","1804":"oele","1805":"vijf","1806":"ame ","1807":" des","1808":"erga","1809":"shei","1810":"ergi","1811":" kre","1812":"ekte","1813":"isra","1814":" zak","1815":"roei","1816":"ewon","1817":" hul","1818":"ikel","1819":"ijna","1820":"onts","1821":"uwel","1822":"radi","1823":" isr","1824":" app","1825":"feit","1826":" opl","1827":"elov","1828":"ude ","1829":"aarn","1830":" lin","1831":"redi","1832":"tati","1833":"gste","1834":"erni","1835":"pass","1836":" dis","1837":"enni","1838":"allo","1839":"olog","1840":" loo","1841":"llig","1842":"ruk ","1843":"kten","1844":"raan","1845":"enko","1846":"hall","1847":"gent","1848":"zag ","1849":"rwer","1850":"ntje","1851":" fei","1852":"ost ","1853":"west","1854":"drin","1855":"heil","1856":"enkt","1857":"ermi","1858":"erki","1859":"meis","1860":" rea","1861":" bur","1862":"haam","1863":"oods","1864":" zat","1865":"weli","1866":" pos","1867":" zui","1868":"zoda","1869":"rhaa","1870":"herm","1871":"tsch","1872":"rift","1873":"isti","1874":"chat","1875":"jna ","1876":"ald ","1877":"ndie","1878":"ontr","1879":"atte","1880":"mde ","1881":"ooie","1882":"orza","1883":"vree","1884":"zes ","1885":"ra\u00ebl","1886":"sra\u00eb","1887":"joen","1888":"odat","1889":" inf","1890":"ieft","1891":"deed","1892":"gaf ","1893":"zove","1894":"oora","1895":"comm","1896":"rwac","1897":"iljo","1898":"ljoe","1899":"dode","1900":"arli","1901":"zeer","1902":"rdat","1903":"loop","1904":"lote","1905":"ankt","1906":" dod","1907":" twi","1908":"iona","1909":"vaak","1910":"ledi","1911":"entr","1912":" zov","1913":"ouwd","1914":"heri","1915":"paal","1916":"veil","1917":"vred","1918":" dic","1919":"tern","1920":" o ","1921":"oemd","1922":"zegd","1923":"eeg ","1924":"ebra","1925":"rdoo","1926":"bele","1927":"vol ","1928":"iege","1929":" oh ","1930":"dich","1931":"rger","1932":"mede","1933":"beta","1934":"hrif","1935":"nade","1936":"jze ","1937":"rans","1938":"leur","1939":"lite","1940":" wei","1941":"ngt ","1942":"spij","1943":"ffer","1944":"ars ","1945":"ober","1946":"terv","1947":"etal","1948":" nik","1949":"ied ","1950":"rake","1951":"oral","1952":"etre","1953":"nig ","1954":"zaam","1955":"demo","1956":"ewer","1957":"weed","1958":"euze","1959":"burg","1960":"stof","1961":"erho","1962":"stap","1963":"aast","1964":"ngst","1965":" ooi","1966":"beid","1967":"ngs ","1968":"ersl","1969":"traa","1970":"oost","1971":"log ","1972":"e\u00ebn ","1973":"oudi","1974":" bri","1975":"digh","1976":"otte","1977":"econ","1978":"zame","1979":"mate","1980":" ene","1981":"esto","1982":"voed","1983":" lez","1984":"alde","1985":"nsta","1986":"ider","1987":"oeie","1988":"stij","1989":"ture","1990":"ezig","1991":"wikk","1992":"stin","1993":"ult ","1994":"iel ","1995":" gaf","1996":"nsel","1997":"eede","1998":"reed","1999":"toon","2000":" bar","2001":"wape","2002":"des ","2003":"post","2004":"berg","2005":"arna","2006":"iks ","2007":"indt","2008":"anva","2009":"eus ","2010":"ijnl","2011":"epaa","2012":" org","2013":"trok","2014":"cial","2015":"lekk","2016":"ion ","2017":" ero","2018":"aagd","2019":" von","2020":"stis","2021":"yste","2022":"gel ","2023":" los","2024":"niks","2025":"urde","2026":"chei","2027":"beve","2028":"elac","2029":"bang","2030":"atis","2031":"zwar","2032":"amil","2033":"nerg","2034":"uws ","2035":"tree","2036":"kje ","2037":"dse ","2038":"ligi","2039":"euro","2040":"ijst","2041":"ecte","2042":"ppel","2043":" taa","2044":"jnli","2045":"tiev","2046":"wart","2047":"nkom","2048":"lati","2049":"weze","2050":"tran","2051":"erti","2052":"gete","2053":"stro","2054":"lder","2055":"tref","2056":"prak","2057":"gist","2058":"dee ","2059":"proc","2060":"love","2061":"erna","2062":"pijn","2063":"elat","2064":" sor","2065":"kope","2066":"oorg","2067":"troo","2068":"evon","2069":"erui","2070":"rokk","2071":"oeft","2072":"rkee","2073":"emd ","2074":"liev","2075":"kkig","2076":"rodu","2077":" nac","2078":"rmat","2079":"nnin","2080":"loss","2081":" rei","2082":" deu","2083":"jker","2084":"nsti","2085":"rson","2086":"oepe","2087":"toek","2088":"fami","2089":"dde ","2090":"rukk","2091":"rig ","2092":" fam","2093":"oopt","2094":"derh","2095":"kun ","2096":"nker","2097":"enta","2098":"daad","2099":"rijs","2100":"ijpe","2101":"ontv","2102":"dure","2103":" mer","2104":"pte ","2105":"uurd","2106":"jnen","2107":"eelt","2108":"amel","2109":"ardo","2110":" joh","2111":"llo ","2112":"amme","2113":"jzen","2114":"span","2115":"uurt","2116":"elei","2117":"spee","2118":"roce","2119":"jgt ","2120":"ulp ","2121":"ijgt","2122":"ong ","2123":"onli","2124":"oze ","2125":"arva","2126":"edri","2127":" zwe","2128":"ieze","2129":"emt ","2130":" pij","2131":"udt ","2132":"rinn","2133":"erdi","2134":"hers","2135":"ezic","2136":"pijt","2137":"orry","2138":"efen","2139":"uten","2140":"rna ","2141":"chtt","2142":"ersp","2143":"tali","2144":"emde","2145":"hetz","2146":"eslo","2147":"aas ","2148":"kost","2149":" onb","2150":"tore","2151":"doch","2152":"info","2153":"int ","2154":"ege ","2155":"uto ","2156":"oudt","2157":"tene","2158":"ersi","2159":" pap","2160":"anen","2161":"tori","2162":"reli","2163":"minu","2164":"kste","2165":"reci","2166":" ric","2167":"sorr","2168":"band","2169":"iter","2170":"kond","2171":"age ","2172":" col","2173":"kene","2174":"anwe","2175":"erij","2176":"usti","2177":"nver","2178":" uni","2179":"ntro","2180":"uld ","2181":"oeko","2182":" omg","2183":"dje ","2184":"erlo","2185":"ont ","2186":"aarm","2187":" zaa","2188":"paul","2189":"tor ","2190":"kbaa","2191":"tate","2192":"ehan","2193":"rek ","2194":"rvol","2195":"ginn","2196":"ebie","2197":" kos","2198":" luc","2199":"uze ","2200":"ntwi","2201":"voet","2202":"nive","2203":"ners","2204":"onal","2205":" kat","2206":"iest","2207":"edie","2208":"beri","2209":"inds","2210":"top ","2211":"rsla","2212":"aarl","2213":"cies","2214":"oont","2215":"kaan","2216":"uid ","2217":"chin","2218":"rzaa","2219":"enie","2220":" lek","2221":"prod","2222":"wens","2223":"unst","2224":"rove","2225":"tein","2226":"ogra","2227":"gin ","2228":" spa","2229":"chtb","2230":"onke","2231":"verp","2232":" arm","2233":"esla","2234":"chep","2235":"egaa","2236":"film","2237":"keni","2238":"laag","2239":"rdie","2240":" bou","2241":"zult","2242":"sis ","2243":" cor","2244":"raai","2245":"terr","2246":" oog","2247":"reik","2248":" wen","2249":" ton","2250":"pect","2251":"urge","2252":"temp","2253":"erma","2254":"aagt","2255":"ecie","2256":"lant","2257":"mari","2258":"atse","2259":"rank","2260":"onbe","2261":" baa","2262":" eur","2263":"rtre","2264":"rmoo","2265":"res ","2266":"out ","2267":"gebi","2268":"publ","2269":"rkla","2270":" ser","2271":"sme ","2272":" vei","2273":" onv","2274":"rapp","2275":"bevo","2276":"otst","2277":"ient","2278":"char","2279":"alve","2280":" bas","2281":"rtij","2282":"para","2283":"akel","2284":"agt ","2285":"rent","2286":"org ","2287":"ordi","2288":"ezet","2289":"bank","2290":"erri","2291":"bewi","2292":" opz","2293":"hoge","2294":" e ","2295":"ber ","2296":"nist","2297":"erat","2298":"ton ","2299":" gri","2300":"wind","2301":"rkin","2302":"siti","2303":"tmoe","2304":"tzel","2305":"uste","2306":"mpel","2307":"igie","2308":"toes","2309":"ecti","2310":"euke","2311":"oorn","2312":" b ","2313":"spor","2314":"aalt","2315":"peel","2316":"euge","2317":"iale","2318":"loze","2319":"rtje","2320":"room","2321":"erre","2322":" las","2323":"edel","2324":" del","2325":"roer","2326":"illi","2327":"isee","2328":"erbe","2329":"bed ","2330":"essi","2331":"ikaa","2332":"isme","2333":"chtv","2334":"sati","2335":"elaa","2336":"pas ","2337":"wijd","2338":" opd","2339":" pat","2340":"mark","2341":"ijds","2342":"erop","2343":"posi","2344":"nlan","2345":"rhal","2346":"arop","2347":"oeme","2348":"amp ","2349":"nfor","2350":" vla","2351":"onte","2352":"plos","2353":"nnis","2354":"etze","2355":"zijd","2356":"kans","2357":"makk","2358":"ire ","2359":"hang","2360":" bab","2361":"ijfe","2362":"gram","2363":" vis","2364":"gek ","2365":"rgie","2366":"reer","2367":" bei","2368":"slac","2369":"onst","2370":"toor","2371":"rpen","2372":"ade ","2373":"oefe","2374":"peli","2375":"loos","2376":" geo","2377":"zwaa","2378":"deur","2379":"osit","2380":"than","2381":" chi","2382":"assi","2383":"erpe","2384":"tike","2385":"halv","2386":"fect","2387":"legg","2388":"derg","2389":"ione","2390":"alit","2391":"eien","2392":"ries","2393":"rome","2394":"bels","2395":"gede","2396":"vent","2397":"veld","2398":"fees","2399":"aaaa","2400":"rker","2401":"mme ","2402":"zig ","2403":"syst","2404":" keu","2405":"iep ","2406":" tem","2407":"evel","2408":" koo","2409":"esli","2410":"rlin","2411":"emme","2412":"rade","2413":"rkte","2414":" let","2415":"oto ","2416":"sind","2417":"ehad","2418":"oewe","2419":"reis","2420":"rtik","2421":" koe","2422":"chel","2423":"rnie","2424":"oduc","2425":" don","2426":"dend","2427":"duiz","2428":"espe","2429":"witt","2430":" opn","2431":"reni","2432":"telt","2433":"alin","2434":"hiet","2435":"edde","2436":"iele","2437":" slo","2438":"onta","2439":"stru","2440":"mel ","2441":"oie ","2442":" che","2443":" zes","2444":"snap","2445":"twik","2446":"zuid","2447":"tent","2448":"nes ","2449":"lij ","2450":"oeld","2451":"temm","2452":"nstr","2453":" sit","2454":"oere","2455":"mini","2456":"tvaa","2457":"nood","2458":"lve ","2459":"chze","2460":" pun","2461":"ligt","2462":"nere","2463":"meli","2464":" kap","2465":"hzel","2466":"kig ","2467":"roor","2468":"conc","2469":"ichz","2470":"penb","2471":"evaa","2472":"inig","2473":"ijg ","2474":" avo","2475":"ngez","2476":" dav","2477":"aire","2478":"nks ","2479":"luk ","2480":"also","2481":"wint","2482":"alf ","2483":"uati","2484":"ovee","2485":" neg","2486":"eini","2487":"redd","2488":"jpen","2489":"bidd","2490":"nale","2491":" roo","2492":"hoew","2493":"lan ","2494":"ager","2495":"ondi","2496":"arts","2497":"enba","2498":"one ","2499":" car","2500":"ache","2501":" bie","2502":"huwe","2503":"test","2504":"pann","2505":"empe","2506":"gedu","2507":"duur","2508":"laan","2509":"lijn","2510":"oper","2511":"appi","2512":"eids","2513":"eroo","2514":"vluc","2515":"meni","2516":"eron","2517":"fijn","2518":"peci","2519":"aarb","2520":" dol","2521":"ehee","2522":"peri","2523":"erpl","2524":"eral","2525":"slan","2526":"kleu","2527":"twer","2528":"oond","2529":"gisc","2530":"digi","2531":"ulus","2532":"opst","2533":"rink","2534":"heet","2535":" ele","2536":"anbi","2537":"ate ","2538":"geer","2539":"chuw","2540":" too","2541":" gre","2542":" jer","2543":" new","2544":"site","2545":"isat","2546":"ces ","2547":"olen","2548":"slis","2549":"noor","2550":"mes ","2551":"vest","2552":" era","2553":"sver","2554":" rom","2555":"oter","2556":"eroe","2557":"weke","2558":"zeve","2559":"zege","2560":"olie","2561":"roen","2562":"nege","2563":"nada","2564":"erec","2565":"htva","2566":"diep","2567":"kund","2568":"loot","2569":"aulu","2570":"vlak","2571":"chad","2572":"dom ","2573":"ontm","2574":"vuur","2575":" wed","2576":"kerk","2577":"essa","2578":"eweg","2579":"orzi","2580":"trol","2581":" zev","2582":"legd","2583":"feli","2584":"ceer","2585":"erbr","2586":"ika ","2587":"onve","2588":" hog","2589":"ieti","2590":"rect","2591":"stil","2592":"roed","2593":"pend","2594":"luid","2595":"oplo","2596":" wap","2597":"agd ","2598":"ebou","2599":" opr","2600":"eekt","2601":"pree","2602":"toff","2603":"onda","2604":"mond","2605":"nigd","2606":"ewor","2607":"sone","2608":" bal","2609":"nval","2610":"lust","2611":"itua","2612":"tone","2613":"stal","2614":"moti","2615":" ord","2616":"lled","2617":"dam ","2618":"rts ","2619":"act ","2620":"zat ","2621":" nor","2622":"brie","2623":" inv","2624":"ezoe","2625":"winn","2626":"sant","2627":"bede","2628":"eper","2629":"isto","2630":"plek","2631":"rese","2632":" exp","2633":" x ","2634":"nisc","2635":"ntra","2636":"navo","2637":"prac","2638":"dia ","2639":"tuk ","2640":"ehoe","2641":" ge\u00ef","2642":"mend","2643":"jst ","2644":"hiel","2645":"tvan","2646":"ject","2647":"genw","2648":"ntmo","2649":"ebli","2650":"mste","2651":"kree","2652":"rtig","2653":"ntva","2654":"situ","2655":"tral","2656":" roe","2657":"prin","2658":" blz","2659":"uimt","2660":"ssan","2661":"gon ","2662":"fgel","2663":"keur","2664":"kwaa","2665":"traf","2666":"eugd","2667":"ttin","2668":"oeds","2669":"blz ","2670":"erra","2671":" dem","2672":"rsen","2673":"vech","2674":"brek","2675":" fee","2676":"tuat","2677":"etig","2678":" fij","2679":"baan","2680":"mte ","2681":"jde ","2682":" ree","2683":"oonl","2684":"ramm","2685":" ill","2686":" fou","2687":"uter","2688":"rhee","2689":"grap","2690":"deld","2691":"thou","2692":"nage","2693":" pet","2694":"hree","2695":"sjeb","2696":"jebl","2697":"baby","2698":"enla","2699":"odde","2700":"chou","2701":"tech","2702":"cons","2703":"eng ","2704":"uitz","2705":"igge","2706":"wet ","2707":"rtoe","2708":"fte ","2709":"genh","2710":"htba","2711":"liek","2712":"rmin","2713":"bero","2714":"rdaa","2715":" vuu","2716":"dene","2717":" sna","2718":"uzie","2719":"nisa","2720":"reeg","2721":" duu","2722":"bode","2723":"orie","2724":"a\u00ebl ","2725":"mist","2726":"rnem","2727":"soci","2728":"gera","2729":"ctor","2730":"imte","2731":" vle","2732":"olg ","2733":" tha","2734":"naf ","2735":"hrev","2736":" cre","2737":"ssel","2738":"bond","2739":"ift ","2740":"rspr","2741":"terl","2742":" wes","2743":"offi","2744":"oerd","2745":"prok","2746":"orsp","2747":"erto","2748":"edin","2749":"ertu","2750":" ext","2751":"erwo","2752":"dame","2753":"past","2754":"bood","2755":"steu","2756":"anto","2757":"fout","2758":"ati\u00eb","2759":" ern","2760":" kaa","2761":"anni","2762":"koop","2763":"lsof","2764":"lsje","2765":"wame","2766":"urop","2767":"oork","2768":"las ","2769":"tera","2770":" wek","2771":"proe","2772":"bewa","2773":"ekki","2774":"ijp ","2775":"oner","2776":" tev","2777":" for","2778":"eau ","2779":"slap","2780":" afr","2781":"issi","2782":"mis ","2783":"prij","2784":"zulk","2785":"nie ","2786":"ron ","2787":"reem","2788":"chik","2789":"elop","2790":"lijd","2791":"muzi","2792":"uive","2793":"pier","2794":"olla","2795":" sal","2796":"ina ","2797":"alsj","2798":"basi","2799":"duit","2800":"zer ","2801":"sof ","2802":"echn","2803":"ti\u00ebn","2804":" sli","2805":"assa","2806":"klop","2807":"anaf","2808":"elhe","2809":" gis","2810":"inut","2811":"side","2812":"ocen","2813":"osse","2814":" wit","2815":"erta","2816":"ften","2817":" kie","2818":"rman","2819":"dern","2820":"teun","2821":"rvar","2822":" dor","2823":"tsla","2824":"mers","2825":" tim","2826":"naas","2827":"imen","2828":"iner","2829":" cen","2830":"gewi","2831":"aus ","2832":" ang","2833":"estr","2834":"droo","2835":"nute","2836":"ave ","2837":"nomi","2838":"rkom","2839":"atje","2840":"ligg","2841":"deni","2842":"ure ","2843":"gevi","2844":"risc","2845":"ront","2846":"egre","2847":"hied","2848":"asis","2849":"dsel","2850":"hine","2851":"opte","2852":"star","2853":"emer","2854":"stoo","2855":"coll","2856":"idt ","2857":"i\u00ebnt","2858":"cati","2859":"erze","2860":"rus ","2861":"rije","2862":"resp","2863":"aaie","2864":"eemt","2865":"fel ","2866":"extr","2867":"bijv","2868":"opzi","2869":"onee","2870":"son ","2871":"ugen","2872":"deer","2873":" vlu","2874":"ecia","2875":"bene","2876":"ehou","2877":"lett","2878":"zoch","2879":"umme","2880":"min ","2881":"umen","2882":"onom","2883":"eute","2884":"noch","2885":"twaa","2886":"pred","2887":"ogie","2888":"gedo","2889":" h\u00e9 ","2890":" woe","2891":" kwe","2892":"cten","2893":" rot","2894":"ese ","2895":"nges","2896":"fers","2897":"reff","2898":" mic","2899":"kreg","2900":"unde","2901":" goo","2902":"reef","2903":"pens","2904":"aker","2905":" mod","2906":"ugge","2907":"pera","2908":" opp","2909":"iegt","2910":"ossi","2911":"ium ","2912":"kiez","2913":" adv","2914":" gas","2915":"seri","2916":"kse ","2917":"aria","2918":"plic","2919":"ther","2920":"zeid","2921":"resi","2922":"ideo","2923":"ergr","2924":"itse","2925":"oelt","2926":"apt ","2927":"tier","2928":"taar","2929":"tof ","2930":"pakk","2931":"pje ","2932":"tigd","2933":"edse","2934":"truc","2935":"aanw","2936":"rak ","2937":" zus","2938":"llus","2939":"ukt ","2940":"prog","2941":" rad","2942":"sele","2943":"ndhe","2944":"meld","2945":"psta","2946":"lape","2947":"klin","2948":"davi","2949":"enoo","2950":"hat ","2951":" mr ","2952":" ram","2953":" zom","2954":" ble","2955":"pnie","2956":"ance","2957":"raar","2958":"lem ","2959":"vide","2960":"alge","2961":"klas","2962":" inz","2963":"role","2964":"domm","2965":"gte ","2966":"fsta","2967":"engt","2968":" muz","2969":"elek","2970":" dom","2971":" mel","2972":"seks","2973":" jac","2974":"ontd","2975":"ezit","2976":"ebre","2977":"eks ","2978":"amma","2979":"bree","2980":"enwo","2981":" tal","2982":"epro","2983":"gewa","2984":"raal","2985":"ris ","2986":" vlo","2987":"raf ","2988":"ikte","2989":"tudi","2990":" lop","2991":"opni","2992":"let ","2993":"ijvo","2994":" sup","2995":"serv","2996":"rogr","2997":"gega","2998":"alla","2999":"eike","3000":"misc","3001":"afri","3002":"tse ","3003":"llar","3004":"los ","3005":"mode","3006":"teem","3007":"oge ","3008":"vel ","3009":"jvoo","3010":"tall","3011":"\u00eble ","3012":"warm","3013":"ronk","3014":"sse ","3015":" pub","3016":"gepr","3017":"bijz","3018":"erp ","3019":" rek","3020":"esid","3021":"teur","3022":"edee","3023":"voeg","3024":" soc","3025":"erdw","3026":"edik","3027":"rme ","3028":"omge","3029":" wal","3030":" eru","3031":"envo","3032":"orbi","3033":"gave","3034":"adat","3035":"elef","3036":"oogt","3037":"lefo","3038":"ield","3039":"lega","3040":"wegg","3041":"bevr","3042":"itee","3043":"tst ","3044":"inis","3045":"naal","3046":"graf","3047":" mas","3048":" eco","3049":"lleg","3050":"eam ","3051":"erzi","3052":"foon","3053":"iekt","3054":"houw","3055":"oekt","3056":"regi","3057":"orre","3058":"wein","3059":"lstu","3060":"elev","3061":"blad","3062":"tels","3063":"inee","3064":"hans","3065":" i ","3066":"hoon","3067":"avid","3068":"ooru","3069":"eis ","3070":"held","3071":"euwi","3072":"ogis","3073":"rdag","3074":" fun","3075":"jver","3076":"enor","3077":"orui","3078":"godd","3079":"mmin","3080":" vid","3081":"new ","3082":" huw","3083":"succ","3084":" zow","3085":"tant","3086":"kwij","3087":"cces","3088":"oute","3089":"arig","3090":"mber","3091":" apo","3092":"topp","3093":"illu","3094":"ndac","3095":" alg","3096":"mins","3097":" off","3098":"trum","3099":"frik","3100":" eno","3101":"rsto","3102":"sere","3103":"mma ","3104":"laap","3105":"arbi","3106":"gst ","3107":"nbid","3108":"sta ","3109":"orig","3110":"vuld","3111":"keld","3112":"ucce","3113":"univ","3114":"buur","3115":"perk","3116":"oeit","3117":" suc","3118":"riet","3119":"vari","3120":" tec","3121":" dir","3122":"vori","3123":" sec","3124":"duct","3125":"rmaa","3126":"zak ","3127":"tivi","3128":"nget","3129":"i\u00eble","3130":"doll","3131":"hoek","3132":"dstr","3133":"inks","3134":"gade","3135":"risi","3136":"ctiv","3137":"nwoo","3138":"wijn","3139":"rood","3140":"ltje","3141":"half","3142":"nam ","3143":" tan","3144":"ie\u00ebn","3145":"besp","3146":"valt","3147":" vec","3148":"rlei","3149":" vak","3150":"hong","3151":"tos ","3152":" buu","3153":"prim","3154":"iaal","3155":"rite","3156":"lek ","3157":" fin","3158":"inkt","3159":"lied","3160":"gepa","3161":"wass","3162":"edia","3163":"vid ","3164":"niek","3165":" plu","3166":"numm","3167":" bor","3168":"tact","3169":" dam","3170":"jand","3171":"ima ","3172":"inen","3173":"rzam","3174":"neen","3175":"eemd","3176":"olut","3177":"ntel","3178":"nuit","3179":" rol","3180":"toev","3181":"dire","3182":"tra ","3183":" jan","3184":"anci","3185":" fan","3186":"gren","3187":"irec","3188":" sme","3189":"imme","3190":"ins ","3191":" sys","3192":"tred","3193":"lind","3194":"lkom","3195":"blik","3196":"enda","3197":" les","3198":"egde","3199":"uper","3200":"etee","3201":"efoo","3202":"rtui","3203":"odsc","3204":"afst","3205":"onth","3206":"tgev","3207":"uwig","3208":"nele","3209":"boom","3210":"trac","3211":"ozen","3212":"udin","3213":"ofet","3214":"leeg","3215":"slim","3216":"ocia","3217":"sjes","3218":"bewo","3219":"nmid","3220":"jkst","3221":"ruch","3222":"itst","3223":"tes ","3224":"rgro","3225":"nhui","3226":"team","3227":"noot","3228":"lar ","3229":"uitd","3230":"wakk","3231":"othe","3232":"haat","3233":"veri","3234":" age","3235":"ping","3236":"htte","3237":"lise","3238":"tdek","3239":"tart","3240":"ack ","3241":"ntde","3242":"rhou","3243":" rep","3244":"edem","3245":"aien","3246":"ntho","3247":"ddin","3248":"note","3249":"volu","3250":"ebed","3251":"pati","3252":"epas","3253":"aank","3254":"oogs","3255":"ots ","3256":"erov","3257":"chot","3258":"vija","3259":"oorw","3260":"rakt","3261":"anav","3262":"roje","3263":"ijan","3264":"erfe","3265":"inti","3266":"levi","3267":"inse","3268":"eefd","3269":"tsel","3270":"koch","3271":"rgee","3272":"cult","3273":"visi","3274":"jks ","3275":"itga","3276":"teve","3277":"epte","3278":" pan","3279":"etaa","3280":"nce ","3281":"ital","3282":"vals","3283":"nvlo","3284":"pak ","3285":"emmi","3286":"rdom","3287":"waad","3288":" mam","3289":"delo","3290":"rali","3291":"cept","3292":" onm","3293":"muni","3294":"cite","3295":"ijzi","3296":"tede","3297":"auw ","3298":" eri","3299":"utie","3300":"adio","3301":"ark ","3302":"nove","3303":"tges","3304":" gou","3305":" oms","3306":"ijzo","3307":"ijen","3308":"sult","3309":" gan","3310":"twij","3311":"nweg","3312":"ntre","3313":"eenk","3314":"bron","3315":"bal ","3316":"ebor","3317":"rnst","3318":"mmun","3319":" ie ","3320":" bom","3321":"jzon","3322":"nda ","3323":"red ","3324":" lag","3325":"ria ","3326":"enhu","3327":"lekt","3328":"ijdi","3329":"rela","3330":"wing","3331":"kter","3332":"trei","3333":"onis","3334":"eenv","3335":"ulke","3336":"neel","3337":"supe","3338":"lhei","3339":"liss","3340":"sted","3341":"wend","3342":"chan","3343":"rse ","3344":"itsl","3345":"oft ","3346":"entj","3347":"ziel","3348":"cipe","3349":"kloo","3350":"huid","3351":"ngew","3352":"nali","3353":"chto","3354":"lass","3355":"rgad","3356":"arre","3357":"ndse","3358":" len","3359":"spir","3360":"ndje","3361":"drei","3362":"rgaa","3363":"send","3364":"jari","3365":"i\u00ebn ","3366":"bese","3367":"ligh","3368":"geba","3369":"plei","3370":"emon","3371":" sek","3372":" dia","3373":"tsta","3374":"fer ","3375":"edt ","3376":"owel","3377":"nap ","3378":"kuns","3379":"abel","3380":" cam","3381":"elst","3382":"kamp","3383":"appl","3384":"ervl","3385":"nell","3386":"rges","3387":"lies","3388":"apit","3389":"jen ","3390":"aris","3391":"apie","3392":"rale","3393":"ijhe","3394":"gooi","3395":"erns","3396":"jeze","3397":"ge\u00efn","3398":"ieri","3399":"krui","3400":"uwde","3401":" neu","3402":"achi","3403":"reig","3404":"zee ","3405":"poor","3406":" tes","3407":"rspe","3408":"khed","3409":"efd ","3410":"etge","3411":"proj","3412":"rijh","3413":"fant","3414":"ierd","3415":"onds","3416":"repe","3417":"ines","3418":"cono","3419":"riek","3420":"tgen","3421":"lezi","3422":"rima","3423":"ensh","3424":"esef","3425":"ee\u00ebn","3426":"diti","3427":" hop","3428":"nauw","3429":"hepp","3430":"bore","3431":" kil","3432":"kop ","3433":" slu","3434":" opt","3435":"ojec","3436":"lopt","3437":"ippe","3438":"kke ","3439":"pron","3440":"ulta","3441":"rdam","3442":" cri","3443":"ndag","3444":"bbel","3445":"zale","3446":"henk","3447":"wage","3448":"hote","3449":"ewaa","3450":"esul","3451":"kenh","3452":"matt","3453":"ommu","3454":"efti","3455":"leug","3456":" oli","3457":"resu","3458":"arm ","3459":"rget","3460":"gres","3461":"rief","3462":"ntoo","3463":"harl","3464":"zowe","3465":"ake ","3466":" kal","3467":" wak","3468":"rric","3469":"loft","3470":"vite","3471":"spoe","3472":"real","3473":"wink","3474":"arvo","3475":"rere","3476":"agin","3477":"gden","3478":"voud","3479":"jhei","3480":"onie","3481":"pell","3482":" d ","3483":"geza","3484":" opv","3485":"ogte","3486":"stam","3487":"lade","3488":"eria","3489":"uitv","3490":"imaa","3491":"amst","3492":"rens","3493":"uut ","3494":"ektr","3495":"elie","3496":"rain","3497":" bea","3498":" lac","3499":"fici","3500":"embe","3501":" dur","3502":"luti","3503":"elte","3504":"enwe","3505":"hope","3506":"jne ","3507":"rzie","3508":"vanw","3509":" zen","3510":"fina","3511":"ama ","3512":"hank","3513":"enma","3514":"behe","3515":"edst","3516":"geke","3517":"udie","3518":"ondh","3519":"ucti","3520":"efte","3521":"rag ","3522":"eloz","3523":"auwe","3524":"fsch","3525":"vold","3526":" top","3527":"rikk","3528":"lei ","3529":"elof","3530":"arke","3531":"ieuz","3532":"mper","3533":"rieu","3534":"stek","3535":" bos","3536":"ghed","3537":"huiz","3538":"elui","3539":"euri","3540":" ven","3541":"chol","3542":"mere","3543":"cham","3544":" mot","3545":" tea","3546":"nera","3547":"itle","3548":"okte","3549":"alli","3550":"rban","3551":"ogst","3552":"emis","3553":"lect","3554":"rren","3555":"park","3556":"elas","3557":"arkt","3558":"jder","3559":"udig","3560":"lore","3561":"ando","3562":"eboo","3563":"fend","3564":"ervu","3565":"vis ","3566":"geta","3567":"teni","3568":"wijt","3569":"etti","3570":"lken","3571":"deo ","3572":"alst","3573":"eler","3574":"otse","3575":"urig","3576":"hrik","3577":"tota","3578":"leut","3579":"uken","3580":"weds","3581":"inci","3582":"mie ","3583":"gebl","3584":" jam","3585":"unte","3586":"ork ","3587":"nbar","3588":"lari","3589":"erza","3590":"rugk","3591":"lauw","3592":" oos","3593":"ivit","3594":"ffic","3595":"ofte","3596":" sim","3597":"loge","3598":"agel","3599":"leek","3600":" pop","3601":"lijs","3602":"alem","3603":"evre","3604":" eva","3605":" num","3606":" sat","3607":" ren","3608":"ije ","3609":"uele","3610":"wijf","3611":"haha","3612":"ddag","3613":" mal","3614":"ames","3615":"emin","3616":" gea","3617":"sleu","3618":"cere","3619":"icat","3620":"vatt","3621":"ndan","3622":" moz","3623":" ok ","3624":"rugg","3625":" nag","3626":"ttig","3627":"geru","3628":"trak","3629":"omer","3630":"wijk","3631":"ierv","3632":"idda","3633":"lver","3634":" abs","3635":"eurs","3636":"ervi","3637":"insp","3638":"zinn","3639":"emak","3640":"nshe","3641":" noc","3642":" dok","3643":"inat","3644":"emid","3645":"chip","3646":"baas","3647":"ekij","3648":"mine","3649":"nbaa","3650":"nenk","3651":" kwi","3652":"prie","3653":"zwem","3654":"hape","3655":" jap","3656":"jfel","3657":"gonn","3658":"klim","3659":"llet","3660":"ilm ","3661":"rees","3662":"conf","3663":"bedi","3664":"mart","3665":"utte","3666":" fac","3667":"heim","3668":"ople","3669":"lers","3670":"ator","3671":" e\u00e9n","3672":"e\u00e9n ","3673":"all ","3674":"thee","3675":"roni","3676":"vanu","3677":"oris","3678":"apos","3679":"ilan","3680":"ldoe","3681":"tren","3682":"term","3683":"ultu","3684":" eff","3685":" plo","3686":"ttel","3687":"wde ","3688":"tijg","3689":"rots","3690":"kilo","3691":"uig ","3692":"ntac","3693":"ewus","3694":"grie","3695":" cul","3696":"arch","3697":"rlat","3698":"lank","3699":"egee","3700":"elp ","3701":"erbl","3702":"wand","3703":" gef","3704":"nzin","3705":" onr","3706":"anui","3707":"its ","3708":"rnaa","3709":"woes","3710":"bewu","3711":"bind","3712":"fie ","3713":"uin ","3714":"lot ","3715":"wust","3716":" log","3717":"tij ","3718":"rber","3719":"aanz","3720":"ldin","3721":"alm ","3722":"corr","3723":"rwaa","3724":"wett","3725":"apan","3726":"japa","3727":"grat","3728":"ntas","3729":"nvou","3730":"anks","3731":"bure","3732":"emor","3733":" oef","3734":" dwa","3735":"ehei","3736":"ehal","3737":"dekt","3738":"stoe","3739":"rele","3740":"tan ","3741":"undi","3742":" gec","3743":"onel","3744":"rekt","3745":"kapi","3746":"vlee","3747":"gekr","3748":"boor","3749":"li\u00eb ","3750":"ensi","3751":"kjes","3752":"gedi","3753":"well","3754":"ruct","3755":"oldo","3756":"rdri","3757":"dani","3758":"rbli","3759":"eerg","3760":"icee","3761":"ffel","3762":" san","3763":"wang","3764":"aamh","3765":"pale","3766":"iser","3767":"sdie","3768":"olgd","3769":"gevr","3770":"afha","3771":"ifte","3772":"ball","3773":"time","3774":" wou","3775":"amhe","3776":"ropa","3777":"cond","3778":"zate","3779":"odel","3780":"laas","3781":" nau","3782":"ubbe","3783":"york","3784":" exc","3785":"lik ","3786":"dena","3787":"rsit","3788":"opa ","3789":" bon","3790":"arto","3791":"jeru","3792":" luk","3793":"eltj","3794":"dokt","3795":"utel","3796":"bell","3797":"uitl","3798":"stur","3799":"laus","3800":"usie","3801":"wezi","3802":"tena","3803":" jun","3804":"ened","3805":"tair","3806":"tric","3807":"roon","3808":"date","3809":"sent","3810":"ngre","3811":"dron","3812":"huil","3813":"jack","3814":" yor","3815":"brei","3816":"erkr","3817":"oodz","3818":"viel","3819":"liep","3820":"beki","3821":"rave","3822":"edre","3823":"esel","3824":"rol ","3825":" amp","3826":"eali","3827":"msti","3828":"eend","3829":"tis ","3830":"eruz","3831":"ilja","3832":"skun","3833":"ppla","3834":"nnes","3835":"tuin","3836":"rbaa","3837":"tap ","3838":"arle","3839":"tem ","3840":"ijnt","3841":" kno","3842":"adem","3843":"tspr","3844":"unct","3845":"roos","3846":" h\u00e8 ","3847":"lima","3848":"inni","3849":"john","3850":"eppe","3851":" zoi","3852":"goud","3853":"vare","3854":"nne ","3855":"etho","3856":"ncti","3857":"dwij","3858":"zoie","3859":"belg","3860":"ohan","3861":"xtra","3862":"plus","3863":"mels","3864":" omh","3865":" \u266b ","3866":"kens","3867":"wegi","3868":" cel","3869":"tbar","3870":"elko","3871":"uzal","3872":"rmoe","3873":"erio","3874":"gemi","3875":"rbin","3876":" tru","3877":"ruza","3878":"htof","3879":"ompl","3880":"ehel","3881":"gero","3882":"hade","3883":"zone","3884":"once","3885":"inan","3886":"orko","3887":"eact","3888":"tron","3889":"poed","3890":" kar","3891":"ink ","3892":"ereg","3893":"orit","3894":"oiet","3895":"ieni","3896":"rode","3897":"erus","3898":"loni","3899":"hann","3900":"ntee","3901":"grep","3902":"omaa","3903":"gree","3904":" he ","3905":"evri","3906":"eist","3907":"ntig","3908":"tast","3909":"air ","3910":"nrec","3911":"aaf ","3912":"ndsc","3913":"gint","3914":"arri","3915":" v ","3916":" dik","3917":"dans","3918":"hel ","3919":"nnel","3920":"opda","3921":"lera","3922":" amb","3923":" rug","3924":"ram ","3925":"pig ","3926":"drac","3927":"icit","3928":"rweg","3929":"uile","3930":"nanc","3931":" var","3932":"nzen","3933":"ertj","3934":"ondo","3935":"trus","3936":"egra","3937":"ekje","3938":" onl","3939":"nend","3940":"moze","3941":"nolo","3942":"ugde","3943":"ozes","3944":"pdat","3945":"dade","3946":"aai ","3947":"edur","3948":"enze","3949":"don ","3950":"pakt","3951":"edoo","3952":"emot","3953":" kru","3954":"teek","3955":"trof","3956":"isci","3957":" rod","3958":"pzic","3959":"ilen","3960":" ale","3961":"plee","3962":"tbaa","3963":" ris","3964":"eidt","3965":"prei","3966":"iker","3967":"istr","3968":"nise","3969":"ered","3970":"riod","3971":" fro","3972":"afsc","3973":"chno","3974":" you","3975":"mant","3976":"lair","3977":"ndst","3978":"edic","3979":"atsc","3980":" bus","3981":"evra","3982":"beva","3983":"bije","3984":"odza","3985":"trie","3986":"ehaa","3987":"rgev","3988":"oeli","3989":"dede","3990":"weeg","3991":" sym","3992":"rope","3993":"rass","3994":"her ","3995":"riti","3996":"impe","3997":"dell","3998":"bepe","3999":"misd","4000":"erka","4001":"onre","4002":"hnol","4003":"ian ","4004":" gat","4005":"mele","4006":"nwez","4007":"wiss","4008":"terf","4009":"bevi","4010":"lgem","4011":"fhan","4012":"stic","4013":" fre","4014":"topt","4015":"plau","4016":"tijn","4017":" bak","4018":" bio","4019":"evor","4020":"rtne","4021":"erja","4022":" moc","4023":"anzi","4024":"vruc","4025":"ikan","4026":"init","4027":"boos","4028":"tner","4029":"otie","4030":"ley ","4031":"lter","4032":" web","4033":"urs ","4034":"rres","4035":"scip","4036":"atth","4037":"enad","4038":" sma","4039":"omis","4040":"fden","4041":"trai","4042":"lkin","4043":"mass","4044":"cong","4045":"mina","4046":" pen","4047":"mhei","4048":"mich","4049":"zier","4050":"ndee","4051":"ica ","4052":" por","4053":"mpen","4054":"eves","4055":"psal","4056":" lot","4057":"rras","4058":" psa","4059":"ute ","4060":"niti","4061":"base","4062":"rrec","4063":"rval","4064":"iode","4065":" bem","4066":"orve","4067":"reac","4068":"moch","4069":" dre","4070":"rong","4071":"papi","4072":"wekk","4073":"orin","4074":"hela","4075":"bod ","4076":"eorg","4077":"enar","4078":" oph","4079":"rlev","4080":" jod","4081":"tubl","4082":"func","4083":"holi","4084":"eage","4085":"twit","4086":"itel","4087":" mos","4088":"ete ","4089":"waak","4090":"ingt","4091":"itis","4092":"rded","4093":"crat","4094":"stub","4095":"klar","4096":"salm","4097":"spaa","4098":"trot","4099":"artn","4100":" rob","4101":"mein","4102":"rum ","4103":"alig","4104":"hist","4105":"ncie","4106":"vige","4107":"lte ","4108":" tri","4109":"aap ","4110":"indo","4111":" nic","4112":"stom","4113":"rnat","4114":"gypt","4115":"rdin","4116":"hatt","4117":"ract","4118":"enve","4119":"dorp","4120":"ofds","4121":"dedi","4122":"ppij","4123":"nwer","4124":"eins","4125":"geor","4126":"rled","4127":" gla","4128":"eila","4129":"terg","4130":"sser","4131":"ekre","4132":"omet","4133":"theo","4134":"iepe","4135":"pot ","4136":" egy","4137":"ice ","4138":"vati","4139":"ser ","4140":"egyp","4141":"ific","4142":"ezor","4143":"uitk","4144":"jnt ","4145":"tite","4146":"devo","4147":"chit","4148":" p ","4149":"mgev","4150":"koud","4151":"fere","4152":"ovig","4153":"cre\u00eb","4154":"tert","4155":"pute","4156":"grav","4157":"ebod","4158":"boer","4159":"azen","4160":"epre","4161":"spie","4162":"gas ","4163":"twin","4164":"nspi","4165":"arma","4166":"mput","4167":"eldo","4168":"ilit","4169":"uwin","4170":"ptie","4171":"ras ","4172":"erf ","4173":"rtal","4174":"invl","4175":"tgel","4176":"omin","4177":" nab","4178":"lens","4179":"rne ","4180":"jdsc","4181":"ieus","4182":"ljar","4183":"lerl","4184":"ess ","4185":"mons","4186":"plez","4187":" kou","4188":"oorr","4189":"gtui","4190":"ime ","4191":"chem","4192":"ontb","4193":"letj","4194":" fli","4195":"oers","4196":"gast","4197":"niss","4198":"lid ","4199":" lon","4200":"itsp","4201":"egtu","4202":"solu","4203":"rbre","4204":"dio ","4205":"elft","4206":"lukt","4207":"ofde","4208":"alse","4209":"tbal","4210":"line","4211":"zoen","4212":"ntst","4213":" bot","4214":"ezoc","4215":"ari ","4216":"rter","4217":"chtg","4218":"kern","4219":"reeu","4220":"\u00ebrs ","4221":"ampe","4222":"gieu","4223":" bil","4224":"uim ","4225":"blau","4226":"agne","4227":"htge","4228":"tafe","4229":"stje","4230":"feti","4231":"ali\u00eb","4232":"iers","4233":"voge","4234":"ioen","4235":"enot","4236":"pere","4237":"hitt","4238":"etse","4239":"male","4240":"perf","4241":"trad","4242":"htst","4243":"lane","4244":"guns","4245":"bijg","4246":"ruis","4247":" wol","4248":"dder","4249":" opm","4250":"fdst","4251":"leke","4252":"vena","4253":"kwal","4254":"ourn","4255":"dewe","4256":"appa","4257":"bert","4258":"aanp","4259":"kled","4260":" ner","4261":"llic","4262":" mez","4263":" riv","4264":"ieel","4265":"a\u00ebli","4266":"wig ","4267":"ill ","4268":"ipel","4269":"dekk","4270":"\u00ebren","4271":"etba","4272":"geet","4273":"olki","4274":"rkan","4275":" kro","4276":"nare","4277":"ekst","4278":"ftij","4279":"ntwe","4280":"joha","4281":"opme","4282":"droe","4283":"ongr","4284":"patr","4285":"isie","4286":"enbe","4287":"leg ","4288":"rook","4289":"anna","4290":"jard","4291":"ico ","4292":"elds","4293":"vat ","4294":"afel","4295":"ntru","4296":"siek","4297":"ffec","4298":"kwes","4299":"wou ","4300":"ompu","4301":"din ","4302":" cla","4303":"rmij","4304":" emo","4305":"meze","4306":"russ","4307":"lak ","4308":"wali","4309":"rvul","4310":"mali","4311":"indr","4312":"\u00ebnte","4313":"hame","4314":"edro","4315":"ana ","4316":"fiet","4317":"jode","4318":"eep ","4319":" erb","4320":"olwa","4321":" sho","4322":"tigh","4323":"meeg","4324":"mple","4325":" one","4326":"nteg","4327":"lon ","4328":" sol","4329":" wez","4330":"chee","4331":"tort","4332":" inn","4333":"nkba","4334":"dust","4335":"opdr","4336":"ppor","4337":" def","4338":"beld","4339":"trap","4340":"eant","4341":"ltaa","4342":"pgel","4343":"roef","4344":"rwin","4345":" kus","4346":"pges","4347":"egro","4348":"enzi","4349":"hild","4350":"rijw","4351":"swer","4352":"oei ","4353":"ftig","4354":"ofes","4355":"rbod","4356":"lice","4357":" sco","4358":"rip ","4359":" fie","4360":" c ","4361":"gepl","4362":"atur","4363":"loei","4364":"oger","4365":"aams","4366":"wich","4367":"borg","4368":"opul","4369":"rece","4370":"grad","4371":"lovi","4372":"ngin","4373":"rtaa","4374":"oeid","4375":"ose ","4376":"salo","4377":"elic","4378":"ijsh","4379":"anpa","4380":"oder","4381":"mera","4382":"keuz","4383":"adig","4384":" hol","4385":"aatj","4386":"aamd","4387":"dver","4388":"fges","4389":"rloo","4390":"oend","4391":"atri","4392":" och","4393":"biel","4394":"popu","4395":"lgel","4396":"ept ","4397":"blev","4398":"fess","4399":"mobi","4400":"fene","4401":"sene","4402":" sha","4403":"rstr","4404":" fri","4405":" joo","4406":"ocra","4407":"spoo","4408":"otaa","4409":"rmog","4410":"vuil","4411":"nzie","4412":"rpla","4413":"kran","4414":"meth","4415":"llah","4416":" afl","4417":"koff","4418":" dad","4419":"jdel","4420":"hip ","4421":"toel","4422":"pare","4423":"oorh","4424":"omei","4425":" arr","4426":"orgd","4427":" inc","4428":"til ","4429":"lft ","4430":"heli","4431":"petr","4432":"etis","4433":"rver","4434":"huur","4435":"astr","4436":"roev","4437":" afv","4438":"aanr","4439":" h ","4440":"oke ","4441":"slav","4442":"akin","4443":"reft","4444":"waal","4445":"akti","4446":"ole ","4447":" acc","4448":"ombi","4449":"bome","4450":"gger","4451":"aks ","4452":"lond","4453":" rak","4454":"ramp","4455":"chaf","4456":"orwa","4457":"leed","4458":" ran","4459":" jes","4460":"hout","4461":" inh","4462":"jshe","4463":"adel","4464":"elgi","4465":"ppig","4466":"ase ","4467":"orne","4468":"crim","4469":"muur","4470":" taf","4471":"rtie","4472":"rbor","4473":"onzi","4474":" kof","4475":"msta","4476":"lome","4477":"ndia","4478":"plot","4479":" bad","4480":"pij ","4481":"ijki","4482":"lah ","4483":"jfer","4484":"zome","4485":"era ","4486":"ngeb","4487":"rijz","4488":"ctio","4489":"blic","4490":"jour","4491":" beo","4492":" nut","4493":"stak","4494":"atig","4495":"affe","4496":"eels","4497":"sdag","4498":"cijf","4499":"pmer","4500":"ezer","4501":"egan","4502":"evat","4503":"angt","4504":" kna","4505":"sion","4506":"zins","4507":"rbet","4508":"abso","4509":"ni\u00eb ","4510":"troe","4511":"mas ","4512":"edit","4513":"helf","4514":"ive ","4515":"ratu","4516":"etin","4517":"han ","4518":"sign","4519":"lott","4520":"lly ","4521":"broo","4522":"lusi","4523":"more","4524":"chui","4525":"nsla","4526":"rbon","4527":"eksu","4528":"urna","4529":" imm","4530":"cteu","4531":"perv","4532":"blok","4533":"ends","4534":"tenl","4535":"edew","4536":" can","4537":"ids ","4538":"lici","4539":" tv ","4540":"dzak","4541":"woni","4542":"rnet","4543":"dste","4544":"acte","4545":"ndus","4546":"jkin","4547":"aby ","4548":"ikba","4549":"volw","4550":"zust","4551":"pula","4552":" eil","4553":" sig","4554":"grip","4555":"ngeh","4556":"otos","4557":"i\u00ebrs","4558":"derb","4559":"dra ","4560":"orpe","4561":" pal","4562":"cade","4563":" ass","4564":"heug","4565":"vull","4566":"hil ","4567":"apje","4568":"blin","4569":"harr","4570":"evro","4571":"uffe","4572":"uke ","4573":"ankb","4574":"imin","4575":"enem","4576":"vene","4577":"enov","4578":"iali","4579":"iaan","4580":"eun ","4581":"andr","4582":"bus ","4583":"iddi","4584":"jzin","4585":"nhou","4586":"rlor","4587":"rmal","4588":" eet","4589":"otda","4590":"rnal","4591":"opre","4592":" gar","4593":"ohn ","4594":"plat","4595":"oem ","4596":" oke","4597":" pot","4598":"simp","4599":"lots","4600":"zonn","4601":" tui","4602":"koze","4603":"stge","4604":"ntwa","4605":"prot","4606":"zage","4607":"rama","4608":" ann","4609":"rdru","4610":" afk","4611":"nzic","4612":"reag","4613":" inw","4614":"eldt","4615":"ogin","4616":"olgt","4617":"ega ","4618":" his","4619":"ome ","4620":"have","4621":"eeke","4622":" gal","4623":"reep","4624":"ham ","4625":"tver","4626":"nus ","4627":"reuk","4628":"san ","4629":"ndru","4630":"seco","4631":"nech","4632":"tgee","4633":"mmel","4634":"lave","4635":"rzek","4636":"indu","4637":" pie","4638":"gal ","4639":"tzak","4640":"lwas","4641":"enha","4642":"tgeb","4643":"lann","4644":"e\u00fcs ","4645":" vog","4646":"rhan","4647":"ci\u00ebl","4648":"dels","4649":"aft ","4650":"isda","4651":"ijkb","4652":"weig","4653":"spri","4654":"ppar","4655":"hoed","4656":"itin","4657":"fron","4658":"oegd","4659":"oef ","4660":"erhu","4661":"ace ","4662":"etie","4663":"duce","4664":"rzic","4665":"gina","4666":"ius ","4667":"rdwe","4668":"nvaa","4669":" z ","4670":"jpt ","4671":" pad","4672":" rev","4673":"itai","4674":"psyc","4675":"flij","4676":"arbe","4677":"tgez","4678":"antr","4679":"ctuu","4680":"fysi","4681":"meng","4682":"ild ","4683":"rugs","4684":"nica","4685":"the\u00fc","4686":"dubb","4687":"oooo","4688":"ussi","4689":"drug","4690":"rhoo","4691":"he\u00fcs","4692":"ecto","4693":"roff","4694":"ane ","4695":"hebr","4696":"eeks","4697":"rfec","4698":"eelh","4699":"ssee","4700":"eene","4701":"rona","4702":"ijpt","4703":"chon","4704":"eikt","4705":"uiti","4706":"urea","4707":"lim ","4708":"blog","4709":"mhoo","4710":"koor","4711":"rel ","4712":"olke","4713":"tser","4714":"lgt ","4715":"eenh","4716":"ypte","4717":"ijns","4718":"totd","4719":"ivea","4720":"ijee","4721":"ijdt","4722":"sych","4723":"loeg","4724":"stok","4725":"tukk","4726":"knec","4727":"akan","4728":"tdat","4729":"ttor","4730":"thei","4731":"lent","4732":"spot","4733":"jkba","4734":"kank","4735":"ards","4736":"otel","4737":"pite","4738":"nwij","4739":"emie","4740":"inie","4741":"duld","4742":" ams","4743":"bsol","4744":"uidi","4745":" imp","4746":"eize","4747":"urg ","4748":"das ","4749":"pan ","4750":"ecen","4751":"ompe","4752":"rbra","4753":"oetb","4754":"ntin","4755":"endo","4756":"inga","4757":" ede","4758":"etoo","4759":"anko","4760":"club","4761":" muu","4762":" mes","4763":"nmer","4764":"nged","4765":"erac","4766":"opva","4767":" led","4768":"araa","4769":"arad","4770":"clus","4771":"erce","4772":" dr ","4773":"dela","4774":"rkop","4775":"vaka","4776":" aus","4777":"brok","4778":"keri","4779":"rkie","4780":"tine","4781":"pdra","4782":"volm","4783":"cus ","4784":"rgt ","4785":"take","4786":"riaa","4787":"jeen","4788":"kies","4789":" ded","4790":"edul","4791":" erk","4792":"sata","4793":"moni","4794":"espo","4795":"epub","4796":"arda","4797":"enmi","4798":"lpt ","4799":"nzet","4800":"elpt","4801":" ald","4802":"orn ","4803":"atan","4804":"atho","4805":"omho","4806":"trom","4807":"herh","4808":"hetg","4809":"aha ","4810":"aust","4811":"lanc","4812":"utor","4813":"hof ","4814":"olma","4815":"choe","4816":"aanm","4817":"tenm","4818":"teme","4819":"ilom","4820":"sers","4821":"ait ","4822":"ylon","4823":"tdru","4824":"ish ","4825":"urte","4826":"atti","4827":"klan","4828":"ranc","4829":"erek","4830":"reau","4831":"ffie","4832":"huwd","4833":" gav","4834":"thod","4835":"uari","4836":"otza","4837":"vres","4838":"ntaa","4839":" jud","4840":" hit","4841":"juli","4842":"ocat","4843":"pete","4844":"marc","4845":" psy","4846":"bors","4847":" sno","4848":"sfee","4849":"demi","4850":" coo","4851":"gati","4852":"gate","4853":"iero","4854":"rvla","4855":"itzi","4856":"alex","4857":"code","4858":"tbre","4859":"excu","4860":"pogi","4861":"djes","4862":"herk","4863":"lex ","4864":"teks","4865":"ulai","4866":"ney ","4867":" ert","4868":"hoen","4869":"nal ","4870":"viss","4871":"ortr","4872":"dran","4873":"thol","4874":"eble","4875":"dsdi","4876":" hah","4877":"duiv","4878":"sico","4879":" rap","4880":"ppin","4881":"rdde","4882":"dor ","4883":"spar","4884":"herp","4885":"zijt","4886":"roma","4887":"uime","4888":"doos","4889":"sloo","4890":"inzi","4891":"brug","4892":"ieks","4893":"\u00eblie","4894":"erm ","4895":"isla","4896":"nism","4897":" fys","4898":"ail ","4899":" eli","4900":" mol","4901":"worp","4902":"tevr","4903":"edhe","4904":" lou","4905":"itdr","4906":"ran ","4907":"ortg","4908":"uwt ","4909":" lid","4910":"idig","4911":"eslu","4912":"atro","4913":"opel","4914":" gun","4915":" spu","4916":"rgeb","4917":"omga","4918":"voch","4919":"nmaa","4920":"veau","4921":"ekse","4922":"loog","4923":"lost","4924":"adam","4925":"astg","4926":"jdin","4927":"ijda","4928":"gode","4929":" ijs","4930":"ekee","4931":"zach","4932":"boot","4933":"elba","4934":"rdra","4935":"tapp","4936":"smaa","4937":"taak","4938":"reet","4939":"rlee","4940":"ebro","4941":"jage","4942":"ksue","4943":"jdt ","4944":"aged","4945":"bean","4946":"holp","4947":"ebas","4948":"plas","4949":" kol","4950":"enme","4951":"ara ","4952":"epla","4953":"rimi","4954":"eoef","4955":"ldt ","4956":"ick ","4957":"liez","4958":"erdu","4959":"rge ","4960":"cell","4961":"elez","4962":"nlin","4963":"bylo","4964":" ell","4965":"alom","4966":"vreu","4967":" ade","4968":"rteg","4969":"raks","4970":"lene","4971":"gerd","4972":"reug","4973":"efin","4974":"urin","4975":"anee","4976":"herd","4977":"ewez","4978":"isic","4979":"nabi","4980":" bid","4981":"ciaa","4982":"abyl","4983":" erm","4984":"hode","4985":"expe","4986":"llij","4987":"rdac","4988":"arry","4989":"enwi","4990":" jur","4991":"cris","4992":"<br>","4993":"aait","4994":"geto","4995":"viru","4996":"jood","4997":"wins","4998":"iena","4999":"bege"}}