{"nor":{"0":" det","1":"det ","2":" er ","3":" for","4":" og ","5":" i ","6":"jeg ","7":" jeg","8":" til","9":"ikke","10":"kke ","11":" du ","12":"som ","13":" som","14":" ikk","15":" \u00e5 ","16":"for ","17":" en ","18":"til ","19":" p\u00e5 ","20":"den ","21":" har","22":" de ","23":"har ","24":" den","25":" at ","26":" han","27":"kkkk","28":" med","29":"ter ","30":"med ","31":" av ","32":"ene ","33":" men","34":" vi ","35":"ette","36":"han ","37":"ere ","38":" kan","39":"men ","40":"lle ","41":" var","42":"var ","43":"ler ","44":"der ","45":"tte ","46":" der","47":" vil","48":" om ","49":"enne","50":"kan ","51":"ing ","52":"nne ","53":"ten ","54":"lig ","55":"ger ","56":" s\u00e5 ","57":"ker ","58":"inge","59":" ska","60":"ner ","61":" et ","62":"gen ","63":" meg","64":" kom","65":" hvo","66":"hvor","67":" noe","68":"ste ","69":" bli","70":"meg ","71":"tter","72":" deg","73":"deg ","74":"ller","75":"elle","76":" hva","77":"ver ","78":"elig","79":" fra","80":"hva ","81":"dere","82":"ngen","83":" opp","84":"ende","85":" bar","86":"mer ","87":"over","88":"vil ","89":"skal","90":"itt ","91":" v\u00e6r","92":"kal ","93":"omme","94":"ning","95":"else","96":" man","97":"nger","98":"gj\u00f8r","99":"ige ","100":"este","101":" ove","102":"nde ","103":"ser ","104":"are ","105":" her","106":"fra ","107":"\u00e6re ","108":"rer ","109":" all","110":"dre ","111":"dett","112":" hel","113":" min","114":"alle","115":"tet ","116":" gj\u00f8","117":" inn","118":"vet ","119":"komm","120":"dde ","121":" da ","122":"ille","123":"inne","124":" dem","125":"ske ","126":"ndre","127":"lige","128":"nen ","129":" gud","130":"v\u00e6re","131":"mmer","132":"ring","133":"bare","134":"dem ","135":"ren ","136":"len ","137":" seg","138":"seg ","139":" sam","140":" ell","141":" tro","142":"nge ","143":"het ","144":"noe ","145":"ange","146":"enge","147":"ens ","148":" f\u00f8r","149":" hun","150":"ham ","151":"amme","152":" m\u00e5 ","153":" hje","154":" ham","155":" sin","156":"nnes","157":" sto","158":" hvi","159":"ghet","160":"sen ","161":"skje","162":"ente","163":"\u00f8re ","164":"nder","165":" ett","166":"ighe","167":"vis ","168":"fors","169":"oen ","170":" ble","171":"rte ","172":"ett ","173":" hen","174":"ble ","175":"oss ","176":"ket ","177":"ine ","178":"net ","179":"gjen","180":" had","181":" n\u00e5 ","182":"sjon","183":"adde","184":"n\u00e5r ","185":"alt ","186":"nner","187":"hadd","188":"hold","189":"noen","190":" n\u00e5r","191":" god","192":" ut ","193":" tre","194":"mme ","195":" din","196":"hun ","197":" sel","198":"andr","199":"iste","200":" oss","201":" ver","202":"her ","203":"ken ","204":"ert ","205":"ier ","206":"att ","207":"anne","208":" tid","209":"rfor","210":"orde","211":"kker","212":"j\u00f8re","213":"ikk ","214":"rlig","215":"menn","216":"lir ","217":"ster","218":"blir","219":"rden","220":"dig ","221":"lse ","222":"nnen","223":" vis","224":"unne","225":"nes ","226":" bes","227":"sett","228":"hete","229":"mmen","230":"sten","231":"ehov","232":" hve","233":" ha ","234":"litt","235":" dag","236":"fort","237":"rett","238":"stor","239":"ansk","240":"vor ","241":"sker","242":"skap","243":" ste","244":" vet","245":" vel","246":"ent ","247":"selv","248":"min ","249":"gud ","250":" gje","251":"opp ","252":" fin","253":"verd","254":"j\u00f8r ","255":"ans ","256":"kom ","257":" ved","258":" jeh","259":"jeho","260":"kkk ","261":"dan ","262":"hova","263":"vill","264":"tid ","265":"iden","266":" ogs","267":"ogs\u00e5","268":" ven","269":"gs\u00e5 ","270":"ort ","271":"orda","272":" kri","273":" and","274":"gang","275":"bli ","276":"ret ","277":"elen","278":"ved ","279":"denn","280":" kon","281":"unde","282":"rdan","283":" f\u00e5 ","284":" mot","285":" kun","286":" se ","287":"res ","288":" sli","289":"ulle","290":" sku","291":"vord","292":"din ","293":"enn ","294":" alt","295":"samm","296":"jord","297":"nter","298":" sa ","299":"erne","300":" ja ","301":"per ","302":"rist","303":" pro","304":"eske","305":"hans","306":"like","307":"hvis","308":" lik","309":"sse ","310":"land","311":"side","312":"ang ","313":"dag ","314":"ener","315":"nte ","316":" sta","317":" lan","318":" mer","319":" kkk","320":"eres","321":"nesk","322":" v\u00e5r","323":"tere","324":" ing","325":"eten","326":" skj","327":"isk ","328":"elt ","329":"keli","330":"gjor","331":"g\u00e5r ","332":"eren","333":" hol","334":"folk","335":"kunn","336":"atte","337":"mang","338":" skr","339":" liv","340":"nske","341":" mor","342":"get ","343":"ant ","344":" dis","345":" ser","346":" fre","347":"asjo","348":"skul","349":" gan","350":"ike ","351":"let ","352":" ord","353":" kla","354":" lit","355":" sie","356":" ta ","357":" sen","358":" beg","359":"rde ","360":"elv ","361":"mot ","362":"nest","363":"sin ","364":"inn ","365":" san","366":"ling","367":"enes","368":" kje","369":"slik","370":"ting","371":" gjo","372":"\u00f8rst","373":"ede ","374":"and ","375":"erde","376":"barn","377":"kull","378":"sier","379":"tilb","380":" sna","381":" fol","382":"rne ","383":"tren","384":" sid","385":" und","386":" ret","387":"emme","388":"klar","389":"akke","390":"tene","391":"eter","392":" g\u00e5r","393":"jen ","394":"henn","395":"man ","396":"irke","397":" bet","398":"kris","399":" f\u00f8l","400":"ror ","401":" f\u00e5r","402":"erte","403":"hjel","404":"gene","405":"f\u00e5r ","406":" bru","407":"erre","408":"iske","409":"tisk","410":"orfo","411":"vorf","412":" h\u00f8r","413":"virk","414":" van","415":"\u00e6rt ","416":"isse","417":"rste","418":" nei","419":"jenn","420":"orte","421":" enn","422":"ligh","423":" \u00e5r ","424":"jelp","425":"rene","426":"mann","427":"nei ","428":"f\u00f8rs","429":"art ","430":"ktig","431":"ford","432":" far","433":"reng","434":" vit","435":" igj","436":"igje","437":" ten","438":"iser","439":" set","440":"deli","441":"kje ","442":"finn","443":" vir","444":"olde","445":" bor","446":"eder","447":"skri","448":"hver","449":" bra","450":"fore","451":" m\u00e5t","452":"bruk","453":"ann ","454":"lere","455":"lede","456":"kans","457":"best","458":"kte ","459":" gru","460":"ake ","461":" to ","462":" tak","463":"vel ","464":" ute","465":"elsk","466":" la ","467":"sted","468":"lder","469":" jes","470":" syn","471":"guds","472":"tten","473":" bil","474":"tror","475":"ord ","476":"ytte","477":"lene","478":" str","479":"svar","480":" ann","481":"ova ","482":" sit","483":" bib","484":"vise","485":"lik ","486":" si ","487":" hus","488":"itte","489":"tjen","490":"nnet","491":"tenk","492":"v\u00e6rt","493":"kjen","494":"jone","495":"ien ","496":"leve","497":"tar ","498":"till","499":"uds ","500":"ele ","501":"herr","502":"stil","503":"ide ","504":"egge","505":"ande","506":"erer","507":" fik","508":"ibel","509":" ned","510":"illi","511":"satt","512":"bibe","513":" g\u00e5 ","514":"arbe","515":"tig ","516":" spi","517":"est ","518":"all ","519":"stan","520":"uten","521":"olk ","522":"pet ","523":"dage","524":"set ","525":"f\u00f8lg","526":" nor","527":"met ","528":"rbei","529":"oner","530":" del","531":"f\u00f8r ","532":"inte","533":"jesu","534":"ager","535":"lage","536":"beid","537":"grun","538":"ykke","539":"ndel","540":"lte ","541":" gre","542":"jern","543":"fikk","544":"stre","545":"lsen","546":"lde ","547":"runn","548":"\u00f8lge","549":"ekke","550":"diss","551":"nskj","552":"jent","553":"bake","554":"legg","555":" eks","556":"nakk","557":"nere","558":"jene","559":"ilba","560":"asse","561":"snak","562":"ings","563":"ttet","564":"vem ","565":" d\u00f8d","566":"utte","567":"ers ","568":"mmel","569":"nene","570":" pla","571":"stem","572":"tale","573":"hvem","574":"vent","575":"tre ","576":"orst","577":"dene","578":" sti","579":"gere","580":"iver","581":"lbak","582":"rre ","583":"lske","584":"enke","585":" jo ","586":" per","587":"ekte","588":"onen","589":"sene","590":"helt","591":"tide","592":"nlig","593":"jon ","594":"t\u00e5r ","595":" ald","596":"kene","597":"sine","598":"full","599":" kj\u00f8","600":" lev","601":"arte","602":" dra","603":"st\u00e5r","604":" sik","605":"slut","606":"erdi","607":" pre","608":"vinn","609":"hell","610":"tnin","611":"akk ","612":"forb","613":"\u00f8rer","614":"ordi","615":"lutt","616":"live","617":"ress","618":"\u00e5tt ","619":"llig","620":"kape","621":"takk","622":"pen ","623":" st\u00f8","624":"dele","625":"sikk","626":"veld","627":" mar","628":"ale ","629":" vei","630":" l\u00e6r","631":"ikti","632":"fram","633":"v\u00e5r ","634":" nok","635":"pres","636":"tore","637":"m\u00e5te","638":"hand","639":"sitt","640":"erfo","641":"old ","642":"dens","643":" par","644":" gi ","645":"ise ","646":"dnin","647":"nok ","648":"hele","649":" fle","650":"vend","651":"bra ","652":"blit","653":"agen","654":"tell","655":" int","656":" jor","657":" mye","658":"mye ","659":"tor ","660":" leg","661":"rdi ","662":"ment","663":"rkel","664":"god ","665":"sus ","666":"godt","667":" dre","668":"mili","669":"orge","670":" tin","671":"send","672":"frem","673":" sp\u00f8","674":"aldr","675":"anse","676":"kter","677":"ynne","678":"haha","679":" fan","680":"ilde","681":"ater","682":"orsk","683":"empe","684":"ndig","685":"esus","686":" tje","687":"fork","688":" rik","689":"tand","690":"kj\u00e6r","691":" slu","692":"rest","693":"ldri","694":"kket","695":"ider","696":"gge ","697":"h\u00f8re","698":"vas ","699":"skyl","700":"ore ","701":"hvil","702":" mel","703":"hjem","704":"vers","705":"dri ","706":" a ","707":"nden","708":"sp\u00f8r","709":"les ","710":" sky","711":"unn ","712":"lar ","713":"ovas","714":"ned ","715":"iker","716":"andl","717":"begy","718":"egyn","719":"leng","720":" lov","721":"jort","722":" mis","723":"kyld","724":"bort","725":" len","726":"dels","727":"mene","728":"nhet","729":"ygge","730":"lang","731":" reg","732":"venn","733":"elpe","734":"ldig","735":"erke","736":"ferd","737":"lite","738":"tede","739":"viss","740":"erso","741":"ist ","742":"bele","743":"itne","744":"amil","745":" spe","746":"vare","747":"rike","748":" unn","749":"eide","750":" tar","751":" bla","752":"ndt ","753":" mat","754":"arn ","755":" kal","756":"egen","757":" res","758":"pr\u00f8v","759":"gjer","760":" sva","761":"ite ","762":" end","763":"ever","764":"esse","765":"ets ","766":"fami","767":"kkel","768":" dit","769":"elli","770":" pol","771":" sla","772":" dri","773":"ilie","774":"oppe","775":"odt ","776":"rive","777":"orts","778":"kap ","779":"utt ","780":"vitn","781":"poli","782":"mitt","783":"\u00e6rli","784":"ilke","785":" fam","786":" tra","787":"rand","788":"vilk","789":" fri","790":"vite","791":" pr\u00f8","792":"form","793":"lass","794":" ful","795":" h\u00f8y","796":"lser","797":" st\u00e5","798":"gger","799":"kken","800":" bed","801":" lag","802":"erin","803":"ell ","804":" nat","805":"agt ","806":" ski","807":"rend","808":"mmet","809":"spil","810":" gle","811":"stra","812":"mine","813":" job","814":"olit","815":"sann","816":"aste","817":" pen","818":"liti","819":"styr","820":" ege","821":"tatt","822":"akte","823":"sent","824":"sist","825":" \u00e5nd","826":"iger","827":" mil","828":"ivet","829":"nten","830":"f\u00f8re","831":"tikk","832":" gra","833":"rdig","834":" arb","835":"f\u00f8le","836":"eldi","837":"rede","838":"pers","839":"ruke","840":"talt","841":"kont","842":"skre","843":"l\u00e6re","844":" ene","845":" s\u00f8n","846":"alen","847":"ode ","848":"nnom","849":"jobb","850":"nytt","851":"gent","852":" b\u00f8r","853":" red","854":"del ","855":"unge","856":"lett","857":" mit","858":" ber","859":" tal","860":"tne ","861":"akti","862":" pri","863":"hjer","864":"vert","865":"drep","866":"enno","867":" kvi","868":"ber ","869":" gir","870":"edre","871":"tro ","872":"derf","873":"gir ","874":"gikk","875":"rst\u00e5","876":" bek","877":"ltid","878":"topp","879":"arer","880":" kj\u00e6","881":"\u00f8nne","882":" ung","883":"bedr","884":"sser","885":"tige","886":"\u00e5te ","887":"krev","888":"v\u00e6r ","889":"rke ","890":" sty","891":"b\u00f8r ","892":" dan","893":"geli","894":"pill","895":" lig","896":" sat","897":" hal","898":"liv ","899":"ekse","900":"grei","901":" gam","902":"endi","903":"rtel","904":" n\u00e6r","905":"s\u00f8nn","906":"pper","907":"rker","908":"sert","909":"\u00f8nsk","910":"tend","911":"tner","912":"arti","913":"rson","914":"dige","915":"tok ","916":"oren","917":"alte","918":"nnel","919":" ans","920":"bety","921":"kong","922":"slag","923":" pas","924":"rens","925":" les","926":" vid","927":"fler","928":" nes","929":" kor","930":" vik","931":"igne","932":"ahah","933":" sal","934":"merk","935":" \u00f8ns","936":"akt ","937":"ditt","938":"rakt","939":" nav","940":"ill ","941":"isst","942":"ders","943":" fly","944":"ssen","945":" blo","946":" vin","947":"\u00e5tte","948":"kere","949":"fte ","950":"jert","951":"oble","952":" mes","953":"navn","954":"ante","955":"elde","956":"nnsk","957":"llen","958":" fal","959":"enig","960":"ifte","961":"sken","962":" gik","963":" stu","964":"llet","965":"obbe","966":"rekk","967":"ive ","968":"lykk","969":"\u00f8rt ","970":"son ","971":"oppf","972":"ppe ","973":"rat ","974":"lge ","975":"nels","976":"digh","977":"blan","978":"vikt","979":"fred","980":"anke","981":"eret","982":"muli","983":"\u00f8mme","984":"ngel","985":"sikt","986":"lant","987":" eng","988":" ang","989":"ikte","990":" syk","991":"nska","992":"stet","993":"ldre","994":"onge","995":"ulig","996":"tens","997":" nyt","998":"edde","999":"lpe ","1000":"stne","1001":"mest","1002":"forh","1003":"besk","1004":"tels","1005":"d\u00f8de","1006":"vide","1007":"dine","1008":" els","1009":"vist","1010":" hei","1011":" m\u00f8t","1012":"bild","1013":"kvin","1014":"st\u00f8r","1015":"ted ","1016":"semp","1017":"tryk","1018":"nom ","1019":"anta","1020":"allt","1021":"tes ","1022":"fant","1023":"rgen","1024":"istn","1025":"sere","1026":"urde","1027":"domm","1028":"ksem","1029":"r\u00f8ve","1030":"m\u00e5l ","1031":"tlig","1032":"sksk","1033":"elp ","1034":"llti","1035":" beh","1036":"aler","1037":"\u00e5pen","1038":"fter","1039":" bak","1040":"sket","1041":"blem","1042":"jell","1043":" let","1044":"robl","1045":"kjed","1046":"vels","1047":"prob","1048":"\u00e5nde","1049":" the","1050":"kriv","1051":"mell","1052":"fora","1053":"unns","1054":"iet ","1055":" bev","1056":" sje","1057":"peng","1058":"\u00f8nn ","1059":" fei","1060":"pass","1061":" sis","1062":"love","1063":"meni","1064":" bro","1065":"\u00f8rte","1066":"rst ","1067":"ndet","1068":"jer ","1069":"ense","1070":"pel ","1071":" tim","1072":" bok","1073":"eit ","1074":" tok","1075":"eldr","1076":"ello","1077":"mpel","1078":"aren","1079":"edet","1080":" kam","1081":" bre","1082":"sm\u00e5l","1083":"lden","1084":"reve","1085":"des ","1086":"ndle","1087":"skel","1088":"rken","1089":" bur","1090":"dler","1091":"oran","1092":" fer","1093":"stud","1094":"endt","1095":"ven ","1096":"rukt","1097":"ate ","1098":"rren","1099":"ldt ","1100":"eve ","1101":" rom","1102":"ksks","1103":"dra ","1104":" val","1105":" mul","1106":"isto","1107":"lare","1108":"port","1109":"sant","1110":"gode","1111":"late","1112":"erli","1113":"s\u00f8ke","1114":" hat","1115":"kjer","1116":" gal","1117":"redd","1118":"nker","1119":" sak","1120":" des","1121":" nye","1122":"\u00f8rre","1123":"tori","1124":" h\u00e5p","1125":"stat","1126":"plan","1127":"time","1128":" led","1129":"ull ","1130":"egne","1131":"trol","1132":"h\u00f8rt","1133":"\u00e5de ","1134":"nke ","1135":"indr","1136":"mere","1137":"ktet","1138":"kjel","1139":" sko","1140":"st\u00e5 ","1141":"nsen","1142":"tsat","1143":"gels","1144":" sol","1145":"ass ","1146":"orel","1147":"lken","1148":"kamp","1149":"rykk","1150":"far ","1151":"m\u00f8te","1152":"uke ","1153":"skyt","1154":"fall","1155":"\u00e6rer","1156":"ram ","1157":"enti","1158":"amer","1159":"morg","1160":"h\u00e5nd","1161":"iten","1162":"valg","1163":"gynn","1164":"nye ","1165":"mark","1166":" tan","1167":"fatt","1168":"tset","1169":"ete ","1170":"roll","1171":"ekk ","1172":"\u00e5nd ","1173":"offe","1174":"vann","1175":" ant","1176":"evis","1177":"oppl","1178":"j\u00e6rl","1179":" kve","1180":"llin","1181":"p\u00f8rs","1182":"leme","1183":"amle","1184":"tyr ","1185":"\u00f8tte","1186":" vak","1187":"lege","1188":"knin","1189":"kall","1190":"mist","1191":"rsm\u00e5","1192":"\u00f8de ","1193":"ngt ","1194":"tall","1195":" fak","1196":"ensk","1197":"erst","1198":"olle","1199":"kvel","1200":"\u00f8rsm","1201":" rin","1202":"aten","1203":"rund","1204":"post","1205":"rev ","1206":"fast","1207":"lem ","1208":"\u00f8del","1209":"mens","1210":"kj\u00f8r","1211":"m\u00e5tt","1212":"prof","1213":"nkel","1214":"tert","1215":"oste","1216":"lien","1217":"llom","1218":"ippe","1219":"dlig","1220":"gled","1221":"dom ","1222":"lart","1223":"husk","1224":" jen","1225":" pra","1226":"ikt ","1227":"rnet","1228":" hos","1229":"rere","1230":"hei ","1231":" gla","1232":" s\u00e5n","1233":"aske","1234":"\u00e5re ","1235":"gte ","1236":"ekt ","1237":"r\u00e5de","1238":"sel ","1239":" ban","1240":"trak","1241":"lest","1242":"reit","1243":"ast ","1244":" pau","1245":"enhe","1246":"eld ","1247":" uts","1248":" e ","1249":"snin","1250":"rykt","1251":"rter","1252":" mid","1253":"itet","1254":"repe","1255":"aget","1256":"lag ","1257":" h\u00e5n","1258":"plas","1259":"fare","1260":"v\u00e5re","1261":"rift","1262":"stol","1263":"jem ","1264":"tele","1265":" run","1266":" kra","1267":" lys","1268":"eden","1269":" spr","1270":"atur","1271":"rder","1272":"lels","1273":" art","1274":"sste","1275":"int ","1276":"ppen","1277":"oldt","1278":" kar","1279":"amp ","1280":"siel","1281":" avs","1282":"one ","1283":"eien","1284":"orky","1285":"rent","1286":"rkyn","1287":"erie","1288":" \u00e9n ","1289":"funn","1290":"part","1291":" ok ","1292":"nnnn","1293":"trek","1294":"aen ","1295":"olke","1296":"klag","1297":"enta","1298":" akk","1299":" me ","1300":"lger","1301":"rhol","1302":"vart","1303":"spis","1304":"sake","1305":"odde","1306":"isti","1307":"hos ","1308":"nda ","1309":"uske","1310":"aner","1311":"likt","1312":"etal","1313":"lipp","1314":"lom ","1315":"star","1316":" sek","1317":"the ","1318":"avne","1319":"rans","1320":"etni","1321":"ritt","1322":"bygg","1323":"nfor","1324":"olig","1325":"inns","1326":"ffer","1327":"ligg","1328":"\u00f8ver","1329":"gend","1330":"age ","1331":"krig","1332":"dent","1333":" byg","1334":" enk","1335":"orie","1336":"drin","1337":" gav","1338":"inde","1339":" lei","1340":" kre","1341":"yld ","1342":"evel","1343":"tilt","1344":"elve","1345":"tidl","1346":" joh","1347":" sl\u00e5","1348":"rofe","1349":"veie","1350":"kert","1351":"arke","1352":"oppr","1353":" mas","1354":"reld","1355":"idli","1356":"burd","1357":"igge","1358":"nna ","1359":"hund","1360":" fun","1361":"rs\u00f8k","1362":"blod","1363":" \u00f8de","1364":"list","1365":"eier","1366":"rske","1367":"kast","1368":" br\u00f8","1369":"ding","1370":" rel","1371":"ttel","1372":"dren","1373":"avn ","1374":"akku","1375":"kura","1376":" fas","1377":" ben","1378":"entl","1379":"ukke","1380":"syne","1381":" off","1382":"vei ","1383":" ren","1384":" bry","1385":"ion ","1386":"nstr","1387":"gvis","1388":"igvi","1389":"feil","1390":"forl","1391":"urat","1392":"sagt","1393":"ire ","1394":"kkur","1395":"temm","1396":" lyk","1397":"gens","1398":"ynte","1399":" kas","1400":"gitt","1401":"olen","1402":"nnhe","1403":"snar","1404":"reis","1405":"rels","1406":"gutt","1407":"kten","1408":"nigh","1409":"teri","1410":"ses ","1411":" jer","1412":"evne","1413":"lese","1414":"trod","1415":"ilen","1416":" his","1417":"usen","1418":"\u00e5rli","1419":"ttig","1420":"pesi","1421":"spes","1422":"erik","1423":"engs","1424":"f\u00f8rt","1425":"ntli","1426":"ntin","1427":" dat","1428":" sig","1429":" fje","1430":"red ","1431":" ras","1432":"bile","1433":" mos","1434":"hist","1435":"stri","1436":"tank","1437":"fakt","1438":"enkt","1439":"yste","1440":"paul","1441":"skol","1442":"tus ","1443":" ekt","1444":"vera","1445":"dte ","1446":"rtse","1447":"ngre","1448":"inst","1449":"meli","1450":"ione","1451":"isra","1452":"reli","1453":"rael","1454":" isr","1455":" s ","1456":"rodd","1457":"imot","1458":"stad","1459":"disk","1460":"kole","1461":"rika","1462":"bevi","1463":"stop","1464":" f\u00e5t","1465":" fir","1466":" dyr","1467":"orho","1468":" tat","1469":"srae","1470":"verk","1471":" sve","1472":"ntet","1473":" ale","1474":"undr","1475":"mill","1476":"ben ","1477":"ofte","1478":"uset","1479":" gut","1480":"lus ","1481":"skj\u00f8","1482":" d\u00e5r","1483":"rket","1484":"lign","1485":"hus ","1486":"yen ","1487":"f\u00e5tt","1488":" fot","1489":"krif","1490":"even","1491":"gift","1492":" s\u00f8r","1493":"t\u00f8rr","1494":" m\u00e5l","1495":"rge ","1496":"eran","1497":"ong ","1498":"aken","1499":" utt","1500":"tils","1501":"stel","1502":" try","1503":"evet","1504":"nede","1505":" mak","1506":"rten","1507":" d\u00f8r","1508":"nett","1509":"tilf","1510":"jemm","1511":"natt","1512":"fell","1513":"etyr","1514":" o ","1515":" ins","1516":" bye","1517":"dska","1518":" spa","1519":" \u00e5re","1520":"heng","1521":"roli","1522":"tein","1523":" pap","1524":"edd ","1525":" dro","1526":" bri","1527":"verr","1528":"egg ","1529":"eget","1530":"terk","1531":" new","1532":"ters","1533":" net","1534":" r\u00e5d","1535":"rikt","1536":"ein ","1537":"nasj","1538":"efte","1539":"dret","1540":"ligi","1541":"arne","1542":"kade","1543":"rna ","1544":"rien","1545":"s\u00e5nn","1546":"ukt ","1547":"ekla","1548":"lert","1549":"fer ","1550":"d\u00e5rl","1551":"emer","1552":"synd","1553":"edni","1554":"iter","1555":"ften","1556":" oft","1557":"lagt","1558":"dlin","1559":"kjem","1560":"yrke","1561":"rmer","1562":"kynn","1563":" rei","1564":" gen","1565":"affe","1566":"rar ","1567":"mor ","1568":"uker","1569":" n\u00f8d","1570":"aper","1571":"elte","1572":" ele","1573":"idet","1574":"byen","1575":"sign","1576":"edel","1577":"apet","1578":"elge","1579":"kes ","1580":"jeld","1581":"ave ","1582":" utv","1583":"rose","1584":"annh","1585":"forv","1586":" him","1587":"huse","1588":"rask","1589":"pte ","1590":"vans","1591":"ndo ","1592":"skad","1593":"opps","1594":"tyde","1595":"ggen","1596":"faen","1597":"ktis","1598":"hels","1599":"ontr","1600":"gave","1601":"d\u00f8d ","1602":" bud","1603":"ukte","1604":" cha","1605":"lie ","1606":"ersk","1607":" fil","1608":"uren","1609":"sver","1610":"rhet","1611":"rige","1612":"stis","1613":"br\u00f8d","1614":" tel","1615":"eil ","1616":"tern","1617":"ute ","1618":"ntro","1619":"iend","1620":"erse","1621":"okke","1622":"appe","1623":"arna","1624":"ndli","1625":"\u00f8st ","1626":"nart","1627":"midd","1628":" fem","1629":"rig ","1630":"isen","1631":"rtik","1632":"erti","1633":"nnin","1634":"ered","1635":"ordr","1636":" luk","1637":"hode","1638":" ny ","1639":" tru","1640":"nser","1641":"nse ","1642":"ris ","1643":"oppd","1644":" het","1645":"nkte","1646":"orta","1647":"erve","1648":"traf","1649":"iner","1650":"orbi","1651":"rgan","1652":" fae","1653":"mtid","1654":" ede","1655":"pros","1656":"rtal","1657":" mus","1658":"rskj","1659":"radi","1660":" b\u00e5d","1661":"b\u00e5de","1662":"erni","1663":"ropp","1664":" hit","1665":"pris","1666":"gne ","1667":" ind","1668":"\u00e5rt ","1669":"nkt ","1670":"blik","1671":"ark ","1672":"orme","1673":"kelt","1674":"jedd","1675":"glad","1676":"tids","1677":"st\u00f8t","1678":"lket","1679":"esen","1680":"gynt","1681":" \u00f8ye","1682":" tem","1683":"enda","1684":"elst","1685":"orma","1686":"essi","1687":"rtsa","1688":"\u00f8ren","1689":" kat","1690":" kro","1691":"nsky","1692":"bok ","1693":"rate","1694":"mle ","1695":"tfer","1696":"tur ","1697":" kap","1698":"beha","1699":" kli","1700":"verf","1701":"rnin","1702":"angt","1703":"\u00e5nn ","1704":"natu","1705":"rdet","1706":"\u00f8se ","1707":" utf","1708":"ade ","1709":"v\u00e5rt","1710":"ramm","1711":"lvet","1712":" sni","1713":"ydel","1714":"orsv","1715":"krin","1716":"anli","1717":"kel ","1718":"lytt","1719":"ilt ","1720":"ligv","1721":"ytt ","1722":"prin","1723":"\u00e5ret","1724":"beta","1725":" klo","1726":"lend","1727":"regn","1728":"sig ","1729":" apo","1730":" l\u00f8s","1731":"\u00f8ker","1732":"m\u00e5ne","1733":"hend","1734":" kir","1735":"ess ","1736":"forf","1737":"kj\u00f8n","1738":"effe","1739":"kort","1740":"tart","1741":"ulus","1742":"esie","1743":" hav","1744":"nsik","1745":"ykte","1746":"fest","1747":"eise","1748":" met","1749":"tate","1750":" hah","1751":"tak ","1752":" dig","1753":"kels","1754":"seri","1755":"ffe ","1756":" que","1757":"nset","1758":"ustr","1759":"likk","1760":"syn ","1761":"imme","1762":"sper","1763":" com","1764":" vek","1765":"spor","1766":"raft","1767":"istu","1768":"ball","1769":"arin","1770":"ettf","1771":"stus","1772":" flo","1773":"eid ","1774":"lad ","1775":"rasj","1776":" vok","1777":"retn","1778":"lot ","1779":"alis","1780":"esti","1781":"mose","1782":"m\u00e5le","1783":"h\u00e5pe","1784":"give","1785":"ttfe","1786":"aulu","1787":"pene","1788":"omr\u00e5","1789":"olog","1790":"eleg","1791":"medi","1792":"mr\u00e5d","1793":"seks","1794":" dom","1795":"vanl","1796":"gaml","1797":"\u00f8ste","1798":" rek","1799":" m\u00e5n","1800":"rikk","1801":"disi","1802":"hit ","1803":"tude","1804":"rsom","1805":"rtid","1806":"vere","1807":"avid","1808":" l\u00f8p","1809":"undt","1810":"appa","1811":"kraf","1812":"tegn","1813":"pise","1814":"ksom","1815":"enga","1816":"ian ","1817":"lags","1818":"slip","1819":"drag","1820":"sels","1821":" rol","1822":"emt ","1823":" \u00e5pe","1824":"bels","1825":" dav","1826":"meri","1827":" sag","1828":"kapt","1829":"kons","1830":"ekst","1831":"rie ","1832":" fry","1833":"gnet","1834":"bror","1835":"r\u00e5d ","1836":"kirk","1837":"rtet","1838":"skil","1839":"gjel","1840":"angr","1841":"lade","1842":"espe","1843":"enin","1844":"himm","1845":"gren","1846":"mte ","1847":"uder","1848":" nas","1849":"eile","1850":"new ","1851":" ond","1852":"regu","1853":"mel ","1854":"uppe","1855":"tive","1856":"ard ","1857":"rise","1858":"kj\u00f8p","1859":" gif","1860":" imo","1861":"rreg","1862":" eld","1863":"para","1864":"ekti","1865":"ktiv","1866":"lles","1867":"ordn","1868":" jul","1869":"iket","1870":" f\u00f8d","1871":"tort","1872":"itis","1873":"ors\u00f8","1874":"vakt","1875":"vens","1876":"ggel","1877":" pet","1878":"lokk","1879":"rept","1880":"fryk","1881":"ensi","1882":" no ","1883":" avg","1884":"enfo","1885":"bekl","1886":"stru","1887":"hall","1888":"eska","1889":"eser","1890":"esky","1891":"emen","1892":"ppa ","1893":"orkl","1894":"midl","1895":"idde","1896":"ngle","1897":"\u00e5ten","1898":"punk","1899":"flyt","1900":" uni","1901":" vol","1902":"kend","1903":"rkla","1904":"jemp","1905":"isjo","1906":"orga","1907":"anis","1908":"voks","1909":" tri","1910":"glem","1911":"unkt","1912":"kytt","1913":"ofet","1914":"tadi","1915":" sle","1916":"vde ","1917":"ags ","1918":"lses","1919":"hatt","1920":"apos","1921":"forn","1922":"gamm","1923":"tyrk","1924":"latt","1925":"hets","1926":"fire","1927":"nend","1928":"halv","1929":" kul","1930":"temt","1931":"idle","1932":" tvi","1933":"ane ","1934":"\u00f8dt ","1935":"ikan","1936":"mma ","1937":"arli","1938":"test","1939":"hard","1940":"vid ","1941":" nev","1942":"ges ","1943":"\u00e5end","1944":"enst","1945":" ame","1946":"mind","1947":"t\u00f8tt","1948":"meld","1949":"ogra","1950":"risk","1951":"oret","1952":"ader","1953":" mr ","1954":"snil","1955":"mess","1956":" git","1957":"ture","1958":"egud","1959":"umme","1960":"raff","1961":"king","1962":" mod","1963":"ndte","1964":"grav","1965":"sult","1966":"utvi","1967":" lid","1968":"tiet","1969":" b ","1970":"fran","1971":"l\u00e6rt","1972":"minn","1973":"nord","1974":" tyd","1975":"engt","1976":"gner","1977":"nget","1978":" omk","1979":"onal","1980":" hod","1981":"somm","1982":"sinn","1983":"eles","1984":"lemm","1985":"hens","1986":"amma","1987":"ole ","1988":"ledn","1989":"ksjo","1990":"hann","1991":"resp","1992":"\u00e6ren","1993":"eler","1994":"odet","1995":"ynes","1996":"els ","1997":"bere","1998":"j\u00e6re","1999":"\u00e5ren","2000":"lekt","2001":"vekk","2002":"erle","2003":" spo","2004":"aver","2005":"vnet","2006":"\u00f8fte","2007":"mmun","2008":"aker","2009":"ngse","2010":" tom","2011":"yre ","2012":"r\u00f8mm","2013":"amti","2014":" mam","2015":"llio","2016":"anen","2017":"alsk","2018":" utg","2019":" bas","2020":"inen","2021":" lar","2022":" por","2023":"ving","2024":"nill","2025":"begg","2026":"mete","2027":"\u00f8lel","2028":"innt","2029":" svi","2030":"forr","2031":"erat","2032":"j\u00f8nn","2033":"ideo","2034":" usa","2035":"\u00f8ler","2036":"davi","2037":"l\u00f8se","2038":"ntas","2039":"sv\u00e6r","2040":"rret","2041":"vete","2042":" pos","2043":" org","2044":"otte","2045":"iell","2046":"via ","2047":"ngan","2048":" be ","2049":"lide","2050":"odig","2051":"makt","2052":"lion","2053":"rger","2054":"g\u00e5tt","2055":"syke","2056":"bind","2057":"norm","2058":" ter","2059":"\u00f8dre","2060":"fint","2061":"skin","2062":"nste","2063":"tttt","2064":"ria ","2065":"ielt","2066":"rese","2067":" kil","2068":"kele","2069":"tigh","2070":"entr","2071":"fjer","2072":"pekt","2073":"onde","2074":" fel","2075":"lska","2076":"tuse","2077":"derv","2078":"ervi","2079":"tole","2080":"vold","2081":"angs","2082":"iler","2083":"alde","2084":" jak","2085":"arme","2086":"aha ","2087":" utr","2088":" car","2089":"osen","2090":"lsk ","2091":"sjek","2092":"omkr","2093":"ton ","2094":"drar","2095":"ampe","2096":"gste","2097":"pete","2098":"anda","2099":"aret","2100":" tur","2101":" fen","2102":"dess","2103":"yren","2104":"fet ","2105":"dven","2106":"mkri","2107":"kdom","2108":"okse","2109":"rdre","2110":"egje","2111":"ykk ","2112":"sale","2113":"ott ","2114":"eks ","2115":"ika ","2116":"ung ","2117":"fem ","2118":"lott","2119":"ktes","2120":" mon","2121":"bill","2122":"spek","2123":"grep","2124":"nken","2125":"lens","2126":"\u00e5ned","2127":"ryte","2128":"kaff","2129":"ntre","2130":"sak ","2131":"lkom","2132":"itik","2133":"sisk","2134":"n\u00e6rm","2135":"resi","2136":"und ","2137":" tek","2138":"nta ","2139":" dam","2140":"ina ","2141":"rygg","2142":"lyst","2143":" sov","2144":"krit","2145":"stik","2146":"eus ","2147":"papp","2148":"ohan","2149":"\u00f8te ","2150":"nist","2151":"endo","2152":"svin","2153":"epte","2154":"nsk ","2155":"mamm","2156":"atis","2157":"tion","2158":" kos","2159":"spre","2160":"\u00e6rme","2161":"klas","2162":"ngte","2163":"rlat","2164":"gav ","2165":" sir","2166":"teli","2167":" ram","2168":"\u00f8den","2169":"innb","2170":" tus","2171":"vest","2172":"dres","2173":" bal","2174":" sv\u00e6","2175":"verl","2176":"more","2177":" bef","2178":"driv","2179":"mari","2180":" bel","2181":" uke","2182":"tyre","2183":"bben","2184":"\u00e5let","2185":"oppt","2186":"mhet","2187":"matt","2188":"rang","2189":"samt","2190":"park","2191":"imer","2192":"remm","2193":" eu ","2194":"tred","2195":"avis","2196":"omhe","2197":"orre","2198":"kalt","2199":"rsta","2200":"modi","2201":"foru","2202":"beho","2203":"logi","2204":"esta","2205":"reft","2206":"ehan","2207":"tref","2208":" rea","2209":"sset","2210":" \u00e5pn","2211":"igen","2212":"h\u00f8r ","2213":" omr","2214":"eral","2215":"ran ","2216":" via","2217":"oppm","2218":"mate","2219":"erna","2220":"ylle","2221":"drik","2222":"dann","2223":"jeng","2224":"erhe","2225":" lin","2226":" ga ","2227":"lapp","2228":" mal","2229":"stje","2230":"bryt","2231":"emte","2232":"buds","2233":"helv","2234":"ands","2235":"tfor","2236":"\u00e5pne","2237":"dyre","2238":"rekt","2239":"joha","2240":"\u00f8dve","2241":" ent","2242":" omg","2243":"itua","2244":"onse","2245":"ese ","2246":"lyse","2247":"asti","2248":"last","2249":"delt","2250":"tast","2251":"klok","2252":"elsi","2253":"eng ","2254":"sto ","2255":"jona","2256":"drer","2257":"gnin","2258":"somh","2259":"mat ","2260":"\u00f8ve ","2261":"vitt","2262":"enk ","2263":"n\u00f8dv","2264":"pr\u00e5k","2265":"gram","2266":"berg","2267":" ide","2268":"spr\u00e5","2269":"lke ","2270":"onta","2271":"anti","2272":" akt","2273":"kost","2274":" tor","2275":" inf","2276":" ros","2277":"ndri","2278":" stj","2279":" lil","2280":"t\u00f8rs","2281":"unna","2282":"d\u00f8r ","2283":"orla","2284":"mots","2285":"adig","2286":"llo ","2287":"bren","2288":"nal ","2289":" ves","2290":"lje ","2291":"reff","2292":"tvil","2293":"nbar","2294":"sjsj","2295":"ktor","2296":"adet","2297":"igst","2298":"stei","2299":"mand","2300":"regj","2301":"orm ","2302":"rkso","2303":"drit","2304":"temp","2305":" gul","2306":"ksen","2307":"ts\u00e5 ","2308":"aven","2309":"\u00f8ke ","2310":"feng","2311":"rom ","2312":"nsyn","2313":" mig","2314":"gsel","2315":" m ","2316":"verg","2317":"edes","2318":"sfor","2319":"ove ","2320":"usa ","2321":"l\u00f8pe","2322":"iene","2323":"tran","2324":" rep","2325":"unng","2326":"ords","2327":"lter","2328":"ftet","2329":"mtal","2330":"katt","2331":"kref","2332":"s\u00f8rg","2333":"h\u00f8ye","2334":"jekk","2335":"r\u00f8dr","2336":"yndi","2337":"rbin","2338":" fru","2339":"lov ","2340":" dr\u00f8","2341":"que ","2342":" lyd","2343":"itie","2344":"\u00f8rke","2345":" lek","2346":"minu","2347":"keve","2348":" sm\u00e5","2349":"terl","2350":" s\u00f8k","2351":"ddel","2352":" tap","2353":"lts\u00e5","2354":"fles","2355":"ynde","2356":"ando","2357":"ons ","2358":"oder","2359":"bran","2360":"alts","2361":"norg","2362":"fekt","2363":"tesk","2364":" alv","2365":"nsti","2366":"emet","2367":"enba","2368":"omst","2369":"ift ","2370":" evi","2371":"rupp","2372":"nevn","2373":"onto","2374":"spen","2375":"grup","2376":"gani","2377":" fyr","2378":"lers","2379":"spar","2380":"\u00f8res","2381":"ruk ","2382":"ffen","2383":"erra","2384":"sst ","2385":"dia ","2386":"ias ","2387":"ngs ","2388":" adv","2389":"saml","2390":"ommu","2391":"jeri","2392":"gler","2393":"slet","2394":"rmen","2395":"udsk","2396":"allo","2397":"esu ","2398":"ikle","2399":"syns","2400":"apt ","2401":"usik","2402":" amp","2403":"tiv ","2404":"bak ","2405":"rem ","2406":"uasj","2407":"situ","2408":"tryg","2409":"oven","2410":" smi","2411":"aser","2412":"par ","2413":"isme","2414":"ttry","2415":"rier","2416":"st\u00e5e","2417":"bber","2418":"ogen","2419":"mora","2420":" bab","2421":"ykt ","2422":"\u00f8yne","2423":"gion","2424":"istr","2425":"dans","2426":"fyll","2427":"egel","2428":"gggg","2429":" plu","2430":" gri","2431":"rsel","2432":"dert","2433":"enen","2434":"hent","2435":" fat","2436":"org ","2437":"slo ","2438":"tasj","2439":"jons","2440":"ehol","2441":" g\u00e5t","2442":"tuas","2443":"ores","2444":"lfel","2445":"idt ","2446":"ativ","2447":"ilbe","2448":"kler","2449":"vikl","2450":"ral ","2451":"yter","2452":"ffet","2453":"mask","2454":"dela","2455":"ust ","2456":"apte","2457":"uler","2458":"ael ","2459":"uttr","2460":"ldet","2461":"nors","2462":"mple","2463":"\u00f8ye ","2464":"yte ","2465":"evde","2466":" dek","2467":"nsva","2468":"l\u00f8ft","2469":"rset","2470":"klin","2471":"film","2472":"brin","2473":"b\u00e6re","2474":"vne ","2475":"alvo","2476":"sykd","2477":"es\u00f8k","2478":"\u00f8rge","2479":" sei","2480":"ykdo","2481":"komp","2482":"ilte","2483":"orve","2484":"hove","2485":"lvor","2486":"dder","2487":"nive","2488":"jens","2489":" lur","2490":"illa","2491":"evig","2492":"d\u00f8mm","2493":"ilfe","2494":"bes\u00f8","2495":" fes","2496":"alg ","2497":"ppet","2498":"f\u00f8dt","2499":"lise","2500":"mig ","2501":"inut","2502":"ins ","2503":"bor ","2504":"ack ","2505":" fie","2506":" omt","2507":"sasj","2508":"dlem","2509":"neli","2510":"anns","2511":"blad","2512":"andi","2513":"eksp","2514":"engi","2515":"derl","2516":"ansv","2517":"orsi","2518":" lat","2519":"ars ","2520":" con","2521":"fris","2522":" avi","2523":"vind","2524":"epe ","2525":"penb","2526":"sdag","2527":"elef","2528":"nale","2529":"fien","2530":"vile","2531":"mes ","2532":"borg","2533":"grad","2534":"omt ","2535":"vene","2536":"ikev","2537":" fro","2538":" dia","2539":"yst ","2540":"mels","2541":"elin","2542":"anle","2543":" j\u00f8d","2544":"v\u00e5pe","2545":"pple","2546":"ara ","2547":" enh","2548":"reds","2549":"tros","2550":" arr","2551":" kva","2552":"lst ","2553":"char","2554":"sing","2555":"ies ","2556":" v\u00e5k","2557":"orli","2558":"app ","2559":"syst","2560":"eist","2561":"end ","2562":" \u00f8yn","2563":"asje","2564":"olla","2565":"lsig","2566":"velg","2567":"aria","2568":"rman","2569":"edt ","2570":" ti ","2571":"aks ","2572":"sikr","2573":" \u00e5rs","2574":"nutt","2575":"essa","2576":"ime ","2577":"mini","2578":"ium ","2579":"stod","2580":" s\u00f8s","2581":" teg","2582":"rsva","2583":"erk ","2584":"lukk","2585":"\u00e5per","2586":"gdom","2587":"rep ","2588":"amfu","2589":"lgt ","2590":"gans","2591":"samf","2592":"lod ","2593":"edle","2594":"iss ","2595":"krop","2596":"amen","2597":"etyd","2598":" uan","2599":"user","2600":" can","2601":"mord","2602":"tudi","2603":"bane","2604":"empl","2605":"tod ","2606":"uden","2607":"hygg","2608":"lgte","2609":"vner","2610":" gar","2611":"nn\u00e5 ","2612":"rite","2613":"terf","2614":" nu ","2615":"befa","2616":"efon","2617":"enn\u00e5","2618":"rone","2619":"sjel","2620":"sir ","2621":"sang","2622":" rus","2623":"yer ","2624":"unnl","2625":" j\u00e6v","2626":" \u00e6re","2627":"etra","2628":"lill","2629":"oken","2630":"vorl","2631":" ure","2632":"esid","2633":"llar","2634":"atet","2635":"lane","2636":"erd ","2637":"sone","2638":"uans","2639":"midt","2640":"miss","2641":" mag","2642":"igio","2643":"rapp","2644":"oler","2645":"inis","2646":"lleg","2647":"mele","2648":" dum","2649":"fang","2650":"oll ","2651":"ansi","2652":"dend","2653":"riti","2654":"tvik","2655":"tant","2656":"sti ","2657":"\u00f8rin","2658":"lefo","2659":"onli","2660":" eie","2661":"ppst","2662":" by ","2663":"turl","2664":"have","2665":" sma","2666":"usse","2667":"j\u00f8de","2668":"sama","2669":"urte","2670":"avsl","2671":"roen","2672":"utse","2673":"gres","2674":"tete","2675":"deri","2676":"idig","2677":"mfun","2678":"mpen","2679":"lei ","2680":"tilh","2681":"lgel","2682":" jon","2683":"rege","2684":" d ","2685":"amar","2686":"iven","2687":"rsik","2688":"s\u00f8k ","2689":" b\u00f8n","2690":" n\u00f8y","2691":"dekk","2692":"s\u00f8st","2693":"betr","2694":"lan ","2695":"begr","2696":" fyl","2697":"mert","2698":"kikk","2699":"ada ","2700":"rdel","2701":"prog","2702":"anna","2703":"essu","2704":"tan ","2705":"rik ","2706":"b\u00f8nn","2707":"boke","2708":"date","2709":"tron","2710":"oses","2711":"deo ","2712":"trer","2713":" rad","2714":"takt","2715":"tike","2716":"romm","2717":"assi","2718":"\u00e6rin","2719":"trof","2720":"r\u00f8vd","2721":"ept ","2722":"ntil","2723":"alem","2724":"oral","2725":"nng\u00e5","2726":" hov","2727":"evar","2728":"rsk ","2729":"onom","2730":" knu","2731":" dol","2732":"hind","2733":"kone","2734":"etto","2735":" in ","2736":"innv","2737":"bud ","2738":"mart","2739":"p\u00f8r ","2740":"dste","2741":" fla","2742":"don ","2743":" d\u00f8 ","2744":"ntak","2745":" kol","2746":"omer","2747":"eire","2748":"urer","2749":" t ","2750":"tilg","2751":"ftig","2752":" eni","2753":"gel ","2754":"mynd","2755":"mins","2756":" s\u00e6r","2757":"ers\u00f8","2758":"flot","2759":" hev","2760":"serv","2761":"oved","2762":"rodu","2763":" pak","2764":"rry ","2765":"sl\u00e5 ","2766":"jsjs","2767":" col","2768":"rage","2769":"baby","2770":"obb ","2771":"ersi","2772":"eskr","2773":"jule","2774":"\u00f8tt ","2775":" eli","2776":"rave","2777":"hage","2778":"avgj","2779":" mun","2780":"smen","2781":"rdt ","2782":"tret","2783":"khet","2784":"egn ","2785":" bon","2786":" hor","2787":"rime","2788":"urli","2789":"ipp ","2790":"kerh","2791":"musi","2792":"imid","2793":"ttes","2794":"etis","2795":"ngst","2796":"stev","2797":"\u00e5rsa","2798":" ris","2799":"nia ","2800":"ntal","2801":" v\u00e5p","2802":"verv","2803":"oppg","2804":" l\u00f8f","2805":"ivt ","2806":" hin","2807":"misk","2808":"stav","2809":" sja","2810":"adis","2811":"esul","2812":"utro","2813":"ebok","2814":"utta","2815":"dit ","2816":"galt","2817":"s\u00f8kt","2818":"teme","2819":"aft ","2820":"v\u00e5kn","2821":"emde","2822":" hyg","2823":"erus","2824":"iere","2825":"vant","2826":"bil ","2827":"etti","2828":"ile ","2829":" lis","2830":"l\u00f8s ","2831":"mors","2832":"aff ","2833":"russ","2834":"pera","2835":"nsta","2836":" top","2837":"ldni","2838":"hate","2839":"rogr","2840":"troe","2841":"h\u00f8yt","2842":"epar","2843":"ient","2844":"rins","2845":" do ","2846":" son","2847":"teus","2848":"rank","2849":"com ","2850":"arde","2851":" of ","2852":"vang","2853":"boks","2854":"mas ","2855":"sial","2856":" imi","2857":"ramt","2858":"kult","2859":"lgen","2860":"resu","2861":"pere","2862":"ntar","2863":"remd","2864":"onst","2865":"raks","2866":"atan","2867":"vand","2868":"ergi","2869":"ynd ","2870":"alli","2871":"spur","2872":"ivil","2873":"rant","2874":"plev","2875":"skat","2876":"dyr ","2877":"orbr","2878":"medl","2879":"endr","2880":"rsak","2881":"eri ","2882":"llt ","2883":"datt","2884":"ylde","2885":"erfa","2886":"ntra","2887":"nomi","2888":"\u00e5det","2889":"brev","2890":"uer ","2891":"tem ","2892":"prod","2893":"rert","2894":"ppor","2895":"mdel","2896":"h\u00e5p ","2897":"somt","2898":"skip","2899":"ndin","2900":"varm","2901":"mode","2902":"glen","2903":"ilst","2904":"mass","2905":" ba ","2906":"kle ","2907":"stig","2908":"vars","2909":" dir","2910":"levd","2911":"held","2912":"est\u00e5","2913":"arre","2914":"sove","2915":" sup","2916":"ssig","2917":"tenf","2918":"n\u00e6r ","2919":"erge","2920":"isip","2921":"angl","2922":"elds","2923":"ullt","2924":"dire","2925":"verb","2926":"ynli","2927":"synl","2928":"ela ","2929":" oms","2930":" na ","2931":"emli","2932":" myn","2933":" mik","2934":"rras","2935":"etts","2936":"tta ","2937":"alme","2938":"doll","2939":"ebli","2940":"skar","2941":"embe","2942":"uffe","2943":"neml","2944":"use ","2945":"pret","2946":"engl","2947":"j\u00e6vl","2948":"lper","2949":"erf\u00f8","2950":"mlig","2951":"rati","2952":"tf\u00f8r","2953":"univ","2954":"insi","2955":"ana ","2956":" spu","2957":"sonl","2958":"dets","2959":"yldi","2960":"mber","2961":"rome","2962":"usal","2963":"erks","2964":"kl\u00e6r","2965":"gnen","2966":"inal","2967":" inv","2968":"rven","2969":"feti","2970":"ppdr","2971":"mpe ","2972":" lok","2973":"renn","2974":"jele","2975":"mege","2976":"bank","2977":"rfar","2978":"rusa","2979":"tris","2980":"indi","2981":"ama ","2982":"aski","2983":"bet ","2984":"gnel","2985":" ses","2986":" rap","2987":"ilje","2988":"hopp","2989":" sme","2990":"stin","2991":"penn","2992":"skaf","2993":"ona ","2994":"alit","2995":"dame","2996":"gisk","2997":"ppre","2998":" bol","2999":"nera","3000":"nmar","3001":"bred","3002":" gr\u00e5","3003":" tit","3004":" tes","3005":"\u00e5rne","3006":"tras","3007":"mste","3008":"posi","3009":"remt","3010":"fri ","3011":"ttop","3012":"pler","3013":"\u00f8yeb","3014":"umen","3015":"ost ","3016":"oper","3017":"ross","3018":"fruk","3019":"ley ","3020":"t\u00e5rn","3021":" kin","3022":"prat","3023":"tivt","3024":"erla","3025":"isas","3026":"l\u00f8p ","3027":"ekym","3028":"kymr","3029":"utsa","3030":"ppda","3031":" sju","3032":" tun","3033":"rnes","3034":"rver","3035":"tral","3036":" bom","3037":"beky","3038":"rnen","3039":" kle","3040":"algt","3041":"ndsk","3042":"atti","3043":"eine","3044":"eet ","3045":" sim","3046":"een ","3047":"ratu","3048":"tali","3049":"igi\u00f8","3050":"gi\u00f8s","3051":" eva","3052":" lot","3053":"usjo","3054":"nleg","3055":" hem","3056":"yebl","3057":"hest","3058":"dvar","3059":"purt","3060":"span","3061":"brud","3062":"hemm","3063":"link","3064":"epre","3065":"iled","3066":"kame","3067":"tykk","3068":"take","3069":"enni","3070":"efal","3071":"ame ","3072":"jeru","3073":"mper","3074":"lla ","3075":"pent","3076":"\u00e5ter","3077":"idda","3078":"herl","3079":"ink ","3080":"ork ","3081":"rtje","3082":"llia","3083":"sens","3084":"ltat","3085":"ldst","3086":"batt","3087":"kono","3088":"yrde","3089":"tel ","3090":"lima","3091":"toff","3092":" bad","3093":"arge","3094":"ank ","3095":"eppe","3096":"irek","3097":"skam","3098":"fin ","3099":"lste","3100":"gran","3101":"s\u00e6rl","3102":" eft","3103":"m\u00f8rk","3104":"esto","3105":"lave","3106":"nens","3107":" op ","3108":"itti","3109":"kede","3110":"oden","3111":"ddag","3112":"ulta","3113":" you","3114":" eve","3115":"rres","3116":"bord","3117":"ntor","3118":"apen","3119":" jos","3120":"inke","3121":" nar","3122":" ill","3123":"efor","3124":"dern","3125":"indu","3126":"ppf\u00f8","3127":"bar ","3128":"str\u00f8","3129":"bart","3130":"beva","3131":"salm","3132":"uste","3133":"por ","3134":"lia ","3135":"rdni","3136":"utf\u00f8","3137":"livs","3138":"vgj\u00f8","3139":"\u00f8kon","3140":"onni","3141":"ppri","3142":"ulte","3143":" wil","3144":"kild","3145":" las","3146":"info","3147":"rvis","3148":"ida ","3149":" slo","3150":"orut","3151":"iple","3152":" is ","3153":"nlag","3154":"rfra","3155":"erds","3156":"pf\u00f8r","3157":" kry","3158":" yor","3159":" h\u00e5r","3160":"dr\u00f8m","3161":"demo","3162":" m\u00f8r","3163":"slap","3164":"veil","3165":"leie","3166":"olds","3167":"n\u00e6re","3168":"nert","3169":"nled","3170":"sept","3171":"rems","3172":"tidi","3173":"ehus","3174":"ora ","3175":"ingt","3176":"york","3177":"yne ","3178":"assa","3179":"fulg","3180":"rf\u00f8l","3181":"okal","3182":"ulgt","3183":"tera","3184":"ttal","3185":"fisk","3186":" jan","3187":"trid","3188":"ober","3189":"sipl","3190":"ngdo","3191":"tenh","3192":" \u00f8ko","3193":"tal ","3194":"skik","3195":" lav","3196":" nem","3197":"lukt","3198":"vern","3199":"ege ","3200":"eids","3201":"terr","3202":"nig ","3203":"base","3204":"nekt","3205":"isni","3206":"evan","3207":"pdra","3208":"john","3209":"kill","3210":"elag","3211":"l\u00f8st","3212":"vilj","3213":"pare","3214":"ehag","3215":"eger","3216":"egre","3217":"ilh\u00f8","3218":"itiv","3219":"nst ","3220":" d\u00f8m","3221":"tats","3222":"remi","3223":"klim","3224":"erfr","3225":"avet","3226":"lh\u00f8r","3227":"adio","3228":"yder","3229":"nar ","3230":" hop","3231":"forg","3232":"plik","3233":"udd ","3234":"fjel","3235":"\u00e6rte","3236":"dro ","3237":"r\u00f8re","3238":"aels","3239":"pdag","3240":"farl","3241":"anma","3242":"vig ","3243":"aket","3244":"ungd","3245":"bede","3246":"okst","3247":"nisa","3248":"ssan","3249":"rkni","3250":"bert","3251":"ngsl","3252":"lev ","3253":"evnt","3254":"spir","3255":"\u00f8rse","3256":"erda","3257":"\u00f8pet","3258":"ripe","3259":"kund","3260":"otst","3261":"lykt","3262":"muni","3263":"eie ","3264":"gian","3265":"kka ","3266":"norw","3267":"ldin","3268":"site","3269":"konk","3270":"vede","3271":"gre ","3272":"enet","3273":"ndom","3274":"veri","3275":"nnli","3276":"hen ","3277":" sjo","3278":"stam","3279":"ssut","3280":"ntes","3281":"g\u00e5en","3282":" if\u00f8","3283":"tans","3284":" nog","3285":"sm\u00e5 ","3286":"egia","3287":"lete","3288":"eft ","3289":"if\u00f8l","3290":"krem","3291":"grat","3292":"ital","3293":"eskj","3294":"ortj","3295":"arve","3296":"numm","3297":"rams","3298":"ista","3299":"erri","3300":"line","3301":"falt","3302":"seli","3303":"erbe","3304":"orwe","3305":"ikre","3306":"anni","3307":"nnla","3308":"pfyl","3309":"kre ","3310":"plys","3311":"ppta","3312":"aden","3313":"l\u00e5tt","3314":" erf","3315":"true","3316":"felt","3317":"mera","3318":"erme","3319":"reta","3320":"vege","3321":"nnvi","3322":" twi","3323":"uet ","3324":"fen ","3325":"gget","3326":"teks","3327":" ane","3328":"uper","3329":"rsen","3330":"orbe","3331":"kser","3332":"nisk","3333":"stof","3334":"ikas","3335":"alla","3336":" bid","3337":"olsk","3338":"sman","3339":"lly ","3340":"h\u00f8yr","3341":"kutt","3342":"anst","3343":" b\u00e6r","3344":"pire","3345":"euro","3346":"unst","3347":"rag ","3348":"sute","3349":"harl","3350":"ppfy","3351":"ekre","3352":"kj\u00f8t","3353":"erg ","3354":"j\u00f8pe","3355":"p\u00f8rr","3356":"omta","3357":"eras","3358":" ple","3359":"rweg","3360":"elit","3361":" mai","3362":"jere","3363":" num","3364":" but","3365":" sor","3366":"olje","3367":"tung","3368":"byrd","3369":"erta","3370":"abra","3371":"make","3372":"sipp","3373":"arad","3374":"blev","3375":"utst","3376":"irer","3377":"adva","3378":"eper","3379":"kale","3380":" bit","3381":"l\u00f8nn","3382":"orit","3383":"\u00f8vde","3384":"avde","3385":"pra ","3386":"efin","3387":"rofa","3388":"innf","3389":"kets","3390":" \u00f8st","3391":" sav","3392":" abr","3393":"stle","3394":"rets","3395":" ei ","3396":"ydni","3397":"luft","3398":"nnst","3399":" dr ","3400":"uret","3401":"rakk","3402":"alve","3403":" fli","3404":" egn","3405":"yke ","3406":"nny ","3407":"wegi","3408":"fysi","3409":" mur","3410":" r\u00f8d","3411":"danm","3412":"sjen","3413":"beve","3414":" mi ","3415":"sjan","3416":"kret","3417":" rot","3418":" lun","3419":"plei","3420":" lon","3421":"agel","3422":" luf","3423":"nali","3424":" typ","3425":"edra","3426":"eria","3427":" \u00e5rh","3428":"sl\u00e5t","3429":"erfe","3430":"orer","3431":" ens","3432":" dei","3433":" sho","3434":"tolt","3435":"\u00e5rhu","3436":"moto","3437":"l\u00f8sn","3438":"visn","3439":"frel","3440":"reie","3441":"truk","3442":"ners","3443":"gude","3444":"tent","3445":"fals","3446":"velk","3447":"smer","3448":"kasj","3449":"pist","3450":"\u00f8kte","3451":"lind","3452":"slan","3453":" so ","3454":"era ","3455":" don","3456":"ng\u00e5 ","3457":"ang\u00e5","3458":"kare","3459":"astr","3460":"pply","3461":"kald","3462":"rdne","3463":"riks","3464":" chr","3465":"tt\u00e5r","3466":"ose ","3467":"oris","3468":"ilta","3469":"diot","3470":" sun","3471":"data","3472":" bl\u00e5","3473":"ppfo","3474":"aktt","3475":"ondt","3476":" olj","3477":"raha","3478":" veg","3479":"rote","3480":"orso","3481":" ken","3482":" eur","3483":"ngsm","3484":"omfa","3485":"t\u00e5tt","3486":" ran","3487":" fis","3488":" avl","3489":"spun","3490":"st\u00e5t","3491":"avel","3492":"roma","3493":"nitt","3494":"munn","3495":"vari","3496":" wal","3497":" di ","3498":"ssel","3499":"oppn","3500":"orin","3501":" dok","3502":" tv ","3503":"sjef","3504":"vin ","3505":"rrer","3506":"aris","3507":"yet ","3508":" n ","3509":"ight","3510":"rlev","3511":"b\u00f8ke","3512":" ank","3513":"kane","3514":"g\u00e5rd","3515":" r\u00f8r","3516":"hers","3517":"\u00f8yer","3518":"estr","3519":"jede","3520":"rafi","3521":"llit","3522":"prak","3523":"eker","3524":"trin","3525":"rint","3526":"grip","3527":" jud","3528":"orti","3529":" bei","3530":"dlet","3531":"elko","3532":"rhun","3533":"tydn","3534":"alan","3535":"ydde","3536":" anl","3537":"styk","3538":"doms","3539":"priv","3540":"psyk","3541":"lbed","3542":"ppel","3543":"\u00f8kt ","3544":"kste","3545":"eili","3546":"stro","3547":"omet","3548":"ves ","3549":"ern ","3550":"nto ","3551":"tysk","3552":" tys","3553":"ilig","3554":"\u00f8yre","3555":"ndag","3556":"bidr","3557":"appo","3558":"pfor","3559":"ther","3560":"elta","3561":"r\u00f8st","3562":"l\u00e5r ","3563":"bytt","3564":"llst","3565":"nspi","3566":"aham","3567":"irkn","3568":" pan","3569":" jac","3570":"skju","3571":"lyde","3572":"atio","3573":"uter","3574":"ape ","3575":"duse","3576":"ppfa","3577":" avh","3578":"edis","3579":"eveg","3580":"kyte","3581":"ilit","3582":"rudd","3583":"\u00f8mt ","3584":"plag","3585":"kkes","3586":"loka","3587":"inse","3588":"rad ","3589":"insp","3590":"\u00f8ter","3591":" kur","3592":"skut","3593":"elvs","3594":"\u00f8kel","3595":" ufo","3596":" mek","3597":"vla ","3598":" tol","3599":"rama","3600":"kaps","3601":"mati","3602":" rob","3603":"ufor","3604":" my ","3605":"idio","3606":"\u00e5len","3607":"tom ","3608":"egle","3609":"\u00f8ken","3610":"nnn ","3611":"isin","3612":"sorg","3613":"nneh","3614":"vdel","3615":" gr\u00f8","3616":"lys ","3617":" tr\u00f8","3618":"mgan","3619":"enhv","3620":"\u00f8sni","3621":"lsta","3622":"ote ","3623":"hvit","3624":"sele","3625":"selg","3626":" psy","3627":"oreg","3628":"drev","3629":"kine","3630":" sau","3631":" poe","3632":"sata","3633":"bel ","3634":"ytel","3635":"ruts","3636":"nga ","3637":"kjul","3638":" sys","3639":"ause","3640":"lin ","3641":"krik","3642":"ator","3643":"chri","3644":"vakk","3645":"dspr","3646":"bete","3647":"gr\u00e5t","3648":"rann","3649":"jako","3650":"ikse","3651":"hris","3652":" nek","3653":"elvf","3654":"pens","3655":"rinn","3656":"ivel","3657":"gers","3658":"ulls","3659":"fylt","3660":"oseb","3661":"ppga","3662":" aks","3663":"gle ","3664":" jam","3665":"ppn\u00e5","3666":"tlen","3667":"tema","3668":"risi","3669":" abs","3670":"ptei","3671":"akob","3672":"arri","3673":"l\u00e6r ","3674":"ynt ","3675":"rivi","3676":"sme ","3677":"ykeh","3678":"frik","3679":"jans","3680":"mend","3681":"ofas","3682":"opph","3683":" rar","3684":"sso ","3685":"kval","3686":" deb","3687":"yde ","3688":"ano ","3689":"ennl","3690":"eman","3691":"\u00e6rhe","3692":"asie","3693":" hes","3694":" hil","3695":" pat","3696":" te ","3697":" egg","3698":"twit","3699":" idi","3700":" she","3701":"hov ","3702":"ssis","3703":"perf","3704":"kar ","3705":"ult ","3706":"kspe","3707":"m\u00f8tt","3708":"kun ","3709":"stun","3710":"apel","3711":"witt","3712":"bbe ","3713":"afte","3714":"pnin","3715":"beny","3716":"orne","3717":"sl\u00e5r","3718":"peri","3719":"lten","3720":"edje","3721":"r\u00e5ke","3722":" heb","3723":"fine","3724":"enyt","3725":"orvi","3726":"urt ","3727":" cas","3728":"tekn","3729":"\u00f8pt ","3730":"herf","3731":"sdom","3732":"kkkj","3733":"tbal","3734":"sta ","3735":"ata ","3736":"mers","3737":"mmed","3738":" dyp","3739":"ping","3740":"vask","3741":"trik","3742":" pis","3743":"thet","3744":"nhve","3745":"ynen","3746":"farg","3747":"sebo","3748":"imen","3749":"rlot","3750":"i\u00f8se","3751":" has","3752":"fone","3753":"udie","3754":"\u00f8pe ","3755":"skt ","3756":"ain ","3757":"edag","3758":"ofre","3759":"slig","3760":" lyt","3761":"koll","3762":"vf\u00f8l","3763":"smak","3764":"idra","3765":"ykti","3766":"rner","3767":"emst","3768":"savn","3769":"rdri","3770":" t\u00f8r","3771":"gde ","3772":"ena ","3773":"plet","3774":"fise","3775":"jest","3776":"marb","3777":"riet","3778":"orlo","3779":"ngde","3780":"nsat","3781":"redj","3782":"bann","3783":"lver","3784":"kehu","3785":"ulyk","3786":"avta","3787":"ubli","3788":"tave","3789":"verh","3790":"aksj","3791":"ppme","3792":"ild ","3793":"vnen","3794":"afri","3795":"dist","3796":"abel","3797":"seng","3798":"nsip","3799":"kse ","3800":"teng","3801":" ada","3802":"peli","3803":"\u00e6vla","3804":"inga","3805":"note","3806":"kilo","3807":"pmer","3808":"real","3809":"blin","3810":"lvf\u00f8","3811":"ome ","3812":"nnle","3813":"jeve","3814":"redt","3815":"kern","3816":"brah","3817":"oter","3818":"flyk","3819":"alin","3820":"h\u00f8y ","3821":"pfat","3822":" bat","3823":"dam ","3824":" avt","3825":" omf","3826":" n\u00e5d","3827":" ess","3828":"lit ","3829":"oldn","3830":"r\u00f8yk","3831":"anal","3832":"jel ","3833":" win","3834":"pne ","3835":"ekni","3836":" utb","3837":"f\u00f8lt","3838":"avhe","3839":"vhen","3840":"regi","3841":"ertr","3842":"mekt","3843":"knus","3844":"bakk","3845":"gull","3846":"song","3847":"sien","3848":"oten","3849":"leke","3850":"rydd","3851":"vurd","3852":"isku","3853":"r\u00e5k ","3854":"ind ","3855":" h\u00e6r","3856":"supe","3857":"trum","3858":"gst ","3859":"lysn","3860":"ysni","3861":"kstr","3862":"pgav","3863":" fys","3864":"j\u00f8rn","3865":"rihe","3866":"klen","3867":"rran","3868":"will","3869":"msti","3870":"iel ","3871":"orba","3872":" ro ","3873":" aut","3874":"rav ","3875":"osit","3876":" arm","3877":"arse","3878":"t\u00e5en","3879":"j\u00f8rt","3880":"tigs","3881":"\u00f8yt ","3882":"llko","3883":"lsyn","3884":"yhet","3885":"utfo","3886":" gat","3887":" ass","3888":"tage","3889":"bbet","3890":"emon","3891":" kaf","3892":"ure ","3893":" uly","3894":"gan ","3895":" app","3896":"ynge","3897":" mic","3898":" tul","3899":"pert","3900":" sym","3901":" sul","3902":"jeft","3903":"rtig","3904":"ksjs","3905":"step","3906":"tr\u00f8m","3907":"\u00f8per","3908":"nerg","3909":"frih","3910":"hust","3911":"ddet","3912":"fari","3913":"ktt\u00e5","3914":"publ","3915":"lmen","3916":" p\u00e5s","3917":"ullk","3918":"dsel","3919":"elek","3920":"tamm","3921":" lkk","3922":"ick ","3923":"rtin","3924":"ansa","3925":" avd","3926":"ron ","3927":"kant","3928":" jus","3929":"ksis","3930":"kate","3931":"nbef","3932":"nven","3933":"gr\u00f8n","3934":"solu","3935":"fere","3936":"some","3937":" r\u00f8y","3938":"stas","3939":"ymre","3940":"milj","3941":"lure","3942":" chi","3943":"nike","3944":"nie ","3945":" pus","3946":"sint","3947":" bun","3948":"foto","3949":"r\u00f8nn","3950":"mfat","3951":"juli","3952":"ygg ","3953":"masj","3954":"alia","3955":"ostl","3956":"fugl","3957":"ktni","3958":"kst ","3959":"ihet","3960":"uell","3961":"urop","3962":"ondo","3963":"ilsy","3964":"\u00e6res","3965":"pasi","3966":"vtal","3967":"svak","3968":"untr","3969":"elev","3970":" sex","3971":"rget","3972":"ylon","3973":"ebar","3974":"fyre","3975":"rita","3976":"fart","3977":" dar","3978":"offi","3979":" bod","3980":"rmal","3981":"kron","3982":"ice ","3983":"skks","3984":"ysis","3985":"h\u00f8st","3986":"munt","3987":"tors","3988":" p ","3989":" t\u00e5l","3990":" u ","3991":"rvel","3992":"tteu","3993":"krat","3994":" sco","3995":"str\u00e5","3996":"leir","3997":"brit","3998":"tjer","3999":"nvit","4000":"nise","4001":"\u00f8le ","4002":"krav","4003":" tot","4004":"tevn","4005":"aja ","4006":" bus","4007":" ryg","4008":" pil","4009":"nati","4010":"belt","4011":" tea","4012":"ensy","4013":"ald ","4014":" byt","4015":"adam","4016":"smit","4017":"hat ","4018":"rdsp","4019":"ubbe","4020":"tres","4021":"j\u00f8pt","4022":" f ","4023":"ntat","4024":"bygd","4025":"nark","4026":"iken","4027":"ktel","4028":"klan","4029":"skog","4030":"geri","4031":"llel","4032":"isdo","4033":"stal","4034":"uken","4035":"dje ","4036":"boli","4037":"ase ","4038":"sand","4039":"nnsy","4040":"havn","4041":"kt\u00f8r","4042":"apit","4043":"ilme","4044":"ber\u00f8","4045":"imin","4046":" sar","4047":"tenn","4048":" nak","4049":" jun","4050":"unke","4051":"pter","4052":"ndon","4053":"rosj","4054":"ugle","4055":"tin ","4056":"kens","4057":"rf\u00f8r","4058":"r\u00f8d ","4059":" nw ","4060":"bund","4061":"kers","4062":" mad","4063":"kjef","4064":"moti","4065":"lme ","4066":" evn","4067":"fina","4068":" fav","4069":" sur","4070":"ish ","4071":"tier","4072":"ulen","4073":"d\u00f8re","4074":"titt","4075":"ging","4076":"idsp","4077":"akse","4078":"t\u00f8r ","4079":"sjer","4080":" d\u00f8p","4081":"olut","4082":"auto","4083":"type","4084":"rme ","4085":" usk","4086":"dest","4087":"ngsf","4088":"pone","4089":" um ","4090":"kamm","4091":" k ","4092":"\u00e5ken","4093":"sess","4094":" pin","4095":"ming","4096":"jekt","4097":"kest","4098":"siti","4099":"pakk","4100":" kl\u00e6","4101":"akto","4102":"usk ","4103":" kna","4104":"elvi","4105":"kskk","4106":"klub","4107":"kas ","4108":" sj\u00f8","4109":" ton","4110":"hebr","4111":"visd","4112":"vele","4113":"bad ","4114":"vekt","4115":" snu","4116":"isso","4117":"dhet","4118":"nern","4119":"brak","4120":"orfe","4121":" pub","4122":"nf\u00f8r","4123":"ldes","4124":"fly ","4125":"ica ","4126":"umul","4127":" gli","4128":"slav","4129":"oduk","4130":"flin","4131":"nyhe","4132":"bylo","4133":"abyl","4134":"fent","4135":"lemt","4136":"slek","4137":"nsom","4138":"rmas","4139":"tree","4140":"kolo","4141":" sep","4142":"sams","4143":"sold","4144":"gert","4145":"ronn","4146":"\u00f8lte","4147":"epet","4148":"tund","4149":" not","4150":"eson","4151":"\u00e6ret","4152":"ilj\u00f8","4153":"tste","4154":"pion","4155":"ralt","4156":"lfre","4157":"kuns","4158":"lutn","4159":"cent","4160":"here","4161":"enns","4162":"noge","4163":"inng","4164":"gar ","4165":"sosi","4166":"okto","4167":"omis","4168":"otor","4169":" s\u00e5r","4170":"atni","4171":"erho","4172":"salv","4173":"rart","4174":"just","4175":"ssa ","4176":"ysse","4177":"mon ","4178":"konf","4179":"rska","4180":"ibla","4181":"ity ","4182":"utni","4183":"meng","4184":" on ","4185":" ein","4186":"orbu","4187":"dram","4188":"tra ","4189":"rvin","4190":"indo","4191":"enli","4192":" kl ","4193":"ffek","4194":"rber","4195":"mern","4196":"poen","4197":" imp","4198":"drap","4199":"imel","4200":"ndia","4201":"engd","4202":"mote","4203":"skif","4204":" utd","4205":"nskr","4206":"tgj\u00f8","4207":" b\u00f8k","4208":"kana","4209":" hom","4210":"onne","4211":"thol","4212":"skj\u00e6","4213":"rake","4214":" ark","4215":"kift","4216":"kynd","4217":"nell","4218":"nige","4219":" apr","4220":"ndes","4221":"riel","4222":"yere","4223":"\u00e5der","4224":"gypt","4225":"\u00f8rel","4226":"insk","4227":"llat","4228":"kapi","4229":"sige","4230":" dje","4231":" \u00e5tt","4232":"irks","4233":"iale","4234":"lakt","4235":"lled","4236":"egyp","4237":"itts","4238":" vas","4239":"erko","4240":"reag","4241":"pmun","4242":"rill","4243":"gal ","4244":"dle ","4245":" umu","4246":" joe","4247":" rev","4248":"lon ","4249":" afr","4250":"lkke","4251":"ikli","4252":" egy","4253":"san ","4254":"ppmu","4255":"rasi","4256":" osl","4257":"rase","4258":"ney ","4259":" ube","4260":" sos","4261":"jour","4262":"tsel","4263":" bo ","4264":"rian","4265":"off ","4266":"smin","4267":"oeng","4268":"isik","4269":"ella","4270":" p\u00e5v","4271":"ropa","4272":"rkt ","4273":"neho","4274":"olda","4275":"ksta","4276":"rkes","4277":" ild","4278":"male","4279":" hed","4280":"bene","4281":"juda","4282":"papi","4283":"rdis","4284":"ntan","4285":"veli","4286":"aman","4287":"lond","4288":" pok","4289":"sunn","4290":"linj","4291":"tien","4292":"anet","4293":"\u00f8kke","4294":"harm","4295":"tist","4296":"arry","4297":" ope","4298":"p\u00e5vi","4299":"rsty","4300":"tika","4301":"lode","4302":"rsvi","4303":"deba","4304":" sha","4305":"bein","4306":"mant","4307":"ldat","4308":" dev","4309":"tull","4310":"ltur","4311":"vali","4312":"ryst","4313":" pal","4314":"skes","4315":"oslo","4316":"pren","4317":"setn","4318":"ttle","4319":"oto ","4320":"ors ","4321":"ourn","4322":"skni","4323":" arv","4324":"rfek","4325":"ilgi","4326":"\u00f8yde","4327":" erk","4328":"tle ","4329":"pans","4330":" nyh","4331":"kass","4332":"eksi","4333":"alko","4334":"eta ","4335":"opte","4336":" ofr","4337":"sats","4338":" cal","4339":" sab","4340":"sern","4341":"bodd","4342":"mos ","4343":"ikes","4344":"las ","4345":"ype ","4346":"tsta","4347":"ngsk","4348":" ana","4349":"graf","4350":"sksj","4351":"amst","4352":" \u00f8ve","4353":"mane","4354":"mpet","4355":" cla","4356":"akta","4357":"ptat","4358":"yret","4359":"likh","4360":"egra","4361":"rmes","4362":"ttt ","4363":"abso","4364":"mani","4365":"\u00e5nt ","4366":"drak","4367":" \u00f8ke","4368":"yest","4369":"avsk","4370":"kule","4371":"amta","4372":"ska ","4373":"sju ","4374":"iret","4375":"idel","4376":"you ","4377":"ydmy","4378":" nab","4379":" v ","4380":"ligs","4381":" am ","4382":" ydm","4383":"glas","4384":"ssor","4385":"ilfr","4386":"ovet","4387":"otba","4388":"arle","4389":" hot","4390":"ilbu","4391":"rukk","4392":"term","4393":"erma","4394":"agne","4395":"vsag","4396":"dron","4397":"omen","4398":"nnti","4399":"atel","4400":"arra","4401":"ompl","4402":"tr\u00e5d","4403":"ght ","4404":" kr ","4405":"dier","4406":"reg\u00e5","4407":"mira","4408":"sgje","4409":"oke ","4410":"hevd","4411":"nada","4412":"menl","4413":" sem","4414":"ultu","4415":"dmyk","4416":"rbev","4417":" hum","4418":"salo","4419":" von","4420":"kvit","4421":"erkj","4422":"bari","4423":"rlan","4424":"rked","4425":"mina","4426":"dust","4427":"nsin","4428":"nges","4429":"icha","4430":"hel ","4431":"envi","4432":" kys","4433":"epla","4434":"inha","4435":"yden","4436":"krim","4437":"n\u00e6rh","4438":"aer ","4439":" teo","4440":"frie","4441":"aet ","4442":"knyt","4443":"mede","4444":"l\u00e6ri","4445":"anie","4446":"gern","4447":"lubb","4448":"mons","4449":" h\u00f8s","4450":" duk","4451":"afti","4452":"lve ","4453":"sekk","4454":"ebat","4455":"otiv","4456":"eage","4457":"osia","4458":"orsl","4459":" mir","4460":"rsda","4461":"ed\u00f8m","4462":"d\u00f8ds","4463":" mob","4464":"ood ","4465":" utl","4466":" l ","4467":"oger","4468":"t\u00f8re","4469":"rade","4470":"nhol","4471":"rnat","4472":"inje","4473":"tann","4474":" l\u00f8g","4475":"ltet","4476":"enso","4477":" bos","4478":"arko","4479":"bett","4480":"krys","4481":" hea","4482":"lvsa","4483":"nnby","4484":"repr","4485":"tr\u00e5l","4486":"feri","4487":" jap","4488":"akle","4489":"otta","4490":"ombe","4491":" \u00e6rl","4492":"ngig","4493":"leri","4494":" s\u00e5l","4495":"apan","4496":" an ","4497":"ions","4498":"alet","4499":" pa ","4500":"ardt","4501":"innl","4502":" pun","4503":"eg\u00e5r","4504":"lier","4505":"sies","4506":"kksk","4507":"ylt ","4508":"kara","4509":"erem","4510":"bsol","4511":"ais ","4512":"kus ","4513":"ravi","4514":"kori","4515":"rmid","4516":" kok","4517":"aeli","4518":"mars","4519":"jerr","4520":"luka","4521":"nntr","4522":"ngss","4523":" def","4524":"ng\u00e5r","4525":"ids ","4526":"fete","4527":"oer ","4528":"rimi","4529":"isa ","4530":"loge","4531":"okus","4532":"ohol","4533":" ni ","4534":"nnta","4535":" dep","4536":"utgj","4537":"s\u00f8nd","4538":"\u00e5led","4539":"uar ","4540":"rrig","4541":"n\u00e3o ","4542":"n\u00f8ye","4543":"ohn ","4544":"skon","4545":"apir","4546":"evd ","4547":" pop","4548":" eno","4549":" alk","4550":"psta","4551":"ogi ","4552":"pani","4553":"ock ","4554":" uth","4555":"yrer","4556":"rog ","4557":"yakt","4558":"burg","4559":" gun","4560":"s\u00e5le","4561":"nho ","4562":"vred","4563":"opa ","4564":"askt","4565":" hap","4566":"bekr","4567":"erkt","4568":"mild","4569":"mtre","4570":"s\u00e5nt","4571":"skyn","4572":"vslu","4573":"akel","4574":" l\u00f8n","4575":" rak","4576":"reda","4577":"yns ","4578":" n\u00e3o","4579":"ook ","4580":"nce ","4581":"itan","4582":"vint","4583":" rop","4584":"ogis","4585":"tape","4586":"mott","4587":"ial ","4588":"irak","4589":"ulve","4590":"okka","4591":" fed","4592":"iens","4593":"jose","4594":"esso","4595":" klu","4596":"titu","4597":"ng\u00e5e","4598":"rkje","4599":"nas ","4600":"urna","4601":"gate","4602":"ngsp","4603":"kj\u00f8d","4604":"ratt","4605":" cor","4606":"l\u00f8gn","4607":"lydi","4608":"ermi","4609":"t\u00e5el","4610":" log","4611":"rus ","4612":"nyt ","4613":"une ","4614":"plut","4615":" eff","4616":"\u00f8yak","4617":"\u00f8dse","4618":"ary ","4619":"fyr ","4620":" ric","4621":"jkkk","4622":"jevn","4623":"lusj","4624":"ffis","4625":"luts","4626":"dog ","4627":"ule ","4628":"vlig","4629":"otel","4630":"\u00f8ret","4631":"aran","4632":"prik","4633":"kato","4634":"fotb","4635":"fotn","4636":"esis","4637":"voka","4638":" ref","4639":"rges","4640":"mont","4641":"japa","4642":" jur","4643":"befo","4644":"happ","4645":"sole","4646":"knem","4647":"kurs","4648":"drog","4649":"cell","4650":"eksu","4651":" elv","4652":"kilt","4653":"tver","4654":"nnsa","4655":"sjsk","4656":" jou","4657":" tip","4658":"gjes","4659":"synt","4660":"sful","4661":"rban","4662":"fiks","4663":"meda","4664":" l\u00e5 ","4665":"lta ","4666":" gag","4667":"tikl","4668":"ydig","4669":"urs ","4670":" gro","4671":"ryr ","4672":"lome","4673":" wor","4674":"lans","4675":"terp","4676":"heve","4677":"ypt ","4678":"from","4679":"solg","4680":"ania","4681":"lari","4682":"n\u00f8ya","4683":"ofes","4684":"ytti","4685":"kob ","4686":"ride","4687":"frit","4688":" tr\u00e5","4689":"j\u00f8tt","4690":"irre","4691":"venh","4692":"play","4693":"\u00f8rne","4694":"smar","4695":"ilom","4696":" ryk","4697":"shet","4698":"koho","4699":"d\u00f8mt","4700":" dog","4701":"djev","4702":"tis ","4703":"skeh","4704":"eth ","4705":"reni","4706":"ance","4707":"\u00f8les","4708":"lkoh","4709":"reke","4710":"mar ","4711":"avst","4712":"agi ","4713":"kipe","4714":"ngri","4715":"ikhe","4716":" pot","4717":"edri","4718":"regl","4719":" hur","4720":"olgt","4721":"vese","4722":"prot","4723":" fug","4724":"bryr","4725":" vur","4726":"atol","4727":"eia ","4728":"ston","4729":"tets","4730":"ams ","4731":"ros ","4732":"die ","4733":"hjul","4734":"gue ","4735":" tho","4736":"invi","4737":"sar ","4738":"ileg","4739":"fins","4740":"jack","4741":"tekt","4742":"agn ","4743":"rskn","4744":"ygni","4745":"espi","4746":"neve","4747":"rnal","4748":"gagn","4749":"knap","4750":"emti","4751":"terv","4752":"kne ","4753":"aksi","4754":"akkn","4755":"tsty","4756":"ukse","4757":"nket","4758":"sarb","4759":"nikk","4760":"nabo","4761":"legi","4762":" sil","4763":"sson","4764":"mich","4765":"orn ","4766":"foku","4767":"ones","4768":"kkne","4769":"tas ","4770":"alel","4771":"das ","4772":" bea","4773":"sis ","4774":"ppr\u00f8","4775":"unik","4776":"rid ","4777":"lack","4778":"atch","4779":"jsks","4780":"tine","4781":" lea","4782":"rfer","4783":" cel","4784":"iggj","4785":"sike","4786":"bomb","4787":"ldel","4788":" lam","4789":"rum ","4790":"r\u00f8mt","4791":"nha ","4792":"alge","4793":"lber","4794":"ehet","4795":"dset","4796":"rick","4797":"r\u00f8v ","4798":"kjol","4799":" sch","4800":"bong","4801":"gala","4802":"spei","4803":"rtes","4804":"snit","4805":"kyss","4806":"ifis","4807":"erio","4808":"osse","4809":"bj\u00f8r","4810":"dne ","4811":"edia","4812":"rbry","4813":"lovl","4814":"lovt","4815":"elet","4816":"harr","4817":"jett","4818":"f\u00f8ri","4819":"pred","4820":"eke ","4821":" utn","4822":"napp","4823":"ssia","4824":"iful","4825":"onku","4826":"oma ","4827":"arm ","4828":"orf\u00f8","4829":"efol","4830":"tnot","4831":"rgi ","4832":" fad","4833":"ames","4834":"mune","4835":"moni","4836":"etie","4837":"orfa","4838":"omo ","4839":"lian","4840":"lmod","4841":"lget","4842":"otno","4843":"oget","4844":"iot ","4845":"aul ","4846":"quer","4847":"anto","4848":"meto","4849":"nets","4850":"digv","4851":"iper","4852":"deve","4853":"steg","4854":"abri","4855":"\u00e5kn ","4856":"\u00e5vir","4857":"rled","4858":"tl\u00f8s","4859":" vc ","4860":"almi","4861":"lame","4862":"ira ","4863":"advo","4864":"eset","4865":"edsk","4866":"utsi","4867":" b\u00e5t","4868":"ats ","4869":"iona","4870":" dru","4871":"ines","4872":"mage","4873":"deta","4874":"erdt","4875":"plat","4876":"kehe","4877":"eam ","4878":" ala","4879":"reet","4880":"mike","4881":"reko","4882":"resk","4883":"lurt","4884":" fok","4885":" nic","4886":"inni","4887":"\u00e5rin","4888":"olt ","4889":"enor","4890":"dags","4891":" ali","4892":"msva","4893":"bedt","4894":"ekun","4895":"elan","4896":" h ","4897":"\u00f8vd ","4898":"seie","4899":"syng","4900":"aust","4901":" avv","4902":"rass","4903":"kvar","4904":"pote","4905":"mal ","4906":"lyte","4907":" kni","4908":" dus","4909":"stak","4910":"r\u00f8de","4911":"elme","4912":"yver","4913":"ola ","4914":"gele","4915":"rsla","4916":"misj","4917":"mais","4918":"stef","4919":"iren","4920":" tog","4921":" byr","4922":"kkje","4923":"nkur","4924":"fjor","4925":"eat ","4926":"\u00e6rne","4927":"sion","4928":"nns ","4929":"oens","4930":"kin ","4931":"utik","4932":"iels","4933":"iote","4934":"lega","4935":"rosk","4936":"lf\u00f8r","4937":"adel","4938":"innr","4939":"ava ","4940":"besl","4941":"vnt ","4942":"ledd","4943":"fatn","4944":"sias","4945":"eer ","4946":"dvok","4947":"ebra","4948":"jakt","4949":"etje","4950":"erga","4951":"rore","4952":"riva","4953":"j\u00f8ri","4954":"log ","4955":"vond","4956":" aus","4957":"niel","4958":"j\u00e6r ","4959":"okat","4960":"byer","4961":"blac","4962":" jev","4963":"buti","4964":"tnes","4965":"pilt","4966":"dove","4967":"oman","4968":"lanl","4969":"egan","4970":" iss","4971":"dium","4972":"pes ","4973":"ifts","4974":"unis","4975":"ygt ","4976":"dian","4977":"spr\u00f8","4978":"bitt","4979":"than","4980":"less","4981":"sans","4982":"ino ","4983":"dani","4984":"bro ","4985":"mret","4986":"ness","4987":"usky","4988":"leid","4989":" r ","4990":"malt","4991":"\u00f8yes","4992":"pust","4993":" vre","4994":"tdan","4995":" glo","4996":"rali","4997":"ekve","4998":"feir","4999":"\u00e5nds"}}