{"pol":{"0":"nie ","1":" nie","2":" w ","3":" prz","4":" si\u0119","5":"si\u0119 ","6":" i ","7":" to ","8":"ego ","9":" na ","10":" jes","11":"dzie","12":"jest","13":" z ","14":"prze","15":" jak","16":"est ","17":" do ","18":" \u017ce ","19":"ych ","20":"cie ","21":"nia ","22":" tak","23":"przy","24":" wie","25":" dzi","26":"owie","27":" co ","28":"kt\u00f3r","29":" a ","30":" o ","31":"praw","32":"anie","33":" kt\u00f3","34":" pow","35":"jak ","36":" czy","37":"powi","38":"zie ","39":"czy ","40":" pod","41":" pro","42":"ale ","43":"\u0142em ","44":"iem ","45":"ich ","46":"o\u015bci","47":"tak ","48":" pra","49":" mo\u017c","50":"wied","51":"odzi","52":" ale","53":"iedz","54":"iej ","55":"osta","56":" by\u0142","57":"wszy","58":"szcz","59":"\u015bci ","60":" wsz","61":" nas","62":"ieni","63":"owan","64":"zeni","65":"nych","66":"ach ","67":" dla","68":"dzia","69":"zyst","70":"enia","71":" sta","72":"ania","73":"edzi","74":" roz","75":"tego","76":"enie","77":" wi\u0119","78":"mo\u017ce","79":"szys","80":" jed","81":" b\u0119d","82":"esz ","83":"mnie","84":"rzec","85":" pan","86":"este","87":"ami ","88":"bie ","89":"raz ","90":"wie ","91":" tym","92":"tym ","93":" za ","94":"wa\u0107 ","95":" mie","96":"iesz","97":" \u015bwi","98":" po ","99":" chc","100":"obie","101":" spo","102":"\u015bmy ","103":"zia\u0142","104":"emy ","105":"niej","106":"o\u015b\u0107 ","107":"tem ","108":"aj\u0105 ","109":"\u0119dzi","110":"robi","111":"wi\u0119c","112":"wani","113":"trze","114":" mni","115":"rawd","116":" teg","117":" dob","118":"dzi ","119":" od ","120":"nego","121":"chod","122":" zna","123":"ystk","124":" mam","125":"dobr","126":" lud","127":"nym ","128":"a\u0142em","129":"rzy ","130":"stan","131":"o\u017ce ","132":"kie ","133":"uje ","134":"czas","135":"zego","136":"a\u0142a ","137":" sam","138":"jedn","139":"rze ","140":"amy ","141":"rzez","142":"b\u0119dz","143":"udzi","144":" tyl","145":" pot","146":"\u015bcie","147":"asz ","148":"dla ","149":"jego","150":"aj\u0105c","151":" mus","152":"wiel","153":" str","154":" pom","155":"zez ","156":" pie","157":" spr","158":"sze ","159":"iego","160":" poz","161":" kie","162":"ludz","163":"nej ","164":" bar","165":"cji ","166":" pos","167":"ardz","168":"zost","169":"czeg","170":" naj","171":"my\u015bl","172":"pros","173":"akie","174":"bard","175":"t\u00f3re","176":"pier","177":"iejs","178":"m\u00f3wi","179":" mi ","180":" zap","181":"\u015bwia","182":" cza","183":" cze","184":"t\u00f3ry","185":"edy ","186":" ma ","187":"zcze","188":"owa\u0107","189":" cho","190":"lko ","191":"tylk","192":"ylko","193":" s\u0105 ","194":"rzed","195":" zac","196":"ia\u0142 ","197":"\u015bli ","198":" w\u0142a","199":"jaki","200":"i\u015bmy","201":"acze","202":"owy ","203":"ierz","204":"ia\u0142a","205":" m\u00f3w","206":"a\u0142o ","207":"taki","208":"wier","209":" gdy","210":"ju\u017c ","211":" zro","212":" ju\u017c","213":"sta\u0142","214":" mog","215":"i\u0119c ","216":"wiad","217":"gdy ","218":"niem","219":" mia","220":"nasz","221":"ali ","222":"staw","223":"\u0142am ","224":"hodz","225":"onie","226":" ter","227":"owa\u0142","228":"niu ","229":" pol","230":"k\u0142ad","231":" ten","232":" nad","233":" ja ","234":" go ","235":"ten ","236":"trzy","237":"li\u015bm","238":"ecie","239":" jeg","240":"rodz","241":"e\u015bli","242":" nap","243":"jesz","244":"cia ","245":" zos","246":" kon","247":"awia","248":" sob","249":"rzys","250":"ieci","251":"iedy","252":"kied","253":"rzeb","254":"no\u015bc","255":" wid","256":" je\u015b","257":"tani","258":"rowa","259":"ony ","260":"tera","261":"stem","262":" nic","263":"sobi","264":"k\u00f3w ","265":"isz ","266":" cie","267":"je\u015bl","268":"musi","269":"eszc","270":"pewn","271":" raz","272":" inn","273":"czyn","274":" rze","275":"\u017cyci","276":"skie","277":"ona ","278":"adzi","279":" \u017cyc","280":"zecz","281":" wys","282":"by\u0107 ","283":"owa ","284":"cze ","285":"ana ","286":"zy\u0107 ","287":"rzym","288":" moj","289":"spra","290":" por","291":"kich","292":"towa","293":"czni","294":" my\u015b","295":"ste\u015b","296":"stki","297":"ie\u0107 ","298":"emu ","299":"rzes","300":" trz","301":" ze ","302":"widz","303":"zrob","304":"a\u0142y ","305":"kim ","306":" ich","307":"pani","308":"wiek","309":"yczn","310":" by\u0107","311":"jej ","312":"mia\u0142","313":" ca\u0142","314":"star","315":"ia\u0142e","316":"czne","317":"wsze","318":"\u0142e\u015b ","319":" kto","320":"eraz","321":" pew","322":"wiem","323":"prac","324":"ziej","325":"rdzo","326":" ci ","327":" dos","328":"aczy","329":"st\u0119p","330":"nacz","331":" sie","332":"r\u00f3wn","333":"any ","334":"dzo ","335":" rob","336":"czen","337":"wych","338":" zas","339":" swo","340":"niew","341":"mam ","342":"ane ","343":"\u015bnie","344":"te\u017c ","345":" jeh","346":" lat","347":"rzyj","348":"sz\u0119 ","349":"jeho","350":" by ","351":"eli ","352":"ehow","353":"ani ","354":"ziem","355":"kiem","356":" pok","357":"y\u0142o ","358":"\u00f3re ","359":"nien","360":"awie","361":"szy ","362":" tu ","363":" two","364":"tycz","365":" te\u017c","366":" bez","367":"kieg","368":" wsp","369":"mies","370":"ymi ","371":"wnie","372":"idzi","373":"sie ","374":" co\u015b","375":" pon","376":"otrz","377":"ieli","378":"stro","379":"potr","380":"tam ","381":"co\u015b ","382":"one ","383":"iebi","384":"licz","385":"uj\u0105c","386":"mien","387":"eczn","388":"by\u0142o","389":" poc","390":"ierw","391":"strz","392":" \u017ceb","393":"ebie","394":"stra","395":"\u017ceby","396":"woje","397":"iecz","398":" naw","399":" zab","400":"imy ","401":"mier","402":" zam","403":"stwo","404":"dnie","405":" zaw","406":"znie","407":" now","408":"ziec","409":"cja ","410":"umie","411":"wiec","412":"wego","413":"rawi","414":"e\u015bci","415":"znac","416":"tko ","417":" ci\u0119","418":"oje ","419":"j\u0105cy","420":"\u00f3ry ","421":"ycie","422":"zym ","423":" on ","424":" rod","425":"wa\u0142 ","426":"tych","427":" tam","428":" chr","429":"two ","430":"rz\u0105d","431":"eczy","432":" bo ","433":"by\u0142 ","434":"miej","435":"owin","436":" s\u0142u","437":" lub","438":"niec","439":"stko","440":" mar","441":" bra","442":"sza ","443":" pop","444":"dost","445":"dzi\u0119","446":"uj\u0119 ","447":" ty ","448":" kol","449":"w\u0142a\u015b","450":"zeci","451":"tej ","452":"owe ","453":"t\u00f3w ","454":"czny","455":"zacz","456":"i\u015bci","457":"chce","458":"cia\u0142","459":"tawi","460":"iera","461":"pan ","462":"tnie","463":"gdzi","464":"post","465":"acji","466":"wiat","467":" ucz","468":"obra","469":"ziel","470":"twa ","471":"brze","472":"iele","473":" dom","474":" r\u00f3w","475":"eby ","476":"iczn","477":"prow","478":"j\u0105c ","479":" gdz","480":"nas ","481":"tron","482":"a\u0142am","483":"ko\u0144c","484":"\u0144stw","485":" s\u0142o","486":"oczy","487":"a\u015bni","488":"odni","489":" ka\u017c","490":"oku ","491":"obrz","492":" mas","493":"uj\u0105 ","494":"samo","495":" odp","496":" rok","497":"czy\u0107","498":"iemy","499":"dzin","500":"taj ","501":"nies","502":"wadz","503":" szc","504":"owad","505":" kom","506":"chci","507":"zi\u0119k","508":"yli ","509":"wej ","510":"ka\u017cd","511":" nam","512":"inny","513":"aki ","514":" wyd","515":"rosz","516":"\u015bmie","517":"dani","518":" wyp","519":"zej ","520":" bog","521":"rost","522":" te ","523":"cej ","524":"apra","525":"ski ","526":"awet","527":"wet ","528":"dzen","529":"nawe","530":"edna","531":"czek","532":" jej","533":"iewa","534":"kole","535":"aby ","536":" wyb","537":"ejsz","538":"pe\u0142n","539":"gl\u0105d","540":"ci\u0119 ","541":"asze","542":"ili ","543":"zne ","544":"ele ","545":"podo","546":"anow","547":"owi ","548":"t\u00f3rz","549":"bi\u0107 ","550":"orzy","551":"ciel","552":"nim ","553":"kiej","554":"lacz","555":"odob","556":"zyma","557":" ost","558":" ocz","559":" g\u0142o","560":"zach","561":"jako","562":"zywi","563":"roku","564":"erws","565":"\u00f3rzy","566":"ejsc","567":"\u0105ce ","568":"stwa","569":"bym ","570":"nam ","571":"rdzi","572":"dowa","573":"iast","574":" bo\u017c","575":"mamy","576":"zas ","577":"nicz","578":"pocz","579":"\u0144ski","580":"dzi\u0142","581":"kowa","582":"zani","583":"y\u0142a ","584":"odpo","585":"nic ","586":"wd\u0119 ","587":"no\u015b\u0107","588":"osob","589":"dlac","590":"zych","591":"rwsz","592":"czon","593":" wyg","594":"rzen","595":"chow","596":"rzek","597":"nale","598":"masz","599":" nar","600":"czym","601":"awd\u0119","602":" tej","603":"te\u015b ","604":"cz\u0119\u015b","605":"zami","606":"pisa","607":"howy","608":" tra","609":"s\u0142ow","610":"j\u0105ce","611":"da\u0107 ","612":"ech ","613":"wali","614":"aje ","615":" tem","616":"dzy ","617":"lat ","618":"asza","619":"moje","620":"wi\u0119k","621":"nowa","622":"rozu","623":"os\u00f3b","624":"s\u00f3b ","625":"ozum","626":"ucha","627":"rzyk","628":"wa\u017cn","629":" aby","630":"wi\u0105z","631":"zie\u0107","632":" \u015bmi","633":" wyk","634":"stat","635":"inte","636":" zmi","637":"rani","638":" pis","639":"spos","640":"pyta","641":"napr","642":" zie","643":"wany","644":"swoj","645":" jez","646":" sto","647":" sko","648":"jemy","649":"nad ","650":"czy\u0142","651":"ta\u0107 ","652":"twie","653":"znaj","654":"ozna","655":"zeka","656":"ci\u0105g","657":"\u017cna ","658":"zest","659":"zi\u0107 ","660":" was","661":"jcie","662":"nowi","663":" tut","664":"wym ","665":"icie","666":"uczy","667":" nim","668":"ysta","669":" war","670":" dru","671":"era ","672":" nau","673":"wyda","674":"acie","675":"rzep","676":"iesi","677":"nast","678":"twoj","679":"czyw","680":"by\u0142a","681":"roni","682":"rzyp","683":"dzis","684":"utaj","685":"kto ","686":"dziw","687":"tuta","688":"poni","689":"l\u0105da","690":"zumi","691":"iec ","692":" wyj","693":"hcia","694":" rad","695":" kr\u00f3","696":"poko","697":"bacz","698":"ano ","699":"zies","700":"howa","701":"mias","702":"\u015bwie","703":"i\u0119ks","704":"\u0119ksz","705":"lub ","706":"zyli","707":"jezu","708":"tkie","709":"dpow","710":" int","711":"wane","712":"winn","713":"okaz","714":"og\u0119 ","715":" dok","716":"ielk","717":" bib","718":"bibl","719":" uwa","720":" maj","721":"wies","722":"ment","723":"zed ","724":"i\u0119ce","725":"nich","726":"iech","727":"racj","728":" dni","729":"ako ","730":"zem ","731":"isto","732":"ibli","733":"owni","734":" tyc","735":"ie\u017c ","736":" sza","737":"iemi","738":"mo\u017cn","739":"obi\u0107","740":"d\u0142ug","741":"oraz","742":"twor","743":"ata ","744":" gra","745":"kaza","746":"sz\u0105 ","747":"zaj\u0105","748":"dnak","749":"zony","750":" ser","751":"ie\u0144 ","752":"\u0119cej","753":"eniu","754":"ezus","755":"alne","756":" ma\u0142","757":"iek ","758":"cj\u0119 ","759":" zwi","760":"i\u0119dz","761":"owod","762":"o\u017cna","763":"kona","764":" je ","765":" no ","766":"eci ","767":"nika","768":"\u0105cy ","769":"nter","770":"a\u0142e\u015b","771":"czyt","772":"acja","773":" cz\u0119","774":"a\u0144sk","775":"wdzi","776":" par","777":"\u017ceni","778":"owyc","779":"rozm","780":" wyr","781":"lnie","782":" zar","783":"osz\u0119","784":"\u0142uch","785":"dzi\u0107","786":"wien","787":" naz","788":"dku ","789":" tro","790":"pod ","791":"nak ","792":"szko","793":"wart","794":" kra","795":"ci\u0105 ","796":"cza ","797":"s\u0142uc","798":"r\u00f3w ","799":"elki","800":" ni\u017c","801":"ali\u015b","802":" mat","803":" alb","804":" dal","805":"zech","806":"o\u0144cz","807":"usa ","808":" mu ","809":"szyc","810":"mie ","811":"amie","812":"elu ","813":"g\u0142os","814":"oby ","815":"\u0142a\u015bn","816":"m\u00f3j ","817":"i\u0142a ","818":" m\u00f3j","819":"awdz","820":"inie","821":"worz","822":"ale\u017c","823":"aniu","824":"e\u015b\u0107 ","825":"\u015bci\u0105","826":"i\u0142em","827":"zmie","828":"\u0142owa","829":"szym","830":"rasz","831":" zak","832":"zyna","833":" nig","834":"ujem","835":"oga ","836":" ksi","837":"e\u0142ni","838":"cowi","839":"ostr","840":"ni\u0107 ","841":"stu ","842":"oweg","843":"kr\u00f3l","844":"omu ","845":" j\u0105 ","846":"maj\u0105","847":"atrz","848":" zob","849":"drug","850":" mi\u0142","851":" zad","852":"lem ","853":"pr\u00f3b","854":"nieg","855":"yk\u0142a","856":"ewa\u017c","857":"poli","858":"cych","859":"pomo","860":"scy ","861":"n\u00f3w ","862":"owej","863":" pre","864":" poj","865":"albo","866":"zywa","867":"e\u0144st","868":"ycia","869":"owym","870":"boga","871":" oso","872":"daje","873":"form","874":"obac","875":"ieka","876":"arzy","877":"rze\u015b","878":" min","879":"trac","880":"iada","881":"mog\u0119","882":"atni","883":"znal","884":"nigd","885":"apis","886":"rozw","887":"aszy","888":"chrz","889":"\u0119dzy","890":"woln","891":"alny","892":"tere","893":"ni\u017c ","894":" lic","895":"musz","896":"bier","897":"ierd","898":"zyni","899":"eszk","900":"asta","901":"leni","902":" zat","903":"zabi","904":" ta ","905":"\u0119ki ","906":"zoba","907":"bo\u017ce","908":" szk","909":"erze","910":"rzem","911":" du\u017c","912":"rych","913":"\u0105cyc","914":"ocho","915":"arze","916":" cow","917":"oim ","918":" pla","919":"sowa","920":"pami","921":"edni","922":"dsta","923":"cje ","924":"\u0142\u0105cz","925":"zysz","926":"r\u00f3\u017cn","927":"lne ","928":"igdy","929":"cze\u015b","930":" kor","931":"ska ","932":"uwa\u017c","933":"\u00f3wni","934":"c\u00f3w ","935":"bez ","936":"wyst","937":"orz\u0105","938":" wol","939":"\u017cesz","940":" chw","941":"iny ","942":"porz","943":"erzy","944":"dz\u0119 ","945":"wne ","946":"owo ","947":"lbo ","948":" wyc","949":" pyt","950":"wi\u0107 ","951":" odd","952":"inne","953":" zaj","954":"zaws","955":"awsz","956":"edno","957":"oni ","958":"ocha","959":"ta\u0142 ","960":"orze","961":"ciu ","962":"ada ","963":"wr\u00f3c","964":" ora","965":"powo","966":"szka","967":"ami\u0119","968":"icy ","969":"prez","970":"ocze","971":"czyl","972":"rzej","973":"yscy","974":"ast\u0119","975":"o\u017cem","976":" kil","977":"zam ","978":"ni\u0105 ","979":"dale","980":"zale","981":"wa\u017c ","982":" pi\u0119","983":" u\u017cy","984":"ygl\u0105","985":"rafi","986":"ze\u015bc","987":" dow","988":"eba ","989":"za\u0107 ","990":" im ","991":"pos\u00f3","992":"tedy","993":"ent ","994":"y\u015bli","995":"olic","996":"oja ","997":"kami","998":"dawa","999":"nymi","1000":"\u017anie","1001":"ecz ","1002":"zyk\u0142","1003":"szeg","1004":" ani","1005":"ak\u017ce","1006":"dnia","1007":"anyc","1008":"ewni","1009":"cieb","1010":"iwo\u015b","1011":" dop","1012":"kowi","1013":"wygl","1014":"aka ","1015":"poda","1016":" obr","1017":" wyn","1018":"patr","1019":"k\u017ce ","1020":"eni ","1021":" dro","1022":"zysc","1023":"napi","1024":" wia","1025":"i\u0119ki","1026":"zyta","1027":"pien","1028":"\u017cemy","1029":"dobn","1030":"ogra","1031":"lno\u015b","1032":"b\u0119d\u0105","1033":"sta\u0107","1034":"gani","1035":"mian","1036":"pomn","1037":"owia","1038":"koch","1039":" szy","1040":"godn","1041":"adni","1042":"obec","1043":"mawi","1044":"awa ","1045":" mi\u0119","1046":"wam ","1047":"powa","1048":"biet","1049":"i\u0119ci","1050":"rozp","1051":"kont","1052":"ytan","1053":"niez","1054":"ci\u0107 ","1055":"ina ","1056":" ojc","1057":"chc\u0119","1058":"\u015bwi\u0119","1059":"hc\u0119 ","1060":"tatn","1061":" stw","1062":"mi\u0142o","1063":"\u0119\u015bci","1064":"ieje","1065":"obi\u0142","1066":"zwi\u0105","1067":"rzew","1068":"\u00f3ra ","1069":"z\u0119\u015bc","1070":"hrze","1071":"gran","1072":"den ","1073":"dz\u0105 ","1074":"korz","1075":"w\u00f3j ","1076":" mil","1077":"tek ","1078":"zy\u0142 ","1079":" swe","1080":"sta ","1081":" pam","1082":" obe","1083":" duc","1084":" zda","1085":" po\u0142","1086":"duch","1087":"ywan","1088":"\u0142ad ","1089":"staj","1090":"ow\u0105 ","1091":" syn","1092":"azy ","1093":"d\u00f3w ","1094":"oble","1095":"domu","1096":"w\u0142as","1097":"owal","1098":"kraj","1099":" u ","1100":"t\u0119pn","1101":"ostu","1102":"robl","1103":"wsp\u00f3","1104":"zny ","1105":"pozw","1106":"prob","1107":"ody ","1108":"nik ","1109":"leps","1110":"zeba","1111":"zcz\u0119","1112":"poka","1113":"ziew","1114":"popr","1115":"orma","1116":" oka","1117":" d\u0142u","1118":"omni","1119":" pr\u00f3","1120":"temu","1121":"acy ","1122":" wym","1123":"blem","1124":"roch","1125":"eciw","1126":"eje ","1127":"otem","1128":"najw","1129":"acho","1130":"iaj\u0105","1131":"dze ","1132":" moi","1133":"a\u017cdy","1134":"esta","1135":"\u015bcij","1136":"ia\u0107 ","1137":"niek","1138":"ary ","1139":"cija","1140":"tano","1141":"pras","1142":"y\u0142em","1143":"ta\u0142o","1144":"rugi","1145":"tki ","1146":"liwo","1147":"epsz","1148":" kob","1149":" wam","1150":"czaj","1151":" r\u00f3\u017c","1152":" wal","1153":"ch\u0119 ","1154":"zisi","1155":"i\u0119ta","1156":"wi\u015bc","1157":"nieb","1158":"odow","1159":"adan","1160":"otow","1161":"oj\u0105 ","1162":" lep","1163":"opie","1164":"wa\u0142a","1165":"zie\u0144","1166":" wte","1167":"t\u00f3ra","1168":" woj","1169":"kobi","1170":"pomy","1171":"wo\u015bc","1172":"wted","1173":"og\u0105 ","1174":" kar","1175":" okr","1176":" nat","1177":"rem ","1178":"zuje","1179":"yba ","1180":"imi ","1181":"zast","1182":"iony","1183":"nani","1184":"i\u0142o ","1185":"ciek","1186":"erdz","1187":"r\u00f3ci","1188":"mowa","1189":"lka ","1190":"szuk","1191":"piec","1192":"chyb","1193":"spot","1194":"mi\u0119d","1195":" koc","1196":"a\u017cni","1197":"dni ","1198":" dot","1199":"pomi","1200":"ra\u0107 ","1201":"by\u015b ","1202":"dzic","1203":"ateg","1204":"iach","1205":"ktor","1206":"wa\u0142e","1207":"warz","1208":" fil","1209":"wia ","1210":"kilk","1211":"bezp","1212":"sem ","1213":"zasa","1214":"godz","1215":"nauc","1216":"wa\u017ca","1217":"o\u017ces","1218":"troc","1219":" chy","1220":"udow","1221":"zone","1222":"ob\u0105 ","1223":"ono ","1224":"sto ","1225":"j\u0119ci","1226":"daj\u0105","1227":"razy","1228":"\u0142ysz","1229":"ceni","1230":"\u0144czy","1231":"eden","1232":"zna ","1233":"jdzi","1234":" ona","1235":"\u017cy\u0107 ","1236":" pog","1237":" rac","1238":" lec","1239":"s\u0142u\u017c","1240":"najd","1241":"miec","1242":"rzuc","1243":"erow","1244":"dem ","1245":"iekt","1246":"lubi","1247":"hyba","1248":" sze","1249":"p\u00f3\u017an","1250":"ypad","1251":"ika ","1252":"maga","1253":"ucie","1254":" daj","1255":"dyby","1256":"ka\u0107 ","1257":"wiet","1258":"chwi","1259":"\u0142adn","1260":"gdyb","1261":"awda","1262":"stni","1263":"lski","1264":"odu ","1265":" ko\u0144","1266":"\u0119d\u0105 ","1267":"niep","1268":"late","1269":" ist","1270":"zepr","1271":"a\u015bci","1272":" zag","1273":"rzyc","1274":"list","1275":"szam","1276":"ocy ","1277":"ielu","1278":"mie\u0107","1279":"etni","1280":" kur","1281":"s\u0142ys","1282":"ecze","1283":"szyb","1284":"zyja","1285":"odcz","1286":"stal","1287":"nie\u017c","1288":"ywi\u015b","1289":"to\u015b ","1290":"kto\u015b","1291":"nem ","1292":"n\u0105\u0107 ","1293":"pote","1294":"\u017cnie","1295":"mog\u0142","1296":"zuci","1297":"aucz","1298":"wno ","1299":"traf","1300":"rawa","1301":"olej","1302":"yzna","1303":" daw","1304":"azyw","1305":"rzy\u0142","1306":"iewi","1307":"a\u0142by","1308":"rudn","1309":"szej","1310":"o\u015bwi","1311":"\u00f3ryc","1312":"och\u0119","1313":"y\u0142y ","1314":" tru","1315":"ywa ","1316":"mi\u0119t","1317":" ci\u0105","1318":"raze","1319":"alni","1320":"yna ","1321":"ety ","1322":"\u00f3wi ","1323":"wda ","1324":"nowy","1325":"inni","1326":"nadz","1327":"asu ","1328":"azem","1329":"iado","1330":" dod","1331":"okoj","1332":"omoc","1333":"zien","1334":"trud","1335":"adom","1336":" dwa","1337":"raca","1338":"jede","1339":"swoi","1340":"dowi","1341":"acza","1342":"ojej","1343":"echa","1344":" b\u00f3g","1345":"b\u00f3g ","1346":"awy ","1347":" his","1348":"ucho","1349":"odda","1350":"bywa","1351":" lek","1352":"ieck","1353":"zebu","1354":"mog\u0105","1355":" \u017cad","1356":"lny ","1357":"onyc","1358":" gru","1359":"nne ","1360":" je\u017c","1361":"rego","1362":"nowe","1363":" god","1364":"ryst","1365":"rusz","1366":"\u015brod","1367":" pat","1368":"skic","1369":"kier","1370":"doda","1371":"sam ","1372":"mi\u0119 ","1373":"iczy","1374":"nek ","1375":"yste","1376":"rzyw","1377":"zapr","1378":"goto","1379":"wnik","1380":"\u017cliw","1381":"y\u015bla","1382":" czu","1383":" cen","1384":"tkic","1385":"obry","1386":"enta","1387":"e\u015bni","1388":"zcza","1389":"go\u015b ","1390":"\u017celi","1391":"ojeg","1392":"lej ","1393":"emi ","1394":"nia\u0142","1395":"arto","1396":"was ","1397":" odw","1398":"nosi","1399":"hwil","1400":" bud","1401":"hce ","1402":"rym ","1403":"arty","1404":"wyko","1405":"nny ","1406":"ekt\u00f3","1407":" m\u0119\u017c","1408":"rzeg","1409":"e\u015bmy","1410":"spok","1411":"nion","1412":"nawi","1413":"ko\u015bc","1414":"dlat","1415":"e\u017cel","1416":"wasz","1417":"raco","1418":"adza","1419":" byl","1420":"simy","1421":"nied","1422":"ia\u0142y","1423":"iaj ","1424":"na\u0107 ","1425":"ycho","1426":"alej","1427":"ca\u0142y","1428":"z\u0105dk","1429":"rej ","1430":"minu","1431":"ia\u0142o","1432":"epra","1433":"racy","1434":"emat","1435":"epie","1436":"je\u017ce","1437":"twar","1438":"usza","1439":"ch\u0142o","1440":" stu","1441":"iero","1442":"ady ","1443":"arod","1444":"mili","1445":"li\u015bc","1446":"zyzn","1447":"bra ","1448":"y\u015bmy","1449":" inf","1450":"rowi","1451":"tecz","1452":"te\u015bm","1453":"chan","1454":"nnyc","1455":"jszy","1456":"kach","1457":"lepi","1458":"podz","1459":"chni","1460":"ie\u015b ","1461":" wcz","1462":" nik","1463":"arcz","1464":"lecz","1465":"nami","1466":"pols","1467":"akty","1468":"styc","1469":"amo ","1470":"\u0142a\u015b ","1471":"ozma","1472":"pa\u0144s","1473":"zno\u015b","1474":"czyc","1475":"acje","1476":"nku ","1477":"czer","1478":"acj\u0119","1479":"ywa\u0107","1480":" spa","1481":" obi","1482":"zesz","1483":"akim","1484":"zed\u0142","1485":"i\u0105za","1486":"\u00f3\u017ani","1487":"wi\u0119t","1488":"yby ","1489":"eka ","1490":"wini","1491":"info","1492":"zasu","1493":"tali","1494":"ynie","1495":"rza ","1496":"sied","1497":"sieb","1498":" p\u00f3\u017a","1499":"arza","1500":"rywa","1501":"e\u017cy ","1502":"iadk","1503":" ust","1504":"dna ","1505":"serc","1506":" wra","1507":"ost\u0119","1508":"szed","1509":"otka","1510":"m\u0142od","1511":" cha","1512":"zeds","1513":"bran","1514":"sce ","1515":"dwie","1516":"tema","1517":" tob","1518":"ione","1519":"aju ","1520":" zal","1521":"tarc","1522":"jawi","1523":" oni","1524":"stos","1525":"stor","1526":" mor","1527":"\u0142asn","1528":"iwie","1529":"anic","1530":" ogr","1531":" kos","1532":"m\u00f3g\u0142","1533":"sprz","1534":" spe","1535":" m\u0142o","1536":"wyra","1537":"o\u017cli","1538":"naro","1539":"czno","1540":"cesz","1541":"ast ","1542":"dzaj","1543":"kazu","1544":"oich","1545":"acow","1546":"mo\u017cl","1547":"kani","1548":"darz","1549":"hces","1550":"iwe ","1551":"ebuj","1552":"cent","1553":"odze","1554":" win","1555":"ile ","1556":" imi","1557":"tak\u017c","1558":"ta\u0142a","1559":" ch\u0142","1560":"esie","1561":"znyc","1562":"wsta","1563":"kogo","1564":"ener","1565":"rakt","1566":"zpie","1567":" wa\u017c","1568":" s\u0142y","1569":"tkow","1570":"raci","1571":"\u00f3wna","1572":"koni","1573":"zapo","1574":"zmaw","1575":"ien ","1576":"dzi\u015b","1577":"\u015bcia","1578":"tele","1579":"woim","1580":"lwie","1581":"usz\u0119","1582":"domo","1583":"sp\u00f3\u0142","1584":" oko","1585":"dwa ","1586":"zowa","1587":"zerw","1588":" ska","1589":"nfor","1590":"eres","1591":"i\u0119ku","1592":"atem","1593":"usta","1594":"czej","1595":"kolw","1596":"olwi","1597":"ik\u00f3w","1598":"zi\u015b ","1599":"i\u0105gn","1600":"wna ","1601":"potk","1602":" umi","1603":"mina","1604":"ok\u0142a","1605":"okol","1606":"zuka","1607":"asie","1608":" my ","1609":"ienn","1610":" wod","1611":"azuj","1612":"miel","1613":" \u015bro","1614":"osto","1615":"becn","1616":"szen","1617":"adcz","1618":"\u0142a\u015bc","1619":"pozn","1620":"lii ","1621":" cel","1622":"jny ","1623":"ama ","1624":"zyci","1625":"\u0142bym","1626":"adaj","1627":" x ","1628":" dan","1629":"encj","1630":"aliz","1631":" pa\u0144","1632":"razi","1633":"nicy","1634":"ietn","1635":"ewie","1636":"aniz","1637":" s\u0105d","1638":"nnym","1639":"jsze","1640":"mart","1641":"rawo","1642":"wi\u0142 ","1643":"zi\u0142 ","1644":"\u0105dku","1645":" bie","1646":"osze","1647":"\u017cne ","1648":"lejn","1649":"cyjn","1650":"ajci","1651":"nki ","1652":"olog","1653":"lata","1654":"jski","1655":"\u00f3rym","1656":"skim","1657":" nal","1658":"orga","1659":"\u0119kuj","1660":"a\u0142e ","1661":"dowo","1662":"iadc","1663":"ocz\u0105","1664":"hist","1665":"byli","1666":"oba ","1667":"tach","1668":" drz","1669":"pole","1670":"gram","1671":"\u017cadn","1672":" opo","1673":"piej","1674":"omin","1675":"za\u0142 ","1676":"pos\u0142","1677":"czys","1678":"mys\u0142","1679":"\u0119d\u0119 ","1680":" opi","1681":"\u0142adz","1682":"\u017cdy ","1683":"le\u017cy","1684":"b\u0119d\u0119","1685":"pods","1686":"\u015bl\u0119 ","1687":"m\u00f3w ","1688":"isia","1689":"ezpi","1690":"istn","1691":"j\u015b\u0107 ","1692":" m\u00f3g","1693":"bowa","1694":"i\u0142y ","1695":"pows","1696":"ozwi","1697":"usi ","1698":"ze\u015bn","1699":"decy","1700":"rgan","1701":"\u015bla\u0142","1702":"waj\u0105","1703":"raln","1704":" kat","1705":"sko ","1706":"\u0119cia","1707":"ili\u015b","1708":"zki ","1709":" zni","1710":"obre","1711":"zwol","1712":"pana","1713":"ubli","1714":"\u0119cie","1715":" kim","1716":"plan","1717":"drog","1718":"onow","1719":"adow","1720":"siaj","1721":" obo","1722":"niki","1723":"zroz","1724":"edyn","1725":"usim","1726":"dent","1727":"\u00f3wi\u0142","1728":"znan","1729":"najl","1730":"jedy","1731":" uci","1732":"y\u015bl\u0119","1733":"spod","1734":"w\u0142ad","1735":"by\u015bm","1736":"zdro","1737":"resz","1738":"niow","1739":"ajle","1740":"rzyn","1741":" tom","1742":"jlep","1743":"p\u0142yw","1744":"dcza","1745":" zwy","1746":"zymy","1747":"kuje","1748":"obni","1749":"publ","1750":" pe\u0142","1751":"jmy ","1752":"nik\u00f3","1753":"podc","1754":"odej","1755":"ciec","1756":"spo\u0142","1757":"pi\u0119k","1758":"otra","1759":"by\u0142y","1760":"ksi\u0105","1761":"ustr","1762":"ery ","1763":"jne ","1764":"trwa","1765":"wili","1766":"tka ","1767":"zara","1768":"cier","1769":"wymi","1770":"logi","1771":"\u017cywa","1772":"\u0142owi","1773":"poch","1774":"film","1775":" wr\u00f3","1776":"lkie","1777":"rzy\u0107","1778":"\u015bciw","1779":"stwi","1780":"ujes","1781":"da\u0142 ","1782":"\u0142ym ","1783":"ca\u0142e","1784":"pozo","1785":"zus ","1786":"tori","1787":"h\u0142op","1788":"ze\u015b\u0107","1789":"ie\u015bc","1790":"i\u0119kn","1791":"kuj\u0119","1792":"gnie","1793":"taje","1794":"chaj","1795":"cha ","1796":"\u0142\u00f3w ","1797":" nag","1798":"jaci","1799":"wczy","1800":"rach","1801":" oto","1802":"grom","1803":" zan","1804":" ran","1805":"atow","1806":"wcze","1807":"pisz","1808":"yki ","1809":"yjac","1810":"ewno","1811":"blic","1812":"zmia","1813":"awi\u0142","1814":"ewne","1815":"wem ","1816":"\u0142ada","1817":"sko\u0144","1818":"udni","1819":"ilka","1820":" ozn","1821":"rii ","1822":"ala ","1823":"ica ","1824":"ice ","1825":"szan","1826":" tel","1827":"olsk","1828":" rel","1829":"krzy","1830":"k\u0105d ","1831":"akic","1832":"rzyg","1833":" po\u015b","1834":"padk","1835":"nazw","1836":"icze","1837":"ijan","1838":"r\u00f3le","1839":"iani","1840":"aczn","1841":" zdr","1842":"liwe","1843":"wyci","1844":"zwie","1845":"ymy ","1846":"s\u00f3w ","1847":"komp","1848":"omen","1849":"oto ","1850":" ode","1851":" bro","1852":" skr","1853":"ia\u0142b","1854":"radz","1855":"ystu","1856":"rony","1857":"mery","1858":"tnic","1859":" rz\u0105","1860":" otw","1861":"iom ","1862":"stud","1863":" wst","1864":"onad","1865":"ciem","1866":"odst","1867":"li\u0107 ","1868":"\u0142atw","1869":" szu","1870":" za\u0142","1871":" pal","1872":"reze","1873":" g\u00f3r","1874":"\u017cej ","1875":"zybk","1876":"erza","1877":" ile","1878":"erwo","1879":" mod","1880":"obis","1881":"iczb","1882":"pona","1883":"dza ","1884":"czem","1885":"zasi","1886":"s\u0142ug","1887":"okre","1888":"iepr","1889":"mate","1890":"ni\u0142 ","1891":"cze\u0144","1892":"awa\u0142","1893":" kog","1894":" moc","1895":"osow","1896":" zdo","1897":"daj ","1898":"olni","1899":"or\u00f3w","1900":"dne ","1901":"drow","1902":" uda","1903":"oler","1904":"yka ","1905":"bry ","1906":" fra","1907":"wski","1908":" sku","1909":"moja","1910":"anu ","1911":" tw\u00f3","1912":"chry","1913":" och","1914":" sek","1915":"bieg","1916":"os\u0142a","1917":"tom ","1918":"ater","1919":"\u0142ecz","1920":"si\u0105\u017c","1921":" cia","1922":"ugie","1923":"estr","1924":"chor","1925":"asne","1926":"usia","1927":"i\u0142o\u015b","1928":"u\u017co ","1929":"udzk","1930":"du\u017co","1931":"rezy","1932":"\u0142ug ","1933":"by\u0142e","1934":"asad","1935":"hrys","1936":"zczy","1937":"uszc","1938":"tuje","1939":"wspa","1940":"czuj","1941":"artw","1942":"oczn","1943":"ze\u0107 ","1944":"zwyc","1945":"a\u0144st","1946":"buje","1947":"jmuj","1948":"port","1949":" wyw","1950":"ozos","1951":"ory ","1952":"jsce","1953":" tys","1954":" sk\u0142","1955":"cha\u0142","1956":"za\u0142a","1957":"amia","1958":"zycz","1959":" pas","1960":"wyja","1961":"ierc","1962":"ora ","1963":"tywn","1964":"pie ","1965":"aty ","1966":" zde","1967":"ci\u0142 ","1968":"rodk","1969":"ielo","1970":"gl\u0119d","1971":"dzon","1972":"aza\u0142","1973":"ekon","1974":"wzgl","1975":"bnie","1976":"a\u017cde","1977":"kosz","1978":"i\u0142e\u015b","1979":"yle ","1980":"dliw","1981":"cz\u0119s","1982":"edst","1983":"bada","1984":"ator","1985":"poro","1986":"taj\u0105","1987":"iam ","1988":"zgl\u0119","1989":"same","1990":"ebra","1991":"nali","1992":"zysk","1993":"syst","1994":"mat ","1995":"sisz","1996":"oli ","1997":"bawi","1998":"si\u0105c","1999":"an\u0105 ","2000":"iern","2001":"iewc","2002":"tor ","2003":" ofi","2004":"iami","2005":" obs","2006":"\u0142aby","2007":"\u0142by ","2008":"tyka","2009":" fun","2010":"zusa","2011":"bior","2012":"wrac","2013":" kup","2014":"chol","2015":"to\u015bc","2016":"zcie","2017":"wia\u0107","2018":"zada","2019":"ewcz","2020":"o\u0142ec","2021":"eli\u015b","2022":"lest","2023":"sza\u0142","2024":"nier","2025":"po\u0142e","2026":"elig","2027":"dno ","2028":"\u0142ugo","2029":"edne","2030":"p\u0142ac","2031":"inac","2032":"ster","2033":"\u0142o\u015bc","2034":"najm","2035":" odc","2036":"bowi","2037":"si\u0119c","2038":"nka ","2039":"nauk","2040":" t\u0119 ","2041":"nach","2042":"rze\u017c","2043":"budo","2044":"sne ","2045":"\u0142nie","2046":"kupi","2047":"nii ","2048":"ed\u0142u","2049":"ale\u017a","2050":"lki ","2051":"arsz","2052":"iata","2053":" pob","2054":"chu ","2055":"ela ","2056":"cz\u0105 ","2057":"erci","2058":" jas","2059":"tara","2060":"rstw","2061":"amer","2062":"ozwo","2063":"sami","2064":"isko","2065":"znej","2066":"wo\u015b\u0107","2067":"wana","2068":"dnym","2069":"atyc","2070":"bi\u0119 ","2071":"grze","2072":"za\u0142o","2073":"t\u0119pu","2074":"dz\u0105c","2075":"bli\u017c","2076":"chro","2077":"i\u0142am","2078":" noc","2079":"wyni","2080":" we ","2081":"ja\u015bn","2082":"st\u0105p","2083":"dnio","2084":"opow","2085":"zn\u0105 ","2086":"omy\u015b","2087":"tkim","2088":"ksi\u0119","2089":"posz","2090":"ieku","2091":" wsk","2092":"\u0105zan","2093":"cowa","2094":" a\u017c ","2095":"ytua","2096":"ywa\u0142","2097":"dneg","2098":"ygod","2099":"onal","2100":"lega","2101":"ni\u0119 ","2102":" got","2103":"anym","2104":"poja","2105":"rmac","2106":"isa\u0142","2107":"wisk","2108":"iedl","2109":"wycz","2110":"ze\u0144s","2111":"ocen","2112":"opro","2113":"rok ","2114":"moim","2115":"ogl\u0105","2116":"stus","2117":"nazy","2118":"bi\u0142 ","2119":"eczk","2120":"os\u0142u","2121":" wzi","2122":"uacj","2123":"\u0105cym","2124":"zyje","2125":"nada","2126":"wodu","2127":"kres","2128":"cjal","2129":"sty ","2130":"ak\u0105 ","2131":"ekto","2132":" sen","2133":"jemn","2134":" wyz","2135":"ar\u00f3w","2136":"ca\u0142k","2137":"dok\u0142","2138":"rocz","2139":"wist","2140":"z\u0119st","2141":" lis","2142":"t\u0105pi","2143":"braz","2144":"miem","2145":"wno\u015b","2146":"pis ","2147":"lneg","2148":"\u0142o\u015b\u0107","2149":"hole","2150":"woli","2151":" hej","2152":"lnyc","2153":"muje","2154":"tami","2155":"jech","2156":" met","2157":"\u0142ych","2158":"zajm","2159":" \u017con","2160":"trak","2161":"zy\u0142a","2162":"lion","2163":"char","2164":" i\u017c ","2165":"zacj","2166":"odz\u0105","2167":" syt","2168":" bad","2169":"akcj","2170":"ole ","2171":"grup","2172":"ajem","2173":"leci","2174":"ozwa","2175":"\u00f3\u017cni","2176":"tw\u00f3j","2177":" aut","2178":"a\u0142ym","2179":"znym","2180":"\u0105da ","2181":"wiar","2182":"pode","2183":"ziny","2184":"estw","2185":"spor","2186":"y\u015bci","2187":"lowa","2188":"woj\u0105","2189":"sytu","2190":" for","2191":"atur","2192":"dam ","2193":"owar","2194":"ara ","2195":"g\u00f3ln","2196":"cz\u0105c","2197":"tuac","2198":"ziom","2199":"eta ","2200":" p\u00f3\u0142","2201":"iela","2202":"jaln","2203":"elem","2204":"\u0142oby","2205":"yczy","2206":"lity","2207":"kowy","2208":"zatr","2209":"adne","2210":"echn","2211":"olit","2212":"ekaj","2213":"ywis","2214":"t\u0105d ","2215":"siad","2216":"proc","2217":"r\u00f3d ","2218":"si\u0119g","2219":"iej\u0119","2220":"esi\u0105","2221":" kre","2222":"arz ","2223":"\u00f3reg","2224":"ruch","2225":"pom\u00f3","2226":"g\u0142ow","2227":"u\u017cyw","2228":"lnym","2229":" org","2230":" bli","2231":"liby","2232":"czes","2233":"brak","2234":"ter ","2235":"rodu","2236":"pozy","2237":" art","2238":"zawi","2239":"yny ","2240":"izac","2241":"azie","2242":"sia\u0142","2243":" paw","2244":"pusz","2245":"\u0105ca ","2246":" otr","2247":"\u0119sto","2248":" one","2249":"doba","2250":"\u00f3rej","2251":"yli\u015b","2252":"uwag","2253":"prog","2254":" doc","2255":"\u0142ani","2256":"ste ","2257":"\u00f3wi\u0105","2258":"rca ","2259":"skon","2260":"onym","2261":"awi\u0107","2262":" wzg","2263":"i\u0119te","2264":"liwi","2265":"macj","2266":"osi ","2267":"tku ","2268":"alno","2269":"znik","2270":"s\u0142aw","2271":"usis","2272":"wspo","2273":"zneg","2274":"owa\u017c","2275":"acz\u0105","2276":"wa\u0142o","2277":" mac","2278":"bisz","2279":"oju ","2280":"zwyk","2281":"iany","2282":"wny ","2283":"adam","2284":"nij ","2285":"cz\u0105t","2286":"woic","2287":"dkow","2288":"pita","2289":"mn\u0105 ","2290":"poma","2291":"jedz","2292":"kcji","2293":"osi\u0142","2294":"ilio","2295":"iona","2296":"\u00f3wno","2297":"edli","2298":" kan","2299":"ysze","2300":"aszc","2301":"rami","2302":"racz","2303":"ta\u0142e","2304":"ysz ","2305":"wion","2306":" kam","2307":"oda ","2308":"a\u017cne","2309":" os\u00f3","2310":" ban","2311":"elsk","2312":"hani","2313":" sys","2314":"zemu","2315":"ycza","2316":"niam","2317":"ci\u0105\u017c","2318":" dol","2319":" osi","2320":" ele","2321":"part","2322":"tarz","2323":" zbo","2324":"ywaj","2325":"eku ","2326":"pada","2327":"west","2328":" odn","2329":"ybko","2330":"ialn","2331":"dno\u015b","2332":"tyle","2333":"zek ","2334":"j\u0119zy","2335":"\u015bcio","2336":"skut","2337":"isty","2338":"spom","2339":"sku ","2340":"zmy ","2341":"hej ","2342":"ligi","2343":" pun","2344":"hron","2345":" uwi","2346":"yden","2347":"teri","2348":" grz","2349":"\u0119puj","2350":"wiaj","2351":"\u0105dze","2352":"zyde","2353":"mocn","2354":"twoi","2355":"oru ","2356":"cie\u017c","2357":"drze","2358":"ha\u0107 ","2359":"zypo","2360":" rea","2361":"owsk","2362":" wed","2363":"wi\u0119 ","2364":"zypa","2365":" gor","2366":" uni","2367":" pio","2368":" po\u017c","2369":"cego","2370":" p\u0142a","2371":" odb","2372":"owst","2373":"nios","2374":"ed\u0142 ","2375":"omo\u015b","2376":"eria","2377":" kla","2378":"gle ","2379":"wojn","2380":" zdj","2381":"i\u0105c ","2382":"ego\u015b","2383":"yciu","2384":" zau","2385":"y\u015ble","2386":"olen","2387":" wyt","2388":"zka ","2389":"zji ","2390":"rski","2391":"ryka","2392":"edny","2393":"zeko","2394":"duje","2395":"isan","2396":"metr","2397":"apew","2398":"dzki","2399":"n\u0105\u0142 ","2400":"rwa ","2401":"kowe","2402":"nian","2403":"s\u0105dz","2404":"hod\u017a","2405":"skaz","2406":"ura ","2407":"asto","2408":"a\u017cen","2409":"emie","2410":"roce","2411":" zgo","2412":"punk","2413":"ze\u0144 ","2414":" tat","2415":"ratu","2416":" do\u015b","2417":"raj ","2418":"nie\u015b","2419":"cha\u0107","2420":"\u0142ej ","2421":"roje","2422":" \u017cyw","2423":"adze","2424":"rki ","2425":"najp","2426":"lacj","2427":"zwal","2428":"skor","2429":"wiam","2430":"iki ","2431":"nisz","2432":"zrae","2433":"span","2434":"wita","2435":"izra","2436":"\u00f3les","2437":"ocia","2438":" kap","2439":"m\u0119\u017cc","2440":"\u017cczy","2441":"ydaj","2442":"wska","2443":"rael","2444":"\u0119\u017ccz","2445":"pora","2446":"wodz","2447":" izr","2448":"ezyd","2449":"poza","2450":"obow","2451":"tysi","2452":"wed\u0142","2453":"icja","2454":"zeg\u00f3","2455":"oro ","2456":"reli","2457":"najb","2458":"bron","2459":" udz","2460":"rza\u0142","2461":" og\u00f3","2462":"r\u00f3bu","2463":" dw\u00f3","2464":"dnic","2465":"ozpo","2466":" med","2467":"yja\u015b","2468":"rzyb","2469":"erne","2470":" pub","2471":"mnia","2472":"\u00f3buj","2473":"ram ","2474":"auto","2475":"ktyw","2476":"oty ","2477":"izow","2478":"\u017cycz","2479":"adal","2480":"czuc","2481":" j\u0119z","2482":"ikt ","2483":"szta","2484":"zbyt","2485":"j\u015bci","2486":"towy","2487":" krz","2488":"enni","2489":"\u0119zyk","2490":"czor","2491":" ang","2492":"otyk","2493":"okon","2494":"arci","2495":"z\u0105cy","2496":"zape","2497":" obc","2498":"zisz","2499":" gro","2500":"nna ","2501":"czna","2502":"bili","2503":"acz\u0119","2504":"opis","2505":"\u0142osi","2506":"z\u0105dz","2507":"mocy","2508":" si\u0142","2509":"rogr","2510":"acuj","2511":"jaka","2512":"ogro","2513":"klas","2514":" ame","2515":"rodo","2516":"trz ","2517":"ikow","2518":" idz","2519":"edz ","2520":"wypa","2521":" gen","2522":"bi\u0142e","2523":"\u0105ceg","2524":"rzel","2525":"nt\u00f3w","2526":"ma\u0107 ","2527":"dek ","2528":"zkod","2529":"rosi","2530":"redn","2531":"tern","2532":"czn\u0105","2533":"lust","2534":" zbi","2535":"dzwo","2536":"gii ","2537":"zy\u0142e","2538":" zno","2539":"komu","2540":"owi\u0105","2541":"zega","2542":" b ","2543":"ierp","2544":" ilu","2545":"a\u017ani","2546":"byt ","2547":"miar","2548":"towe","2549":"mogl","2550":"z\u0105c ","2551":"wi\u0105 ","2552":"leka","2553":"\u0142ego","2554":"tacj","2555":"kie\u015b","2556":"aneg","2557":"bko ","2558":"i\u0105dz","2559":"choc","2560":"sk\u0142a","2561":"\u00f3r\u0105 ","2562":"tana","2563":"entu","2564":"ncji","2565":"racu","2566":"matk","2567":"szec","2568":" zes","2569":"apie","2570":" utr","2571":"ynik","2572":"iku ","2573":" mis","2574":"rali","2575":"wybo","2576":"otni","2577":"karz","2578":" zje","2579":" uro","2580":"ogli","2581":"a\u0142\u0105 ","2582":"t\u00f3r\u0105","2583":" wci","2584":"zuj\u0105","2585":"ybor","2586":"zgod","2587":"\u0142u\u017cb","2588":"kacj","2589":"szo\u015b","2590":"wici","2591":"kszo","2592":"zymi","2593":"e\u017a\u0107 ","2594":"ian ","2595":"awid","2596":"eprz","2597":" \u017cyj","2598":"orem","2599":"cham","2600":"eni\u0105","2601":"pi\u0107 ","2602":"wers","2603":"sweg","2604":"zagr","2605":"nni ","2606":"nikt","2607":"zaj ","2608":"rze\u0107","2609":"on\u0105 ","2610":"ja\u0144s","2611":"jasn","2612":"ranc","2613":"ictw","2614":"ynaj","2615":"cies","2616":"kaj ","2617":"ydzi","2618":" the","2619":"dom ","2620":" tow","2621":"yska","2622":"nica","2623":"prod","2624":"iwy ","2625":"oprz","2626":"oszu","2627":"nio ","2628":" zma","2629":"rado","2630":"dawn","2631":"zdj\u0119","2632":"ogie","2633":"ypom","2634":"o\u0142o ","2635":"ury ","2636":"odli","2637":"sob\u0105","2638":"opod","2639":"fran","2640":" akt","2641":"ko\u0142o","2642":"aw\u0119 ","2643":"za\u0142e","2644":"ar\u0119 ","2645":" t\u0105 ","2646":"g\u0142up","2647":"edze","2648":"ecki","2649":"rczy","2650":"maci","2651":"zter","2652":"abra","2653":"powr","2654":"asow","2655":"poso","2656":"orow","2657":"ncie","2658":"oza ","2659":"dn\u0105 ","2660":"esi\u0119","2661":"wneg","2662":"i\u0119\u0107 ","2663":"szer","2664":"ysza","2665":"owic","2666":"jnie","2667":"wa\u0142y","2668":"\u0105dzi","2669":" fak","2670":"liwy","2671":"doty","2672":"ciwi","2673":"wala","2674":"pok\u00f3","2675":"kiwa","2676":"ok\u00f3j","2677":"wyso","2678":" lew","2679":"m\u0105dr","2680":" lin","2681":"robo","2682":"czte","2683":"kurw","2684":"rzer","2685":" r\u0119k","2686":"\u015bred","2687":"lia ","2688":"raju","2689":"rzon","2690":"runk","2691":"iste","2692":"odno","2693":"iest","2694":"rka ","2695":" wp\u0142","2696":"dk\u00f3w","2697":"tudi","2698":"naj\u0105","2699":"iedn","2700":" czt","2701":"iat ","2702":"lna ","2703":"walc","2704":"niac","2705":"dnej","2706":"m\u00f3c ","2707":"mini","2708":"dopo","2709":"obro","2710":" brz","2711":"ieru","2712":"euro","2713":"ecia","2714":"ci\u0119\u017c","2715":"olno","2716":"nala","2717":"dczy","2718":"ham ","2719":"tra ","2720":"arte","2721":"\u015br\u00f3d","2722":" ros","2723":"rat ","2724":"oko\u0142","2725":"tery","2726":"awdo","2727":"rato","2728":"unkc","2729":"ypow","2730":"stop","2731":"uzna","2732":"na\u0142 ","2733":"nist","2734":"hoci","2735":" fac","2736":" swy","2737":"\u0142o\u017cy","2738":"ra\u017ce","2739":"czyz","2740":"amoc","2741":"wia\u0142","2742":"araz","2743":"nimi","2744":" zby","2745":" c\u00f3\u017c","2746":"szel","2747":"wo\u0142a","2748":"dy\u015b ","2749":"osko","2750":" dor","2751":"koro","2752":" \u015bci","2753":"\u017cnic","2754":"in\u0119 ","2755":"raj\u0105","2756":"ija\u0144","2757":"rzyz","2758":"wki ","2759":"cym ","2760":"zna\u0107","2761":"rci ","2762":"lijn","2763":"zamk","2764":" ko\u015b","2765":" uzn","2766":"i\u0105\u017ck","2767":"niaj","2768":"rady","2769":"cia\u017c","2770":"moch","2771":"imo ","2772":"test","2773":"an\u00f3w","2774":"u\u015bci","2775":"ckie","2776":"cem ","2777":"tne ","2778":" wy ","2779":"kali","2780":"ucze","2781":"ekaw","2782":"zapa","2783":"\u0142odz","2784":"obi ","2785":"oleg","2786":"giem","2787":"mowi","2788":"awo ","2789":"\u0119\u0142a ","2790":"wyk\u0142","2791":" opu","2792":"c\u00f3\u017c ","2793":"ojaw","2794":"zwan","2795":"po\u0142o","2796":"\u0142kow","2797":"blij","2798":"lini","2799":"\u0119ta ","2800":"jna ","2801":"niko","2802":"zygo","2803":"omag","2804":"wp\u0142y","2805":"ag\u0119 ","2806":"eszt","2807":"uwie","2808":"rawy","2809":"\u017acie","2810":"\u0142asz","2811":" twi","2812":" con","2813":"adko","2814":"tob\u0105","2815":"aga ","2816":"soby","2817":"\u0144cu ","2818":"prag","2819":" g\u0142u","2820":"ra\u0142 ","2821":"jak\u0105","2822":"ej\u0119 ","2823":"onuj","2824":"awan","2825":"stru","2826":"nuje","2827":"z\u0105tk","2828":"t\u0142um","2829":"serw","2830":"otyc","2831":"wag\u0119","2832":"enty","2833":"ria ","2834":"chy ","2835":"posi","2836":"ykon","2837":"zako","2838":"ilus","2839":"wrot","2840":"le\u017a\u0107","2841":"\u00f3bow","2842":"dnyc","2843":" muz","2844":"mimo","2845":" klu","2846":"ysty","2847":"ywat","2848":"tro ","2849":"wdop","2850":"licj","2851":" dys","2852":" kwa","2853":"k\u00f3j ","2854":" sp\u00f3","2855":"ajwi","2856":"ontr","2857":"dj\u0119c","2858":"zate","2859":"usze","2860":"blii","2861":"pszy","2862":"tan ","2863":"jona","2864":"w\u00f3ch","2865":"unkt","2866":"nneg","2867":"ragn","2868":"modl","2869":"dw\u00f3c","2870":"zdan","2871":"\u00f3ch ","2872":"alcz","2873":" sch","2874":"rto\u015b","2875":"y\u0142am","2876":"acz ","2877":"o\u017cen","2878":"r\u00f3bo","2879":" oby","2880":"ow\u0119 ","2881":"odza","2882":" reg","2883":"eryk","2884":"resu","2885":"aci ","2886":" sal","2887":"ra\u017ca","2888":"apom","2889":" sk\u0105","2890":" p\u00f3j","2891":"agro","2892":"zepi","2893":"ogo ","2894":"ntow","2895":"jani","2896":"uczn","2897":"eraj","2898":" tyg","2899":"ydow","2900":"wodn","2901":" wit","2902":"zyka","2903":"woja","2904":"g\u0142\u00f3w","2905":"a\u0142a\u015b","2906":" szt","2907":" wyo","2908":"dal ","2909":"ciow","2910":" da\u0142","2911":"i\u0105zk","2912":"kaj\u0105","2913":"roma","2914":"onan","2915":"lnej","2916":"fakt","2917":"ta\u0142y","2918":"nocz","2919":"wnym","2920":"iska","2921":"imi\u0119","2922":"sk\u0105d","2923":"yobr","2924":"pism","2925":"czki","2926":"wody","2927":"panu","2928":"tytu","2929":" upr","2930":"ojek","2931":"wyob","2932":" dec","2933":"abie","2934":"zmar","2935":"amkn","2936":"kolo","2937":"\u0142owo","2938":"nict","2939":"budz","2940":" ram","2941":"jach","2942":"dzim","2943":"y\u017csz","2944":"dusz","2945":"lisz","2946":"wnic","2947":"akby","2948":"wypo","2949":" m\u0105d","2950":"jakb","2951":"akow","2952":"wy\u017cs","2953":"odat","2954":" dia","2955":"ni\u0105d","2956":"bra\u0107","2957":"osie","2958":"owu ","2959":"zna\u0142","2960":" mal","2961":"skar","2962":"ada\u0107","2963":" zwr","2964":"dane","2965":"apro","2966":"esti","2967":"obli","2968":" kry","2969":"la\u0142e","2970":"spie","2971":"atak","2972":"zimy","2973":"anim","2974":"iepo","2975":"od\u00f3w","2976":"oneg","2977":"proj","2978":"zi\u0142a","2979":"ium ","2980":" wpr","2981":"taka","2982":"og\u00f3l","2983":" res","2984":" sil","2985":"lone","2986":"rzyd","2987":" rus","2988":"zwon","2989":"iono","2990":"ygot","2991":"da\u0142o","2992":"zko\u0142","2993":"bien","2994":"i\u0119ty","2995":"ie\u015b\u0107","2996":" zaz","2997":" mn\u0105","2998":"ekar","2999":"astr","3000":"face","3001":" g\u0142\u00f3","3002":"jsca","3003":"\u0105czy","3004":"wci\u0105","3005":"dali","3006":"ukow","3007":"inus","3008":"ysok","3009":"toso","3010":"nni\u015b","3011":"romn","3012":" odr","3013":"ugo ","3014":"elni","3015":"biec","3016":"unku","3017":"yta\u0142","3018":"enci","3019":"sztu","3020":"kons","3021":" apo","3022":"obot","3023":" wzr","3024":"asy ","3025":" odk","3026":"emni","3027":"brat","3028":"anej","3029":"ofia","3030":"kr\u00f3t","3031":"o\u0142ow","3032":"brac","3033":"wano","3034":"erca","3035":"o\u0142a ","3036":"ogi ","3037":"mani","3038":"\u017cony","3039":"znow","3040":"ecyd","3041":"zbor","3042":"haj ","3043":"awni","3044":"cz\u0119 ","3045":"siln","3046":"mie\u015b","3047":"okie","3048":"tw\u00f3r","3049":"narz","3050":"edy\u015b","3051":"rzwi","3052":"pror","3053":"bia\u0142","3054":"yma\u0107","3055":"ona\u0142","3056":"aki\u015b","3057":"wybr","3058":"podp","3059":"lony","3060":"uszy","3061":"zasz","3062":"jnyc","3063":"o\u0144cu","3064":" \u0142at","3065":"mego","3066":"asem","3067":"rote","3068":" ni\u0105","3069":"sta\u0144","3070":"zili","3071":"cach","3072":"ki\u015b ","3073":"pot\u0119","3074":"ia\u017c ","3075":" ok ","3076":"zian","3077":"lisk","3078":"zczo","3079":"zial","3080":"inna","3081":"zo\u015b\u0107","3082":"drzw","3083":"on\u00f3w","3084":"po\u015br","3085":"zeda","3086":"zek\u0142","3087":"tygo","3088":"ocie","3089":" us\u0142","3090":"udno","3091":"adku","3092":"kre\u015b","3093":"\u015blad","3094":"agra","3095":"ewol","3096":"prop","3097":"lera","3098":" odz","3099":"roro","3100":"\u0105c\u0105 ","3101":"wi\u0142e","3102":"i\u0119cy","3103":"\u0119cy ","3104":"ni\u0119t","3105":"idz\u0119","3106":"sk\u0105 ","3107":"rz\u0119d","3108":"tras","3109":"wida","3110":" kro","3111":"nta ","3112":"re\u015bl","3113":"nkcj","3114":"iano","3115":"nuj\u0105","3116":"og\u0142a","3117":" oba","3118":"sa\u0142 ","3119":"moc ","3120":"nus ","3121":"dzil","3122":"fiar","3123":"suje","3124":"a\u0142ej","3125":"cjon","3126":" twa","3127":"\u0144ca ","3128":"oroz","3129":"poci","3130":"\u00f3g\u0142 ","3131":"g\u0142\u0119b","3132":"dego","3133":"czar","3134":" eur","3135":"tny ","3136":"pano","3137":" man","3138":"po\u017cy","3139":"ogu ","3140":"\u0142ugi","3141":"zaso","3142":"sw\u00f3j","3143":"ojci","3144":"zkol","3145":"rona","3146":"onta","3147":"nnik","3148":"pu\u015bc","3149":"ieki","3150":"bre ","3151":"doko","3152":"nowu","3153":"sto\u0142","3154":"scu ","3155":"dosk","3156":"jscu","3157":"iel ","3158":"ega ","3159":"maty","3160":"\u017cy\u0142 ","3161":" sw\u00f3","3162":"odaj","3163":"woni","3164":"ero ","3165":"blis","3166":"erz\u0119","3167":" chi","3168":" tre","3169":"scho","3170":"urze","3171":"jwi\u0119","3172":"ntro","3173":"lekt","3174":" trw","3175":"lika","3176":"awa\u0107","3177":"d\u017aci","3178":"macz","3179":"om\u00f3c","3180":"dnos","3181":"psze","3182":"jutr","3183":"tyku","3184":"bo\u017cy","3185":"eren","3186":"dzio","3187":"ni\u0119c","3188":"wicz","3189":"chc\u0105","3190":"oduk","3191":"li\u0142 ","3192":"cisk","3193":"i\u00f3w ","3194":"\u0119pni","3195":"akuj","3196":"nocy","3197":" dar","3198":"amow","3199":"atu ","3200":"gaj\u0105","3201":"\u0142usz","3202":" kli","3203":" ins","3204":" bab","3205":"lnik","3206":"wzi\u0105","3207":"ta\u0144 ","3208":"ed\u017a ","3209":"podr","3210":"funk","3211":" eks","3212":"elon","3213":"tars","3214":"cnie","3215":"jekt","3216":" bia","3217":"szon","3218":"suj\u0105","3219":"iszc","3220":" ide","3221":"erem","3222":"ikac","3223":" har","3224":"zyso","3225":"elek","3226":"esow","3227":"o\u0142y ","3228":"lewi","3229":" ogl","3230":"nagr","3231":"sens","3232":"obil","3233":"\u0105cej","3234":"sji ","3235":"\u0142\u00f3wn","3236":"\u0142ek ","3237":"og\u0142o","3238":"z\u0105ce","3239":" rzu","3240":"the ","3241":"tuj\u0105","3242":"aca ","3243":"g\u0142by","3244":"zali","3245":"twem","3246":"o\u017con","3247":" wej","3248":"owit","3249":"zaba","3250":"hodn","3251":"iemn","3252":"zkie","3253":"zy\u0142o","3254":"ci\u00f3\u0142","3255":"obyw","3256":"dym ","3257":" jut","3258":"tora","3259":" zai","3260":"pono","3261":" p\u0142y","3262":"sp\u00f3l","3263":"spec","3264":"rano","3265":"p\u00f3ln","3266":"nk\u00f3w","3267":"owis","3268":"res ","3269":"\u0142awi","3270":"wi\u0119z","3271":"atki","3272":"omie","3273":"rzet","3274":" cud","3275":"k\u0142am","3276":"trza","3277":"\u017cnyc","3278":"adny","3279":"sa\u0107 ","3280":"erz ","3281":"edz\u0105","3282":"tura","3283":" zwa","3284":"wido","3285":"do\u015b\u0107","3286":" fir","3287":" kul","3288":"\u00f3g\u0142b","3289":"eczo","3290":"kazy","3291":"akto","3292":"niku","3293":"uch ","3294":"z\u0119dz","3295":"awio","3296":"i\u0105\u017c ","3297":"iary","3298":"dnik","3299":"alen","3300":"a\u0142u ","3301":"zona","3302":"iby\u015b","3303":"ota ","3304":"inut","3305":"ewny","3306":"knie","3307":"zdob","3308":" w\u0142o","3309":"puj\u0105","3310":"oczo","3311":"opra","3312":"esza","3313":"doby","3314":" nor","3315":"ityc","3316":"ikie","3317":"oszc","3318":"ktow","3319":"abaw","3320":"alek","3321":"son ","3322":"yjne","3323":"ajpi","3324":"dnoc","3325":"oczu","3326":"blik","3327":" t\u0142u","3328":"wyma","3329":"chwa","3330":"stol","3331":"po\u0142u","3332":"j\u0105\u0107 ","3333":"pnie","3334":"odkr","3335":"gicz","3336":"chem","3337":"datk","3338":"zabr","3339":"ualn","3340":"tni ","3341":"awe\u0142","3342":"rowe","3343":"cj\u0105 ","3344":" st\u0105","3345":"ejrz","3346":"entr","3347":"\u0119li ","3348":"st\u0105d","3349":"ciej","3350":"mo\u015bc","3351":"erwa","3352":"\u015bliw","3353":"rce ","3354":"mist","3355":" rol","3356":"eszy","3357":"efon","3358":"wywa","3359":"si\u0107 ","3360":"adk\u00f3","3361":"tech","3362":"sien","3363":"koju","3364":"pawe","3365":" nac","3366":" k\u0142a","3367":"mem ","3368":"\u00f3wi\u0107","3369":"iowa","3370":"\u017cki ","3371":"\u00f3lni","3372":"iowe","3373":"isa\u0107","3374":"wami","3375":"trol","3376":"umac","3377":"\u017cyje","3378":"zase","3379":"sto\u015b","3380":"jmow","3381":" krw","3382":"ni\u015bm","3383":"yjny","3384":"ie\u0144s","3385":"ing ","3386":"tawa","3387":"elef","3388":"zamy","3389":" dwi","3390":"nnie","3391":"lefo","3392":"ent\u00f3","3393":"owol","3394":"natu","3395":" spi","3396":"stac","3397":"zapi","3398":"cko ","3399":"enio","3400":"piek","3401":"czyk","3402":"ezen","3403":"alon","3404":"onu ","3405":"rz\u0119 ","3406":"wpro","3407":"\u0119ty ","3408":"ra\u017an","3409":"pliw","3410":"apos","3411":"ista","3412":" gre","3413":"ozyc","3414":"firm","3415":"rawn","3416":" obl","3417":"wyzn","3418":"isie","3419":" kaw","3420":"ogo\u015b","3421":"ma\u0142e","3422":" ods","3423":"on\u0119 ","3424":"a\u0142ko","3425":" gaz","3426":"a\u017caj","3427":"erce","3428":"erw ","3429":" akc","3430":" s\u0142a","3431":"ied\u017a","3432":" mec","3433":"ymie","3434":"alis","3435":"cz\u0105\u0142","3436":"ksze","3437":" blo","3438":"\u0105gu ","3439":"zent","3440":" cor","3441":"zie\u015b","3442":"ma\u0142y","3443":"ecja","3444":"ento","3445":"zupe","3446":"dopi","3447":"we\u0142 ","3448":"nosz","3449":"samy","3450":"rwa\u0142","3451":"zycj","3452":"wi\u0142a","3453":"iena","3454":"poty","3455":"eg\u00f3l","3456":"wypr","3457":"ej\u015b\u0107","3458":"jmni","3459":"i\u0119zi","3460":"zbud","3461":"istr","3462":"rogi","3463":"ynos","3464":"upe\u0142","3465":"znam","3466":"jbar","3467":"zawo","3468":"unek","3469":"yjem","3470":"stre","3471":"ajba","3472":"wisz","3473":"grod","3474":"dany","3475":"czka","3476":"szy\u0142","3477":"wa\u017cy","3478":"ajmn","3479":"zebr","3480":" tec","3481":"zapy","3482":"ydar","3483":"zwi ","3484":"szac","3485":"szaj","3486":"zadz","3487":"rek ","3488":"eni\u0119","3489":"wko ","3490":" zga","3491":"mach","3492":"i\u0105gu","3493":"muj\u0105","3494":" mim","3495":"pad\u0142","3496":"sadz","3497":"olar","3498":" wy\u0142","3499":"\u017cdeg","3500":"kszy","3501":"usie","3502":"ad\u0119 ","3503":"\u0119czn","3504":"rszy","3505":"podn","3506":"\u017caj\u0105","3507":"bra\u0142","3508":"ap\u0142a","3509":"wate","3510":"apyt","3511":"st\u00f3w","3512":"aste","3513":"ykor","3514":"wowa","3515":"usz\u0105","3516":"rtyk","3517":"urwa","3518":"dowy","3519":"tamt","3520":"sier","3521":"wygr","3522":"umia","3523":"czci","3524":"onej","3525":"zarz","3526":" bio","3527":"iski","3528":"tory","3529":"atom","3530":" zeb","3531":"\u017ale ","3532":" y ","3533":"ytam","3534":" kaz","3535":"jazd","3536":"tymi","3537":"nkow","3538":"iesk","3539":"i\u015b\u0107 ","3540":"licy","3541":"demo","3542":"anio","3543":"kcja","3544":"liza","3545":"ybra","3546":"zesn","3547":"utro","3548":"nowo","3549":"cz\u0119\u0142","3550":"wi\u0105c","3551":" sio","3552":"oszt","3553":"szli","3554":"r\u0119cz","3555":"iene","3556":"\u00f3wne","3557":"dny ","3558":"azan","3559":"iost","3560":"mkni","3561":"zelk","3562":"kuj\u0105","3563":"\u00f3ci\u0142","3564":"waj ","3565":"pies","3566":"dniu","3567":"ital","3568":"zono","3569":"si\u0142 ","3570":"espo","3571":"eby\u015b","3572":"iwa ","3573":" suk","3574":"wodo","3575":"horo","3576":"popa","3577":" jer","3578":"orii","3579":"urod","3580":"lczy","3581":"\u0142uma","3582":"zany","3583":"maln","3584":"mord","3585":"ecni","3586":"tyki","3587":"jrze","3588":"iana","3589":"jpie","3590":" opa","3591":"ywal","3592":"azwa","3593":"rcza","3594":"sama","3595":"ajdu","3596":"dach","3597":"dola","3598":"gie ","3599":"ropo","3600":" mon","3601":"erzc","3602":"si\u0105g","3603":"\u015bnia","3604":"unki","3605":" ukr","3606":"oste","3607":"osi\u0105","3608":"iety","3609":"rozd","3610":"atel","3611":"\u00f3wi\u0119","3612":"obi\u0119","3613":"gene","3614":"naln","3615":"ieta","3616":"niza","3617":"\u0142ywa","3618":"wie\u015b","3619":"rabi","3620":"tury","3621":"zbie","3622":"szal","3623":"b\u0105d\u017a","3624":"erpi","3625":"ktu ","3626":"letn","3627":"znaw","3628":"reso","3629":"tary","3630":"sowe","3631":"lucz","3632":"ozw\u00f3","3633":"sios","3634":"zain","3635":"ejsk","3636":" wer","3637":"zyny","3638":"cili","3639":"koli","3640":"adzo","3641":"j\u0105ca","3642":"mome","3643":"real","3644":"cho\u0107","3645":"iato","3646":"pewi","3647":" mom","3648":" szp","3649":"od\u0119 ","3650":"zeby","3651":"czu ","3652":"rcie","3653":"o\u0144ca","3654":"pecj","3655":"ekty","3656":"raw\u0119","3657":"ln\u0105 ","3658":"\u0142owy","3659":"urat","3660":"agan","3661":"aza\u0107","3662":"aktu","3663":"w\u0105tp","3664":"arli","3665":"rozk","3666":"agi ","3667":"atwi","3668":" dem","3669":"atan","3670":" jan","3671":"jduj","3672":"rans","3673":"abij","3674":"ecko","3675":"ot\u00f3w","3676":"pali","3677":"ka\u0142 ","3678":"dowe","3679":" nos","3680":"p\u0119dz","3681":"jca ","3682":"dr\u00f3\u017c","3683":"rotn","3684":"adek","3685":"kom\u00f3","3686":"wykl","3687":"kluc","3688":"oddz","3689":"y\u0142\u0105c","3690":"odr\u00f3","3691":"om\u00f3r","3692":"teln","3693":"\u017cona","3694":" by\u015b","3695":"\u015blis","3696":"zora","3697":"ecyz","3698":"ochr","3699":"zku ","3700":" sum","3701":"urop","3702":"\u00f3ci\u0107","3703":"ojny","3704":"ewn\u0105","3705":"anta","3706":"zta\u0142","3707":"muzy","3708":"wybi","3709":"\u0105gn\u0105","3710":"tran","3711":"cydo","3712":"para","3713":"moj\u0105","3714":"o\u017ceg","3715":"ular","3716":"zdec","3717":"anem","3718":" zup","3719":"rycz","3720":"auwa","3721":"zauw","3722":"od\u017a ","3723":"spr\u00f3","3724":"zemy","3725":"ytaj","3726":"s\u0142us","3727":"ncja","3728":"mowy","3729":"tobi","3730":"ugi ","3731":" wni","3732":" fin","3733":"wzro","3734":"awic","3735":"le\u017cn","3736":"ol\u0119 ","3737":"zpoc","3738":"ctwo","3739":"yjsk","3740":"yk\u00f3w","3741":" mic","3742":"ada\u0142","3743":"iwko","3744":" nak","3745":"wys\u0142","3746":"omys","3747":"\u0142udn","3748":"zaj\u0119","3749":" wes","3750":"noc ","3751":"towi","3752":"kute","3753":"obse","3754":" per","3755":"\u0142aci","3756":"nkie","3757":"gli ","3758":"azu ","3759":"arni","3760":"anal","3761":"tate","3762":"ysi\u0119","3763":"\u017amy ","3764":"iej\u0105","3765":"\u0142noc","3766":" wch","3767":"iasz","3768":"osi\u0107","3769":"spe\u0142","3770":"pera","3771":"ywam","3772":"aku ","3773":"rwow","3774":"zin ","3775":"g\u00f3w ","3776":"yma\u0142","3777":"ewan","3778":"y\u0142e\u015b","3779":"konc","3780":"graf","3781":"owsz","3782":"isze","3783":"ange","3784":"sca ","3785":"ejny","3786":" b\u0105d","3787":"unik","3788":"o\u017cyc","3789":"ojrz","3790":"o\u0142\u0105c","3791":" pap","3792":"fina","3793":"tra\u017c","3794":"zymu","3795":"kome","3796":"z\u0119\u015bl","3797":"dcze","3798":"rozs","3799":"yso\u015b","3800":"ojca","3801":"kom ","3802":"\u0119\u015bli","3803":"ekcj","3804":"\u017cszy","3805":"ion ","3806":"kty ","3807":"asa ","3808":"ac\u0119 ","3809":"\u0119te ","3810":"ziwe","3811":"czan","3812":"o\u0142ud","3813":"syna","3814":"poje","3815":"kcie","3816":"kimi","3817":"leg\u0142","3818":"erni","3819":"yta\u0107","3820":"eruj","3821":"imie","3822":"yst\u0119","3823":" urz","3824":"leme","3825":"z\u0119\u015b\u0107","3826":"kana","3827":"stw ","3828":"bser","3829":"\u0119pow","3830":"cami","3831":"erun","3832":"zdar","3833":"omow","3834":"s\u0142ab","3835":"norm","3836":"acyj","3837":"mary","3838":"enaw","3839":"zi\u0142e","3840":"\u0119\u015b\u0107 ","3841":"arow","3842":"ys\u0142a","3843":"i\u0105ga","3844":"wnia","3845":"wias","3846":"utrz","3847":"bion","3848":" b\u0142o","3849":"cka ","3850":"jem ","3851":"tkan","3852":"er\u00f3w","3853":"rnik","3854":"jd\u0119 ","3855":"anka","3856":"bija","3857":"mym ","3858":"\u017cego","3859":"bank","3860":"ijne","3861":"ado\u015b","3862":"ktyc","3863":" don","3864":"zewo","3865":"\u0105tku","3866":"liko","3867":"rnie","3868":"a\u0142o\u017c","3869":"echo","3870":"ka\u0144s","3871":"eram","3872":" ind","3873":" ata","3874":"iwan","3875":" pus","3876":" obj","3877":" osz","3878":" oce","3879":" sty","3880":"prof","3881":"o\u017cyt","3882":"olec","3883":"abym","3884":"sach","3885":"olon","3886":"szni","3887":"a\u0142eg","3888":"to\u015b\u0107","3889":"atac","3890":"uszn","3891":"pola","3892":"osia","3893":"s\u0142\u00f3w","3894":"giej","3895":"ymag","3896":"\u017ceci","3897":"\u0105gni","3898":"\u0142opa","3899":"\u0105d\u017a ","3900":"ze\u017cy","3901":"dia ","3902":"gada","3903":" i\u015b\u0107","3904":"ch\u0119c","3905":"enne","3906":"odle","3907":"d\u0142a ","3908":"larn","3909":"\u0105du ","3910":"i\u0105ce","3911":"ma\u0142\u017c","3912":"esuj","3913":"gdy\u017c","3914":"la\u0142a","3915":"pust","3916":"wc\u00f3w","3917":" ina","3918":" we\u017a","3919":"wcho","3920":"stow","3921":"acet","3922":"zyki","3923":" ruc","3924":"\u0119\u0142o ","3925":"walk","3926":"uki ","3927":" kas","3928":"dasz","3929":"otwi","3930":"p\u00f3jd","3931":"eran","3932":" mag","3933":" wro","3934":"w\u015br\u00f3","3935":"yszy","3936":"uper","3937":" da ","3938":"wstr","3939":"zdzi","3940":"\u0142a\u0142 ","3941":"a\u0142o\u015b","3942":"arne","3943":"ieza","3944":"ddzi","3945":"a\u0142ki","3946":"etow","3947":" wob","3948":"rzyl","3949":"tety","3950":"hcie","3951":"zgad","3952":"szat","3953":" w\u0105t","3954":" w\u015br","3955":"t\u0119po","3956":"kam ","3957":"ciwk","3958":"zjed","3959":"bogu","3960":"zina","3961":"ziwi","3962":" e ","3963":"kret","3964":"adzw","3965":"kszt","3966":"dy\u017c ","3967":"ieln","3968":"erac","3969":"oma ","3970":"krwi","3971":"ajwy","3972":"ryty","3973":" plu","3974":"tnia","3975":"raw ","3976":"down","3977":"bimy","3978":"apit","3979":"wobe","3980":"ga\u0107 ","3981":"ilm ","3982":"jrza","3983":" lit","3984":"rowy","3985":"yni ","3986":"zeli","3987":"howi","3988":"zaje","3989":"inst","3990":"usz ","3991":"mich","3992":"bec ","3993":"ier\u0107","3994":"rto ","3995":"oni\u0107","3996":"alna","3997":"anty","3998":"zk\u0119 ","3999":" bym","4000":"duj\u0105","4001":" wiz","4002":"ajmy","4003":"o\u017cec","4004":"zewa","4005":"p\u0142yn","4006":"bi\u0142a","4007":"\u0119ciu","4008":"takt","4009":"tros","4010":" sup","4011":"eka\u0107","4012":"bne ","4013":"te\u015bc","4014":"h\u00f3d ","4015":"odbi","4016":"owo\u015b","4017":" \u017cyd","4018":"zuca","4019":"cora","4020":"nerg","4021":"iali","4022":"ko\u0142y","4023":"ch\u00f3d","4024":" rep","4025":"tno\u015b","4026":"inno","4027":"\u0142ki ","4028":"ektr","4029":"r\u00f3b ","4030":"\u0119pny","4031":" typ","4032":" psy","4033":"atko","4034":"tusa","4035":"dami","4036":"uchu","4037":"kwes","4038":"kby ","4039":"naty","4040":" o\u015bw","4041":"rnet","4042":" zaa","4043":"lizo","4044":"kapi","4045":"namy","4046":"iedo","4047":"ruje","4048":"prot","4049":"wnyc","4050":"stot","4051":"ej\u015bc","4052":"seks","4053":"\u017ce\u0144s","4054":" g\u0142\u0119","4055":" kwe","4056":"siej","4057":"y\u015bl ","4058":"ctwa","4059":"ancj","4060":"eni\u0142","4061":"eki ","4062":" sym","4063":" umy","4064":"iemo","4065":"blia","4066":"rama","4067":"\u0105co ","4068":"szpi","4069":"asny","4070":"otwo","4071":"rzch","4072":"pozi","4073":"inan","4074":" ene","4075":"kojn","4076":"agni","4077":"awod","4078":"d\u0142u\u017c","4079":" ant","4080":"cyzj","4081":"yka\u0144","4082":"toli","4083":"zykr","4084":"ozio","4085":"iwym","4086":"akt ","4087":"opak","4088":"wczo","4089":"ysi\u0105","4090":"sp\u00f3j","4091":"arny","4092":"wni ","4093":"ymuj","4094":"tce ","4095":"ys\u0142u","4096":"\u0142by\u015b","4097":"anki","4098":"\u0142u\u017cy","4099":" d ","4100":"tamy","4101":"once","4102":"spad","4103":"oka\u017c","4104":"akte","4105":"kryt","4106":"bi\u0105 ","4107":"u\u017cyt","4108":"iels","4109":" jac","4110":" pac","4111":"ulic","4112":"\u0142opc","4113":"hc\u0105 ","4114":"conk","4115":"etu ","4116":"kocz","4117":"buj\u0119","4118":" biu","4119":"zerz","4120":"yku\u0142","4121":"rsza","4122":"mia ","4123":"\u0105tko","4124":"ic\u0119 ","4125":"kamy","4126":"land","4127":"\u0142ogo","4128":"er\u0107 ","4129":"d\u0142em","4130":"j\u00f3w ","4131":"eral","4132":"dki ","4133":"\u0142oni","4134":"jasz","4135":"wian","4136":"icza","4137":" pil","4138":"lekc","4139":"wach","4140":"i\u0119\u017ck","4141":"uga ","4142":"medi","4143":"ma\u0142o","4144":"y\u0142ob","4145":"ojni","4146":" obu","4147":" uli","4148":"ziwy","4149":"aci\u00f3","4150":"konf","4151":"remi","4152":"emia","4153":"rz\u0105 ","4154":"\u0142upi","4155":"emno","4156":" des","4157":"ni\u0119d","4158":"ach\u0119","4159":"epro","4160":"amen","4161":"atka","4162":"ida\u0107","4163":"tan\u0105","4164":"p\u00f3\u0142n","4165":"znak","4166":"szto","4167":"mar\u0142","4168":"rmal","4169":"ato ","4170":"rry ","4171":"owyw","4172":"gryw","4173":"radi","4174":" ste","4175":"ajdz","4176":"o\u015bni","4177":"wcy ","4178":"ekst","4179":"wagi","4180":"gos\u0142","4181":" \u0142ad","4182":"dka ","4183":"go\u015bc","4184":"icha","4185":"nsow","4186":"jeci","4187":"jnym","4188":"sych","4189":"\u0105da\u0142","4190":" c\u00f3r","4191":"wi\u0105t","4192":"nieo","4193":"ys\u0142 ","4194":"j\u0105tk","4195":" imp","4196":"kle ","4197":"a\u0142ab","4198":"owro","4199":"iowy","4200":"laj\u0105","4201":"arch","4202":"regu","4203":"nikn","4204":"lane","4205":" usa","4206":"iesp","4207":"kni\u0119","4208":" \u015bpi","4209":"iat\u0142","4210":" opr","4211":"domi","4212":"ek\u0142 ","4213":"pion","4214":" gos","4215":"etyc","4216":"ajmu","4217":"rzam","4218":"\u0105\u0142em","4219":"ogic","4220":"omad","4221":"ekie","4222":"\u0119du ","4223":"rtow","4224":"owoc","4225":" but","4226":"iose","4227":"ezna","4228":" zgr","4229":"orob","4230":" wil","4231":"zeki","4232":" s ","4233":"lani","4234":"ybie","4235":"p\u00f3jr","4236":"ergi","4237":"adra","4238":"ieko","4239":"zynk","4240":"ieca","4241":" zim","4242":"du\u017cy","4243":"ygra","4244":"trow","4245":"opat","4246":"ogos","4247":"pisy","4248":"rzmi","4249":"sowy","4250":"ycze","4251":"erz\u0105","4252":"nato","4253":"supe","4254":"jan ","4255":"ine ","4256":" rez","4257":"g\u0142o\u015b","4258":"emoc","4259":"odar","4260":"\u0119tni","4261":"biur","4262":"obud","4263":" da\u0107","4264":"upy ","4265":"zedn","4266":"tosu","4267":"mora","4268":"edn\u0105","4269":"wnan","4270":"\u00f3jrz","4271":"nera","4272":" ilo","4273":"zarn","4274":" dus","4275":"powt","4276":"podw","4277":"ntar","4278":"misj","4279":"tak\u0105","4280":"ca\u0142a","4281":"dejm","4282":"aja ","4283":"potw","4284":"ielb","4285":"\u00f3\u0142no","4286":"lado","4287":"ysku","4288":"caj\u0105","4289":"niel","4290":"ijny","4291":"ako\u0144","4292":"per ","4293":"tocz","4294":" zre","4295":"poru","4296":"arz\u0105","4297":"arst","4298":"rty ","4299":"ospo","4300":"mno\u015b","4301":"poga","4302":"opni","4303":"i\u0105gl","4304":" faj","4305":" zbu","4306":"waru","4307":"rac\u0119","4308":"aran","4309":"wyj\u0105","4310":"do\u015bw","4311":"era\u0142","4312":" nab","4313":"uter","4314":"\u017cdym","4315":"skoc","4316":"\u0142osz","4317":"nown","4318":"ycha","4319":"yje ","4320":"nut ","4321":"trum","4322":" c ","4323":"anda","4324":"sobo","4325":"yjec","4326":"yra\u017a","4327":"andy","4328":"wyno","4329":"tato","4330":"ywie","4331":"taln","4332":"hcem","4333":"raku","4334":"ena ","4335":"a\u0142\u017ce","4336":"tk\u0119 ","4337":"orad","4338":"im\u015b ","4339":"\u0119tam","4340":"mecz","4341":"ak\u00f3w","4342":"dkie","4343":"mari","4344":"\u017cby ","4345":"eni\u0107","4346":"\u015bpie","4347":"pokr","4348":" twe","4349":"skal","4350":"ra\u017cn","4351":"abia","4352":"zdra","4353":"olny","4354":"tasz","4355":"owuj","4356":"anso","4357":"a\u017ca ","4358":"zaju","4359":" dup","4360":"ymaj","4361":"\u0142ody","4362":"piep","4363":" han","4364":"\u0142a\u0107 ","4365":"oroc","4366":" mik","4367":"p\u0142at","4368":"aria","4369":"zebn","4370":"adz\u0105","4371":"czam","4372":"ekt ","4373":"man ","4374":"aski","4375":" bos","4376":"nume","4377":"\u017cone","4378":"zied","4379":"\u0142\u017ce\u0144","4380":"ca\u0142\u0105","4381":" san","4382":" kwi","4383":" kop","4384":"emen","4385":" and","4386":"dyni","4387":" dra","4388":"zwar","4389":"ak\u0142a","4390":"dobi","4391":"zata","4392":"lni ","4393":"kart","4394":"gors","4395":"syn ","4396":"rne ","4397":"wole","4398":"i\u0119cz","4399":"kawa","4400":"tyni","4401":"odwi","4402":"asty","4403":"a\u017cny","4404":"esu ","4405":"orni","4406":"zewi","4407":"zw\u00f3l","4408":" usp","4409":"bogi","4410":"cki ","4411":"pisu","4412":"umer","4413":" boj","4414":"\u0105gle","4415":"ciac","4416":"ish ","4417":"oko ","4418":"roga","4419":"zice","4420":"ewa ","4421":"zyk ","4422":"tore","4423":"nawa","4424":"giel","4425":"mo\u015b\u0107","4426":"aru ","4427":"eksp","4428":"z\u0105d ","4429":"ton ","4430":"ramy","4431":"wdy ","4432":"iane","4433":"boru","4434":"ydaw","4435":"dopr","4436":"oki ","4437":"umen","4438":"j\u0105c\u0105","4439":"cemy","4440":"ilku","4441":"lus ","4442":"zacu","4443":"stam","4444":"dysk","4445":" p ","4446":"nty ","4447":"stet","4448":"nia\u0107","4449":"muni","4450":" tes","4451":"da\u0142e","4452":"akaz","4453":"cuje","4454":"odpi","4455":"le\u0107 ","4456":"kato","4457":"cale","4458":"anuj","4459":"wca ","4460":"gn\u0105\u0107","4461":"ameg","4462":" mow","4463":"inow","4464":"il\u0119 ","4465":"\u00f3\u017cny","4466":" upo","4467":" num","4468":"arta","4469":"otwa","4470":"zask","4471":"n\u0119\u0142a","4472":"diab","4473":"resi","4474":"gra\u0142","4475":"\u0142ka ","4476":"iby ","4477":"ni\u0142a","4478":"an\u0119 ","4479":"ko\u015b\u0107","4480":"adio","4481":" ana","4482":"b\u0142og","4483":"krew","4484":"orsz","4485":"doln","4486":"w\u00f3d ","4487":"elbi","4488":"kwad","4489":"yj\u0105t","4490":"\u0119gi ","4491":"ntak","4492":"ezwy","4493":"nial","4494":"iar\u0119","4495":" gwi","4496":"\u015bci\u0142","4497":"iega","4498":"ciwn","4499":"plus","4500":"obne","4501":"oraj","4502":"kt\u00f3w","4503":"yman","4504":"derz","4505":"m\u00f3rk","4506":"arun","4507":"lam ","4508":" zer","4509":"odwr","4510":" zw\u0142","4511":"\u0142os ","4512":"em\u00f3w","4513":"dkry","4514":"\u0142ami","4515":"ziwn","4516":"lar\u00f3","4517":" go\u015b","4518":"\u017csze","4519":"po\u015bw","4520":"obej","4521":"ngel","4522":"yci\u0105","4523":"inis","4524":"wzi\u0119","4525":"i\u00f3\u0142 ","4526":"zak\u0142","4527":"ity ","4528":"odne","4529":"rze\u0144","4530":"ywne","4531":"itan","4532":"ykle","4533":"krze","4534":"owi\u0142","4535":"zane","4536":"epre","4537":"g\u0142a ","4538":"ost ","4539":"gosp","4540":"auko","4541":"atyw","4542":"\u017adzi","4543":"emi\u0119","4544":"oc\u0105 ","4545":"okro","4546":" odm","4547":"pale","4548":"gra ","4549":"rku ","4550":"brzm","4551":"jczy","4552":"erwi","4553":"e\u017ali","4554":"o\u015bre","4555":"so\u015bc","4556":"alow","4557":"\u0144c\u00f3w","4558":"kter","4559":"ynam","4560":"spar","4561":"zano","4562":"wil\u0119","4563":"loka","4564":"wie\u0144","4565":"parc","4566":"sze\u015b","4567":"nno ","4568":"madz","4569":"awaj","4570":"\u00f3wki","4571":"bra\u017c","4572":"dleg","4573":"ion\u00f3","4574":" rek","4575":"zero","4576":"iamy","4577":"obi\u0105","4578":"ewid","4579":"jnej","4580":"ka\u0144c","4581":"ow\u00f3d","4582":"ier ","4583":"amym","4584":"\u0142nia","4585":"ngli","4586":"tral","4587":"com ","4588":"wnio","4589":" r\u0119c","4590":"erny","4591":"adki","4592":"zyby","4593":"wyj\u015b","4594":"ajmi","4595":" sp\u0119","4596":"por\u00f3","4597":"\u0144czo","4598":"doch","4599":"awi ","4600":"obim","4601":"ubi\u0119","4602":"gia ","4603":"uzyk","4604":"iwni","4605":"olor","4606":"uczu","4607":"konk","4608":"\u015bwi\u0105","4609":"wars","4610":" abs","4611":"uka ","4612":"\u017ar\u00f3d","4613":"d\u0142o ","4614":"drod","4615":"erdo","4616":" car","4617":"ysto","4618":" pi\u0142","4619":" bil","4620":"arki","4621":"orde","4622":"oper","4623":" bol","4624":"\u0119zie","4625":"ompl","4626":"wyba","4627":"nany","4628":"\u0119dem","4629":"nemu","4630":"elew","4631":"rzci","4632":"na\u0142e","4633":"wuje","4634":"\u0105trz","4635":"ilo\u015b","4636":"dawi","4637":"sp\u0119d","4638":"ealn","4639":" teo","4640":"prom","4641":" age","4642":"abil","4643":"odna","4644":" bur","4645":"odem","4646":"\u00f3\u017cne","4647":"ola ","4648":"mer ","4649":"iazd","4650":"docz","4651":"seri","4652":"anaw","4653":"kazj","4654":"szar","4655":"litw","4656":"upa ","4657":" \u017ar\u00f3","4658":"ucia","4659":"kim\u015b","4660":"zka\u0144","4661":"poj\u0119","4662":"papi","4663":"wywo","4664":"stec","4665":"taci","4666":"torz","4667":"agen","4668":"ntra","4669":"nili","4670":"wadr","4671":"alu ","4672":"szy\u0107","4673":"rmy ","4674":" wpa","4675":"ch\u0119t","4676":"wka ","4677":"lach","4678":"zyjd","4679":"a\u017cam","4680":"harl","4681":"p\u00f3\u0142 ","4682":"m\u00f3zg","4683":"ron ","4684":" id\u017a","4685":"prak","4686":"wra\u017c","4687":"tole","4688":"\u00f3lne","4689":" tor","4690":"eusz","4691":"drat","4692":"oria","4693":" m\u00f3z","4694":"cisz","4695":"zpit","4696":"ubie","4697":"p\u00f3ki","4698":"moic","4699":"ryzy","4700":" zwo","4701":"tero","4702":"pobi","4703":"st\u0105 ","4704":"armi","4705":"yta ","4706":"uda\u0142","4707":"rak ","4708":" \u017car","4709":"oral","4710":"o\u017cy\u0142","4711":" los","4712":"zans","4713":"da\u0142a","4714":"burz","4715":"\u0142ama","4716":"taro","4717":"zion","4718":" taj","4719":"ntu ","4720":"och ","4721":"nizm","4722":"elac","4723":"by\u015bc","4724":" wkr","4725":"olne","4726":"esa ","4727":" doj","4728":"\u0119ci ","4729":"zja ","4730":"om\u00f3w","4731":"esze","4732":"pi\u0119\u0107","4733":"aint","4734":"ebow","4735":"fajn","4736":"nieu","4737":"ztow","4738":"zawa","4739":"naci","4740":"ia\u0142u","4741":"yci\u0119","4742":"rast","4743":"nans","4744":"ogni","4745":"lan ","4746":"tnio","4747":"zchn","4748":"wysz","4749":"\u00f3ki ","4750":"pres","4751":"iczo","4752":"zi\u0142o","4753":"nnej","4754":"rwi ","4755":"rwon","4756":"zi\u0119c","4757":"spek","4758":"d\u017awi","4759":"gra\u0107","4760":"anin","4761":"swe ","4762":" udo","4763":"erst","4764":"\u0119trz","4765":"czu\u0142","4766":"wsza","4767":"eko ","4768":" zgi","4769":"wn\u0105t","4770":"wykr","4771":"ca\u0107 ","4772":" m ","4773":"nio\u0142","4774":"tydz","4775":" nis","4776":"znis","4777":"awno","4778":" zr\u00f3","4779":"skrz","4780":"n\u0105tr","4781":"piln","4782":"zmow","4783":"kaln","4784":"umys","4785":"kurs","4786":"puje","4787":" kal","4788":"ho\u0107 ","4789":" t ","4790":"okal","4791":"zebo","4792":"zliw","4793":"lku ","4794":"rzan","4795":"razu","4796":"iezw","4797":"celu","4798":"tion","4799":"\u0105czn","4800":"edia","4801":"tr\u00f3w","4802":"ykan","4803":"mput","4804":"osz\u0105","4805":"opar","4806":"ad\u0142 ","4807":"mali","4808":" joh","4809":"ykro","4810":"zw\u0142a","4811":"yce ","4812":"or\u0105c","4813":"psyc","4814":"pula","4815":"odny","4816":"marz","4817":"rder","4818":" geo","4819":"p\u00f3\u0142c","4820":" efe","4821":"z\u00f3r ","4822":"wy\u0142\u0105","4823":"okra","4824":"a\u0142yc","4825":" wrz","4826":"isku","4827":"angi","4828":"trat","4829":" afr","4830":"asz\u0105","4831":"zyj\u0119","4832":"gent","4833":" ogn","4834":"\u00f3le ","4835":"\u00f3stw","4836":"ci\u0142a","4837":"omun","4838":"o\u017cy\u0107","4839":"rno\u015b","4840":"enny","4841":"\u0142kie","4842":"ilni","4843":"zli ","4844":"\u017ani ","4845":"ozmo","4846":" r ","4847":"onia","4848":"tale","4849":"zbro","4850":"soba","4851":"w\u00f3rc","4852":"ej\u0105 ","4853":"rany","4854":"pozb","4855":"z\u0105\u0142 ","4856":"acun","4857":"ompu","4858":"ynow","4859":"damy","4860":"zap\u0142","4861":"ces ","4862":" gry","4863":"kasz","4864":"ntem","4865":"\u017cyli","4866":"ajom","4867":"czba","4868":"\u00f3wis","4869":"tual","4870":"\u017cny ","4871":"dlit","4872":"leko","4873":"ym\u015b ","4874":"czep","4875":"odku","4876":" gar","4877":"plik","4878":"odci","4879":"szci","4880":"oda\u0107","4881":"bici","4882":"ymia","4883":" czw","4884":"nno\u015b","4885":"teli","4886":"azji","4887":"pute","4888":" her","4889":"dcho","4890":"medy","4891":"achu","4892":"ard ","4893":" wio","4894":"w\u0142os","4895":"zemi","4896":"iusz","4897":"oska","4898":"ha\u0142a","4899":"ron\u0119","4900":"\u00f3wny","4901":"art ","4902":"as\u00f3w","4903":" eli","4904":"tna ","4905":"ajwa","4906":"d\u017amy","4907":"jn\u0105 ","4908":"upie","4909":"c\u00f3rk","4910":"rny ","4911":" \u017cy\u0107","4912":"jsza","4913":"spoj","4914":"truk","4915":"ed\u0142e","4916":"yraz","4917":"z\u0105\u0107 ","4918":"ynku","4919":"rtwi","4920":"byci","4921":"wiaz","4922":"bro\u0144","4923":"ler ","4924":"ente","4925":"dokt","4926":"awow","4927":"kura","4928":"adz\u0119","4929":"szem","4930":"swyc","4931":"ejmu","4932":"izuj","4933":" wyl","4934":"lish","4935":"awdy","4936":"ro\u015bc","4937":"zewn","4938":"rzaj","4939":"iar ","4940":" \u0142\u0105c","4941":"emon","4942":"oni\u0142","4943":"iter","4944":" ch\u0119","4945":"chmi","4946":"zyjm","4947":"odsz","4948":"arno","4949":"trad","4950":" che","4951":"zaro","4952":"si\u0142a","4953":"\u015bci\u0107","4954":"mowe","4955":"lk\u0105 ","4956":"i\u017cej","4957":"and ","4958":" uk\u0142","4959":"zici","4960":"orus","4961":"elka","4962":"brzy","4963":" arc","4964":"orac","4965":"zmu ","4966":"miot","4967":"zesp","4968":"atwo","4969":"zynn","4970":" pry","4971":"tk\u00f3w","4972":" ku ","4973":"cown","4974":"rane","4975":"i\u0105ty","4976":"omia","4977":"rte ","4978":" usi","4979":" far","4980":"wnej","4981":"yn\u0105 ","4982":"mne ","4983":" rzy","4984":"a\u017con","4985":" dwu","4986":"iers","4987":" uch","4988":"dows","4989":"ostk","4990":"wizj","4991":"\u0119pne","4992":"ngie","4993":"tus ","4994":" wez","4995":"ypis","4996":"wej\u015b","4997":"dro\u015b","4998":" pad","4999":"\u017cam "}}