{"por":{"0":"de","1":"que","2":"n\u00e3o","3":"um","4":"para","5":"eu","6":"do","7":"em","8":"se","9":"uma","10":"com","11":"os","12":"da","13":"por","14":"no","15":"as","16":"como","17":"na","18":"mas","19":"mais","20":"ele","21":"isso","22":"voc\u00ea","23":"est\u00e1","24":"me","25":"ao","26":"ser","27":"meu","28":"muito","29":"bem","30":"foi","31":"ou","32":"dos","33":"quando","34":"tem","35":"fazer","36":"s\u00e3o","37":"seu","38":"ela","39":"aqui","40":"sua","41":"nos","42":"minha","43":"ent\u00e3o","44":"deus","45":"vai","46":"j\u00e1","47":"s\u00f3","48":"sobre","49":"agora","50":"n\u00f3s","51":"pode","52":"isto","53":"eles","54":"das","55":"mesmo","56":"vamos","57":"porque","58":"h\u00e1","59":"pessoas","60":"assim","61":"ter","62":"vou","63":"era","64":"estou","65":"todos","66":"este","67":"tamb\u00e9m","68":"tudo","69":"te","70":"at\u00e9","71":"quem","72":"vida","73":"esta","74":"sim","75":"tenho","76":"dia","77":"tempo","78":"ainda","79":"tom","80":"anos","81":"coisa","82":"jeov\u00e1","83":"onde","84":"pra","85":"seus","86":"ver","87":"vez","88":"est\u00e3o","89":"tu","90":"casa","91":"estava","92":"sei","93":"dizer","94":"depois","95":"nem","96":"disse","97":"esse","98":"pelo","99":"nada","100":"mundo","101":"coisas","102":"sem","103":"temos","104":"l\u00e1","105":"essa","106":"bom","107":"nunca","108":"apenas","109":"sou","110":"mim","111":"quero","112":"t\u00e3o","113":"todo","114":"pela","115":"sempre","116":"hoje","117":"grande","118":"melhor","119":"aos","120":"falar","121":"tinha","122":"voc\u00eas","123":"dois","124":"vezes","125":"quer","126":"ir","127":"qual","128":"acho","129":"est\u00e1s","130":"outros","131":"antes","132":"pai","133":"homem","134":"talvez","135":"jesus","136":"algo","137":"diz","138":"nossa","139":"toda","140":"parte","141":"faz","142":"verdade","143":"suas","144":"algu\u00e9m","145":"estamos","146":"senhor","147":"nas","148":"menos","149":"t\u00eam","150":"certo","151":"nosso","152":"alguns","153":"posso","154":"gente","155":"ficar","156":"teu","157":"podemos","158":"entre","159":"trabalho","160":"seja","161":"tua","162":"sabe","163":"pouco","164":"outro","165":"qualquer","166":"\u00e0s","167":"favor","168":"estar","169":"todas","170":"dar","171":"terra","172":"lhe","173":"noite","174":"cada","175":"podem","176":"deve","177":"tipo","178":"outra","179":"num","180":"m\u00e3e","181":"pessoa","182":"ser\u00e1","183":"dele","184":"realmente","185":"meus","186":"foram","187":"alguma","188":"primeiro","189":"contra","190":"novo","191":"dinheiro","192":"boa","193":"fora","194":"quanto","195":"muitos","196":"tens","197":"forma","198":"ano","199":"numa","200":"ningu\u00e9m","201":"tr\u00eas","202":"fim","203":"filho","204":"pois","205":"amor","206":"parece","207":"a\u00ed","208":"nome","209":"lugar","210":"disso","211":"fez","212":"saber","213":"preciso","214":"qu\u00ea","215":"lado","216":"queria","217":"dias","218":"filhos","219":"obrigado","220":"mulher","221":"cidade","222":"comigo","223":"volta","224":"problema","225":"oh","226":"b\u00edblia","227":"t\u00e1","228":"v\u00e3o","229":"desde","230":"tanto","231":"\u00e9s","232":"duas","233":"meio","234":"claro","235":"muitas","236":"ti","237":"homens","238":"durante","239":"outras","240":"merda","241":"modo","242":"segundo","243":"tal","244":"fam\u00edlia","245":"sido","246":"embora","247":"maior","248":"pensar","249":"hist\u00f3ria","250":"hora","251":"cara","252":"estes","253":"dela","254":"nova","255":"pa\u00eds","256":"morte","257":"mal","258":"to","259":"vem","260":"primeira","261":"deles","262":"exemplo","263":"poder","264":"elas","265":"enquanto","266":"carro","267":"havia","268":"mesma","269":"d\u00e1","270":"palavra","271":"povo","272":"sabes","273":"portanto","274":"amigos","275":"quase","276":"cora\u00e7\u00e3o","277":"algumas","278":"seria","279":"maneira","280":"aquele","281":"caso","282":"vi","283":"neste","284":"algum","285":"vais","286":"n\u00famero","287":"dentro","288":"causa","289":"\u00e1gua","290":"livro","291":"guerra","292":"nossos","293":"reino","294":"amigo","295":"fui","296":"pais","297":"sistema","298":"palavras","299":"cristo","300":"estas","301":"sair","302":"cabe\u00e7a","303":"eram","304":"nenhum","305":"tarde","306":"certeza","307":"v\u00eddeo","308":"importante","309":"the","310":"foto","311":"pq","312":"momento","313":"ajuda","314":"respeito","315":"precisa","316":"ali","317":"brasil","318":"espera","319":"essas","320":"queres","321":"olha","322":"podes","323":"testemunhas","324":"amanh\u00e3","325":"escola","326":"uns","327":"passar","328":"poderia","329":"horas","330":"si","331":"pelos","332":"paulo","333":"trabalhar","334":"sr","335":"significa","336":"semana","337":"igual","338":"somos","339":"ponto","340":"mulheres","341":"governo","342":"feliz","343":"esses","344":"ok","345":"p\u00e1gina","346":"crian\u00e7as","347":"deste","348":"encontrar","349":"usar","350":"gosto","351":"fica","352":"medo","353":"aconteceu","354":"sendo","355":"chegar","356":"daqui","357":"passa","358":"problemas","359":"dif\u00edcil","360":"fala","361":"for","362":"cima","363":"raz\u00e3o","364":"vos","365":"milh\u00f5es","366":"desta","367":"tentar","368":"fosse","369":"presidente","370":"corpo","371":"ajudar","372":"m\u00e3o","373":"tenha","374":"rei","375":"estado","376":"porta","377":"aquilo","378":"s\u00e9rio","379":"al\u00e9m","380":"feito","381":"conta","382":"tomar","383":"fazendo","384":"vc","385":"logo","386":"deu","387":"olhos","388":"consigo","389":"irm\u00e3o","390":"vontade","391":"nao","392":"come\u00e7ar","393":"demais","394":"estavam","395":"crist\u00e3os","396":"deixar","397":"poss\u00edvel","398":"sangue","399":"quatro","400":"ideia","401":"manh\u00e3","402":"nenhuma","403":"minhas","404":"teve","405":"tais","406":"boas","407":"contigo","408":"muita","409":"comer","410":"atr\u00e1s","411":"sabia","412":"for\u00e7a","413":"caminho","414":"pr\u00f3prio","415":"existe","416":"lei","417":"diferentes","418":"dormir","419":"pr\u00f3pria","420":"ol\u00e1","421":"entrar","422":"lhes","423":"frente","424":"esp\u00edrito","425":"cinco","426":"situa\u00e7\u00e3o","427":"aquela","428":"sabemos","429":"fato","430":"desse","431":"sentido","432":"v\u00e1","433":"ficou","434":"jogo","435":"direito","436":"ontem","437":"olhar","438":"viver","439":"fazem","440":"\u00fanica","441":"sinto","442":"visto","443":"c\u00e1","444":"nesta","445":"pessoal","446":"ap\u00f3s","447":"dessa","448":"m\u00fasica","449":"grandes","450":"f\u00e9","451":"servi\u00e7o","452":"perto","453":"ouvir","454":"nossas","455":"sob","456":"bolsonaro","457":"falando","458":"juntos","459":"final","460":"voltar","461":"diferente","462":"desculpa","463":"futuro","464":"passado","465":"v\u00f3s","466":"base","467":"maioria","468":"quest\u00e3o","469":"pol\u00edcia","470":"fiz","471":"tive","472":"acha","473":"pelas","474":"deveria","475":"aten\u00e7\u00e3o","476":"seguir","477":"mary","478":"grupo","479":"luz","480":"come\u00e7ou","481":"acredito","482":"minutos","483":"ia","484":"morrer","485":"meses","486":"mil","487":"aqueles","488":"tinham","489":"sorte","490":"t\u00f4","491":"pergunta","492":"irm\u00e3os","493":"la","494":"jovens","495":"quais","496":"gostaria","497":"cuidado","498":"amo","499":"falta","500":"c\u00e9u","501":"pena","502":"levar","503":"simplesmente","504":"podia","505":"porqu\u00ea","506":"certa","507":"devem","508":"baixo","509":"pronto","510":"resposta","511":"ei","512":"ta","513":"acontecer","514":"r\u00e1pido","515":"viu","516":"cerca","517":"estados","518":"paz","519":"mudar","520":"errado","521":"\u00faltima","522":"continuar","523":"lo","524":"acordo","525":"dizem","526":"aprender","527":"pequeno","528":"quarto","529":"f\u00e1cil","530":"atrav\u00e9s","531":"precisamos","532":"ai","533":"segunda","534":"querem","535":"vejo","536":"devemos","537":"partir","538":"provavelmente","539":"marido","540":"artigo","541":"filha","542":"eua","543":"longe","544":"pequena","545":"israel","546":"v\u00ea","547":"parar","548":"seis","549":"seguran\u00e7a","550":"chegou","551":"congrega\u00e7\u00e3o","552":"esperan\u00e7a","553":"humanos","554":"nesse","555":"pa\u00edses","556":"obrigada","557":"pior","558":"valor","559":"esposa","560":"ah","561":"conseguir","562":"fa\u00e7a","563":"por\u00e9m","564":"ler","565":"gosta","566":"penso","567":"novas","568":"apesar","569":"vir","570":"m\u00e3os","571":"forte","572":"especial","573":"espero","574":"teus","575":"simples","576":"bastante","577":"chega","578":"rua","579":"altura","580":"mano","581":"papel","582":"unidos","583":"teria","584":"tempos","585":"junto","586":"internet","587":"local","588":"senhora","589":"manter","590":"sentir","591":"veja","592":"acontece","593":"centro","594":"boca","595":"criar","596":"sete","597":"rela\u00e7\u00e3o","598":"sociedade","599":"vista","600":"matar","601":"festa","602":"pro","603":"crian\u00e7a","604":"pensei","605":"irm\u00e3","606":"pr\u00f3ximo","607":"acabar","608":"alto","609":"veio","610":"escrever","611":"rapaz","612":"linha","613":"mar","614":"idade","615":"dizendo","616":"perder","617":"entanto","618":"devia","619":"pol\u00edtica","620":"passou","621":"l\u00edngua","622":"porra","623":"mundial","624":"mortos","625":"geral","626":"rio","627":"esperar","628":"umas","629":"real","630":"sabem","631":"linda","632":"risos","633":"tornar","634":"jeito","635":"campo","636":"existem","637":"melhores","638":"jo\u00e3o","639":"maria","640":"deixa","641":"fico","642":"comprar","643":"quiser","644":"nessa","645":"andar","646":"pr\u00f3xima","647":"velho","648":"tivesse","649":"\u00faltimo","650":"sul","651":"sa\u00fade","652":"dados","653":"livre","654":"dez","655":"fa\u00e7o","656":"continua","657":"mostrar","658":"uso","659":"seguinte","660":"jovem","661":"acabou","662":"morto","663":"fogo","664":"importa","665":"chamado","666":"informa\u00e7\u00e3o","667":"espa\u00e7o","668":"of","669":"calma","670":"passo","671":"dum","672":"escreveu","673":"fotos","674":"queremos","675":"d\u00f3lares","676":"sala","677":"comida","678":"nele","679":"mostra","680":"perguntas","681":"ser\u00e3o","682":"armas","683":"assunto","684":"john","685":"programa","686":"p\u00e9","687":"eh","688":"entender","689":"gostei","690":"liberdade","691":"mente","692":"ter\u00e1","693":"diante","694":"experi\u00eancia","695":"estudo","696":"finalmente","697":"duma","698":"tirar","699":"especialmente","700":"realidade","701":"mensagem","702":"novamente","703":"plano","704":"colocar","705":"resultado","706":"religi\u00e3o","707":"posi\u00e7\u00e3o","708":"s\u00e9rie","709":"cedo","710":"informa\u00e7\u00f5es","711":"nisso","712":"igreja","713":"amiga","714":"jogar","715":"arma","716":"energia","717":"completamente","718":"processo","719":"and","720":"termos","721":"oportunidade","722":"tendo","723":"voz","724":"tipos","725":"carne","726":"obra","727":"suficiente","728":"usando","729":"exatamente","730":"conselho","731":"professor","732":"na\u00e7\u00f5es","733":"ambos","734":"pegar","735":"chamada","736":"houve","737":"p\u00fablico","738":"s\u00e9culo","739":"milhares","740":"desejo","741":"achas","742":"aula","743":"los","744":"possa","745":"mesmos","746":"chefe","747":"sai","748":"humano","749":"consegue","750":"interessante","751":"espiritual","752":"poder\u00e1","753":"via","754":"sejam","755":"v\u00e1rios","756":"da\u00ed","757":"querida","758":"vosso","759":"vcs","760":"in\u00edcio","761":"sol","762":"filme","763":"motivo","764":"norte","765":"humanidade","766":"pedro","767":"contar","768":"m\u00eas","769":"ganhar","770":"dor","771":"certamente","772":"casamento","773":"pagar","774":"direitos","775":"\u00e1rea","776":"precisam","777":"casos","778":"pensa","779":"usa","780":"vivo","781":"procura","782":"conhecimento","783":"come\u00e7a","784":"organiza\u00e7\u00e3o","785":"\u00fanico","786":"internacional","787":"monte","788":"movimento","789":"condi\u00e7\u00f5es","790":"ingl\u00eas","791":"venha","792":"luta","793":"descobrir","794":"social","795":"delas","796":"rede","797":"projeto","798":"sociais","799":"quantos","800":"global","801":"justi\u00e7a","802":"necess\u00e1rio","803":"vale","804":"anda","805":"ir\u00e1","806":"comum","807":"obter","808":"estranho","809":"prop\u00f3sito","810":"popula\u00e7\u00e3o","811":"disto","812":"imagem","813":"prazer","814":"morreu","815":"desses","816":"conversa","817":"apoio","818":"desculpe","819":"qu\u00e3o","820":"not\u00edcias","821":"ja","822":"chama","823":"deixou","824":"blog","825":"devido","826":"triste","827":"\u00e9poca","828":"viagem","829":"haver","830":"metade","831":"vossa","832":"lista","833":"telefone","834":"dessas","835":"rapazes","836":"fizeram","837":"verdadeiro","838":"conhe\u00e7o","839":"conforme","840":"diga","841":"parab\u00e9ns","842":"capaz","843":"mudan\u00e7a","844":"tava","845":"caf\u00e9","846":"caixa","847":"animais","848":"vendo","849":"normal","850":"v\u00e1rias","851":"carta","852":"acima","853":"estudar","854":"mau","855":"tr\u00e1s","856":"facto","857":"n\u00e9","858":"ordem","859":"n\u00edvel","860":"fundo","861":"santo","862":"ouvi","863":"tentando","864":"cabelo","865":"ora","866":"capit\u00e3o","867":"principal","868":"texto","869":"comunidade","870":"lindo","871":"pedir","872":"tanta","873":"longo","874":"fome","875":"direita","876":"humana","877":"jerusal\u00e9m","878":"menor","879":"esquerda","880":"membros","881":"acham","882":"d\u00favida","883":"mois\u00e9s","884":"twitter","885":"medida","886":"massa","887":"livros","888":"digo","889":"sozinho","890":"procurar","891":"falou","892":"enorme","893":"lugares","894":"funciona","895":"imagens","896":"revista","897":"ar","898":"breve","899":"alma","900":"fiquei","901":"universidade","902":"presente","903":"receber","904":"vis\u00e3o","905":"indo","906":"pontos","907":"menina","908":"torna","909":"davi","910":"minist\u00e9rio","911":"franc\u00eas","912":"resto","913":"dr","914":"naquele","915":"alegria","916":"abaixo","917":"prova","918":"pr\u00f3prios","919":"diferen\u00e7a","920":"querer","921":"ouro","922":"press\u00e3o","923":"verdadeira","924":"serem","925":"metros","926":"querido","927":"doen\u00e7a","928":"nacional","929":"m\u00e9dico","930":"sonho","931":"aceitar","932":"naquela","933":"culpa","934":"interesse","935":"necessidade","936":"p\u00e9s","937":"puta","938":"eis","939":"cidades","940":"tenham","941":"esp\u00e9cie","942":"tuas","943":"ex\u00e9rcito","944":"emprego","945":"novos","946":"deixe","947":"deixeme","948":"alta","949":"fique","950":"c\u00e9rebro","951":"ficam","952":"judeus","953":"jornal","954":"esteja","955":"raio","956":"somente","957":"educa\u00e7\u00e3o","958":"mandar","959":"cama","960":"vim","961":"ora\u00e7\u00e3o","962":"vemos","963":"partido","964":"haver\u00e1","965":"totalmente","966":"\u00faltimos","967":"come\u00e7o","968":"meninas","969":"achei","970":"elei\u00e7\u00f5es","971":"objetivo","972":"buscar","973":"trata","974":"semanas","975":"acreditar","976":"banho","977":"pris\u00e3o","978":"viol\u00eancia","979":"lembro","980":"facebook","981":"natureza","982":"devo","983":"perdeu","984":"\u00e1frica","985":"planeta","986":"curso","987":"encontro","988":"cu","989":"so","990":"consci\u00eancia","991":"partes","992":"lembrar","993":"disseram","994":"fazemos","995":"incr\u00edvel","996":"n\u00fameros","997":"leva","998":"adoro","999":"m\u00e9dia","1000":"cor","1001":"servos","1002":"vergonha","1003":"\u00e1rvore","1004":"sinal","1005":"seguida","1006":"est\u00e1vamos","1007":"contr\u00e1rio","1008":"anivers\u00e1rio","1009":"beber","1010":"europa","1011":"quadrado","1012":"hist\u00f3rias","1013":"pt","1014":"entra","1015":"estiver","1016":"mt","1017":"crist\u00e3o","1018":"conversar","1019":"assuntos","1020":"ap\u00f3stolo","1021":"escrituras","1022":"hj","1023":"busca","1024":"discurso","1025":"minuto","1026":"v\u00eddeos","1027":"in","1028":"centenas","1029":"felicidade","1030":"confian\u00e7a","1031":"ouve","1032":"hospital","1033":"vive","1034":"destas","1035":"arte","1036":"neg\u00f3cio","1037":"comecei","1038":"redes","1039":"votar","1040":"fun\u00e7\u00e3o","1041":"quadro","1042":"fomos","1043":"fizeste","1044":"acabei","1045":"tamanho","1046":"conseguiu","1047":"matou","1048":"inteiro","1049":"opini\u00e3o","1050":"uni\u00e3o","1051":"\u00f3ptimo","1052":"bons","1053":"online","1054":"sabedoria","1055":"sexo","1056":"dire\u00e7\u00e3o","1057":"lidar","1058":"disc\u00edpulos","1059":"mesa","1060":"atitude","1061":"sentimentos","1062":"tornou","1063":"imposs\u00edvel","1064":"feita","1065":"usado","1066":"crime","1067":"modelo","1068":"gra\u00e7as","1069":"agente","1070":"original","1071":"cachorro","1072":"na\u00e7\u00e3o","1073":"jamais","1074":"estive","1075":"regi\u00e3o","1076":"grupos","1077":"oito","1078":"dito","1079":"per\u00edodo","1080":"maiores","1081":"correr","1082":"nota","1083":"chamar","1084":"levou","1085":"seguro","1086":"faz\u00ealo","1087":"chave","1088":"acerca","1089":"campanha","1090":"barco","1091":"acontecendo","1092":"banco","1093":"perguntou","1094":"capacidade","1095":"escrito","1096":"conhecer","1097":"classe","1098":"estudantes","1099":"c\u00e9us","1100":"iria","1101":"casas","1102":"ruas","1103":"carros","1104":"recursos","1105":"lua","1106":"perigo","1107":"abrir","1108":"perguntar","1109":"erro","1110":"efeito","1111":"acesso","1112":"adeus","1113":"presen\u00e7a","1114":"princ\u00edpios","1115":"cair","1116":"importantes","1117":"evitar","1118":"tradu\u00e7\u00e3o","1119":"natal","1120":"pesquisa","1121":"toma","1122":"assistir","1123":"branco","1124":"ci\u00eancia","1125":"dist\u00e2ncia","1126":"testemunha","1127":"total","1128":"dado","1129":"universo","1130":"lutar","1131":"esfor\u00e7o","1132":"acordar","1133":"mercado","1134":"inferno","1135":"sente","1136":"chorar","1137":"qualidade","1138":"b\u00edblicos","1139":"cuidar","1140":"vindo","1141":"estivesse","1142":"mateus","1143":"preso","1144":"tv","1145":"p\u00e1ra","1146":"\u00f3dio","1147":"naturalmente","1148":"reuni\u00e3o","1149":"tiver","1150":"avi\u00e3o","1151":"david","1152":"pecado","1153":"fonte","1154":"fazia","1155":"equipa","1156":"defesa","1157":"ensino","1158":"janeiro","1159":"china","1160":"perceber","1161":"olhe","1162":"mudan\u00e7as","1163":"contudo","1164":"dizia","1165":"excelente","1166":"diabo","1167":"licen\u00e7a","1168":"terceiro","1169":"achar","1170":"salmo","1171":"anci\u00e3os","1172":"brincar","1173":"poucos","1174":"cheio","1175":"tivemos","1176":"conhecido","1177":"voltou","1178":"saiu","1179":"cento","1180":"jantar","1181":"lados","1182":"vieram","1183":"jap\u00e3o","1184":"express\u00e3o","1185":"roupa","1186":"pensando","1187":"id\u00e9ia","1188":"espere","1189":"viva","1190":"esperando","1191":"justo","1192":"resolver","1193":"namorada","1194":"daniel","1195":"bonito","1196":"pare","1197":"satan\u00e1s","1198":"capital","1199":"zero","1200":"escolha","1201":"am\u00e9rica","1202":"vossos","1203":"ataque","1204":"m\u00e9dicos","1205":"explicar","1206":"r\u00e1dio","1207":"conhece","1208":"acaso","1209":"time","1210":"abra\u00e3o","1211":"controlo","1212":"p\u00f4r","1213":"sucesso","1214":"material","1215":"olho","1216":"ambiente","1217":"exactamente","1218":"decis\u00e3o","1219":"feira","1220":"for\u00e7as","1221":"haddad","1222":"fizemos","1223":"entrada","1224":"adora\u00e7\u00e3o","1225":"empresa","1226":"come\u00e7aram","1227":"odeio","1228":"nisto","1229":"not\u00edcia","1230":"vidas","1231":"israelitas","1232":"sono","1233":"terem","1234":"v\u00eam","1235":"ha","1236":"jogos","1237":"desenvolvimento","1238":"sequer","1239":"ch\u00e3o","1240":"portugu\u00eas","1241":"falo","1242":"ruim","1243":"moral","1244":"animal","1245":"domingo","1246":"precisas","1247":"autoridade","1248":"nove","1249":"destino","1250":"redor","1251":"t\u00ednhamos","1252":"destes","1253":"pre\u00e7o","1254":"egito","1255":"tecnologia","1256":"tratar","1257":"trazer","1258":"casar","1259":"inimigo","1260":"infelizmente","1261":"computador","1262":"esteve","1263":"motivos","1264":"crist\u00e3","1265":"p\u00e1ginas","1266":"amizade","1267":"perfeito","1268":"lixo","1269":"surpresa","1270":"coragem","1271":"congresso","1272":"primeiros","1273":"foda","1274":"vermelho","1275":"servir","1276":"pr\u00e1tica","1277":"lamento","1278":"mudou","1279":"atualmente","1280":"risco","1281":"responder","1282":"teste","1283":"fugir","1284":"gostava","1285":"comunica\u00e7\u00e3o","1286":"negativo","1287":"ver\u00e3o","1288":"babil\u00f4nia","1289":"leia","1290":"pedra","1291":"regras","1292":"bonita","1293":"dei","1294":"ligar","1295":"canal","1296":"cultura","1297":"entendo","1298":"demasiado","1299":"confiar","1300":"raios","1301":"resultados","1302":"celular","1303":"tocar","1304":"falam","1305":"sa\u00edda","1306":"maravilhoso","1307":"p\u00fablica","1308":"bola","1309":"som","1310":"imaginar","1311":"torre","1312":"americanos","1313":"disseste","1314":"debaixo","1315":"cria\u00e7\u00e3o","1316":"pele","1317":"d\u00e1me","1318":"rapidamente","1319":"sonhos","1320":"formas","1321":"b\u00edblico","1322":"loja","1323":"tentou","1324":"destruir","1325":"tou","1326":"acidente","1327":"quis","1328":"azul","1329":"vinte","1330":"boston","1331":"frio","1332":"encontrei","1333":"pequenas","1334":"servi\u00e7os","1335":"pobre","1336":"caralho","1337":"reuni\u00f5es","1338":"pol\u00edticos","1339":"trabalha","1340":"mostrou","1341":"certas","1342":"batalha","1343":"locais","1344":"normalmente","1345":"f\u00edsica","1346":"par","1347":"jos\u00e9","1348":"velocidade","1349":"atual","1350":"verde","1351":"alemanha","1352":"pega","1353":"padr\u00e3o","1354":"ilha","1355":"ir\u00e3o","1356":"tratamento","1357":"obras","1358":"a\u00e7\u00f5es","1359":"promessa","1360":"solu\u00e7\u00e3o","1361":"para\u00edso","1362":"legal","1363":"testemunho","1364":"miss\u00e3o","1365":"daquele","1366":"michael","1367":"cheguei","1368":"leis","1369":"deixame","1370":"rir","1371":"mem\u00f3ria","1372":"particular","1373":"meios","1374":"estar\u00e1","1375":"quente","1376":"raiva","1377":"maneiras","1378":"agrad\u00e1vel","1379":"ensinar","1380":"mat\u00e9ria","1381":"escreve","1382":"gato","1383":"cidad\u00e3os","1384":"vinho","1385":"c\u00e2mara","1386":"bocado","1387":"beleza","1388":"dou","1389":"gostar","1390":"seres","1391":"pensamento","1392":"militar","1393":"nomes","1394":"garota","1395":"antigo","1396":"reis","1397":"levantar","1398":"senhoras","1399":"escuta","1400":"ordens","1401":"vivem","1402":"autoridades","1403":"parecia","1404":"sacerdote","1405":"dando","1406":"espada","1407":"rapariga","1408":"incluindo","1409":"soldados","1410":"quantidade","1411":"ministro","1412":"estrada","1413":"inimigos","1414":"atos","1415":"probabilidade","1416":"acredita","1417":"templo","1418":"pequenos","1419":"crise","1420":"menino","1421":"atividades","1422":"criado","1423":"pense","1424":"contou","1425":"fran\u00e7a","1426":"site","1427":"anjos","1428":"economia","1429":"sal","1430":"cerveja","1431":"c\u00e9lulas","1432":"servo","1433":"import\u00e2ncia","1434":"conseguem","1435":"velha","1436":"televis\u00e3o","1437":"textos","1438":"leite","1439":"principalmente","1440":"inteira","1441":"matem\u00e1tica","1442":"passei","1443":"preto","1444":"alvo","1445":"tema","1446":"alimento","1447":"usada","1448":"constru\u00e7\u00e3o","1449":"nela","1450":"fizer","1451":"construir","1452":"interessa","1453":"fazes","1454":"voices","1455":"passada","1456":"trabalhando","1457":"consegui","1458":"dentes","1459":"portas","1460":"l\u00edder","1461":"oficial","1462":"fam\u00edlias","1463":"segundos","1464":"idiota","1465":"droga","1466":"evid\u00eancia","1467":"isa\u00edas","1468":"pe\u00e7a","1469":"poderiam","1470":"fumar","1471":"quantas","1472":"gl\u00f3ria","1473":"planos","1474":"engra\u00e7ado","1475":"respons\u00e1vel","1476":"responsabilidade","1477":"exemplos","1478":"querendo","1479":"drogas","1480":"ficamos","1481":"far\u00e1","1482":"tio","1483":"acordei","1484":"controle","1485":"maravilhosa","1486":"louco","1487":"tiveram","1488":"m\u00e1ximo","1489":"partida","1490":"terminar","1491":"peda\u00e7o","1492":"termo","1493":"ouviu","1494":"obviamente","1495":"multid\u00e3o","1496":"jornalista","1497":"windows","1498":"chamou","1499":"\u00f4nibus","1500":"crescer","1501":"belo","1502":"empresas","1503":"perdido","1504":"parecem","1505":"permite","1506":"calor","1507":"m\u00eddia","1508":"fi\u00e9is","1509":"ficaram","1510":"companhia","1511":"cartas","1512":"estilo","1513":"profecia","1514":"aulas","1515":"depressa","1516":"george","1517":"ideias","1518":"vimos","1519":"doen\u00e7as","1520":"\u00edndia","1521":"pedido","1522":"post","1523":"m\u00e1","1524":"serve","1525":"etc","1526":"brasileiro","1527":"respostas","1528":"natural","1529":"tira","1530":"las","1531":"esfor\u00e7os","1532":"come","1533":"estrelas","1534":"galera","1535":"aumento","1536":"acaba","1537":"fortes","1538":"d\u00e3o","1539":"gajo","1540":"honra","1541":"pqp","1542":"vit\u00f3ria","1543":"oceano","1544":"filmes","1545":"est\u00fapido","1546":"juro","1547":"antigos","1548":"quest\u00f5es","1549":"ovelhas","1550":"lembra","1551":"eterna","1552":"basta","1553":"carreira","1554":"sexta","1555":"copo","1556":"outubro","1557":"perante","1558":"conceito","1559":"repente","1560":"bar","1561":"vender","1562":"arranjar","1563":"senhores","1564":"condi\u00e7\u00e3o","1565":"cr\u00e9dito","1566":"cheia","1567":"tenta","1568":"esquecer","1569":"milh\u00e3o","1570":"doente","1571":"criador","1572":"diretamente","1573":"kkk","1574":"deves","1575":"salvar","1576":"kkkk","1577":"rico","1578":"origem","1579":"respondeu","1580":"aprendi","1581":"chuva","1582":"podiam","1583":"estudos","1584":"caras","1585":"pediu","1586":"vejam","1587":"sede","1588":"erros","1589":"mandou","1590":"v\u00edtimas","1591":"geralmente","1592":"trinta","1593":"peixes","1594":"anjo","1595":"general","1596":"mi\u00fado","1597":"d\u00ea","1598":"dentre","1599":"tarefa","1600":"futebol","1601":"gera\u00e7\u00e3o","1602":"trouxe","1603":"beijo","1604":"pol\u00edtico","1605":"completa","1606":"aguento","1607":"federal","1608":"recebeu","1609":"londres","1610":"imediatamente","1611":"principais","1612":"superior","1613":"agir","1614":"linguagem","1615":"juiz","1616":"presentes","1617":"cabo","1618":"corpos","1619":"precisar","1620":"morreram","1621":"prestes","1622":"aparecer","1623":"fant\u00e1stico","1624":"dificuldades","1625":"merece","1626":"claramente","1627":"vivos","1628":"portugal","1629":"teoria","1630":"lucas","1631":"bater","1632":"trem","1633":"superf\u00edcie","1634":"daquela","1635":"olhando","1636":"volto","1637":"teremos","1638":"continue","1639":"faria","1640":"op\u00e7\u00e3o","1641":"sal\u00e3o","1642":"declara\u00e7\u00e3o","1643":"oq","1644":"segura","1645":"pensamentos","1646":"resist\u00eancia","1647":"janela","1648":"gostam","1649":"turno","1650":"escrit\u00f3rio","1651":"jardim","1652":"sam","1653":"diria","1654":"show","1655":"voto","1656":"poderoso","1657":"progresso","1658":"ganhou","1659":"imprensa","1660":"vers\u00e3o","1661":"professora","1662":"princ\u00edpio","1663":"comportamento","1664":"significado","1665":"artigos","1666":"coronel","1667":"s\u00e9culos","1668":"l\u00edderes","1669":"seriam","1670":"c\u00e3o","1671":"rosto","1672":"muda","1673":"corrente","1674":"frodo","1675":"manda","1676":"inclusive","1677":"sinais","1678":"mostram","1679":"aberto","1680":"sofrimento","1681":"escolher","1682":"msm","1683":"mental","1684":"eva","1685":"fa\u00e7am","1686":"consegues","1687":"participar","1688":"errada","1689":"entrou","1690":"julgamento","1691":"contato","1692":"meia","1693":"peso","1694":"\u00f3timo","1695":"chegando","1696":"democracia","1697":"austr\u00e1lia","1698":"escolas","1699":"falamos","1700":"destrui\u00e7\u00e3o","1701":"is","1702":"cena","1703":"apareceu","1704":"existir","1705":"devias","1706":"l\u00ednguas","1707":"amar","1708":"deram","1709":"bruce","1710":"inglaterra","1711":"dom\u00ednio","1712":"recentemente","1713":"oi","1714":"m\u00e1quina","1715":"investiga\u00e7\u00e3o","1716":"perdi","1717":"reais","1718":"p\u00e3o","1719":"parede","1720":"casal","1721":"relat\u00f3rio","1722":"gt","1723":"guarda","1724":"proteger","1725":"contas","1726":"encontrado","1727":"deveras","1728":"poucas","1729":"tantas","1730":"passando","1731":"sozinha","1732":"beb\u00e9","1733":"possamos","1734":"produ\u00e7\u00e3o","1735":"pronta","1736":"taxa","1737":"solo","1738":"beb\u00ea","1739":"sacrif\u00edcio","1740":"paci\u00eancia","1741":"super","1742":"alunos","1743":"cozinha","1744":"troca","1745":"popular","1746":"google","1747":"come\u00e7amos","1748":"americano","1749":"haviam","1750":"profeta","1751":"publicado","1752":"poder\u00edamos","1753":"m\u00e9dio","1754":"depende","1755":"iorque","1756":"aplausos","1757":"fiel","1758":"pudesse","1759":"pernas","1760":"johnny","1761":"ex","1762":"piada","1763":"vir\u00e1","1764":"pol\u00edticas","1765":"absolutamente","1766":"pobres","1767":"cantar","1768":"militares","1769":"terr\u00edvel","1770":"observar","1771":"fossem","1772":"estaria","1773":"estavas","1774":"regra","1775":"mensagens","1776":"p\u00f5e","1777":"fatos","1778":"viste","1779":"negro","1780":"personalidade","1781":"necessidades","1782":"faculdade","1783":"on","1784":"peixe","1785":"chance","1786":"fa\u00e7as","1787":"sil\u00eancio","1788":"falsa","1789":"deviam","1790":"alimentos","1791":"saudades","1792":"it","1793":"carga","1794":"junho","1795":"decis\u00f5es","1796":"g\u00e1s","1797":"produtos","1798":"inteligente","1799":"maio","1800":"jud\u00e1","1801":"similar","1802":"agosto","1803":"bob","1804":"irei","1805":"saco","1806":"namorado","1807":"louca","1808":"santos","1809":"banda","1810":"baixa","1811":"jogador","1812":"m\u00e1s","1813":"peter","1814":"unidade","1815":"fixe","1816":"novembro","1817":"falei","1818":"felizes","1819":"morre","1820":"liga","1821":"bens","1822":"afinal","1823":"gra\u00e7a","1824":"funcionar","1825":"ressurrei\u00e7\u00e3o","1826":"terceira","1827":"seguintes","1828":"mantenha","1829":"venham","1830":"\u00e1reas","1831":"v\u00edrus","1832":"professores","1833":"tentei","1834":"policial","1835":"enviou","1836":"representa","1837":"av\u00f3","1838":"crescimento","1839":"viajar","1840":"criou","1841":"tbm","1842":"comprei","1843":"bomba","1844":"rela\u00e7\u00f5es","1845":"dizes","1846":"relato","1847":"religiosa","1848":"ganha","1849":"that","1850":"sra","1851":"tribunal","1852":"quiseres","1853":"facilmente","1854":"pr\u00f3prias","1855":"discuss\u00e3o","1856":"pensas","1857":"vivemos","1858":"apanhar","1859":"conjunto","1860":"bra\u00e7o","1861":"entendido","1862":"igrejas","1863":"atividade","1864":"face","1865":"cientistas","1866":"filhas","1867":"p\u00f4s","1868":"esta\u00e7\u00e3o","1869":"sentinela","1870":"traz","1871":"senti","1872":"ter\u00e3o","1873":"montanha","1874":"s\u00e1bado","1875":"celestial","1876":"oferecer","1877":"morta","1878":"porto","1879":"perde","1880":"antiga","1881":"globo","1882":"bebida","1883":"central","1884":"amea\u00e7a","1885":"orgulho","1886":"organiza\u00e7\u00f5es","1887":"paciente","1888":"tido","1889":"comprou","1890":"foste","1891":"nordeste","1892":"quil\u00f4metros","1893":"valores","1894":"lula","1895":"melhorar","1896":"precisava","1897":"famoso","1898":"assumir","1899":"considera\u00e7\u00e3o","1900":"estejam","1901":"ocasi\u00e3o","1902":"ap\u00f3stolos","1903":"neg\u00f3cios","1904":"virar","1905":"aparece","1906":"farei","1907":"opera\u00e7\u00e3o","1908":"ama","1909":"prega\u00e7\u00e3o","1910":"horr\u00edvel","1911":"certos","1912":"aonde","1913":"loucura","1914":"m\u00e9todo","1915":"flores","1916":"assembl\u00e9ia","1917":"m\u00e9xico","1918":"mar\u00e7o","1919":"todavia","1920":"caiu","1921":"floresta","1922":"comiss\u00e3o","1923":"nadar","1924":"vento","1925":"r\u00fassia","1926":"comando","1927":"tivessem","1928":"compreender","1929":"firme","1930":"tenhas","1931":"esque\u00e7a","1932":"paris","1933":"p\u00e1","1934":"raz\u00f5es","1935":"ferro","1936":"conduta","1937":"aumentar","1938":"agr","1939":"sentindo","1940":"interior","1941":"letra","1942":"praia","1943":"jimmy","1944":"leitores","1945":"kkkkk","1946":"sofrer","1947":"pensava","1948":"sentimento","1949":"usam","1950":"impacto","1951":"leve","1952":"corte","1953":"declarou","1954":"ind\u00fastria","1955":"ataques","1956":"posto","1957":"sensa\u00e7\u00e3o","1958":"possam","1959":"deseja","1960":"procurando","1961":"segredo","1962":"\u00e2ngulo","1963":"produzir","1964":"parem","1965":"tia","1966":"habitantes","1967":"disposto","1968":"s\u00edtio","1969":"envolve","1970":"colegas","1971":"my","1972":"prontos","1973":"equa\u00e7\u00e3o","1974":"forem","1975":"doutor","1976":"\u00e1rvores","1977":"abre","1978":"sistemas","1979":"madeira","1980":"controlar","1981":"extremamente","1982":"dave","1983":"voce","1984":"lar","1985":"sinceramente","1986":"cores","1987":"apresentar","1988":"salva\u00e7\u00e3o","1989":"cansado","1990":"feitas","1991":"a\u00e7\u00e3o","1992":"cavalo","1993":"new","1994":"abril","1995":"deixei","1996":"estarei","1997":"cap\u00edtulo","1998":"daqueles","1999":"\u00fatil","2000":"treino","2001":"mike","2002":"integral","2003":"clima","2004":"aproveitar","2005":"quarentena","2006":"encontra","2007":"constante","2008":"v\u00eas","2009":"positivo","2010":"limpa","2011":"comunidades","2012":"unidas","2013":"percebi","2014":"encontramos","2015":"el","2016":"james","2017":"provar","2018":"creio","2019":"prometo","2020":"vigia","2021":"santa","2022":"bolsa","2023":"n\u0441o","2024":"guerras","2025":"programas","2026":"al","2027":"indica","2028":"papai","2029":"eventos","2030":"campos","2031":"doce","2032":"v\u00ealo","2033":"ad\u00e3o","2034":"ate","2035":"permiss\u00e3o","2036":"estrangeiro","2037":"v\u00edtima","2038":"efeitos","2039":"moeda","2040":"grave","2041":"pede","2042":"bilh\u00f5es","2043":"governador","2044":"faca","2045":"longa","2046":"costas","2047":"encontrou","2048":"capazes","2049":"custa","2050":"parecer","2051":"mapa","2052":"pegou","2053":"saiam","2054":"cristandade","2055":"ana","2056":"rel\u00f3gio","2057":"tiro","2058":"coment\u00e1rios","2059":"tente","2060":"conseguimos","2061":"salvo","2062":"reconhecer","2063":"limpo","2064":"mesmas","2065":"literalmente","2066":"limites","2067":"verdadeiros","2068":"considerado","2069":"ira","2070":"subir","2071":"sobreviver","2072":"perda","2073":"b\u00edblica","2074":"exige","2075":"anel","2076":"correta","2077":"limite","2078":"houver","2079":"custo","2080":"saiba","2081":"interessado","2082":"vital","2083":"basicamente","2084":"edif\u00edcio","2085":"li","2086":"membro","2087":"gay","2088":"cadeia","2089":"canto","2090":"recebi","2091":"impressionante","2092":"revela\u00e7\u00e3o","2093":"cobertura","2094":"irm\u00e3s","2095":"pe\u00e7o","2096":"onda","2097":"trono","2098":"alem\u00e3o","2099":"pura","2100":"espirituais","2101":"deuses","2102":"falava","2103":"dan\u00e7ar","2104":"elevado","2105":"li\u00e7\u00e3o","2106":"recebe","2107":"inverno","2108":"profundamente","2109":"fale","2110":"lembre","2111":"cortar","2112":"falha","2113":"pa","2114":"digamos","2115":"chorando","2116":"possibilidade","2117":"desafio","2118":"chamas","2119":"sargento","2120":"m\u00ednimo","2121":"connosco","2122":"votos","2123":"orienta\u00e7\u00e3o","2124":"jogando","2125":"kkkkkk","2126":"aviso","2127":"causar","2128":"sementes","2129":"preocupes","2130":"limpar","2131":"interesses","2132":"sentia","2133":"cadeira","2134":"no\u00e7\u00e3o","2135":"pr\u00e9dio","2136":"instituto","2137":"pensam","2138":"conheci","2139":"charlie","2140":"pedindo","2141":"queira","2142":"s\u00e1bio","2143":"momentos","2144":"inten\u00e7\u00e3o","2145":"saud\u00e1vel","2146":"quarenta","2147":"dava","2148":"bra\u00e7os","2149":"ricos","2150":"elei\u00e7\u00e3o","2151":"gelo","2152":"policiais","2153":"realizar","2154":"chamam","2155":"garoto","2156":"extra","2157":"meninos","2158":"religiosos","2159":"\u00edndios","2160":"visitar","2161":"prov\u00e9rbios","2162":"publica\u00e7\u00f5es","2163":"aumenta","2164":"olhem","2165":"descobri","2166":"percebo","2167":"f\u00e9rias","2168":"teriam","2169":"ocupado","2170":"fronteira","2171":"sentado","2172":"regime","2173":"aquelas","2174":"lago","2175":"equipe","2176":"apre\u00e7o","2177":"cor\u00edntios","2178":"ambas","2179":"cinema","2180":"pedi","2181":"m\u00e1quinas","2182":"lavar","2183":"trocar","2184":"situa\u00e7\u00f5es","2185":"gostas","2186":"aconte\u00e7a","2187":"carlos","2188":"dedos","2189":"materiais","2190":"ensinou","2191":"trabalhadores","2192":"crer","2193":"mm","2194":"cumprir","2195":"rep\u00fablica","2196":"provas","2197":"enviar","2198":"perfeita","2199":"socorro","2200":"clube","2201":"haja","2202":"torno","2203":"almo\u00e7o","2204":"discutir","2205":"dividir","2206":"bairro","2207":"jornalistas","2208":"linhas","2209":"come\u00e7am","2210":"dificuldade","2211":"aprendemos","2212":"folha","2213":"dever","2214":"honesto","2215":"roy","2216":"apartamento","2217":"parentes","2218":"branca","2219":"recente","2220":"povos","2221":"blogue","2222":"louis","2223":"detalhes","2224":"comprimento","2225":"hist\u00f3rico","2226":"hebreus","2227":"apoiar","2228":"queriam","2229":"queda","2230":"anterior","2231":"tornaram","2232":"divertido","2233":"experi\u00eancias","2234":"privil\u00e9gio","2235":"blogueiros","2236":"pregar","2237":"parque","2238":"saia","2239":"concordo","2240":"nestes","2241":"en","2242":"oposi\u00e7\u00e3o","2243":"naturais","2244":"decidir","2245":"reserva","2246":"esperem","2247":"navio","2248":"dizme","2249":"data","2250":"crescente","2251":"\u00e1guas","2252":"estudante","2253":"pouca","2254":"prata","2255":"b\u00ean\u00e7\u00e3os","2256":"v\u00eaem","2257":"entrevista","2258":"preocupar","2259":"confus\u00e3o","2260":"estrutura","2261":"liga\u00e7\u00e3o","2262":"her\u00f3i","2263":"associa\u00e7\u00e3o","2264":"plantas","2265":"raparigas","2266":"andava","2267":"nariz","2268":"trabalham","2269":"observa","2270":"preparar","2271":"mata","2272":"english","2273":"amigas","2274":"defini\u00e7\u00e3o","2275":"conselhos","2276":"mestre","2277":"americana","2278":"ponte","2279":"teatro","2280":"segue","2281":"tornouse","2282":"relacionamento","2283":"crist\u00e3s","2284":"imagina","2285":"deserto","2286":"marca","2287":"civil","2288":"\u00faltimas","2289":"sabendo","2290":"independente","2291":"marcos","2292":"dada","2293":"bela","2294":"entende","2295":"teres","2296":"instru\u00e7\u00f5es","2297":"endere\u00e7o","2298":"mostrando","2299":"passagem","2300":"julho","2301":"sois","2302":"derivada","2303":"maluco","2304":"livres","2305":"buraco","2306":"abriu","2307":"estar\u00e3o","2308":"pacto","2309":"escrita","2310":"roubar","2311":"es","2312":"escala","2313":"impostos","2314":"ido","2315":"dores","2316":"comercial","2317":"frase","2318":"dormindo","2319":"pensamos","2320":"imperador","2321":"habilidade","2322":"sa\u00ed","2323":"brasileiros","2324":"fevereiro","2325":"us","2326":"passos","2327":"mel","2328":"continuam","2329":"necess\u00e1ria","2330":"fundamental","2331":"padr\u00f5es","2332":"clientes","2333":"jogadores","2334":"notas","2335":"constantemente","2336":"ouvido","2337":"setembro","2338":"envolvido","2339":"ficando","2340":"uh","2341":"vidro","2342":"equil\u00edbrio","2343":"essencialmente","2344":"aberta","2345":"familiar","2346":"ficado","2347":"pe\u00e7as","2348":"ajudou","2349":"\u00e1lcool","2350":"lembraste","2351":"cat\u00f3lica","2352":"participa\u00e7\u00e3o","2353":"afirma","2354":"p\u00f3","2355":"sacerdotes","2356":"dirigir","2357":"descri\u00e7\u00e3o","2358":"pensou","2359":"poder\u00e3o","2360":"daquilo","2361":"espanhol","2362":"diabos","2363":"cai","2364":"escravo","2365":"mi\u00fada","2366":"bondade","2367":"vaite","2368":"venda","2369":"puder","2370":"perd\u00e3o","2371":"entregar","2372":"oportunidades","2373":"culpado","2374":"dev\u00edamos","2375":"aparentemente","2376":"depress\u00e3o","2377":"saindo","2378":"explica","2379":"dentista","2380":"chegaram","2381":"consumo","2382":"evolu\u00e7\u00e3o","2383":"tomou","2384":"vossas","2385":"tomando","2386":"preocupado","2387":"semelhante","2388":"selvagem","2389":"estiveste","2390":"frank","2391":"mentira","2392":"prefiro","2393":"publicou","2394":"seguidores","2395":"conosco","2396":"bill","2397":"obriga\u00e7\u00e3o","2398":"despertai","2399":"deitar","2400":"qualidades","2401":"recuperar","2402":"servem","2403":"tantos","2404":"raiz","2405":"forma\u00e7\u00e3o","2406":"dan\u00e7a","2407":"corrida","2408":"fundos","2409":"esp\u00e9cies","2410":"rainha","2411":"convosco","2412":"bolo","2413":"colega","2414":"moro","2415":"vestido","2416":"soube","2417":"jack","2418":"passaram","2419":"ouvidos","2420":"pra\u00e7a","2421":"terras","2422":"presos","2423":"sara","2424":"artista","2425":"nasceu","2426":"permanecer","2427":"desistir","2428":"pergunto","2429":"duro","2430":"responde","2431":"bate","2432":"comuns","2433":"destru\u00eddo","2434":"restaurante","2435":"barulho","2436":"laborat\u00f3rio","2437":"atrasado","2438":"treinamento","2439":"frutos","2440":"aguentar","2441":"no\u00e9","2442":"sentar","2443":"proceder","2444":"intelig\u00eancia","2445":"sombra","2446":"eras","2447":"testes","2448":"ouviste","2449":"religi\u00f5es","2450":"crimes","2451":"prov\u00e1vel","2452":"pesco\u00e7o","2453":"tirou","2454":"calate","2455":"venho","2456":"baixos","2457":"pr\u00f3ximos","2458":"achava","2459":"alex","2460":"dezenas","2461":"sentem","2462":"hotel","2463":"agradecer","2464":"d\u00edvida","2465":"ouviram","2466":"palestra","2467":"sen\u00e3o","2468":"dezembro","2469":"arroz","2470":"usados","2471":"edi\u00e7\u00e3o","2472":"rodap\u00e9","2473":"piores","2474":"candidato","2475":"biblioteca","2476":"votou","2477":"vozes","2478":"nesses","2479":"pagamento","2480":"produto","2481":"ac\u00e7\u00e3o","2482":"larga","2483":"toca","2484":"empregos","2485":"estrangeiros","2486":"inicial","2487":"giro","2488":"considerar","2489":"caminhos","2490":"oferta","2491":"viram","2492":"\u00f3bvio","2493":"camisa","2494":"trabalhos","2495":"cavalos","2496":"descobriu","2497":"circunst\u00e2ncias","2498":"dif\u00edceis","2499":"assassino","2500":"maus","2501":"fila","2502":"conte\u00fado","2503":"faremos","2504":"passam","2505":"entrega","2506":"golpe","2507":"protestos","2508":"prote\u00e7\u00e3o","2509":"l\u00e1grimas","2510":"dedo","2511":"tentativa","2512":"pedras","2513":"elementos","2514":"negra","2515":"antigas","2516":"parlamento","2517":"hei","2518":"usou","2519":"aeroporto","2520":"km","2521":"visita","2522":"imp\u00e9rio","2523":"exterior","2524":"pastor","2525":"mataram","2526":"cruz","2527":"verificar","2528":"c\u00f3digo","2529":"cal\u00e7as","2530":"curto","2531":"exato","2532":"ato","2533":"iguais","2534":"bancos","2535":"aplicar","2536":"esquerdo","2537":"adorar","2538":"registro","2539":"fingir","2540":"olhou","2541":"mentiras","2542":"topo","2543":"ajudam","2544":"salvador","2545":"universal","2546":"expressar","2547":"sal\u00e1rio","2548":"humor","2549":"deixando","2550":"quiserem","2551":"esperava","2552":"inv\u00e9s","2553":"cego","2554":"oeste","2555":"entendimento","2556":"estrela","2557":"graus","2558":"grau","2559":"brilhante","2560":"adianta","2561":"hey","2562":"evento","2563":"frequ\u00eancia","2564":"alcance","2565":"aprendeu","2566":"evidente","2567":"segredos","2568":"dono","2569":"faixa","2570":"ovos","2571":"perspectiva","2572":"seguido","2573":"hip\u00f3tese","2574":"costa","2575":"europeus","2576":"computadores","2577":"altos","2578":"russo","2579":"ouvindo","2580":"gr\u00e1fico","2581":"perigoso","2582":"eleitoral","2583":"aspecto","2584":"profundo","2585":"fechar","2586":"apar\u00eancia","2587":"objeto","2588":"objetos","2589":"suposto","2590":"advogado","2591":"nave","2592":"pista","2593":"petr\u00f3leo","2594":"td","2595":"compra","2596":"levado","2597":"rs","2598":"argumento","2599":"velhos","2600":"desenvolver","2601":"desenhar","2602":"parou","2603":"sexual","2604":"continuem","2605":"n\u00facleo","2606":"katie","2607":"roupas","2608":"leitura","2609":"pr\u00edncipe","2610":"n\u00edveis","2611":"cujo","2612":"brasileira","2613":"atingir","2614":"cumprimento","2615":"agentes","2616":"it\u00e1lia","2617":"mat","2618":"batismo","2619":"mam\u00e3e","2620":"proposta","2621":"romanos","2622":"propriedade","2623":"ferramenta","2624":"choque","2625":"ferido","2626":"matei","2627":"preocupa\u00e7\u00e3o","2628":"peguei","2629":"confer\u00eancia","2630":"entendi","2631":"distribui\u00e7\u00e3o","2632":"impedir","2633":"territ\u00f3rio","2634":"aves","2635":"c\u00e2ncer","2636":"perguntei","2637":"sintome","2638":"quarta","2639":"\u00fateis","2640":"movimentos","2641":"tinhas","2642":"frequentemente","2643":"exist\u00eancia","2644":"vermelha","2645":"sentiu","2646":"exame","2647":"miseric\u00f3rdia","2648":"sexuais","2649":"francisco","2650":"ansiedade","2651":"abertura","2652":"c\u00edrculo","2653":"cavalheiros","2654":"b\u00ean\u00e7\u00e3o","2655":"justos","2656":"piscina","2657":"ocorreu","2658":"times","2659":"mina","2660":"caro","2661":"mora","2662":"tornando","2663":"ratos","2664":"nasci","2665":"costume","2666":"comunista","2667":"divers\u00e3o","2668":"porco","2669":"diversos","2670":"acorda","2671":"ch\u00e1","2672":"b\u00edblicas","2673":"gondor","2674":"cheiro","2675":"ora\u00e7\u00f5es","2676":"imenso","2677":"vencer","2678":"cren\u00e7a","2679":"ditadura","2680":"saudade","2681":"medicina","2682":"medidas","2683":"ferramentas","2684":"contrato","2685":"video","2686":"congrega\u00e7\u00f5es","2687":"bebidas","2688":"jake","2689":"pertence","2690":"nascimento","2691":"comentou","2692":"baseado","2693":"combater","2694":"pac\u00edfico","2695":"durar","2696":"rosa","2697":"completo","2698":"correto","2699":"determinado","2700":"papa","2701":"fds","2702":"impress\u00e3o","2703":"br","2704":"corrup\u00e7\u00e3o","2705":"doentes","2706":"voltei","2707":"alcan\u00e7ar","2708":"port\u00e3o","2709":"devagar","2710":"pot\u00eancia","2711":"lucro","2712":"portuguese","2713":"acreditam","2714":"leste","2715":"fatores","2716":"cont\u00e9m","2717":"lemos","2718":"escuro","2719":"bombas","2720":"mexer","2721":"cem","2722":"espelho","2723":"digitais","2724":"iremos","2725":"ficava","2726":"\u00e1s","2727":"termina","2728":"temperatura","2729":"passeio","2730":"ilegal","2731":"debate","2732":"alimentar","2733":"\u00eaxito","2734":"espanha","2735":"deixam","2736":"contacto","2737":"digital","2738":"vigil\u00e2ncia","2739":"perderam","2740":"cristianismo","2741":"escapar","2742":"turma","2743":"inferior","2744":"inf\u00e2ncia","2745":"identidade","2746":"consequ\u00eancias","2747":"l\u00e1bios","2748":"dizlhe","2749":"fase","2750":"dan","2751":"identificar","2752":"dieta","2753":"familiares","2754":"copa","2755":"idioma","2756":"sorriso","2757":"surgiu","2758":"ligado","2759":"idiotas","2760":"morar","2761":"trag\u00e9dia","2762":"utilizar","2763":"juntar","2764":"compromisso","2765":"disco","2766":"filosofia","2767":"conhecem","2768":"vingan\u00e7a","2769":"dispon\u00edvel","2770":"c\u00f3pia","2771":"conheces","2772":"ilustra\u00e7\u00e3o","2773":"voo","2774":"conhecidos","2775":"direto","2776":"ilhas","2777":"direc\u00e7\u00e3o","2778":"deixemme","2779":"substituir","2780":"iam","2781":"bolso","2782":"tratado","2783":"evidentemente","2784":"diversas","2785":"link","2786":"york","2787":"leu","2788":"jac\u00f3","2789":"mto","2790":"conseguia","2791":"jornais","2792":"adiante","2793":"suponho","2794":"convidados","2795":"parceiro","2796":"neve","2797":"milhas","2798":"combust\u00edvel","2799":"pr\u00eamio","2800":"achou","2801":"acidentes","2802":"instante","2803":"argentina","2804":"fraco","2805":"epis\u00f3dio","2806":"cria","2807":"cart\u00e3o","2808":"this","2809":"p\u00fablicos","2810":"coment\u00e1rio","2811":"mi\u00fados","2812":"cultural","2813":"peito","2814":"ondas","2815":"escritor","2816":"tens\u00e3o","2817":"burro","2818":"esquece","2819":"terminou","2820":"regularmente","2821":"mi","2822":"cenas","2823":"rea\u00e7\u00e3o","2824":"terei","2825":"chegamos","2826":"estaremos","2827":"kk","2828":"mentir","2829":"kkkkkkk","2830":"ocidental","2831":"an\u00e1lise","2832":"tribula\u00e7\u00e3o","2833":"plena","2834":"especialista","2835":"lan\u00e7amento","2836":"amoroso","2837":"tiago","2838":"emocional","2839":"feio","2840":"entendeu","2841":"brian","2842":"navios","2843":"cm","2844":"jason","2845":"angeles","2846":"pessoalmente","2847":"pessoais","2848":"g\u00eanesis","2849":"colocou","2850":"habilidades","2851":"d\u00e9cada","2852":"bateu","2853":"mant\u00e9m","2854":"tradicional","2855":"revistas","2856":"governante","2857":"ted","2858":"cargo","2859":"curiosidade","2860":"sofreu","2861":"seguindo","2862":"acordado","2863":"a\u00e7\u00facar","2864":"apoia","2865":"chocolate","2866":"demorar","2867":"zona","2868":"gozar","2869":"famosa","2870":"whatsapp","2871":"falso","2872":"declara\u00e7\u00f5es","2873":"ungidos","2874":"aparelho","2875":"bue","2876":"m\u00e9dica","2877":"by","2878":"deixaram","2879":"defender","2880":"nervoso","2881":"ficaria","2882":"ray","2883":"perna","2884":"bosta","2885":"persegui\u00e7\u00e3o","2886":"qu\u00edmica","2887":"noites","2888":"idosos","2889":"transporte","2890":"rock","2891":"rocha","2892":"ou\u00e7a","2893":"profissionais","2894":"gr\u00e9cia","2895":"cliente","2896":"email","2897":"projecto","2898":"tao","2899":"bebe","2900":"vizinhos","2901":"encontram","2902":"correu","2903":"usu\u00e1rios","2904":"costumava","2905":"tornam","2906":"cia","2907":"organizar","2908":"gordo","2909":"segurar","2910":"chaves","2911":"proveito","2912":"atirar","2913":"temporada","2914":"pr\u00e1ticas","2915":"esconder","2916":"vejamos","2917":"coloca","2918":"variedade","2919":"d\u00eame","2920":"diferen\u00e7as","2921":"passamos","2922":"bala","2923":"dignidade","2924":"salom\u00e3o","2925":"partilhar","2926":"youtube","2927":"bandido","2928":"continuou","2929":"conhecemos","2930":"dispon\u00edveis","2931":"disser","2932":"conflito","2933":"levando","2934":"adicionar","2935":"conversas","2936":"dividido","2937":"pap\u00e1","2938":"pre\u00e7os","2939":"doido","2940":"l\u00f3gica","2941":"vampiros","2942":"paix\u00e3o","2943":"correio","2944":"dura","2945":"amado","2946":"arrumar","2947":"escondido","2948":"influ\u00eancia","2949":"viveu","2950":"criatura","2951":"cr\u00edticos","2952":"regi\u00f5es","2953":"cuida","2954":"puto","2955":"esqueci","2956":"desapareceu","2957":"escritos","2958":"desaparece","2959":"estat\u00edsticas","2960":"p\u00f4de","2961":"j\u00f3","2962":"ultimamente","2963":"modelos","2964":"regressar","2965":"moderna","2966":"demora","2967":"estudando","2968":"c\u00e3es","2969":"foder","2970":"mortes","2971":"aposto","2972":"flickr","2973":"reconhecimento","2974":"mo\u00e7ambique","2975":"mr","2976":"fiquem","2977":"fio","2978":"cabra","2979":"apresenta","2980":"oferece","2981":"usamos","2982":"aceito","2983":"esperamos","2984":"kkkkkkkk","2985":"ajude","2986":"trevas","2987":"ajudando","2988":"achamos","2989":"merdas","2990":"oficiais","2991":"sp","2992":"envolvidos","2993":"tiveste","2994":"sabias","2995":"ex\u00e9rcitos","2996":"r\u00e1pida","2997":"sumo","2998":"compreens\u00e3o","2999":"av\u00f4","3000":"disposi\u00e7\u00e3o","3001":"supremo","3002":"dizerte","3003":"bemvindo","3004":"tomada","3005":"assustador","3006":"un","3007":"transformar","3008":"escreva","3009":"escurid\u00e3o","3010":"contente","3011":"digame","3012":"contexto","3013":"diminuir","3014":"decidiu","3015":"exceto","3016":"fara\u00f3","3017":"dali","3018":"renda","3019":"ben","3020":"benef\u00edcios","3021":"chegado","3022":"treta","3023":"reinado","3024":"tb","3025":"tropas","3026":"richard","3027":"vazio","3028":"restante","3029":"revolu\u00e7\u00e3o","3030":"clark","3031":"emerg\u00eancia","3032":"emo\u00e7\u00f5es","3033":"senso","3034":"retorno","3035":"retirar","3036":"unidades","3037":"ra\u00e7a","3038":"reta","3039":"bolas","3040":"cmg","3041":"terrestre","3042":"sa\u00edram","3043":"apocalipse","3044":"telem\u00f3vel","3045":"comboio","3046":"tristeza","3047":"bicicleta","3048":"desgra\u00e7a","3049":"descendentes","3050":"compras","3051":"aplica\u00e7\u00e3o","3052":"destaque","3053":"estando","3054":"rato","3055":"cen\u00e1rio","3056":"estabelecer","3057":"ca\u00e7a","3058":"chover","3059":"d\u00favidas","3060":"aprova\u00e7\u00e3o","3061":"roma","3062":"fontes","3063":"indiv\u00edduos","3064":"fruto","3065":"volunt\u00e1rios","3066":"fluxo","3067":"gado","3068":"procuram","3069":"haveria","3070":"produz","3071":"fins","3072":"fechada","3073":"quaisquer","3074":"ganho","3075":"plenamente","3076":"levanta","3077":"podias","3078":"gostamos","3079":"fbi","3080":"layla","3081":"washington","3082":"feia","3083":"nuclear","3084":"abandonou","3085":"pr","3086":"ferida","3087":"profissional","3088":"voc","3089":"quinta","3090":"injusti\u00e7a","3091":"m\u00e1xima","3092":"amam","3093":"hor\u00e1rio","3094":"vira","3095":"rabo","3096":"profetas","3097":"achando","3098":"ami\u00fade","3099":"agrade\u00e7o","3100":"publica\u00e7\u00e3o","3101":"feitos","3102":"festas","3103":"\u00edamos","3104":"praticamente","3105":"imagino","3106":"governos","3107":"will","3108":"instru\u00e7\u00e3o","3109":"negativos","3110":"preocupa","3111":"fuga","3112":"apagar","3113":"multiplicar","3114":"ocorre","3115":"manifesta\u00e7\u00e3o","3116":"harry","3117":"fascista","3118":"nessas","3119":"postos","3120":"montes","3121":"malta","3122":"minas","3123":"instrumento","3124":"news","3125":"possui","3126":"pago","3127":"gastar","3128":"pecados","3129":"note","3130":"pau","3131":"preocupe","3132":"pioneiro","3133":"figura","3134":"luzes","3135":"almas","3136":"viemos","3137":"faziam","3138":"pareciam","3139":"amp","3140":"puro","3141":"josh","3142":"execu\u00e7\u00e3o","3143":"tentam","3144":"tribos","3145":"bloco","3146":"exerc\u00edcio","3147":"bandeira","3148":"seguros","3149":"localiza\u00e7\u00e3o","3150":"recentes","3151":"esqueceu","3152":"diretor","3153":"chamados","3154":"legais","3155":"danos","3156":"rumo","3157":"voltar\u00e1","3158":"blogueiro","3159":"lan\u00e7ar","3160":"not\u00e1vel","3161":"voltas","3162":"escravos","3163":"pol\u00edcias","3164":"escrevendo","3165":"permitiu","3166":"primavera","3167":"motorista","3168":"pr\u00f3ximas","3169":"fun\u00e7\u00f5es","3170":"quebrar","3171":"vestidos","3172":"preparados","3173":"eterno","3174":"tocou","3175":"preparado","3176":"cuja","3177":"poss\u00edveis","3178":"especificamente","3179":"sagrado","3180":"tocando","3181":"f\u00edsico","3182":"cr\u00eaem","3183":"all","3184":"causas","3185":"testa","3186":"canad\u00e1","3187":"postar","3188":"est\u00e1dio","3189":"disparar","3190":"posse","3191":"sabiam","3192":"castigo","3193":"posi\u00e7\u00f5es","3194":"inc\u00eandio","3195":"garantir","3196":"tome","3197":"correndo","3198":"casais","3199":"inclui","3200":"adolescentes","3201":"sintomas","3202":"hein","3203":"pergunte","3204":"use","3205":"considere","3206":"justa","3207":"metro","3208":"\u00edntimo","3209":"funcion\u00e1rios","3210":"flor","3211":"prestar","3212":"sons","3213":"coroa","3214":"celeste","3215":"andam","3216":"juros","3217":"harmonia","3218":"conhecida","3219":"alerta","3220":"\u00f3leo","3221":"gritos","3222":"cinto","3223":"vo","3224":"ensina","3225":"refer\u00eancia","3226":"companheiros","3227":"sentese","3228":"elemento","3229":"ensinos","3230":"tarefas","3231":"virgem","3232":"alice","3233":"eleito","3234":"tchau","3235":"riqueza","3236":"vantagem","3237":"moda","3238":"apaixonado","3239":"san","3240":"audi\u00eancia","3241":"acabaram","3242":"senten\u00e7a","3243":"descansar","3244":"propostas","3245":"gostou","3246":"s\u00edria","3247":"s\u00edmbolo","3248":"ouvirme","3249":"co","3250":"enfermeira","3251":"ag\u00eancia","3252":"raramente","3253":"comandante","3254":"caracter\u00edsticas","3255":"bot\u00e3o","3256":"cirurgia","3257":"vivia","3258":"revela","3259":"fazerem","3260":"west","3261":"paga","3262":"web","3263":"tim\u00f3teo","3264":"deputado","3265":"prazo","3266":"abuso","3267":"vier","3268":"empregados","3269":"complicado","3270":"acontecimentos","3271":"atmosfera","3272":"pesquisas","3273":"realizado","3274":"louvor","3275":"explos\u00e3o","3276":"solteiro","3277":"concentrar","3278":"chegada","3279":"apresenta\u00e7\u00e3o","3280":"quisesse","3281":"temer","3282":"op\u00e7\u00f5es","3283":"superintendente","3284":"ajud\u00e1","3285":"cat\u00f3licos","3286":"can\u00e7\u00e3o","3287":"humanas","3288":"muro","3289":"\u00e1lbum","3290":"meianoite","3291":"rotina","3292":"paredes","3293":"roubo","3294":"quadrada","3295":"ii","3296":"normais","3297":"chin\u00eas","3298":"entretanto","3299":"extrema","3300":"matt","3301":"iniciativa","3302":"protesto","3303":"requer","3304":"pobreza","3305":"caos","3306":"nojo","3307":"descer","3308":"l\u00ea","3309":"qu","3310":"iniciar","3311":"director","3312":"laranja","3313":"adulto","3314":"p\u00e1ssaros","3315":"baby","3316":"leal","3317":"billy","3318":"essencial","3319":"lembrome","3320":"big","3321":"humilde","3322":"t\u00edpico","3323":"mo","3324":"t\u00e9cnica","3325":"aproximadamente","3326":"p\u00e1ssaro","3327":"precioso","3328":"saio","3329":"prender","3330":"apropriado","3331":"casado","3332":"t\u00e9cnicas","3333":"afastar","3334":"saltar","3335":"carnaval","3336":"assistindo","3337":"demonstrar","3338":"disseme","3339":"resistir","3340":"compartilhar","3341":"eixo","3342":"competi\u00e7\u00e3o","3343":"amarelo","3344":"acontecem","3345":"gol","3346":"tela","3347":"gv","3348":"cheios","3349":"orar","3350":"lt","3351":"representar","3352":"chegam","3353":"supostamente","3354":"d\u00e9cadas","3355":"profunda","3356":"rindo","3357":"vizinho","3358":"maldito","3359":"sydney","3360":"grega","3361":"revelou","3362":"responsabilidades","3363":"oriente","3364":"comeu","3365":"come\u00e7ando","3366":"respirar","3367":"enormes","3368":"respeitar","3369":"beb\u00e9s","3370":"voar","3371":"amava","3372":"concordar","3373":"amada","3374":"am","3375":"cent\u00edmetros","3376":"religiosas","3377":"passageiros","3378":"tweet","3379":"balas","3380":"passe","3381":"tretas","3382":"divina","3383":"milagre","3384":"baile","3385":"treinar","3386":"aq","3387":"convite","3388":"soubesse","3389":"le\u00e3o","3390":"volte","3391":"parvo","3392":"garagem","3393":"opera\u00e7\u00f5es","3394":"hahaha","3395":"tempestade","3396":"sujo","3397":"parecido","3398":"voltando","3399":"tend\u00eancia","3400":"livrar","3401":"conhecia","3402":"chamadas","3403":"gasolina","3404":"dom","3405":"vamo","3406":"venezuela","3407":"you","3408":"betel","3409":"caramba","3410":"mandato","3411":"namorar","3412":"sobreviv\u00eancia","3413":"alegre","3414":"deixado","3415":"desastre","3416":"sapatos","3417":"percebeu","3418":"desculpas","3419":"fera","3420":"desculpem","3421":"caneta","3422":"in\u00edquo","3423":"inaud\u00edvel","3424":"avan\u00e7ar","3425":"skynet","3426":"dever\u00edamos","3427":"ver\u00e1","3428":"tradi\u00e7\u00e3o","3429":"an\u00fancio","3430":"inova\u00e7\u00e3o","3431":"perguntam","3432":"briga","3433":"receio","3434":"daria","3435":"realizada","3436":"crush","3437":"aventura","3438":"aben\u00e7oe","3439":"perdida","3440":"recupera\u00e7\u00e3o","3441":"siga","3442":"cuidadosamente","3443":"receberam","3444":"isa","3445":"transmitir","3446":"pod\u00edamos","3447":"explica\u00e7\u00e3o","3448":"trabalhador","3449":"aprende","3450":"cuidados","3451":"recompensa","3452":"nuvem","3453":"ajudame","3454":"cr\u00edtica","3455":"japon\u00eas","3456":"naquilo","3457":"agradar","3458":"sobretudo","3459":"tolo","3460":"deixem","3461":"necess\u00e1rios","3462":"joga","3463":"toque","3464":"ladr\u00e3o","3465":"samuel","3466":"autor","3467":"departamento","3468":"sess\u00e3o","3469":"ve\u00edculo","3470":"permitir","3471":"dente","3472":"design","3473":"cad\u00ea","3474":"neles","3475":"assustado","3476":"sermos","3477":"expectativa","3478":"cabe\u00e7as","3479":"aldeia","3480":"sentidos","3481":"jeremias","3482":"fortaleza","3483":"refere","3484":"penas","3485":"curva","3486":"piloto","3487":"verte","3488":"vieste","3489":"igualmente","3490":"pr\u00e9","3491":"descrever","3492":"literatura","3493":"escada","3494":"chap\u00e9u","3495":"charles","3496":"concentra\u00e7\u00e3o","3497":"chamo","3498":"janelas","3499":"aborto","3500":"ala","3501":"decente","3502":"c\u00f4njuge","3503":"mo\u00e7a","3504":"independ\u00eancia","3505":"desculpeme","3506":"pesado","3507":"trigo","3508":"\u00e1rabe","3509":"drama","3510":"bando","3511":"dory","3512":"chamase","3513":"chamando","3514":"dormi","3515":"privada","3516":"cabr\u00e3o","3517":"escolhi","3518":"quilos","3519":"primo","3520":"vis\u00edvel","3521":"dar\u00e1","3522":"doze","3523":"mudaram","3524":"tenhamos","3525":"mudando","3526":"prato","3527":"vila","3528":"personagens","3529":"lan\u00e7ou","3530":"mds","3531":"circuito","3532":"palco","3533":"abandonar","3534":"inventar","3535":"rica","3536":"tr\u00e1fego","3537":"atravessar","3538":"ne","3539":"separa\u00e7\u00e3o","3540":"gregos","3541":"gregor","3542":"grego","3543":"falsos","3544":"necess\u00e1rias","3545":"integridade","3546":"der","3547":"clique","3548":"pizza","3549":"nemo","3550":"encontrados","3551":"coloque","3552":"nelas","3553":"pacote","3554":"zelo","3555":"fator","3556":"reunir","3557":"atuais","3558":"seremos","3559":"bozo","3560":"projetos","3561":"plataforma","3562":"aparecem","3563":"m\u00e1scara","3564":"aguenta","3565":"investimento","3566":"ficas","3567":"m\u00e3es","3568":"comunicar","3569":"chegue","3570":"tortura","3571":"luis","3572":"reputa\u00e7\u00e3o","3573":"cheirar","3574":"edif\u00edcios","3575":"organismo","3576":"m\u00fasicas","3577":"nacionais","3578":"luxo","3579":"compreendo","3580":"realizados","3581":"nascer","3582":"definir","3583":"rid\u00edculo","3584":"elevador","3585":"grosso","3586":"falaram","3587":"felizmente","3588":"invis\u00edvel","3589":"urgente","3590":"falado","3591":"rios","3592":"fake","3593":"radia\u00e7\u00e3o","3594":"fadil","3595":"nascido","3596":"in\u00fatil","3597":"entao","3598":"agenda","3599":"mudam","3600":"ponha","3601":"satisfeito","3602":"espec\u00edfico","3603":"est\u00f4mago","3604":"est\u00fadio","3605":"min","3606":"morrendo","3607":"dissete","3608":"cosseno","3609":"capa","3610":"morro","3611":"afeta","3612":"fronteiras","3613":"hitler","3614":"milho","3615":"h\u00e1bito","3616":"andando","3617":"impressionada","3618":"corre","3619":"aceita","3620":"europeu","3621":"st","3622":"positiva","3623":"obedecer","3624":"portuguesa","3625":"moderno","3626":"estranha","3627":"sacrif\u00edcios","3628":"kyle","3629":"viola\u00e7\u00e3o","3630":"reduzir","3631":"imagine","3632":"virou","3633":"obstante","3634":"aprendizagem","3635":"at","3636":"percebes","3637":"cora\u00e7\u00f5es","3638":"penses","3639":"coral","3640":"potencial","3641":"tiros","3642":"diversidade","3643":"montanhas","3644":"casaco","3645":"fornece","3646":"tirei","3647":"adultos","3648":"ansioso","3649":"cancro","3650":"saem","3651":"perdemos","3652":"cuba","3653":"esperam","3654":"ter\u00edamos","3655":"prefere","3656":"furioso","3657":"presa","3658":"h\u00e1bitos","3659":"refugiados","3660":"cura","3661":"visitas","3662":"terapia","3663":"vinha","3664":"vs","3665":"calif\u00f3rnia","3666":"t\u00f3quio","3667":"messias","3668":"software","3669":"dna","3670":"calhar","3671":"inclina\u00e7\u00e3o","3672":"desigualdade","3673":"dobro","3674":"designa\u00e7\u00e3o","3675":"julgar","3676":"tinta","3677":"conseguiste","3678":"idiomas","3679":"fraude","3680":"ponta","3681":"francesa","3682":"judas","3683":"vetor","3684":"connor","3685":"t\u00edtulo","3686":"publicar","3687":"deveriam","3688":"status","3689":"crescendo","3690":"queijo","3691":"continente","3692":"fotografias","3693":"tirando","3694":"altar","3695":"\u00e9ramos","3696":"liberta\u00e7\u00e3o","3697":"assassinos","3698":"world","3699":"aceitou","3700":"institui\u00e7\u00f5es","3701":"idoso","3702":"cresceu","3703":"cr","3704":"digno","3705":"companhias","3706":"comerciais","3707":"s\u00e9ria","3708":"leitor","3709":"prometeu","3710":"comparar","3711":"lan\u00e7ado","3712":"promessas","3713":"pacientes","3714":"pensem","3715":"we","3716":"compaix\u00e3o","3717":"preconceito","3718":"graves","3719":"le","3720":"investigar","3721":"sami","3722":"way","3723":"madrugada","3724":"vaca","3725":"pleno","3726":"solar","3727":"inspirado","3728":"diariamente","3729":"praticar","3730":"planta","3731":"salva","3732":"cren\u00e7as","3733":"lan\u00e7a","3734":"col\u00f4mbia","3735":"embaixo","3736":"afeganist\u00e3o","3737":"lealdade","3738":"vegas","3739":"ignorar","3740":"salvou","3741":"parada","3742":"deveres","3743":"suficientemente","3744":"suave","3745":"volume","3746":"henry","3747":"heran\u00e7a","3748":"contagem","3749":"ligou","3750":"dps","3751":"confia","3752":"ju\u00edzo","3753":"atitudes","3754":"conduzir","3755":"dupla","3756":"sa\u00edmos","3757":"darme","3758":"li\u00e7\u00f5es","3759":"ligue","3760":"voltarei","3761":"conquistar","3762":"doloroso","3763":"part\u00edculas","3764":"dai","3765":"conseguiram","3766":"adolescente","3767":"conhe\u00e7a","3768":"dona","3769":"considerados","3770":"juntas","3771":"desejos","3772":"desligar","3773":"consiga","3774":"subiu","3775":"joey","3776":"al\u00edvio","3777":"processar","3778":"longos","3779":"levaram","3780":"vota","3781":"partidos","3782":"paquist\u00e3o","3783":"pap\u00e9is","3784":"irem","3785":"profecias","3786":"roberto","3787":"ali\u00e1s","3788":"complexo","3789":"eg\u00edpcios","3790":"homic\u00eddio","3791":"lendo","3792":"in\u00edquos","3793":"riquezas","3794":"pouquinho","3795":"ajudaram","3796":"deixaste","3797":"descend\u00eancia","3798":"sobe","3799":"perfeitamente","3800":"poderosos","3801":"poderosa","3802":"podermos","3803":"conceitos","3804":"decidido","3805":"romance","3806":"sauron","3807":"poderes","3808":"katsumoto","3809":"letras","3810":"pete","3811":"avenida","3812":"lucian","3813":"procuro","3814":"ec","3815":"costumes","3816":"major","3817":"mol\u00e9culas","3818":"abra\u00e7o","3819":"entraram","3820":"especiais","3821":"torne","3822":"relacionado","3823":"armadilha","3824":"espantoso","3825":"odeia","3826":"entrei","3827":"gileade","3828":"caminhar","3829":"relata","3830":"entro","3831":"anci\u00e3o","3832":"chego","3833":"pude","3834":"foco","3835":"evan","3836":"entram","3837":"mortas","3838":"brincadeira","3839":"miranda","3840":"gorda","3841":"cidad\u00e3o","3842":"ocasi\u00f5es","3843":"puni\u00e7\u00e3o","3844":"causou","3845":"bunda","3846":"anteriores","3847":"anteriormente","3848":"red","3849":"gnt","3850":"campeonato","3851":"ter\u00e1s","3852":"besta","3853":"resgate","3854":"orgulhoso","3855":"evangelho","3856":"queimar","3857":"gale","3858":"not","3859":"chances","3860":"tento","3861":"escutar","3862":"onu","3863":"are","3864":"olhei","3865":"viagens","3866":"mover","3867":"querias","3868":"gatos","3869":"garantia","3870":"mercadorias","3871":"tomei","3872":"blogosfera","3873":"tenente","3874":"chame","3875":"eric","3876":"teorias","3877":"metal","3878":"representam","3879":"b\u00e1sica","3880":"motiva\u00e7\u00e3o","3881":"mediante","3882":"b\u00e1sico","3883":"ofertas","3884":"reportagem","3885":"chato","3886":"equador","3887":"explicou","3888":"temor","3889":"motores","3890":"operador","3891":"fizesse","3892":"tornado","3893":"publicada","3894":"repetir","3895":"mist\u00e9rio","3896":"marcus","3897":"ficar\u00e1","3898":"marco","3899":"falhas","3900":"tradu\u00e7\u00f5es","3901":"carteira","3902":"observando","3903":"falsas","3904":"faz\u00ea","3905":"estranhos","3906":"faltam","3907":"acabado","3908":"fornecer","3909":"enfrentar","3910":"resta","3911":"p\u00e2nico","3912":"refei\u00e7\u00e3o","3913":"fazermos","3914":"fazenda","3915":"favorito","3916":"estradas","3917":"cody","3918":"modernos","3919":"qnd","3920":"negros","3921":"referir","3922":"estivessem","3923":"fosses","3924":"verone","3925":"p\u00fablicas","3926":"tito","3927":"acabo","3928":"carinho","3929":"casados","3930":"engra\u00e7ada","3931":"formar","3932":"academia","3933":"razo\u00e1vel","3934":"esp\u00edritos","3935":"ciro","3936":"criados","3937":"meta","3938":"avaliar","3939":"dm","3940":"estarmos","3941":"cara\u00e7as","3942":"consideram","3943":"diamante","3944":"religioso","3945":"uau","3946":"ya","3947":"assinar","3948":"perguntando","3949":"motor","3950":"dizerlhe","3951":"dizerme","3952":"veremos","3953":"galinha","3954":"estarem","3955":"precisavam","3956":"sites","3957":"houvesse","3958":"relaxa","3959":"antigamente","3960":"perguntaram","3961":"helic\u00f3ptero","3962":"po\u00e7o","3963":"p\u00e9ssimo","3964":"criando","3965":"pornografia","3966":"voltem","3967":"disciplina","3968":"primeiras","3969":"desespero","3970":"quer\u00edamos","3971":"abra","3972":"lembrou","3973":"josu\u00e9","3974":"garrafa","3975":"vinda","3976":"escrevi","3977":"c\u00ea","3978":"caixas","3979":"fotografia","3980":"excel\u00eancia","3981":"v\u00eala","3982":"cassete","3983":"candidatos","3984":"violento","3985":"ru\u00ednas","3986":"fresco","3987":"acertar","3988":"freq\u00fc\u00eancia","3989":"apresentou","3990":"soldado","3991":"ganhei","3992":"frases","3993":"juntamente","3994":"alarme","3995":"corda","3996":"\u00e2ngulos","3997":"gan\u00e2ncia","3998":"quanta","3999":"atento","4000":"secreto","4001":"disputa","4002":"europeia","4003":"tesouro","4004":"\u00eaxodo","4005":"preparando","4006":"mi\u00fadas","4007":"lembrando","4008":"direi","4009":"levam","4010":"terremoto","4011":"perfil","4012":"dever\u00e1","4013":"almo\u00e7ar","4014":"possibilidades","4015":"preparada","4016":"salmista","4017":"trato","4018":"alimenta\u00e7\u00e3o","4019":"cad\u00e1veres","4020":"distante","4021":"afirmam","4022":"rec\u00e9m","4023":"possivelmente","4024":"destruiu","4025":"cami\u00e3o","4026":"observou","4027":"coopera\u00e7\u00e3o","4028":"corrigir","4029":"leio","4030":"disselhe","4031":"ocupada","4032":"cc","4033":"carrinha","4034":"esquisito","4035":"adotar","4036":"yeah","4037":"tim","4038":"relativamente","4039":"conte","4040":"furor","4041":"futura","4042":"devo\u00e7\u00e3o","4043":"\u00edndice","4044":"assassinado","4045":"usu\u00e1rio","4046":"steve","4047":"f\u00e1brica","4048":"publicidade","4049":"mexe","4050":"lembrese","4051":"estabelecido","4052":"sao","4053":"carregar","4054":"prepara\u00e7\u00e3o","4055":"vestir","4056":"lentamente","4057":"estresse","4058":"kraven","4059":"detective","4060":"conto","4061":"inacredit\u00e1vel","4062":"despertar","4063":"salto","4064":"estrat\u00e9gia","4065":"pressa","4066":"gajos","4067":"sloane","4068":"\u00f3rg\u00e3os","4069":"van","4070":"gastos","4071":"l\u00edquido","4072":"dedica\u00e7\u00e3o","4073":"guardas","4074":"escolhido","4075":"acontecimento","4076":"externa","4077":"ritmo","4078":"pal\u00e1cio","4079":"nadando","4080":"baseada","4081":"marvel","4082":"rachel","4083":"tr\u00e2nsito","4084":"vasos","4085":"apaixonada","4086":"cient\u00edfica","4087":"sentate","4088":"buffy","4089":"racismo","4090":"robert","4091":"matando","4092":"explora\u00e7\u00e3o","4093":"suportar","4094":"gigante","4095":"rohan","4096":"ajudar\u00e1","4097":"but","4098":"econ\u00f4mico","4099":"italiano","4100":"amamos","4101":"editor","4102":"chloe","4103":"gira","4104":"tt","4105":"l\u00e1pis","4106":"ademais","4107":"surdo","4108":"matarte","4109":"surgir","4110":"tracy","4111":"suspeito","4112":"inocente","4113":"maldita","4114":"instagram","4115":"ouvimos","4116":"fama","4117":"sequ\u00eancia","4118":"coma","4119":"grace","4120":"colunas","4121":"manifestantes","4122":"mam\u00e3","4123":"raro","4124":"up","4125":"resultar","4126":"dem\u00f4nios","4127":"nestas","4128":"ser\u00e1s","4129":"demonstrou","4130":"arquivos","4131":"be","4132":"comemora\u00e7\u00e3o","4133":"separar","4134":"nig\u00e9ria","4135":"falas","4136":"el\u00e9trons","4137":"brenda","4138":"civiliza\u00e7\u00e3o","4139":"responderam","4140":"atraso","4141":"fechado","4142":"tornase","4143":"acusa\u00e7\u00f5es","4144":"nazista","4145":"clara","4146":"outono","4147":"inspira\u00e7\u00e3o","4148":"acusado","4149":"derrota","4150":"emo\u00e7\u00e3o","4151":"veem","4152":"desafios","4153":"g\u00e9nero","4154":"guardar","4155":"or","4156":"dormiu","4157":"autocarro","4158":"blogs","4159":"pareceme","4160":"ativa","4161":"asas","4162":"recebido","4163":"normas","4164":"amote","4165":"quieto","4166":"asa","4167":"polui\u00e7\u00e3o","4168":"equivalente","4169":"william","4170":"ampla","4171":"confuso","4172":"privado","4173":"temporal","4174":"multa","4175":"confort\u00e1vel","4176":"erva","4177":"daquelas","4178":"alvos","4179":"duvido","4180":"concorda","4181":"japoneses","4182":"loucos","4183":"conclus\u00e3o","4184":"tornarse","4185":"meditar","4186":"autoriza\u00e7\u00e3o","4187":"oposto","4188":"auto","4189":"top","4190":"with","4191":"romano","4192":"sidney","4193":"com\u00e9rcio","4194":"descreve","4195":"acompanhar","4196":"fantasia","4197":"porcaria","4198":"avi\u00f5es","4199":"calado","4200":"fino","4201":"permanece","4202":"jogou","4203":"redu\u00e7\u00e3o","4204":"canta","4205":"c\u00e9sar","4206":"junta","4207":"expans\u00e3o","4208":"toneladas","4209":"interessantes","4210":"traduzir","4211":"desejam","4212":"traduzindo","4213":"fascismo","4214":"moradores","4215":"imigrantes","4216":"notar","4217":"estiverem","4218":"insta","4219":"recife","4220":"dera","4221":"fortuna","4222":"internacionais","4223":"favorita","4224":"novela","4225":"interno","4226":"estragar","4227":"can\u00e7\u00f5es","4228":"jonas","4229":"fantasma","4230":"individuais","4231":"universidades","4232":"website","4233":"existia","4234":"sangrar","4235":"fazme","4236":"jornada","4237":"faleceu","4238":"bordo","4239":"pintura","4240":"exercer","4241":"tire","4242":"sejas","4243":"v\u00e1s","4244":"faltando","4245":"im","4246":"incr\u00edveis","4247":"pensaram","4248":"ngm","4249":"insetos","4250":"fileiras","4251":"similares","4252":"secret\u00e1ria","4253":"pesadelo","4254":"aumentou","4255":"saul","4256":"cujos","4257":"musica","4258":"unido","4259":"recusou","4260":"abrigo","4261":"quisermos","4262":"iriam","4263":"noiva","4264":"iniciou","4265":"bocadinho","4266":"cujas","4267":"trabalhamos","4268":"tratados","4269":"secreta","4270":"decidi","4271":"despesas","4272":"fidelidade","4273":"quebrou","4274":"impulso","4275":"impress\u00f5es","4276":"transpar\u00eancia","4277":"declara","4278":"blusa","4279":"senador","4280":"exposi\u00e7\u00e3o","4281":"descreveu","4282":"juventude","4283":"m\u00e1gico","4284":"curioso","4285":"seguem","4286":"descanso","4287":"brit\u00e2nico","4288":"\u00fanicos","4289":"atacar","4290":"deixao","4291":"semelhantes","4292":"percentagem","4293":"se\u00e7\u00e3o","4294":"calend\u00e1rio","4295":"filial","4296":"tradi\u00e7\u00f5es","4297":"sentes","4298":"experimentar","4299":"apanhado","4300":"sociedades","4301":"imitar","4302":"aprendido","4303":"qu\u00edmicos","4304":"motoristas","4305":"crl","4306":"definitivamente","4307":"iphone","4308":"morrem","4309":"ken","4310":"infinito","4311":"perdendo","4312":"quinto","4313":"policia","4314":"moram","4315":"postura","4316":"sentada","4317":"detesto","4318":"trabalhava","4319":"brincando","4320":"in\u00fateis","4321":"mandei","4322":"bacano","4323":"intitulado","4324":"olhada","4325":"beb\u00eas","4326":"olhamos","4327":"aspectos","4328":"bases","4329":"documento","4330":"documentos","4331":"originalmente","4332":"tenta\u00e7\u00e3o","4333":"treze","4334":"publicamente","4335":"partiu","4336":"pros","4337":"martin","4338":"resolu\u00e7\u00e3o","4339":"entendem","4340":"compara\u00e7\u00e3o","4341":"mentiu","4342":"masculino","4343":"garotas","4344":"ombros","4345":"menores","4346":"cidadania","4347":"escravid\u00e3o","4348":"eliminar","4349":"eliseu","4350":"miami","4351":"marcar","4352":"continuamente","4353":"valeu","4354":"altamente","4355":"assassinato","4356":"magia","4357":"maduro","4358":"passava","4359":"media","4360":"madame","4361":"comi","4362":"contei","4363":"street","4364":"marcas","4365":"vivendo","4366":"constru\u00eddo","4367":"vazia","4368":"suspeitos","4369":"aceit\u00e1vel","4370":"ligados","4371":"diziam","4372":"presta","4373":"palmas","4374":"domingos","4375":"maconha","4376":"armado","4377":"privacidade","4378":"orelhas","4379":"artistas","4380":"meias","4381":"adivinhar","4382":"ed","4383":"parado","4384":"gentil","4385":"condenado","4386":"confirmar","4387":"opini\u00f5es","4388":"role","4389":"ma\u00e7\u00e3","4390":"d\u00f3lar","4391":"chegar\u00e1","4392":"processos","4393":"concluir","4394":"argumentos","4395":"superintendentes","4396":"medir","4397":"comunica\u00e7\u00f5es","4398":"durmo","4399":"areia","4400":"parei","4401":"conflitos","4402":"tri\u00e2ngulo","4403":"go","4404":"\u00e1sia","4405":"mencionado","4406":"dorme","4407":"tecnologias","4408":"rj","4409":"pr\u00e9mio","4410":"aluno","4411":"ego\u00edsta","4412":"princesa","4413":"gatilho","4414":"one","4415":"chris","4416":"administra\u00e7\u00e3o","4417":"meme","4418":"tendes","4419":"eficaz","4420":"escadas","4421":"composto","4422":"tenda","4423":"conforto","4424":"beijar","4425":"continuo","4426":"espalhar","4427":"procuramos","4428":"paisagem","4429":"esposas","4430":"vizinha","4431":"assistente","4432":"espiritualmente","4433":"arrancar","4434":"encarar","4435":"manh\u00e3s","4436":"digas","4437":"mandamentos","4438":"miss","4439":"saibas","4440":"talento","4441":"largar","4442":"maldi\u00e7\u00e3o","4443":"pausa","4444":"esperto","4445":"cozinhar","4446":"hino","4447":"acabando","4448":"coelho","4449":"vaga","4450":"colocado","4451":"\u00f3culos","4452":"solta","4453":"la\u00e7os","4454":"encontraram","4455":"observe","4456":"solu\u00e7\u00f5es","4457":"cobrir","4458":"promover","4459":"cobra","4460":"soma","4461":"latina","4462":"prontas","4463":"casada","4464":"h\u00e3o","4465":"fumo","4466":"card\u00edaco","4467":"ovelha","4468":"fria","4469":"gravidade","4470":"dissesse","4471":"emocionante","4472":"verdadeiras","4473":"especialistas","4474":"convidou","4475":"esta\u00e7\u00f5es","4476":"fracos","4477":"acreditamos","4478":"colapso","4479":"objetivos","4480":"cometer","4481":"civis","4482":"conversando","4483":"vdd","4484":"proibido","4485":"aceitam","4486":"puderam","4487":"maravilhosas","4488":"freq\u00fcentemente","4489":"oxig\u00eanio","4490":"pego","4491":"sof\u00e1","4492":"alguem","4493":"ideal","4494":"acrescentou","4495":"batatas","4496":"ocidentais","4497":"cat\u00f3lico","4498":"grandioso","4499":"paus","4500":"sorrir","4501":"lento","4502":"acrescentar","4503":"adulta","4504":"ocorrer","4505":"colheita","4506":"pesquisar","4507":"bu\u00e9","4508":"interessados","4509":"beira","4510":"barra","4511":"itens","4512":"decimal","4513":"colar","4514":"aus\u00eancia","4515":"tecido","4516":"interm\u00e9dio","4517":"maldade","4518":"manipular","4519":"companheiro","4520":"tambem","4521":"mark","4522":"tradicionais","4523":"mala","4524":"intui\u00e7\u00e3o","4525":"brilhantes","4526":"city","4527":"acreditava","4528":"deix\u00e1lo","4529":"nick","4530":"acreditas","4531":"deixo","4532":"pintar","4533":"cl\u00e1ssica","4534":"palestras","4535":"manifesta\u00e7\u00f5es","4536":"bota","4537":"sessenta","4538":"acontecido","4539":"mama","4540":"agricultores","4541":"chumbo","4542":"negativa","4543":"s\u00e9timo","4544":"macho","4545":"atualiza\u00e7\u00e3o","4546":"maluca","4547":"compare","4548":"trai\u00e7\u00e3o","4549":"transmiss\u00e3o","4550":"ciclo","4551":"brit\u00e2nica","4552":"actualmente","4553":"bretanha","4554":"t\u00fanel","4555":"temas","4556":"tratase","4557":"tl","4558":"categoria","4559":"cr\u00edtico","4560":"kevin","4561":"biscoito","4562":"can","4563":"morpheus","4564":"morrido","4565":"ter\u00e7o","4566":"paula","4567":"terte","4568":"tiv\u00e9ssemos","4569":"mortal","4570":"convidado","4571":"perdoar","4572":"ocupa\u00e7\u00e3o","4573":"terreno","4574":"cultivar","4575":"mostraram","4576":"adquirir","4577":"convencer","4578":"levo","4579":"microsoft","4580":"continuamos","4581":"curar","4582":"paul","4583":"t\u00e9cnico","4584":"cruel","4585":"lenda","4586":"monstro","4587":"moedas","4588":"pegue","4589":"\u00f3tima","4590":"criadas","4591":"azuis","4592":"carbono","4593":"ladr\u00f5es","4594":"larry","4595":"carl","4596":"bigode","4597":"criaram","4598":"observador","4599":"criaturas","4600":"cantando","4601":"observa\u00e7\u00e3o","4602":"acabe","4603":"car\u00e1ter","4604":"absoluto","4605":"ped","4606":"kong","4607":"sonhar","4608":"tivermos","4609":"mitos","4610":"lembrate","4611":"casou","4612":"corinthians","4613":"passear","4614":"mostrarvos","4615":"nucleares","4616":"cursos","4617":"tribunais","4618":"livramento","4619":"objectivo","4620":"daesu","4621":"conheceu","4622":"jonathan","4623":"lixe","4624":"abordagem","4625":"\u00e1rabes","4626":"banheiro","4627":"perseveran\u00e7a","4628":"darei","4629":"cabe","4630":"ooh","4631":"melhora","4632":"lojas","4633":"pareces","4634":"jato","4635":"zacarias","4636":"condenados","4637":"superar","4638":"ungido","4639":"perverso","4640":"b\u00eabado","4641":"blue","4642":"concordam","4643":"barato","4644":"sincero","4645":"adicional","4646":"permitem","4647":"joseph","4648":"mexamse","4649":"lideran\u00e7a","4650":"construiu","4651":"curta","4652":"calmo","4653":"censura","4654":"oficialmente","4655":"constitui","4656":"passaporte","4657":"tomado","4658":"considerando","4659":"limitado","4660":"tomaram","4661":"calcular","4662":"c\u00e9lula","4663":"mowgli","4664":"consciente","4665":"admitir","4666":"c\u00e9rebros","4667":"lisboa","4668":"judeu","4669":"mercadoria","4670":"cala","4671":"mentes","4672":"admite","4673":"tentamos","4674":"turistas","4675":"\u00e1tomos","4676":"chamamos","4677":"expressa","4678":"demonstra\u00e7\u00e3o","4679":"desenho","4680":"garganta","4681":"identifica\u00e7\u00e3o","4682":"vela","4683":"estiveram","4684":"reconhece","4685":"an","4686":"estima","4687":"di\u00e1ria","4688":"exemplares","4689":"gases","4690":"escondidas","4691":"rem\u00e9dio","4692":"incluir","4693":"governar","4694":"velhas","4695":"divulgar","4696":"escolhas","4697":"refletir","4698":"divis\u00e3o","4699":"altas","4700":"fuma\u00e7a","4701":"vistos","4702":"visual","4703":"divino","4704":"feriu","4705":"sabeis","4706":"doces","4707":"firmes","4708":"voltaram","4709":"ar\u00e3o","4710":"escute","4711":"podese","4712":"ganhando","4713":"usadas","4714":"evie","4715":"promete","4716":"exacto","4717":"rt","4718":"poema","4719":"fizermos","4720":"have","4721":"prometido","4722":"felipe","4723":"encontr\u00e1lo","4724":"infantil","4725":"f\u00e3","4726":"ps","4727":"prima","4728":"sele\u00e7\u00e3o","4729":"ajustar","4730":"hebraica","4731":"racioc\u00ednio","4732":"hebraicas","4733":"document\u00e1rio","4734":"ajudarte","4735":"hidrog\u00eanio","4736":"presid\u00eancia","4737":"pregui\u00e7a","4738":"ensinando","4739":"discernimento","4740":"hospitalidade","4741":"apropriada","4742":"virem","4743":"salazar","4744":"assist\u00eancia","4745":"quinze","4746":"devolver","4747":"prosperidade","4748":"va","4749":"prosseguir","4750":"diamantes","4751":"directo","4752":"aprovado","4753":"p\u00e1scoa","4754":"samurai","4755":"eleitores","4756":"dil\u00favio","4757":"dilma","4758":"explodir","4759":"angola","4760":"requisitos","4761":"digam","4762":"expectativas","4763":"secret\u00e1rio","4764":"prejudicial","4765":"discursos","4766":"esquadra","4767":"seca","4768":"divididos","4769":"pr\u00e1tico","4770":"exerc\u00edcios","4771":"fracasso","4772":"amplamente","4773":"historiador","4774":"vendendo","4775":"vomitar","4776":"von","4777":"importam","4778":"ve\u00edculos","4779":"desvio","4780":"gordura","4781":"satisfa\u00e7\u00e3o","4782":"posta","4783":"hollywood","4784":"vendas","4785":"ensaio","4786":"quil\u00f3metros","4787":"votando","4788":"reclamar","4789":"v\u00ealos","4790":"resolveu","4791":"esquecido","4792":"descobrimos","4793":"alternativa","4794":"espect\u00e1culo","4795":"guardachuva","4796":"reinos","4797":"encontradas","4798":"encontrada","4799":"formato","4800":"est\u00fapida","4801":"ventos","4802":"serge","4803":"pudessem","4804":"descendente","4805":"empenho","4806":"galil\u00e9ia","4807":"fant\u00e1stica","4808":"ambi\u00e7\u00e3o","4809":"rochas","4810":"gravar","4811":"voces","4812":"fav","4813":"funda\u00e7\u00e3o","4814":"eg\u00edpcia","4815":"formiga","4816":"verdades","4817":"anormal","4818":"gratuito","4819":"artes","4820":"f\u00e3s","4821":"encontraremos","4822":"senta","4823":"aquecimento","4824":"produzido","4825":"euros","4826":"instrumentos","4827":"fdp","4828":"habitada","4829":"regular","4830":"quebra","4831":"descobertas","4832":"pud\u00e9ssemos","4833":"d\u00eaem","4834":"gr\u00e1tis","4835":"guerreiro","4836":"voltamos","4837":"eternidade","4838":"aids","4839":"inglesa","4840":"emprestado","4841":"d\u00e1diva","4842":"familia","4843":"truque","4844":"nuvens","4845":"margem","4846":"preocupada","4847":"hong","4848":"sagradas","4849":"acordou","4850":"greve","4851":"magnitude","4852":"formigas","4853":"reclamando","4854":"violenta","4855":"mostre","4856":"arriscar","4857":"contraste","4858":"pastores","4859":"folhas","4860":"guia","4861":"engenheiro","4862":"patentes","4863":"levar\u00e1","4864":"sabor","4865":"levantou","4866":"proporciona","4867":"marcado","4868":"edward","4869":"franceses","4870":"\u00f3ptima","4871":"sacana","4872":"papo","4873":"existentes","4874":"bahia","4875":"gritando","4876":"modos","4877":"marcha","4878":"mude","4879":"t\u00e1xi","4880":"mudei","4881":"obriga\u00e7\u00f5es","4882":"quartos","4883":"financeira","4884":"cansada","4885":"cordeiro","4886":"cortou","4887":"leais","4888":"aplicativo","4889":"surpreendente","4890":"humildade","4891":"peda\u00e7os","4892":"a\u00e9rea","4893":"elias","4894":"surpreso","4895":"bilhete","4896":"predisse","4897":"choro","4898":"associados","4899":"gr\u00e3","4900":"lava","4901":"laura","4902":"moralidade","4903":"digote","4904":"acabamos","4905":"fielmente","4906":"surto","4907":"h\u00f3spedes","4908":"precisei","4909":"pegando","4910":"adam","4911":"amas","4912":"entrando","4913":"hum","4914":"acabam","4915":"macacos","4916":"troco","4917":"sopa","4918":"vota\u00e7\u00e3o","4919":"assista","4920":"torcida","4921":"adequado","4922":"gritar","4923":"lembrei","4924":"el\u00e9trico","4925":"prop\u00f3sitos","4926":"golpes","4927":"voute","4928":"dirige","4929":"mundiais","4930":"madrid","4931":"mar\u00e9","4932":"acordada","4933":"corrupto","4934":"estais","4935":"massacre","4936":"some","4937":"l\u00f3gico","4938":"estruturas","4939":"preferia","4940":"preferem","4941":"estuda","4942":"lee","4943":"ac\u00e7\u00f5es","4944":"valer","4945":"eddie","4946":"stan","4947":"encontr\u00e1mos","4948":"partilha","4949":"mando","4950":"procedimento","4951":"tiras","4952":"resultou","4953":"reto","4954":"he","4955":"tomara","4956":"bateria","4957":"baxter","4958":"haha","4959":"havido","4960":"banana","4961":"encher","4962":"tomates","4963":"calar","4964":"turquia","4965":"conseguinte","4966":"estreia","4967":"bam","4968":"grava\u00e7\u00e3o","4969":"tag","4970":"considera","4971":"excesso","4972":"ryan","4973":"vara","4974":"padre","4975":"ruins","4976":"bitsey","4977":"sugerem","4978":"parente","4979":"prisioneiro","4980":"encontrar\u00e1","4981":"camadas","4982":"confusa","4983":"roubou","4984":"vertical","4985":"oxig\u00e9nio","4986":"gratid\u00e3o","4987":"sudeste","4988":"biologia","4989":"s\u00f3s","4990":"mandado","4991":"congressos","4992":"grato","4993":"park","4994":"dourado","4995":"roubei","4996":"batizados","4997":"flamengo","4998":"s\u00edrios","4999":"sujeito"}}