{"ron":{"0":" de ","1":"are ","2":" s\u0103 ","3":" a ","4":" \u00een ","5":" \u015fi ","6":" nu ","7":" la ","8":" o ","9":" pe ","10":" cu ","11":"care","12":"lui ","13":" ce ","14":"este","15":" car","16":" din","17":" c\u0103 ","18":" un ","19":"ste ","20":"ele ","21":"mai ","22":"tru ","23":" mai","24":"ntru","25":"ate ","26":"ine ","27":"din ","28":" ace","29":"entr","30":" pen","31":"pent","32":" e ","33":" est","34":"rea ","35":"ile ","36":"lor ","37":" am ","38":" se ","39":"sta ","40":" con","41":" pri","42":"tul ","43":" sun","44":" pro","45":" tre","46":" \u00eent","47":" ca ","48":" ast","49":"tea ","50":"cum ","51":"sunt","52":"at\u0103 ","53":"ului","54":"asta","55":" lui","56":" fac","57":" cre","58":" au ","59":" sa ","60":" mul","61":"inte","62":"ici ","63":"unt ","64":" pre","65":"treb","66":" spu","67":" \u00eenc","68":"tate","69":"ost ","70":" des","71":"dar ","72":" fos","73":"cest","74":"fost","75":"aces","76":" dar","77":"ilor","78":"rul ","79":" fi ","80":"ac\u0103 ","81":" \u0219i ","82":" put","83":"\u00e2nd ","84":" par","85":"arte","86":"rebu","87":"ebui","88":" cum","89":" dac","90":"uri ","91":"tori","92":"ntre","93":" int","94":" mar","95":" vre","96":" ai ","97":"pute","98":"ale ","99":" te ","100":"oate","101":"esc ","102":"oare","103":"mult","104":" va ","105":"\u00eentr","106":"spun","107":"area","108":"a\u0163i ","109":"itat","110":"e\u015fti","111":"rii ","112":"eva ","113":" ne ","114":" si ","115":" cel","116":" vor","117":" min","118":"dac\u0103","119":"bine","120":" bin","121":"amen","122":"iar ","123":"ere ","124":"nul ","125":"nii ","126":"rile","127":"tele","128":" luc","129":"prin","130":"rte ","131":"\u0163ii ","132":" dec","133":"nte ","134":" per","135":"tre ","136":"meni","137":"c\u00e2nd","138":"face","139":" c\u00e2n","140":"lucr","141":"ment","142":" ave","143":" el ","144":"\u015fti ","145":"intr","146":"cred","147":" sau","148":" in ","149":"une ","150":"nici","151":"sau ","152":"uie ","153":" tot","154":"spre","155":"tat ","156":"tor ","157":" dum","158":" era","159":"ent ","160":"ace ","161":" com","162":" ei ","163":" \u015fti","164":"pre ","165":" ar ","166":" num","167":"pune","168":"buie","169":"cut ","170":"ice ","171":" bun","172":" nic","173":" m\u0103 ","174":"az\u0103 ","175":"umne","176":"dumn","177":"st\u0103 ","178":"eni ","179":"ata ","180":"aici","181":"neze","182":"ic\u0103 ","183":" i ","184":"ori ","185":" doa","186":"acea","187":" acu","188":" pot","189":" aic","190":"uril","191":" tim","192":" eu ","193":" fie","194":" poa","195":" aju","196":"mnez","197":"part","198":" chi","199":"eaz\u0103","200":"\u015fte ","201":"mea ","202":"ani ","203":"rat ","204":"acum","205":"ezeu","206":"era ","207":"ceas","208":"cat ","209":" cin","210":" le ","211":"east","212":"poat","213":"e\u0163i ","214":"prim","215":"iei ","216":" tra","217":" al ","218":"desp","219":"timp","220":"ite ","221":" sta","222":" \u00e3\u00aen","223":"tem ","224":"\u00eence","225":"oame","226":" dis","227":"oart","228":"e\u015fte","229":" loc","230":" voi","231":"lul ","232":"est ","233":"nde ","234":"eau ","235":" toa","236":" alt","237":"espr","238":"stru","239":"unde","240":"veni","241":"ucru","242":"ova ","243":"zeu ","244":"mare","245":"esti","246":" urm","247":" ani","248":" oam","249":"\u0103tor","250":"pus ","251":" a\u015fa","252":"astr","253":" mer","254":" ale","255":" noi","256":"erea","257":"toat","258":"c\u00e2t ","259":"ar\u0103 ","260":"ult ","261":"orul","262":"tine","263":" dup","264":"mine","265":"doar","266":"cine","267":"elor","268":"\u0163ie ","269":"al\u0103 ","270":"rei ","271":" da ","272":"ina ","273":" dat","274":"ceva","275":"noi ","276":" v\u0103 ","277":"abil","278":"cons","279":"toar","280":"cont","281":"un\u0103 ","282":" ori","283":"nea ","284":"turi","285":" apr","286":"ntul","287":"a\u015fa ","288":"eea ","289":"i\u0163i ","290":"oar ","291":"tii ","292":"atea","293":"vorb","294":"voi ","295":"tare","296":"up\u0103 ","297":" ieh","298":"ieho","299":"hova","300":"iona","301":"port","302":"ehov","303":" \u00eemp","304":" f\u0103c","305":" via","306":" s ","307":"oast","308":" tu ","309":" cev","310":"dup\u0103","311":" pla","312":"pot ","313":"ceea","314":"ezi ","315":"it\u0103 ","316":"\u0163ia ","317":"as\u0103 ","318":"ator","319":"\u0103cut","320":" lum","321":" cop","322":"nter","323":"rie ","324":"mul ","325":"vrea","326":"ica ","327":"iul ","328":" tin","329":"dint","330":" foa","331":" imp","332":" sim","333":"spus","334":"ire ","335":"rin ","336":"chia","337":"ast\u0103","338":"feri","339":"eam ","340":" aco","341":"lte ","342":"peri","343":"fie ","344":" c\u00e2t","345":"hiar","346":"cele","347":"utea","348":" are","349":" cer","350":"prob","351":" str","352":" iar","353":" und","354":"fel ","355":"f\u0103cu","356":"cei ","357":"str\u0103","358":"cel ","359":" \u00eens","360":"foar","361":"in\u0103 ","362":"n\u0163\u0103 ","363":"dat\u0103","364":"eric","365":" ade","366":"itor","367":" sin","368":"igur","369":"mili","370":"\u00eent\u00e2","371":"asa ","372":"copi","373":"nit ","374":" vin","375":" dom","376":" reg","377":" cei","378":"vor ","379":" noa","380":"tere","381":" mea","382":"adev","383":" unu","384":"iile","385":" mod","386":"nci ","387":"vede","388":"ara ","389":"cul ","390":"una ","391":"comp","392":"iste","393":"sc\u0103 ","394":" lor","395":"tot ","396":"mele","397":" nim","398":"cea ","399":"asc\u0103","400":"ule ","401":"eci ","402":"ncep","403":"spec","404":"\u0163ele","405":" ea ","406":"imp ","407":"bil ","408":"eri ","409":"pers","410":"colo","411":"ur\u0103 ","412":"nat ","413":"sigu","414":"unci","415":"form","416":"schi","417":"desc","418":"pul ","419":"avea","420":"ente","421":"stra","422":"atul","423":" cor","424":"stea","425":"ura ","426":"trec","427":" spe","428":"cuno","429":" sal","430":"scri","431":"imen","432":"tiu ","433":" nou","434":"iune","435":"enta","436":"n\u0163el","437":"rilo","438":"recu","439":"ajut","440":"esta","441":"ev\u0103r","442":" leg","443":"unte","444":"locu","445":"dev\u0103","446":"a\u0163\u0103 ","447":"enii","448":"deci","449":"easc","450":" ved","451":"ane ","452":"pare","453":"red ","454":"rit ","455":" uni","456":"ruri","457":" sup","458":"apro","459":" une","460":"duce","461":"dat ","462":" cur","463":"toru","464":" adu","465":"ari ","466":" mam","467":"nume","468":" \u00eena","469":" fii","470":" e\u015ft","471":"\u00e3\u00aen ","472":"mul\u0163","473":"ra\u0163i","474":"noas","475":" ven","476":"ria ","477":"nui ","478":" inc","479":"domn","480":" gre","481":"rece","482":"ntel","483":" exp","484":" res","485":"tulu","486":"odat","487":" uit","488":"onal","489":"irea","490":" cal","491":" ins","492":"meu ","493":" meu","494":"medi","495":" fra","496":" ser","497":" pun","498":"re\u015ft","499":"n\u0163a ","500":"rare","501":"a\u0163ii","502":"ific","503":"ete ","504":"priv","505":"o\u0163i ","506":" \u00eemi","507":"\u00eemi ","508":"sus ","509":"lume","510":" cea","511":"\u0103m\u00e2n","512":"cere","513":"rivi","514":" rec","515":"teri","516":"ncer","517":"oric","518":"acol","519":" ele","520":"lita","521":"ima ","522":"lege","523":" fol","524":" \u00eend","525":"bun\u0103","526":"ute ","527":" \u00eei ","528":"reau","529":"mic ","530":"tie ","531":" cap","532":"rimi","533":"rezi","534":"\u00een\u0163e","535":"sul ","536":" anu","537":" sti","538":"enit","539":"\u0103ri ","540":"ase ","541":" nev","542":"orii","543":"iat ","544":"cerc","545":"olos","546":"folo","547":"erso","548":"eze ","549":"fapt","550":"\u00e2n\u0103 ","551":" rom","552":" cas","553":" dep","554":"tunc","555":"atun","556":"reze","557":"apoi","558":" fap","559":" atu","560":"icio","561":"sti ","562":"olo ","563":" mic","564":" ple","565":"via\u0163","566":"ulte","567":" cee","568":" exi","569":"entu","570":"\u0103rat","571":"a\u0163ie","572":"arti","573":"prop","574":"stat","575":"nele","576":"erit","577":"merg","578":"ou\u0103 ","579":"poi ","580":"orma","581":" fel","582":"\u0103r\u0103 ","583":"\u015ftii","584":" dor","585":"exis","586":" dra","587":"xist","588":" apo","589":"ama ","590":"gur ","591":"g\u00e2nd","592":"rate","593":"nain","594":"icat","595":" iub","596":"istr","597":"en\u0163i","598":"iuni","599":"ant ","600":" ter","601":" \u00eenv","602":"oane","603":"orta","604":"mnul","605":"vide","606":" scr","607":" lua","608":" cam","609":"aint","610":"nia ","611":"vrei","612":"redi","613":"crur","614":"pun ","615":" ban","616":"ntro","617":" g\u0103s","618":"stre","619":"a\u0163a ","620":"acel","621":"mint","622":"rele","623":" l ","624":" for","625":"tr\u0103 ","626":"iam ","627":"tura","628":"arat","629":"prez","630":"ibil","631":" rel","632":"ntin","633":"nta ","634":"agin","635":"lat ","636":" sub","637":"ajun","638":"urm\u0103","639":" \u00een\u0163","640":" pie","641":" bib","642":"dere","643":" dou","644":" sec","645":"nc\u0103 ","646":"vea ","647":" rep","648":"nimi","649":"aci ","650":"ermi","651":"bibl","652":"vem ","653":" dev","654":"ind ","655":"avem","656":"\u015ftiu","657":" dre","658":"zut ","659":"onst","660":"prie","661":"omnu","662":" hai","663":" sig","664":"ascu","665":" rea","666":"t\u0103\u0163i","667":" cun","668":"edic","669":"uni ","670":"dica","671":"drep","672":"t\u00e2mp","673":"uter","674":"cult","675":" sch","676":"ibli","677":"erio","678":"riet","679":" spi","680":"rept","681":"supr","682":" f\u0103r","683":"chim","684":"f\u0103r\u0103","685":" che","686":"nevo","687":" g\u00e2n","688":"mina","689":" p\u0103r","690":"rede","691":"evoi","692":"imic","693":"uit ","694":" lun","695":"dent","696":"oie ","697":" mor","698":"voie","699":"isus","700":"totu","701":"pres","702":"ini ","703":"sing","704":" buc","705":"\u0163ion","706":" can","707":"inci","708":"ece ","709":" inf","710":"lia ","711":"omen","712":"cris","713":"serv","714":"nt\u00e2m","715":" mil","716":"loc ","717":" tri","718":"ume ","719":"eput","720":"sit ","721":"poli","722":"erge","723":"eten","724":"curi","725":"a\u015fte","726":"nei ","727":"ect ","728":"spir","729":" pol","730":" r\u0103s","731":"rtea","732":"tat\u0103","733":"oble","734":"plec","735":"blem","736":"scut","737":"robl","738":"ener","739":"orit","740":"numi","741":" por","742":"\u00eenc\u0103","743":"ogra","744":" man","745":" isu","746":"ntra","747":"fac ","748":"ta\u0163i","749":"\u00e2mpl","750":"dul ","751":"ntr ","752":" cuv","753":" tat","754":"nt\u0103 ","755":"\u0103\u0163i ","756":"rici","757":"upra","758":" asc","759":" cau","760":"seam","761":"cial","762":"vest","763":"eleg","764":"ecar","765":"utem","766":" pes","767":"rica","768":"iete","769":"cru ","770":" p\u00e2n","771":"even","772":" gen","773":"ist\u0103","774":"mani","775":"tia ","776":" \u00eel ","777":"ngur","778":" tea","779":"cond","780":"ingu","781":" mia","782":"enti","783":"mari","784":"prec","785":"atur","786":" ind","787":"neva","788":" afl","789":" fer","790":"vers","791":" med","792":"les ","793":"impu","794":"imit","795":"mpla","796":"unea","797":" scu","798":"\u0103tur","799":" at\u00e2","800":"dea ","801":"ati ","802":"ial ","803":"opii","804":" vid","805":"ctiv","806":"rice","807":"cepu","808":"bui ","809":"tern","810":"epta","811":"ideo","812":"ana ","813":"plic","814":"scul","815":" col","816":"rita","817":"tiv ","818":"ctor","819":"rest","820":"emen","821":"ntem","822":"ut\u0103 ","823":"tran","824":"\u015ftin","825":"inev","826":"anul","827":"at\u00e2t","828":"stul","829":"triv","830":" ta ","831":"mesc","832":"tei ","833":"edin","834":"fiec","835":"himb","836":"atel","837":"inde","838":"faci","839":"acti","840":"otri","841":"orbe","842":"potr","843":"tfel","844":"orbi","845":"nilo","846":"p\u00e2n\u0103","847":"olul","848":"lt\u0103 ","849":"lea ","850":"pest","851":"cem ","852":"trat","853":"ita ","854":" ora","855":" mun","856":"\u00eenai","857":"erul","858":"cre\u015f","859":"rat\u0103","860":" apa","861":"rima","862":"aliz","863":"ulti","864":"icul","865":"mplu","866":" sea","867":" r\u0103u","868":"echi","869":"er\u0103 ","870":"mit ","871":"term","872":"crez","873":" vom","874":"fect","875":"estu","876":"ide ","877":"liza","878":" sco","879":"ista","880":"ora ","881":"oper","882":"alit","883":"cent","884":"ala ","885":"para","886":"umes","887":"\u00eento","888":"elul","889":" ma ","890":"amin","891":"crea","892":" gra","893":"and ","894":"rulu","895":"zile","896":"izat","897":"vom ","898":"iden","899":"\u021bii ","900":"erii","901":"resp","902":"unul","903":" nea","904":"pect","905":"v\u0103ra","906":"ostr","907":"trea","908":" dez","909":"fici","910":"ocul","911":"blic","912":"aduc","913":"rm\u0103 ","914":"bili","915":"reci","916":" exe","917":"ecia","918":"inea","919":"tant","920":" pet","921":"itua","922":"nchi","923":"urat","924":"dou\u0103","925":" cri","926":" avu","927":" pl\u0103","928":"\u0103zut","929":"ieca","930":"aste","931":"rist","932":"dist","933":"nal ","934":"mpor","935":"oman","936":" duc","937":"nstr","938":" ase","939":"eder","940":"lica","941":" nor","942":"mite","943":"erat","944":"mpre","945":"l\u0163i ","946":"g\u0103si","947":"prof","948":"isto","949":" fa\u0163","950":"apte","951":" fem","952":"dec\u00e2","953":" spr","954":" acc","955":" zil","956":" rez","957":" ami","958":"avut","959":"minu","960":"ec\u00e2t","961":"impo","962":" fru","963":"gura","964":"mpul","965":"imba","966":"pier","967":" fiu","968":"vut ","969":"emei","970":"an\u0103 ","971":"ns\u0103 ","972":" suf","973":"siun","974":"rau ","975":"plin","976":"mart","977":"r\u0103sp","978":"ilit","979":" fot","980":"opri","981":"urma","982":"bun ","983":"trei","984":"iva ","985":"aca ","986":"unui","987":"ciun","988":"drag","989":"seri","990":"amil","991":" ide","992":"itul","993":"nulu","994":"otul","995":"alte","996":"asem","997":"lie ","998":" m\u00e2n","999":"plat","1000":"prea","1001":"utor","1002":"r\u0103u ","1003":"luat","1004":" mi ","1005":"rut ","1006":"t\u00e2t ","1007":"arel","1008":"sist","1009":"mii ","1010":"grij","1011":"unei","1012":"teni","1013":"ape ","1014":"lini","1015":"ecut","1016":"ucur","1017":" fam","1018":"a\u021bi ","1019":"fami","1020":"uce ","1021":" act","1022":"uat ","1023":"nie ","1024":"real","1025":"astf","1026":"feme","1027":"stfe","1028":"plu ","1029":" inv","1030":"ivit","1031":" pat","1032":"umea","1033":"proa","1034":" spa","1035":"rans","1036":"egul","1037":"ontr","1038":"bani","1039":" cit","1040":"t\u0103u ","1041":"in\u0163\u0103","1042":"amer","1043":"bucu","1044":" nec","1045":"vei ","1046":"put ","1047":" caz","1048":" t\u0103u","1049":"a\u0163ia","1050":"dus ","1051":"ul\u0163i","1052":"sper","1053":"plac","1054":"uns ","1055":"onti","1056":"impl","1057":" ame","1058":"iubi","1059":"enea","1060":"t\u0103m ","1061":"inst","1062":"rsoa","1063":" asa","1064":"tur\u0103","1065":"soan","1066":"\u0103toa","1067":"regu","1068":"iv\u0103 ","1069":"ativ","1070":"ervi","1071":"nge ","1072":"losi","1073":" ara","1074":"pera","1075":"rafi","1076":"eme ","1077":"unos","1078":"mini","1079":"muri","1080":"tudi","1081":"inut","1082":"imul","1083":"in\u0163a","1084":"unii","1085":"nile","1086":"stan","1087":"tinu","1088":" aut","1089":"cas\u0103","1090":"na\u0163i","1091":"jung","1092":" pos","1093":" cla","1094":"rma ","1095":"foto","1096":"disp","1097":"nime","1098":"c\u00e2te","1099":"umit","1100":"iber","1101":"tro ","1102":"m\u00e2nt","1103":"\u0163in ","1104":"zat ","1105":"ital","1106":"oat\u0103","1107":" m ","1108":" zi ","1109":" sen","1110":" ref","1111":"arul","1112":"nare","1113":"piri","1114":" pic","1115":" stu","1116":"ante","1117":"gina","1118":"v\u0103zu","1119":"lele","1120":"reun","1121":"mn\u0103 ","1122":"ezen","1123":"omul","1124":"\u021bie ","1125":"cii ","1126":"iere","1127":" dea","1128":" ini","1129":"pui ","1130":"reu ","1131":" afa","1132":"alul","1133":"it\u0103\u0163","1134":"\u00eens\u0103","1135":" mat","1136":" r\u0103m","1137":"conc","1138":"vine","1139":"nost","1140":"plan","1141":" mot","1142":"auto","1143":"mod ","1144":"disc","1145":"edea","1146":"inat","1147":"anti","1148":"nosc","1149":"anii","1150":" vei","1151":"semn","1152":"libe","1153":" las","1154":"amn\u0103","1155":"conf","1156":"oamn","1157":"ondu","1158":" to\u0163","1159":"time","1160":"to\u0163i","1161":"rect","1162":"irit","1163":"oase","1164":"empl","1165":" p\u0103m","1166":"s\u0103i ","1167":" obi","1168":"ive ","1169":"rmat","1170":"tr\u0103i","1171":" doi","1172":"graf","1173":" rev","1174":"lumi","1175":"vezi","1176":"mp\u0103r","1177":"dem ","1178":"stor","1179":" s\u0103i","1180":"ede ","1181":"ciod","1182":"bat ","1183":"pu\u0163i","1184":" sus","1185":"ptul","1186":"ioda","1187":" tr\u0103","1188":"stit","1189":"\u0163ine","1190":"mene","1191":"\u00ee\u0163i ","1192":"dest","1193":"ecat","1194":"cura","1195":" auz","1196":"gem ","1197":" \u00eeng","1198":"aza ","1199":"reaz","1200":"etul","1201":" v\u0103z","1202":" pu\u0163","1203":"ia\u0163a","1204":"stri","1205":"cide","1206":"\u0163iun","1207":"nou ","1208":"magi","1209":" tip","1210":"u\u015fi ","1211":"ltim","1212":"acee","1213":"rodu","1214":"\u0103rii","1215":" ia ","1216":"apar","1217":"pita","1218":"egat","1219":"trun","1220":"eg\u0103t","1221":"\u0103ril","1222":"iilo","1223":" ver","1224":" dif","1225":"ecta","1226":"ract","1227":" \u00ee\u0163i","1228":"stud","1229":"m\u00e2ni","1230":"ioan","1231":"ptat","1232":"titu","1233":"tit ","1234":"sibi","1235":"indi","1236":"onat","1237":"mei ","1238":"roap","1239":"rime","1240":"rin\u0163","1241":"rint","1242":"vrem","1243":"ider","1244":" ap\u0103","1245":"nima","1246":"l\u0163um","1247":" ult","1248":"rega","1249":"u\u0163in","1250":"ulta","1251":"ul\u0163u","1252":"\u00eench","1253":"gene","1254":"rmin","1255":"ram ","1256":"moar","1257":" mas","1258":"nfor","1259":"fiin","1260":"uta ","1261":"scop","1262":"dire","1263":"epar","1264":"legi","1265":"iner","1266":"meri","1267":"\u0103rul","1268":"ntea","1269":"ncre","1270":"ochi","1271":"\u0163iil","1272":"petr","1273":"mple","1274":"n\u0163i ","1275":"ca\u0163i","1276":"tale","1277":"imi ","1278":"auzi","1279":"ifer","1280":"doi ","1281":"anta","1282":"fica","1283":"doam","1284":" sem","1285":"mate","1286":"iciu","1287":"imin","1288":"tept","1289":"\u0103tat","1290":"resc","1291":"gat ","1292":"oape","1293":"eres","1294":" cat","1295":"roba","1296":"mat ","1297":"logi","1298":"pte ","1299":" mon","1300":" rog","1301":"numa","1302":"clar","1303":"ubli","1304":"ient","1305":" val","1306":"ince","1307":"tra ","1308":" ant","1309":"trad","1310":"vita","1311":" zic","1312":"seme","1313":"rela","1314":"t\u0103ri","1315":"p\u0103ra","1316":" omu","1317":"tic ","1318":" pop","1319":"drum","1320":"arto","1321":"te\u0163i","1322":"\u00e2ndu","1323":"celo","1324":"\u00eense","1325":"eles","1326":"\u00e2nt ","1327":"tri ","1328":"iau ","1329":"nist","1330":"olog","1331":"pozi","1332":"\u00eenv\u0103","1333":"escu","1334":"rata","1335":" gri","1336":"\u0103spu","1337":" art","1338":" nos","1339":"peci","1340":" pas","1341":" lim","1342":"icit","1343":"frum","1344":" dem","1345":"tici","1346":"iti ","1347":"ofer","1348":"erau","1349":" tem","1350":"test","1351":"nsea","1352":"opil","1353":"euro","1354":"leme","1355":"babi","1356":"acem","1357":"eamn","1358":"inim","1359":"ilie","1360":"post","1361":"tai ","1362":"po\u0163i","1363":"rog ","1364":"ntat","1365":"rom\u00e2","1366":"ntar","1367":"anda","1368":"moti","1369":"\u00eend ","1370":"cate","1371":"dife","1372":"om\u00e2n","1373":"iect","1374":" ext","1375":"nali","1376":"ime ","1377":"oas\u0103","1378":" lea","1379":" moa","1380":"ocui","1381":"vizi","1382":"teaz","1383":" ziu","1384":" nai","1385":"cump","1386":"ecun","1387":"tal ","1388":" mur","1389":"ore ","1390":"apt ","1391":" deo","1392":"ierd","1393":"v\u00e2nt","1394":" po\u0163","1395":"itoa","1396":"il\u0103 ","1397":"ziua","1398":"rtan","1399":"ins ","1400":"iua ","1401":"ult\u0103","1402":" fun","1403":"publ","1404":"orie","1405":"tive","1406":" arm","1407":"soci","1408":"fa\u0163\u0103","1409":"iii ","1410":" \u0163in","1411":"zent","1412":"regi","1413":"pra ","1414":"besc","1415":"ter ","1416":"ad\u0103 ","1417":"unit","1418":"ni\u015ft","1419":"stem","1420":" ima","1421":"cauz","1422":"onsi","1423":"imag","1424":"mome","1425":" mom","1426":"roma","1427":"a\u015fi ","1428":" sol","1429":"gere","1430":"ritu","1431":"rtor","1432":"cazu","1433":"nic ","1434":" ate","1435":" vii","1436":"\u021bia ","1437":"cope","1438":"asup","1439":"tual","1440":"nda ","1441":"rtic","1442":"misi","1443":"resi","1444":"ise ","1445":"zis ","1446":"uita","1447":" cul","1448":"la\u0163i","1449":"ort ","1450":"rit\u0103","1451":"clip","1452":" sar","1453":"oril","1454":"lect","1455":"efer","1456":"\u00eent ","1457":"ster","1458":"ecti","1459":"team","1460":" aca","1461":" bar","1462":"daca","1463":"\u00e2ndi","1464":"ept ","1465":" c\u0103r","1466":"in\u0163i","1467":"curs","1468":"rofe","1469":"dori","1470":"tim ","1471":"exem","1472":" s\u0103l","1473":"tin ","1474":" fil","1475":"xemp","1476":"teva","1477":" sit","1478":"tric","1479":"umai","1480":"lulu","1481":" pag","1482":"\u00eempr","1483":"chin","1484":"vin ","1485":"cord","1486":"mpli","1487":"pii ","1488":"otiv","1489":"zit ","1490":"ris ","1491":"icol","1492":"eai ","1493":"reme","1494":" \u00ee\u015fi","1495":" s\u00een","1496":"in\u0163e","1497":"casa","1498":"\u00ee\u015fi ","1499":"\u00eende","1500":" vez","1501":"\u0219ti ","1502":"nive","1503":" a\u015ft","1504":"ia\u0163\u0103","1505":"star","1506":"mati","1507":"onul","1508":" eur","1509":"ion ","1510":" jud","1511":"truc","1512":"cali","1513":"unat","1514":"\u00e2ntu","1515":"erca","1516":"rge ","1517":"reba","1518":"lace","1519":"deve","1520":"trim","1521":"cart","1522":"prod","1523":"cand","1524":"ilia","1525":" asi","1526":"inal","1527":"\u0103mi ","1528":"fere","1529":"ing ","1530":"inta","1531":"trag","1532":"mia ","1533":" nat","1534":"eti ","1535":"jude","1536":"icar","1537":"nca ","1538":"urit","1539":"ist ","1540":" zis","1541":"fii ","1542":"cien","1543":"soar","1544":"aten","1545":"pani","1546":" pli","1547":"ac\u0163i","1548":"sear","1549":"ian ","1550":"deo ","1551":"munc","1552":" \u0219ti","1553":" fin","1554":" exa","1555":" pub","1556":" lin","1557":"cela","1558":"umel","1559":"uite","1560":"proc","1561":"ratu","1562":"mere","1563":" mel","1564":"afla","1565":" opr","1566":"bile","1567":"iind","1568":" ier","1569":"ten\u0163","1570":"um\u0103r","1571":"lei ","1572":"tion","1573":"neri","1574":"refe","1575":" sur","1576":"ada ","1577":"\u015fit ","1578":"s\u0103u ","1579":" tur","1580":"erie","1581":"dic\u0103","1582":"prov","1583":"simp","1584":" s\u0103u","1585":"eren","1586":"edem","1587":"\u0163ume","1588":" fur","1589":" pac","1590":"uper","1591":" oh ","1592":"cam ","1593":"expl","1594":" dru","1595":" met","1596":"cole","1597":"duc ","1598":"din\u0163","1599":" och","1600":" sat","1601":"ieri","1602":"mama","1603":"list","1604":"azi ","1605":"aide","1606":"\u0163ilo","1607":"pagi","1608":"cale","1609":"uver","1610":"ng\u0103 ","1611":"tini","1612":"e\u0219ti","1613":"icii","1614":"i\u015fte","1615":"ompa","1616":"r\u00e2nd","1617":"obab","1618":"rumo","1619":" b\u0103r","1620":"tent","1621":"pl\u0103c","1622":" tel","1623":"ania","1624":"rezu","1625":"ran\u0163","1626":" jur","1627":"sat ","1628":"eran","1629":"acce","1630":"iat\u0103","1631":"stai","1632":"info","1633":"ve\u0163i","1634":" una","1635":" amp","1636":"iver","1637":"unel","1638":"ctul","1639":" r\u0103z","1640":"eria","1641":"tic\u0103","1642":"patr","1643":"leca","1644":"uza ","1645":" sis","1646":"edia","1647":" ofe","1648":"acas","1649":"haid","1650":" lib","1651":"ater","1652":"nera","1653":"\u0219te ","1654":"alt ","1655":"use ","1656":"mam ","1657":"lari","1658":"zul ","1659":" slu","1660":"umin","1661":"ti\u0163i","1662":" mie","1663":"ortu","1664":"limb","1665":"am\u0103 ","1666":" asu","1667":" jos","1668":"ral ","1669":"prom","1670":" l\u0103s","1671":"cuvi","1672":" dan","1673":" dim","1674":"osit","1675":"ropr","1676":"fac\u0103","1677":"uia ","1678":"e\u021bi ","1679":"aia ","1680":"rson","1681":" sca","1682":" om ","1683":"scur","1684":"spui","1685":"apre","1686":"b\u0103rb","1687":"ilio","1688":"\u0163iei","1689":"chis","1690":"cuv\u00e2","1691":"ridi","1692":"ma\u0163i","1693":"perm","1694":"togr","1695":"uv\u00e2n","1696":"unct","1697":" vie","1698":" viz","1699":"core","1700":" sf\u00e2","1701":"eali","1702":"esch","1703":"erna","1704":"stii","1705":"vit ","1706":"nduc","1707":" so\u0163","1708":"rioa","1709":" del","1710":"rta ","1711":"rive","1712":"sub ","1713":"rumu","1714":"tali","1715":"inar","1716":" a\u0163i","1717":" dir","1718":"mulu","1719":"s\u0103l ","1720":"inti","1721":"posi","1722":"ul\u0103 ","1723":"afar","1724":"utat","1725":"zare","1726":"elui","1727":"anum","1728":"sluj","1729":"\u0103sit","1730":" soc","1731":"mie ","1732":"auza","1733":" men","1734":"ompl","1735":"vint","1736":" cen","1737":" c\u0103l","1738":"nv\u0103\u0163","1739":" dur","1740":"oar\u0103","1741":"rati","1742":" ci ","1743":"nire","1744":"putu","1745":"lung","1746":"iscu","1747":"\u0103rba","1748":"vern","1749":" pus","1750":"eori","1751":"pt\u0103 ","1752":"radi","1753":"uvin","1754":"ucra","1755":"nam ","1756":"aria","1757":"eril","1758":"osib","1759":"rcat","1760":"unic","1761":"oria","1762":"elig","1763":"voas","1764":"juto","1765":"\u0103sta","1766":" nui","1767":"al\u0163i","1768":"e\u0219te","1769":"nd\u0103 ","1770":"no\u015ft","1771":"ceri","1772":"p\u0103m\u00e2","1773":"reat","1774":"s\u00eent","1775":"vel ","1776":"anie","1777":"pede","1778":" m\u0103r","1779":"m\u0103ri","1780":"opor","1781":" pan","1782":" b\u0103t","1783":"eapt","1784":"irec","1785":"tabi","1786":"ec\u0163i","1787":" alb","1788":"situ","1789":"at\u0103l","1790":"iri ","1791":"\u015ftia","1792":"nule","1793":"mne ","1794":"loca","1795":" s\u0103r","1796":"juta","1797":" v\u0103d","1798":"run ","1799":"idic","1800":"num\u0103","1801":"came","1802":"bit ","1803":"hei ","1804":"mbri","1805":"iale","1806":"act ","1807":"vici","1808":" pov","1809":"preu","1810":"tati","1811":"chip","1812":" ar\u0103","1813":"ione","1814":" ech","1815":"atic","1816":"deau","1817":"eta ","1818":"stic","1819":"eces","1820":"inil","1821":"ios ","1822":"embr","1823":"riva","1824":"resa","1825":"otog","1826":" guv","1827":"simt","1828":"nger","1829":"guve","1830":" baz","1831":"sim\u0163","1832":"opul","1833":"runc","1834":"etre","1835":"ese ","1836":"inge","1837":"utur","1838":"arec","1839":"atru","1840":"lice","1841":"ord ","1842":"acor","1843":"atat","1844":" \u0103st","1845":" eli","1846":"lar ","1847":" dov","1848":"rnic","1849":" mes","1850":"ona ","1851":"orga","1852":"ectu","1853":"ua\u0163i","1854":"lii ","1855":"ersi","1856":"c\u0103to","1857":"chi ","1858":" ati","1859":" bra","1860":"rent","1861":"pt\u0103m","1862":" san","1863":" azi","1864":"poru","1865":"sion","1866":"dera","1867":"greu","1868":"en\u0163\u0103","1869":"iito","1870":"aptu","1871":"ene ","1872":"napo","1873":"p\u0103ri","1874":"icie","1875":"cer ","1876":"alt\u0103","1877":"trui","1878":"ioar","1879":" rid","1880":"conv","1881":"olit","1882":"tut ","1883":"erni","1884":" st\u0103","1885":"orat","1886":" dej","1887":"oua ","1888":"blia","1889":"tau ","1890":"juns","1891":"buni","1892":"nic\u0103","1893":"mpot","1894":"unil","1895":"ie\u0163i","1896":"nsta","1897":"telo","1898":" nam","1899":"\u00e2tev","1900":"oroc","1901":"sona","1902":"ropi","1903":"r\u0103zb","1904":" fat","1905":"uzit","1906":"pred","1907":"ltat","1908":"jos ","1909":" det","1910":"comu","1911":"sele","1912":"rost","1913":"pove","1914":" ste","1915":" pur","1916":"rind","1917":"olar","1918":"rgan","1919":"bare","1920":"inis","1921":"ema ","1922":" cad","1923":"ioas","1924":"fina","1925":"etel","1926":"rvic","1927":"rman","1928":"hai ","1929":"ecte","1930":" pra","1931":"urul","1932":"rc\u0103 ","1933":"inun","1934":"espe","1935":"oti ","1936":"data","1937":"gani","1938":"omun","1939":"uran","1940":"man ","1941":"lare","1942":"cte ","1943":"nsul","1944":"prog","1945":" hei","1946":"lori","1947":"enda","1948":"stei","1949":"v\u0103d ","1950":"parc","1951":" reu","1952":"tiin","1953":"ndu ","1954":"\u00eemp\u0103","1955":"en\u0163a","1956":" red","1957":" rap","1958":" lup","1959":"idee","1960":"amne","1961":"ial\u0103","1962":"rese","1963":"uit\u0103","1964":"neam","1965":"\u0103\u0163ii","1966":"lip ","1967":"ela ","1968":" vec","1969":"repe","1970":"rde ","1971":" t\u00e2r","1972":"fiul","1973":"odul","1974":"noro","1975":"iai ","1976":" apl","1977":"amp ","1978":"rtur","1979":" the","1980":"bune","1981":"ve\u015ft","1982":"nita","1983":"side","1984":"c\u00eend","1985":"eja ","1986":"iube","1987":"nere","1988":"tos ","1989":"etat","1990":"rimu","1991":"n\u0163ii","1992":"evin","1993":"\u015ftep","1994":"zice","1995":" exc","1996":"fund","1997":" s\u0103m","1998":"\u00eendr","1999":"cept","2000":" tar","2001":"omis","2002":"s\u0103\u0163i","2003":"adic","2004":"dove","2005":"pta ","2006":"arce","2007":"lioa","2008":" ata","2009":"eaza","2010":"tata","2011":"arc\u0103","2012":" neg","2013":"\u00e2nde","2014":" rug","2015":"be\u015ft","2016":"n\u021b\u0103 ","2017":"oscu","2018":"ozit","2019":"cat\u0103","2020":"sten","2021":"iulu","2022":"fran","2023":"umi ","2024":"mand","2025":"sia ","2026":"deoc","2027":"ocup","2028":"rogr","2029":"r\u0103m\u00e2","2030":"l\u0103sa","2031":" org","2032":"muni","2033":"ondi","2034":"ocur","2035":"vreo","2036":"celu","2037":"perf","2038":"hii ","2039":"\u0163ile","2040":"natu","2041":"ecla","2042":"reve","2043":"ma\u015fi","2044":"nsti","2045":"leg\u0103","2046":" uci","2047":"c\u0103m ","2048":"punc","2049":"osti","2050":"ce\u015ft","2051":"liti","2052":"itic","2053":"sale","2054":"rbat","2055":"uze ","2056":" s\u0103\u0163","2057":"pere","2058":" p\u0103s","2059":"trez","2060":"an\u0163\u0103","2061":"duri","2062":"inel","2063":"enul","2064":"\u021bion","2065":"dimi","2066":"prot","2067":"oapt","2068":"mis ","2069":"metr","2070":"stin","2071":"isti","2072":"ciat","2073":"ers ","2074":"\u015ftie","2075":" iat","2076":"depa","2077":"tiva","2078":"oste","2079":"dia ","2080":"erse","2081":"ucer","2082":"lose","2083":"mpl\u0103","2084":" tal","2085":" c\u00een","2086":"unge","2087":"erce","2088":"ensi","2089":"frat","2090":" ni\u015f","2091":"econ","2092":"cita","2093":"ntor","2094":"oul ","2095":" an ","2096":"\u0103rin","2097":"\u0103n\u0103t","2098":"tesc","2099":"\u00eencr","2100":"erde","2101":" ma\u015f","2102":"reli","2103":"eral","2104":" dau","2105":"dit ","2106":"gram","2107":"dau ","2108":"em\u0103 ","2109":"firm","2110":"chid","2111":"u\u0163i ","2112":"car ","2113":"ar\u0103t","2114":"noap","2115":"\u00e3\u00aent","2116":"tice","2117":" poz","2118":"unem","2119":"vino","2120":"r\u0103m ","2121":"dato","2122":"ntoa","2123":"eram","2124":"ieru","2125":"m\u0103to","2126":"nsid","2127":"preg","2128":"rca ","2129":"ican","2130":" adi","2131":"fara","2132":" cli","2133":"rite","2134":"mode","2135":"citi","2136":"deca","2137":" n ","2138":"lega","2139":"alea","2140":" a\u015f ","2141":"rt\u0103 ","2142":"iin\u0163","2143":"col ","2144":"mpan","2145":"erma","2146":"avel","2147":" imi","2148":" mis","2149":"s\u0103mi","2150":"deja","2151":"oves","2152":"rote","2153":"secu","2154":"once","2155":"ivin","2156":" div","2157":"unoa","2158":" \u00eemb","2159":" b\u0103i","2160":"rinc","2161":"nem ","2162":"pici","2163":"im\u0103 ","2164":"stiu","2165":" evi","2166":"eama","2167":"nvin","2168":"icia","2169":"zeul","2170":"ce\u0163i","2171":" oar","2172":"nale","2173":"pari","2174":"dare","2175":"ocli","2176":"azul","2177":"arca","2178":"emna","2179":"scuz","2180":"bire","2181":"r\u0103ri","2182":"ap\u0103 ","2183":"izar","2184":"cipa","2185":"\u0103zi ","2186":"geri","2187":"rbit","2188":" ves","2189":"tr\u00e2n","2190":"sete","2191":"suri","2192":"rage","2193":"indu","2194":"erin","2195":"ntal","2196":"unca","2197":"nt\u00e2l","2198":"tari","2199":"eocl","2200":"te\u015ft","2201":"a\u015fin","2202":"a\u021bie","2203":"t\u00e2ln","2204":"orin","2205":"rtat","2206":"ga\u0163i","2207":" at ","2208":" omo","2209":" m\u00e2i","2210":" \u0163ia","2211":"m\u00e2in","2212":"enil","2213":"ziu ","2214":"niza","2215":"imat","2216":"umul","2217":"t\u0103l ","2218":"ndia","2219":" obs","2220":"resu","2221":" mem","2222":"rziu","2223":" lan","2224":"sesc","2225":"\u0103zbo","2226":"ical","2227":"chii","2228":"tivi","2229":"extr","2230":"puns","2231":"esco","2232":"aleg","2233":"pl\u0103 ","2234":"rbes","2235":"t\u00e2rz","2236":"viit","2237":" ore","2238":"pros","2239":"expe","2240":"nica","2241":"c\u0103ri","2242":"\u00eempo","2243":"vie\u0163","2244":"\u00e2rzi","2245":"zboi","2246":"li\u0163i","2247":"uror","2248":"urop","2249":"vid ","2250":"eia ","2251":"gur\u0103","2252":"arii","2253":"itan","2254":"ligi","2255":"elec","2256":"colu","2257":"cepe","2258":"isra","2259":"rmit","2260":"rgem","2261":"ier ","2262":"roce","2263":"sar ","2264":"trol","2265":" m\u0103s","2266":"lips","2267":"ultu","2268":"lin ","2269":"rm\u0103t","2270":"pat ","2271":"date","2272":"ap\u0103r","2273":" ocu","2274":"dezv","2275":"srae","2276":"gul ","2277":"erci","2278":"rins","2279":" isr","2280":"rior","2281":"lici","2282":"rdin","2283":"ordi","2284":" pav","2285":"ege ","2286":"auna","2287":"eun\u0103","2288":"ean ","2289":"epre","2290":"vat ","2291":" lam","2292":"ocal","2293":"mici","2294":"trul","2295":"c\u0163io","2296":"rael","2297":"acul","2298":"ular","2299":"ceru","2300":"oarc","2301":"riji","2302":"e\u0163ii","2303":"cite","2304":"ncur","2305":"line","2306":"ustr","2307":"\u0163ei ","2308":"popo","2309":"ajul","2310":"inii","2311":" lip","2312":"mba ","2313":"crie","2314":"ncip","2315":" doc","2316":"nebu","2317":"gie ","2318":" vic","2319":" tru","2320":"\u00eentu","2321":" a\u0219a","2322":"supe","2323":"cure","2324":" cha","2325":"oduc","2326":"stos","2327":"spor","2328":"reas","2329":"eaun","2330":"p\u0103r\u0103","2331":"decl","2332":"lam ","2333":"impr","2334":"lta ","2335":"the ","2336":"exac","2337":"xact","2338":"dine","2339":"zi\u0163i","2340":"tera","2341":" mir","2342":"neaz","2343":"erva","2344":"rmar","2345":"acci","2346":"diat","2347":"xper","2348":"\u0103te ","2349":"fiu ","2350":"pate","2351":"otde","2352":"gine","2353":"tdea","2354":" c\u0103s","2355":"totd","2356":"ocia","2357":"arma","2358":"lit\u0103","2359":"im\u0163i","2360":" ali","2361":"i\u015fti","2362":"bil\u0103","2363":"puri","2364":"marc","2365":" zon","2366":"repr","2367":"luni","2368":"edit","2369":" and","2370":"ergi","2371":"iesc","2372":"\u0103s\u0103t","2373":"lupt","2374":"volu","2375":" hot","2376":"eoar","2377":"rant","2378":"efec","2379":"nece","2380":"rato","2381":"gul\u0103","2382":"ent\u0103","2383":"deoa","2384":"ricu","2385":"fric","2386":" ist","2387":"n\u0163e ","2388":"icil","2389":"romi","2390":"piii","2391":"corp","2392":"dure","2393":"ntim","2394":" far","2395":"pave","2396":"so\u0163i","2397":"inua","2398":"salv","2399":"ure ","2400":" dia","2401":"tu\u015fi","2402":"dle ","2403":"evre","2404":"en\u021bi","2405":"vind","2406":"c\u00e2nt","2407":" joc","2408":"reab","2409":"n\u0103to","2410":" ana","2411":"dina","2412":"i\u0163ie","2413":"ches","2414":"jul ","2415":"lalt","2416":"za\u0163i","2417":"\u021bele","2418":"rma\u0163","2419":"nor ","2420":"uraj","2421":"\u0103sur","2422":"cula","2423":"solu","2424":"m\u0103su","2425":"spat","2426":"ubir","2427":"trib","2428":"reg\u0103","2429":"gres","2430":" \u00eenf","2431":"uman","2432":"onta","2433":"etic","2434":"elea","2435":"\u00e3\u00aenc","2436":" mag","2437":"devi","2438":"erta","2439":" dle","2440":"gent","2441":"ton ","2442":"cut\u0103","2443":"tame","2444":"alim","2445":"mers","2446":"let ","2447":"tan ","2448":"itar","2449":"leg ","2450":"tima","2451":"trac","2452":"erfe","2453":"ien\u0163","2454":"gost","2455":"de\u0163i","2456":"ora\u015f","2457":"liei","2458":"crim","2459":"a\u0163iu","2460":"arta","2461":"e\u015fi ","2462":"obse","2463":" gat","2464":"cioa","2465":"atin","2466":"anal","2467":"cit ","2468":"tar ","2469":" dus","2470":"paci","2471":"timi","2472":"utut","2473":"n\u021ba ","2474":"i\u0163ia","2475":"fata","2476":"udec","2477":"culu","2478":"rfec","2479":"biec","2480":"rial","2481":" na\u0163","2482":"ribu","2483":"\u00e2nge","2484":"eger","2485":"\u0103m\u0103 ","2486":"coal","2487":" ang","2488":"r\u015fit","2489":"roas","2490":" s\u0103p","2491":"\u00eengr","2492":"eam\u0103","2493":"ccid","2494":"one ","2495":"ilul","2496":"apt\u0103","2497":" gal","2498":"ebun","2499":"tora","2500":"scoa","2501":"otu\u015f","2502":"invi","2503":"per ","2504":"func","2505":"vire","2506":"tico","2507":"nut ","2508":"nuna","2509":"vii ","2510":"hest","2511":"s\u0103to","2512":"orec","2513":"o\u015fti","2514":" tes","2515":"isiu","2516":"ni\u0163i","2517":"aman","2518":"iser","2519":"nten","2520":" ape","2521":" mol","2522":"spit","2523":" al\u0163","2524":"stau","2525":"init","2526":" ime","2527":" de\u015f","2528":"ecol","2529":"adus","2530":"ansa","2531":"erti","2532":"coma","2533":" eco","2534":"ual ","2535":"revi","2536":"tind","2537":"lic\u0103","2538":" so ","2539":"rien","2540":"remi","2541":"re\u0163i","2542":"sufl","2543":"tene","2544":"eie ","2545":"pl\u0103t","2546":"tatu","2547":" bol","2548":"arie","2549":"iuda","2550":"\u015fter","2551":"l\u00e2ng","2552":" efe","2553":"rere","2554":"xpli","2555":"\u0163at ","2556":"pret","2557":"ezul","2558":"ulat","2559":"mpar","2560":"ivir","2561":"fest","2562":"nite","2563":"eter","2564":"elef","2565":"racu","2566":"\u0103\u0163il","2567":"a\u021bii","2568":"aga ","2569":"rago","2570":"\u00e2ine","2571":"stia","2572":"c\u0163iu","2573":"cret","2574":"i\u0163ii","2575":" p\u0103c","2576":"ngre","2577":"g\u0103se","2578":"anim","2579":"\u0163it ","2580":"dese","2581":"\u0103m\u00een","2582":"tiga","2583":"nou\u0103","2584":"curt","2585":"erne","2586":"ric\u0103","2587":"t\u0103zi","2588":"nate","2589":"necu","2590":"i\u021bi ","2591":"vrut","2592":"eul ","2593":"st\u0103z","2594":"via ","2595":"norm","2596":"film","2597":" gro","2598":"cina","2599":"rem ","2600":" ben","2601":"pira","2602":"cari","2603":"rifi","2604":"g\u0103tu","2605":"omor","2606":"octo","2607":"reac","2608":"se\u015ft","2609":"aie ","2610":"unda","2611":"ag\u0103 ","2612":" fri","2613":"a\u0219a ","2614":" vru","2615":"culo","2616":" plu","2617":"utul","2618":"util","2619":"sens","2620":"tica","2621":"ecum","2622":"\u00e2lni","2623":"far\u0103","2624":"lasa","2625":"deam","2626":"sf\u00e2r","2627":"ance","2628":" abs","2629":" uma","2630":"sare","2631":"ocat","2632":"elat","2633":"age ","2634":"come","2635":"ctic","2636":" bat","2637":"ali ","2638":" har","2639":"cear","2640":" uno","2641":"apa ","2642":"son ","2643":"or\u0163i","2644":"mane","2645":"onie","2646":"ndre","2647":"ecre","2648":" lov","2649":"guri","2650":"facu","2651":"ereu","2652":"c\u0103s\u0103","2653":"las\u0103","2654":" \u0163ar","2655":"fort","2656":"mper","2657":"inve","2658":"ivel","2659":"fa\u0163a","2660":"zie ","2661":"naib","2662":"egi ","2663":"ipul","2664":" neb","2665":"chei","2666":"p\u0103ru","2667":"uto ","2668":" dol","2669":"luri","2670":"cong","2671":"v\u0103ru","2672":"icip","2673":" cos","2674":"cola","2675":"asti","2676":"rcet","2677":"c\u00eet ","2678":"ptur","2679":"ula ","2680":"nice","2681":"aniz","2682":"\u0103r\u0163i","2683":"lus ","2684":"upa ","2685":"p\u0103st","2686":"univ","2687":"egal","2688":"imis","2689":"tan\u0163","2690":"tiv\u0103","2691":"eped","2692":"urme","2693":"desi","2694":" mij","2695":"iata","2696":"reco","2697":"ubes","2698":"bsol","2699":"sent","2700":"uno\u015f","2701":"ror ","2702":"duc\u0103","2703":"unor","2704":"demo","2705":"capi","2706":"<br>","2707":"ard ","2708":"\u0103ciu","2709":"osto","2710":"etar","2711":" new","2712":"buia","2713":"mijl","2714":"emi ","2715":"onom","2716":"gini","2717":"t\u0103\u021bi","2718":"n\u021bel","2719":"ica\u0163","2720":"ndat","2721":"etri","2722":"ijlo","2723":"plet","2724":"gata","2725":"cal ","2726":"rsul","2727":"ubit","2728":"\u0103rut","2729":" var","2730":"\u00eenap","2731":"buna","2732":"modu","2733":"o\u021bi ","2734":"lema","2735":" dav","2736":" bis","2737":"\u0163ul ","2738":" eve","2739":"ndul","2740":"c\u0163ie","2741":" fet","2742":" blo","2743":"nomi","2744":"ecto","2745":"cuit","2746":"pil ","2747":"poti","2748":" gr\u0103","2749":" no ","2750":"moas","2751":"ndit","2752":"rme ","2753":"lent","2754":" cir","2755":"nati","2756":"p\u0103re","2757":"gatu","2758":"ade ","2759":" ene","2760":"brie","2761":"blie","2762":" ciu","2763":"mana","2764":"case","2765":"tutu","2766":"stol","2767":"nun\u0163","2768":"onar","2769":"dore","2770":"tui ","2771":"cces","2772":" c\u0103t","2773":"rito","2774":" v\u00e2n","2775":"riu ","2776":"m\u00e2n\u0103","2777":"iali","2778":"ales","2779":"nesc","2780":"ting","2781":"r\u0163i ","2782":"abor","2783":"cres","2784":"vech","2785":"lic ","2786":"ndep","2787":"atie","2788":" <br","2789":"apta","2790":"a\u021b\u0103 ","2791":" ina","2792":"bser","2793":"nal\u0103","2794":"onez","2795":"m\u00e2na","2796":"ino ","2797":"caut","2798":" fir","2799":"erme","2800":"educ","2801":"loar","2802":"m\u00e2ne","2803":" muz","2804":"t\u0103m\u00e2","2805":"estr","2806":" bri","2807":"valo","2808":"eciz","2809":"itiv","2810":"mesa","2811":" iau","2812":"ri\u0163i","2813":"egen","2814":" aia","2815":"ndoi","2816":"scen","2817":" glo","2818":"s\u0103pt","2819":"stel","2820":"n\u0163ei","2821":"zia ","2822":"b\u0103ri","2823":"gia ","2824":"divi","2825":"irii","2826":"\u00e2nta","2827":"\u0103pt\u0103","2828":"cara","2829":"ores","2830":"eptu","2831":"ande","2832":"rios","2833":"eat ","2834":"acer","2835":"ongr","2836":"ace\u015f","2837":"emul","2838":"comi","2839":"late","2840":"ear\u0103","2841":"et\u0103 ","2842":"gend","2843":"supu","2844":"chet","2845":"rapi","2846":"iza ","2847":"ila ","2848":"ntit","2849":"or\u0103 ","2850":"rim ","2851":"hide","2852":"cund","2853":" aer","2854":"ces ","2855":"izit","2856":" toc","2857":"gust","2858":"cizi","2859":"vent","2860":"urie","2861":"ucre","2862":" tut","2863":" def","2864":" flo","2865":"ena ","2866":"zita","2867":"cile","2868":"imal","2869":"ctat","2870":"inul","2871":" u\u015fo","2872":"zii ","2873":"adar","2874":"ciul","2875":"lut ","2876":"riil","2877":"\u00e2nia","2878":"ra\u021bi","2879":"ediu","2880":"s\u0103n\u0103","2881":"eoda","2882":"ndur","2883":"roie","2884":"tore","2885":"afie","2886":"cinc","2887":"volt","2888":"ieta","2889":"iba ","2890":"ever","2891":"m\u00e2nc","2892":"la\u015fi","2893":"onte","2894":"\u0103ci ","2895":"gii ","2896":"imed","2897":" c\u0103u","2898":"b\u0103tr","2899":"bise","2900":"urii","2901":"gre\u015f","2902":"fra\u0163","2903":"diu ","2904":"oto ","2905":"cute","2906":"di\u0163i","2907":"a\u0163io","2908":"veri","2909":"ung ","2910":"ebar","2911":"flat","2912":" maj","2913":"mic\u0103","2914":"ncet","2915":"eara","2916":"proi","2917":"esig","2918":"ngri","2919":"tehn","2920":"ant\u0103","2921":"ful ","2922":"spar","2923":"temp","2924":"ntic","2925":"ectr","2926":"rci ","2927":" suc","2928":" cup","2929":"dece","2930":"c\u0103ut","2931":"pref","2932":"oiec","2933":"tocm","2934":"acut","2935":"pund","2936":"esaj","2937":"v\u0103\u0163a","2938":"lefo","2939":" teh","2940":" v\u00e2r","2941":"rm\u0103r","2942":"nar ","2943":"circ","2944":"depl","2945":"c\u0103ci","2946":"spon","2947":"mos ","2948":"acte","2949":"buit","2950":"\u00e2na ","2951":"renu","2952":" mei","2953":"c\u0103l\u0103","2954":"viat","2955":"rabi","2956":"tua\u0163","2957":"orea","2958":"uci ","2959":"capa","2960":" s\u0103n","2961":"memb","2962":" deg","2963":"rale","2964":" r\u00e2s","2965":" ado","2966":"difi","2967":"nt\u0103r","2968":"isoa","2969":" sor","2970":"ccep","2971":"cono","2972":"usti","2973":"\u00eenc\u00e2","2974":"art\u0103","2975":"stab","2976":"t\u00e2nd","2977":"ta\u021bi","2978":"umoa","2979":"rba ","2980":"cis ","2981":"drac","2982":"lime","2983":" ie\u015f","2984":" ord","2985":"pete","2986":"era\u0163","2987":"onea","2988":"ump\u0103","2989":"apos","2990":"eac\u0103","2991":"ltor","2992":" sc\u0103","2993":" c\u0103c","2994":" oda","2995":"ieni","2996":"alel","2997":"r\u0103ta","2998":"m\u0103ru","2999":" rad","3000":"ioad","3001":" fug","3002":"igat","3003":"v\u0103r ","3004":"ab\u0103 ","3005":"ofes","3006":"altc","3007":"vul ","3008":" pia","3009":"ndea","3010":"ato ","3011":"apit","3012":"ufle","3013":"riza","3014":"bia ","3015":"cesa","3016":"dut ","3017":"rtul","3018":" ac\u0163","3019":" voa","3020":"anel","3021":"aver","3022":"zeaz","3023":"dola","3024":" aud","3025":"imb\u0103","3026":"dova","3027":" vio","3028":"sabi","3029":"nden","3030":"dial","3031":" eva","3032":"aiba","3033":"ela\u0163","3034":" gar","3035":"onvi","3036":" iam","3037":"ie\u015ft","3038":" sam","3039":" mi\u015f","3040":"ncea","3041":"voca","3042":"prem","3043":"esul","3044":"ufer","3045":"plus","3046":" jum","3047":"anga","3048":"ocie","3049":"esar","3050":"seco","3051":"diul","3052":"mnat","3053":"e\u015fit","3054":"fer\u0103","3055":"chel","3056":" ren","3057":"vict","3058":"mit\u0103","3059":"ezin","3060":"alva","3061":"deva","3062":"ie\u015fi","3063":"dorm","3064":" age","3065":" nav","3066":"ruct","3067":"gea ","3068":"\u0163inu","3069":"meie","3070":" ope","3071":"ceta","3072":"cupa","3073":"mul\u021b","3074":"asig","3075":" ten","3076":"enor","3077":" sut","3078":" ada","3079":"aine","3080":"\u00e2r\u015fi","3081":"limi","3082":"l\u0103to","3083":"ntot","3084":"rico","3085":"flet","3086":"nat\u0103","3087":"anun","3088":"sufe","3089":"ric ","3090":"l\u0163ii","3091":"nclu","3092":"drea","3093":"erdu","3094":"ndem","3095":"ael ","3096":"unc\u0103","3097":"orme","3098":" vis","3099":"andr","3100":"f\u00e2r\u015f","3101":"\u0103rea","3102":"dute","3103":"vert","3104":"ravi","3105":"ursu","3106":"clas","3107":"ct\u0103 ","3108":"imel","3109":"cmai","3110":"oli\u0163","3111":"c\u0103tr","3112":"odus","3113":"l\u0103ce","3114":"nche","3115":"iiii","3116":"ctur","3117":"\u0103tre","3118":"ocma","3119":"re\u015fe","3120":"alta","3121":" ve\u0163","3122":"tras","3123":"ndus","3124":"arde","3125":"amna","3126":"n\u0103ta","3127":"uneo","3128":"ior ","3129":"vin\u0103","3130":"lua ","3131":"obil","3132":" amb","3133":"scun","3134":"mond","3135":" dai","3136":"mort","3137":"ens ","3138":" aru","3139":"riei","3140":"dici","3141":"elev","3142":" t\u0103i","3143":"na\u021bi","3144":"arun","3145":" ger","3146":"lem\u0103","3147":"lan ","3148":"afir","3149":"\u00eenvi","3150":"\u00eenge","3151":"jloc","3152":"ogic","3153":" zec","3154":"turo","3155":"asca","3156":"rnul","3157":"teap","3158":"neor","3159":"m\u00eent","3160":"bert","3161":"nder","3162":" uti","3163":" c ","3164":"agos","3165":"alia","3166":"ndes","3167":"dete","3168":"urge","3169":"arme","3170":"grup","3171":" d\u0103 ","3172":"ple ","3173":"abso","3174":"secr","3175":"rali","3176":"rama","3177":"male","3178":"tuit","3179":"meaz","3180":" bog","3181":"rug\u0103","3182":"rez ","3183":"l\u0103tu","3184":"alba","3185":"m\u00e2nd","3186":"\u0103cea","3187":"tiri","3188":" juc","3189":"sita","3190":"ormi","3191":"asi ","3192":"mna ","3193":"tren","3194":"prav","3195":"nute","3196":"utin","3197":"mas ","3198":"an\u0163a","3199":"doct","3200":" sfa","3201":"frun","3202":"camp","3203":" m\u0103c","3204":"\u015for ","3205":"re\u0219t","3206":"cire","3207":"moni","3208":"mora","3209":"omni","3210":"\u015ftig","3211":"ute\u0163","3212":"inic","3213":"ansf","3214":"cet\u0103","3215":"reu\u015f","3216":"ne\u0163i","3217":"egis","3218":"his ","3219":"imt ","3220":"ia\u0163i","3221":"felu","3222":"g\u0103ti","3223":"\u015ftea","3224":"gist","3225":"nea\u0163","3226":"ajor","3227":"tam ","3228":"rezo","3229":"stim","3230":"pre\u015f","3231":" gru","3232":" not","3233":"oa\u015ft","3234":"apel","3235":"a\u021bia","3236":"ipa ","3237":" mut","3238":"sca ","3239":"orba","3240":"ect\u0103","3241":"mant","3242":"\u00eempl","3243":"atac","3244":" rem","3245":"nvit","3246":"flor","3247":"dei ","3248":"cost","3249":"ural","3250":"rete","3251":"agen","3252":"oral","3253":"\u0103rit","3254":"viol","3255":"ersa","3256":"efon","3257":"pulu","3258":"anif","3259":"avid","3260":"pula","3261":"\u0103scu","3262":"enim","3263":"min\u0103","3264":"esto","3265":" bal","3266":"surp","3267":" vit","3268":" lis","3269":"majo","3270":" b ","3271":"tifi","3272":"p\u0103rt","3273":" rob","3274":"uies","3275":"r\u00e2se","3276":"ostu","3277":" ok ","3278":"teai","3279":"prac","3280":"lat\u0103","3281":" \u0163\u0103r","3282":"erar","3283":"ecer","3284":" \u015fco","3285":"teme","3286":" r\u00e2n","3287":"rove","3288":"orda","3289":"pun\u0103","3290":"dona","3291":"ecur","3292":" bea","3293":"eca ","3294":"lara","3295":"\u0103str","3296":"tipu","3297":"uire","3298":"opre","3299":"rbe\u015f","3300":"cant","3301":"eier","3302":"lati","3303":"mbat","3304":"dai ","3305":"pla ","3306":"treg","3307":" mii","3308":"irma","3309":"\u00e2ni ","3310":"\u00e2nca","3311":"rne ","3312":"u\u015for","3313":"doua","3314":"\u00e2set","3315":"dura","3316":"cia ","3317":"auze","3318":"mera","3319":"sant","3320":"ncen","3321":"ivul","3322":"nte\u0163","3323":"atio","3324":"arcu","3325":"\u0103cat","3326":"rce ","3327":" ner","3328":"nant","3329":"cu\u0163i","3330":"int ","3331":"dele","3332":"greg","3333":"\u0103uta","3334":"demn","3335":"aran","3336":"esor","3337":"cani","3338":"\u00e2ng\u0103","3339":"stui","3340":"uito","3341":"noa\u015f","3342":"enin","3343":"rpri","3344":"emon","3345":"pion","3346":"davi","3347":"oile","3348":"ame ","3349":"afl\u0103","3350":"erve","3351":"oan\u0103","3352":"obie","3353":"rus ","3354":"cati","3355":"rdut","3356":"crar","3357":"opie","3358":"ert ","3359":"inan","3360":"inca","3361":" sex","3362":"luji","3363":"rani","3364":"trug","3365":"par ","3366":"rgen","3367":" \u0163i ","3368":" st\u00e2","3369":"esen","3370":"zvol","3371":"duse","3372":"elep","3373":"ezvo","3374":"andi","3375":"expr","3376":"tel ","3377":"exce","3378":"enir","3379":"ompo","3380":"tin\u0163","3381":"\u0103car","3382":"levi","3383":"o\u015fi ","3384":"lant","3385":"osta","3386":"icei","3387":"rol ","3388":" spo","3389":"da\u0163i","3390":"acop","3391":"tivu","3392":" bil","3393":"\u015ftri","3394":"jut\u0103","3395":"mold","3396":"b\u0103ie","3397":"tolu","3398":"nit\u0103","3399":"t\u0103to","3400":"rege","3401":"dee ","3402":"miam","3403":"umat","3404":"oldo","3405":"oal\u0103","3406":"mori","3407":"riul","3408":"pic ","3409":" ber","3410":"alis","3411":"\u0163iv\u0103","3412":"itur","3413":"r\u0103ma","3414":" dut","3415":"crip","3416":"duci","3417":"sei ","3418":"ezut","3419":"tete","3420":"baza","3421":"oli ","3422":"avan","3423":" s\u00e2n","3424":"etal","3425":" l\u00e2n","3426":"rtam","3427":"iliz","3428":"ep\u0163i","3429":"ldov","3430":"ntes","3431":"esea","3432":"ozi\u0163","3433":"zult","3434":"ctua","3435":"urpr","3436":"emel","3437":"efic","3438":"m\u0103ta","3439":"abia","3440":" liv","3441":"\u0103rui","3442":"und\u0103","3443":" fim","3444":"evol","3445":" fal","3446":"xtra","3447":"aler","3448":"fim ","3449":"ui\u0163i","3450":"nerg","3451":"ne\u00een","3452":"acu ","3453":"muzi","3454":"\u0103tr\u00e2","3455":"land","3456":"egiu","3457":"reie","3458":" cod","3459":" emi","3460":"zint","3461":"rada","3462":"cule","3463":"pace","3464":"iril","3465":"umos","3466":"die ","3467":"mi\u015fc","3468":"\u0103tit","3469":"etin","3470":"tiam","3471":"cuza","3472":"bim ","3473":"sim ","3474":"mita","3475":"\u0219tii","3476":"ncar","3477":"ega\u0163","3478":"piat","3479":"iun ","3480":"reda","3481":"ucr\u0103","3482":"deri","3483":"niei","3484":"o\u0163ii","3485":"inec","3486":"caz ","3487":" d\u0103m","3488":"\u00een\u021be","3489":"udin","3490":"emat","3491":"nova","3492":"ita\u0163","3493":"ropo","3494":"tral","3495":"uc\u0103t","3496":"\u0103si ","3497":" ret","3498":"char","3499":"elib","3500":"oara","3501":" pui","3502":"ive\u015f","3503":"rade","3504":"eile","3505":"\u0103l\u0103t","3506":" lau","3507":"insp","3508":"ilel","3509":"rij\u0103","3510":" afi","3511":"izea","3512":"unta","3513":"reo ","3514":"smul","3515":"ciud","3516":"radu","3517":"onse","3518":"fera","3519":"uzic","3520":" don","3521":"zeci","3522":"t\u0103te","3523":"trem","3524":"zece","3525":"trar","3526":"erg ","3527":"teas","3528":"de\u015fi","3529":"olta","3530":"ucat","3531":"ispo","3532":"rona","3533":"um\u0103t","3534":"ept\u0103","3535":"avoa","3536":"\u00e2te ","3537":"nife","3538":"c\u00e2\u015ft","3539":"enun","3540":"ij\u0103 ","3541":"m\u0103ca","3542":"nti ","3543":"l\u0103cu","3544":"iptu","3545":"\u00e2\u015fti","3546":"rope","3547":"itud","3548":"epli","3549":"temu","3550":"inu\u0103","3551":"cit\u0103","3552":"ndam","3553":" avi","3554":"vit\u0103","3555":"\u00e2ne ","3556":"uc\u0103 ","3557":"stie","3558":"ndru","3559":"bate","3560":"can ","3561":"cap ","3562":"\u0163\u0103ri","3563":"tip ","3564":"fugi","3565":"ne\u015ft","3566":" > ","3567":"hiul","3568":"ilea","3569":"atra","3570":"espi","3571":" ni ","3572":" nep","3573":" bir","3574":"sese","3575":"umii","3576":"aris","3577":"n\u0163ia","3578":"zate","3579":"erif","3580":"afac","3581":"mule","3582":"olut","3583":" coa","3584":"pre\u0163","3585":"mnea","3586":"rsit","3587":"dr\u0103g","3588":"ler ","3589":"poar","3590":" c\u00e2\u015f","3591":"tili","3592":"epe ","3593":"chil","3594":"ezol","3595":"\u00eencu","3596":"de\u015ft","3597":"ten ","3598":"ving","3599":"oces","3600":"rnat","3601":"new ","3602":"coat","3603":"reti","3604":"grav","3605":"cipi","3606":"dep\u0103","3607":"iter","3608":"umer","3609":"hat ","3610":"adun","3611":"icin","3612":"ami ","3613":"upun","3614":" ies","3615":"bera","3616":"ntri","3617":"ecuv","3618":"chiu","3619":"germ","3620":"ltar","3621":"urer","3622":"site","3623":"calc","3624":"torc","3625":"n\u015fti","3626":"ares","3627":" m\u00een","3628":"int\u0103","3629":"mier","3630":"cuta","3631":"umen","3632":"opia","3633":"aba ","3634":"ioni","3635":"boli","3636":"nsem","3637":"elen","3638":"tire","3639":"uner","3640":"rier","3641":"ropa","3642":"imii","3643":"egra","3644":"\u00eendu","3645":" der","3646":"actu","3647":"zolv","3648":"los ","3649":" gt ","3650":"sulu","3651":"teze","3652":"jum\u0103","3653":" pof","3654":"ziti","3655":"ctri","3656":"inse","3657":"acto","3658":"runt","3659":"tema","3660":" ii ","3661":" \u00eenr","3662":"zuri","3663":"atoa","3664":"rori","3665":"apor","3666":"atar","3667":"ranc","3668":"ipal","3669":" clu","3670":" ofi","3671":" abi","3672":"ript","3673":"ende","3674":"enie","3675":"\u00e2ini","3676":"noul","3677":"neas","3678":"anet","3679":"sfat","3680":"\u00e2rst","3681":"iasc","3682":"vist","3683":"v\u00e2rs","3684":"leac","3685":"onic","3686":"isci","3687":" bai","3688":"ren ","3689":"inov","3690":" nen","3691":"\u021bine","3692":"etru","3693":" mus","3694":" \u00een\u0103","3695":"ncat","3696":"ptea","3697":"men\u0163","3698":"seas","3699":"tier","3700":" vot","3701":"best","3702":" vad","3703":"\u0103iat","3704":" foc","3705":"a\u0219te","3706":"vad\u0103","3707":" asp","3708":" afe","3709":"onsu","3710":" evr","3711":"\u00e2nt\u0103","3712":"a\u021ba ","3713":"ernu","3714":"nc\u00e2t","3715":"neca","3716":"bloc","3717":"oved","3718":" cio","3719":"ugat","3720":"it\u0103\u021b","3721":"fic\u0103","3722":"turn","3723":" ros","3724":"icti","3725":"asin","3726":"nuit","3727":"z\u0103to","3728":"sur\u0103","3729":" pis","3730":"ciu ","3731":" mal","3732":"puti","3733":"en\u0163e","3734":"elic","3735":" iti","3736":"ear ","3737":"preo","3738":"\u00een\u0103 ","3739":"otez","3740":"esa ","3741":"apid","3742":"tina","3743":"\u0103lui","3744":"uria","3745":" ama","3746":"mile","3747":"iel ","3748":"ifes","3749":"suna","3750":"olic","3751":" c\u0103p","3752":"lit ","3753":"s\u00e2ng","3754":"afec","3755":"imea","3756":" nas","3757":" lac","3758":"sfer","3759":"antu","3760":"uale","3761":"viru","3762":" joh","3763":"onda","3764":"via\u021b","3765":" cut","3766":"rcur","3767":"fete","3768":"con\u015f","3769":"liar","3770":"tita","3771":" niv","3772":"obic","3773":"boi ","3774":" ad\u0103","3775":"on\u015ft","3776":"chea","3777":"eal\u0103","3778":"nolo","3779":"relu","3780":"niri","3781":"ole ","3782":"ack ","3783":" fre","3784":"hina","3785":"evid","3786":"lane","3787":"den\u0163","3788":"popu","3789":"gele","3790":" al\u0103","3791":"atri","3792":"bora","3793":"delo","3794":"sala","3795":"vene","3796":"atit","3797":"bice","3798":"reap","3799":"deea","3800":"odel","3801":"reag","3802":"urar","3803":"deos","3804":"sati","3805":"nai ","3806":"escr","3807":"hipa","3808":"oseb","3809":"ager","3810":"veau","3811":"feso","3812":" ala","3813":"nce ","3814":"apli","3815":"o\u015ftr","3816":"atan","3817":"eose","3818":"admi","3819":"apul","3820":"un\u0103t","3821":"ngi ","3822":"orpu","3823":"vreu","3824":"unch","3825":"vite","3826":"uca ","3827":"lans","3828":"alat","3829":"pilu","3830":"antr","3831":"navi","3832":"igio","3833":"labo","3834":"ansp","3835":"al\u0103t","3836":"scu ","3837":"pele","3838":"rire","3839":"imil","3840":"alut","3841":" bot","3842":"\u015ful ","3843":"b\u0163in","3844":"azur","3845":" nem","3846":"mobi","3847":"raha","3848":"mbar","3849":"ucid","3850":"ungi","3851":"uare","3852":"rim\u0103","3853":"lize","3854":" ba ","3855":"res ","3856":"purt","3857":"lien","3858":"pati","3859":"rum ","3860":"sinc","3861":"incr","3862":"cana","3863":"nct ","3864":"salu","3865":" ono","3866":"nga ","3867":"der ","3868":"gula","3869":" tor","3870":"urta","3871":" gol","3872":"tuie","3873":"tato","3874":"esio","3875":"easu","3876":"coli","3877":"rmea","3878":"sebi","3879":"rcul","3880":"inco","3881":"nemi","3882":"nreg","3883":"teli","3884":"irat","3885":"ba\u0163i","3886":" adm","3887":"asul","3888":" rus","3889":"tile","3890":"atii","3891":" il ","3892":"und ","3893":"reb\u0103","3894":"\u0163ial","3895":"p\u0103ca","3896":"r\u00e2t ","3897":"band","3898":"\u0103sat","3899":"ism ","3900":"rmal","3901":"plea","3902":"lata","3903":"v\u00e2nd","3904":"deli","3905":"zona","3906":"apri","3907":"itit","3908":"til ","3909":"tins","3910":"ave\u0163","3911":"omit","3912":"ache","3913":"sua ","3914":"nim ","3915":" uri","3916":"u\u0103m ","3917":"melo","3918":" c\u00eet","3919":"veam","3920":"dupa","3921":"orni","3922":"oriu","3923":"n\u0103sc","3924":"nunt","3925":"ntur","3926":"chem","3927":" ram","3928":"rand","3929":"osul","3930":"muta","3931":"sine","3932":"oses","3933":"text","3934":" tro","3935":"mira","3936":"roni","3937":"rtie","3938":"zic ","3939":"puse","3940":"ot\u0103r","3941":" n\u0103s","3942":" edi","3943":"p\u0103m\u00ee","3944":"l\u0103ti","3945":"n\u0163ie","3946":"apla","3947":"rave","3948":"an\u0163i","3949":" gan","3950":"izez","3951":"surs","3952":"ras ","3953":"earc","3954":" \u00een\u021b","3955":"cazi","3956":"tors","3957":"va\u0163i","3958":"plas","3959":"fiic","3960":" atr","3961":"porn","3962":"tien","3963":"lile","3964":"mor ","3965":"amic","3966":"m\u0103n\u0103","3967":" iud","3968":" caf","3969":" na ","3970":"ser\u0103","3971":"nier","3972":"tist","3973":"piil","3974":"crei","3975":"juru","3976":"ismu","3977":"cata","3978":"sori","3979":"avio","3980":"reod","3981":" sla","3982":"osi ","3983":"tal\u0103","3984":"subs","3985":"eche","3986":"ucis","3987":"ndar","3988":"deta","3989":" lic","3990":"alor","3991":"rse ","3992":"st\u00e2n","3993":"plau","3994":"sa\u0163i","3995":"\u0103\u015fi ","3996":"s\u0103ri","3997":"ciet","3998":"gand","3999":"cert","4000":"onfi","4001":"lato","4002":"lete","4003":"fizi","4004":"nves","4005":"ava ","4006":"rvat","4007":"inez","4008":"capu","4009":"nuri","4010":"irus","4011":"sit\u0103","4012":" aib","4013":" nar","4014":"mato","4015":"rmel","4016":" fan","4017":"hot\u0103","4018":"engl","4019":"mes ","4020":"ob\u0163i","4021":"demi","4022":"imar","4023":"roci","4024":"f\u00e2nt","4025":"iza\u0163","4026":" ris","4027":"udat","4028":"nezi","4029":"lanu","4030":" t\u00e2n","4031":"seaz","4032":"orar","4033":"eala","4034":"itel","4035":"ferm","4036":" ras","4037":"oven","4038":"hnol","4039":"rian","4040":" ob\u0163","4041":"ircu","4042":" eng","4043":"xplo","4044":"insu","4045":"epte","4046":"nghi","4047":"lauz","4048":"ranj","4049":"copu","4050":"coro","4051":"tero","4052":"uses","4053":"deza","4054":"nspi","4055":"dec\u0103","4056":"ntam","4057":" d ","4058":"mor\u0163","4059":" adr","4060":"orm\u0103","4061":"ela\u015f","4062":"rech","4063":"egea","4064":"curc","4065":"terv","4066":"ngel","4067":"cato","4068":"fer ","4069":"ors ","4070":"ace\u0163","4071":"espo","4072":"r\u0103ci","4073":"eniu","4074":"oala","4075":" cet","4076":"endi","4077":" sud","4078":"ida ","4079":"uzat","4080":"fic ","4081":"fiei","4082":"idel","4083":"sufi","4084":"anic","4085":"teau","4086":"ehno","4087":"\u00aentr","4088":"iole","4089":"\u00eensu","4090":"nc\u0163i","4091":"nelo","4092":"nato","4093":"i\u0219ti","4094":"atis","4095":" fiz","4096":" m\u0103n","4097":" soa","4098":"a\u015ful","4099":"nora","4100":" p\u00een","4101":"uda ","4102":"arit","4103":"l\u0163im","4104":"cuti","4105":"bito","4106":"ave ","4107":"eb\u0103r","4108":"elel","4109":"sea ","4110":"bul ","4111":"eza ","4112":"\u0103mas","4113":"cafe","4114":"adre","4115":"emne","4116":" oca","4117":"noua","4118":"e\u0163ui","4119":" vir","4120":"fla ","4121":"del ","4122":"voia","4123":"stig","4124":" tom","4125":"merc","4126":"tune","4127":"\u00eente","4128":"cuze","4129":" rah","4130":"mal ","4131":"alto","4132":"ecen","4133":" p\u0103i","4134":"roxi","4135":" rup","4136":"rovi","4137":"ivil","4138":"ecin","4139":"ip\u0103 ","4140":"ngle","4141":"osc ","4142":"ufic","4143":" \u00een\u015f","4144":"uloa","4145":"spri","4146":"john","4147":" cui","4148":"groz","4149":" ran","4150":"favo","4151":"viu ","4152":"rupe","4153":"\u00e2n\u0103r","4154":"is\u0103 ","4155":" ava","4156":"olen","4157":"eaga","4158":"duca","4159":" ghe","4160":"d\u0103m ","4161":"icir","4162":"rten","4163":"id\u0103 ","4164":"izic","4165":"uden","4166":"neau","4167":"ea\u0163\u0103","4168":"emn ","4169":" zbo","4170":"lite","4171":"igen","4172":"gen\u0163","4173":"\u0103rie","4174":" joa","4175":"c\u0163ia","4176":"oial","4177":"scar","4178":"atia","4179":"emar","4180":"riso","4181":"sili","4182":"xima","4183":"biro","4184":"ca\u021bi","4185":"mist","4186":"refu","4187":"r\u0103ni","4188":"uris","4189":"ltum","4190":"am\u00e2n","4191":"tiza","4192":"rapo","4193":"nu\u0163i","4194":"\u0103cer","4195":" ped","4196":"\u015fedi","4197":"ec\u021bi","4198":"nent","4199":"c\u0103ru","4200":"ber ","4201":"urs ","4202":" sac","4203":"liga","4204":" teo","4205":"tcev","4206":"valu","4207":"scum","4208":"nzi ","4209":"negr","4210":"tra\u0163","4211":"lovi","4212":"afic","4213":"prox","4214":"ioru","4215":"evit","4216":"us\u0103 ","4217":" lit","4218":"ger ","4219":"eli ","4220":" arg","4221":"nu\u0103 ","4222":" nis","4223":"t\u00e2n\u0103","4224":"nghe","4225":"ampl","4226":"cur\u0103","4227":"n\u0163io","4228":"ltce","4229":"r\u0103\u0163i","4230":"n\u0163in","4231":"fide","4232":"deas","4233":"net ","4234":"\u0103r\u0103s","4235":"ude ","4236":"gal ","4237":"\u015fii ","4238":"n\u0103m ","4239":"\u0103dui","4240":"masi","4241":" log","4242":"gati","4243":"vegh","4244":"n\u0103ri","4245":"urse","4246":" roc","4247":"sali","4248":"jito","4249":"roc ","4250":"stur","4251":"rbea","4252":"emis","4253":" ded","4254":"incl","4255":"onia","4256":"sf\u00e2n","4257":"ctel","4258":"rmen","4259":"bele","4260":"pie ","4261":"an\u0163e","4262":"over","4263":"furi","4264":"infl","4265":"nsa ","4266":"eghe","4267":" aur","4268":" s\u00e3 ","4269":"alii","4270":"itui","4271":" zia","4272":"ito ","4273":"ansm","4274":"bote","4275":"avie","4276":"ral\u0103","4277":" you","4278":"cesi","4279":"eal ","4280":"ung\u0103","4281":"altu","4282":"aura","4283":"irou","4284":"rigi","4285":"oxim","4286":"nsmi","4287":"vari","4288":"anca","4289":"\u0103tea","4290":"ltur","4291":"adio","4292":"riti","4293":"b\u0103to","4294":" dro","4295":" or\u0103","4296":"\u00aence","4297":"efor","4298":"unsu","4299":"atei","4300":"micu","4301":"o\u0163ia","4302":"timu","4303":"ezis","4304":"esia","4305":"scip","4306":"esit","4307":"ndic","4308":"nism","4309":"dres","4310":"for\u0163","4311":"zist","4312":"oiul","4313":"lin\u0103","4314":"zici","4315":"raja","4316":"leaz","4317":"fini","4318":"lec ","4319":"pana","4320":"stil","4321":"ziar","4322":"ret ","4323":"hain","4324":"vost","4325":"cie ","4326":"trai","4327":"fl\u0103 ","4328":"sfor","4329":"\u00eembr","4330":"mest","4331":"tin\u0103","4332":" mac","4333":" emo","4334":" fav","4335":"ili ","4336":"\u00eent\u0103","4337":"asis","4338":" tex","4339":"atal","4340":"n\u021bi ","4341":"ebat","4342":"unc\u0163","4343":" den","4344":" cra","4345":"ogie","4346":"rcin","4347":"u\u0163ie","4348":"ecul","4349":"\u0163in\u0103","4350":" ghi","4351":"lmul","4352":"m\u0103re","4353":" ilu","4354":"nari","4355":" sha","4356":"rema","4357":" am\u00e2","4358":"ruga","4359":"teti","4360":"esel","4361":" vol","4362":"rgin","4363":"iule","4364":"\u0103\u021bi ","4365":"uz\u0103 ","4366":"\u0103ses","4367":"rbim","4368":"rupu","4369":"rpul","4370":"\u015fina","4371":"depu","4372":" lar","4373":"\u0103\u0163at","4374":"toti","4375":" me ","4376":"udiu","4377":"olat","4378":"a\u021bio","4379":"just","4380":"tron","4381":"eu\u015fi","4382":"ilal","4383":"nsum","4384":"rbi ","4385":"re\u015fi","4386":"grat","4387":"mam\u0103","4388":"inai","4389":"oana","4390":"ngaj","4391":"ocaz","4392":"lesc","4393":"esup","4394":"oron","4395":"anci","4396":"v\u00eent","4397":"asel","4398":"omic","4399":"men ","4400":" opt","4401":"\u015fcoa","4402":"eab\u0103","4403":"bast","4404":"orm ","4405":"sp\u0103r","4406":"ofic","4407":"sta\u0163","4408":" pal","4409":"teru","4410":"evis","4411":"\u00e2nte","4412":"jori","4413":"ros ","4414":"neav","4415":"ac\u021bi","4416":"n\u0163il","4417":" vos","4418":"uzi ","4419":"zat\u0103","4420":"redu","4421":"n\u0163at","4422":"\u0103ie\u0163","4423":"repa","4424":"titi","4425":"n\u0103t\u0103","4426":"ruit","4427":"aspe","4428":" rol","4429":"uie\u015f","4430":"stro","4431":" buz","4432":"\u015fada","4433":"r\u0103ie","4434":" sf\u00ee","4435":"ames","4436":" nes","4437":"toli","4438":"mon ","4439":"\u021biei","4440":"po\u021bi","4441":"\u0103rtu","4442":"meil","4443":"opa ","4444":"arin","4445":"emin","4446":" \u015fas","4447":"rovo","4448":"obi\u015f","4449":" gas","4450":"tr\u0103d","4451":" mec","4452":"vare","4453":"oace","4454":"adul","4455":" na\u015f","4456":"\u021biil","4457":"\u015fnui","4458":"gate","4459":"ompe","4460":"me\u015ft","4461":"rise","4462":"rtis","4463":"telu","4464":"crat","4465":"a\u015fad","4466":"cori","4467":"cadr","4468":" sua","4469":"nata","4470":"esiu","4471":" pau","4472":" tau","4473":"ib\u0103 ","4474":"ren\u0163","4475":"ina\u0163","4476":"m\u0103rt","4477":"nsil","4478":"sina","4479":"\u015fase","4480":"anis","4481":"bi\u015fn","4482":"\u0103rb\u0103","4483":"i\u015fnu","4484":" gur","4485":"mito","4486":"ecom","4487":"\u00eenre","4488":"anto","4489":"dans","4490":"brit","4491":"ariu","4492":"rb\u0103t","4493":" plo","4494":"jocu","4495":"nsfo","4496":"inia","4497":"nez ","4498":" bro","4499":" lei","4500":"trup","4501":"nse ","4502":" sep","4503":"indc","4504":"nicu","4505":"en\u021b\u0103","4506":"lai ","4507":" sfi","4508":"agne","4509":"succ","4510":"sata","4511":"scap","4512":"aib\u0103","4513":"rena","4514":"anit","4515":"\u015fitu","4516":" r\u0103n","4517":"r\u0103i ","4518":"nver","4519":"ange","4520":" cov","4521":"r\u0103to","4522":"eaba","4523":"ujit","4524":"cos ","4525":"pend","4526":"g\u0103ci","4527":"bila","4528":"ntil","4529":"risc","4530":"chir","4531":"bii ","4532":"ionu","4533":"t\u0103i ","4534":"che ","4535":"hine","4536":"plim","4537":" no\u015f","4538":" lai","4539":" nun","4540":"ador","4541":" ome","4542":"untr","4543":"lina","4544":"anua","4545":"\u0163ara","4546":"fant","4547":" moi","4548":"iera","4549":"defi","4550":"tiun","4551":"ovit","4552":" dr\u0103","4553":"\u015fti\u0163","4554":"urca","4555":"aloa","4556":"pons","4557":"joc ","4558":"erel","4559":"\u00eendo","4560":"eavo","4561":"ur\u00e2n","4562":"poft","4563":"ea\u015fi","4564":"prev","4565":" umb","4566":"uv\u00een","4567":"rusa","4568":"tit\u0103","4569":"iuri","4570":"ecie","4571":"iare","4572":"eii ","4573":"egii","4574":"anse","4575":"oise","4576":"urea","4577":"cuv\u00ee","4578":"erim","4579":"joac","4580":" iei","4581":"tegr","4582":"moto","4583":"\u0103pit","4584":"nsab","4585":"ofe\u0163","4586":" geo","4587":"gala","4588":" ve\u015f","4589":"eloc","4590":"a\u0163il","4591":"ruge","4592":"dan ","4593":"p\u00een\u0103","4594":"erem","4595":"rui ","4596":"arac","4597":"rai ","4598":"ucce","4599":"leam","4600":"nsat","4601":"sie ","4602":"vale","4603":" mob","4604":" po\u021b","4605":" sce","4606":"dani","4607":"utie","4608":"lelo","4609":"rg\u0103 ","4610":"dome","4611":" of ","4612":"zele","4613":"ug\u0103c","4614":"p\u0103r\u0163","4615":"onsa","4616":" nul","4617":"p\u0103i ","4618":"lar\u0103","4619":"ajat","4620":"esan","4621":"step","4622":"art ","4623":"munt","4624":"aje ","4625":"inem","4626":"nflu","4627":" x ","4628":"luen","4629":"et\u0103\u0163","4630":" urg","4631":"eorg","4632":"flue","4633":"etra","4634":"oata","4635":" wil","4636":"all ","4637":"manu","4638":"emie","4639":" cro","4640":"mice","4641":"otel","4642":"s\u0103rb","4643":"nalu","4644":"iji ","4645":"praf","4646":"ctio","4647":"tani","4648":"mbr\u0103","4649":" dob","4650":" glu","4651":"min\u0163","4652":"ini\u015f","4653":"ez\u0103 ","4654":"lu\u0163i","4655":"nt\u00e2i","4656":"eget","4657":" ioa","4658":"clus","4659":"luna","4660":"poni","4661":"upta","4662":"nfru","4663":" jap","4664":"cuto","4665":"mons","4666":"\u015ftim","4667":"sexu","4668":"orun","4669":"fatu","4670":"fice","4671":"iard","4672":"c\u0103tu","4673":"r\u0163ii","4674":"imes","4675":"pa\u0163i","4676":"cr\u0103r","4677":"av\u0103 ","4678":" bom","4679":"dor ","4680":"uro ","4681":"here","4682":"omet","4683":" bet","4684":"udie","4685":"tiil","4686":"i\u021bie","4687":"don ","4688":" jac","4689":"ede\u0163","4690":"r\u0103bd","4691":"crul","4692":"banc","4693":"ahat","4694":"oleg","4695":"catu","4696":"nspo","4697":"te\u021bi","4698":"pur ","4699":" pr\u0103","4700":"nete","4701":"zica","4702":"emea","4703":"nteg","4704":"ndra","4705":" cru","4706":"ust ","4707":"d\u0103ug","4708":"ncil","4709":"mb\u0103 ","4710":"st\u0103p","4711":"rolu","4712":" afr","4713":" ing","4714":"rase","4715":"str\u00e2","4716":"pe\u015ft","4717":"afri","4718":"ileg","4719":"ramu","4720":"gran","4721":"iaz\u0103","4722":"pens","4723":"dedi","4724":"fe\u0163i","4725":"teza","4726":"arad","4727":"tuat","4728":" nu\u0163","4729":"ad\u0103u","4730":"usal","4731":"sor ","4732":"etro","4733":"alar","4734":"ream","4735":"oca ","4736":"alen","4737":"siv ","4738":"oaie","4739":" b\u0103u","4740":"grad","4741":"bord","4742":"argi","4743":"\u0103sim","4744":"rdon","4745":"erus","4746":"cin\u0103","4747":" cl\u0103","4748":"uma ","4749":"lilo","4750":"anu ","4751":"ando","4752":"lly ","4753":"emia","4754":"ticu","4755":"ra\u015fu","4756":"icto","4757":"ibui","4758":"boln","4759":" \u015fia","4760":"bomb","4761":"arba","4762":"tria","4763":"e\u015fed","4764":"harl","4765":"\u0219tiu","4766":"eila","4767":"nito","4768":" ero","4769":" fid","4770":" epi","4771":"olec","4772":"rcar","4773":"orti","4774":"exer","4775":"c\u0103zu","4776":"b\u0103ut","4777":"fals","4778":"ual\u0103","4779":"neti","4780":"em\u0103n","4781":"olu\u0163","4782":"boga","4783":"\u00eenco","4784":"rsi ","4785":"tude","4786":"edib","4787":" v ","4788":"ropu","4789":"lu\u0103m","4790":"rtiz","4791":"oia ","4792":"impe","4793":"t\u0103r\u00e2","4794":"onan","4795":"\u00eempu","4796":"feli","4797":"aren","4798":"luci","4799":"isme","4800":"nord","4801":"cilo","4802":"genu","4803":"tenu","4804":" mit","4805":"\u0163ime","4806":"sem\u0103","4807":" c\u0103i","4808":" vas","4809":"taur","4810":" lat","4811":"dc\u0103 ","4812":"ola ","4813":"erir","4814":"dibi","4815":"lter","4816":"alex","4817":"ltul","4818":"ngul","4819":"fon ","4820":"\u00eempi","4821":" edu","4822":"gioa","4823":"impa","4824":"dinc","4825":"vara","4826":"t\u00e2i ","4827":"sind","4828":"salm","4829":"ney ","4830":"ciar","4831":"ula\u0163","4832":" u ","4833":"apon","4834":" tia","4835":"ogat","4836":"afii","4837":"unet","4838":" bag","4839":"prit","4840":"c\u0163ii","4841":"dumi","4842":"rgie","4843":"omer","4844":"nalt","4845":"cur\u00e2","4846":"ntan","4847":"pora","4848":"into","4849":"\u0103rar","4850":"iga ","4851":" ton","4852":"tume","4853":"alcu","4854":"dam ","4855":"e\u0163in","4856":"spoz","4857":"azin","4858":"ndc\u0103","4859":"uctu","4860":"oasa","4861":"achi","4862":"lcul","4863":"ungh","4864":" sto","4865":"miai","4866":"grec","4867":"ner ","4868":"bere","4869":"upt\u0103","4870":"onve","4871":"efin","4872":"glob","4873":"pric","4874":"lnit","4875":"tez ","4876":"sc\u0103p","4877":" bur","4878":"lier","4879":"uren","4880":"ilii","4881":"ucea","4882":"trum","4883":"lvat","4884":" abu","4885":"ndr\u0103","4886":"\u00eenca","4887":"tens","4888":"tr\u0103m","4889":"dive","4890":"dim ","4891":"mata","4892":"tilo","4893":"glum","4894":"ocea","4895":"arei","4896":" alc","4897":" flu","4898":" bru","4899":" tai","4900":"v\u0103\u0163\u0103","4901":"anil","4902":"iert","4903":"\u015fin\u0103","4904":"emor","4905":"dege","4906":"li\u021bi","4907":"acuz","4908":"sfin","4909":"las ","4910":"urni","4911":"emni","4912":"\u0163ar\u0103","4913":"neno","4914":"arne","4915":"i\u021bia","4916":"rdul","4917":" vac","4918":"eule","4919":"\u021bul ","4920":"mois","4921":"unar","4922":"par\u0103","4923":"to\u021bi","4924":"erut","4925":"nim\u0103","4926":" li ","4927":"\u0163iam","4928":"nfir","4929":"vant","4930":" psa","4931":"ispa","4932":"ceil","4933":"lase","4934":"nel ","4935":"rgi ","4936":"xpri","4937":"m\u0103r ","4938":"sire","4939":"rmis","4940":"coas","4941":"ran ","4942":"eroa","4943":"niel","4944":"rn\u0103 ","4945":"lora","4946":"itea","4947":" to\u021b","4948":"loas","4949":" bab","4950":" hol","4951":"urte","4952":"nde\u015f","4953":" fum","4954":"\u021biun","4955":"une\u0163","4956":"roza","4957":"urt ","4958":" tab","4959":" jus","4960":"plul","4961":"drog","4962":"mens","4963":"retu","4964":"oan ","4965":"acie","4966":"otec","4967":"exua","4968":"egel","4969":"sun\u0103","4970":"xual","4971":"supo","4972":"hema","4973":"dio ","4974":"vedi","4975":"up\u0103r","4976":"est\u0103","4977":"m\u0163i ","4978":"love","4979":"jute","4980":"nctu","4981":"ill ","4982":"\u00eenfr","4983":"cast","4984":"loni","4985":"oriz","4986":"eag\u0103","4987":"jur ","4988":"cter","4989":"u\u015fit","4990":"talu","4991":"cui ","4992":"it\u0103t","4993":"teor","4994":"vion","4995":"hris","4996":"evar","4997":"lame","4998":"bea ","4999":"lac "}}