{"slv":{"0":" je ","1":" in ","2":" v ","3":" da ","4":" se ","5":" pri","6":" ne ","7":" pre","8":" na ","9":"kaj ","10":"sem ","11":"ega ","12":" to ","13":"ali ","14":" so ","15":" za ","16":" sem","17":" bi ","18":" ki ","19":"ako ","20":" bil","21":"prav","22":" pa ","23":" si ","24":" kaj","25":"nje ","26":" z ","27":" mor","28":"ila ","29":" tak","30":"iti ","31":" kak","32":" pos","33":"ala ","34":"ili ","35":" raz","36":" naj","37":" lah","38":"lahk","39":"ahko","40":"hko ","41":" ni ","42":"sti ","43":"ati ","44":"anje","45":" bo ","46":" pra","47":"nost","48":"udi ","49":" s ","50":"kako","51":" vse","52":"jih ","53":" nek","54":" pro","55":" svo","56":"amo ","57":"ilo ","58":" \u010de ","59":"tako","60":"svoj","61":" dru","62":" kot","63":"ijo ","64":"ljen","65":" pot","66":" ko ","67":"kot ","68":" sta","69":" dob","70":" ali","71":"tem ","72":"pred","73":" mi ","74":" ga ","75":" ima","76":" ti ","77":"ajo ","78":"bil ","79":"tudi","80":" lju","81":"ravi","82":" pom","83":" tud","84":" sam","85":"mora","86":"ite ","87":" o ","88":" del","89":" bom","90":"ste ","91":"govo","92":" nje","93":" tem","94":"osti","95":" nas","96":" str","97":" po ","98":" od ","99":"nja ","100":"elo ","101":"daj ","102":" spo","103":"osta","104":"ost ","105":" moj","106":" \u017eiv","107":" ve\u010d","108":" kar","109":" pov","110":"jem ","111":"ovor","112":" nis","113":"nih ","114":"eni ","115":"drug","116":" pod","117":" let","118":" zak","119":"kar ","120":"pove","121":" ime","122":"svet","123":"misl","124":"ela ","125":" vid","126":" me ","127":"stra","128":" iz ","129":"nega","130":"isli","131":"vse ","132":"eli ","133":"eno ","134":" \u0161e ","135":"vanj","136":" te ","137":"neka","138":"gled","139":" pog","140":"ve\u010d ","141":" nam","142":" res","143":"vlje","144":"ejo ","145":" jih","146":"voje","147":" sve","148":"akaj","149":"ova ","150":"ani ","151":"ater","152":"dobr","153":"ena ","154":"veli","155":" mis","156":"ljub","157":" bog","158":" vel","159":" pol","160":"ehov","161":" gre","162":" \u017ee ","163":" nar","164":"liko","165":" jeh","166":"jeho","167":"love","168":"stav","169":"smo ","170":"njeg","171":"post","172":"koli","173":"bom ","174":"enje","175":"eti ","176":"jenj","177":"samo","178":"tega","179":"dela","180":" nap","181":"ljud","182":"sta ","183":"alo ","184":" bol","185":"oje ","186":"kate","187":"ija ","188":"dno ","189":"avlj","190":" spr","191":"pros","192":"bolj","193":" dan","194":"anja","195":"imo ","196":"naj ","197":"bilo","198":" bod","199":" \u010das","200":"vori","201":"bila","202":"egov","203":"elik","204":" sto","205":" do ","206":" ste","207":" ved","208":"iko ","209":"\u010dno ","210":"zaka","211":"emo ","212":"ski ","213":" kra","214":" zap","215":"vem ","216":"stva","217":" smo","218":"ker ","219":"rej ","220":"meni","221":"sto ","222":"spod","223":" kri","224":" jez","225":"oli ","226":" ker","227":" tis","228":"oval","229":" med","230":"ozna","231":"eta ","232":" nji","233":"veda","234":" jaz","235":"ije ","236":"jego","237":"tno ","238":"rav ","239":"jaz ","240":" jo ","241":"pri\u010d","242":"oda ","243":" gos","244":"imi ","245":"ene ","246":" poz","247":"pri ","248":" zat","249":" ta ","250":" kon","251":"odo ","252":"rist","253":"edno","254":"tran","255":" kat","256":" ver","257":"jim ","258":"prej","259":"adi ","260":"ato ","261":"ina ","262":" teg","263":" tvo","264":"vide","265":"ima ","266":"del ","267":" a ","268":" gov","269":"star","270":"isti","271":"avi ","272":"tvoj","273":"obro","274":"treb","275":"ekaj","276":"stan","277":"nik ","278":"radi","279":"ovo ","280":"niko","281":" nov","282":"bili","283":"emu ","284":" gle","285":"ine ","286":"posl","287":"ovan","288":"tist","289":"ate ","290":" vsa","291":"redi","292":"gosp","293":"rat ","294":"ivlj","295":"bodo","296":"prem","297":"uje ","298":"krat","299":"njih","300":" rek","301":"o\u010de ","302":" pok","303":"kdo ","304":"\u017eivl","305":"potr","306":"olj ","307":"avil","308":"rani","309":"sko ","310":"oved","311":"ika ","312":" \u017eel","313":"ica ","314":"maga","315":"njen","316":"ice ","317":"ove ","318":"nju ","319":"rost","320":"kih ","321":"pozn","322":"nem ","323":"res ","324":"vala","325":"spre","326":"stal","327":" dol","328":" men","329":"imam","330":"bro ","331":" zar","332":" ves","333":" vem","334":"ami ","335":"ospo","336":"imel","337":" zgo","338":"prid","339":" mes","340":"ter ","341":"vno ","342":"dru\u017e","343":"aja ","344":" tre","345":" kdo","346":"pote","347":"red ","348":" nad","349":" zad","350":"dobi","351":"nam ","352":"lje ","353":"oril","354":"tvar","355":"zato","356":"ske ","357":"prip","358":" na\u0161","359":"dal ","360":" mu ","361":"osto","362":"oral","363":"isem","364":"slov","365":"edal","366":"prep","367":"leda","368":" zel","369":"telj","370":"more","371":"teri","372":" mal","373":" zdr","374":" sli","375":"zdaj","376":" amp","377":" sku","378":"vlja","379":"poln","380":"voji","381":" zda","382":"prij","383":" po\u010d","384":" tod","385":" k ","386":"lja ","387":"pome","388":"ravn","389":"med ","390":"poma","391":"\u010dlov","392":"iki ","393":"ava ","394":"ana ","395":"rija","396":"jega","397":"iji ","398":"nas ","399":"jezu","400":"ezus","401":" bo\u017e","402":"pust","403":" \u010dlo","404":"pak ","405":"prev","406":"znan","407":"otro","408":"ino ","409":"vali","410":"toda","411":" obl","412":"ampa","413":"hval","414":"zgod","415":"eval","416":" mar","417":" nik","418":" otr","419":"kov ","420":"eda ","421":" por","422":"acij","423":"drav","424":"nise","425":" kol","426":"ibli","427":" bra","428":"zdra","429":"ano ","430":"nare","431":"ovi ","432":" skr","433":"saj ","434":"volj","435":"eden","436":" rad","437":" prv","438":"tev ","439":"biti","440":"omag","441":" sre","442":"njem","443":"usti","444":"poro","445":"zelo","446":"den ","447":" bre","448":" ven","449":"vsak","450":" kje","451":" zna","452":" opr","453":"resn","454":"iste","455":"mpak","456":"bog ","457":"ska ","458":" bes","459":"dar ","460":"enja","461":"slu\u017e","462":"ico ","463":"ane ","464":" gla","465":" ja ","466":"jeni","467":"otre","468":"vedn","469":"arja","470":"jen ","471":" vam","472":"rja ","473":"bese","474":"esed","475":"jte ","476":"mest","477":"oma ","478":"nil ","479":"val ","480":"ede ","481":"vam ","482":"arad","483":"evan","484":"avo ","485":"verj","486":"ared","487":"hova","488":"omen","489":" red","490":"tvo ","491":"omo ","492":"ini ","493":"prim","494":"nima","495":"kega","496":"zara","497":"pod ","498":" dom","499":"rugi","500":" \u017een","501":"ljiv","502":"vede","503":"oti ","504":"bo\u017ej","505":" le ","506":" vod","507":" sed","508":"ral ","509":"rem ","510":"bomo","511":"kor ","512":"pisa","513":" ost","514":"brez","515":"o\u010dil","516":" slu","517":" cel","518":" pon","519":"ri\u010da","520":"erje","521":" poj","522":"leta","523":"ojo ","524":"lim ","525":" za\u010d","526":" hva","527":"kral","528":"delo","529":"esni","530":"ovol","531":" dr\u017e","532":" odp","533":"ralj","534":"avno","535":"eri ","536":"edel","537":"pora","538":" vas","539":"ansk","540":" ni\u010d","541":"odil","542":"ril ","543":"ravl","544":"nim ","545":"dovo","546":" mo\u017e","547":" ust","548":"otem","549":"niti","550":"ike ","551":"ete ","552":"prot","553":"stvo","554":"ogle","555":"oga ","556":"vest","557":"riti","558":"rime","559":"skup","560":" daj","561":"oseb","562":"novi","563":"pogl","564":"skrb","565":"stop","566":" jim","567":"stor","568":" sin","569":"pres","570":" stv","571":"trok","572":"idel","573":"razu","574":"vih ","575":"bibl","576":" bib","577":"sre\u010d","578":"jal ","579":"sled","580":" mog","581":" upo","582":" zas","583":"oro\u010d","584":"akor","585":"pris","586":" zan","587":"imer","588":" bit","589":"nski","590":"vas ","591":"edu ","592":"ak\u0161n","593":"tavi","594":" dal","595":"kel ","596":"orej","597":" odl","598":"dil ","599":"ari ","600":" slo","601":"anes","602":" saj","603":"ekel","604":"ranj","605":"esti","606":"iva ","607":"azum","608":"dr\u017ea","609":"kris","610":"jejo","611":"redn","612":"mogo","613":"jeva","614":"oja ","615":"pogo","616":"blij","617":"\u017eeli","618":"obil","619":"nanj","620":" tor","621":"vpra","622":" pop","623":"olik","624":"bno ","625":" sla","626":"dje ","627":"anju","628":"o\u010di ","629":"tih ","630":"redu","631":"seda","632":" vpr","633":"ogo\u010d","634":" duh","635":"vega","636":" sva","637":" pla","638":"ro\u010di","639":"mam ","640":" dok","641":"jajo","642":"otov","643":"vidi","644":" o\u010de","645":"ukaj","646":"tuka","647":"tori","648":"elja","649":"ensk","650":"jeno","651":" tuk","652":" sme","653":" izg","654":"nes ","655":"stil","656":" nav","657":"enda","658":"raj ","659":"ovek","660":"reke","661":"nika","662":" dej","663":"sva ","664":"sno ","665":" zve","666":"ama ","667":" ob ","668":"alje","669":"dane","670":"dan ","671":"ujem","672":"oram","673":"ata ","674":"\u010dem ","675":"esto","676":"elje","677":"i\u010dno","678":"ovin","679":" \u00e5e ","680":"ave ","681":"oste","682":" te\u017e","683":"janj","684":"edil","685":"najb","686":"isto","687":"eva ","688":" man","689":"emlj","690":"repr","691":"name","692":"tore","693":" pis","694":"stre","695":"nske","696":" zav","697":"ndar","698":" izr","699":"lno ","700":"vari","701":"vati","702":"obra","703":"hovo","704":"glej","705":"orab","706":"rda ","707":"nova","708":"ijsk","709":"judi","710":"rosi","711":"edaj","712":"avni","713":"ni\u010d ","714":" sod","715":"jate","716":" tam","717":"rali","718":"stol","719":"iska","720":"deja","721":"erja","722":" mno","723":"orda","724":"lika","725":"odi ","726":"nji ","727":"esta","728":"vsem","729":"ru\u017ei","730":"\u010daka","731":"voj ","732":"ljal","733":"tam ","734":"let ","735":"moje","736":" vsi","737":"\u017eive","738":"ram ","739":"vend","740":"vojo","741":"itev","742":"kje ","743":"nov ","744":" bos","745":"malo","746":"esel","747":"atel","748":"niki","749":"mel ","750":"napr","751":"vsi ","752":"moj ","753":"tere","754":" lep","755":" tel","756":"ora ","757":" sev","758":"oji ","759":"glav","760":"rekl","761":"reds","762":"bost","763":"za\u010de","764":"manj","765":" kom","766":"ona ","767":"tva ","768":"ici ","769":"i\u0161\u010de","770":"mord","771":" dov","772":"ujej","773":"naro","774":"kom ","775":"cev ","776":"ogov","777":" voj","778":"rez ","779":"kriv","780":" mil","781":"kova","782":"deli","783":" tu ","784":"etno","785":"varn","786":"boga","787":" ter","788":" mo\u010d","789":"\u010deva","790":"\u010dni ","791":"klju","792":"olje","793":"r\u017eav","794":"upor","795":"o\u010dit","796":"seve","797":" obr","798":"ripr","799":"zapo","800":" pet","801":"opra","802":"slim","803":"alni","804":"ho\u010de","805":"ubil","806":"ruge","807":"vil ","808":"stit","809":"ada ","810":" ho\u010d","811":"razl","812":"etu ","813":"dite","814":" kor","815":"zume","816":" re\u010d","817":"zen ","818":"pra\u0161","819":"sede","820":"iran","821":" vla","822":" na\u010d","823":"ijat","824":"re\u010de","825":"ipra","826":"\u010den ","827":" sko","828":"adnj","829":"ajbo","830":"edi ","831":"podo","832":"varj","833":" izv","834":"amen","835":"kem ","836":"tova","837":"ere ","838":"glas","839":"iso ","840":" spl","841":" par","842":"last","843":" ena","844":"odob","845":"jbol","846":"spom","847":"eto ","848":" zam","849":" nim","850":"celo","851":"ikol","852":"reve","853":"brat","854":" ob\u010d","855":"ti\u010dn","856":"jubi","857":"reme","858":"vlad","859":"roti","860":"ihov","861":"memb","862":"zus ","863":" tol","864":" zem","865":"niso","866":"dnji","867":"jev ","868":" no ","869":"rabi","870":"lji ","871":"skih","872":"njim","873":"imen","874":"gova","875":"arje","876":"gre ","877":"jiho","878":"udje","879":"lijo","880":" odg","881":"lej ","882":"dni ","883":"mate","884":"judj","885":"go\u010de","886":"orit","887":"kak\u0161","888":"ovni","889":"dgov","890":"poli","891":"iral","892":"jena","893":"mnog","894":"odgo","895":"ori ","896":"jetn","897":"i\u010dni","898":"anj ","899":"staj","900":"zani","901":" o\u010di","902":"veto","903":"eved","904":"godi","905":"asti","906":"reje","907":"zeml","908":"\u010dne ","909":"tri ","910":" min","911":"nasl","912":"goto","913":"oble","914":"tali","915":"oven","916":"odlo","917":"smrt","918":" den","919":" mla","920":"ojeg","921":" \u017eal","922":" ses","923":"sest","924":"\u010das ","925":" eno","926":"ajte","927":"ival","928":"njo ","929":"ride","930":" mat","931":"zadn","932":"hran","933":"o\u017eje","934":" rok","935":"pomi","936":"okaz","937":" nev","938":" smr","939":"odov","940":"abil","941":"anim","942":" bo\u0161","943":" obi","944":"olit","945":"\u010dna ","946":" rav","947":"mamo","948":"bo\u0161 ","949":"etni","950":" hot","951":"remo","952":" nep","953":"nimi","954":"ebe ","955":"poda","956":"ale ","957":"tje ","958":"majo","959":" igr","960":"prek","961":"apre","962":"tnik","963":"ikov","964":"rno ","965":"lil ","966":"ljan","967":"lede","968":"tele","969":"dnik","970":"igra","971":"grem","972":"epri","973":" ubi","974":"veni","975":" izp","976":"ovih","977":"ramo","978":"eje ","979":"ekat","980":"u\u017ein","981":"jski","982":"pose","983":"mlad","984":"tni ","985":"ivo ","986":"posk","987":" on ","988":"sli\u00e5","989":" no\u010d","990":"stni","991":"ita ","992":" hud","993":"pelj","994":" ose","995":"avit","996":"jene","997":"tavl","998":"rebu","999":"ovov","1000":"eba ","1001":"kaza","1002":"rjet","1003":"govi","1004":"tek ","1005":"nove","1006":"elov","1007":" kam","1008":"poka","1009":"emen","1010":"anov","1011":"dolg","1012":"meri","1013":"\u017eje ","1014":"buje","1015":" va\u0161","1016":" obs","1017":"stro","1018":"rad ","1019":"agal","1020":"preb","1021":"ezni","1022":" nat","1023":"olni","1024":"vek ","1025":"ojim","1026":"jube","1027":"lite","1028":"vese","1029":"dnos","1030":"nsko","1031":" tri","1032":"nava","1033":" vra","1034":"hote","1035":" seb","1036":"knji","1037":"otel","1038":"kon\u010d","1039":"isi ","1040":"sim ","1041":"\u017enos","1042":"dovi","1043":"vni ","1044":" dog","1045":"izra","1046":"lo\u010di","1047":"osim","1048":"ovit","1049":"duho","1050":"blje","1051":"re\u0161i","1052":"mer ","1053":"blja","1054":"enih","1055":"cija","1056":"ajal","1057":" \u010dud","1058":" teb","1059":"isal","1060":" naz","1061":" umr","1062":"slik","1063":"ven ","1064":" teh","1065":"eneg","1066":"pet ","1067":"topi","1068":"splo","1069":"sebn","1070":"rjen","1071":"pomo","1072":"tane","1073":"prih","1074":"vnik","1075":" knj","1076":"rede","1077":"pla\u010d","1078":"opol","1079":" dos","1080":"til ","1081":" tra","1082":" var","1083":"ednj","1084":"rnos","1085":"rije","1086":"lica","1087":"enil","1088":"\u010dil ","1089":"este","1090":"rite","1091":"pret","1092":"jali","1093":"aga ","1094":"slil","1095":"amer","1096":"ebi ","1097":" u\u010di","1098":"zako","1099":"tven","1100":"esa ","1101":"uhov","1102":"vel ","1103":" \u00e5 ","1104":" izk","1105":"apis","1106":"ole ","1107":"ovem","1108":"ever","1109":"ljev","1110":"razm","1111":"\u010duti","1112":"nila","1113":"snic","1114":"ra\u0161a","1115":"a\u010del","1116":"slab","1117":"nom ","1118":"ojem","1119":"vodi","1120":" dne","1121":" mam","1122":"insk","1123":"oslu","1124":"dlo\u010d","1125":"sred","1126":"arno","1127":"dobn","1128":"napa","1129":"osla","1130":"upaj","1131":"imaj","1132":"\u017eivi","1133":"ajaj","1134":"jest","1135":"orem","1136":"voja","1137":"hovn","1138":"pri\u0161","1139":"nica","1140":"aje ","1141":"ame ","1142":"rati","1143":"ile ","1144":"roko","1145":"leto","1146":" nes","1147":"akon","1148":"taja","1149":"jno ","1150":"dena","1151":"aka ","1152":"priz","1153":" usp","1154":"reba","1155":" zah","1156":"omem","1157":"lni ","1158":" vol","1159":"e\u010de ","1160":"edst","1161":"leti","1162":" ted","1163":"e\u010di ","1164":"\u0161el ","1165":" upa","1166":"ore ","1167":"sam ","1168":"naza","1169":"dilo","1170":"rila","1171":"i\u010dne","1172":" \u010dak","1173":"spoz","1174":"ran ","1175":"elji","1176":"kdaj","1177":"ublj","1178":"jam ","1179":" mir","1180":"rest","1181":"rava","1182":" izb","1183":"remi","1184":"etov","1185":"lada","1186":"uspe","1187":"deti","1188":"kraj","1189":"stri","1190":"znam","1191":"asa ","1192":"ebuj","1193":"tare","1194":"avna","1195":"rok ","1196":"rili","1197":"neko","1198":" pus","1199":"menj","1200":"oke ","1201":" ozn","1202":"\u010dist","1203":"inja","1204":"jasn","1205":"sli\u0161","1206":"omni","1207":" uni","1208":"oben","1209":"klic","1210":"tole","1211":"popo","1212":"gove","1213":"ledn","1214":"idi ","1215":"enar","1216":"rala","1217":"bli\u017e","1218":" vrn","1219":"prvi","1220":"njig","1221":"lova","1222":"nist","1223":" odk","1224":"diti","1225":"haja","1226":"dnje","1227":"lju\u010d","1228":"ljo ","1229":"stve","1230":"na\u0161e","1231":"odpr","1232":"\u0161\u010dan","1233":"i\u010dan","1234":"vrni","1235":"mili","1236":"lija","1237":"pomn","1238":"o\u017eno","1239":"opro","1240":"tal ","1241":"vijo","1242":"nec ","1243":"zapr","1244":"tro ","1245":"vet ","1246":"ri\u010de","1247":" src","1248":"vrst","1249":"lci ","1250":"ledi","1251":"o\u010dne","1252":" gor","1253":"nili","1254":"\u0161\u010din","1255":"zade","1256":"mem ","1257":" na\u00e5","1258":" cen","1259":"mene","1260":"tja ","1261":" fan","1262":"tak\u0161","1263":"dati","1264":"dalj","1265":" hit","1266":" spe","1267":"paj ","1268":"pril","1269":"\u017eens","1270":"okol","1271":"odel","1272":"rih ","1273":"o\u010dno","1274":"azal","1275":" avt","1276":" e ","1277":" kda","1278":"ugi ","1279":"voli","1280":"onov","1281":"nska","1282":" nit","1283":"opis","1284":"tim ","1285":"grad","1286":"rave","1287":"meli","1288":"tve ","1289":"ivel","1290":"hovi","1291":"zame","1292":"enju","1293":"ladi","1294":"konc","1295":"ruga","1296":"veti","1297":"dsta","1298":"ojih","1299":"oraj","1300":"usta","1301":" vi ","1302":"preg","1303":"dala","1304":"\u0161no ","1305":"jer ","1306":"\u010dasi","1307":" bla","1308":"ime ","1309":"edni","1310":"odni","1311":"abo ","1312":" dve","1313":" ji ","1314":"doma","1315":"vim ","1316":"jske","1317":"istu","1318":"odno","1319":"elj ","1320":"ravo","1321":" dra","1322":"dila","1323":"sebe","1324":"sih ","1325":"jutr","1326":"tna ","1327":"\u017eele","1328":"ekle","1329":"mo\u010d ","1330":"bo\u00e5 ","1331":"bole","1332":"\u0161\u010de ","1333":" bo\u00e5","1334":"nice","1335":"tom ","1336":"jati","1337":" nem","1338":"apos","1339":"o\u010det","1340":"o\u010den","1341":"fant","1342":"like","1343":"li\u010dn","1344":"estv","1345":"ero ","1346":"zgub","1347":"dijo","1348":"tel ","1349":"sli ","1350":"rjev","1351":"arod","1352":"enos","1353":" oko","1354":"olno","1355":"odst","1356":"cije","1357":"tren","1358":"njev","1359":"asle","1360":" re\u0161","1361":"liti","1362":"omo\u010d","1363":"oveg","1364":"alce","1365":"kupi","1366":"istj","1367":" kr\u0161","1368":"ve\u00e5 ","1369":"lost","1370":"\u017eal ","1371":"dva ","1372":"\u010denj","1373":"alno","1374":"dari","1375":"odaj","1376":"sel ","1377":"gost","1378":"enim","1379":"tov ","1380":"daja","1381":"stja","1382":"dali","1383":" mod","1384":"tjan","1385":"prin","1386":"odit","1387":" boj","1388":" las","1389":"odro","1390":"kupa","1391":"traj","1392":"ogra","1393":" dva","1394":"tovo","1395":"lec ","1396":"meno","1397":"rete","1398":"jivo","1399":"sak ","1400":"oblj","1401":"jimi","1402":" vre","1403":"skem","1404":"nite","1405":"dim ","1406":"roda","1407":"astn","1408":"\u0161ki ","1409":"nici","1410":"embn","1411":"kjer","1412":" des","1413":"sal ","1414":"spra","1415":"lih ","1416":"ebno","1417":"e\u010din","1418":"toli","1419":"o\u010dem","1420":"lepo","1421":" bli","1422":"edat","1423":"roke","1424":"ema ","1425":"ablj","1426":"ten ","1427":"lici","1428":"re\u010di","1429":"zgle","1430":"javn","1431":"koga","1432":"vili","1433":"ista","1434":"spor","1435":"\u010dina","1436":"nisi","1437":"skeg","1438":"\u010desa","1439":" pav","1440":"ka\u017ee","1441":"bodi","1442":"viti","1443":"ljes","1444":"prit","1445":"ele ","1446":"olj\u0161","1447":"stus","1448":"eka ","1449":"kr\u0161\u010d","1450":" dar","1451":"estr","1452":" sle","1453":"poza","1454":"avi\u010d","1455":"adal","1456":"nico","1457":"\u010dasa","1458":"gaja","1459":" ve\u00e5","1460":" ods","1461":"ler ","1462":"ogla","1463":"hitr","1464":"ilij","1465":"valc","1466":"panj","1467":"jala","1468":"roma","1469":"zvez","1470":"ovar","1471":"rvi ","1472":"bova","1473":"vetu","1474":"dne ","1475":"jne ","1476":"olic","1477":"olgo","1478":"po\u010da","1479":" skl","1480":"ljaj","1481":"kak\u00e5","1482":" mol","1483":" zag","1484":"dstv","1485":"tvu ","1486":" sov","1487":"aju ","1488":"edo ","1489":"lu\u017eb","1490":"rova","1491":"dost","1492":"est ","1493":"vnos","1494":"vila","1495":"pojd","1496":"rilo","1497":"ovno","1498":"\u010dans","1499":"ira ","1500":"prod","1501":"tira","1502":"na\u010di","1503":"izgu","1504":"ode ","1505":"nca ","1506":"haha","1507":" zma","1508":"vrat","1509":" gro","1510":"jubl","1511":"jemo","1512":"rni ","1513":"\u00e5el ","1514":" bar","1515":"ni\u010dn","1516":"nce ","1517":"asno","1518":"pokl","1519":"kori","1520":"ustv","1521":"nogi","1522":"tor ","1523":"edin","1524":"de\u017ee","1525":"tite","1526":"akra","1527":"aril","1528":"hodn","1529":"ogu ","1530":"ove\u0161","1531":" neb","1532":" nor","1533":"elim","1534":"\u017eiva","1535":"rnil","1536":" vrs","1537":"\u0161tev","1538":" zab","1539":"itel","1540":"osku","1541":"kora","1542":"te\u017ea","1543":"ridi","1544":"\u010dite","1545":"moja","1546":"\u010diti","1547":"mela","1548":"obno","1549":" opo","1550":"moji","1551":"evil","1552":"ubez","1553":"krbi","1554":"avto","1555":" vze","1556":" ene","1557":"\u010dila","1558":" nob","1559":"itve","1560":"ak\u00e5n","1561":"rega","1562":"\u010dlan","1563":"loh ","1564":"rim ","1565":"era ","1566":"ster","1567":"nobe","1568":" zau","1569":"spro","1570":" nak","1571":" isk","1572":"olet","1573":"juje","1574":"zaj ","1575":"teh ","1576":"lne ","1577":"razi","1578":"ogo ","1579":"javi","1580":" vst","1581":"gani","1582":"hodi","1583":"skri","1584":"r\u0161\u010da","1585":"vojn","1586":"na\u0161a","1587":"mo\u010dn","1588":"nad ","1589":"azaj","1590":"ezen","1591":"ploh","1592":"veza","1593":"ve\u010de","1594":" \u010dla","1595":"ober","1596":"obe ","1597":"kole","1598":"umrl","1599":" pob","1600":" mrt","1601":"rata","1602":"tne ","1603":"znal","1604":"okra","1605":"ojdi","1606":"zave","1607":" dav","1608":" tek","1609":"ber ","1610":"emi ","1611":"podr","1612":"pism","1613":"dobe","1614":"e\u017eav","1615":"nej\u0161","1616":"tevi","1617":"apra","1618":"ogi ","1619":"novo","1620":"\u0161anj","1621":"e\u010den","1622":"ekla","1623":"lu\u017ei","1624":"enij","1625":"tovi","1626":"ni\u010de","1627":"nstv","1628":"cijo","1629":"vite","1630":"napi","1631":" nau","1632":"poja","1633":"gov ","1634":"ment","1635":"reva","1636":"pri\u00e5","1637":"dili","1638":" jan","1639":"letn","1640":"udov","1641":"a\u0161e ","1642":"dova","1643":"rese","1644":"azmi","1645":" hod","1646":"nci ","1647":"ve\u010dj","1648":" izd","1649":"nekd","1650":" kli","1651":"i\u0161e ","1652":"oko ","1653":"per ","1654":"gih ","1655":"bral","1656":"alu ","1657":"ovat","1658":"pra\u00e5","1659":"omin","1660":"mati","1661":"jmo ","1662":"oka ","1663":"osil","1664":"imat","1665":"nal ","1666":"oris","1667":"\u010ditn","1668":"raje","1669":"ovra","1670":"tano","1671":"okli","1672":"orni","1673":"akov","1674":"rov ","1675":"cem ","1676":"men ","1677":"biva","1678":"esar","1679":"vna ","1680":"polo","1681":"obst","1682":"ben ","1683":"\u017eno ","1684":"razv","1685":" gra","1686":"avel","1687":"stem","1688":"j\u0161i ","1689":"neva","1690":" sra","1691":" hra","1692":" dvo","1693":"seh ","1694":"po\u0161t","1695":"ivi ","1696":"ojen","1697":"rajo","1698":"ide ","1699":"udar","1700":" jut","1701":"obre","1702":"temu","1703":"stvu","1704":"ade ","1705":" \u0161te","1706":"skal","1707":"zni ","1708":"usa ","1709":" de\u017e","1710":"rji ","1711":"lna ","1712":"koj ","1713":"onsk","1714":" fra","1715":"akoj","1716":"idet","1717":"ob\u010du","1718":"pazi","1719":"uge ","1720":" mot","1721":" fil","1722":"prob","1723":"eset","1724":"gel ","1725":" odv","1726":"etih","1727":"esno","1728":"rti ","1729":"ake ","1730":"ito ","1731":"dna ","1732":"edit","1733":"vne ","1734":"lovi","1735":"dese","1736":"vseh","1737":"on\u010da","1738":"neha","1739":"u\u010den","1740":"\u010dine","1741":"zaup","1742":"riva","1743":" i ","1744":"upan","1745":" sek","1746":"robl","1747":"rnik","1748":"i\u010den","1749":"pono","1750":"teva","1751":"jani","1752":"liki","1753":" ang","1754":"erem","1755":"a\u010din","1756":"ogaj","1757":"lago","1758":"bogu","1759":"roka","1760":"zabi","1761":" pi\u0161","1762":" klj","1763":"blju","1764":"\u010de\u0161 ","1765":"a\u010dun","1766":"kam ","1767":" ist","1768":"ra\u010du","1769":"seli","1770":"letj","1771":"ovej","1772":"klet","1773":"ozab","1774":"kla ","1775":" g ","1776":"epo ","1777":"najv","1778":"i\u010de ","1779":"rne ","1780":"sovr","1781":" opa","1782":"gal ","1783":"osle","1784":"nar ","1785":"vale","1786":" en ","1787":"itno","1788":"obla","1789":" b ","1790":"a\u0161a ","1791":"rast","1792":" ome","1793":"sebi","1794":" \u010dis","1795":"rjam","1796":"izpo","1797":"neje","1798":"nike","1799":"poti","1800":" kup","1801":"\u010dek ","1802":"ikom","1803":"ismo","1804":"poto","1805":"rate","1806":"mese","1807":"stoj","1808":"dem ","1809":"renu","1810":"ijon","1811":" kro","1812":"gati","1813":" int","1814":"ast ","1815":"oni ","1816":"uni\u010d","1817":" edi","1818":" jer","1819":"nato","1820":" kan","1821":"sni\u010d","1822":"vred","1823":"blem","1824":"azil","1825":"takr","1826":" tru","1827":"sode","1828":"bran","1829":"kal ","1830":"\u010dilo","1831":"enut","1832":"doka","1833":"arov","1834":"jstv","1835":"narj","1836":" hi\u0161","1837":"razn","1838":" zlo","1839":"v\u0161e\u010d","1840":"irom","1841":"rael","1842":"etek","1843":" nag","1844":" spa","1845":"alne","1846":"kim ","1847":"lov ","1848":" pou","1849":"zrae","1850":"itro","1851":"meti","1852":" v\u0161e","1853":"pu\u0161\u010d","1854":"metn","1855":"pole","1856":"lavn","1857":"usov","1858":"lom ","1859":"etje","1860":"\u0161en ","1861":"moli","1862":" kad","1863":"mini","1864":"jame","1865":" raj","1866":"ve\u010di","1867":"komu","1868":"tili","1869":"ahah","1870":"azen","1871":"vor ","1872":"atan","1873":"jezi","1874":"reli","1875":"vzel","1876":"inte","1877":"prer","1878":" maj","1879":"delu","1880":" neh","1881":"rbi ","1882":"bra ","1883":"ejan","1884":"isko","1885":"ajne","1886":"esen","1887":"ilje","1888":"asni","1889":"okle","1890":"rabl","1891":"drag","1892":"najd","1893":"stno","1894":"dnev","1895":" the","1896":"nemo","1897":"epre","1898":"nami","1899":"trel","1900":"ing ","1901":"fran","1902":"spet","1903":"\u010dnos","1904":" dek","1905":"stim","1906":"epra","1907":" sob","1908":" la\u017e","1909":"lijs","1910":"ozir","1911":" ned","1912":"avad","1913":"u\u017een","1914":"alci","1915":"pi\u0161e","1916":"pren","1917":"b\u010dut","1918":"a\u0161an","1919":"podb","1920":" jas","1921":"sar ","1922":"asih","1923":"obis","1924":"enak","1925":"ekli","1926":"a\u010de ","1927":" nos","1928":"laga","1929":"eki ","1930":"e\u010dno","1931":"azli","1932":"nast","1933":" odr","1934":"gubi","1935":"nada","1936":" not","1937":"jsko","1938":"rju ","1939":"podp","1940":" jav","1941":"ovil","1942":"ostn","1943":"\u0161e\u010d ","1944":"budi","1945":"ustr","1946":"icij","1947":" ozi","1948":"nara","1949":"repo","1950":"sin ","1951":"aupa","1952":"same","1953":"iku ","1954":"enci","1955":"led ","1956":"evar","1957":" san","1958":"mi\u0161l","1959":"orno","1960":"la\u010da","1961":"\u0161li ","1962":"u\u010dil","1963":"bsta","1964":"zira","1965":"o\u017eji","1966":"raci","1967":"re\u017ei","1968":"aki ","1969":"jti ","1970":"kajt","1971":"zno ","1972":"i\u0161lj","1973":"ajti","1974":"vina","1975":"oleg","1976":" lev","1977":"\u010dino","1978":"stih","1979":"\u010din ","1980":"bisk","1981":"ma\u0161 ","1982":"ozi ","1983":"ri\u0161l","1984":"olju","1985":"mlji","1986":"pada","1987":" vpl","1988":"asu ","1989":"tivn","1990":"\u0161\u010dit","1991":"i\u010dna","1992":"ovic","1993":"e\u010der","1994":"rgan","1995":"evo ","1996":"li\u00e5 ","1997":"te\u017ek","1998":"merj","1999":"\u017eeni","2000":"tra ","2001":"nkra","2002":" nih","2003":" neu","2004":"odbu","2005":"opaz","2006":"apor","2007":"ma\u00e5 ","2008":" apo","2009":"blag","2010":"pave","2011":"azlo","2012":"\u010dast","2013":"zdel","2014":"tnos","2015":" to\u010d","2016":"adar","2017":"vaja","2018":"enkr","2019":"tjo ","2020":"dom ","2021":" tab","2022":"mo\u017en","2023":"domo","2024":"davi","2025":"asta","2026":"re\u010dn","2027":"nepr","2028":"vilo","2029":"dov ","2030":"elel","2031":"tala","2032":" \u010des","2033":"napo","2034":"boj ","2035":"oslo","2036":" rod","2037":"evro","2038":" ure","2039":"avij","2040":"slav","2041":"logi","2042":"nek ","2043":"najs","2044":"abi ","2045":"mov ","2046":"\u0161\u010den","2047":"odje","2048":"inov","2049":"vra\u017e","2050":"krit","2051":"enti","2052":"doga","2053":"e\u017eel","2054":"pira","2055":"poso","2056":" \u010dep","2057":"j\u0161e ","2058":"bene","2059":"zves","2060":"orga","2061":"o\u010das","2062":"adev","2063":"\u0161la ","2064":"dve ","2065":"\u010duje","2066":"rane","2067":"zate","2068":"orma","2069":"ivno","2070":"ozor","2071":"ajno","2072":"ziro","2073":"gram","2074":"uga\u010d","2075":"odne","2076":" org","2077":" po\u0161","2078":"adov","2079":"rje ","2080":"skor","2081":"vete","2082":" evr","2083":"odkr","2084":"ejal","2085":"o\u010dut","2086":"ara ","2087":"po\u010dn","2088":"ihaj","2089":"oba ","2090":"tisk","2091":" bri","2092":"izku","2093":"zpol","2094":"ima\u00e5","2095":"ro\u010da","2096":" \u010dez","2097":"reda","2098":"krbe","2099":"rski","2100":"menu","2101":"ejte","2102":"lati","2103":"orje","2104":"nasp","2105":"nijo","2106":"k\u0161no","2107":"evat","2108":"\u010dez ","2109":"krep","2110":" dni","2111":"ej\u0161i","2112":"\u0161al ","2113":" ugo","2114":"vobo","2115":"\u010depr","2116":"\u010dnih","2117":"razp","2118":"jane","2119":"rank","2120":" trd","2121":"ih\u010de","2122":"nih\u010d","2123":"klad","2124":"anst","2125":"h\u010de ","2126":"vom ","2127":"moti","2128":"esec","2129":"som ","2130":" vir","2131":"\u010deni","2132":"pozo","2133":"edan","2134":"idim","2135":"zapi","2136":"avne","2137":" okr","2138":" pad","2139":"odu ","2140":"tila","2141":"tiri","2142":" ame","2143":"arni","2144":"zasl","2145":"ange","2146":"ilni","2147":"lgo ","2148":"ovne","2149":"irat","2150":"apov","2151":"prei","2152":"avic","2153":"jema","2154":"stov","2155":"rine","2156":" kaz","2157":"nemu","2158":"nali","2159":"ra\u00e5a","2160":"one ","2161":"juds","2162":"mrtv","2163":"pre\u017e","2164":"ekdo","2165":"nejo","2166":"nako","2167":"sino","2168":"dkri","2169":"odli","2170":"rano","2171":"amet","2172":" cer","2173":" kre","2174":"\u017eava","2175":"tero","2176":"ovim","2177":"udil","2178":"jemu","2179":" sti","2180":"lem ","2181":"rada","2182":"no\u010de","2183":" jed","2184":"skov","2185":"blik","2186":"enov","2187":" ber","2188":"nka ","2189":"\u010dili","2190":"ugo ","2191":"\u010dal ","2192":"lce ","2193":"sodi","2194":"leni","2195":"tari","2196":"njal","2197":" neo","2198":"li\u0161a","2199":"sku\u0161","2200":"tvi ","2201":"bite","2202":"li\u0161 ","2203":"stu ","2204":"nepo","2205":"li\u0161\u010d","2206":"lila","2207":"selj","2208":"redo","2209":"zna ","2210":"eko ","2211":"rero","2212":"minu","2213":" pes","2214":"rna ","2215":"povs","2216":"izda","2217":"zal ","2218":"lal ","2219":"a\u017ee ","2220":"alec","2221":"jska","2222":"abav","2223":"slit","2224":"i\u010dak","2225":"lju ","2226":"isan","2227":"ajde","2228":"enem","2229":"oge ","2230":" vis","2231":"port","2232":"lo\u010de","2233":"\u010dan ","2234":"erih","2235":"nati","2236":" tes","2237":"agaj","2238":"ima\u0161","2239":"arko","2240":" ple","2241":"mlje","2242":"lili","2243":"apad","2244":" jud","2245":"rkol","2246":"anil","2247":"ist ","2248":" dod","2249":"reti","2250":"zago","2251":"elal","2252":"ren ","2253":" zdi","2254":"omis","2255":"vajo","2256":"godb","2257":"tar\u0161","2258":"priv","2259":"nese","2260":"tera","2261":" ras","2262":" \u0161ol","2263":"tej ","2264":"mari","2265":"lcev","2266":"ener","2267":"velj","2268":"avid","2269":"aspr","2270":" ura","2271":"svob","2272":"a\u017eni","2273":"udst","2274":"ence","2275":"eve\u010d","2276":"obi ","2277":"najp","2278":"malu","2279":"dimo","2280":"asil","2281":"robe","2282":"slu\u0161","2283":"i\u010da ","2284":"\u0161\u010da ","2285":"asi ","2286":"jamo","2287":"poko","2288":"ljem","2289":"eles","2290":" rev","2291":" mas","2292":"re\u010da","2293":"spel","2294":" ona","2295":"pliv","2296":"iraj","2297":"vpli","2298":"erok","2299":"mno ","2300":"zado","2301":"ajmo","2302":"riha","2303":"bim ","2304":"kmal","2305":"orim","2306":" bov","2307":"liva","2308":"\u010dka ","2309":"neke","2310":"trud","2311":"\u017eeva","2312":"sedi","2313":" got","2314":"omov","2315":"k\u0161ne","2316":"obod","2317":"ovez","2318":" kma","2319":" cha","2320":"kali","2321":"omet","2322":"ijan","2323":"zaba","2324":"di\u0161\u010d","2325":" nez","2326":"\u010danj","2327":"oskr","2328":"kovi","2329":"titi","2330":"ezik","2331":"\u010del ","2332":"rodo","2333":"dolo","2334":"rah ","2335":"mrti","2336":"dajo","2337":"prog","2338":"re\u010d ","2339":"kone","2340":"e\u017eiv","2341":"jans","2342":"deva","2343":"\u017eena","2344":"o\u010da ","2345":"\u017ealo","2346":"neki","2347":"arav","2348":"jdi ","2349":"rebi","2350":" zme","2351":"ljam","2352":"ku\u0161a","2353":" ede","2354":"vnih","2355":"v\u010das","2356":"tka ","2357":"kuje","2358":"naln","2359":"izve","2360":" v\u010da","2361":"lega","2362":"ines","2363":"ator","2364":"aved","2365":"mano","2366":" u\u010de","2367":"veri","2368":"the ","2369":"jaja","2370":" trg","2371":"olo\u010d","2372":"raja","2373":"kler","2374":"nter","2375":"\u010dudo","2376":"onec","2377":"ktor","2378":"modr","2379":"ahte","2380":"\u0161ke ","2381":"dose","2382":"osve","2383":"teme","2384":"rizn","2385":"zorn","2386":"ob\u010di","2387":"neve","2388":"ciji","2389":"melj","2390":"kusi","2391":"zdi ","2392":"braz","2393":"vi\u010dn","2394":"gega","2395":"tan ","2396":"aniz","2397":"ngel","2398":"azni","2399":"avim","2400":"posv","2401":"skoz","2402":"ljat","2403":"itvi","2404":"veta","2405":"riho","2406":"emel","2407":" \u017ert","2408":"kajn","2409":"o\u010dni","2410":"elit","2411":"\u017eji ","2412":"znik","2413":"demo","2414":"zaht","2415":"dokl","2416":"ajve","2417":"ive ","2418":"bni ","2419":"revi","2420":"ves ","2421":"labo","2422":"izna","2423":" ogl","2424":"beze","2425":"o\u010de\u0161","2426":"rema","2427":"odat","2428":"lete","2429":" mer","2430":"cer ","2431":"eten","2432":"dekl","2433":"ihod","2434":"tani","2435":"jni ","2436":"arsk","2437":"ezan","2438":"zmag","2439":"mali","2440":"rce ","2441":"dli\u010d","2442":" zla","2443":"groz","2444":"ve\u0161 ","2445":"ve\u0161k","2446":"pete","2447":"\u0161ko ","2448":"danj","2449":" ukr","2450":"ugim","2451":"ilno","2452":"trah","2453":" ban","2454":"b\u010din","2455":"agat","2456":"aslo","2457":"kati","2458":"ugeg","2459":"a\u010det","2460":"daje","2461":"medi","2462":"sist","2463":"rjal","2464":"\u010daso","2465":"ajst","2466":"ota ","2467":"levi","2468":" poi","2469":" rab","2470":"plet","2471":"anom","2472":"otni","2473":"o\u010dak","2474":"lnik","2475":" zra","2476":"htev","2477":"dogo","2478":"\u0161ih ","2479":"anji","2480":"nadz","2481":"ames","2482":" spi","2483":" hej","2484":"\u017enik","2485":"sedn","2486":"ra\u017en","2487":" oh ","2488":"rece","2489":"list","2490":" izj","2491":"logo","2492":"nogo","2493":"etja","2494":"nau\u010d","2495":"tebe","2496":"posa","2497":"nema","2498":"ujet","2499":"u\u0161\u010da","2500":" ve\u0161","2501":" pas","2502":"u\u017eil","2503":"nilo","2504":"eter","2505":"\u017ebo ","2506":"lo\u017en","2507":"dam ","2508":"kozi","2509":"\u017eave","2510":" nal","2511":"etne","2512":"umem","2513":"trdi","2514":"utri","2515":" bel","2516":" ra\u010d","2517":"oru ","2518":"tati","2519":" obj","2520":"hej ","2521":"viln","2522":"anka","2523":"rske","2524":"krog","2525":"eja ","2526":"iri ","2527":"vice","2528":" zgr","2529":"kupn","2530":"lade","2531":"rebn","2532":"erim","2533":"\u010dneg","2534":"u\u010dit","2535":"enta","2536":"asto","2537":"roje","2538":"ugih","2539":" i\u0161\u010d","2540":"rca ","2541":"sni ","2542":"tekl","2543":"au\u010di","2544":"edov","2545":"riza","2546":"dr\u017ei","2547":"elu ","2548":"lane","2549":"\u010dasu","2550":"praz","2551":"prve","2552":"hove","2553":"valo","2554":"mo\u017e ","2555":" izm","2556":"edij","2557":"onu ","2558":" usm","2559":"orij","2560":" ve ","2561":"nimo","2562":"elil","2563":"lije","2564":"asne","2565":" paz","2566":"nebe","2567":"jeti","2568":"tju ","2569":"skim","2570":"mlja","2571":"ase ","2572":"ical","2573":"skus","2574":"rodi","2575":"torj","2576":"ripo","2577":"ogos","2578":"zuso","2579":" krv","2580":"ugot","2581":"pame","2582":"kli\u010d","2583":"arij","2584":"ehaj","2585":"arej","2586":" rec","2587":"var ","2588":" obv","2589":"e\u017eko","2590":" nog","2591":"take","2592":"luje","2593":"olog","2594":" enk","2595":"azis","2596":"niku","2597":"rjem","2598":"\u00e5la ","2599":"utek","2600":"rsti","2601":"anos","2602":"\u010dejo","2603":" per","2604":" tej","2605":"iskr","2606":"lik ","2607":"rugo","2608":"on\u010dn","2609":"srce","2610":"ru\u017eb","2611":"stat","2612":"ni\u0161k","2613":"ent ","2614":" ide","2615":"tnih","2616":"dana","2617":"valn","2618":"vens","2619":"zved","2620":"olil","2621":"vino","2622":"zisk","2623":"abni","2624":"bile","2625":"tabo","2626":"rene","2627":" and","2628":"prik","2629":"preu","2630":"gim ","2631":"avst","2632":"ubij","2633":"\u017eko ","2634":"sti\u010d","2635":"zro\u010d","2636":" voz","2637":"znat","2638":"inut","2639":" odd","2640":" gen","2641":" sil","2642":"doda","2643":" new","2644":"po\u010du","2645":"uper","2646":"vah ","2647":"sran","2648":"olo ","2649":" sup","2650":" obe","2651":"ezna","2652":"izir","2653":"osam","2654":"rodn","2655":" sic","2656":"umet","2657":"i\u010dev","2658":"rijo","2659":"\u010dini","2660":"razo","2661":"kril","2662":"tke ","2663":"sen ","2664":"vorn","2665":"cerk","2666":"ojas","2667":" mo\u0161","2668":"adel","2669":"\u017eni ","2670":"ranc","2671":" sis","2672":"sice","2673":"repi","2674":"vico","2675":"prib","2676":" bab","2677":"supe","2678":"kala","2679":"na\u010dr","2680":"ote ","2681":"jete","2682":"pade","2683":" u\u017ei","2684":"nta ","2685":" \u010dut","2686":"vzro","2687":" zal","2688":"ri\u0161e","2689":"upam","2690":"glob","2691":" odn","2692":"vero","2693":"n\u010dno","2694":"upin","2695":"zbra","2696":"osne","2697":"dele","2698":"elav","2699":"alju","2700":"man ","2701":"litv","2702":"a\u010drt","2703":"odar","2704":"\u010dim ","2705":"bna ","2706":"isel","2707":"obli","2708":"obi\u010d","2709":"iga ","2710":"kanj","2711":"odpo","2712":"talo","2713":"u\u010dev","2714":"elen","2715":"ajin","2716":"sako","2717":"iona","2718":"hudo","2719":"na\u0161i","2720":"rimi","2721":"zapu","2722":"sanj","2723":"zanj","2724":"reko","2725":"nosi","2726":"\u00e5li ","2727":"slal","2728":"vrop","2729":"li\u017en","2730":"zbir","2731":"ozdr","2732":"raze","2733":"ni\u010di","2734":"dzor","2735":"dale","2736":" sat","2737":"ceni","2738":"stjo","2739":"adzo","2740":"\u0161kod","2741":"slu\u00e5","2742":"tiso","2743":"elek","2744":"enit","2745":"povz","2746":"tuje","2747":" n ","2748":"pol ","2749":"ostj","2750":"gral","2751":" \u0161el","2752":"son ","2753":"elij","2754":"film","2755":" dre","2756":"o\u017eil","2757":" re\u00e5","2758":"ve\u010dn","2759":"ogod","2760":"ovu ","2761":" oku","2762":"i\u0161\u010di","2763":" zgl","2764":"stne","2765":"lesa","2766":"lo\u017ei","2767":"bnik","2768":"pona","2769":" kap","2770":"re\u00e5i","2771":"form","2772":"icer","2773":" \u010dem","2774":"u\u017ebe","2775":"min ","2776":"porn","2777":"roci","2778":"bnos","2779":"rado","2780":" ka\u017e","2781":"mama","2782":"preh","2783":"rtev","2784":"darj","2785":"lice","2786":"sil ","2787":" bor","2788":" ind","2789":"mena","2790":"viso","2791":"ance","2792":"ak\u0161e","2793":"\u010dasn","2794":" pam","2795":"odpi","2796":"klen","2797":"eme ","2798":"inar","2799":"pil ","2800":" obd","2801":" kos","2802":"onal","2803":"\u0161ka ","2804":"notr","2805":"kost","2806":"vsaj","2807":"tovn","2808":"mern","2809":"abit","2810":"len ","2811":"trin","2812":"godo","2813":"izvo","2814":"smer","2815":"lado","2816":"oka\u017e","2817":"edam","2818":"edic","2819":"orov","2820":"obne","2821":"bogo","2822":"ado ","2823":"ubit","2824":"ljuj","2825":"eve ","2826":"rato","2827":" met","2828":"ola ","2829":"azno","2830":"edna","2831":"jve\u010d","2832":"spos","2833":"\u00e5no ","2834":"vej ","2835":"iso\u010d","2836":"eboj","2837":"revo","2838":"k\u0161en","2839":"sov ","2840":"hudi","2841":"lani","2842":"oto ","2843":"cent","2844":"podj","2845":"i\u0161\u010da","2846":"ajen","2847":"dro\u010d","2848":"isok","2849":"lavo","2850":"polj","2851":"sega","2852":" opi","2853":"troc","2854":"\u017eil ","2855":"osre","2856":"lu\u0161a","2857":"rebe","2858":"bere","2859":"\u0161ne ","2860":"izbr","2861":"spol","2862":"rka ","2863":"otno","2864":"i\u0161al","2865":"posn","2866":"beri","2867":"alos","2868":"evi ","2869":" oba","2870":"zdru","2871":"epro","2872":"okov","2873":"steg","2874":"leg ","2875":"jan ","2876":"gnil","2877":"jude","2878":" pij","2879":"ne\u0161 ","2880":"sili","2881":"\u00e5en ","2882":"kada","2883":"mo\u0161k","2884":" nen","2885":"arob","2886":"olo\u017e","2887":"uha ","2888":"\u010deno","2889":"pot ","2890":"lu\u00e5a","2891":"tar ","2892":"log ","2893":"o\u0161ki","2894":"tak ","2895":"lepa","2896":"rbel","2897":"\u010duna","2898":"rej\u0161","2899":"der ","2900":"tebi","2901":"vene","2902":"raln","2903":" car","2904":"test","2905":"zlog","2906":"popr","2907":"o\u017een","2908":"vec ","2909":"a\u010dil","2910":"sami","2911":"\u00e5al ","2912":"anti","2913":"idej","2914":"vern","2915":"ajo\u010d","2916":" upr","2917":"ribl","2918":" va\u00e5","2919":" sim","2920":"jub ","2921":" bis","2922":"trij","2923":" ogr","2924":"mbno","2925":"risp","2926":"pam ","2927":"ocen","2928":"nke ","2929":"zale","2930":"eluj","2931":" rob","2932":"njsk","2933":"\u010dje ","2934":"va\u0161e","2935":"re\u00e5 ","2936":"nalo","2937":"zgra","2938":"rla ","2939":"e\u010do ","2940":"i\u010daj","2941":"novn","2942":"agos","2943":" fin","2944":"ilo\u017e","2945":"bira","2946":"ajan","2947":"adil","2948":"no\u010di","2949":"opil","2950":"liji","2951":"ogom","2952":"ra\u00e5 ","2953":"to\u010dn","2954":"anih","2955":"iden","2956":"oper","2957":"umen","2958":"ali\u0161","2959":"o\u017eiv","2960":"\u017eeno","2961":"ivet","2962":" oro","2963":"ojsk","2964":"\u010dela","2965":"vove","2966":" sez","2967":"li\u010de","2968":"limo","2969":"elat","2970":"\u017eene","2971":"j\u0161a ","2972":"gali","2973":"redl","2974":"anit","2975":"oci ","2976":" izo","2977":"lnic","2978":"na\u0161 ","2979":"\u0161na ","2980":"vost","2981":"ital","2982":"rgov","2983":"pati","2984":" zaj","2985":"mo\u010di","2986":" kog","2987":"inil","2988":" son","2989":"eke ","2990":"sama","2991":"ton ","2992":"itan","2993":"zmer","2994":"vemo","2995":" neg","2996":"duje","2997":"ro\u010dj","2998":"akeg","2999":"kana","3000":"ogre","3001":"edse","3002":"avza","3003":" uda","3004":"nata","3005":"erne","3006":"zuje","3007":"jako","3008":"tanj","3009":" kas","3010":"tnic","3011":"ejem","3012":"prec","3013":"pre\u010d","3014":"gre\u0161","3015":"regl","3016":" lad","3017":"nesl","3018":"ajpr","3019":"snem","3020":" kit","3021":"vjo ","3022":"noma","3023":"a\u010dne","3024":"ncu ","3025":"vojs","3026":"tika","3027":"\u0161ega","3028":" ben","3029":"zuna","3030":"nija","3031":"tegn","3032":"vine","3033":"gosl","3034":"ljic","3035":"egle","3036":"znov","3037":"ejel","3038":"i\u0161el","3039":"deni","3040":" zun","3041":"obri","3042":"tol ","3043":"skle","3044":"istr","3045":"lavi","3046":"mera","3047":"azov","3048":"kcij","3049":"lovn","3050":"vnem","3051":" h ","3052":"kli ","3053":"odnj","3054":"lava","3055":"mogl","3056":"tekm","3057":"\u010dajn","3058":" poh","3059":"amem","3060":"sene","3061":"mve\u010d","3062":"nama","3063":"temv","3064":"orat","3065":"i\u010des","3066":"\u0161lja","3067":"ganj","3068":"zakl","3069":"raz ","3070":"emve","3071":"ga\u010de","3072":" zbo","3073":"oro\u017e","3074":"sove","3075":"eeno","3076":"anta","3077":"enu ","3078":"snej","3079":"zase","3080":"eko\u010d","3081":"adno","3082":"lka ","3083":"edla","3084":"njam","3085":"\u017eabn","3086":"jej ","3087":"redv","3088":"trgo","3089":"u\u017eab","3090":"ori\u0161","3091":" dop","3092":"a\u0161\u010de","3093":"lnih","3094":"rinj","3095":"rogr","3096":"minj","3097":"e\u0161il","3098":"i\u010di ","3099":"reci","3100":"prvo","3101":"aste","3102":" ele","3103":"tank","3104":"cial","3105":"once","3106":"u\u017eiv","3107":"njak","3108":"nera","3109":" obo","3110":"stot","3111":" vs ","3112":"ponu","3113":"jpre","3114":"\u010dnej","3115":"gre\u00e5","3116":"agot","3117":"alog","3118":"timo","3119":"ard ","3120":" dr ","3121":"set ","3122":"ri\u00e5l","3123":"obit","3124":"rana","3125":"e\u010da ","3126":"izad","3127":"vozi","3128":" d ","3129":"obni","3130":"uro ","3131":" ces","3132":"nda ","3133":"no\u010d ","3134":"\u017eja ","3135":"li\u00e5a","3136":"lnos","3137":" \u0161ti","3138":" sen","3139":"bi\u010da","3140":"ravz","3141":"rido","3142":"u\u017ebo","3143":"hovu","3144":" nan","3145":"seen","3146":"vsee","3147":"ej\u0161e","3148":" \u0161ko","3149":"alij","3150":" fot","3151":"vica","3152":"blas","3153":"arji","3154":"bija","3155":" gol","3156":" \u010drn","3157":"bel ","3158":"agra","3159":"evid","3160":"vsta","3161":"k\u0161ni","3162":"tijo","3163":"boln","3164":"a\u010den","3165":"vira","3166":"vzap","3167":"new ","3168":" inf","3169":"arne","3170":"anek","3171":"udi\u010d","3172":"evaj","3173":"vito","3174":"mere","3175":"imet","3176":"jaj ","3177":"rimo","3178":"kdor","3179":"prva","3180":"akti","3181":"reu\u010d","3182":"rec ","3183":"zda ","3184":"enik","3185":"izu ","3186":"anda","3187":" glo","3188":"zli\u010d","3189":"ispe","3190":"mise","3191":"iru ","3192":" rez","3193":"gom ","3194":"ojni","3195":"osob","3196":"amre","3197":"rog ","3198":"\u00e5anj","3199":"dnja","3200":"kvar","3201":"zare","3202":"aslu","3203":"mre\u010d","3204":"irje","3205":" sol","3206":"namr","3207":"vsto","3208":"estu","3209":"zaci","3210":"izgl","3211":"obja","3212":"ru\u017ee","3213":"gala","3214":"tkov","3215":"dstr","3216":" tip","3217":"ra\u0161 ","3218":"bne ","3219":"e\u010dem","3220":"nesr","3221":"\u0161tvo","3222":"mori","3223":"\u010der ","3224":"kimi","3225":"azuj","3226":"eza ","3227":"metr","3228":"jano","3229":"anci","3230":"\u0161ali","3231":"akni","3232":"\u0161tir","3233":"dol\u017e","3234":"enj ","3235":"ovsk","3236":"\u010deta","3237":"jel ","3238":"ant ","3239":"rom ","3240":" pel","3241":"dani","3242":"pore","3243":"ri\u00e5e","3244":"beni","3245":"u\u0161al","3246":"e\u010dji","3247":"o\u0161te","3248":"ativ","3249":"anke","3250":"hod ","3251":" vrh","3252":"ure ","3253":"unaj","3254":"ruje","3255":"rudi","3256":" har","3257":" du\u0161","3258":"lekt","3259":"ezi ","3260":"ljsk","3261":"izac","3262":"ovse","3263":"ilne","3264":"embe","3265":"vovi","3266":"i\u017eno","3267":"lasi","3268":" jak","3269":"odre","3270":"skla","3271":" rim","3272":"mojo","3273":"anko","3274":"aran","3275":"opus","3276":"nira","3277":"vid ","3278":"lan ","3279":"njuj","3280":"i\u0161ki","3281":" osv","3282":"bist","3283":"etal","3284":"olez","3285":"haj ","3286":"telo","3287":"\u010dani","3288":"rans","3289":"delj","3290":" tok","3291":"\u017een ","3292":"nala","3293":"mor ","3294":"buja","3295":"esre","3296":"uga ","3297":"\u010dijo","3298":"na\u00e5e","3299":"idob","3300":"ebiv","3301":"\u017eenj","3302":"rica","3303":"evni","3304":"angl","3305":"lu\u017ea","3306":"sedo","3307":"\u0161nje","3308":" sal","3309":"tneg","3310":"mar ","3311":"alj ","3312":"babi","3313":"veka","3314":"tela","3315":"erni","3316":" kav","3317":"odra","3318":"mete","3319":"kren","3320":"etro","3321":"bori","3322":"nuje","3323":"plje","3324":"lejt","3325":"sijo","3326":"zova","3327":"bijo","3328":" smi","3329":"oki ","3330":"gore","3331":"\u010dnem","3332":"razb","3333":"zmi\u0161","3334":"elef","3335":"vora","3336":"slo ","3337":"jalo","3338":"ados","3339":"pozd","3340":"trov","3341":"erij","3342":"zusa","3343":"ajat","3344":"a\u0161al","3345":"sata","3346":"ian ","3347":"efon","3348":"idit","3349":"egni","3350":"nkov","3351":"umor","3352":"nasv","3353":"amez","3354":" rel","3355":"ikan","3356":"adni","3357":"ojno","3358":"erit","3359":"zna\u010d","3360":"lefo","3361":"naju","3362":"azi ","3363":"olar","3364":"radn","3365":"lca ","3366":"zku\u0161","3367":"dsed","3368":"nakl","3369":"nave","3370":"mrl ","3371":"mojz","3372":"note","3373":"naci","3374":"olj\u00e5","3375":"dejo","3376":"dete","3377":"nije","3378":"sina","3379":"pija","3380":"lasb","3381":"avan","3382":"bliz","3383":"rika","3384":"\u010denc","3385":"ojze","3386":"i\u00e5el","3387":"nko ","3388":"util","3389":"i\u00e5al","3390":"vi\u010d ","3391":"\u010dajo","3392":"jzes","3393":"vini","3394":"emal","3395":"orja","3396":"lezn","3397":"odda","3398":"akal","3399":" top","3400":"zil ","3401":"apus","3402":"oren","3403":" zno","3404":"mezn","3405":"pogr","3406":"egan","3407":"majh","3408":"niji","3409":"snov","3410":"izme","3411":"taro","3412":"pozi","3413":"eraj","3414":"ladj","3415":"rego","3416":" van","3417":"vzem","3418":" m ","3419":"asov","3420":"ktiv","3421":"reno","3422":"sna ","3423":"reni","3424":"odal","3425":"ivjo","3426":"dsto","3427":"tus ","3428":"cijs","3429":"mami","3430":"alem","3431":"imiv","3432":"foto","3433":"\u017eelj","3434":" tuj","3435":"dano","3436":"aliz","3437":"ubim","3438":"gli ","3439":"anjk","3440":"nate","3441":"\u010dali","3442":" roj","3443":" tur","3444":"\u017egan","3445":"avaj","3446":"dvig","3447":"dih ","3448":"reh ","3449":"jivi","3450":"anjo","3451":"odbo","3452":"eren","3453":"an\u010dn","3454":"ovzr","3455":"mejo","3456":"tres","3457":"nani","3458":"emij","3459":"zali","3460":"nism","3461":"inal","3462":"asve","3463":"onca","3464":"udno","3465":"usu ","3466":"ilom","3467":"tale","3468":" dir","3469":"lel ","3470":"jna ","3471":" \u010det","3472":"snil","3473":"ijet","3474":"are ","3475":"grev","3476":"rebo","3477":" bal","3478":"\u017eavn","3479":"past","3480":"tedn","3481":"rajn","3482":"n\u010dal","3483":"\u010dete","3484":"slan","3485":"lizu","3486":"\u0161\u010du ","3487":" oni","3488":" zmo","3489":"esu ","3490":" zop","3491":"ebej","3492":"sebo","3493":"umre","3494":"le\u010d ","3495":" po\u00e5","3496":" po\u017e","3497":"seks","3498":"izre","3499":" pal","3500":"vabi","3501":"razd","3502":" dev","3503":"omun","3504":"i\u010dil","3505":"muni","3506":"isni","3507":"ohra","3508":" pun","3509":"milo","3510":"ubi ","3511":"e\u0161it","3512":"ekak","3513":"rli ","3514":"oncu","3515":"nah ","3516":" joh","3517":" dro","3518":"\u017eivj","3519":"greh","3520":"enjs","3521":"tavn","3522":"re\u0161 ","3523":"dbe ","3524":" dvi","3525":"agi ","3526":"nenj","3527":"edet","3528":"bej ","3529":"iju ","3530":" tom","3531":"epov","3532":"raga","3533":"pal ","3534":"vodo","3535":"pali","3536":"spev","3537":" njo","3538":"stir","3539":" vaj","3540":"oseg","3541":"miru","3542":"alna","3543":" ohr","3544":"zmed","3545":"a\u0161\u010di","3546":" tim","3547":"\u010dala","3548":"oman","3549":"izka","3550":"skre","3551":"onav","3552":" tal","3553":"je\u0161 ","3554":"kopa","3555":"\u017ebe ","3556":"edne","3557":"ogel","3558":"njej","3559":"aval","3560":"oljo","3561":"obrn","3562":"nasi","3563":"i\u0161\u010du","3564":"ri\u010d ","3565":"sake","3566":"gene","3567":"\u017ebi ","3568":"ige ","3569":"rjaj","3570":"rina","3571":"mina","3572":"gla ","3573":"zred","3574":"smeh","3575":"obna","3576":"rug ","3577":"topn","3578":"a\u00e5an","3579":"opoz","3580":"tret","3581":" rak","3582":"bimo","3583":"vami","3584":" lis","3585":"ecej","3586":" dam","3587":"k\u0161na","3588":"ilu ","3589":"koma","3590":"ivaj","3591":"le\u010di","3592":" sho","3593":" jes","3594":"vneg","3595":"emsk","3596":"obo ","3597":"odvi","3598":"tede","3599":"cest","3600":"rek ","3601":" spu","3602":"erno","3603":" ope","3604":"dla ","3605":" ju ","3606":"dejs","3607":"pelo","3608":"kasn","3609":"graj","3610":"eril","3611":"eli\u0161","3612":"\u010dati","3613":"and ","3614":" obu","3615":"smis","3616":" odi","3617":"park","3618":"kame","3619":"razk","3620":"dini","3621":"anij","3622":"igi ","3623":"vedi","3624":"ko\u010d ","3625":" pap","3626":"u\u010din","3627":"taln","3628":"ijev","3629":" kod","3630":"pise","3631":"neum","3632":"rivi","3633":"rebr","3634":" jeb","3635":"ogat","3636":"jona","3637":"\u017eem ","3638":"smel","3639":"zavr","3640":" ner","3641":"plav","3642":"rstv","3643":"vir ","3644":"ejst","3645":"dba ","3646":"\u010dnim","3647":"obve","3648":"ostr","3649":"okro","3650":"dvom","3651":"razg","3652":"rvo ","3653":"bjav","3654":"prof","3655":"nena","3656":"java","3657":"misi","3658":"tric","3659":"dtem","3660":"rko ","3661":"elaj","3662":" za\u0161","3663":"eljs","3664":"opom","3665":"ripe","3666":"omu ","3667":"rejo","3668":"u\u010di ","3669":"edte","3670":"ares","3671":"ion ","3672":"zane","3673":"lski","3674":"zel ","3675":"\u010dene","3676":"ejen","3677":"lnom","3678":"kon ","3679":" ran","3680":"pova","3681":"ora\u00e5","3682":"zast","3683":"ropa","3684":"spo\u0161","3685":"jeli","3686":"\u017euje","3687":"akol","3688":"rome","3689":"sla ","3690":"opi ","3691":"ana\u0161","3692":"dor ","3693":"a\u0161i ","3694":"njaj","3695":"bezn","3696":"\u010dudn","3697":"vetl","3698":"otra","3699":"gres","3700":"re\u010do","3701":"\u010deli","3702":"mrt ","3703":"la\u010di","3704":"elig","3705":"deve","3706":"sodn","3707":" mej","3708":"\u0161nji","3709":"ale\u010d","3710":" don","3711":"tion","3712":"graf","3713":" umi","3714":"lj\u0161i","3715":"dol ","3716":"nevn","3717":" dem","3718":"ole\u010d","3719":"sram","3720":" luk","3721":"alen","3722":"aven","3723":"van ","3724":"dlag","3725":"\u0161eva","3726":"gar ","3727":"mni ","3728":"reza","3729":"jevi","3730":" p ","3731":"osvo","3732":"lali","3733":"zlat","3734":"ra\u017ei","3735":"udo ","3736":" ant","3737":"vore","3738":"etju","3739":"ujo\u010d","3740":"itis","3741":"zbor","3742":"epa ","3743":"cah ","3744":"\u010dako","3745":"ngle","3746":"vidn","3747":"iti\u010d","3748":"adaj","3749":"vje ","3750":" ne\u010d","3751":"ruza","3752":"nos ","3753":"jeru","3754":"\u017ejo ","3755":"djet","3756":"o\u017eja","3757":" for","3758":"\u0161lo ","3759":"mira","3760":"\u0161kih","3761":"medt","3762":"najt","3763":" mne","3764":"ratk","3765":"fina","3766":" tja","3767":"vadi","3768":"nti ","3769":"ebni","3770":"onar","3771":" lov","3772":"top ","3773":"inis","3774":"di\u00e5 ","3775":"zem ","3776":"\u010dano","3777":"pogu","3778":"li\u010di","3779":"opal","3780":"ijaz","3781":"boji","3782":"eruz","3783":"uzal","3784":"za\u010dn","3785":"do\u017ei","3786":"\u017eav ","3787":"vere","3788":"a\u017ei ","3789":"li\u010da","3790":"teda","3791":"tehn","3792":"\u010dnik","3793":"r\u017ei ","3794":"gajo","3795":"eklo","3796":"zope","3797":"stel","3798":"dbuj","3799":"blek","3800":"orsk","3801":"teli","3802":"eduj","3803":"rta ","3804":"sten","3805":"\u010dji ","3806":"\u010dera","3807":"navd","3808":"rva ","3809":"salo","3810":" trp","3811":"oter","3812":"vrne","3813":"dli ","3814":"ekto","3815":"jo\u010de","3816":"arit","3817":"mnen","3818":"la\u010de","3819":"ligi","3820":"tlji","3821":"iram","3822":"klep","3823":"neza","3824":"\u0161em ","3825":"vita","3826":"bre ","3827":"atov","3828":"ri\u0161\u010d","3829":"oran","3830":" cil","3831":" mon","3832":"vnic","3833":"plan","3834":"i\u0161i ","3835":"ozno","3836":"na\u0161l","3837":" pan","3838":"kras","3839":"e\u017ei ","3840":"upra","3841":"ivos","3842":" utr","3843":"gor ","3844":"skav","3845":"silj","3846":"cal ","3847":" iti","3848":" obn","3849":"esol","3850":"atem","3851":" do\u017e","3852":"o\u017ea ","3853":"zori","3854":"mno\u017e","3855":"onos","3856":" vlo","3857":"urad","3858":"vija","3859":"etel","3860":"na\u010de","3861":"umno","3862":"indo","3863":"rita","3864":"\u0161ati","3865":"les ","3866":"na\u00e5 ","3867":"ivan","3868":"arti","3869":" pa\u010d","3870":"ejav","3871":" kop","3872":"utno","3873":"varo","3874":"naji","3875":"jah ","3876":"temp","3877":" umo","3878":"\u0161ni ","3879":"vers","3880":"tost","3881":"a\u010dni","3882":"e\u0161ke","3883":"ples","3884":"anu ","3885":"osno","3886":"onom","3887":"ladn","3888":"\u017eite","3889":"vimo","3890":"rena","3891":"revz","3892":"ijem","3893":"sne ","3894":"ojst","3895":"po\u010di","3896":"avka","3897":"niza","3898":"abim","3899":" hla","3900":"jekt","3901":" sne","3902":" kur","3903":"estn","3904":"erkv","3905":"j\u0161nj","3906":"dbo ","3907":"giba","3908":"solj","3909":"vode","3910":"emog","3911":"\u017ertv","3912":"tra\u017e","3913":"\u010dust","3914":"adij","3915":"sija","3916":"eci ","3917":"jiv ","3918":"di\u0161 ","3919":"andi","3920":"eze ","3921":"stev","3922":"pita","3923":"\u010dena","3924":"vseg","3925":"john","3926":"rona","3927":"rivn","3928":" sos","3929":"bode","3930":"aklj","3931":"topa","3932":"no\u017ei","3933":"anem","3934":"moge","3935":"va\u0161 ","3936":"dbud","3937":"kovn","3938":"rtvi","3939":"tko ","3940":"kome","3941":"denj","3942":" zde","3943":"udit","3944":"reis","3945":"rade","3946":" ser","3947":"eisk","3948":"boje","3949":"jana","3950":"ro\u017ej","3951":"etna","3952":"a\u010da ","3953":"inko","3954":"ojne","3955":" nah","3956":"eteg","3957":"sec ","3958":"znav","3959":"vedo","3960":" sad","3961":"ioni","3962":"dola","3963":" ita","3964":"eli\u010d","3965":"judo","3966":"orod","3967":"roki","3968":"atur","3969":"akih","3970":"nagr","3971":"dove","3972":"u\u017ebi","3973":"cilj","3974":"sala","3975":"lj\u0161e","3976":"rile","3977":"veno","3978":"o\u017ejo","3979":"olja","3980":"ura ","3981":"ro\u010de","3982":"utim","3983":"za\u0161\u010d","3984":"orav","3985":"kart","3986":"ajam","3987":"pa\u010d ","3988":" uje","3989":"dvor","3990":"ozil","3991":"veso","3992":" win","3993":"mir ","3994":"arna","3995":"avah","3996":"desn","3997":" vrt","3998":"rmal","3999":"ipel","4000":"mski","4001":"stru","4002":"kita","4003":"u\u017eit","4004":"ebes","4005":"afij","4006":"eru ","4007":"\u017eijo","4008":" rep","4009":"agam","4010":"celi","4011":"zava","4012":" \u010dim","4013":"gori","4014":"ersk","4015":"inst","4016":" kul","4017":"cej ","4018":"datk","4019":"eu\u010de","4020":"rtve","4021":"inu ","4022":"u\u00e5aj","4023":"tara","4024":"vadn","4025":"ivim","4026":"spe\u0161","4027":"ojav","4028":"zkaz","4029":"lobo","4030":"\u017eejo","4031":"onir","4032":"vetn","4033":"kazn","4034":"k\u00e5en","4035":"pis ","4036":"part","4037":"lini","4038":"ogro","4039":" bet","4040":"veko","4041":" tar","4042":"ukre","4043":"ele\u017e","4044":" tro","4045":"\u017eina","4046":"ne\u010de","4047":"kaci","4048":" dat","4049":"zhod","4050":"dent","4051":"h\u010der","4052":" h\u010de","4053":"teka","4054":"olov","4055":"kaze","4056":"u\u0161nj","4057":"oro ","4058":"idem","4059":"retj","4060":"alko","4061":"udem","4062":"tnem","4063":" jaj","4064":"barv","4065":" psi","4066":"kah ","4067":" prs","4068":"icah","4069":"info","4070":"etom","4071":"ku\u0161n","4072":"ak\u00e5e","4073":"bneg","4074":" hi\u00e5","4075":"jetj","4076":"rito","4077":"elam","4078":" \u010dus","4079":"dajm","4080":"brav","4081":" psa","4082":"davn","4083":"padl","4084":"o\u017eni","4085":"dnih","4086":"resi","4087":"larj","4088":"nute","4089":"ereg","4090":"znaj","4091":"vstv","4092":"jima","4093":"ese ","4094":"nevi","4095":"ncev","4096":"imin","4097":"ago ","4098":"\u0161il ","4099":" ume","4100":" ale","4101":"utra","4102":"a\u010dno","4103":" rit","4104":"dvis","4105":"plo\u0161","4106":"odpu","4107":"aba ","4108":"izja","4109":" one","4110":"tema","4111":"emat","4112":"e\u010dni","4113":"a\u0161o ","4114":"oli\u0161","4115":"line","4116":"rste","4117":"ozne","4118":" dot","4119":"uden","4120":"diva","4121":"terj","4122":"cist","4123":"alji","4124":"tokr","4125":"kami","4126":" uga","4127":"cira","4128":"ujen","4129":"met ","4130":"emem","4131":"lah ","4132":"o\u017ega","4133":"okal","4134":"ora\u0161","4135":"zgin","4136":" lo\u010d","4137":"itik","4138":"\u0161keg","4139":"las ","4140":"reho","4141":"kodo","4142":"eljo","4143":"elom","4144":"anj\u0161","4145":"\u0161ala","4146":"preo","4147":"ektr","4148":"razs","4149":"rise","4150":"ekom","4151":"mbne","4152":"izde","4153":"po\u010de","4154":"omaj","4155":"erat","4156":" kal","4157":"lneg","4158":"e\u017ee ","4159":"gnje","4160":"\u017eili","4161":"adam","4162":"alom","4163":"otok","4164":"obso","4165":"drob","4166":"troj","4167":"okto","4168":"vana","4169":"ra\u017ee","4170":"ebra","4171":"kult","4172":"ziti","4173":"o\u017eaj","4174":"tlet","4175":"edi\u0161","4176":"\u010dne\u0161","4177":" vin","4178":"letu","4179":"are\u0161","4180":"mljo","4181":"boli","4182":"ratu","4183":"rak ","4184":"kira","4185":"zemi","4186":" vso","4187":" noc","4188":"i\u0161ke","4189":"istv","4190":" odz","4191":"ajsk","4192":"rit ","4193":"kamo","4194":"maj ","4195":"v\u010der","4196":"upno","4197":"tola","4198":"skat","4199":" rib","4200":"jive","4201":"elot","4202":"ured","4203":"ebne","4204":" vkl","4205":" bro","4206":"ati\u010d","4207":"sila","4208":"mobi","4209":"ro\u010dn","4210":"odku","4211":"astr","4212":"i\u010del","4213":"zraz","4214":"rezu","4215":"norm","4216":" ana","4217":" mad","4218":"\u010dih ","4219":"avar","4220":"\u017eine","4221":"e\u0161ki","4222":"alic","4223":"ravs","4224":"vzam","4225":"vezi","4226":"prez","4227":" tov","4228":"kazu","4229":"rde\u010d","4230":" sir","4231":"zjav","4232":"sobo","4233":"lj\u0161a","4234":" sr\u010d","4235":"soci","4236":"r\u0161i ","4237":"oljn","4238":"ore\u010d","4239":"agov","4240":"tine","4241":"izko","4242":"emag","4243":"\u00e5ki ","4244":"tku ","4245":"umel","4246":"piti","4247":"zaje","4248":"ogar","4249":"ikih","4250":"rvi\u010d","4251":"mo\u017eg","4252":" oce","4253":"stna","4254":"pel ","4255":"na\u00e5l","4256":"timi","4257":" ok ","4258":"sobn","4259":" soc","4260":"knil","4261":"klon","4262":"smil","4263":" plo","4264":"luci","4265":"\u010dink","4266":" hah","4267":"mo\u017ea","4268":"re\u0161e","4269":"azme","4270":"dprl","4271":"\u0161lje","4272":"jeve","4273":"\u010dute","4274":" v\u010de","4275":" jam","4276":"ravk","4277":"uri ","4278":"pala","4279":"ajni","4280":"rnem","4281":" lan","4282":" deb","4283":"prom","4284":"\u017eiti","4285":"gent","4286":"treh","4287":" rea","4288":"izgi","4289":"\u010daj ","4290":"maln","4291":"bava","4292":" ma\u0161","4293":" uma","4294":"\u017eino","4295":"mi\u00e5l","4296":"e\u0161in","4297":"miri","4298":"\u010demo","4299":"bije","4300":"\u017eba ","4301":"srca","4302":"j\u00e5i ","4303":"rotn","4304":"zami","4305":" rde","4306":"noge","4307":"jak ","4308":"ialn","4309":"kle ","4310":"e\u010dal","4311":" sor","4312":"etji","4313":"\u010dke ","4314":" hai","4315":"rofe","4316":"otek","4317":"\u010detk","4318":"abe ","4319":"nak ","4320":"sodo","4321":"vezd","4322":"kolj","4323":"evze","4324":"zlik","4325":"njka","4326":"isij","4327":"i\u00e5lj","4328":"morj","4329":"krad","4330":"mote","4331":" doj","4332":"ra\u010da","4333":"esne","4334":"ljni","4335":"erov","4336":"jazn","4337":"asli","4338":" zbi","4339":"rama","4340":"rant","4341":"aro\u010d","4342":"taki","4343":"mimo","4344":"ilja","4345":"ivij","4346":"aden","4347":"avez","4348":"iver","4349":" t ","4350":"udob","4351":" val","4352":"javl","4353":"itni","4354":"odi\u0161","4355":"drev","4356":"apak","4357":" osr","4358":"la\u010dn","4359":"sej ","4360":"sovi","4361":"stis","4362":"tava","4363":" ~ ","4364":" kil","4365":" su\u017e","4366":" jun","4367":"stik","4368":"cion","4369":"lank","4370":"kemu","4371":" sha","4372":" nuj","4373":" omo","4374":"stin","4375":"ekov","4376":"peva","4377":"ebov","4378":"otil","4379":"dja ","4380":"sova","4381":" ton","4382":"leme","4383":" jem","4384":"kark","4385":"duha","4386":"duh ","4387":"vera","4388":"ivni","4389":"visn","4390":"skan","4391":"olnj","4392":" sej","4393":"ar\u0161i","4394":"dici","4395":"rafi","4396":"peti","4397":"hov ","4398":"lep ","4399":"aha ","4400":"izbi","4401":"lave","4402":"atri","4403":"omog","4404":"\u0161uje","4405":"\u00e5na ","4406":"char","4407":"alja","4408":"vso ","4409":"ovom","4410":"omor","4411":"loga","4412":"mark","4413":"lo\u017ea","4414":"igo ","4415":"dpir","4416":"\u0161\u010dev","4417":"eumn","4418":"osed","4419":"viru","4420":"kazo","4421":"o\u0161ke","4422":"malc","4423":"unal","4424":" tih","4425":"vto ","4426":"oljs","4427":"zmis","4428":"makn","4429":"isma","4430":"proj","4431":"pobe","4432":"raka","4433":"evij","4434":"lena","4435":"asop","4436":"agen","4437":"gije","4438":"uja ","4439":"e\u017eni","4440":"ekog","4441":" gar","4442":"opsk","4443":"sopi","4444":"\u017eali","4445":"enuj","4446":"maci","4447":"k\u00e5no","4448":"zdr\u017e","4449":"para","4450":"vani","4451":"poni","4452":"neh ","4453":"nfor","4454":"onud","4455":"meta","4456":"po\u00e5t","4457":"indi","4458":"rtne","4459":"nic ","4460":"damo","4461":"ire ","4462":"isat","4463":"\u010djo ","4464":"\u010dju ","4465":"trpe","4466":"sku\u00e5","4467":"gam ","4468":" uli","4469":"tak\u00e5","4470":"dino","4471":" eva","4472":"izem","4473":"epoz","4474":"mnim","4475":"kons","4476":"iter","4477":"irja","4478":"nano","4479":"geli","4480":"grab","4481":"don ","4482":"rele","4483":"avam","4484":" lin","4485":"dina","4486":"okom","4487":"\u010dja ","4488":"sose","4489":"lomi","4490":"eben","4491":"odij","4492":"dneg","4493":"etop","4494":"kara","4495":" rom","4496":"jono","4497":"ebre","4498":"mbe ","4499":"olne","4500":"lesn","4501":"lina","4502":"o\u0161ko","4503":"idva","4504":"ente","4505":"sr\u010dn","4506":"ulta","4507":" blo","4508":" eks","4509":"sma ","4510":"gini","4511":" eni","4512":"aji ","4513":"alsk","4514":"kakr","4515":"vski","4516":" tv ","4517":"alil","4518":"ogij","4519":"dneh","4520":"e\u0161tv","4521":"klop","4522":" krs","4523":"tolp","4524":"alov","4525":"okon","4526":"shod","4527":"akuj","4528":"nose","4529":"ocoj","4530":"zalo","4531":"lico","4532":"dras","4533":"sple","4534":"dros","4535":" age","4536":" bed","4537":"le\u017en","4538":"tuso","4539":"noco","4540":"ojek","4541":"kore","4542":"amu ","4543":"vizi","4544":"\u017eim ","4545":"lic ","4546":"istn","4547":"r\u017eal","4548":"eves","4549":"pisu","4550":"age ","4551":"\u017eini","4552":"lam ","4553":"zili","4554":"nauk","4555":"u\u0161en","4556":"jica","4557":" pat","4558":"njav","4559":"eku ","4560":"alka","4561":" maz","4562":"zaho","4563":"andr","4564":"ajev","4565":"a\u010dal","4566":"rops","4567":"\u00e5aj ","4568":" of ","4569":"rasl","4570":"le\u010de","4571":"ideo","4572":"nede","4573":"gred","4574":" jul","4575":"omno","4576":" vez","4577":"hodu","4578":"inan","4579":"\u0161ite","4580":"anez","4581":"tre ","4582":"sezn","4583":"ajhn","4584":"okus","4585":" ogn","4586":"o\u017eic","4587":"jiga","4588":"rnit","4589":"obje","4590":"islu","4591":" pak","4592":"rami","4593":"ripa","4594":"bor ","4595":"orok","4596":"verz","4597":"izob","4598":"apit","4599":"nte ","4600":"j\u0161ih","4601":"ospa","4602":"ver ","4603":"\u017eila","4604":"anto","4605":"wind","4606":" meh","4607":" pu\u0161","4608":"elic","4609":" mim","4610":" kru","4611":"san ","4612":"zdal","4613":" div","4614":"pila","4615":"ley ","4616":"inje","4617":"milj","4618":"amp ","4619":"vilk","4620":"mal ","4621":" u ","4622":"ju\u010di","4623":"lavc","4624":"dkup","4625":" log","4626":"tolo","4627":"odbe","4628":"vnim","4629":"ko\u010di","4630":"\u0161im ","4631":"omir","4632":"o\u017ei\u010d","4633":"spa ","4634":"godk","4635":" nab","4636":" uro","4637":"krst","4638":"zgor","4639":"tki ","4640":"ajem","4641":" al ","4642":"kont","4643":"rago","4644":"ralo","4645":"dajt","4646":"dvse","4647":"prel","4648":"n\u010dan","4649":"vzet","4650":"rmac","4651":"apri","4652":"trez","4653":"trup","4654":"vtom","4655":"arec","4656":"tro\u0161","4657":"edim","4658":" her","4659":"\u0161nja","4660":"opre","4661":"azod","4662":"edem","4663":" pi\u00e5","4664":"nans","4665":"coj ","4666":"a\u0161nj","4667":"irus","4668":"jci ","4669":"rasn","4670":"ekip","4671":"tern","4672":"ida ","4673":"amot","4674":" les","4675":"nujn","4676":"jige","4677":" iza","4678":"dows","4679":"prop","4680":"\u010daku","4681":"spus","4682":"zvol","4683":"ndow","4684":"azvi","4685":"me\u00e5 ","4686":"mrtn","4687":"sve\u010d","4688":"zati","4689":"ku\u00e5a","4690":"raha","4691":"oves","4692":" dis","4693":"jemn","4694":" ska","4695":"itaj","4696":"ve\u010da","4697":"\u0161\u010dem","4698":"ham ","4699":"poje","4700":"o\u010din","4701":"krvi","4702":" heb","4703":"\u010dude","4704":"ezo ","4705":"ipa ","4706":"pera","4707":"ank ","4708":"li\u00e5i","4709":"boro","4710":"obot","4711":"ilos","4712":"eji ","4713":"zmen","4714":" teo","4715":" osn","4716":"oma\u010d","4717":" ubo","4718":"vit ","4719":" vzd","4720":"olna","4721":"dars","4722":"vova","4723":"posr","4724":"ubli","4725":"zeli","4726":"temi","4727":"ve\u0161t","4728":" ka ","4729":"du\u0161e","4730":"nete","4731":"a\u0161ih","4732":"stic","4733":"etir","4734":"ezul","4735":"nado","4736":"\u017eins","4737":" oto","4738":"kata","4739":"hebr","4740":"\u0161nih","4741":"najo","4742":"uti ","4743":"naka","4744":"\u017elji","4745":"oku ","4746":"azna","4747":"zarj","4748":"upil","4749":"seku","4750":" yor","4751":"upni","4752":" kle","4753":"ogih","4754":"seti","4755":"atol","4756":"erna","4757":" sar","4758":"takn","4759":"vimi","4760":"okre","4761":"\u010delo","4762":"ofes","4763":"ri\u0161k","4764":" kla","4765":"ltat","4766":"jigi","4767":"erik","4768":"mo\u010dj","4769":"tvom","4770":"ahod","4771":" lu\u010d","4772":"loka","4773":"lad ","4774":"ulic","4775":"eizk","4776":" biv","4777":"entr","4778":"esna","4779":"tisn","4780":"aret","4781":"nez ","4782":"edav","4783":"erac","4784":"ube\u010d","4785":"vce ","4786":"brej","4787":"par ","4788":"bo\u017ei","4789":"anki","4790":"kono","4791":"ovna","4792":"ja\u0161 ","4793":"dek ","4794":"\u017erte","4795":"nive","4796":" \u00e5el","4797":"tomo","4798":"publ","4799":"rjan","4800":"lema","4801":"navi","4802":"zala","4803":"rote","4804":"na\u0161n","4805":"vsa ","4806":"tral","4807":"gaj ","4808":"\u017ejeg","4809":"tra\u0161","4810":"a\u0161em","4811":" odh","4812":"ikaj","4813":"poud","4814":"je\u00e5 ","4815":"ija\u010d","4816":"kato","4817":"anet","4818":"ego ","4819":"k\u00e5ne","4820":"obij","4821":"zult","4822":"arka","4823":" akt","4824":"ouda","4825":"jite","4826":"brod","4827":"saki","4828":"azvo","4829":"ogum","4830":"isk ","4831":"enin","4832":"rsko","4833":"atko","4834":"enot","4835":"isa ","4836":"tiho","4837":"eha ","4838":"juli","4839":"date","4840":"ri\u010dn","4841":"vstr","4842":"lo\u010da","4843":"cih ","4844":"beli","4845":"\u00e5ali","4846":"znak","4847":"ti\u0161 ","4848":"ezal","4849":"vaj ","4850":"salm","4851":" egi","4852":"icha","4853":"dira","4854":"rcu ","4855":"jdem","4856":"rjav","4857":"nutn","4858":"smej","4859":"ejsk","4860":"ivat","4861":"rska","4862":"mode","4863":" zbu","4864":"ilm ","4865":"voda","4866":"oni\u017e","4867":"vela","4868":"a\u0161eg","4869":"ndon","4870":"akr\u0161","4871":"hal ","4872":"go\u010da","4873":"nase","4874":"igni","4875":"avje","4876":"vano","4877":"koni","4878":" od\u0161","4879":"konj","4880":" nac","4881":"enec","4882":"arst","4883":" gib","4884":" sel","4885":"mna ","4886":"mske","4887":"raju","4888":"\u010diln","4889":"izbo","4890":"egip","4891":" bud","4892":" eki","4893":"ows ","4894":"rve ","4895":"podi","4896":"kolo","4897":"vi\u0161j","4898":"\u00e5tev","4899":"edlo","4900":"snet","4901":"veze","4902":"vodn","4903":"ene\u010d","4904":"\u010detr","4905":"zrak","4906":"mo\u017ee","4907":"sati","4908":"pion","4909":"azkr","4910":"so\u010d ","4911":"nut ","4912":"obal","4913":"veh ","4914":"topl","4915":" \u0161ir","4916":"jard","4917":"kapi","4918":"apa\u010d","4919":"eljn","4920":"olan","4921":"brni","4922":"najl","4923":"etrt","4924":"lke ","4925":"segl","4926":"mija","4927":"zano","4928":"tski","4929":"zjem","4930":"ncem","4931":" vi\u0161","4932":"povr","4933":"i\u010dar","4934":"hai ","4935":"york","4936":"vklj","4937":"na\u00e5a","4938":"enia","4939":" bru","4940":"ncij","4941":"adom","4942":"seba","4943":"reml","4944":"vi\u010de","4945":"punc","4946":"dvoj","4947":"jo\u010di","4948":"kari","4949":"vseb","4950":"rjat","4951":"mala","4952":"o\u010dal","4953":"rokb","4954":"slad","4955":"pili","4956":"alca","4957":" \u010dar","4958":" lok","4959":" vab","4960":"loti","4961":"gran","4962":"romn","4963":"odpe","4964":" leg","4965":"azpr","4966":"\u017enje","4967":" izz","4968":"over","4969":"odvr","4970":"alit","4971":"znej","4972":"dmi ","4973":"otko","4974":"i\u0161li","4975":"risa","4976":"rte ","4977":"nudi","4978":"u\u0161aj","4979":"jami","4980":"ikac","4981":"mrte","4982":"movi","4983":"a\u0161el","4984":"evod","4985":"isku","4986":"dveh","4987":"ekeg","4988":" ins","4989":"ugem","4990":"slen","4991":" mel","4992":"najm","4993":"kat ","4994":"ezno","4995":" sab","4996":"vra\u010d","4997":"nutk","4998":"zvaj","4999":"utro"}}