{"spa":{"0":"de","1":"que","2":"la","3":"el","4":"en","5":"no","6":"los","7":"es","8":"un","9":"se","10":"por","11":"una","12":"lo","13":"las","14":"para","15":"con","16":"del","17":"su","18":"me","19":"al","20":"como","21":"m\u00e1s","22":"qu\u00e9","23":"pero","24":"si","25":"mi","26":"te","27":"est\u00e1","28":"le","29":"este","30":"sus","31":"esta","32":"yo","33":"cuando","34":"ha","35":"eso","36":"bien","37":"todo","38":"esto","39":"as\u00ed","40":"ser","41":"hay","42":"son","43":"tu","44":"nos","45":"muy","46":"ya","47":"\u00e9l","48":"puede","49":"fue","50":"sobre","51":"dios","52":"ahora","53":"aqu\u00ed","54":"todos","55":"porque","56":"c\u00f3mo","57":"hacer","58":"tiene","59":"sin","60":"tambi\u00e9n","61":"algo","62":"vez","63":"era","64":"a\u00f1os","65":"s\u00ed","66":"han","67":"estoy","68":"dos","69":"vida","70":"hasta","71":"tiempo","72":"ella","73":"est\u00e1n","74":"tengo","75":"gente","76":"solo","77":"hace","78":"entonces","79":"personas","80":"d\u00eda","81":"nada","82":"uno","83":"jehov\u00e1","84":"mundo","85":"cosas","86":"ese","87":"vamos","88":"tan","89":"les","90":"desde","91":"ni","92":"quiero","93":"mucho","94":"ver","95":"s\u00f3lo","96":"usted","97":"casa","98":"entre","99":"estaba","100":"hab\u00eda","101":"he","102":"bueno","103":"despu\u00e9s","104":"mejor","105":"ellos","106":"hecho","107":"va","108":"esa","109":"cada","110":"t\u00fa","111":"decir","112":"donde","113":"puedo","114":"voy","115":"parte","116":"siempre","117":"hoy","118":"nunca","119":"dijo","120":"otra","121":"tenemos","122":"creo","123":"antes","124":"tanto","125":"mismo","126":"poco","127":"soy","128":"gracias","129":"verdad","130":"estos","131":"menos","132":"estas","133":"dice","134":"nosotros","135":"gran","136":"otros","137":"hombre","138":"est\u00e1s","139":"s\u00e9","140":"tienes","141":"a\u00f1o","142":"otro","143":"tienen","144":"estar","145":"nuestro","146":"tener","147":"mis","148":"sea","149":"sido","150":"lugar","151":"todas","152":"trabajo","153":"tom","154":"estado","155":"qui\u00e9n","156":"estamos","157":"luego","158":"veces","159":"contra","160":"ir","161":"muchos","162":"nuestra","163":"pa\u00eds","164":"pueden","165":"favor","166":"durante","167":"eres","168":"algunos","169":"nuevo","170":"manera","171":"toda","172":"mientras","173":"d\u00edas","174":"alguien","175":"podemos","176":"parece","177":"tal","178":"m\u00ed","179":"gobierno","180":"dinero","181":"tres","182":"momento","183":"tierra","184":"se\u00f1or","185":"hijo","186":"nadie","187":"puedes","188":"pues","189":"sabes","190":"quien","191":"aunque","192":"forma","193":"realmente","194":"ten\u00eda","195":"fuera","196":"debe","197":"ah\u00ed","198":"padre","199":"muchas","200":"nombre","201":"jes\u00fas","202":"ti","203":"caso","204":"persona","205":"ser\u00e1","206":"cuenta","207":"noche","208":"hablar","209":"tipo","210":"mayor","211":"hizo","212":"hijos","213":"d\u00f3nde","214":"quieres","215":"podr\u00eda","216":"unos","217":"medio","218":"familia","219":"has","220":"cosa","221":"quiere","222":"hacia","223":"poder","224":"acerca","225":"problema","226":"haber","227":"ejemplo","228":"hombres","229":"mujeres","230":"amor","231":"biblia","232":"otras","233":"historia","234":"buena","235":"hemos","236":"ciudad","237":"haciendo","238":"ustedes","239":"tus","240":"ma\u00f1ana","241":"importante","242":"siento","243":"mal","244":"sabe","245":"mujer","246":"nueva","247":"cualquier","248":"primera","249":"todav\u00eda","250":"oh","251":"casi","252":"madre","253":"nuestros","254":"hola","255":"ni\u00f1os","256":"sistema","257":"alguna","258":"igual","259":"da","260":"embargo","261":"pueblo","262":"sino","263":"acuerdo","264":"fueron","265":"informaci\u00f3n","266":"cierto","267":"pasado","268":"cual","269":"idea","270":"palabras","271":"seg\u00fan","272":"ser\u00eda","273":"esos","274":"agua","275":"lado","276":"mas","277":"all\u00ed","278":"algunas","279":"buen","280":"bajo","281":"muerte","282":"fin","283":"a\u00fan","284":"van","285":"n\u00famero","286":"visto","287":"pasa","288":"p\u00e1gina","289":"problemas","290":"hora","291":"ley","292":"presidente","293":"seguro","294":"punto","295":"guerra","296":"saber","297":"adem\u00e1s","298":"esas","299":"amigos","300":"misma","301":"gusta","302":"padres","303":"raz\u00f3n","304":"palabra","305":"grupo","306":"ayuda","307":"alg\u00fan","308":"dentro","309":"testigos","310":"incluso","311":"primero","312":"polic\u00eda","313":"primer","314":"dar","315":"amigo","316":"claro","317":"mira","318":"millones","319":"dicho","320":"medios","321":"coraz\u00f3n","322":"pregunta","323":"vas","324":"the","325":"tarde","326":"camino","327":"ve","328":"realidad","329":"cerca","330":"grande","331":"buenas","332":"semana","333":"pensar","334":"significa","335":"modo","336":"demasiado","337":"derechos","338":"cuatro","339":"sr","340":"dio","341":"seguridad","342":"reino","343":"horas","344":"libro","345":"humanos","346":"dije","347":"mayor\u00eda","348":"feliz","349":"estados","350":"ven","351":"rey","352":"trav\u00e9s","353":"ning\u00fan","354":"situaci\u00f3n","355":"mary","356":"eran","357":"somos","358":"haya","359":"internet","360":"mano","361":"hacen","362":"clase","363":"salir","364":"llegar","365":"hacerlo","366":"estaban","367":"unidos","368":"cabeza","369":"pa\u00edses","370":"luz","371":"quer\u00eda","372":"cu\u00e1l","373":"falta","374":"pol\u00edtica","375":"partido","376":"final","377":"hermano","378":"tomar","379":"posible","380":"general","381":"quiz\u00e1s","382":"paz","383":"l\u00ednea","384":"foto","385":"pronto","386":"ninguna","387":"j\u00f3venes","388":"cuerpo","389":"necesito","390":"mierda","391":"escuela","392":"proyecto","393":"meses","394":"nuestras","395":"sociedad","396":"pap\u00e1","397":"edad","398":"pasar","399":"grandes","400":"derecho","401":"debido","402":"deber\u00eda","403":"cuanto","404":"dicen","405":"vivir","406":"joven","407":"trata","408":"tras","409":"siendo","410":"mam\u00e1","411":"debemos","412":"servicio","413":"unas","414":"pod\u00eda","415":"sigue","416":"\u00fanico","417":"cambio","418":"dif\u00edcil","419":"ni\u00f1o","420":"mucha","421":"espera","422":"quieren","423":"quienes","424":"nacional","425":"mil","426":"atenci\u00f3n","427":"cristianos","428":"fe","429":"all\u00e1","430":"ellas","431":"encontrar","432":"simplemente","433":"sentido","434":"puesto","435":"ojos","436":"digo","437":"facebook","438":"importa","439":"siguiente","440":"bastante","441":"conmigo","442":"f\u00e1cil","443":"imagen","444":"programa","445":"trabajar","446":"iba","447":"volver","448":"ante","449":"deben","450":"equipo","451":"os","452":"paso","453":"web","454":"p\u00fablico","455":"mundial","456":"futuro","457":"israel","458":"tema","459":"contigo","460":"libertad","461":"llamado","462":"deja","463":"diferentes","464":"dejar","465":"hab\u00edan","466":"datos","467":"hablando","468":"valor","469":"noticias","470":"habla","471":"china","472":"cinco","473":"justo","474":"sitio","475":"alrededor","476":"frente","477":"ayudar","478":"juego","479":"supuesto","480":"twitter","481":"r\u00e1pido","482":"seguir","483":"manos","484":"respuesta","485":"cantidad","486":"causa","487":"blog","488":"sangre","489":"uso","490":"saben","491":"dem\u00e1s","492":"centro","493":"preguntas","494":"m\u00edo","495":"cu\u00e1nto","496":"pas\u00f3","497":"hermanos","498":"vi","499":"\u00faltimo","500":"salud","501":"largo","502":"llama","503":"miedo","504":"respecto","505":"experiencia","506":"libre","507":"aun","508":"hicieron","509":"comida","510":"sab\u00eda","511":"juntos","512":"viene","513":"segundo","514":"espero","515":"peque\u00f1o","516":"comer","517":"decisi\u00f3n","518":"sociales","519":"veo","520":"buenos","521":"seis","522":"puerta","523":"diciendo","524":"minutos","525":"ayer","526":"ello","527":"necesitamos","528":"oportunidad","529":"estudiantes","530":"campo","531":"usar","532":"art\u00edculo","533":"diez","534":"siquiera","535":"leer","536":"mensaje","537":"ac\u00e1","538":"nuevas","539":"sean","540":"junto","541":"diferente","542":"pueda","543":"vista","544":"serio","545":"mes","546":"ciudadanos","547":"real","548":"tuvo","549":"\u00faltima","550":"sabemos","551":"muestra","552":"poner","553":"tenga","554":"energ\u00eda","555":"navidad","556":"hubiera","557":"propia","558":"gustar\u00eda","559":"pablo","560":"escribi\u00f3","561":"cree","562":"jehovah","563":"muerto","564":"relaci\u00f3n","565":"alto","566":"cara","567":"resultado","568":"ud","569":"fuerte","570":"suerte","571":"varios","572":"crees","573":"cuidado","574":"video","575":"lista","576":"tenido","577":"coche","578":"esp\u00edritu","579":"aprender","580":"abajo","581":"vino","582":"comunidad","583":"obra","584":"dan","585":"necesita","586":"direcci\u00f3n","587":"justicia","588":"cu\u00e1ndo","589":"precio","590":"queda","591":"duda","592":"jefe","593":"aquel","594":"aquellos","595":"vale","596":"di","597":"voz","598":"chico","599":"quiz\u00e1","600":"proceso","601":"social","602":"llevar","603":"dado","604":"mente","605":"queremos","606":"suficiente","607":"universidad","608":"entrar","609":"mar","610":"chica","611":"entender","612":"m\u00fasica","613":"especial","614":"naciones","615":"esposa","616":"fuerza","617":"principio","618":"siete","619":"atr\u00e1s","620":"cambiar","621":"ten\u00edan","622":"calle","623":"lejos","624":"violencia","625":"escribir","626":"miembros","627":"peque\u00f1a","628":"arriba","629":"sola","630":"iglesia","631":"interesante","632":"global","633":"crear","634":"propio","635":"amo","636":"est\u00e9","637":"fui","638":"personal","639":"consejo","640":"finalmente","641":"fuego","642":"\u00fanica","643":"pesar","644":"orden","645":"ambos","646":"esperar","647":"investigaci\u00f3n","648":"inter\u00e9s","649":"mejores","650":"d\u00f3lares","651":"existe","652":"zona","653":"sur","654":"carta","655":"esperanza","656":"espacio","657":"cielo","658":"par","659":"pensando","660":"miles","661":"vaya","662":"odio","663":"menudo","664":"haces","665":"segunda","666":"probablemente","667":"lleva","668":"jap\u00f3n","669":"ingl\u00e9s","670":"apoyo","671":"red","672":"acci\u00f3n","673":"\u00e9ste","674":"armas","675":"\u00faltimos","676":"prueba","677":"opini\u00f3n","678":"movimiento","679":"com\u00fan","680":"elecciones","681":"mediante","682":"buscar","683":"deseo","684":"lleg\u00f3","685":"congregaci\u00f3n","686":"malo","687":"dormir","688":"pol\u00edticos","689":"debo","690":"norte","691":"base","692":"principal","693":"ves","694":"hija","695":"hago","696":"haga","697":"pens\u00e9","698":"viejo","699":"conocimiento","700":"hice","701":"conseguir","702":"tampoco","703":"risas","704":"dolor","705":"comunicaci\u00f3n","706":"llegado","707":"pel\u00edcula","708":"sol","709":"casos","710":"hubo","711":"blanco","712":"papel","713":"dijeron","714":"nivel","715":"redes","716":"fotos","717":"venir","718":"fiesta","719":"educaci\u00f3n","720":"tuve","721":"asunto","722":"varias","723":"cualquiera","724":"empezar","725":"estudio","726":"hogar","727":"oficina","728":"libros","729":"resto","730":"pienso","731":"comprar","732":"san","733":"derecha","734":"juan","735":"grupos","736":"jesucristo","737":"creer","738":"ropa","739":"vemos","740":"diciembre","741":"vivo","742":"media","743":"conocer","744":"adelante","745":"sue\u00f1o","746":"autoridades","747":"profesor","748":"\u00e1frica","749":"control","750":"exactamente","751":"siglo","752":"usuarios","753":"muertos","754":"ah","755":"cuales","756":"ministro","757":"tel\u00e9fono","758":"p\u00fablica","759":"desarrollo","760":"pol\u00edtico","761":"cabo","762":"ganas","763":"aire","764":"peor","765":"dej\u00f3","766":"reuni\u00f3n","767":"toma","768":"chicos","769":"pie","770":"ministerio","771":"objetivo","772":"campa\u00f1a","773":"ser\u00e1n","774":"oye","775":"habr\u00e1","776":"nuevos","777":"auto","778":"jam\u00e1s","779":"organizaci\u00f3n","780":"diferencia","781":"mala","782":"empresa","783":"hermana","784":"podr\u00edan","785":"religi\u00f3n","786":"mismos","787":"plan","788":"internacional","789":"vuelta","790":"creen","791":"cristo","792":"compa\u00f1\u00eda","793":"vosotros","794":"cuarto","795":"humano","796":"piensa","797":"leyes","798":"encima","799":"radio","800":"entiendo","801":"partes","802":"york","803":"crisis","804":"viaje","805":"expresi\u00f3n","806":"serie","807":"clases","808":"condiciones","809":"santo","810":"habitaci\u00f3n","811":"perder","812":"pudo","813":"medida","814":"confianza","815":"funciona","816":"solamente","817":"of","818":"lugares","819":"historias","820":"obtener","821":"posici\u00f3n","822":"oficial","823":"completo","824":"recuerda","825":"muri\u00f3","826":"pena","827":"boca","828":"culpa","829":"obstante","830":"esposo","831":"estuvo","832":"completamente","833":"correcto","834":"noches","835":"har\u00e1","836":"har\u00e9","837":"alma","838":"india","839":"nota","840":"cama","841":"acciones","842":"prop\u00f3sito","843":"empez\u00f3","844":"cultura","845":"conozco","846":"david","847":"verdadero","848":"mantener","849":"genial","850":"conoce","851":"animales","852":"humanidad","853":"m\u00e9dico","854":"ciento","855":"necesario","856":"hechos","857":"pudiera","858":"tendr\u00e1","859":"vio","860":"\u00e9xito","861":"quiera","862":"negro","863":"pasando","864":"permite","865":"televisi\u00f3n","866":"simple","867":"fuerzas","868":"escribe","869":"beb\u00e9","870":"aqui","871":"especialmente","872":"semanas","873":"vive","874":"encuentra","875":"hambre","876":"post","877":"amiga","878":"actual","879":"jugar","880":"ok","881":"hospital","882":"esfuerzo","883":"chicas","884":"fuente","885":"esperando","886":"mitad","887":"morir","888":"izquierda","889":"delante","890":"deber\u00edamos","891":"listo","892":"afuera","893":"\u00e9sta","894":"puta","895":"seres","896":"ciertamente","897":"darle","898":"dr","899":"escuchar","900":"aquella","901":"llamar","902":"buscando","903":"perro","904":"loco","905":"resultados","906":"poblaci\u00f3n","907":"ganar","908":"unidad","909":"calles","910":"recibir","911":"marzo","912":"total","913":"principios","914":"recuerdo","915":"hagan","916":"tecnolog\u00eda","917":"pagar","918":"tratar","919":"doctor","920":"tiempos","921":"normal","922":"llamada","923":"ni\u00f1a","924":"vidas","925":"usa","926":"felicidad","927":"habr\u00eda","928":"pruebas","929":"juicio","930":"pr\u00f3xima","931":"puntos","932":"hiciste","933":"rusia","934":"da\u00f1o","935":"ej\u00e9rcito","936":"humana","937":"informe","938":"sentir","939":"acaba","940":"dec\u00eda","941":"formas","942":"regi\u00f3n","943":"mayo","944":"incre\u00edble","945":"deber\u00edan","946":"efecto","947":"medidas","948":"espiritual","949":"capital","950":"verdadera","951":"actitud","952":"conocido","953":"mercado","954":"escucha","955":"ciudades","956":"tom\u00f3","957":"r\u00edo","958":"central","959":"matar","960":"cari\u00f1o","961":"cristiano","962":"vos","963":"error","964":"servicios","965":"asi","966":"cambios","967":"color","968":"extra\u00f1o","969":"canci\u00f3n","970":"riesgo","971":"se\u00f1ora","972":"mar\u00eda","973":"carrera","974":"aumento","975":"carne","976":"noticia","977":"planeta","978":"menor","979":"acceso","980":"presente","981":"escrito","982":"minuto","983":"ideas","984":"pude","985":"egipto","986":"usuario","987":"venga","988":"periodistas","989":"importancia","990":"sale","991":"familias","992":"primeros","993":"obras","994":"debes","995":"domingo","996":"funci\u00f3n","997":"velocidad","998":"evitar","999":"comenz\u00f3","1000":"texto","1001":"deber\u00edas","1002":"protesta","1003":"oro","1004":"cerebro","1005":"al\u00e1","1006":"relaciones","1007":"empresas","1008":"quisiera","1009":"asamblea","1010":"hacemos","1011":"distancia","1012":"respeto","1013":"noviembre","1014":"m\u00e9xico","1015":"pone","1016":"alta","1017":"interior","1018":"popular","1019":"estar\u00e1","1020":"locales","1021":"enfermedad","1022":"hac\u00eda","1023":"secreto","1024":"busca","1025":"ido","1026":"entrada","1027":"ilustraci\u00f3n","1028":"prensa","1029":"cuesti\u00f3n","1030":"contrario","1031":"revista","1032":"v\u00eda","1033":"temas","1034":"franc\u00e9s","1035":"mont\u00f3n","1036":"capit\u00e1n","1037":"arte","1038":"eh","1039":"enero","1040":"viendo","1041":"vienen","1042":"negocio","1043":"im\u00e1genes","1044":"llev\u00f3","1045":"casas","1046":"responsabilidad","1047":"detr\u00e1s","1048":"cristiana","1049":"cu\u00e1ntos","1050":"dando","1051":"matrimonio","1052":"trabajando","1053":"necesitan","1054":"jajaja","1055":"dices","1056":"valores","1057":"particular","1058":"especie","1059":"recordar","1060":"accidente","1061":"necesitas","1062":"peligro","1063":"espa\u00f1a","1064":"to","1065":"debajo","1066":"ancianos","1067":"siente","1068":"rico","1069":"you","1070":"jerusal\u00e9n","1071":"asuntos","1072":"pobre","1073":"siguen","1074":"sucede","1075":"voices","1076":"mayores","1077":"diga","1078":"jud\u00edos","1079":"trabajadores","1080":"utilizar","1081":"sentimientos","1082":"novia","1083":"drogas","1084":"hagas","1085":"fondo","1086":"arma","1087":"silencio","1088":"intento","1089":"pobres","1090":"resulta","1091":"explica","1092":"importantes","1093":"puso","1094":"public\u00f3","1095":"llega","1096":"totalmente","1097":"testigo","1098":"adi\u00f3s","1099":"revoluci\u00f3n","1100":"modelo","1101":"ex","1102":"disc\u00edpulos","1103":"siervos","1104":"octubre","1105":"local","1106":"l\u00edder","1107":"pedro","1108":"larga","1109":"compartir","1110":"edificio","1111":"oposici\u00f3n","1112":"t\u00e9rminos","1113":"cargo","1114":"creaci\u00f3n","1115":"felices","1116":"perd\u00f3n","1117":"uds","1118":"ap\u00f3stol","1119":"o\u00eddo","1120":"templo","1121":"ataque","1122":"fotograf\u00eda","1123":"rato","1124":"habl\u00f3","1125":"resolver","1126":"apenas","1127":"civil","1128":"eeuu","1129":"d\u00e9jame","1130":"ocho","1131":"aplausos","1132":"triste","1133":"hablado","1134":"productos","1135":"capacidad","1136":"terminar","1137":"corte","1138":"llam\u00f3","1139":"capaz","1140":"naci\u00f3n","1141":"digital","1142":"b\u00edblico","1143":"democracia","1144":"parec\u00eda","1145":"pensaba","1146":"producto","1147":"pan","1148":"v\u00edctimas","1149":"gusto","1150":"peque\u00f1os","1151":"directamente","1152":"duro","1153":"lados","1154":"s\u00e1bado","1155":"anoche","1156":"comentarios","1157":"and","1158":"encanta","1159":"europa","1160":"presencia","1161":"periodista","1162":"naturaleza","1163":"calidad","1164":"dieron","1165":"sra","1166":"enorme","1167":"hablan","1168":"usando","1169":"recursos","1170":"demonios","1171":"dijiste","1172":"tomado","1173":"estabas","1174":"estilo","1175":"mirar","1176":"peri\u00f3dico","1177":"tienda","1178":"posibilidad","1179":"diario","1180":"puedan","1181":"c\u00e1mara","1182":"ciencia","1183":"llevo","1184":"director","1185":"ir\u00e1n","1186":"soluci\u00f3n","1187":"recientemente","1188":"contenido","1189":"principales","1190":"estuve","1191":"ojal\u00e1","1192":"actividades","1193":"banco","1194":"digamos","1195":"alimento","1196":"tipos","1197":"maneras","1198":"vuelve","1199":"costa","1200":"propios","1201":"representa","1202":"piensas","1203":"enemigos","1204":"supongo","1205":"verano","1206":"conciencia","1207":"john","1208":"natural","1209":"memoria","1210":"satan\u00e1s","1211":"t\u00edo","1212":"tercer","1213":"dise\u00f1o","1214":"asesinato","1215":"idioma","1216":"idiomas","1217":"encontramos","1218":"maestro","1219":"servir","1220":"luna","1221":"disfrutar","1222":"existen","1223":"actualmente","1224":"premio","1225":"econom\u00eda","1226":"sitios","1227":"divertido","1228":"reuniones","1229":"protestas","1230":"art\u00edculos","1231":"tuvieron","1232":"pocas","1233":"rep\u00fablica","1234":"jurado","1235":"detalles","1236":"baja","1237":"perdido","1238":"imposible","1239":"tratando","1240":"azul","1241":"gustan","1242":"estan","1243":"aspecto","1244":"cu\u00e1les","1245":"junio","1246":"dame","1247":"seguidores","1248":"encuentro","1249":"lenguaje","1250":"acabo","1251":"n\u00fameros","1252":"vete","1253":"cuentas","1254":"podr\u00edamos","1255":"conversaci\u00f3n","1256":"demanda","1257":"mensajes","1258":"lucha","1259":"ocurri\u00f3","1260":"qued\u00f3","1261":"habitantes","1262":"trato","1263":"mois\u00e9s","1264":"trabaja","1265":"salida","1266":"lengua","1267":"razones","1268":"ambiente","1269":"cine","1270":"in","1271":"estar\u00eda","1272":"r\u00e1pidamente","1273":"curso","1274":"\u00e9poca","1275":"publicaci\u00f3n","1276":"contar","1277":"chinos","1278":"puerto","1279":"doble","1280":"manifestantes","1281":"basura","1282":"nemo","1283":"crimen","1284":"pedir","1285":"errores","1286":"miembro","1287":"llegue","1288":"negocios","1289":"esfuerzos","1290":"discurso","1291":"encontrado","1292":"c\u00e1ncer","1293":"pidi\u00f3","1294":"vuelto","1295":"necesidad","1296":"escrituras","1297":"o\u00edr","1298":"veamos","1299":"tales","1300":"cuba","1301":"estudiar","1302":"claramente","1303":"elecci\u00f3n","1304":"estudios","1305":"intereses","1306":"haz","1307":"internacionales","1308":"conferencia","1309":"activistas","1310":"hermoso","1311":"podido","1312":"ocurre","1313":"sexual","1314":"departamento","1315":"caja","1316":"\u00e1rea","1317":"similar","1318":"b\u00fasqueda","1319":"continuaci\u00f3n","1320":"mostrar","1321":"contacto","1322":"cena","1323":"querido","1324":"dejado","1325":"tantas","1326":"material","1327":"intentar","1328":"planes","1329":"permiso","1330":"lleno","1331":"lindo","1332":"julio","1333":"sabidur\u00eda","1334":"suena","1335":"venezuela","1336":"est\u00e9n","1337":"actividad","1338":"viviendo","1339":"prisi\u00f3n","1340":"cielos","1341":"tengan","1342":"desea","1343":"ciertas","1344":"sali\u00f3","1345":"muchachos","1346":"proteger","1347":"frecuencia","1348":"ofrece","1349":"militar","1350":"cumplea\u00f1os","1351":"destrucci\u00f3n","1352":"diablo","1353":"\u00e1ngeles","1354":"usan","1355":"organizaciones","1356":"comunidades","1357":"ira","1358":"metros","1359":"quedar","1360":"p\u00e1ginas","1361":"p\u00e9rdida","1362":"fecha","1363":"continuar","1364":"licencia","1365":"terminado","1366":"sacar","1367":"beber","1368":"supone","1369":"programas","1370":"participar","1371":"chino","1372":"enemigo","1373":"plaza","1374":"cambiado","1375":"gato","1376":"original","1377":"pa","1378":"zonas","1379":"pase","1380":"protecci\u00f3n","1381":"f\u00fatbol","1382":"comenzar","1383":"uni\u00f3n","1384":"reciente","1385":"pregunto","1386":"viven","1387":"tanta","1388":"jos\u00e9","1389":"superior","1390":"santa","1391":"viernes","1392":"pobreza","1393":"poca","1394":"blogs","1395":"constante","1396":"ataques","1397":"tuyo","1398":"tercera","1399":"siria","1400":"anterior","1401":"viva","1402":"voluntad","1403":"reyes","1404":"vecinos","1405":"hey","1406":"v\u00eddeo","1407":"suelo","1408":"verlo","1409":"comentario","1410":"brasil","1411":"vacaciones","1412":"doy","1413":"reci\u00e9n","1414":"raro","1415":"conflicto","1416":"piel","1417":"plataforma","1418":"construcci\u00f3n","1419":"declaraci\u00f3n","1420":"clientes","1421":"dir\u00eda","1422":"cierta","1423":"am\u00e9rica","1424":"sigo","1425":"etc","1426":"momentos","1427":"antiguo","1428":"llena","1429":"sonido","1430":"lluvia","1431":"rojo","1432":"dime","1433":"peque\u00f1as","1434":"maldita","1435":"juez","1436":"reglas","1437":"decisiones","1438":"pr\u00f3ximo","1439":"excelente","1440":"mismas","1441":"p\u00fablicas","1442":"verte","1443":"encontr\u00f3","1444":"piedra","1445":"digas","1446":"autor","1447":"fiestas","1448":"new","1449":"universo","1450":"placer","1451":"perdi\u00f3","1452":"objeto","1453":"construir","1454":"febrero","1455":"jack","1456":"avi\u00f3n","1457":"convertido","1458":"preocupes","1459":"r\u00e9gimen","1460":"club","1461":"produce","1462":"tren","1463":"escena","1464":"lograr","1465":"maldito","1466":"podr\u00edas","1467":"das","1468":"marcha","1469":"banda","1470":"estaci\u00f3n","1471":"termina","1472":"exterior","1473":"ejemplos","1474":"terrible","1475":"qui\u00e9nes","1476":"mejorar","1477":"carga","1478":"caf\u00e9","1479":"mesa","1480":"culo","1481":"partir","1482":"alegr\u00eda","1483":"mirando","1484":"negativo","1485":"necesidades","1486":"compa\u00f1eros","1487":"parecen","1488":"niveles","1489":"per\u00edodo","1490":"pies","1491":"tuvimos","1492":"parecer","1493":"clave","1494":"opci\u00f3n","1495":"pr\u00e1ctica","1496":"sal\u00f3n","1497":"aceptar","1498":"isla","1499":"impacto","1500":"regalo","1501":"pol\u00edticas","1502":"fr\u00edo","1503":"visita","1504":"an\u00e1lisis","1505":"malos","1506":"anda","1507":"espa\u00f1ol","1508":"generaci\u00f3n","1509":"lee","1510":"gana","1511":"fines","1512":"londres","1513":"pregunt\u00f3","1514":"segura","1515":"llevaron","1516":"ay","1517":"acaso","1518":"victoria","1519":"extranjero","1520":"familiar","1521":"responder","1522":"versi\u00f3n","1523":"publicado","1524":"\u00fatil","1525":"pel\u00edculas","1526":"parque","1527":"parlamento","1528":"probable","1529":"teor\u00eda","1530":"ba\u00f1o","1531":"desarrollar","1532":"creado","1533":"vea","1534":"comisi\u00f3n","1535":"pecado","1536":"ninguno","1537":"religiosos","1538":"peso","1539":"novio","1540":"sector","1541":"hacerse","1542":"soldados","1543":"discusi\u00f3n","1544":"adentro","1545":"plata","1546":"est\u00e1bamos","1547":"proyectos","1548":"propuesta","1549":"\u00e9stos","1550":"reacci\u00f3n","1551":"duele","1552":"inform\u00f3","1553":"viste","1554":"modos","1555":"tama\u00f1o","1556":"tratamiento","1557":"estudiante","1558":"sydney","1559":"tomando","1560":"bonito","1561":"encontr\u00e9","1562":"cita","1563":"har\u00eda","1564":"calor","1565":"ruso","1566":"corrupci\u00f3n","1567":"altura","1568":"tuviera","1569":"m\u00e1quina","1570":"videos","1571":"repente","1572":"crecimiento","1573":"costo","1574":"viento","1575":"profeta","1576":"regreso","1577":"distrito","1578":"don","1579":"campos","1580":"cocina","1581":"reconocimiento","1582":"diablos","1583":"mike","1584":"piso","1585":"habido","1586":"castigo","1587":"estrellas","1588":"grado","1589":"agente","1590":"secci\u00f3n","1591":"asociaci\u00f3n","1592":"contin\u00faa","1593":"l\u00edderes","1594":"nuevamente","1595":"fuertes","1596":"convierte","1597":"sexo","1598":"dar\u00e1","1599":"piensan","1600":"se\u00f1al","1601":"sala","1602":"windows","1603":"presi\u00f3n","1604":"llave","1605":"g\u00e9nero","1606":"decirle","1607":"evidencia","1608":"ojo","1609":"materiales","1610":"pocos","1611":"alimentos","1612":"llevan","1613":"aproximadamente","1614":"visi\u00f3n","1615":"explicar","1616":"abierto","1617":"abrir","1618":"condici\u00f3n","1619":"jimmy","1620":"intenta","1621":"estar\u00e9","1622":"\u00e9se","1623":"sucedi\u00f3","1624":"obviamente","1625":"bosque","1626":"oraci\u00f3n","1627":"consecuencias","1628":"confiar","1629":"amenaza","1630":"nueve","1631":"cobertura","1632":"comercial","1633":"ense\u00f1ar","1634":"traducci\u00f3n","1635":"pr\u00e1cticas","1636":"comienzo","1637":"barco","1638":"hermosa","1639":"vuestro","1640":"barrio","1641":"voto","1642":"apoyar","1643":"respondi\u00f3","1644":"tribunal","1645":"beneficios","1646":"google","1647":"aprendido","1648":"gobiernos","1649":"autoridad","1650":"seas","1651":"blogger","1652":"pelo","1653":"gloria","1654":"escapar","1655":"t\u00e9rmino","1656":"pantalla","1657":"muchacho","1658":"nombres","1659":"comienza","1660":"pedido","1661":"carajo","1662":"marido","1663":"debate","1664":"animal","1665":"defensa","1666":"agosto","1667":"mental","1668":"kil\u00f3metros","1669":"destino","1670":"cumplir","1671":"cap\u00edtulo","1672":"llegan","1673":"podr\u00e1","1674":"deuda","1675":"playa","1676":"adoraci\u00f3n","1677":"propiedad","1678":"propias","1679":"chile","1680":"desastre","1681":"obvio","1682":"encuentran","1683":"francia","1684":"irme","1685":"malas","1686":"perfecto","1687":"doce","1688":"espada","1689":"colegio","1690":"seria","1691":"participaci\u00f3n","1692":"blanca","1693":"\u00e1ngel","1694":"c\u00f3digo","1695":"empieza","1696":"andar","1697":"acto","1698":"enseguida","1699":"meta","1700":"individuos","1701":"leche","1702":"testimonio","1703":"econ\u00f3mico","1704":"realizar","1705":"sentado","1706":"gt","1707":"trabajos","1708":"hotel","1709":"responsable","1710":"deje","1711":"conoces","1712":"alcanzar","1713":"asia","1714":"administraci\u00f3n","1715":"listos","1716":"examen","1717":"producci\u00f3n","1718":"rica","1719":"respuestas","1720":"evoluci\u00f3n","1721":"predicar","1722":"refugiados","1723":"hablas","1724":"hablo","1725":"compa\u00f1ero","1726":"informes","1727":"abogado","1728":"territorio","1729":"tr\u00e1fico","1730":"pasan","1731":"toca","1732":"charlie","1733":"pensamientos","1734":"normalmente","1735":"pensamiento","1736":"transporte","1737":"tendremos","1738":"indica","1739":"misi\u00f3n","1740":"entero","1741":"econ\u00f3mica","1742":"presenta","1743":"ayud\u00f3","1744":"legal","1745":"apareci\u00f3","1746":"seguramente","1747":"batalla","1748":"abuela","1749":"maravilloso","1750":"identidad","1751":"c\u00e1rcel","1752":"frase","1753":"idiota","1754":"cambi\u00f3","1755":"cero","1756":"quieras","1757":"hicimos","1758":"canal","1759":"nariz","1760":"entiendes","1761":"abril","1762":"depende","1763":"belleza","1764":"elegir","1765":"correo","1766":"haremos","1767":"asesino","1768":"concepto","1769":"majestad","1770":"escuelas","1771":"sistemas","1772":"conjunto","1773":"enfermo","1774":"termin\u00f3","1775":"entiende","1776":"empleo","1777":"llorar","1778":"pasada","1779":"basta","1780":"emergencia","1781":"enfermedades","1782":"par\u00eds","1783":"v\u00edctima","1784":"peligroso","1785":"beso","1786":"blogueros","1787":"bloggers","1788":"comercio","1789":"hayan","1790":"miren","1791":"hablamos","1792":"usada","1793":"actualidad","1794":"pueblos","1795":"inglaterra","1796":"sepa","1797":"puedas","1798":"verg\u00fcenza","1799":"constituci\u00f3n","1800":"completa","1801":"ambas","1802":"traje","1803":"esperaba","1804":"oscuridad","1805":"esperamos","1806":"ver\u00e1s","1807":"dave","1808":"fiel","1809":"eterna","1810":"estar\u00e1n","1811":"podamos","1812":"\u00e1rbol","1813":"ir\u00e9","1814":"dir\u00e9","1815":"intenci\u00f3n","1816":"vayan","1817":"vieja","1818":"exacto","1819":"much\u00edsimo","1820":"amistad","1821":"operaci\u00f3n","1822":"acab\u00f3","1823":"bomba","1824":"dificultades","1825":"argentina","1826":"tocar","1827":"decidi\u00f3","1828":"verdaderamente","1829":"conclusi\u00f3n","1830":"salvo","1831":"envi\u00f3","1832":"tormenta","1833":"verde","1834":"familiares","1835":"recibi\u00f3","1836":"gobernante","1837":"pido","1838":"informa","1839":"george","1840":"correr","1841":"socio","1842":"corriente","1843":"comit\u00e9","1844":"fuimos","1845":"dejaron","1846":"grave","1847":"parecido","1848":"describe","1849":"ense\u00f1a","1850":"salvar","1851":"acabado","1852":"vayas","1853":"estructura","1854":"escenario","1855":"ruta","1856":"copa","1857":"ayudar\u00e1","1858":"c\u00e9lulas","1859":"mando","1860":"paciencia","1861":"agencia","1862":"papa","1863":"mire","1864":"m\u00eda","1865":"brazos","1866":"ilegal","1867":"caer","1868":"tambien","1869":"iniciativa","1870":"cuyo","1871":"circunstancias","1872":"crecer","1873":"io","1874":"lago","1875":"d\u00e9","1876":"moderno","1877":"israelitas","1878":"cuidar","1879":"lea","1880":"cuerpos","1881":"deb\u00eda","1882":"recibe","1883":"huevos","1884":"incluyendo","1885":"reforma","1886":"c\u00e1llate","1887":"ecuaci\u00f3n","1888":"volvi\u00f3","1889":"juegos","1890":"inmediatamente","1891":"t\u00eda","1892":"monte","1893":"dientes","1894":"honor","1895":"mirada","1896":"creador","1897":"m\u00ednimo","1898":"primavera","1899":"cliente","1900":"llegaron","1901":"efectos","1902":"bloguero","1903":"flores","1904":"bob","1905":"periodismo","1906":"teniendo","1907":"nieve","1908":"caballo","1909":"censura","1910":"promesa","1911":"sal","1912":"re","1913":"comportamiento","1914":"aspectos","1915":"b\u00e1sicamente","1916":"intentando","1917":"despierta","1918":"preocupaci\u00f3n","1919":"comprender","1920":"gu\u00eda","1921":"kong","1922":"industria","1923":"firme","1924":"software","1925":"dioses","1926":"federal","1927":"dile","1928":"cientos","1929":"herramientas","1930":"visitar","1931":"mostr\u00f3","1932":"ia","1933":"falsa","1934":"decimos","1935":"vuelo","1936":"motivo","1937":"horrible","1938":"dura","1939":"babilonia","1940":"temprano","1941":"cient\u00edficos","1942":"profesional","1943":"ciudadano","1944":"washington","1945":"disculpe","1946":"luis","1947":"abuso","1948":"cambia","1949":"medicina","1950":"cay\u00f3","1951":"sirven","1952":"fieles","1953":"oficiales","1954":"escala","1955":"origen","1956":"absoluto","1957":"activista","1958":"madera","1959":"ganado","1960":"palacio","1961":"f\u00e1cilmente","1962":"predicaci\u00f3n","1963":"rayos","1964":"inicio","1965":"funciones","1966":"trinidad","1967":"demuestra","1968":"tendr\u00eda","1969":"explicaci\u00f3n","1970":"agradable","1971":"sorpresa","1972":"declar\u00f3","1973":"viajar","1974":"excepto","1975":"pudieron","1976":"cultural","1977":"puente","1978":"\u00edndice","1979":"personales","1980":"finales","1981":"oc\u00e9ano","1982":"abierta","1983":"disculpa","1984":"tengas","1985":"definitivamente","1986":"puse","1987":"siguiendo","1988":"disponible","1989":"asistir","1990":"mapa","1991":"ponen","1992":"siglos","1993":"estadounidense","1994":"ocasi\u00f3n","1995":"civiles","1996":"tranquilo","1997":"labor","1998":"comunicaciones","1999":"probar","2000":"controlar","2001":"contexto","2002":"v\u00e1monos","2003":"gratis","2004":"recuerdas","2005":"rescate","2006":"entrevista","2007":"saliendo","2008":"reloj","2009":"terreno","2010":"reducir","2011":"advertencia","2012":"venido","2013":"cat\u00f3lica","2014":"t\u00e9","2015":"electoral","2016":"per\u00fa","2017":"ventaja","2018":"merece","2019":"hallar","2020":"cu\u00e1ntas","2021":"hagamos","2022":"ventana","2023":"peces","2024":"hablaba","2025":"pareja","2026":"tv","2027":"regresar","2028":"herramienta","2029":"llamo","2030":"influencia","2031":"normas","2032":"aguas","2033":"audiencia","2034":"contaminaci\u00f3n","2035":"ad\u00f3nde","2036":"pasos","2037":"tonto","2038":"d\u00e9cada","2039":"golpe","2040":"partidos","2041":"humor","2042":"gesti\u00f3n","2043":"tratado","2044":"llaman","2045":"experiencias","2046":"fant\u00e1stico","2047":"ejercicio","2048":"c\u00edrculo","2049":"m\u00e1ximo","2050":"opciones","2051":"cuchillo","2052":"habilidades","2053":"linda","2054":"expertos","2055":"matriz","2056":"aplicaci\u00f3n","2057":"tendencia","2058":"perros","2059":"iban","2060":"correcta","2061":"crea","2062":"ten","2063":"museo","2064":"est\u00fapido","2065":"producir","2066":"hecha","2067":"oriente","2068":"colores","2069":"bailar","2070":"sos","2071":"famosa","2072":"evento","2073":"unidas","2074":"veremos","2075":"refiero","2076":"fuentes","2077":"superficie","2078":"contiene","2079":"tierras","2080":"reconocer","2081":"sue\u00f1os","2082":"funcionarios","2083":"ten\u00edamos","2084":"mentira","2085":"virus","2086":"sufrimiento","2087":"daniel","2088":"alemania","2089":"ingresos","2090":"precios","2091":"recibido","2092":"segundos","2093":"b\u00edblica","2094":"candidato","2095":"cuadrado","2096":"traer","2097":"promedio","2098":"ciertos","2099":"sigui\u00f3","2100":"siguientes","2101":"llevaba","2102":"compromiso","2103":"referencia","2104":"sacerdotes","2105":"caballeros","2106":"sacrificio","2107":"\u00e1rabe","2108":"michael","2109":"treinta","2110":"muere","2111":"aparece","2112":"sensaci\u00f3n","2113":"opiniones","2114":"cc","2115":"ponerse","2116":"apropiado","2117":"sent\u00eda","2118":"come","2119":"ap\u00f3stoles","2120":"tantos","2121":"oportunidades","2122":"perfecta","2123":"cadena","2124":"privado","2125":"rostro","2126":"asistencia","2127":"cabello","2128":"sigan","2129":"pregunt\u00e9","2130":"participantes","2131":"sexuales","2132":"charla","2133":"ra\u00edz","2134":"resistencia","2135":"bar","2136":"bondad","2137":"quede","2138":"arena","2139":"aeropuerto","2140":"instrucciones","2141":"inteligencia","2142":"inteligente","2143":"objetos","2144":"frontera","2145":"estadounidenses","2146":"invierno","2147":"dispuesto","2148":"manifestaci\u00f3n","2149":"consejos","2150":"alguno","2151":"jard\u00edn","2152":"estrella","2153":"estuvieron","2154":"maestros","2155":"fueran","2156":"espere","2157":"youtube","2158":"f\u00edsica","2159":"corto","2160":"ense\u00f1anza","2161":"hab\u00e9is","2162":"tuya","2163":"muestran","2164":"m\u00e9dicos","2165":"enviar","2166":"conocen","2167":"movimientos","2168":"hogares","2169":"empezaron","2170":"huelga","2171":"cruz","2172":"cualidades","2173":"elementos","2174":"corea","2175":"cre\u00ed","2176":"dia","2177":"abre","2178":"entra","2179":"loca","2180":"congregaciones","2181":"detalle","2182":"online","2183":"expres\u00f3","2184":"venta","2185":"limpio","2186":"llamas","2187":"necesitaba","2188":"impuestos","2189":"escribiendo","2190":"americano","2191":"edificios","2192":"edici\u00f3n","2193":"incluye","2194":"cierre","2195":"amigas","2196":"bonita","2197":"damos","2198":"roma","2199":"lunes","2200":"vengo","2201":"pidiendo","2202":"us\u00f3","2203":"para\u00edso","2204":"darme","2205":"dar\u00e9","2206":"due\u00f1o","2207":"brillante","2208":"zapatos","2209":"tarea","2210":"llevado","2211":"volar","2212":"petr\u00f3leo","2213":"cuello","2214":"altos","2215":"roja","2216":"conducta","2217":"pelear","2218":"literatura","2219":"hermanas","2220":"gracia","2221":"t\u00edtulo","2222":"bases","2223":"spanish","2224":"vender","2225":"m\u00e1quinas","2226":"revistas","2227":"votos","2228":"carlos","2229":"secretario","2230":"on","2231":"australia","2232":"naci\u00f3","2233":"tome","2234":"cr\u00edtica","2235":"aumentar","2236":"profundo","2237":"sorprendente","2238":"vendr\u00e1","2239":"extranjeros","2240":"preguntar","2241":"antigua","2242":"orgullo","2243":"significado","2244":"compras","2245":"distribuci\u00f3n","2246":"b\u00edblicos","2247":"dejo","2248":"presentes","2249":"obama","2250":"vigilancia","2251":"times","2252":"trat\u00f3","2253":"jacob","2254":"jajajaja","2255":"temporada","2256":"center","2257":"estuviera","2258":"dif\u00edciles","2259":"tendr\u00e1n","2260":"sirve","2261":"conocidos","2262":"l\u00f3gica","2263":"preparado","2264":"l\u00edneas","2265":"determinar","2266":"arroz","2267":"canciones","2268":"poderoso","2269":"pide","2270":"tiro","2271":"techo","2272":"vac\u00edo","2273":"charles","2274":"qu\u00e9date","2275":"adultos","2276":"suele","2277":"planta","2278":"quer\u00edan","2279":"soldado","2280":"t\u00ed","2281":"creemos","2282":"inocente","2283":"actos","2284":"plazo","2285":"lecci\u00f3n","2286":"dulce","2287":"puestos","2288":"hong","2289":"llegando","2290":"judicial","2291":"locura","2292":"t\u00e9cnica","2293":"caliente","2294":"decirlo","2295":"progreso","2296":"jugadores","2297":"prisa","2298":"encuesta","2299":"pieza","2300":"r\u00e1pida","2301":"watch","2302":"patr\u00f3n","2303":"cartas","2304":"musulmanes","2305":"vean","2306":"entendido","2307":"suya","2308":"empezamos","2309":"porqu\u00e9","2310":"temor","2311":"electr\u00f3nico","2312":"imaginar","2313":"unido","2314":"dejen","2315":"refiere","2316":"personalidad","2317":"marca","2318":"tecnolog\u00edas","2319":"d\u00e9bil","2320":"metas","2321":"militares","2322":"boston","2323":"querer","2324":"querida","2325":"peter","2326":"bebida","2327":"profesionales","2328":"elemento","2329":"usado","2330":"documento","2331":"primeras","2332":"tom\u00e9","2333":"darles","2334":"cr\u00e9dito","2335":"vine","2336":"lectores","2337":"clara","2338":"requiere","2339":"cuantos","2340":"iguales","2341":"llegar\u00e1","2342":"distintas","2343":"durmiendo","2344":"ayudarme","2345":"publicaciones","2346":"ser\u00edan","2347":"sientes","2348":"observar","2349":"negra","2350":"absolutamente","2351":"suelen","2352":"selecci\u00f3n","2353":"nubes","2354":"est\u00fapida","2355":"pared","2356":"sentencia","2357":"conoc\u00ed","2358":"fila","2359":"sargento","2360":"notas","2361":"m\u00f3vil","2362":"septiembre","2363":"fundamental","2364":"abrah\u00e1n","2365":"frank","2366":"env\u00eda","2367":"considerado","2368":"convertirse","2369":"paciente","2370":"\u00e1nimo","2371":"sigues","2372":"ocasiones","2373":"gas","2374":"fase","2375":"aldea","2376":"for","2377":"seguros","2378":"trae","2379":"cien","2380":"bienestar","2381":"precisamente","2382":"igualmente","2383":"tanque","2384":"sent\u00ed","2385":"lamento","2386":"visitas","2387":"contrato","2388":"religiosas","2389":"registro","2390":"ecuador","2391":"cami\u00f3n","2392":"regalos","2393":"caminos","2394":"importar","2395":"vector","2396":"cuesta","2397":"pongo","2398":"negros","2399":"gan\u00f3","2400":"luchar","2401":"convirti\u00f3","2402":"bill","2403":"causar","2404":"ministros","2405":"recuerdos","2406":"ahi","2407":"caminar","2408":"ayudando","2409":"mentiras","2410":"puertas","2411":"establecer","2412":"sienten","2413":"diversas","2414":"mandar","2415":"podr\u00e1n","2416":"investigar","2417":"fotograf\u00edas","2418":"directo","2419":"b\u00edblicas","2420":"distintos","2421":"polic\u00edas","2422":"flickr","2423":"\u00e1reas","2424":"occidental","2425":"dispuestos","2426":"irte","2427":"vieron","2428":"pod\u00edan","2429":"dedo","2430":"acusado","2431":"quiso","2432":"etiqueta","2433":"ser\u00e9","2434":"br","2435":"abri\u00f3","2436":"voluntarios","2437":"dudas","2438":"menciona","2439":"celular","2440":"salen","2441":"digitales","2442":"instituto","2443":"pista","2444":"tasa","2445":"positivo","2446":"competencia","2447":"intercambio","2448":"decirte","2449":"declara","2450":"declaraciones","2451":"diferencias","2452":"monta\u00f1a","2453":"luces","2454":"volver\u00e9","2455":"conducir","2456":"pasamos","2457":"expresar","2458":"autob\u00fas","2459":"ped\u00ed","2460":"criaturas","2461":"trabajan","2462":"pelea","2463":"saludos","2464":"hac\u00edan","2465":"solidaridad","2466":"veras","2467":"comenta","2468":"resurrecci\u00f3n","2469":"criminal","2470":"liberaci\u00f3n","2471":"restaurante","2472":"bajar","2473":"humanas","2474":"hiciera","2475":"will","2476":"alcalde","2477":"verdaderos","2478":"hijas","2479":"bendiciones","2480":"alumnos","2481":"acontecimientos","2482":"revela","2483":"sabio","2484":"llamando","2485":"cartera","2486":"tradicionales","2487":"pasar\u00e1","2488":"result\u00f3","2489":"ense\u00f1\u00f3","2490":"eventos","2491":"tradicional","2492":"explic\u00f3","2493":"moral","2494":"saca","2495":"descubierto","2496":"decid\u00ed","2497":"compa\u00f1\u00edas","2498":"decidido","2499":"bandera","2500":"locos","2501":"sal\u00ed","2502":"tarjeta","2503":"maldici\u00f3n","2504":"aplicar","2505":"se\u00f1ala","2506":"utilizan","2507":"dory","2508":"ve\u00eda","2509":"atalaya","2510":"pensado","2511":"alcance","2512":"parar","2513":"vengan","2514":"objetivos","2515":"helado","2516":"taxi","2517":"putin","2518":"ayudarte","2519":"west","2520":"sacerdote","2521":"formar","2522":"colombia","2523":"estrategia","2524":"\u00e1rboles","2525":"consecuencia","2526":"m\u00e9dica","2527":"japon\u00e9s","2528":"hacerte","2529":"investigadores","2530":"limpiar","2531":"entr\u00f3","2532":"principalmente","2533":"columna","2534":"ruido","2535":"terroristas","2536":"consciente","2537":"har\u00e1n","2538":"violaci\u00f3n","2539":"gozo","2540":"quise","2541":"dignidad","2542":"fruto","2543":"se\u00f1ores","2544":"interesa","2545":"super","2546":"espirituales","2547":"celebrar","2548":"jugando","2549":"acabar","2550":"mill\u00f3n","2551":"aparecen","2552":"cre\u00eda","2553":"desapareci\u00f3","2554":"empec\u00e9","2555":"leo","2556":"emocionante","2557":"culpable","2558":"vivimos","2559":"impresi\u00f3n","2560":"lenguas","2561":"detenido","2562":"preocupa","2563":"voces","2564":"nacionales","2565":"electricidad","2566":"tom\u00e1s","2567":"coment\u00f3","2568":"ten\u00edas","2569":"suma","2570":"iglesias","2571":"congreso","2572":"tradici\u00f3n","2573":"millas","2574":"detener","2575":"tomen","2576":"logrado","2577":"cuentan","2578":"relacionados","2579":"present\u00f3","2580":"bella","2581":"sede","2582":"escuchando","2583":"cerrar","2584":"festival","2585":"empleados","2586":"empiezan","2587":"juro","2588":"echar","2589":"equivocado","2590":"recientes","2591":"sentimiento","2592":"l\u00edmites","2593":"pareci\u00f3","2594":"activo","2595":"cient\u00edfico","2596":"km","2597":"olvidado","2598":"botella","2599":"anciano","2600":"taller","2601":"vestido","2602":"cre\u00f3","2603":"independiente","2604":"st","2605":"silla","2606":"pro","2607":"\u00f3rdenes","2608":"ja","2609":"factor","2610":"leyendo","2611":"demostrar","2612":"pusieron","2613":"llamadas","2614":"olvidar","2615":"canad\u00e1","2616":"\u00faltimas","2617":"veinte","2618":"originalmente","2619":"juntas","2620":"privilegio","2621":"oeste","2622":"le\u00f3n","2623":"puesta","2624":"oferta","2625":"ocurrido","2626":"determinado","2627":"trataba","2628":"fiscal","2629":"andando","2630":"llegamos","2631":"pudieran","2632":"limpia","2633":"car\u00e1cter","2634":"deseos","2635":"afirma","2636":"soledad","2637":"desaf\u00edo","2638":"abandonar","2639":"digan","2640":"caro","2641":"aquellas","2642":"justos","2643":"tensi\u00f3n","2644":"sombrero","2645":"subir","2646":"tratan","2647":"desgracia","2648":"instituciones","2649":"ponga","2650":"respetar","2651":"perfil","2652":"h\u00e9roe","2653":"monta\u00f1as","2654":"identificar","2655":"gay","2656":"religiones","2657":"electrones","2658":"ejecutivo","2659":"tomada","2660":"nena","2661":"editor","2662":"incidente","2663":"curva","2664":"recuadro","2665":"indican","2666":"individuo","2667":"nick","2668":"mes\u00edas","2669":"respirar","2670":"bote","2671":"particularmente","2672":"nacimiento","2673":"am","2674":"gust\u00f3","2675":"amable","2676":"salgan","2677":"aceite","2678":"rusos","2679":"tortura","2680":"salvaci\u00f3n","2681":"coger","2682":"heridas","2683":"grados","2684":"ricos","2685":"creciente","2686":"vuelvo","2687":"seamos","2688":"motor","2689":"cristianas","2690":"empezado","2691":"emperador","2692":"perd\u00ed","2693":"f\u00edsico","2694":"impresionante","2695":"bienes","2696":"pierde","2697":"anunci\u00f3","2698":"piernas","2699":"quedado","2700":"dejes","2701":"piloto","2702":"fumar","2703":"ray","2704":"plantas","2705":"quedo","2706":"vimos","2707":"recibieron","2708":"podremos","2709":"consigo","2710":"nuclear","2711":"p\u00fablicos","2712":"consiguiente","2713":"delito","2714":"dej\u00e9","2715":"ser\u00e1s","2716":"it","2717":"mantenerse","2718":"menores","2719":"considera","2720":"profesores","2721":"estatal","2722":"vuelva","2723":"capaces","2724":"caracter\u00edsticas","2725":"cae","2726":"sabor","2727":"arreglo","2728":"is","2729":"guatemala","2730":"ayudarnos","2731":"cantidades","2732":"terremoto","2733":"averiguar","2734":"quedan","2735":"riqueza","2736":"salieron","2737":"armon\u00eda","2738":"profec\u00eda","2739":"bangladesh","2740":"henry","2741":"desierto","2742":"quer\u00edas","2743":"bancos","2744":"jajajajaja","2745":"limpieza","2746":"experto","2747":"enviado","2748":"english","2749":"temo","2750":"extra","2751":"sentirse","2752":"cantar","2753":"escritor","2754":"semejante","2755":"sencillo","2756":"operaciones","2757":"recuerden","2758":"\u00faltimamente","2759":"tenia","2760":"europea","2761":"bloqueo","2762":"kenia","2763":"espalda","2764":"bordo","2765":"actuar","2766":"situaciones","2767":"dictadura","2768":"dieta","2769":"infantil","2770":"d\u00e9cadas","2771":"katie","2772":"viv\u00eda","2773":"italia","2774":"eje","2775":"responsabilidades","2776":"diputado","2777":"lectura","2778":"interesado","2779":"felicidades","2780":"felicitaciones","2781":"residentes","2782":"ideal","2783":"despues","2784":"raza","2785":"seguido","2786":"representantes","2787":"esclavo","2788":"esperan","2789":"escolar","2790":"publicar","2791":"asesinado","2792":"reina","2793":"jugador","2794":"volv\u00ed","2795":"sienta","2796":"trasero","2797":"carro","2798":"descanso","2799":"poniendo","2800":"personalmente","2801":"celestial","2802":"decidir","2803":"pertenece","2804":"cerveza","2805":"trabajamos","2806":"celebraci\u00f3n","2807":"murieron","2808":"ama","2809":"that","2810":"oriental","2811":"popularidad","2812":"ofrecer","2813":"considerar","2814":"concentraci\u00f3n","2815":"comunes","2816":"cibernautas","2817":"turqu\u00eda","2818":"damas","2819":"consideran","2820":"pagado","2821":"nave","2822":"veh\u00edculo","2823":"pierna","2824":"piense","2825":"pasaron","2826":"ocupado","2827":"contento","2828":"dejando","2829":"creatividad","2830":"dedos","2831":"cristiandad","2832":"motivos","2833":"clima","2834":"defender","2835":"criatura","2836":"cubierta","2837":"mover","2838":"componente","2839":"alerta","2840":"materia","2841":"m\u00f3viles","2842":"computadora","2843":"l\u00e1grimas","2844":"pasaba","2845":"no\u00e9","2846":"tuits","2847":"creencias","2848":"creencia","2849":"ceremonia","2850":"coches","2851":"amar","2852":"moda","2853":"manejar","2854":"preocupado","2855":"lucas","2856":"cuadro","2857":"investigaciones","2858":"martes","2859":"nadar","2860":"generaciones","2861":"xd","2862":"definici\u00f3n","2863":"alcohol","2864":"llamamos","2865":"cont\u00f3","2866":"quedarse","2867":"joder","2868":"posibles","2869":"setiembre","2870":"fuiste","2871":"jerem\u00edas","2872":"manda","2873":"funcionan","2874":"den","2875":"funcionar","2876":"jamaica","2877":"pura","2878":"sufrido","2879":"esencia","2880":"continente","2881":"irse","2882":"ganador","2883":"ni\u00f1as","2884":"divisi\u00f3n","2885":"escuchado","2886":"polvo","2887":"iremos","2888":"iran\u00edes","2889":"conversaciones","2890":"in\u00fatil","2891":"quedaron","2892":"b\u00e1sica","2893":"aprend\u00ed","2894":"saludable","2895":"do","2896":"independencia","2897":"bolsa","2898":"costumbre","2899":"perspectiva","2900":"harry","2901":"talento","2902":"universal","2903":"cinta","2904":"muerta","2905":"herencia","2906":"refugio","2907":"vuestra","2908":"hilo","2909":"toque","2910":"citas","2911":"religiosa","2912":"revelaci\u00f3n","2913":"renuncia","2914":"emociones","2915":"peri\u00f3dicos","2916":"cr\u00edticas","2917":"ucrania","2918":"s\u00edmbolo","2919":"tomo","2920":"perfectamente","2921":"urgente","2922":"aprendizaje","2923":"us","2924":"metro","2925":"sarah","2926":"aprendiendo","2927":"corriendo","2928":"anual","2929":"gordo","2930":"corta","2931":"salvaje","2932":"integridad","2933":"fuese","2934":"tareas","2935":"griego","2936":"salido","2937":"reales","2938":"droga","2939":"realizado","2940":"darte","2941":"pasi\u00f3n","2942":"pez","2943":"infierno","2944":"turno","2945":"petici\u00f3n","2946":"entera","2947":"daba","2948":"a\u00f1ade","2949":"industrial","2950":"vistazo","2951":"nube","2952":"humilde","2953":"cansado","2954":"conexi\u00f3n","2955":"literalmente","2956":"pakist\u00e1n","2957":"magia","2958":"captura","2959":"falso","2960":"le\u00eddo","2961":"figura","2962":"trago","2963":"ca\u00edda","2964":"california","2965":"dias","2966":"potencia","2967":"trajo","2968":"producen","2969":"exteriores","2970":"admite","2971":"euros","2972":"presidencia","2973":"juzgar","2974":"soluciones","2975":"solos","2976":"des","2977":"afganist\u00e1n","2978":"despertad","2979":"provincia","2980":"sucursal","2981":"arresto","2982":"sucediendo","2983":"tendr\u00e1s","2984":"o\u00eddos","2985":"preparaci\u00f3n","2986":"\u00edbamos","2987":"factores","2988":"ovejas","2989":"preparar","2990":"profunda","2991":"capa","2992":"tesoro","2993":"casualidad","2994":"consiste","2995":"africanos","2996":"esposas","2997":"detenidos","2998":"aquello","2999":"caus\u00f3","3000":"privacidad","3001":"africano","3002":"llego","3003":"utiliza","3004":"salom\u00f3n","3005":"my","3006":"piezas","3007":"da\u00f1os","3008":"ali","3009":"agreg\u00f3","3010":"grecia","3011":"despertar","3012":"ten\u00e9is","3013":"m\u00e9todo","3014":"salga","3015":"descubrir","3016":"breve","3017":"permiti\u00f3","3018":"salvador","3019":"pensamos","3020":"libres","3021":"pens\u00f3","3022":"anuncio","3023":"mat\u00f3","3024":"revel\u00f3","3025":"deber","3026":"m\u00e1scara","3027":"agradezco","3028":"basado","3029":"entorno","3030":"quedarme","3031":"ven\u00eda","3032":"migrantes","3033":"profesora","3034":"multitud","3035":"tomamos","3036":"cola","3037":"co\u00f1o","3038":"descripci\u00f3n","3039":"robo","3040":"conforme","3041":"bola","3042":"solar","3043":"rusa","3044":"cincuenta","3045":"harris","3046":"llegu\u00e9","3047":"vivos","3048":"mueve","3049":"ronda","3050":"romper","3051":"arrestado","3052":"torre","3053":"encontraron","3054":"roca","3055":"so","3056":"costos","3057":"pelota","3058":"olvida","3059":"conocemos","3060":"ayude","3061":"infancia","3062":"sac\u00f3","3063":"permitir","3064":"lento","3065":"riquezas","3066":"heridos","3067":"cantante","3068":"bombas","3069":"casarse","3070":"sacan","3071":"llevando","3072":"apoya","3073":"herido","3074":"activos","3075":"llevamos","3076":"ritmo","3077":"cu\u00e1n","3078":"sois","3079":"habilidad","3080":"ofreci\u00f3","3081":"dominio","3082":"\u00e9sa","3083":"intentado","3084":"mosc\u00fa","3085":"hubiese","3086":"perdona","3087":"pago","3088":"commons","3089":"mostrado","3090":"desean","3091":"trono","3092":"islas","3093":"delitos","3094":"hubieran","3095":"caballos","3096":"atm\u00f3sfera","3097":"calma","3098":"escuch\u00e9","3099":"francisco","3100":"antiguos","3101":"pr\u00e1cticamente","3102":"sencillamente","3103":"aborto","3104":"est\u00e1ndar","3105":"llame","3106":"cr\u00edmenes","3107":"cercano","3108":"mandato","3109":"consumo","3110":"complejo","3111":"obligado","3112":"morales","3113":"diputados","3114":"malditos","3115":"variedad","3116":"llamados","3117":"jud\u00e1","3118":"anteriores","3119":"sencilla","3120":"paquete","3121":"disco","3122":"alem\u00e1n","3123":"suficientemente","3124":"posibilidades","3125":"posee","3126":"japoneses","3127":"cenar","3128":"nosotras","3129":"conductor","3130":"james","3131":"espect\u00e1culo","3132":"perdiendo","3133":"estaremos","3134":"moneda","3135":"sorprende","3136":"molesta","3137":"gira","3138":"bienvenida","3139":"divino","3140":"abusos","3141":"extremo","3142":"bienvenidos","3143":"o\u00ed","3144":"equivocada","3145":"equipos","3146":"autos","3147":"archivo","3148":"personaje","3149":"sucedido","3150":"similares","3151":"tabla","3152":"votar","3153":"santiago","3154":"ave","3155":"aparte","3156":"sospechoso","3157":"ii","3158":"concierto","3159":"estar\u00e1s","3160":"policial","3161":"pacientes","3162":"b\u00e1sicas","3163":"dejar\u00e9","3164":"reporte","3165":"seguir\u00e1","3166":"volver\u00e1","3167":"paga","3168":"seguimos","3169":"gastos","3170":"comenzaron","3171":"vayamos","3172":"queridos","3173":"pacto","3174":"ad\u00e1n","3175":"gaza","3176":"t\u00e9cnicas","3177":"rid\u00edculo","3178":"risa","3179":"creyentes","3180":"armenia","3181":"perdieron","3182":"peores","3183":"transparencia","3184":"suyo","3185":"sub","3186":"responde","3187":"sol\u00eda","3188":"tonta","3189":"papas","3190":"romanos","3191":"tr\u00e1nsito","3192":"abuelo","3193":"escoger","3194":"sucio","3195":"sucesos","3196":"corre","3197":"nervioso","3198":"aumentado","3199":"siguieron","3200":"secretos","3201":"abogados","3202":"asignaci\u00f3n","3203":"eras","3204":"world","3205":"escalera","3206":"considere","3207":"escucho","3208":"esc\u00e1ndalo","3209":"se\u00f1orita","3210":"sesi\u00f3n","3211":"comparte","3212":"comparaci\u00f3n","3213":"complicado","3214":"esquina","3215":"especiales","3216":"frecuentemente","3217":"fundaci\u00f3n","3218":"fundador","3219":"altas","3220":"your","3221":"establecido","3222":"norma","3223":"compra","3224":"autom\u00f3vil","3225":"autorizaci\u00f3n","3226":"na","3227":"santos","3228":"sacrificios","3229":"entendimiento","3230":"mu\u00e9vanse","3231":"evidente","3232":"acceder","3233":"gv","3234":"ola","3235":"enormes","3236":"hacerle","3237":"colaboraci\u00f3n","3238":"ryan","3239":"enfrenta","3240":"conflictos","3241":"organizar","3242":"hazlo","3243":"sobrevivir","3244":"tweet","3245":"fen\u00f3meno","3246":"artista","3247":"firma","3248":"combatir","3249":"conoc\u00eda","3250":"trabajador","3251":"trabajado","3252":"sincero","3253":"pasaporte","3254":"alianza","3255":"entrenamiento","3256":"william","3257":"ayudado","3258":"comunista","3259":"oscuro","3260":"artistas","3261":"paseo","3262":"tower","3263":"eua","3264":"parejas","3265":"activa","3266":"culturales","3267":"incendio","3268":"cambiando","3269":"vivienda","3270":"ee","3271":"inicial","3272":"piensen","3273":"agrega","3274":"mantiene","3275":"disponibles","3276":"circuito","3277":"verme","3278":"premios","3279":"labios","3280":"reacciones","3281":"camiseta","3282":"borde","3283":"instante","3284":"utilizado","3285":"dormido","3286":"brit\u00e1nico","3287":"analizar","3288":"broma","3289":"proverbios","3290":"ver\u00e1n","3291":"c\u00e9lula","3292":"directa","3293":"d\u00f3lar","3294":"temporal","3295":"job","3296":"centros","3297":"jornada","3298":"metido","3299":"dale","3300":"actuales","3301":"jueves","3302":"miguel","3303":"recib\u00ed","3304":"divorcio","3305":"madrid","3306":"tendr\u00e9","3307":"vestir","3308":"macedonia","3309":"ma","3310":"cerrada","3311":"preciosa","3312":"adolescentes","3313":"lealtad","3314":"aparentemente","3315":"le\u00ed","3316":"embarazada","3317":"decirme","3318":"dejan","3319":"lobo","3320":"profesi\u00f3n","3321":"ciudadan\u00eda","3322":"poderes","3323":"marco","3324":"representan","3325":"inversi\u00f3n","3326":"cuantas","3327":"marcos","3328":"represi\u00f3n","3329":"masa","3330":"valiente","3331":"cargos","3332":"buscan","3333":"caras","3334":"bendici\u00f3n","3335":"resoluci\u00f3n","3336":"teatro","3337":"valle","3338":"ilustraciones","3339":"variable","3340":"adam","3341":"agentes","3342":"presidencial","3343":"decidimos","3344":"toman","3345":"letras","3346":"agenda","3347":"presos","3348":"partida","3349":"puro","3350":"mand\u00f3","3351":"irnos","3352":"temperatura","3353":"funcionario","3354":"comido","3355":"cabe","3356":"quer\u00edamos","3357":"diversos","3358":"absurdo","3359":"paredes","3360":"vienes","3361":"antonio","3362":"qu","3363":"wow","3364":"novela","3365":"discutir","3366":"escritos","3367":"pollo","3368":"sufren","3369":"audio","3370":"coronel","3371":"mantuvo","3372":"isl\u00e1mico","3373":"puto","3374":"esclavitud","3375":"contribuir","3376":"poquito","3377":"convencer","3378":"manifestaciones","3379":"escuche","3380":"aumenta","3381":"jaja","3382":"maravillosa","3383":"quedamos","3384":"manuel","3385":"ted","3386":"generales","3387":"parcial","3388":"polonia","3389":"bello","3390":"sesiones","3391":"presupuesto","3392":"leyenda","3393":"despacio","3394":"fara\u00f3n","3395":"ventanas","3396":"lleve","3397":"prohibici\u00f3n","3398":"lentamente","3399":"prometido","3400":"prometi\u00f3","3401":"prometo","3402":"despierto","3403":"almas","3404":"eva","3405":"presentaci\u00f3n","3406":"profundamente","3407":"terminamos","3408":"llenar","3409":"anillo","3410":"onu","3411":"llamar\u00e9","3412":"conexiones","3413":"ong","3414":"alivio","3415":"ondas","3416":"olvides","3417":"destruir","3418":"extremadamente","3419":"afecta","3420":"sopa","3421":"vende","3422":"abandonado","3423":"olvide","3424":"llaves","3425":"lleguen","3426":"sorprendido","3427":"ten\u00e9s","3428":"singapur","3429":"verga","3430":"ver\u00e1","3431":"juventud","3432":"trampa","3433":"potencial","3434":"postura","3435":"consigui\u00f3","3436":"publicada","3437":"considerando","3438":"difundir","3439":"publicidad","3440":"fr\u00eda","3441":"viajes","3442":"se\u00f1ales","3443":"johnny","3444":"antepasados","3445":"esperado","3446":"fronteras","3447":"adicional","3448":"dicha","3449":"fondos","3450":"verla","3451":"filipinas","3452":"campamento","3453":"logro","3454":"compuesto","3455":"logr\u00f3","3456":"compr\u00e9","3457":"tranquilidad","3458":"\u00e9s","3459":"preguntan","3460":"verse","3461":"asiento","3462":"flor","3463":"obtiene","3464":"flota","3465":"tengamos","3466":"detiene","3467":"nacido","3468":"qued\u00e9","3469":"vs","3470":"encantan","3471":"cuya","3472":"miel","3473":"pas\u00e9","3474":"a\u00f1adi\u00f3","3475":"c\u00e9sar","3476":"perm\u00edtanme","3477":"relacionadas","3478":"passioneasiafansub","3479":"mercados","3480":"cuento","3481":"regular","3482":"whatsapp","3483":"v\u00e9ase","3484":"piden","3485":"co","3486":"revisar","3487":"permitir\u00e1","3488":"brazo","3489":"hoja","3490":"pasen","3491":"relato","3492":"entradas","3493":"salgo","3494":"salario","3495":"permiten","3496":"muriendo","3497":"electorales","3498":"rol","3499":"balas","3500":"pedimos","3501":"amenazas","3502":"persecuci\u00f3n","3503":"robaron","3504":"baile","3505":"culturas","3506":"mi\u00e9rcoles","3507":"incluyen","3508":"enfermos","3509":"ec","3510":"ej\u00e9rcitos","3511":"scott","3512":"pecados","3513":"cifra","3514":"regiones","3515":"recuerde","3516":"unidades","3517":"bolivia","3518":"regla","3519":"cierra","3520":"bolsas","3521":"bomberos","3522":"enfoque","3523":"bienvenido","3524":"cultivar","3525":"insectos","3526":"responsables","3527":"cortar","3528":"amplia","3529":"brutal","3530":"masacre","3531":"episodio","3532":"if","3533":"titulado","3534":"star","3535":"enviaron","3536":"comandante","3537":"dedicado","3538":"violenta","3539":"amas","3540":"mata","3541":"reputaci\u00f3n","3542":"quince","3543":"cuarenta","3544":"intent\u00f3","3545":"criminales","3546":"uh","3547":"instagram","3548":"gris","3549":"salmo","3550":"tony","3551":"cruel","3552":"intervenci\u00f3n","3553":"t\u00fanez","3554":"oraciones","3555":"sinceramente","3556":"asesinatos","3557":"muertes","3558":"caribe","3559":"imagino","3560":"creciendo","3561":"refleja","3562":"laboral","3563":"h\u00e1bitos","3564":"ox\u00edgeno","3565":"argumento","3566":"caminando","3567":"perra","3568":"permanecer","3569":"impuesto","3570":"deseamos","3571":"simples","3572":"robado","3573":"lujo","3574":"egipcios","3575":"periodo","3576":"cr\u00edticos","3577":"misericordia","3578":"estudiado","3579":"emocional","3580":"experimento","3581":"descansar","3582":"asegurar","3583":"relacionado","3584":"perdida","3585":"bebe","3586":"like","3587":"enamorado","3588":"ofrecen","3589":"prohibido","3590":"descubri\u00f3","3591":"cuarta","3592":"imaginaci\u00f3n","3593":"arreglar","3594":"carretera","3595":"famoso","3596":"prestar","3597":"city","3598":"bautismo","3599":"cl\u00e1sico","3600":"feo","3601":"sorprendi\u00f3","3602":"candidatos","3603":"si\u00e9ntate","3604":"asegura","3605":"beb\u00e9s","3606":"fija","3607":"asco","3608":"largas","3609":"biblioteca","3610":"cirug\u00eda","3611":"oso","3612":"conocida","3613":"penal","3614":"modelos","3615":"hospitales","3616":"concreto","3617":"fern\u00e1ndez","3618":"producido","3619":"existencia","3620":"honrar","3621":"llorando","3622":"gobernador","3623":"fracaso","3624":"pedirle","3625":"granja","3626":"pistola","3627":"bromeando","3628":"ca","3629":"graves","3630":"entrenador","3631":"chocolate","3632":"ganamos","3633":"sentimos","3634":"mantienen","3635":"dispositivos","3636":"disposici\u00f3n","3637":"contin\u00faan","3638":"cortes\u00eda","3639":"esc\u00fachame","3640":"serbia","3641":"dispararon","3642":"pones","3643":"fu\u00e9","3644":"darse","3645":"infraestructura","3646":"rara","3647":"comiendo","3648":"parezca","3649":"necesarias","3650":"introducci\u00f3n","3651":"sa\u00fal","3652":"nace","3653":"autores","3654":"quieran","3655":"di\u00f3","3656":"comen","3657":"ginny","3658":"interna","3659":"secundaria","3660":"reciben","3661":"nadando","3662":"documental","3663":"dec\u00edan","3664":"matem\u00e1ticas","3665":"podria","3666":"decirles","3667":"esclavos","3668":"pod\u00edamos","3669":"aves","3670":"aviones","3671":"inteligentes","3672":"avanzar","3673":"prefiero","3674":"inferior","3675":"dama","3676":"deporte","3677":"recuerdan","3678":"milagro","3679":"siervo","3680":"dificil","3681":"siga","3682":"practicar","3683":"significaba","3684":"pecho","3685":"cumplimiento","3686":"ruedas","3687":"pedazo","3688":"pedazos","3689":"bajas","3690":"encuentras","3691":"formato","3692":"diccionario","3693":"dibujar","3694":"rompi\u00f3","3695":"desaf\u00edos","3696":"efectivo","3697":"hacerme","3698":"enlace","3699":"jud\u00edo","3700":"denuncia","3701":"gubernamentales","3702":"guerras","3703":"d\u00e9jeme","3704":"disculpas","3705":"pastor","3706":"mandado","3707":"gustaba","3708":"dirigido","3709":"ind\u00edgenas","3710":"direcciones","3711":"guardia","3712":"coliseum","3713":"esperen","3714":"colega","3715":"haberse","3716":"fueras","3717":"dijimos","3718":"calcular","3719":"paul","3720":"obligaci\u00f3n","3721":"dentista","3722":"observa","3723":"jodido","3724":"embajador","3725":"explosi\u00f3n","3726":"teniente","3727":"vuelven","3728":"uber","3729":"volvamos","3730":"tuite\u00f3","3731":"yemen","3732":"suficientes","3733":"sufre","3734":"yendo","3735":"agujero","3736":"aprende","3737":"acaban","3738":"textos","3739":"\u00fanicamente","3740":"ungidos","3741":"tokio","3742":"adn","3743":"termine","3744":"ana","3745":"alegro","3746":"abrazo","3747":"admitir","3748":"tomaron","3749":"supo","3750":"terrorismo","3751":"usamos","3752":"suave","3753":"taiw\u00e1n","3754":"timoteo","3755":"volumen","3756":"archivos","3757":"sugiere","3758":"aniversario","3759":"utilizando","3760":"grabar","3761":"bala","3762":"justamente","3763":"cumplen","3764":"gatos","3765":"cient\u00edfica","3766":"entienden","3767":"galaad","3768":"by","3769":"dada","3770":"metal","3771":"diarios","3772":"exceso","3773":"devoci\u00f3n","3774":"cartel","3775":"az\u00facar","3776":"oigan","3777":"as","3778":"casada","3779":"cumplido","3780":"c\u00e1lculo","3781":"trate","3782":"plato","3783":"electr\u00f3nica","3784":"semillas","3785":"laboratorio","3786":"carnaval","3787":"curiosidad","3788":"miro","3789":"ocurrir","3790":"relativamente","3791":"razonable","3792":"vietnam","3793":"adecuado","3794":"regularidad","3795":"algren","3796":"israel\u00ed","3797":"estuvieran","3798":"isa\u00edas","3799":"occidente","3800":"permita","3801":"creative","3802":"brian","3803":"creando","3804":"breta\u00f1a","3805":"ganancias","3806":"vih","3807":"ca\u00eddo","3808":"patria","3809":"crecido","3810":"presidenta","3811":"thomas","3812":"causas","3813":"plenamente","3814":"jueces","3815":"presentar","3816":"respiraci\u00f3n","3817":"f\u00edsicos","3818":"ejercer","3819":"cubrir","3820":"ocurra","3821":"cristianismo","3822":"vicepresidente","3823":"dirigir","3824":"categor\u00eda","3825":"sumamente","3826":"ram\u00f3n","3827":"pm","3828":"consciencia","3829":"criticar","3830":"barra","3831":"estupendo","3832":"extra\u00f1a","3833":"darnos","3834":"lamentablemente","3835":"\u00e9stas","3836":"llover","3837":"descendencia","3838":"betel","3839":"orar","3840":"llevar\u00e9","3841":"aplica","3842":"llenos","3843":"ll\u00e1mame","3844":"llenas","3845":"proviene","3846":"hitler","3847":"supuestamente","3848":"falla","3849":"provoc\u00f3","3850":"profetas","3851":"rueda","3852":"afectan","3853":"sabido","3854":"dejaste","3855":"comprensi\u00f3n","3856":"almuerzo","3857":"mama","3858":"madres","3859":"transici\u00f3n","3860":"empezando","3861":"vaso","3862":"rural","3863":"tobago","3864":"representaci\u00f3n","3865":"piedras","3866":"campa\u00f1as","3867":"promesas","3868":"luchando","3869":"vecino","3870":"anna","3871":"facultad","3872":"titular","3873":"o\u00edmos","3874":"sientan","3875":"rev\u00e9s","3876":"pi","3877":"espacios","3878":"opositores","3879":"marruecos","3880":"cairo","3881":"agradecido","3882":"papeles","3883":"enviados","3884":"onda","3885":"legales","3886":"estudiando","3887":"probabilidad","3888":"mejora","3889":"sab\u00edas","3890":"privada","3891":"laura","3892":"cable","3893":"alas","3894":"sinti\u00f3","3895":"olvid\u00e9","3896":"tel\u00e9fonos","3897":"lanzamiento","3898":"mentiroso","3899":"f\u00e1brica","3900":"trataron","3901":"debi\u00f3","3902":"roto","3903":"serios","3904":"pag\u00f3","3905":"sabios","3906":"entregar","3907":"hurac\u00e1n","3908":"matando","3909":"basada","3910":"seremos","3911":"el\u00e9ctrico","3912":"publica","3913":"decirse","3914":"agrada","3915":"carabineros","3916":"liberar","3917":"sepas","3918":"conectar","3919":"falsos","3920":"deb\u00edan","3921":"levant\u00f3","3922":"anteriormente","3923":"mundiales","3924":"etapa","3925":"certeza","3926":"boda","3927":"equilibrio","3928":"drag\u00f3n","3929":"formal","3930":"violento","3931":"aviso","3932":"estando","3933":"expresa","3934":"m\u00faltiples","3935":"eco","3936":"corona","3937":"recibiendo","3938":"haberlo","3939":"consigue","3940":"reba\u00f1o","3941":"eric","3942":"posterior","3943":"tailandia","3944":"filosof\u00eda","3945":"forman","3946":"injusticia","3947":"pendiente","3948":"alegra","3949":"celo","3950":"truco","3951":"sara","3952":"pod\u00e9is","3953":"tuit","3954":"informado","3955":"alex","3956":"escritores","3957":"bolsillo","3958":"tribulaci\u00f3n","3959":"inflaci\u00f3n","3960":"naina","3961":"interesantes","3962":"srta","3963":"actor","3964":"tirar","3965":"enojado","3966":"realiz\u00f3","3967":"guste","3968":"retorno","3969":"recibimos","3970":"colecci\u00f3n","3971":"fortuna","3972":"duerme","3973":"\u00e1rabes","3974":"tibur\u00f3n","3975":"salto","3976":"tiburones","3977":"samurai","3978":"expresiones","3979":"sovi\u00e9tica","3980":"habr\u00e1n","3981":"favorita","3982":"corresponde","3983":"brecha","3984":"hab\u00edamos","3985":"necesariamente","3986":"resumen","3987":"coca","3988":"saudita","3989":"abordar","3990":"toneladas","3991":"robert","3992":"amada","3993":"fortalecer","3994":"contenidos","3995":"ense\u00f1anzas","3996":"apariencia","3997":"consuelo","3998":"tumba","3999":"diversi\u00f3n","4000":"weibo","4001":"portal","4002":"duddits","4003":"el\u00e9ctrica","4004":"esperanzas","4005":"declarar","4006":"gobernantes","4007":"lima","4008":"decide","4009":"conversar","4010":"escenas","4011":"proceder","4012":"declarado","4013":"libia","4014":"mateo","4015":"liga","4016":"abrigo","4017":"grandioso","4018":"estuviste","4019":"competir","4020":"vuestras","4021":"plano","4022":"p\u00e1jaros","4023":"parada","4024":"sab\u00edan","4025":"habl\u00e9","4026":"agregar","4027":"dc","4028":"equivalente","4029":"compartida","4030":"parado","4031":"espiritualmente","4032":"asegurarnos","4033":"rosa","4034":"mentes","4035":"eliminar","4036":"tratamos","4037":"comparti\u00f3","4038":"planificaci\u00f3n","4039":"cad\u00e1ver","4040":"convertir","4041":"econ\u00f3micas","4042":"puentes","4043":"existente","4044":"separados","4045":"letra","4046":"compensar","4047":"peligrosa","4048":"asesinos","4049":"pese","4050":"ex\u00e1menes","4051":"papi","4052":"an","4053":"fortaleza","4054":"legislaci\u00f3n","4055":"punta","4056":"barcos","4057":"mayormente","4058":"cercana","4059":"martin","4060":"supuestos","4061":"exige","4062":"r\u00edos","4063":"generar","4064":"besos","4065":"especies","4066":"empleado","4067":"contienen","4068":"\u00e1tomos","4069":"firmar","4070":"gr\u00e1fico","4071":"desayuno","4072":"hombro","4073":"votantes","4074":"cantando","4075":"veh\u00edculos","4076":"continuo","4077":"saberlo","4078":"maravilla","4079":"agencias","4080":"fundamentales","4081":"orgulloso","4082":"pintura","4083":"conceptos","4084":"magn\u00edfico","4085":"comunicado","4086":"apunta","4087":"shanghai","4088":"visual","4089":"comunicarse","4090":"campe\u00f3n","4091":"propuestas","4092":"maestra","4093":"reducci\u00f3n","4094":"genes","4095":"independientes","4096":"clubes","4097":"fechas","4098":"griega","4099":"gritar","4100":"indios","4101":"l\u00edbano","4102":"desafortunadamente","4103":"reporta","4104":"notar","4105":"tenis","4106":"pondr\u00e9","4107":"firmemente","4108":"servido","4109":"act\u00faa","4110":"habitual","4111":"venden","4112":"porcentaje","4113":"aleta","4114":"estemos","4115":"instituci\u00f3n","4116":"componentes","4117":"condena","4118":"llamaron","4119":"samuel","4120":"dedicaci\u00f3n","4121":"llamaba","4122":"s\u00faper","4123":"asimismo","4124":"masiva","4125":"linea","4126":"mataron","4127":"entregado","4128":"dedicada","4129":"futuras","4130":"servidores","4131":"marina","4132":"estructuras","4133":"camina","4134":"profundidad","4135":"protestar","4136":"ningun","4137":"tono","4138":"volviendo","4139":"dejamos","4140":"pac\u00edfico","4141":"pr\u00e9stamo","4142":"pongan","4143":"provecho","4144":"argumentos","4145":"anima","4146":"informan","4147":"humildad","4148":"recuperar","4149":"valioso","4150":"nieto","4151":"gasolina","4152":"marcas","4153":"favorito","4154":"ciclo","4155":"qu\u00edmica","4156":"hayamos","4157":"apertura","4158":"comenzado","4159":"particip\u00f3","4160":"excelentes","4161":"subi\u00f3","4162":"monedas","4163":"castro","4164":"ocupados","4165":"comenc\u00e9","4166":"joda","4167":"tiendas","4168":"adicionales","4169":"personajes","4170":"dirigida","4171":"explicaciones","4172":"sonidos","4173":"joseph","4174":"prioridad","4175":"m\u00fasicos","4176":"une","4177":"cifras","4178":"maldad","4179":"junta","4180":"posts","4181":"excepci\u00f3n","4182":"casco","4183":"imitar","4184":"galer\u00eda","4185":"dirigi\u00f3","4186":"dificultad","4187":"cuidadosamente","4188":"sujeto","4189":"quitar","4190":"vives","4191":"tradiciones","4192":"expansi\u00f3n","4193":"est","4194":"ando","4195":"hechas","4196":"an\u00f3nimo","4197":"ejecuci\u00f3n","4198":"har\u00e1s","4199":"muchedumbre","4200":"isis","4201":"musicales","4202":"solicitud","4203":"t\u00e9cnicos","4204":"preguntaba","4205":"hall","4206":"enfrentan","4207":"dispositivo","4208":"patrimonio","4209":"crean","4210":"iran\u00ed","4211":"invita","4212":"distinci\u00f3n","4213":"realizada","4214":"rodillas","4215":"cost\u00f3","4216":"turismo","4217":"ajuste","4218":"poderosa","4219":"conseguimos","4220":"ocupada","4221":"ocupaci\u00f3n","4222":"jean","4223":"catorce","4224":"m\u00edos","4225":"poderosos","4226":"satisfacer","4227":"observadores","4228":"cruzar","4229":"viejos","4230":"celda","4231":"discusiones","4232":"poderosas","4233":"sectores","4234":"edward","4235":"rat\u00f3n","4236":"dise\u00f1ado","4237":"roger","4238":"japonesa","4239":"escritura","4240":"aguanta","4241":"c\u00e1lmate","4242":"estrecha","4243":"kim","4244":"correctas","4245":"esencial","4246":"correctamente","4247":"cura","4248":"primo","4249":"tontos","4250":"ladrones","4251":"volando","4252":"enlaces","4253":"pedidos","4254":"avanzada","4255":"gustado","4256":"ke","4257":"soporte","4258":"aman","4259":"prestado","4260":"parec\u00edan","4261":"intelectuales","4262":"test","4263":"elegido","4264":"richard","4265":"aguantar","4266":"telecomunicaciones","4267":"acusaciones","4268":"cometido","4269":"aguante","4270":"relatos","4271":"recompensa","4272":"kirguist\u00e1n","4273":"ver\u00e9","4274":"tribus","4275":"asambleas","4276":"pegar","4277":"\u00e1ngulo","4278":"justificar","4279":"hermandad","4280":"versiones","4281":"hables","4282":"entraron","4283":"secuencia","4284":"algun","4285":"mencionado","4286":"maravillosas","4287":"olor","4288":"retiro","4289":"consulta","4290":"delta","4291":"orden\u00f3","4292":"ordenador","4293":"continua","4294":"terapia","4295":"olas","4296":"conseguido","4297":"motivaci\u00f3n","4298":"pregunte","4299":"necesarios","4300":"plataformas","4301":"m\u00e9todos","4302":"alberto","4303":"cultivo","4304":"reto","4305":"abiertamente","4306":"poes\u00eda","4307":"construyendo","4308":"escolares","4309":"caza","4310":"crack","4311":"sano","4312":"maletas","4313":"costumbres","4314":"superintendente","4315":"entrando","4316":"genio","4317":"multa","4318":"restos","4319":"chiste","4320":"alemanes","4321":"preguntarle","4322":"comunistas","4323":"centavos","4324":"t\u00edpico","4325":"\u00e9tica","4326":"preguntando","4327":"demonio","4328":"empiezo","4329":"ay\u00fadame","4330":"herida","4331":"pio","4332":"municipal","4333":"musical","4334":"sustancias","4335":"guardar","4336":"almac\u00e9n","4337":"escuchas","4338":"\u00fanicos","4339":"enfrentar","4340":"obst\u00e1culo","4341":"pizza","4342":"terrestre","4343":"guapo","4344":"alcanza","4345":"decreto","4346":"cuestiones","4347":"capitan","4348":"galilea","4349":"hebreo","4350":"celulares","4351":"caracter\u00edstica","4352":"encantar\u00eda","4353":"news","4354":"semilla","4355":"produjo","4356":"guapa","4357":"helic\u00f3ptero","4358":"nervios","4359":"valen","4360":"nacer","4361":"miran","4362":"corregir","4363":"procesos","4364":"miras","4365":"estudia","4366":"falsas","4367":"reunirse","4368":"vac\u00eda","4369":"mate","4370":"mio","4371":"uniforme","4372":"aprobaci\u00f3n","4373":"cumple","4374":"entrega","4375":"neg\u00f3","4376":"warp","4377":"reuni\u00f3","4378":"profec\u00edas","4379":"enamorada","4380":"aut\u00e9ntico","4381":"dejarlo","4382":"dejarme","4383":"sagrado","4384":"poeta","4385":"sera","4386":"portugal","4387":"probabilidades","4388":"tirando","4389":"tristes","4390":"esfera","4391":"corintios","4392":"mortal","4393":"tristeza","4394":"obedecer","4395":"conoci\u00f3","4396":"c\u00e1maras","4397":"energ\u00edas","4398":"pretende","4399":"carbono","4400":"cerradas","4401":"have","4402":"define","4403":"hierba","4404":"cerrado","4405":"estr\u00e9s","4406":"supervivencia","4407":"preparada","4408":"oiga","4409":"conocimientos","4410":"preocuparse","4411":"preocupan","4412":"carb\u00f3n","4413":"conocimos","4414":"once","4415":"sentarse","4416":"triunfo","4417":"regresa","4418":"espejo","4419":"pete","4420":"colonia","4421":"pasillo","4422":"\u00e1lbum","4423":"rocas","4424":"basa","4425":"doloroso","4426":"dolores","4427":"riesgos","4428":"subido","4429":"botas","4430":"ambulancia","4431":"docenas","4432":"acusados","4433":"pudimos","4434":"sonrisa","4435":"bot\u00f3n","4436":"golfo","4437":"levantar","4438":"arquitectura","4439":"tendr\u00edamos","4440":"advirti\u00f3","4441":"tela","4442":"signo","4443":"ara\u00f1a","4444":"sorteo","4445":"vladimir","4446":"llam\u00e9","4447":"apartamento","4448":"instrucci\u00f3n","4449":"flujo","4450":"espec\u00edfico","4451":"vendido","4452":"rojas","4453":"paisaje","4454":"ladr\u00f3n","4455":"vendr\u00eda","4456":"reconoce","4457":"rango","4458":"literal","4459":"aconsej\u00f3","4460":"donaciones","4461":"tendr\u00edan","4462":"recomendaciones","4463":"levanta","4464":"afectados","4465":"vivido","4466":"pantalones","4467":"telef\u00f3nica","4468":"golpe\u00f3","4469":"ir\u00e1","4470":"etiop\u00eda","4471":"invisible","4472":"regres\u00f3","4473":"estrecho","4474":"invitaci\u00f3n","4475":"existir","4476":"inversiones","4477":"paraguay","4478":"lanzado","4479":"lanza","4480":"invitados","4481":"colectivo","4482":"egipcio","4483":"lamentable","4484":"traer\u00e1","4485":"vivi\u00f3","4486":"eficaz","4487":"barry","4488":"lazos","4489":"identificaci\u00f3n","4490":"pareces","4491":"cajas","4492":"comienzan","4493":"rechazo","4494":"experimentado","4495":"estaciones","4496":"ventas","4497":"comigo","4498":"religioso","4499":"ciegos","4500":"rodea","4501":"divina","4502":"compasi\u00f3n","4503":"inundaciones","4504":"detuvo","4505":"bravo","4506":"florida","4507":"inventado","4508":"impulso","4509":"lector","4510":"lecciones","4511":"sindicato","4512":"di\u00e1logo","4513":"virtual","4514":"deseas","4515":"recta","4516":"aparato","4517":"show","4518":"emoci\u00f3n","4519":"afirm\u00f3","4520":"imperio","4521":"\u00e9sto","4522":"ejemplar","4523":"peleando","4524":"record\u00f3","4525":"sida","4526":"recordatorio","4527":"torno","4528":"extranjera","4529":"smith","4530":"dudo","4531":"loter\u00eda","4532":"jurisdicci\u00f3n","4533":"cocinar","4534":"sueldo","4535":"qu\u00edmicos","4536":"directora","4537":"compr\u00f3","4538":"visitantes","4539":"easter","4540":"clim\u00e1tico","4541":"vital","4542":"impedir","4543":"aprecio","4544":"individual","4545":"tonter\u00edas","4546":"vistas","4547":"barato","4548":"via","4549":"tentaci\u00f3n","4550":"tatuaje","4551":"maduro","4552":"clic","4553":"comerciales","4554":"madrugada","4555":"entrevistas","4556":"josu\u00e9","4557":"americanos","4558":"informar","4559":"dirige","4560":"diste","4561":"edades","4562":"virtud","4563":"sud\u00e1frica","4564":"combustible","4565":"tommy","4566":"blancas","4567":"huevo","4568":"huir","4569":"regional","4570":"peligros","4571":"pagan","4572":"llevas","4573":"huesos","4574":"pidieron","4575":"reconoci\u00f3","4576":"inspiraci\u00f3n","4577":"tranquila","4578":"funcionando","4579":"tocado","4580":"lograrlo","4581":"racista","4582":"inspirada","4583":"prudente","4584":"prosperidad","4585":"incluir","4586":"pac\u00edfica","4587":"rojos","4588":"ausencia","4589":"anuncios","4590":"estadio","4591":"creci\u00f3","4592":"tremenda","4593":"combate","4594":"cr\u00edtico","4595":"joyas","4596":"participaron","4597":"ballena","4598":"creas","4599":"tremendo","4600":"mueren","4601":"eficiente","4602":"patio","4603":"cuentos","4604":"v\u00eddeos","4605":"dijera","4606":"fascinante","4607":"obtuvo","4608":"rama","4609":"guerreros","4610":"disparar","4611":"hdp","4612":"consegu\u00ed","4613":"socios","4614":"ramera","4615":"est\u00f3mago","4616":"hayas","4617":"din\u00e1mica","4618":"what","4619":"escuch\u00f3","4620":"joe","4621":"videojuegos","4622":"tarjetas","4623":"adios","4624":"har\u00edas","4625":"jim","4626":"subida","4627":"jane","4628":"montones","4629":"permitido","4630":"discursos","4631":"mostrar\u00e9","4632":"comentar","4633":"seco","4634":"jonathan","4635":"andan","4636":"muchacha","4637":"\u00f3rbita","4638":"presa","4639":"creerlo","4640":"critica","4641":"ego\u00edsta","4642":"pasados","4643":"trabajaba","4644":"azar","4645":"etiquetas","4646":"cre\u00edan","4647":"crucial","4648":"evita","4649":"galletas","4650":"respondieron","4651":"cat\u00f3licos","4652":"ue","4653":"transformaci\u00f3n","4654":"saldr\u00e1","4655":"nepal","4656":"visible","4657":"hablaremos","4658":"amante","4659":"exposici\u00f3n","4660":"inmediato","4661":"reconstrucci\u00f3n","4662":"peligrosos","4663":"numero","4664":"convierten","4665":"negativa","4666":"consumidores","4667":"eddie","4668":"instalaciones","4669":"necesaria","4670":"incluidos","4671":"nazis","4672":"incluido","4673":"posiciones","4674":"virgen","4675":"centenares","4676":"n\u00facleo","4677":"positiva","4678":"corazones","4679":"cent\u00edmetros","4680":"reconocen","4681":"garantizar","4682":"perdone","4683":"bloques","4684":"contener","4685":"contenta","4686":"g\u00e9nesis","4687":"salvajes","4688":"we","4689":"ind\u00edgena","4690":"tropas","4691":"inevitable","4692":"continu\u00f3","4693":"federaci\u00f3n","4694":"accidentes","4695":"gobernaci\u00f3n","4696":"bloque","4697":"habiendo","4698":"redacci\u00f3n","4699":"echo","4700":"tailand\u00e9s","4701":"sam","4702":"pol\u00e9mica","4703":"recto","4704":"torneo","4705":"ba\u00f1os","4706":"bolso","4707":"d\u00e9biles","4708":"naturalmente","4709":"trigo","4710":"santuario","4711":"myanmar","4712":"precisi\u00f3n","4713":"hait\u00ed","4714":"gui\u00f3n","4715":"invento","4716":"diversidad","4717":"precursores","4718":"efectivamente","4719":"costado","4720":"muro","4721":"cd","4722":"cortos","4723":"tuvieran","4724":"sube","4725":"autom\u00f3viles","4726":"obtenemos","4727":"trenes","4728":"invit\u00f3","4729":"tiroteo","4730":"ayudas","4731":"colegas","4732":"consideraci\u00f3n","4733":"amplio","4734":"villa","4735":"municipio","4736":"paulo","4737":"regresan","4738":"pq","4739":"robot","4740":"construido","4741":"constituyen","4742":"borracho","4743":"intenso","4744":"corporaci\u00f3n","4745":"acepta","4746":"soportar","4747":"avance","4748":"intentan","4749":"escritorio","4750":"recoger","4751":"claridad","4752":"documentos","4753":"tribunales","4754":"tuitea","4755":"doctora","4756":"fidelidad","4757":"viniste","4758":"claras","4759":"podr\u00e1s","4760":"\u00e9ramos","4761":"sonar","4762":"inaceptable","4763":"celebra","4764":"permanente","4765":"cuerda","4766":"cuida","4767":"modernos","4768":"anti","4769":"hierro","4770":"suceder","4771":"lev\u00e1ntate","4772":"lex","4773":"encantado","4774":"financiera","4775":"panam\u00e1","4776":"wikipedia","4777":"bibliotecas","4778":"amistades","4779":"mat\u00e9","4780":"complejidad","4781":"medianoche","4782":"decidieron","4783":"sufri\u00f3","4784":"desigualdad","4785":"ansiedad","4786":"palestina","4787":"esperaban","4788":"limitada","4789":"ey","4790":"opina","4791":"all","4792":"fiscal\u00eda","4793":"grano","4794":"livejournal","4795":"aplicaciones","4796":"complejos","4797":"absoluta","4798":"ibas","4799":"agradecimiento","4800":"agricultura","4801":"terror","4802":"ampliamente","4803":"omar","4804":"latina","4805":"a\u00f1adir","4806":"extra\u00f1as","4807":"singular","4808":"p\u00e1nico","4809":"asegur\u00f3","4810":"elizabeth","4811":"destacado","4812":"vuestros","4813":"leales","4814":"compartimos","4815":"pesca","4816":"bajos","4817":"planetas","4818":"confesi\u00f3n","4819":"reserva","4820":"tragedia","4821":"cia","4822":"uu","4823":"beneficio","4824":"one","4825":"presentado","4826":"acabas","4827":"deberes","4828":"medicamento","4829":"atender","4830":"caballero","4831":"llamarme","4832":"evaluar","4833":"campana","4834":"manejo","4835":"prop\u00f3sitos","4836":"escape","4837":"demuestran","4838":"propaganda","4839":"facilidad","4840":"reportaje","4841":"fernando","4842":"vasos","4843":"propuesto","4844":"asustado","4845":"variables","4846":"afirmaci\u00f3n","4847":"sustancia","4848":"denuncias","4849":"se\u00f1al\u00f3","4850":"anim\u00f3","4851":"proporci\u00f3n","4852":"computadoras","4853":"amorosa","4854":"suelta","4855":"dependiendo","4856":"supremo","4857":"asumir","4858":"suprema","4859":"malawi","4860":"can","4861":"apuesto","4862":"zambia","4863":"desaparecido","4864":"democr\u00e1tico","4865":"pr\u00edncipe","4866":"serpiente","4867":"deseaba","4868":"humo","4869":"descubr\u00ed","4870":"piano","4871":"pico","4872":"hist\u00f3rico","4873":"descubre","4874":"humildes","4875":"entusiasmo","4876":"velas","4877":"concurso","4878":"llevarte","4879":"caos","4880":"llevar\u00e1","4881":"escasez","4882":"canto","4883":"funcionamiento","4884":"generalmente","4885":"camisa","4886":"logros","4887":"prohibir","4888":"rumbo","4889":"bestia","4890":"lpm","4891":"cansada","4892":"demasiada","4893":"rumores","4894":"fallo","4895":"tabaco","4896":"gramos","4897":"mineros","4898":"mintiendo","4899":"cumpliendo","4900":"up","4901":"ministra","4902":"cumpli\u00f3","4903":"cuna","4904":"semejantes","4905":"diarias","4906":"terrorista","4907":"mina","4908":"min","4909":"b\u00e1sico","4910":"pares","4911":"comidas","4912":"kazajist\u00e1n","4913":"casado","4914":"alternativa","4915":"imagina","4916":"senado","4917":"senador","4918":"b\u00e1sicos","4919":"azules","4920":"quedarte","4921":"kevin","4922":"khan","4923":"oigo","4924":"curar","4925":"esencialmente","4926":"acoso","4927":"aprobar","4928":"moderna","4929":"quita","4930":"gigante","4931":"tayikist\u00e1n","4932":"hebreos","4933":"malasia","4934":"relata","4935":"suiza","4936":"taza","4937":"misterio","4938":"th","4939":"presento","4940":"adopci\u00f3n","4941":"odia","4942":"soberan\u00eda","4943":"plena","4944":"presidenciales","4945":"bus","4946":"queso","4947":"querr\u00eda","4948":"v\u00edas","4949":"parientes","4950":"esp\u00edritus","4951":"traducir","4952":"cumbre","4953":"selva","4954":"alien\u00edgenas","4955":"elevado","4956":"horizonte","4957":"barro","4958":"frutas","4959":"carreras","4960":"seno","4961":"apoyan","4962":"kyle","4963":"a\u00e9rea","4964":"mezcla","4965":"lady","4966":"atrapado","4967":"kuwait","4968":"traten","4969":"big","4970":"sentada","4971":"detective","4972":"elige","4973":"meti\u00f3","4974":"gracioso","4975":"detenci\u00f3n","4976":"primaria","4977":"daesu","4978":"antig\u00fcedad","4979":"laborales","4980":"tratos","4981":"vernos","4982":"frutos","4983":"sensible","4984":"barrera","4985":"globo","4986":"americana","4987":"park","4988":"consideraba","4989":"chip","4990":"compartiendo","4991":"alimentan","4992":"transcurso","4993":"europeos","4994":"organismos","4995":"perdiste","4996":"concluir","4997":"entrado","4998":"aliados","4999":"piscina"}}