{"tgl":{"0":"sa","1":"ng","2":"na","3":"ang","4":"mga","5":"at","6":"ay","7":"ko","8":"ni","9":"isang","10":"ako","11":"hindi","12":"mo","13":"kung","14":"ito","15":"may","16":"pa","17":"si","18":"ka","19":"kaniyang","20":"lang","21":"di","22":"nang","23":"pag","24":"para","25":"naman","26":"yung","27":"jehova","28":"diyos","29":"niya","30":"ba","31":"pero","32":"kanilang","33":"lahat","34":"siya","35":"tao","36":"kay","37":"upang","38":"wala","39":"ano","40":"walang","41":"kaya","42":"nga","43":"mag","44":"sila","45":"nila","46":"isa","47":"ngayon","48":"talaga","49":"dahil","50":"bagay","51":"tayo","52":"noong","53":"natin","54":"din","55":"hahaha","56":"aking","57":"bibliya","58":"iyong","59":"nag","60":"iba","61":"rin","62":"araw","63":"bakit","64":"nito","65":"anak","66":"gusto","67":"hahahaha","68":"mula","69":"akong","70":"buhay","71":"mas","72":"jesus","73":"pang","74":"bilang","75":"to","76":"kayo","77":"maging","78":"lamang","79":"ating","80":"tungkol","81":"dapat","82":"alam","83":"sinabi","84":"kahit","85":"paano","86":"kapag","87":"iyon","88":"man","89":"kasi","90":"po","91":"nasa","92":"panahon","93":"kong","94":"sana","95":"kami","96":"sabi","97":"maraming","98":"maaaring","99":"ilang","100":"ikaw","101":"eh","102":"nalang","103":"kaniya","104":"taon","105":"namin","106":"gaya","107":"the","108":"loob","109":"akin","110":"hanggang","111":"pamamagitan","112":"buong","113":"dito","114":"saksi","115":"lupa","116":"sapagkat","117":"yan","118":"bahay","119":"kanila","120":"hahahahaha","121":"sarili","122":"taong","123":"ibang","124":"anong","125":"pala","126":"baka","127":"subalit","128":"naging","129":"parang","130":"pahina","131":"kailangan","132":"kasama","133":"and","134":"mong","135":"tapos","136":"kristiyano","137":"siyay","138":"nako","139":"kita","140":"silay","141":"babae","142":"siyang","143":"pagkatapos","144":"wag","145":"haha","146":"ayon","147":"inyong","148":"paraan","149":"huwag","150":"gayon","151":"bago","152":"panginoon","153":"ngunit","154":"ibig","155":"bagong","156":"sakit","157":"bata","158":"atin","159":"tas","160":"salita","161":"dalawang","162":"iyo","163":"of","164":"sayo","165":"bansa","166":"lalaki","167":"bawat","168":"tunay","169":"habang","170":"magulang","171":"sinasabi","172":"sino","173":"bang","174":"bahagi","175":"larawan","176":"you","177":"aming","178":"kang","179":"nung","180":"oo","181":"higit","182":"saan","183":"niyo","184":"bayan","185":"gayong","186":"kapatid","187":"gawin","188":"asawa","189":"pamilya","190":"daw","191":"marami","192":"so","193":"nyo","194":"puso","195":"yun","196":"ninyo","197":"ulit","198":"gayunman","199":"iyan","200":"ganito","201":"nya","202":"ayaw","203":"daigdig","204":"halimbawa","205":"me","206":"itoy","207":"sobrang","208":"aklat","209":"kristo","210":"kaharian","211":"pablo","212":"sabihin","213":"niyang","214":"ama","215":"nating","216":"mabuting","217":"unang","218":"dahilan","219":"magiging","220":"malaking","221":"minsan","222":"kundi","223":"in","224":"for","225":"akoy","226":"ginawa","227":"ha","228":"mahal","229":"lugar","230":"nakita","231":"tubig","232":"bat","233":"sakin","234":"silang","235":"katotohanan","236":"kaibigan","237":"kaysa","238":"oras","239":"sya","240":"hari","241":"bukas","242":"ma","243":"lalo","244":"inyo","245":"ginagawa","246":"muna","247":"pagkain","248":"noon","249":"aaral","250":"tangina","251":"espiritu","252":"pangalan","253":"kailangang","254":"gumawa","255":"laban","256":"kaso","257":"totoo","258":"hahahahahaha","259":"lagi","260":"nilang","261":"my","262":"isip","263":"israel","264":"patuloy","265":"talagang","266":"problema","267":"kongregasyon","268":"bagaman","269":"ah","270":"tapat","271":"kalagayan","272":"tanong","273":"espirituwal","274":"halos","275":"kanina","276":"anupat","277":"miss","278":"maaari","279":"okay","280":"malapit","281":"hehe","282":"dami","283":"trabaho","284":"no","285":"crush","286":"ate","287":"doon","288":"ilan","289":"lakas","290":"gawa","291":"agad","292":"love","293":"tayong","294":"pananampalataya","295":"is","296":"pati","297":"kapuwa","298":"panahong","299":"pwede","300":"anumang","301":"banal","302":"ung","303":"langit","304":"pagiging","305":"kabataan","306":"new","307":"daan","308":"taga","309":"makita","310":"asa","311":"dugo","312":"kamay","313":"time","314":"mata","315":"happy","316":"alang","317":"tulong","318":"mabuti","319":"ring","320":"mahigit","321":"itong","322":"or","323":"basta","324":"nakikita","325":"kayong","326":"david","327":"yaong","328":"huhu","329":"grabe","330":"mama","331":"yamang","332":"uri","333":"feeling","334":"lingkod","335":"sarap","336":"magkaroon","337":"yon","338":"ganda","339":"awit","340":"tong","341":"ina","342":"una","343":"relihiyon","344":"tulad","345":"dios","346":"karamihan","347":"ulat","348":"mayroon","349":"gabi","350":"katawan","351":"buwan","352":"naka","353":"kamatayan","354":"sariling","355":"muli","356":"nanaman","357":"oh","358":"tingnan","359":"day","360":"dako","361":"it","362":"kase","363":"apostol","364":"aral","365":"masaya","366":"gawain","367":"puro","368":"gagawin","369":"lupain","370":"kaming","371":"ilalim","372":"tatlong","373":"hayop","374":"sanlibutan","375":"dumating","376":"maganda","377":"balita","378":"dun","379":"gayundin","380":"laging","381":"lt","382":"sorry","383":"hinggil","384":"nagsabi","385":"jud","386":"tamang","387":"harap","388":"rito","389":"oy","390":"ulo","391":"pansin","392":"hahahahahahaha","393":"satanas","394":"ta","395":"tama","396":"hi","397":"pumasok","398":"maka","399":"hirap","400":"halip","401":"payo","402":"namatay","403":"kasalanan","404":"makikita","405":"kapayapaan","406":"matuwid","407":"tulog","408":"juan","409":"tiyak","410":"ginagamit","411":"lunsod","412":"on","413":"kailan","414":"galing","415":"ata","416":"nais","417":"mahirap","418":"ga","419":"dalawa","420":"malamang","421":"sige","422":"apat","423":"siglo","424":"marahil","425":"amin","426":"mateo","427":"buhat","428":"akala","429":"namang","430":"jowa","431":"layunin","432":"kaalaman","433":"sumulat","434":"katulad","435":"amp","436":"cute","437":"wakas","438":"alagad","439":"kaayo","440":"tinatawag","441":"kaugnayan","442":"labas","443":"lalaking","444":"kuya","445":"kasulatan","446":"up","447":"sagot","448":"gawaing","449":"batang","450":"pera","451":"this","452":"meron","453":"all","454":"kana","455":"like","456":"maliwanag","457":"paggawa","458":"samantalang","459":"dati","460":"ipinakikita","461":"ibat","462":"salitang","463":"nangyari","464":"gaano","465":"pagka","466":"jerusalem","467":"lubhang","468":"hahahah","469":"panalangin","470":"paglilingkod","471":"gitna","472":"ug","473":"nagiging","474":"roon","475":"artikulo","476":"school","477":"dagat","478":"tahanan","479":"mahalaga","480":"kristiyanong","481":"masama","482":"basahin","483":"isaias","484":"utos","485":"gago","486":"ganon","487":"la","488":"gumising","489":"pangangaral","490":"pangangailangan","491":"wa","492":"kabilang","493":"jesu","494":"pinag","495":"ganitong","496":"pedro","497":"digmaan","498":"malaman","499":"tayoy","500":"mukha","501":"pagsisikap","502":"nagbibigay","503":"lol","504":"wika","505":"usap","506":"labis","507":"taglay","508":"mismo","509":"matapos","510":"parin","511":"kawikaan","512":"kailanman","513":"takot","514":"huling","515":"lng","516":"naa","517":"lalong","518":"batas","519":"galit","520":"mahalagang","521":"don","522":"palang","523":"kilala","524":"biglang","525":"ta\u00f3ng","526":"sad","527":"salamat","528":"ika","529":"edad","530":"saya","531":"estados","532":"next","533":"epekto","534":"matulog","535":"unidos","536":"patay","537":"pangunahing","538":"twitter","539":"am","540":"last","541":"good","542":"hoy","543":"pagod","544":"pagkakataon","545":"porsiyento","546":"ibinigay","547":"miyembro","548":"dating","549":"asawang","550":"thank","551":"pagitan","552":"papaano","553":"sama","554":"susunod","555":"nagsasabi","556":"tuloy","557":"ngang","558":"ok","559":"ra","560":"picture","561":"katunayan","562":"karunungan","563":"ya","564":"kalooban","565":"isinulat","566":"madaling","567":"bundok","568":"klase","569":"ngayong","570":"waring","571":"mali","572":"pangmalas","573":"bigla","574":"kumain","575":"feel","576":"moises","577":"bukod","578":"resulta","579":"karaniwan","580":"ayoko","581":"lalake","582":"ministeryo","583":"binanggit","584":"ding","585":"gustong","586":"narito","587":"mang","588":"kapangyarihan","589":"isat","590":"buti","591":"magagawa","592":"impormasyon","593":"sinaunang","594":"maliit","595":"an","596":"siguro","597":"huli","598":"niyaon","599":"judio","600":"magandang","601":"linggo","602":"nagkaroon","603":"simbahan","604":"personal","605":"dyan","606":"ganyan","607":"first","608":"after","609":"credit","610":"paggamit","611":"iisip","612":"hahahahahahahaha","613":"karanasan","614":"line","615":"angkop","616":"pagsamba","617":"isipin","618":"malakas","619":"lubusang","620":"sobra","621":"propeta","622":"naming","623":"sangkatauhan","624":"pasok","625":"gumagawa","626":"nakalipas","627":"by","628":"birthday","629":"bunga","630":"mamatay","631":"madalas","632":"kayang","633":"roma","634":"hahahahah","635":"de","636":"mataas","637":"yang","638":"tweet","639":"grupo","640":"sumunod","641":"pakinabang","642":"be","643":"paanong","644":"kayoy","645":"daming","646":"nanay","647":"umaga","648":"beses","649":"kasaysayan","650":"dakong","651":"libong","652":"chat","653":"sistema","654":"utak","655":"week","656":"tulungan","657":"sang","658":"pulong","659":"ganun","660":"umalis","661":"kabila","662":"babaing","663":"ukol","664":"pangako","665":"phone","666":"puta","667":"mamaya","668":"punong","669":"matagal","670":"kanya","671":"bahala","672":"year","673":"pagbabago","674":"charot","675":"liwanag","676":"mismong","677":"diay","678":"aprika","679":"tungo","680":"pota","681":"gulang","682":"mensahe","683":"iniisip","684":"corinto","685":"karaniwang","686":"kaaway","687":"bumalik","688":"pm","689":"paaralan","690":"hebreo","691":"san","692":"dakilang","693":"hays","694":"saka","695":"sir","696":"muling","697":"kawalang","698":"nalalaman","699":"nangyayari","700":"doktor","701":"kautusan","702":"opisyal","703":"mabilis","704":"anghel","705":"nagawa","706":"ibabaw","707":"alipin","708":"katangian","709":"pagsubok","710":"awtoridad","711":"kabataang","712":"york","713":"with","714":"sanggol","715":"totoong","716":"timoteo","717":"hinaharap","718":"nagsimula","719":"simula","720":"pano","721":"kagalakan","722":"please","723":"katapatan","724":"kala","725":"bato","726":"limang","727":"magkakaroon","728":"puno","729":"pandaigdig","730":"tagal","731":"that","732":"guro","733":"lumabas","734":"papa","735":"baby","736":"if","737":"maaga","738":"pagdating","739":"panganib","740":"mangyari","741":"matinding","742":"ilog","743":"katuwiran","744":"go","745":"kalusugan","746":"baga","747":"yaon","748":"saken","749":"char","750":"job","751":"fb","752":"nitong","753":"laman","754":"hangin","755":"nagbigay","756":"damit","757":"naniniwala","758":"timog","759":"exam","760":"pumunta","761":"tawa","762":"milyong","763":"tag","764":"sapat","765":"sina","766":"post","767":"ipinakita","768":"night","769":"ce","770":"damdamin","771":"isaalang","772":"watch","773":"talababa","774":"way","775":"gamit","776":"isipan","777":"kahulugan","778":"jan","779":"ingat","780":"anyo","781":"gising","782":"malinis","783":"nak","784":"ganiyan","785":"malaki","786":"artikulong","787":"as","788":"tuwing","789":"kinalaman","790":"abraham","791":"but","792":"saserdote","793":"turo","794":"tanging","795":"pagpapala","796":"hanggan","797":"tandaan","798":"mundo","799":"hukbo","800":"eto","801":"gawing","802":"madali","803":"putangina","804":"gamitin","805":"ginamit","806":"diba","807":"late","808":"ninyong","809":"mabait","810":"mabuhay","811":"regular","812":"bansang","813":"pamumuhay","814":"pangyayari","815":"umuwi","816":"maling","817":"diyan","818":"milyon","819":"kaligayahan","820":"dili","821":"suliranin","822":"video","823":"do","824":"juda","825":"likas","826":"haring","827":"self","828":"gaanong","829":"friends","830":"sanhi","831":"your","832":"yawa","833":"mainam","834":"nun","835":"halaga","836":"from","837":"yes","838":"maingat","839":"og","840":"kitang","841":"more","842":"hai","843":"kanang","844":"huhuhu","845":"magasing","846":"mahusay","847":"bibig","848":"simulain","849":"nakatira","850":"sis","851":"paggalang","852":"hall","853":"uy","854":"mukhang","855":"handa","856":"kahon","857":"tupa","858":"nangangahulugan","859":"un","860":"narinig","861":"atas","862":"balik","863":"kingdom","864":"mangyayari","865":"one","866":"aq","867":"life","868":"we","869":"patungo","870":"pananalita","871":"kulang","872":"makatutulong","873":"kasali","874":"katoliko","875":"sabay","876":"hapon","877":"tin","878":"hula","879":"sayang","880":"magsalita","881":"ulan","882":"kakayahan","883":"nilalang","884":"relihiyosong","885":"ani","886":"aasawa","887":"kelan","888":"masakit","889":"pls","890":"makilala","891":"lahi","892":"paa","893":"jusko","894":"tanga","895":"lord","896":"sakdal","897":"anyos","898":"kaluwalhatian","899":"makipag","900":"anuman","901":"bible","902":"daniel","903":"unti","904":"indibiduwal","905":"kalayaan","906":"apoy","907":"paningin","908":"matanda","909":"nakaka","910":"hay","911":"anim","912":"nabubuhay","913":"kog","914":"estudyante","915":"tanda","916":"solomon","917":"darating","918":"pako","919":"sure","920":"sinuman","921":"templo","922":"binhi","923":"out","924":"tagapangasiwa","925":"maliliit","926":"kausap","927":"world","928":"daang","929":"gi","930":"nagtagal","931":"manggagawa","932":"israelita","933":"tinig","934":"aga","935":"awa","936":"niyaong","937":"pananagutan","938":"brother","939":"pakiramdam","940":"lucas","941":"inom","942":"hello","943":"pribilehiyo","944":"kahoy","945":"morning","946":"wait","947":"saloobin","948":"kaluluwa","949":"hala","950":"paulit","951":"not","952":"city","953":"ho","954":"paniniwala","955":"maglingkod","956":"edyer","957":"magbigay","958":"kapaligiran","959":"maglaon","960":"gayoy","961":"sunod","962":"kapusobrigade","963":"shet","964":"punungkahoy","965":"organisasyon","966":"uli","967":"tv","968":"tumulong","969":"days","970":"wow","971":"guys","972":"aba","973":"genesis","974":"aids","975":"diko","976":"salapi","977":"girl","978":"gumagamit","979":"makalangit","980":"ewan","981":"liham","982":"lipunan","983":"bay","984":"report","985":"tsaka","986":"us","987":"ganap","988":"alak","989":"pantanging","990":"stay","991":"ayos","992":"tinanggap","993":"ari","994":"how","995":"panig","996":"tagasunod","997":"pisikal","998":"ig","999":"pamahalaan","1000":"sasabihin","1001":"nasumpungan","1002":"apocalipsis","1003":"lubos","1004":"matatag","1005":"kadalasang","1006":"dr","1007":"droga","1008":"magkagayoy","1009":"pagkakaroon","1010":"kabaitan","1011":"nadarama","1012":"nangangailangan","1013":"mayward","1014":"edi","1015":"nararapat","1016":"nawa","1017":"tropa","1018":"pagtuturo","1019":"gagawa","1020":"makapag","1021":"pitong","1022":"kinabukasan","1023":"pakikipag","1024":"mi","1025":"st","1026":"naalala","1027":"tingin","1028":"kombensiyon","1029":"kamiy","1030":"katao","1031":"nimo","1032":"hain","1033":"inaasahan","1034":"bantayan","1035":"story","1036":"usapan","1037":"sinumang","1038":"nakatulong","1039":"katarungan","1040":"what","1041":"ana","1042":"pagmamahal","1043":"magaling","1044":"mamamatay","1045":"maayos","1046":"mawala","1047":"tumanggap","1048":"napakaraming","1049":"close","1050":"kasamaan","1051":"balat","1052":"tanggapin","1053":"yg","1054":"datapuwat","1055":"paraiso","1056":"malinaw","1057":"kayat","1058":"pahayag","1059":"super","1060":"paliwanag","1061":"gwapo","1062":"itaas","1063":"papel","1064":"masasabi","1065":"dala","1066":"materyal","1067":"magasin","1068":"pamantayan","1069":"kahapon","1070":"binigyan","1071":"kapaki","1072":"medyo","1073":"matuto","1074":"hahah","1075":"pagtitiwala","1076":"iisang","1077":"proud","1078":"laki","1079":"pasimula","1080":"iniwan","1081":"puwede","1082":"nahi","1083":"malalaking","1084":"masamang","1085":"maibiging","1086":"naglilingkod","1087":"kumusta","1088":"pinaka","1089":"taimtim","1090":"magawa","1091":"solid","1092":"nawala","1093":"unta","1094":"times","1095":"kopya","1096":"same","1097":"interes","1098":"matatanda","1099":"makinig","1100":"he","1101":"tinapay","1102":"patotoo","1103":"natutuhan","1104":"samahan","1105":"sundin","1106":"gc","1107":"pwedeng","1108":"need","1109":"dulo","1110":"nagpakita","1111":"tumutulong","1112":"dinala","1113":"now","1114":"nina","1115":"sumusunod","1116":"masyado","1117":"natuklasan","1118":"say","1119":"europa","1120":"kame","1121":"pinahiran","1122":"ibibigay","1123":"itinuturing","1124":"palagi","1125":"neto","1126":"bobo","1127":"nakilala","1128":"kotse","1129":"libu","1130":"kayamanan","1131":"just","1132":"pagsulong","1133":"kaisipan","1134":"babalik","1135":"pake","1136":"normal","1137":"pagkaraan","1138":"omg","1139":"kumuha","1140":"buh\u00e1y","1141":"palibhasay","1142":"pagsunod","1143":"ibigay","1144":"tinawag","1145":"bigyan","1146":"niyan","1147":"kawalan","1148":"maunawaan","1149":"paggawi","1150":"ipinaliwanag","1151":"timbang","1152":"dumalo","1153":"init","1154":"gyud","1155":"adan","1156":"hahahahahahahahaha","1157":"kaligtasan","1158":"kahanga","1159":"are","1160":"humingi","1161":"too","1162":"koy","1163":"away","1164":"kulay","1165":"inilalarawan","1166":"misyonero","1167":"tawag","1168":"then","1169":"nagpapakita","1170":"papasok","1171":"mahabang","1172":"umiiral","1173":"sulat","1174":"napaka","1175":"hehehe","1176":"god","1177":"taena","1178":"work","1179":"ii","1180":"gt","1181":"masasamang","1182":"about","1183":"napansin","1184":"team","1185":"tinanong","1186":"hilig","1187":"manunulat","1188":"biktima","1189":"iwasan","1190":"labanan","1191":"anu","1192":"ibon","1193":"kaunting","1194":"soon","1195":"digmaang","1196":"yo","1197":"sinasabing","1198":"marunong","1199":"kakayahang","1200":"mahahalagang","1201":"katapusan","1202":"tatay","1203":"nyan","1204":"karahasan","1205":"kabanata","1206":"aktuwal","1207":"kilometro","1208":"joke","1209":"marinig","1210":"syempre","1211":"kagabi","1212":"libo","1213":"hangang","1214":"pinahirang","1215":"tagapamahala","1216":"sinisikap","1217":"pinili","1218":"uusig","1219":"lokal","1220":"paglalakbay","1221":"minamahal","1222":"mapanganib","1223":"tabi","1224":"bumili","1225":"tower","1226":"sumagot","1227":"palibot","1228":"gamot","1229":"bilis","1230":"kumilos","1231":"santiago","1232":"pamamahala","1233":"nayon","1234":"manatiling","1235":"silid","1236":"nay","1237":"sampung","1238":"budhi","1239":"manila","1240":"game","1241":"pagkabuhay","1242":"date","1243":"da","1244":"itinuturo","1245":"sambahayan","1246":"pre","1247":"diyablo","1248":"inaakala","1249":"hamon","1250":"kesa","1251":"today","1252":"ki","1253":"hakbang","1254":"maria","1255":"palagay","1256":"tanan","1257":"matagumpay","1258":"malayo","1259":"sanay","1260":"selula","1261":"sainyo","1262":"big","1263":"tara","1264":"mana","1265":"maylalang","1266":"tagumpay","1267":"padin","1268":"halaman","1269":"griego","1270":"metro","1271":"part","1272":"siyentipiko","1273":"hahahha","1274":"bawal","1275":"alemanya","1276":"tu","1277":"aralan","1278":"matibay","1279":"payunir","1280":"kanino","1281":"aning","1282":"reply","1283":"john","1284":"try","1285":"iwan","1286":"friend","1287":"hahahahha","1288":"kapakanan","1289":"kahilingan","1290":"dumalaw","1291":"tita","1292":"hanapin","1293":"inilathala","1294":"inihula","1295":"maligaya","1296":"know","1297":"jose","1298":"noe","1299":"yong","1300":"antok","1301":"ih","1302":"bayad","1303":"nalaman","1304":"boses","1305":"nararamdaman","1306":"pansinin","1307":"kumakain","1308":"lumilitaw","1309":"magpakailanman","1310":"layo","1311":"tipan","1312":"punta","1313":"alaala","1314":"april","1315":"pagbabasa","1316":"always","1317":"pagkamatay","1318":"bethel","1319":"sweet","1320":"kalo","1321":"tom","1322":"ayun","1323":"seksuwal","1324":"kasalukuyang","1325":"room","1326":"gud","1327":"balakyot","1328":"kirot","1329":"alamin","1330":"noh","1331":"ikalawang","1332":"pinuno","1333":"binabanggit","1334":"kaarawan","1335":"plano","1336":"makatuwiran","1337":"nakakainis","1338":"ke","1339":"name","1340":"nakaraan","1341":"monday","1342":"lumipat","1343":"magkasama","1344":"excited","1345":"imong","1346":"langis","1347":"lungkot","1348":"umiyak","1349":"ospital","1350":"pangkat","1351":"pulis","1352":"see","1353":"sinong","1354":"kani","1355":"samakatuwid","1356":"masusumpungan","1357":"bebe","1358":"libre","1359":"ganto","1360":"nagagawa","1361":"populasyon","1362":"tutulong","1363":"pulutong","1364":"im","1365":"masarap","1366":"amerika","1367":"jk","1368":"isla","1369":"nabasa","1370":"moral","1371":"katuparan","1372":"best","1373":"laking","1374":"aku","1375":"dm","1376":"mayroong","1377":"natapos","1378":"kaayusan","1379":"can","1380":"huy","1381":"ingay","1382":"gobyerno","1383":"well","1384":"kaloob","1385":"pupunta","1386":"kamangha","1387":"ehipto","1388":"why","1389":"mabubuting","1390":"kadalasan","1391":"bag","1392":"canada","1393":"pagkakamali","1394":"ipakita","1395":"utang","1396":"itay","1397":"nabautismuhan","1398":"naghahanap","1399":"malalaman","1400":"taas","1401":"patnubay","1402":"pagkilos","1403":"milyun","1404":"here","1405":"salin","1406":"bce","1407":"kag","1408":"umaasa","1409":"nakatulog","1410":"pahayagan","1411":"stress","1412":"kos","1413":"hahahahahah","1414":"sangkakristiyanuhan","1415":"aso","1416":"demonyo","1417":"will","1418":"bayang","1419":"handog","1420":"ready","1421":"naglalakbay","1422":"kawan","1423":"dekada","1424":"panaginip","1425":"luha","1426":"sanlibutang","1427":"kasiyahan","1428":"tinutukoy","1429":"pusong","1430":"matutulog","1431":"tumutukoy","1432":"ginto","1433":"hilagang","1434":"teksto","1435":"aw","1436":"busy","1437":"josue","1438":"naninirahan","1439":"live","1440":"unawa","1441":"lider","1442":"hukom","1443":"panginoong","1444":"natatakot","1445":"ngayoy","1446":"long","1447":"mura","1448":"laro","1449":"sekso","1450":"inilagay","1451":"mao","1452":"university","1453":"non","1454":"literal","1455":"uwi","1456":"never","1457":"pagbibigay","1458":"mn","1459":"haba","1460":"ky","1461":"unsa","1462":"naranasan","1463":"baha","1464":"nawawala","1465":"isda","1466":"programa","1467":"makatulog","1468":"naganap","1469":"maymay","1470":"pagpapahalaga","1471":"nauunawaan","1472":"mu","1473":"pic","1474":"wikang","1475":"worth","1476":"kasing","1477":"nagtatanong","1478":"buhok","1479":"tak","1480":"likod","1481":"palaging","1482":"punto","1483":"huwad","1484":"tren","1485":"mananaliksik","1486":"sangkap","1487":"make","1488":"kape","1489":"tuwa","1490":"mawawala","1491":"salik","1492":"office","1493":"kinakailangang","1494":"free","1495":"romano","1496":"gusali","1497":"sumama","1498":"bisa","1499":"naay","1500":"natulog","1501":"kaugalian","1502":"negosyo","1503":"inilarawan","1504":"tunguhin","1505":"jeremias","1506":"hangganan","1507":"tahimik","1508":"kinuha","1509":"ayan","1510":"aalay","1511":"jacob","1512":"jd","1513":"tumpak","1514":"kaklase","1515":"posible","1516":"back","1517":"magagandang","1518":"tatlo","1519":"pangarap","1520":"kilalang","1521":"book","1522":"interesado","1523":"puwedeng","1524":"kamakailan","1525":"tabak","1526":"asang","1527":"nagsimulang","1528":"karapat","1529":"kunin","1530":"kausapin","1531":"mahigpit","1532":"masyadong","1533":"friday","1534":"iisa","1535":"lakad","1536":"who","1537":"pastol","1538":"pareho","1539":"natutulog","1540":"lupang","1541":"naisip","1542":"watchtower","1543":"gutom","1544":"huminto","1545":"tito","1546":"posibleng","1547":"publikasyon","1548":"musika","1549":"husto","1550":"naroroon","1551":"binubuo","1552":"nagsasalita","1553":"malungkot","1554":"panggigipit","1555":"nman","1556":"ingles","1557":"kuwento","1558":"pagkakaisa","1559":"uyab","1560":"chill","1561":"hmm","1562":"lola","1563":"pagkalipas","1564":"sasakyan","1565":"bus","1566":"society","1567":"bukid","1568":"modernong","1569":"raw","1570":"karapatan","1571":"online","1572":"nawalan","1573":"ngano","1574":"karon","1575":"lihim","1576":"break","1577":"balay","1578":"literatura","1579":"akit","1580":"iyak","1581":"gani","1582":"ugat","1583":"bulaklak","1584":"jo","1585":"ugnayan","1586":"tiyan","1587":"naririnig","1588":"pinsala","1589":"larangan","1590":"james","1591":"mahilig","1592":"manalangin","1593":"month","1594":"telebisyon","1595":"virus","1596":"ning","1597":"naghihintay","1598":"internet","1599":"hihi","1600":"efeso","1601":"aalis","1602":"india","1603":"bituin","1604":"ideya","1605":"ihambing","1606":"sistemang","1607":"bait","1608":"kabuluhan","1609":"maylikha","1610":"ex","1611":"paksa","1612":"sandali","1613":"legal","1614":"kalakip","1615":"london","1616":"sakay","1617":"pay","1618":"angaw","1619":"home","1620":"moko","1621":"kapighatian","1622":"mambabasa","1623":"gumamit","1624":"pamilyang","1625":"umabot","1626":"re","1627":"mababasa","1628":"tamad","1629":"matalino","1630":"issue","1631":"samuel","1632":"song","1633":"nice","1634":"tract","1635":"magpakita","1636":"popular","1637":"isyu","1638":"movie","1639":"masayang","1640":"party","1641":"nmn","1642":"tagubilin","1643":"abala","1644":"nagsalita","1645":"ye","1646":"yari","1647":"iniulat","1648":"buto","1649":"namiss","1650":"fan","1651":"trip","1652":"grade","1653":"hayaan","1654":"pagtulong","1655":"personalidad","1656":"mangaral","1657":"nko","1658":"have","1659":"share","1660":"par","1661":"yata","1662":"australia","1663":"safe","1664":"nlng","1665":"account","1666":"bulay","1667":"mexico","1668":"bautismo","1669":"point","1670":"naiiyak","1671":"namo","1672":"ligtas","1673":"mainit","1674":"bad","1675":"kaaliwan","1676":"panoorin","1677":"music","1678":"thanks","1679":"th","1680":"nangangahulugang","1681":"saul","1682":"manood","1683":"pagsasalita","1684":"pilipinas","1685":"pasyente","1686":"se","1687":"kilig","1688":"teacher","1689":"blurb","1690":"impluwensiya","1691":"praktikal","1692":"gang","1693":"alis","1694":"computer","1695":"tiktok","1696":"nakikinig","1697":"ap","1698":"pransiya","1699":"tuwang","1700":"makapangyarihan","1701":"sulit","1702":"malubhang","1703":"salig","1704":"ministro","1705":"naiisip","1706":"pagkakaiba","1707":"krimen","1708":"pagsasama","1709":"uring","1710":"umasa","1711":"manghang","1712":"kamag","1713":"sakanya","1714":"nabanggit","1715":"sitwasyon","1716":"pakisuyong","1717":"angkan","1718":"high","1719":"kabutihan","1720":"te","1721":"samin","1722":"maligayang","1723":"munting","1724":"ipinahihiwatig","1725":"patayin","1726":"get","1727":"tiwala","1728":"eva","1729":"pagsusuri","1730":"matapat","1731":"ipinahayag","1732":"najud","1733":"paraang","1734":"iingat","1735":"malap\u00edt","1736":"kapananampalataya","1737":"paki","1738":"lumapit","1739":"pagsasanay","1740":"harapan","1741":"pantubos","1742":"let","1743":"pagsasalin","1744":"king","1745":"heart","1746":"turuan","1747":"pinagmumulan","1748":"jeep","1749":"kanta","1750":"pinsan","1751":"mommy","1752":"tinulungan","1753":"pari","1754":"sangbahayan","1755":"kamo","1756":"nagdudulot","1757":"handang","1758":"ugali","1759":"naroon","1760":"pasasalamat","1761":"pagpapatotoo","1762":"mamamayan","1763":"elder","1764":"uminom","1765":"swerte","1766":"family","1767":"goodluck","1768":"boy","1769":"aleman","1770":"paglalaan","1771":"brazil","1772":"nangangaral","1773":"pambihirang","1774":"english","1775":"tweets","1776":"dila","1777":"thankyou","1778":"tha","1779":"bakasyon","1780":"ikatlong","1781":"nakakita","1782":"tinatamad","1783":"move","1784":"dooy","1785":"nadama","1786":"hanggat","1787":"ibinibigay","1788":"simple","1789":"kinakain","1790":"wtf","1791":"egipto","1792":"pare","1793":"review","1794":"tumatanggap","1795":"ron","1796":"main","1797":"nagbago","1798":"kanser","1799":"gala","1800":"siyensiya","1801":"tang","1802":"bilangguan","1803":"lansangan","1804":"murag","1805":"lamig","1806":"iniutos","1807":"tanawin","1808":"potek","1809":"propesor","1810":"alinlangan","1811":"naglalaan","1812":"ibaba","1813":"baybayin","1814":"suriin","1815":"lumakad","1816":"tanungin","1817":"pahayagang","1818":"konti","1819":"ak","1820":"nasasangkot","1821":"nakaupo","1822":"kongregasyong","1823":"kasulatang","1824":"pagpili","1825":"nagngangalang","1826":"hukuman","1827":"hawak","1828":"kinasihang","1829":"since","1830":"college","1831":"pagtatayo","1832":"deserve","1833":"sister","1834":"years","1835":"pangit","1836":"malamig","1837":"dali","1838":"nagkasala","1839":"pong","1840":"agosto","1841":"nagtatrabaho","1842":"bes","1843":"news","1844":"kaigtingan","1845":"pagkakataong","1846":"nanganganib","1847":"hahahhaha","1848":"maagang","1849":"kaakit","1850":"gawang","1851":"lumitaw","1852":"matakot","1853":"oktubre","1854":"mamuhay","1855":"maam","1856":"nagtanong","1857":"napag","1858":"edukasyon","1859":"telepono","1860":"dakila","1861":"kasuwato","1862":"taun","1863":"wastong","1864":"wo","1865":"ayusin","1866":"nakalimutan","1867":"nd","1868":"tumigil","1869":"hinahanap","1870":"gana","1871":"maniwala","1872":"babala","1873":"teritoryo","1874":"tumugon","1875":"anomang","1876":"ihahambing","1877":"marcos","1878":"partikular","1879":"nagpatuloy","1880":"national","1881":"top","1882":"kaunti","1883":"legit","1884":"much","1885":"napakahalaga","1886":"sangay","1887":"update","1888":"kapansin","1889":"estado","1890":"kabayo","1891":"gid","1892":"matututuhan","1893":"pinahahalagahan","1894":"was","1895":"harapin","1896":"kasabay","1897":"espanya","1898":"bi","1899":"iiwan","1900":"kinakailangan","1901":"leon","1902":"naunang","1903":"nagising","1904":"person","1905":"saganang","1906":"sakong","1907":"kuala","1908":"itim","1909":"diwa","1910":"pagkakasala","1911":"research","1912":"pasukan","1913":"pinatay","1914":"quiz","1915":"luh","1916":"disyembre","1917":"hinihintay","1918":"ilustrasyon","1919":"nilalaman","1920":"humantong","1921":"mabagal","1922":"ingatan","1923":"united","1924":"messenger","1925":"putek","1926":"naglalaman","1927":"paglaki","1928":"bumaba","1929":"daghan","1930":"dahon","1931":"bumangon","1932":"pasiya","1933":"people","1934":"kwenta","1935":"kwarto","1936":"labi","1937":"malay","1938":"nalabi","1939":"dumarating","1940":"wish","1941":"ada","1942":"positibong","1943":"pamamaraan","1944":"karangalan","1945":"magiliw","1946":"alas","1947":"abril","1948":"nato","1949":"hahahahahahahahahaha","1950":"pulitika","1951":"makapangyarihang","1952":"pagsalakay","1953":"maine","1954":"siyempre","1955":"gresya","1956":"edward","1957":"promise","1958":"yugto","1959":"ganiyang","1960":"talaan","1961":"dulot","1962":"ganahan","1963":"kasamang","1964":"maligo","1965":"silangan","1966":"napakalaking","1967":"kasalukuyan","1968":"nakapag","1969":"elias","1970":"pagnanais","1971":"taka","1972":"pangangalaga","1973":"drama","1974":"gantimpala","1975":"kagubatan","1976":"apa","1977":"kalikasan","1978":"kalahati","1979":"inaasahang","1980":"sem","1981":"hap\u00f3n","1982":"mesiyas","1983":"asia","1984":"uusapan","1985":"idol","1986":"gd","1987":"alin","1988":"magbibigay","1989":"bandang","1990":"kahinaan","1991":"ehh","1992":"photo","1993":"reaksiyon","1994":"nakikipag","1995":"landas","1996":"comment","1997":"katotohanang","1998":"tanggapan","1999":"salamin","2000":"mahihirap","2001":"puwersa","2002":"coffee","2003":"bet","2004":"kasunod","2005":"her","2006":"paghahanap","2007":"baba","2008":"nanalangin","2009":"kasal","2010":"malimit","2011":"pinagmulan","2012":"kusang","2013":"antas","2014":"still","2015":"pagsang","2016":"namamatay","2017":"pagtitiis","2018":"purihin","2019":"kona","2020":"kaluguran","2021":"kawawa","2022":"tumawag","2023":"nasusulat","2024":"ebanghelyo","2025":"kultura","2026":"saanman","2027":"tirahan","2028":"alden","2029":"maliban","2030":"pumapasok","2031":"puri","2032":"pananalitang","2033":"hahahahahha","2034":"disiplina","2035":"nakuha","2036":"kapahayagan","2037":"think","2038":"pananaw","2039":"inglatera","2040":"kapistahan","2041":"karagdagang","2042":"seryoso","2043":"pangalang","2044":"card","2045":"amoy","2046":"nagmumula","2047":"enjoy","2048":"iligtas","2049":"maibigin","2050":"maya","2051":"kaha","2052":"itinayo","2053":"bantay","2054":"bilanggo","2055":"gilead","2056":"binabasa","2057":"inay","2058":"mayo","2059":"udyok","2060":"bala","2061":"inatasan","2062":"class","2063":"facebook","2064":"kilalanin","2065":"lumalabas","2066":"alisin","2067":"paniwala","2068":"nasaan","2069":"kumulang","2070":"off","2071":"minuto","2072":"sandata","2073":"tunog","2074":"pangunahin","2075":"tila","2076":"something","2077":"makalupang","2078":"matutulungan","2079":"grupong","2080":"eclesiastes","2081":"nakagawa","2082":"magtanong","2083":"hiya","2084":"lumpur","2085":"hmmm","2086":"sanang","2087":"madami","2088":"nasasaktan","2089":"naku","2090":"abot","2091":"natatawa","2092":"boss","2093":"gayunding","2094":"special","2095":"baril","2096":"hair","2097":"follow","2098":"makina","2099":"tawang","2100":"food","2101":"aksidente","2102":"alkohol","2103":"lawa","2104":"fools","2105":"manatili","2106":"kisses","2107":"pagdurusa","2108":"kwento","2109":"gentil","2110":"gulo","2111":"want","2112":"maintindihan","2113":"nakong","2114":"sapol","2115":"mababa","2116":"damo","2117":"pagdalaw","2118":"pauwi","2119":"gayunpaman","2120":"natatanging","2121":"sala","2122":"filipos","2123":"dalisay","2124":"karamdaman","2125":"gagamitin","2126":"kalungkutan","2127":"kahirapan","2128":"papatayin","2129":"magkagayon","2130":"paninindigan","2131":"pabalik","2132":"pantay","2133":"iya","2134":"mayaman","2135":"proteksiyon","2136":"himala","2137":"teoriya","2138":"toh","2139":"grades","2140":"bakla","2141":"tularan","2142":"pinto","2143":"niyong","2144":"nagulat","2145":"short","2146":"mananamba","2147":"lalabas","2148":"eksperto","2149":"pasko","2150":"pogi","2151":"sinabihan","2152":"mood","2153":"uuwi","2154":"lasing","2155":"malalim","2156":"exodo","2157":"natutuwa","2158":"unting","2159":"parehas","2160":"ngipin","2161":"karne","2162":"itlog","2163":"simpleng","2164":"lupaing","2165":"opinyon","2166":"matalinong","2167":"humigit","2168":"wifi","2169":"mr","2170":"malawak","2171":"end","2172":"ala","2173":"ilong","2174":"istilo","2175":"nakaraang","2176":"pagpapakita","2177":"tuwirang","2178":"ur","2179":"bisita","2180":"igalang","2181":"pader","2182":"kemikal","2183":"sumuko","2184":"nakikilala","2185":"international","2186":"internasyonal","2187":"study","2188":"magtrabaho","2189":"landasin","2190":"takdang","2191":"anon","2192":"marso","2193":"tindahan","2194":"nakipag","2195":"barko","2196":"desisyon","2197":"abi","2198":"old","2199":"gay","2200":"alay","2201":"makibahagi","2202":"itinuro","2203":"nandito","2204":"alalahanin","2205":"tinitiyak","2206":"depende","2207":"iniibig","2208":"pagpatay","2209":"tinatanggap","2210":"likuran","2211":"aktibong","2212":"taba","2213":"nananalangin","2214":"message","2215":"lindol","2216":"sleep","2217":"mahina","2218":"nakikitang","2219":"den","2220":"send","2221":"kina","2222":"makatuwirang","2223":"basura","2224":"tatalakayin","2225":"single","2226":"sumulong","2227":"ahh","2228":"katibayan","2229":"karagdagan","2230":"kinikilig","2231":"hiniling","2232":"nauugnay","2233":"emosyon","2234":"klero","2235":"walong","2236":"puti","2237":"skl","2238":"naiwan","2239":"ginawang","2240":"version","2241":"kahatulan","2242":"hiwalay","2243":"wla","2244":"aaron","2245":"oi","2246":"bibigyan","2247":"pranses","2248":"true","2249":"pud","2250":"el","2251":"pangangatuwiran","2252":"lg","2253":"kumikilos","2254":"puyat","2255":"namn","2256":"dalhin","2257":"pagmamasid","2258":"lo","2259":"gurl","2260":"keep","2261":"pampatibay","2262":"asamblea","2263":"kalagayang","2264":"ikalawa","2265":"kanyang","2266":"tapusin","2267":"pusa","2268":"masigasig","2269":"iskolar","2270":"kumakatawan","2271":"kampo","2272":"napapaharap","2273":"isulat","2274":"lumipas","2275":"regalo","2276":"amo","2277":"makasama","2278":"setyembre","2279":"teka","2280":"hunyo","2281":"batid","2282":"help","2283":"atong","2284":"situwasyon","2285":"tlga","2286":"uusap","2287":"pagkaunawa","2288":"baguhin","2289":"games","2290":"kasiya","2291":"karo","2292":"kapakinabangan","2293":"matalik","2294":"kapa","2295":"kastila","2296":"isinilang","2297":"motibo","2298":"matandang","2299":"bigay","2300":"namen","2301":"right","2302":"every","2303":"magsimula","2304":"cristo","2305":"hanga","2306":"christmas","2307":"kakaunti","2308":"tinutulungan","2309":"nakalulungkot","2310":"emosyonal","2311":"nagnanais","2312":"palad","2313":"jordan","2314":"panatilihin","2315":"katayuan","2316":"eua","2317":"down","2318":"naiiba","2319":"usok","2320":"pagkatao","2321":"kataka","2322":"italya","2323":"sunday","2324":"tradisyon","2325":"tatanggapin","2326":"radyo","2327":"kar","2328":"pagkuha","2329":"kain","2330":"katalinuhan","2331":"umiinom","2332":"kabiyak","2333":"nakakatakot","2334":"hours","2335":"episode","2336":"lungsod","2337":"tukso","2338":"pagtitipon","2339":"ipinanganak","2340":"adulto","2341":"balak","2342":"nazi","2343":"sundalo","2344":"posisyon","2345":"pagkakakilanlan","2346":"kadiliman","2347":"hayaang","2348":"sapatos","2349":"pagsasabi","2350":"boyfriend","2351":"nadine","2352":"sentro","2353":"itanong","2354":"congrats","2355":"huhuhuhu","2356":"panget","2357":"libro","2358":"katutubong","2359":"magpatuloy","2360":"mahaba","2361":"nai","2362":"ipaliwanag","2363":"pilak","2364":"dambana","2365":"ganang","2366":"gustung","2367":"masa","2368":"ganoon","2369":"there","2370":"hrs","2371":"magising","2372":"imoralidad","2373":"andami","2374":"masabi","2375":"uulat","2376":"pawang","2377":"nagpahayag","2378":"ge","2379":"sinaktan","2380":"babaeng","2381":"galaw","2382":"kabiguan","2383":"math","2384":"magtiwala","2385":"kabalo","2386":"nakaligtas","2387":"planeta","2388":"nagpapasalamat","2389":"espirituwalidad","2390":"tinukoy","2391":"very","2392":"mamamahayag","2393":"really","2394":"nasisiyahan","2395":"concert","2396":"kanluran","2397":"van","2398":"impiyerno","2399":"patungong","2400":"suot","2401":"unya","2402":"ngiti","2403":"ebidensiya","2404":"ne","2405":"sinusunod","2406":"relasyon","2407":"tanginang","2408":"nagtuturo","2409":"pinas","2410":"nahihirapan","2411":"nasad","2412":"bulag","2413":"tots","2414":"produkto","2415":"number","2416":"ilagay","2417":"she","2418":"group","2419":"pinagpala","2420":"tutulungan","2421":"batay","2422":"pakikitungo","2423":"kagaya","2424":"bye","2425":"batong","2426":"sumapit","2427":"yoko","2428":"paglalang","2429":"binago","2430":"posibilidad","2431":"kalamnan","2432":"sira","2433":"prinsipe","2434":"great","2435":"nagkakaroon","2436":"check","2437":"ezekiel","2438":"hahahahhaha","2439":"katiwasayan","2440":"pangulo","2441":"salot","2442":"dear","2443":"karapatang","2444":"namimiss","2445":"talinghaga","2446":"katumbas","2447":"sintomas","2448":"pananamit","2449":"active","2450":"talatang","2451":"kambing","2452":"its","2453":"makabagong","2454":"health","2455":"libingan","2456":"pinakamalaking","2457":"labyu","2458":"when","2459":"buhangin","2460":"nagtungo","2461":"nabuhay","2462":"months","2463":"ghorl","2464":"pulitikal","2465":"before","2466":"abuloy","2467":"kauna","2468":"tapi","2469":"papuri","2470":"tae","2471":"syang","2472":"pangitain","2473":"pung","2474":"hahhaha","2475":"kinailangan","2476":"sara","2477":"dumadalaw","2478":"album","2479":"shit","2480":"karaming","2481":"gigil","2482":"umiiyak","2483":"uso","2484":"inilalagay","2485":"yelo","2486":"nakakatuwa","2487":"asal","2488":"silangang","2489":"makadiyos","2490":"susi","2491":"ulet","2492":"gatas","2493":"kabaligtaran","2494":"kaagad","2495":"hitler","2496":"hinihiling","2497":"future","2498":"doktrina","2499":"pagnanasa","2500":"talata","2501":"star","2502":"isiniwalat","2503":"moy","2504":"maiwasan","2505":"malaya","2506":"ginagawang","2507":"pananaliksik","2508":"diri","2509":"pananalangin","2510":"ramdam","2511":"dos","2512":"kaka","2513":"umakay","2514":"skin","2515":"tanggap","2516":"isaac","2517":"strong","2518":"wanna","2519":"pambuong","2520":"aabuso","2521":"kataas","2522":"forever","2523":"nagaganap","2524":"dadalhin","2525":"orihinal","2526":"bai","2527":"mapag","2528":"site","2529":"direksiyon","2530":"nk","2531":"britanya","2532":"brooklyn","2533":"militar","2534":"diborsiyo","2535":"ed","2536":"naglingkod","2537":"mean","2538":"kasakiman","2539":"kya","2540":"maghanap","2541":"nakatatakot","2542":"pelikula","2543":"hebreong","2544":"sigasig","2545":"lupong","2546":"gumugol","2547":"makatuwid","2548":"ipinagbabawal","2549":"pagpupulong","2550":"teh","2551":"itinatag","2552":"alamat","2553":"nakikibahagi","2554":"relihiyoso","2555":"nanatili","2556":"magpakailan","2557":"kahalagahan","2558":"journal","2559":"lab","2560":"sumayaw","2561":"later","2562":"kompanya","2563":"lumilikha","2564":"hulyo","2565":"lage","2566":"pagkaing","2567":"gg","2568":"inamin","2569":"pumili","2570":"duterte","2571":"alitan","2572":"sinagot","2573":"pakinggan","2574":"tabernakulo","2575":"pagsapit","2576":"nakakakita","2577":"media","2578":"tanggapang","2579":"makasalanan","2580":"practice","2581":"kuch","2582":"pakikinig","2583":"pinakamataas","2584":"ekonomiya","2585":"medisina","2586":"nu","2587":"bahaging","2588":"sagutin","2589":"pioneer","2590":"nakamamatay","2591":"nanonood","2592":"siyentipikong","2593":"nangunguna","2594":"boring","2595":"parehong","2596":"taehyung","2597":"lunas","2598":"bumagsak","2599":"nagtitiwala","2600":"mat","2601":"pumaroon","2602":"tipong","2603":"palabas","2604":"tbh","2605":"nasabi","2606":"nakapagpapatibay","2607":"ugma","2608":"wrong","2609":"sanga","2610":"paglipas","2611":"konting","2612":"humahanap","2613":"nagsasabing","2614":"mapa","2615":"social","2616":"nagmamalasakit","2617":"hitsura","2618":"debosyon","2619":"pakpak","2620":"kapanganakan","2621":"matatapos","2622":"kuta","2623":"kc","2624":"magtatagal","2625":"naga","2626":"bumubuo","2627":"ikaapat","2628":"romanong","2629":"fans","2630":"piliin","2631":"sam","2632":"colosas","2633":"pamilyar","2634":"lumalaki","2635":"sungay","2636":"magalit","2637":"naglalakad","2638":"vid","2639":"sugat","2640":"maysakit","2641":"ahahaha","2642":"balikat","2643":"care","2644":"awtor","2645":"asno","2646":"lolo","2647":"nakasalig","2648":"magaganap","2649":"dumaranas","2650":"quarantine","2651":"red","2652":"magbasa","2653":"sikaping","2654":"mapansin","2655":"unahang","2656":"bb","2657":"atay","2658":"nakadarama","2659":"nakog","2660":"nakahihigit","2661":"napaharap","2662":"salmista","2663":"dukha","2664":"banggitin","2665":"mapanatili","2666":"libangan","2667":"minahal","2668":"kristiyanismo","2669":"hahahahahhaha","2670":"marupok","2671":"box","2672":"kapoy","2673":"protestante","2674":"sirain","2675":"balang","2676":"hilaga","2677":"nakakapagod","2678":"nakaranas","2679":"pula","2680":"kasinungalingan","2681":"pananim","2682":"pangangailangang","2683":"gumaling","2684":"pagtugon","2685":"makasagisag","2686":"tiyakin","2687":"kagandahang","2688":"tomo","2689":"sakaling","2690":"nagdadala","2691":"panata","2692":"poot","2693":"cc","2694":"play","2695":"tumakas","2696":"fuck","2697":"nariyan","2698":"yumaon","2699":"ll","2700":"muntik","2701":"tinatanong","2702":"full","2703":"kordero","2704":"kachat","2705":"call","2706":"open","2707":"look","2708":"pagbabata","2709":"makikilala","2710":"cellphone","2711":"motor","2712":"again","2713":"idinagdag","2714":"suporta","2715":"pics","2716":"tinatayang","2717":"gulat","2718":"nagmula","2719":"pagbabalik","2720":"kapalit","2721":"sakop","2722":"mawalan","2723":"problemang","2724":"paul","2725":"nood","2726":"espiritung","2727":"trinidad","2728":"paligid","2729":"pagtanggap","2730":"kr","2731":"baya","2732":"malalakas","2733":"magsasaka","2734":"trono","2735":"makalipas","2736":"upuan","2737":"filisteo","2738":"kriminal","2739":"kanlurang","2740":"magsabi","2741":"ilaw","2742":"ini","2743":"lubusan","2744":"isay","2745":"petsa","2746":"suka","2747":"naparoon","2748":"saksing","2749":"ulap","2750":"usa","2751":"case","2752":"cp","2753":"makapasok","2754":"konklusyon","2755":"nananatiling","2756":"lima","2757":"idea","2758":"gets","2759":"kagila","2760":"kabuhayan","2761":"allah","2762":"ml","2763":"nagbabala","2764":"enero","2765":"proyekto","2766":"makadama","2767":"sinalita","2768":"tesalonica","2769":"easy","2770":"judea","2771":"tahanang","2772":"dalaga","2773":"magagamit","2774":"siglong","2775":"nagsisilbing","2776":"kaunawaan","2777":"hatol","2778":"nyong","2779":"inaantok","2780":"american","2781":"sb","2782":"madla","2783":"kelangan","2784":"pagliligtas","2785":"haing","2786":"pintuan","2787":"imo","2788":"nyang","2789":"nanggagaling","2790":"natatandaan","2791":"manalo","2792":"kanan","2793":"aani","2794":"pulang","2795":"pantas","2796":"mananatili","2797":"katabi","2798":"hahahahahahahah","2799":"atleast","2800":"pagpipigil","2801":"imposible","2802":"dae","2803":"pagsalansang","2804":"dumarami","2805":"dumanas","2806":"tagapakinig","2807":"istasyon","2808":"pambansang","2809":"solusyon","2810":"naiinis","2811":"ayokong","2812":"laag","2813":"kaw","2814":"gastos","2815":"masaktan","2816":"manok","2817":"daliri","2818":"kawili","2819":"hang","2820":"nagsisimula","2821":"tampok","2822":"mamahalin","2823":"pansamantalang","2824":"lunes","2825":"mabisang","2826":"nakasakay","2827":"tolda","2828":"sari","2829":"kaguluhan","2830":"paminsan","2831":"samantala","2832":"iwas","2833":"yeah","2834":"lami","2835":"nakakaiyak","2836":"kumakapit","2837":"nagbabasa","2838":"ebolusyon","2839":"dokumento","2840":"sigarilyo","2841":"inc","2842":"surbey","2843":"set","2844":"sinomang","2845":"enerhiya","2846":"gandang","2847":"kahawig","2848":"pagpapasiya","2849":"buo","2850":"judas","2851":"unahan","2852":"korea","2853":"katulong","2854":"tekstong","2855":"karumaldumal","2856":"yeh","2857":"kinakabahan","2858":"binili","2859":"effort","2860":"aaway","2861":"start","2862":"black","2863":"paaralang","2864":"pagkaalam","2865":"maabot","2866":"gwapa","2867":"pagtatangi","2868":"marahas","2869":"ms","2870":"nakatutulong","2871":"mungkahi","2872":"talo","2873":"relationship","2874":"itaguyod","2875":"makatulong","2876":"vote","2877":"oks","2878":"sandaling","2879":"makuha","2880":"kilabot","2881":"paggamot","2882":"memoryal","2883":"acc","2884":"gubat","2885":"katiyakan","2886":"maaasahan","2887":"makitang","2888":"metal","2889":"binata","2890":"nobyembre","2891":"magpa","2892":"sab","2893":"sobyet","2894":"tumanggi","2895":"hahahahahahah","2896":"napakahirap","2897":"bumabalik","2898":"mananampalataya","2899":"munang","2900":"numero","2901":"jusq","2902":"nakakatawa","2903":"kamusta","2904":"bday","2905":"lasa","2906":"sarah","2907":"paninigarilyo","2908":"pakikibahagi","2909":"santo","2910":"nations","2911":"nakatala","2912":"tinataya","2913":"nagpasiya","2914":"sign","2915":"naiyak","2916":"nababasa","2917":"hot","2918":"buang","2919":"apektado","2920":"cover","2921":"kin","2922":"sagisag","2923":"hinihimok","2924":"umakyat","2925":"magkakasama","2926":"katangiang","2927":"badtrip","2928":"ny","2929":"napakagandang","2930":"sabik","2931":"ee","2932":"papunta","2933":"kalagitnaan","2934":"mahalin","2935":"paglilibang","2936":"takbo","2937":"ipon","2938":"nagpapahiwatig","2939":"bwisit","2940":"myday","2941":"gina","2942":"gilalas","2943":"piraso","2944":"private","2945":"umiral","2946":"mins","2947":"tungkulin","2948":"nakatayo","2949":"ipinahahayag","2950":"hinding","2951":"babilonya","2952":"boluntaryo","2953":"anuna","2954":"armas","2955":"isinisiwalat","2956":"ab","2957":"add","2958":"nababahala","2959":"ibigin","2960":"sagana","2961":"ngay","2962":"nagsisikap","2963":"text","2964":"manuod","2965":"pagdalo","2966":"naten","2967":"mabasa","2968":"pulisya","2969":"ice","2970":"gas","2971":"kaugnay","2972":"sikat","2973":"autoridad","2974":"malusog","2975":"mcdo","2976":"sea","2977":"andito","2978":"tinuruan","2979":"industriya","2980":"pagbabawal","2981":"komento","2982":"espesipikong","2983":"kilo","2984":"payat","2985":"esther","2986":"ipinasiya","2987":"judiong","2988":"pangungusap","2989":"gunigunihin","2990":"koi","2991":"binigay","2992":"sansinukob","2993":"kasakdalan","2994":"hukbong","2995":"nagsugo","2996":"kalapit","2997":"limitasyon","2998":"maghanda","2999":"nauna","3000":"mabisa","3001":"paraisong","3002":"bwiset","3003":"abuso","3004":"muka","3005":"umamin","3006":"kalahating","3007":"our","3008":"lee","3009":"leeg","3010":"idk","3011":"makakita","3012":"training","3013":"inuman","3014":"take","3015":"better","3016":"format","3017":"makahulang","3018":"napakahusay","3019":"kayarian","3020":"bigyang","3021":"richard","3022":"bigat","3023":"bibliyang","3024":"siyam","3025":"mabigat","3026":"kumbinsido","3027":"inakala","3028":"saglit","3029":"tan","3030":"ginugol","3031":"latin","3032":"makahimalang","3033":"bilyong","3034":"namumuhay","3035":"side","3036":"inutusan","3037":"ask","3038":"hehehehe","3039":"pagpasok","3040":"karera","3041":"some","3042":"kagandahan","3043":"pebrero","3044":"pe","3045":"kalsada","3046":"importante","3047":"sumasamba","3048":"prof","3049":"natakot","3050":"humihingi","3051":"nagbabago","3052":"ever","3053":"sumali","3054":"kanais","3055":"naglalaro","3056":"kooo","3057":"walay","3058":"got","3059":"umulan","3060":"gihapon","3061":"katuwaan","3062":"gr","3063":"dumaan","3064":"umiibig","3065":"faraon","3066":"hayup","3067":"pagkatakot","3068":"palatandaan","3069":"pagpapatiwakal","3070":"pahinga","3071":"pahinang","3072":"chance","3073":"magbalik","3074":"imoral","3075":"kapahamakan","3076":"kat","3077":"convo","3078":"bahagyang","3079":"react","3080":"galang","3081":"imagine","3082":"balahibo","3083":"amerikano","3084":"baliw","3085":"kaninang","3086":"log","3087":"hadlang","3088":"kasamahan","3089":"plastik","3090":"usto","3091":"kinikilala","3092":"elepante","3093":"bakal","3094":"kinasihan","3095":"pagkabahala","3096":"tigil","3097":"sunud","3098":"klima","3099":"via","3100":"covid","3101":"mau","3102":"bro","3103":"sasagutin","3104":"bagkus","3105":"masasabing","3106":"nasira","3107":"galilea","3108":"nagsasagawa","3109":"pagtatalo","3110":"kuwarto","3111":"brosyur","3112":"matatagpuan","3113":"makukuha","3114":"among","3115":"inisip","3116":"karagatan","3117":"eksaktong","3118":"nagustuhan","3119":"tulos","3120":"serbisyo","3121":"emperador","3122":"fam","3123":"gano","3124":"iyang","3125":"reason","3126":"sako","3127":"epal","3128":"godbless","3129":"halagang","3130":"over","3131":"itinuring","3132":"kingina","3133":"determinado","3134":"napapansin","3135":"lumilipad","3136":"halamang","3137":"pra","3138":"orang","3139":"kulit","3140":"nagmamahal","3141":"makarating","3142":"nagtataglay","3143":"insekto","3144":"kapurihan","3145":"sumamba","3146":"lain","3147":"aari","3148":"tagapagturo","3149":"tuluyan","3150":"babe","3151":"griegong","3152":"tol","3153":"organization","3154":"shopping","3155":"tatanggap","3156":"canaan","3157":"ipinadala","3158":"niyebe","3159":"ubas","3160":"mami","3161":"ayy","3162":"inang","3163":"makakaya","3164":"tuntunin","3165":"olibo","3166":"daanan","3167":"pabrika","3168":"sakuna","3169":"gym","3170":"pananabik","3171":"gali","3172":"pakistan","3173":"pagkasira","3174":"pagpapalain","3175":"pinansiyal","3176":"kalakasan","3177":"presidente","3178":"magkakapatid","3179":"rt","3180":"gulong","3181":"kanlungan","3182":"riyan","3183":"ikot","3184":"nakakatamad","3185":"pagtatapos","3186":"determinasyon","3187":"pagpapagaling","3188":"sabe","3189":"nuklear","3190":"sigaw","3191":"unlad","3192":"publiko","3193":"hanap","3194":"ayo","3195":"patibayin","3196":"support","3197":"sinikap","3198":"km","3199":"russia","3200":"pagdiriwang","3201":"nami","3202":"sinimulan","3203":"kakila","3204":"globe","3205":"pangglobong","3206":"rekord","3207":"kisi","3208":"nagsisisi","3209":"ball","3210":"least","3211":"imbis","3212":"nahulog","3213":"service","3214":"kabuuan","3215":"dn","3216":"makinabang","3217":"kaawaan","3218":"aalinlangan","3219":"malupit","3220":"taglamig","3221":"masalimuot","3222":"hahayaan","3223":"kapitbahay","3224":"mind","3225":"pagdami","3226":"sinunod","3227":"delete","3228":"kakulangan","3229":"kumanta","3230":"them","3231":"him","3232":"operasyon","3233":"gue","3234":"nagbunga","3235":"prutas","3236":"save","3237":"magka","3238":"magisa","3239":"bangkay","3240":"than","3241":"malayang","3242":"gabing","3243":"ku","3244":"natawa","3245":"abang","3246":"dangal","3247":"humiling","3248":"natututo","3249":"makikinabang","3250":"kasaganaan","3251":"nasaktan","3252":"bubong","3253":"alaga","3254":"lugod","3255":"madaming","3256":"natututuhan","3257":"naninigarilyo","3258":"je","3259":"natanggap","3260":"kapamilya","3261":"takda","3262":"pagsasagawa","3263":"pagkadama","3264":"maglaan","3265":"minsang","3266":"opo","3267":"taoy","3268":"pagkakapit","3269":"pampamilyang","3270":"dong","3271":"sexy","3272":"sex","3273":"itinaguyod","3274":"magdaos","3275":"ipinaliliwanag","3276":"tambay","3277":"nakasama","3278":"ipinalalagay","3279":"dahan","3280":"kasagutan","3281":"payagan","3282":"magbago","3283":"magdala","3284":"tumingin","3285":"thoughts","3286":"tauhan","3287":"pinasimulan","3288":"pede","3289":"babasahin","3290":"hahahaa","3291":"interview","3292":"words","3293":"matatandang","3294":"thread","3295":"bagyo","3296":"iniligtas","3297":"ato","3298":"magaganda","3299":"bukal","3300":"ve","3301":"taos","3302":"dumadalo","3303":"kahariang","3304":"pana","3305":"nahihiya","3306":"goodnight","3307":"levita","3308":"pro","3309":"hmp","3310":"ending","3311":"paanyaya","3312":"inilaan","3313":"okasyon","3314":"umpisa","3315":"pinatutunayan","3316":"magbabago","3317":"nagkita","3318":"ubo","3319":"patiunang","3320":"feelings","3321":"kamukha","3322":"kaban","3323":"nagkasakit","3324":"nanggaling","3325":"nakukuha","3326":"saligan","3327":"inanyayahan","3328":"magalang","3329":"hardin","3330":"raman","3331":"center","3332":"permanenteng","3333":"saktan","3334":"bawasan","3335":"pagkapoot","3336":"mapagpakumbaba","3337":"traffic","3338":"uudyok","3339":"magtagumpay","3340":"driver","3341":"nakapipinsalang","3342":"punyeta","3343":"samang","3344":"nah","3345":"hinde","3346":"kalimutan","3347":"tignan","3348":"nganong","3349":"hahhahaha","3350":"detalye","3351":"unawain","3352":"kau","3353":"ibalik","3354":"puntong","3355":"aspekto","3356":"nagpapatuloy","3357":"aalaga","3358":"nagpapatunay","3359":"pagtanda","3360":"pagkasugapa","3361":"sinipi","3362":"mingaw","3363":"project","3364":"davao","3365":"pictures","3366":"bulaang","3367":"panustos","3368":"songs","3369":"pagbagsak","3370":"nagpangyari","3371":"bilyon","3372":"simulaing","3373":"pinoy","3374":"ngaa","3375":"komunikasyon","3376":"ipinangako","3377":"aya","3378":"simulan","3379":"payong","3380":"stop","3381":"said","3382":"maghintay","3383":"umaakay","3384":"gulay","3385":"mom","3386":"humanap","3387":"dba","3388":"hinimok","3389":"ambot","3390":"makatitiyak","3391":"tsk","3392":"pansangay","3393":"bilhin","3394":"moab","3395":"kaba","3396":"tum","3397":"banta","3398":"natitirang","3399":"dont","3400":"hangarin","3401":"kalaban","3402":"both","3403":"panlulumo","3404":"sumpa","3405":"kawal","3406":"dalagang","3407":"bida","3408":"mangmang","3409":"kapansanan","3410":"mosaiko","3411":"naiintindihan","3412":"pagtupad","3413":"hug","3414":"sosyal","3415":"sm","3416":"malasin","3417":"ulol","3418":"barber","3419":"abangan","3420":"app","3421":"burol","3422":"nagdurusa","3423":"season","3424":"retweet","3425":"nanatiling","3426":"mam","3427":"buwis","3428":"pakikisama","3429":"bored","3430":"kayay","3431":"sanayin","3432":"mauunawaan","3433":"july","3434":"le","3435":"pangulong","3436":"naunawaan","3437":"silo","3438":"hope","3439":"manloloko","3440":"lutasin","3441":"gin","3442":"nagbubunga","3443":"kapit","3444":"gagu","3445":"anne","3446":"natupad","3447":"sha","3448":"kama","3449":"paghihirap","3450":"mai","3451":"sumigaw","3452":"nagpunta","3453":"puspusang","3454":"pumayag","3455":"gumugugol","3456":"house","3457":"sinasagot","3458":"anang","3459":"second","3460":"maybahay","3461":"matutuhan","3462":"galacia","3463":"kakaiba","3464":"section","3465":"nasanay","3466":"sge","3467":"nagdala","3468":"pamayanan","3469":"kapintasan","3470":"damdaming","3471":"maiiwasan","3472":"maisip","3473":"anyong","3474":"hm","3475":"army","3476":"paman","3477":"sadyang","3478":"iniuulat","3479":"umupo","3480":"pagibig","3481":"paring","3482":"parents","3483":"alok","3484":"public","3485":"hate","3486":"kakilala","3487":"blue","3488":"ibong","3489":"pagmamalasakit","3490":"pentecostes","3491":"materyales","3492":"bili","3493":"dli","3494":"armagedon","3495":"student","3496":"they","3497":"straight","3498":"gilid","3499":"saimo","3500":"his","3501":"kainin","3502":"kinatawan","3503":"magpunta","3504":"young","3505":"wallet","3506":"pinagpapala","3507":"nararanasan","3508":"tribo","3509":"nalulungkot","3510":"kaisa","3511":"masunurin","3512":"bestfriend","3513":"parami","3514":"dinggin","3515":"isinagawa","3516":"persona","3517":"hapones","3518":"cr","3519":"drawing","3520":"masumpungan","3521":"serye","3522":"sakanila","3523":"umahon","3524":"ingon","3525":"naligo","3526":"trigo","3527":"boi","3528":"makabubuti","3529":"tuparin","3530":"panloob","3531":"makamit","3532":"kababaihan","3533":"pinakadakilang","3534":"wari","3535":"appreciate","3536":"matanggap","3537":"kdrama","3538":"kawakasan","3539":"sagradong","3540":"makagagawa","3541":"adik","3542":"toxic","3543":"puting","3544":"master","3545":"ben","3546":"dinadala","3547":"mona","3548":"kautusang","3549":"abt","3550":"finally","3551":"kampong","3552":"dinalaw","3553":"inumin","3554":"pr","3555":"kakain","3556":"tanso","3557":"ticket","3558":"panonood","3559":"kilos","3560":"mclisse","3561":"pangkaraniwang","3562":"pamantayang","3563":"nakakamiss","3564":"pangkaraniwan","3565":"makausap","3566":"sinisira","3567":"lines","3568":"baket","3569":"pass","3570":"ilalagay","3571":"magtayo","3572":"naapektuhan","3573":"dat","3574":"marta","3575":"nhi","3576":"alala","3577":"tumutugon","3578":"nakatataas","3579":"daddy","3580":"ren","3581":"sumasang","3582":"aling","3583":"porket","3584":"pabor","3585":"ehipsiyo","3586":"pangkalahatan","3587":"ol","3588":"medikal","3589":"maranasan","3590":"taasang","3591":"espesyal","3592":"kim","3593":"ituring","3594":"nagugustuhan","3595":"nagugutom","3596":"tagapag","3597":"kwarta","3598":"teknolohiya","3599":"pinakamahalagang","3600":"galak","3601":"patutot","3602":"pagkanaririto","3603":"bar","3604":"magdamag","3605":"kalinisan","3606":"alituntunin","3607":"angel","3608":"gf","3609":"mark","3610":"makayanan","3611":"malabo","3612":"tiniyak","3613":"boys","3614":"nakikinabang","3615":"pagtulog","3616":"tagapagligtas","3617":"looban","3618":"enoc","3619":"charles","3620":"bs","3621":"matupad","3622":"air","3623":"pata","3624":"sawa","3625":"kada","3626":"guard","3627":"kalugud","3628":"sabado","3629":"bingi","3630":"maglaro","3631":"dalang","3632":"nagpapahayag","3633":"eksena","3634":"netong","3635":"base","3636":"kasuutan","3637":"maikling","3638":"nagpapangyari","3639":"nakarinig","3640":"komunidad","3641":"matindi","3642":"pinapanood","3643":"sydney","3644":"event","3645":"even","3646":"ep","3647":"binuhay","3648":"chour","3649":"eroplano","3650":"inilabas","3651":"paper","3652":"humihiling","3653":"linisin","3654":"dibdib","3655":"lunch","3656":"sy","3657":"pagdadalamhati","3658":"everything","3659":"pinakamabuting","3660":"naglakbay","3661":"masikap","3662":"niloloko","3663":"kabatiran","3664":"tumatahan","3665":"nanalo","3666":"hum","3667":"william","3668":"puntahan","3669":"dumami","3670":"hahahahahahahahahahaha","3671":"qt","3672":"salungat","3673":"deuteronomio","3674":"december","3675":"balitang","3676":"mary","3677":"paglingkuran","3678":"hulang","3679":"napakarami","3680":"only","3681":"kabisera","3682":"aktibo","3683":"buk\u00e1s","3684":"pumapatay","3685":"rehiyon","3686":"rasa","3687":"yaman","3688":"ss","3689":"lumalakad","3690":"nagdulot","3691":"pagbasa","3692":"bitch","3693":"makahanap","3694":"hininga","3695":"bf","3696":"nakakahiya","3697":"makagawa","3698":"sahod","3699":"summer","3700":"bhi","3701":"lipulin","3702":"pakitunguhan","3703":"dayuhan","3704":"web","3705":"paglilingkuran","3706":"penge","3707":"babilonia","3708":"hihihi","3709":"andaming","3710":"pinapatay","3711":"hu","3712":"kapaha","3713":"nagsosolong","3714":"netflix","3715":"kapakumbabaan","3716":"manonood","3717":"pananatiling","3718":"pagnanakaw","3719":"wasto","3720":"put","3721":"pangyayaring","3722":"hamak","3723":"pilato","3724":"hanay","3725":"lumang","3726":"bihira","3727":"dalawin","3728":"susunugin","3729":"natural","3730":"saakin","3731":"himukin","3732":"uhm","3733":"kinaumagahan","3734":"dalubhasa","3735":"ikapit","3736":"codex","3737":"masagot","3738":"nakasulat","3739":"iniuugnay","3740":"nigeria","3741":"talino","3742":"pipiliin","3743":"bangko","3744":"ing","3745":"joy","3746":"kapanahunan","3747":"gumala","3748":"sunog","3749":"page","3750":"panatilihing","3751":"eden","3752":"makisama","3753":"tabako","3754":"ililigtas","3755":"nagtatagal","3756":"bunso","3757":"inaasam","3758":"kalidad","3759":"pagpalain","3760":"madam","3761":"alabok","3762":"naaapektuhan","3763":"susundin","3764":"waw","3765":"nabawasan","3766":"propesyonal","3767":"dan","3768":"kadalasay","3769":"sauna","3770":"pagsasaliksik","3771":"buat","3772":"huh","3773":"pinaniniwalaan","3774":"pagbubulay","3775":"kinain","3776":"friendship","3777":"dance","3778":"tumayo","3779":"hey","3780":"butil","3781":"together","3782":"kinaroroonan","3783":"asin","3784":"magpasiya","3785":"sermon","3786":"fake","3787":"bayaran","3788":"shop","3789":"antay","3790":"apartment","3791":"dina","3792":"sinoman","3793":"samahang","3794":"lesson","3795":"sayaw","3796":"sasakyang","3797":"rutherford","3798":"baal","3799":"aaralan","3800":"paglalarawan","3801":"makakuha","3802":"mg","3803":"sumang","3804":"grrr","3805":"lumaki","3806":"binasa","3807":"magmahal","3808":"tika","3809":"xd","3810":"bueno","3811":"white","3812":"nakalilipas","3813":"bless","3814":"panlabas","3815":"obispo","3816":"ipahayag","3817":"oyy","3818":"positive","3819":"laganap","3820":"libis","3821":"paghahari","3822":"sinugo","3823":"ahas","3824":"pangingisda","3825":"almost","3826":"reputasyon","3827":"napapagod","3828":"ipaalam","3829":"sinungaling","3830":"inilahad","3831":"anunsiyo","3832":"pak","3833":"been","3834":"parusa","3835":"dad","3836":"goodmorning","3837":"fariseo","3838":"dadating","3839":"hndi","3840":"test","3841":"paglabas","3842":"piitan","3843":"sion","3844":"subukan","3845":"selfie","3846":"pagsulat","3847":"pampamilya","3848":"nakitang","3849":"subukin","3850":"yellow","3851":"umiwas","3852":"nagkamali","3853":"tagapayo","3854":"nagsasangkot","3855":"kainis","3856":"hy","3857":"tulay","3858":"sabihan","3859":"seryosong","3860":"sining","3861":"amputa","3862":"pinakamainam","3863":"lah","3864":"pretty","3865":"potangina","3866":"tainga","3867":"everytime","3868":"everyone","3869":"pangalagaan","3870":"lazaro","3871":"iglesya","3872":"makasanlibutang","3873":"paganong","3874":"plato","3875":"memes","3876":"patawarin","3877":"bola","3878":"youtube","3879":"aalok","3880":"nagsisi","3881":"pitak","3882":"mamsh","3883":"kakainin","3884":"kabagabagan","3885":"humarap","3886":"siko","3887":"buksan","3888":"katiwala","3889":"kagamitan","3890":"kalang","3891":"kuryente","3892":"cake","3893":"pahamak","3894":"pahalagahan","3895":"shs","3896":"dagdag","3897":"pantahanang","3898":"pakikiapid","3899":"dah","3900":"pinipili","3901":"pangmadlang","3902":"napunta","3903":"ampota","3904":"nauukol","3905":"tinatahanang","3906":"taunang","3907":"mall","3908":"satin","3909":"langgam","3910":"gayumpaman","3911":"mahinang","3912":"mahulog","3913":"tumitingin","3914":"binibigyang","3915":"naniwala","3916":"muslim","3917":"tumagal","3918":"lalawigan","3919":"kalihim","3920":"aalisin","3921":"binibigyan","3922":"inapo","3923":"lalim","3924":"bintana","3925":"nagalit","3926":"binuksan","3927":"tumahan","3928":"saang","3929":"bill","3930":"block","3931":"inilipat","3932":"kumpleto","3933":"once","3934":"imperyo","3935":"accounting","3936":"bts","3937":"pila","3938":"inihanda","3939":"magsimulang","3940":"ilabas","3941":"tumataas","3942":"aantay","3943":"tumakbo","3944":"indian","3945":"pormal","3946":"kaniyay","3947":"lam","3948":"nabigo","3949":"indi","3950":"kalakhang","3951":"panabik","3952":"ginaganap","3953":"body","3954":"sabbath","3955":"inggit","3956":"bilog","3957":"labag","3958":"nananatili","3959":"napakahalagang","3960":"bulkan","3961":"tungod","3962":"general","3963":"puson","3964":"energy","3965":"suson","3966":"cream","3967":"history","3968":"also","3969":"kinukuha","3970":"court","3971":"kabalisahan","3972":"kabalitaan","3973":"paghatol","3974":"sus","3975":"council","3976":"isasaalang","3977":"matigas","3978":"tibay","3979":"langya","3980":"isinaling","3981":"kiss","3982":"narin","3983":"emang","3984":"silanganan","3985":"hahahahaa","3986":"terminong","3987":"lumaganap","3988":"masiyahan","3989":"kasunduan","3990":"pucha","3991":"pansansinukob","3992":"hinirang","3993":"babilonyang","3994":"malayong","3995":"malawakang","3996":"kaayon","3997":"eliseo","3998":"matamo","3999":"matapang","4000":"pinapansin","4001":"rd","4002":"matiyak","4003":"banda","4004":"alaws","4005":"bangka","4006":"mayor","4007":"kadahilanan","4008":"nakatatandang","4009":"payapa","4010":"listahan","4011":"gumagana","4012":"medical","4013":"nilagay","4014":"napatunayang","4015":"eu","4016":"lisa","4017":"akon","4018":"pagtingin","4019":"paghahanda","4020":"usapin","4021":"load","4022":"homoseksuwal","4023":"plot","4024":"pinamagatang","4025":"timing","4026":"kiya","4027":"nakarating","4028":"ireland","4029":"nagpapaliwanag","4030":"matutupad","4031":"loko","4032":"loisa","4033":"tinalakay","4034":"maglakbay","4035":"balo","4036":"mawawalan","4037":"sapilitang","4038":"hahahahahahahahah","4039":"pulitiko","4040":"scene","4041":"january","4042":"hapunan","4043":"weird","4044":"mapagmahal","4045":"dream","4046":"manggagamot","4047":"wall","4048":"partner","4049":"mapagtagumpayan","4050":"ser","4051":"dto","4052":"tagsibol","4053":"did","4054":"dugay","4055":"mababang","4056":"tanggihan","4057":"duha","4058":"takbuhan","4059":"asam","4060":"arian","4061":"kayko","4062":"halong","4063":"ara","4064":"park","4065":"half","4066":"halata","4067":"naubos","4068":"dis","4069":"artista","4070":"pagpapahayag","4071":"madilim","4072":"mabubuhay","4073":"hapit","4074":"dp","4075":"asan","4076":"pagkawasak","4077":"nawawalan","4078":"waiting","4079":"earth","4080":"wili","4081":"pagsabog","4082":"ebanghelisador","4083":"dayon","4084":"scriptures","4085":"hahahahahahha","4086":"sig","4087":"maririnig","4088":"science","4089":"dantaon","4090":"lumayo","4091":"itinakdang","4092":"katanungan","4093":"net","4094":"papaanong","4095":"katinuan","4096":"nagtiwala","4097":"natagpuan","4098":"jacket","4099":"pinatunayan","4100":"hayst","4101":"atake","4102":"dumi","4103":"natanto","4104":"papasa","4105":"lipi","4106":"jollibee","4107":"katolikong","4108":"tagalog","4109":"ituro","4110":"pagkamatapat","4111":"mar","4112":"defense","4113":"anna","4114":"show","4115":"european","4116":"classmate","4117":"human","4118":"street","4119":"butas","4120":"umaabot","4121":"kahihiyan","4122":"pesos","4123":"poland","4124":"ahhahaha","4125":"paba","4126":"institute","4127":"kahabaan","4128":"ihinto","4129":"paborito","4130":"naglalarawan","4131":"peter","4132":"fair","4133":"panay","4134":"bawi","4135":"kontrolado","4136":"kukunin","4137":"order","4138":"kapani","4139":"minamalas","4140":"airport","4141":"paanan","4142":"kakagising","4143":"makaligtas","4144":"translation","4145":"age","4146":"film","4147":"lebadura","4148":"id","4149":"perfect","4150":"other","4151":"gobernador","4152":"pribadong","4153":"polusyon","4154":"students","4155":"panganay","4156":"iginagalang","4157":"tour","4158":"kapisanan","4159":"requirements","4160":"makapagbibigay","4161":"gosh","4162":"nagkataon","4163":"panga","4164":"saling","4165":"uniberso","4166":"california","4167":"moralidad","4168":"basag","4169":"meng","4170":"ulam","4171":"mental","4172":"basin","4173":"humawak","4174":"bumabangon","4175":"everyday","4176":"bihag","4177":"paksang","4178":"bastos","4179":"stell","4180":"bataan","4181":"pagbaba","4182":"tlaga","4183":"ipilit","4184":"reklamo","4185":"napakalakas","4186":"tipang","4187":"link","4188":"mesa","4189":"linya","4190":"uniform","4191":"memories","4192":"pasipiko","4193":"magdadala","4194":"delegado","4195":"bulayin","4196":"pangamba","4197":"tangi","4198":"tatawagin","4199":"hahahhahaha","4200":"pakyu","4201":"department","4202":"tala","4203":"tupang","4204":"boom","4205":"lagay","4206":"tagapagmana","4207":"hanep","4208":"flight","4209":"dw","4210":"magpatotoo","4211":"pangangalunya","4212":"gantong","4213":"sirkito","4214":"naalaala","4215":"past","4216":"someone","4217":"manahimik","4218":"sirkulasyon","4219":"mani","4220":"hahahahhahaha","4221":"lapit","4222":"herald","4223":"impormasyong","4224":"squad","4225":"magdudulot","4226":"seguro","4227":"fucking","4228":"pagkapuksa","4229":"maawa","4230":"makakamit","4231":"pagkontrol","4232":"gawan","4233":"hatulan","4234":"pagkukulang","4235":"iisipan","4236":"bumuo","4237":"ginhawa","4238":"tanyag","4239":"pimples","4240":"makakayanan","4241":"inaanyayahan","4242":"org","4243":"papuntang","4244":"palaisip","4245":"ikinababahala","4246":"gawas","4247":"magsaya","4248":"makabubuting","4249":"iinom","4250":"dinisenyo","4251":"paglakad","4252":"inaalis","4253":"iisipin","4254":"tung","4255":"tagapagsalita","4256":"depresyon","4257":"buwang","4258":"disenyo","4259":"tarong","4260":"maharlikang","4261":"focus","4262":"mango","4263":"hayss","4264":"larawang","4265":"direktor","4266":"girls","4267":"pagpapagal","4268":"pasahero","4269":"pagkawala","4270":"busog","4271":"pamahalaang","4272":"law","4273":"siyudad","4274":"pagkilala","4275":"sahig","4276":"frozen","4277":"maganap","4278":"pagsilang","4279":"camera","4280":"supilin","4281":"matulungan","4282":"magkita","4283":"eyes","4284":"panlaban","4285":"maingay","4286":"pagtataguyod","4287":"tigilan","4288":"hnd","4289":"likes","4290":"saba","4291":"paghahangad","4292":"malala","4293":"sumakit","4294":"sumakay","4295":"ti","4296":"encyclop\u00e6dia","4297":"ligo","4298":"lubha","4299":"milenyo","4300":"pababa","4301":"empleado","4302":"hiv","4303":"empatiya","4304":"paanuman","4305":"peace","4306":"expect","4307":"makasusumpong","4308":"sumasampalataya","4309":"tinutupad","4310":"magtatagumpay","4311":"tinupad","4312":"humayo","4313":"tipunin","4314":"hukay","4315":"sangkatlo","4316":"ilegal","4317":"sangpung","4318":"pagbabagong","4319":"tinik","4320":"dj","4321":"luc","4322":"palayo","4323":"men","4324":"hua","4325":"titigil","4326":"eskriba","4327":"tinatalakay","4328":"slight","4329":"south","4330":"mensahero","4331":"sumaya","4332":"tinanggihan","4333":"comeback","4334":"hota","4335":"guniguni","4336":"tho","4337":"libing","4338":"magturo","4339":"magpasalamat","4340":"hinanap","4341":"caption","4342":"swimming","4343":"magkaibang","4344":"lumalaganap","4345":"saysay","4346":"masasaktan","4347":"ehersisyo","4348":"naaalaala","4349":"naaalala","4350":"ilarawan","4351":"per","4352":"teokratiko","4353":"filipino","4354":"himpapawid","4355":"sports","4356":"sched","4357":"hilang","4358":"trabahong","4359":"leo","4360":"makalimutan","4361":"pat","4362":"marka","4363":"mamayang","4364":"pangangasiwa","4365":"less","4366":"sakon","4367":"daga","4368":"masira","4369":"luck","4370":"matataas","4371":"sukdulang","4372":"sukat","4373":"thing","4374":"malaon","4375":"panlipunang","4376":"imahen","4377":"tore","4378":"saw","4379":"maibibigay","4380":"toro","4381":"masigla","4382":"curious","4383":"their","4384":"hintayin","4385":"saligang","4386":"elemento","4387":"level","4388":"pagkabata","4389":"pagkabihag","4390":"magkakaibigan","4391":"lumaban","4392":"letter","4393":"iminungkahi","4394":"silbi","4395":"palitan","4396":"philippines","4397":"aa","4398":"kinailangang","4399":"ket","4400":"nakasalalay","4401":"plus","4402":"kak","4403":"yr","4404":"komite","4405":"nagtapos","4406":"pinalaya","4407":"proseso","4408":"whole","4409":"ayunan","4410":"kabundukan","4411":"kalaliman","4412":"kailanmay","4413":"bisyo","4414":"kakailanganin","4415":"narealize","4416":"abalang","4417":"kalawakan","4418":"ago","4419":"kalaunan","4420":"bitin","4421":"kalau","4422":"absent","4423":"kahalaga","4424":"kna","4425":"nakaharap","4426":"attitude","4427":"while","4428":"barkada","4429":"answer","4430":"bagsak","4431":"assignment","4432":"kyo","4433":"kahinhinan","4434":"pulos","4435":"ad","4436":"adorable","4437":"nagpapatibay","4438":"reperensiya","4439":"respeto","4440":"isagawa","4441":"biyahe","4442":"nagbabantay","4443":"adjust","4444":"kapangyarihang","4445":"uban","4446":"bitter","4447":"koko","4448":"judaismo","4449":"nio","4450":"yiee","4451":"inis","4452":"kapatagan","4453":"bitaw","4454":"joseph","4455":"napud","4456":"kasangkapan","4457":"intrams","4458":"itinalaga","4459":"kaori","4460":"indonesia","4461":"adto","4462":"kathniel","4463":"isama","4464":"view","4465":"unahin","4466":"nagka","4467":"nakinig","4468":"rason","4469":"nahuli","4470":"isinasamo","4471":"kontento","4472":"pu","4473":"nakangiti","4474":"aalala","4475":"pinakamahusay","4476":"positibo","4477":"napatunayan","4478":"naintindihan","4479":"nakaaapekto","4480":"aangkin","4481":"nakatanggap","4482":"inalis","4483":"nagagawang","4484":"kaloka","4485":"inilalaan","4486":"korte","4487":"around","4488":"natuto","4489":"putang","4490":"isiping","4491":"nagtatangi","4492":"bautisadong","4493":"water","4494":"kilay","4495":"kaayaayang","4496":"inakay","4497":"binti","4498":"bibili","4499":"natutupad","4500":"bisig","4501":"natulungan","4502":"kamalian","4503":"island","4504":"queen","4505":"alagang","4506":"nagsagawa","4507":"vs","4508":"yakap","4509":"kinilig","4510":"pornograpya","4511":"japon","4512":"pink","4513":"ngaun","4514":"nangako","4515":"asap","4516":"aasa","4517":"kikilos","4518":"nakalulugod","4519":"weekend","4520":"akung","4521":"isinaayos","4522":"krisis","4523":"planetang","4524":"nangangako","4525":"aap","4526":"kagipitan","4527":"ulitin","4528":"aircon","4529":"wedding","4530":"japan","4531":"naririto","4532":"suspension","4533":"pagkakilala","4534":"kun","4535":"surprise","4536":"magkano","4537":"hadlangan","4538":"sabayan","4539":"mars","4540":"pagtanggi","4541":"datiy","4542":"data","4543":"ubos","4544":"maris","4545":"wp","4546":"encyclopedia","4547":"alon","4548":"magkasala","4549":"pagkakaunawaan","4550":"bugtong","4551":"pagtalakay","4552":"suspended","4553":"nisan","4554":"nagkakaisa","4555":"sinai","4556":"kinakausap","4557":"tumaas","4558":"tyan","4559":"masidhing","4560":"propetang","4561":"hinay","4562":"hinayaan","4563":"sakto","4564":"makikinig","4565":"pagkabalisa","4566":"tradisyonal","4567":"masunuring","4568":"prominenteng","4569":"sumisira","4570":"nagkakalat","4571":"cutie","4572":"nagkakamali","4573":"nakatutuwa","4574":"iskedyul","4575":"twist","4576":"tumalikod","4577":"nakaulat","4578":"cut","4579":"singaw","4580":"karna","4581":"iniharap","4582":"lumikha","4583":"kabuuang","4584":"sinasanay","4585":"malaganap","4586":"nagtagumpay","4587":"hilagaan","4588":"alisto","4589":"pagtatalik","4590":"aliping","4591":"enough","4592":"supling","4593":"hilingin","4594":"lama","4595":"sinang","4596":"himaymay","4597":"raha","4598":"neutral","4599":"permi","4600":"misyonerong","4601":"kasanayan","4602":"guy","4603":"sinasaktan","4604":"italyano","4605":"paninibugho","4606":"gusaling","4607":"eruplano","4608":"sundan","4609":"raka","4610":"inuming","4611":"nehemias","4612":"tau","4613":"amang","4614":"bumasa","4615":"hahha","4616":"tagiliran","4617":"taggutom","4618":"tska","4619":"dingding","4620":"hahanapin","4621":"joel","4622":"mapagpakumbabang","4623":"paglalagay","4624":"series","4625":"mapagpatuloy","4626":"magbayad","4627":"opisina","4628":"money","4629":"laptop","4630":"mabawasan","4631":"buset","4632":"katrabaho","4633":"dilaw","4634":"pinggan","4635":"hashtag","4636":"business","4637":"hahahhaa","4638":"dika","4639":"jonas","4640":"ikalimang","4641":"ihanda","4642":"niyay","4643":"organisadong","4644":"mabalitaan","4645":"magamit","4646":"mapagkakatiwalaan","4647":"paris","4648":"han","4649":"machine","4650":"watching","4651":"talk","4652":"manlang","4653":"natuwa","4654":"many","4655":"jb","4656":"paglitaw","4657":"art","4658":"talakayan","4659":"waray","4660":"donasyon","4661":"jay","4662":"nakaaalam","4663":"apply","4664":"dorm","4665":"takte","4666":"paroroon","4667":"parapo","4668":"pagpapahirap","4669":"moscow","4670":"laruan","4671":"asahan","4672":"asar","4673":"welcome","4674":"pun\u00e3","4675":"seryeng","4676":"were","4677":"pumukaw","4678":"tapang","4679":"opening","4680":"ugh","4681":"tatayo","4682":"hahahahahahahahahahahaha","4683":"trending","4684":"sekular","4685":"makatarungan","4686":"nakakatulog","4687":"tugon","4688":"mode","4689":"malubha","4690":"nakakuha","4691":"ituwid","4692":"pagsisiwalat","4693":"ek","4694":"tawagin","4695":"segundo","4696":"luv","4697":"place","4698":"tay","4699":"aminin","4700":"luto","4701":"rabbi","4702":"simbolo","4703":"nagtitipon","4704":"march","4705":"nagtayo","4706":"would","4707":"nagbalik","4708":"higa","4709":"mapayapa","4710":"mog","4711":"onti","4712":"buweno","4713":"duty","4714":"jah","4715":"moment","4716":"papahirin","4717":"hahahahhaa","4718":"siberia","4719":"mababaw","4720":"hahahahahhahaha","4721":"maghapon","4722":"wakasan","4723":"early","4724":"asukal","4725":"maghihintay","4726":"dia","4727":"simon","4728":"mapapa","4729":"pasanin","4730":"mapapansin","4731":"katawang","4732":"header","4733":"katawa","4734":"tabing","4735":"katatapos","4736":"katatagan","4737":"sigeg","4738":"sembreak","4739":"wah","4740":"atensiyon","4741":"signal","4742":"pasensya","4743":"willing","4744":"akda","4745":"ditoy","4746":"ninuno","4747":"mayayaman","4748":"lagot","4749":"koreo","4750":"ipinangangaral","4751":"maygulang","4752":"magsasalita","4753":"nagkukulang","4754":"milya","4755":"panauhin","4756":"hubog","4757":"cell","4758":"fresh","4759":"bituka","4760":"kapana","4761":"friendly","4762":"kapal","4763":"siz","4764":"actually","4765":"kakayanin","4766":"yungib","4767":"clear","4768":"hugis","4769":"library","4770":"libreng","4771":"upload","4772":"huhuhuhuhu","4773":"palakaibigan","4774":"baboy","4775":"baon","4776":"stories","4777":"tinatamasa","4778":"myself","4779":"bale","4780":"agos","4781":"kainan","4782":"matututo","4783":"bisan","4784":"salinlahi","4785":"complex","4786":"iral","4787":"balikan","4788":"october","4789":"globo","4790":"pribilehiyong","4791":"coming","4792":"tumindig","4793":"pangalawa","4794":"presyon","4795":"tinangka","4796":"tumira","4797":"presyo","4798":"kmi","4799":"pangakong","4800":"pakikipagsamahan","4801":"balot","4802":"foods","4803":"kakaibang","4804":"magreply","4805":"lmao","4806":"abutin","4807":"niloloob","4808":"magsisi","4809":"chicken","4810":"mahuman","4811":"mera","4812":"samson","4813":"ganern","4814":"ganina","4815":"kaliwa","4816":"nanti","4817":"mahinhin","4818":"nilikha","4819":"power","4820":"mahinahon","4821":"potensiyal","4822":"limitado","4823":"batch","4824":"koooo","4825":"kalupitan","4826":"turista","4827":"batiin","4828":"aabot","4829":"relo","4830":"remember","4831":"todo","4832":"inabot","4833":"ipakipag","4834":"nangyare","4835":"mahanap","4836":"nangailangan","4837":"nagmamadali","4838":"paling","4839":"nagmamasid","4840":"gaga","4841":"maipakikita","4842":"abs","4843":"gagaling","4844":"lag","4845":"pilit","4846":"gaganda","4847":"chz","4848":"church","4849":"imyunidad","4850":"pinakamaraming","4851":"tinutularan","4852":"pagbanggit","4853":"finals","4854":"nuon","4855":"zealand","4856":"ipagwalang","4857":"unsay","4858":"pabayaan","4859":"mail","4860":"abel","4861":"kalat","4862":"lipas","4863":"basa","4864":"naglalabas","4865":"galeng","4866":"pbb","4867":"paligsahan","4868":"ipinag","4869":"subject","4870":"girlfriend","4871":"oyyy","4872":"corona","4873":"feed","4874":"karalitaan","4875":"ohh","4876":"ai","4877":"sinunog","4878":"loyal","4879":"cor","4880":"course","4881":"paghinga","4882":"grr","4883":"feels","4884":"nagpapatotoo","4885":"yieee","4886":"makarinig","4887":"reaction","4888":"ahahahaha","4889":"pennsylvania","4890":"kristal","4891":"uunahin","4892":"minutes","4893":"lakip","4894":"isilang","4895":"kahihinatnan","4896":"makapagtitiwala","4897":"ahensiya","4898":"graduate","4899":"beh","4900":"baguio","4901":"suliraning","4902":"paghanap","4903":"pigilan","4904":"paghihintay","4905":"ray","4906":"kinsa","4907":"patiuna","4908":"nagagalak","4909":"britannica","4910":"britano","4911":"crave","4912":"greet","4913":"suhol","4914":"paghahatid","4915":"rn","4916":"hiyang","4917":"luklukan","4918":"holy","4919":"real","4920":"prinsipyo","4921":"umiikot","4922":"lot","4923":"sipag","4924":"patunayan","4925":"thesis","4926":"isinugo","4927":"going","4928":"nalalapit","4929":"pagiisip","4930":"perang","4931":"aj","4932":"matuklasan","4933":"kuko","4934":"baat","4935":"mapagpipilian","4936":"paghuhukom","4937":"nagkakaisang","4938":"tampo","4939":"mikas","4940":"komunista","4941":"nagliligtas","4942":"kopa","4943":"moog","4944":"harina","4945":"unibersidad","4946":"lets","4947":"hard","4948":"jangan","4949":"mooo","4950":"istoryador","4951":"matamis","4952":"paglago","4953":"jehovahs","4954":"mabangis","4955":"valentines","4956":"isyung","4957":"performance","4958":"daig","4959":"sambahin","4960":"pinakamagandang","4961":"kuha","4962":"pagi","4963":"nagsilbing","4964":"ipinagbili","4965":"until","4966":"instrumento","4967":"parke","4968":"hita","4969":"charger","4970":"har","4971":"choice","4972":"pabebe","4973":"titik","4974":"kinilala","4975":"lingap","4976":"paglipad","4977":"isinalin","4978":"bagal","4979":"sau","4980":"union","4981":"tangena","4982":"isinasagawa","4983":"nagdisenyo","4984":"rh","4985":"linangin","4986":"islam","4987":"pintuangbayan","4988":"instagram","4989":"direk","4990":"krna","4991":"reyna","4992":"tl","4993":"chinat","4994":"pagano","4995":"ken","4996":"nagreply","4997":"sesyon","4998":"creation","4999":"pinipilit"}}