{"tur":{"0":" bir","1":"bir ","2":"lar\u0131","3":" ve ","4":" bu ","5":"leri","6":"iyor","7":"lar ","8":"nlar","9":"den ","10":"yor ","11":"ler ","12":"erin","13":" ben","14":"\u0131nda","15":"ar\u0131n","16":"yoru","17":"nda ","18":" ola","19":" yap","20":"ini ","21":" i\u00e7i","22":"dan ","23":"i\u00e7in","24":"bili","25":"anla","26":"\u0131yor","27":"orum","28":"\u00e7in ","29":"n\u0131n ","30":"rum ","31":"eri ","32":"ar\u0131 ","33":"\u00f6yle","34":" bil","35":"\u0131n\u0131 ","36":"inde","37":"nin ","38":"unu ","39":"ine ","40":"oldu","41":" g\u00f6r","42":" ne ","43":" sen","44":" old","45":" de\u011f","46":"\u00e7ok ","47":" o ","48":" gel","49":" var","50":" ba\u015f","51":" ger","52":"ilir","53":"endi","54":" bun","55":" tom","56":" de ","57":" \u00e7ok","58":" \u015fey","59":"nde ","60":" da ","61":"de\u011fi","62":"iler","63":" ist","64":" kar","65":"an\u0131n","66":"mek ","67":"mak ","68":" ver","69":"eni ","70":" her","71":" olm","72":" son","73":"aya ","74":"ana ","75":"du\u011fu","76":"yle ","77":"lara","78":"abil","79":"olma","80":"aha ","81":" onu","82":" dah","83":"sun ","84":"iniz","85":"ama ","86":"daha","87":"\u0131na ","88":"di\u011fi","89":"kada","90":"eden","91":"as\u0131n","92":"e\u011fil","93":"r\u0131n\u0131","94":"klar","95":"ldu\u011f","96":" kad","97":" hay","98":"aman","99":"ard\u0131","100":"esin","101":"acak","102":"sini","103":"sin ","104":"tom ","105":"nun ","106":" tan","107":"ben ","108":" biz","109":"beni","110":"ndan","111":" yar","112":"onla","113":"rini","114":"var ","115":"lan ","116":"rak ","117":"iste","118":" s\u00f6y","119":"s\u00f6yl","120":"niz ","121":"u\u011fun","122":"maya","123":"ada ","124":"alar","125":"etme","126":"eler","127":" ken","128":" ama","129":"i\u011fin","130":"bunu","131":"imiz","132":" d\u00fc\u015f","133":" kal","134":"r\u0131n ","135":"ecek","136":" yer","137":"seni","138":"zama","139":" kon","140":" zam","141":"yors","142":" san","143":" onl","144":"ara ","145":"cak ","146":"liyo","147":"kler","148":" ede","149":"man ","150":"\u011fini","151":" olu","152":"arak","153":"her ","154":" g\u00fcn","155":"\u0131n\u0131n","156":"kend","157":"as\u0131 ","158":"\u0131\u011f\u0131n","159":" ara","160":"dir ","161":" mi ","162":"nsan","163":"ce\u011fi","164":"ece\u011f","165":"inin","166":"rada","167":" siz","168":" iyi","169":"\u015fey ","170":"enin","171":" ya\u015f","172":"ten ","173":"onun","174":"d\u0131\u011f\u0131","175":"rsun","176":" gib","177":"ibi ","178":"gibi","179":"nden","180":"ca\u011f\u0131","181":"lama","182":"ile ","183":"dar ","184":" bur","185":"adar","186":"aca\u011f","187":"erek","188":" yan","189":"rlar","190":"rin ","191":"s\u0131n\u0131","192":"d\u0131m ","193":"ekle","194":"ebil","195":"etti","196":"mas\u0131","197":"d\u00fc\u015f\u00fc","198":" yok","199":"eye ","200":"onu ","201":" edi","202":"bile","203":" anl","204":"ece ","205":"iyi ","206":"lir ","207":"orsu","208":" sev","209":"diyo","210":"izi ","211":"ordu","212":"unda","213":"konu","214":"\u011fil ","215":"biri","216":" bul","217":"rler","218":" bak","219":"isin","220":"\u011funu","221":"\u0131n\u0131z","222":" ins","223":"uyor","224":"\u00fcyor","225":"olar","226":"\u0131lar","227":"nce ","228":" etm","229":"\u011f\u0131n\u0131","230":"bura","231":"\u00fc\u015f\u00fcn","232":"insa","233":"ize ","234":"dim ","235":"dece","236":"erim","237":"\u0131m\u0131z","238":" ned","239":"n\u0131z ","240":"eki ","241":"d\u0131r ","242":"laca","243":"ay\u0131 ","244":"lece","245":"esi ","246":"aki ","247":"edi ","248":"sen ","249":"ere ","250":"olan","251":"lard","252":" \u00e7\u0131k","253":"erdi","254":"as\u0131l","255":"iye ","256":"meye","257":"nler","258":"onra","259":"sonr","260":"daki","261":"miyo","262":"akla","263":"leme","264":" ge\u00e7","265":" \u00e7al","266":"nede","267":" ki ","268":"nas\u0131","269":" do\u011f","270":"yapm","271":" nas","272":"erle","273":"enim","274":" sor","275":"tan ","276":"yapa","277":"ken ","278":"er\u00e7e","279":"ledi","280":"g\u00f6r\u00fc","281":" ban","282":"iliy","283":"cek ","284":"eyi ","285":"yord","286":" hak","287":"ster","288":"ikle","289":"erde","290":"ger\u00e7","291":"a\u015fla","292":" par","293":" i\u0307s","294":"erke","295":"s\u0131n ","296":" tek","297":"unla","298":" hi\u00e7","299":"arda","300":"tanr","301":"apma","302":"s\u0131l ","303":" diy","304":"rim ","305":"al\u0131\u015f","306":"anr\u0131","307":" tam","308":" m\u0131 ","309":"l\u0131k ","310":"ildi","311":"arla","312":"mesi","313":" dur","314":"mad\u0131","315":"b\u00fcy\u00fc","316":" kim","317":"isti","318":" b\u00fcy","319":"san\u0131","320":"sanl","321":"and\u0131","322":"rine","323":"r\u00e7ek","324":"\u00e7al\u0131","325":"gere","326":" ada","327":"nra ","328":" kur","329":"rind","330":" kul","331":"bana","332":"ar\u0131m","333":"ulla","334":"nim ","335":" gid","336":"ba\u015fk","337":"miz ","338":"ruz ","339":" tar","340":"ya\u015fa","341":"alla","342":"ilgi","343":" sad","344":" kor","345":"edi\u011f","346":"a\u015fka","347":"imdi","348":" en ","349":"e\u011fin","350":" git","351":"lad\u0131","352":"lerd","353":" say","354":"izin","355":"inle","356":" yak","357":"tler","358":"ald\u0131","359":"rdu ","360":"\u00f6\u011fre","361":" y\u00fcz","362":"ediy","363":"ekte","364":" \u00f6\u011fr","365":"enle","366":"unun","367":"r\u0131m ","368":"dile","369":" ya ","370":"lik ","371":" s\u00fcr","372":"i\u011fi ","373":"yok ","374":"oruz","375":"kten","376":"yla ","377":" y\u0131l","378":"lde ","379":" \u00f6nc","380":"\u011fim ","381":"sana","382":"\u0131\u011f\u0131 ","383":" ile","384":"rsin","385":"usun","386":"geli","387":"e\u011fer","388":"g\u00fcn ","389":"haya","390":"medi","391":"urad","392":"\u011fer ","393":"tiyo","394":"eder","395":"diye","396":"amam","397":"\u0131kla","398":"\u015fimd","399":" yol","400":"i\u015fti","401":"apt\u0131","402":"stiy","403":" hal","404":"emek","405":" ett","406":"lim ","407":"yaca","408":" \u015fim","409":"\u00f6nce","410":"sade","411":"i\u011fim","412":"\u00fcy\u00fck","413":"yapt","414":"rd\u0131m","415":" d\u00fcn","416":"zin ","417":" \u00e7oc","418":"\u00e7ocu","419":"art\u0131","420":" der","421":"ba\u015fl","422":"man\u0131","423":" duy","424":" eve","425":" art","426":"alan","427":"lan\u0131","428":"adec","429":"g\u00f6re","430":"kull","431":"ukla","432":"e\u011fim","433":"bilm","434":" bel","435":"m\u0131z ","436":"ad\u0131 ","437":"mi\u015f ","438":"t\u0131\u011f\u0131","439":"l\u0131\u011f\u0131","440":" kay","441":"yard","442":" den","443":"mal\u0131","444":"ayan","445":"mdi ","446":"alma","447":"anl\u0131","448":"soru","449":"isi ","450":"orla","451":" kit","452":"labi","453":"ti\u011fi","454":"olac","455":"s\u0131nd","456":" mar","457":"yap\u0131","458":"m\u0131\u015f ","459":"llan","460":" yeh","461":"anda","462":"ar\u015f\u0131","463":"una ","464":"adan","465":"yeho","466":" har","467":"kita","468":"unuz","469":" yaz","470":"l\u0131yo","471":"ad\u0131\u011f","472":"ilme","473":"imi ","474":"ay\u0131r","475":"san ","476":"ehov","477":"hova","478":"zler","479":"do\u011fr","480":"kar\u015f","481":"veri","482":" a\u00e7\u0131","483":" d\u00f6n","484":"irdi","485":"o\u011fru","486":"gele","487":"rdi ","488":"ayac","489":"\u0131\u015ft\u0131","490":"vet ","491":"llah","492":" iki","493":"anma","494":"\u0131s\u0131n","495":"ona ","496":"eyle","497":" b\u00f6y","498":" yen","499":"an\u0131 ","500":"b\u00f6yl","501":"ki\u015fi","502":"men ","503":"laya","504":"yeni","505":"olur","506":" ki\u015f","507":"din ","508":"\u015flar","509":"y\u00fck ","510":"min ","511":" s\u00f6z","512":"mam ","513":"onu\u015f","514":"kala","515":" sa\u011f","516":"\u011f\u0131m ","517":"\u00fcnde","518":"elim","519":"\u0131\u011f\u0131m","520":"nere","521":"\u00fczer","522":"yece","523":" kap","524":"yler","525":"a\u011f\u0131n","526":" \u00fcze","527":"d\u00fcny","528":"orun","529":"tama","530":"ras\u0131","531":"deki","532":"\u00fcnya","533":"ad\u0131n","534":"yan\u0131","535":"yan ","536":"dedi","537":" ner","538":"bizi","539":"a\u011f\u0131m","540":"yara","541":"\u015ftir","542":" zor","543":"siz ","544":"adam","545":"lmak","546":"edil","547":"kat ","548":"kara","549":"ocuk","550":"tan\u0131","551":"sunu","552":"duru","553":"rece","554":"ede ","555":"tir ","556":"u\u011fu ","557":"k\u0131nd","558":" all","559":" top","560":"al\u0131 ","561":"rd\u0131 ","562":" g\u00f6z","563":"\u00fczel","564":"may\u0131","565":"lere","566":"etle","567":"ekil","568":"len ","569":"arka","570":"arar","571":" tak","572":"ani ","573":" sah","574":"hi\u00e7 ","575":"\u011fimi","576":" ala","577":"evet","578":"llar","579":"rken","580":"irme","581":"\u00f6ste","582":" ols","583":"tti ","584":"g\u00f6st","585":" g\u00f6s","586":"ayat","587":"ndi ","588":"ilec","589":"emin","590":"nuz ","591":"\u00e7ekt","592":"ilmi","593":"eldi","594":"\u0131z\u0131 ","595":"leye","596":" ded","597":" ark","598":" bab","599":"lmas","600":" gen","601":"ular","602":"hay\u0131","603":"yorl","604":"bulu","605":" dol","606":"yim ","607":"sind","608":" hep","609":"rek ","610":"hakk","611":"zel ","612":" ona","613":" far","614":" \u015fu ","615":"ak\u0131n","616":"ekti","617":"baba","618":"irin","619":"irle","620":" al\u0131","621":"dum ","622":"ilen","623":"land","624":"t\u0131k ","625":" \u015fek","626":"maz ","627":"liri","628":"tara","629":"rimi","630":"\u0131ld\u0131","631":"erme","632":"sine","633":"m\u0131yo","634":"lirs","635":"eyec","636":"likl","637":" dem","638":"g\u00fcze","639":" g\u00fcz","640":"itti","641":"eniz","642":"izle","643":"deme","644":"l\u0131m ","645":" mus","646":"akk\u0131","647":" ilg","648":"ldu ","649":"yled","650":" oku","651":"mizi","652":"\u00fcnk\u00fc","653":"rde ","654":"irsi","655":"nk\u00fc ","656":"i\u0307sa","657":"urum","658":"biz ","659":"lmay","660":"rmek","661":"r\u0131nd","662":"sizi","663":" baz","664":"bira","665":"birl","666":"\u0131yla","667":"eliy","668":"tmek","669":"\u00e7\u0131ka","670":"sal ","671":"a\u011fla","672":"an\u0131m","673":"geld","674":"gide","675":" ora","676":"stem","677":"iki ","678":"\u011fren","679":" hat","680":" kat","681":"y\u0131r ","682":"li\u011fi","683":"azla","684":"olay","685":"\u00fcn\u00fc ","686":"tim ","687":" asl","688":"ydi ","689":"kle ","690":" dev","691":" yet","692":" hem","693":"ay\u0131n","694":" k\u0131z","695":" t\u00fcm","696":" \u00e7ek","697":"\u00f6r\u00fcn","698":"fark","699":"deni","700":"\u00e7\u00fcnk","701":" tut","702":"raya","703":" \u00f6yl","704":"\u015fka ","705":"ekli","706":"para","707":"rede","708":"ldi ","709":" \u00e7\u00fcn","710":" kan","711":"\u00f6nem","712":"imle","713":"deri","714":"rdan","715":"rda ","716":"t\u00fcm ","717":" ayn","718":"d\u0131n ","719":"a\u015f\u0131n","720":"iri ","721":"zeri","722":"oyun","723":"tedi","724":" ba\u011f","725":"yani","726":"izde","727":" kut","728":"verd","729":"sonu","730":" mer","731":"aba ","732":"\u00f6zle","733":"al\u0131m","734":"kte ","735":"iyle","736":"eyin","737":"\u011f\u0131m\u0131","738":"meyi","739":"zden","740":"an\u0131y","741":"eli ","742":"\u0131rak","743":"elen","744":"gili","745":"s\u0131na","746":"ller","747":"b\u0131ra","748":"rar ","749":"akt\u0131","750":"mary","751":" din","752":" b\u0131r","753":"olab","754":"ili ","755":"irli","756":" \u00f6ne","757":"riz ","758":"tiya","759":"\u0131rla","760":" alm","761":" e\u011fe","762":"\u0131m\u0131 ","763":" pek","764":" dav","765":"n\u00fcyo","766":"ilde","767":"lgil","768":" bek","769":"a\u015fam","770":"ikte","771":"eksi","772":"bekl","773":"mun ","774":"ersi","775":"meli","776":"zla ","777":"iraz","778":" kes","779":"\u015feyl","780":"tlar","781":"mele","782":"ad\u0131m","783":"dini","784":"n\u0131yo","785":" i\u0307n","786":"\u015fler","787":"temi","788":"kk\u0131n","789":"verm","790":"yin ","791":"yeri","792":"ndir","793":" ayr","794":"misi","795":"lanm","796":"rden","797":"araf","798":"tomu","799":"sahi","800":"sted","801":" mis","802":"s\u00fcre","803":"nle ","804":"\u0131rma","805":"\u011fru ","806":"ayd\u0131","807":"ndim","808":"akta","809":"tek ","810":"\u00fcn\u00fcy","811":"vard","812":"mler","813":"lay\u0131","814":"akal","815":"etir","816":"orta","817":"ayr\u0131","818":"\u015ft\u0131r","819":"rkad","820":"etin","821":" mes","822":"anne","823":"kesi","824":"al\u0131y","825":"\u0131lma","826":"\u015feki","827":"mlar","828":"\u015feyi","829":"i\u015fle","830":"amay","831":"mda ","832":"teri","833":"inan","834":"sa\u011fl","835":"rsan","836":"t\u0131m ","837":"raz ","838":"ende","839":"enme","840":" alt","841":"lmad","842":" ka\u00e7","843":" gir","844":"lend","845":"nlam","846":"edin","847":"kar\u0131","848":" t\u00fcr","849":"bunl","850":"r\u0131m\u0131","851":" faz","852":" i\u0307\u015f","853":" get","854":"der ","855":"ayn\u0131","856":"lah ","857":"geri","858":"\u015f\u00fcn\u00fc","859":"r\u0131na","860":"lana","861":"urdu","862":" fak","863":"ered","864":"topl","865":"fazl","866":"\u015fte ","867":"t\u0131r ","868":" yem","869":"ulun","870":"yar\u0131","871":"kild","872":"\u011fin ","873":"mi\u015ft","874":"eriy","875":" ina","876":"alt\u0131","877":"ihti","878":"emiy","879":"\u00f6rd\u00fc","880":" iht","881":"ktan","882":"rsa ","883":"edim","884":"g\u00f6rm","885":"akat","886":"yat\u0131","887":"k\u00f6t\u00fc","888":"an\u0131z","889":"musu","890":"yeme","891":" k\u00f6t","892":" dil","893":"d\u00fc\u011f\u00fc","894":"ada\u015f","895":"uygu","896":"resi","897":"itap","898":" yal","899":"a\u015ft\u0131","900":"idir","901":" ald","902":"geti","903":"imse","904":"cukl","905":" b\u00f6l","906":"rlik","907":" mil","908":"sevi","909":"aras","910":"hang","911":"\u015f\u0131yo","912":"rla ","913":"say\u0131","914":"elir","915":"\u00e7ind","916":"tti\u011f","917":" ort","918":"orsa","919":"angi","920":"itme","921":"kl\u0131 ","922":"k\u0131n ","923":"rt\u0131k","924":" ann","925":" y\u00f6n","926":"mam\u0131","927":"gitm","928":"baz\u0131","929":"riyo","930":"t\u00fcn ","931":"e\u011fi\u015f","932":"kal\u0131","933":"a\u00e7\u0131k","934":"\u0131kar","935":" bay","936":" kaz","937":"irim","938":"kard","939":" han","940":"g\u00fcn\u00fc","941":" has","942":"amak","943":"ayla","944":"elli","945":"g\u00f6rd","946":"y\u0131m ","947":"htiy","948":"mekt","949":"an\u0131r","950":"yn\u0131 ","951":"emiz","952":"omun","953":"ylem","954":"size","955":"kims","956":"izim","957":"olsu","958":"edir","959":"m\u0131z\u0131","960":"ince","961":"ndin","962":" bug","963":"ngi ","964":"nizi","965":" ter","966":"son ","967":"dur ","968":"rika","969":" mut","970":"am\u0131n","971":"lsun","972":"emey","973":"e\u011fi ","974":"lur ","975":"ders","976":"atla","977":"gelm","978":"ter ","979":"faka","980":"i\u015fi ","981":"mala","982":"\u0131\u015fma","983":"mez ","984":"aber","985":"likt","986":"iyet","987":"zde ","988":"luyo","989":"ge\u00e7i","990":"teme","991":" kra","992":"ika ","993":"s\u0131z ","994":"amaz","995":"\u00fct\u00fcn","996":"reke","997":"eme ","998":"ld\u0131 ","999":"etki","1000":"tin ","1001":"kork","1002":"emel","1003":" b\u00fct","1004":" gec","1005":" can","1006":"ndak","1007":"y\u00fcz\u00fc","1008":"ren ","1009":"\u00fczde","1010":" bit","1011":"ug\u00fcn","1012":"bug\u00fc","1013":"emen","1014":"dola","1015":"nla ","1016":"\u00f6ld\u00fc","1017":" his","1018":"kaza","1019":"tiri","1020":"rkes","1021":"vere","1022":"gidi","1023":"nca ","1024":"u\u015ftu","1025":"mini","1026":" \u00f6ld","1027":" mu ","1028":"b\u00fct\u00fc","1029":" sal","1030":"lmiy","1031":"u\u011fum","1032":"herk","1033":"raf\u0131","1034":"nd\u0131r","1035":"lam\u0131","1036":"\u00f6rme","1037":"ret ","1038":"akl\u0131","1039":" haz","1040":"erha","1041":"tmey","1042":"az\u0131 ","1043":"meni","1044":" \u00fcst","1045":"ldi\u011f","1046":"arsa","1047":"kim ","1048":"lmal","1049":" te\u015f","1050":" s\u0131r","1051":"kral","1052":"dik ","1053":"emi\u015f","1054":"mada","1055":"erse","1056":"anca","1057":"tik ","1058":"at\u0131n","1059":" res","1060":"tirm","1061":"larl","1062":"utsa","1063":"iriz","1064":"kad\u0131","1065":"yen ","1066":"ld\u0131r","1067":"ence","1068":"\u0131rd\u0131","1069":"neml","1070":"d\u0131k ","1071":"ap\u0131y","1072":" kab","1073":"la\u015f\u0131","1074":" tem","1075":"lemi","1076":"am\u0131z","1077":"y\u0131n ","1078":"mutl","1079":"van\u0131","1080":" s\u0131k","1081":" ilk","1082":"emli","1083":"mli ","1084":"eti ","1085":"g\u00fcve","1086":"u\u015fma","1087":"yak\u0131","1088":"amla","1089":"memi","1090":" k\u0131s","1091":"yd\u0131 ","1092":"ayal","1093":"bize","1094":" dik","1095":" kol","1096":"makt","1097":"ilim","1098":" \u00e7ar","1099":"aret","1100":"imin","1101":"l\u0131nd","1102":"tam ","1103":"manl","1104":"elin","1105":" pro","1106":"atma","1107":" g\u00fcv","1108":" boy","1109":"ba\u015f\u0131","1110":"tsal","1111":" g\u00fc\u00e7","1112":"kuts","1113":"eyen","1114":"azan","1115":" i\u015fi","1116":"e\u015fit","1117":"bak\u0131","1118":"utlu","1119":"\u011fret","1120":"\u00fcz\u00fcn","1121":"imde","1122":" etk","1123":"\u0131r\u0131m","1124":"at\u0131r","1125":"a\u011f\u0131 ","1126":"\u0131zda","1127":"lerl","1128":"i\u00e7bi","1129":"hi\u00e7b","1130":" bas","1131":"l\u0131kl","1132":"gece","1133":"dinl","1134":"\u00e7bir","1135":" sav","1136":"baka","1137":"erli","1138":"uzun","1139":"zim ","1140":"rebi","1141":"deli","1142":"rmak","1143":"yley","1144":"\u00fcven","1145":"orad","1146":"nr\u0131n","1147":"rdi\u011f","1148":" ad\u0131","1149":"lanl","1150":" y\u00fcr","1151":"aile","1152":"bild","1153":" d\u00fcz","1154":"hiss","1155":"lenm","1156":"rdum","1157":"evin","1158":"am\u0131 ","1159":"arde","1160":"te\u015fe","1161":" \u00f6l\u00fc","1162":"att\u0131","1163":"k\u00fc\u00e7\u00fc","1164":"yanl","1165":"iydi","1166":" k\u00fc\u00e7","1167":"aray","1168":"t\u0131n ","1169":"\u0131d\u0131r","1170":"\u00fc\u011f\u00fcn","1171":"yete","1172":"nan ","1173":"mde ","1174":" koy","1175":" e\u015fi","1176":"\u015f\u00f6yl","1177":"ay\u0131m","1178":" \u015f\u00f6y","1179":" uza","1180":"ans\u0131","1181":"sel ","1182":"nele","1183":"al\u0131k","1184":"eyim","1185":"\u0131lan","1186":"met ","1187":"nlat","1188":"ava\u015f","1189":"ap\u0131l","1190":"uydu","1191":"bilg","1192":"cele","1193":"ise ","1194":"yaz\u0131","1195":"a\u011fl\u0131","1196":"urma","1197":"de\u011fe","1198":"deva","1199":"apta","1200":"izme","1201":"at\u0131l","1202":"afta","1203":" l\u00fct","1204":"kile","1205":"pt\u0131\u011f","1206":" ail","1207":"m\u0131\u015ft","1208":"iden","1209":"rde\u015f","1210":"inci","1211":"rd\u0131r","1212":"ar\u0131y","1213":"kan ","1214":"kan\u0131","1215":"ovan","1216":" evl","1217":"ka\u00e7 ","1218":"aks\u0131","1219":"asla","1220":" bah","1221":"yabi","1222":" sak","1223":"leni","1224":" i\u015fl","1225":"yeti","1226":"kta ","1227":"am\u0131y","1228":"i\u011fer","1229":"ncak","1230":"nu\u015fm","1231":" eli","1232":"r\u00fcn\u00fc","1233":"lmaz","1234":" ber","1235":"rmey","1236":"ahip","1237":" hiz","1238":"ille","1239":"amad","1240":"emed","1241":"\u00fcn\u00fcn","1242":"af\u0131n","1243":"taki","1244":"yse ","1245":"l\u00fctf","1246":"\u00fcnd\u00fc","1247":"\u00fcne ","1248":"isse","1249":"\u011f\u0131nd","1250":"\u00f6re ","1251":"yere","1252":"fen ","1253":"arab","1254":"mle ","1255":"dam ","1256":"\u0131s\u0131 ","1257":"\u00e7lar","1258":"arat","1259":"n\u0131z\u0131","1260":"kurt","1261":"l\u0131\u015f\u0131","1262":" bey","1263":"ime ","1264":"zmet","1265":"kald","1266":"ala ","1267":" d\u0131\u015f","1268":" erk","1269":" ses","1270":"evam","1271":"ktir","1272":" sab","1273":"elle","1274":"tfen","1275":" emi","1276":"hizm","1277":"iyim","1278":"asta","1279":"\u00f6t\u00fc ","1280":"kayb","1281":"\u0131za ","1282":"tini","1283":"avra","1284":"emi ","1285":"\u00f6l\u00fcm","1286":"arma","1287":"\u00fc\u00e7\u00fck","1288":"\u011find","1289":" di\u011f","1290":"\u00fctfe","1291":"di\u011fe","1292":"indi","1293":"r\u015f\u0131l","1294":"run ","1295":"ran\u0131","1296":"p\u0131yo","1297":"onda","1298":"\u015far\u0131","1299":"a\u015far","1300":"plan","1301":" rab","1302":"y\u0131l ","1303":"zun ","1304":"oluy","1305":"eril","1306":"a\u015fma","1307":"umuz","1308":"evle","1309":"kalm","1310":" \u00f6rn","1311":"rama","1312":"ndek","1313":"\u00f6rne","1314":"\u0131nla","1315":"\u011f\u0131n ","1316":"lmi\u015f","1317":" tab","1318":" y\u00fck","1319":"m\u0131n ","1320":"yolu","1321":"itab","1322":"ldir","1323":"elec","1324":"iril","1325":"lm\u0131\u015f","1326":"ncel","1327":"sevg","1328":" \u00e7ev","1329":"evgi","1330":" anc","1331":" hey","1332":"\u015f\u0131nd","1333":"olun","1334":"stan","1335":"\u00e7ek ","1336":"\u0131\u015fla","1337":"leyi","1338":"lki ","1339":" \u00f6ze","1340":"lduk","1341":"e\u015fti","1342":"yon ","1343":"\u00e7arp","1344":" a ","1345":"rle ","1346":"tabi","1347":"y\u0131ld","1348":"ele ","1349":"eyse","1350":"erec","1351":"gitt","1352":"tte ","1353":"ilk ","1354":"elme","1355":"paca","1356":"ld\u00fcr","1357":" ana","1358":"debi","1359":" bin","1360":"a\u011f\u0131z","1361":"le\u015ft","1362":"ya\u015f\u0131","1363":"la\u015ft","1364":"nlik","1365":"al\u0131n","1366":"az\u0131r","1367":"ba\u015fa","1368":"hari","1369":"elki","1370":"arl\u0131","1371":"r\u015f\u0131 ","1372":"edec","1373":" saa","1374":"zda ","1375":"kli ","1376":"haz\u0131","1377":"vam ","1378":"aram","1379":"apac","1380":"\u0131mda","1381":"asl\u0131","1382":"ekk\u00fc","1383":"az\u0131l","1384":"\u0131ya ","1385":"mu\u015f ","1386":"tmen","1387":"saat","1388":"adde","1389":" ruh","1390":" hab","1391":"anm\u0131","1392":"diri","1393":"belk","1394":"\u011f\u0131z ","1395":"nya ","1396":"\u011fild","1397":"eydi","1398":" uyg","1399":"akma","1400":"elik","1401":"kk\u00fcr","1402":"la\u015fm","1403":"y\u00fczd","1404":"\u00e7\u00fck ","1405":" k\u0131r","1406":"edik","1407":" ney","1408":"bul ","1409":"etim","1410":"ar\u0131\u015f","1411":" \u015fun","1412":"lt\u0131n","1413":" g\u00f6n","1414":"inli","1415":"e\u015fek","1416":"atta","1417":"\u00f6nde","1418":" hav","1419":"ge\u00e7e","1420":"ulma","1421":" oyu","1422":" \u00fclk","1423":"eter","1424":"ekra","1425":"opla","1426":"ette","1427":" ho\u015f","1428":"\u00e7eki","1429":"habe","1430":" uzu","1431":"f\u0131nd","1432":"ene ","1433":"niye","1434":"d\u0131r\u0131","1435":"y\u0131z ","1436":"yala","1437":"\u0131kl\u0131","1438":"nder","1439":"tap ","1440":"adak","1441":"ber ","1442":"i\u015fin","1443":" se\u00e7","1444":"lmek","1445":"rund","1446":"okta","1447":" and","1448":"ac\u0131 ","1449":"\u00fclke","1450":"kla\u015f","1451":"yay\u0131","1452":"\u015fekk","1453":"iyac","1454":"dene","1455":"ad\u0131k","1456":"s\u0131ra","1457":"rile","1458":"ndis","1459":"epsi","1460":"denl","1461":"pmak","1462":"yada","1463":" muh","1464":"mem ","1465":"koru","1466":"apar","1467":"tird","1468":"reti","1469":"tesi","1470":"uldu","1471":"krar","1472":"orku","1473":" ise","1474":"a\u015f\u0131y","1475":"tta ","1476":"risi","1477":"tli ","1478":" dok","1479":"mama","1480":"yine","1481":"\u00f6zel","1482":"d\u00fcze","1483":"l\u00fcyo","1484":" s\u0131n","1485":"yer ","1486":"n\u00fcn ","1487":" haf","1488":" ser","1489":"sl\u0131n","1490":"an\u0131l","1491":"yakl","1492":"nd\u0131 ","1493":"eket","1494":"umu ","1495":"gen\u00e7","1496":"yet ","1497":"kat\u0131","1498":"hast","1499":"yac\u0131","1500":"vran","1501":"kkat","1502":"syon","1503":"olu ","1504":"aat ","1505":"nen ","1506":"kes ","1507":"dikk","1508":"\u015flad","1509":"ikka","1510":"disi","1511":"\u011fumu","1512":" kah","1513":"tire","1514":"net ","1515":"\u011f\u0131na","1516":"kabu","1517":"iriy","1518":"\u00fcst\u00fc","1519":"lene","1520":"uray","1521":"umda","1522":" aya","1523":"caks","1524":"erir","1525":" yin","1526":"sava","1527":"\u0131z\u0131n","1528":"an\u0131\u015f","1529":"itle","1530":"raba","1531":"davr","1532":"\u0131c\u0131 ","1533":" rah","1534":"ba\u011fl","1535":"am\u0131\u015f","1536":"rdim","1537":" ta\u015f","1538":"sla ","1539":"lu\u011fu","1540":"n\u0131nd","1541":"dikl","1542":"a\u015f\u0131r","1543":"eya ","1544":"g\u00f6zl","1545":"ks\u0131n","1546":"d\u00f6ne","1547":"s\u00f6zl","1548":"tekr","1549":"\u0307san","1550":"gile","1551":" mal","1552":" vey","1553":"a\u011f\u0131r","1554":"kapa","1555":"bula","1556":"luk ","1557":"i\u0307\u015ft","1558":"elde","1559":"veya","1560":"sek ","1561":"ir\u00e7o","1562":"bir\u00e7","1563":" ac\u0131","1564":"tlu ","1565":"heps","1566":" sat","1567":"r\u0131yo","1568":"l\u0131\u015fm","1569":" \u015fah","1570":" izi","1571":"emez","1572":" eks","1573":"hip ","1574":"reki","1575":"\u0131zla","1576":"\u0307\u015fte","1577":"\u0131kt\u0131","1578":" bar","1579":"rala","1580":" unu","1581":"lesi","1582":"ici ","1583":"beri","1584":"kt\u0131 ","1585":"boyu","1586":"tab\u0131","1587":"z\u0131n ","1588":"pabi","1589":"rli ","1590":"arkl","1591":"buna","1592":"este","1593":"tkil","1594":"kla ","1595":"apab","1596":"ld\u0131\u011f","1597":" uya","1598":"n\u0131r\u0131","1599":"g\u00fc\u00e7l","1600":"ayab","1601":"saba","1602":"zoru","1603":"lmam","1604":"ilin","1605":" mak","1606":"rekl","1607":"yiz ","1608":"nedi","1609":"unut","1610":"rir ","1611":"heme","1612":"zlar","1613":"ova ","1614":"usu ","1615":"a\u015f\u0131m","1616":"\u0307sa ","1617":" cev","1618":"dere","1619":"t\u0131rm","1620":"tele","1621":"edeb","1622":"nan\u0131","1623":"nunl","1624":"retm","1625":"arik","1626":"\u0131l\u0131k","1627":" g\u00f6k","1628":"gula","1629":"rekt","1630":"hem ","1631":"nci ","1632":"eski","1633":"ksin","1634":"ark\u0131","1635":"beli","1636":"\u015fti ","1637":"\u0131ma ","1638":"bas\u0131","1639":"tane","1640":"ete ","1641":" uyu","1642":"k\u00e7a ","1643":"apla","1644":"a\u015fl\u0131","1645":" sar","1646":"undu","1647":"e\u00e7ir","1648":"akik","1649":"demi","1650":"\u00fcler","1651":"emle","1652":"\u015ft\u0131 ","1653":"l\u0131y\u0131","1654":"teki","1655":" \u00fc\u00e7 ","1656":" yay","1657":" sam","1658":"orma","1659":"ceva","1660":"ynin","1661":"llik","1662":" ele","1663":"rkl\u0131","1664":" g\u00fcl","1665":"t\u0131la","1666":"unca","1667":"ver ","1668":"ge\u00e7m","1669":"\u015f\u0131la","1670":"\u0131rsa","1671":" yat","1672":"esim","1673":"olsa","1674":"tile","1675":"azar","1676":"cakl","1677":"peki","1678":" oyn","1679":"\u0131ca ","1680":"yunc","1681":" esk","1682":" i\u00e7e","1683":"sund","1684":"idiy","1685":" otu","1686":"i\u015fim","1687":"enli","1688":"anan","1689":"b\u00f6l\u00fc","1690":"ttir","1691":"ayfa","1692":"uzak","1693":"d\u0131n\u0131","1694":"o\u011flu","1695":"izli","1696":"raca","1697":"i\u015fil","1698":"\u015fmak","1699":"\u015fkan","1700":"aran","1701":" izl","1702":"ba\u011f\u0131","1703":"ne\u011fi","1704":"ane ","1705":"yerl","1706":"arek","1707":"let ","1708":"\u015fama","1709":"kt\u0131r","1710":"da\u015fl","1711":" i ","1712":" bal","1713":"r\u00e7ok","1714":"eviy","1715":"\u00fckse","1716":"bak ","1717":" pla","1718":"benz","1719":"ran ","1720":"mand","1721":" i\u0307l","1722":"enci","1723":" nok","1724":"t\u0131nd","1725":"mizd","1726":"abul","1727":"r\u015fey","1728":"cakt","1729":"\u0131zl\u0131","1730":"emem","1731":"nesi","1732":"nokt","1733":" fik","1734":"tala","1735":"eniy","1736":"cile","1737":"gene","1738":"\u00e7ile","1739":" ata","1740":"nr\u0131 ","1741":"utma","1742":"lisi","1743":" oda","1744":"kika","1745":"z\u00fcnd","1746":"\u00fcrle","1747":" inc","1748":"\u015f\u00fcnm","1749":"nusu","1750":"mede","1751":"riye","1752":"ider","1753":"r\u0131ca","1754":"aban","1755":"amal","1756":"y\u00f6ne","1757":"\u0131yd\u0131","1758":"hat\u0131","1759":"aybe","1760":"\u0131m\u0131n","1761":"y\u00fcks","1762":"d\u00f6n\u00fc","1763":"r\u00fcyo","1764":"plar","1765":"ahat","1766":"eli\u015f","1767":"ddes","1768":"\u0131mla","1769":"etmi","1770":"alle","1771":"\u0131\u015f\u0131y","1772":" bo\u015f","1773":"\u015fam ","1774":"s\u0131k\u0131","1775":"d\u00fcm ","1776":" mah","1777":"ters","1778":" sa\u00e7","1779":"i\u015fte","1780":"daya","1781":"lini","1782":"olu\u015f","1783":"\u00fcm\u00fcz","1784":" e\u011fi","1785":"t\u00fcrk","1786":"\u015f\u0131k ","1787":"\u015fahi","1788":"t\u0131rl","1789":"l\u0131s\u0131","1790":"\u00fcrd\u00fc","1791":"timi","1792":"rarl","1793":"hala","1794":"alac","1795":"ary ","1796":"des ","1797":"g\u00fcne","1798":"kuru","1799":"yr\u0131c","1800":"kili","1801":"m\u0131s\u0131","1802":"kisi","1803":"dili","1804":"alk\u0131","1805":"rall","1806":"day\u0131","1807":"las\u0131","1808":"lmu\u015f","1809":"\u0131lm\u0131","1810":"kola","1811":"i\u0307ns","1812":"mily","1813":" az ","1814":" muk","1815":"ram\u0131","1816":" tes","1817":"ukad","1818":" su\u00e7","1819":"kas\u0131","1820":"\u015ftur","1821":"onus","1822":"lam ","1823":"yerd","1824":"\u00fckle","1825":"muz ","1826":"n\u00fcz ","1827":"okul","1828":"\u00fcnme","1829":"a\u00e7la","1830":"rse ","1831":"\u011fine","1832":"yebi","1833":"nmek","1834":"lmes","1835":"\u0307nsa","1836":"ilik","1837":"akip","1838":"muka","1839":"niyo","1840":"tere","1841":"yoks","1842":" evi","1843":"tutu","1844":" dan","1845":"umar","1846":"urta","1847":"arad","1848":"leti","1849":"rmay","1850":" had","1851":"ygul","1852":" tel","1853":"r\u0131s\u0131","1854":"\u00f6r\u00fc\u015f","1855":"nund","1856":"t\u0131r\u0131","1857":"\u00e7\u0131km","1858":"duyu","1859":"n\u0131m\u0131","1860":"ula\u015f","1861":"ide ","1862":"kap\u0131","1863":"\u015f\u00fcnd","1864":"lin ","1865":"t\u00fcr ","1866":" kom","1867":"\u011fi\u015ft","1868":"\u015flan","1869":"iyar","1870":"nmak","1871":"\u015fmay","1872":" \u015far","1873":"\u00fcrme","1874":"z\u0131la","1875":"y\u00fcr\u00fc","1876":"itir","1877":" m\u0131s","1878":"cekl","1879":"kadd","1880":"nl\u0131k","1881":" the","1882":"hare","1883":"ral\u0131","1884":"azd\u0131","1885":" tat","1886":"otur","1887":"rbir","1888":"nd\u0131\u011f","1889":"haft","1890":"hey ","1891":"mse ","1892":"rsen","1893":" des","1894":"\u011fili","1895":"yaln","1896":"pmay","1897":"ayet","1898":" sin","1899":"birk","1900":"sak ","1901":"ursa","1902":"arke","1903":"aral","1904":"nday","1905":"lind","1906":"zor ","1907":"yaka","1908":"kin ","1909":"stek","1910":"ndil","1911":"irka","1912":"\u015fman","1913":"reli","1914":" u\u011fr","1915":"rka\u00e7","1916":"d\u00fcr\u00fc","1917":"rkek","1918":"meme","1919":"aln\u0131","1920":"birb","1921":"hava","1922":"\u015fini","1923":"irse","1924":"yesi","1925":"mden","1926":"da\u015f\u0131","1927":"irbi","1928":"oyna","1929":"\u00e7o\u011fu","1930":"lund","1931":"esel","1932":"evre","1933":" dak","1934":" ula","1935":" nel","1936":"ark ","1937":"abal","1938":" o\u011fl","1939":"akin","1940":"bin ","1941":"tas\u0131","1942":"rma ","1943":"\u0131r\u0131l","1944":"adi ","1945":"kar ","1946":"ttik","1947":"sinl","1948":"bal\u0131","1949":"atan","1950":"kez ","1951":"liyi","1952":"seve","1953":"rabb","1954":" vak","1955":" \u015feh","1956":"d\u0131la","1957":"\u00fcnle","1958":"m\u0131zd","1959":"ab\u0131n","1960":"ln\u0131z","1961":"ksi ","1962":"bett","1963":"tak\u0131","1964":" h\u0131z","1965":" ay\u0131","1966":"ceks","1967":"suz ","1968":"ttim","1969":"ayg\u0131","1970":"\u015file","1971":"sayf","1972":"sedi","1973":"nize","1974":"rd\u00fc\u011f","1975":"ak\u0131m","1976":"ayar","1977":"abam","1978":"pek ","1979":"sim ","1980":" x ","1981":"eren","1982":"alam","1983":"olmu","1984":"\u00f6t\u00fcr","1985":"das\u0131","1986":"al\u0131r","1987":"rumd","1988":"yal\u0131","1989":"halk","1990":"\u015funu","1991":" umu","1992":"\u00fcn\u00fcm","1993":"ekiy","1994":"nm\u0131\u015f","1995":"gun ","1996":"s\u00f6z ","1997":"ar\u00e7a","1998":"ruyo","1999":"arca","2000":"tur ","2001":"neti","2002":"fta ","2003":"g\u00f6nd","2004":"efen","2005":" dos","2006":"etli","2007":"k\u0131yo","2008":"yun ","2009":" kas","2010":" hik","2011":"ta\u015f\u0131","2012":"\u0131\u015f\u0131n","2013":"an\u0131t","2014":"kimi","2015":"gisi","2016":"\u0131da ","2017":"ahse","2018":"eve ","2019":"amas","2020":"\u0131y\u0131 ","2021":" dek","2022":"arp\u0131","2023":"g\u00fcnl","2024":"\u015fim ","2025":"\u011fund","2026":" i\u015ft","2027":"\u00fcrek","2028":"sler","2029":"kiyo","2030":"naca","2031":"lat\u0131","2032":"at\u0131 ","2033":"neyi","2034":"mill","2035":"ab\u0131 ","2036":" yor","2037":"par\u00e7","2038":"rans","2039":" pol","2040":"\u0131rl\u0131","2041":"lay ","2042":"esle","2043":" g\u00f6t","2044":"nama","2045":"fend","2046":"\u0131l\u0131 ","2047":"zell","2048":"\u011ferl","2049":" man","2050":"kti\u011f","2051":"rtar","2052":"\u011fiz ","2053":"aten","2054":"\u00e7\u0131kl","2055":"\u00fczen","2056":"ahit","2057":" fil","2058":"\u00e7\u0131kt","2059":"lunu","2060":"at\u0131m","2061":"sat\u0131","2062":" \u00e7o\u011f","2063":"oktu","2064":"\u00fcnce","2065":"utla","2066":"tari","2067":"\u00f6lge","2068":"lman","2069":"herh","2070":"\u00e7ekl","2071":"abas","2072":" ya\u011f","2073":"lirl","2074":" et ","2075":"\u011f\u00fcn\u00fc","2076":"enel","2077":"ak\u0131l","2078":"t\u0131n\u0131","2079":"bahs","2080":"cuk ","2081":"ket ","2082":"l\u0131\u015ft","2083":"ar\u0131l","2084":"raha","2085":"umun","2086":"ad\u0131r","2087":" del","2088":"i\u0307yi","2089":" day","2090":"e\u011fiz","2091":"alet","2092":"tmi\u015f","2093":"ilem","2094":"yol ","2095":"ray\u0131","2096":"ay\u0131l","2097":"dimi","2098":"mdan","2099":"riyl","2100":"t\u0131yo","2101":"ski ","2102":"i\u00e7er","2103":"ant\u0131","2104":"meti","2105":"\u0131kma","2106":"duyd","2107":"bend","2108":"dilm","2109":"d\u00fcn ","2110":"klem","2111":"nnem","2112":"olla","2113":"bulm","2114":"dele","2115":" miy","2116":"\u0131mc\u0131","2117":"tekl","2118":"tmak","2119":"asyo","2120":"cekt","2121":"katl","2122":"y\u0131l\u0131","2123":"nizd","2124":"t\u0131kl","2125":"oruy","2126":"hadi","2127":"ener","2128":"ksa ","2129":"ekme","2130":"k\u00fcr ","2131":"\u00f6yl\u00fc","2132":"mize","2133":"sizl","2134":"\u00fc\u015ft\u00fc","2135":"viyo","2136":"k\u0131z ","2137":" f\u0131r","2138":"nyad","2139":"nla\u015f","2140":" i\u0307y","2141":"mla ","2142":"mazs","2143":" pay","2144":"biti","2145":" kaf","2146":"enze","2147":"lli ","2148":"g\u00fcna","2149":"urun","2150":"dun ","2151":"evap","2152":"ac\u0131m","2153":" ima","2154":"sevd","2155":"\u0131nt\u0131","2156":"sela","2157":"rmed","2158":"uda ","2159":"kura","2160":" fra","2161":"reni","2162":"abah","2163":"g\u00f6t\u00fc","2164":"rabi","2165":" yiy","2166":"\u0131kta","2167":"y\u0131ll","2168":" lan","2169":"oplu","2170":"ali ","2171":"s\u00f6z\u00fc","2172":"tle ","2173":"hep ","2174":"yasa","2175":"kele","2176":"lah\u0131","2177":"dam\u0131","2178":"nyan","2179":"abbi","2180":"taya","2181":" \u00e7a\u011f","2182":"gemi","2183":"\u00fcr\u00fcy","2184":"s\u00fcr\u00fc","2185":"\u015fma ","2186":"evir","2187":" yas","2188":"lurs","2189":"renc","2190":" kez","2191":"ka\u00e7\u0131","2192":" ak\u0131","2193":"lile","2194":"e\u00e7en","2195":"uma ","2196":"ncil","2197":" efe","2198":"lak ","2199":"nece","2200":"u\u011fra","2201":"yd\u0131n","2202":" gem","2203":"unma","2204":"do\u011fa","2205":" vur","2206":"kusu","2207":"rhan","2208":" nef","2209":"yl\u00fcy","2210":"iman","2211":"rdik","2212":"ns\u0131z","2213":" zat","2214":" sel","2215":"st\u00fcn","2216":"yonu","2217":"\u0131l\u0131\u011f","2218":"mber","2219":"zere","2220":"yokt","2221":"keli","2222":"e\u015fle","2223":"m\u0131za","2224":"erey","2225":"\u00fc\u00e7l\u00fc","2226":"bala","2227":"n\u0131m ","2228":"benc","2229":" \u00e7\u00f6z","2230":"turu","2231":"enen","2232":" tah","2233":"a\u015f\u0131k","2234":" elb","2235":"alab","2236":"i\u015fe ","2237":"\u015faya","2238":"enge","2239":"e\u015fin","2240":"i\u015fki","2241":"bede","2242":"trol","2243":"evdi","2244":"merh","2245":"fran","2246":"nmay","2247":"dost","2248":"nebi","2249":"all\u0131","2250":" bi ","2251":"zate","2252":"limi","2253":"uluk","2254":"eken","2255":"nabi","2256":"rmi\u015f","2257":" sil","2258":"liye","2259":"tal\u0131","2260":" kil","2261":" sun","2262":"sami","2263":"ayna","2264":"\u0131\u015far","2265":"kir ","2266":"\u00f6n\u00fcn","2267":"ehir","2268":"l\u0131r ","2269":"erel","2270":" a\u015fa","2271":"yal ","2272":"zlem","2273":"ay\u0131s","2274":"kalk","2275":"iyec","2276":"rumu","2277":"uyar","2278":"anet","2279":"psi ","2280":" \u00f6n\u00fc","2281":"yeli","2282":"akar","2283":" k\u0131l","2284":"kay\u0131","2285":"poli","2286":"dest","2287":"\u00fc\u011f\u00fcm","2288":"oksa","2289":"de\u015fi","2290":"e\u00e7ti","2291":"a\u015f\u0131 ","2292":"hata","2293":" kav","2294":"ral ","2295":"tme ","2296":"irir","2297":"c\u0131la","2298":" dir","2299":"rmal","2300":"hepi","2301":"ikay","2302":"l\u0131\u015f ","2303":"ylec","2304":"yaza","2305":"ryni","2306":"rat\u0131","2307":"n\u0131n\u0131","2308":"line","2309":"iddi","2310":" yed","2311":"lun ","2312":"rne\u011f","2313":"\u00e7eri","2314":" ko\u015f","2315":"okuy","2316":" i\u0307k","2317":"uyu ","2318":"s\u0131yl","2319":"mesa","2320":"a\u00e7ma","2321":"dire","2322":"ruml","2323":"m\u0131n\u0131","2324":"\u00fcn\u00fcz","2325":"ap\u0131n","2326":"ngel","2327":"duyg","2328":"\u015fan ","2329":"lata","2330":"canl","2331":"\u00e7\u0131k ","2332":"alin","2333":" i\u015f ","2334":"zenl","2335":" be\u015f","2336":" dai","2337":"kont","2338":"ar\u0131s","2339":"tmem","2340":" i\u0307\u00e7","2341":"masa","2342":"l\u00fck ","2343":"ayak","2344":"at\u0131y","2345":"berl","2346":"aryn","2347":"p\u0131la","2348":"bund","2349":"lulu","2350":"elem","2351":"sayd","2352":"ksek","2353":"ulam","2354":"buld","2355":"\u00f6rev","2356":" spo","2357":"t\u0131c\u0131","2358":"uyan","2359":"sesi","2360":"\u015fa\u011f\u0131","2361":"\u00e7evi","2362":"\u0131lla","2363":"edey","2364":"d\u0131\u015fa","2365":"nl\u0131\u015f","2366":"\u00f6z\u00fcn","2367":"enil","2368":"do\u011fu","2369":"alde","2370":"rs\u0131n","2371":"rlan","2372":"lebi","2373":"zorl","2374":"ami ","2375":"lda ","2376":"l\u0131n ","2377":"kula","2378":"uyum","2379":" da\u011f","2380":"yana","2381":" \u00f6de","2382":"\u0131l\u0131r","2383":"\u0131y\u0131z","2384":"eyeb","2385":"nlem","2386":"hitl","2387":"muht","2388":"\u0131l\u0131y","2389":"tt\u0131 ","2390":"kare","2391":"i\u0307st","2392":" ond","2393":"yfa ","2394":"\u0131zca","2395":"lyon","2396":"lmed","2397":"irmi","2398":"adet","2399":"ah\u0131n","2400":"sele","2401":"nmey","2402":"ulan","2403":"rula","2404":" dal","2405":"gel ","2406":"nr\u0131m","2407":"nma ","2408":"z\u00fcn\u00fc","2409":"y\u0131s\u0131","2410":"ya\u015fl","2411":"arti","2412":"the ","2413":"duk ","2414":"llet","2415":"arac","2416":"deyi","2417":"k\u0131z\u0131","2418":"baya","2419":"lidi","2420":"n\u0131zd","2421":"a\u015fad","2422":" pey","2423":"ergi","2424":"tum ","2425":" g\u00fcc","2426":"d\u0131nl","2427":"umlu","2428":"lma ","2429":"miyi","2430":"tmed","2431":"durd","2432":"r\u0131ya","2433":" eld","2434":"\u015fad\u0131","2435":"iren","2436":"iyiz","2437":"\u015fam\u0131","2438":"apan","2439":" seb","2440":"fade","2441":"amen","2442":"irec","2443":"e\u011fit","2444":"ssed","2445":"daml","2446":"k\u0131r\u0131","2447":"ybet","2448":"a\u015fay","2449":" pat","2450":" mem","2451":"bay ","2452":" kam","2453":"dolu","2454":"en\u00e7 ","2455":"yedi","2456":"niml","2457":" met","2458":"dip ","2459":"part","2460":"\u00f6net","2461":"ermi","2462":" d\u00f6r","2463":" i\u0307b","2464":"t\u0131l\u0131","2465":"g\u00fcnd","2466":"\u00fcr\u00fcn","2467":"t\u00fcr\u00fc","2468":"ade ","2469":"\u015f\u0131na","2470":"muyo","2471":"send","2472":"i\u0307ki","2473":" su ","2474":"ovay","2475":"rilm","2476":"iyon","2477":" e ","2478":" \u00e7ab","2479":"klam","2480":"derd","2481":"rist","2482":"evli","2483":"nne ","2484":"reye","2485":"z\u0131rl","2486":" teh","2487":"onu\u00e7","2488":"nek ","2489":"zara","2490":"arih","2491":" \u015fan","2492":"d\u0131kl","2493":"ifad","2494":"zdan","2495":"rme ","2496":"ilyo","2497":"\u00e7ler","2498":"nr\u0131y","2499":" yah","2500":"\u015ft\u0131m","2501":"saya","2502":"rol ","2503":" sok","2504":"r\u0131yl","2505":"d\u0131mc","2506":" eng","2507":"mese","2508":"ontr","2509":" ifa","2510":"b\u00f6lg","2511":"iyel","2512":"rd\u0131n","2513":"yar ","2514":"rinc","2515":"\u0307yi ","2516":"mera","2517":"rnek","2518":"kale","2519":"rakt","2520":"sett","2521":"hat ","2522":"nmas","2523":"urul","2524":"klan","2525":"yr\u0131l","2526":"\u015ft\u0131\u011f","2527":"mal ","2528":" you","2529":" cid","2530":"zen ","2531":"rle\u015f","2532":"alim","2533":"etsi","2534":"e\u00e7me","2535":" aza","2536":"udur","2537":"unan","2538":" mas","2539":"\u015fehi","2540":"zca ","2541":"runu","2542":"tmay","2543":"ing ","2544":"slar","2545":"nemi","2546":"cidd","2547":"rip ","2548":"\u0131y\u0131m","2549":"sset","2550":"enne","2551":"z\u0131m ","2552":"ntro","2553":" giy","2554":"\u011fun ","2555":"illi","2556":" ili","2557":"\u00e2l\u00e2 ","2558":"can\u0131","2559":"sam ","2560":"ever","2561":"kafa","2562":"urur","2563":"ahla","2564":"ruma","2565":"engi","2566":"a\u011fa ","2567":"rail","2568":" h\u00fck","2569":"nu\u015fu","2570":"sevm","2571":"rman","2572":" hed","2573":"mel ","2574":"rdin","2575":"ambe","2576":"rak\u0131","2577":"neme","2578":"gamb","2579":" ziy","2580":"\u00fc\u015fme","2581":"ziya","2582":"o\u011fu ","2583":" mey","2584":"\u011fum ","2585":"lmey","2586":"a\u00e7\u0131n","2587":"\u0131nma","2588":"luna","2589":"uyuy","2590":" ku\u015f","2591":"\u00e7a\u011f\u0131","2592":"ksel","2593":"kanl","2594":"olam","2595":"anac","2596":"yata","2597":"site","2598":" end","2599":"amer","2600":"ale ","2601":"ili\u015f","2602":"renm","2603":" ker","2604":"g\u00fcc\u00fc","2605":"stal","2606":"sta ","2607":" ate","2608":"rdur","2609":"kliy","2610":"vers","2611":"hali","2612":"eyga","2613":"h\u0131zl","2614":"ninl","2615":"yat ","2616":"r\u0131l\u0131","2617":"bebe","2618":"elek","2619":"ocu\u011f","2620":"e\u015fim","2621":"peyg","2622":"\u00e7evr","2623":"ygam","2624":"akti","2625":"\u00fcm\u00fc ","2626":" sol","2627":"kors","2628":"l\u0131d\u0131","2629":" ila","2630":"tmes","2631":"uhte","2632":" h\u00e2l","2633":" at\u0131","2634":"anab","2635":"hatt","2636":"\u00e7\u0131k\u0131","2637":"l\u0131\u015fa","2638":"l\u0131la","2639":"tmel","2640":"g\u00f6z\u00fc","2641":"\u015fimi","2642":"vaya","2643":" niy","2644":"r\u0131la","2645":"nlay","2646":"ir\u015fe","2647":"yahu","2648":"metr","2649":"\u015f\u0131l\u0131","2650":"\u015fit ","2651":"bir\u015f","2652":"u\u00e7la","2653":"atl\u0131","2654":"kley","2655":"hakl","2656":"term","2657":"varl","2658":" akl","2659":"ural","2660":"ursu","2661":"koca","2662":" mad","2663":" ame","2664":" sek","2665":" ke\u015f","2666":" tur","2667":"rl\u0131 ","2668":"rt\u0131 ","2669":"ayva","2670":"vlen","2671":"iyat","2672":"ayda","2673":"aday","2674":"o\u011fun","2675":"r\u0131lm","2676":"srai","2677":" beb","2678":"sald","2679":"lant","2680":"\u0307sra","2681":"\u011fiti","2682":"li\u015fk","2683":"a\u015fa\u011f","2684":"i\u0307sr","2685":"d\u0131rm","2686":"ars\u0131","2687":"derl","2688":"cu\u011fu","2689":"reme","2690":" k\u00f6p","2691":"nsuz","2692":"tada","2693":" tav","2694":"ygun","2695":"stey","2696":"de\u015fl","2697":"nara","2698":"amda","2699":"rdir","2700":"zg\u00fcn","2701":"d\u00fcr ","2702":" zar","2703":"ptal","2704":"teye","2705":"ac\u0131l","2706":"anc\u0131","2707":" dua","2708":"kere","2709":"umla","2710":"\u00fcre ","2711":"k\u0131l\u0131","2712":"irde","2713":"elmi","2714":"\u00fczg\u00fc","2715":"\u015f\u00fcne","2716":"\u0131l\u0131n","2717":" \u00e7iz","2718":"\u015fitt","2719":"rend","2720":"aydi","2721":" boz","2722":"dukl","2723":"k\u00fcrl","2724":" \u015fa\u015f","2725":"yvan","2726":" sey","2727":"l\u00fcm\u00fc","2728":"geni","2729":"ata ","2730":"h\u0131n ","2731":" koc","2732":"rket","2733":"pt\u0131 ","2734":"ld\u0131m","2735":"\u0131nca","2736":"mezs","2737":"iliz","2738":"ehli","2739":"y\u00fcre","2740":" kel","2741":"dild","2742":"oru ","2743":"kayn","2744":"rad\u0131","2745":"giri","2746":"ice ","2747":"\u0131tla","2748":"nki ","2749":"\u00fcphe","2750":"nnet","2751":"ldum","2752":"ip\u00e7i","2753":"\u00e7l\u00fc ","2754":" sis","2755":"ucu ","2756":"m\u0131na","2757":" hen","2758":" cem","2759":" mez","2760":"\u015fans","2761":"sand","2762":"aske","2763":"\u015f\u00fcph","2764":"sakl","2765":"k\u0131sa","2766":"d\u00fc\u015fm","2767":"me\u011fi","2768":"eti\u015f","2769":"ylar","2770":" \u015f\u00fcp","2771":"hald","2772":" bed","2773":"yand","2774":"\u011fi\u015fi","2775":"tad\u0131","2776":"sist","2777":"lgi ","2778":"uk\u00e7a","2779":"uruy","2780":"kip\u00e7","2781":"\u00f6r\u00fcy","2782":" cum","2783":"haki","2784":" gaz","2785":"neye","2786":"eten","2787":"ate\u015f","2788":"\u00fc\u011f\u00fc ","2789":"anat","2790":"can ","2791":"oma ","2792":"\u015f\u0131n ","2793":"n\u0131lm","2794":"o\u011ful","2795":"nem ","2796":"asar","2797":"pt\u0131k","2798":"yama","2799":" in ","2800":"nide","2801":"\u0131r\u0131y","2802":" hes","2803":"d\u00f6rt","2804":" ces","2805":"metl","2806":"s\u0131zl","2807":"omu ","2808":"tsin","2809":" fot","2810":"ista","2811":"duk\u00e7","2812":"\u015f\u0131n\u0131","2813":"tekn","2814":"uffy","2815":"enmi","2816":"sayg","2817":"gram","2818":"lmem","2819":"tar\u0131","2820":"tand","2821":"hayv","2822":"hane","2823":"yla\u015f","2824":"kuma","2825":"esih","2826":"keti","2827":"terd","2828":"durm","2829":"emes","2830":"hayd","2831":"onsu","2832":"ekir","2833":"nutm","2834":"nyay","2835":"ac\u0131n","2836":"doku","2837":"itim","2838":"lgis","2839":"rtay","2840":"irke","2841":" ay ","2842":"yiye","2843":"al\u0131s","2844":"mc\u0131 ","2845":"bakm","2846":"orul","2847":"foto","2848":"abii","2849":"lsa ","2850":"bar\u0131","2851":"dine","2852":"\u00fcne\u015f","2853":"lu\u015ft","2854":" vid","2855":" a\u011f\u0131","2856":"uyma","2857":"lukl","2858":"tal ","2859":"ilah","2860":"hale","2861":"rsak","2862":"ktor","2863":" a\u015fk","2864":"ge\u00e7t","2865":"\u011funa","2866":"va\u015f ","2867":"ak\u015fa","2868":"yazd","2869":"unlu","2870":"ahib","2871":"\u00fcrec","2872":" ell","2873":"\u015flay","2874":"dirm","2875":"alm\u0131","2876":"nl\u0131y","2877":"nlad","2878":"ideo","2879":"rakm","2880":"ndi\u011f","2881":"loji","2882":"liyd","2883":" ak\u015f","2884":"ay\u0131p","2885":"k\u015fam","2886":"teli","2887":"\u00f6nd\u00fc","2888":"rabe","2889":"rlam","2890":"kana","2891":"sebe","2892":"\u0131la\u015f","2893":"taca","2894":"la\u015fa","2895":" \u0131\u015f\u0131","2896":"n\u00fcnd","2897":"anti","2898":"ili\u011f","2899":"cema","2900":"ston","2901":"\u011fl\u0131k","2902":"eme\u011f","2903":" per","2904":" mek","2905":"oloj","2906":"haba","2907":"sem ","2908":"gin ","2909":"elam","2910":"ngil","2911":"anam","2912":"k\u0131sm","2913":"\u0131nd\u0131","2914":"ra\u015ft","2915":"hesa","2916":"vars","2917":"\u015fark","2918":"deys","2919":" an ","2920":"m\u00fc\u015f ","2921":"sene","2922":"ydu ","2923":"dokt","2924":"uyur","2925":"desi","2926":"l\u00fcm ","2927":"k\u0131m\u0131","2928":"urtu","2929":"lili","2930":" ol ","2931":"okto","2932":" b ","2933":"yery","2934":"lsin","2935":" a\u011fa","2936":"h\u00e2l\u00e2","2937":"ery\u00fc","2938":" gar","2939":"evde","2940":"\u00e7ala","2941":"bera","2942":"\u00fcr\u00fc ","2943":"raft","2944":"sons","2945":"\u00fcr\u00fcl","2946":"ry\u00fcz","2947":"\u00fck\u00fcm","2948":"\u011flam","2949":"ranl","2950":"atle","2951":"maat","2952":"\u00fcnah","2953":"inme","2954":" ren","2955":"bade","2956":"ahal","2957":"celi","2958":"anki","2959":"\u00e7en ","2960":" cin","2961":"lime","2962":"ptan","2963":"dek ","2964":"duym","2965":"rmem","2966":" gru","2967":"ikli","2968":"kti ","2969":"al\u0131\u011f","2970":"emaa","2971":"\u011flan","2972":"ans ","2973":"neli","2974":"lup ","2975":"nd\u00fc\u011f","2976":"rtul","2977":"bii ","2978":" yav","2979":"su\u00e7l","2980":" lis","2981":"\u00f6l\u00fc ","2982":"\u011flay","2983":"\u0131lda","2984":"d\u0131\u015f\u0131","2985":"kt\u0131\u011f","2986":"vide","2987":"\u00f6rt ","2988":"mame","2989":"mac\u0131","2990":"kaya","2991":"kati","2992":" m\u00fc ","2993":"ikir","2994":"kle\u015f","2995":"uras","2996":"siyo","2997":"\u0131rs\u0131","2998":"nt\u0131l","2999":"mizl","3000":"erik","3001":"azen","3002":" h\u0131r","3003":"\u0131n\u0131r","3004":"yare","3005":"fiki","3006":"olis","3007":"se\u00e7i","3008":"\u015f\u0131m ","3009":"ava ","3010":"ara\u015f","3011":"luff","3012":"vap ","3013":"nir ","3014":"urla","3015":"y\u0131p ","3016":"like","3017":" apt","3018":"enir","3019":"latm","3020":" m\u00fcz","3021":"ari ","3022":"onud","3023":"osto","3024":"rand","3025":"rl\u0131k","3026":"menl","3027":"\u015f\u00fcnc","3028":"lem ","3029":"baze","3030":"rmes","3031":"meri","3032":"yoll","3033":" tas","3034":" luf","3035":"nuda","3036":"\u015fin ","3037":"n\u0131r ","3038":"ttin","3039":"ulu\u011f","3040":"da\u011f\u0131","3041":"l\u00fc\u011f\u00fc","3042":"rm\u0131\u015f","3043":"lele","3044":"uzu ","3045":"t\u0131m\u0131","3046":"lird","3047":"rhab","3048":"\u00fccre","3049":"nunu","3050":"toma","3051":"tmiy","3052":"adel","3053":"hibi","3054":" i\u015fe","3055":"e\u00e7mi","3056":"yetl","3057":" bat","3058":"mu\u015ft","3059":"erab","3060":"rp\u0131 ","3061":"ay\u0131z","3062":"atin","3063":"siye","3064":" y\u0131k","3065":"ahta","3066":"yum ","3067":"y\u0131la","3068":"rmen","3069":" on ","3070":"payl","3071":"\u0131dan","3072":"az\u0131m","3073":"uttu","3074":" mat","3075":"iyil","3076":" def","3077":"olas","3078":"dura","3079":" bos","3080":"elis","3081":"yip ","3082":" gez","3083":"\u011flu ","3084":"d\u0131nd","3085":"kaye","3086":"yuyo","3087":"avlu","3088":"uyla","3089":"anta","3090":"dair","3091":"kek ","3092":"\u00fcrl\u00fc","3093":"nl\u0131\u011f","3094":"raki","3095":"sar\u0131","3096":"zle ","3097":"fala","3098":"ngin","3099":"ak\u0131y","3100":"zs\u0131n","3101":"pler","3102":"yemi","3103":"iles","3104":"ak\u0131\u015f","3105":" sta","3106":" giz","3107":"rd\u00fc ","3108":" mik","3109":"nu\u015fa","3110":" soy","3111":"tind","3112":"aryy","3113":"ddet","3114":"plum","3115":"abi ","3116":"tlam","3117":"utan","3118":"yaya","3119":"c\u0131l\u0131","3120":"n\u00fcm ","3121":"r\u0131da","3122":"t\u0131lm","3123":"iris","3124":" ah ","3125":"eyta","3126":"ogra","3127":" \u00fczg","3128":"r\u0131z ","3129":"\u0131\u015f\u0131 ","3130":" gal","3131":"evi ","3132":"edem","3133":"ihin","3134":"\u00f6n\u00fc\u015f","3135":" a\u015f\u0131","3136":" evd","3137":"\u015faca","3138":"ytan","3139":"m\u00fcyo","3140":"bah ","3141":"terl","3142":"nanm","3143":"uran","3144":"plam","3145":"kahr","3146":"n\u0131za","3147":"nm\u0131y","3148":"merk","3149":" cen","3150":"d\u00f6nd","3151":"lari","3152":" bor","3153":"rkez","3154":"anar","3155":"hall","3156":" ali","3157":"tasa","3158":" ale","3159":" don","3160":"lane","3161":"o\u011fra","3162":"nmi\u015f","3163":"as\u0131y","3164":"in\u00e7 ","3165":"uza ","3166":"kinc","3167":"en\u00fcz","3168":"okun","3169":"nini","3170":"izce","3171":"maka","3172":" ace","3173":"\u00fcm\u00fcn","3174":"yarl","3175":"en\u00e7l","3176":"oda ","3177":"ldin","3178":"rd\u00fcm","3179":"hen\u00fc","3180":"atal","3181":"eriz","3182":"\u00f6r\u00fcl","3183":"bini","3184":"\u00f6z\u00fcm","3185":" \u00f6lm","3186":"erak","3187":"ld\u00fc ","3188":"r\u0131ld","3189":"idde","3190":"\u00f6ner","3191":"at\u0131c","3192":"dan\u0131","3193":"kmak","3194":"g\u00fcl\u00fc","3195":"imli","3196":"s\u0131k ","3197":"\u015flam","3198":"\u015fkal","3199":"reyi","3200":"asa ","3201":"mind","3202":"ola ","3203":"kl\u0131k","3204":"sede","3205":"hika","3206":"lbet","3207":"idec","3208":"elbe","3209":"are ","3210":"lede","3211":"n\u0131na","3212":"n\u00fcm\u00fc","3213":"h\u00fck\u00fc","3214":"girm","3215":"ad\u0131l","3216":"bakt","3217":"rmel","3218":"enek","3219":"adal","3220":"lt\u0131 ","3221":"fede","3222":"k\u0131n\u0131","3223":"esaj","3224":"\u015fmal","3225":"tehl","3226":"redi","3227":"bost","3228":"a\u00e7\u0131l","3229":"nzer","3230":"ayra","3231":" pav","3232":"a\u00e7t\u0131","3233":"\u0131\u015f\u0131k","3234":"k\u0131\u015f ","3235":"ers ","3236":"harc","3237":"\u0131sm\u0131","3238":"alya","3239":"kaca","3240":"d\u0131ra","3241":"\u0131k\u0131n","3242":"ulu\u015f","3243":"\u00fcnl\u00fc","3244":"tura","3245":" m\u00fcm","3246":"nekl","3247":"film","3248":"pimi","3249":"di\u015fe","3250":"ormu","3251":"paza","3252":"nik ","3253":"hlik","3254":"ldim","3255":" laz","3256":"rlay","3257":"vlus","3258":"ina ","3259":" \u00f6z\u00fc","3260":"\u00fcmle","3261":"eney","3262":"pavl","3263":"karm","3264":"you ","3265":"iley","3266":"venl","3267":"cede","3268":"epim","3269":"ireb","3270":"inim","3271":"lars","3272":"ahud","3273":"ikin","3274":"tar ","3275":"nlen","3276":"ulus","3277":" \u00f6zg","3278":"olda","3279":"sala","3280":"nl\u0131 ","3281":"ldik","3282":"and ","3283":"fikr","3284":"uvar","3285":" sap","3286":"\u011feri","3287":" tra","3288":" ulu","3289":"\u00e7mi\u015f","3290":"vdi\u011f","3291":" tal","3292":"enid","3293":"aka ","3294":" nin","3295":"\u0131k\u00e7a","3296":"\u015feyt","3297":" paz","3298":"ese ","3299":"rulu","3300":"g\u0131n ","3301":"uya ","3302":"oray","3303":"\u0131\u011fa ","3304":"alay","3305":"git ","3306":"rusu","3307":"sord","3308":"bah\u00e7","3309":"ker ","3310":"\u00f6zg\u00fc","3311":"zl\u0131k","3312":"klen","3313":"le\u015fm","3314":"zak ","3315":"rk\u0131n","3316":" ask","3317":"apam","3318":"bol ","3319":"\u015fmas","3320":"\u011flen","3321":"tma ","3322":"siml","3323":"etre","3324":"t\u0131ra","3325":"ikri","3326":"okum","3327":"lise","3328":"iver","3329":"gara","3330":"roma","3331":"ddi ","3332":"yatt","3333":" ant","3334":"gire","3335":"azs\u0131","3336":"fret","3337":"\u0131rm\u0131","3338":"lip ","3339":"nley","3340":"\u011fmen","3341":" tep","3342":"muha","3343":"k\u0131nt","3344":"\u015fabi","3345":"emde","3346":" kir","3347":"ndi\u015f","3348":"z\u0131r ","3349":" rom","3350":"a\u011f\u0131\u015f","3351":"olum","3352":"anka","3353":" uma","3354":"mur ","3355":"nsel","3356":"rici","3357":"c\u0131m\u0131","3358":"be\u015f ","3359":"re\u011fi","3360":"tuta","3361":"\u015feye","3362":"\u00f6n\u00fcl","3363":"pmam","3364":"i\u0307ng","3365":" tap","3366":"msey","3367":"tapt","3368":"l\u0131kt","3369":"traf","3370":"taba","3371":"duya","3372":"erce","3373":"kiye","3374":"sila","3375":"l\u0131p ","3376":"psin","3377":"ar\u0131d","3378":"tutm","3379":"tt\u0131\u011f","3380":"\u00fcret","3381":" joh","3382":"kutl","3383":"\u0307ngi","3384":"\u0131rt\u0131","3385":"i\u015fme","3386":" min","3387":"tatl","3388":" ind","3389":"c\u0131n\u0131","3390":" k\u0131y","3391":"t\u0131na","3392":"mar\u0131","3393":"yken","3394":"rar\u0131","3395":"hin ","3396":"eker","3397":"\u011fraf","3398":"eres","3399":"g\u00f6n\u00fc","3400":"\u00e7ift","3401":"\u011full","3402":"ah\u00e7e","3403":"asit","3404":"\u00fcld\u00fc","3405":"beya","3406":"lmez","3407":"ks\u0131z","3408":"retl","3409":" cez","3410":"ahve","3411":" a\u011fl","3412":"el\u00e7i","3413":"akan","3414":"\u0131cak","3415":" zen","3416":"\u00fc\u015f\u00fcr","3417":" \u00e4\u00b0y","3418":"mara","3419":"\u015fa\u015f\u0131","3420":"kalb","3421":"s\u0131ca","3422":"\u00fcmde","3423":"\u00e4\u00b0yi","3424":"ll\u0131\u011f","3425":"k\u00f6pe","3426":" \u00e7if","3427":"rele","3428":"layl","3429":"rmu\u015f","3430":"itli","3431":"efre","3432":"rmez","3433":"lumu","3434":"\u00f6reb","3435":"kena","3436":"rett","3437":"lgin","3438":"tmez","3439":" gay","3440":"g\u00f6z ","3441":"list","3442":" ard","3443":"cesi","3444":" siy","3445":"rd\u0131\u011f","3446":"\u015fara","3447":"nakl","3448":" m\u00fck","3449":"a\u015fta","3450":"olup","3451":"kini","3452":"zsin","3453":"s\u0131r ","3454":"devl","3455":"hlar","3456":"nana","3457":" \u00fcz\u00fc","3458":"vgi ","3459":"rt\u0131\u015f","3460":"zce ","3461":"\u00fcc\u00fc ","3462":" hap","3463":" nor","3464":"a\u015f\u0131l","3465":"yonl","3466":"dama","3467":" kus","3468":" yum","3469":" \u00f6d\u00fc","3470":"inir","3471":"sker","3472":"elef","3473":"urda","3474":"\u00f6lme","3475":" oh ","3476":"\u0131sa ","3477":"nefr","3478":"tten","3479":"a\u015fa ","3480":"ceza","3481":"oto\u011f","3482":"anya","3483":"koyu","3484":"ld\u0131k","3485":"letl","3486":"le\u015fi","3487":"\u00fcnm\u00fc","3488":"afa ","3489":"\u011flar","3490":"ereb","3491":"uyun","3492":"lirt","3493":" kuz","3494":"nli ","3495":"onuc","3496":" yuk","3497":"apm\u0131","3498":"e\u011fle","3499":"kmay","3500":"siya","3501":"tif ","3502":"kabi","3503":" e\u011fl","3504":"john","3505":"d\u00f6nm","3506":"ismi","3507":"zd\u0131 ","3508":"to\u011fr","3509":"yele","3510":"nmes","3511":" atm","3512":" ra\u011f","3513":"oyu ","3514":" ma\u00e7","3515":"ge\u00e7 ","3516":"yaz ","3517":"enar","3518":"aliy","3519":"basi","3520":" for","3521":"a\u011fme","3522":"dua ","3523":"ban ","3524":"isim","3525":"kart","3526":"enkl","3527":"nuyo","3528":"tart","3529":"\u015flem","3530":"makl","3531":"\u0131r\u0131 ","3532":"tikl","3533":" int","3534":"az\u0131n","3535":"bell","3536":"runl","3537":"rild","3538":"ho\u015fl","3539":"alon","3540":"rup ","3541":"rlen","3542":"ra\u011fm","3543":"l\u0131yd","3544":"rca ","3545":"emir","3546":"ban\u0131","3547":"nme ","3548":"inse","3549":"evme","3550":"i\u015fel","3551":"aniy","3552":"\u0131n\u0131f","3553":"lefo","3554":"efon","3555":"ktur","3556":"veni","3557":"kal ","3558":"ayam","3559":"bbin","3560":"\u0131s\u0131y","3561":"idel","3562":"e\u00e7er","3563":" ord","3564":"has\u0131","3565":"oran","3566":"\u00fcrk ","3567":"\u0131rke","3568":"kahv","3569":"mhur","3570":"erid","3571":"ekal","3572":"yunu","3573":"kuyo","3574":"o\u015fla","3575":"zand","3576":"tene","3577":" gra","3578":"gini","3579":"usta","3580":"ydu\u011f","3581":"htem","3582":"zer ","3583":"pama","3584":" zek","3585":"ldan","3586":"azsa","3587":"umhu","3588":"var\u0131","3589":"cumh","3590":"raf ","3591":"vgil","3592":" al ","3593":"sama","3594":" kem","3595":"i\u0307lk","3596":"ktu ","3597":"ikti","3598":"er\u015fe","3599":"\u00f6z\u00fcr","3600":"li\u015ft","3601":"iyan","3602":"ketl","3603":" s\u0131c","3604":"apat","3605":"viri","3606":"eyaz","3607":"enti","3608":"uriy","3609":"zl\u0131 ","3610":"nrak","3611":" ev ","3612":"aksa","3613":"rac\u0131","3614":"det ","3615":"orlu","3616":"d\u00fcrm","3617":"vlet","3618":"soka","3619":"rl\u0131\u011f","3620":"inda","3621":"\u00fcz\u00fc ","3622":"ikat","3623":"seri","3624":"ya\u011fm","3625":"dayd","3626":"ram ","3627":"siyl","3628":" oto","3629":"t\u00fcre","3630":"avun","3631":" ted","3632":"leml","3633":"yumu","3634":"latt","3635":"\u00f6kte","3636":"s\u0131zc","3637":"laz\u0131","3638":" mod","3639":"sara","3640":" \u00fcni","3641":"rili","3642":"g\u00f6kt","3643":"ho\u015f ","3644":"lers","3645":" aff","3646":"b\u0131n ","3647":"\u0131r\u0131n","3648":"spos","3649":" adl","3650":"y\u00fczy","3651":" d\u00f6v","3652":"lkel","3653":"bam ","3654":"kt\u0131m","3655":"olcu","3656":"lurd","3657":"ilsi","3658":"kt\u00f6r","3659":"albi","3660":"park","3661":"l\u0131n\u0131","3662":"spor","3663":"y\u00fckl","3664":" ism","3665":"s\u00fcrd","3666":"opra","3667":"vde ","3668":"\u00fcmk\u00fc","3669":"uru ","3670":"sani","3671":"y\u00fcz ","3672":"air ","3673":" \u015fir","3674":"amac","3675":"\u00fcste","3676":" \u00fcre","3677":"rsek","3678":" an\u0131","3679":"saye","3680":"m\u00fcmk","3681":" ey ","3682":"eyiz","3683":"nmed","3684":"ebek","3685":"k\u0131p ","3686":"hede","3687":"form","3688":"\u00fcst ","3689":"kede","3690":"itmi","3691":"mk\u00fcn","3692":"\u00fczle","3693":"m\u00fc\u015ft","3694":"ruhu","3695":"uncu","3696":"z\u00fcr ","3697":"dula","3698":"\u0131lac","3699":"ton ","3700":"aksi","3701":"k\u00e7e ","3702":"yolc","3703":"gizl","3704":"dird","3705":"nmam","3706":"emme","3707":"affe","3708":"sak\u0131","3709":"\u015f\u0131r\u0131","3710":"urba","3711":"ste ","3712":" bes","3713":"seyi","3714":"eris","3715":"zy\u0131l","3716":"prog","3717":"hir ","3718":"ilya","3719":"vini","3720":"atli","3721":"a\u015fan","3722":"i\u015fiy","3723":"sanm","3724":"et\u00e7i","3725":"ttil","3726":"itel","3727":" sig","3728":" ene","3729":"m\u00fcke","3730":"ayes","3731":" \u00fcr\u00fc","3732":"ld\u0131z","3733":"mmel","3734":"\u015ftim","3735":"zled","3736":"\u00e7ine","3737":"p\u00e7il","3738":"ktad","3739":"eneb","3740":"atar","3741":"kese","3742":"erji","3743":"rd\u00fcn","3744":"ride","3745":" vaz","3746":"mimi","3747":" buy","3748":"rli\u011f","3749":" aca","3750":"m\u00fczd","3751":"osun","3752":" suy","3753":" alk","3754":" \u00f6l\u00e7","3755":"\u00fcd\u00fcr","3756":"\u015fl\u0131 ","3757":" fal","3758":"\u00fczy\u0131","3759":" val","3760":"i\u0307br","3761":"kma ","3762":"rogr","3763":"bay\u0131","3764":"rahi","3765":" ar\u0131","3766":"d\u0131m\u0131","3767":"atte","3768":"tre ","3769":"rdu\u011f","3770":"k\u0131zl","3771":" new","3772":"o\u011fal","3773":" iba","3774":"kemm","3775":"rsiz","3776":"mana","3777":"ilet","3778":"ruyu","3779":"kirl","3780":" rob","3781":"ikta","3782":"a\u015fk\u0131","3783":"tor ","3784":" el\u00e7","3785":"t\u0131rd","3786":"hedi","3787":"tap\u0131","3788":"lis ","3789":"k\u0131s\u0131","3790":"\u00e7ene","3791":"turm","3792":"yye ","3793":"ilis","3794":" y ","3795":"saki","3796":"hmet","3797":"arm\u0131","3798":"\u00fckem","3799":"r\u00fc\u015f\u00fc","3800":"yorm","3801":"atik","3802":"lden","3803":"amet","3804":"i\u00e7im","3805":" dar","3806":" nes","3807":"ysa ","3808":"kip ","3809":"rs\u0131z","3810":"eri\u015f","3811":"ukar","3812":"l\u0131l\u0131","3813":"kl\u0131\u011f","3814":"yazm","3815":"ense","3816":"ert ","3817":"rkun","3818":"nc\u0131 ","3819":"lus ","3820":"zanm","3821":"pmad","3822":"\u00fclme","3823":"\u00f6t\u00fcl","3824":" pis","3825":"p\u0131lm","3826":"mlu ","3827":"\u0307bra","3828":" ait","3829":"m\u00fczi","3830":"\u0131rad","3831":"sten","3832":"bele","3833":"arin","3834":"vakt","3835":"anal","3836":"rduk","3837":"ukta","3838":" nam","3839":"n\u00e7le","3840":"\u0131r\u0131r","3841":"sizd","3842":"evim","3843":"lekt","3844":" m\u00fcs","3845":"rk\u0131 ","3846":"alka","3847":"pan ","3848":"a\u011fr\u0131","3849":"umur","3850":" tay","3851":"kekl","3852":" mel","3853":"resm","3854":"pal\u0131","3855":"nucu","3856":"yold","3857":"esar","3858":"iyen","3859":"dala","3860":"c\u0131m ","3861":"mik ","3862":" so\u011f","3863":"rab ","3864":" pet","3865":"rara","3866":"topr","3867":"ezsi","3868":"her\u015f","3869":"dada","3870":" evr","3871":"koya","3872":"\u011f\u0131\u015fl","3873":"u\u015fla","3874":"leys","3875":"nli\u011f","3876":"an\u0131k","3877":"\u00f6z\u00fc ","3878":"sit ","3879":"k\u00fcn ","3880":"i\u0307\u00e7i","3881":"eled","3882":"esiz","3883":"imet","3884":"eyde","3885":"\u015funl","3886":"ikme","3887":"ekse","3888":"edek","3889":"\u00fcnt\u00fc","3890":"\u0131rac","3891":"ydan","3892":"\u00fc\u00e7le","3893":"yden","3894":"ulac","3895":" \u015fap","3896":"zakl","3897":"ffy ","3898":"idi ","3899":"sank","3900":"sefe","3901":"asal","3902":"kuyu","3903":"idin","3904":"isel","3905":"zlik","3906":"e\u015fme","3907":"eni\u015f","3908":" pi\u015f","3909":" iti","3910":"apka","3911":"edel","3912":"ang\u0131","3913":"edef","3914":"ndu\u011f","3915":"n\u0131tl","3916":"zar ","3917":"norm","3918":"ansl","3919":" ham","3920":"e\u00e7im","3921":" hel","3922":"alak","3923":"tun ","3924":"redd","3925":"\u00e7\u00f6z\u00fc","3926":"pars","3927":" \u00e7e\u015f","3928":"rce ","3929":"heye","3930":"hset","3931":"zg\u00fcr","3932":"na\u011f\u0131","3933":"rdun","3934":"pma ","3935":"enem","3936":"sa\u011f ","3937":"\u0131s\u0131r","3938":"yuka","3939":"akit","3940":"rene","3941":"sare","3942":"m\u0131nd","3943":"sihi","3944":"cam ","3945":"dale","3946":"yenl","3947":"\u015fele","3948":"\u015fuyo","3949":"adas","3950":"terc","3951":"numa","3952":"anes","3953":"esiy","3954":"kine","3955":"avi ","3956":" vaa","3957":"ll\u0131k","3958":"ensi","3959":"muzu","3960":"\u0307lk ","3961":"ulu ","3962":"ko\u015fu","3963":"mile","3964":"\u0131\u015fan","3965":"gala","3966":" abi","3967":"kapt","3968":"\u00e7aba","3969":"nive","3970":"neni","3971":"\u00f6nme","3972":"usur","3973":" avu","3974":"nerj","3975":"etra","3976":"laha","3977":"larc","3978":"dunu","3979":"\u015feyd","3980":"efer","3981":"kent","3982":"\u00b0yi ","3983":" ekl","3984":" atl","3985":"nd\u0131m","3986":"tay\u0131","3987":"tarl","3988":"\u00fcl\u00fck","3989":"yava","3990":"zik ","3991":"parl","3992":"osya","3993":"ader","3994":"setm","3995":"detl","3996":"kuze","3997":"sesl","3998":"rmad","3999":"ffff","4000":" fen","4001":"apal","4002":"ven ","4003":"lunm","4004":"rets","4005":"uluy","4006":"mir ","4007":"renk","4008":"te\u011fi","4009":"ilse","4010":"ats\u0131","4011":"oydu","4012":"mekl","4013":"\u015fapk","4014":"nc\u00fc ","4015":"\u00e7e\u015fi","4016":"giyi","4017":"iya\u00e7","4018":"mati","4019":"nkle","4020":" \u00f6zl","4021":" eki","4022":"evri","4023":"ne\u015f ","4024":"tsiz","4025":"idip","4026":"ahil","4027":"i\u015fik","4028":"r\u0131\u015f\u0131","4029":"\u00fc\u015fma","4030":"suna","4031":"hsed","4032":"nt\u0131 ","4033":"\u00f6rec","4034":"bozu","4035":" not","4036":"tron","4037":"aatt","4038":" pas","4039":"kans","4040":"revi","4041":"\u015fmam","4042":"seyd","4043":"bask","4044":"pmas","4045":"nmad","4046":"musa","4047":"vlil","4048":"\u0131ra ","4049":" sef","4050":" m\u00fcc","4051":"rsam","4052":"rsat","4053":"sad\u0131","4054":"zeng","4055":" ayd","4056":"g\u0131la","4057":" car","4058":"\u00e7as\u0131","4059":"as\u0131r","4060":" in\u015f","4061":"nanl","4062":"\u00fcs\u00fcn","4063":"e\u015fke","4064":"gesi","4065":"t\u00fcrl","4066":" be ","4067":"tkis","4068":" deg","4069":"cisi","4070":"\u00fcr\u00fcm","4071":"rl\u0131y","4072":"caba","4073":"laka","4074":"\u00f6zl\u00fc","4075":"\u0131zd\u0131","4076":"gari","4077":"g\u00fc\u00e7 ","4078":"cesa","4079":" emr","4080":"ati ","4081":"naya","4082":"vuru","4083":"al\u0131p","4084":"cins","4085":"alga","4086":"atil","4087":"hudi","4088":"sell","4089":"nel ","4090":"culu","4091":"elil","4092":" \u00f6le","4093":"acab","4094":"onum","4095":"pm\u0131\u015f","4096":"gell","4097":"ansa","4098":"por ","4099":"\u00f6nle","4100":"\u015f\u0131\u011f\u0131","4101":"ste\u011f","4102":"\u00fcniv","4103":"\u015firk","4104":" kok","4105":"dave","4106":"vind","4107":"keni","4108":" num","4109":"ibad","4110":"dil ","4111":"emsi","4112":"ehri","4113":"esti","4114":"lum ","4115":"f\u0131rs","4116":"ylen","4117":"so\u011fu","4118":"tlak","4119":"\u015ft\u0131k","4120":"rsit","4121":"bayr","4122":"koym","4123":"n\u00fcll","4124":"yisi","4125":" kop","4126":"\u00e7ekm","4127":" etr","4128":"meyv","4129":"grup","4130":"in\u015fa","4131":" kuv","4132":"ostu","4133":"bank","4134":"lal\u0131","4135":"mezd","4136":"ynak","4137":"aati","4138":"\u00fcme ","4139":"rdak","4140":"dede","4141":"hats","4142":"\u0131ras","4143":" pre","4144":"yret","4145":"dalg","4146":"esap","4147":"derk","4148":"\u00e7i\u00e7e","4149":"\u0307ki ","4150":"eley","4151":" diz","4152":"nell","4153":"u\u015fuy","4154":" pen","4155":"eral","4156":"vvet","4157":"pt\u0131r","4158":"umak","4159":"d\u0131rd","4160":"rtes","4161":" isi","4162":" ye ","4163":"\u0131\u015f\u0131r","4164":"zana","4165":"k\u0131m ","4166":"tak ","4167":"nu\u015ft","4168":" fel","4169":"kmet","4170":"zley","4171":"rtla","4172":"asan","4173":"eyip","4174":"tine","4175":"ymak","4176":"ezdi","4177":"kutu","4178":"iple","4179":"ke\u015fk","4180":"lerc","4181":"esli","4182":"nd\u00fcr","4183":"iled","4184":" as\u0131","4185":"a\u011fmu","4186":"ile\u015f","4187":" k\u00fcr","4188":"c\u0131s\u0131","4189":"par ","4190":"zge\u00e7","4191":"art ","4192":"kuvv","4193":"arte","4194":"uvve","4195":" ha ","4196":"zine","4197":"ait ","4198":"oyma","4199":"irer","4200":" \u015fid","4201":"atac","4202":"\u015fke ","4203":"t\u00fcl\u00fc","4204":" sos","4205":"zd\u0131r","4206":"\u015fidd","4207":"o\u011fum","4208":"i\u011fe ","4209":"rlad","4210":"davi","4211":"l\u0131\u011fa","4212":"davu","4213":"nile","4214":"vaki","4215":"tema","4216":"\u0131ll\u0131","4217":"smin","4218":"\u011fl\u0131 ","4219":"\u011fmur","4220":"\u00e7\u0131n\u0131","4221":"tu\u011fu","4222":"\u011frul","4223":"ksiy","4224":"bire","4225":"bet ","4226":"\u015fken","4227":"ruhi","4228":"ndur","4229":"vazg","4230":"uhi ","4231":"azge","4232":"hazi","4233":"eyve","4234":" me\u015f","4235":"prak","4236":"nd\u00fcm","4237":"\u00fcll\u00fc","4238":"z\u0131nd","4239":"ezle","4240":"\u015f\u0131ma","4241":"anun","4242":"kayd","4243":"ses ","4244":"isle","4245":"aket","4246":"cenn","4247":"n\u0131rl","4248":"s\u00fcn ","4249":"m\u00fcz ","4250":"\u011fils","4251":"ns\u0131n","4252":"k\u00fcme","4253":"sab\u0131","4254":"flar","4255":"klik","4256":"raka","4257":"abuk","4258":"rafi","4259":"\u0307ste","4260":" aci","4261":"bam\u0131","4262":"kulu","4263":"rtma","4264":"\u011f\u0131yl","4265":"uzda","4266":"kanu","4267":"\u015fare","4268":"syal","4269":"gird","4270":"mant","4271":"kinl","4272":"zay\u0131","4273":"ulur","4274":" of ","4275":"etiy","4276":" a\u00e7a","4277":"erci","4278":"avet","4279":"peka","4280":"lme ","4281":"pt\u0131m","4282":" \u00e7i\u00e7","4283":"yd\u0131m","4284":" \u00f6\u011f\u00fc","4285":"bitt","4286":" to ","4287":"isay","4288":"rakl","4289":" sur","4290":"nluk","4291":"ktar","4292":"aatl","4293":"erem","4294":"\u015fehr","4295":" por","4296":" red","4297":"\u00e7ti ","4298":"\u00fclt\u00fc","4299":"\u0131\u011f\u0131y","4300":"nmem","4301":"\u015fl\u0131y","4302":"huri","4303":"lsay","4304":"rdek","4305":"\u015fkil","4306":"sil ","4307":"unuy","4308":"ites","4309":" bol","4310":"\u015ftu ","4311":"\u00e7\u0131la","4312":"\u015fitl","4313":"defa","4314":" eri","4315":"yili","4316":"yas\u0131","4317":"azal","4318":"\u00e7ird","4319":"yaba","4320":"kand","4321":"\u00fcs\u00fc ","4322":"ts\u0131z","4323":" uta","4324":"mi\u015fl","4325":"uzur","4326":" huz","4327":"nter","4328":"l\u0131rs","4329":"kled","4330":"mazd","4331":"huzu","4332":"rd\u0131k","4333":" att","4334":"acel","4335":"mali","4336":"sada","4337":"usa ","4338":"\u015fece","4339":"ire ","4340":"cas\u0131","4341":"al\u00e7a","4342":"e\u011fe ","4343":"\u00fcnc\u00fc","4344":"tion","4345":"ay\u0131t","4346":"savu","4347":"sorm","4348":"eric","4349":" az\u0131","4350":" a\u00e7t","4351":"lang","4352":"r\u0131r ","4353":"smi ","4354":"kilo","4355":"leyl","4356":"kezi","4357":"enec","4358":"liz ","4359":"rtak","4360":"mode","4361":"mazl","4362":"betm","4363":"baha","4364":"lcul","4365":"ekim","4366":"\u011flad","4367":" med","4368":"bina","4369":"mi\u015fi","4370":" yab","4371":"avru","4372":"klay","4373":"bo\u015fa","4374":"lusu","4375":"mine","4376":"zete","4377":"oya ","4378":"\u0131k\u0131y","4379":"\u00f6nel","4380":"vanl","4381":"yg\u0131 ","4382":"est ","4383":"kun\u00e7","4384":"r\u00e7al","4385":"\u015find","4386":"isan","4387":"\u015funa","4388":"zdek","4389":"lle ","4390":"tren","4391":"artm","4392":"mahk","4393":"cade","4394":"gisa","4395":" kre","4396":"vler","4397":"azma","4398":"ydin","4399":" v\u00fcc","4400":"erba","4401":"v\u00fccu","4402":"ndey","4403":"r\u00fcle","4404":"utul","4405":"eleb","4406":"i\u0307\u015fi","4407":"degi","4408":" i\u0307m","4409":"seye","4410":"rete","4411":"n\u0131la","4412":"cin ","4413":"y\u00fcce","4414":"lenc","4415":"kiml","4416":"uhaf","4417":"r\u00fcnm","4418":"efes","4419":"igar","4420":"\u00e7e\u011fi","4421":" sim","4422":"levi","4423":"rlat","4424":"r\u00fcn ","4425":"fler","4426":"m\u00fcca","4427":"ecel","4428":" di\u015f","4429":"yak ","4430":"t\u0131ld","4431":" y\u00fcc","4432":"yeyi","4433":"rali","4434":"\u00e7\u0131s\u0131","4435":" m\u0131y","4436":"\u015f\u0131m\u0131","4437":"rtal","4438":"ya\u011f\u0131","4439":"limd","4440":" yun","4441":"un\u00e7 ","4442":"k\u0131la","4443":"y\u00fcze","4444":"banc","4445":"u\u015fur","4446":"nd\u0131k","4447":"port","4448":"ail ","4449":"ahim","4450":"ktek","4451":"yola","4452":"\u011fra\u015f","4453":"nimi","4454":"n\u0131d\u0131","4455":"ner ","4456":" zih","4457":"\u011f\u0131r ","4458":" sus","4459":"hikm","4460":"yatl","4461":"rur ","4462":"usla","4463":"fiya","4464":"yede","4465":"nlan","4466":"\u00e7isi","4467":" abd","4468":" te ","4469":"orgu","4470":"\u00fccad","4471":"\u00fcre\u011f","4472":"onom","4473":" zev","4474":"patl","4475":"yans","4476":"isli","4477":"ektu","4478":"ikis","4479":"k\u0131\u015f\u0131","4480":"essi","4481":"rens","4482":"remi","4483":"kit ","4484":"dans","4485":" jap","4486":"usal","4487":"ryye","4488":" fiy","4489":"l\u0131na","4490":"kars","4491":"e\u015fi ","4492":"kurb","4493":" al\u00e7","4494":"rdil","4495":"nd\u00fc ","4496":"eyer","4497":"lk\u0131\u015f","4498":"z\u0131n\u0131","4499":" uyk","4500":"nada","4501":" i\u015fa","4502":"neri","4503":"\u015fk\u0131n","4504":"y\u00fczl","4505":"tlan","4506":"\u00fcn\u00fcr","4507":"lat ","4508":" bi\u00e7","4509":"uyku","4510":"test","4511":"\u00fcrki","4512":" aye","4513":"dava","4514":"\u00fcr\u00fcz","4515":" h\u00fcc","4516":"buk ","4517":"ybed","4518":"om\u015fu","4519":"bizd","4520":"ektr","4521":"kom\u015f","4522":"ahmi","4523":"i\u015far","4524":"ls\u0131n","4525":"etik","4526":" arz","4527":"nnes","4528":"nm\u00fcy","4529":"\u00f6fke","4530":"se\u00e7e","4531":"per ","4532":"\u0131s\u0131z","4533":"gaze","4534":"t\u00fcne","4535":"iri\u015f","4536":" \u00f6fk","4537":"zinl","4538":"irti","4539":"tula","4540":"neys","4541":"lu\u015fu","4542":"stra","4543":"ekin","4544":"rik ","4545":"nuzu","4546":" naz","4547":"tl\u0131 ","4548":"y\u00f6nt","4549":"yeca","4550":"dahi","4551":"ceki","4552":"bo\u015f ","4553":"edav","4554":"\u00f6l\u00e7\u00fc","4555":"pta ","4556":"rban","4557":"rmas","4558":"azet","4559":"salo","4560":"iyas","4561":"\u00f6nte","4562":"linc","4563":" gur","4564":" mon","4565":"\u00fcr\u00fcr","4566":"hmin","4567":"ecan","4568":"tbol","4569":"\u00e7iyo","4570":"nula","4571":"rtt\u0131","4572":" ani","4573":"nuna","4574":"kmek","4575":" duv","4576":"erne","4577":"pman","4578":"suyu","4579":"ucun","4580":"duva","4581":"new ","4582":"terk","4583":" mac","4584":"i\u0307n ","4585":"fer ","4586":" \u00fc\u00e7\u00fc","4587":"a\u00e7\u0131r","4588":"kemi","4589":"kerl","4590":"vin ","4591":"ebe\u011f","4592":" pe\u015f","4593":"n\u0131ma","4594":"tepe","4595":"rta ","4596":"dal\u0131","4597":"omik","4598":"sosy","4599":"\u015fekl","4600":"asi ","4601":" k\u00fcl","4602":"\u011fal ","4603":"iyis","4604":"iyiy","4605":"iyse","4606":"van ","4607":"d\u00fcre","4608":"n\u0131\u015fl","4609":"a\u011f\u0131t","4610":"ntem","4611":"ndal","4612":"klad","4613":"zan\u0131","4614":" mev","4615":" muy","4616":"icin","4617":"\u00f6pek","4618":"\u015fta ","4619":"\u00e7iri","4620":"kul ","4621":"numu","4622":"\u00e7abu","4623":"\u011fimd","4624":"ohn ","4625":"ela ","4626":"nett","4627":" \u00e7in","4628":"al\u0131d","4629":"elip","4630":"\u011f\u00fcm\u00fc","4631":"ebep","4632":"yici","4633":"\u00fcyle","4634":"\u0131lam","4635":"\u00e7\u0131k\u00e7","4636":"ene\u011f","4637":"ira ","4638":" u\u00e7a","4639":"kudu","4640":"d\u00f6v\u00fc","4641":"abay","4642":"r\u00fcnt","4643":"be\u011fi","4644":"\u015fm\u0131\u015f","4645":"varm","4646":"guru","4647":" hoc","4648":"d\u00fc\u015ft","4649":"heri","4650":" fir","4651":"rkiy","4652":" may","4653":"nces","4654":"al\u0131l","4655":"r\u0131\u015f ","4656":"anad","4657":"siga","4658":"hoca","4659":"\u00f6ren","4660":"edip","4661":"nced","4662":"tahm","4663":"\u0131k\u0131\u015f","4664":"denk","4665":"tern","4666":"ikal","4667":"kasa","4668":"lizc","4669":"rgan","4670":"rmam","4671":"stas","4672":"bils","4673":"gin\u00e7","4674":"\u015f\u0131kl","4675":"emnu","4676":"dana","4677":"tard","4678":"zevk","4679":" dam","4680":" d ","4681":"nsin","4682":"one ","4683":"yles","4684":"eyem","4685":"\u0131r\u0131k","4686":"ula ","4687":"mnun","4688":"tarz","4689":"tira","4690":"revl","4691":"t\u00fcnd","4692":"han ","4693":"\u00f6dem","4694":"roje","4695":"rucu","4696":"at\u0131\u015f","4697":" kri","4698":"t\u00fcle","4699":"ulab","4700":"hak ","4701":"cula","4702":"eyla","4703":"\u011f\u0131md","4704":"ikel","4705":"miye","4706":" ked","4707":"memn","4708":"alad","4709":"tece","4710":"meyd","4711":"yuna","4712":"dind","4713":"uklu","4714":"otla","4715":"ahme","4716":"n\u0131\u015ft","4717":"ocam","4718":"blem","4719":"igin","4720":"nime","4721":"u\u00e7lu","4722":" dep","4723":"d\u0131na","4724":"va\u015f\u0131","4725":"stik","4726":"\u00f6zde","4727":"\u011f\u00fcnd","4728":"prob","4729":"ydim","4730":"etil","4731":"r\u0131\u015ft","4732":"nkar","4733":" eko","4734":"prof","4735":" g\u00f6l","4736":"tarm","4737":"\u0131ran","4738":"zala","4739":" fin","4740":"utun","4741":"stel","4742":"nat ","4743":"t\u0131\u015fm","4744":"turd","4745":"pmal","4746":"eyic","4747":"ikan","4748":"tapl","4749":"rade","4750":"ist ","4751":"ekno","4752":"vali","4753":" s\u0131\u011f","4754":"alko","4755":"oble","4756":"ndu ","4757":"\u00f6d\u00fcl","4758":" bec","4759":"lg\u0131n","4760":"anna","4761":"madd","4762":"ask\u0131","4763":"lges","4764":"ydum","4765":"b\u0131n\u0131","4766":" cam","4767":"tasy","4768":"azab","4769":"amin","4770":"eyel","4771":"nomi","4772":"nolo","4773":"\u0131rda","4774":"vata","4775":"izdi","4776":"han\u0131","4777":"uzey","4778":"ekt\u00f6","4779":"klin","4780":"d\u00fc\u015fe","4781":"\u00e7eke","4782":"ssiz","4783":"eyda","4784":"k\u0131ya","4785":" bac","4786":"bird","4787":"yunl","4788":"bat\u0131","4789":"stla","4790":"\u0131\u015f\u0131\u011f","4791":"am\u0131m","4792":"alk ","4793":"a\u011fan","4794":"lk\u0131n","4795":"ulmu","4796":"\u00fcr\u00fcs","4797":"suza","4798":"ncek","4799":"\u00fcley","4800":"arta","4801":"robl","4802":"nal ","4803":" fut","4804":"baca","4805":"him ","4806":"i\u0307na","4807":" \u00f6\u011fl","4808":"ulda","4809":"mavi","4810":" sit","4811":"ayin","4812":"\u00f6\u011fle","4813":" ton","4814":" gol","4815":"as\u0131z","4816":"ml\u0131 ","4817":"st\u00fc ","4818":"nu\u00e7l","4819":"ger ","4820":" k\u00f6y","4821":"ktas","4822":"kade","4823":"ka\u00e7a","4824":"a\u011fa\u00e7","4825":"koyd","4826":"an\u0131d","4827":"ibar","4828":"ratt","4829":"\u0131ls\u0131","4830":"\u015fmel","4831":"lonu","4832":"kono","4833":"maki","4834":"\u015f\u0131r ","4835":"munu","4836":"stle","4837":"m\u0131\u015fl","4838":"ybol","4839":"km\u0131\u015f","4840":"\u011fl\u0131y","4841":"kuya","4842":"ther","4843":"aybo","4844":"ruya","4845":"\u015fanl","4846":"h\u00fccr","4847":"isiy","4848":"play","4849":"nite","4850":"ares","4851":"edde","4852":"teda","4853":"digi","4854":"orka","4855":"\u015fikl","4856":"nna ","4857":"ynam","4858":"\u0131kan","4859":" k\u00f6r","4860":"ayre","4861":"lekl","4862":"kalp","4863":"asin","4864":"atam","4865":"irad","4866":"lenl","4867":"ik\u00e7e","4868":"hret","4869":"k\u0131na","4870":"i\u00e7me","4871":"urac","4872":"saka","4873":" erd","4874":"tond","4875":"nam\u0131","4876":"g\u00f6ze","4877":"lla ","4878":" el ","4879":"knol","4880":"tukl","4881":"\u00fcz\u00fcl","4882":"tulu","4883":"fas\u0131","4884":" vat","4885":"sile","4886":"ar\u0131z","4887":" tad","4888":"rsem","4889":"saj ","4890":"alda","4891":"kete","4892":"umut","4893":"kedi","4894":"omla","4895":"yman","4896":"onya","4897":"ura ","4898":"lyar","4899":"iyes","4900":"da\u015f ","4901":"d\u00fcrd","4902":"ekon","4903":"\u00f6kle","4904":"esme","4905":"taly","4906":"rlem","4907":"\u011funl","4908":"\u015ftan","4909":"\u011f\u00fcn ","4910":" i\u00e7m","4911":"mikt","4912":"azin","4913":" mav","4914":" men","4915":"irey","4916":"iyer","4917":" no ","4918":" ley","4919":"slen","4920":"lula","4921":"ld\u0131n","4922":"ahre","4923":"lmel","4924":"utum","4925":"i\u015fma","4926":"stum","4927":"c\u0131n ","4928":"esen","4929":" at ","4930":" tre","4931":"rt\u0131r","4932":"sa\u00e7\u0131","4933":"\u011fan ","4934":"sa\u00e7m","4935":" ekm","4936":"renl","4937":"ney ","4938":"uzlu","4939":" t\u0131p","4940":" mor","4941":"r\u00fcz ","4942":" m\u00fcd","4943":"\u00f6n\u00fcm","4944":"sora","4945":"afla","4946":"beyi","4947":"pe\u015fi","4948":" cok","4949":"rtam","4950":"esmi","4951":"lide","4952":" tim","4953":"r\u00e7as","4954":"lgel","4955":" m\u00fct","4956":"derg","4957":"oca ","4958":" rek","4959":"rd\u00fck","4960":"vesi","4961":"seks","4962":"\u00f6rm\u00fc","4963":"cret","4964":"apis","4965":"\u00fcc\u00fcn","4966":"cil ","4967":"ay\u0131\u015f","4968":"sant","4969":" fiz","4970":" lin","4971":"cere","4972":"okud","4973":"urlu","4974":"rere","4975":"ntin","4976":"\u015fen ","4977":"dikt","4978":"nlu\u011f","4979":"artt","4980":"kapl","4981":" kum","4982":"mira","4983":"cok ","4984":" \u00fccr","4985":" t\u00fck","4986":"inte","4987":"kari","4988":"onul","4989":" \u00f6te","4990":"rkuy","4991":"esil","4992":"yile","4993":" cha","4994":"burd","4995":"lima","4996":"rime","4997":"yiyi","4998":"amir","4999":"ate "}}